player_name,player_id,team,opponent,is_home,game_id,stat,line,market_line,book,market_over_odds,market_under_odds,market_no_vig_over_prob,pmf_source,calibration_source,cal_source,role_bucket,role_source,minutes_mean,minutes_q50,p_inactive_used,mean,pmf_mean,median,mode,p0,p_ge_1,p_ge_2,p_ge_3,p_ge_4,p_ge_5,p_ge_6,p_ge_7,p_ge_8,p_ge_9,p_ge_10,p_ge_11,p_ge_12,p_ge_13,p_ge_14,p_ge_15,p_ge_16,p_ge_17,p_ge_18,p_ge_19,p_ge_20,p_over,fair_over_odds_american,fair_under_odds_american,edge,snapshot_type,snapshot_time_utc,model_version,pipeline_run_id,pmf_valid,pmf_sum_error,calibration_confidence,market_coverage_status,tov_status,injury_freshness_status,lineup_freshness_status,role_freshness_status,injury_context_source,injury_report_fetched_at_utc,expected_lineup_status,official_lineup_status,lineup_source,line_source
Jaylin Williams,38017706,OKC,SAS,True,21713534,pa,5.5,5.5,bovada,-240,175,0.66,"stat_grid:component_convolution_mean_coherent_v1+components[pts:pmf_sim_v1+role_aware_pmf_cal_v1:rotation+monotone_pit_cdf_v1,ast:pmf_sim_v1+role_aware_pmf_cal_v1:rotation+monotone_pit_cdf_v1]+prior_combo[joint_sampler_v1+joint_combo_pmf_v1+role_aware_pmf_cal_v1:rotation+monotone_pit_cdf_v1]+stat_grid_final_component_convolution_mean_coherent_v1",phase8_role_aware_pmf_cal_v1+monotone_inactive_global_v1,phase8_pmf_cal,rotation,derived_from_projected_minutes,18.0938,17.5655,0.05,8.0322,8.0322,8,7,0.0198,0.9802,0.9483,0.8852,0.8256,0.7577,0.6774,0.5908,0.5005,0.4135,0.3374,0.2689,0.2102,0.1633,0.1234,0.092,0.0673,0.049,0.0351,0.0264,0.02,0.6774,-210.0,210.0,0.0174,morning,2026-05-30T16:51:22Z,494a3e93#phase10c,51235cba-0b50-441b-a7aa-b0e5bef2d559,ok,0.0,high,full,current_phase8,fallback_used,projected,derived_from_projected_minutes,bdl_plus_nba_official,2026-05-30T16:50:26Z,projected,not_available_yet,bdl_lineup_freshness_manifest,market_offered
Jaylin Williams,38017706,OKC,SAS,True,21713534,pa,6.5,6.5,draftkings,-130,-101,0.5294,"stat_grid:component_convolution_mean_coherent_v1+components[pts:pmf_sim_v1+role_aware_pmf_cal_v1:rotation+monotone_pit_cdf_v1,ast:pmf_sim_v1+role_aware_pmf_cal_v1:rotation+monotone_pit_cdf_v1]+prior_combo[joint_sampler_v1+joint_combo_pmf_v1+role_aware_pmf_cal_v1:rotation+monotone_pit_cdf_v1]+stat_grid_final_component_convolution_mean_coherent_v1",phase8_role_aware_pmf_cal_v1+monotone_inactive_global_v1,phase8_pmf_cal,rotation,derived_from_projected_minutes,18.0938,17.5655,0.05,8.0322,8.0322,8,7,0.0198,0.9802,0.9483,0.8852,0.8256,0.7577,0.6774,0.5908,0.5005,0.4135,0.3374,0.2689,0.2102,0.1633,0.1234,0.092,0.0673,0.049,0.0351,0.0264,0.02,0.5908,-144.0,144.0,0.0614,morning,2026-05-30T16:51:22Z,494a3e93#phase10c,51235cba-0b50-441b-a7aa-b0e5bef2d559,ok,0.0,high,full,current_phase8,fallback_used,projected,derived_from_projected_minutes,bdl_plus_nba_official,2026-05-30T16:50:26Z,projected,not_available_yet,bdl_lineup_freshness_manifest,market_offered
Jaylin Williams,38017706,OKC,SAS,True,21713534,pa,6.5,6.5,hardrockbet_az,-125,-105,0.5203,"stat_grid:component_convolution_mean_coherent_v1+components[pts:pmf_sim_v1+role_aware_pmf_cal_v1:rotation+monotone_pit_cdf_v1,ast:pmf_sim_v1+role_aware_pmf_cal_v1:rotation+monotone_pit_cdf_v1]+prior_combo[joint_sampler_v1+joint_combo_pmf_v1+role_aware_pmf_cal_v1:rotation+monotone_pit_cdf_v1]+stat_grid_final_component_convolution_mean_coherent_v1",phase8_role_aware_pmf_cal_v1+monotone_inactive_global_v1,phase8_pmf_cal,rotation,derived_from_projected_minutes,18.0938,17.5655,0.05,8.0322,8.0322,8,7,0.0198,0.9802,0.9483,0.8852,0.8256,0.7577,0.6774,0.5908,0.5005,0.4135,0.3374,0.2689,0.2102,0.1633,0.1234,0.092,0.0673,0.049,0.0351,0.0264,0.02,0.5908,-144.0,144.0,0.0705,morning,2026-05-30T16:51:22Z,494a3e93#phase10c,51235cba-0b50-441b-a7aa-b0e5bef2d559,ok,0.0,high,full,current_phase8,fallback_used,projected,derived_from_projected_minutes,bdl_plus_nba_official,2026-05-30T16:50:26Z,projected,not_available_yet,bdl_lineup_freshness_manifest,market_offered
Jaylin Williams,38017706,OKC,SAS,True,21713534,pa,6.5,6.5,hardrockbet,-125,-105,0.5203,"stat_grid:component_convolution_mean_coherent_v1+components[pts:pmf_sim_v1+role_aware_pmf_cal_v1:rotation+monotone_pit_cdf_v1,ast:pmf_sim_v1+role_aware_pmf_cal_v1:rotation+monotone_pit_cdf_v1]+prior_combo[joint_sampler_v1+joint_combo_pmf_v1+role_aware_pmf_cal_v1:rotation+monotone_pit_cdf_v1]+stat_grid_final_component_convolution_mean_coherent_v1",phase8_role_aware_pmf_cal_v1+monotone_inactive_global_v1,phase8_pmf_cal,rotation,derived_from_projected_minutes,18.0938,17.5655,0.05,8.0322,8.0322,8,7,0.0198,0.9802,0.9483,0.8852,0.8256,0.7577,0.6774,0.5908,0.5005,0.4135,0.3374,0.2689,0.2102,0.1633,0.1234,0.092,0.0673,0.049,0.0351,0.0264,0.02,0.5908,-144.0,144.0,0.0705,morning,2026-05-30T16:51:22Z,494a3e93#phase10c,51235cba-0b50-441b-a7aa-b0e5bef2d559,ok,0.0,high,full,current_phase8,fallback_used,projected,derived_from_projected_minutes,bdl_plus_nba_official,2026-05-30T16:50:26Z,projected,not_available_yet,bdl_lineup_freshness_manifest,market_offered
Jaylin Williams,38017706,OKC,SAS,True,21713534,pa,6.5,6.5,hardrockbet_fl,-125,-105,0.5203,"stat_grid:component_convolution_mean_coherent_v1+components[pts:pmf_sim_v1+role_aware_pmf_cal_v1:rotation+monotone_pit_cdf_v1,ast:pmf_sim_v1+role_aware_pmf_cal_v1:rotation+monotone_pit_cdf_v1]+prior_combo[joint_sampler_v1+joint_combo_pmf_v1+role_aware_pmf_cal_v1:rotation+monotone_pit_cdf_v1]+stat_grid_final_component_convolution_mean_coherent_v1",phase8_role_aware_pmf_cal_v1+monotone_inactive_global_v1,phase8_pmf_cal,rotation,derived_from_projected_minutes,18.0938,17.5655,0.05,8.0322,8.0322,8,7,0.0198,0.9802,0.9483,0.8852,0.8256,0.7577,0.6774,0.5908,0.5005,0.4135,0.3374,0.2689,0.2102,0.1633,0.1234,0.092,0.0673,0.049,0.0351,0.0264,0.02,0.5908,-144.0,144.0,0.0705,morning,2026-05-30T16:51:22Z,494a3e93#phase10c,51235cba-0b50-441b-a7aa-b0e5bef2d559,ok,0.0,high,full,current_phase8,fallback_used,projected,derived_from_projected_minutes,bdl_plus_nba_official,2026-05-30T16:50:26Z,projected,not_available_yet,bdl_lineup_freshness_manifest,market_offered
Jaylin Williams,38017706,OKC,SAS,True,21713534,pa,6.5,6.5,fliff,-135,-110,0.5231,"stat_grid:component_convolution_mean_coherent_v1+components[pts:pmf_sim_v1+role_aware_pmf_cal_v1:rotation+monotone_pit_cdf_v1,ast:pmf_sim_v1+role_aware_pmf_cal_v1:rotation+monotone_pit_cdf_v1]+prior_combo[joint_sampler_v1+joint_combo_pmf_v1+role_aware_pmf_cal_v1:rotation+monotone_pit_cdf_v1]+stat_grid_final_component_convolution_mean_coherent_v1",phase8_role_aware_pmf_cal_v1+monotone_inactive_global_v1,phase8_pmf_cal,rotation,derived_from_projected_minutes,18.0938,17.5655,0.05,8.0322,8.0322,8,7,0.0198,0.9802,0.9483,0.8852,0.8256,0.7577,0.6774,0.5908,0.5005,0.4135,0.3374,0.2689,0.2102,0.1633,0.1234,0.092,0.0673,0.049,0.0351,0.0264,0.02,0.5908,-144.0,144.0,0.0677,morning,2026-05-30T16:51:22Z,494a3e93#phase10c,51235cba-0b50-441b-a7aa-b0e5bef2d559,ok,0.0,high,full,current_phase8,fallback_used,projected,derived_from_projected_minutes,bdl_plus_nba_official,2026-05-30T16:50:26Z,projected,not_available_yet,bdl_lineup_freshness_manifest,market_offered
Jaylin Williams,38017706,OKC,SAS,True,21713534,pr,8.5,8.5,fanduel,-130,-102,0.5282,"stat_grid:component_convolution_mean_coherent_v1+components[pts:pmf_sim_v1+role_aware_pmf_cal_v1:rotation+monotone_pit_cdf_v1,reb:pmf_sim_v1+role_aware_pmf_cal_v1:rotation+monotone_pit_cdf_v1]+prior_combo[joint_sampler_v1+joint_combo_pmf_v1+role_aware_pmf_cal_v1:rotation+monotone_pit_cdf_v1]+stat_grid_final_component_convolution_mean_coherent_v1",phase8_role_aware_pmf_cal_v1+monotone_inactive_global_v1,phase8_pmf_cal,rotation,derived_from_projected_minutes,18.0938,17.5655,0.05,10.6893,10.6893,10,9,0.0036,0.9964,0.9882,0.9741,0.9461,0.9052,0.8511,0.7885,0.7179,0.6397,0.5578,0.476,0.398,0.3266,0.263,0.2082,0.1623,0.1243,0.0939,0.07,0.0518,0.6397,-178.0,178.0,0.1115,morning,2026-05-30T16:51:22Z,494a3e93#phase10c,51235cba-0b50-441b-a7aa-b0e5bef2d559,ok,0.0,high,full,current_phase8,fallback_used,projected,derived_from_projected_minutes,bdl_plus_nba_official,2026-05-30T16:50:26Z,projected,not_available_yet,bdl_lineup_freshness_manifest,market_offered
Jaylin Williams,38017706,OKC,SAS,True,21713534,pr,14.5,14.5,fanduel,450,-800,0.1698,"stat_grid:component_convolution_mean_coherent_v1+components[pts:pmf_sim_v1+role_aware_pmf_cal_v1:rotation+monotone_pit_cdf_v1,reb:pmf_sim_v1+role_aware_pmf_cal_v1:rotation+monotone_pit_cdf_v1]+prior_combo[joint_sampler_v1+joint_combo_pmf_v1+role_aware_pmf_cal_v1:rotation+monotone_pit_cdf_v1]+stat_grid_final_component_convolution_mean_coherent_v1",phase8_role_aware_pmf_cal_v1+monotone_inactive_global_v1,phase8_pmf_cal,rotation,derived_from_projected_minutes,18.0938,17.5655,0.05,10.6893,10.6893,10,9,0.0036,0.9964,0.9882,0.9741,0.9461,0.9052,0.8511,0.7885,0.7179,0.6397,0.5578,0.476,0.398,0.3266,0.263,0.2082,0.1623,0.1243,0.0939,0.07,0.0518,0.2082,380.0,-380.0,0.0384,morning,2026-05-30T16:51:22Z,494a3e93#phase10c,51235cba-0b50-441b-a7aa-b0e5bef2d559,ok,0.0,high,full,current_phase8,fallback_used,projected,derived_from_projected_minutes,bdl_plus_nba_official,2026-05-30T16:50:26Z,projected,not_available_yet,bdl_lineup_freshness_manifest,market_offered
Jaylin Williams,38017706,OKC,SAS,True,21713534,pr,13.5,13.5,fanduel,350,-550,0.208,"stat_grid:component_convolution_mean_coherent_v1+components[pts:pmf_sim_v1+role_aware_pmf_cal_v1:rotation+monotone_pit_cdf_v1,reb:pmf_sim_v1+role_aware_pmf_cal_v1:rotation+monotone_pit_cdf_v1]+prior_combo[joint_sampler_v1+joint_combo_pmf_v1+role_aware_pmf_cal_v1:rotation+monotone_pit_cdf_v1]+stat_grid_final_component_convolution_mean_coherent_v1",phase8_role_aware_pmf_cal_v1+monotone_inactive_global_v1,phase8_pmf_cal,rotation,derived_from_projected_minutes,18.0938,17.5655,0.05,10.6893,10.6893,10,9,0.0036,0.9964,0.9882,0.9741,0.9461,0.9052,0.8511,0.7885,0.7179,0.6397,0.5578,0.476,0.398,0.3266,0.263,0.2082,0.1623,0.1243,0.0939,0.07,0.0518,0.263,280.0,-280.0,0.055,morning,2026-05-30T16:51:22Z,494a3e93#phase10c,51235cba-0b50-441b-a7aa-b0e5bef2d559,ok,0.0,high,full,current_phase8,fallback_used,projected,derived_from_projected_minutes,bdl_plus_nba_official,2026-05-30T16:50:26Z,projected,not_available_yet,bdl_lineup_freshness_manifest,market_offered
Jaylin Williams,38017706,OKC,SAS,True,21713534,pr,12.5,12.5,fanduel,270,-400,0.2525,"stat_grid:component_convolution_mean_coherent_v1+components[pts:pmf_sim_v1+role_aware_pmf_cal_v1:rotation+monotone_pit_cdf_v1,reb:pmf_sim_v1+role_aware_pmf_cal_v1:rotation+monotone_pit_cdf_v1]+prior_combo[joint_sampler_v1+joint_combo_pmf_v1+role_aware_pmf_cal_v1:rotation+monotone_pit_cdf_v1]+stat_grid_final_component_convolution_mean_coherent_v1",phase8_role_aware_pmf_cal_v1+monotone_inactive_global_v1,phase8_pmf_cal,rotation,derived_from_projected_minutes,18.0938,17.5655,0.05,10.6893,10.6893,10,9,0.0036,0.9964,0.9882,0.9741,0.9461,0.9052,0.8511,0.7885,0.7179,0.6397,0.5578,0.476,0.398,0.3266,0.263,0.2082,0.1623,0.1243,0.0939,0.07,0.0518,0.3266,206.0,-206.0,0.0741,morning,2026-05-30T16:51:22Z,494a3e93#phase10c,51235cba-0b50-441b-a7aa-b0e5bef2d559,ok,0.0,high,full,current_phase8,fallback_used,projected,derived_from_projected_minutes,bdl_plus_nba_official,2026-05-30T16:50:26Z,projected,not_available_yet,bdl_lineup_freshness_manifest,market_offered
Jaylin Williams,38017706,OKC,SAS,True,21713534,pr,11.5,11.5,fanduel,200,-280,0.3115,"stat_grid:component_convolution_mean_coherent_v1+components[pts:pmf_sim_v1+role_aware_pmf_cal_v1:rotation+monotone_pit_cdf_v1,reb:pmf_sim_v1+role_aware_pmf_cal_v1:rotation+monotone_pit_cdf_v1]+prior_combo[joint_sampler_v1+joint_combo_pmf_v1+role_aware_pmf_cal_v1:rotation+monotone_pit_cdf_v1]+stat_grid_final_component_convolution_mean_coherent_v1",phase8_role_aware_pmf_cal_v1+monotone_inactive_global_v1,phase8_pmf_cal,rotation,derived_from_projected_minutes,18.0938,17.5655,0.05,10.6893,10.6893,10,9,0.0036,0.9964,0.9882,0.9741,0.9461,0.9052,0.8511,0.7885,0.7179,0.6397,0.5578,0.476,0.398,0.3266,0.263,0.2082,0.1623,0.1243,0.0939,0.07,0.0518,0.398,151.0,-151.0,0.0865,morning,2026-05-30T16:51:22Z,494a3e93#phase10c,51235cba-0b50-441b-a7aa-b0e5bef2d559,ok,0.0,high,full,current_phase8,fallback_used,projected,derived_from_projected_minutes,bdl_plus_nba_official,2026-05-30T16:50:26Z,projected,not_available_yet,bdl_lineup_freshness_manifest,market_offered
Jaylin Williams,38017706,OKC,SAS,True,21713534,pr,10.5,10.5,fanduel,152,-205,0.3712,"stat_grid:component_convolution_mean_coherent_v1+components[pts:pmf_sim_v1+role_aware_pmf_cal_v1:rotation+monotone_pit_cdf_v1,reb:pmf_sim_v1+role_aware_pmf_cal_v1:rotation+monotone_pit_cdf_v1]+prior_combo[joint_sampler_v1+joint_combo_pmf_v1+role_aware_pmf_cal_v1:rotation+monotone_pit_cdf_v1]+stat_grid_final_component_convolution_mean_coherent_v1",phase8_role_aware_pmf_cal_v1+monotone_inactive_global_v1,phase8_pmf_cal,rotation,derived_from_projected_minutes,18.0938,17.5655,0.05,10.6893,10.6893,10,9,0.0036,0.9964,0.9882,0.9741,0.9461,0.9052,0.8511,0.7885,0.7179,0.6397,0.5578,0.476,0.398,0.3266,0.263,0.2082,0.1623,0.1243,0.0939,0.07,0.0518,0.476,110.0,-110.0,0.1047,morning,2026-05-30T16:51:22Z,494a3e93#phase10c,51235cba-0b50-441b-a7aa-b0e5bef2d559,ok,0.0,high,full,current_phase8,fallback_used,projected,derived_from_projected_minutes,bdl_plus_nba_official,2026-05-30T16:50:26Z,projected,not_available_yet,bdl_lineup_freshness_manifest,market_offered
Jaylin Williams,38017706,OKC,SAS,True,21713534,pr,9.5,9.5,fanduel,110,-146,0.4452,"stat_grid:component_convolution_mean_coherent_v1+components[pts:pmf_sim_v1+role_aware_pmf_cal_v1:rotation+monotone_pit_cdf_v1,reb:pmf_sim_v1+role_aware_pmf_cal_v1:rotation+monotone_pit_cdf_v1]+prior_combo[joint_sampler_v1+joint_combo_pmf_v1+role_aware_pmf_cal_v1:rotation+monotone_pit_cdf_v1]+stat_grid_final_component_convolution_mean_coherent_v1",phase8_role_aware_pmf_cal_v1+monotone_inactive_global_v1,phase8_pmf_cal,rotation,derived_from_projected_minutes,18.0938,17.5655,0.05,10.6893,10.6893,10,9,0.0036,0.9964,0.9882,0.9741,0.9461,0.9052,0.8511,0.7885,0.7179,0.6397,0.5578,0.476,0.398,0.3266,0.263,0.2082,0.1623,0.1243,0.0939,0.07,0.0518,0.5578,-126.0,126.0,0.1126,morning,2026-05-30T16:51:22Z,494a3e93#phase10c,51235cba-0b50-441b-a7aa-b0e5bef2d559,ok,0.0,high,full,current_phase8,fallback_used,projected,derived_from_projected_minutes,bdl_plus_nba_official,2026-05-30T16:50:26Z,projected,not_available_yet,bdl_lineup_freshness_manifest,market_offered
Jaylin Williams,38017706,OKC,SAS,True,21713534,pr,8.5,8.5,fanduel,-130,-102,0.5282,"stat_grid:component_convolution_mean_coherent_v1+components[pts:pmf_sim_v1+role_aware_pmf_cal_v1:rotation+monotone_pit_cdf_v1,reb:pmf_sim_v1+role_aware_pmf_cal_v1:rotation+monotone_pit_cdf_v1]+prior_combo[joint_sampler_v1+joint_combo_pmf_v1+role_aware_pmf_cal_v1:rotation+monotone_pit_cdf_v1]+stat_grid_final_component_convolution_mean_coherent_v1",phase8_role_aware_pmf_cal_v1+monotone_inactive_global_v1,phase8_pmf_cal,rotation,derived_from_projected_minutes,18.0938,17.5655,0.05,10.6893,10.6893,10,9,0.0036,0.9964,0.9882,0.9741,0.9461,0.9052,0.8511,0.7885,0.7179,0.6397,0.5578,0.476,0.398,0.3266,0.263,0.2082,0.1623,0.1243,0.0939,0.07,0.0518,0.6397,-178.0,178.0,0.1115,morning,2026-05-30T16:51:22Z,494a3e93#phase10c,51235cba-0b50-441b-a7aa-b0e5bef2d559,ok,0.0,high,full,current_phase8,fallback_used,projected,derived_from_projected_minutes,bdl_plus_nba_official,2026-05-30T16:50:26Z,projected,not_available_yet,bdl_lineup_freshness_manifest,market_offered
Jaylin Williams,38017706,OKC,SAS,True,21713534,pr,6.5,6.5,fanduel,-270,194,0.6821,"stat_grid:component_convolution_mean_coherent_v1+components[pts:pmf_sim_v1+role_aware_pmf_cal_v1:rotation+monotone_pit_cdf_v1,reb:pmf_sim_v1+role_aware_pmf_cal_v1:rotation+monotone_pit_cdf_v1]+prior_combo[joint_sampler_v1+joint_combo_pmf_v1+role_aware_pmf_cal_v1:rotation+monotone_pit_cdf_v1]+stat_grid_final_component_convolution_mean_coherent_v1",phase8_role_aware_pmf_cal_v1+monotone_inactive_global_v1,phase8_pmf_cal,rotation,derived_from_projected_minutes,18.0938,17.5655,0.05,10.6893,10.6893,10,9,0.0036,0.9964,0.9882,0.9741,0.9461,0.9052,0.8511,0.7885,0.7179,0.6397,0.5578,0.476,0.398,0.3266,0.263,0.2082,0.1623,0.1243,0.0939,0.07,0.0518,0.7885,-373.0,373.0,0.1064,morning,2026-05-30T16:51:22Z,494a3e93#phase10c,51235cba-0b50-441b-a7aa-b0e5bef2d559,ok,0.0,high,full,current_phase8,fallback_used,projected,derived_from_projected_minutes,bdl_plus_nba_official,2026-05-30T16:50:26Z,projected,not_available_yet,bdl_lineup_freshness_manifest,market_offered
Jaylin Williams,38017706,OKC,SAS,True,21713534,pr,5.5,5.5,fanduel,-400,270,0.7475,"stat_grid:component_convolution_mean_coherent_v1+components[pts:pmf_sim_v1+role_aware_pmf_cal_v1:rotation+monotone_pit_cdf_v1,reb:pmf_sim_v1+role_aware_pmf_cal_v1:rotation+monotone_pit_cdf_v1]+prior_combo[joint_sampler_v1+joint_combo_pmf_v1+role_aware_pmf_cal_v1:rotation+monotone_pit_cdf_v1]+stat_grid_final_component_convolution_mean_coherent_v1",phase8_role_aware_pmf_cal_v1+monotone_inactive_global_v1,phase8_pmf_cal,rotation,derived_from_projected_minutes,18.0938,17.5655,0.05,10.6893,10.6893,10,9,0.0036,0.9964,0.9882,0.9741,0.9461,0.9052,0.8511,0.7885,0.7179,0.6397,0.5578,0.476,0.398,0.3266,0.263,0.2082,0.1623,0.1243,0.0939,0.07,0.0518,0.8511,-571.0,571.0,0.1036,morning,2026-05-30T16:51:22Z,494a3e93#phase10c,51235cba-0b50-441b-a7aa-b0e5bef2d559,ok,0.0,high,full,current_phase8,fallback_used,projected,derived_from_projected_minutes,bdl_plus_nba_official,2026-05-30T16:50:26Z,projected,not_available_yet,bdl_lineup_freshness_manifest,market_offered
Jaylin Williams,38017706,OKC,SAS,True,21713534,pr,7.5,7.5,fanduel,-182,136,0.6037,"stat_grid:component_convolution_mean_coherent_v1+components[pts:pmf_sim_v1+role_aware_pmf_cal_v1:rotation+monotone_pit_cdf_v1,reb:pmf_sim_v1+role_aware_pmf_cal_v1:rotation+monotone_pit_cdf_v1]+prior_combo[joint_sampler_v1+joint_combo_pmf_v1+role_aware_pmf_cal_v1:rotation+monotone_pit_cdf_v1]+stat_grid_final_component_convolution_mean_coherent_v1",phase8_role_aware_pmf_cal_v1+monotone_inactive_global_v1,phase8_pmf_cal,rotation,derived_from_projected_minutes,18.0938,17.5655,0.05,10.6893,10.6893,10,9,0.0036,0.9964,0.9882,0.9741,0.9461,0.9052,0.8511,0.7885,0.7179,0.6397,0.5578,0.476,0.398,0.3266,0.263,0.2082,0.1623,0.1243,0.0939,0.07,0.0518,0.7179,-255.0,255.0,0.1143,morning,2026-05-30T16:51:22Z,494a3e93#phase10c,51235cba-0b50-441b-a7aa-b0e5bef2d559,ok,0.0,high,full,current_phase8,fallback_used,projected,derived_from_projected_minutes,bdl_plus_nba_official,2026-05-30T16:50:26Z,projected,not_available_yet,bdl_lineup_freshness_manifest,market_offered
Jaylin Williams,38017706,OKC,SAS,True,21713534,pr,9.5,9.5,draftkings,-109,-121,0.4878,"stat_grid:component_convolution_mean_coherent_v1+components[pts:pmf_sim_v1+role_aware_pmf_cal_v1:rotation+monotone_pit_cdf_v1,reb:pmf_sim_v1+role_aware_pmf_cal_v1:rotation+monotone_pit_cdf_v1]+prior_combo[joint_sampler_v1+joint_combo_pmf_v1+role_aware_pmf_cal_v1:rotation+monotone_pit_cdf_v1]+stat_grid_final_component_convolution_mean_coherent_v1",phase8_role_aware_pmf_cal_v1+monotone_inactive_global_v1,phase8_pmf_cal,rotation,derived_from_projected_minutes,18.0938,17.5655,0.05,10.6893,10.6893,10,9,0.0036,0.9964,0.9882,0.9741,0.9461,0.9052,0.8511,0.7885,0.7179,0.6397,0.5578,0.476,0.398,0.3266,0.263,0.2082,0.1623,0.1243,0.0939,0.07,0.0518,0.5578,-126.0,126.0,0.0699,morning,2026-05-30T16:51:22Z,494a3e93#phase10c,51235cba-0b50-441b-a7aa-b0e5bef2d559,ok,0.0,high,full,current_phase8,fallback_used,projected,derived_from_projected_minutes,bdl_plus_nba_official,2026-05-30T16:50:26Z,projected,not_available_yet,bdl_lineup_freshness_manifest,market_offered
Jaylin Williams,38017706,OKC,SAS,True,21713534,pr,10.5,10.5,bovada,115,-150,0.4367,"stat_grid:component_convolution_mean_coherent_v1+components[pts:pmf_sim_v1+role_aware_pmf_cal_v1:rotation+monotone_pit_cdf_v1,reb:pmf_sim_v1+role_aware_pmf_cal_v1:rotation+monotone_pit_cdf_v1]+prior_combo[joint_sampler_v1+joint_combo_pmf_v1+role_aware_pmf_cal_v1:rotation+monotone_pit_cdf_v1]+stat_grid_final_component_convolution_mean_coherent_v1",phase8_role_aware_pmf_cal_v1+monotone_inactive_global_v1,phase8_pmf_cal,rotation,derived_from_projected_minutes,18.0938,17.5655,0.05,10.6893,10.6893,10,9,0.0036,0.9964,0.9882,0.9741,0.9461,0.9052,0.8511,0.7885,0.7179,0.6397,0.5578,0.476,0.398,0.3266,0.263,0.2082,0.1623,0.1243,0.0939,0.07,0.0518,0.476,110.0,-110.0,0.0393,morning,2026-05-30T16:51:22Z,494a3e93#phase10c,51235cba-0b50-441b-a7aa-b0e5bef2d559,ok,0.0,high,full,current_phase8,fallback_used,projected,derived_from_projected_minutes,bdl_plus_nba_official,2026-05-30T16:50:26Z,projected,not_available_yet,bdl_lineup_freshness_manifest,market_offered
Jaylin Williams,38017706,OKC,SAS,True,21713534,pr,9.5,9.5,bovada,-120,-110,0.5101,"stat_grid:component_convolution_mean_coherent_v1+components[pts:pmf_sim_v1+role_aware_pmf_cal_v1:rotation+monotone_pit_cdf_v1,reb:pmf_sim_v1+role_aware_pmf_cal_v1:rotation+monotone_pit_cdf_v1]+prior_combo[joint_sampler_v1+joint_combo_pmf_v1+role_aware_pmf_cal_v1:rotation+monotone_pit_cdf_v1]+stat_grid_final_component_convolution_mean_coherent_v1",phase8_role_aware_pmf_cal_v1+monotone_inactive_global_v1,phase8_pmf_cal,rotation,derived_from_projected_minutes,18.0938,17.5655,0.05,10.6893,10.6893,10,9,0.0036,0.9964,0.9882,0.9741,0.9461,0.9052,0.8511,0.7885,0.7179,0.6397,0.5578,0.476,0.398,0.3266,0.263,0.2082,0.1623,0.1243,0.0939,0.07,0.0518,0.5578,-126.0,126.0,0.0477,morning,2026-05-30T16:51:22Z,494a3e93#phase10c,51235cba-0b50-441b-a7aa-b0e5bef2d559,ok,0.0,high,full,current_phase8,fallback_used,projected,derived_from_projected_minutes,bdl_plus_nba_official,2026-05-30T16:50:26Z,projected,not_available_yet,bdl_lineup_freshness_manifest,market_offered
Jaylin Williams,38017706,OKC,SAS,True,21713534,pr,8.5,8.5,bovada,-170,130,0.5915,"stat_grid:component_convolution_mean_coherent_v1+components[pts:pmf_sim_v1+role_aware_pmf_cal_v1:rotation+monotone_pit_cdf_v1,reb:pmf_sim_v1+role_aware_pmf_cal_v1:rotation+monotone_pit_cdf_v1]+prior_combo[joint_sampler_v1+joint_combo_pmf_v1+role_aware_pmf_cal_v1:rotation+monotone_pit_cdf_v1]+stat_grid_final_component_convolution_mean_coherent_v1",phase8_role_aware_pmf_cal_v1+monotone_inactive_global_v1,phase8_pmf_cal,rotation,derived_from_projected_minutes,18.0938,17.5655,0.05,10.6893,10.6893,10,9,0.0036,0.9964,0.9882,0.9741,0.9461,0.9052,0.8511,0.7885,0.7179,0.6397,0.5578,0.476,0.398,0.3266,0.263,0.2082,0.1623,0.1243,0.0939,0.07,0.0518,0.6397,-178.0,178.0,0.0482,morning,2026-05-30T16:51:22Z,494a3e93#phase10c,51235cba-0b50-441b-a7aa-b0e5bef2d559,ok,0.0,high,full,current_phase8,fallback_used,projected,derived_from_projected_minutes,bdl_plus_nba_official,2026-05-30T16:50:26Z,projected,not_available_yet,bdl_lineup_freshness_manifest,market_offered
Jaylin Williams,38017706,OKC,SAS,True,21713534,pr,9.5,9.5,hardrockbet_az,100,-130,0.4694,"stat_grid:component_convolution_mean_coherent_v1+components[pts:pmf_sim_v1+role_aware_pmf_cal_v1:rotation+monotone_pit_cdf_v1,reb:pmf_sim_v1+role_aware_pmf_cal_v1:rotation+monotone_pit_cdf_v1]+prior_combo[joint_sampler_v1+joint_combo_pmf_v1+role_aware_pmf_cal_v1:rotation+monotone_pit_cdf_v1]+stat_grid_final_component_convolution_mean_coherent_v1",phase8_role_aware_pmf_cal_v1+monotone_inactive_global_v1,phase8_pmf_cal,rotation,derived_from_projected_minutes,18.0938,17.5655,0.05,10.6893,10.6893,10,9,0.0036,0.9964,0.9882,0.9741,0.9461,0.9052,0.8511,0.7885,0.7179,0.6397,0.5578,0.476,0.398,0.3266,0.263,0.2082,0.1623,0.1243,0.0939,0.07,0.0518,0.5578,-126.0,126.0,0.0884,morning,2026-05-30T16:51:22Z,494a3e93#phase10c,51235cba-0b50-441b-a7aa-b0e5bef2d559,ok,0.0,high,full,current_phase8,fallback_used,projected,derived_from_projected_minutes,bdl_plus_nba_official,2026-05-30T16:50:26Z,projected,not_available_yet,bdl_lineup_freshness_manifest,market_offered
Jaylin Williams,38017706,OKC,SAS,True,21713534,pr,9.5,9.5,hardrockbet,100,-130,0.4694,"stat_grid:component_convolution_mean_coherent_v1+components[pts:pmf_sim_v1+role_aware_pmf_cal_v1:rotation+monotone_pit_cdf_v1,reb:pmf_sim_v1+role_aware_pmf_cal_v1:rotation+monotone_pit_cdf_v1]+prior_combo[joint_sampler_v1+joint_combo_pmf_v1+role_aware_pmf_cal_v1:rotation+monotone_pit_cdf_v1]+stat_grid_final_component_convolution_mean_coherent_v1",phase8_role_aware_pmf_cal_v1+monotone_inactive_global_v1,phase8_pmf_cal,rotation,derived_from_projected_minutes,18.0938,17.5655,0.05,10.6893,10.6893,10,9,0.0036,0.9964,0.9882,0.9741,0.9461,0.9052,0.8511,0.7885,0.7179,0.6397,0.5578,0.476,0.398,0.3266,0.263,0.2082,0.1623,0.1243,0.0939,0.07,0.0518,0.5578,-126.0,126.0,0.0884,morning,2026-05-30T16:51:22Z,494a3e93#phase10c,51235cba-0b50-441b-a7aa-b0e5bef2d559,ok,0.0,high,full,current_phase8,fallback_used,projected,derived_from_projected_minutes,bdl_plus_nba_official,2026-05-30T16:50:26Z,projected,not_available_yet,bdl_lineup_freshness_manifest,market_offered
Jaylin Williams,38017706,OKC,SAS,True,21713534,pr,9.5,9.5,hardrockbet_fl,100,-130,0.4694,"stat_grid:component_convolution_mean_coherent_v1+components[pts:pmf_sim_v1+role_aware_pmf_cal_v1:rotation+monotone_pit_cdf_v1,reb:pmf_sim_v1+role_aware_pmf_cal_v1:rotation+monotone_pit_cdf_v1]+prior_combo[joint_sampler_v1+joint_combo_pmf_v1+role_aware_pmf_cal_v1:rotation+monotone_pit_cdf_v1]+stat_grid_final_component_convolution_mean_coherent_v1",phase8_role_aware_pmf_cal_v1+monotone_inactive_global_v1,phase8_pmf_cal,rotation,derived_from_projected_minutes,18.0938,17.5655,0.05,10.6893,10.6893,10,9,0.0036,0.9964,0.9882,0.9741,0.9461,0.9052,0.8511,0.7885,0.7179,0.6397,0.5578,0.476,0.398,0.3266,0.263,0.2082,0.1623,0.1243,0.0939,0.07,0.0518,0.5578,-126.0,126.0,0.0884,morning,2026-05-30T16:51:22Z,494a3e93#phase10c,51235cba-0b50-441b-a7aa-b0e5bef2d559,ok,0.0,high,full,current_phase8,fallback_used,projected,derived_from_projected_minutes,bdl_plus_nba_official,2026-05-30T16:50:26Z,projected,not_available_yet,bdl_lineup_freshness_manifest,market_offered
Jaylin Williams,38017706,OKC,SAS,True,21713534,pr,9.5,9.5,espnbet,-105,-125,0.4797,"stat_grid:component_convolution_mean_coherent_v1+components[pts:pmf_sim_v1+role_aware_pmf_cal_v1:rotation+monotone_pit_cdf_v1,reb:pmf_sim_v1+role_aware_pmf_cal_v1:rotation+monotone_pit_cdf_v1]+prior_combo[joint_sampler_v1+joint_combo_pmf_v1+role_aware_pmf_cal_v1:rotation+monotone_pit_cdf_v1]+stat_grid_final_component_convolution_mean_coherent_v1",phase8_role_aware_pmf_cal_v1+monotone_inactive_global_v1,phase8_pmf_cal,rotation,derived_from_projected_minutes,18.0938,17.5655,0.05,10.6893,10.6893,10,9,0.0036,0.9964,0.9882,0.9741,0.9461,0.9052,0.8511,0.7885,0.7179,0.6397,0.5578,0.476,0.398,0.3266,0.263,0.2082,0.1623,0.1243,0.0939,0.07,0.0518,0.5578,-126.0,126.0,0.0781,morning,2026-05-30T16:51:22Z,494a3e93#phase10c,51235cba-0b50-441b-a7aa-b0e5bef2d559,ok,0.0,high,full,current_phase8,fallback_used,projected,derived_from_projected_minutes,bdl_plus_nba_official,2026-05-30T16:50:26Z,projected,not_available_yet,bdl_lineup_freshness_manifest,market_offered
Jaylin Williams,38017706,OKC,SAS,True,21713534,pr,9.5,9.5,fliff,-105,-140,0.4675,"stat_grid:component_convolution_mean_coherent_v1+components[pts:pmf_sim_v1+role_aware_pmf_cal_v1:rotation+monotone_pit_cdf_v1,reb:pmf_sim_v1+role_aware_pmf_cal_v1:rotation+monotone_pit_cdf_v1]+prior_combo[joint_sampler_v1+joint_combo_pmf_v1+role_aware_pmf_cal_v1:rotation+monotone_pit_cdf_v1]+stat_grid_final_component_convolution_mean_coherent_v1",phase8_role_aware_pmf_cal_v1+monotone_inactive_global_v1,phase8_pmf_cal,rotation,derived_from_projected_minutes,18.0938,17.5655,0.05,10.6893,10.6893,10,9,0.0036,0.9964,0.9882,0.9741,0.9461,0.9052,0.8511,0.7885,0.7179,0.6397,0.5578,0.476,0.398,0.3266,0.263,0.2082,0.1623,0.1243,0.0939,0.07,0.0518,0.5578,-126.0,126.0,0.0902,morning,2026-05-30T16:51:22Z,494a3e93#phase10c,51235cba-0b50-441b-a7aa-b0e5bef2d559,ok,0.0,high,full,current_phase8,fallback_used,projected,derived_from_projected_minutes,bdl_plus_nba_official,2026-05-30T16:50:26Z,projected,not_available_yet,bdl_lineup_freshness_manifest,market_offered
Jaylin Williams,38017706,OKC,SAS,True,21713534,ra,5.5,5.5,draftkings,-126,-105,0.5212,"stat_grid:component_convolution_mean_coherent_v1+components[reb:pmf_sim_v1+role_aware_pmf_cal_v1:rotation+monotone_pit_cdf_v1,ast:pmf_sim_v1+role_aware_pmf_cal_v1:rotation+monotone_pit_cdf_v1]+prior_combo[joint_sampler_v1+joint_combo_pmf_v1+role_aware_pmf_cal_v1:rotation+monotone_pit_cdf_v1]+stat_grid_final_component_convolution_mean_coherent_v1",phase8_role_aware_pmf_cal_v1+monotone_inactive_global_v1,phase8_pmf_cal,rotation,derived_from_projected_minutes,18.0938,17.5655,0.05,5.9127,5.9127,6,6,0.0067,0.9933,0.9731,0.9272,0.8442,0.7226,0.5592,0.3892,0.2405,0.1364,0.0713,0.0331,0.0142,0.0053,0.0019,0.0007,0.0003,0.0001,0.0,0.0,0.0,0.5592,-127.0,127.0,0.038,morning,2026-05-30T16:51:22Z,494a3e93#phase10c,51235cba-0b50-441b-a7aa-b0e5bef2d559,ok,0.0,high,full,current_phase8,fallback_used,projected,derived_from_projected_minutes,bdl_plus_nba_official,2026-05-30T16:50:26Z,projected,not_available_yet,bdl_lineup_freshness_manifest,market_offered
Jaylin Williams,38017706,OKC,SAS,True,21713534,ra,5.5,5.5,bovada,-160,120,0.5752,"stat_grid:component_convolution_mean_coherent_v1+components[reb:pmf_sim_v1+role_aware_pmf_cal_v1:rotation+monotone_pit_cdf_v1,ast:pmf_sim_v1+role_aware_pmf_cal_v1:rotation+monotone_pit_cdf_v1]+prior_combo[joint_sampler_v1+joint_combo_pmf_v1+role_aware_pmf_cal_v1:rotation+monotone_pit_cdf_v1]+stat_grid_final_component_convolution_mean_coherent_v1",phase8_role_aware_pmf_cal_v1+monotone_inactive_global_v1,phase8_pmf_cal,rotation,derived_from_projected_minutes,18.0938,17.5655,0.05,5.9127,5.9127,6,6,0.0067,0.9933,0.9731,0.9272,0.8442,0.7226,0.5592,0.3892,0.2405,0.1364,0.0713,0.0331,0.0142,0.0053,0.0019,0.0007,0.0003,0.0001,0.0,0.0,0.0,0.5592,-127.0,127.0,-0.016,morning,2026-05-30T16:51:22Z,494a3e93#phase10c,51235cba-0b50-441b-a7aa-b0e5bef2d559,ok,0.0,high,full,current_phase8,fallback_used,projected,derived_from_projected_minutes,bdl_plus_nba_official,2026-05-30T16:50:26Z,projected,not_available_yet,bdl_lineup_freshness_manifest,market_offered
Jaylin Williams,38017706,OKC,SAS,True,21713534,ra,6.5,6.5,bovada,110,-145,0.4459,"stat_grid:component_convolution_mean_coherent_v1+components[reb:pmf_sim_v1+role_aware_pmf_cal_v1:rotation+monotone_pit_cdf_v1,ast:pmf_sim_v1+role_aware_pmf_cal_v1:rotation+monotone_pit_cdf_v1]+prior_combo[joint_sampler_v1+joint_combo_pmf_v1+role_aware_pmf_cal_v1:rotation+monotone_pit_cdf_v1]+stat_grid_final_component_convolution_mean_coherent_v1",phase8_role_aware_pmf_cal_v1+monotone_inactive_global_v1,phase8_pmf_cal,rotation,derived_from_projected_minutes,18.0938,17.5655,0.05,5.9127,5.9127,6,6,0.0067,0.9933,0.9731,0.9272,0.8442,0.7226,0.5592,0.3892,0.2405,0.1364,0.0713,0.0331,0.0142,0.0053,0.0019,0.0007,0.0003,0.0001,0.0,0.0,0.0,0.3892,157.0,-157.0,-0.0566,morning,2026-05-30T16:51:22Z,494a3e93#phase10c,51235cba-0b50-441b-a7aa-b0e5bef2d559,ok,0.0,high,full,current_phase8,fallback_used,projected,derived_from_projected_minutes,bdl_plus_nba_official,2026-05-30T16:50:26Z,projected,not_available_yet,bdl_lineup_freshness_manifest,market_offered
Jaylin Williams,38017706,OKC,SAS,True,21713534,ra,7.5,7.5,bovada,185,-250,0.3294,"stat_grid:component_convolution_mean_coherent_v1+components[reb:pmf_sim_v1+role_aware_pmf_cal_v1:rotation+monotone_pit_cdf_v1,ast:pmf_sim_v1+role_aware_pmf_cal_v1:rotation+monotone_pit_cdf_v1]+prior_combo[joint_sampler_v1+joint_combo_pmf_v1+role_aware_pmf_cal_v1:rotation+monotone_pit_cdf_v1]+stat_grid_final_component_convolution_mean_coherent_v1",phase8_role_aware_pmf_cal_v1+monotone_inactive_global_v1,phase8_pmf_cal,rotation,derived_from_projected_minutes,18.0938,17.5655,0.05,5.9127,5.9127,6,6,0.0067,0.9933,0.9731,0.9272,0.8442,0.7226,0.5592,0.3892,0.2405,0.1364,0.0713,0.0331,0.0142,0.0053,0.0019,0.0007,0.0003,0.0001,0.0,0.0,0.0,0.2405,316.0,-316.0,-0.0889,morning,2026-05-30T16:51:22Z,494a3e93#phase10c,51235cba-0b50-441b-a7aa-b0e5bef2d559,ok,0.0,high,full,current_phase8,fallback_used,projected,derived_from_projected_minutes,bdl_plus_nba_official,2026-05-30T16:50:26Z,projected,not_available_yet,bdl_lineup_freshness_manifest,market_offered
Jaylin Williams,38017706,OKC,SAS,True,21713534,ra,5.5,5.5,hardrockbet_az,-125,-105,0.5203,"stat_grid:component_convolution_mean_coherent_v1+components[reb:pmf_sim_v1+role_aware_pmf_cal_v1:rotation+monotone_pit_cdf_v1,ast:pmf_sim_v1+role_aware_pmf_cal_v1:rotation+monotone_pit_cdf_v1]+prior_combo[joint_sampler_v1+joint_combo_pmf_v1+role_aware_pmf_cal_v1:rotation+monotone_pit_cdf_v1]+stat_grid_final_component_convolution_mean_coherent_v1",phase8_role_aware_pmf_cal_v1+monotone_inactive_global_v1,phase8_pmf_cal,rotation,derived_from_projected_minutes,18.0938,17.5655,0.05,5.9127,5.9127,6,6,0.0067,0.9933,0.9731,0.9272,0.8442,0.7226,0.5592,0.3892,0.2405,0.1364,0.0713,0.0331,0.0142,0.0053,0.0019,0.0007,0.0003,0.0001,0.0,0.0,0.0,0.5592,-127.0,127.0,0.0389,morning,2026-05-30T16:51:22Z,494a3e93#phase10c,51235cba-0b50-441b-a7aa-b0e5bef2d559,ok,0.0,high,full,current_phase8,fallback_used,projected,derived_from_projected_minutes,bdl_plus_nba_official,2026-05-30T16:50:26Z,projected,not_available_yet,bdl_lineup_freshness_manifest,market_offered
Jaylin Williams,38017706,OKC,SAS,True,21713534,ra,5.5,5.5,hardrockbet,-125,-105,0.5203,"stat_grid:component_convolution_mean_coherent_v1+components[reb:pmf_sim_v1+role_aware_pmf_cal_v1:rotation+monotone_pit_cdf_v1,ast:pmf_sim_v1+role_aware_pmf_cal_v1:rotation+monotone_pit_cdf_v1]+prior_combo[joint_sampler_v1+joint_combo_pmf_v1+role_aware_pmf_cal_v1:rotation+monotone_pit_cdf_v1]+stat_grid_final_component_convolution_mean_coherent_v1",phase8_role_aware_pmf_cal_v1+monotone_inactive_global_v1,phase8_pmf_cal,rotation,derived_from_projected_minutes,18.0938,17.5655,0.05,5.9127,5.9127,6,6,0.0067,0.9933,0.9731,0.9272,0.8442,0.7226,0.5592,0.3892,0.2405,0.1364,0.0713,0.0331,0.0142,0.0053,0.0019,0.0007,0.0003,0.0001,0.0,0.0,0.0,0.5592,-127.0,127.0,0.0389,morning,2026-05-30T16:51:22Z,494a3e93#phase10c,51235cba-0b50-441b-a7aa-b0e5bef2d559,ok,0.0,high,full,current_phase8,fallback_used,projected,derived_from_projected_minutes,bdl_plus_nba_official,2026-05-30T16:50:26Z,projected,not_available_yet,bdl_lineup_freshness_manifest,market_offered
Jaylin Williams,38017706,OKC,SAS,True,21713534,ra,5.5,5.5,hardrockbet_fl,-125,-105,0.5203,"stat_grid:component_convolution_mean_coherent_v1+components[reb:pmf_sim_v1+role_aware_pmf_cal_v1:rotation+monotone_pit_cdf_v1,ast:pmf_sim_v1+role_aware_pmf_cal_v1:rotation+monotone_pit_cdf_v1]+prior_combo[joint_sampler_v1+joint_combo_pmf_v1+role_aware_pmf_cal_v1:rotation+monotone_pit_cdf_v1]+stat_grid_final_component_convolution_mean_coherent_v1",phase8_role_aware_pmf_cal_v1+monotone_inactive_global_v1,phase8_pmf_cal,rotation,derived_from_projected_minutes,18.0938,17.5655,0.05,5.9127,5.9127,6,6,0.0067,0.9933,0.9731,0.9272,0.8442,0.7226,0.5592,0.3892,0.2405,0.1364,0.0713,0.0331,0.0142,0.0053,0.0019,0.0007,0.0003,0.0001,0.0,0.0,0.0,0.5592,-127.0,127.0,0.0389,morning,2026-05-30T16:51:22Z,494a3e93#phase10c,51235cba-0b50-441b-a7aa-b0e5bef2d559,ok,0.0,high,full,current_phase8,fallback_used,projected,derived_from_projected_minutes,bdl_plus_nba_official,2026-05-30T16:50:26Z,projected,not_available_yet,bdl_lineup_freshness_manifest,market_offered
Jaylin Williams,38017706,OKC,SAS,True,21713534,ra,5.5,5.5,fliff,-140,-105,0.5325,"stat_grid:component_convolution_mean_coherent_v1+components[reb:pmf_sim_v1+role_aware_pmf_cal_v1:rotation+monotone_pit_cdf_v1,ast:pmf_sim_v1+role_aware_pmf_cal_v1:rotation+monotone_pit_cdf_v1]+prior_combo[joint_sampler_v1+joint_combo_pmf_v1+role_aware_pmf_cal_v1:rotation+monotone_pit_cdf_v1]+stat_grid_final_component_convolution_mean_coherent_v1",phase8_role_aware_pmf_cal_v1+monotone_inactive_global_v1,phase8_pmf_cal,rotation,derived_from_projected_minutes,18.0938,17.5655,0.05,5.9127,5.9127,6,6,0.0067,0.9933,0.9731,0.9272,0.8442,0.7226,0.5592,0.3892,0.2405,0.1364,0.0713,0.0331,0.0142,0.0053,0.0019,0.0007,0.0003,0.0001,0.0,0.0,0.0,0.5592,-127.0,127.0,0.0267,morning,2026-05-30T16:51:22Z,494a3e93#phase10c,51235cba-0b50-441b-a7aa-b0e5bef2d559,ok,0.0,high,full,current_phase8,fallback_used,projected,derived_from_projected_minutes,bdl_plus_nba_official,2026-05-30T16:50:26Z,projected,not_available_yet,bdl_lineup_freshness_manifest,market_offered
Jaylin Williams,38017706,OKC,SAS,True,21713534,pra,11.5,11.5,betmgm,-105,-125,0.4797,"stat_grid:component_convolution_mean_coherent_v1+components[pts:pmf_sim_v1+role_aware_pmf_cal_v1:rotation+monotone_pit_cdf_v1,reb:pmf_sim_v1+role_aware_pmf_cal_v1:rotation+monotone_pit_cdf_v1,ast:pmf_sim_v1+role_aware_pmf_cal_v1:rotation+monotone_pit_cdf_v1]+prior_combo[joint_sampler_v1+joint_combo_pmf_v1+role_aware_pmf_cal_v1:rotation+monotone_pit_cdf_v1]+stat_grid_final_component_convolution_mean_coherent_v1",phase8_role_aware_pmf_cal_v1+monotone_inactive_global_v1,phase8_pmf_cal,rotation,derived_from_projected_minutes,18.0938,17.5655,0.05,12.3172,12.3172,12,11,0.0007,0.9993,0.9969,0.9909,0.9786,0.9575,0.9243,0.8793,0.8232,0.7582,0.6857,0.6078,0.5278,0.4491,0.3747,0.3069,0.247,0.1954,0.1521,0.1166,0.0882,0.5278,-112.0,112.0,0.0481,morning,2026-05-30T16:51:22Z,494a3e93#phase10c,51235cba-0b50-441b-a7aa-b0e5bef2d559,ok,0.0,high,full,current_phase8,fallback_used,projected,derived_from_projected_minutes,bdl_plus_nba_official,2026-05-30T16:50:26Z,projected,not_available_yet,bdl_lineup_freshness_manifest,market_offered
Jaylin Williams,38017706,OKC,SAS,True,21713534,pra,11.5,11.5,draftkings,-103,-128,0.4747,"stat_grid:component_convolution_mean_coherent_v1+components[pts:pmf_sim_v1+role_aware_pmf_cal_v1:rotation+monotone_pit_cdf_v1,reb:pmf_sim_v1+role_aware_pmf_cal_v1:rotation+monotone_pit_cdf_v1,ast:pmf_sim_v1+role_aware_pmf_cal_v1:rotation+monotone_pit_cdf_v1]+prior_combo[joint_sampler_v1+joint_combo_pmf_v1+role_aware_pmf_cal_v1:rotation+monotone_pit_cdf_v1]+stat_grid_final_component_convolution_mean_coherent_v1",phase8_role_aware_pmf_cal_v1+monotone_inactive_global_v1,phase8_pmf_cal,rotation,derived_from_projected_minutes,18.0938,17.5655,0.05,12.3172,12.3172,12,11,0.0007,0.9993,0.9969,0.9909,0.9786,0.9575,0.9243,0.8793,0.8232,0.7582,0.6857,0.6078,0.5278,0.4491,0.3747,0.3069,0.247,0.1954,0.1521,0.1166,0.0882,0.5278,-112.0,112.0,0.053,morning,2026-05-30T16:51:22Z,494a3e93#phase10c,51235cba-0b50-441b-a7aa-b0e5bef2d559,ok,0.0,high,full,current_phase8,fallback_used,projected,derived_from_projected_minutes,bdl_plus_nba_official,2026-05-30T16:50:26Z,projected,not_available_yet,bdl_lineup_freshness_manifest,market_offered
Jaylin Williams,38017706,OKC,SAS,True,21713534,pra,13.5,13.5,bovada,150,-200,0.375,"stat_grid:component_convolution_mean_coherent_v1+components[pts:pmf_sim_v1+role_aware_pmf_cal_v1:rotation+monotone_pit_cdf_v1,reb:pmf_sim_v1+role_aware_pmf_cal_v1:rotation+monotone_pit_cdf_v1,ast:pmf_sim_v1+role_aware_pmf_cal_v1:rotation+monotone_pit_cdf_v1]+prior_combo[joint_sampler_v1+joint_combo_pmf_v1+role_aware_pmf_cal_v1:rotation+monotone_pit_cdf_v1]+stat_grid_final_component_convolution_mean_coherent_v1",phase8_role_aware_pmf_cal_v1+monotone_inactive_global_v1,phase8_pmf_cal,rotation,derived_from_projected_minutes,18.0938,17.5655,0.05,12.3172,12.3172,12,11,0.0007,0.9993,0.9969,0.9909,0.9786,0.9575,0.9243,0.8793,0.8232,0.7582,0.6857,0.6078,0.5278,0.4491,0.3747,0.3069,0.247,0.1954,0.1521,0.1166,0.0882,0.3747,167.0,-167.0,-0.0003,morning,2026-05-30T16:51:22Z,494a3e93#phase10c,51235cba-0b50-441b-a7aa-b0e5bef2d559,ok,0.0,high,full,current_phase8,fallback_used,projected,derived_from_projected_minutes,bdl_plus_nba_official,2026-05-30T16:50:26Z,projected,not_available_yet,bdl_lineup_freshness_manifest,market_offered
Jaylin Williams,38017706,OKC,SAS,True,21713534,pra,12.5,12.5,bovada,115,-150,0.4367,"stat_grid:component_convolution_mean_coherent_v1+components[pts:pmf_sim_v1+role_aware_pmf_cal_v1:rotation+monotone_pit_cdf_v1,reb:pmf_sim_v1+role_aware_pmf_cal_v1:rotation+monotone_pit_cdf_v1,ast:pmf_sim_v1+role_aware_pmf_cal_v1:rotation+monotone_pit_cdf_v1]+prior_combo[joint_sampler_v1+joint_combo_pmf_v1+role_aware_pmf_cal_v1:rotation+monotone_pit_cdf_v1]+stat_grid_final_component_convolution_mean_coherent_v1",phase8_role_aware_pmf_cal_v1+monotone_inactive_global_v1,phase8_pmf_cal,rotation,derived_from_projected_minutes,18.0938,17.5655,0.05,12.3172,12.3172,12,11,0.0007,0.9993,0.9969,0.9909,0.9786,0.9575,0.9243,0.8793,0.8232,0.7582,0.6857,0.6078,0.5278,0.4491,0.3747,0.3069,0.247,0.1954,0.1521,0.1166,0.0882,0.4491,123.0,-123.0,0.0124,morning,2026-05-30T16:51:22Z,494a3e93#phase10c,51235cba-0b50-441b-a7aa-b0e5bef2d559,ok,0.0,high,full,current_phase8,fallback_used,projected,derived_from_projected_minutes,bdl_plus_nba_official,2026-05-30T16:50:26Z,projected,not_available_yet,bdl_lineup_freshness_manifest,market_offered
Jaylin Williams,38017706,OKC,SAS,True,21713534,pra,11.5,11.5,bovada,-115,-115,0.5,"stat_grid:component_convolution_mean_coherent_v1+components[pts:pmf_sim_v1+role_aware_pmf_cal_v1:rotation+monotone_pit_cdf_v1,reb:pmf_sim_v1+role_aware_pmf_cal_v1:rotation+monotone_pit_cdf_v1,ast:pmf_sim_v1+role_aware_pmf_cal_v1:rotation+monotone_pit_cdf_v1]+prior_combo[joint_sampler_v1+joint_combo_pmf_v1+role_aware_pmf_cal_v1:rotation+monotone_pit_cdf_v1]+stat_grid_final_component_convolution_mean_coherent_v1",phase8_role_aware_pmf_cal_v1+monotone_inactive_global_v1,phase8_pmf_cal,rotation,derived_from_projected_minutes,18.0938,17.5655,0.05,12.3172,12.3172,12,11,0.0007,0.9993,0.9969,0.9909,0.9786,0.9575,0.9243,0.8793,0.8232,0.7582,0.6857,0.6078,0.5278,0.4491,0.3747,0.3069,0.247,0.1954,0.1521,0.1166,0.0882,0.5278,-112.0,112.0,0.0278,morning,2026-05-30T16:51:22Z,494a3e93#phase10c,51235cba-0b50-441b-a7aa-b0e5bef2d559,ok,0.0,high,full,current_phase8,fallback_used,projected,derived_from_projected_minutes,bdl_plus_nba_official,2026-05-30T16:50:26Z,projected,not_available_yet,bdl_lineup_freshness_manifest,market_offered
Jaylin Williams,38017706,OKC,SAS,True,21713534,pra,10.5,10.5,bovada,-160,120,0.5752,"stat_grid:component_convolution_mean_coherent_v1+components[pts:pmf_sim_v1+role_aware_pmf_cal_v1:rotation+monotone_pit_cdf_v1,reb:pmf_sim_v1+role_aware_pmf_cal_v1:rotation+monotone_pit_cdf_v1,ast:pmf_sim_v1+role_aware_pmf_cal_v1:rotation+monotone_pit_cdf_v1]+prior_combo[joint_sampler_v1+joint_combo_pmf_v1+role_aware_pmf_cal_v1:rotation+monotone_pit_cdf_v1]+stat_grid_final_component_convolution_mean_coherent_v1",phase8_role_aware_pmf_cal_v1+monotone_inactive_global_v1,phase8_pmf_cal,rotation,derived_from_projected_minutes,18.0938,17.5655,0.05,12.3172,12.3172,12,11,0.0007,0.9993,0.9969,0.9909,0.9786,0.9575,0.9243,0.8793,0.8232,0.7582,0.6857,0.6078,0.5278,0.4491,0.3747,0.3069,0.247,0.1954,0.1521,0.1166,0.0882,0.6078,-155.0,155.0,0.0326,morning,2026-05-30T16:51:22Z,494a3e93#phase10c,51235cba-0b50-441b-a7aa-b0e5bef2d559,ok,0.0,high,full,current_phase8,fallback_used,projected,derived_from_projected_minutes,bdl_plus_nba_official,2026-05-30T16:50:26Z,projected,not_available_yet,bdl_lineup_freshness_manifest,market_offered
Jaylin Williams,38017706,OKC,SAS,True,21713534,pra,9.5,9.5,bovada,-215,160,0.6396,"stat_grid:component_convolution_mean_coherent_v1+components[pts:pmf_sim_v1+role_aware_pmf_cal_v1:rotation+monotone_pit_cdf_v1,reb:pmf_sim_v1+role_aware_pmf_cal_v1:rotation+monotone_pit_cdf_v1,ast:pmf_sim_v1+role_aware_pmf_cal_v1:rotation+monotone_pit_cdf_v1]+prior_combo[joint_sampler_v1+joint_combo_pmf_v1+role_aware_pmf_cal_v1:rotation+monotone_pit_cdf_v1]+stat_grid_final_component_convolution_mean_coherent_v1",phase8_role_aware_pmf_cal_v1+monotone_inactive_global_v1,phase8_pmf_cal,rotation,derived_from_projected_minutes,18.0938,17.5655,0.05,12.3172,12.3172,12,11,0.0007,0.9993,0.9969,0.9909,0.9786,0.9575,0.9243,0.8793,0.8232,0.7582,0.6857,0.6078,0.5278,0.4491,0.3747,0.3069,0.247,0.1954,0.1521,0.1166,0.0882,0.6857,-218.0,218.0,0.0461,morning,2026-05-30T16:51:22Z,494a3e93#phase10c,51235cba-0b50-441b-a7aa-b0e5bef2d559,ok,0.0,high,full,current_phase8,fallback_used,projected,derived_from_projected_minutes,bdl_plus_nba_official,2026-05-30T16:50:26Z,projected,not_available_yet,bdl_lineup_freshness_manifest,market_offered
Jaylin Williams,38017706,OKC,SAS,True,21713534,pra,11.5,11.5,hardrockbet_az,100,-130,0.4694,"stat_grid:component_convolution_mean_coherent_v1+components[pts:pmf_sim_v1+role_aware_pmf_cal_v1:rotation+monotone_pit_cdf_v1,reb:pmf_sim_v1+role_aware_pmf_cal_v1:rotation+monotone_pit_cdf_v1,ast:pmf_sim_v1+role_aware_pmf_cal_v1:rotation+monotone_pit_cdf_v1]+prior_combo[joint_sampler_v1+joint_combo_pmf_v1+role_aware_pmf_cal_v1:rotation+monotone_pit_cdf_v1]+stat_grid_final_component_convolution_mean_coherent_v1",phase8_role_aware_pmf_cal_v1+monotone_inactive_global_v1,phase8_pmf_cal,rotation,derived_from_projected_minutes,18.0938,17.5655,0.05,12.3172,12.3172,12,11,0.0007,0.9993,0.9969,0.9909,0.9786,0.9575,0.9243,0.8793,0.8232,0.7582,0.6857,0.6078,0.5278,0.4491,0.3747,0.3069,0.247,0.1954,0.1521,0.1166,0.0882,0.5278,-112.0,112.0,0.0584,morning,2026-05-30T16:51:22Z,494a3e93#phase10c,51235cba-0b50-441b-a7aa-b0e5bef2d559,ok,0.0,high,full,current_phase8,fallback_used,projected,derived_from_projected_minutes,bdl_plus_nba_official,2026-05-30T16:50:26Z,projected,not_available_yet,bdl_lineup_freshness_manifest,market_offered
Jaylin Williams,38017706,OKC,SAS,True,21713534,pra,11.5,11.5,hardrockbet,100,-130,0.4694,"stat_grid:component_convolution_mean_coherent_v1+components[pts:pmf_sim_v1+role_aware_pmf_cal_v1:rotation+monotone_pit_cdf_v1,reb:pmf_sim_v1+role_aware_pmf_cal_v1:rotation+monotone_pit_cdf_v1,ast:pmf_sim_v1+role_aware_pmf_cal_v1:rotation+monotone_pit_cdf_v1]+prior_combo[joint_sampler_v1+joint_combo_pmf_v1+role_aware_pmf_cal_v1:rotation+monotone_pit_cdf_v1]+stat_grid_final_component_convolution_mean_coherent_v1",phase8_role_aware_pmf_cal_v1+monotone_inactive_global_v1,phase8_pmf_cal,rotation,derived_from_projected_minutes,18.0938,17.5655,0.05,12.3172,12.3172,12,11,0.0007,0.9993,0.9969,0.9909,0.9786,0.9575,0.9243,0.8793,0.8232,0.7582,0.6857,0.6078,0.5278,0.4491,0.3747,0.3069,0.247,0.1954,0.1521,0.1166,0.0882,0.5278,-112.0,112.0,0.0584,morning,2026-05-30T16:51:22Z,494a3e93#phase10c,51235cba-0b50-441b-a7aa-b0e5bef2d559,ok,0.0,high,full,current_phase8,fallback_used,projected,derived_from_projected_minutes,bdl_plus_nba_official,2026-05-30T16:50:26Z,projected,not_available_yet,bdl_lineup_freshness_manifest,market_offered
Jaylin Williams,38017706,OKC,SAS,True,21713534,pra,11.5,11.5,hardrockbet_fl,100,-130,0.4694,"stat_grid:component_convolution_mean_coherent_v1+components[pts:pmf_sim_v1+role_aware_pmf_cal_v1:rotation+monotone_pit_cdf_v1,reb:pmf_sim_v1+role_aware_pmf_cal_v1:rotation+monotone_pit_cdf_v1,ast:pmf_sim_v1+role_aware_pmf_cal_v1:rotation+monotone_pit_cdf_v1]+prior_combo[joint_sampler_v1+joint_combo_pmf_v1+role_aware_pmf_cal_v1:rotation+monotone_pit_cdf_v1]+stat_grid_final_component_convolution_mean_coherent_v1",phase8_role_aware_pmf_cal_v1+monotone_inactive_global_v1,phase8_pmf_cal,rotation,derived_from_projected_minutes,18.0938,17.5655,0.05,12.3172,12.3172,12,11,0.0007,0.9993,0.9969,0.9909,0.9786,0.9575,0.9243,0.8793,0.8232,0.7582,0.6857,0.6078,0.5278,0.4491,0.3747,0.3069,0.247,0.1954,0.1521,0.1166,0.0882,0.5278,-112.0,112.0,0.0584,morning,2026-05-30T16:51:22Z,494a3e93#phase10c,51235cba-0b50-441b-a7aa-b0e5bef2d559,ok,0.0,high,full,current_phase8,fallback_used,projected,derived_from_projected_minutes,bdl_plus_nba_official,2026-05-30T16:50:26Z,projected,not_available_yet,bdl_lineup_freshness_manifest,market_offered
Jaylin Williams,38017706,OKC,SAS,True,21713534,pra,11.5,11.5,fliff,-110,-135,0.4769,"stat_grid:component_convolution_mean_coherent_v1+components[pts:pmf_sim_v1+role_aware_pmf_cal_v1:rotation+monotone_pit_cdf_v1,reb:pmf_sim_v1+role_aware_pmf_cal_v1:rotation+monotone_pit_cdf_v1,ast:pmf_sim_v1+role_aware_pmf_cal_v1:rotation+monotone_pit_cdf_v1]+prior_combo[joint_sampler_v1+joint_combo_pmf_v1+role_aware_pmf_cal_v1:rotation+monotone_pit_cdf_v1]+stat_grid_final_component_convolution_mean_coherent_v1",phase8_role_aware_pmf_cal_v1+monotone_inactive_global_v1,phase8_pmf_cal,rotation,derived_from_projected_minutes,18.0938,17.5655,0.05,12.3172,12.3172,12,11,0.0007,0.9993,0.9969,0.9909,0.9786,0.9575,0.9243,0.8793,0.8232,0.7582,0.6857,0.6078,0.5278,0.4491,0.3747,0.3069,0.247,0.1954,0.1521,0.1166,0.0882,0.5278,-112.0,112.0,0.0508,morning,2026-05-30T16:51:22Z,494a3e93#phase10c,51235cba-0b50-441b-a7aa-b0e5bef2d559,ok,0.0,high,full,current_phase8,fallback_used,projected,derived_from_projected_minutes,bdl_plus_nba_official,2026-05-30T16:50:26Z,projected,not_available_yet,bdl_lineup_freshness_manifest,market_offered
Victor Wembanyama,56677822,SAS,OKC,False,21713534,pts,34.5,34.5,fanduel,490,-900,0.1585,stat_grid:pmf_sim_v1+role_aware_pmf_cal_v1:starter+monotone_pit_cdf_v1,phase8_role_aware_pmf_cal_v1+monotone_inactive_global_v1,role_aware_pmf_cal_v1,starter,derived_from_projected_minutes,29.5905,32.708,0.05,24.2415,24.2415,24,25,0.0005,0.9995,0.9989,0.9986,0.9978,0.9968,0.9957,0.9937,0.9919,0.9879,0.983,0.9731,0.9621,0.9457,0.9322,0.9063,0.886,0.861,0.8288,0.7863,0.7437,0.085,1077.0,-1077.0,-0.0735,morning,2026-05-30T16:51:22Z,494a3e93#phase10c,51235cba-0b50-441b-a7aa-b0e5bef2d559,ok,0.0,high,full,current_phase8,fallback_used,projected,derived_from_projected_minutes,bdl_plus_nba_official,2026-05-30T16:50:26Z,projected,not_available_yet,bdl_lineup_freshness_manifest,market_offered
Victor Wembanyama,56677822,SAS,OKC,False,21713534,pts,33.5,33.5,fanduel,390,-650,0.1906,stat_grid:pmf_sim_v1+role_aware_pmf_cal_v1:starter+monotone_pit_cdf_v1,phase8_role_aware_pmf_cal_v1+monotone_inactive_global_v1,role_aware_pmf_cal_v1,starter,derived_from_projected_minutes,29.5905,32.708,0.05,24.2415,24.2415,24,25,0.0005,0.9995,0.9989,0.9986,0.9978,0.9968,0.9957,0.9937,0.9919,0.9879,0.983,0.9731,0.9621,0.9457,0.9322,0.9063,0.886,0.861,0.8288,0.7863,0.7437,0.0993,907.0,-907.0,-0.0913,morning,2026-05-30T16:51:22Z,494a3e93#phase10c,51235cba-0b50-441b-a7aa-b0e5bef2d559,ok,0.0,high,full,current_phase8,fallback_used,projected,derived_from_projected_minutes,bdl_plus_nba_official,2026-05-30T16:50:26Z,projected,not_available_yet,bdl_lineup_freshness_manifest,market_offered
Victor Wembanyama,56677822,SAS,OKC,False,21713534,pts,32.5,32.5,fanduel,320,-490,0.2228,stat_grid:pmf_sim_v1+role_aware_pmf_cal_v1:starter+monotone_pit_cdf_v1,phase8_role_aware_pmf_cal_v1+monotone_inactive_global_v1,role_aware_pmf_cal_v1,starter,derived_from_projected_minutes,29.5905,32.708,0.05,24.2415,24.2415,24,25,0.0005,0.9995,0.9989,0.9986,0.9978,0.9968,0.9957,0.9937,0.9919,0.9879,0.983,0.9731,0.9621,0.9457,0.9322,0.9063,0.886,0.861,0.8288,0.7863,0.7437,0.1171,754.0,-754.0,-0.1057,morning,2026-05-30T16:51:22Z,494a3e93#phase10c,51235cba-0b50-441b-a7aa-b0e5bef2d559,ok,0.0,high,full,current_phase8,fallback_used,projected,derived_from_projected_minutes,bdl_plus_nba_official,2026-05-30T16:50:26Z,projected,not_available_yet,bdl_lineup_freshness_manifest,market_offered
Victor Wembanyama,56677822,SAS,OKC,False,21713534,pts,31.5,31.5,fanduel,270,-400,0.2525,stat_grid:pmf_sim_v1+role_aware_pmf_cal_v1:starter+monotone_pit_cdf_v1,phase8_role_aware_pmf_cal_v1+monotone_inactive_global_v1,role_aware_pmf_cal_v1,starter,derived_from_projected_minutes,29.5905,32.708,0.05,24.2415,24.2415,24,25,0.0005,0.9995,0.9989,0.9986,0.9978,0.9968,0.9957,0.9937,0.9919,0.9879,0.983,0.9731,0.9621,0.9457,0.9322,0.9063,0.886,0.861,0.8288,0.7863,0.7437,0.1456,587.0,-587.0,-0.107,morning,2026-05-30T16:51:22Z,494a3e93#phase10c,51235cba-0b50-441b-a7aa-b0e5bef2d559,ok,0.0,high,full,current_phase8,fallback_used,projected,derived_from_projected_minutes,bdl_plus_nba_official,2026-05-30T16:50:26Z,projected,not_available_yet,bdl_lineup_freshness_manifest,market_offered
Victor Wembanyama,56677822,SAS,OKC,False,21713534,pts,30.5,30.5,fanduel,220,-310,0.2924,stat_grid:pmf_sim_v1+role_aware_pmf_cal_v1:starter+monotone_pit_cdf_v1,phase8_role_aware_pmf_cal_v1+monotone_inactive_global_v1,role_aware_pmf_cal_v1,starter,derived_from_projected_minutes,29.5905,32.708,0.05,24.2415,24.2415,24,25,0.0005,0.9995,0.9989,0.9986,0.9978,0.9968,0.9957,0.9937,0.9919,0.9879,0.983,0.9731,0.9621,0.9457,0.9322,0.9063,0.886,0.861,0.8288,0.7863,0.7437,0.1805,454.0,-454.0,-0.1119,morning,2026-05-30T16:51:22Z,494a3e93#phase10c,51235cba-0b50-441b-a7aa-b0e5bef2d559,ok,0.0,high,full,current_phase8,fallback_used,projected,derived_from_projected_minutes,bdl_plus_nba_official,2026-05-30T16:50:26Z,projected,not_available_yet,bdl_lineup_freshness_manifest,market_offered
Victor Wembanyama,56677822,SAS,OKC,False,21713534,pts,26.5,26.5,fanduel,-102,-130,0.4718,stat_grid:pmf_sim_v1+role_aware_pmf_cal_v1:starter+monotone_pit_cdf_v1,phase8_role_aware_pmf_cal_v1+monotone_inactive_global_v1,role_aware_pmf_cal_v1,starter,derived_from_projected_minutes,29.5905,32.708,0.05,24.2415,24.2415,24,25,0.0005,0.9995,0.9989,0.9986,0.9978,0.9968,0.9957,0.9937,0.9919,0.9879,0.983,0.9731,0.9621,0.9457,0.9322,0.9063,0.886,0.861,0.8288,0.7863,0.7437,0.3569,180.0,-180.0,-0.1149,morning,2026-05-30T16:51:22Z,494a3e93#phase10c,51235cba-0b50-441b-a7aa-b0e5bef2d559,ok,0.0,high,full,current_phase8,fallback_used,projected,derived_from_projected_minutes,bdl_plus_nba_official,2026-05-30T16:50:26Z,projected,not_available_yet,bdl_lineup_freshness_manifest,market_offered
Victor Wembanyama,56677822,SAS,OKC,False,21713534,pts,29.5,29.5,fanduel,182,-250,0.3318,stat_grid:pmf_sim_v1+role_aware_pmf_cal_v1:starter+monotone_pit_cdf_v1,phase8_role_aware_pmf_cal_v1+monotone_inactive_global_v1,role_aware_pmf_cal_v1,starter,derived_from_projected_minutes,29.5905,32.708,0.05,24.2415,24.2415,24,25,0.0005,0.9995,0.9989,0.9986,0.9978,0.9968,0.9957,0.9937,0.9919,0.9879,0.983,0.9731,0.9621,0.9457,0.9322,0.9063,0.886,0.861,0.8288,0.7863,0.7437,0.2221,350.0,-350.0,-0.1096,morning,2026-05-30T16:51:22Z,494a3e93#phase10c,51235cba-0b50-441b-a7aa-b0e5bef2d559,ok,0.0,high,full,current_phase8,fallback_used,projected,derived_from_projected_minutes,bdl_plus_nba_official,2026-05-30T16:50:26Z,projected,not_available_yet,bdl_lineup_freshness_manifest,market_offered
Victor Wembanyama,56677822,SAS,OKC,False,21713534,pts,28.5,28.5,fanduel,148,-200,0.3769,stat_grid:pmf_sim_v1+role_aware_pmf_cal_v1:starter+monotone_pit_cdf_v1,phase8_role_aware_pmf_cal_v1+monotone_inactive_global_v1,role_aware_pmf_cal_v1,starter,derived_from_projected_minutes,29.5905,32.708,0.05,24.2415,24.2415,24,25,0.0005,0.9995,0.9989,0.9986,0.9978,0.9968,0.9957,0.9937,0.9919,0.9879,0.983,0.9731,0.9621,0.9457,0.9322,0.9063,0.886,0.861,0.8288,0.7863,0.7437,0.2636,279.0,-279.0,-0.1132,morning,2026-05-30T16:51:22Z,494a3e93#phase10c,51235cba-0b50-441b-a7aa-b0e5bef2d559,ok,0.0,high,full,current_phase8,fallback_used,projected,derived_from_projected_minutes,bdl_plus_nba_official,2026-05-30T16:50:26Z,projected,not_available_yet,bdl_lineup_freshness_manifest,market_offered
Victor Wembanyama,56677822,SAS,OKC,False,21713534,pts,27.5,27.5,fanduel,122,-162,0.4215,stat_grid:pmf_sim_v1+role_aware_pmf_cal_v1:starter+monotone_pit_cdf_v1,phase8_role_aware_pmf_cal_v1+monotone_inactive_global_v1,role_aware_pmf_cal_v1,starter,derived_from_projected_minutes,29.5905,32.708,0.05,24.2415,24.2415,24,25,0.0005,0.9995,0.9989,0.9986,0.9978,0.9968,0.9957,0.9937,0.9919,0.9879,0.983,0.9731,0.9621,0.9457,0.9322,0.9063,0.886,0.861,0.8288,0.7863,0.7437,0.3086,224.0,-224.0,-0.1129,morning,2026-05-30T16:51:22Z,494a3e93#phase10c,51235cba-0b50-441b-a7aa-b0e5bef2d559,ok,0.0,high,full,current_phase8,fallback_used,projected,derived_from_projected_minutes,bdl_plus_nba_official,2026-05-30T16:50:26Z,projected,not_available_yet,bdl_lineup_freshness_manifest,market_offered
Victor Wembanyama,56677822,SAS,OKC,False,21713534,pts,26.5,26.5,fanduel,-102,-130,0.4718,stat_grid:pmf_sim_v1+role_aware_pmf_cal_v1:starter+monotone_pit_cdf_v1,phase8_role_aware_pmf_cal_v1+monotone_inactive_global_v1,role_aware_pmf_cal_v1,starter,derived_from_projected_minutes,29.5905,32.708,0.05,24.2415,24.2415,24,25,0.0005,0.9995,0.9989,0.9986,0.9978,0.9968,0.9957,0.9937,0.9919,0.9879,0.983,0.9731,0.9621,0.9457,0.9322,0.9063,0.886,0.861,0.8288,0.7863,0.7437,0.3569,180.0,-180.0,-0.1149,morning,2026-05-30T16:51:22Z,494a3e93#phase10c,51235cba-0b50-441b-a7aa-b0e5bef2d559,ok,0.0,high,full,current_phase8,fallback_used,projected,derived_from_projected_minutes,bdl_plus_nba_official,2026-05-30T16:50:26Z,projected,not_available_yet,bdl_lineup_freshness_manifest,market_offered
Victor Wembanyama,56677822,SAS,OKC,False,21713534,pts,25.5,25.5,fanduel,-128,-104,0.5241,stat_grid:pmf_sim_v1+role_aware_pmf_cal_v1:starter+monotone_pit_cdf_v1,phase8_role_aware_pmf_cal_v1+monotone_inactive_global_v1,role_aware_pmf_cal_v1,starter,derived_from_projected_minutes,29.5905,32.708,0.05,24.2415,24.2415,24,25,0.0005,0.9995,0.9989,0.9986,0.9978,0.9968,0.9957,0.9937,0.9919,0.9879,0.983,0.9731,0.9621,0.9457,0.9322,0.9063,0.886,0.861,0.8288,0.7863,0.7437,0.4045,147.0,-147.0,-0.1196,morning,2026-05-30T16:51:22Z,494a3e93#phase10c,51235cba-0b50-441b-a7aa-b0e5bef2d559,ok,0.0,high,full,current_phase8,fallback_used,projected,derived_from_projected_minutes,bdl_plus_nba_official,2026-05-30T16:50:26Z,projected,not_available_yet,bdl_lineup_freshness_manifest,market_offered
Victor Wembanyama,56677822,SAS,OKC,False,21713534,pts,24.5,24.5,fanduel,-158,118,0.5717,stat_grid:pmf_sim_v1+role_aware_pmf_cal_v1:starter+monotone_pit_cdf_v1,phase8_role_aware_pmf_cal_v1+monotone_inactive_global_v1,role_aware_pmf_cal_v1,starter,derived_from_projected_minutes,29.5905,32.708,0.05,24.2415,24.2415,24,25,0.0005,0.9995,0.9989,0.9986,0.9978,0.9968,0.9957,0.9937,0.9919,0.9879,0.983,0.9731,0.9621,0.9457,0.9322,0.9063,0.886,0.861,0.8288,0.7863,0.7437,0.4907,104.0,-104.0,-0.0811,morning,2026-05-30T16:51:22Z,494a3e93#phase10c,51235cba-0b50-441b-a7aa-b0e5bef2d559,ok,0.0,high,full,current_phase8,fallback_used,projected,derived_from_projected_minutes,bdl_plus_nba_official,2026-05-30T16:50:26Z,projected,not_available_yet,bdl_lineup_freshness_manifest,market_offered
Victor Wembanyama,56677822,SAS,OKC,False,21713534,pts,23.5,23.5,fanduel,-200,148,0.6231,stat_grid:pmf_sim_v1+role_aware_pmf_cal_v1:starter+monotone_pit_cdf_v1,phase8_role_aware_pmf_cal_v1+monotone_inactive_global_v1,role_aware_pmf_cal_v1,starter,derived_from_projected_minutes,29.5905,32.708,0.05,24.2415,24.2415,24,25,0.0005,0.9995,0.9989,0.9986,0.9978,0.9968,0.9957,0.9937,0.9919,0.9879,0.983,0.9731,0.9621,0.9457,0.9322,0.9063,0.886,0.861,0.8288,0.7863,0.7437,0.5493,-122.0,122.0,-0.0738,morning,2026-05-30T16:51:22Z,494a3e93#phase10c,51235cba-0b50-441b-a7aa-b0e5bef2d559,ok,0.0,high,full,current_phase8,fallback_used,projected,derived_from_projected_minutes,bdl_plus_nba_official,2026-05-30T16:50:26Z,projected,not_available_yet,bdl_lineup_freshness_manifest,market_offered
Victor Wembanyama,56677822,SAS,OKC,False,21713534,pts,22.5,22.5,fanduel,-250,182,0.6682,stat_grid:pmf_sim_v1+role_aware_pmf_cal_v1:starter+monotone_pit_cdf_v1,phase8_role_aware_pmf_cal_v1+monotone_inactive_global_v1,role_aware_pmf_cal_v1,starter,derived_from_projected_minutes,29.5905,32.708,0.05,24.2415,24.2415,24,25,0.0005,0.9995,0.9989,0.9986,0.9978,0.9968,0.9957,0.9937,0.9919,0.9879,0.983,0.9731,0.9621,0.9457,0.9322,0.9063,0.886,0.861,0.8288,0.7863,0.7437,0.5992,-149.0,149.0,-0.0691,morning,2026-05-30T16:51:22Z,494a3e93#phase10c,51235cba-0b50-441b-a7aa-b0e5bef2d559,ok,0.0,high,full,current_phase8,fallback_used,projected,derived_from_projected_minutes,bdl_plus_nba_official,2026-05-30T16:50:26Z,projected,not_available_yet,bdl_lineup_freshness_manifest,market_offered
Victor Wembanyama,56677822,SAS,OKC,False,21713534,pts,21.5,21.5,fanduel,-320,225,0.7123,stat_grid:pmf_sim_v1+role_aware_pmf_cal_v1:starter+monotone_pit_cdf_v1,phase8_role_aware_pmf_cal_v1+monotone_inactive_global_v1,role_aware_pmf_cal_v1,starter,derived_from_projected_minutes,29.5905,32.708,0.05,24.2415,24.2415,24,25,0.0005,0.9995,0.9989,0.9986,0.9978,0.9968,0.9957,0.9937,0.9919,0.9879,0.983,0.9731,0.9621,0.9457,0.9322,0.9063,0.886,0.861,0.8288,0.7863,0.7437,0.6477,-184.0,184.0,-0.0647,morning,2026-05-30T16:51:22Z,494a3e93#phase10c,51235cba-0b50-441b-a7aa-b0e5bef2d559,ok,0.0,high,full,current_phase8,fallback_used,projected,derived_from_projected_minutes,bdl_plus_nba_official,2026-05-30T16:50:26Z,projected,not_available_yet,bdl_lineup_freshness_manifest,market_offered
Victor Wembanyama,56677822,SAS,OKC,False,21713534,pts,20.5,20.5,fanduel,-400,270,0.7475,stat_grid:pmf_sim_v1+role_aware_pmf_cal_v1:starter+monotone_pit_cdf_v1,phase8_role_aware_pmf_cal_v1+monotone_inactive_global_v1,role_aware_pmf_cal_v1,starter,derived_from_projected_minutes,29.5905,32.708,0.05,24.2415,24.2415,24,25,0.0005,0.9995,0.9989,0.9986,0.9978,0.9968,0.9957,0.9937,0.9919,0.9879,0.983,0.9731,0.9621,0.9457,0.9322,0.9063,0.886,0.861,0.8288,0.7863,0.7437,0.7024,-236.0,236.0,-0.0451,morning,2026-05-30T16:51:22Z,494a3e93#phase10c,51235cba-0b50-441b-a7aa-b0e5bef2d559,ok,0.0,high,full,current_phase8,fallback_used,projected,derived_from_projected_minutes,bdl_plus_nba_official,2026-05-30T16:50:26Z,projected,not_available_yet,bdl_lineup_freshness_manifest,market_offered
Victor Wembanyama,56677822,SAS,OKC,False,21713534,pts,19.5,19.5,fanduel,-500,320,0.7778,stat_grid:pmf_sim_v1+role_aware_pmf_cal_v1:starter+monotone_pit_cdf_v1,phase8_role_aware_pmf_cal_v1+monotone_inactive_global_v1,role_aware_pmf_cal_v1,starter,derived_from_projected_minutes,29.5905,32.708,0.05,24.2415,24.2415,24,25,0.0005,0.9995,0.9989,0.9986,0.9978,0.9968,0.9957,0.9937,0.9919,0.9879,0.983,0.9731,0.9621,0.9457,0.9322,0.9063,0.886,0.861,0.8288,0.7863,0.7437,0.7437,-290.0,290.0,-0.0341,morning,2026-05-30T16:51:22Z,494a3e93#phase10c,51235cba-0b50-441b-a7aa-b0e5bef2d559,ok,0.0,high,full,current_phase8,fallback_used,projected,derived_from_projected_minutes,bdl_plus_nba_official,2026-05-30T16:50:26Z,projected,not_available_yet,bdl_lineup_freshness_manifest,market_offered
Victor Wembanyama,56677822,SAS,OKC,False,21713534,pts,18.5,18.5,fanduel,-700,410,0.8169,stat_grid:pmf_sim_v1+role_aware_pmf_cal_v1:starter+monotone_pit_cdf_v1,phase8_role_aware_pmf_cal_v1+monotone_inactive_global_v1,role_aware_pmf_cal_v1,starter,derived_from_projected_minutes,29.5905,32.708,0.05,24.2415,24.2415,24,25,0.0005,0.9995,0.9989,0.9986,0.9978,0.9968,0.9957,0.9937,0.9919,0.9879,0.983,0.9731,0.9621,0.9457,0.9322,0.9063,0.886,0.861,0.8288,0.7863,0.7437,0.7863,-368.0,368.0,-0.0306,morning,2026-05-30T16:51:22Z,494a3e93#phase10c,51235cba-0b50-441b-a7aa-b0e5bef2d559,ok,0.0,high,full,current_phase8,fallback_used,projected,derived_from_projected_minutes,bdl_plus_nba_official,2026-05-30T16:50:26Z,projected,not_available_yet,bdl_lineup_freshness_manifest,market_offered
Victor Wembanyama,56677822,SAS,OKC,False,21713534,pts,25.5,25.5,williamhill_us,-127,-105,0.5221,stat_grid:pmf_sim_v1+role_aware_pmf_cal_v1:starter+monotone_pit_cdf_v1,phase8_role_aware_pmf_cal_v1+monotone_inactive_global_v1,role_aware_pmf_cal_v1,starter,derived_from_projected_minutes,29.5905,32.708,0.05,24.2415,24.2415,24,25,0.0005,0.9995,0.9989,0.9986,0.9978,0.9968,0.9957,0.9937,0.9919,0.9879,0.983,0.9731,0.9621,0.9457,0.9322,0.9063,0.886,0.861,0.8288,0.7863,0.7437,0.4045,147.0,-147.0,-0.1175,morning,2026-05-30T16:51:22Z,494a3e93#phase10c,51235cba-0b50-441b-a7aa-b0e5bef2d559,ok,0.0,high,full,current_phase8,fallback_used,projected,derived_from_projected_minutes,bdl_plus_nba_official,2026-05-30T16:50:26Z,projected,not_available_yet,bdl_lineup_freshness_manifest,market_offered
Victor Wembanyama,56677822,SAS,OKC,False,21713534,pts,30.5,30.5,bovada,215,-300,0.2974,stat_grid:pmf_sim_v1+role_aware_pmf_cal_v1:starter+monotone_pit_cdf_v1,phase8_role_aware_pmf_cal_v1+monotone_inactive_global_v1,role_aware_pmf_cal_v1,starter,derived_from_projected_minutes,29.5905,32.708,0.05,24.2415,24.2415,24,25,0.0005,0.9995,0.9989,0.9986,0.9978,0.9968,0.9957,0.9937,0.9919,0.9879,0.983,0.9731,0.9621,0.9457,0.9322,0.9063,0.886,0.861,0.8288,0.7863,0.7437,0.1805,454.0,-454.0,-0.1169,morning,2026-05-30T16:51:22Z,494a3e93#phase10c,51235cba-0b50-441b-a7aa-b0e5bef2d559,ok,0.0,high,full,current_phase8,fallback_used,projected,derived_from_projected_minutes,bdl_plus_nba_official,2026-05-30T16:50:26Z,projected,not_available_yet,bdl_lineup_freshness_manifest,market_offered
Victor Wembanyama,56677822,SAS,OKC,False,21713534,pts,29.5,29.5,bovada,175,-240,0.34,stat_grid:pmf_sim_v1+role_aware_pmf_cal_v1:starter+monotone_pit_cdf_v1,phase8_role_aware_pmf_cal_v1+monotone_inactive_global_v1,role_aware_pmf_cal_v1,starter,derived_from_projected_minutes,29.5905,32.708,0.05,24.2415,24.2415,24,25,0.0005,0.9995,0.9989,0.9986,0.9978,0.9968,0.9957,0.9937,0.9919,0.9879,0.983,0.9731,0.9621,0.9457,0.9322,0.9063,0.886,0.861,0.8288,0.7863,0.7437,0.2221,350.0,-350.0,-0.1179,morning,2026-05-30T16:51:22Z,494a3e93#phase10c,51235cba-0b50-441b-a7aa-b0e5bef2d559,ok,0.0,high,full,current_phase8,fallback_used,projected,derived_from_projected_minutes,bdl_plus_nba_official,2026-05-30T16:50:26Z,projected,not_available_yet,bdl_lineup_freshness_manifest,market_offered
Victor Wembanyama,56677822,SAS,OKC,False,21713534,pts,28.5,28.5,bovada,150,-200,0.375,stat_grid:pmf_sim_v1+role_aware_pmf_cal_v1:starter+monotone_pit_cdf_v1,phase8_role_aware_pmf_cal_v1+monotone_inactive_global_v1,role_aware_pmf_cal_v1,starter,derived_from_projected_minutes,29.5905,32.708,0.05,24.2415,24.2415,24,25,0.0005,0.9995,0.9989,0.9986,0.9978,0.9968,0.9957,0.9937,0.9919,0.9879,0.983,0.9731,0.9621,0.9457,0.9322,0.9063,0.886,0.861,0.8288,0.7863,0.7437,0.2636,279.0,-279.0,-0.1114,morning,2026-05-30T16:51:22Z,494a3e93#phase10c,51235cba-0b50-441b-a7aa-b0e5bef2d559,ok,0.0,high,full,current_phase8,fallback_used,projected,derived_from_projected_minutes,bdl_plus_nba_official,2026-05-30T16:50:26Z,projected,not_available_yet,bdl_lineup_freshness_manifest,market_offered
Victor Wembanyama,56677822,SAS,OKC,False,21713534,pts,27.5,27.5,bovada,120,-160,0.4248,stat_grid:pmf_sim_v1+role_aware_pmf_cal_v1:starter+monotone_pit_cdf_v1,phase8_role_aware_pmf_cal_v1+monotone_inactive_global_v1,role_aware_pmf_cal_v1,starter,derived_from_projected_minutes,29.5905,32.708,0.05,24.2415,24.2415,24,25,0.0005,0.9995,0.9989,0.9986,0.9978,0.9968,0.9957,0.9937,0.9919,0.9879,0.983,0.9731,0.9621,0.9457,0.9322,0.9063,0.886,0.861,0.8288,0.7863,0.7437,0.3086,224.0,-224.0,-0.1162,morning,2026-05-30T16:51:22Z,494a3e93#phase10c,51235cba-0b50-441b-a7aa-b0e5bef2d559,ok,0.0,high,full,current_phase8,fallback_used,projected,derived_from_projected_minutes,bdl_plus_nba_official,2026-05-30T16:50:26Z,projected,not_available_yet,bdl_lineup_freshness_manifest,market_offered
Victor Wembanyama,56677822,SAS,OKC,False,21713534,pts,26.5,26.5,bovada,100,-130,0.4694,stat_grid:pmf_sim_v1+role_aware_pmf_cal_v1:starter+monotone_pit_cdf_v1,phase8_role_aware_pmf_cal_v1+monotone_inactive_global_v1,role_aware_pmf_cal_v1,starter,derived_from_projected_minutes,29.5905,32.708,0.05,24.2415,24.2415,24,25,0.0005,0.9995,0.9989,0.9986,0.9978,0.9968,0.9957,0.9937,0.9919,0.9879,0.983,0.9731,0.9621,0.9457,0.9322,0.9063,0.886,0.861,0.8288,0.7863,0.7437,0.3569,180.0,-180.0,-0.1125,morning,2026-05-30T16:51:22Z,494a3e93#phase10c,51235cba-0b50-441b-a7aa-b0e5bef2d559,ok,0.0,high,full,current_phase8,fallback_used,projected,derived_from_projected_minutes,bdl_plus_nba_official,2026-05-30T16:50:26Z,projected,not_available_yet,bdl_lineup_freshness_manifest,market_offered
Victor Wembanyama,56677822,SAS,OKC,False,21713534,pts,24.5,24.5,bovada,-145,110,0.5541,stat_grid:pmf_sim_v1+role_aware_pmf_cal_v1:starter+monotone_pit_cdf_v1,phase8_role_aware_pmf_cal_v1+monotone_inactive_global_v1,role_aware_pmf_cal_v1,starter,derived_from_projected_minutes,29.5905,32.708,0.05,24.2415,24.2415,24,25,0.0005,0.9995,0.9989,0.9986,0.9978,0.9968,0.9957,0.9937,0.9919,0.9879,0.983,0.9731,0.9621,0.9457,0.9322,0.9063,0.886,0.861,0.8288,0.7863,0.7437,0.4907,104.0,-104.0,-0.0635,morning,2026-05-30T16:51:22Z,494a3e93#phase10c,51235cba-0b50-441b-a7aa-b0e5bef2d559,ok,0.0,high,full,current_phase8,fallback_used,projected,derived_from_projected_minutes,bdl_plus_nba_official,2026-05-30T16:50:26Z,projected,not_available_yet,bdl_lineup_freshness_manifest,market_offered
Victor Wembanyama,56677822,SAS,OKC,False,21713534,pts,23.5,23.5,bovada,-180,135,0.6017,stat_grid:pmf_sim_v1+role_aware_pmf_cal_v1:starter+monotone_pit_cdf_v1,phase8_role_aware_pmf_cal_v1+monotone_inactive_global_v1,role_aware_pmf_cal_v1,starter,derived_from_projected_minutes,29.5905,32.708,0.05,24.2415,24.2415,24,25,0.0005,0.9995,0.9989,0.9986,0.9978,0.9968,0.9957,0.9937,0.9919,0.9879,0.983,0.9731,0.9621,0.9457,0.9322,0.9063,0.886,0.861,0.8288,0.7863,0.7437,0.5493,-122.0,122.0,-0.0524,morning,2026-05-30T16:51:22Z,494a3e93#phase10c,51235cba-0b50-441b-a7aa-b0e5bef2d559,ok,0.0,high,full,current_phase8,fallback_used,projected,derived_from_projected_minutes,bdl_plus_nba_official,2026-05-30T16:50:26Z,projected,not_available_yet,bdl_lineup_freshness_manifest,market_offered
Victor Wembanyama,56677822,SAS,OKC,False,21713534,pts,22.5,22.5,bovada,-230,170,0.653,stat_grid:pmf_sim_v1+role_aware_pmf_cal_v1:starter+monotone_pit_cdf_v1,phase8_role_aware_pmf_cal_v1+monotone_inactive_global_v1,role_aware_pmf_cal_v1,starter,derived_from_projected_minutes,29.5905,32.708,0.05,24.2415,24.2415,24,25,0.0005,0.9995,0.9989,0.9986,0.9978,0.9968,0.9957,0.9937,0.9919,0.9879,0.983,0.9731,0.9621,0.9457,0.9322,0.9063,0.886,0.861,0.8288,0.7863,0.7437,0.5992,-149.0,149.0,-0.0538,morning,2026-05-30T16:51:22Z,494a3e93#phase10c,51235cba-0b50-441b-a7aa-b0e5bef2d559,ok,0.0,high,full,current_phase8,fallback_used,projected,derived_from_projected_minutes,bdl_plus_nba_official,2026-05-30T16:50:26Z,projected,not_available_yet,bdl_lineup_freshness_manifest,market_offered
Victor Wembanyama,56677822,SAS,OKC,False,21713534,pts,21.5,21.5,bovada,-290,210,0.6974,stat_grid:pmf_sim_v1+role_aware_pmf_cal_v1:starter+monotone_pit_cdf_v1,phase8_role_aware_pmf_cal_v1+monotone_inactive_global_v1,role_aware_pmf_cal_v1,starter,derived_from_projected_minutes,29.5905,32.708,0.05,24.2415,24.2415,24,25,0.0005,0.9995,0.9989,0.9986,0.9978,0.9968,0.9957,0.9937,0.9919,0.9879,0.983,0.9731,0.9621,0.9457,0.9322,0.9063,0.886,0.861,0.8288,0.7863,0.7437,0.6477,-184.0,184.0,-0.0498,morning,2026-05-30T16:51:22Z,494a3e93#phase10c,51235cba-0b50-441b-a7aa-b0e5bef2d559,ok,0.0,high,full,current_phase8,fallback_used,projected,derived_from_projected_minutes,bdl_plus_nba_official,2026-05-30T16:50:26Z,projected,not_available_yet,bdl_lineup_freshness_manifest,market_offered
Victor Wembanyama,56677822,SAS,OKC,False,21713534,pts,25.5,25.5,bovada,-120,-110,0.5101,stat_grid:pmf_sim_v1+role_aware_pmf_cal_v1:starter+monotone_pit_cdf_v1,phase8_role_aware_pmf_cal_v1+monotone_inactive_global_v1,role_aware_pmf_cal_v1,starter,derived_from_projected_minutes,29.5905,32.708,0.05,24.2415,24.2415,24,25,0.0005,0.9995,0.9989,0.9986,0.9978,0.9968,0.9957,0.9937,0.9919,0.9879,0.983,0.9731,0.9621,0.9457,0.9322,0.9063,0.886,0.861,0.8288,0.7863,0.7437,0.4045,147.0,-147.0,-0.1056,morning,2026-05-30T16:51:22Z,494a3e93#phase10c,51235cba-0b50-441b-a7aa-b0e5bef2d559,ok,0.0,high,full,current_phase8,fallback_used,projected,derived_from_projected_minutes,bdl_plus_nba_official,2026-05-30T16:50:26Z,projected,not_available_yet,bdl_lineup_freshness_manifest,market_offered
Victor Wembanyama,56677822,SAS,OKC,False,21713534,pts,26.5,26.5,betmgm,-111,-120,0.491,stat_grid:pmf_sim_v1+role_aware_pmf_cal_v1:starter+monotone_pit_cdf_v1,phase8_role_aware_pmf_cal_v1+monotone_inactive_global_v1,role_aware_pmf_cal_v1,starter,derived_from_projected_minutes,29.5905,32.708,0.05,24.2415,24.2415,24,25,0.0005,0.9995,0.9989,0.9986,0.9978,0.9968,0.9957,0.9937,0.9919,0.9879,0.983,0.9731,0.9621,0.9457,0.9322,0.9063,0.886,0.861,0.8288,0.7863,0.7437,0.3569,180.0,-180.0,-0.1341,morning,2026-05-30T16:51:22Z,494a3e93#phase10c,51235cba-0b50-441b-a7aa-b0e5bef2d559,ok,0.0,high,full,current_phase8,fallback_used,projected,derived_from_projected_minutes,bdl_plus_nba_official,2026-05-30T16:50:26Z,projected,not_available_yet,bdl_lineup_freshness_manifest,market_offered
Victor Wembanyama,56677822,SAS,OKC,False,21713534,pts,27.5,27.5,betrivers,115,-157,0.4323,stat_grid:pmf_sim_v1+role_aware_pmf_cal_v1:starter+monotone_pit_cdf_v1,phase8_role_aware_pmf_cal_v1+monotone_inactive_global_v1,role_aware_pmf_cal_v1,starter,derived_from_projected_minutes,29.5905,32.708,0.05,24.2415,24.2415,24,25,0.0005,0.9995,0.9989,0.9986,0.9978,0.9968,0.9957,0.9937,0.9919,0.9879,0.983,0.9731,0.9621,0.9457,0.9322,0.9063,0.886,0.861,0.8288,0.7863,0.7437,0.3086,224.0,-224.0,-0.1237,morning,2026-05-30T16:51:22Z,494a3e93#phase10c,51235cba-0b50-441b-a7aa-b0e5bef2d559,ok,0.0,high,full,current_phase8,fallback_used,projected,derived_from_projected_minutes,bdl_plus_nba_official,2026-05-30T16:50:26Z,projected,not_available_yet,bdl_lineup_freshness_manifest,market_offered
Victor Wembanyama,56677822,SAS,OKC,False,21713534,pts,26.5,26.5,betrivers,-108,-127,0.4813,stat_grid:pmf_sim_v1+role_aware_pmf_cal_v1:starter+monotone_pit_cdf_v1,phase8_role_aware_pmf_cal_v1+monotone_inactive_global_v1,role_aware_pmf_cal_v1,starter,derived_from_projected_minutes,29.5905,32.708,0.05,24.2415,24.2415,24,25,0.0005,0.9995,0.9989,0.9986,0.9978,0.9968,0.9957,0.9937,0.9919,0.9879,0.983,0.9731,0.9621,0.9457,0.9322,0.9063,0.886,0.861,0.8288,0.7863,0.7437,0.3569,180.0,-180.0,-0.1244,morning,2026-05-30T16:51:22Z,494a3e93#phase10c,51235cba-0b50-441b-a7aa-b0e5bef2d559,ok,0.0,high,full,current_phase8,fallback_used,projected,derived_from_projected_minutes,bdl_plus_nba_official,2026-05-30T16:50:26Z,projected,not_available_yet,bdl_lineup_freshness_manifest,market_offered
Victor Wembanyama,56677822,SAS,OKC,False,21713534,pts,25.5,25.5,betrivers,-134,-103,0.5302,stat_grid:pmf_sim_v1+role_aware_pmf_cal_v1:starter+monotone_pit_cdf_v1,phase8_role_aware_pmf_cal_v1+monotone_inactive_global_v1,role_aware_pmf_cal_v1,starter,derived_from_projected_minutes,29.5905,32.708,0.05,24.2415,24.2415,24,25,0.0005,0.9995,0.9989,0.9986,0.9978,0.9968,0.9957,0.9937,0.9919,0.9879,0.983,0.9731,0.9621,0.9457,0.9322,0.9063,0.886,0.861,0.8288,0.7863,0.7437,0.4045,147.0,-147.0,-0.1257,morning,2026-05-30T16:51:22Z,494a3e93#phase10c,51235cba-0b50-441b-a7aa-b0e5bef2d559,ok,0.0,high,full,current_phase8,fallback_used,projected,derived_from_projected_minutes,bdl_plus_nba_official,2026-05-30T16:50:26Z,projected,not_available_yet,bdl_lineup_freshness_manifest,market_offered
Victor Wembanyama,56677822,SAS,OKC,False,21713534,pts,25.5,25.5,draftkings,-116,-110,0.5062,stat_grid:pmf_sim_v1+role_aware_pmf_cal_v1:starter+monotone_pit_cdf_v1,phase8_role_aware_pmf_cal_v1+monotone_inactive_global_v1,role_aware_pmf_cal_v1,starter,derived_from_projected_minutes,29.5905,32.708,0.05,24.2415,24.2415,24,25,0.0005,0.9995,0.9989,0.9986,0.9978,0.9968,0.9957,0.9937,0.9919,0.9879,0.983,0.9731,0.9621,0.9457,0.9322,0.9063,0.886,0.861,0.8288,0.7863,0.7437,0.4045,147.0,-147.0,-0.1017,morning,2026-05-30T16:51:22Z,494a3e93#phase10c,51235cba-0b50-441b-a7aa-b0e5bef2d559,ok,0.0,high,full,current_phase8,fallback_used,projected,derived_from_projected_minutes,bdl_plus_nba_official,2026-05-30T16:50:26Z,projected,not_available_yet,bdl_lineup_freshness_manifest,market_offered
Victor Wembanyama,56677822,SAS,OKC,False,21713534,pts,26.5,26.5,hardrockbet_az,-115,-115,0.5,stat_grid:pmf_sim_v1+role_aware_pmf_cal_v1:starter+monotone_pit_cdf_v1,phase8_role_aware_pmf_cal_v1+monotone_inactive_global_v1,role_aware_pmf_cal_v1,starter,derived_from_projected_minutes,29.5905,32.708,0.05,24.2415,24.2415,24,25,0.0005,0.9995,0.9989,0.9986,0.9978,0.9968,0.9957,0.9937,0.9919,0.9879,0.983,0.9731,0.9621,0.9457,0.9322,0.9063,0.886,0.861,0.8288,0.7863,0.7437,0.3569,180.0,-180.0,-0.1431,morning,2026-05-30T16:51:22Z,494a3e93#phase10c,51235cba-0b50-441b-a7aa-b0e5bef2d559,ok,0.0,high,full,current_phase8,fallback_used,projected,derived_from_projected_minutes,bdl_plus_nba_official,2026-05-30T16:50:26Z,projected,not_available_yet,bdl_lineup_freshness_manifest,market_offered
Victor Wembanyama,56677822,SAS,OKC,False,21713534,pts,26.5,26.5,hardrockbet,-115,-115,0.5,stat_grid:pmf_sim_v1+role_aware_pmf_cal_v1:starter+monotone_pit_cdf_v1,phase8_role_aware_pmf_cal_v1+monotone_inactive_global_v1,role_aware_pmf_cal_v1,starter,derived_from_projected_minutes,29.5905,32.708,0.05,24.2415,24.2415,24,25,0.0005,0.9995,0.9989,0.9986,0.9978,0.9968,0.9957,0.9937,0.9919,0.9879,0.983,0.9731,0.9621,0.9457,0.9322,0.9063,0.886,0.861,0.8288,0.7863,0.7437,0.3569,180.0,-180.0,-0.1431,morning,2026-05-30T16:51:22Z,494a3e93#phase10c,51235cba-0b50-441b-a7aa-b0e5bef2d559,ok,0.0,high,full,current_phase8,fallback_used,projected,derived_from_projected_minutes,bdl_plus_nba_official,2026-05-30T16:50:26Z,projected,not_available_yet,bdl_lineup_freshness_manifest,market_offered
Victor Wembanyama,56677822,SAS,OKC,False,21713534,pts,25.5,25.5,rebet,-121,-109,0.5122,stat_grid:pmf_sim_v1+role_aware_pmf_cal_v1:starter+monotone_pit_cdf_v1,phase8_role_aware_pmf_cal_v1+monotone_inactive_global_v1,role_aware_pmf_cal_v1,starter,derived_from_projected_minutes,29.5905,32.708,0.05,24.2415,24.2415,24,25,0.0005,0.9995,0.9989,0.9986,0.9978,0.9968,0.9957,0.9937,0.9919,0.9879,0.983,0.9731,0.9621,0.9457,0.9322,0.9063,0.886,0.861,0.8288,0.7863,0.7437,0.4045,147.0,-147.0,-0.1076,morning,2026-05-30T16:51:22Z,494a3e93#phase10c,51235cba-0b50-441b-a7aa-b0e5bef2d559,ok,0.0,high,full,current_phase8,fallback_used,projected,derived_from_projected_minutes,bdl_plus_nba_official,2026-05-30T16:50:26Z,projected,not_available_yet,bdl_lineup_freshness_manifest,market_offered
Victor Wembanyama,56677822,SAS,OKC,False,21713534,pts,26.5,26.5,hardrockbet_fl,-115,-115,0.5,stat_grid:pmf_sim_v1+role_aware_pmf_cal_v1:starter+monotone_pit_cdf_v1,phase8_role_aware_pmf_cal_v1+monotone_inactive_global_v1,role_aware_pmf_cal_v1,starter,derived_from_projected_minutes,29.5905,32.708,0.05,24.2415,24.2415,24,25,0.0005,0.9995,0.9989,0.9986,0.9978,0.9968,0.9957,0.9937,0.9919,0.9879,0.983,0.9731,0.9621,0.9457,0.9322,0.9063,0.886,0.861,0.8288,0.7863,0.7437,0.3569,180.0,-180.0,-0.1431,morning,2026-05-30T16:51:22Z,494a3e93#phase10c,51235cba-0b50-441b-a7aa-b0e5bef2d559,ok,0.0,high,full,current_phase8,fallback_used,projected,derived_from_projected_minutes,bdl_plus_nba_official,2026-05-30T16:50:26Z,projected,not_available_yet,bdl_lineup_freshness_manifest,market_offered
Victor Wembanyama,56677822,SAS,OKC,False,21713534,pts,25.5,25.5,espnbet,-125,-105,0.5203,stat_grid:pmf_sim_v1+role_aware_pmf_cal_v1:starter+monotone_pit_cdf_v1,phase8_role_aware_pmf_cal_v1+monotone_inactive_global_v1,role_aware_pmf_cal_v1,starter,derived_from_projected_minutes,29.5905,32.708,0.05,24.2415,24.2415,24,25,0.0005,0.9995,0.9989,0.9986,0.9978,0.9968,0.9957,0.9937,0.9919,0.9879,0.983,0.9731,0.9621,0.9457,0.9322,0.9063,0.886,0.861,0.8288,0.7863,0.7437,0.4045,147.0,-147.0,-0.1158,morning,2026-05-30T16:51:22Z,494a3e93#phase10c,51235cba-0b50-441b-a7aa-b0e5bef2d559,ok,0.0,high,full,current_phase8,fallback_used,projected,derived_from_projected_minutes,bdl_plus_nba_official,2026-05-30T16:50:26Z,projected,not_available_yet,bdl_lineup_freshness_manifest,market_offered
Victor Wembanyama,56677822,SAS,OKC,False,21713534,pts,26.5,26.5,espnbet,-105,-125,0.4797,stat_grid:pmf_sim_v1+role_aware_pmf_cal_v1:starter+monotone_pit_cdf_v1,phase8_role_aware_pmf_cal_v1+monotone_inactive_global_v1,role_aware_pmf_cal_v1,starter,derived_from_projected_minutes,29.5905,32.708,0.05,24.2415,24.2415,24,25,0.0005,0.9995,0.9989,0.9986,0.9978,0.9968,0.9957,0.9937,0.9919,0.9879,0.983,0.9731,0.9621,0.9457,0.9322,0.9063,0.886,0.861,0.8288,0.7863,0.7437,0.3569,180.0,-180.0,-0.1228,morning,2026-05-30T16:51:22Z,494a3e93#phase10c,51235cba-0b50-441b-a7aa-b0e5bef2d559,ok,0.0,high,full,current_phase8,fallback_used,projected,derived_from_projected_minutes,bdl_plus_nba_official,2026-05-30T16:50:26Z,projected,not_available_yet,bdl_lineup_freshness_manifest,market_offered
Victor Wembanyama,56677822,SAS,OKC,False,21713534,pts,27.5,27.5,espnbet,115,-150,0.4367,stat_grid:pmf_sim_v1+role_aware_pmf_cal_v1:starter+monotone_pit_cdf_v1,phase8_role_aware_pmf_cal_v1+monotone_inactive_global_v1,role_aware_pmf_cal_v1,starter,derived_from_projected_minutes,29.5905,32.708,0.05,24.2415,24.2415,24,25,0.0005,0.9995,0.9989,0.9986,0.9978,0.9968,0.9957,0.9937,0.9919,0.9879,0.983,0.9731,0.9621,0.9457,0.9322,0.9063,0.886,0.861,0.8288,0.7863,0.7437,0.3086,224.0,-224.0,-0.1281,morning,2026-05-30T16:51:22Z,494a3e93#phase10c,51235cba-0b50-441b-a7aa-b0e5bef2d559,ok,0.0,high,full,current_phase8,fallback_used,projected,derived_from_projected_minutes,bdl_plus_nba_official,2026-05-30T16:50:26Z,projected,not_available_yet,bdl_lineup_freshness_manifest,market_offered
Victor Wembanyama,56677822,SAS,OKC,False,21713534,pts,25.5,25.5,betparx,-132,100,0.5323,stat_grid:pmf_sim_v1+role_aware_pmf_cal_v1:starter+monotone_pit_cdf_v1,phase8_role_aware_pmf_cal_v1+monotone_inactive_global_v1,role_aware_pmf_cal_v1,starter,derived_from_projected_minutes,29.5905,32.708,0.05,24.2415,24.2415,24,25,0.0005,0.9995,0.9989,0.9986,0.9978,0.9968,0.9957,0.9937,0.9919,0.9879,0.983,0.9731,0.9621,0.9457,0.9322,0.9063,0.886,0.861,0.8288,0.7863,0.7437,0.4045,147.0,-147.0,-0.1277,morning,2026-05-30T16:51:22Z,494a3e93#phase10c,51235cba-0b50-441b-a7aa-b0e5bef2d559,ok,0.0,high,full,current_phase8,fallback_used,projected,derived_from_projected_minutes,bdl_plus_nba_official,2026-05-30T16:50:26Z,projected,not_available_yet,bdl_lineup_freshness_manifest,market_offered
Victor Wembanyama,56677822,SAS,OKC,False,21713534,pts,26.5,26.5,betparx,-107,-125,0.482,stat_grid:pmf_sim_v1+role_aware_pmf_cal_v1:starter+monotone_pit_cdf_v1,phase8_role_aware_pmf_cal_v1+monotone_inactive_global_v1,role_aware_pmf_cal_v1,starter,derived_from_projected_minutes,29.5905,32.708,0.05,24.2415,24.2415,24,25,0.0005,0.9995,0.9989,0.9986,0.9978,0.9968,0.9957,0.9937,0.9919,0.9879,0.983,0.9731,0.9621,0.9457,0.9322,0.9063,0.886,0.861,0.8288,0.7863,0.7437,0.3569,180.0,-180.0,-0.1251,morning,2026-05-30T16:51:22Z,494a3e93#phase10c,51235cba-0b50-441b-a7aa-b0e5bef2d559,ok,0.0,high,full,current_phase8,fallback_used,projected,derived_from_projected_minutes,bdl_plus_nba_official,2026-05-30T16:50:26Z,projected,not_available_yet,bdl_lineup_freshness_manifest,market_offered
Victor Wembanyama,56677822,SAS,OKC,False,21713534,pts,27.5,27.5,betparx,115,-157,0.4323,stat_grid:pmf_sim_v1+role_aware_pmf_cal_v1:starter+monotone_pit_cdf_v1,phase8_role_aware_pmf_cal_v1+monotone_inactive_global_v1,role_aware_pmf_cal_v1,starter,derived_from_projected_minutes,29.5905,32.708,0.05,24.2415,24.2415,24,25,0.0005,0.9995,0.9989,0.9986,0.9978,0.9968,0.9957,0.9937,0.9919,0.9879,0.983,0.9731,0.9621,0.9457,0.9322,0.9063,0.886,0.861,0.8288,0.7863,0.7437,0.3086,224.0,-224.0,-0.1237,morning,2026-05-30T16:51:22Z,494a3e93#phase10c,51235cba-0b50-441b-a7aa-b0e5bef2d559,ok,0.0,high,full,current_phase8,fallback_used,projected,derived_from_projected_minutes,bdl_plus_nba_official,2026-05-30T16:50:26Z,projected,not_available_yet,bdl_lineup_freshness_manifest,market_offered
Victor Wembanyama,56677822,SAS,OKC,False,21713534,pts,26.5,26.5,fliff,-125,-115,0.5095,stat_grid:pmf_sim_v1+role_aware_pmf_cal_v1:starter+monotone_pit_cdf_v1,phase8_role_aware_pmf_cal_v1+monotone_inactive_global_v1,role_aware_pmf_cal_v1,starter,derived_from_projected_minutes,29.5905,32.708,0.05,24.2415,24.2415,24,25,0.0005,0.9995,0.9989,0.9986,0.9978,0.9968,0.9957,0.9937,0.9919,0.9879,0.983,0.9731,0.9621,0.9457,0.9322,0.9063,0.886,0.861,0.8288,0.7863,0.7437,0.3569,180.0,-180.0,-0.1526,morning,2026-05-30T16:51:22Z,494a3e93#phase10c,51235cba-0b50-441b-a7aa-b0e5bef2d559,ok,0.0,high,full,current_phase8,fallback_used,projected,derived_from_projected_minutes,bdl_plus_nba_official,2026-05-30T16:50:26Z,projected,not_available_yet,bdl_lineup_freshness_manifest,market_offered
Victor Wembanyama,56677822,SAS,OKC,False,21713534,reb,16.5,16.5,fanduel,430,-750,0.1762,stat_grid:pmf_sim_v1+role_aware_pmf_cal_v1:starter+monotone_pit_cdf_v1,phase8_role_aware_pmf_cal_v1+monotone_inactive_global_v1,role_aware_pmf_cal_v1,starter,derived_from_projected_minutes,29.5905,32.708,0.05,11.6822,11.6822,12,12,0.0017,0.9983,0.9982,0.9968,0.9939,0.9889,0.9782,0.9589,0.9291,0.8707,0.8011,0.6887,0.5386,0.3569,0.239,0.1556,0.0985,0.0442,0.0232,0.0125,0.0066,0.0442,2160.0,-2160.0,-0.1319,morning,2026-05-30T16:51:22Z,494a3e93#phase10c,51235cba-0b50-441b-a7aa-b0e5bef2d559,ok,0.0,high,full,current_phase8,fallback_used,projected,derived_from_projected_minutes,bdl_plus_nba_official,2026-05-30T16:50:26Z,projected,not_available_yet,bdl_lineup_freshness_manifest,market_offered
Victor Wembanyama,56677822,SAS,OKC,False,21713534,reb,15.5,15.5,fanduel,290,-440,0.2394,stat_grid:pmf_sim_v1+role_aware_pmf_cal_v1:starter+monotone_pit_cdf_v1,phase8_role_aware_pmf_cal_v1+monotone_inactive_global_v1,role_aware_pmf_cal_v1,starter,derived_from_projected_minutes,29.5905,32.708,0.05,11.6822,11.6822,12,12,0.0017,0.9983,0.9982,0.9968,0.9939,0.9889,0.9782,0.9589,0.9291,0.8707,0.8011,0.6887,0.5386,0.3569,0.239,0.1556,0.0985,0.0442,0.0232,0.0125,0.0066,0.0985,916.0,-916.0,-0.1409,morning,2026-05-30T16:51:22Z,494a3e93#phase10c,51235cba-0b50-441b-a7aa-b0e5bef2d559,ok,0.0,high,full,current_phase8,fallback_used,projected,derived_from_projected_minutes,bdl_plus_nba_official,2026-05-30T16:50:26Z,projected,not_available_yet,bdl_lineup_freshness_manifest,market_offered
Victor Wembanyama,56677822,SAS,OKC,False,21713534,reb,14.5,14.5,fanduel,198,-275,0.3139,stat_grid:pmf_sim_v1+role_aware_pmf_cal_v1:starter+monotone_pit_cdf_v1,phase8_role_aware_pmf_cal_v1+monotone_inactive_global_v1,role_aware_pmf_cal_v1,starter,derived_from_projected_minutes,29.5905,32.708,0.05,11.6822,11.6822,12,12,0.0017,0.9983,0.9982,0.9968,0.9939,0.9889,0.9782,0.9589,0.9291,0.8707,0.8011,0.6887,0.5386,0.3569,0.239,0.1556,0.0985,0.0442,0.0232,0.0125,0.0066,0.1556,543.0,-543.0,-0.1583,morning,2026-05-30T16:51:22Z,494a3e93#phase10c,51235cba-0b50-441b-a7aa-b0e5bef2d559,ok,0.0,high,full,current_phase8,fallback_used,projected,derived_from_projected_minutes,bdl_plus_nba_official,2026-05-30T16:50:26Z,projected,not_available_yet,bdl_lineup_freshness_manifest,market_offered
Victor Wembanyama,56677822,SAS,OKC,False,21713534,reb,13.5,13.5,fanduel,132,-178,0.4023,stat_grid:pmf_sim_v1+role_aware_pmf_cal_v1:starter+monotone_pit_cdf_v1,phase8_role_aware_pmf_cal_v1+monotone_inactive_global_v1,role_aware_pmf_cal_v1,starter,derived_from_projected_minutes,29.5905,32.708,0.05,11.6822,11.6822,12,12,0.0017,0.9983,0.9982,0.9968,0.9939,0.9889,0.9782,0.9589,0.9291,0.8707,0.8011,0.6887,0.5386,0.3569,0.239,0.1556,0.0985,0.0442,0.0232,0.0125,0.0066,0.239,318.0,-318.0,-0.1633,morning,2026-05-30T16:51:22Z,494a3e93#phase10c,51235cba-0b50-441b-a7aa-b0e5bef2d559,ok,0.0,high,full,current_phase8,fallback_used,projected,derived_from_projected_minutes,bdl_plus_nba_official,2026-05-30T16:50:26Z,projected,not_available_yet,bdl_lineup_freshness_manifest,market_offered
Victor Wembanyama,56677822,SAS,OKC,False,21713534,reb,12.5,12.5,fanduel,-120,-110,0.5101,stat_grid:pmf_sim_v1+role_aware_pmf_cal_v1:starter+monotone_pit_cdf_v1,phase8_role_aware_pmf_cal_v1+monotone_inactive_global_v1,role_aware_pmf_cal_v1,starter,derived_from_projected_minutes,29.5905,32.708,0.05,11.6822,11.6822,12,12,0.0017,0.9983,0.9982,0.9968,0.9939,0.9889,0.9782,0.9589,0.9291,0.8707,0.8011,0.6887,0.5386,0.3569,0.239,0.1556,0.0985,0.0442,0.0232,0.0125,0.0066,0.3569,180.0,-180.0,-0.1533,morning,2026-05-30T16:51:22Z,494a3e93#phase10c,51235cba-0b50-441b-a7aa-b0e5bef2d559,ok,0.0,high,full,current_phase8,fallback_used,projected,derived_from_projected_minutes,bdl_plus_nba_official,2026-05-30T16:50:26Z,projected,not_available_yet,bdl_lineup_freshness_manifest,market_offered
Victor Wembanyama,56677822,SAS,OKC,False,21713534,reb,11.5,11.5,fanduel,-188,144,0.6143,stat_grid:pmf_sim_v1+role_aware_pmf_cal_v1:starter+monotone_pit_cdf_v1,phase8_role_aware_pmf_cal_v1+monotone_inactive_global_v1,role_aware_pmf_cal_v1,starter,derived_from_projected_minutes,29.5905,32.708,0.05,11.6822,11.6822,12,12,0.0017,0.9983,0.9982,0.9968,0.9939,0.9889,0.9782,0.9589,0.9291,0.8707,0.8011,0.6887,0.5386,0.3569,0.239,0.1556,0.0985,0.0442,0.0232,0.0125,0.0066,0.5386,-117.0,117.0,-0.0757,morning,2026-05-30T16:51:22Z,494a3e93#phase10c,51235cba-0b50-441b-a7aa-b0e5bef2d559,ok,0.0,high,full,current_phase8,fallback_used,projected,derived_from_projected_minutes,bdl_plus_nba_official,2026-05-30T16:50:26Z,projected,not_available_yet,bdl_lineup_freshness_manifest,market_offered
Victor Wembanyama,56677822,SAS,OKC,False,21713534,reb,10.5,10.5,fanduel,-320,225,0.7123,stat_grid:pmf_sim_v1+role_aware_pmf_cal_v1:starter+monotone_pit_cdf_v1,phase8_role_aware_pmf_cal_v1+monotone_inactive_global_v1,role_aware_pmf_cal_v1,starter,derived_from_projected_minutes,29.5905,32.708,0.05,11.6822,11.6822,12,12,0.0017,0.9983,0.9982,0.9968,0.9939,0.9889,0.9782,0.9589,0.9291,0.8707,0.8011,0.6887,0.5386,0.3569,0.239,0.1556,0.0985,0.0442,0.0232,0.0125,0.0066,0.6887,-221.0,221.0,-0.0236,morning,2026-05-30T16:51:22Z,494a3e93#phase10c,51235cba-0b50-441b-a7aa-b0e5bef2d559,ok,0.0,high,full,current_phase8,fallback_used,projected,derived_from_projected_minutes,bdl_plus_nba_official,2026-05-30T16:50:26Z,projected,not_available_yet,bdl_lineup_freshness_manifest,market_offered
Victor Wembanyama,56677822,SAS,OKC,False,21713534,reb,9.5,9.5,fanduel,-580,360,0.7969,stat_grid:pmf_sim_v1+role_aware_pmf_cal_v1:starter+monotone_pit_cdf_v1,phase8_role_aware_pmf_cal_v1+monotone_inactive_global_v1,role_aware_pmf_cal_v1,starter,derived_from_projected_minutes,29.5905,32.708,0.05,11.6822,11.6822,12,12,0.0017,0.9983,0.9982,0.9968,0.9939,0.9889,0.9782,0.9589,0.9291,0.8707,0.8011,0.6887,0.5386,0.3569,0.239,0.1556,0.0985,0.0442,0.0232,0.0125,0.0066,0.8011,-403.0,403.0,0.0042,morning,2026-05-30T16:51:22Z,494a3e93#phase10c,51235cba-0b50-441b-a7aa-b0e5bef2d559,ok,0.0,high,full,current_phase8,fallback_used,projected,derived_from_projected_minutes,bdl_plus_nba_official,2026-05-30T16:50:26Z,projected,not_available_yet,bdl_lineup_freshness_manifest,market_offered
Victor Wembanyama,56677822,SAS,OKC,False,21713534,reb,8.5,8.5,fanduel,-850,470,0.8361,stat_grid:pmf_sim_v1+role_aware_pmf_cal_v1:starter+monotone_pit_cdf_v1,phase8_role_aware_pmf_cal_v1+monotone_inactive_global_v1,role_aware_pmf_cal_v1,starter,derived_from_projected_minutes,29.5905,32.708,0.05,11.6822,11.6822,12,12,0.0017,0.9983,0.9982,0.9968,0.9939,0.9889,0.9782,0.9589,0.9291,0.8707,0.8011,0.6887,0.5386,0.3569,0.239,0.1556,0.0985,0.0442,0.0232,0.0125,0.0066,0.8707,-674.0,674.0,0.0347,morning,2026-05-30T16:51:22Z,494a3e93#phase10c,51235cba-0b50-441b-a7aa-b0e5bef2d559,ok,0.0,high,full,current_phase8,fallback_used,projected,derived_from_projected_minutes,bdl_plus_nba_official,2026-05-30T16:50:26Z,projected,not_available_yet,bdl_lineup_freshness_manifest,market_offered
Victor Wembanyama,56677822,SAS,OKC,False,21713534,reb,12.5,12.5,williamhill_us,-120,-113,0.5069,stat_grid:pmf_sim_v1+role_aware_pmf_cal_v1:starter+monotone_pit_cdf_v1,phase8_role_aware_pmf_cal_v1+monotone_inactive_global_v1,role_aware_pmf_cal_v1,starter,derived_from_projected_minutes,29.5905,32.708,0.05,11.6822,11.6822,12,12,0.0017,0.9983,0.9982,0.9968,0.9939,0.9889,0.9782,0.9589,0.9291,0.8707,0.8011,0.6887,0.5386,0.3569,0.239,0.1556,0.0985,0.0442,0.0232,0.0125,0.0066,0.3569,180.0,-180.0,-0.1501,morning,2026-05-30T16:51:22Z,494a3e93#phase10c,51235cba-0b50-441b-a7aa-b0e5bef2d559,ok,0.0,high,full,current_phase8,fallback_used,projected,derived_from_projected_minutes,bdl_plus_nba_official,2026-05-30T16:50:26Z,projected,not_available_yet,bdl_lineup_freshness_manifest,market_offered
Victor Wembanyama,56677822,SAS,OKC,False,21713534,reb,12.5,12.5,fanduel,-120,-110,0.5101,stat_grid:pmf_sim_v1+role_aware_pmf_cal_v1:starter+monotone_pit_cdf_v1,phase8_role_aware_pmf_cal_v1+monotone_inactive_global_v1,role_aware_pmf_cal_v1,starter,derived_from_projected_minutes,29.5905,32.708,0.05,11.6822,11.6822,12,12,0.0017,0.9983,0.9982,0.9968,0.9939,0.9889,0.9782,0.9589,0.9291,0.8707,0.8011,0.6887,0.5386,0.3569,0.239,0.1556,0.0985,0.0442,0.0232,0.0125,0.0066,0.3569,180.0,-180.0,-0.1533,morning,2026-05-30T16:51:22Z,494a3e93#phase10c,51235cba-0b50-441b-a7aa-b0e5bef2d559,ok,0.0,high,full,current_phase8,fallback_used,projected,derived_from_projected_minutes,bdl_plus_nba_official,2026-05-30T16:50:26Z,projected,not_available_yet,bdl_lineup_freshness_manifest,market_offered
Victor Wembanyama,56677822,SAS,OKC,False,21713534,reb,12.5,12.5,betrivers,-121,-113,0.5079,stat_grid:pmf_sim_v1+role_aware_pmf_cal_v1:starter+monotone_pit_cdf_v1,phase8_role_aware_pmf_cal_v1+monotone_inactive_global_v1,role_aware_pmf_cal_v1,starter,derived_from_projected_minutes,29.5905,32.708,0.05,11.6822,11.6822,12,12,0.0017,0.9983,0.9982,0.9968,0.9939,0.9889,0.9782,0.9589,0.9291,0.8707,0.8011,0.6887,0.5386,0.3569,0.239,0.1556,0.0985,0.0442,0.0232,0.0125,0.0066,0.3569,180.0,-180.0,-0.151,morning,2026-05-30T16:51:22Z,494a3e93#phase10c,51235cba-0b50-441b-a7aa-b0e5bef2d559,ok,0.0,high,full,current_phase8,fallback_used,projected,derived_from_projected_minutes,bdl_plus_nba_official,2026-05-30T16:50:26Z,projected,not_available_yet,bdl_lineup_freshness_manifest,market_offered
Victor Wembanyama,56677822,SAS,OKC,False,21713534,reb,12.5,12.5,betmgm,-135,100,0.5347,stat_grid:pmf_sim_v1+role_aware_pmf_cal_v1:starter+monotone_pit_cdf_v1,phase8_role_aware_pmf_cal_v1+monotone_inactive_global_v1,role_aware_pmf_cal_v1,starter,derived_from_projected_minutes,29.5905,32.708,0.05,11.6822,11.6822,12,12,0.0017,0.9983,0.9982,0.9968,0.9939,0.9889,0.9782,0.9589,0.9291,0.8707,0.8011,0.6887,0.5386,0.3569,0.239,0.1556,0.0985,0.0442,0.0232,0.0125,0.0066,0.3569,180.0,-180.0,-0.1778,morning,2026-05-30T16:51:22Z,494a3e93#phase10c,51235cba-0b50-441b-a7aa-b0e5bef2d559,ok,0.0,high,full,current_phase8,fallback_used,projected,derived_from_projected_minutes,bdl_plus_nba_official,2026-05-30T16:50:26Z,projected,not_available_yet,bdl_lineup_freshness_manifest,market_offered
Victor Wembanyama,56677822,SAS,OKC,False,21713534,reb,12.5,12.5,draftkings,-121,-109,0.5122,stat_grid:pmf_sim_v1+role_aware_pmf_cal_v1:starter+monotone_pit_cdf_v1,phase8_role_aware_pmf_cal_v1+monotone_inactive_global_v1,role_aware_pmf_cal_v1,starter,derived_from_projected_minutes,29.5905,32.708,0.05,11.6822,11.6822,12,12,0.0017,0.9983,0.9982,0.9968,0.9939,0.9889,0.9782,0.9589,0.9291,0.8707,0.8011,0.6887,0.5386,0.3569,0.239,0.1556,0.0985,0.0442,0.0232,0.0125,0.0066,0.3569,180.0,-180.0,-0.1553,morning,2026-05-30T16:51:22Z,494a3e93#phase10c,51235cba-0b50-441b-a7aa-b0e5bef2d559,ok,0.0,high,full,current_phase8,fallback_used,projected,derived_from_projected_minutes,bdl_plus_nba_official,2026-05-30T16:50:26Z,projected,not_available_yet,bdl_lineup_freshness_manifest,market_offered
Victor Wembanyama,56677822,SAS,OKC,False,21713534,reb,14.5,14.5,bovada,185,-250,0.3294,stat_grid:pmf_sim_v1+role_aware_pmf_cal_v1:starter+monotone_pit_cdf_v1,phase8_role_aware_pmf_cal_v1+monotone_inactive_global_v1,role_aware_pmf_cal_v1,starter,derived_from_projected_minutes,29.5905,32.708,0.05,11.6822,11.6822,12,12,0.0017,0.9983,0.9982,0.9968,0.9939,0.9889,0.9782,0.9589,0.9291,0.8707,0.8011,0.6887,0.5386,0.3569,0.239,0.1556,0.0985,0.0442,0.0232,0.0125,0.0066,0.1556,543.0,-543.0,-0.1738,morning,2026-05-30T16:51:22Z,494a3e93#phase10c,51235cba-0b50-441b-a7aa-b0e5bef2d559,ok,0.0,high,full,current_phase8,fallback_used,projected,derived_from_projected_minutes,bdl_plus_nba_official,2026-05-30T16:50:26Z,projected,not_available_yet,bdl_lineup_freshness_manifest,market_offered
Victor Wembanyama,56677822,SAS,OKC,False,21713534,reb,12.5,12.5,bovada,-120,-110,0.5101,stat_grid:pmf_sim_v1+role_aware_pmf_cal_v1:starter+monotone_pit_cdf_v1,phase8_role_aware_pmf_cal_v1+monotone_inactive_global_v1,role_aware_pmf_cal_v1,starter,derived_from_projected_minutes,29.5905,32.708,0.05,11.6822,11.6822,12,12,0.0017,0.9983,0.9982,0.9968,0.9939,0.9889,0.9782,0.9589,0.9291,0.8707,0.8011,0.6887,0.5386,0.3569,0.239,0.1556,0.0985,0.0442,0.0232,0.0125,0.0066,0.3569,180.0,-180.0,-0.1533,morning,2026-05-30T16:51:22Z,494a3e93#phase10c,51235cba-0b50-441b-a7aa-b0e5bef2d559,ok,0.0,high,full,current_phase8,fallback_used,projected,derived_from_projected_minutes,bdl_plus_nba_official,2026-05-30T16:50:26Z,projected,not_available_yet,bdl_lineup_freshness_manifest,market_offered
Victor Wembanyama,56677822,SAS,OKC,False,21713534,reb,13.5,13.5,bovada,125,-165,0.4165,stat_grid:pmf_sim_v1+role_aware_pmf_cal_v1:starter+monotone_pit_cdf_v1,phase8_role_aware_pmf_cal_v1+monotone_inactive_global_v1,role_aware_pmf_cal_v1,starter,derived_from_projected_minutes,29.5905,32.708,0.05,11.6822,11.6822,12,12,0.0017,0.9983,0.9982,0.9968,0.9939,0.9889,0.9782,0.9589,0.9291,0.8707,0.8011,0.6887,0.5386,0.3569,0.239,0.1556,0.0985,0.0442,0.0232,0.0125,0.0066,0.239,318.0,-318.0,-0.1775,morning,2026-05-30T16:51:22Z,494a3e93#phase10c,51235cba-0b50-441b-a7aa-b0e5bef2d559,ok,0.0,high,full,current_phase8,fallback_used,projected,derived_from_projected_minutes,bdl_plus_nba_official,2026-05-30T16:50:26Z,projected,not_available_yet,bdl_lineup_freshness_manifest,market_offered
Victor Wembanyama,56677822,SAS,OKC,False,21713534,reb,10.5,10.5,bovada,-300,215,0.7026,stat_grid:pmf_sim_v1+role_aware_pmf_cal_v1:starter+monotone_pit_cdf_v1,phase8_role_aware_pmf_cal_v1+monotone_inactive_global_v1,role_aware_pmf_cal_v1,starter,derived_from_projected_minutes,29.5905,32.708,0.05,11.6822,11.6822,12,12,0.0017,0.9983,0.9982,0.9968,0.9939,0.9889,0.9782,0.9589,0.9291,0.8707,0.8011,0.6887,0.5386,0.3569,0.239,0.1556,0.0985,0.0442,0.0232,0.0125,0.0066,0.6887,-221.0,221.0,-0.0139,morning,2026-05-30T16:51:22Z,494a3e93#phase10c,51235cba-0b50-441b-a7aa-b0e5bef2d559,ok,0.0,high,full,current_phase8,fallback_used,projected,derived_from_projected_minutes,bdl_plus_nba_official,2026-05-30T16:50:26Z,projected,not_available_yet,bdl_lineup_freshness_manifest,market_offered
Victor Wembanyama,56677822,SAS,OKC,False,21713534,reb,11.5,11.5,bovada,-185,140,0.6091,stat_grid:pmf_sim_v1+role_aware_pmf_cal_v1:starter+monotone_pit_cdf_v1,phase8_role_aware_pmf_cal_v1+monotone_inactive_global_v1,role_aware_pmf_cal_v1,starter,derived_from_projected_minutes,29.5905,32.708,0.05,11.6822,11.6822,12,12,0.0017,0.9983,0.9982,0.9968,0.9939,0.9889,0.9782,0.9589,0.9291,0.8707,0.8011,0.6887,0.5386,0.3569,0.239,0.1556,0.0985,0.0442,0.0232,0.0125,0.0066,0.5386,-117.0,117.0,-0.0705,morning,2026-05-30T16:51:22Z,494a3e93#phase10c,51235cba-0b50-441b-a7aa-b0e5bef2d559,ok,0.0,high,full,current_phase8,fallback_used,projected,derived_from_projected_minutes,bdl_plus_nba_official,2026-05-30T16:50:26Z,projected,not_available_yet,bdl_lineup_freshness_manifest,market_offered
Victor Wembanyama,56677822,SAS,OKC,False,21713534,reb,12.5,12.5,hardrockbet_az,-120,-110,0.5101,stat_grid:pmf_sim_v1+role_aware_pmf_cal_v1:starter+monotone_pit_cdf_v1,phase8_role_aware_pmf_cal_v1+monotone_inactive_global_v1,role_aware_pmf_cal_v1,starter,derived_from_projected_minutes,29.5905,32.708,0.05,11.6822,11.6822,12,12,0.0017,0.9983,0.9982,0.9968,0.9939,0.9889,0.9782,0.9589,0.9291,0.8707,0.8011,0.6887,0.5386,0.3569,0.239,0.1556,0.0985,0.0442,0.0232,0.0125,0.0066,0.3569,180.0,-180.0,-0.1533,morning,2026-05-30T16:51:22Z,494a3e93#phase10c,51235cba-0b50-441b-a7aa-b0e5bef2d559,ok,0.0,high,full,current_phase8,fallback_used,projected,derived_from_projected_minutes,bdl_plus_nba_official,2026-05-30T16:50:26Z,projected,not_available_yet,bdl_lineup_freshness_manifest,market_offered
Victor Wembanyama,56677822,SAS,OKC,False,21713534,reb,12.5,12.5,hardrockbet,-120,-110,0.5101,stat_grid:pmf_sim_v1+role_aware_pmf_cal_v1:starter+monotone_pit_cdf_v1,phase8_role_aware_pmf_cal_v1+monotone_inactive_global_v1,role_aware_pmf_cal_v1,starter,derived_from_projected_minutes,29.5905,32.708,0.05,11.6822,11.6822,12,12,0.0017,0.9983,0.9982,0.9968,0.9939,0.9889,0.9782,0.9589,0.9291,0.8707,0.8011,0.6887,0.5386,0.3569,0.239,0.1556,0.0985,0.0442,0.0232,0.0125,0.0066,0.3569,180.0,-180.0,-0.1533,morning,2026-05-30T16:51:22Z,494a3e93#phase10c,51235cba-0b50-441b-a7aa-b0e5bef2d559,ok,0.0,high,full,current_phase8,fallback_used,projected,derived_from_projected_minutes,bdl_plus_nba_official,2026-05-30T16:50:26Z,projected,not_available_yet,bdl_lineup_freshness_manifest,market_offered
Victor Wembanyama,56677822,SAS,OKC,False,21713534,reb,12.5,12.5,hardrockbet_fl,-120,-110,0.5101,stat_grid:pmf_sim_v1+role_aware_pmf_cal_v1:starter+monotone_pit_cdf_v1,phase8_role_aware_pmf_cal_v1+monotone_inactive_global_v1,role_aware_pmf_cal_v1,starter,derived_from_projected_minutes,29.5905,32.708,0.05,11.6822,11.6822,12,12,0.0017,0.9983,0.9982,0.9968,0.9939,0.9889,0.9782,0.9589,0.9291,0.8707,0.8011,0.6887,0.5386,0.3569,0.239,0.1556,0.0985,0.0442,0.0232,0.0125,0.0066,0.3569,180.0,-180.0,-0.1533,morning,2026-05-30T16:51:22Z,494a3e93#phase10c,51235cba-0b50-441b-a7aa-b0e5bef2d559,ok,0.0,high,full,current_phase8,fallback_used,projected,derived_from_projected_minutes,bdl_plus_nba_official,2026-05-30T16:50:26Z,projected,not_available_yet,bdl_lineup_freshness_manifest,market_offered
Victor Wembanyama,56677822,SAS,OKC,False,21713534,reb,12.5,12.5,rebet,-119,-111,0.5081,stat_grid:pmf_sim_v1+role_aware_pmf_cal_v1:starter+monotone_pit_cdf_v1,phase8_role_aware_pmf_cal_v1+monotone_inactive_global_v1,role_aware_pmf_cal_v1,starter,derived_from_projected_minutes,29.5905,32.708,0.05,11.6822,11.6822,12,12,0.0017,0.9983,0.9982,0.9968,0.9939,0.9889,0.9782,0.9589,0.9291,0.8707,0.8011,0.6887,0.5386,0.3569,0.239,0.1556,0.0985,0.0442,0.0232,0.0125,0.0066,0.3569,180.0,-180.0,-0.1512,morning,2026-05-30T16:51:22Z,494a3e93#phase10c,51235cba-0b50-441b-a7aa-b0e5bef2d559,ok,0.0,high,full,current_phase8,fallback_used,projected,derived_from_projected_minutes,bdl_plus_nba_official,2026-05-30T16:50:26Z,projected,not_available_yet,bdl_lineup_freshness_manifest,market_offered
Victor Wembanyama,56677822,SAS,OKC,False,21713534,reb,12.5,12.5,betparx,-120,-112,0.508,stat_grid:pmf_sim_v1+role_aware_pmf_cal_v1:starter+monotone_pit_cdf_v1,phase8_role_aware_pmf_cal_v1+monotone_inactive_global_v1,role_aware_pmf_cal_v1,starter,derived_from_projected_minutes,29.5905,32.708,0.05,11.6822,11.6822,12,12,0.0017,0.9983,0.9982,0.9968,0.9939,0.9889,0.9782,0.9589,0.9291,0.8707,0.8011,0.6887,0.5386,0.3569,0.239,0.1556,0.0985,0.0442,0.0232,0.0125,0.0066,0.3569,180.0,-180.0,-0.1511,morning,2026-05-30T16:51:22Z,494a3e93#phase10c,51235cba-0b50-441b-a7aa-b0e5bef2d559,ok,0.0,high,full,current_phase8,fallback_used,projected,derived_from_projected_minutes,bdl_plus_nba_official,2026-05-30T16:50:26Z,projected,not_available_yet,bdl_lineup_freshness_manifest,market_offered
Victor Wembanyama,56677822,SAS,OKC,False,21713534,reb,12.5,12.5,fliff,-125,-120,0.5046,stat_grid:pmf_sim_v1+role_aware_pmf_cal_v1:starter+monotone_pit_cdf_v1,phase8_role_aware_pmf_cal_v1+monotone_inactive_global_v1,role_aware_pmf_cal_v1,starter,derived_from_projected_minutes,29.5905,32.708,0.05,11.6822,11.6822,12,12,0.0017,0.9983,0.9982,0.9968,0.9939,0.9889,0.9782,0.9589,0.9291,0.8707,0.8011,0.6887,0.5386,0.3569,0.239,0.1556,0.0985,0.0442,0.0232,0.0125,0.0066,0.3569,180.0,-180.0,-0.1477,morning,2026-05-30T16:51:22Z,494a3e93#phase10c,51235cba-0b50-441b-a7aa-b0e5bef2d559,ok,0.0,high,full,current_phase8,fallback_used,projected,derived_from_projected_minutes,bdl_plus_nba_official,2026-05-30T16:50:26Z,projected,not_available_yet,bdl_lineup_freshness_manifest,market_offered
Victor Wembanyama,56677822,SAS,OKC,False,21713534,reb,13.5,13.5,espnbet,120,-160,0.4248,stat_grid:pmf_sim_v1+role_aware_pmf_cal_v1:starter+monotone_pit_cdf_v1,phase8_role_aware_pmf_cal_v1+monotone_inactive_global_v1,role_aware_pmf_cal_v1,starter,derived_from_projected_minutes,29.5905,32.708,0.05,11.6822,11.6822,12,12,0.0017,0.9983,0.9982,0.9968,0.9939,0.9889,0.9782,0.9589,0.9291,0.8707,0.8011,0.6887,0.5386,0.3569,0.239,0.1556,0.0985,0.0442,0.0232,0.0125,0.0066,0.239,318.0,-318.0,-0.1858,morning,2026-05-30T16:51:22Z,494a3e93#phase10c,51235cba-0b50-441b-a7aa-b0e5bef2d559,ok,0.0,high,full,current_phase8,fallback_used,projected,derived_from_projected_minutes,bdl_plus_nba_official,2026-05-30T16:50:26Z,projected,not_available_yet,bdl_lineup_freshness_manifest,market_offered
Victor Wembanyama,56677822,SAS,OKC,False,21713534,reb,12.5,12.5,espnbet,-120,-110,0.5101,stat_grid:pmf_sim_v1+role_aware_pmf_cal_v1:starter+monotone_pit_cdf_v1,phase8_role_aware_pmf_cal_v1+monotone_inactive_global_v1,role_aware_pmf_cal_v1,starter,derived_from_projected_minutes,29.5905,32.708,0.05,11.6822,11.6822,12,12,0.0017,0.9983,0.9982,0.9968,0.9939,0.9889,0.9782,0.9589,0.9291,0.8707,0.8011,0.6887,0.5386,0.3569,0.239,0.1556,0.0985,0.0442,0.0232,0.0125,0.0066,0.3569,180.0,-180.0,-0.1533,morning,2026-05-30T16:51:22Z,494a3e93#phase10c,51235cba-0b50-441b-a7aa-b0e5bef2d559,ok,0.0,high,full,current_phase8,fallback_used,projected,derived_from_projected_minutes,bdl_plus_nba_official,2026-05-30T16:50:26Z,projected,not_available_yet,bdl_lineup_freshness_manifest,market_offered
Victor Wembanyama,56677822,SAS,OKC,False,21713534,reb,11.5,11.5,espnbet,-195,145,0.6182,stat_grid:pmf_sim_v1+role_aware_pmf_cal_v1:starter+monotone_pit_cdf_v1,phase8_role_aware_pmf_cal_v1+monotone_inactive_global_v1,role_aware_pmf_cal_v1,starter,derived_from_projected_minutes,29.5905,32.708,0.05,11.6822,11.6822,12,12,0.0017,0.9983,0.9982,0.9968,0.9939,0.9889,0.9782,0.9589,0.9291,0.8707,0.8011,0.6887,0.5386,0.3569,0.239,0.1556,0.0985,0.0442,0.0232,0.0125,0.0066,0.5386,-117.0,117.0,-0.0797,morning,2026-05-30T16:51:22Z,494a3e93#phase10c,51235cba-0b50-441b-a7aa-b0e5bef2d559,ok,0.0,high,full,current_phase8,fallback_used,projected,derived_from_projected_minutes,bdl_plus_nba_official,2026-05-30T16:50:26Z,projected,not_available_yet,bdl_lineup_freshness_manifest,market_offered
Victor Wembanyama,56677822,SAS,OKC,False,21713534,ast,3.5,3.5,fanduel,120,-160,0.4248,stat_grid:pmf_sim_v1+role_aware_pmf_cal_v1:starter+monotone_pit_cdf_v1,phase8_role_aware_pmf_cal_v1+monotone_inactive_global_v1,role_aware_pmf_cal_v1,starter,derived_from_projected_minutes,29.5905,32.708,0.05,2.7086,2.7086,3,3,0.0168,0.9832,0.8578,0.5917,0.2114,0.0505,0.0116,0.0021,0.0003,0.0,0.0,0.0,0.0,0.0,0.0,0.0,0.0,0.0,0.0,0.0,0.0,0.2114,373.0,-373.0,-0.2134,morning,2026-05-30T16:51:22Z,494a3e93#phase10c,51235cba-0b50-441b-a7aa-b0e5bef2d559,ok,0.0,high,full,current_phase8,fallback_used,projected,derived_from_projected_minutes,bdl_plus_nba_official,2026-05-30T16:50:26Z,projected,not_available_yet,bdl_lineup_freshness_manifest,market_offered
Victor Wembanyama,56677822,SAS,OKC,False,21713534,ast,5.5,5.5,fanduel,600,-1200,0.134,stat_grid:pmf_sim_v1+role_aware_pmf_cal_v1:starter+monotone_pit_cdf_v1,phase8_role_aware_pmf_cal_v1+monotone_inactive_global_v1,role_aware_pmf_cal_v1,starter,derived_from_projected_minutes,29.5905,32.708,0.05,2.7086,2.7086,3,3,0.0168,0.9832,0.8578,0.5917,0.2114,0.0505,0.0116,0.0021,0.0003,0.0,0.0,0.0,0.0,0.0,0.0,0.0,0.0,0.0,0.0,0.0,0.0,0.0116,8487.0,-8487.0,-0.1224,morning,2026-05-30T16:51:22Z,494a3e93#phase10c,51235cba-0b50-441b-a7aa-b0e5bef2d559,ok,0.0,high,full,current_phase8,fallback_used,projected,derived_from_projected_minutes,bdl_plus_nba_official,2026-05-30T16:50:26Z,projected,not_available_yet,bdl_lineup_freshness_manifest,market_offered
Victor Wembanyama,56677822,SAS,OKC,False,21713534,ast,4.5,4.5,fanduel,270,-400,0.2525,stat_grid:pmf_sim_v1+role_aware_pmf_cal_v1:starter+monotone_pit_cdf_v1,phase8_role_aware_pmf_cal_v1+monotone_inactive_global_v1,role_aware_pmf_cal_v1,starter,derived_from_projected_minutes,29.5905,32.708,0.05,2.7086,2.7086,3,3,0.0168,0.9832,0.8578,0.5917,0.2114,0.0505,0.0116,0.0021,0.0003,0.0,0.0,0.0,0.0,0.0,0.0,0.0,0.0,0.0,0.0,0.0,0.0,0.0505,1879.0,-1879.0,-0.202,morning,2026-05-30T16:51:22Z,494a3e93#phase10c,51235cba-0b50-441b-a7aa-b0e5bef2d559,ok,0.0,high,full,current_phase8,fallback_used,projected,derived_from_projected_minutes,bdl_plus_nba_official,2026-05-30T16:50:26Z,projected,not_available_yet,bdl_lineup_freshness_manifest,market_offered
Victor Wembanyama,56677822,SAS,OKC,False,21713534,ast,3.5,3.5,fanduel,120,-160,0.4248,stat_grid:pmf_sim_v1+role_aware_pmf_cal_v1:starter+monotone_pit_cdf_v1,phase8_role_aware_pmf_cal_v1+monotone_inactive_global_v1,role_aware_pmf_cal_v1,starter,derived_from_projected_minutes,29.5905,32.708,0.05,2.7086,2.7086,3,3,0.0168,0.9832,0.8578,0.5917,0.2114,0.0505,0.0116,0.0021,0.0003,0.0,0.0,0.0,0.0,0.0,0.0,0.0,0.0,0.0,0.0,0.0,0.0,0.2114,373.0,-373.0,-0.2134,morning,2026-05-30T16:51:22Z,494a3e93#phase10c,51235cba-0b50-441b-a7aa-b0e5bef2d559,ok,0.0,high,full,current_phase8,fallback_used,projected,derived_from_projected_minutes,bdl_plus_nba_official,2026-05-30T16:50:26Z,projected,not_available_yet,bdl_lineup_freshness_manifest,market_offered
Victor Wembanyama,56677822,SAS,OKC,False,21713534,ast,2.5,2.5,fanduel,-210,154,0.6324,stat_grid:pmf_sim_v1+role_aware_pmf_cal_v1:starter+monotone_pit_cdf_v1,phase8_role_aware_pmf_cal_v1+monotone_inactive_global_v1,role_aware_pmf_cal_v1,starter,derived_from_projected_minutes,29.5905,32.708,0.05,2.7086,2.7086,3,3,0.0168,0.9832,0.8578,0.5917,0.2114,0.0505,0.0116,0.0021,0.0003,0.0,0.0,0.0,0.0,0.0,0.0,0.0,0.0,0.0,0.0,0.0,0.0,0.5917,-145.0,145.0,-0.0408,morning,2026-05-30T16:51:22Z,494a3e93#phase10c,51235cba-0b50-441b-a7aa-b0e5bef2d559,ok,0.0,high,full,current_phase8,fallback_used,projected,derived_from_projected_minutes,bdl_plus_nba_official,2026-05-30T16:50:26Z,projected,not_available_yet,bdl_lineup_freshness_manifest,market_offered
Victor Wembanyama,56677822,SAS,OKC,False,21713534,ast,1.5,1.5,fanduel,-720,430,0.8231,stat_grid:pmf_sim_v1+role_aware_pmf_cal_v1:starter+monotone_pit_cdf_v1,phase8_role_aware_pmf_cal_v1+monotone_inactive_global_v1,role_aware_pmf_cal_v1,starter,derived_from_projected_minutes,29.5905,32.708,0.05,2.7086,2.7086,3,3,0.0168,0.9832,0.8578,0.5917,0.2114,0.0505,0.0116,0.0021,0.0003,0.0,0.0,0.0,0.0,0.0,0.0,0.0,0.0,0.0,0.0,0.0,0.0,0.8578,-603.0,603.0,0.0346,morning,2026-05-30T16:51:22Z,494a3e93#phase10c,51235cba-0b50-441b-a7aa-b0e5bef2d559,ok,0.0,high,full,current_phase8,fallback_used,projected,derived_from_projected_minutes,bdl_plus_nba_official,2026-05-30T16:50:26Z,projected,not_available_yet,bdl_lineup_freshness_manifest,market_offered
Victor Wembanyama,56677822,SAS,OKC,False,21713534,ast,3.5,3.5,williamhill_us,123,-164,0.4192,stat_grid:pmf_sim_v1+role_aware_pmf_cal_v1:starter+monotone_pit_cdf_v1,phase8_role_aware_pmf_cal_v1+monotone_inactive_global_v1,role_aware_pmf_cal_v1,starter,derived_from_projected_minutes,29.5905,32.708,0.05,2.7086,2.7086,3,3,0.0168,0.9832,0.8578,0.5917,0.2114,0.0505,0.0116,0.0021,0.0003,0.0,0.0,0.0,0.0,0.0,0.0,0.0,0.0,0.0,0.0,0.0,0.0,0.2114,373.0,-373.0,-0.2078,morning,2026-05-30T16:51:22Z,494a3e93#phase10c,51235cba-0b50-441b-a7aa-b0e5bef2d559,ok,0.0,high,full,current_phase8,fallback_used,projected,derived_from_projected_minutes,bdl_plus_nba_official,2026-05-30T16:50:26Z,projected,not_available_yet,bdl_lineup_freshness_manifest,market_offered
Victor Wembanyama,56677822,SAS,OKC,False,21713534,ast,3.5,3.5,bovada,130,-170,0.4085,stat_grid:pmf_sim_v1+role_aware_pmf_cal_v1:starter+monotone_pit_cdf_v1,phase8_role_aware_pmf_cal_v1+monotone_inactive_global_v1,role_aware_pmf_cal_v1,starter,derived_from_projected_minutes,29.5905,32.708,0.05,2.7086,2.7086,3,3,0.0168,0.9832,0.8578,0.5917,0.2114,0.0505,0.0116,0.0021,0.0003,0.0,0.0,0.0,0.0,0.0,0.0,0.0,0.0,0.0,0.0,0.0,0.0,0.2114,373.0,-373.0,-0.197,morning,2026-05-30T16:51:22Z,494a3e93#phase10c,51235cba-0b50-441b-a7aa-b0e5bef2d559,ok,0.0,high,full,current_phase8,fallback_used,projected,derived_from_projected_minutes,bdl_plus_nba_official,2026-05-30T16:50:26Z,projected,not_available_yet,bdl_lineup_freshness_manifest,market_offered
Victor Wembanyama,56677822,SAS,OKC,False,21713534,ast,2.5,2.5,bovada,-185,140,0.6091,stat_grid:pmf_sim_v1+role_aware_pmf_cal_v1:starter+monotone_pit_cdf_v1,phase8_role_aware_pmf_cal_v1+monotone_inactive_global_v1,role_aware_pmf_cal_v1,starter,derived_from_projected_minutes,29.5905,32.708,0.05,2.7086,2.7086,3,3,0.0168,0.9832,0.8578,0.5917,0.2114,0.0505,0.0116,0.0021,0.0003,0.0,0.0,0.0,0.0,0.0,0.0,0.0,0.0,0.0,0.0,0.0,0.0,0.5917,-145.0,145.0,-0.0174,morning,2026-05-30T16:51:22Z,494a3e93#phase10c,51235cba-0b50-441b-a7aa-b0e5bef2d559,ok,0.0,high,full,current_phase8,fallback_used,projected,derived_from_projected_minutes,bdl_plus_nba_official,2026-05-30T16:50:26Z,projected,not_available_yet,bdl_lineup_freshness_manifest,market_offered
Victor Wembanyama,56677822,SAS,OKC,False,21713534,ast,2.5,2.5,betmgm,-175,130,0.5941,stat_grid:pmf_sim_v1+role_aware_pmf_cal_v1:starter+monotone_pit_cdf_v1,phase8_role_aware_pmf_cal_v1+monotone_inactive_global_v1,role_aware_pmf_cal_v1,starter,derived_from_projected_minutes,29.5905,32.708,0.05,2.7086,2.7086,3,3,0.0168,0.9832,0.8578,0.5917,0.2114,0.0505,0.0116,0.0021,0.0003,0.0,0.0,0.0,0.0,0.0,0.0,0.0,0.0,0.0,0.0,0.0,0.0,0.5917,-145.0,145.0,-0.0024,morning,2026-05-30T16:51:22Z,494a3e93#phase10c,51235cba-0b50-441b-a7aa-b0e5bef2d559,ok,0.0,high,full,current_phase8,fallback_used,projected,derived_from_projected_minutes,bdl_plus_nba_official,2026-05-30T16:50:26Z,projected,not_available_yet,bdl_lineup_freshness_manifest,market_offered
Victor Wembanyama,56677822,SAS,OKC,False,21713534,ast,3.5,3.5,betrivers,120,-165,0.422,stat_grid:pmf_sim_v1+role_aware_pmf_cal_v1:starter+monotone_pit_cdf_v1,phase8_role_aware_pmf_cal_v1+monotone_inactive_global_v1,role_aware_pmf_cal_v1,starter,derived_from_projected_minutes,29.5905,32.708,0.05,2.7086,2.7086,3,3,0.0168,0.9832,0.8578,0.5917,0.2114,0.0505,0.0116,0.0021,0.0003,0.0,0.0,0.0,0.0,0.0,0.0,0.0,0.0,0.0,0.0,0.0,0.0,0.2114,373.0,-373.0,-0.2105,morning,2026-05-30T16:51:22Z,494a3e93#phase10c,51235cba-0b50-441b-a7aa-b0e5bef2d559,ok,0.0,high,full,current_phase8,fallback_used,projected,derived_from_projected_minutes,bdl_plus_nba_official,2026-05-30T16:50:26Z,projected,not_available_yet,bdl_lineup_freshness_manifest,market_offered
Victor Wembanyama,56677822,SAS,OKC,False,21713534,ast,3.5,3.5,draftkings,129,-171,0.409,stat_grid:pmf_sim_v1+role_aware_pmf_cal_v1:starter+monotone_pit_cdf_v1,phase8_role_aware_pmf_cal_v1+monotone_inactive_global_v1,role_aware_pmf_cal_v1,starter,derived_from_projected_minutes,29.5905,32.708,0.05,2.7086,2.7086,3,3,0.0168,0.9832,0.8578,0.5917,0.2114,0.0505,0.0116,0.0021,0.0003,0.0,0.0,0.0,0.0,0.0,0.0,0.0,0.0,0.0,0.0,0.0,0.0,0.2114,373.0,-373.0,-0.1976,morning,2026-05-30T16:51:22Z,494a3e93#phase10c,51235cba-0b50-441b-a7aa-b0e5bef2d559,ok,0.0,high,full,current_phase8,fallback_used,projected,derived_from_projected_minutes,bdl_plus_nba_official,2026-05-30T16:50:26Z,projected,not_available_yet,bdl_lineup_freshness_manifest,market_offered
Victor Wembanyama,56677822,SAS,OKC,False,21713534,ast,3.5,3.5,hardrockbet_az,125,-160,0.4194,stat_grid:pmf_sim_v1+role_aware_pmf_cal_v1:starter+monotone_pit_cdf_v1,phase8_role_aware_pmf_cal_v1+monotone_inactive_global_v1,role_aware_pmf_cal_v1,starter,derived_from_projected_minutes,29.5905,32.708,0.05,2.7086,2.7086,3,3,0.0168,0.9832,0.8578,0.5917,0.2114,0.0505,0.0116,0.0021,0.0003,0.0,0.0,0.0,0.0,0.0,0.0,0.0,0.0,0.0,0.0,0.0,0.0,0.2114,373.0,-373.0,-0.2079,morning,2026-05-30T16:51:22Z,494a3e93#phase10c,51235cba-0b50-441b-a7aa-b0e5bef2d559,ok,0.0,high,full,current_phase8,fallback_used,projected,derived_from_projected_minutes,bdl_plus_nba_official,2026-05-30T16:50:26Z,projected,not_available_yet,bdl_lineup_freshness_manifest,market_offered
Victor Wembanyama,56677822,SAS,OKC,False,21713534,ast,3.5,3.5,rebet,123,-165,0.4187,stat_grid:pmf_sim_v1+role_aware_pmf_cal_v1:starter+monotone_pit_cdf_v1,phase8_role_aware_pmf_cal_v1+monotone_inactive_global_v1,role_aware_pmf_cal_v1,starter,derived_from_projected_minutes,29.5905,32.708,0.05,2.7086,2.7086,3,3,0.0168,0.9832,0.8578,0.5917,0.2114,0.0505,0.0116,0.0021,0.0003,0.0,0.0,0.0,0.0,0.0,0.0,0.0,0.0,0.0,0.0,0.0,0.0,0.2114,373.0,-373.0,-0.2072,morning,2026-05-30T16:51:22Z,494a3e93#phase10c,51235cba-0b50-441b-a7aa-b0e5bef2d559,ok,0.0,high,full,current_phase8,fallback_used,projected,derived_from_projected_minutes,bdl_plus_nba_official,2026-05-30T16:50:26Z,projected,not_available_yet,bdl_lineup_freshness_manifest,market_offered
Victor Wembanyama,56677822,SAS,OKC,False,21713534,ast,3.5,3.5,hardrockbet_fl,125,-160,0.4194,stat_grid:pmf_sim_v1+role_aware_pmf_cal_v1:starter+monotone_pit_cdf_v1,phase8_role_aware_pmf_cal_v1+monotone_inactive_global_v1,role_aware_pmf_cal_v1,starter,derived_from_projected_minutes,29.5905,32.708,0.05,2.7086,2.7086,3,3,0.0168,0.9832,0.8578,0.5917,0.2114,0.0505,0.0116,0.0021,0.0003,0.0,0.0,0.0,0.0,0.0,0.0,0.0,0.0,0.0,0.0,0.0,0.0,0.2114,373.0,-373.0,-0.2079,morning,2026-05-30T16:51:22Z,494a3e93#phase10c,51235cba-0b50-441b-a7aa-b0e5bef2d559,ok,0.0,high,full,current_phase8,fallback_used,projected,derived_from_projected_minutes,bdl_plus_nba_official,2026-05-30T16:50:26Z,projected,not_available_yet,bdl_lineup_freshness_manifest,market_offered
Victor Wembanyama,56677822,SAS,OKC,False,21713534,ast,2.5,2.5,espnbet,-215,160,0.6396,stat_grid:pmf_sim_v1+role_aware_pmf_cal_v1:starter+monotone_pit_cdf_v1,phase8_role_aware_pmf_cal_v1+monotone_inactive_global_v1,role_aware_pmf_cal_v1,starter,derived_from_projected_minutes,29.5905,32.708,0.05,2.7086,2.7086,3,3,0.0168,0.9832,0.8578,0.5917,0.2114,0.0505,0.0116,0.0021,0.0003,0.0,0.0,0.0,0.0,0.0,0.0,0.0,0.0,0.0,0.0,0.0,0.0,0.5917,-145.0,145.0,-0.0479,morning,2026-05-30T16:51:22Z,494a3e93#phase10c,51235cba-0b50-441b-a7aa-b0e5bef2d559,ok,0.0,high,full,current_phase8,fallback_used,projected,derived_from_projected_minutes,bdl_plus_nba_official,2026-05-30T16:50:26Z,projected,not_available_yet,bdl_lineup_freshness_manifest,market_offered
Victor Wembanyama,56677822,SAS,OKC,False,21713534,ast,3.5,3.5,espnbet,120,-160,0.4248,stat_grid:pmf_sim_v1+role_aware_pmf_cal_v1:starter+monotone_pit_cdf_v1,phase8_role_aware_pmf_cal_v1+monotone_inactive_global_v1,role_aware_pmf_cal_v1,starter,derived_from_projected_minutes,29.5905,32.708,0.05,2.7086,2.7086,3,3,0.0168,0.9832,0.8578,0.5917,0.2114,0.0505,0.0116,0.0021,0.0003,0.0,0.0,0.0,0.0,0.0,0.0,0.0,0.0,0.0,0.0,0.0,0.0,0.2114,373.0,-373.0,-0.2134,morning,2026-05-30T16:51:22Z,494a3e93#phase10c,51235cba-0b50-441b-a7aa-b0e5bef2d559,ok,0.0,high,full,current_phase8,fallback_used,projected,derived_from_projected_minutes,bdl_plus_nba_official,2026-05-30T16:50:26Z,projected,not_available_yet,bdl_lineup_freshness_manifest,market_offered
Victor Wembanyama,56677822,SAS,OKC,False,21713534,ast,4.5,4.5,espnbet,250,-375,0.2657,stat_grid:pmf_sim_v1+role_aware_pmf_cal_v1:starter+monotone_pit_cdf_v1,phase8_role_aware_pmf_cal_v1+monotone_inactive_global_v1,role_aware_pmf_cal_v1,starter,derived_from_projected_minutes,29.5905,32.708,0.05,2.7086,2.7086,3,3,0.0168,0.9832,0.8578,0.5917,0.2114,0.0505,0.0116,0.0021,0.0003,0.0,0.0,0.0,0.0,0.0,0.0,0.0,0.0,0.0,0.0,0.0,0.0,0.0505,1879.0,-1879.0,-0.2152,morning,2026-05-30T16:51:22Z,494a3e93#phase10c,51235cba-0b50-441b-a7aa-b0e5bef2d559,ok,0.0,high,full,current_phase8,fallback_used,projected,derived_from_projected_minutes,bdl_plus_nba_official,2026-05-30T16:50:26Z,projected,not_available_yet,bdl_lineup_freshness_manifest,market_offered
Victor Wembanyama,56677822,SAS,OKC,False,21713534,ast,3.5,3.5,betparx,123,-165,0.4187,stat_grid:pmf_sim_v1+role_aware_pmf_cal_v1:starter+monotone_pit_cdf_v1,phase8_role_aware_pmf_cal_v1+monotone_inactive_global_v1,role_aware_pmf_cal_v1,starter,derived_from_projected_minutes,29.5905,32.708,0.05,2.7086,2.7086,3,3,0.0168,0.9832,0.8578,0.5917,0.2114,0.0505,0.0116,0.0021,0.0003,0.0,0.0,0.0,0.0,0.0,0.0,0.0,0.0,0.0,0.0,0.0,0.0,0.2114,373.0,-373.0,-0.2072,morning,2026-05-30T16:51:22Z,494a3e93#phase10c,51235cba-0b50-441b-a7aa-b0e5bef2d559,ok,0.0,high,full,current_phase8,fallback_used,projected,derived_from_projected_minutes,bdl_plus_nba_official,2026-05-30T16:50:26Z,projected,not_available_yet,bdl_lineup_freshness_manifest,market_offered
Victor Wembanyama,56677822,SAS,OKC,False,21713534,ast,3.5,3.5,hardrockbet,125,-160,0.4194,stat_grid:pmf_sim_v1+role_aware_pmf_cal_v1:starter+monotone_pit_cdf_v1,phase8_role_aware_pmf_cal_v1+monotone_inactive_global_v1,role_aware_pmf_cal_v1,starter,derived_from_projected_minutes,29.5905,32.708,0.05,2.7086,2.7086,3,3,0.0168,0.9832,0.8578,0.5917,0.2114,0.0505,0.0116,0.0021,0.0003,0.0,0.0,0.0,0.0,0.0,0.0,0.0,0.0,0.0,0.0,0.0,0.0,0.2114,373.0,-373.0,-0.2079,morning,2026-05-30T16:51:22Z,494a3e93#phase10c,51235cba-0b50-441b-a7aa-b0e5bef2d559,ok,0.0,high,full,current_phase8,fallback_used,projected,derived_from_projected_minutes,bdl_plus_nba_official,2026-05-30T16:50:26Z,projected,not_available_yet,bdl_lineup_freshness_manifest,market_offered
Victor Wembanyama,56677822,SAS,OKC,False,21713534,ast,3.5,3.5,fliff,120,-175,0.4167,stat_grid:pmf_sim_v1+role_aware_pmf_cal_v1:starter+monotone_pit_cdf_v1,phase8_role_aware_pmf_cal_v1+monotone_inactive_global_v1,role_aware_pmf_cal_v1,starter,derived_from_projected_minutes,29.5905,32.708,0.05,2.7086,2.7086,3,3,0.0168,0.9832,0.8578,0.5917,0.2114,0.0505,0.0116,0.0021,0.0003,0.0,0.0,0.0,0.0,0.0,0.0,0.0,0.0,0.0,0.0,0.0,0.0,0.2114,373.0,-373.0,-0.2052,morning,2026-05-30T16:51:22Z,494a3e93#phase10c,51235cba-0b50-441b-a7aa-b0e5bef2d559,ok,0.0,high,full,current_phase8,fallback_used,projected,derived_from_projected_minutes,bdl_plus_nba_official,2026-05-30T16:50:26Z,projected,not_available_yet,bdl_lineup_freshness_manifest,market_offered
Victor Wembanyama,56677822,SAS,OKC,False,21713534,fg3m,3.5,3.5,fanduel,560,-1100,0.1418,stat_grid:fg3m_hurdle_v1+role_aware_pmf_cal_v1:starter+monotone_pit_cdf_v1+sparse_hurdle_guarded,phase8_role_aware_pmf_cal_v1+monotone_inactive_global_v1,role_aware_pmf_cal_v1,starter,derived_from_projected_minutes,29.5905,32.708,0.05,2.0522,2.0522,2,1,0.1874,0.8126,0.5359,0.3362,0.1773,0.1103,0.0799,0.0,0.0,0.0,0.0,0.0,0.0,0.0,0.0,0.0,0.0,0.0,0.0,0.0,0.0,0.1773,464.0,-464.0,0.0355,morning,2026-05-30T16:51:22Z,494a3e93#phase10c,51235cba-0b50-441b-a7aa-b0e5bef2d559,ok,0.0,high,full,current_phase8,fallback_used,projected,derived_from_projected_minutes,bdl_plus_nba_official,2026-05-30T16:50:26Z,projected,not_available_yet,bdl_lineup_freshness_manifest,market_offered
Victor Wembanyama,56677822,SAS,OKC,False,21713534,fg3m,2.5,2.5,fanduel,200,-275,0.3125,stat_grid:fg3m_hurdle_v1+role_aware_pmf_cal_v1:starter+monotone_pit_cdf_v1+sparse_hurdle_guarded,phase8_role_aware_pmf_cal_v1+monotone_inactive_global_v1,role_aware_pmf_cal_v1,starter,derived_from_projected_minutes,29.5905,32.708,0.05,2.0522,2.0522,2,1,0.1874,0.8126,0.5359,0.3362,0.1773,0.1103,0.0799,0.0,0.0,0.0,0.0,0.0,0.0,0.0,0.0,0.0,0.0,0.0,0.0,0.0,0.0,0.3362,197.0,-197.0,0.0237,morning,2026-05-30T16:51:22Z,494a3e93#phase10c,51235cba-0b50-441b-a7aa-b0e5bef2d559,ok,0.0,high,full,current_phase8,fallback_used,projected,derived_from_projected_minutes,bdl_plus_nba_official,2026-05-30T16:50:26Z,projected,not_available_yet,bdl_lineup_freshness_manifest,market_offered
Victor Wembanyama,56677822,SAS,OKC,False,21713534,fg3m,1.5,1.5,fanduel,-156,118,0.5705,stat_grid:fg3m_hurdle_v1+role_aware_pmf_cal_v1:starter+monotone_pit_cdf_v1+sparse_hurdle_guarded,phase8_role_aware_pmf_cal_v1+monotone_inactive_global_v1,role_aware_pmf_cal_v1,starter,derived_from_projected_minutes,29.5905,32.708,0.05,2.0522,2.0522,2,1,0.1874,0.8126,0.5359,0.3362,0.1773,0.1103,0.0799,0.0,0.0,0.0,0.0,0.0,0.0,0.0,0.0,0.0,0.0,0.0,0.0,0.0,0.0,0.5359,-115.0,115.0,-0.0346,morning,2026-05-30T16:51:22Z,494a3e93#phase10c,51235cba-0b50-441b-a7aa-b0e5bef2d559,ok,0.0,high,full,current_phase8,fallback_used,projected,derived_from_projected_minutes,bdl_plus_nba_official,2026-05-30T16:50:26Z,projected,not_available_yet,bdl_lineup_freshness_manifest,market_offered
Victor Wembanyama,56677822,SAS,OKC,False,21713534,fg3m,0.5,0.5,fanduel,-770,450,0.8296,stat_grid:fg3m_hurdle_v1+role_aware_pmf_cal_v1:starter+monotone_pit_cdf_v1+sparse_hurdle_guarded,phase8_role_aware_pmf_cal_v1+monotone_inactive_global_v1,role_aware_pmf_cal_v1,starter,derived_from_projected_minutes,29.5905,32.708,0.05,2.0522,2.0522,2,1,0.1874,0.8126,0.5359,0.3362,0.1773,0.1103,0.0799,0.0,0.0,0.0,0.0,0.0,0.0,0.0,0.0,0.0,0.0,0.0,0.0,0.0,0.0,0.8126,-434.0,434.0,-0.017,morning,2026-05-30T16:51:22Z,494a3e93#phase10c,51235cba-0b50-441b-a7aa-b0e5bef2d559,ok,0.0,high,full,current_phase8,fallback_used,projected,derived_from_projected_minutes,bdl_plus_nba_official,2026-05-30T16:50:26Z,projected,not_available_yet,bdl_lineup_freshness_manifest,market_offered
Victor Wembanyama,56677822,SAS,OKC,False,21713534,fg3m,1.5,1.5,williamhill_us,-170,126,0.5873,stat_grid:fg3m_hurdle_v1+role_aware_pmf_cal_v1:starter+monotone_pit_cdf_v1+sparse_hurdle_guarded,phase8_role_aware_pmf_cal_v1+monotone_inactive_global_v1,role_aware_pmf_cal_v1,starter,derived_from_projected_minutes,29.5905,32.708,0.05,2.0522,2.0522,2,1,0.1874,0.8126,0.5359,0.3362,0.1773,0.1103,0.0799,0.0,0.0,0.0,0.0,0.0,0.0,0.0,0.0,0.0,0.0,0.0,0.0,0.0,0.0,0.5359,-115.0,115.0,-0.0514,morning,2026-05-30T16:51:22Z,494a3e93#phase10c,51235cba-0b50-441b-a7aa-b0e5bef2d559,ok,0.0,high,full,current_phase8,fallback_used,projected,derived_from_projected_minutes,bdl_plus_nba_official,2026-05-30T16:50:26Z,projected,not_available_yet,bdl_lineup_freshness_manifest,market_offered
Victor Wembanyama,56677822,SAS,OKC,False,21713534,fg3m,1.5,1.5,fanduel,-158,118,0.5717,stat_grid:fg3m_hurdle_v1+role_aware_pmf_cal_v1:starter+monotone_pit_cdf_v1+sparse_hurdle_guarded,phase8_role_aware_pmf_cal_v1+monotone_inactive_global_v1,role_aware_pmf_cal_v1,starter,derived_from_projected_minutes,29.5905,32.708,0.05,2.0522,2.0522,2,1,0.1874,0.8126,0.5359,0.3362,0.1773,0.1103,0.0799,0.0,0.0,0.0,0.0,0.0,0.0,0.0,0.0,0.0,0.0,0.0,0.0,0.0,0.0,0.5359,-115.0,115.0,-0.0358,morning,2026-05-30T16:51:22Z,494a3e93#phase10c,51235cba-0b50-441b-a7aa-b0e5bef2d559,ok,0.0,high,full,current_phase8,fallback_used,projected,derived_from_projected_minutes,bdl_plus_nba_official,2026-05-30T16:50:26Z,projected,not_available_yet,bdl_lineup_freshness_manifest,market_offered
Victor Wembanyama,56677822,SAS,OKC,False,21713534,fg3m,1.5,1.5,betrivers,-159,116,0.5701,stat_grid:fg3m_hurdle_v1+role_aware_pmf_cal_v1:starter+monotone_pit_cdf_v1+sparse_hurdle_guarded,phase8_role_aware_pmf_cal_v1+monotone_inactive_global_v1,role_aware_pmf_cal_v1,starter,derived_from_projected_minutes,29.5905,32.708,0.05,2.0522,2.0522,2,1,0.1874,0.8126,0.5359,0.3362,0.1773,0.1103,0.0799,0.0,0.0,0.0,0.0,0.0,0.0,0.0,0.0,0.0,0.0,0.0,0.0,0.0,0.0,0.5359,-115.0,115.0,-0.0342,morning,2026-05-30T16:51:22Z,494a3e93#phase10c,51235cba-0b50-441b-a7aa-b0e5bef2d559,ok,0.0,high,full,current_phase8,fallback_used,projected,derived_from_projected_minutes,bdl_plus_nba_official,2026-05-30T16:50:26Z,projected,not_available_yet,bdl_lineup_freshness_manifest,market_offered
Victor Wembanyama,56677822,SAS,OKC,False,21713534,fg3m,1.5,1.5,betmgm,-165,125,0.5835,stat_grid:fg3m_hurdle_v1+role_aware_pmf_cal_v1:starter+monotone_pit_cdf_v1+sparse_hurdle_guarded,phase8_role_aware_pmf_cal_v1+monotone_inactive_global_v1,role_aware_pmf_cal_v1,starter,derived_from_projected_minutes,29.5905,32.708,0.05,2.0522,2.0522,2,1,0.1874,0.8126,0.5359,0.3362,0.1773,0.1103,0.0799,0.0,0.0,0.0,0.0,0.0,0.0,0.0,0.0,0.0,0.0,0.0,0.0,0.0,0.0,0.5359,-115.0,115.0,-0.0476,morning,2026-05-30T16:51:22Z,494a3e93#phase10c,51235cba-0b50-441b-a7aa-b0e5bef2d559,ok,0.0,high,full,current_phase8,fallback_used,projected,derived_from_projected_minutes,bdl_plus_nba_official,2026-05-30T16:50:26Z,projected,not_available_yet,bdl_lineup_freshness_manifest,market_offered
Victor Wembanyama,56677822,SAS,OKC,False,21713534,fg3m,1.5,1.5,bovada,-190,145,0.6161,stat_grid:fg3m_hurdle_v1+role_aware_pmf_cal_v1:starter+monotone_pit_cdf_v1+sparse_hurdle_guarded,phase8_role_aware_pmf_cal_v1+monotone_inactive_global_v1,role_aware_pmf_cal_v1,starter,derived_from_projected_minutes,29.5905,32.708,0.05,2.0522,2.0522,2,1,0.1874,0.8126,0.5359,0.3362,0.1773,0.1103,0.0799,0.0,0.0,0.0,0.0,0.0,0.0,0.0,0.0,0.0,0.0,0.0,0.0,0.0,0.0,0.5359,-115.0,115.0,-0.0802,morning,2026-05-30T16:51:22Z,494a3e93#phase10c,51235cba-0b50-441b-a7aa-b0e5bef2d559,ok,0.0,high,full,current_phase8,fallback_used,projected,derived_from_projected_minutes,bdl_plus_nba_official,2026-05-30T16:50:26Z,projected,not_available_yet,bdl_lineup_freshness_manifest,market_offered
Victor Wembanyama,56677822,SAS,OKC,False,21713534,fg3m,2.5,2.5,bovada,155,-210,0.3666,stat_grid:fg3m_hurdle_v1+role_aware_pmf_cal_v1:starter+monotone_pit_cdf_v1+sparse_hurdle_guarded,phase8_role_aware_pmf_cal_v1+monotone_inactive_global_v1,role_aware_pmf_cal_v1,starter,derived_from_projected_minutes,29.5905,32.708,0.05,2.0522,2.0522,2,1,0.1874,0.8126,0.5359,0.3362,0.1773,0.1103,0.0799,0.0,0.0,0.0,0.0,0.0,0.0,0.0,0.0,0.0,0.0,0.0,0.0,0.0,0.0,0.3362,197.0,-197.0,-0.0304,morning,2026-05-30T16:51:22Z,494a3e93#phase10c,51235cba-0b50-441b-a7aa-b0e5bef2d559,ok,0.0,high,full,current_phase8,fallback_used,projected,derived_from_projected_minutes,bdl_plus_nba_official,2026-05-30T16:50:26Z,projected,not_available_yet,bdl_lineup_freshness_manifest,market_offered
Victor Wembanyama,56677822,SAS,OKC,False,21713534,fg3m,1.5,1.5,draftkings,-189,143,0.6138,stat_grid:fg3m_hurdle_v1+role_aware_pmf_cal_v1:starter+monotone_pit_cdf_v1+sparse_hurdle_guarded,phase8_role_aware_pmf_cal_v1+monotone_inactive_global_v1,role_aware_pmf_cal_v1,starter,derived_from_projected_minutes,29.5905,32.708,0.05,2.0522,2.0522,2,1,0.1874,0.8126,0.5359,0.3362,0.1773,0.1103,0.0799,0.0,0.0,0.0,0.0,0.0,0.0,0.0,0.0,0.0,0.0,0.0,0.0,0.0,0.0,0.5359,-115.0,115.0,-0.0779,morning,2026-05-30T16:51:22Z,494a3e93#phase10c,51235cba-0b50-441b-a7aa-b0e5bef2d559,ok,0.0,high,full,current_phase8,fallback_used,projected,derived_from_projected_minutes,bdl_plus_nba_official,2026-05-30T16:50:26Z,projected,not_available_yet,bdl_lineup_freshness_manifest,market_offered
Victor Wembanyama,56677822,SAS,OKC,False,21713534,fg3m,1.5,1.5,hardrockbet,-170,135,0.5967,stat_grid:fg3m_hurdle_v1+role_aware_pmf_cal_v1:starter+monotone_pit_cdf_v1+sparse_hurdle_guarded,phase8_role_aware_pmf_cal_v1+monotone_inactive_global_v1,role_aware_pmf_cal_v1,starter,derived_from_projected_minutes,29.5905,32.708,0.05,2.0522,2.0522,2,1,0.1874,0.8126,0.5359,0.3362,0.1773,0.1103,0.0799,0.0,0.0,0.0,0.0,0.0,0.0,0.0,0.0,0.0,0.0,0.0,0.0,0.0,0.0,0.5359,-115.0,115.0,-0.0608,morning,2026-05-30T16:51:22Z,494a3e93#phase10c,51235cba-0b50-441b-a7aa-b0e5bef2d559,ok,0.0,high,full,current_phase8,fallback_used,projected,derived_from_projected_minutes,bdl_plus_nba_official,2026-05-30T16:50:26Z,projected,not_available_yet,bdl_lineup_freshness_manifest,market_offered
Victor Wembanyama,56677822,SAS,OKC,False,21713534,fg3m,1.5,1.5,hardrockbet_fl,-170,135,0.5967,stat_grid:fg3m_hurdle_v1+role_aware_pmf_cal_v1:starter+monotone_pit_cdf_v1+sparse_hurdle_guarded,phase8_role_aware_pmf_cal_v1+monotone_inactive_global_v1,role_aware_pmf_cal_v1,starter,derived_from_projected_minutes,29.5905,32.708,0.05,2.0522,2.0522,2,1,0.1874,0.8126,0.5359,0.3362,0.1773,0.1103,0.0799,0.0,0.0,0.0,0.0,0.0,0.0,0.0,0.0,0.0,0.0,0.0,0.0,0.0,0.0,0.5359,-115.0,115.0,-0.0608,morning,2026-05-30T16:51:22Z,494a3e93#phase10c,51235cba-0b50-441b-a7aa-b0e5bef2d559,ok,0.0,high,full,current_phase8,fallback_used,projected,derived_from_projected_minutes,bdl_plus_nba_official,2026-05-30T16:50:26Z,projected,not_available_yet,bdl_lineup_freshness_manifest,market_offered
Victor Wembanyama,56677822,SAS,OKC,False,21713534,fg3m,1.5,1.5,hardrockbet_az,-170,135,0.5967,stat_grid:fg3m_hurdle_v1+role_aware_pmf_cal_v1:starter+monotone_pit_cdf_v1+sparse_hurdle_guarded,phase8_role_aware_pmf_cal_v1+monotone_inactive_global_v1,role_aware_pmf_cal_v1,starter,derived_from_projected_minutes,29.5905,32.708,0.05,2.0522,2.0522,2,1,0.1874,0.8126,0.5359,0.3362,0.1773,0.1103,0.0799,0.0,0.0,0.0,0.0,0.0,0.0,0.0,0.0,0.0,0.0,0.0,0.0,0.0,0.0,0.5359,-115.0,115.0,-0.0608,morning,2026-05-30T16:51:22Z,494a3e93#phase10c,51235cba-0b50-441b-a7aa-b0e5bef2d559,ok,0.0,high,full,current_phase8,fallback_used,projected,derived_from_projected_minutes,bdl_plus_nba_official,2026-05-30T16:50:26Z,projected,not_available_yet,bdl_lineup_freshness_manifest,market_offered
Victor Wembanyama,56677822,SAS,OKC,False,21713534,fg3m,1.5,1.5,betparx,-159,120,0.5746,stat_grid:fg3m_hurdle_v1+role_aware_pmf_cal_v1:starter+monotone_pit_cdf_v1+sparse_hurdle_guarded,phase8_role_aware_pmf_cal_v1+monotone_inactive_global_v1,role_aware_pmf_cal_v1,starter,derived_from_projected_minutes,29.5905,32.708,0.05,2.0522,2.0522,2,1,0.1874,0.8126,0.5359,0.3362,0.1773,0.1103,0.0799,0.0,0.0,0.0,0.0,0.0,0.0,0.0,0.0,0.0,0.0,0.0,0.0,0.0,0.0,0.5359,-115.0,115.0,-0.0387,morning,2026-05-30T16:51:22Z,494a3e93#phase10c,51235cba-0b50-441b-a7aa-b0e5bef2d559,ok,0.0,high,full,current_phase8,fallback_used,projected,derived_from_projected_minutes,bdl_plus_nba_official,2026-05-30T16:50:26Z,projected,not_available_yet,bdl_lineup_freshness_manifest,market_offered
Victor Wembanyama,56677822,SAS,OKC,False,21713534,fg3m,1.5,1.5,fliff,-195,130,0.6032,stat_grid:fg3m_hurdle_v1+role_aware_pmf_cal_v1:starter+monotone_pit_cdf_v1+sparse_hurdle_guarded,phase8_role_aware_pmf_cal_v1+monotone_inactive_global_v1,role_aware_pmf_cal_v1,starter,derived_from_projected_minutes,29.5905,32.708,0.05,2.0522,2.0522,2,1,0.1874,0.8126,0.5359,0.3362,0.1773,0.1103,0.0799,0.0,0.0,0.0,0.0,0.0,0.0,0.0,0.0,0.0,0.0,0.0,0.0,0.0,0.0,0.5359,-115.0,115.0,-0.0673,morning,2026-05-30T16:51:22Z,494a3e93#phase10c,51235cba-0b50-441b-a7aa-b0e5bef2d559,ok,0.0,high,full,current_phase8,fallback_used,projected,derived_from_projected_minutes,bdl_plus_nba_official,2026-05-30T16:50:26Z,projected,not_available_yet,bdl_lineup_freshness_manifest,market_offered
Victor Wembanyama,56677822,SAS,OKC,False,21713534,fg3m,1.5,1.5,espnbet,-160,120,0.5752,stat_grid:fg3m_hurdle_v1+role_aware_pmf_cal_v1:starter+monotone_pit_cdf_v1+sparse_hurdle_guarded,phase8_role_aware_pmf_cal_v1+monotone_inactive_global_v1,role_aware_pmf_cal_v1,starter,derived_from_projected_minutes,29.5905,32.708,0.05,2.0522,2.0522,2,1,0.1874,0.8126,0.5359,0.3362,0.1773,0.1103,0.0799,0.0,0.0,0.0,0.0,0.0,0.0,0.0,0.0,0.0,0.0,0.0,0.0,0.0,0.0,0.5359,-115.0,115.0,-0.0393,morning,2026-05-30T16:51:22Z,494a3e93#phase10c,51235cba-0b50-441b-a7aa-b0e5bef2d559,ok,0.0,high,full,current_phase8,fallback_used,projected,derived_from_projected_minutes,bdl_plus_nba_official,2026-05-30T16:50:26Z,projected,not_available_yet,bdl_lineup_freshness_manifest,market_offered
Victor Wembanyama,56677822,SAS,OKC,False,21713534,fg3m,2.5,2.5,espnbet,175,-240,0.34,stat_grid:fg3m_hurdle_v1+role_aware_pmf_cal_v1:starter+monotone_pit_cdf_v1+sparse_hurdle_guarded,phase8_role_aware_pmf_cal_v1+monotone_inactive_global_v1,role_aware_pmf_cal_v1,starter,derived_from_projected_minutes,29.5905,32.708,0.05,2.0522,2.0522,2,1,0.1874,0.8126,0.5359,0.3362,0.1773,0.1103,0.0799,0.0,0.0,0.0,0.0,0.0,0.0,0.0,0.0,0.0,0.0,0.0,0.0,0.0,0.0,0.3362,197.0,-197.0,-0.0038,morning,2026-05-30T16:51:22Z,494a3e93#phase10c,51235cba-0b50-441b-a7aa-b0e5bef2d559,ok,0.0,high,full,current_phase8,fallback_used,projected,derived_from_projected_minutes,bdl_plus_nba_official,2026-05-30T16:50:26Z,projected,not_available_yet,bdl_lineup_freshness_manifest,market_offered
Victor Wembanyama,56677822,SAS,OKC,False,21713534,fg3m,3.5,3.5,espnbet,425,-800,0.1765,stat_grid:fg3m_hurdle_v1+role_aware_pmf_cal_v1:starter+monotone_pit_cdf_v1+sparse_hurdle_guarded,phase8_role_aware_pmf_cal_v1+monotone_inactive_global_v1,role_aware_pmf_cal_v1,starter,derived_from_projected_minutes,29.5905,32.708,0.05,2.0522,2.0522,2,1,0.1874,0.8126,0.5359,0.3362,0.1773,0.1103,0.0799,0.0,0.0,0.0,0.0,0.0,0.0,0.0,0.0,0.0,0.0,0.0,0.0,0.0,0.0,0.1773,464.0,-464.0,0.0009,morning,2026-05-30T16:51:22Z,494a3e93#phase10c,51235cba-0b50-441b-a7aa-b0e5bef2d559,ok,0.0,high,full,current_phase8,fallback_used,projected,derived_from_projected_minutes,bdl_plus_nba_official,2026-05-30T16:50:26Z,projected,not_available_yet,bdl_lineup_freshness_manifest,market_offered
Victor Wembanyama,56677822,SAS,OKC,False,21713534,fg3m,1.5,1.5,rebet,-167,125,0.5846,stat_grid:fg3m_hurdle_v1+role_aware_pmf_cal_v1:starter+monotone_pit_cdf_v1+sparse_hurdle_guarded,phase8_role_aware_pmf_cal_v1+monotone_inactive_global_v1,role_aware_pmf_cal_v1,starter,derived_from_projected_minutes,29.5905,32.708,0.05,2.0522,2.0522,2,1,0.1874,0.8126,0.5359,0.3362,0.1773,0.1103,0.0799,0.0,0.0,0.0,0.0,0.0,0.0,0.0,0.0,0.0,0.0,0.0,0.0,0.0,0.0,0.5359,-115.0,115.0,-0.0487,morning,2026-05-30T16:51:22Z,494a3e93#phase10c,51235cba-0b50-441b-a7aa-b0e5bef2d559,ok,0.0,high,full,current_phase8,fallback_used,projected,derived_from_projected_minutes,bdl_plus_nba_official,2026-05-30T16:50:26Z,projected,not_available_yet,bdl_lineup_freshness_manifest,market_offered
Victor Wembanyama,56677822,SAS,OKC,False,21713534,stl,1.5,1.5,fanduel,148,-200,0.3769,stat_grid:hurdle_v1+role_aware_pmf_cal_v1:starter+monotone_pit_cdf_v1+sparse_hurdle_guarded,phase8_role_aware_pmf_cal_v1+monotone_inactive_global_v1,role_aware_pmf_cal_v1,starter,derived_from_projected_minutes,29.5905,32.708,0.05,0.6561,0.6561,0,0,0.516,0.484,0.1208,0.0398,0.009,0.0025,0.0,0.0,0.0,0.0,0.0,0.0,0.0,0.0,0.0,0.0,0.0,0.0,0.0,0.0,0.0,0.1208,728.0,-728.0,-0.2561,morning,2026-05-30T16:51:22Z,494a3e93#phase10c,51235cba-0b50-441b-a7aa-b0e5bef2d559,ok,0.0,high,full,current_phase8,fallback_used,projected,derived_from_projected_minutes,bdl_plus_nba_official,2026-05-30T16:50:26Z,projected,not_available_yet,bdl_lineup_freshness_manifest,market_offered
Victor Wembanyama,56677822,SAS,OKC,False,21713534,stl,1.5,1.5,bovada,160,-215,0.3604,stat_grid:hurdle_v1+role_aware_pmf_cal_v1:starter+monotone_pit_cdf_v1+sparse_hurdle_guarded,phase8_role_aware_pmf_cal_v1+monotone_inactive_global_v1,role_aware_pmf_cal_v1,starter,derived_from_projected_minutes,29.5905,32.708,0.05,0.6561,0.6561,0,0,0.516,0.484,0.1208,0.0398,0.009,0.0025,0.0,0.0,0.0,0.0,0.0,0.0,0.0,0.0,0.0,0.0,0.0,0.0,0.0,0.0,0.0,0.1208,728.0,-728.0,-0.2396,morning,2026-05-30T16:51:22Z,494a3e93#phase10c,51235cba-0b50-441b-a7aa-b0e5bef2d559,ok,0.0,high,full,current_phase8,fallback_used,projected,derived_from_projected_minutes,bdl_plus_nba_official,2026-05-30T16:50:26Z,projected,not_available_yet,bdl_lineup_freshness_manifest,market_offered
Victor Wembanyama,56677822,SAS,OKC,False,21713534,stl,1.5,1.5,draftkings,161,-217,0.3589,stat_grid:hurdle_v1+role_aware_pmf_cal_v1:starter+monotone_pit_cdf_v1+sparse_hurdle_guarded,phase8_role_aware_pmf_cal_v1+monotone_inactive_global_v1,role_aware_pmf_cal_v1,starter,derived_from_projected_minutes,29.5905,32.708,0.05,0.6561,0.6561,0,0,0.516,0.484,0.1208,0.0398,0.009,0.0025,0.0,0.0,0.0,0.0,0.0,0.0,0.0,0.0,0.0,0.0,0.0,0.0,0.0,0.0,0.0,0.1208,728.0,-728.0,-0.238,morning,2026-05-30T16:51:22Z,494a3e93#phase10c,51235cba-0b50-441b-a7aa-b0e5bef2d559,ok,0.0,high,full,current_phase8,fallback_used,projected,derived_from_projected_minutes,bdl_plus_nba_official,2026-05-30T16:50:26Z,projected,not_available_yet,bdl_lineup_freshness_manifest,market_offered
Victor Wembanyama,56677822,SAS,OKC,False,21713534,stl,1.5,1.5,hardrockbet,140,-200,0.3846,stat_grid:hurdle_v1+role_aware_pmf_cal_v1:starter+monotone_pit_cdf_v1+sparse_hurdle_guarded,phase8_role_aware_pmf_cal_v1+monotone_inactive_global_v1,role_aware_pmf_cal_v1,starter,derived_from_projected_minutes,29.5905,32.708,0.05,0.6561,0.6561,0,0,0.516,0.484,0.1208,0.0398,0.009,0.0025,0.0,0.0,0.0,0.0,0.0,0.0,0.0,0.0,0.0,0.0,0.0,0.0,0.0,0.0,0.0,0.1208,728.0,-728.0,-0.2638,morning,2026-05-30T16:51:22Z,494a3e93#phase10c,51235cba-0b50-441b-a7aa-b0e5bef2d559,ok,0.0,high,full,current_phase8,fallback_used,projected,derived_from_projected_minutes,bdl_plus_nba_official,2026-05-30T16:50:26Z,projected,not_available_yet,bdl_lineup_freshness_manifest,market_offered
Victor Wembanyama,56677822,SAS,OKC,False,21713534,stl,1.5,1.5,hardrockbet_fl,140,-200,0.3846,stat_grid:hurdle_v1+role_aware_pmf_cal_v1:starter+monotone_pit_cdf_v1+sparse_hurdle_guarded,phase8_role_aware_pmf_cal_v1+monotone_inactive_global_v1,role_aware_pmf_cal_v1,starter,derived_from_projected_minutes,29.5905,32.708,0.05,0.6561,0.6561,0,0,0.516,0.484,0.1208,0.0398,0.009,0.0025,0.0,0.0,0.0,0.0,0.0,0.0,0.0,0.0,0.0,0.0,0.0,0.0,0.0,0.0,0.0,0.1208,728.0,-728.0,-0.2638,morning,2026-05-30T16:51:22Z,494a3e93#phase10c,51235cba-0b50-441b-a7aa-b0e5bef2d559,ok,0.0,high,full,current_phase8,fallback_used,projected,derived_from_projected_minutes,bdl_plus_nba_official,2026-05-30T16:50:26Z,projected,not_available_yet,bdl_lineup_freshness_manifest,market_offered
Victor Wembanyama,56677822,SAS,OKC,False,21713534,stl,1.5,1.5,hardrockbet_az,140,-200,0.3846,stat_grid:hurdle_v1+role_aware_pmf_cal_v1:starter+monotone_pit_cdf_v1+sparse_hurdle_guarded,phase8_role_aware_pmf_cal_v1+monotone_inactive_global_v1,role_aware_pmf_cal_v1,starter,derived_from_projected_minutes,29.5905,32.708,0.05,0.6561,0.6561,0,0,0.516,0.484,0.1208,0.0398,0.009,0.0025,0.0,0.0,0.0,0.0,0.0,0.0,0.0,0.0,0.0,0.0,0.0,0.0,0.0,0.0,0.0,0.1208,728.0,-728.0,-0.2638,morning,2026-05-30T16:51:22Z,494a3e93#phase10c,51235cba-0b50-441b-a7aa-b0e5bef2d559,ok,0.0,high,full,current_phase8,fallback_used,projected,derived_from_projected_minutes,bdl_plus_nba_official,2026-05-30T16:50:26Z,projected,not_available_yet,bdl_lineup_freshness_manifest,market_offered
Victor Wembanyama,56677822,SAS,OKC,False,21713534,stl,1.5,1.5,betparx,150,-205,0.3731,stat_grid:hurdle_v1+role_aware_pmf_cal_v1:starter+monotone_pit_cdf_v1+sparse_hurdle_guarded,phase8_role_aware_pmf_cal_v1+monotone_inactive_global_v1,role_aware_pmf_cal_v1,starter,derived_from_projected_minutes,29.5905,32.708,0.05,0.6561,0.6561,0,0,0.516,0.484,0.1208,0.0398,0.009,0.0025,0.0,0.0,0.0,0.0,0.0,0.0,0.0,0.0,0.0,0.0,0.0,0.0,0.0,0.0,0.0,0.1208,728.0,-728.0,-0.2523,morning,2026-05-30T16:51:22Z,494a3e93#phase10c,51235cba-0b50-441b-a7aa-b0e5bef2d559,ok,0.0,high,full,current_phase8,fallback_used,projected,derived_from_projected_minutes,bdl_plus_nba_official,2026-05-30T16:50:26Z,projected,not_available_yet,bdl_lineup_freshness_manifest,market_offered
Victor Wembanyama,56677822,SAS,OKC,False,21713534,stl,1.5,1.5,fliff,135,-200,0.3896,stat_grid:hurdle_v1+role_aware_pmf_cal_v1:starter+monotone_pit_cdf_v1+sparse_hurdle_guarded,phase8_role_aware_pmf_cal_v1+monotone_inactive_global_v1,role_aware_pmf_cal_v1,starter,derived_from_projected_minutes,29.5905,32.708,0.05,0.6561,0.6561,0,0,0.516,0.484,0.1208,0.0398,0.009,0.0025,0.0,0.0,0.0,0.0,0.0,0.0,0.0,0.0,0.0,0.0,0.0,0.0,0.0,0.0,0.0,0.1208,728.0,-728.0,-0.2688,morning,2026-05-30T16:51:22Z,494a3e93#phase10c,51235cba-0b50-441b-a7aa-b0e5bef2d559,ok,0.0,high,full,current_phase8,fallback_used,projected,derived_from_projected_minutes,bdl_plus_nba_official,2026-05-30T16:50:26Z,projected,not_available_yet,bdl_lineup_freshness_manifest,market_offered
Victor Wembanyama,56677822,SAS,OKC,False,21713534,blk,3.5,3.5,fanduel,-104,-128,0.4759,stat_grid:hurdle_v1+role_aware_pmf_cal_v1:starter+monotone_pit_cdf_v1+sparse_hurdle_guarded,phase8_role_aware_pmf_cal_v1+monotone_inactive_global_v1,role_aware_pmf_cal_v1,starter,derived_from_projected_minutes,29.5905,32.708,0.05,2.7749,2.7749,2,2,0.0012,0.9988,0.9747,0.4617,0.1868,0.1103,0.0365,0.0056,0.0002,0.0002,0.0002,0.0,0.0,0.0,0.0,0.0,0.0,0.0,0.0,0.0,0.0,0.1868,435.0,-435.0,-0.2891,morning,2026-05-30T16:51:22Z,494a3e93#phase10c,51235cba-0b50-441b-a7aa-b0e5bef2d559,ok,0.0,high,full,current_phase8,fallback_used,projected,derived_from_projected_minutes,bdl_plus_nba_official,2026-05-30T16:50:26Z,projected,not_available_yet,bdl_lineup_freshness_manifest,market_offered
Victor Wembanyama,56677822,SAS,OKC,False,21713534,blk,3.5,3.5,betmgm,100,-140,0.4615,stat_grid:hurdle_v1+role_aware_pmf_cal_v1:starter+monotone_pit_cdf_v1+sparse_hurdle_guarded,phase8_role_aware_pmf_cal_v1+monotone_inactive_global_v1,role_aware_pmf_cal_v1,starter,derived_from_projected_minutes,29.5905,32.708,0.05,2.7749,2.7749,2,2,0.0012,0.9988,0.9747,0.4617,0.1868,0.1103,0.0365,0.0056,0.0002,0.0002,0.0002,0.0,0.0,0.0,0.0,0.0,0.0,0.0,0.0,0.0,0.0,0.1868,435.0,-435.0,-0.2747,morning,2026-05-30T16:51:22Z,494a3e93#phase10c,51235cba-0b50-441b-a7aa-b0e5bef2d559,ok,0.0,high,full,current_phase8,fallback_used,projected,derived_from_projected_minutes,bdl_plus_nba_official,2026-05-30T16:50:26Z,projected,not_available_yet,bdl_lineup_freshness_manifest,market_offered
Victor Wembanyama,56677822,SAS,OKC,False,21713534,blk,3.5,3.5,draftkings,-109,-122,0.4869,stat_grid:hurdle_v1+role_aware_pmf_cal_v1:starter+monotone_pit_cdf_v1+sparse_hurdle_guarded,phase8_role_aware_pmf_cal_v1+monotone_inactive_global_v1,role_aware_pmf_cal_v1,starter,derived_from_projected_minutes,29.5905,32.708,0.05,2.7749,2.7749,2,2,0.0012,0.9988,0.9747,0.4617,0.1868,0.1103,0.0365,0.0056,0.0002,0.0002,0.0002,0.0,0.0,0.0,0.0,0.0,0.0,0.0,0.0,0.0,0.0,0.1868,435.0,-435.0,-0.3001,morning,2026-05-30T16:51:22Z,494a3e93#phase10c,51235cba-0b50-441b-a7aa-b0e5bef2d559,ok,0.0,high,full,current_phase8,fallback_used,projected,derived_from_projected_minutes,bdl_plus_nba_official,2026-05-30T16:50:26Z,projected,not_available_yet,bdl_lineup_freshness_manifest,market_offered
Victor Wembanyama,56677822,SAS,OKC,False,21713534,blk,3.5,3.5,hardrockbet_az,-115,-125,0.4905,stat_grid:hurdle_v1+role_aware_pmf_cal_v1:starter+monotone_pit_cdf_v1+sparse_hurdle_guarded,phase8_role_aware_pmf_cal_v1+monotone_inactive_global_v1,role_aware_pmf_cal_v1,starter,derived_from_projected_minutes,29.5905,32.708,0.05,2.7749,2.7749,2,2,0.0012,0.9988,0.9747,0.4617,0.1868,0.1103,0.0365,0.0056,0.0002,0.0002,0.0002,0.0,0.0,0.0,0.0,0.0,0.0,0.0,0.0,0.0,0.0,0.1868,435.0,-435.0,-0.3037,morning,2026-05-30T16:51:22Z,494a3e93#phase10c,51235cba-0b50-441b-a7aa-b0e5bef2d559,ok,0.0,high,full,current_phase8,fallback_used,projected,derived_from_projected_minutes,bdl_plus_nba_official,2026-05-30T16:50:26Z,projected,not_available_yet,bdl_lineup_freshness_manifest,market_offered
Victor Wembanyama,56677822,SAS,OKC,False,21713534,blk,3.5,3.5,hardrockbet_fl,-115,-125,0.4905,stat_grid:hurdle_v1+role_aware_pmf_cal_v1:starter+monotone_pit_cdf_v1+sparse_hurdle_guarded,phase8_role_aware_pmf_cal_v1+monotone_inactive_global_v1,role_aware_pmf_cal_v1,starter,derived_from_projected_minutes,29.5905,32.708,0.05,2.7749,2.7749,2,2,0.0012,0.9988,0.9747,0.4617,0.1868,0.1103,0.0365,0.0056,0.0002,0.0002,0.0002,0.0,0.0,0.0,0.0,0.0,0.0,0.0,0.0,0.0,0.0,0.1868,435.0,-435.0,-0.3037,morning,2026-05-30T16:51:22Z,494a3e93#phase10c,51235cba-0b50-441b-a7aa-b0e5bef2d559,ok,0.0,high,full,current_phase8,fallback_used,projected,derived_from_projected_minutes,bdl_plus_nba_official,2026-05-30T16:50:26Z,projected,not_available_yet,bdl_lineup_freshness_manifest,market_offered
Victor Wembanyama,56677822,SAS,OKC,False,21713534,blk,3.5,3.5,betparx,-122,-109,0.5131,stat_grid:hurdle_v1+role_aware_pmf_cal_v1:starter+monotone_pit_cdf_v1+sparse_hurdle_guarded,phase8_role_aware_pmf_cal_v1+monotone_inactive_global_v1,role_aware_pmf_cal_v1,starter,derived_from_projected_minutes,29.5905,32.708,0.05,2.7749,2.7749,2,2,0.0012,0.9988,0.9747,0.4617,0.1868,0.1103,0.0365,0.0056,0.0002,0.0002,0.0002,0.0,0.0,0.0,0.0,0.0,0.0,0.0,0.0,0.0,0.0,0.1868,435.0,-435.0,-0.3263,morning,2026-05-30T16:51:22Z,494a3e93#phase10c,51235cba-0b50-441b-a7aa-b0e5bef2d559,ok,0.0,high,full,current_phase8,fallback_used,projected,derived_from_projected_minutes,bdl_plus_nba_official,2026-05-30T16:50:26Z,projected,not_available_yet,bdl_lineup_freshness_manifest,market_offered
Victor Wembanyama,56677822,SAS,OKC,False,21713534,blk,3.5,3.5,hardrockbet,-115,-125,0.4905,stat_grid:hurdle_v1+role_aware_pmf_cal_v1:starter+monotone_pit_cdf_v1+sparse_hurdle_guarded,phase8_role_aware_pmf_cal_v1+monotone_inactive_global_v1,role_aware_pmf_cal_v1,starter,derived_from_projected_minutes,29.5905,32.708,0.05,2.7749,2.7749,2,2,0.0012,0.9988,0.9747,0.4617,0.1868,0.1103,0.0365,0.0056,0.0002,0.0002,0.0002,0.0,0.0,0.0,0.0,0.0,0.0,0.0,0.0,0.0,0.0,0.1868,435.0,-435.0,-0.3037,morning,2026-05-30T16:51:22Z,494a3e93#phase10c,51235cba-0b50-441b-a7aa-b0e5bef2d559,ok,0.0,high,full,current_phase8,fallback_used,projected,derived_from_projected_minutes,bdl_plus_nba_official,2026-05-30T16:50:26Z,projected,not_available_yet,bdl_lineup_freshness_manifest,market_offered
Victor Wembanyama,56677822,SAS,OKC,False,21713534,blk,3.5,3.5,fliff,-105,-140,0.4675,stat_grid:hurdle_v1+role_aware_pmf_cal_v1:starter+monotone_pit_cdf_v1+sparse_hurdle_guarded,phase8_role_aware_pmf_cal_v1+monotone_inactive_global_v1,role_aware_pmf_cal_v1,starter,derived_from_projected_minutes,29.5905,32.708,0.05,2.7749,2.7749,2,2,0.0012,0.9988,0.9747,0.4617,0.1868,0.1103,0.0365,0.0056,0.0002,0.0002,0.0002,0.0,0.0,0.0,0.0,0.0,0.0,0.0,0.0,0.0,0.0,0.1868,435.0,-435.0,-0.2807,morning,2026-05-30T16:51:22Z,494a3e93#phase10c,51235cba-0b50-441b-a7aa-b0e5bef2d559,ok,0.0,high,full,current_phase8,fallback_used,projected,derived_from_projected_minutes,bdl_plus_nba_official,2026-05-30T16:50:26Z,projected,not_available_yet,bdl_lineup_freshness_manifest,market_offered
Victor Wembanyama,56677822,SAS,OKC,False,21713534,stocks,4.5,4.5,draftkings,-128,-104,0.5241,"stat_grid:component_convolution_mean_coherent_v1+components[stl:hurdle_v1+role_aware_pmf_cal_v1:starter+monotone_pit_cdf_v1+sparse_hurdle_guarded,blk:hurdle_v1+role_aware_pmf_cal_v1:starter+monotone_pit_cdf_v1+sparse_hurdle_guarded]+prior_combo[joint_sampler_v1+joint_combo_pmf_v1+role_aware_pmf_cal_v1:starter+monotone_pit_cdf_v1+sparse_hurdle_guarded]+stat_grid_final_component_convolution_mean_coherent_v1",phase8_role_aware_pmf_cal_v1+monotone_inactive_global_v1,phase8_pmf_cal,starter,derived_from_projected_minutes,29.5905,32.708,0.05,3.507,3.507,3,3,0.0006,0.9994,0.9865,0.7222,0.4036,0.2283,0.1109,0.0397,0.012,0.0032,0.001,0.0002,0.0,0.0,0.0,0.0,0.0,0.0,0.0,0.0,0.0,0.2283,338.0,-338.0,-0.2958,morning,2026-05-30T16:51:22Z,494a3e93#phase10c,51235cba-0b50-441b-a7aa-b0e5bef2d559,ok,0.0,high,full,current_phase8,fallback_used,projected,derived_from_projected_minutes,bdl_plus_nba_official,2026-05-30T16:50:26Z,projected,not_available_yet,bdl_lineup_freshness_manifest,market_offered
Victor Wembanyama,56677822,SAS,OKC,False,21713534,stocks,4.5,4.5,hardrockbet_az,-130,-110,0.519,"stat_grid:component_convolution_mean_coherent_v1+components[stl:hurdle_v1+role_aware_pmf_cal_v1:starter+monotone_pit_cdf_v1+sparse_hurdle_guarded,blk:hurdle_v1+role_aware_pmf_cal_v1:starter+monotone_pit_cdf_v1+sparse_hurdle_guarded]+prior_combo[joint_sampler_v1+joint_combo_pmf_v1+role_aware_pmf_cal_v1:starter+monotone_pit_cdf_v1+sparse_hurdle_guarded]+stat_grid_final_component_convolution_mean_coherent_v1",phase8_role_aware_pmf_cal_v1+monotone_inactive_global_v1,phase8_pmf_cal,starter,derived_from_projected_minutes,29.5905,32.708,0.05,3.507,3.507,3,3,0.0006,0.9994,0.9865,0.7222,0.4036,0.2283,0.1109,0.0397,0.012,0.0032,0.001,0.0002,0.0,0.0,0.0,0.0,0.0,0.0,0.0,0.0,0.0,0.2283,338.0,-338.0,-0.2907,morning,2026-05-30T16:51:22Z,494a3e93#phase10c,51235cba-0b50-441b-a7aa-b0e5bef2d559,ok,0.0,high,full,current_phase8,fallback_used,projected,derived_from_projected_minutes,bdl_plus_nba_official,2026-05-30T16:50:26Z,projected,not_available_yet,bdl_lineup_freshness_manifest,market_offered
Victor Wembanyama,56677822,SAS,OKC,False,21713534,stocks,4.5,4.5,hardrockbet,-130,-110,0.519,"stat_grid:component_convolution_mean_coherent_v1+components[stl:hurdle_v1+role_aware_pmf_cal_v1:starter+monotone_pit_cdf_v1+sparse_hurdle_guarded,blk:hurdle_v1+role_aware_pmf_cal_v1:starter+monotone_pit_cdf_v1+sparse_hurdle_guarded]+prior_combo[joint_sampler_v1+joint_combo_pmf_v1+role_aware_pmf_cal_v1:starter+monotone_pit_cdf_v1+sparse_hurdle_guarded]+stat_grid_final_component_convolution_mean_coherent_v1",phase8_role_aware_pmf_cal_v1+monotone_inactive_global_v1,phase8_pmf_cal,starter,derived_from_projected_minutes,29.5905,32.708,0.05,3.507,3.507,3,3,0.0006,0.9994,0.9865,0.7222,0.4036,0.2283,0.1109,0.0397,0.012,0.0032,0.001,0.0002,0.0,0.0,0.0,0.0,0.0,0.0,0.0,0.0,0.0,0.2283,338.0,-338.0,-0.2907,morning,2026-05-30T16:51:22Z,494a3e93#phase10c,51235cba-0b50-441b-a7aa-b0e5bef2d559,ok,0.0,high,full,current_phase8,fallback_used,projected,derived_from_projected_minutes,bdl_plus_nba_official,2026-05-30T16:50:26Z,projected,not_available_yet,bdl_lineup_freshness_manifest,market_offered
Victor Wembanyama,56677822,SAS,OKC,False,21713534,stocks,4.5,4.5,hardrockbet_fl,-130,-110,0.519,"stat_grid:component_convolution_mean_coherent_v1+components[stl:hurdle_v1+role_aware_pmf_cal_v1:starter+monotone_pit_cdf_v1+sparse_hurdle_guarded,blk:hurdle_v1+role_aware_pmf_cal_v1:starter+monotone_pit_cdf_v1+sparse_hurdle_guarded]+prior_combo[joint_sampler_v1+joint_combo_pmf_v1+role_aware_pmf_cal_v1:starter+monotone_pit_cdf_v1+sparse_hurdle_guarded]+stat_grid_final_component_convolution_mean_coherent_v1",phase8_role_aware_pmf_cal_v1+monotone_inactive_global_v1,phase8_pmf_cal,starter,derived_from_projected_minutes,29.5905,32.708,0.05,3.507,3.507,3,3,0.0006,0.9994,0.9865,0.7222,0.4036,0.2283,0.1109,0.0397,0.012,0.0032,0.001,0.0002,0.0,0.0,0.0,0.0,0.0,0.0,0.0,0.0,0.0,0.2283,338.0,-338.0,-0.2907,morning,2026-05-30T16:51:22Z,494a3e93#phase10c,51235cba-0b50-441b-a7aa-b0e5bef2d559,ok,0.0,high,full,current_phase8,fallback_used,projected,derived_from_projected_minutes,bdl_plus_nba_official,2026-05-30T16:50:26Z,projected,not_available_yet,bdl_lineup_freshness_manifest,market_offered
Victor Wembanyama,56677822,SAS,OKC,False,21713534,stocks,4.5,4.5,betparx,-148,112,0.5585,"stat_grid:component_convolution_mean_coherent_v1+components[stl:hurdle_v1+role_aware_pmf_cal_v1:starter+monotone_pit_cdf_v1+sparse_hurdle_guarded,blk:hurdle_v1+role_aware_pmf_cal_v1:starter+monotone_pit_cdf_v1+sparse_hurdle_guarded]+prior_combo[joint_sampler_v1+joint_combo_pmf_v1+role_aware_pmf_cal_v1:starter+monotone_pit_cdf_v1+sparse_hurdle_guarded]+stat_grid_final_component_convolution_mean_coherent_v1",phase8_role_aware_pmf_cal_v1+monotone_inactive_global_v1,phase8_pmf_cal,starter,derived_from_projected_minutes,29.5905,32.708,0.05,3.507,3.507,3,3,0.0006,0.9994,0.9865,0.7222,0.4036,0.2283,0.1109,0.0397,0.012,0.0032,0.001,0.0002,0.0,0.0,0.0,0.0,0.0,0.0,0.0,0.0,0.0,0.2283,338.0,-338.0,-0.3302,morning,2026-05-30T16:51:22Z,494a3e93#phase10c,51235cba-0b50-441b-a7aa-b0e5bef2d559,ok,0.0,high,full,current_phase8,fallback_used,projected,derived_from_projected_minutes,bdl_plus_nba_official,2026-05-30T16:50:26Z,projected,not_available_yet,bdl_lineup_freshness_manifest,market_offered
Victor Wembanyama,56677822,SAS,OKC,False,21713534,stocks,4.5,4.5,fliff,-135,-105,0.5287,"stat_grid:component_convolution_mean_coherent_v1+components[stl:hurdle_v1+role_aware_pmf_cal_v1:starter+monotone_pit_cdf_v1+sparse_hurdle_guarded,blk:hurdle_v1+role_aware_pmf_cal_v1:starter+monotone_pit_cdf_v1+sparse_hurdle_guarded]+prior_combo[joint_sampler_v1+joint_combo_pmf_v1+role_aware_pmf_cal_v1:starter+monotone_pit_cdf_v1+sparse_hurdle_guarded]+stat_grid_final_component_convolution_mean_coherent_v1",phase8_role_aware_pmf_cal_v1+monotone_inactive_global_v1,phase8_pmf_cal,starter,derived_from_projected_minutes,29.5905,32.708,0.05,3.507,3.507,3,3,0.0006,0.9994,0.9865,0.7222,0.4036,0.2283,0.1109,0.0397,0.012,0.0032,0.001,0.0002,0.0,0.0,0.0,0.0,0.0,0.0,0.0,0.0,0.0,0.2283,338.0,-338.0,-0.3003,morning,2026-05-30T16:51:22Z,494a3e93#phase10c,51235cba-0b50-441b-a7aa-b0e5bef2d559,ok,0.0,high,full,current_phase8,fallback_used,projected,derived_from_projected_minutes,bdl_plus_nba_official,2026-05-30T16:50:26Z,projected,not_available_yet,bdl_lineup_freshness_manifest,market_offered
Victor Wembanyama,56677822,SAS,OKC,False,21713534,pa,33.5,33.5,fanduel,198,-275,0.3139,"stat_grid:component_convolution_mean_coherent_v1+components[pts:pmf_sim_v1+role_aware_pmf_cal_v1:starter+monotone_pit_cdf_v1,ast:pmf_sim_v1+role_aware_pmf_cal_v1:starter+monotone_pit_cdf_v1]+prior_combo[joint_sampler_v1+joint_combo_pmf_v1+role_aware_pmf_cal_v1:starter+monotone_pit_cdf_v1]+stat_grid_final_component_convolution_mean_coherent_v1",phase8_role_aware_pmf_cal_v1+monotone_inactive_global_v1,phase8_pmf_cal,starter,derived_from_projected_minutes,29.5905,32.708,0.05,26.9501,26.9501,27,28,0.0,1.0,0.9999,0.9997,0.9993,0.9988,0.9982,0.9974,0.9963,0.9948,0.9928,0.9899,0.9853,0.9784,0.9684,0.9559,0.9403,0.9221,0.9003,0.8763,0.8478,0.1734,477.0,-477.0,-0.1405,morning,2026-05-30T16:51:22Z,494a3e93#phase10c,51235cba-0b50-441b-a7aa-b0e5bef2d559,ok,0.0,high,full,current_phase8,fallback_used,projected,derived_from_projected_minutes,bdl_plus_nba_official,2026-05-30T16:50:26Z,projected,not_available_yet,bdl_lineup_freshness_manifest,market_offered
Victor Wembanyama,56677822,SAS,OKC,False,21713534,pa,32.5,32.5,fanduel,168,-230,0.3487,"stat_grid:component_convolution_mean_coherent_v1+components[pts:pmf_sim_v1+role_aware_pmf_cal_v1:starter+monotone_pit_cdf_v1,ast:pmf_sim_v1+role_aware_pmf_cal_v1:starter+monotone_pit_cdf_v1]+prior_combo[joint_sampler_v1+joint_combo_pmf_v1+role_aware_pmf_cal_v1:starter+monotone_pit_cdf_v1]+stat_grid_final_component_convolution_mean_coherent_v1",phase8_role_aware_pmf_cal_v1+monotone_inactive_global_v1,phase8_pmf_cal,starter,derived_from_projected_minutes,29.5905,32.708,0.05,26.9501,26.9501,27,28,0.0,1.0,0.9999,0.9997,0.9993,0.9988,0.9982,0.9974,0.9963,0.9948,0.9928,0.9899,0.9853,0.9784,0.9684,0.9559,0.9403,0.9221,0.9003,0.8763,0.8478,0.2114,373.0,-373.0,-0.1373,morning,2026-05-30T16:51:22Z,494a3e93#phase10c,51235cba-0b50-441b-a7aa-b0e5bef2d559,ok,0.0,high,full,current_phase8,fallback_used,projected,derived_from_projected_minutes,bdl_plus_nba_official,2026-05-30T16:50:26Z,projected,not_available_yet,bdl_lineup_freshness_manifest,market_offered
Victor Wembanyama,56677822,SAS,OKC,False,21713534,pa,31.5,31.5,fanduel,140,-188,0.3896,"stat_grid:component_convolution_mean_coherent_v1+components[pts:pmf_sim_v1+role_aware_pmf_cal_v1:starter+monotone_pit_cdf_v1,ast:pmf_sim_v1+role_aware_pmf_cal_v1:starter+monotone_pit_cdf_v1]+prior_combo[joint_sampler_v1+joint_combo_pmf_v1+role_aware_pmf_cal_v1:starter+monotone_pit_cdf_v1]+stat_grid_final_component_convolution_mean_coherent_v1",phase8_role_aware_pmf_cal_v1+monotone_inactive_global_v1,phase8_pmf_cal,starter,derived_from_projected_minutes,29.5905,32.708,0.05,26.9501,26.9501,27,28,0.0,1.0,0.9999,0.9997,0.9993,0.9988,0.9982,0.9974,0.9963,0.9948,0.9928,0.9899,0.9853,0.9784,0.9684,0.9559,0.9403,0.9221,0.9003,0.8763,0.8478,0.2529,295.0,-295.0,-0.1367,morning,2026-05-30T16:51:22Z,494a3e93#phase10c,51235cba-0b50-441b-a7aa-b0e5bef2d559,ok,0.0,high,full,current_phase8,fallback_used,projected,derived_from_projected_minutes,bdl_plus_nba_official,2026-05-30T16:50:26Z,projected,not_available_yet,bdl_lineup_freshness_manifest,market_offered
Victor Wembanyama,56677822,SAS,OKC,False,21713534,pa,30.5,30.5,fanduel,116,-152,0.4342,"stat_grid:component_convolution_mean_coherent_v1+components[pts:pmf_sim_v1+role_aware_pmf_cal_v1:starter+monotone_pit_cdf_v1,ast:pmf_sim_v1+role_aware_pmf_cal_v1:starter+monotone_pit_cdf_v1]+prior_combo[joint_sampler_v1+joint_combo_pmf_v1+role_aware_pmf_cal_v1:starter+monotone_pit_cdf_v1]+stat_grid_final_component_convolution_mean_coherent_v1",phase8_role_aware_pmf_cal_v1+monotone_inactive_global_v1,phase8_pmf_cal,starter,derived_from_projected_minutes,29.5905,32.708,0.05,26.9501,26.9501,27,28,0.0,1.0,0.9999,0.9997,0.9993,0.9988,0.9982,0.9974,0.9963,0.9948,0.9928,0.9899,0.9853,0.9784,0.9684,0.9559,0.9403,0.9221,0.9003,0.8763,0.8478,0.2974,236.0,-236.0,-0.1368,morning,2026-05-30T16:51:22Z,494a3e93#phase10c,51235cba-0b50-441b-a7aa-b0e5bef2d559,ok,0.0,high,full,current_phase8,fallback_used,projected,derived_from_projected_minutes,bdl_plus_nba_official,2026-05-30T16:50:26Z,projected,not_available_yet,bdl_lineup_freshness_manifest,market_offered
Victor Wembanyama,56677822,SAS,OKC,False,21713534,pa,29.5,29.5,fanduel,-108,-122,0.4858,"stat_grid:component_convolution_mean_coherent_v1+components[pts:pmf_sim_v1+role_aware_pmf_cal_v1:starter+monotone_pit_cdf_v1,ast:pmf_sim_v1+role_aware_pmf_cal_v1:starter+monotone_pit_cdf_v1]+prior_combo[joint_sampler_v1+joint_combo_pmf_v1+role_aware_pmf_cal_v1:starter+monotone_pit_cdf_v1]+stat_grid_final_component_convolution_mean_coherent_v1",phase8_role_aware_pmf_cal_v1+monotone_inactive_global_v1,phase8_pmf_cal,starter,derived_from_projected_minutes,29.5905,32.708,0.05,26.9501,26.9501,27,28,0.0,1.0,0.9999,0.9997,0.9993,0.9988,0.9982,0.9974,0.9963,0.9948,0.9928,0.9899,0.9853,0.9784,0.9684,0.9559,0.9403,0.9221,0.9003,0.8763,0.8478,0.3453,190.0,-190.0,-0.1405,morning,2026-05-30T16:51:22Z,494a3e93#phase10c,51235cba-0b50-441b-a7aa-b0e5bef2d559,ok,0.0,high,full,current_phase8,fallback_used,projected,derived_from_projected_minutes,bdl_plus_nba_official,2026-05-30T16:50:26Z,projected,not_available_yet,bdl_lineup_freshness_manifest,market_offered
Victor Wembanyama,56677822,SAS,OKC,False,21713534,pa,28.5,28.5,fanduel,-138,104,0.5419,"stat_grid:component_convolution_mean_coherent_v1+components[pts:pmf_sim_v1+role_aware_pmf_cal_v1:starter+monotone_pit_cdf_v1,ast:pmf_sim_v1+role_aware_pmf_cal_v1:starter+monotone_pit_cdf_v1]+prior_combo[joint_sampler_v1+joint_combo_pmf_v1+role_aware_pmf_cal_v1:starter+monotone_pit_cdf_v1]+stat_grid_final_component_convolution_mean_coherent_v1",phase8_role_aware_pmf_cal_v1+monotone_inactive_global_v1,phase8_pmf_cal,starter,derived_from_projected_minutes,29.5905,32.708,0.05,26.9501,26.9501,27,28,0.0,1.0,0.9999,0.9997,0.9993,0.9988,0.9982,0.9974,0.9963,0.9948,0.9928,0.9899,0.9853,0.9784,0.9684,0.9559,0.9403,0.9221,0.9003,0.8763,0.8478,0.3993,150.0,-150.0,-0.1426,morning,2026-05-30T16:51:22Z,494a3e93#phase10c,51235cba-0b50-441b-a7aa-b0e5bef2d559,ok,0.0,high,full,current_phase8,fallback_used,projected,derived_from_projected_minutes,bdl_plus_nba_official,2026-05-30T16:50:26Z,projected,not_available_yet,bdl_lineup_freshness_manifest,market_offered
Victor Wembanyama,56677822,SAS,OKC,False,21713534,pa,27.5,27.5,fanduel,-174,130,0.5936,"stat_grid:component_convolution_mean_coherent_v1+components[pts:pmf_sim_v1+role_aware_pmf_cal_v1:starter+monotone_pit_cdf_v1,ast:pmf_sim_v1+role_aware_pmf_cal_v1:starter+monotone_pit_cdf_v1]+prior_combo[joint_sampler_v1+joint_combo_pmf_v1+role_aware_pmf_cal_v1:starter+monotone_pit_cdf_v1]+stat_grid_final_component_convolution_mean_coherent_v1",phase8_role_aware_pmf_cal_v1+monotone_inactive_global_v1,phase8_pmf_cal,starter,derived_from_projected_minutes,29.5905,32.708,0.05,26.9501,26.9501,27,28,0.0,1.0,0.9999,0.9997,0.9993,0.9988,0.9982,0.9974,0.9963,0.9948,0.9928,0.9899,0.9853,0.9784,0.9684,0.9559,0.9403,0.9221,0.9003,0.8763,0.8478,0.4635,116.0,-116.0,-0.1301,morning,2026-05-30T16:51:22Z,494a3e93#phase10c,51235cba-0b50-441b-a7aa-b0e5bef2d559,ok,0.0,high,full,current_phase8,fallback_used,projected,derived_from_projected_minutes,bdl_plus_nba_official,2026-05-30T16:50:26Z,projected,not_available_yet,bdl_lineup_freshness_manifest,market_offered
Victor Wembanyama,56677822,SAS,OKC,False,21713534,pa,26.5,26.5,fanduel,-215,158,0.6378,"stat_grid:component_convolution_mean_coherent_v1+components[pts:pmf_sim_v1+role_aware_pmf_cal_v1:starter+monotone_pit_cdf_v1,ast:pmf_sim_v1+role_aware_pmf_cal_v1:starter+monotone_pit_cdf_v1]+prior_combo[joint_sampler_v1+joint_combo_pmf_v1+role_aware_pmf_cal_v1:starter+monotone_pit_cdf_v1]+stat_grid_final_component_convolution_mean_coherent_v1",phase8_role_aware_pmf_cal_v1+monotone_inactive_global_v1,phase8_pmf_cal,starter,derived_from_projected_minutes,29.5905,32.708,0.05,26.9501,26.9501,27,28,0.0,1.0,0.9999,0.9997,0.9993,0.9988,0.9982,0.9974,0.9963,0.9948,0.9928,0.9899,0.9853,0.9784,0.9684,0.9559,0.9403,0.9221,0.9003,0.8763,0.8478,0.526,-111.0,111.0,-0.1118,morning,2026-05-30T16:51:22Z,494a3e93#phase10c,51235cba-0b50-441b-a7aa-b0e5bef2d559,ok,0.0,high,full,current_phase8,fallback_used,projected,derived_from_projected_minutes,bdl_plus_nba_official,2026-05-30T16:50:26Z,projected,not_available_yet,bdl_lineup_freshness_manifest,market_offered
Victor Wembanyama,56677822,SAS,OKC,False,21713534,pa,25.5,25.5,fanduel,-270,194,0.6821,"stat_grid:component_convolution_mean_coherent_v1+components[pts:pmf_sim_v1+role_aware_pmf_cal_v1:starter+monotone_pit_cdf_v1,ast:pmf_sim_v1+role_aware_pmf_cal_v1:starter+monotone_pit_cdf_v1]+prior_combo[joint_sampler_v1+joint_combo_pmf_v1+role_aware_pmf_cal_v1:starter+monotone_pit_cdf_v1]+stat_grid_final_component_convolution_mean_coherent_v1",phase8_role_aware_pmf_cal_v1+monotone_inactive_global_v1,phase8_pmf_cal,starter,derived_from_projected_minutes,29.5905,32.708,0.05,26.9501,26.9501,27,28,0.0,1.0,0.9999,0.9997,0.9993,0.9988,0.9982,0.9974,0.9963,0.9948,0.9928,0.9899,0.9853,0.9784,0.9684,0.9559,0.9403,0.9221,0.9003,0.8763,0.8478,0.5826,-140.0,140.0,-0.0995,morning,2026-05-30T16:51:22Z,494a3e93#phase10c,51235cba-0b50-441b-a7aa-b0e5bef2d559,ok,0.0,high,full,current_phase8,fallback_used,projected,derived_from_projected_minutes,bdl_plus_nba_official,2026-05-30T16:50:26Z,projected,not_available_yet,bdl_lineup_freshness_manifest,market_offered
Victor Wembanyama,56677822,SAS,OKC,False,21713534,pa,24.5,24.5,fanduel,-330,230,0.7169,"stat_grid:component_convolution_mean_coherent_v1+components[pts:pmf_sim_v1+role_aware_pmf_cal_v1:starter+monotone_pit_cdf_v1,ast:pmf_sim_v1+role_aware_pmf_cal_v1:starter+monotone_pit_cdf_v1]+prior_combo[joint_sampler_v1+joint_combo_pmf_v1+role_aware_pmf_cal_v1:starter+monotone_pit_cdf_v1]+stat_grid_final_component_convolution_mean_coherent_v1",phase8_role_aware_pmf_cal_v1+monotone_inactive_global_v1,phase8_pmf_cal,starter,derived_from_projected_minutes,29.5905,32.708,0.05,26.9501,26.9501,27,28,0.0,1.0,0.9999,0.9997,0.9993,0.9988,0.9982,0.9974,0.9963,0.9948,0.9928,0.9899,0.9853,0.9784,0.9684,0.9559,0.9403,0.9221,0.9003,0.8763,0.8478,0.634,-173.0,173.0,-0.0829,morning,2026-05-30T16:51:22Z,494a3e93#phase10c,51235cba-0b50-441b-a7aa-b0e5bef2d559,ok,0.0,high,full,current_phase8,fallback_used,projected,derived_from_projected_minutes,bdl_plus_nba_official,2026-05-30T16:50:26Z,projected,not_available_yet,bdl_lineup_freshness_manifest,market_offered
Victor Wembanyama,56677822,SAS,OKC,False,21713534,pa,23.5,23.5,fanduel,-420,280,0.7543,"stat_grid:component_convolution_mean_coherent_v1+components[pts:pmf_sim_v1+role_aware_pmf_cal_v1:starter+monotone_pit_cdf_v1,ast:pmf_sim_v1+role_aware_pmf_cal_v1:starter+monotone_pit_cdf_v1]+prior_combo[joint_sampler_v1+joint_combo_pmf_v1+role_aware_pmf_cal_v1:starter+monotone_pit_cdf_v1]+stat_grid_final_component_convolution_mean_coherent_v1",phase8_role_aware_pmf_cal_v1+monotone_inactive_global_v1,phase8_pmf_cal,starter,derived_from_projected_minutes,29.5905,32.708,0.05,26.9501,26.9501,27,28,0.0,1.0,0.9999,0.9997,0.9993,0.9988,0.9982,0.9974,0.9963,0.9948,0.9928,0.9899,0.9853,0.9784,0.9684,0.9559,0.9403,0.9221,0.9003,0.8763,0.8478,0.6838,-216.0,216.0,-0.0705,morning,2026-05-30T16:51:22Z,494a3e93#phase10c,51235cba-0b50-441b-a7aa-b0e5bef2d559,ok,0.0,high,full,current_phase8,fallback_used,projected,derived_from_projected_minutes,bdl_plus_nba_official,2026-05-30T16:50:26Z,projected,not_available_yet,bdl_lineup_freshness_manifest,market_offered
Victor Wembanyama,56677822,SAS,OKC,False,21713534,pa,22.5,22.5,fanduel,-550,350,0.792,"stat_grid:component_convolution_mean_coherent_v1+components[pts:pmf_sim_v1+role_aware_pmf_cal_v1:starter+monotone_pit_cdf_v1,ast:pmf_sim_v1+role_aware_pmf_cal_v1:starter+monotone_pit_cdf_v1]+prior_combo[joint_sampler_v1+joint_combo_pmf_v1+role_aware_pmf_cal_v1:starter+monotone_pit_cdf_v1]+stat_grid_final_component_convolution_mean_coherent_v1",phase8_role_aware_pmf_cal_v1+monotone_inactive_global_v1,phase8_pmf_cal,starter,derived_from_projected_minutes,29.5905,32.708,0.05,26.9501,26.9501,27,28,0.0,1.0,0.9999,0.9997,0.9993,0.9988,0.9982,0.9974,0.9963,0.9948,0.9928,0.9899,0.9853,0.9784,0.9684,0.9559,0.9403,0.9221,0.9003,0.8763,0.8478,0.7298,-270.0,270.0,-0.0622,morning,2026-05-30T16:51:22Z,494a3e93#phase10c,51235cba-0b50-441b-a7aa-b0e5bef2d559,ok,0.0,high,full,current_phase8,fallback_used,projected,derived_from_projected_minutes,bdl_plus_nba_official,2026-05-30T16:50:26Z,projected,not_available_yet,bdl_lineup_freshness_manifest,market_offered
Victor Wembanyama,56677822,SAS,OKC,False,21713534,pa,21.5,21.5,fanduel,-700,410,0.8169,"stat_grid:component_convolution_mean_coherent_v1+components[pts:pmf_sim_v1+role_aware_pmf_cal_v1:starter+monotone_pit_cdf_v1,ast:pmf_sim_v1+role_aware_pmf_cal_v1:starter+monotone_pit_cdf_v1]+prior_combo[joint_sampler_v1+joint_combo_pmf_v1+role_aware_pmf_cal_v1:starter+monotone_pit_cdf_v1]+stat_grid_final_component_convolution_mean_coherent_v1",phase8_role_aware_pmf_cal_v1+monotone_inactive_global_v1,phase8_pmf_cal,starter,derived_from_projected_minutes,29.5905,32.708,0.05,26.9501,26.9501,27,28,0.0,1.0,0.9999,0.9997,0.9993,0.9988,0.9982,0.9974,0.9963,0.9948,0.9928,0.9899,0.9853,0.9784,0.9684,0.9559,0.9403,0.9221,0.9003,0.8763,0.8478,0.7731,-341.0,341.0,-0.0439,morning,2026-05-30T16:51:22Z,494a3e93#phase10c,51235cba-0b50-441b-a7aa-b0e5bef2d559,ok,0.0,high,full,current_phase8,fallback_used,projected,derived_from_projected_minutes,bdl_plus_nba_official,2026-05-30T16:50:26Z,projected,not_available_yet,bdl_lineup_freshness_manifest,market_offered
Victor Wembanyama,56677822,SAS,OKC,False,21713534,pa,34.5,34.5,fanduel,235,-340,0.2787,"stat_grid:component_convolution_mean_coherent_v1+components[pts:pmf_sim_v1+role_aware_pmf_cal_v1:starter+monotone_pit_cdf_v1,ast:pmf_sim_v1+role_aware_pmf_cal_v1:starter+monotone_pit_cdf_v1]+prior_combo[joint_sampler_v1+joint_combo_pmf_v1+role_aware_pmf_cal_v1:starter+monotone_pit_cdf_v1]+stat_grid_final_component_convolution_mean_coherent_v1",phase8_role_aware_pmf_cal_v1+monotone_inactive_global_v1,phase8_pmf_cal,starter,derived_from_projected_minutes,29.5905,32.708,0.05,26.9501,26.9501,27,28,0.0,1.0,0.9999,0.9997,0.9993,0.9988,0.9982,0.9974,0.9963,0.9948,0.9928,0.9899,0.9853,0.9784,0.9684,0.9559,0.9403,0.9221,0.9003,0.8763,0.8478,0.1413,608.0,-608.0,-0.1374,morning,2026-05-30T16:51:22Z,494a3e93#phase10c,51235cba-0b50-441b-a7aa-b0e5bef2d559,ok,0.0,high,full,current_phase8,fallback_used,projected,derived_from_projected_minutes,bdl_plus_nba_official,2026-05-30T16:50:26Z,projected,not_available_yet,bdl_lineup_freshness_manifest,market_offered
Victor Wembanyama,56677822,SAS,OKC,False,21713534,pa,35.5,35.5,fanduel,290,-440,0.2394,"stat_grid:component_convolution_mean_coherent_v1+components[pts:pmf_sim_v1+role_aware_pmf_cal_v1:starter+monotone_pit_cdf_v1,ast:pmf_sim_v1+role_aware_pmf_cal_v1:starter+monotone_pit_cdf_v1]+prior_combo[joint_sampler_v1+joint_combo_pmf_v1+role_aware_pmf_cal_v1:starter+monotone_pit_cdf_v1]+stat_grid_final_component_convolution_mean_coherent_v1",phase8_role_aware_pmf_cal_v1+monotone_inactive_global_v1,phase8_pmf_cal,starter,derived_from_projected_minutes,29.5905,32.708,0.05,26.9501,26.9501,27,28,0.0,1.0,0.9999,0.9997,0.9993,0.9988,0.9982,0.9974,0.9963,0.9948,0.9928,0.9899,0.9853,0.9784,0.9684,0.9559,0.9403,0.9221,0.9003,0.8763,0.8478,0.1159,763.0,-763.0,-0.1235,morning,2026-05-30T16:51:22Z,494a3e93#phase10c,51235cba-0b50-441b-a7aa-b0e5bef2d559,ok,0.0,high,full,current_phase8,fallback_used,projected,derived_from_projected_minutes,bdl_plus_nba_official,2026-05-30T16:50:26Z,projected,not_available_yet,bdl_lineup_freshness_manifest,market_offered
Victor Wembanyama,56677822,SAS,OKC,False,21713534,pa,37.5,37.5,fanduel,410,-700,0.1831,"stat_grid:component_convolution_mean_coherent_v1+components[pts:pmf_sim_v1+role_aware_pmf_cal_v1:starter+monotone_pit_cdf_v1,ast:pmf_sim_v1+role_aware_pmf_cal_v1:starter+monotone_pit_cdf_v1]+prior_combo[joint_sampler_v1+joint_combo_pmf_v1+role_aware_pmf_cal_v1:starter+monotone_pit_cdf_v1]+stat_grid_final_component_convolution_mean_coherent_v1",phase8_role_aware_pmf_cal_v1+monotone_inactive_global_v1,phase8_pmf_cal,starter,derived_from_projected_minutes,29.5905,32.708,0.05,26.9501,26.9501,27,28,0.0,1.0,0.9999,0.9997,0.9993,0.9988,0.9982,0.9974,0.9963,0.9948,0.9928,0.9899,0.9853,0.9784,0.9684,0.9559,0.9403,0.9221,0.9003,0.8763,0.8478,0.0797,1155.0,-1155.0,-0.1034,morning,2026-05-30T16:51:22Z,494a3e93#phase10c,51235cba-0b50-441b-a7aa-b0e5bef2d559,ok,0.0,high,full,current_phase8,fallback_used,projected,derived_from_projected_minutes,bdl_plus_nba_official,2026-05-30T16:50:26Z,projected,not_available_yet,bdl_lineup_freshness_manifest,market_offered
Victor Wembanyama,56677822,SAS,OKC,False,21713534,pa,36.5,36.5,fanduel,360,-580,0.2031,"stat_grid:component_convolution_mean_coherent_v1+components[pts:pmf_sim_v1+role_aware_pmf_cal_v1:starter+monotone_pit_cdf_v1,ast:pmf_sim_v1+role_aware_pmf_cal_v1:starter+monotone_pit_cdf_v1]+prior_combo[joint_sampler_v1+joint_combo_pmf_v1+role_aware_pmf_cal_v1:starter+monotone_pit_cdf_v1]+stat_grid_final_component_convolution_mean_coherent_v1",phase8_role_aware_pmf_cal_v1+monotone_inactive_global_v1,phase8_pmf_cal,starter,derived_from_projected_minutes,29.5905,32.708,0.05,26.9501,26.9501,27,28,0.0,1.0,0.9999,0.9997,0.9993,0.9988,0.9982,0.9974,0.9963,0.9948,0.9928,0.9899,0.9853,0.9784,0.9684,0.9559,0.9403,0.9221,0.9003,0.8763,0.8478,0.0962,939.0,-939.0,-0.1069,morning,2026-05-30T16:51:22Z,494a3e93#phase10c,51235cba-0b50-441b-a7aa-b0e5bef2d559,ok,0.0,high,full,current_phase8,fallback_used,projected,derived_from_projected_minutes,bdl_plus_nba_official,2026-05-30T16:50:26Z,projected,not_available_yet,bdl_lineup_freshness_manifest,market_offered
Victor Wembanyama,56677822,SAS,OKC,False,21713534,pa,29.5,29.5,fanduel,-108,-122,0.4858,"stat_grid:component_convolution_mean_coherent_v1+components[pts:pmf_sim_v1+role_aware_pmf_cal_v1:starter+monotone_pit_cdf_v1,ast:pmf_sim_v1+role_aware_pmf_cal_v1:starter+monotone_pit_cdf_v1]+prior_combo[joint_sampler_v1+joint_combo_pmf_v1+role_aware_pmf_cal_v1:starter+monotone_pit_cdf_v1]+stat_grid_final_component_convolution_mean_coherent_v1",phase8_role_aware_pmf_cal_v1+monotone_inactive_global_v1,phase8_pmf_cal,starter,derived_from_projected_minutes,29.5905,32.708,0.05,26.9501,26.9501,27,28,0.0,1.0,0.9999,0.9997,0.9993,0.9988,0.9982,0.9974,0.9963,0.9948,0.9928,0.9899,0.9853,0.9784,0.9684,0.9559,0.9403,0.9221,0.9003,0.8763,0.8478,0.3453,190.0,-190.0,-0.1405,morning,2026-05-30T16:51:22Z,494a3e93#phase10c,51235cba-0b50-441b-a7aa-b0e5bef2d559,ok,0.0,high,full,current_phase8,fallback_used,projected,derived_from_projected_minutes,bdl_plus_nba_official,2026-05-30T16:50:26Z,projected,not_available_yet,bdl_lineup_freshness_manifest,market_offered
Victor Wembanyama,56677822,SAS,OKC,False,21713534,pa,29.5,29.5,bovada,-105,-125,0.4797,"stat_grid:component_convolution_mean_coherent_v1+components[pts:pmf_sim_v1+role_aware_pmf_cal_v1:starter+monotone_pit_cdf_v1,ast:pmf_sim_v1+role_aware_pmf_cal_v1:starter+monotone_pit_cdf_v1]+prior_combo[joint_sampler_v1+joint_combo_pmf_v1+role_aware_pmf_cal_v1:starter+monotone_pit_cdf_v1]+stat_grid_final_component_convolution_mean_coherent_v1",phase8_role_aware_pmf_cal_v1+monotone_inactive_global_v1,phase8_pmf_cal,starter,derived_from_projected_minutes,29.5905,32.708,0.05,26.9501,26.9501,27,28,0.0,1.0,0.9999,0.9997,0.9993,0.9988,0.9982,0.9974,0.9963,0.9948,0.9928,0.9899,0.9853,0.9784,0.9684,0.9559,0.9403,0.9221,0.9003,0.8763,0.8478,0.3453,190.0,-190.0,-0.1344,morning,2026-05-30T16:51:22Z,494a3e93#phase10c,51235cba-0b50-441b-a7aa-b0e5bef2d559,ok,0.0,high,full,current_phase8,fallback_used,projected,derived_from_projected_minutes,bdl_plus_nba_official,2026-05-30T16:50:26Z,projected,not_available_yet,bdl_lineup_freshness_manifest,market_offered
Victor Wembanyama,56677822,SAS,OKC,False,21713534,pa,28.5,28.5,bovada,-125,-105,0.5203,"stat_grid:component_convolution_mean_coherent_v1+components[pts:pmf_sim_v1+role_aware_pmf_cal_v1:starter+monotone_pit_cdf_v1,ast:pmf_sim_v1+role_aware_pmf_cal_v1:starter+monotone_pit_cdf_v1]+prior_combo[joint_sampler_v1+joint_combo_pmf_v1+role_aware_pmf_cal_v1:starter+monotone_pit_cdf_v1]+stat_grid_final_component_convolution_mean_coherent_v1",phase8_role_aware_pmf_cal_v1+monotone_inactive_global_v1,phase8_pmf_cal,starter,derived_from_projected_minutes,29.5905,32.708,0.05,26.9501,26.9501,27,28,0.0,1.0,0.9999,0.9997,0.9993,0.9988,0.9982,0.9974,0.9963,0.9948,0.9928,0.9899,0.9853,0.9784,0.9684,0.9559,0.9403,0.9221,0.9003,0.8763,0.8478,0.3993,150.0,-150.0,-0.121,morning,2026-05-30T16:51:22Z,494a3e93#phase10c,51235cba-0b50-441b-a7aa-b0e5bef2d559,ok,0.0,high,full,current_phase8,fallback_used,projected,derived_from_projected_minutes,bdl_plus_nba_official,2026-05-30T16:50:26Z,projected,not_available_yet,bdl_lineup_freshness_manifest,market_offered
Victor Wembanyama,56677822,SAS,OKC,False,21713534,pa,27.5,27.5,bovada,-150,115,0.5633,"stat_grid:component_convolution_mean_coherent_v1+components[pts:pmf_sim_v1+role_aware_pmf_cal_v1:starter+monotone_pit_cdf_v1,ast:pmf_sim_v1+role_aware_pmf_cal_v1:starter+monotone_pit_cdf_v1]+prior_combo[joint_sampler_v1+joint_combo_pmf_v1+role_aware_pmf_cal_v1:starter+monotone_pit_cdf_v1]+stat_grid_final_component_convolution_mean_coherent_v1",phase8_role_aware_pmf_cal_v1+monotone_inactive_global_v1,phase8_pmf_cal,starter,derived_from_projected_minutes,29.5905,32.708,0.05,26.9501,26.9501,27,28,0.0,1.0,0.9999,0.9997,0.9993,0.9988,0.9982,0.9974,0.9963,0.9948,0.9928,0.9899,0.9853,0.9784,0.9684,0.9559,0.9403,0.9221,0.9003,0.8763,0.8478,0.4635,116.0,-116.0,-0.0998,morning,2026-05-30T16:51:22Z,494a3e93#phase10c,51235cba-0b50-441b-a7aa-b0e5bef2d559,ok,0.0,high,full,current_phase8,fallback_used,projected,derived_from_projected_minutes,bdl_plus_nba_official,2026-05-30T16:50:26Z,projected,not_available_yet,bdl_lineup_freshness_manifest,market_offered
Victor Wembanyama,56677822,SAS,OKC,False,21713534,pa,29.5,29.5,betmgm,-105,-125,0.4797,"stat_grid:component_convolution_mean_coherent_v1+components[pts:pmf_sim_v1+role_aware_pmf_cal_v1:starter+monotone_pit_cdf_v1,ast:pmf_sim_v1+role_aware_pmf_cal_v1:starter+monotone_pit_cdf_v1]+prior_combo[joint_sampler_v1+joint_combo_pmf_v1+role_aware_pmf_cal_v1:starter+monotone_pit_cdf_v1]+stat_grid_final_component_convolution_mean_coherent_v1",phase8_role_aware_pmf_cal_v1+monotone_inactive_global_v1,phase8_pmf_cal,starter,derived_from_projected_minutes,29.5905,32.708,0.05,26.9501,26.9501,27,28,0.0,1.0,0.9999,0.9997,0.9993,0.9988,0.9982,0.9974,0.9963,0.9948,0.9928,0.9899,0.9853,0.9784,0.9684,0.9559,0.9403,0.9221,0.9003,0.8763,0.8478,0.3453,190.0,-190.0,-0.1344,morning,2026-05-30T16:51:22Z,494a3e93#phase10c,51235cba-0b50-441b-a7aa-b0e5bef2d559,ok,0.0,high,full,current_phase8,fallback_used,projected,derived_from_projected_minutes,bdl_plus_nba_official,2026-05-30T16:50:26Z,projected,not_available_yet,bdl_lineup_freshness_manifest,market_offered
Victor Wembanyama,56677822,SAS,OKC,False,21713534,pa,28.5,28.5,draftkings,-125,-105,0.5203,"stat_grid:component_convolution_mean_coherent_v1+components[pts:pmf_sim_v1+role_aware_pmf_cal_v1:starter+monotone_pit_cdf_v1,ast:pmf_sim_v1+role_aware_pmf_cal_v1:starter+monotone_pit_cdf_v1]+prior_combo[joint_sampler_v1+joint_combo_pmf_v1+role_aware_pmf_cal_v1:starter+monotone_pit_cdf_v1]+stat_grid_final_component_convolution_mean_coherent_v1",phase8_role_aware_pmf_cal_v1+monotone_inactive_global_v1,phase8_pmf_cal,starter,derived_from_projected_minutes,29.5905,32.708,0.05,26.9501,26.9501,27,28,0.0,1.0,0.9999,0.9997,0.9993,0.9988,0.9982,0.9974,0.9963,0.9948,0.9928,0.9899,0.9853,0.9784,0.9684,0.9559,0.9403,0.9221,0.9003,0.8763,0.8478,0.3993,150.0,-150.0,-0.121,morning,2026-05-30T16:51:22Z,494a3e93#phase10c,51235cba-0b50-441b-a7aa-b0e5bef2d559,ok,0.0,high,full,current_phase8,fallback_used,projected,derived_from_projected_minutes,bdl_plus_nba_official,2026-05-30T16:50:26Z,projected,not_available_yet,bdl_lineup_freshness_manifest,market_offered
Victor Wembanyama,56677822,SAS,OKC,False,21713534,pa,29.5,29.5,hardrockbet_az,-110,-120,0.4899,"stat_grid:component_convolution_mean_coherent_v1+components[pts:pmf_sim_v1+role_aware_pmf_cal_v1:starter+monotone_pit_cdf_v1,ast:pmf_sim_v1+role_aware_pmf_cal_v1:starter+monotone_pit_cdf_v1]+prior_combo[joint_sampler_v1+joint_combo_pmf_v1+role_aware_pmf_cal_v1:starter+monotone_pit_cdf_v1]+stat_grid_final_component_convolution_mean_coherent_v1",phase8_role_aware_pmf_cal_v1+monotone_inactive_global_v1,phase8_pmf_cal,starter,derived_from_projected_minutes,29.5905,32.708,0.05,26.9501,26.9501,27,28,0.0,1.0,0.9999,0.9997,0.9993,0.9988,0.9982,0.9974,0.9963,0.9948,0.9928,0.9899,0.9853,0.9784,0.9684,0.9559,0.9403,0.9221,0.9003,0.8763,0.8478,0.3453,190.0,-190.0,-0.1446,morning,2026-05-30T16:51:22Z,494a3e93#phase10c,51235cba-0b50-441b-a7aa-b0e5bef2d559,ok,0.0,high,full,current_phase8,fallback_used,projected,derived_from_projected_minutes,bdl_plus_nba_official,2026-05-30T16:50:26Z,projected,not_available_yet,bdl_lineup_freshness_manifest,market_offered
Victor Wembanyama,56677822,SAS,OKC,False,21713534,pa,29.5,29.5,hardrockbet,-110,-120,0.4899,"stat_grid:component_convolution_mean_coherent_v1+components[pts:pmf_sim_v1+role_aware_pmf_cal_v1:starter+monotone_pit_cdf_v1,ast:pmf_sim_v1+role_aware_pmf_cal_v1:starter+monotone_pit_cdf_v1]+prior_combo[joint_sampler_v1+joint_combo_pmf_v1+role_aware_pmf_cal_v1:starter+monotone_pit_cdf_v1]+stat_grid_final_component_convolution_mean_coherent_v1",phase8_role_aware_pmf_cal_v1+monotone_inactive_global_v1,phase8_pmf_cal,starter,derived_from_projected_minutes,29.5905,32.708,0.05,26.9501,26.9501,27,28,0.0,1.0,0.9999,0.9997,0.9993,0.9988,0.9982,0.9974,0.9963,0.9948,0.9928,0.9899,0.9853,0.9784,0.9684,0.9559,0.9403,0.9221,0.9003,0.8763,0.8478,0.3453,190.0,-190.0,-0.1446,morning,2026-05-30T16:51:22Z,494a3e93#phase10c,51235cba-0b50-441b-a7aa-b0e5bef2d559,ok,0.0,high,full,current_phase8,fallback_used,projected,derived_from_projected_minutes,bdl_plus_nba_official,2026-05-30T16:50:26Z,projected,not_available_yet,bdl_lineup_freshness_manifest,market_offered
Victor Wembanyama,56677822,SAS,OKC,False,21713534,pa,29.5,29.5,hardrockbet_fl,-110,-120,0.4899,"stat_grid:component_convolution_mean_coherent_v1+components[pts:pmf_sim_v1+role_aware_pmf_cal_v1:starter+monotone_pit_cdf_v1,ast:pmf_sim_v1+role_aware_pmf_cal_v1:starter+monotone_pit_cdf_v1]+prior_combo[joint_sampler_v1+joint_combo_pmf_v1+role_aware_pmf_cal_v1:starter+monotone_pit_cdf_v1]+stat_grid_final_component_convolution_mean_coherent_v1",phase8_role_aware_pmf_cal_v1+monotone_inactive_global_v1,phase8_pmf_cal,starter,derived_from_projected_minutes,29.5905,32.708,0.05,26.9501,26.9501,27,28,0.0,1.0,0.9999,0.9997,0.9993,0.9988,0.9982,0.9974,0.9963,0.9948,0.9928,0.9899,0.9853,0.9784,0.9684,0.9559,0.9403,0.9221,0.9003,0.8763,0.8478,0.3453,190.0,-190.0,-0.1446,morning,2026-05-30T16:51:22Z,494a3e93#phase10c,51235cba-0b50-441b-a7aa-b0e5bef2d559,ok,0.0,high,full,current_phase8,fallback_used,projected,derived_from_projected_minutes,bdl_plus_nba_official,2026-05-30T16:50:26Z,projected,not_available_yet,bdl_lineup_freshness_manifest,market_offered
Victor Wembanyama,56677822,SAS,OKC,False,21713534,pa,29.5,29.5,espnbet,-105,-125,0.4797,"stat_grid:component_convolution_mean_coherent_v1+components[pts:pmf_sim_v1+role_aware_pmf_cal_v1:starter+monotone_pit_cdf_v1,ast:pmf_sim_v1+role_aware_pmf_cal_v1:starter+monotone_pit_cdf_v1]+prior_combo[joint_sampler_v1+joint_combo_pmf_v1+role_aware_pmf_cal_v1:starter+monotone_pit_cdf_v1]+stat_grid_final_component_convolution_mean_coherent_v1",phase8_role_aware_pmf_cal_v1+monotone_inactive_global_v1,phase8_pmf_cal,starter,derived_from_projected_minutes,29.5905,32.708,0.05,26.9501,26.9501,27,28,0.0,1.0,0.9999,0.9997,0.9993,0.9988,0.9982,0.9974,0.9963,0.9948,0.9928,0.9899,0.9853,0.9784,0.9684,0.9559,0.9403,0.9221,0.9003,0.8763,0.8478,0.3453,190.0,-190.0,-0.1344,morning,2026-05-30T16:51:22Z,494a3e93#phase10c,51235cba-0b50-441b-a7aa-b0e5bef2d559,ok,0.0,high,full,current_phase8,fallback_used,projected,derived_from_projected_minutes,bdl_plus_nba_official,2026-05-30T16:50:26Z,projected,not_available_yet,bdl_lineup_freshness_manifest,market_offered
Victor Wembanyama,56677822,SAS,OKC,False,21713534,pa,29.5,29.5,fliff,-115,-125,0.4905,"stat_grid:component_convolution_mean_coherent_v1+components[pts:pmf_sim_v1+role_aware_pmf_cal_v1:starter+monotone_pit_cdf_v1,ast:pmf_sim_v1+role_aware_pmf_cal_v1:starter+monotone_pit_cdf_v1]+prior_combo[joint_sampler_v1+joint_combo_pmf_v1+role_aware_pmf_cal_v1:starter+monotone_pit_cdf_v1]+stat_grid_final_component_convolution_mean_coherent_v1",phase8_role_aware_pmf_cal_v1+monotone_inactive_global_v1,phase8_pmf_cal,starter,derived_from_projected_minutes,29.5905,32.708,0.05,26.9501,26.9501,27,28,0.0,1.0,0.9999,0.9997,0.9993,0.9988,0.9982,0.9974,0.9963,0.9948,0.9928,0.9899,0.9853,0.9784,0.9684,0.9559,0.9403,0.9221,0.9003,0.8763,0.8478,0.3453,190.0,-190.0,-0.1452,morning,2026-05-30T16:51:22Z,494a3e93#phase10c,51235cba-0b50-441b-a7aa-b0e5bef2d559,ok,0.0,high,full,current_phase8,fallback_used,projected,derived_from_projected_minutes,bdl_plus_nba_official,2026-05-30T16:50:26Z,projected,not_available_yet,bdl_lineup_freshness_manifest,market_offered
Victor Wembanyama,56677822,SAS,OKC,False,21713534,pr,38.5,38.5,fanduel,-118,-112,0.5061,"stat_grid:component_convolution_mean_coherent_v1+components[pts:pmf_sim_v1+role_aware_pmf_cal_v1:starter+monotone_pit_cdf_v1,reb:pmf_sim_v1+role_aware_pmf_cal_v1:starter+monotone_pit_cdf_v1]+prior_combo[joint_sampler_v1+joint_combo_pmf_v1+role_aware_pmf_cal_v1:starter+monotone_pit_cdf_v1]+stat_grid_final_component_convolution_mean_coherent_v1",phase8_role_aware_pmf_cal_v1+monotone_inactive_global_v1,phase8_pmf_cal,starter,derived_from_projected_minutes,29.5905,32.708,0.05,35.9237,35.9237,36,37,0.0,1.0,1.0,1.0,1.0,1.0,1.0,0.9999,0.9999,0.9998,0.9997,0.9995,0.9992,0.9987,0.998,0.9971,0.9958,0.9941,0.9916,0.9882,0.9837,0.3586,179.0,-179.0,-0.1475,morning,2026-05-30T16:51:22Z,494a3e93#phase10c,51235cba-0b50-441b-a7aa-b0e5bef2d559,ok,0.0,high,full,current_phase8,fallback_used,projected,derived_from_projected_minutes,bdl_plus_nba_official,2026-05-30T16:50:26Z,projected,not_available_yet,bdl_lineup_freshness_manifest,market_offered
Victor Wembanyama,56677822,SAS,OKC,False,21713534,pr,48.5,48.5,fanduel,430,-750,0.1762,"stat_grid:component_convolution_mean_coherent_v1+components[pts:pmf_sim_v1+role_aware_pmf_cal_v1:starter+monotone_pit_cdf_v1,reb:pmf_sim_v1+role_aware_pmf_cal_v1:starter+monotone_pit_cdf_v1]+prior_combo[joint_sampler_v1+joint_combo_pmf_v1+role_aware_pmf_cal_v1:starter+monotone_pit_cdf_v1]+stat_grid_final_component_convolution_mean_coherent_v1",phase8_role_aware_pmf_cal_v1+monotone_inactive_global_v1,phase8_pmf_cal,starter,derived_from_projected_minutes,29.5905,32.708,0.05,35.9237,35.9237,36,37,0.0,1.0,1.0,1.0,1.0,1.0,1.0,0.9999,0.9999,0.9998,0.9997,0.9995,0.9992,0.9987,0.998,0.9971,0.9958,0.9941,0.9916,0.9882,0.9837,0.0591,1591.0,-1591.0,-0.117,morning,2026-05-30T16:51:22Z,494a3e93#phase10c,51235cba-0b50-441b-a7aa-b0e5bef2d559,ok,0.0,high,full,current_phase8,fallback_used,projected,derived_from_projected_minutes,bdl_plus_nba_official,2026-05-30T16:50:26Z,projected,not_available_yet,bdl_lineup_freshness_manifest,market_offered
Victor Wembanyama,56677822,SAS,OKC,False,21713534,pr,47.5,47.5,fanduel,370,-600,0.1989,"stat_grid:component_convolution_mean_coherent_v1+components[pts:pmf_sim_v1+role_aware_pmf_cal_v1:starter+monotone_pit_cdf_v1,reb:pmf_sim_v1+role_aware_pmf_cal_v1:starter+monotone_pit_cdf_v1]+prior_combo[joint_sampler_v1+joint_combo_pmf_v1+role_aware_pmf_cal_v1:starter+monotone_pit_cdf_v1]+stat_grid_final_component_convolution_mean_coherent_v1",phase8_role_aware_pmf_cal_v1+monotone_inactive_global_v1,phase8_pmf_cal,starter,derived_from_projected_minutes,29.5905,32.708,0.05,35.9237,35.9237,36,37,0.0,1.0,1.0,1.0,1.0,1.0,1.0,0.9999,0.9999,0.9998,0.9997,0.9995,0.9992,0.9987,0.998,0.9971,0.9958,0.9941,0.9916,0.9882,0.9837,0.0729,1272.0,-1272.0,-0.126,morning,2026-05-30T16:51:22Z,494a3e93#phase10c,51235cba-0b50-441b-a7aa-b0e5bef2d559,ok,0.0,high,full,current_phase8,fallback_used,projected,derived_from_projected_minutes,bdl_plus_nba_official,2026-05-30T16:50:26Z,projected,not_available_yet,bdl_lineup_freshness_manifest,market_offered
Victor Wembanyama,56677822,SAS,OKC,False,21713534,pr,46.5,46.5,fanduel,320,-490,0.2228,"stat_grid:component_convolution_mean_coherent_v1+components[pts:pmf_sim_v1+role_aware_pmf_cal_v1:starter+monotone_pit_cdf_v1,reb:pmf_sim_v1+role_aware_pmf_cal_v1:starter+monotone_pit_cdf_v1]+prior_combo[joint_sampler_v1+joint_combo_pmf_v1+role_aware_pmf_cal_v1:starter+monotone_pit_cdf_v1]+stat_grid_final_component_convolution_mean_coherent_v1",phase8_role_aware_pmf_cal_v1+monotone_inactive_global_v1,phase8_pmf_cal,starter,derived_from_projected_minutes,29.5905,32.708,0.05,35.9237,35.9237,36,37,0.0,1.0,1.0,1.0,1.0,1.0,1.0,0.9999,0.9999,0.9998,0.9997,0.9995,0.9992,0.9987,0.998,0.9971,0.9958,0.9941,0.9916,0.9882,0.9837,0.0894,1019.0,-1019.0,-0.1335,morning,2026-05-30T16:51:22Z,494a3e93#phase10c,51235cba-0b50-441b-a7aa-b0e5bef2d559,ok,0.0,high,full,current_phase8,fallback_used,projected,derived_from_projected_minutes,bdl_plus_nba_official,2026-05-30T16:50:26Z,projected,not_available_yet,bdl_lineup_freshness_manifest,market_offered
Victor Wembanyama,56677822,SAS,OKC,False,21713534,pr,45.5,45.5,fanduel,270,-400,0.2525,"stat_grid:component_convolution_mean_coherent_v1+components[pts:pmf_sim_v1+role_aware_pmf_cal_v1:starter+monotone_pit_cdf_v1,reb:pmf_sim_v1+role_aware_pmf_cal_v1:starter+monotone_pit_cdf_v1]+prior_combo[joint_sampler_v1+joint_combo_pmf_v1+role_aware_pmf_cal_v1:starter+monotone_pit_cdf_v1]+stat_grid_final_component_convolution_mean_coherent_v1",phase8_role_aware_pmf_cal_v1+monotone_inactive_global_v1,phase8_pmf_cal,starter,derived_from_projected_minutes,29.5905,32.708,0.05,35.9237,35.9237,36,37,0.0,1.0,1.0,1.0,1.0,1.0,1.0,0.9999,0.9999,0.9998,0.9997,0.9995,0.9992,0.9987,0.998,0.9971,0.9958,0.9941,0.9916,0.9882,0.9837,0.1087,820.0,-820.0,-0.1438,morning,2026-05-30T16:51:22Z,494a3e93#phase10c,51235cba-0b50-441b-a7aa-b0e5bef2d559,ok,0.0,high,full,current_phase8,fallback_used,projected,derived_from_projected_minutes,bdl_plus_nba_official,2026-05-30T16:50:26Z,projected,not_available_yet,bdl_lineup_freshness_manifest,market_offered
Victor Wembanyama,56677822,SAS,OKC,False,21713534,pr,43.5,43.5,fanduel,194,-270,0.3179,"stat_grid:component_convolution_mean_coherent_v1+components[pts:pmf_sim_v1+role_aware_pmf_cal_v1:starter+monotone_pit_cdf_v1,reb:pmf_sim_v1+role_aware_pmf_cal_v1:starter+monotone_pit_cdf_v1]+prior_combo[joint_sampler_v1+joint_combo_pmf_v1+role_aware_pmf_cal_v1:starter+monotone_pit_cdf_v1]+stat_grid_final_component_convolution_mean_coherent_v1",phase8_role_aware_pmf_cal_v1+monotone_inactive_global_v1,phase8_pmf_cal,starter,derived_from_projected_minutes,29.5905,32.708,0.05,35.9237,35.9237,36,37,0.0,1.0,1.0,1.0,1.0,1.0,1.0,0.9999,0.9999,0.9998,0.9997,0.9995,0.9992,0.9987,0.998,0.9971,0.9958,0.9941,0.9916,0.9882,0.9837,0.1582,532.0,-532.0,-0.1597,morning,2026-05-30T16:51:22Z,494a3e93#phase10c,51235cba-0b50-441b-a7aa-b0e5bef2d559,ok,0.0,high,full,current_phase8,fallback_used,projected,derived_from_projected_minutes,bdl_plus_nba_official,2026-05-30T16:50:26Z,projected,not_available_yet,bdl_lineup_freshness_manifest,market_offered
Victor Wembanyama,56677822,SAS,OKC,False,21713534,pr,42.5,42.5,fanduel,168,-230,0.3487,"stat_grid:component_convolution_mean_coherent_v1+components[pts:pmf_sim_v1+role_aware_pmf_cal_v1:starter+monotone_pit_cdf_v1,reb:pmf_sim_v1+role_aware_pmf_cal_v1:starter+monotone_pit_cdf_v1]+prior_combo[joint_sampler_v1+joint_combo_pmf_v1+role_aware_pmf_cal_v1:starter+monotone_pit_cdf_v1]+stat_grid_final_component_convolution_mean_coherent_v1",phase8_role_aware_pmf_cal_v1+monotone_inactive_global_v1,phase8_pmf_cal,starter,derived_from_projected_minutes,29.5905,32.708,0.05,35.9237,35.9237,36,37,0.0,1.0,1.0,1.0,1.0,1.0,1.0,0.9999,0.9999,0.9998,0.9997,0.9995,0.9992,0.9987,0.998,0.9971,0.9958,0.9941,0.9916,0.9882,0.9837,0.1898,427.0,-427.0,-0.1589,morning,2026-05-30T16:51:22Z,494a3e93#phase10c,51235cba-0b50-441b-a7aa-b0e5bef2d559,ok,0.0,high,full,current_phase8,fallback_used,projected,derived_from_projected_minutes,bdl_plus_nba_official,2026-05-30T16:50:26Z,projected,not_available_yet,bdl_lineup_freshness_manifest,market_offered
Victor Wembanyama,56677822,SAS,OKC,False,21713534,pr,41.5,41.5,fanduel,142,-192,0.3859,"stat_grid:component_convolution_mean_coherent_v1+components[pts:pmf_sim_v1+role_aware_pmf_cal_v1:starter+monotone_pit_cdf_v1,reb:pmf_sim_v1+role_aware_pmf_cal_v1:starter+monotone_pit_cdf_v1]+prior_combo[joint_sampler_v1+joint_combo_pmf_v1+role_aware_pmf_cal_v1:starter+monotone_pit_cdf_v1]+stat_grid_final_component_convolution_mean_coherent_v1",phase8_role_aware_pmf_cal_v1+monotone_inactive_global_v1,phase8_pmf_cal,starter,derived_from_projected_minutes,29.5905,32.708,0.05,35.9237,35.9237,36,37,0.0,1.0,1.0,1.0,1.0,1.0,1.0,0.9999,0.9999,0.9998,0.9997,0.9995,0.9992,0.9987,0.998,0.9971,0.9958,0.9941,0.9916,0.9882,0.9837,0.2259,343.0,-343.0,-0.16,morning,2026-05-30T16:51:22Z,494a3e93#phase10c,51235cba-0b50-441b-a7aa-b0e5bef2d559,ok,0.0,high,full,current_phase8,fallback_used,projected,derived_from_projected_minutes,bdl_plus_nba_official,2026-05-30T16:50:26Z,projected,not_available_yet,bdl_lineup_freshness_manifest,market_offered
Victor Wembanyama,56677822,SAS,OKC,False,21713534,pr,40.5,40.5,fanduel,118,-158,0.4283,"stat_grid:component_convolution_mean_coherent_v1+components[pts:pmf_sim_v1+role_aware_pmf_cal_v1:starter+monotone_pit_cdf_v1,reb:pmf_sim_v1+role_aware_pmf_cal_v1:starter+monotone_pit_cdf_v1]+prior_combo[joint_sampler_v1+joint_combo_pmf_v1+role_aware_pmf_cal_v1:starter+monotone_pit_cdf_v1]+stat_grid_final_component_convolution_mean_coherent_v1",phase8_role_aware_pmf_cal_v1+monotone_inactive_global_v1,phase8_pmf_cal,starter,derived_from_projected_minutes,29.5905,32.708,0.05,35.9237,35.9237,36,37,0.0,1.0,1.0,1.0,1.0,1.0,1.0,0.9999,0.9999,0.9998,0.9997,0.9995,0.9992,0.9987,0.998,0.9971,0.9958,0.9941,0.9916,0.9882,0.9837,0.2668,275.0,-275.0,-0.1615,morning,2026-05-30T16:51:22Z,494a3e93#phase10c,51235cba-0b50-441b-a7aa-b0e5bef2d559,ok,0.0,high,full,current_phase8,fallback_used,projected,derived_from_projected_minutes,bdl_plus_nba_official,2026-05-30T16:50:26Z,projected,not_available_yet,bdl_lineup_freshness_manifest,market_offered
Victor Wembanyama,56677822,SAS,OKC,False,21713534,pr,39.5,39.5,fanduel,100,-132,0.4677,"stat_grid:component_convolution_mean_coherent_v1+components[pts:pmf_sim_v1+role_aware_pmf_cal_v1:starter+monotone_pit_cdf_v1,reb:pmf_sim_v1+role_aware_pmf_cal_v1:starter+monotone_pit_cdf_v1]+prior_combo[joint_sampler_v1+joint_combo_pmf_v1+role_aware_pmf_cal_v1:starter+monotone_pit_cdf_v1]+stat_grid_final_component_convolution_mean_coherent_v1",phase8_role_aware_pmf_cal_v1+monotone_inactive_global_v1,phase8_pmf_cal,starter,derived_from_projected_minutes,29.5905,32.708,0.05,35.9237,35.9237,36,37,0.0,1.0,1.0,1.0,1.0,1.0,1.0,0.9999,0.9999,0.9998,0.9997,0.9995,0.9992,0.9987,0.998,0.9971,0.9958,0.9941,0.9916,0.9882,0.9837,0.311,222.0,-222.0,-0.1567,morning,2026-05-30T16:51:22Z,494a3e93#phase10c,51235cba-0b50-441b-a7aa-b0e5bef2d559,ok,0.0,high,full,current_phase8,fallback_used,projected,derived_from_projected_minutes,bdl_plus_nba_official,2026-05-30T16:50:26Z,projected,not_available_yet,bdl_lineup_freshness_manifest,market_offered
Victor Wembanyama,56677822,SAS,OKC,False,21713534,pr,38.5,38.5,fanduel,-118,-112,0.5061,"stat_grid:component_convolution_mean_coherent_v1+components[pts:pmf_sim_v1+role_aware_pmf_cal_v1:starter+monotone_pit_cdf_v1,reb:pmf_sim_v1+role_aware_pmf_cal_v1:starter+monotone_pit_cdf_v1]+prior_combo[joint_sampler_v1+joint_combo_pmf_v1+role_aware_pmf_cal_v1:starter+monotone_pit_cdf_v1]+stat_grid_final_component_convolution_mean_coherent_v1",phase8_role_aware_pmf_cal_v1+monotone_inactive_global_v1,phase8_pmf_cal,starter,derived_from_projected_minutes,29.5905,32.708,0.05,35.9237,35.9237,36,37,0.0,1.0,1.0,1.0,1.0,1.0,1.0,0.9999,0.9999,0.9998,0.9997,0.9995,0.9992,0.9987,0.998,0.9971,0.9958,0.9941,0.9916,0.9882,0.9837,0.3586,179.0,-179.0,-0.1475,morning,2026-05-30T16:51:22Z,494a3e93#phase10c,51235cba-0b50-441b-a7aa-b0e5bef2d559,ok,0.0,high,full,current_phase8,fallback_used,projected,derived_from_projected_minutes,bdl_plus_nba_official,2026-05-30T16:50:26Z,projected,not_available_yet,bdl_lineup_freshness_manifest,market_offered
Victor Wembanyama,56677822,SAS,OKC,False,21713534,pr,37.5,37.5,fanduel,-144,108,0.5511,"stat_grid:component_convolution_mean_coherent_v1+components[pts:pmf_sim_v1+role_aware_pmf_cal_v1:starter+monotone_pit_cdf_v1,reb:pmf_sim_v1+role_aware_pmf_cal_v1:starter+monotone_pit_cdf_v1]+prior_combo[joint_sampler_v1+joint_combo_pmf_v1+role_aware_pmf_cal_v1:starter+monotone_pit_cdf_v1]+stat_grid_final_component_convolution_mean_coherent_v1",phase8_role_aware_pmf_cal_v1+monotone_inactive_global_v1,phase8_pmf_cal,starter,derived_from_projected_minutes,29.5905,32.708,0.05,35.9237,35.9237,36,37,0.0,1.0,1.0,1.0,1.0,1.0,1.0,0.9999,0.9999,0.9998,0.9997,0.9995,0.9992,0.9987,0.998,0.9971,0.9958,0.9941,0.9916,0.9882,0.9837,0.4094,144.0,-144.0,-0.1416,morning,2026-05-30T16:51:22Z,494a3e93#phase10c,51235cba-0b50-441b-a7aa-b0e5bef2d559,ok,0.0,high,full,current_phase8,fallback_used,projected,derived_from_projected_minutes,bdl_plus_nba_official,2026-05-30T16:50:26Z,projected,not_available_yet,bdl_lineup_freshness_manifest,market_offered
Victor Wembanyama,56677822,SAS,OKC,False,21713534,pr,36.5,36.5,fanduel,-172,128,0.5905,"stat_grid:component_convolution_mean_coherent_v1+components[pts:pmf_sim_v1+role_aware_pmf_cal_v1:starter+monotone_pit_cdf_v1,reb:pmf_sim_v1+role_aware_pmf_cal_v1:starter+monotone_pit_cdf_v1]+prior_combo[joint_sampler_v1+joint_combo_pmf_v1+role_aware_pmf_cal_v1:starter+monotone_pit_cdf_v1]+stat_grid_final_component_convolution_mean_coherent_v1",phase8_role_aware_pmf_cal_v1+monotone_inactive_global_v1,phase8_pmf_cal,starter,derived_from_projected_minutes,29.5905,32.708,0.05,35.9237,35.9237,36,37,0.0,1.0,1.0,1.0,1.0,1.0,1.0,0.9999,0.9999,0.9998,0.9997,0.9995,0.9992,0.9987,0.998,0.9971,0.9958,0.9941,0.9916,0.9882,0.9837,0.4642,115.0,-115.0,-0.1263,morning,2026-05-30T16:51:22Z,494a3e93#phase10c,51235cba-0b50-441b-a7aa-b0e5bef2d559,ok,0.0,high,full,current_phase8,fallback_used,projected,derived_from_projected_minutes,bdl_plus_nba_official,2026-05-30T16:50:26Z,projected,not_available_yet,bdl_lineup_freshness_manifest,market_offered
Victor Wembanyama,56677822,SAS,OKC,False,21713534,pr,35.5,35.5,fanduel,-210,154,0.6324,"stat_grid:component_convolution_mean_coherent_v1+components[pts:pmf_sim_v1+role_aware_pmf_cal_v1:starter+monotone_pit_cdf_v1,reb:pmf_sim_v1+role_aware_pmf_cal_v1:starter+monotone_pit_cdf_v1]+prior_combo[joint_sampler_v1+joint_combo_pmf_v1+role_aware_pmf_cal_v1:starter+monotone_pit_cdf_v1]+stat_grid_final_component_convolution_mean_coherent_v1",phase8_role_aware_pmf_cal_v1+monotone_inactive_global_v1,phase8_pmf_cal,starter,derived_from_projected_minutes,29.5905,32.708,0.05,35.9237,35.9237,36,37,0.0,1.0,1.0,1.0,1.0,1.0,1.0,0.9999,0.9999,0.9998,0.9997,0.9995,0.9992,0.9987,0.998,0.9971,0.9958,0.9941,0.9916,0.9882,0.9837,0.5187,-108.0,108.0,-0.1137,morning,2026-05-30T16:51:22Z,494a3e93#phase10c,51235cba-0b50-441b-a7aa-b0e5bef2d559,ok,0.0,high,full,current_phase8,fallback_used,projected,derived_from_projected_minutes,bdl_plus_nba_official,2026-05-30T16:50:26Z,projected,not_available_yet,bdl_lineup_freshness_manifest,market_offered
Victor Wembanyama,56677822,SAS,OKC,False,21713534,pr,34.5,34.5,fanduel,-250,182,0.6682,"stat_grid:component_convolution_mean_coherent_v1+components[pts:pmf_sim_v1+role_aware_pmf_cal_v1:starter+monotone_pit_cdf_v1,reb:pmf_sim_v1+role_aware_pmf_cal_v1:starter+monotone_pit_cdf_v1]+prior_combo[joint_sampler_v1+joint_combo_pmf_v1+role_aware_pmf_cal_v1:starter+monotone_pit_cdf_v1]+stat_grid_final_component_convolution_mean_coherent_v1",phase8_role_aware_pmf_cal_v1+monotone_inactive_global_v1,phase8_pmf_cal,starter,derived_from_projected_minutes,29.5905,32.708,0.05,35.9237,35.9237,36,37,0.0,1.0,1.0,1.0,1.0,1.0,1.0,0.9999,0.9999,0.9998,0.9997,0.9995,0.9992,0.9987,0.998,0.9971,0.9958,0.9941,0.9916,0.9882,0.9837,0.5718,-134.0,134.0,-0.0964,morning,2026-05-30T16:51:22Z,494a3e93#phase10c,51235cba-0b50-441b-a7aa-b0e5bef2d559,ok,0.0,high,full,current_phase8,fallback_used,projected,derived_from_projected_minutes,bdl_plus_nba_official,2026-05-30T16:50:26Z,projected,not_available_yet,bdl_lineup_freshness_manifest,market_offered
Victor Wembanyama,56677822,SAS,OKC,False,21713534,pr,33.5,33.5,fanduel,-310,220,0.7076,"stat_grid:component_convolution_mean_coherent_v1+components[pts:pmf_sim_v1+role_aware_pmf_cal_v1:starter+monotone_pit_cdf_v1,reb:pmf_sim_v1+role_aware_pmf_cal_v1:starter+monotone_pit_cdf_v1]+prior_combo[joint_sampler_v1+joint_combo_pmf_v1+role_aware_pmf_cal_v1:starter+monotone_pit_cdf_v1]+stat_grid_final_component_convolution_mean_coherent_v1",phase8_role_aware_pmf_cal_v1+monotone_inactive_global_v1,phase8_pmf_cal,starter,derived_from_projected_minutes,29.5905,32.708,0.05,35.9237,35.9237,36,37,0.0,1.0,1.0,1.0,1.0,1.0,1.0,0.9999,0.9999,0.9998,0.9997,0.9995,0.9992,0.9987,0.998,0.9971,0.9958,0.9941,0.9916,0.9882,0.9837,0.6224,-165.0,165.0,-0.0851,morning,2026-05-30T16:51:22Z,494a3e93#phase10c,51235cba-0b50-441b-a7aa-b0e5bef2d559,ok,0.0,high,full,current_phase8,fallback_used,projected,derived_from_projected_minutes,bdl_plus_nba_official,2026-05-30T16:50:26Z,projected,not_available_yet,bdl_lineup_freshness_manifest,market_offered
Victor Wembanyama,56677822,SAS,OKC,False,21713534,pr,32.5,32.5,fanduel,-380,260,0.7403,"stat_grid:component_convolution_mean_coherent_v1+components[pts:pmf_sim_v1+role_aware_pmf_cal_v1:starter+monotone_pit_cdf_v1,reb:pmf_sim_v1+role_aware_pmf_cal_v1:starter+monotone_pit_cdf_v1]+prior_combo[joint_sampler_v1+joint_combo_pmf_v1+role_aware_pmf_cal_v1:starter+monotone_pit_cdf_v1]+stat_grid_final_component_convolution_mean_coherent_v1",phase8_role_aware_pmf_cal_v1+monotone_inactive_global_v1,phase8_pmf_cal,starter,derived_from_projected_minutes,29.5905,32.708,0.05,35.9237,35.9237,36,37,0.0,1.0,1.0,1.0,1.0,1.0,1.0,0.9999,0.9999,0.9998,0.9997,0.9995,0.9992,0.9987,0.998,0.9971,0.9958,0.9941,0.9916,0.9882,0.9837,0.6712,-204.0,204.0,-0.0691,morning,2026-05-30T16:51:22Z,494a3e93#phase10c,51235cba-0b50-441b-a7aa-b0e5bef2d559,ok,0.0,high,full,current_phase8,fallback_used,projected,derived_from_projected_minutes,bdl_plus_nba_official,2026-05-30T16:50:26Z,projected,not_available_yet,bdl_lineup_freshness_manifest,market_offered
Victor Wembanyama,56677822,SAS,OKC,False,21713534,pr,44.5,44.5,fanduel,225,-320,0.2877,"stat_grid:component_convolution_mean_coherent_v1+components[pts:pmf_sim_v1+role_aware_pmf_cal_v1:starter+monotone_pit_cdf_v1,reb:pmf_sim_v1+role_aware_pmf_cal_v1:starter+monotone_pit_cdf_v1]+prior_combo[joint_sampler_v1+joint_combo_pmf_v1+role_aware_pmf_cal_v1:starter+monotone_pit_cdf_v1]+stat_grid_final_component_convolution_mean_coherent_v1",phase8_role_aware_pmf_cal_v1+monotone_inactive_global_v1,phase8_pmf_cal,starter,derived_from_projected_minutes,29.5905,32.708,0.05,35.9237,35.9237,36,37,0.0,1.0,1.0,1.0,1.0,1.0,1.0,0.9999,0.9999,0.9998,0.9997,0.9995,0.9992,0.9987,0.998,0.9971,0.9958,0.9941,0.9916,0.9882,0.9837,0.1313,662.0,-662.0,-0.1564,morning,2026-05-30T16:51:22Z,494a3e93#phase10c,51235cba-0b50-441b-a7aa-b0e5bef2d559,ok,0.0,high,full,current_phase8,fallback_used,projected,derived_from_projected_minutes,bdl_plus_nba_official,2026-05-30T16:50:26Z,projected,not_available_yet,bdl_lineup_freshness_manifest,market_offered
Victor Wembanyama,56677822,SAS,OKC,False,21713534,pr,31.5,31.5,fanduel,-470,310,0.7717,"stat_grid:component_convolution_mean_coherent_v1+components[pts:pmf_sim_v1+role_aware_pmf_cal_v1:starter+monotone_pit_cdf_v1,reb:pmf_sim_v1+role_aware_pmf_cal_v1:starter+monotone_pit_cdf_v1]+prior_combo[joint_sampler_v1+joint_combo_pmf_v1+role_aware_pmf_cal_v1:starter+monotone_pit_cdf_v1]+stat_grid_final_component_convolution_mean_coherent_v1",phase8_role_aware_pmf_cal_v1+monotone_inactive_global_v1,phase8_pmf_cal,starter,derived_from_projected_minutes,29.5905,32.708,0.05,35.9237,35.9237,36,37,0.0,1.0,1.0,1.0,1.0,1.0,1.0,0.9999,0.9999,0.9998,0.9997,0.9995,0.9992,0.9987,0.998,0.9971,0.9958,0.9941,0.9916,0.9882,0.9837,0.7164,-253.0,253.0,-0.0554,morning,2026-05-30T16:51:22Z,494a3e93#phase10c,51235cba-0b50-441b-a7aa-b0e5bef2d559,ok,0.0,high,full,current_phase8,fallback_used,projected,derived_from_projected_minutes,bdl_plus_nba_official,2026-05-30T16:50:26Z,projected,not_available_yet,bdl_lineup_freshness_manifest,market_offered
Victor Wembanyama,56677822,SAS,OKC,False,21713534,pr,29.5,29.5,fanduel,-750,430,0.8238,"stat_grid:component_convolution_mean_coherent_v1+components[pts:pmf_sim_v1+role_aware_pmf_cal_v1:starter+monotone_pit_cdf_v1,reb:pmf_sim_v1+role_aware_pmf_cal_v1:starter+monotone_pit_cdf_v1]+prior_combo[joint_sampler_v1+joint_combo_pmf_v1+role_aware_pmf_cal_v1:starter+monotone_pit_cdf_v1]+stat_grid_final_component_convolution_mean_coherent_v1",phase8_role_aware_pmf_cal_v1+monotone_inactive_global_v1,phase8_pmf_cal,starter,derived_from_projected_minutes,29.5905,32.708,0.05,35.9237,35.9237,36,37,0.0,1.0,1.0,1.0,1.0,1.0,1.0,0.9999,0.9999,0.9998,0.9997,0.9995,0.9992,0.9987,0.998,0.9971,0.9958,0.9941,0.9916,0.9882,0.9837,0.7967,-392.0,392.0,-0.0271,morning,2026-05-30T16:51:22Z,494a3e93#phase10c,51235cba-0b50-441b-a7aa-b0e5bef2d559,ok,0.0,high,full,current_phase8,fallback_used,projected,derived_from_projected_minutes,bdl_plus_nba_official,2026-05-30T16:50:26Z,projected,not_available_yet,bdl_lineup_freshness_manifest,market_offered
Victor Wembanyama,56677822,SAS,OKC,False,21713534,pr,30.5,30.5,fanduel,-600,370,0.8011,"stat_grid:component_convolution_mean_coherent_v1+components[pts:pmf_sim_v1+role_aware_pmf_cal_v1:starter+monotone_pit_cdf_v1,reb:pmf_sim_v1+role_aware_pmf_cal_v1:starter+monotone_pit_cdf_v1]+prior_combo[joint_sampler_v1+joint_combo_pmf_v1+role_aware_pmf_cal_v1:starter+monotone_pit_cdf_v1]+stat_grid_final_component_convolution_mean_coherent_v1",phase8_role_aware_pmf_cal_v1+monotone_inactive_global_v1,phase8_pmf_cal,starter,derived_from_projected_minutes,29.5905,32.708,0.05,35.9237,35.9237,36,37,0.0,1.0,1.0,1.0,1.0,1.0,1.0,0.9999,0.9999,0.9998,0.9997,0.9995,0.9992,0.9987,0.998,0.9971,0.9958,0.9941,0.9916,0.9882,0.9837,0.7582,-314.0,314.0,-0.0429,morning,2026-05-30T16:51:22Z,494a3e93#phase10c,51235cba-0b50-441b-a7aa-b0e5bef2d559,ok,0.0,high,full,current_phase8,fallback_used,projected,derived_from_projected_minutes,bdl_plus_nba_official,2026-05-30T16:50:26Z,projected,not_available_yet,bdl_lineup_freshness_manifest,market_offered
Victor Wembanyama,56677822,SAS,OKC,False,21713534,pr,38.5,38.5,betmgm,-118,-110,0.5082,"stat_grid:component_convolution_mean_coherent_v1+components[pts:pmf_sim_v1+role_aware_pmf_cal_v1:starter+monotone_pit_cdf_v1,reb:pmf_sim_v1+role_aware_pmf_cal_v1:starter+monotone_pit_cdf_v1]+prior_combo[joint_sampler_v1+joint_combo_pmf_v1+role_aware_pmf_cal_v1:starter+monotone_pit_cdf_v1]+stat_grid_final_component_convolution_mean_coherent_v1",phase8_role_aware_pmf_cal_v1+monotone_inactive_global_v1,phase8_pmf_cal,starter,derived_from_projected_minutes,29.5905,32.708,0.05,35.9237,35.9237,36,37,0.0,1.0,1.0,1.0,1.0,1.0,1.0,0.9999,0.9999,0.9998,0.9997,0.9995,0.9992,0.9987,0.998,0.9971,0.9958,0.9941,0.9916,0.9882,0.9837,0.3586,179.0,-179.0,-0.1496,morning,2026-05-30T16:51:22Z,494a3e93#phase10c,51235cba-0b50-441b-a7aa-b0e5bef2d559,ok,0.0,high,full,current_phase8,fallback_used,projected,derived_from_projected_minutes,bdl_plus_nba_official,2026-05-30T16:50:26Z,projected,not_available_yet,bdl_lineup_freshness_manifest,market_offered
Victor Wembanyama,56677822,SAS,OKC,False,21713534,pr,38.5,38.5,draftkings,-118,-111,0.5071,"stat_grid:component_convolution_mean_coherent_v1+components[pts:pmf_sim_v1+role_aware_pmf_cal_v1:starter+monotone_pit_cdf_v1,reb:pmf_sim_v1+role_aware_pmf_cal_v1:starter+monotone_pit_cdf_v1]+prior_combo[joint_sampler_v1+joint_combo_pmf_v1+role_aware_pmf_cal_v1:starter+monotone_pit_cdf_v1]+stat_grid_final_component_convolution_mean_coherent_v1",phase8_role_aware_pmf_cal_v1+monotone_inactive_global_v1,phase8_pmf_cal,starter,derived_from_projected_minutes,29.5905,32.708,0.05,35.9237,35.9237,36,37,0.0,1.0,1.0,1.0,1.0,1.0,1.0,0.9999,0.9999,0.9998,0.9997,0.9995,0.9992,0.9987,0.998,0.9971,0.9958,0.9941,0.9916,0.9882,0.9837,0.3586,179.0,-179.0,-0.1485,morning,2026-05-30T16:51:22Z,494a3e93#phase10c,51235cba-0b50-441b-a7aa-b0e5bef2d559,ok,0.0,high,full,current_phase8,fallback_used,projected,derived_from_projected_minutes,bdl_plus_nba_official,2026-05-30T16:50:26Z,projected,not_available_yet,bdl_lineup_freshness_manifest,market_offered
Victor Wembanyama,56677822,SAS,OKC,False,21713534,pr,39.5,39.5,bovada,100,-130,0.4694,"stat_grid:component_convolution_mean_coherent_v1+components[pts:pmf_sim_v1+role_aware_pmf_cal_v1:starter+monotone_pit_cdf_v1,reb:pmf_sim_v1+role_aware_pmf_cal_v1:starter+monotone_pit_cdf_v1]+prior_combo[joint_sampler_v1+joint_combo_pmf_v1+role_aware_pmf_cal_v1:starter+monotone_pit_cdf_v1]+stat_grid_final_component_convolution_mean_coherent_v1",phase8_role_aware_pmf_cal_v1+monotone_inactive_global_v1,phase8_pmf_cal,starter,derived_from_projected_minutes,29.5905,32.708,0.05,35.9237,35.9237,36,37,0.0,1.0,1.0,1.0,1.0,1.0,1.0,0.9999,0.9999,0.9998,0.9997,0.9995,0.9992,0.9987,0.998,0.9971,0.9958,0.9941,0.9916,0.9882,0.9837,0.311,222.0,-222.0,-0.1584,morning,2026-05-30T16:51:22Z,494a3e93#phase10c,51235cba-0b50-441b-a7aa-b0e5bef2d559,ok,0.0,high,full,current_phase8,fallback_used,projected,derived_from_projected_minutes,bdl_plus_nba_official,2026-05-30T16:50:26Z,projected,not_available_yet,bdl_lineup_freshness_manifest,market_offered
Victor Wembanyama,56677822,SAS,OKC,False,21713534,pr,38.5,38.5,bovada,-120,-110,0.5101,"stat_grid:component_convolution_mean_coherent_v1+components[pts:pmf_sim_v1+role_aware_pmf_cal_v1:starter+monotone_pit_cdf_v1,reb:pmf_sim_v1+role_aware_pmf_cal_v1:starter+monotone_pit_cdf_v1]+prior_combo[joint_sampler_v1+joint_combo_pmf_v1+role_aware_pmf_cal_v1:starter+monotone_pit_cdf_v1]+stat_grid_final_component_convolution_mean_coherent_v1",phase8_role_aware_pmf_cal_v1+monotone_inactive_global_v1,phase8_pmf_cal,starter,derived_from_projected_minutes,29.5905,32.708,0.05,35.9237,35.9237,36,37,0.0,1.0,1.0,1.0,1.0,1.0,1.0,0.9999,0.9999,0.9998,0.9997,0.9995,0.9992,0.9987,0.998,0.9971,0.9958,0.9941,0.9916,0.9882,0.9837,0.3586,179.0,-179.0,-0.1515,morning,2026-05-30T16:51:22Z,494a3e93#phase10c,51235cba-0b50-441b-a7aa-b0e5bef2d559,ok,0.0,high,full,current_phase8,fallback_used,projected,derived_from_projected_minutes,bdl_plus_nba_official,2026-05-30T16:50:26Z,projected,not_available_yet,bdl_lineup_freshness_manifest,market_offered
Victor Wembanyama,56677822,SAS,OKC,False,21713534,pr,37.5,37.5,bovada,-145,110,0.5541,"stat_grid:component_convolution_mean_coherent_v1+components[pts:pmf_sim_v1+role_aware_pmf_cal_v1:starter+monotone_pit_cdf_v1,reb:pmf_sim_v1+role_aware_pmf_cal_v1:starter+monotone_pit_cdf_v1]+prior_combo[joint_sampler_v1+joint_combo_pmf_v1+role_aware_pmf_cal_v1:starter+monotone_pit_cdf_v1]+stat_grid_final_component_convolution_mean_coherent_v1",phase8_role_aware_pmf_cal_v1+monotone_inactive_global_v1,phase8_pmf_cal,starter,derived_from_projected_minutes,29.5905,32.708,0.05,35.9237,35.9237,36,37,0.0,1.0,1.0,1.0,1.0,1.0,1.0,0.9999,0.9999,0.9998,0.9997,0.9995,0.9992,0.9987,0.998,0.9971,0.9958,0.9941,0.9916,0.9882,0.9837,0.4094,144.0,-144.0,-0.1447,morning,2026-05-30T16:51:22Z,494a3e93#phase10c,51235cba-0b50-441b-a7aa-b0e5bef2d559,ok,0.0,high,full,current_phase8,fallback_used,projected,derived_from_projected_minutes,bdl_plus_nba_official,2026-05-30T16:50:26Z,projected,not_available_yet,bdl_lineup_freshness_manifest,market_offered
Victor Wembanyama,56677822,SAS,OKC,False,21713534,pr,38.5,38.5,hardrockbet_az,-125,-105,0.5203,"stat_grid:component_convolution_mean_coherent_v1+components[pts:pmf_sim_v1+role_aware_pmf_cal_v1:starter+monotone_pit_cdf_v1,reb:pmf_sim_v1+role_aware_pmf_cal_v1:starter+monotone_pit_cdf_v1]+prior_combo[joint_sampler_v1+joint_combo_pmf_v1+role_aware_pmf_cal_v1:starter+monotone_pit_cdf_v1]+stat_grid_final_component_convolution_mean_coherent_v1",phase8_role_aware_pmf_cal_v1+monotone_inactive_global_v1,phase8_pmf_cal,starter,derived_from_projected_minutes,29.5905,32.708,0.05,35.9237,35.9237,36,37,0.0,1.0,1.0,1.0,1.0,1.0,1.0,0.9999,0.9999,0.9998,0.9997,0.9995,0.9992,0.9987,0.998,0.9971,0.9958,0.9941,0.9916,0.9882,0.9837,0.3586,179.0,-179.0,-0.1617,morning,2026-05-30T16:51:22Z,494a3e93#phase10c,51235cba-0b50-441b-a7aa-b0e5bef2d559,ok,0.0,high,full,current_phase8,fallback_used,projected,derived_from_projected_minutes,bdl_plus_nba_official,2026-05-30T16:50:26Z,projected,not_available_yet,bdl_lineup_freshness_manifest,market_offered
Victor Wembanyama,56677822,SAS,OKC,False,21713534,pr,38.5,38.5,hardrockbet,-125,-105,0.5203,"stat_grid:component_convolution_mean_coherent_v1+components[pts:pmf_sim_v1+role_aware_pmf_cal_v1:starter+monotone_pit_cdf_v1,reb:pmf_sim_v1+role_aware_pmf_cal_v1:starter+monotone_pit_cdf_v1]+prior_combo[joint_sampler_v1+joint_combo_pmf_v1+role_aware_pmf_cal_v1:starter+monotone_pit_cdf_v1]+stat_grid_final_component_convolution_mean_coherent_v1",phase8_role_aware_pmf_cal_v1+monotone_inactive_global_v1,phase8_pmf_cal,starter,derived_from_projected_minutes,29.5905,32.708,0.05,35.9237,35.9237,36,37,0.0,1.0,1.0,1.0,1.0,1.0,1.0,0.9999,0.9999,0.9998,0.9997,0.9995,0.9992,0.9987,0.998,0.9971,0.9958,0.9941,0.9916,0.9882,0.9837,0.3586,179.0,-179.0,-0.1617,morning,2026-05-30T16:51:22Z,494a3e93#phase10c,51235cba-0b50-441b-a7aa-b0e5bef2d559,ok,0.0,high,full,current_phase8,fallback_used,projected,derived_from_projected_minutes,bdl_plus_nba_official,2026-05-30T16:50:26Z,projected,not_available_yet,bdl_lineup_freshness_manifest,market_offered
Victor Wembanyama,56677822,SAS,OKC,False,21713534,pr,38.5,38.5,hardrockbet_fl,-125,-105,0.5203,"stat_grid:component_convolution_mean_coherent_v1+components[pts:pmf_sim_v1+role_aware_pmf_cal_v1:starter+monotone_pit_cdf_v1,reb:pmf_sim_v1+role_aware_pmf_cal_v1:starter+monotone_pit_cdf_v1]+prior_combo[joint_sampler_v1+joint_combo_pmf_v1+role_aware_pmf_cal_v1:starter+monotone_pit_cdf_v1]+stat_grid_final_component_convolution_mean_coherent_v1",phase8_role_aware_pmf_cal_v1+monotone_inactive_global_v1,phase8_pmf_cal,starter,derived_from_projected_minutes,29.5905,32.708,0.05,35.9237,35.9237,36,37,0.0,1.0,1.0,1.0,1.0,1.0,1.0,0.9999,0.9999,0.9998,0.9997,0.9995,0.9992,0.9987,0.998,0.9971,0.9958,0.9941,0.9916,0.9882,0.9837,0.3586,179.0,-179.0,-0.1617,morning,2026-05-30T16:51:22Z,494a3e93#phase10c,51235cba-0b50-441b-a7aa-b0e5bef2d559,ok,0.0,high,full,current_phase8,fallback_used,projected,derived_from_projected_minutes,bdl_plus_nba_official,2026-05-30T16:50:26Z,projected,not_available_yet,bdl_lineup_freshness_manifest,market_offered
Victor Wembanyama,56677822,SAS,OKC,False,21713534,pr,38.5,38.5,espnbet,-115,-115,0.5,"stat_grid:component_convolution_mean_coherent_v1+components[pts:pmf_sim_v1+role_aware_pmf_cal_v1:starter+monotone_pit_cdf_v1,reb:pmf_sim_v1+role_aware_pmf_cal_v1:starter+monotone_pit_cdf_v1]+prior_combo[joint_sampler_v1+joint_combo_pmf_v1+role_aware_pmf_cal_v1:starter+monotone_pit_cdf_v1]+stat_grid_final_component_convolution_mean_coherent_v1",phase8_role_aware_pmf_cal_v1+monotone_inactive_global_v1,phase8_pmf_cal,starter,derived_from_projected_minutes,29.5905,32.708,0.05,35.9237,35.9237,36,37,0.0,1.0,1.0,1.0,1.0,1.0,1.0,0.9999,0.9999,0.9998,0.9997,0.9995,0.9992,0.9987,0.998,0.9971,0.9958,0.9941,0.9916,0.9882,0.9837,0.3586,179.0,-179.0,-0.1414,morning,2026-05-30T16:51:22Z,494a3e93#phase10c,51235cba-0b50-441b-a7aa-b0e5bef2d559,ok,0.0,high,full,current_phase8,fallback_used,projected,derived_from_projected_minutes,bdl_plus_nba_official,2026-05-30T16:50:26Z,projected,not_available_yet,bdl_lineup_freshness_manifest,market_offered
Victor Wembanyama,56677822,SAS,OKC,False,21713534,pr,38.5,38.5,fliff,-130,-115,0.5138,"stat_grid:component_convolution_mean_coherent_v1+components[pts:pmf_sim_v1+role_aware_pmf_cal_v1:starter+monotone_pit_cdf_v1,reb:pmf_sim_v1+role_aware_pmf_cal_v1:starter+monotone_pit_cdf_v1]+prior_combo[joint_sampler_v1+joint_combo_pmf_v1+role_aware_pmf_cal_v1:starter+monotone_pit_cdf_v1]+stat_grid_final_component_convolution_mean_coherent_v1",phase8_role_aware_pmf_cal_v1+monotone_inactive_global_v1,phase8_pmf_cal,starter,derived_from_projected_minutes,29.5905,32.708,0.05,35.9237,35.9237,36,37,0.0,1.0,1.0,1.0,1.0,1.0,1.0,0.9999,0.9999,0.9998,0.9997,0.9995,0.9992,0.9987,0.998,0.9971,0.9958,0.9941,0.9916,0.9882,0.9837,0.3586,179.0,-179.0,-0.1552,morning,2026-05-30T16:51:22Z,494a3e93#phase10c,51235cba-0b50-441b-a7aa-b0e5bef2d559,ok,0.0,high,full,current_phase8,fallback_used,projected,derived_from_projected_minutes,bdl_plus_nba_official,2026-05-30T16:50:26Z,projected,not_available_yet,bdl_lineup_freshness_manifest,market_offered
Victor Wembanyama,56677822,SAS,OKC,False,21713534,ra,15.5,15.5,fanduel,-138,104,0.5419,"stat_grid:component_convolution_mean_coherent_v1+components[reb:pmf_sim_v1+role_aware_pmf_cal_v1:starter+monotone_pit_cdf_v1,ast:pmf_sim_v1+role_aware_pmf_cal_v1:starter+monotone_pit_cdf_v1]+prior_combo[joint_sampler_v1+joint_combo_pmf_v1+role_aware_pmf_cal_v1:starter+monotone_pit_cdf_v1]+stat_grid_final_component_convolution_mean_coherent_v1",phase8_role_aware_pmf_cal_v1+monotone_inactive_global_v1,phase8_pmf_cal,starter,derived_from_projected_minutes,29.5905,32.708,0.05,14.3908,14.3908,14,14,0.0,1.0,0.9998,0.9993,0.9984,0.9972,0.995,0.9907,0.9825,0.9676,0.9419,0.9009,0.8379,0.7488,0.6276,0.4846,0.3434,0.232,0.1503,0.0913,0.0497,0.3434,191.0,-191.0,-0.1985,morning,2026-05-30T16:51:22Z,494a3e93#phase10c,51235cba-0b50-441b-a7aa-b0e5bef2d559,ok,0.0,high,full,current_phase8,fallback_used,projected,derived_from_projected_minutes,bdl_plus_nba_official,2026-05-30T16:50:26Z,projected,not_available_yet,bdl_lineup_freshness_manifest,market_offered
Victor Wembanyama,56677822,SAS,OKC,False,21713534,ra,12.5,12.5,fanduel,-470,310,0.7717,"stat_grid:component_convolution_mean_coherent_v1+components[reb:pmf_sim_v1+role_aware_pmf_cal_v1:starter+monotone_pit_cdf_v1,ast:pmf_sim_v1+role_aware_pmf_cal_v1:starter+monotone_pit_cdf_v1]+prior_combo[joint_sampler_v1+joint_combo_pmf_v1+role_aware_pmf_cal_v1:starter+monotone_pit_cdf_v1]+stat_grid_final_component_convolution_mean_coherent_v1",phase8_role_aware_pmf_cal_v1+monotone_inactive_global_v1,phase8_pmf_cal,starter,derived_from_projected_minutes,29.5905,32.708,0.05,14.3908,14.3908,14,14,0.0,1.0,0.9998,0.9993,0.9984,0.9972,0.995,0.9907,0.9825,0.9676,0.9419,0.9009,0.8379,0.7488,0.6276,0.4846,0.3434,0.232,0.1503,0.0913,0.0497,0.7488,-298.0,298.0,-0.0229,morning,2026-05-30T16:51:22Z,494a3e93#phase10c,51235cba-0b50-441b-a7aa-b0e5bef2d559,ok,0.0,high,full,current_phase8,fallback_used,projected,derived_from_projected_minutes,bdl_plus_nba_official,2026-05-30T16:50:26Z,projected,not_available_yet,bdl_lineup_freshness_manifest,market_offered
Victor Wembanyama,56677822,SAS,OKC,False,21713534,ra,11.5,11.5,fanduel,-800,450,0.8302,"stat_grid:component_convolution_mean_coherent_v1+components[reb:pmf_sim_v1+role_aware_pmf_cal_v1:starter+monotone_pit_cdf_v1,ast:pmf_sim_v1+role_aware_pmf_cal_v1:starter+monotone_pit_cdf_v1]+prior_combo[joint_sampler_v1+joint_combo_pmf_v1+role_aware_pmf_cal_v1:starter+monotone_pit_cdf_v1]+stat_grid_final_component_convolution_mean_coherent_v1",phase8_role_aware_pmf_cal_v1+monotone_inactive_global_v1,phase8_pmf_cal,starter,derived_from_projected_minutes,29.5905,32.708,0.05,14.3908,14.3908,14,14,0.0,1.0,0.9998,0.9993,0.9984,0.9972,0.995,0.9907,0.9825,0.9676,0.9419,0.9009,0.8379,0.7488,0.6276,0.4846,0.3434,0.232,0.1503,0.0913,0.0497,0.8379,-517.0,517.0,0.0077,morning,2026-05-30T16:51:22Z,494a3e93#phase10c,51235cba-0b50-441b-a7aa-b0e5bef2d559,ok,0.0,high,full,current_phase8,fallback_used,projected,derived_from_projected_minutes,bdl_plus_nba_official,2026-05-30T16:50:26Z,projected,not_available_yet,bdl_lineup_freshness_manifest,market_offered
Victor Wembanyama,56677822,SAS,OKC,False,21713534,ra,13.5,13.5,fanduel,-310,220,0.7076,"stat_grid:component_convolution_mean_coherent_v1+components[reb:pmf_sim_v1+role_aware_pmf_cal_v1:starter+monotone_pit_cdf_v1,ast:pmf_sim_v1+role_aware_pmf_cal_v1:starter+monotone_pit_cdf_v1]+prior_combo[joint_sampler_v1+joint_combo_pmf_v1+role_aware_pmf_cal_v1:starter+monotone_pit_cdf_v1]+stat_grid_final_component_convolution_mean_coherent_v1",phase8_role_aware_pmf_cal_v1+monotone_inactive_global_v1,phase8_pmf_cal,starter,derived_from_projected_minutes,29.5905,32.708,0.05,14.3908,14.3908,14,14,0.0,1.0,0.9998,0.9993,0.9984,0.9972,0.995,0.9907,0.9825,0.9676,0.9419,0.9009,0.8379,0.7488,0.6276,0.4846,0.3434,0.232,0.1503,0.0913,0.0497,0.6276,-169.0,169.0,-0.08,morning,2026-05-30T16:51:22Z,494a3e93#phase10c,51235cba-0b50-441b-a7aa-b0e5bef2d559,ok,0.0,high,full,current_phase8,fallback_used,projected,derived_from_projected_minutes,bdl_plus_nba_official,2026-05-30T16:50:26Z,projected,not_available_yet,bdl_lineup_freshness_manifest,market_offered
Victor Wembanyama,56677822,SAS,OKC,False,21713534,ra,14.5,14.5,fanduel,-210,154,0.6324,"stat_grid:component_convolution_mean_coherent_v1+components[reb:pmf_sim_v1+role_aware_pmf_cal_v1:starter+monotone_pit_cdf_v1,ast:pmf_sim_v1+role_aware_pmf_cal_v1:starter+monotone_pit_cdf_v1]+prior_combo[joint_sampler_v1+joint_combo_pmf_v1+role_aware_pmf_cal_v1:starter+monotone_pit_cdf_v1]+stat_grid_final_component_convolution_mean_coherent_v1",phase8_role_aware_pmf_cal_v1+monotone_inactive_global_v1,phase8_pmf_cal,starter,derived_from_projected_minutes,29.5905,32.708,0.05,14.3908,14.3908,14,14,0.0,1.0,0.9998,0.9993,0.9984,0.9972,0.995,0.9907,0.9825,0.9676,0.9419,0.9009,0.8379,0.7488,0.6276,0.4846,0.3434,0.232,0.1503,0.0913,0.0497,0.4846,106.0,-106.0,-0.1479,morning,2026-05-30T16:51:22Z,494a3e93#phase10c,51235cba-0b50-441b-a7aa-b0e5bef2d559,ok,0.0,high,full,current_phase8,fallback_used,projected,derived_from_projected_minutes,bdl_plus_nba_official,2026-05-30T16:50:26Z,projected,not_available_yet,bdl_lineup_freshness_manifest,market_offered
Victor Wembanyama,56677822,SAS,OKC,False,21713534,ra,15.5,15.5,fanduel,-138,104,0.5419,"stat_grid:component_convolution_mean_coherent_v1+components[reb:pmf_sim_v1+role_aware_pmf_cal_v1:starter+monotone_pit_cdf_v1,ast:pmf_sim_v1+role_aware_pmf_cal_v1:starter+monotone_pit_cdf_v1]+prior_combo[joint_sampler_v1+joint_combo_pmf_v1+role_aware_pmf_cal_v1:starter+monotone_pit_cdf_v1]+stat_grid_final_component_convolution_mean_coherent_v1",phase8_role_aware_pmf_cal_v1+monotone_inactive_global_v1,phase8_pmf_cal,starter,derived_from_projected_minutes,29.5905,32.708,0.05,14.3908,14.3908,14,14,0.0,1.0,0.9998,0.9993,0.9984,0.9972,0.995,0.9907,0.9825,0.9676,0.9419,0.9009,0.8379,0.7488,0.6276,0.4846,0.3434,0.232,0.1503,0.0913,0.0497,0.3434,191.0,-191.0,-0.1985,morning,2026-05-30T16:51:22Z,494a3e93#phase10c,51235cba-0b50-441b-a7aa-b0e5bef2d559,ok,0.0,high,full,current_phase8,fallback_used,projected,derived_from_projected_minutes,bdl_plus_nba_official,2026-05-30T16:50:26Z,projected,not_available_yet,bdl_lineup_freshness_manifest,market_offered
Victor Wembanyama,56677822,SAS,OKC,False,21713534,ra,16.5,16.5,fanduel,108,-144,0.4489,"stat_grid:component_convolution_mean_coherent_v1+components[reb:pmf_sim_v1+role_aware_pmf_cal_v1:starter+monotone_pit_cdf_v1,ast:pmf_sim_v1+role_aware_pmf_cal_v1:starter+monotone_pit_cdf_v1]+prior_combo[joint_sampler_v1+joint_combo_pmf_v1+role_aware_pmf_cal_v1:starter+monotone_pit_cdf_v1]+stat_grid_final_component_convolution_mean_coherent_v1",phase8_role_aware_pmf_cal_v1+monotone_inactive_global_v1,phase8_pmf_cal,starter,derived_from_projected_minutes,29.5905,32.708,0.05,14.3908,14.3908,14,14,0.0,1.0,0.9998,0.9993,0.9984,0.9972,0.995,0.9907,0.9825,0.9676,0.9419,0.9009,0.8379,0.7488,0.6276,0.4846,0.3434,0.232,0.1503,0.0913,0.0497,0.232,331.0,-331.0,-0.2169,morning,2026-05-30T16:51:22Z,494a3e93#phase10c,51235cba-0b50-441b-a7aa-b0e5bef2d559,ok,0.0,high,full,current_phase8,fallback_used,projected,derived_from_projected_minutes,bdl_plus_nba_official,2026-05-30T16:50:26Z,projected,not_available_yet,bdl_lineup_freshness_manifest,market_offered
Victor Wembanyama,56677822,SAS,OKC,False,21713534,ra,20.5,20.5,fanduel,450,-800,0.1698,"stat_grid:component_convolution_mean_coherent_v1+components[reb:pmf_sim_v1+role_aware_pmf_cal_v1:starter+monotone_pit_cdf_v1,ast:pmf_sim_v1+role_aware_pmf_cal_v1:starter+monotone_pit_cdf_v1]+prior_combo[joint_sampler_v1+joint_combo_pmf_v1+role_aware_pmf_cal_v1:starter+monotone_pit_cdf_v1]+stat_grid_final_component_convolution_mean_coherent_v1",phase8_role_aware_pmf_cal_v1+monotone_inactive_global_v1,phase8_pmf_cal,starter,derived_from_projected_minutes,29.5905,32.708,0.05,14.3908,14.3908,14,14,0.0,1.0,0.9998,0.9993,0.9984,0.9972,0.995,0.9907,0.9825,0.9676,0.9419,0.9009,0.8379,0.7488,0.6276,0.4846,0.3434,0.232,0.1503,0.0913,0.0497,0.026,3744.0,-3744.0,-0.1438,morning,2026-05-30T16:51:22Z,494a3e93#phase10c,51235cba-0b50-441b-a7aa-b0e5bef2d559,ok,0.0,high,full,current_phase8,fallback_used,projected,derived_from_projected_minutes,bdl_plus_nba_official,2026-05-30T16:50:26Z,projected,not_available_yet,bdl_lineup_freshness_manifest,market_offered
Victor Wembanyama,56677822,SAS,OKC,False,21713534,ra,19.5,19.5,fanduel,320,-490,0.2228,"stat_grid:component_convolution_mean_coherent_v1+components[reb:pmf_sim_v1+role_aware_pmf_cal_v1:starter+monotone_pit_cdf_v1,ast:pmf_sim_v1+role_aware_pmf_cal_v1:starter+monotone_pit_cdf_v1]+prior_combo[joint_sampler_v1+joint_combo_pmf_v1+role_aware_pmf_cal_v1:starter+monotone_pit_cdf_v1]+stat_grid_final_component_convolution_mean_coherent_v1",phase8_role_aware_pmf_cal_v1+monotone_inactive_global_v1,phase8_pmf_cal,starter,derived_from_projected_minutes,29.5905,32.708,0.05,14.3908,14.3908,14,14,0.0,1.0,0.9998,0.9993,0.9984,0.9972,0.995,0.9907,0.9825,0.9676,0.9419,0.9009,0.8379,0.7488,0.6276,0.4846,0.3434,0.232,0.1503,0.0913,0.0497,0.0497,1913.0,-1913.0,-0.1731,morning,2026-05-30T16:51:22Z,494a3e93#phase10c,51235cba-0b50-441b-a7aa-b0e5bef2d559,ok,0.0,high,full,current_phase8,fallback_used,projected,derived_from_projected_minutes,bdl_plus_nba_official,2026-05-30T16:50:26Z,projected,not_available_yet,bdl_lineup_freshness_manifest,market_offered
Victor Wembanyama,56677822,SAS,OKC,False,21713534,ra,18.5,18.5,fanduel,225,-320,0.2877,"stat_grid:component_convolution_mean_coherent_v1+components[reb:pmf_sim_v1+role_aware_pmf_cal_v1:starter+monotone_pit_cdf_v1,ast:pmf_sim_v1+role_aware_pmf_cal_v1:starter+monotone_pit_cdf_v1]+prior_combo[joint_sampler_v1+joint_combo_pmf_v1+role_aware_pmf_cal_v1:starter+monotone_pit_cdf_v1]+stat_grid_final_component_convolution_mean_coherent_v1",phase8_role_aware_pmf_cal_v1+monotone_inactive_global_v1,phase8_pmf_cal,starter,derived_from_projected_minutes,29.5905,32.708,0.05,14.3908,14.3908,14,14,0.0,1.0,0.9998,0.9993,0.9984,0.9972,0.995,0.9907,0.9825,0.9676,0.9419,0.9009,0.8379,0.7488,0.6276,0.4846,0.3434,0.232,0.1503,0.0913,0.0497,0.0913,996.0,-996.0,-0.1964,morning,2026-05-30T16:51:22Z,494a3e93#phase10c,51235cba-0b50-441b-a7aa-b0e5bef2d559,ok,0.0,high,full,current_phase8,fallback_used,projected,derived_from_projected_minutes,bdl_plus_nba_official,2026-05-30T16:50:26Z,projected,not_available_yet,bdl_lineup_freshness_manifest,market_offered
Victor Wembanyama,56677822,SAS,OKC,False,21713534,ra,17.5,17.5,fanduel,162,-220,0.357,"stat_grid:component_convolution_mean_coherent_v1+components[reb:pmf_sim_v1+role_aware_pmf_cal_v1:starter+monotone_pit_cdf_v1,ast:pmf_sim_v1+role_aware_pmf_cal_v1:starter+monotone_pit_cdf_v1]+prior_combo[joint_sampler_v1+joint_combo_pmf_v1+role_aware_pmf_cal_v1:starter+monotone_pit_cdf_v1]+stat_grid_final_component_convolution_mean_coherent_v1",phase8_role_aware_pmf_cal_v1+monotone_inactive_global_v1,phase8_pmf_cal,starter,derived_from_projected_minutes,29.5905,32.708,0.05,14.3908,14.3908,14,14,0.0,1.0,0.9998,0.9993,0.9984,0.9972,0.995,0.9907,0.9825,0.9676,0.9419,0.9009,0.8379,0.7488,0.6276,0.4846,0.3434,0.232,0.1503,0.0913,0.0497,0.1503,566.0,-566.0,-0.2067,morning,2026-05-30T16:51:22Z,494a3e93#phase10c,51235cba-0b50-441b-a7aa-b0e5bef2d559,ok,0.0,high,full,current_phase8,fallback_used,projected,derived_from_projected_minutes,bdl_plus_nba_official,2026-05-30T16:50:26Z,projected,not_available_yet,bdl_lineup_freshness_manifest,market_offered
Victor Wembanyama,56677822,SAS,OKC,False,21713534,ra,15.5,15.5,betmgm,-115,-115,0.5,"stat_grid:component_convolution_mean_coherent_v1+components[reb:pmf_sim_v1+role_aware_pmf_cal_v1:starter+monotone_pit_cdf_v1,ast:pmf_sim_v1+role_aware_pmf_cal_v1:starter+monotone_pit_cdf_v1]+prior_combo[joint_sampler_v1+joint_combo_pmf_v1+role_aware_pmf_cal_v1:starter+monotone_pit_cdf_v1]+stat_grid_final_component_convolution_mean_coherent_v1",phase8_role_aware_pmf_cal_v1+monotone_inactive_global_v1,phase8_pmf_cal,starter,derived_from_projected_minutes,29.5905,32.708,0.05,14.3908,14.3908,14,14,0.0,1.0,0.9998,0.9993,0.9984,0.9972,0.995,0.9907,0.9825,0.9676,0.9419,0.9009,0.8379,0.7488,0.6276,0.4846,0.3434,0.232,0.1503,0.0913,0.0497,0.3434,191.0,-191.0,-0.1566,morning,2026-05-30T16:51:22Z,494a3e93#phase10c,51235cba-0b50-441b-a7aa-b0e5bef2d559,ok,0.0,high,full,current_phase8,fallback_used,projected,derived_from_projected_minutes,bdl_plus_nba_official,2026-05-30T16:50:26Z,projected,not_available_yet,bdl_lineup_freshness_manifest,market_offered
Victor Wembanyama,56677822,SAS,OKC,False,21713534,ra,15.5,15.5,draftkings,-128,-103,0.5253,"stat_grid:component_convolution_mean_coherent_v1+components[reb:pmf_sim_v1+role_aware_pmf_cal_v1:starter+monotone_pit_cdf_v1,ast:pmf_sim_v1+role_aware_pmf_cal_v1:starter+monotone_pit_cdf_v1]+prior_combo[joint_sampler_v1+joint_combo_pmf_v1+role_aware_pmf_cal_v1:starter+monotone_pit_cdf_v1]+stat_grid_final_component_convolution_mean_coherent_v1",phase8_role_aware_pmf_cal_v1+monotone_inactive_global_v1,phase8_pmf_cal,starter,derived_from_projected_minutes,29.5905,32.708,0.05,14.3908,14.3908,14,14,0.0,1.0,0.9998,0.9993,0.9984,0.9972,0.995,0.9907,0.9825,0.9676,0.9419,0.9009,0.8379,0.7488,0.6276,0.4846,0.3434,0.232,0.1503,0.0913,0.0497,0.3434,191.0,-191.0,-0.1819,morning,2026-05-30T16:51:22Z,494a3e93#phase10c,51235cba-0b50-441b-a7aa-b0e5bef2d559,ok,0.0,high,full,current_phase8,fallback_used,projected,derived_from_projected_minutes,bdl_plus_nba_official,2026-05-30T16:50:26Z,projected,not_available_yet,bdl_lineup_freshness_manifest,market_offered
Victor Wembanyama,56677822,SAS,OKC,False,21713534,ra,16.5,16.5,bovada,110,-145,0.4459,"stat_grid:component_convolution_mean_coherent_v1+components[reb:pmf_sim_v1+role_aware_pmf_cal_v1:starter+monotone_pit_cdf_v1,ast:pmf_sim_v1+role_aware_pmf_cal_v1:starter+monotone_pit_cdf_v1]+prior_combo[joint_sampler_v1+joint_combo_pmf_v1+role_aware_pmf_cal_v1:starter+monotone_pit_cdf_v1]+stat_grid_final_component_convolution_mean_coherent_v1",phase8_role_aware_pmf_cal_v1+monotone_inactive_global_v1,phase8_pmf_cal,starter,derived_from_projected_minutes,29.5905,32.708,0.05,14.3908,14.3908,14,14,0.0,1.0,0.9998,0.9993,0.9984,0.9972,0.995,0.9907,0.9825,0.9676,0.9419,0.9009,0.8379,0.7488,0.6276,0.4846,0.3434,0.232,0.1503,0.0913,0.0497,0.232,331.0,-331.0,-0.2138,morning,2026-05-30T16:51:22Z,494a3e93#phase10c,51235cba-0b50-441b-a7aa-b0e5bef2d559,ok,0.0,high,full,current_phase8,fallback_used,projected,derived_from_projected_minutes,bdl_plus_nba_official,2026-05-30T16:50:26Z,projected,not_available_yet,bdl_lineup_freshness_manifest,market_offered
Victor Wembanyama,56677822,SAS,OKC,False,21713534,ra,15.5,15.5,bovada,-125,-105,0.5203,"stat_grid:component_convolution_mean_coherent_v1+components[reb:pmf_sim_v1+role_aware_pmf_cal_v1:starter+monotone_pit_cdf_v1,ast:pmf_sim_v1+role_aware_pmf_cal_v1:starter+monotone_pit_cdf_v1]+prior_combo[joint_sampler_v1+joint_combo_pmf_v1+role_aware_pmf_cal_v1:starter+monotone_pit_cdf_v1]+stat_grid_final_component_convolution_mean_coherent_v1",phase8_role_aware_pmf_cal_v1+monotone_inactive_global_v1,phase8_pmf_cal,starter,derived_from_projected_minutes,29.5905,32.708,0.05,14.3908,14.3908,14,14,0.0,1.0,0.9998,0.9993,0.9984,0.9972,0.995,0.9907,0.9825,0.9676,0.9419,0.9009,0.8379,0.7488,0.6276,0.4846,0.3434,0.232,0.1503,0.0913,0.0497,0.3434,191.0,-191.0,-0.1769,morning,2026-05-30T16:51:22Z,494a3e93#phase10c,51235cba-0b50-441b-a7aa-b0e5bef2d559,ok,0.0,high,full,current_phase8,fallback_used,projected,derived_from_projected_minutes,bdl_plus_nba_official,2026-05-30T16:50:26Z,projected,not_available_yet,bdl_lineup_freshness_manifest,market_offered
Victor Wembanyama,56677822,SAS,OKC,False,21713534,ra,14.5,14.5,bovada,-180,135,0.6017,"stat_grid:component_convolution_mean_coherent_v1+components[reb:pmf_sim_v1+role_aware_pmf_cal_v1:starter+monotone_pit_cdf_v1,ast:pmf_sim_v1+role_aware_pmf_cal_v1:starter+monotone_pit_cdf_v1]+prior_combo[joint_sampler_v1+joint_combo_pmf_v1+role_aware_pmf_cal_v1:starter+monotone_pit_cdf_v1]+stat_grid_final_component_convolution_mean_coherent_v1",phase8_role_aware_pmf_cal_v1+monotone_inactive_global_v1,phase8_pmf_cal,starter,derived_from_projected_minutes,29.5905,32.708,0.05,14.3908,14.3908,14,14,0.0,1.0,0.9998,0.9993,0.9984,0.9972,0.995,0.9907,0.9825,0.9676,0.9419,0.9009,0.8379,0.7488,0.6276,0.4846,0.3434,0.232,0.1503,0.0913,0.0497,0.4846,106.0,-106.0,-0.1171,morning,2026-05-30T16:51:22Z,494a3e93#phase10c,51235cba-0b50-441b-a7aa-b0e5bef2d559,ok,0.0,high,full,current_phase8,fallback_used,projected,derived_from_projected_minutes,bdl_plus_nba_official,2026-05-30T16:50:26Z,projected,not_available_yet,bdl_lineup_freshness_manifest,market_offered
Victor Wembanyama,56677822,SAS,OKC,False,21713534,ra,15.5,15.5,hardrockbet,-130,100,0.5306,"stat_grid:component_convolution_mean_coherent_v1+components[reb:pmf_sim_v1+role_aware_pmf_cal_v1:starter+monotone_pit_cdf_v1,ast:pmf_sim_v1+role_aware_pmf_cal_v1:starter+monotone_pit_cdf_v1]+prior_combo[joint_sampler_v1+joint_combo_pmf_v1+role_aware_pmf_cal_v1:starter+monotone_pit_cdf_v1]+stat_grid_final_component_convolution_mean_coherent_v1",phase8_role_aware_pmf_cal_v1+monotone_inactive_global_v1,phase8_pmf_cal,starter,derived_from_projected_minutes,29.5905,32.708,0.05,14.3908,14.3908,14,14,0.0,1.0,0.9998,0.9993,0.9984,0.9972,0.995,0.9907,0.9825,0.9676,0.9419,0.9009,0.8379,0.7488,0.6276,0.4846,0.3434,0.232,0.1503,0.0913,0.0497,0.3434,191.0,-191.0,-0.1872,morning,2026-05-30T16:51:22Z,494a3e93#phase10c,51235cba-0b50-441b-a7aa-b0e5bef2d559,ok,0.0,high,full,current_phase8,fallback_used,projected,derived_from_projected_minutes,bdl_plus_nba_official,2026-05-30T16:50:26Z,projected,not_available_yet,bdl_lineup_freshness_manifest,market_offered
Victor Wembanyama,56677822,SAS,OKC,False,21713534,ra,15.5,15.5,hardrockbet_fl,-130,100,0.5306,"stat_grid:component_convolution_mean_coherent_v1+components[reb:pmf_sim_v1+role_aware_pmf_cal_v1:starter+monotone_pit_cdf_v1,ast:pmf_sim_v1+role_aware_pmf_cal_v1:starter+monotone_pit_cdf_v1]+prior_combo[joint_sampler_v1+joint_combo_pmf_v1+role_aware_pmf_cal_v1:starter+monotone_pit_cdf_v1]+stat_grid_final_component_convolution_mean_coherent_v1",phase8_role_aware_pmf_cal_v1+monotone_inactive_global_v1,phase8_pmf_cal,starter,derived_from_projected_minutes,29.5905,32.708,0.05,14.3908,14.3908,14,14,0.0,1.0,0.9998,0.9993,0.9984,0.9972,0.995,0.9907,0.9825,0.9676,0.9419,0.9009,0.8379,0.7488,0.6276,0.4846,0.3434,0.232,0.1503,0.0913,0.0497,0.3434,191.0,-191.0,-0.1872,morning,2026-05-30T16:51:22Z,494a3e93#phase10c,51235cba-0b50-441b-a7aa-b0e5bef2d559,ok,0.0,high,full,current_phase8,fallback_used,projected,derived_from_projected_minutes,bdl_plus_nba_official,2026-05-30T16:50:26Z,projected,not_available_yet,bdl_lineup_freshness_manifest,market_offered
Victor Wembanyama,56677822,SAS,OKC,False,21713534,ra,15.5,15.5,hardrockbet_az,-130,100,0.5306,"stat_grid:component_convolution_mean_coherent_v1+components[reb:pmf_sim_v1+role_aware_pmf_cal_v1:starter+monotone_pit_cdf_v1,ast:pmf_sim_v1+role_aware_pmf_cal_v1:starter+monotone_pit_cdf_v1]+prior_combo[joint_sampler_v1+joint_combo_pmf_v1+role_aware_pmf_cal_v1:starter+monotone_pit_cdf_v1]+stat_grid_final_component_convolution_mean_coherent_v1",phase8_role_aware_pmf_cal_v1+monotone_inactive_global_v1,phase8_pmf_cal,starter,derived_from_projected_minutes,29.5905,32.708,0.05,14.3908,14.3908,14,14,0.0,1.0,0.9998,0.9993,0.9984,0.9972,0.995,0.9907,0.9825,0.9676,0.9419,0.9009,0.8379,0.7488,0.6276,0.4846,0.3434,0.232,0.1503,0.0913,0.0497,0.3434,191.0,-191.0,-0.1872,morning,2026-05-30T16:51:22Z,494a3e93#phase10c,51235cba-0b50-441b-a7aa-b0e5bef2d559,ok,0.0,high,full,current_phase8,fallback_used,projected,derived_from_projected_minutes,bdl_plus_nba_official,2026-05-30T16:50:26Z,projected,not_available_yet,bdl_lineup_freshness_manifest,market_offered
Victor Wembanyama,56677822,SAS,OKC,False,21713534,ra,15.5,15.5,fliff,-135,-110,0.5231,"stat_grid:component_convolution_mean_coherent_v1+components[reb:pmf_sim_v1+role_aware_pmf_cal_v1:starter+monotone_pit_cdf_v1,ast:pmf_sim_v1+role_aware_pmf_cal_v1:starter+monotone_pit_cdf_v1]+prior_combo[joint_sampler_v1+joint_combo_pmf_v1+role_aware_pmf_cal_v1:starter+monotone_pit_cdf_v1]+stat_grid_final_component_convolution_mean_coherent_v1",phase8_role_aware_pmf_cal_v1+monotone_inactive_global_v1,phase8_pmf_cal,starter,derived_from_projected_minutes,29.5905,32.708,0.05,14.3908,14.3908,14,14,0.0,1.0,0.9998,0.9993,0.9984,0.9972,0.995,0.9907,0.9825,0.9676,0.9419,0.9009,0.8379,0.7488,0.6276,0.4846,0.3434,0.232,0.1503,0.0913,0.0497,0.3434,191.0,-191.0,-0.1797,morning,2026-05-30T16:51:22Z,494a3e93#phase10c,51235cba-0b50-441b-a7aa-b0e5bef2d559,ok,0.0,high,full,current_phase8,fallback_used,projected,derived_from_projected_minutes,bdl_plus_nba_official,2026-05-30T16:50:26Z,projected,not_available_yet,bdl_lineup_freshness_manifest,market_offered
Victor Wembanyama,56677822,SAS,OKC,False,21713534,ra,15.5,15.5,espnbet,-125,-105,0.5203,"stat_grid:component_convolution_mean_coherent_v1+components[reb:pmf_sim_v1+role_aware_pmf_cal_v1:starter+monotone_pit_cdf_v1,ast:pmf_sim_v1+role_aware_pmf_cal_v1:starter+monotone_pit_cdf_v1]+prior_combo[joint_sampler_v1+joint_combo_pmf_v1+role_aware_pmf_cal_v1:starter+monotone_pit_cdf_v1]+stat_grid_final_component_convolution_mean_coherent_v1",phase8_role_aware_pmf_cal_v1+monotone_inactive_global_v1,phase8_pmf_cal,starter,derived_from_projected_minutes,29.5905,32.708,0.05,14.3908,14.3908,14,14,0.0,1.0,0.9998,0.9993,0.9984,0.9972,0.995,0.9907,0.9825,0.9676,0.9419,0.9009,0.8379,0.7488,0.6276,0.4846,0.3434,0.232,0.1503,0.0913,0.0497,0.3434,191.0,-191.0,-0.1769,morning,2026-05-30T16:51:22Z,494a3e93#phase10c,51235cba-0b50-441b-a7aa-b0e5bef2d559,ok,0.0,high,full,current_phase8,fallback_used,projected,derived_from_projected_minutes,bdl_plus_nba_official,2026-05-30T16:50:26Z,projected,not_available_yet,bdl_lineup_freshness_manifest,market_offered
Victor Wembanyama,56677822,SAS,OKC,False,21713534,pra,42.5,42.5,fanduel,-106,-122,0.4836,"stat_grid:component_convolution_mean_coherent_v1+components[pts:pmf_sim_v1+role_aware_pmf_cal_v1:starter+monotone_pit_cdf_v1,reb:pmf_sim_v1+role_aware_pmf_cal_v1:starter+monotone_pit_cdf_v1,ast:pmf_sim_v1+role_aware_pmf_cal_v1:starter+monotone_pit_cdf_v1]+prior_combo[joint_sampler_v1+joint_combo_pmf_v1+role_aware_pmf_cal_v1:starter+monotone_pit_cdf_v1]+stat_grid_final_component_convolution_mean_coherent_v1",phase8_role_aware_pmf_cal_v1+monotone_inactive_global_v1,phase8_pmf_cal,starter,derived_from_projected_minutes,29.5905,32.708,0.05,38.6323,38.6323,39,39,0.0,1.0,1.0,1.0,1.0,1.0,1.0,1.0,1.0,1.0,0.9999,0.9999,0.9998,0.9996,0.9993,0.9989,0.9984,0.9976,0.9965,0.995,0.9929,0.2999,233.0,-233.0,-0.1836,morning,2026-05-30T16:51:22Z,494a3e93#phase10c,51235cba-0b50-441b-a7aa-b0e5bef2d559,ok,0.0,high,full,current_phase8,fallback_used,projected,derived_from_projected_minutes,bdl_plus_nba_official,2026-05-30T16:50:26Z,projected,not_available_yet,bdl_lineup_freshness_manifest,market_offered
Victor Wembanyama,56677822,SAS,OKC,False,21713534,pra,41.5,41.5,betmgm,-120,-110,0.5101,"stat_grid:component_convolution_mean_coherent_v1+components[pts:pmf_sim_v1+role_aware_pmf_cal_v1:starter+monotone_pit_cdf_v1,reb:pmf_sim_v1+role_aware_pmf_cal_v1:starter+monotone_pit_cdf_v1,ast:pmf_sim_v1+role_aware_pmf_cal_v1:starter+monotone_pit_cdf_v1]+prior_combo[joint_sampler_v1+joint_combo_pmf_v1+role_aware_pmf_cal_v1:starter+monotone_pit_cdf_v1]+stat_grid_final_component_convolution_mean_coherent_v1",phase8_role_aware_pmf_cal_v1+monotone_inactive_global_v1,phase8_pmf_cal,starter,derived_from_projected_minutes,29.5905,32.708,0.05,38.6323,38.6323,39,39,0.0,1.0,1.0,1.0,1.0,1.0,1.0,1.0,1.0,1.0,0.9999,0.9999,0.9998,0.9996,0.9993,0.9989,0.9984,0.9976,0.9965,0.995,0.9929,0.3465,189.0,-189.0,-0.1637,morning,2026-05-30T16:51:22Z,494a3e93#phase10c,51235cba-0b50-441b-a7aa-b0e5bef2d559,ok,0.0,high,full,current_phase8,fallback_used,projected,derived_from_projected_minutes,bdl_plus_nba_official,2026-05-30T16:50:26Z,projected,not_available_yet,bdl_lineup_freshness_manifest,market_offered
Victor Wembanyama,56677822,SAS,OKC,False,21713534,pra,43.5,43.5,betrivers,105,-143,0.4532,"stat_grid:component_convolution_mean_coherent_v1+components[pts:pmf_sim_v1+role_aware_pmf_cal_v1:starter+monotone_pit_cdf_v1,reb:pmf_sim_v1+role_aware_pmf_cal_v1:starter+monotone_pit_cdf_v1,ast:pmf_sim_v1+role_aware_pmf_cal_v1:starter+monotone_pit_cdf_v1]+prior_combo[joint_sampler_v1+joint_combo_pmf_v1+role_aware_pmf_cal_v1:starter+monotone_pit_cdf_v1]+stat_grid_final_component_convolution_mean_coherent_v1",phase8_role_aware_pmf_cal_v1+monotone_inactive_global_v1,phase8_pmf_cal,starter,derived_from_projected_minutes,29.5905,32.708,0.05,38.6323,38.6323,39,39,0.0,1.0,1.0,1.0,1.0,1.0,1.0,1.0,1.0,1.0,0.9999,0.9999,0.9998,0.9996,0.9993,0.9989,0.9984,0.9976,0.9965,0.995,0.9929,0.2569,289.0,-289.0,-0.1963,morning,2026-05-30T16:51:22Z,494a3e93#phase10c,51235cba-0b50-441b-a7aa-b0e5bef2d559,ok,0.0,high,full,current_phase8,fallback_used,projected,derived_from_projected_minutes,bdl_plus_nba_official,2026-05-30T16:50:26Z,projected,not_available_yet,bdl_lineup_freshness_manifest,market_offered
Victor Wembanyama,56677822,SAS,OKC,False,21713534,pra,41.5,41.5,betrivers,-134,100,0.5339,"stat_grid:component_convolution_mean_coherent_v1+components[pts:pmf_sim_v1+role_aware_pmf_cal_v1:starter+monotone_pit_cdf_v1,reb:pmf_sim_v1+role_aware_pmf_cal_v1:starter+monotone_pit_cdf_v1,ast:pmf_sim_v1+role_aware_pmf_cal_v1:starter+monotone_pit_cdf_v1]+prior_combo[joint_sampler_v1+joint_combo_pmf_v1+role_aware_pmf_cal_v1:starter+monotone_pit_cdf_v1]+stat_grid_final_component_convolution_mean_coherent_v1",phase8_role_aware_pmf_cal_v1+monotone_inactive_global_v1,phase8_pmf_cal,starter,derived_from_projected_minutes,29.5905,32.708,0.05,38.6323,38.6323,39,39,0.0,1.0,1.0,1.0,1.0,1.0,1.0,1.0,1.0,1.0,0.9999,0.9999,0.9998,0.9996,0.9993,0.9989,0.9984,0.9976,0.9965,0.995,0.9929,0.3465,189.0,-189.0,-0.1874,morning,2026-05-30T16:51:22Z,494a3e93#phase10c,51235cba-0b50-441b-a7aa-b0e5bef2d559,ok,0.0,high,full,current_phase8,fallback_used,projected,derived_from_projected_minutes,bdl_plus_nba_official,2026-05-30T16:50:26Z,projected,not_available_yet,bdl_lineup_freshness_manifest,market_offered
Victor Wembanyama,56677822,SAS,OKC,False,21713534,pra,40.5,40.5,betrivers,-165,118,0.5758,"stat_grid:component_convolution_mean_coherent_v1+components[pts:pmf_sim_v1+role_aware_pmf_cal_v1:starter+monotone_pit_cdf_v1,reb:pmf_sim_v1+role_aware_pmf_cal_v1:starter+monotone_pit_cdf_v1,ast:pmf_sim_v1+role_aware_pmf_cal_v1:starter+monotone_pit_cdf_v1]+prior_combo[joint_sampler_v1+joint_combo_pmf_v1+role_aware_pmf_cal_v1:starter+monotone_pit_cdf_v1]+stat_grid_final_component_convolution_mean_coherent_v1",phase8_role_aware_pmf_cal_v1+monotone_inactive_global_v1,phase8_pmf_cal,starter,derived_from_projected_minutes,29.5905,32.708,0.05,38.6323,38.6323,39,39,0.0,1.0,1.0,1.0,1.0,1.0,1.0,1.0,1.0,1.0,0.9999,0.9999,0.9998,0.9996,0.9993,0.9989,0.9984,0.9976,0.9965,0.995,0.9929,0.3962,152.0,-152.0,-0.1796,morning,2026-05-30T16:51:22Z,494a3e93#phase10c,51235cba-0b50-441b-a7aa-b0e5bef2d559,ok,0.0,high,full,current_phase8,fallback_used,projected,derived_from_projected_minutes,bdl_plus_nba_official,2026-05-30T16:50:26Z,projected,not_available_yet,bdl_lineup_freshness_manifest,market_offered
Victor Wembanyama,56677822,SAS,OKC,False,21713534,pra,42.5,42.5,betrivers,-113,-120,0.4931,"stat_grid:component_convolution_mean_coherent_v1+components[pts:pmf_sim_v1+role_aware_pmf_cal_v1:starter+monotone_pit_cdf_v1,reb:pmf_sim_v1+role_aware_pmf_cal_v1:starter+monotone_pit_cdf_v1,ast:pmf_sim_v1+role_aware_pmf_cal_v1:starter+monotone_pit_cdf_v1]+prior_combo[joint_sampler_v1+joint_combo_pmf_v1+role_aware_pmf_cal_v1:starter+monotone_pit_cdf_v1]+stat_grid_final_component_convolution_mean_coherent_v1",phase8_role_aware_pmf_cal_v1+monotone_inactive_global_v1,phase8_pmf_cal,starter,derived_from_projected_minutes,29.5905,32.708,0.05,38.6323,38.6323,39,39,0.0,1.0,1.0,1.0,1.0,1.0,1.0,1.0,1.0,1.0,0.9999,0.9999,0.9998,0.9996,0.9993,0.9989,0.9984,0.9976,0.9965,0.995,0.9929,0.2999,233.0,-233.0,-0.1931,morning,2026-05-30T16:51:22Z,494a3e93#phase10c,51235cba-0b50-441b-a7aa-b0e5bef2d559,ok,0.0,high,full,current_phase8,fallback_used,projected,derived_from_projected_minutes,bdl_plus_nba_official,2026-05-30T16:50:26Z,projected,not_available_yet,bdl_lineup_freshness_manifest,market_offered
Victor Wembanyama,56677822,SAS,OKC,False,21713534,pra,41.5,41.5,draftkings,-124,-106,0.5183,"stat_grid:component_convolution_mean_coherent_v1+components[pts:pmf_sim_v1+role_aware_pmf_cal_v1:starter+monotone_pit_cdf_v1,reb:pmf_sim_v1+role_aware_pmf_cal_v1:starter+monotone_pit_cdf_v1,ast:pmf_sim_v1+role_aware_pmf_cal_v1:starter+monotone_pit_cdf_v1]+prior_combo[joint_sampler_v1+joint_combo_pmf_v1+role_aware_pmf_cal_v1:starter+monotone_pit_cdf_v1]+stat_grid_final_component_convolution_mean_coherent_v1",phase8_role_aware_pmf_cal_v1+monotone_inactive_global_v1,phase8_pmf_cal,starter,derived_from_projected_minutes,29.5905,32.708,0.05,38.6323,38.6323,39,39,0.0,1.0,1.0,1.0,1.0,1.0,1.0,1.0,1.0,1.0,0.9999,0.9999,0.9998,0.9996,0.9993,0.9989,0.9984,0.9976,0.9965,0.995,0.9929,0.3465,189.0,-189.0,-0.1718,morning,2026-05-30T16:51:22Z,494a3e93#phase10c,51235cba-0b50-441b-a7aa-b0e5bef2d559,ok,0.0,high,full,current_phase8,fallback_used,projected,derived_from_projected_minutes,bdl_plus_nba_official,2026-05-30T16:50:26Z,projected,not_available_yet,bdl_lineup_freshness_manifest,market_offered
Victor Wembanyama,56677822,SAS,OKC,False,21713534,pra,43.5,43.5,bovada,110,-145,0.4459,"stat_grid:component_convolution_mean_coherent_v1+components[pts:pmf_sim_v1+role_aware_pmf_cal_v1:starter+monotone_pit_cdf_v1,reb:pmf_sim_v1+role_aware_pmf_cal_v1:starter+monotone_pit_cdf_v1,ast:pmf_sim_v1+role_aware_pmf_cal_v1:starter+monotone_pit_cdf_v1]+prior_combo[joint_sampler_v1+joint_combo_pmf_v1+role_aware_pmf_cal_v1:starter+monotone_pit_cdf_v1]+stat_grid_final_component_convolution_mean_coherent_v1",phase8_role_aware_pmf_cal_v1+monotone_inactive_global_v1,phase8_pmf_cal,starter,derived_from_projected_minutes,29.5905,32.708,0.05,38.6323,38.6323,39,39,0.0,1.0,1.0,1.0,1.0,1.0,1.0,1.0,1.0,1.0,0.9999,0.9999,0.9998,0.9996,0.9993,0.9989,0.9984,0.9976,0.9965,0.995,0.9929,0.2569,289.0,-289.0,-0.189,morning,2026-05-30T16:51:22Z,494a3e93#phase10c,51235cba-0b50-441b-a7aa-b0e5bef2d559,ok,0.0,high,full,current_phase8,fallback_used,projected,derived_from_projected_minutes,bdl_plus_nba_official,2026-05-30T16:50:26Z,projected,not_available_yet,bdl_lineup_freshness_manifest,market_offered
Victor Wembanyama,56677822,SAS,OKC,False,21713534,pra,42.5,42.5,bovada,-110,-120,0.4899,"stat_grid:component_convolution_mean_coherent_v1+components[pts:pmf_sim_v1+role_aware_pmf_cal_v1:starter+monotone_pit_cdf_v1,reb:pmf_sim_v1+role_aware_pmf_cal_v1:starter+monotone_pit_cdf_v1,ast:pmf_sim_v1+role_aware_pmf_cal_v1:starter+monotone_pit_cdf_v1]+prior_combo[joint_sampler_v1+joint_combo_pmf_v1+role_aware_pmf_cal_v1:starter+monotone_pit_cdf_v1]+stat_grid_final_component_convolution_mean_coherent_v1",phase8_role_aware_pmf_cal_v1+monotone_inactive_global_v1,phase8_pmf_cal,starter,derived_from_projected_minutes,29.5905,32.708,0.05,38.6323,38.6323,39,39,0.0,1.0,1.0,1.0,1.0,1.0,1.0,1.0,1.0,1.0,0.9999,0.9999,0.9998,0.9996,0.9993,0.9989,0.9984,0.9976,0.9965,0.995,0.9929,0.2999,233.0,-233.0,-0.19,morning,2026-05-30T16:51:22Z,494a3e93#phase10c,51235cba-0b50-441b-a7aa-b0e5bef2d559,ok,0.0,high,full,current_phase8,fallback_used,projected,derived_from_projected_minutes,bdl_plus_nba_official,2026-05-30T16:50:26Z,projected,not_available_yet,bdl_lineup_freshness_manifest,market_offered
Victor Wembanyama,56677822,SAS,OKC,False,21713534,pra,41.5,41.5,bovada,-125,-105,0.5203,"stat_grid:component_convolution_mean_coherent_v1+components[pts:pmf_sim_v1+role_aware_pmf_cal_v1:starter+monotone_pit_cdf_v1,reb:pmf_sim_v1+role_aware_pmf_cal_v1:starter+monotone_pit_cdf_v1,ast:pmf_sim_v1+role_aware_pmf_cal_v1:starter+monotone_pit_cdf_v1]+prior_combo[joint_sampler_v1+joint_combo_pmf_v1+role_aware_pmf_cal_v1:starter+monotone_pit_cdf_v1]+stat_grid_final_component_convolution_mean_coherent_v1",phase8_role_aware_pmf_cal_v1+monotone_inactive_global_v1,phase8_pmf_cal,starter,derived_from_projected_minutes,29.5905,32.708,0.05,38.6323,38.6323,39,39,0.0,1.0,1.0,1.0,1.0,1.0,1.0,1.0,1.0,1.0,0.9999,0.9999,0.9998,0.9996,0.9993,0.9989,0.9984,0.9976,0.9965,0.995,0.9929,0.3465,189.0,-189.0,-0.1738,morning,2026-05-30T16:51:22Z,494a3e93#phase10c,51235cba-0b50-441b-a7aa-b0e5bef2d559,ok,0.0,high,full,current_phase8,fallback_used,projected,derived_from_projected_minutes,bdl_plus_nba_official,2026-05-30T16:50:26Z,projected,not_available_yet,bdl_lineup_freshness_manifest,market_offered
Victor Wembanyama,56677822,SAS,OKC,False,21713534,pra,40.5,40.5,bovada,-145,110,0.5541,"stat_grid:component_convolution_mean_coherent_v1+components[pts:pmf_sim_v1+role_aware_pmf_cal_v1:starter+monotone_pit_cdf_v1,reb:pmf_sim_v1+role_aware_pmf_cal_v1:starter+monotone_pit_cdf_v1,ast:pmf_sim_v1+role_aware_pmf_cal_v1:starter+monotone_pit_cdf_v1]+prior_combo[joint_sampler_v1+joint_combo_pmf_v1+role_aware_pmf_cal_v1:starter+monotone_pit_cdf_v1]+stat_grid_final_component_convolution_mean_coherent_v1",phase8_role_aware_pmf_cal_v1+monotone_inactive_global_v1,phase8_pmf_cal,starter,derived_from_projected_minutes,29.5905,32.708,0.05,38.6323,38.6323,39,39,0.0,1.0,1.0,1.0,1.0,1.0,1.0,1.0,1.0,1.0,0.9999,0.9999,0.9998,0.9996,0.9993,0.9989,0.9984,0.9976,0.9965,0.995,0.9929,0.3962,152.0,-152.0,-0.1579,morning,2026-05-30T16:51:22Z,494a3e93#phase10c,51235cba-0b50-441b-a7aa-b0e5bef2d559,ok,0.0,high,full,current_phase8,fallback_used,projected,derived_from_projected_minutes,bdl_plus_nba_official,2026-05-30T16:50:26Z,projected,not_available_yet,bdl_lineup_freshness_manifest,market_offered
Victor Wembanyama,56677822,SAS,OKC,False,21713534,pra,39.5,39.5,bovada,-170,130,0.5915,"stat_grid:component_convolution_mean_coherent_v1+components[pts:pmf_sim_v1+role_aware_pmf_cal_v1:starter+monotone_pit_cdf_v1,reb:pmf_sim_v1+role_aware_pmf_cal_v1:starter+monotone_pit_cdf_v1,ast:pmf_sim_v1+role_aware_pmf_cal_v1:starter+monotone_pit_cdf_v1]+prior_combo[joint_sampler_v1+joint_combo_pmf_v1+role_aware_pmf_cal_v1:starter+monotone_pit_cdf_v1]+stat_grid_final_component_convolution_mean_coherent_v1",phase8_role_aware_pmf_cal_v1+monotone_inactive_global_v1,phase8_pmf_cal,starter,derived_from_projected_minutes,29.5905,32.708,0.05,38.6323,38.6323,39,39,0.0,1.0,1.0,1.0,1.0,1.0,1.0,1.0,1.0,1.0,0.9999,0.9999,0.9998,0.9996,0.9993,0.9989,0.9984,0.9976,0.9965,0.995,0.9929,0.4487,123.0,-123.0,-0.1428,morning,2026-05-30T16:51:22Z,494a3e93#phase10c,51235cba-0b50-441b-a7aa-b0e5bef2d559,ok,0.0,high,full,current_phase8,fallback_used,projected,derived_from_projected_minutes,bdl_plus_nba_official,2026-05-30T16:50:26Z,projected,not_available_yet,bdl_lineup_freshness_manifest,market_offered
Victor Wembanyama,56677822,SAS,OKC,False,21713534,pra,42.5,42.5,hardrockbet_az,-110,-120,0.4899,"stat_grid:component_convolution_mean_coherent_v1+components[pts:pmf_sim_v1+role_aware_pmf_cal_v1:starter+monotone_pit_cdf_v1,reb:pmf_sim_v1+role_aware_pmf_cal_v1:starter+monotone_pit_cdf_v1,ast:pmf_sim_v1+role_aware_pmf_cal_v1:starter+monotone_pit_cdf_v1]+prior_combo[joint_sampler_v1+joint_combo_pmf_v1+role_aware_pmf_cal_v1:starter+monotone_pit_cdf_v1]+stat_grid_final_component_convolution_mean_coherent_v1",phase8_role_aware_pmf_cal_v1+monotone_inactive_global_v1,phase8_pmf_cal,starter,derived_from_projected_minutes,29.5905,32.708,0.05,38.6323,38.6323,39,39,0.0,1.0,1.0,1.0,1.0,1.0,1.0,1.0,1.0,1.0,0.9999,0.9999,0.9998,0.9996,0.9993,0.9989,0.9984,0.9976,0.9965,0.995,0.9929,0.2999,233.0,-233.0,-0.19,morning,2026-05-30T16:51:22Z,494a3e93#phase10c,51235cba-0b50-441b-a7aa-b0e5bef2d559,ok,0.0,high,full,current_phase8,fallback_used,projected,derived_from_projected_minutes,bdl_plus_nba_official,2026-05-30T16:50:26Z,projected,not_available_yet,bdl_lineup_freshness_manifest,market_offered
Victor Wembanyama,56677822,SAS,OKC,False,21713534,pra,42.5,42.5,hardrockbet,-110,-120,0.4899,"stat_grid:component_convolution_mean_coherent_v1+components[pts:pmf_sim_v1+role_aware_pmf_cal_v1:starter+monotone_pit_cdf_v1,reb:pmf_sim_v1+role_aware_pmf_cal_v1:starter+monotone_pit_cdf_v1,ast:pmf_sim_v1+role_aware_pmf_cal_v1:starter+monotone_pit_cdf_v1]+prior_combo[joint_sampler_v1+joint_combo_pmf_v1+role_aware_pmf_cal_v1:starter+monotone_pit_cdf_v1]+stat_grid_final_component_convolution_mean_coherent_v1",phase8_role_aware_pmf_cal_v1+monotone_inactive_global_v1,phase8_pmf_cal,starter,derived_from_projected_minutes,29.5905,32.708,0.05,38.6323,38.6323,39,39,0.0,1.0,1.0,1.0,1.0,1.0,1.0,1.0,1.0,1.0,0.9999,0.9999,0.9998,0.9996,0.9993,0.9989,0.9984,0.9976,0.9965,0.995,0.9929,0.2999,233.0,-233.0,-0.19,morning,2026-05-30T16:51:22Z,494a3e93#phase10c,51235cba-0b50-441b-a7aa-b0e5bef2d559,ok,0.0,high,full,current_phase8,fallback_used,projected,derived_from_projected_minutes,bdl_plus_nba_official,2026-05-30T16:50:26Z,projected,not_available_yet,bdl_lineup_freshness_manifest,market_offered
Victor Wembanyama,56677822,SAS,OKC,False,21713534,pra,42.5,42.5,hardrockbet_fl,-110,-120,0.4899,"stat_grid:component_convolution_mean_coherent_v1+components[pts:pmf_sim_v1+role_aware_pmf_cal_v1:starter+monotone_pit_cdf_v1,reb:pmf_sim_v1+role_aware_pmf_cal_v1:starter+monotone_pit_cdf_v1,ast:pmf_sim_v1+role_aware_pmf_cal_v1:starter+monotone_pit_cdf_v1]+prior_combo[joint_sampler_v1+joint_combo_pmf_v1+role_aware_pmf_cal_v1:starter+monotone_pit_cdf_v1]+stat_grid_final_component_convolution_mean_coherent_v1",phase8_role_aware_pmf_cal_v1+monotone_inactive_global_v1,phase8_pmf_cal,starter,derived_from_projected_minutes,29.5905,32.708,0.05,38.6323,38.6323,39,39,0.0,1.0,1.0,1.0,1.0,1.0,1.0,1.0,1.0,1.0,0.9999,0.9999,0.9998,0.9996,0.9993,0.9989,0.9984,0.9976,0.9965,0.995,0.9929,0.2999,233.0,-233.0,-0.19,morning,2026-05-30T16:51:22Z,494a3e93#phase10c,51235cba-0b50-441b-a7aa-b0e5bef2d559,ok,0.0,high,full,current_phase8,fallback_used,projected,derived_from_projected_minutes,bdl_plus_nba_official,2026-05-30T16:50:26Z,projected,not_available_yet,bdl_lineup_freshness_manifest,market_offered
Victor Wembanyama,56677822,SAS,OKC,False,21713534,pra,41.5,41.5,espnbet,-125,-105,0.5203,"stat_grid:component_convolution_mean_coherent_v1+components[pts:pmf_sim_v1+role_aware_pmf_cal_v1:starter+monotone_pit_cdf_v1,reb:pmf_sim_v1+role_aware_pmf_cal_v1:starter+monotone_pit_cdf_v1,ast:pmf_sim_v1+role_aware_pmf_cal_v1:starter+monotone_pit_cdf_v1]+prior_combo[joint_sampler_v1+joint_combo_pmf_v1+role_aware_pmf_cal_v1:starter+monotone_pit_cdf_v1]+stat_grid_final_component_convolution_mean_coherent_v1",phase8_role_aware_pmf_cal_v1+monotone_inactive_global_v1,phase8_pmf_cal,starter,derived_from_projected_minutes,29.5905,32.708,0.05,38.6323,38.6323,39,39,0.0,1.0,1.0,1.0,1.0,1.0,1.0,1.0,1.0,1.0,0.9999,0.9999,0.9998,0.9996,0.9993,0.9989,0.9984,0.9976,0.9965,0.995,0.9929,0.3465,189.0,-189.0,-0.1738,morning,2026-05-30T16:51:22Z,494a3e93#phase10c,51235cba-0b50-441b-a7aa-b0e5bef2d559,ok,0.0,high,full,current_phase8,fallback_used,projected,derived_from_projected_minutes,bdl_plus_nba_official,2026-05-30T16:50:26Z,projected,not_available_yet,bdl_lineup_freshness_manifest,market_offered
Victor Wembanyama,56677822,SAS,OKC,False,21713534,pra,40.5,40.5,betparx,-165,118,0.5758,"stat_grid:component_convolution_mean_coherent_v1+components[pts:pmf_sim_v1+role_aware_pmf_cal_v1:starter+monotone_pit_cdf_v1,reb:pmf_sim_v1+role_aware_pmf_cal_v1:starter+monotone_pit_cdf_v1,ast:pmf_sim_v1+role_aware_pmf_cal_v1:starter+monotone_pit_cdf_v1]+prior_combo[joint_sampler_v1+joint_combo_pmf_v1+role_aware_pmf_cal_v1:starter+monotone_pit_cdf_v1]+stat_grid_final_component_convolution_mean_coherent_v1",phase8_role_aware_pmf_cal_v1+monotone_inactive_global_v1,phase8_pmf_cal,starter,derived_from_projected_minutes,29.5905,32.708,0.05,38.6323,38.6323,39,39,0.0,1.0,1.0,1.0,1.0,1.0,1.0,1.0,1.0,1.0,0.9999,0.9999,0.9998,0.9996,0.9993,0.9989,0.9984,0.9976,0.9965,0.995,0.9929,0.3962,152.0,-152.0,-0.1796,morning,2026-05-30T16:51:22Z,494a3e93#phase10c,51235cba-0b50-441b-a7aa-b0e5bef2d559,ok,0.0,high,full,current_phase8,fallback_used,projected,derived_from_projected_minutes,bdl_plus_nba_official,2026-05-30T16:50:26Z,projected,not_available_yet,bdl_lineup_freshness_manifest,market_offered
Victor Wembanyama,56677822,SAS,OKC,False,21713534,pra,43.5,43.5,betparx,107,-143,0.4508,"stat_grid:component_convolution_mean_coherent_v1+components[pts:pmf_sim_v1+role_aware_pmf_cal_v1:starter+monotone_pit_cdf_v1,reb:pmf_sim_v1+role_aware_pmf_cal_v1:starter+monotone_pit_cdf_v1,ast:pmf_sim_v1+role_aware_pmf_cal_v1:starter+monotone_pit_cdf_v1]+prior_combo[joint_sampler_v1+joint_combo_pmf_v1+role_aware_pmf_cal_v1:starter+monotone_pit_cdf_v1]+stat_grid_final_component_convolution_mean_coherent_v1",phase8_role_aware_pmf_cal_v1+monotone_inactive_global_v1,phase8_pmf_cal,starter,derived_from_projected_minutes,29.5905,32.708,0.05,38.6323,38.6323,39,39,0.0,1.0,1.0,1.0,1.0,1.0,1.0,1.0,1.0,1.0,0.9999,0.9999,0.9998,0.9996,0.9993,0.9989,0.9984,0.9976,0.9965,0.995,0.9929,0.2569,289.0,-289.0,-0.1939,morning,2026-05-30T16:51:22Z,494a3e93#phase10c,51235cba-0b50-441b-a7aa-b0e5bef2d559,ok,0.0,high,full,current_phase8,fallback_used,projected,derived_from_projected_minutes,bdl_plus_nba_official,2026-05-30T16:50:26Z,projected,not_available_yet,bdl_lineup_freshness_manifest,market_offered
Victor Wembanyama,56677822,SAS,OKC,False,21713534,pra,42.5,42.5,betparx,-112,-120,0.492,"stat_grid:component_convolution_mean_coherent_v1+components[pts:pmf_sim_v1+role_aware_pmf_cal_v1:starter+monotone_pit_cdf_v1,reb:pmf_sim_v1+role_aware_pmf_cal_v1:starter+monotone_pit_cdf_v1,ast:pmf_sim_v1+role_aware_pmf_cal_v1:starter+monotone_pit_cdf_v1]+prior_combo[joint_sampler_v1+joint_combo_pmf_v1+role_aware_pmf_cal_v1:starter+monotone_pit_cdf_v1]+stat_grid_final_component_convolution_mean_coherent_v1",phase8_role_aware_pmf_cal_v1+monotone_inactive_global_v1,phase8_pmf_cal,starter,derived_from_projected_minutes,29.5905,32.708,0.05,38.6323,38.6323,39,39,0.0,1.0,1.0,1.0,1.0,1.0,1.0,1.0,1.0,1.0,0.9999,0.9999,0.9998,0.9996,0.9993,0.9989,0.9984,0.9976,0.9965,0.995,0.9929,0.2999,233.0,-233.0,-0.1921,morning,2026-05-30T16:51:22Z,494a3e93#phase10c,51235cba-0b50-441b-a7aa-b0e5bef2d559,ok,0.0,high,full,current_phase8,fallback_used,projected,derived_from_projected_minutes,bdl_plus_nba_official,2026-05-30T16:50:26Z,projected,not_available_yet,bdl_lineup_freshness_manifest,market_offered
Victor Wembanyama,56677822,SAS,OKC,False,21713534,pra,41.5,41.5,betparx,-134,100,0.5339,"stat_grid:component_convolution_mean_coherent_v1+components[pts:pmf_sim_v1+role_aware_pmf_cal_v1:starter+monotone_pit_cdf_v1,reb:pmf_sim_v1+role_aware_pmf_cal_v1:starter+monotone_pit_cdf_v1,ast:pmf_sim_v1+role_aware_pmf_cal_v1:starter+monotone_pit_cdf_v1]+prior_combo[joint_sampler_v1+joint_combo_pmf_v1+role_aware_pmf_cal_v1:starter+monotone_pit_cdf_v1]+stat_grid_final_component_convolution_mean_coherent_v1",phase8_role_aware_pmf_cal_v1+monotone_inactive_global_v1,phase8_pmf_cal,starter,derived_from_projected_minutes,29.5905,32.708,0.05,38.6323,38.6323,39,39,0.0,1.0,1.0,1.0,1.0,1.0,1.0,1.0,1.0,1.0,0.9999,0.9999,0.9998,0.9996,0.9993,0.9989,0.9984,0.9976,0.9965,0.995,0.9929,0.3465,189.0,-189.0,-0.1874,morning,2026-05-30T16:51:22Z,494a3e93#phase10c,51235cba-0b50-441b-a7aa-b0e5bef2d559,ok,0.0,high,full,current_phase8,fallback_used,projected,derived_from_projected_minutes,bdl_plus_nba_official,2026-05-30T16:50:26Z,projected,not_available_yet,bdl_lineup_freshness_manifest,market_offered
Victor Wembanyama,56677822,SAS,OKC,False,21713534,pra,42.5,42.5,fliff,-115,-125,0.4905,"stat_grid:component_convolution_mean_coherent_v1+components[pts:pmf_sim_v1+role_aware_pmf_cal_v1:starter+monotone_pit_cdf_v1,reb:pmf_sim_v1+role_aware_pmf_cal_v1:starter+monotone_pit_cdf_v1,ast:pmf_sim_v1+role_aware_pmf_cal_v1:starter+monotone_pit_cdf_v1]+prior_combo[joint_sampler_v1+joint_combo_pmf_v1+role_aware_pmf_cal_v1:starter+monotone_pit_cdf_v1]+stat_grid_final_component_convolution_mean_coherent_v1",phase8_role_aware_pmf_cal_v1+monotone_inactive_global_v1,phase8_pmf_cal,starter,derived_from_projected_minutes,29.5905,32.708,0.05,38.6323,38.6323,39,39,0.0,1.0,1.0,1.0,1.0,1.0,1.0,1.0,1.0,1.0,0.9999,0.9999,0.9998,0.9996,0.9993,0.9989,0.9984,0.9976,0.9965,0.995,0.9929,0.2999,233.0,-233.0,-0.1906,morning,2026-05-30T16:51:22Z,494a3e93#phase10c,51235cba-0b50-441b-a7aa-b0e5bef2d559,ok,0.0,high,full,current_phase8,fallback_used,projected,derived_from_projected_minutes,bdl_plus_nba_official,2026-05-30T16:50:26Z,projected,not_available_yet,bdl_lineup_freshness_manifest,market_offered
Cason Wallace,56677833,OKC,SAS,True,21713534,pts,12.5,12.5,fanduel,260,-380,0.2597,stat_grid:pmf_sim_v1+role_aware_pmf_cal_v1:rotation+monotone_pit_cdf_v1,phase8_role_aware_pmf_cal_v1+monotone_inactive_global_v1,role_aware_pmf_cal_v1,rotation,derived_from_projected_minutes,22.4658,22.0404,0.05,8.1448,8.1448,8,8,0.056,0.944,0.9047,0.8623,0.7989,0.7378,0.6679,0.595,0.5196,0.4347,0.3674,0.2987,0.2448,0.1933,0.1513,0.1103,0.0893,0.0606,0.0468,0.0307,0.0232,0.1933,417.0,-417.0,-0.0664,morning,2026-05-30T16:51:22Z,494a3e93#phase10c,51235cba-0b50-441b-a7aa-b0e5bef2d559,ok,0.0,high,full,current_phase8,fallback_used,projected,derived_from_projected_minutes,bdl_plus_nba_official,2026-05-30T16:50:26Z,projected,not_available_yet,bdl_lineup_freshness_manifest,market_offered
Cason Wallace,56677833,OKC,SAS,True,21713534,pts,11.5,11.5,fanduel,194,-270,0.3179,stat_grid:pmf_sim_v1+role_aware_pmf_cal_v1:rotation+monotone_pit_cdf_v1,phase8_role_aware_pmf_cal_v1+monotone_inactive_global_v1,role_aware_pmf_cal_v1,rotation,derived_from_projected_minutes,22.4658,22.0404,0.05,8.1448,8.1448,8,8,0.056,0.944,0.9047,0.8623,0.7989,0.7378,0.6679,0.595,0.5196,0.4347,0.3674,0.2987,0.2448,0.1933,0.1513,0.1103,0.0893,0.0606,0.0468,0.0307,0.0232,0.2448,309.0,-309.0,-0.0732,morning,2026-05-30T16:51:22Z,494a3e93#phase10c,51235cba-0b50-441b-a7aa-b0e5bef2d559,ok,0.0,high,full,current_phase8,fallback_used,projected,derived_from_projected_minutes,bdl_plus_nba_official,2026-05-30T16:50:26Z,projected,not_available_yet,bdl_lineup_freshness_manifest,market_offered
Cason Wallace,56677833,OKC,SAS,True,21713534,pts,10.5,10.5,fanduel,148,-200,0.3769,stat_grid:pmf_sim_v1+role_aware_pmf_cal_v1:rotation+monotone_pit_cdf_v1,phase8_role_aware_pmf_cal_v1+monotone_inactive_global_v1,role_aware_pmf_cal_v1,rotation,derived_from_projected_minutes,22.4658,22.0404,0.05,8.1448,8.1448,8,8,0.056,0.944,0.9047,0.8623,0.7989,0.7378,0.6679,0.595,0.5196,0.4347,0.3674,0.2987,0.2448,0.1933,0.1513,0.1103,0.0893,0.0606,0.0468,0.0307,0.0232,0.2987,235.0,-235.0,-0.0782,morning,2026-05-30T16:51:22Z,494a3e93#phase10c,51235cba-0b50-441b-a7aa-b0e5bef2d559,ok,0.0,high,full,current_phase8,fallback_used,projected,derived_from_projected_minutes,bdl_plus_nba_official,2026-05-30T16:50:26Z,projected,not_available_yet,bdl_lineup_freshness_manifest,market_offered
Cason Wallace,56677833,OKC,SAS,True,21713534,pts,9.5,9.5,fanduel,108,-140,0.4518,stat_grid:pmf_sim_v1+role_aware_pmf_cal_v1:rotation+monotone_pit_cdf_v1,phase8_role_aware_pmf_cal_v1+monotone_inactive_global_v1,role_aware_pmf_cal_v1,rotation,derived_from_projected_minutes,22.4658,22.0404,0.05,8.1448,8.1448,8,8,0.056,0.944,0.9047,0.8623,0.7989,0.7378,0.6679,0.595,0.5196,0.4347,0.3674,0.2987,0.2448,0.1933,0.1513,0.1103,0.0893,0.0606,0.0468,0.0307,0.0232,0.3674,172.0,-172.0,-0.0844,morning,2026-05-30T16:51:22Z,494a3e93#phase10c,51235cba-0b50-441b-a7aa-b0e5bef2d559,ok,0.0,high,full,current_phase8,fallback_used,projected,derived_from_projected_minutes,bdl_plus_nba_official,2026-05-30T16:50:26Z,projected,not_available_yet,bdl_lineup_freshness_manifest,market_offered
Cason Wallace,56677833,OKC,SAS,True,21713534,pts,8.5,8.5,fanduel,-132,100,0.5323,stat_grid:pmf_sim_v1+role_aware_pmf_cal_v1:rotation+monotone_pit_cdf_v1,phase8_role_aware_pmf_cal_v1+monotone_inactive_global_v1,role_aware_pmf_cal_v1,rotation,derived_from_projected_minutes,22.4658,22.0404,0.05,8.1448,8.1448,8,8,0.056,0.944,0.9047,0.8623,0.7989,0.7378,0.6679,0.595,0.5196,0.4347,0.3674,0.2987,0.2448,0.1933,0.1513,0.1103,0.0893,0.0606,0.0468,0.0307,0.0232,0.4347,130.0,-130.0,-0.0975,morning,2026-05-30T16:51:22Z,494a3e93#phase10c,51235cba-0b50-441b-a7aa-b0e5bef2d559,ok,0.0,high,full,current_phase8,fallback_used,projected,derived_from_projected_minutes,bdl_plus_nba_official,2026-05-30T16:50:26Z,projected,not_available_yet,bdl_lineup_freshness_manifest,market_offered
Cason Wallace,56677833,OKC,SAS,True,21713534,pts,7.5,7.5,fanduel,-192,142,0.6141,stat_grid:pmf_sim_v1+role_aware_pmf_cal_v1:rotation+monotone_pit_cdf_v1,phase8_role_aware_pmf_cal_v1+monotone_inactive_global_v1,role_aware_pmf_cal_v1,rotation,derived_from_projected_minutes,22.4658,22.0404,0.05,8.1448,8.1448,8,8,0.056,0.944,0.9047,0.8623,0.7989,0.7378,0.6679,0.595,0.5196,0.4347,0.3674,0.2987,0.2448,0.1933,0.1513,0.1103,0.0893,0.0606,0.0468,0.0307,0.0232,0.5196,-108.0,108.0,-0.0945,morning,2026-05-30T16:51:22Z,494a3e93#phase10c,51235cba-0b50-441b-a7aa-b0e5bef2d559,ok,0.0,high,full,current_phase8,fallback_used,projected,derived_from_projected_minutes,bdl_plus_nba_official,2026-05-30T16:50:26Z,projected,not_available_yet,bdl_lineup_freshness_manifest,market_offered
Cason Wallace,56677833,OKC,SAS,True,21713534,pts,6.5,6.5,fanduel,-275,198,0.6861,stat_grid:pmf_sim_v1+role_aware_pmf_cal_v1:rotation+monotone_pit_cdf_v1,phase8_role_aware_pmf_cal_v1+monotone_inactive_global_v1,role_aware_pmf_cal_v1,rotation,derived_from_projected_minutes,22.4658,22.0404,0.05,8.1448,8.1448,8,8,0.056,0.944,0.9047,0.8623,0.7989,0.7378,0.6679,0.595,0.5196,0.4347,0.3674,0.2987,0.2448,0.1933,0.1513,0.1103,0.0893,0.0606,0.0468,0.0307,0.0232,0.595,-147.0,147.0,-0.0911,morning,2026-05-30T16:51:22Z,494a3e93#phase10c,51235cba-0b50-441b-a7aa-b0e5bef2d559,ok,0.0,high,full,current_phase8,fallback_used,projected,derived_from_projected_minutes,bdl_plus_nba_official,2026-05-30T16:50:26Z,projected,not_available_yet,bdl_lineup_freshness_manifest,market_offered
Cason Wallace,56677833,OKC,SAS,True,21713534,pts,5.5,5.5,fanduel,-420,280,0.7543,stat_grid:pmf_sim_v1+role_aware_pmf_cal_v1:rotation+monotone_pit_cdf_v1,phase8_role_aware_pmf_cal_v1+monotone_inactive_global_v1,role_aware_pmf_cal_v1,rotation,derived_from_projected_minutes,22.4658,22.0404,0.05,8.1448,8.1448,8,8,0.056,0.944,0.9047,0.8623,0.7989,0.7378,0.6679,0.595,0.5196,0.4347,0.3674,0.2987,0.2448,0.1933,0.1513,0.1103,0.0893,0.0606,0.0468,0.0307,0.0232,0.6679,-201.0,201.0,-0.0863,morning,2026-05-30T16:51:22Z,494a3e93#phase10c,51235cba-0b50-441b-a7aa-b0e5bef2d559,ok,0.0,high,full,current_phase8,fallback_used,projected,derived_from_projected_minutes,bdl_plus_nba_official,2026-05-30T16:50:26Z,projected,not_available_yet,bdl_lineup_freshness_manifest,market_offered
Cason Wallace,56677833,OKC,SAS,True,21713534,pts,4.5,4.5,fanduel,-700,410,0.8169,stat_grid:pmf_sim_v1+role_aware_pmf_cal_v1:rotation+monotone_pit_cdf_v1,phase8_role_aware_pmf_cal_v1+monotone_inactive_global_v1,role_aware_pmf_cal_v1,rotation,derived_from_projected_minutes,22.4658,22.0404,0.05,8.1448,8.1448,8,8,0.056,0.944,0.9047,0.8623,0.7989,0.7378,0.6679,0.595,0.5196,0.4347,0.3674,0.2987,0.2448,0.1933,0.1513,0.1103,0.0893,0.0606,0.0468,0.0307,0.0232,0.7378,-281.0,281.0,-0.0791,morning,2026-05-30T16:51:22Z,494a3e93#phase10c,51235cba-0b50-441b-a7aa-b0e5bef2d559,ok,0.0,high,full,current_phase8,fallback_used,projected,derived_from_projected_minutes,bdl_plus_nba_official,2026-05-30T16:50:26Z,projected,not_available_yet,bdl_lineup_freshness_manifest,market_offered
Cason Wallace,56677833,OKC,SAS,True,21713534,pts,8.5,8.5,fanduel,-132,100,0.5323,stat_grid:pmf_sim_v1+role_aware_pmf_cal_v1:rotation+monotone_pit_cdf_v1,phase8_role_aware_pmf_cal_v1+monotone_inactive_global_v1,role_aware_pmf_cal_v1,rotation,derived_from_projected_minutes,22.4658,22.0404,0.05,8.1448,8.1448,8,8,0.056,0.944,0.9047,0.8623,0.7989,0.7378,0.6679,0.595,0.5196,0.4347,0.3674,0.2987,0.2448,0.1933,0.1513,0.1103,0.0893,0.0606,0.0468,0.0307,0.0232,0.4347,130.0,-130.0,-0.0975,morning,2026-05-30T16:51:22Z,494a3e93#phase10c,51235cba-0b50-441b-a7aa-b0e5bef2d559,ok,0.0,high,full,current_phase8,fallback_used,projected,derived_from_projected_minutes,bdl_plus_nba_official,2026-05-30T16:50:26Z,projected,not_available_yet,bdl_lineup_freshness_manifest,market_offered
Cason Wallace,56677833,OKC,SAS,True,21713534,pts,8.5,8.5,williamhill_us,-136,102,0.5379,stat_grid:pmf_sim_v1+role_aware_pmf_cal_v1:rotation+monotone_pit_cdf_v1,phase8_role_aware_pmf_cal_v1+monotone_inactive_global_v1,role_aware_pmf_cal_v1,rotation,derived_from_projected_minutes,22.4658,22.0404,0.05,8.1448,8.1448,8,8,0.056,0.944,0.9047,0.8623,0.7989,0.7378,0.6679,0.595,0.5196,0.4347,0.3674,0.2987,0.2448,0.1933,0.1513,0.1103,0.0893,0.0606,0.0468,0.0307,0.0232,0.4347,130.0,-130.0,-0.1032,morning,2026-05-30T16:51:22Z,494a3e93#phase10c,51235cba-0b50-441b-a7aa-b0e5bef2d559,ok,0.0,high,full,current_phase8,fallback_used,projected,derived_from_projected_minutes,bdl_plus_nba_official,2026-05-30T16:50:26Z,projected,not_available_yet,bdl_lineup_freshness_manifest,market_offered
Cason Wallace,56677833,OKC,SAS,True,21713534,pts,11.5,11.5,bovada,180,-245,0.3346,stat_grid:pmf_sim_v1+role_aware_pmf_cal_v1:rotation+monotone_pit_cdf_v1,phase8_role_aware_pmf_cal_v1+monotone_inactive_global_v1,role_aware_pmf_cal_v1,rotation,derived_from_projected_minutes,22.4658,22.0404,0.05,8.1448,8.1448,8,8,0.056,0.944,0.9047,0.8623,0.7989,0.7378,0.6679,0.595,0.5196,0.4347,0.3674,0.2987,0.2448,0.1933,0.1513,0.1103,0.0893,0.0606,0.0468,0.0307,0.0232,0.2448,309.0,-309.0,-0.0899,morning,2026-05-30T16:51:22Z,494a3e93#phase10c,51235cba-0b50-441b-a7aa-b0e5bef2d559,ok,0.0,high,full,current_phase8,fallback_used,projected,derived_from_projected_minutes,bdl_plus_nba_official,2026-05-30T16:50:26Z,projected,not_available_yet,bdl_lineup_freshness_manifest,market_offered
Cason Wallace,56677833,OKC,SAS,True,21713534,pts,10.5,10.5,bovada,135,-180,0.3983,stat_grid:pmf_sim_v1+role_aware_pmf_cal_v1:rotation+monotone_pit_cdf_v1,phase8_role_aware_pmf_cal_v1+monotone_inactive_global_v1,role_aware_pmf_cal_v1,rotation,derived_from_projected_minutes,22.4658,22.0404,0.05,8.1448,8.1448,8,8,0.056,0.944,0.9047,0.8623,0.7989,0.7378,0.6679,0.595,0.5196,0.4347,0.3674,0.2987,0.2448,0.1933,0.1513,0.1103,0.0893,0.0606,0.0468,0.0307,0.0232,0.2987,235.0,-235.0,-0.0996,morning,2026-05-30T16:51:22Z,494a3e93#phase10c,51235cba-0b50-441b-a7aa-b0e5bef2d559,ok,0.0,high,full,current_phase8,fallback_used,projected,derived_from_projected_minutes,bdl_plus_nba_official,2026-05-30T16:50:26Z,projected,not_available_yet,bdl_lineup_freshness_manifest,market_offered
Cason Wallace,56677833,OKC,SAS,True,21713534,pts,9.5,9.5,bovada,100,-130,0.4694,stat_grid:pmf_sim_v1+role_aware_pmf_cal_v1:rotation+monotone_pit_cdf_v1,phase8_role_aware_pmf_cal_v1+monotone_inactive_global_v1,role_aware_pmf_cal_v1,rotation,derived_from_projected_minutes,22.4658,22.0404,0.05,8.1448,8.1448,8,8,0.056,0.944,0.9047,0.8623,0.7989,0.7378,0.6679,0.595,0.5196,0.4347,0.3674,0.2987,0.2448,0.1933,0.1513,0.1103,0.0893,0.0606,0.0468,0.0307,0.0232,0.3674,172.0,-172.0,-0.102,morning,2026-05-30T16:51:22Z,494a3e93#phase10c,51235cba-0b50-441b-a7aa-b0e5bef2d559,ok,0.0,high,full,current_phase8,fallback_used,projected,derived_from_projected_minutes,bdl_plus_nba_official,2026-05-30T16:50:26Z,projected,not_available_yet,bdl_lineup_freshness_manifest,market_offered
Cason Wallace,56677833,OKC,SAS,True,21713534,pts,8.5,8.5,bovada,-135,105,0.5408,stat_grid:pmf_sim_v1+role_aware_pmf_cal_v1:rotation+monotone_pit_cdf_v1,phase8_role_aware_pmf_cal_v1+monotone_inactive_global_v1,role_aware_pmf_cal_v1,rotation,derived_from_projected_minutes,22.4658,22.0404,0.05,8.1448,8.1448,8,8,0.056,0.944,0.9047,0.8623,0.7989,0.7378,0.6679,0.595,0.5196,0.4347,0.3674,0.2987,0.2448,0.1933,0.1513,0.1103,0.0893,0.0606,0.0468,0.0307,0.0232,0.4347,130.0,-130.0,-0.1061,morning,2026-05-30T16:51:22Z,494a3e93#phase10c,51235cba-0b50-441b-a7aa-b0e5bef2d559,ok,0.0,high,full,current_phase8,fallback_used,projected,derived_from_projected_minutes,bdl_plus_nba_official,2026-05-30T16:50:26Z,projected,not_available_yet,bdl_lineup_freshness_manifest,market_offered
Cason Wallace,56677833,OKC,SAS,True,21713534,pts,7.5,7.5,bovada,-200,150,0.625,stat_grid:pmf_sim_v1+role_aware_pmf_cal_v1:rotation+monotone_pit_cdf_v1,phase8_role_aware_pmf_cal_v1+monotone_inactive_global_v1,role_aware_pmf_cal_v1,rotation,derived_from_projected_minutes,22.4658,22.0404,0.05,8.1448,8.1448,8,8,0.056,0.944,0.9047,0.8623,0.7989,0.7378,0.6679,0.595,0.5196,0.4347,0.3674,0.2987,0.2448,0.1933,0.1513,0.1103,0.0893,0.0606,0.0468,0.0307,0.0232,0.5196,-108.0,108.0,-0.1054,morning,2026-05-30T16:51:22Z,494a3e93#phase10c,51235cba-0b50-441b-a7aa-b0e5bef2d559,ok,0.0,high,full,current_phase8,fallback_used,projected,derived_from_projected_minutes,bdl_plus_nba_official,2026-05-30T16:50:26Z,projected,not_available_yet,bdl_lineup_freshness_manifest,market_offered
Cason Wallace,56677833,OKC,SAS,True,21713534,pts,6.5,6.5,bovada,-300,215,0.7026,stat_grid:pmf_sim_v1+role_aware_pmf_cal_v1:rotation+monotone_pit_cdf_v1,phase8_role_aware_pmf_cal_v1+monotone_inactive_global_v1,role_aware_pmf_cal_v1,rotation,derived_from_projected_minutes,22.4658,22.0404,0.05,8.1448,8.1448,8,8,0.056,0.944,0.9047,0.8623,0.7989,0.7378,0.6679,0.595,0.5196,0.4347,0.3674,0.2987,0.2448,0.1933,0.1513,0.1103,0.0893,0.0606,0.0468,0.0307,0.0232,0.595,-147.0,147.0,-0.1076,morning,2026-05-30T16:51:22Z,494a3e93#phase10c,51235cba-0b50-441b-a7aa-b0e5bef2d559,ok,0.0,high,full,current_phase8,fallback_used,projected,derived_from_projected_minutes,bdl_plus_nba_official,2026-05-30T16:50:26Z,projected,not_available_yet,bdl_lineup_freshness_manifest,market_offered
Cason Wallace,56677833,OKC,SAS,True,21713534,pts,8.5,8.5,betmgm,-125,-105,0.5203,stat_grid:pmf_sim_v1+role_aware_pmf_cal_v1:rotation+monotone_pit_cdf_v1,phase8_role_aware_pmf_cal_v1+monotone_inactive_global_v1,role_aware_pmf_cal_v1,rotation,derived_from_projected_minutes,22.4658,22.0404,0.05,8.1448,8.1448,8,8,0.056,0.944,0.9047,0.8623,0.7989,0.7378,0.6679,0.595,0.5196,0.4347,0.3674,0.2987,0.2448,0.1933,0.1513,0.1103,0.0893,0.0606,0.0468,0.0307,0.0232,0.4347,130.0,-130.0,-0.0856,morning,2026-05-30T16:51:22Z,494a3e93#phase10c,51235cba-0b50-441b-a7aa-b0e5bef2d559,ok,0.0,high,full,current_phase8,fallback_used,projected,derived_from_projected_minutes,bdl_plus_nba_official,2026-05-30T16:50:26Z,projected,not_available_yet,bdl_lineup_freshness_manifest,market_offered
Cason Wallace,56677833,OKC,SAS,True,21713534,pts,9.5,9.5,betrivers,-105,-130,0.4754,stat_grid:pmf_sim_v1+role_aware_pmf_cal_v1:rotation+monotone_pit_cdf_v1,phase8_role_aware_pmf_cal_v1+monotone_inactive_global_v1,role_aware_pmf_cal_v1,rotation,derived_from_projected_minutes,22.4658,22.0404,0.05,8.1448,8.1448,8,8,0.056,0.944,0.9047,0.8623,0.7989,0.7378,0.6679,0.595,0.5196,0.4347,0.3674,0.2987,0.2448,0.1933,0.1513,0.1103,0.0893,0.0606,0.0468,0.0307,0.0232,0.3674,172.0,-172.0,-0.108,morning,2026-05-30T16:51:22Z,494a3e93#phase10c,51235cba-0b50-441b-a7aa-b0e5bef2d559,ok,0.0,high,full,current_phase8,fallback_used,projected,derived_from_projected_minutes,bdl_plus_nba_official,2026-05-30T16:50:26Z,projected,not_available_yet,bdl_lineup_freshness_manifest,market_offered
Cason Wallace,56677833,OKC,SAS,True,21713534,pts,8.5,8.5,betrivers,-143,106,0.548,stat_grid:pmf_sim_v1+role_aware_pmf_cal_v1:rotation+monotone_pit_cdf_v1,phase8_role_aware_pmf_cal_v1+monotone_inactive_global_v1,role_aware_pmf_cal_v1,rotation,derived_from_projected_minutes,22.4658,22.0404,0.05,8.1448,8.1448,8,8,0.056,0.944,0.9047,0.8623,0.7989,0.7378,0.6679,0.595,0.5196,0.4347,0.3674,0.2987,0.2448,0.1933,0.1513,0.1103,0.0893,0.0606,0.0468,0.0307,0.0232,0.4347,130.0,-130.0,-0.1132,morning,2026-05-30T16:51:22Z,494a3e93#phase10c,51235cba-0b50-441b-a7aa-b0e5bef2d559,ok,0.0,high,full,current_phase8,fallback_used,projected,derived_from_projected_minutes,bdl_plus_nba_official,2026-05-30T16:50:26Z,projected,not_available_yet,bdl_lineup_freshness_manifest,market_offered
Cason Wallace,56677833,OKC,SAS,True,21713534,pts,9.5,9.5,draftkings,103,-131,0.4649,stat_grid:pmf_sim_v1+role_aware_pmf_cal_v1:rotation+monotone_pit_cdf_v1,phase8_role_aware_pmf_cal_v1+monotone_inactive_global_v1,role_aware_pmf_cal_v1,rotation,derived_from_projected_minutes,22.4658,22.0404,0.05,8.1448,8.1448,8,8,0.056,0.944,0.9047,0.8623,0.7989,0.7378,0.6679,0.595,0.5196,0.4347,0.3674,0.2987,0.2448,0.1933,0.1513,0.1103,0.0893,0.0606,0.0468,0.0307,0.0232,0.3674,172.0,-172.0,-0.0975,morning,2026-05-30T16:51:22Z,494a3e93#phase10c,51235cba-0b50-441b-a7aa-b0e5bef2d559,ok,0.0,high,full,current_phase8,fallback_used,projected,derived_from_projected_minutes,bdl_plus_nba_official,2026-05-30T16:50:26Z,projected,not_available_yet,bdl_lineup_freshness_manifest,market_offered
Cason Wallace,56677833,OKC,SAS,True,21713534,pts,9.5,9.5,hardrockbet_az,-105,-125,0.4797,stat_grid:pmf_sim_v1+role_aware_pmf_cal_v1:rotation+monotone_pit_cdf_v1,phase8_role_aware_pmf_cal_v1+monotone_inactive_global_v1,role_aware_pmf_cal_v1,rotation,derived_from_projected_minutes,22.4658,22.0404,0.05,8.1448,8.1448,8,8,0.056,0.944,0.9047,0.8623,0.7989,0.7378,0.6679,0.595,0.5196,0.4347,0.3674,0.2987,0.2448,0.1933,0.1513,0.1103,0.0893,0.0606,0.0468,0.0307,0.0232,0.3674,172.0,-172.0,-0.1123,morning,2026-05-30T16:51:22Z,494a3e93#phase10c,51235cba-0b50-441b-a7aa-b0e5bef2d559,ok,0.0,high,full,current_phase8,fallback_used,projected,derived_from_projected_minutes,bdl_plus_nba_official,2026-05-30T16:50:26Z,projected,not_available_yet,bdl_lineup_freshness_manifest,market_offered
Cason Wallace,56677833,OKC,SAS,True,21713534,pts,9.5,9.5,hardrockbet,-105,-125,0.4797,stat_grid:pmf_sim_v1+role_aware_pmf_cal_v1:rotation+monotone_pit_cdf_v1,phase8_role_aware_pmf_cal_v1+monotone_inactive_global_v1,role_aware_pmf_cal_v1,rotation,derived_from_projected_minutes,22.4658,22.0404,0.05,8.1448,8.1448,8,8,0.056,0.944,0.9047,0.8623,0.7989,0.7378,0.6679,0.595,0.5196,0.4347,0.3674,0.2987,0.2448,0.1933,0.1513,0.1103,0.0893,0.0606,0.0468,0.0307,0.0232,0.3674,172.0,-172.0,-0.1123,morning,2026-05-30T16:51:22Z,494a3e93#phase10c,51235cba-0b50-441b-a7aa-b0e5bef2d559,ok,0.0,high,full,current_phase8,fallback_used,projected,derived_from_projected_minutes,bdl_plus_nba_official,2026-05-30T16:50:26Z,projected,not_available_yet,bdl_lineup_freshness_manifest,market_offered
Cason Wallace,56677833,OKC,SAS,True,21713534,pts,8.5,8.5,rebet,-126,-105,0.5212,stat_grid:pmf_sim_v1+role_aware_pmf_cal_v1:rotation+monotone_pit_cdf_v1,phase8_role_aware_pmf_cal_v1+monotone_inactive_global_v1,role_aware_pmf_cal_v1,rotation,derived_from_projected_minutes,22.4658,22.0404,0.05,8.1448,8.1448,8,8,0.056,0.944,0.9047,0.8623,0.7989,0.7378,0.6679,0.595,0.5196,0.4347,0.3674,0.2987,0.2448,0.1933,0.1513,0.1103,0.0893,0.0606,0.0468,0.0307,0.0232,0.4347,130.0,-130.0,-0.0865,morning,2026-05-30T16:51:22Z,494a3e93#phase10c,51235cba-0b50-441b-a7aa-b0e5bef2d559,ok,0.0,high,full,current_phase8,fallback_used,projected,derived_from_projected_minutes,bdl_plus_nba_official,2026-05-30T16:50:26Z,projected,not_available_yet,bdl_lineup_freshness_manifest,market_offered
Cason Wallace,56677833,OKC,SAS,True,21713534,pts,9.5,9.5,hardrockbet_fl,-105,-125,0.4797,stat_grid:pmf_sim_v1+role_aware_pmf_cal_v1:rotation+monotone_pit_cdf_v1,phase8_role_aware_pmf_cal_v1+monotone_inactive_global_v1,role_aware_pmf_cal_v1,rotation,derived_from_projected_minutes,22.4658,22.0404,0.05,8.1448,8.1448,8,8,0.056,0.944,0.9047,0.8623,0.7989,0.7378,0.6679,0.595,0.5196,0.4347,0.3674,0.2987,0.2448,0.1933,0.1513,0.1103,0.0893,0.0606,0.0468,0.0307,0.0232,0.3674,172.0,-172.0,-0.1123,morning,2026-05-30T16:51:22Z,494a3e93#phase10c,51235cba-0b50-441b-a7aa-b0e5bef2d559,ok,0.0,high,full,current_phase8,fallback_used,projected,derived_from_projected_minutes,bdl_plus_nba_official,2026-05-30T16:50:26Z,projected,not_available_yet,bdl_lineup_freshness_manifest,market_offered
Cason Wallace,56677833,OKC,SAS,True,21713534,pts,9.5,9.5,espnbet,105,-140,0.4554,stat_grid:pmf_sim_v1+role_aware_pmf_cal_v1:rotation+monotone_pit_cdf_v1,phase8_role_aware_pmf_cal_v1+monotone_inactive_global_v1,role_aware_pmf_cal_v1,rotation,derived_from_projected_minutes,22.4658,22.0404,0.05,8.1448,8.1448,8,8,0.056,0.944,0.9047,0.8623,0.7989,0.7378,0.6679,0.595,0.5196,0.4347,0.3674,0.2987,0.2448,0.1933,0.1513,0.1103,0.0893,0.0606,0.0468,0.0307,0.0232,0.3674,172.0,-172.0,-0.088,morning,2026-05-30T16:51:22Z,494a3e93#phase10c,51235cba-0b50-441b-a7aa-b0e5bef2d559,ok,0.0,high,full,current_phase8,fallback_used,projected,derived_from_projected_minutes,bdl_plus_nba_official,2026-05-30T16:50:26Z,projected,not_available_yet,bdl_lineup_freshness_manifest,market_offered
Cason Wallace,56677833,OKC,SAS,True,21713534,pts,10.5,10.5,espnbet,140,-190,0.3887,stat_grid:pmf_sim_v1+role_aware_pmf_cal_v1:rotation+monotone_pit_cdf_v1,phase8_role_aware_pmf_cal_v1+monotone_inactive_global_v1,role_aware_pmf_cal_v1,rotation,derived_from_projected_minutes,22.4658,22.0404,0.05,8.1448,8.1448,8,8,0.056,0.944,0.9047,0.8623,0.7989,0.7378,0.6679,0.595,0.5196,0.4347,0.3674,0.2987,0.2448,0.1933,0.1513,0.1103,0.0893,0.0606,0.0468,0.0307,0.0232,0.2987,235.0,-235.0,-0.09,morning,2026-05-30T16:51:22Z,494a3e93#phase10c,51235cba-0b50-441b-a7aa-b0e5bef2d559,ok,0.0,high,full,current_phase8,fallback_used,projected,derived_from_projected_minutes,bdl_plus_nba_official,2026-05-30T16:50:26Z,projected,not_available_yet,bdl_lineup_freshness_manifest,market_offered
Cason Wallace,56677833,OKC,SAS,True,21713534,pts,8.5,8.5,espnbet,-130,100,0.5306,stat_grid:pmf_sim_v1+role_aware_pmf_cal_v1:rotation+monotone_pit_cdf_v1,phase8_role_aware_pmf_cal_v1+monotone_inactive_global_v1,role_aware_pmf_cal_v1,rotation,derived_from_projected_minutes,22.4658,22.0404,0.05,8.1448,8.1448,8,8,0.056,0.944,0.9047,0.8623,0.7989,0.7378,0.6679,0.595,0.5196,0.4347,0.3674,0.2987,0.2448,0.1933,0.1513,0.1103,0.0893,0.0606,0.0468,0.0307,0.0232,0.4347,130.0,-130.0,-0.0959,morning,2026-05-30T16:51:22Z,494a3e93#phase10c,51235cba-0b50-441b-a7aa-b0e5bef2d559,ok,0.0,high,full,current_phase8,fallback_used,projected,derived_from_projected_minutes,bdl_plus_nba_official,2026-05-30T16:50:26Z,projected,not_available_yet,bdl_lineup_freshness_manifest,market_offered
Cason Wallace,56677833,OKC,SAS,True,21713534,pts,9.5,9.5,betparx,-104,-129,0.4751,stat_grid:pmf_sim_v1+role_aware_pmf_cal_v1:rotation+monotone_pit_cdf_v1,phase8_role_aware_pmf_cal_v1+monotone_inactive_global_v1,role_aware_pmf_cal_v1,rotation,derived_from_projected_minutes,22.4658,22.0404,0.05,8.1448,8.1448,8,8,0.056,0.944,0.9047,0.8623,0.7989,0.7378,0.6679,0.595,0.5196,0.4347,0.3674,0.2987,0.2448,0.1933,0.1513,0.1103,0.0893,0.0606,0.0468,0.0307,0.0232,0.3674,172.0,-172.0,-0.1077,morning,2026-05-30T16:51:22Z,494a3e93#phase10c,51235cba-0b50-441b-a7aa-b0e5bef2d559,ok,0.0,high,full,current_phase8,fallback_used,projected,derived_from_projected_minutes,bdl_plus_nba_official,2026-05-30T16:50:26Z,projected,not_available_yet,bdl_lineup_freshness_manifest,market_offered
Cason Wallace,56677833,OKC,SAS,True,21713534,pts,8.5,8.5,betparx,-143,107,0.5492,stat_grid:pmf_sim_v1+role_aware_pmf_cal_v1:rotation+monotone_pit_cdf_v1,phase8_role_aware_pmf_cal_v1+monotone_inactive_global_v1,role_aware_pmf_cal_v1,rotation,derived_from_projected_minutes,22.4658,22.0404,0.05,8.1448,8.1448,8,8,0.056,0.944,0.9047,0.8623,0.7989,0.7378,0.6679,0.595,0.5196,0.4347,0.3674,0.2987,0.2448,0.1933,0.1513,0.1103,0.0893,0.0606,0.0468,0.0307,0.0232,0.4347,130.0,-130.0,-0.1144,morning,2026-05-30T16:51:22Z,494a3e93#phase10c,51235cba-0b50-441b-a7aa-b0e5bef2d559,ok,0.0,high,full,current_phase8,fallback_used,projected,derived_from_projected_minutes,bdl_plus_nba_official,2026-05-30T16:50:26Z,projected,not_available_yet,bdl_lineup_freshness_manifest,market_offered
Cason Wallace,56677833,OKC,SAS,True,21713534,pts,8.5,8.5,fliff,-140,-105,0.5325,stat_grid:pmf_sim_v1+role_aware_pmf_cal_v1:rotation+monotone_pit_cdf_v1,phase8_role_aware_pmf_cal_v1+monotone_inactive_global_v1,role_aware_pmf_cal_v1,rotation,derived_from_projected_minutes,22.4658,22.0404,0.05,8.1448,8.1448,8,8,0.056,0.944,0.9047,0.8623,0.7989,0.7378,0.6679,0.595,0.5196,0.4347,0.3674,0.2987,0.2448,0.1933,0.1513,0.1103,0.0893,0.0606,0.0468,0.0307,0.0232,0.4347,130.0,-130.0,-0.0977,morning,2026-05-30T16:51:22Z,494a3e93#phase10c,51235cba-0b50-441b-a7aa-b0e5bef2d559,ok,0.0,high,full,current_phase8,fallback_used,projected,derived_from_projected_minutes,bdl_plus_nba_official,2026-05-30T16:50:26Z,projected,not_available_yet,bdl_lineup_freshness_manifest,market_offered
Cason Wallace,56677833,OKC,SAS,True,21713534,reb,3.5,3.5,williamhill_us,-113,-120,0.4931,stat_grid:pmf_sim_v1+role_aware_pmf_cal_v1:rotation+monotone_pit_cdf_v1,phase8_role_aware_pmf_cal_v1+monotone_inactive_global_v1,role_aware_pmf_cal_v1,rotation,derived_from_projected_minutes,22.4658,22.0404,0.05,3.6765,3.6765,4,3,0.0392,0.9608,0.8963,0.7609,0.5098,0.2885,0.155,0.0666,0.0278,0.0083,0.0017,0.0005,0.0002,0.0001,0.0,0.0,0.0,0.0,0.0,0.0,0.0,0.5098,-104.0,104.0,0.0168,morning,2026-05-30T16:51:22Z,494a3e93#phase10c,51235cba-0b50-441b-a7aa-b0e5bef2d559,ok,0.0,high,full,current_phase8,fallback_used,projected,derived_from_projected_minutes,bdl_plus_nba_official,2026-05-30T16:50:26Z,projected,not_available_yet,bdl_lineup_freshness_manifest,market_offered
Cason Wallace,56677833,OKC,SAS,True,21713534,reb,3.5,3.5,fanduel,-120,-110,0.5101,stat_grid:pmf_sim_v1+role_aware_pmf_cal_v1:rotation+monotone_pit_cdf_v1,phase8_role_aware_pmf_cal_v1+monotone_inactive_global_v1,role_aware_pmf_cal_v1,rotation,derived_from_projected_minutes,22.4658,22.0404,0.05,3.6765,3.6765,4,3,0.0392,0.9608,0.8963,0.7609,0.5098,0.2885,0.155,0.0666,0.0278,0.0083,0.0017,0.0005,0.0002,0.0001,0.0,0.0,0.0,0.0,0.0,0.0,0.0,0.5098,-104.0,104.0,-0.0003,morning,2026-05-30T16:51:22Z,494a3e93#phase10c,51235cba-0b50-441b-a7aa-b0e5bef2d559,ok,0.0,high,full,current_phase8,fallback_used,projected,derived_from_projected_minutes,bdl_plus_nba_official,2026-05-30T16:50:26Z,projected,not_available_yet,bdl_lineup_freshness_manifest,market_offered
Cason Wallace,56677833,OKC,SAS,True,21713534,reb,5.5,5.5,fanduel,360,-580,0.2031,stat_grid:pmf_sim_v1+role_aware_pmf_cal_v1:rotation+monotone_pit_cdf_v1,phase8_role_aware_pmf_cal_v1+monotone_inactive_global_v1,role_aware_pmf_cal_v1,rotation,derived_from_projected_minutes,22.4658,22.0404,0.05,3.6765,3.6765,4,3,0.0392,0.9608,0.8963,0.7609,0.5098,0.2885,0.155,0.0666,0.0278,0.0083,0.0017,0.0005,0.0002,0.0001,0.0,0.0,0.0,0.0,0.0,0.0,0.0,0.155,545.0,-545.0,-0.0481,morning,2026-05-30T16:51:22Z,494a3e93#phase10c,51235cba-0b50-441b-a7aa-b0e5bef2d559,ok,0.0,high,full,current_phase8,fallback_used,projected,derived_from_projected_minutes,bdl_plus_nba_official,2026-05-30T16:50:26Z,projected,not_available_yet,bdl_lineup_freshness_manifest,market_offered
Cason Wallace,56677833,OKC,SAS,True,21713534,reb,4.5,4.5,fanduel,182,-250,0.3318,stat_grid:pmf_sim_v1+role_aware_pmf_cal_v1:rotation+monotone_pit_cdf_v1,phase8_role_aware_pmf_cal_v1+monotone_inactive_global_v1,role_aware_pmf_cal_v1,rotation,derived_from_projected_minutes,22.4658,22.0404,0.05,3.6765,3.6765,4,3,0.0392,0.9608,0.8963,0.7609,0.5098,0.2885,0.155,0.0666,0.0278,0.0083,0.0017,0.0005,0.0002,0.0001,0.0,0.0,0.0,0.0,0.0,0.0,0.0,0.2885,247.0,-247.0,-0.0432,morning,2026-05-30T16:51:22Z,494a3e93#phase10c,51235cba-0b50-441b-a7aa-b0e5bef2d559,ok,0.0,high,full,current_phase8,fallback_used,projected,derived_from_projected_minutes,bdl_plus_nba_official,2026-05-30T16:50:26Z,projected,not_available_yet,bdl_lineup_freshness_manifest,market_offered
Cason Wallace,56677833,OKC,SAS,True,21713534,reb,3.5,3.5,fanduel,-118,-110,0.5082,stat_grid:pmf_sim_v1+role_aware_pmf_cal_v1:rotation+monotone_pit_cdf_v1,phase8_role_aware_pmf_cal_v1+monotone_inactive_global_v1,role_aware_pmf_cal_v1,rotation,derived_from_projected_minutes,22.4658,22.0404,0.05,3.6765,3.6765,4,3,0.0392,0.9608,0.8963,0.7609,0.5098,0.2885,0.155,0.0666,0.0278,0.0083,0.0017,0.0005,0.0002,0.0001,0.0,0.0,0.0,0.0,0.0,0.0,0.0,0.5098,-104.0,104.0,0.0016,morning,2026-05-30T16:51:22Z,494a3e93#phase10c,51235cba-0b50-441b-a7aa-b0e5bef2d559,ok,0.0,high,full,current_phase8,fallback_used,projected,derived_from_projected_minutes,bdl_plus_nba_official,2026-05-30T16:50:26Z,projected,not_available_yet,bdl_lineup_freshness_manifest,market_offered
Cason Wallace,56677833,OKC,SAS,True,21713534,reb,2.5,2.5,fanduel,-310,220,0.7076,stat_grid:pmf_sim_v1+role_aware_pmf_cal_v1:rotation+monotone_pit_cdf_v1,phase8_role_aware_pmf_cal_v1+monotone_inactive_global_v1,role_aware_pmf_cal_v1,rotation,derived_from_projected_minutes,22.4658,22.0404,0.05,3.6765,3.6765,4,3,0.0392,0.9608,0.8963,0.7609,0.5098,0.2885,0.155,0.0666,0.0278,0.0083,0.0017,0.0005,0.0002,0.0001,0.0,0.0,0.0,0.0,0.0,0.0,0.0,0.7609,-318.0,318.0,0.0533,morning,2026-05-30T16:51:22Z,494a3e93#phase10c,51235cba-0b50-441b-a7aa-b0e5bef2d559,ok,0.0,high,full,current_phase8,fallback_used,projected,derived_from_projected_minutes,bdl_plus_nba_official,2026-05-30T16:50:26Z,projected,not_available_yet,bdl_lineup_freshness_manifest,market_offered
Cason Wallace,56677833,OKC,SAS,True,21713534,reb,3.5,3.5,betmgm,-120,-110,0.5101,stat_grid:pmf_sim_v1+role_aware_pmf_cal_v1:rotation+monotone_pit_cdf_v1,phase8_role_aware_pmf_cal_v1+monotone_inactive_global_v1,role_aware_pmf_cal_v1,rotation,derived_from_projected_minutes,22.4658,22.0404,0.05,3.6765,3.6765,4,3,0.0392,0.9608,0.8963,0.7609,0.5098,0.2885,0.155,0.0666,0.0278,0.0083,0.0017,0.0005,0.0002,0.0001,0.0,0.0,0.0,0.0,0.0,0.0,0.0,0.5098,-104.0,104.0,-0.0003,morning,2026-05-30T16:51:22Z,494a3e93#phase10c,51235cba-0b50-441b-a7aa-b0e5bef2d559,ok,0.0,high,full,current_phase8,fallback_used,projected,derived_from_projected_minutes,bdl_plus_nba_official,2026-05-30T16:50:26Z,projected,not_available_yet,bdl_lineup_freshness_manifest,market_offered
Cason Wallace,56677833,OKC,SAS,True,21713534,reb,3.5,3.5,betrivers,-124,-109,0.5149,stat_grid:pmf_sim_v1+role_aware_pmf_cal_v1:rotation+monotone_pit_cdf_v1,phase8_role_aware_pmf_cal_v1+monotone_inactive_global_v1,role_aware_pmf_cal_v1,rotation,derived_from_projected_minutes,22.4658,22.0404,0.05,3.6765,3.6765,4,3,0.0392,0.9608,0.8963,0.7609,0.5098,0.2885,0.155,0.0666,0.0278,0.0083,0.0017,0.0005,0.0002,0.0001,0.0,0.0,0.0,0.0,0.0,0.0,0.0,0.5098,-104.0,104.0,-0.0051,morning,2026-05-30T16:51:22Z,494a3e93#phase10c,51235cba-0b50-441b-a7aa-b0e5bef2d559,ok,0.0,high,full,current_phase8,fallback_used,projected,derived_from_projected_minutes,bdl_plus_nba_official,2026-05-30T16:50:26Z,projected,not_available_yet,bdl_lineup_freshness_manifest,market_offered
Cason Wallace,56677833,OKC,SAS,True,21713534,reb,3.5,3.5,draftkings,-114,-116,0.498,stat_grid:pmf_sim_v1+role_aware_pmf_cal_v1:rotation+monotone_pit_cdf_v1,phase8_role_aware_pmf_cal_v1+monotone_inactive_global_v1,role_aware_pmf_cal_v1,rotation,derived_from_projected_minutes,22.4658,22.0404,0.05,3.6765,3.6765,4,3,0.0392,0.9608,0.8963,0.7609,0.5098,0.2885,0.155,0.0666,0.0278,0.0083,0.0017,0.0005,0.0002,0.0001,0.0,0.0,0.0,0.0,0.0,0.0,0.0,0.5098,-104.0,104.0,0.0118,morning,2026-05-30T16:51:22Z,494a3e93#phase10c,51235cba-0b50-441b-a7aa-b0e5bef2d559,ok,0.0,high,full,current_phase8,fallback_used,projected,derived_from_projected_minutes,bdl_plus_nba_official,2026-05-30T16:50:26Z,projected,not_available_yet,bdl_lineup_freshness_manifest,market_offered
Cason Wallace,56677833,OKC,SAS,True,21713534,reb,4.5,4.5,bovada,175,-240,0.34,stat_grid:pmf_sim_v1+role_aware_pmf_cal_v1:rotation+monotone_pit_cdf_v1,phase8_role_aware_pmf_cal_v1+monotone_inactive_global_v1,role_aware_pmf_cal_v1,rotation,derived_from_projected_minutes,22.4658,22.0404,0.05,3.6765,3.6765,4,3,0.0392,0.9608,0.8963,0.7609,0.5098,0.2885,0.155,0.0666,0.0278,0.0083,0.0017,0.0005,0.0002,0.0001,0.0,0.0,0.0,0.0,0.0,0.0,0.0,0.2885,247.0,-247.0,-0.0515,morning,2026-05-30T16:51:22Z,494a3e93#phase10c,51235cba-0b50-441b-a7aa-b0e5bef2d559,ok,0.0,high,full,current_phase8,fallback_used,projected,derived_from_projected_minutes,bdl_plus_nba_official,2026-05-30T16:50:26Z,projected,not_available_yet,bdl_lineup_freshness_manifest,market_offered
Cason Wallace,56677833,OKC,SAS,True,21713534,reb,2.5,2.5,bovada,-275,200,0.6875,stat_grid:pmf_sim_v1+role_aware_pmf_cal_v1:rotation+monotone_pit_cdf_v1,phase8_role_aware_pmf_cal_v1+monotone_inactive_global_v1,role_aware_pmf_cal_v1,rotation,derived_from_projected_minutes,22.4658,22.0404,0.05,3.6765,3.6765,4,3,0.0392,0.9608,0.8963,0.7609,0.5098,0.2885,0.155,0.0666,0.0278,0.0083,0.0017,0.0005,0.0002,0.0001,0.0,0.0,0.0,0.0,0.0,0.0,0.0,0.7609,-318.0,318.0,0.0734,morning,2026-05-30T16:51:22Z,494a3e93#phase10c,51235cba-0b50-441b-a7aa-b0e5bef2d559,ok,0.0,high,full,current_phase8,fallback_used,projected,derived_from_projected_minutes,bdl_plus_nba_official,2026-05-30T16:50:26Z,projected,not_available_yet,bdl_lineup_freshness_manifest,market_offered
Cason Wallace,56677833,OKC,SAS,True,21713534,reb,3.5,3.5,bovada,-115,-115,0.5,stat_grid:pmf_sim_v1+role_aware_pmf_cal_v1:rotation+monotone_pit_cdf_v1,phase8_role_aware_pmf_cal_v1+monotone_inactive_global_v1,role_aware_pmf_cal_v1,rotation,derived_from_projected_minutes,22.4658,22.0404,0.05,3.6765,3.6765,4,3,0.0392,0.9608,0.8963,0.7609,0.5098,0.2885,0.155,0.0666,0.0278,0.0083,0.0017,0.0005,0.0002,0.0001,0.0,0.0,0.0,0.0,0.0,0.0,0.0,0.5098,-104.0,104.0,0.0098,morning,2026-05-30T16:51:22Z,494a3e93#phase10c,51235cba-0b50-441b-a7aa-b0e5bef2d559,ok,0.0,high,full,current_phase8,fallback_used,projected,derived_from_projected_minutes,bdl_plus_nba_official,2026-05-30T16:50:26Z,projected,not_available_yet,bdl_lineup_freshness_manifest,market_offered
Cason Wallace,56677833,OKC,SAS,True,21713534,reb,3.5,3.5,hardrockbet_az,-115,-115,0.5,stat_grid:pmf_sim_v1+role_aware_pmf_cal_v1:rotation+monotone_pit_cdf_v1,phase8_role_aware_pmf_cal_v1+monotone_inactive_global_v1,role_aware_pmf_cal_v1,rotation,derived_from_projected_minutes,22.4658,22.0404,0.05,3.6765,3.6765,4,3,0.0392,0.9608,0.8963,0.7609,0.5098,0.2885,0.155,0.0666,0.0278,0.0083,0.0017,0.0005,0.0002,0.0001,0.0,0.0,0.0,0.0,0.0,0.0,0.0,0.5098,-104.0,104.0,0.0098,morning,2026-05-30T16:51:22Z,494a3e93#phase10c,51235cba-0b50-441b-a7aa-b0e5bef2d559,ok,0.0,high,full,current_phase8,fallback_used,projected,derived_from_projected_minutes,bdl_plus_nba_official,2026-05-30T16:50:26Z,projected,not_available_yet,bdl_lineup_freshness_manifest,market_offered
Cason Wallace,56677833,OKC,SAS,True,21713534,reb,3.5,3.5,hardrockbet,-115,-115,0.5,stat_grid:pmf_sim_v1+role_aware_pmf_cal_v1:rotation+monotone_pit_cdf_v1,phase8_role_aware_pmf_cal_v1+monotone_inactive_global_v1,role_aware_pmf_cal_v1,rotation,derived_from_projected_minutes,22.4658,22.0404,0.05,3.6765,3.6765,4,3,0.0392,0.9608,0.8963,0.7609,0.5098,0.2885,0.155,0.0666,0.0278,0.0083,0.0017,0.0005,0.0002,0.0001,0.0,0.0,0.0,0.0,0.0,0.0,0.0,0.5098,-104.0,104.0,0.0098,morning,2026-05-30T16:51:22Z,494a3e93#phase10c,51235cba-0b50-441b-a7aa-b0e5bef2d559,ok,0.0,high,full,current_phase8,fallback_used,projected,derived_from_projected_minutes,bdl_plus_nba_official,2026-05-30T16:50:26Z,projected,not_available_yet,bdl_lineup_freshness_manifest,market_offered
Cason Wallace,56677833,OKC,SAS,True,21713534,reb,3.5,3.5,hardrockbet_fl,-115,-115,0.5,stat_grid:pmf_sim_v1+role_aware_pmf_cal_v1:rotation+monotone_pit_cdf_v1,phase8_role_aware_pmf_cal_v1+monotone_inactive_global_v1,role_aware_pmf_cal_v1,rotation,derived_from_projected_minutes,22.4658,22.0404,0.05,3.6765,3.6765,4,3,0.0392,0.9608,0.8963,0.7609,0.5098,0.2885,0.155,0.0666,0.0278,0.0083,0.0017,0.0005,0.0002,0.0001,0.0,0.0,0.0,0.0,0.0,0.0,0.0,0.5098,-104.0,104.0,0.0098,morning,2026-05-30T16:51:22Z,494a3e93#phase10c,51235cba-0b50-441b-a7aa-b0e5bef2d559,ok,0.0,high,full,current_phase8,fallback_used,projected,derived_from_projected_minutes,bdl_plus_nba_official,2026-05-30T16:50:26Z,projected,not_available_yet,bdl_lineup_freshness_manifest,market_offered
Cason Wallace,56677833,OKC,SAS,True,21713534,reb,3.5,3.5,rebet,-115,-115,0.5,stat_grid:pmf_sim_v1+role_aware_pmf_cal_v1:rotation+monotone_pit_cdf_v1,phase8_role_aware_pmf_cal_v1+monotone_inactive_global_v1,role_aware_pmf_cal_v1,rotation,derived_from_projected_minutes,22.4658,22.0404,0.05,3.6765,3.6765,4,3,0.0392,0.9608,0.8963,0.7609,0.5098,0.2885,0.155,0.0666,0.0278,0.0083,0.0017,0.0005,0.0002,0.0001,0.0,0.0,0.0,0.0,0.0,0.0,0.0,0.5098,-104.0,104.0,0.0098,morning,2026-05-30T16:51:22Z,494a3e93#phase10c,51235cba-0b50-441b-a7aa-b0e5bef2d559,ok,0.0,high,full,current_phase8,fallback_used,projected,derived_from_projected_minutes,bdl_plus_nba_official,2026-05-30T16:50:26Z,projected,not_available_yet,bdl_lineup_freshness_manifest,market_offered
Cason Wallace,56677833,OKC,SAS,True,21713534,reb,2.5,2.5,espnbet,-285,210,0.6965,stat_grid:pmf_sim_v1+role_aware_pmf_cal_v1:rotation+monotone_pit_cdf_v1,phase8_role_aware_pmf_cal_v1+monotone_inactive_global_v1,role_aware_pmf_cal_v1,rotation,derived_from_projected_minutes,22.4658,22.0404,0.05,3.6765,3.6765,4,3,0.0392,0.9608,0.8963,0.7609,0.5098,0.2885,0.155,0.0666,0.0278,0.0083,0.0017,0.0005,0.0002,0.0001,0.0,0.0,0.0,0.0,0.0,0.0,0.0,0.7609,-318.0,318.0,0.0644,morning,2026-05-30T16:51:22Z,494a3e93#phase10c,51235cba-0b50-441b-a7aa-b0e5bef2d559,ok,0.0,high,full,current_phase8,fallback_used,projected,derived_from_projected_minutes,bdl_plus_nba_official,2026-05-30T16:50:26Z,projected,not_available_yet,bdl_lineup_freshness_manifest,market_offered
Cason Wallace,56677833,OKC,SAS,True,21713534,reb,4.5,4.5,espnbet,175,-240,0.34,stat_grid:pmf_sim_v1+role_aware_pmf_cal_v1:rotation+monotone_pit_cdf_v1,phase8_role_aware_pmf_cal_v1+monotone_inactive_global_v1,role_aware_pmf_cal_v1,rotation,derived_from_projected_minutes,22.4658,22.0404,0.05,3.6765,3.6765,4,3,0.0392,0.9608,0.8963,0.7609,0.5098,0.2885,0.155,0.0666,0.0278,0.0083,0.0017,0.0005,0.0002,0.0001,0.0,0.0,0.0,0.0,0.0,0.0,0.0,0.2885,247.0,-247.0,-0.0515,morning,2026-05-30T16:51:22Z,494a3e93#phase10c,51235cba-0b50-441b-a7aa-b0e5bef2d559,ok,0.0,high,full,current_phase8,fallback_used,projected,derived_from_projected_minutes,bdl_plus_nba_official,2026-05-30T16:50:26Z,projected,not_available_yet,bdl_lineup_freshness_manifest,market_offered
Cason Wallace,56677833,OKC,SAS,True,21713534,reb,3.5,3.5,espnbet,-115,-115,0.5,stat_grid:pmf_sim_v1+role_aware_pmf_cal_v1:rotation+monotone_pit_cdf_v1,phase8_role_aware_pmf_cal_v1+monotone_inactive_global_v1,role_aware_pmf_cal_v1,rotation,derived_from_projected_minutes,22.4658,22.0404,0.05,3.6765,3.6765,4,3,0.0392,0.9608,0.8963,0.7609,0.5098,0.2885,0.155,0.0666,0.0278,0.0083,0.0017,0.0005,0.0002,0.0001,0.0,0.0,0.0,0.0,0.0,0.0,0.0,0.5098,-104.0,104.0,0.0098,morning,2026-05-30T16:51:22Z,494a3e93#phase10c,51235cba-0b50-441b-a7aa-b0e5bef2d559,ok,0.0,high,full,current_phase8,fallback_used,projected,derived_from_projected_minutes,bdl_plus_nba_official,2026-05-30T16:50:26Z,projected,not_available_yet,bdl_lineup_freshness_manifest,market_offered
Cason Wallace,56677833,OKC,SAS,True,21713534,reb,3.5,3.5,betparx,-124,-108,0.516,stat_grid:pmf_sim_v1+role_aware_pmf_cal_v1:rotation+monotone_pit_cdf_v1,phase8_role_aware_pmf_cal_v1+monotone_inactive_global_v1,role_aware_pmf_cal_v1,rotation,derived_from_projected_minutes,22.4658,22.0404,0.05,3.6765,3.6765,4,3,0.0392,0.9608,0.8963,0.7609,0.5098,0.2885,0.155,0.0666,0.0278,0.0083,0.0017,0.0005,0.0002,0.0001,0.0,0.0,0.0,0.0,0.0,0.0,0.0,0.5098,-104.0,104.0,-0.0062,morning,2026-05-30T16:51:22Z,494a3e93#phase10c,51235cba-0b50-441b-a7aa-b0e5bef2d559,ok,0.0,high,full,current_phase8,fallback_used,projected,derived_from_projected_minutes,bdl_plus_nba_official,2026-05-30T16:50:26Z,projected,not_available_yet,bdl_lineup_freshness_manifest,market_offered
Cason Wallace,56677833,OKC,SAS,True,21713534,reb,3.5,3.5,fliff,-125,-115,0.5095,stat_grid:pmf_sim_v1+role_aware_pmf_cal_v1:rotation+monotone_pit_cdf_v1,phase8_role_aware_pmf_cal_v1+monotone_inactive_global_v1,role_aware_pmf_cal_v1,rotation,derived_from_projected_minutes,22.4658,22.0404,0.05,3.6765,3.6765,4,3,0.0392,0.9608,0.8963,0.7609,0.5098,0.2885,0.155,0.0666,0.0278,0.0083,0.0017,0.0005,0.0002,0.0001,0.0,0.0,0.0,0.0,0.0,0.0,0.0,0.5098,-104.0,104.0,0.0003,morning,2026-05-30T16:51:22Z,494a3e93#phase10c,51235cba-0b50-441b-a7aa-b0e5bef2d559,ok,0.0,high,full,current_phase8,fallback_used,projected,derived_from_projected_minutes,bdl_plus_nba_official,2026-05-30T16:50:26Z,projected,not_available_yet,bdl_lineup_freshness_manifest,market_offered
Cason Wallace,56677833,OKC,SAS,True,21713534,ast,4.5,4.5,fanduel,430,-750,0.1762,stat_grid:pmf_sim_v1+role_aware_pmf_cal_v1:rotation+monotone_pit_cdf_v1,phase8_role_aware_pmf_cal_v1+monotone_inactive_global_v1,role_aware_pmf_cal_v1,rotation,derived_from_projected_minutes,22.4658,22.0404,0.05,2.2574,2.2574,2,3,0.1425,0.8575,0.7219,0.4719,0.1474,0.0462,0.011,0.0013,0.0001,0.0,0.0,0.0,0.0,0.0,0.0,0.0,0.0,0.0,0.0,0.0,0.0,0.0462,2063.0,-2063.0,-0.1299,morning,2026-05-30T16:51:22Z,494a3e93#phase10c,51235cba-0b50-441b-a7aa-b0e5bef2d559,ok,0.0,high,full,current_phase8,fallback_used,projected,derived_from_projected_minutes,bdl_plus_nba_official,2026-05-30T16:50:26Z,projected,not_available_yet,bdl_lineup_freshness_manifest,market_offered
Cason Wallace,56677833,OKC,SAS,True,21713534,ast,3.5,3.5,fanduel,198,-275,0.3139,stat_grid:pmf_sim_v1+role_aware_pmf_cal_v1:rotation+monotone_pit_cdf_v1,phase8_role_aware_pmf_cal_v1+monotone_inactive_global_v1,role_aware_pmf_cal_v1,rotation,derived_from_projected_minutes,22.4658,22.0404,0.05,2.2574,2.2574,2,3,0.1425,0.8575,0.7219,0.4719,0.1474,0.0462,0.011,0.0013,0.0001,0.0,0.0,0.0,0.0,0.0,0.0,0.0,0.0,0.0,0.0,0.0,0.0,0.1474,578.0,-578.0,-0.1665,morning,2026-05-30T16:51:22Z,494a3e93#phase10c,51235cba-0b50-441b-a7aa-b0e5bef2d559,ok,0.0,high,full,current_phase8,fallback_used,projected,derived_from_projected_minutes,bdl_plus_nba_official,2026-05-30T16:50:26Z,projected,not_available_yet,bdl_lineup_freshness_manifest,market_offered
Cason Wallace,56677833,OKC,SAS,True,21713534,ast,2.5,2.5,fanduel,-130,-102,0.5282,stat_grid:pmf_sim_v1+role_aware_pmf_cal_v1:rotation+monotone_pit_cdf_v1,phase8_role_aware_pmf_cal_v1+monotone_inactive_global_v1,role_aware_pmf_cal_v1,rotation,derived_from_projected_minutes,22.4658,22.0404,0.05,2.2574,2.2574,2,3,0.1425,0.8575,0.7219,0.4719,0.1474,0.0462,0.011,0.0013,0.0001,0.0,0.0,0.0,0.0,0.0,0.0,0.0,0.0,0.0,0.0,0.0,0.0,0.4719,112.0,-112.0,-0.0562,morning,2026-05-30T16:51:22Z,494a3e93#phase10c,51235cba-0b50-441b-a7aa-b0e5bef2d559,ok,0.0,high,full,current_phase8,fallback_used,projected,derived_from_projected_minutes,bdl_plus_nba_official,2026-05-30T16:50:26Z,projected,not_available_yet,bdl_lineup_freshness_manifest,market_offered
Cason Wallace,56677833,OKC,SAS,True,21713534,ast,1.5,1.5,fanduel,-390,270,0.7465,stat_grid:pmf_sim_v1+role_aware_pmf_cal_v1:rotation+monotone_pit_cdf_v1,phase8_role_aware_pmf_cal_v1+monotone_inactive_global_v1,role_aware_pmf_cal_v1,rotation,derived_from_projected_minutes,22.4658,22.0404,0.05,2.2574,2.2574,2,3,0.1425,0.8575,0.7219,0.4719,0.1474,0.0462,0.011,0.0013,0.0001,0.0,0.0,0.0,0.0,0.0,0.0,0.0,0.0,0.0,0.0,0.0,0.0,0.7219,-260.0,260.0,-0.0246,morning,2026-05-30T16:51:22Z,494a3e93#phase10c,51235cba-0b50-441b-a7aa-b0e5bef2d559,ok,0.0,high,full,current_phase8,fallback_used,projected,derived_from_projected_minutes,bdl_plus_nba_official,2026-05-30T16:50:26Z,projected,not_available_yet,bdl_lineup_freshness_manifest,market_offered
Cason Wallace,56677833,OKC,SAS,True,21713534,ast,3.5,3.5,bovada,205,-280,0.3079,stat_grid:pmf_sim_v1+role_aware_pmf_cal_v1:rotation+monotone_pit_cdf_v1,phase8_role_aware_pmf_cal_v1+monotone_inactive_global_v1,role_aware_pmf_cal_v1,rotation,derived_from_projected_minutes,22.4658,22.0404,0.05,2.2574,2.2574,2,3,0.1425,0.8575,0.7219,0.4719,0.1474,0.0462,0.011,0.0013,0.0001,0.0,0.0,0.0,0.0,0.0,0.0,0.0,0.0,0.0,0.0,0.0,0.0,0.1474,578.0,-578.0,-0.1605,morning,2026-05-30T16:51:22Z,494a3e93#phase10c,51235cba-0b50-441b-a7aa-b0e5bef2d559,ok,0.0,high,full,current_phase8,fallback_used,projected,derived_from_projected_minutes,bdl_plus_nba_official,2026-05-30T16:50:26Z,projected,not_available_yet,bdl_lineup_freshness_manifest,market_offered
Cason Wallace,56677833,OKC,SAS,True,21713534,ast,2.5,2.5,bovada,-120,-110,0.5101,stat_grid:pmf_sim_v1+role_aware_pmf_cal_v1:rotation+monotone_pit_cdf_v1,phase8_role_aware_pmf_cal_v1+monotone_inactive_global_v1,role_aware_pmf_cal_v1,rotation,derived_from_projected_minutes,22.4658,22.0404,0.05,2.2574,2.2574,2,3,0.1425,0.8575,0.7219,0.4719,0.1474,0.0462,0.011,0.0013,0.0001,0.0,0.0,0.0,0.0,0.0,0.0,0.0,0.0,0.0,0.0,0.0,0.0,0.4719,112.0,-112.0,-0.0382,morning,2026-05-30T16:51:22Z,494a3e93#phase10c,51235cba-0b50-441b-a7aa-b0e5bef2d559,ok,0.0,high,full,current_phase8,fallback_used,projected,derived_from_projected_minutes,bdl_plus_nba_official,2026-05-30T16:50:26Z,projected,not_available_yet,bdl_lineup_freshness_manifest,market_offered
Cason Wallace,56677833,OKC,SAS,True,21713534,ast,2.5,2.5,betmgm,-115,-115,0.5,stat_grid:pmf_sim_v1+role_aware_pmf_cal_v1:rotation+monotone_pit_cdf_v1,phase8_role_aware_pmf_cal_v1+monotone_inactive_global_v1,role_aware_pmf_cal_v1,rotation,derived_from_projected_minutes,22.4658,22.0404,0.05,2.2574,2.2574,2,3,0.1425,0.8575,0.7219,0.4719,0.1474,0.0462,0.011,0.0013,0.0001,0.0,0.0,0.0,0.0,0.0,0.0,0.0,0.0,0.0,0.0,0.0,0.0,0.4719,112.0,-112.0,-0.0281,morning,2026-05-30T16:51:22Z,494a3e93#phase10c,51235cba-0b50-441b-a7aa-b0e5bef2d559,ok,0.0,high,full,current_phase8,fallback_used,projected,derived_from_projected_minutes,bdl_plus_nba_official,2026-05-30T16:50:26Z,projected,not_available_yet,bdl_lineup_freshness_manifest,market_offered
Cason Wallace,56677833,OKC,SAS,True,21713534,ast,2.5,2.5,betrivers,-129,-106,0.5226,stat_grid:pmf_sim_v1+role_aware_pmf_cal_v1:rotation+monotone_pit_cdf_v1,phase8_role_aware_pmf_cal_v1+monotone_inactive_global_v1,role_aware_pmf_cal_v1,rotation,derived_from_projected_minutes,22.4658,22.0404,0.05,2.2574,2.2574,2,3,0.1425,0.8575,0.7219,0.4719,0.1474,0.0462,0.011,0.0013,0.0001,0.0,0.0,0.0,0.0,0.0,0.0,0.0,0.0,0.0,0.0,0.0,0.0,0.4719,112.0,-112.0,-0.0507,morning,2026-05-30T16:51:22Z,494a3e93#phase10c,51235cba-0b50-441b-a7aa-b0e5bef2d559,ok,0.0,high,full,current_phase8,fallback_used,projected,derived_from_projected_minutes,bdl_plus_nba_official,2026-05-30T16:50:26Z,projected,not_available_yet,bdl_lineup_freshness_manifest,market_offered
Cason Wallace,56677833,OKC,SAS,True,21713534,ast,2.5,2.5,draftkings,-122,-108,0.5142,stat_grid:pmf_sim_v1+role_aware_pmf_cal_v1:rotation+monotone_pit_cdf_v1,phase8_role_aware_pmf_cal_v1+monotone_inactive_global_v1,role_aware_pmf_cal_v1,rotation,derived_from_projected_minutes,22.4658,22.0404,0.05,2.2574,2.2574,2,3,0.1425,0.8575,0.7219,0.4719,0.1474,0.0462,0.011,0.0013,0.0001,0.0,0.0,0.0,0.0,0.0,0.0,0.0,0.0,0.0,0.0,0.0,0.0,0.4719,112.0,-112.0,-0.0423,morning,2026-05-30T16:51:22Z,494a3e93#phase10c,51235cba-0b50-441b-a7aa-b0e5bef2d559,ok,0.0,high,full,current_phase8,fallback_used,projected,derived_from_projected_minutes,bdl_plus_nba_official,2026-05-30T16:50:26Z,projected,not_available_yet,bdl_lineup_freshness_manifest,market_offered
Cason Wallace,56677833,OKC,SAS,True,21713534,ast,2.5,2.5,fanduel,-130,-102,0.5282,stat_grid:pmf_sim_v1+role_aware_pmf_cal_v1:rotation+monotone_pit_cdf_v1,phase8_role_aware_pmf_cal_v1+monotone_inactive_global_v1,role_aware_pmf_cal_v1,rotation,derived_from_projected_minutes,22.4658,22.0404,0.05,2.2574,2.2574,2,3,0.1425,0.8575,0.7219,0.4719,0.1474,0.0462,0.011,0.0013,0.0001,0.0,0.0,0.0,0.0,0.0,0.0,0.0,0.0,0.0,0.0,0.0,0.0,0.4719,112.0,-112.0,-0.0562,morning,2026-05-30T16:51:22Z,494a3e93#phase10c,51235cba-0b50-441b-a7aa-b0e5bef2d559,ok,0.0,high,full,current_phase8,fallback_used,projected,derived_from_projected_minutes,bdl_plus_nba_official,2026-05-30T16:50:26Z,projected,not_available_yet,bdl_lineup_freshness_manifest,market_offered
Cason Wallace,56677833,OKC,SAS,True,21713534,ast,2.5,2.5,hardrockbet_az,-120,-110,0.5101,stat_grid:pmf_sim_v1+role_aware_pmf_cal_v1:rotation+monotone_pit_cdf_v1,phase8_role_aware_pmf_cal_v1+monotone_inactive_global_v1,role_aware_pmf_cal_v1,rotation,derived_from_projected_minutes,22.4658,22.0404,0.05,2.2574,2.2574,2,3,0.1425,0.8575,0.7219,0.4719,0.1474,0.0462,0.011,0.0013,0.0001,0.0,0.0,0.0,0.0,0.0,0.0,0.0,0.0,0.0,0.0,0.0,0.0,0.4719,112.0,-112.0,-0.0382,morning,2026-05-30T16:51:22Z,494a3e93#phase10c,51235cba-0b50-441b-a7aa-b0e5bef2d559,ok,0.0,high,full,current_phase8,fallback_used,projected,derived_from_projected_minutes,bdl_plus_nba_official,2026-05-30T16:50:26Z,projected,not_available_yet,bdl_lineup_freshness_manifest,market_offered
Cason Wallace,56677833,OKC,SAS,True,21713534,ast,2.5,2.5,rebet,-123,-108,0.5151,stat_grid:pmf_sim_v1+role_aware_pmf_cal_v1:rotation+monotone_pit_cdf_v1,phase8_role_aware_pmf_cal_v1+monotone_inactive_global_v1,role_aware_pmf_cal_v1,rotation,derived_from_projected_minutes,22.4658,22.0404,0.05,2.2574,2.2574,2,3,0.1425,0.8575,0.7219,0.4719,0.1474,0.0462,0.011,0.0013,0.0001,0.0,0.0,0.0,0.0,0.0,0.0,0.0,0.0,0.0,0.0,0.0,0.0,0.4719,112.0,-112.0,-0.0432,morning,2026-05-30T16:51:22Z,494a3e93#phase10c,51235cba-0b50-441b-a7aa-b0e5bef2d559,ok,0.0,high,full,current_phase8,fallback_used,projected,derived_from_projected_minutes,bdl_plus_nba_official,2026-05-30T16:50:26Z,projected,not_available_yet,bdl_lineup_freshness_manifest,market_offered
Cason Wallace,56677833,OKC,SAS,True,21713534,ast,2.5,2.5,hardrockbet_fl,-120,-110,0.5101,stat_grid:pmf_sim_v1+role_aware_pmf_cal_v1:rotation+monotone_pit_cdf_v1,phase8_role_aware_pmf_cal_v1+monotone_inactive_global_v1,role_aware_pmf_cal_v1,rotation,derived_from_projected_minutes,22.4658,22.0404,0.05,2.2574,2.2574,2,3,0.1425,0.8575,0.7219,0.4719,0.1474,0.0462,0.011,0.0013,0.0001,0.0,0.0,0.0,0.0,0.0,0.0,0.0,0.0,0.0,0.0,0.0,0.0,0.4719,112.0,-112.0,-0.0382,morning,2026-05-30T16:51:22Z,494a3e93#phase10c,51235cba-0b50-441b-a7aa-b0e5bef2d559,ok,0.0,high,full,current_phase8,fallback_used,projected,derived_from_projected_minutes,bdl_plus_nba_official,2026-05-30T16:50:26Z,projected,not_available_yet,bdl_lineup_freshness_manifest,market_offered
Cason Wallace,56677833,OKC,SAS,True,21713534,ast,2.5,2.5,betparx,-127,-105,0.5221,stat_grid:pmf_sim_v1+role_aware_pmf_cal_v1:rotation+monotone_pit_cdf_v1,phase8_role_aware_pmf_cal_v1+monotone_inactive_global_v1,role_aware_pmf_cal_v1,rotation,derived_from_projected_minutes,22.4658,22.0404,0.05,2.2574,2.2574,2,3,0.1425,0.8575,0.7219,0.4719,0.1474,0.0462,0.011,0.0013,0.0001,0.0,0.0,0.0,0.0,0.0,0.0,0.0,0.0,0.0,0.0,0.0,0.0,0.4719,112.0,-112.0,-0.0501,morning,2026-05-30T16:51:22Z,494a3e93#phase10c,51235cba-0b50-441b-a7aa-b0e5bef2d559,ok,0.0,high,full,current_phase8,fallback_used,projected,derived_from_projected_minutes,bdl_plus_nba_official,2026-05-30T16:50:26Z,projected,not_available_yet,bdl_lineup_freshness_manifest,market_offered
Cason Wallace,56677833,OKC,SAS,True,21713534,ast,1.5,1.5,espnbet,-425,275,0.7522,stat_grid:pmf_sim_v1+role_aware_pmf_cal_v1:rotation+monotone_pit_cdf_v1,phase8_role_aware_pmf_cal_v1+monotone_inactive_global_v1,role_aware_pmf_cal_v1,rotation,derived_from_projected_minutes,22.4658,22.0404,0.05,2.2574,2.2574,2,3,0.1425,0.8575,0.7219,0.4719,0.1474,0.0462,0.011,0.0013,0.0001,0.0,0.0,0.0,0.0,0.0,0.0,0.0,0.0,0.0,0.0,0.0,0.0,0.7219,-260.0,260.0,-0.0303,morning,2026-05-30T16:51:22Z,494a3e93#phase10c,51235cba-0b50-441b-a7aa-b0e5bef2d559,ok,0.0,high,full,current_phase8,fallback_used,projected,derived_from_projected_minutes,bdl_plus_nba_official,2026-05-30T16:50:26Z,projected,not_available_yet,bdl_lineup_freshness_manifest,market_offered
Cason Wallace,56677833,OKC,SAS,True,21713534,ast,2.5,2.5,espnbet,-125,-110,0.5147,stat_grid:pmf_sim_v1+role_aware_pmf_cal_v1:rotation+monotone_pit_cdf_v1,phase8_role_aware_pmf_cal_v1+monotone_inactive_global_v1,role_aware_pmf_cal_v1,rotation,derived_from_projected_minutes,22.4658,22.0404,0.05,2.2574,2.2574,2,3,0.1425,0.8575,0.7219,0.4719,0.1474,0.0462,0.011,0.0013,0.0001,0.0,0.0,0.0,0.0,0.0,0.0,0.0,0.0,0.0,0.0,0.0,0.0,0.4719,112.0,-112.0,-0.0428,morning,2026-05-30T16:51:22Z,494a3e93#phase10c,51235cba-0b50-441b-a7aa-b0e5bef2d559,ok,0.0,high,full,current_phase8,fallback_used,projected,derived_from_projected_minutes,bdl_plus_nba_official,2026-05-30T16:50:26Z,projected,not_available_yet,bdl_lineup_freshness_manifest,market_offered
Cason Wallace,56677833,OKC,SAS,True,21713534,ast,3.5,3.5,espnbet,190,-260,0.3232,stat_grid:pmf_sim_v1+role_aware_pmf_cal_v1:rotation+monotone_pit_cdf_v1,phase8_role_aware_pmf_cal_v1+monotone_inactive_global_v1,role_aware_pmf_cal_v1,rotation,derived_from_projected_minutes,22.4658,22.0404,0.05,2.2574,2.2574,2,3,0.1425,0.8575,0.7219,0.4719,0.1474,0.0462,0.011,0.0013,0.0001,0.0,0.0,0.0,0.0,0.0,0.0,0.0,0.0,0.0,0.0,0.0,0.0,0.1474,578.0,-578.0,-0.1757,morning,2026-05-30T16:51:22Z,494a3e93#phase10c,51235cba-0b50-441b-a7aa-b0e5bef2d559,ok,0.0,high,full,current_phase8,fallback_used,projected,derived_from_projected_minutes,bdl_plus_nba_official,2026-05-30T16:50:26Z,projected,not_available_yet,bdl_lineup_freshness_manifest,market_offered
Cason Wallace,56677833,OKC,SAS,True,21713534,ast,2.5,2.5,hardrockbet,-120,-110,0.5101,stat_grid:pmf_sim_v1+role_aware_pmf_cal_v1:rotation+monotone_pit_cdf_v1,phase8_role_aware_pmf_cal_v1+monotone_inactive_global_v1,role_aware_pmf_cal_v1,rotation,derived_from_projected_minutes,22.4658,22.0404,0.05,2.2574,2.2574,2,3,0.1425,0.8575,0.7219,0.4719,0.1474,0.0462,0.011,0.0013,0.0001,0.0,0.0,0.0,0.0,0.0,0.0,0.0,0.0,0.0,0.0,0.0,0.0,0.4719,112.0,-112.0,-0.0382,morning,2026-05-30T16:51:22Z,494a3e93#phase10c,51235cba-0b50-441b-a7aa-b0e5bef2d559,ok,0.0,high,full,current_phase8,fallback_used,projected,derived_from_projected_minutes,bdl_plus_nba_official,2026-05-30T16:50:26Z,projected,not_available_yet,bdl_lineup_freshness_manifest,market_offered
Cason Wallace,56677833,OKC,SAS,True,21713534,ast,2.5,2.5,fliff,-130,-110,0.519,stat_grid:pmf_sim_v1+role_aware_pmf_cal_v1:rotation+monotone_pit_cdf_v1,phase8_role_aware_pmf_cal_v1+monotone_inactive_global_v1,role_aware_pmf_cal_v1,rotation,derived_from_projected_minutes,22.4658,22.0404,0.05,2.2574,2.2574,2,3,0.1425,0.8575,0.7219,0.4719,0.1474,0.0462,0.011,0.0013,0.0001,0.0,0.0,0.0,0.0,0.0,0.0,0.0,0.0,0.0,0.0,0.0,0.0,0.4719,112.0,-112.0,-0.0471,morning,2026-05-30T16:51:22Z,494a3e93#phase10c,51235cba-0b50-441b-a7aa-b0e5bef2d559,ok,0.0,high,full,current_phase8,fallback_used,projected,derived_from_projected_minutes,bdl_plus_nba_official,2026-05-30T16:50:26Z,projected,not_available_yet,bdl_lineup_freshness_manifest,market_offered
Cason Wallace,56677833,OKC,SAS,True,21713534,fg3m,1.5,1.5,williamhill_us,-108,-122,0.4858,stat_grid:fg3m_hurdle_v1+role_aware_pmf_cal_v1:rotation+monotone_pit_cdf_v1+sparse_hurdle_guarded,phase8_role_aware_pmf_cal_v1+monotone_inactive_global_v1,role_aware_pmf_cal_v1,rotation,derived_from_projected_minutes,22.4658,22.0404,0.05,1.2192,1.2192,1,0,0.4612,0.5388,0.2079,0.1041,0.0307,0.0307,0.0307,0.0307,0.0307,0.0307,0.0307,0.0307,0.0307,0.0307,0.0307,0.0307,0.0,0.0,0.0,0.0,0.0,0.2079,381.0,-381.0,-0.2779,morning,2026-05-30T16:51:22Z,494a3e93#phase10c,51235cba-0b50-441b-a7aa-b0e5bef2d559,ok,0.0,high,full,current_phase8,fallback_used,projected,derived_from_projected_minutes,bdl_plus_nba_official,2026-05-30T16:50:26Z,projected,not_available_yet,bdl_lineup_freshness_manifest,market_offered
Cason Wallace,56677833,OKC,SAS,True,21713534,fg3m,1.5,1.5,fanduel,-106,-125,0.4808,stat_grid:fg3m_hurdle_v1+role_aware_pmf_cal_v1:rotation+monotone_pit_cdf_v1+sparse_hurdle_guarded,phase8_role_aware_pmf_cal_v1+monotone_inactive_global_v1,role_aware_pmf_cal_v1,rotation,derived_from_projected_minutes,22.4658,22.0404,0.05,1.2192,1.2192,1,0,0.4612,0.5388,0.2079,0.1041,0.0307,0.0307,0.0307,0.0307,0.0307,0.0307,0.0307,0.0307,0.0307,0.0307,0.0307,0.0307,0.0,0.0,0.0,0.0,0.0,0.2079,381.0,-381.0,-0.2729,morning,2026-05-30T16:51:22Z,494a3e93#phase10c,51235cba-0b50-441b-a7aa-b0e5bef2d559,ok,0.0,high,full,current_phase8,fallback_used,projected,derived_from_projected_minutes,bdl_plus_nba_official,2026-05-30T16:50:26Z,projected,not_available_yet,bdl_lineup_freshness_manifest,market_offered
Cason Wallace,56677833,OKC,SAS,True,21713534,fg3m,2.5,2.5,fanduel,300,-440,0.2348,stat_grid:fg3m_hurdle_v1+role_aware_pmf_cal_v1:rotation+monotone_pit_cdf_v1+sparse_hurdle_guarded,phase8_role_aware_pmf_cal_v1+monotone_inactive_global_v1,role_aware_pmf_cal_v1,rotation,derived_from_projected_minutes,22.4658,22.0404,0.05,1.2192,1.2192,1,0,0.4612,0.5388,0.2079,0.1041,0.0307,0.0307,0.0307,0.0307,0.0307,0.0307,0.0307,0.0307,0.0307,0.0307,0.0307,0.0307,0.0,0.0,0.0,0.0,0.0,0.1041,861.0,-861.0,-0.1307,morning,2026-05-30T16:51:22Z,494a3e93#phase10c,51235cba-0b50-441b-a7aa-b0e5bef2d559,ok,0.0,high,full,current_phase8,fallback_used,projected,derived_from_projected_minutes,bdl_plus_nba_official,2026-05-30T16:50:26Z,projected,not_available_yet,bdl_lineup_freshness_manifest,market_offered
Cason Wallace,56677833,OKC,SAS,True,21713534,fg3m,1.5,1.5,fanduel,-104,-125,0.4785,stat_grid:fg3m_hurdle_v1+role_aware_pmf_cal_v1:rotation+monotone_pit_cdf_v1+sparse_hurdle_guarded,phase8_role_aware_pmf_cal_v1+monotone_inactive_global_v1,role_aware_pmf_cal_v1,rotation,derived_from_projected_minutes,22.4658,22.0404,0.05,1.2192,1.2192,1,0,0.4612,0.5388,0.2079,0.1041,0.0307,0.0307,0.0307,0.0307,0.0307,0.0307,0.0307,0.0307,0.0307,0.0307,0.0307,0.0307,0.0,0.0,0.0,0.0,0.0,0.2079,381.0,-381.0,-0.2706,morning,2026-05-30T16:51:22Z,494a3e93#phase10c,51235cba-0b50-441b-a7aa-b0e5bef2d559,ok,0.0,high,full,current_phase8,fallback_used,projected,derived_from_projected_minutes,bdl_plus_nba_official,2026-05-30T16:50:26Z,projected,not_available_yet,bdl_lineup_freshness_manifest,market_offered
Cason Wallace,56677833,OKC,SAS,True,21713534,fg3m,0.5,0.5,fanduel,-500,320,0.7778,stat_grid:fg3m_hurdle_v1+role_aware_pmf_cal_v1:rotation+monotone_pit_cdf_v1+sparse_hurdle_guarded,phase8_role_aware_pmf_cal_v1+monotone_inactive_global_v1,role_aware_pmf_cal_v1,rotation,derived_from_projected_minutes,22.4658,22.0404,0.05,1.2192,1.2192,1,0,0.4612,0.5388,0.2079,0.1041,0.0307,0.0307,0.0307,0.0307,0.0307,0.0307,0.0307,0.0307,0.0307,0.0307,0.0307,0.0307,0.0,0.0,0.0,0.0,0.0,0.5388,-117.0,117.0,-0.2389,morning,2026-05-30T16:51:22Z,494a3e93#phase10c,51235cba-0b50-441b-a7aa-b0e5bef2d559,ok,0.0,high,full,current_phase8,fallback_used,projected,derived_from_projected_minutes,bdl_plus_nba_official,2026-05-30T16:50:26Z,projected,not_available_yet,bdl_lineup_freshness_manifest,market_offered
Cason Wallace,56677833,OKC,SAS,True,21713534,fg3m,1.5,1.5,betrivers,-112,-122,0.4901,stat_grid:fg3m_hurdle_v1+role_aware_pmf_cal_v1:rotation+monotone_pit_cdf_v1+sparse_hurdle_guarded,phase8_role_aware_pmf_cal_v1+monotone_inactive_global_v1,role_aware_pmf_cal_v1,rotation,derived_from_projected_minutes,22.4658,22.0404,0.05,1.2192,1.2192,1,0,0.4612,0.5388,0.2079,0.1041,0.0307,0.0307,0.0307,0.0307,0.0307,0.0307,0.0307,0.0307,0.0307,0.0307,0.0307,0.0307,0.0,0.0,0.0,0.0,0.0,0.2079,381.0,-381.0,-0.2822,morning,2026-05-30T16:51:22Z,494a3e93#phase10c,51235cba-0b50-441b-a7aa-b0e5bef2d559,ok,0.0,high,full,current_phase8,fallback_used,projected,derived_from_projected_minutes,bdl_plus_nba_official,2026-05-30T16:50:26Z,projected,not_available_yet,bdl_lineup_freshness_manifest,market_offered
Cason Wallace,56677833,OKC,SAS,True,21713534,fg3m,1.5,1.5,betmgm,-115,-115,0.5,stat_grid:fg3m_hurdle_v1+role_aware_pmf_cal_v1:rotation+monotone_pit_cdf_v1+sparse_hurdle_guarded,phase8_role_aware_pmf_cal_v1+monotone_inactive_global_v1,role_aware_pmf_cal_v1,rotation,derived_from_projected_minutes,22.4658,22.0404,0.05,1.2192,1.2192,1,0,0.4612,0.5388,0.2079,0.1041,0.0307,0.0307,0.0307,0.0307,0.0307,0.0307,0.0307,0.0307,0.0307,0.0307,0.0307,0.0307,0.0,0.0,0.0,0.0,0.0,0.2079,381.0,-381.0,-0.2921,morning,2026-05-30T16:51:22Z,494a3e93#phase10c,51235cba-0b50-441b-a7aa-b0e5bef2d559,ok,0.0,high,full,current_phase8,fallback_used,projected,derived_from_projected_minutes,bdl_plus_nba_official,2026-05-30T16:50:26Z,projected,not_available_yet,bdl_lineup_freshness_manifest,market_offered
Cason Wallace,56677833,OKC,SAS,True,21713534,fg3m,1.5,1.5,bovada,-105,-125,0.4797,stat_grid:fg3m_hurdle_v1+role_aware_pmf_cal_v1:rotation+monotone_pit_cdf_v1+sparse_hurdle_guarded,phase8_role_aware_pmf_cal_v1+monotone_inactive_global_v1,role_aware_pmf_cal_v1,rotation,derived_from_projected_minutes,22.4658,22.0404,0.05,1.2192,1.2192,1,0,0.4612,0.5388,0.2079,0.1041,0.0307,0.0307,0.0307,0.0307,0.0307,0.0307,0.0307,0.0307,0.0307,0.0307,0.0307,0.0307,0.0,0.0,0.0,0.0,0.0,0.2079,381.0,-381.0,-0.2718,morning,2026-05-30T16:51:22Z,494a3e93#phase10c,51235cba-0b50-441b-a7aa-b0e5bef2d559,ok,0.0,high,full,current_phase8,fallback_used,projected,derived_from_projected_minutes,bdl_plus_nba_official,2026-05-30T16:50:26Z,projected,not_available_yet,bdl_lineup_freshness_manifest,market_offered
Cason Wallace,56677833,OKC,SAS,True,21713534,fg3m,1.5,1.5,draftkings,-104,-126,0.4776,stat_grid:fg3m_hurdle_v1+role_aware_pmf_cal_v1:rotation+monotone_pit_cdf_v1+sparse_hurdle_guarded,phase8_role_aware_pmf_cal_v1+monotone_inactive_global_v1,role_aware_pmf_cal_v1,rotation,derived_from_projected_minutes,22.4658,22.0404,0.05,1.2192,1.2192,1,0,0.4612,0.5388,0.2079,0.1041,0.0307,0.0307,0.0307,0.0307,0.0307,0.0307,0.0307,0.0307,0.0307,0.0307,0.0307,0.0307,0.0,0.0,0.0,0.0,0.0,0.2079,381.0,-381.0,-0.2697,morning,2026-05-30T16:51:22Z,494a3e93#phase10c,51235cba-0b50-441b-a7aa-b0e5bef2d559,ok,0.0,high,full,current_phase8,fallback_used,projected,derived_from_projected_minutes,bdl_plus_nba_official,2026-05-30T16:50:26Z,projected,not_available_yet,bdl_lineup_freshness_manifest,market_offered
Cason Wallace,56677833,OKC,SAS,True,21713534,fg3m,1.5,1.5,hardrockbet,-110,-120,0.4899,stat_grid:fg3m_hurdle_v1+role_aware_pmf_cal_v1:rotation+monotone_pit_cdf_v1+sparse_hurdle_guarded,phase8_role_aware_pmf_cal_v1+monotone_inactive_global_v1,role_aware_pmf_cal_v1,rotation,derived_from_projected_minutes,22.4658,22.0404,0.05,1.2192,1.2192,1,0,0.4612,0.5388,0.2079,0.1041,0.0307,0.0307,0.0307,0.0307,0.0307,0.0307,0.0307,0.0307,0.0307,0.0307,0.0307,0.0307,0.0,0.0,0.0,0.0,0.0,0.2079,381.0,-381.0,-0.2819,morning,2026-05-30T16:51:22Z,494a3e93#phase10c,51235cba-0b50-441b-a7aa-b0e5bef2d559,ok,0.0,high,full,current_phase8,fallback_used,projected,derived_from_projected_minutes,bdl_plus_nba_official,2026-05-30T16:50:26Z,projected,not_available_yet,bdl_lineup_freshness_manifest,market_offered
Cason Wallace,56677833,OKC,SAS,True,21713534,fg3m,1.5,1.5,hardrockbet_fl,-110,-120,0.4899,stat_grid:fg3m_hurdle_v1+role_aware_pmf_cal_v1:rotation+monotone_pit_cdf_v1+sparse_hurdle_guarded,phase8_role_aware_pmf_cal_v1+monotone_inactive_global_v1,role_aware_pmf_cal_v1,rotation,derived_from_projected_minutes,22.4658,22.0404,0.05,1.2192,1.2192,1,0,0.4612,0.5388,0.2079,0.1041,0.0307,0.0307,0.0307,0.0307,0.0307,0.0307,0.0307,0.0307,0.0307,0.0307,0.0307,0.0307,0.0,0.0,0.0,0.0,0.0,0.2079,381.0,-381.0,-0.2819,morning,2026-05-30T16:51:22Z,494a3e93#phase10c,51235cba-0b50-441b-a7aa-b0e5bef2d559,ok,0.0,high,full,current_phase8,fallback_used,projected,derived_from_projected_minutes,bdl_plus_nba_official,2026-05-30T16:50:26Z,projected,not_available_yet,bdl_lineup_freshness_manifest,market_offered
Cason Wallace,56677833,OKC,SAS,True,21713534,fg3m,1.5,1.5,rebet,-104,-127,0.4768,stat_grid:fg3m_hurdle_v1+role_aware_pmf_cal_v1:rotation+monotone_pit_cdf_v1+sparse_hurdle_guarded,phase8_role_aware_pmf_cal_v1+monotone_inactive_global_v1,role_aware_pmf_cal_v1,rotation,derived_from_projected_minutes,22.4658,22.0404,0.05,1.2192,1.2192,1,0,0.4612,0.5388,0.2079,0.1041,0.0307,0.0307,0.0307,0.0307,0.0307,0.0307,0.0307,0.0307,0.0307,0.0307,0.0307,0.0307,0.0,0.0,0.0,0.0,0.0,0.2079,381.0,-381.0,-0.2688,morning,2026-05-30T16:51:22Z,494a3e93#phase10c,51235cba-0b50-441b-a7aa-b0e5bef2d559,ok,0.0,high,full,current_phase8,fallback_used,projected,derived_from_projected_minutes,bdl_plus_nba_official,2026-05-30T16:50:26Z,projected,not_available_yet,bdl_lineup_freshness_manifest,market_offered
Cason Wallace,56677833,OKC,SAS,True,21713534,fg3m,1.5,1.5,hardrockbet_az,-110,-120,0.4899,stat_grid:fg3m_hurdle_v1+role_aware_pmf_cal_v1:rotation+monotone_pit_cdf_v1+sparse_hurdle_guarded,phase8_role_aware_pmf_cal_v1+monotone_inactive_global_v1,role_aware_pmf_cal_v1,rotation,derived_from_projected_minutes,22.4658,22.0404,0.05,1.2192,1.2192,1,0,0.4612,0.5388,0.2079,0.1041,0.0307,0.0307,0.0307,0.0307,0.0307,0.0307,0.0307,0.0307,0.0307,0.0307,0.0307,0.0307,0.0,0.0,0.0,0.0,0.0,0.2079,381.0,-381.0,-0.2819,morning,2026-05-30T16:51:22Z,494a3e93#phase10c,51235cba-0b50-441b-a7aa-b0e5bef2d559,ok,0.0,high,full,current_phase8,fallback_used,projected,derived_from_projected_minutes,bdl_plus_nba_official,2026-05-30T16:50:26Z,projected,not_available_yet,bdl_lineup_freshness_manifest,market_offered
Cason Wallace,56677833,OKC,SAS,True,21713534,fg3m,1.5,1.5,betparx,-109,-121,0.4878,stat_grid:fg3m_hurdle_v1+role_aware_pmf_cal_v1:rotation+monotone_pit_cdf_v1+sparse_hurdle_guarded,phase8_role_aware_pmf_cal_v1+monotone_inactive_global_v1,role_aware_pmf_cal_v1,rotation,derived_from_projected_minutes,22.4658,22.0404,0.05,1.2192,1.2192,1,0,0.4612,0.5388,0.2079,0.1041,0.0307,0.0307,0.0307,0.0307,0.0307,0.0307,0.0307,0.0307,0.0307,0.0307,0.0307,0.0307,0.0,0.0,0.0,0.0,0.0,0.2079,381.0,-381.0,-0.2799,morning,2026-05-30T16:51:22Z,494a3e93#phase10c,51235cba-0b50-441b-a7aa-b0e5bef2d559,ok,0.0,high,full,current_phase8,fallback_used,projected,derived_from_projected_minutes,bdl_plus_nba_official,2026-05-30T16:50:26Z,projected,not_available_yet,bdl_lineup_freshness_manifest,market_offered
Cason Wallace,56677833,OKC,SAS,True,21713534,fg3m,1.5,1.5,fliff,-120,-125,0.4954,stat_grid:fg3m_hurdle_v1+role_aware_pmf_cal_v1:rotation+monotone_pit_cdf_v1+sparse_hurdle_guarded,phase8_role_aware_pmf_cal_v1+monotone_inactive_global_v1,role_aware_pmf_cal_v1,rotation,derived_from_projected_minutes,22.4658,22.0404,0.05,1.2192,1.2192,1,0,0.4612,0.5388,0.2079,0.1041,0.0307,0.0307,0.0307,0.0307,0.0307,0.0307,0.0307,0.0307,0.0307,0.0307,0.0307,0.0307,0.0,0.0,0.0,0.0,0.0,0.2079,381.0,-381.0,-0.2875,morning,2026-05-30T16:51:22Z,494a3e93#phase10c,51235cba-0b50-441b-a7aa-b0e5bef2d559,ok,0.0,high,full,current_phase8,fallback_used,projected,derived_from_projected_minutes,bdl_plus_nba_official,2026-05-30T16:50:26Z,projected,not_available_yet,bdl_lineup_freshness_manifest,market_offered
Cason Wallace,56677833,OKC,SAS,True,21713534,fg3m,0.5,0.5,espnbet,-550,340,0.7883,stat_grid:fg3m_hurdle_v1+role_aware_pmf_cal_v1:rotation+monotone_pit_cdf_v1+sparse_hurdle_guarded,phase8_role_aware_pmf_cal_v1+monotone_inactive_global_v1,role_aware_pmf_cal_v1,rotation,derived_from_projected_minutes,22.4658,22.0404,0.05,1.2192,1.2192,1,0,0.4612,0.5388,0.2079,0.1041,0.0307,0.0307,0.0307,0.0307,0.0307,0.0307,0.0307,0.0307,0.0307,0.0307,0.0307,0.0307,0.0,0.0,0.0,0.0,0.0,0.5388,-117.0,117.0,-0.2494,morning,2026-05-30T16:51:22Z,494a3e93#phase10c,51235cba-0b50-441b-a7aa-b0e5bef2d559,ok,0.0,high,full,current_phase8,fallback_used,projected,derived_from_projected_minutes,bdl_plus_nba_official,2026-05-30T16:50:26Z,projected,not_available_yet,bdl_lineup_freshness_manifest,market_offered
Cason Wallace,56677833,OKC,SAS,True,21713534,fg3m,1.5,1.5,espnbet,-105,-125,0.4797,stat_grid:fg3m_hurdle_v1+role_aware_pmf_cal_v1:rotation+monotone_pit_cdf_v1+sparse_hurdle_guarded,phase8_role_aware_pmf_cal_v1+monotone_inactive_global_v1,role_aware_pmf_cal_v1,rotation,derived_from_projected_minutes,22.4658,22.0404,0.05,1.2192,1.2192,1,0,0.4612,0.5388,0.2079,0.1041,0.0307,0.0307,0.0307,0.0307,0.0307,0.0307,0.0307,0.0307,0.0307,0.0307,0.0307,0.0307,0.0,0.0,0.0,0.0,0.0,0.2079,381.0,-381.0,-0.2718,morning,2026-05-30T16:51:22Z,494a3e93#phase10c,51235cba-0b50-441b-a7aa-b0e5bef2d559,ok,0.0,high,full,current_phase8,fallback_used,projected,derived_from_projected_minutes,bdl_plus_nba_official,2026-05-30T16:50:26Z,projected,not_available_yet,bdl_lineup_freshness_manifest,market_offered
Cason Wallace,56677833,OKC,SAS,True,21713534,fg3m,2.5,2.5,espnbet,275,-425,0.2478,stat_grid:fg3m_hurdle_v1+role_aware_pmf_cal_v1:rotation+monotone_pit_cdf_v1+sparse_hurdle_guarded,phase8_role_aware_pmf_cal_v1+monotone_inactive_global_v1,role_aware_pmf_cal_v1,rotation,derived_from_projected_minutes,22.4658,22.0404,0.05,1.2192,1.2192,1,0,0.4612,0.5388,0.2079,0.1041,0.0307,0.0307,0.0307,0.0307,0.0307,0.0307,0.0307,0.0307,0.0307,0.0307,0.0307,0.0307,0.0,0.0,0.0,0.0,0.0,0.1041,861.0,-861.0,-0.1437,morning,2026-05-30T16:51:22Z,494a3e93#phase10c,51235cba-0b50-441b-a7aa-b0e5bef2d559,ok,0.0,high,full,current_phase8,fallback_used,projected,derived_from_projected_minutes,bdl_plus_nba_official,2026-05-30T16:50:26Z,projected,not_available_yet,bdl_lineup_freshness_manifest,market_offered
Cason Wallace,56677833,OKC,SAS,True,21713534,stl,1.5,1.5,fanduel,-178,132,0.5977,stat_grid:hurdle_v1+role_aware_pmf_cal_v1:rotation+monotone_pit_cdf_v1+sparse_hurdle_guarded,phase8_role_aware_pmf_cal_v1+monotone_inactive_global_v1,role_aware_pmf_cal_v1,rotation,derived_from_projected_minutes,22.4658,22.0404,0.05,1.4468,1.4468,1,1,0.0899,0.9101,0.3778,0.1462,0.0107,0.0021,0.0,0.0,0.0,0.0,0.0,0.0,0.0,0.0,0.0,0.0,0.0,0.0,0.0,0.0,0.0,0.3778,165.0,-165.0,-0.2199,morning,2026-05-30T16:51:22Z,494a3e93#phase10c,51235cba-0b50-441b-a7aa-b0e5bef2d559,ok,0.0,high,full,current_phase8,fallback_used,projected,derived_from_projected_minutes,bdl_plus_nba_official,2026-05-30T16:50:26Z,projected,not_available_yet,bdl_lineup_freshness_manifest,market_offered
Cason Wallace,56677833,OKC,SAS,True,21713534,stl,1.5,1.5,draftkings,-180,135,0.6017,stat_grid:hurdle_v1+role_aware_pmf_cal_v1:rotation+monotone_pit_cdf_v1+sparse_hurdle_guarded,phase8_role_aware_pmf_cal_v1+monotone_inactive_global_v1,role_aware_pmf_cal_v1,rotation,derived_from_projected_minutes,22.4658,22.0404,0.05,1.4468,1.4468,1,1,0.0899,0.9101,0.3778,0.1462,0.0107,0.0021,0.0,0.0,0.0,0.0,0.0,0.0,0.0,0.0,0.0,0.0,0.0,0.0,0.0,0.0,0.0,0.3778,165.0,-165.0,-0.224,morning,2026-05-30T16:51:22Z,494a3e93#phase10c,51235cba-0b50-441b-a7aa-b0e5bef2d559,ok,0.0,high,full,current_phase8,fallback_used,projected,derived_from_projected_minutes,bdl_plus_nba_official,2026-05-30T16:50:26Z,projected,not_available_yet,bdl_lineup_freshness_manifest,market_offered
Cason Wallace,56677833,OKC,SAS,True,21713534,stl,2.5,2.5,bovada,185,-250,0.3294,stat_grid:hurdle_v1+role_aware_pmf_cal_v1:rotation+monotone_pit_cdf_v1+sparse_hurdle_guarded,phase8_role_aware_pmf_cal_v1+monotone_inactive_global_v1,role_aware_pmf_cal_v1,rotation,derived_from_projected_minutes,22.4658,22.0404,0.05,1.4468,1.4468,1,1,0.0899,0.9101,0.3778,0.1462,0.0107,0.0021,0.0,0.0,0.0,0.0,0.0,0.0,0.0,0.0,0.0,0.0,0.0,0.0,0.0,0.0,0.0,0.1462,584.0,-584.0,-0.1832,morning,2026-05-30T16:51:22Z,494a3e93#phase10c,51235cba-0b50-441b-a7aa-b0e5bef2d559,ok,0.0,high,full,current_phase8,fallback_used,projected,derived_from_projected_minutes,bdl_plus_nba_official,2026-05-30T16:50:26Z,projected,not_available_yet,bdl_lineup_freshness_manifest,market_offered
Cason Wallace,56677833,OKC,SAS,True,21713534,stl,1.5,1.5,bovada,-180,135,0.6017,stat_grid:hurdle_v1+role_aware_pmf_cal_v1:rotation+monotone_pit_cdf_v1+sparse_hurdle_guarded,phase8_role_aware_pmf_cal_v1+monotone_inactive_global_v1,role_aware_pmf_cal_v1,rotation,derived_from_projected_minutes,22.4658,22.0404,0.05,1.4468,1.4468,1,1,0.0899,0.9101,0.3778,0.1462,0.0107,0.0021,0.0,0.0,0.0,0.0,0.0,0.0,0.0,0.0,0.0,0.0,0.0,0.0,0.0,0.0,0.0,0.3778,165.0,-165.0,-0.224,morning,2026-05-30T16:51:22Z,494a3e93#phase10c,51235cba-0b50-441b-a7aa-b0e5bef2d559,ok,0.0,high,full,current_phase8,fallback_used,projected,derived_from_projected_minutes,bdl_plus_nba_official,2026-05-30T16:50:26Z,projected,not_available_yet,bdl_lineup_freshness_manifest,market_offered
Cason Wallace,56677833,OKC,SAS,True,21713534,stl,1.5,1.5,hardrockbet,-185,130,0.5989,stat_grid:hurdle_v1+role_aware_pmf_cal_v1:rotation+monotone_pit_cdf_v1+sparse_hurdle_guarded,phase8_role_aware_pmf_cal_v1+monotone_inactive_global_v1,role_aware_pmf_cal_v1,rotation,derived_from_projected_minutes,22.4658,22.0404,0.05,1.4468,1.4468,1,1,0.0899,0.9101,0.3778,0.1462,0.0107,0.0021,0.0,0.0,0.0,0.0,0.0,0.0,0.0,0.0,0.0,0.0,0.0,0.0,0.0,0.0,0.0,0.3778,165.0,-165.0,-0.2211,morning,2026-05-30T16:51:22Z,494a3e93#phase10c,51235cba-0b50-441b-a7aa-b0e5bef2d559,ok,0.0,high,full,current_phase8,fallback_used,projected,derived_from_projected_minutes,bdl_plus_nba_official,2026-05-30T16:50:26Z,projected,not_available_yet,bdl_lineup_freshness_manifest,market_offered
Cason Wallace,56677833,OKC,SAS,True,21713534,stl,1.5,1.5,hardrockbet_fl,-185,130,0.5989,stat_grid:hurdle_v1+role_aware_pmf_cal_v1:rotation+monotone_pit_cdf_v1+sparse_hurdle_guarded,phase8_role_aware_pmf_cal_v1+monotone_inactive_global_v1,role_aware_pmf_cal_v1,rotation,derived_from_projected_minutes,22.4658,22.0404,0.05,1.4468,1.4468,1,1,0.0899,0.9101,0.3778,0.1462,0.0107,0.0021,0.0,0.0,0.0,0.0,0.0,0.0,0.0,0.0,0.0,0.0,0.0,0.0,0.0,0.0,0.0,0.3778,165.0,-165.0,-0.2211,morning,2026-05-30T16:51:22Z,494a3e93#phase10c,51235cba-0b50-441b-a7aa-b0e5bef2d559,ok,0.0,high,full,current_phase8,fallback_used,projected,derived_from_projected_minutes,bdl_plus_nba_official,2026-05-30T16:50:26Z,projected,not_available_yet,bdl_lineup_freshness_manifest,market_offered
Cason Wallace,56677833,OKC,SAS,True,21713534,stl,1.5,1.5,hardrockbet_az,-185,130,0.5989,stat_grid:hurdle_v1+role_aware_pmf_cal_v1:rotation+monotone_pit_cdf_v1+sparse_hurdle_guarded,phase8_role_aware_pmf_cal_v1+monotone_inactive_global_v1,role_aware_pmf_cal_v1,rotation,derived_from_projected_minutes,22.4658,22.0404,0.05,1.4468,1.4468,1,1,0.0899,0.9101,0.3778,0.1462,0.0107,0.0021,0.0,0.0,0.0,0.0,0.0,0.0,0.0,0.0,0.0,0.0,0.0,0.0,0.0,0.0,0.0,0.3778,165.0,-165.0,-0.2211,morning,2026-05-30T16:51:22Z,494a3e93#phase10c,51235cba-0b50-441b-a7aa-b0e5bef2d559,ok,0.0,high,full,current_phase8,fallback_used,projected,derived_from_projected_minutes,bdl_plus_nba_official,2026-05-30T16:50:26Z,projected,not_available_yet,bdl_lineup_freshness_manifest,market_offered
Cason Wallace,56677833,OKC,SAS,True,21713534,stl,1.5,1.5,betparx,-157,118,0.5711,stat_grid:hurdle_v1+role_aware_pmf_cal_v1:rotation+monotone_pit_cdf_v1+sparse_hurdle_guarded,phase8_role_aware_pmf_cal_v1+monotone_inactive_global_v1,role_aware_pmf_cal_v1,rotation,derived_from_projected_minutes,22.4658,22.0404,0.05,1.4468,1.4468,1,1,0.0899,0.9101,0.3778,0.1462,0.0107,0.0021,0.0,0.0,0.0,0.0,0.0,0.0,0.0,0.0,0.0,0.0,0.0,0.0,0.0,0.0,0.0,0.3778,165.0,-165.0,-0.1934,morning,2026-05-30T16:51:22Z,494a3e93#phase10c,51235cba-0b50-441b-a7aa-b0e5bef2d559,ok,0.0,high,full,current_phase8,fallback_used,projected,derived_from_projected_minutes,bdl_plus_nba_official,2026-05-30T16:50:26Z,projected,not_available_yet,bdl_lineup_freshness_manifest,market_offered
Cason Wallace,56677833,OKC,SAS,True,21713534,stl,1.5,1.5,fliff,-205,140,0.6173,stat_grid:hurdle_v1+role_aware_pmf_cal_v1:rotation+monotone_pit_cdf_v1+sparse_hurdle_guarded,phase8_role_aware_pmf_cal_v1+monotone_inactive_global_v1,role_aware_pmf_cal_v1,rotation,derived_from_projected_minutes,22.4658,22.0404,0.05,1.4468,1.4468,1,1,0.0899,0.9101,0.3778,0.1462,0.0107,0.0021,0.0,0.0,0.0,0.0,0.0,0.0,0.0,0.0,0.0,0.0,0.0,0.0,0.0,0.0,0.0,0.3778,165.0,-165.0,-0.2396,morning,2026-05-30T16:51:22Z,494a3e93#phase10c,51235cba-0b50-441b-a7aa-b0e5bef2d559,ok,0.0,high,full,current_phase8,fallback_used,projected,derived_from_projected_minutes,bdl_plus_nba_official,2026-05-30T16:50:26Z,projected,not_available_yet,bdl_lineup_freshness_manifest,market_offered
Cason Wallace,56677833,OKC,SAS,True,21713534,blk,0.5,0.5,bovada,150,-200,0.375,stat_grid:hurdle_v1+role_aware_pmf_cal_v1:rotation+monotone_pit_cdf_v1+sparse_hurdle_guarded,phase8_role_aware_pmf_cal_v1+monotone_inactive_global_v1,role_aware_pmf_cal_v1,rotation,derived_from_projected_minutes,22.4658,22.0404,0.05,0.2488,0.2488,0,0,0.7876,0.2124,0.0289,0.0075,0.0,0.0,0.0,0.0,0.0,0.0,0.0,0.0,0.0,0.0,0.0,0.0,0.0,0.0,0.0,0.0,0.0,0.2124,371.0,-371.0,-0.1626,morning,2026-05-30T16:51:22Z,494a3e93#phase10c,51235cba-0b50-441b-a7aa-b0e5bef2d559,ok,0.0,high,full,current_phase8,fallback_used,projected,derived_from_projected_minutes,bdl_plus_nba_official,2026-05-30T16:50:26Z,projected,not_available_yet,bdl_lineup_freshness_manifest,market_offered
Cason Wallace,56677833,OKC,SAS,True,21713534,blk,0.5,0.5,betmgm,170,-250,0.3415,stat_grid:hurdle_v1+role_aware_pmf_cal_v1:rotation+monotone_pit_cdf_v1+sparse_hurdle_guarded,phase8_role_aware_pmf_cal_v1+monotone_inactive_global_v1,role_aware_pmf_cal_v1,rotation,derived_from_projected_minutes,22.4658,22.0404,0.05,0.2488,0.2488,0,0,0.7876,0.2124,0.0289,0.0075,0.0,0.0,0.0,0.0,0.0,0.0,0.0,0.0,0.0,0.0,0.0,0.0,0.0,0.0,0.0,0.0,0.0,0.2124,371.0,-371.0,-0.129,morning,2026-05-30T16:51:22Z,494a3e93#phase10c,51235cba-0b50-441b-a7aa-b0e5bef2d559,ok,0.0,high,full,current_phase8,fallback_used,projected,derived_from_projected_minutes,bdl_plus_nba_official,2026-05-30T16:50:26Z,projected,not_available_yet,bdl_lineup_freshness_manifest,market_offered
Cason Wallace,56677833,OKC,SAS,True,21713534,blk,0.5,0.5,draftkings,152,-204,0.3716,stat_grid:hurdle_v1+role_aware_pmf_cal_v1:rotation+monotone_pit_cdf_v1+sparse_hurdle_guarded,phase8_role_aware_pmf_cal_v1+monotone_inactive_global_v1,role_aware_pmf_cal_v1,rotation,derived_from_projected_minutes,22.4658,22.0404,0.05,0.2488,0.2488,0,0,0.7876,0.2124,0.0289,0.0075,0.0,0.0,0.0,0.0,0.0,0.0,0.0,0.0,0.0,0.0,0.0,0.0,0.0,0.0,0.0,0.0,0.0,0.2124,371.0,-371.0,-0.1592,morning,2026-05-30T16:51:22Z,494a3e93#phase10c,51235cba-0b50-441b-a7aa-b0e5bef2d559,ok,0.0,high,full,current_phase8,fallback_used,projected,derived_from_projected_minutes,bdl_plus_nba_official,2026-05-30T16:50:26Z,projected,not_available_yet,bdl_lineup_freshness_manifest,market_offered
Cason Wallace,56677833,OKC,SAS,True,21713534,blk,0.5,0.5,hardrockbet_az,145,-210,0.376,stat_grid:hurdle_v1+role_aware_pmf_cal_v1:rotation+monotone_pit_cdf_v1+sparse_hurdle_guarded,phase8_role_aware_pmf_cal_v1+monotone_inactive_global_v1,role_aware_pmf_cal_v1,rotation,derived_from_projected_minutes,22.4658,22.0404,0.05,0.2488,0.2488,0,0,0.7876,0.2124,0.0289,0.0075,0.0,0.0,0.0,0.0,0.0,0.0,0.0,0.0,0.0,0.0,0.0,0.0,0.0,0.0,0.0,0.0,0.0,0.2124,371.0,-371.0,-0.1635,morning,2026-05-30T16:51:22Z,494a3e93#phase10c,51235cba-0b50-441b-a7aa-b0e5bef2d559,ok,0.0,high,full,current_phase8,fallback_used,projected,derived_from_projected_minutes,bdl_plus_nba_official,2026-05-30T16:50:26Z,projected,not_available_yet,bdl_lineup_freshness_manifest,market_offered
Cason Wallace,56677833,OKC,SAS,True,21713534,blk,0.5,0.5,hardrockbet_fl,145,-210,0.376,stat_grid:hurdle_v1+role_aware_pmf_cal_v1:rotation+monotone_pit_cdf_v1+sparse_hurdle_guarded,phase8_role_aware_pmf_cal_v1+monotone_inactive_global_v1,role_aware_pmf_cal_v1,rotation,derived_from_projected_minutes,22.4658,22.0404,0.05,0.2488,0.2488,0,0,0.7876,0.2124,0.0289,0.0075,0.0,0.0,0.0,0.0,0.0,0.0,0.0,0.0,0.0,0.0,0.0,0.0,0.0,0.0,0.0,0.0,0.0,0.2124,371.0,-371.0,-0.1635,morning,2026-05-30T16:51:22Z,494a3e93#phase10c,51235cba-0b50-441b-a7aa-b0e5bef2d559,ok,0.0,high,full,current_phase8,fallback_used,projected,derived_from_projected_minutes,bdl_plus_nba_official,2026-05-30T16:50:26Z,projected,not_available_yet,bdl_lineup_freshness_manifest,market_offered
Cason Wallace,56677833,OKC,SAS,True,21713534,blk,0.5,0.5,betparx,165,-230,0.3513,stat_grid:hurdle_v1+role_aware_pmf_cal_v1:rotation+monotone_pit_cdf_v1+sparse_hurdle_guarded,phase8_role_aware_pmf_cal_v1+monotone_inactive_global_v1,role_aware_pmf_cal_v1,rotation,derived_from_projected_minutes,22.4658,22.0404,0.05,0.2488,0.2488,0,0,0.7876,0.2124,0.0289,0.0075,0.0,0.0,0.0,0.0,0.0,0.0,0.0,0.0,0.0,0.0,0.0,0.0,0.0,0.0,0.0,0.0,0.0,0.2124,371.0,-371.0,-0.1388,morning,2026-05-30T16:51:22Z,494a3e93#phase10c,51235cba-0b50-441b-a7aa-b0e5bef2d559,ok,0.0,high,full,current_phase8,fallback_used,projected,derived_from_projected_minutes,bdl_plus_nba_official,2026-05-30T16:50:26Z,projected,not_available_yet,bdl_lineup_freshness_manifest,market_offered
Cason Wallace,56677833,OKC,SAS,True,21713534,blk,0.5,0.5,hardrockbet,145,-210,0.376,stat_grid:hurdle_v1+role_aware_pmf_cal_v1:rotation+monotone_pit_cdf_v1+sparse_hurdle_guarded,phase8_role_aware_pmf_cal_v1+monotone_inactive_global_v1,role_aware_pmf_cal_v1,rotation,derived_from_projected_minutes,22.4658,22.0404,0.05,0.2488,0.2488,0,0,0.7876,0.2124,0.0289,0.0075,0.0,0.0,0.0,0.0,0.0,0.0,0.0,0.0,0.0,0.0,0.0,0.0,0.0,0.0,0.0,0.0,0.0,0.2124,371.0,-371.0,-0.1635,morning,2026-05-30T16:51:22Z,494a3e93#phase10c,51235cba-0b50-441b-a7aa-b0e5bef2d559,ok,0.0,high,full,current_phase8,fallback_used,projected,derived_from_projected_minutes,bdl_plus_nba_official,2026-05-30T16:50:26Z,projected,not_available_yet,bdl_lineup_freshness_manifest,market_offered
Cason Wallace,56677833,OKC,SAS,True,21713534,stocks,2.5,2.5,draftkings,-101,-131,0.4698,"stat_grid:component_convolution_mean_coherent_v1+components[stl:hurdle_v1+role_aware_pmf_cal_v1:rotation+monotone_pit_cdf_v1+sparse_hurdle_guarded,blk:hurdle_v1+role_aware_pmf_cal_v1:rotation+monotone_pit_cdf_v1+sparse_hurdle_guarded]+prior_combo[joint_sampler_v1+joint_combo_pmf_v1+role_aware_pmf_cal_v1:rotation+monotone_pit_cdf_v1+sparse_hurdle_guarded]+stat_grid_final_component_convolution_mean_coherent_v1",phase8_role_aware_pmf_cal_v1+monotone_inactive_global_v1,phase8_pmf_cal,rotation,derived_from_projected_minutes,22.4658,22.0404,0.05,1.6956,1.6956,1,1,0.0708,0.9292,0.4934,0.2115,0.0502,0.0096,0.0017,0.0001,0.0,0.0,0.0,0.0,0.0,0.0,0.0,0.0,0.0,0.0,0.0,0.0,0.0,0.2114,373.0,-373.0,-0.2583,morning,2026-05-30T16:51:22Z,494a3e93#phase10c,51235cba-0b50-441b-a7aa-b0e5bef2d559,ok,0.0,high,full,current_phase8,fallback_used,projected,derived_from_projected_minutes,bdl_plus_nba_official,2026-05-30T16:50:26Z,projected,not_available_yet,bdl_lineup_freshness_manifest,market_offered
Cason Wallace,56677833,OKC,SAS,True,21713534,stocks,2.5,2.5,hardrockbet_az,100,-140,0.4615,"stat_grid:component_convolution_mean_coherent_v1+components[stl:hurdle_v1+role_aware_pmf_cal_v1:rotation+monotone_pit_cdf_v1+sparse_hurdle_guarded,blk:hurdle_v1+role_aware_pmf_cal_v1:rotation+monotone_pit_cdf_v1+sparse_hurdle_guarded]+prior_combo[joint_sampler_v1+joint_combo_pmf_v1+role_aware_pmf_cal_v1:rotation+monotone_pit_cdf_v1+sparse_hurdle_guarded]+stat_grid_final_component_convolution_mean_coherent_v1",phase8_role_aware_pmf_cal_v1+monotone_inactive_global_v1,phase8_pmf_cal,rotation,derived_from_projected_minutes,22.4658,22.0404,0.05,1.6956,1.6956,1,1,0.0708,0.9292,0.4934,0.2115,0.0502,0.0096,0.0017,0.0001,0.0,0.0,0.0,0.0,0.0,0.0,0.0,0.0,0.0,0.0,0.0,0.0,0.0,0.2114,373.0,-373.0,-0.2501,morning,2026-05-30T16:51:22Z,494a3e93#phase10c,51235cba-0b50-441b-a7aa-b0e5bef2d559,ok,0.0,high,full,current_phase8,fallback_used,projected,derived_from_projected_minutes,bdl_plus_nba_official,2026-05-30T16:50:26Z,projected,not_available_yet,bdl_lineup_freshness_manifest,market_offered
Cason Wallace,56677833,OKC,SAS,True,21713534,stocks,2.5,2.5,hardrockbet_fl,100,-140,0.4615,"stat_grid:component_convolution_mean_coherent_v1+components[stl:hurdle_v1+role_aware_pmf_cal_v1:rotation+monotone_pit_cdf_v1+sparse_hurdle_guarded,blk:hurdle_v1+role_aware_pmf_cal_v1:rotation+monotone_pit_cdf_v1+sparse_hurdle_guarded]+prior_combo[joint_sampler_v1+joint_combo_pmf_v1+role_aware_pmf_cal_v1:rotation+monotone_pit_cdf_v1+sparse_hurdle_guarded]+stat_grid_final_component_convolution_mean_coherent_v1",phase8_role_aware_pmf_cal_v1+monotone_inactive_global_v1,phase8_pmf_cal,rotation,derived_from_projected_minutes,22.4658,22.0404,0.05,1.6956,1.6956,1,1,0.0708,0.9292,0.4934,0.2115,0.0502,0.0096,0.0017,0.0001,0.0,0.0,0.0,0.0,0.0,0.0,0.0,0.0,0.0,0.0,0.0,0.0,0.0,0.2114,373.0,-373.0,-0.2501,morning,2026-05-30T16:51:22Z,494a3e93#phase10c,51235cba-0b50-441b-a7aa-b0e5bef2d559,ok,0.0,high,full,current_phase8,fallback_used,projected,derived_from_projected_minutes,bdl_plus_nba_official,2026-05-30T16:50:26Z,projected,not_available_yet,bdl_lineup_freshness_manifest,market_offered
Cason Wallace,56677833,OKC,SAS,True,21713534,stocks,2.5,2.5,betparx,123,-162,0.4204,"stat_grid:component_convolution_mean_coherent_v1+components[stl:hurdle_v1+role_aware_pmf_cal_v1:rotation+monotone_pit_cdf_v1+sparse_hurdle_guarded,blk:hurdle_v1+role_aware_pmf_cal_v1:rotation+monotone_pit_cdf_v1+sparse_hurdle_guarded]+prior_combo[joint_sampler_v1+joint_combo_pmf_v1+role_aware_pmf_cal_v1:rotation+monotone_pit_cdf_v1+sparse_hurdle_guarded]+stat_grid_final_component_convolution_mean_coherent_v1",phase8_role_aware_pmf_cal_v1+monotone_inactive_global_v1,phase8_pmf_cal,rotation,derived_from_projected_minutes,22.4658,22.0404,0.05,1.6956,1.6956,1,1,0.0708,0.9292,0.4934,0.2115,0.0502,0.0096,0.0017,0.0001,0.0,0.0,0.0,0.0,0.0,0.0,0.0,0.0,0.0,0.0,0.0,0.0,0.0,0.2114,373.0,-373.0,-0.2089,morning,2026-05-30T16:51:22Z,494a3e93#phase10c,51235cba-0b50-441b-a7aa-b0e5bef2d559,ok,0.0,high,full,current_phase8,fallback_used,projected,derived_from_projected_minutes,bdl_plus_nba_official,2026-05-30T16:50:26Z,projected,not_available_yet,bdl_lineup_freshness_manifest,market_offered
Cason Wallace,56677833,OKC,SAS,True,21713534,stocks,2.5,2.5,hardrockbet,100,-140,0.4615,"stat_grid:component_convolution_mean_coherent_v1+components[stl:hurdle_v1+role_aware_pmf_cal_v1:rotation+monotone_pit_cdf_v1+sparse_hurdle_guarded,blk:hurdle_v1+role_aware_pmf_cal_v1:rotation+monotone_pit_cdf_v1+sparse_hurdle_guarded]+prior_combo[joint_sampler_v1+joint_combo_pmf_v1+role_aware_pmf_cal_v1:rotation+monotone_pit_cdf_v1+sparse_hurdle_guarded]+stat_grid_final_component_convolution_mean_coherent_v1",phase8_role_aware_pmf_cal_v1+monotone_inactive_global_v1,phase8_pmf_cal,rotation,derived_from_projected_minutes,22.4658,22.0404,0.05,1.6956,1.6956,1,1,0.0708,0.9292,0.4934,0.2115,0.0502,0.0096,0.0017,0.0001,0.0,0.0,0.0,0.0,0.0,0.0,0.0,0.0,0.0,0.0,0.0,0.0,0.0,0.2114,373.0,-373.0,-0.2501,morning,2026-05-30T16:51:22Z,494a3e93#phase10c,51235cba-0b50-441b-a7aa-b0e5bef2d559,ok,0.0,high,full,current_phase8,fallback_used,projected,derived_from_projected_minutes,bdl_plus_nba_official,2026-05-30T16:50:26Z,projected,not_available_yet,bdl_lineup_freshness_manifest,market_offered
Cason Wallace,56677833,OKC,SAS,True,21713534,pa,11.5,11.5,fanduel,-122,-108,0.5142,"stat_grid:component_convolution_mean_coherent_v1+components[pts:pmf_sim_v1+role_aware_pmf_cal_v1:rotation+monotone_pit_cdf_v1,ast:pmf_sim_v1+role_aware_pmf_cal_v1:rotation+monotone_pit_cdf_v1]+prior_combo[joint_sampler_v1+joint_combo_pmf_v1+role_aware_pmf_cal_v1:rotation+monotone_pit_cdf_v1]+stat_grid_final_component_convolution_mean_coherent_v1",phase8_role_aware_pmf_cal_v1+monotone_inactive_global_v1,phase8_pmf_cal,rotation,derived_from_projected_minutes,22.4658,22.0404,0.05,10.4022,10.4022,10,10,0.008,0.992,0.9788,0.9535,0.9107,0.8644,0.8106,0.7486,0.6823,0.6102,0.5367,0.4616,0.3893,0.3236,0.2642,0.2121,0.1677,0.129,0.0979,0.0736,0.0535,0.3893,157.0,-157.0,-0.1249,morning,2026-05-30T16:51:22Z,494a3e93#phase10c,51235cba-0b50-441b-a7aa-b0e5bef2d559,ok,0.0,high,full,current_phase8,fallback_used,projected,derived_from_projected_minutes,bdl_plus_nba_official,2026-05-30T16:50:26Z,projected,not_available_yet,bdl_lineup_freshness_manifest,market_offered
Cason Wallace,56677833,OKC,SAS,True,21713534,pa,12.5,12.5,bovada,105,-135,0.4592,"stat_grid:component_convolution_mean_coherent_v1+components[pts:pmf_sim_v1+role_aware_pmf_cal_v1:rotation+monotone_pit_cdf_v1,ast:pmf_sim_v1+role_aware_pmf_cal_v1:rotation+monotone_pit_cdf_v1]+prior_combo[joint_sampler_v1+joint_combo_pmf_v1+role_aware_pmf_cal_v1:rotation+monotone_pit_cdf_v1]+stat_grid_final_component_convolution_mean_coherent_v1",phase8_role_aware_pmf_cal_v1+monotone_inactive_global_v1,phase8_pmf_cal,rotation,derived_from_projected_minutes,22.4658,22.0404,0.05,10.4022,10.4022,10,10,0.008,0.992,0.9788,0.9535,0.9107,0.8644,0.8106,0.7486,0.6823,0.6102,0.5367,0.4616,0.3893,0.3236,0.2642,0.2121,0.1677,0.129,0.0979,0.0736,0.0535,0.3236,209.0,-209.0,-0.1356,morning,2026-05-30T16:51:22Z,494a3e93#phase10c,51235cba-0b50-441b-a7aa-b0e5bef2d559,ok,0.0,high,full,current_phase8,fallback_used,projected,derived_from_projected_minutes,bdl_plus_nba_official,2026-05-30T16:50:26Z,projected,not_available_yet,bdl_lineup_freshness_manifest,market_offered
Cason Wallace,56677833,OKC,SAS,True,21713534,pa,11.5,11.5,bovada,-125,-105,0.5203,"stat_grid:component_convolution_mean_coherent_v1+components[pts:pmf_sim_v1+role_aware_pmf_cal_v1:rotation+monotone_pit_cdf_v1,ast:pmf_sim_v1+role_aware_pmf_cal_v1:rotation+monotone_pit_cdf_v1]+prior_combo[joint_sampler_v1+joint_combo_pmf_v1+role_aware_pmf_cal_v1:rotation+monotone_pit_cdf_v1]+stat_grid_final_component_convolution_mean_coherent_v1",phase8_role_aware_pmf_cal_v1+monotone_inactive_global_v1,phase8_pmf_cal,rotation,derived_from_projected_minutes,22.4658,22.0404,0.05,10.4022,10.4022,10,10,0.008,0.992,0.9788,0.9535,0.9107,0.8644,0.8106,0.7486,0.6823,0.6102,0.5367,0.4616,0.3893,0.3236,0.2642,0.2121,0.1677,0.129,0.0979,0.0736,0.0535,0.3893,157.0,-157.0,-0.131,morning,2026-05-30T16:51:22Z,494a3e93#phase10c,51235cba-0b50-441b-a7aa-b0e5bef2d559,ok,0.0,high,full,current_phase8,fallback_used,projected,derived_from_projected_minutes,bdl_plus_nba_official,2026-05-30T16:50:26Z,projected,not_available_yet,bdl_lineup_freshness_manifest,market_offered
Cason Wallace,56677833,OKC,SAS,True,21713534,pa,10.5,10.5,bovada,-170,130,0.5915,"stat_grid:component_convolution_mean_coherent_v1+components[pts:pmf_sim_v1+role_aware_pmf_cal_v1:rotation+monotone_pit_cdf_v1,ast:pmf_sim_v1+role_aware_pmf_cal_v1:rotation+monotone_pit_cdf_v1]+prior_combo[joint_sampler_v1+joint_combo_pmf_v1+role_aware_pmf_cal_v1:rotation+monotone_pit_cdf_v1]+stat_grid_final_component_convolution_mean_coherent_v1",phase8_role_aware_pmf_cal_v1+monotone_inactive_global_v1,phase8_pmf_cal,rotation,derived_from_projected_minutes,22.4658,22.0404,0.05,10.4022,10.4022,10,10,0.008,0.992,0.9788,0.9535,0.9107,0.8644,0.8106,0.7486,0.6823,0.6102,0.5367,0.4616,0.3893,0.3236,0.2642,0.2121,0.1677,0.129,0.0979,0.0736,0.0535,0.4616,117.0,-117.0,-0.1299,morning,2026-05-30T16:51:22Z,494a3e93#phase10c,51235cba-0b50-441b-a7aa-b0e5bef2d559,ok,0.0,high,full,current_phase8,fallback_used,projected,derived_from_projected_minutes,bdl_plus_nba_official,2026-05-30T16:50:26Z,projected,not_available_yet,bdl_lineup_freshness_manifest,market_offered
Cason Wallace,56677833,OKC,SAS,True,21713534,pa,12.5,12.5,betmgm,-105,-125,0.4797,"stat_grid:component_convolution_mean_coherent_v1+components[pts:pmf_sim_v1+role_aware_pmf_cal_v1:rotation+monotone_pit_cdf_v1,ast:pmf_sim_v1+role_aware_pmf_cal_v1:rotation+monotone_pit_cdf_v1]+prior_combo[joint_sampler_v1+joint_combo_pmf_v1+role_aware_pmf_cal_v1:rotation+monotone_pit_cdf_v1]+stat_grid_final_component_convolution_mean_coherent_v1",phase8_role_aware_pmf_cal_v1+monotone_inactive_global_v1,phase8_pmf_cal,rotation,derived_from_projected_minutes,22.4658,22.0404,0.05,10.4022,10.4022,10,10,0.008,0.992,0.9788,0.9535,0.9107,0.8644,0.8106,0.7486,0.6823,0.6102,0.5367,0.4616,0.3893,0.3236,0.2642,0.2121,0.1677,0.129,0.0979,0.0736,0.0535,0.3236,209.0,-209.0,-0.1561,morning,2026-05-30T16:51:22Z,494a3e93#phase10c,51235cba-0b50-441b-a7aa-b0e5bef2d559,ok,0.0,high,full,current_phase8,fallback_used,projected,derived_from_projected_minutes,bdl_plus_nba_official,2026-05-30T16:50:26Z,projected,not_available_yet,bdl_lineup_freshness_manifest,market_offered
Cason Wallace,56677833,OKC,SAS,True,21713534,pa,11.5,11.5,draftkings,-124,-106,0.5183,"stat_grid:component_convolution_mean_coherent_v1+components[pts:pmf_sim_v1+role_aware_pmf_cal_v1:rotation+monotone_pit_cdf_v1,ast:pmf_sim_v1+role_aware_pmf_cal_v1:rotation+monotone_pit_cdf_v1]+prior_combo[joint_sampler_v1+joint_combo_pmf_v1+role_aware_pmf_cal_v1:rotation+monotone_pit_cdf_v1]+stat_grid_final_component_convolution_mean_coherent_v1",phase8_role_aware_pmf_cal_v1+monotone_inactive_global_v1,phase8_pmf_cal,rotation,derived_from_projected_minutes,22.4658,22.0404,0.05,10.4022,10.4022,10,10,0.008,0.992,0.9788,0.9535,0.9107,0.8644,0.8106,0.7486,0.6823,0.6102,0.5367,0.4616,0.3893,0.3236,0.2642,0.2121,0.1677,0.129,0.0979,0.0736,0.0535,0.3893,157.0,-157.0,-0.129,morning,2026-05-30T16:51:22Z,494a3e93#phase10c,51235cba-0b50-441b-a7aa-b0e5bef2d559,ok,0.0,high,full,current_phase8,fallback_used,projected,derived_from_projected_minutes,bdl_plus_nba_official,2026-05-30T16:50:26Z,projected,not_available_yet,bdl_lineup_freshness_manifest,market_offered
Cason Wallace,56677833,OKC,SAS,True,21713534,pa,11.5,11.5,hardrockbet_az,-120,-110,0.5101,"stat_grid:component_convolution_mean_coherent_v1+components[pts:pmf_sim_v1+role_aware_pmf_cal_v1:rotation+monotone_pit_cdf_v1,ast:pmf_sim_v1+role_aware_pmf_cal_v1:rotation+monotone_pit_cdf_v1]+prior_combo[joint_sampler_v1+joint_combo_pmf_v1+role_aware_pmf_cal_v1:rotation+monotone_pit_cdf_v1]+stat_grid_final_component_convolution_mean_coherent_v1",phase8_role_aware_pmf_cal_v1+monotone_inactive_global_v1,phase8_pmf_cal,rotation,derived_from_projected_minutes,22.4658,22.0404,0.05,10.4022,10.4022,10,10,0.008,0.992,0.9788,0.9535,0.9107,0.8644,0.8106,0.7486,0.6823,0.6102,0.5367,0.4616,0.3893,0.3236,0.2642,0.2121,0.1677,0.129,0.0979,0.0736,0.0535,0.3893,157.0,-157.0,-0.1208,morning,2026-05-30T16:51:22Z,494a3e93#phase10c,51235cba-0b50-441b-a7aa-b0e5bef2d559,ok,0.0,high,full,current_phase8,fallback_used,projected,derived_from_projected_minutes,bdl_plus_nba_official,2026-05-30T16:50:26Z,projected,not_available_yet,bdl_lineup_freshness_manifest,market_offered
Cason Wallace,56677833,OKC,SAS,True,21713534,pa,11.5,11.5,hardrockbet,-120,-110,0.5101,"stat_grid:component_convolution_mean_coherent_v1+components[pts:pmf_sim_v1+role_aware_pmf_cal_v1:rotation+monotone_pit_cdf_v1,ast:pmf_sim_v1+role_aware_pmf_cal_v1:rotation+monotone_pit_cdf_v1]+prior_combo[joint_sampler_v1+joint_combo_pmf_v1+role_aware_pmf_cal_v1:rotation+monotone_pit_cdf_v1]+stat_grid_final_component_convolution_mean_coherent_v1",phase8_role_aware_pmf_cal_v1+monotone_inactive_global_v1,phase8_pmf_cal,rotation,derived_from_projected_minutes,22.4658,22.0404,0.05,10.4022,10.4022,10,10,0.008,0.992,0.9788,0.9535,0.9107,0.8644,0.8106,0.7486,0.6823,0.6102,0.5367,0.4616,0.3893,0.3236,0.2642,0.2121,0.1677,0.129,0.0979,0.0736,0.0535,0.3893,157.0,-157.0,-0.1208,morning,2026-05-30T16:51:22Z,494a3e93#phase10c,51235cba-0b50-441b-a7aa-b0e5bef2d559,ok,0.0,high,full,current_phase8,fallback_used,projected,derived_from_projected_minutes,bdl_plus_nba_official,2026-05-30T16:50:26Z,projected,not_available_yet,bdl_lineup_freshness_manifest,market_offered
Cason Wallace,56677833,OKC,SAS,True,21713534,pa,11.5,11.5,hardrockbet_fl,-120,-110,0.5101,"stat_grid:component_convolution_mean_coherent_v1+components[pts:pmf_sim_v1+role_aware_pmf_cal_v1:rotation+monotone_pit_cdf_v1,ast:pmf_sim_v1+role_aware_pmf_cal_v1:rotation+monotone_pit_cdf_v1]+prior_combo[joint_sampler_v1+joint_combo_pmf_v1+role_aware_pmf_cal_v1:rotation+monotone_pit_cdf_v1]+stat_grid_final_component_convolution_mean_coherent_v1",phase8_role_aware_pmf_cal_v1+monotone_inactive_global_v1,phase8_pmf_cal,rotation,derived_from_projected_minutes,22.4658,22.0404,0.05,10.4022,10.4022,10,10,0.008,0.992,0.9788,0.9535,0.9107,0.8644,0.8106,0.7486,0.6823,0.6102,0.5367,0.4616,0.3893,0.3236,0.2642,0.2121,0.1677,0.129,0.0979,0.0736,0.0535,0.3893,157.0,-157.0,-0.1208,morning,2026-05-30T16:51:22Z,494a3e93#phase10c,51235cba-0b50-441b-a7aa-b0e5bef2d559,ok,0.0,high,full,current_phase8,fallback_used,projected,derived_from_projected_minutes,bdl_plus_nba_official,2026-05-30T16:50:26Z,projected,not_available_yet,bdl_lineup_freshness_manifest,market_offered
Cason Wallace,56677833,OKC,SAS,True,21713534,pa,11.5,11.5,espnbet,-125,-105,0.5203,"stat_grid:component_convolution_mean_coherent_v1+components[pts:pmf_sim_v1+role_aware_pmf_cal_v1:rotation+monotone_pit_cdf_v1,ast:pmf_sim_v1+role_aware_pmf_cal_v1:rotation+monotone_pit_cdf_v1]+prior_combo[joint_sampler_v1+joint_combo_pmf_v1+role_aware_pmf_cal_v1:rotation+monotone_pit_cdf_v1]+stat_grid_final_component_convolution_mean_coherent_v1",phase8_role_aware_pmf_cal_v1+monotone_inactive_global_v1,phase8_pmf_cal,rotation,derived_from_projected_minutes,22.4658,22.0404,0.05,10.4022,10.4022,10,10,0.008,0.992,0.9788,0.9535,0.9107,0.8644,0.8106,0.7486,0.6823,0.6102,0.5367,0.4616,0.3893,0.3236,0.2642,0.2121,0.1677,0.129,0.0979,0.0736,0.0535,0.3893,157.0,-157.0,-0.131,morning,2026-05-30T16:51:22Z,494a3e93#phase10c,51235cba-0b50-441b-a7aa-b0e5bef2d559,ok,0.0,high,full,current_phase8,fallback_used,projected,derived_from_projected_minutes,bdl_plus_nba_official,2026-05-30T16:50:26Z,projected,not_available_yet,bdl_lineup_freshness_manifest,market_offered
Cason Wallace,56677833,OKC,SAS,True,21713534,pa,11.5,11.5,fliff,-130,-115,0.5138,"stat_grid:component_convolution_mean_coherent_v1+components[pts:pmf_sim_v1+role_aware_pmf_cal_v1:rotation+monotone_pit_cdf_v1,ast:pmf_sim_v1+role_aware_pmf_cal_v1:rotation+monotone_pit_cdf_v1]+prior_combo[joint_sampler_v1+joint_combo_pmf_v1+role_aware_pmf_cal_v1:rotation+monotone_pit_cdf_v1]+stat_grid_final_component_convolution_mean_coherent_v1",phase8_role_aware_pmf_cal_v1+monotone_inactive_global_v1,phase8_pmf_cal,rotation,derived_from_projected_minutes,22.4658,22.0404,0.05,10.4022,10.4022,10,10,0.008,0.992,0.9788,0.9535,0.9107,0.8644,0.8106,0.7486,0.6823,0.6102,0.5367,0.4616,0.3893,0.3236,0.2642,0.2121,0.1677,0.129,0.0979,0.0736,0.0535,0.3893,157.0,-157.0,-0.1245,morning,2026-05-30T16:51:22Z,494a3e93#phase10c,51235cba-0b50-441b-a7aa-b0e5bef2d559,ok,0.0,high,full,current_phase8,fallback_used,projected,derived_from_projected_minutes,bdl_plus_nba_official,2026-05-30T16:50:26Z,projected,not_available_yet,bdl_lineup_freshness_manifest,market_offered
Cason Wallace,56677833,OKC,SAS,True,21713534,pr,12.5,12.5,fanduel,-122,-108,0.5142,"stat_grid:component_convolution_mean_coherent_v1+components[pts:pmf_sim_v1+role_aware_pmf_cal_v1:rotation+monotone_pit_cdf_v1,reb:pmf_sim_v1+role_aware_pmf_cal_v1:rotation+monotone_pit_cdf_v1]+prior_combo[joint_sampler_v1+joint_combo_pmf_v1+role_aware_pmf_cal_v1:rotation+monotone_pit_cdf_v1]+stat_grid_final_component_convolution_mean_coherent_v1",phase8_role_aware_pmf_cal_v1+monotone_inactive_global_v1,phase8_pmf_cal,rotation,derived_from_projected_minutes,22.4658,22.0404,0.05,11.8212,11.8212,11,11,0.0022,0.9978,0.9927,0.9809,0.9563,0.9218,0.8797,0.8286,0.7708,0.7068,0.6382,0.5662,0.4927,0.4213,0.3542,0.2928,0.2383,0.1902,0.1491,0.1151,0.0873,0.4213,137.0,-137.0,-0.0929,morning,2026-05-30T16:51:22Z,494a3e93#phase10c,51235cba-0b50-441b-a7aa-b0e5bef2d559,ok,0.0,high,full,current_phase8,fallback_used,projected,derived_from_projected_minutes,bdl_plus_nba_official,2026-05-30T16:50:26Z,projected,not_available_yet,bdl_lineup_freshness_manifest,market_offered
Cason Wallace,56677833,OKC,SAS,True,21713534,pr,15.5,15.5,fanduel,188,-250,0.3271,"stat_grid:component_convolution_mean_coherent_v1+components[pts:pmf_sim_v1+role_aware_pmf_cal_v1:rotation+monotone_pit_cdf_v1,reb:pmf_sim_v1+role_aware_pmf_cal_v1:rotation+monotone_pit_cdf_v1]+prior_combo[joint_sampler_v1+joint_combo_pmf_v1+role_aware_pmf_cal_v1:rotation+monotone_pit_cdf_v1]+stat_grid_final_component_convolution_mean_coherent_v1",phase8_role_aware_pmf_cal_v1+monotone_inactive_global_v1,phase8_pmf_cal,rotation,derived_from_projected_minutes,22.4658,22.0404,0.05,11.8212,11.8212,11,11,0.0022,0.9978,0.9927,0.9809,0.9563,0.9218,0.8797,0.8286,0.7708,0.7068,0.6382,0.5662,0.4927,0.4213,0.3542,0.2928,0.2383,0.1902,0.1491,0.1151,0.0873,0.2383,320.0,-320.0,-0.0888,morning,2026-05-30T16:51:22Z,494a3e93#phase10c,51235cba-0b50-441b-a7aa-b0e5bef2d559,ok,0.0,high,full,current_phase8,fallback_used,projected,derived_from_projected_minutes,bdl_plus_nba_official,2026-05-30T16:50:26Z,projected,not_available_yet,bdl_lineup_freshness_manifest,market_offered
Cason Wallace,56677833,OKC,SAS,True,21713534,pr,14.5,14.5,fanduel,144,-194,0.3831,"stat_grid:component_convolution_mean_coherent_v1+components[pts:pmf_sim_v1+role_aware_pmf_cal_v1:rotation+monotone_pit_cdf_v1,reb:pmf_sim_v1+role_aware_pmf_cal_v1:rotation+monotone_pit_cdf_v1]+prior_combo[joint_sampler_v1+joint_combo_pmf_v1+role_aware_pmf_cal_v1:rotation+monotone_pit_cdf_v1]+stat_grid_final_component_convolution_mean_coherent_v1",phase8_role_aware_pmf_cal_v1+monotone_inactive_global_v1,phase8_pmf_cal,rotation,derived_from_projected_minutes,22.4658,22.0404,0.05,11.8212,11.8212,11,11,0.0022,0.9978,0.9927,0.9809,0.9563,0.9218,0.8797,0.8286,0.7708,0.7068,0.6382,0.5662,0.4927,0.4213,0.3542,0.2928,0.2383,0.1902,0.1491,0.1151,0.0873,0.2928,242.0,-242.0,-0.0904,morning,2026-05-30T16:51:22Z,494a3e93#phase10c,51235cba-0b50-441b-a7aa-b0e5bef2d559,ok,0.0,high,full,current_phase8,fallback_used,projected,derived_from_projected_minutes,bdl_plus_nba_official,2026-05-30T16:50:26Z,projected,not_available_yet,bdl_lineup_freshness_manifest,market_offered
Cason Wallace,56677833,OKC,SAS,True,21713534,pr,13.5,13.5,fanduel,110,-146,0.4452,"stat_grid:component_convolution_mean_coherent_v1+components[pts:pmf_sim_v1+role_aware_pmf_cal_v1:rotation+monotone_pit_cdf_v1,reb:pmf_sim_v1+role_aware_pmf_cal_v1:rotation+monotone_pit_cdf_v1]+prior_combo[joint_sampler_v1+joint_combo_pmf_v1+role_aware_pmf_cal_v1:rotation+monotone_pit_cdf_v1]+stat_grid_final_component_convolution_mean_coherent_v1",phase8_role_aware_pmf_cal_v1+monotone_inactive_global_v1,phase8_pmf_cal,rotation,derived_from_projected_minutes,22.4658,22.0404,0.05,11.8212,11.8212,11,11,0.0022,0.9978,0.9927,0.9809,0.9563,0.9218,0.8797,0.8286,0.7708,0.7068,0.6382,0.5662,0.4927,0.4213,0.3542,0.2928,0.2383,0.1902,0.1491,0.1151,0.0873,0.3542,182.0,-182.0,-0.091,morning,2026-05-30T16:51:22Z,494a3e93#phase10c,51235cba-0b50-441b-a7aa-b0e5bef2d559,ok,0.0,high,full,current_phase8,fallback_used,projected,derived_from_projected_minutes,bdl_plus_nba_official,2026-05-30T16:50:26Z,projected,not_available_yet,bdl_lineup_freshness_manifest,market_offered
Cason Wallace,56677833,OKC,SAS,True,21713534,pr,12.5,12.5,fanduel,-122,-108,0.5142,"stat_grid:component_convolution_mean_coherent_v1+components[pts:pmf_sim_v1+role_aware_pmf_cal_v1:rotation+monotone_pit_cdf_v1,reb:pmf_sim_v1+role_aware_pmf_cal_v1:rotation+monotone_pit_cdf_v1]+prior_combo[joint_sampler_v1+joint_combo_pmf_v1+role_aware_pmf_cal_v1:rotation+monotone_pit_cdf_v1]+stat_grid_final_component_convolution_mean_coherent_v1",phase8_role_aware_pmf_cal_v1+monotone_inactive_global_v1,phase8_pmf_cal,rotation,derived_from_projected_minutes,22.4658,22.0404,0.05,11.8212,11.8212,11,11,0.0022,0.9978,0.9927,0.9809,0.9563,0.9218,0.8797,0.8286,0.7708,0.7068,0.6382,0.5662,0.4927,0.4213,0.3542,0.2928,0.2383,0.1902,0.1491,0.1151,0.0873,0.4213,137.0,-137.0,-0.0929,morning,2026-05-30T16:51:22Z,494a3e93#phase10c,51235cba-0b50-441b-a7aa-b0e5bef2d559,ok,0.0,high,full,current_phase8,fallback_used,projected,derived_from_projected_minutes,bdl_plus_nba_official,2026-05-30T16:50:26Z,projected,not_available_yet,bdl_lineup_freshness_manifest,market_offered
Cason Wallace,56677833,OKC,SAS,True,21713534,pr,11.5,11.5,fanduel,-168,126,0.5862,"stat_grid:component_convolution_mean_coherent_v1+components[pts:pmf_sim_v1+role_aware_pmf_cal_v1:rotation+monotone_pit_cdf_v1,reb:pmf_sim_v1+role_aware_pmf_cal_v1:rotation+monotone_pit_cdf_v1]+prior_combo[joint_sampler_v1+joint_combo_pmf_v1+role_aware_pmf_cal_v1:rotation+monotone_pit_cdf_v1]+stat_grid_final_component_convolution_mean_coherent_v1",phase8_role_aware_pmf_cal_v1+monotone_inactive_global_v1,phase8_pmf_cal,rotation,derived_from_projected_minutes,22.4658,22.0404,0.05,11.8212,11.8212,11,11,0.0022,0.9978,0.9927,0.9809,0.9563,0.9218,0.8797,0.8286,0.7708,0.7068,0.6382,0.5662,0.4927,0.4213,0.3542,0.2928,0.2383,0.1902,0.1491,0.1151,0.0873,0.4927,103.0,-103.0,-0.0935,morning,2026-05-30T16:51:22Z,494a3e93#phase10c,51235cba-0b50-441b-a7aa-b0e5bef2d559,ok,0.0,high,full,current_phase8,fallback_used,projected,derived_from_projected_minutes,bdl_plus_nba_official,2026-05-30T16:50:26Z,projected,not_available_yet,bdl_lineup_freshness_manifest,market_offered
Cason Wallace,56677833,OKC,SAS,True,21713534,pr,10.5,10.5,fanduel,-235,172,0.6561,"stat_grid:component_convolution_mean_coherent_v1+components[pts:pmf_sim_v1+role_aware_pmf_cal_v1:rotation+monotone_pit_cdf_v1,reb:pmf_sim_v1+role_aware_pmf_cal_v1:rotation+monotone_pit_cdf_v1]+prior_combo[joint_sampler_v1+joint_combo_pmf_v1+role_aware_pmf_cal_v1:rotation+monotone_pit_cdf_v1]+stat_grid_final_component_convolution_mean_coherent_v1",phase8_role_aware_pmf_cal_v1+monotone_inactive_global_v1,phase8_pmf_cal,rotation,derived_from_projected_minutes,22.4658,22.0404,0.05,11.8212,11.8212,11,11,0.0022,0.9978,0.9927,0.9809,0.9563,0.9218,0.8797,0.8286,0.7708,0.7068,0.6382,0.5662,0.4927,0.4213,0.3542,0.2928,0.2383,0.1902,0.1491,0.1151,0.0873,0.5662,-131.0,131.0,-0.0899,morning,2026-05-30T16:51:22Z,494a3e93#phase10c,51235cba-0b50-441b-a7aa-b0e5bef2d559,ok,0.0,high,full,current_phase8,fallback_used,projected,derived_from_projected_minutes,bdl_plus_nba_official,2026-05-30T16:50:26Z,projected,not_available_yet,bdl_lineup_freshness_manifest,market_offered
Cason Wallace,56677833,OKC,SAS,True,21713534,pr,9.5,9.5,fanduel,-320,225,0.7123,"stat_grid:component_convolution_mean_coherent_v1+components[pts:pmf_sim_v1+role_aware_pmf_cal_v1:rotation+monotone_pit_cdf_v1,reb:pmf_sim_v1+role_aware_pmf_cal_v1:rotation+monotone_pit_cdf_v1]+prior_combo[joint_sampler_v1+joint_combo_pmf_v1+role_aware_pmf_cal_v1:rotation+monotone_pit_cdf_v1]+stat_grid_final_component_convolution_mean_coherent_v1",phase8_role_aware_pmf_cal_v1+monotone_inactive_global_v1,phase8_pmf_cal,rotation,derived_from_projected_minutes,22.4658,22.0404,0.05,11.8212,11.8212,11,11,0.0022,0.9978,0.9927,0.9809,0.9563,0.9218,0.8797,0.8286,0.7708,0.7068,0.6382,0.5662,0.4927,0.4213,0.3542,0.2928,0.2383,0.1902,0.1491,0.1151,0.0873,0.6382,-176.0,176.0,-0.0742,morning,2026-05-30T16:51:22Z,494a3e93#phase10c,51235cba-0b50-441b-a7aa-b0e5bef2d559,ok,0.0,high,full,current_phase8,fallback_used,projected,derived_from_projected_minutes,bdl_plus_nba_official,2026-05-30T16:50:26Z,projected,not_available_yet,bdl_lineup_freshness_manifest,market_offered
Cason Wallace,56677833,OKC,SAS,True,21713534,pr,8.5,8.5,fanduel,-470,310,0.7717,"stat_grid:component_convolution_mean_coherent_v1+components[pts:pmf_sim_v1+role_aware_pmf_cal_v1:rotation+monotone_pit_cdf_v1,reb:pmf_sim_v1+role_aware_pmf_cal_v1:rotation+monotone_pit_cdf_v1]+prior_combo[joint_sampler_v1+joint_combo_pmf_v1+role_aware_pmf_cal_v1:rotation+monotone_pit_cdf_v1]+stat_grid_final_component_convolution_mean_coherent_v1",phase8_role_aware_pmf_cal_v1+monotone_inactive_global_v1,phase8_pmf_cal,rotation,derived_from_projected_minutes,22.4658,22.0404,0.05,11.8212,11.8212,11,11,0.0022,0.9978,0.9927,0.9809,0.9563,0.9218,0.8797,0.8286,0.7708,0.7068,0.6382,0.5662,0.4927,0.4213,0.3542,0.2928,0.2383,0.1902,0.1491,0.1151,0.0873,0.7068,-241.0,241.0,-0.0649,morning,2026-05-30T16:51:22Z,494a3e93#phase10c,51235cba-0b50-441b-a7aa-b0e5bef2d559,ok,0.0,high,full,current_phase8,fallback_used,projected,derived_from_projected_minutes,bdl_plus_nba_official,2026-05-30T16:50:26Z,projected,not_available_yet,bdl_lineup_freshness_manifest,market_offered
Cason Wallace,56677833,OKC,SAS,True,21713534,pr,7.5,7.5,fanduel,-700,410,0.8169,"stat_grid:component_convolution_mean_coherent_v1+components[pts:pmf_sim_v1+role_aware_pmf_cal_v1:rotation+monotone_pit_cdf_v1,reb:pmf_sim_v1+role_aware_pmf_cal_v1:rotation+monotone_pit_cdf_v1]+prior_combo[joint_sampler_v1+joint_combo_pmf_v1+role_aware_pmf_cal_v1:rotation+monotone_pit_cdf_v1]+stat_grid_final_component_convolution_mean_coherent_v1",phase8_role_aware_pmf_cal_v1+monotone_inactive_global_v1,phase8_pmf_cal,rotation,derived_from_projected_minutes,22.4658,22.0404,0.05,11.8212,11.8212,11,11,0.0022,0.9978,0.9927,0.9809,0.9563,0.9218,0.8797,0.8286,0.7708,0.7068,0.6382,0.5662,0.4927,0.4213,0.3542,0.2928,0.2383,0.1902,0.1491,0.1151,0.0873,0.7708,-336.0,336.0,-0.0462,morning,2026-05-30T16:51:22Z,494a3e93#phase10c,51235cba-0b50-441b-a7aa-b0e5bef2d559,ok,0.0,high,full,current_phase8,fallback_used,projected,derived_from_projected_minutes,bdl_plus_nba_official,2026-05-30T16:50:26Z,projected,not_available_yet,bdl_lineup_freshness_manifest,market_offered
Cason Wallace,56677833,OKC,SAS,True,21713534,pr,13.5,13.5,bovada,110,-145,0.4459,"stat_grid:component_convolution_mean_coherent_v1+components[pts:pmf_sim_v1+role_aware_pmf_cal_v1:rotation+monotone_pit_cdf_v1,reb:pmf_sim_v1+role_aware_pmf_cal_v1:rotation+monotone_pit_cdf_v1]+prior_combo[joint_sampler_v1+joint_combo_pmf_v1+role_aware_pmf_cal_v1:rotation+monotone_pit_cdf_v1]+stat_grid_final_component_convolution_mean_coherent_v1",phase8_role_aware_pmf_cal_v1+monotone_inactive_global_v1,phase8_pmf_cal,rotation,derived_from_projected_minutes,22.4658,22.0404,0.05,11.8212,11.8212,11,11,0.0022,0.9978,0.9927,0.9809,0.9563,0.9218,0.8797,0.8286,0.7708,0.7068,0.6382,0.5662,0.4927,0.4213,0.3542,0.2928,0.2383,0.1902,0.1491,0.1151,0.0873,0.3542,182.0,-182.0,-0.0917,morning,2026-05-30T16:51:22Z,494a3e93#phase10c,51235cba-0b50-441b-a7aa-b0e5bef2d559,ok,0.0,high,full,current_phase8,fallback_used,projected,derived_from_projected_minutes,bdl_plus_nba_official,2026-05-30T16:50:26Z,projected,not_available_yet,bdl_lineup_freshness_manifest,market_offered
Cason Wallace,56677833,OKC,SAS,True,21713534,pr,12.5,12.5,bovada,-120,-110,0.5101,"stat_grid:component_convolution_mean_coherent_v1+components[pts:pmf_sim_v1+role_aware_pmf_cal_v1:rotation+monotone_pit_cdf_v1,reb:pmf_sim_v1+role_aware_pmf_cal_v1:rotation+monotone_pit_cdf_v1]+prior_combo[joint_sampler_v1+joint_combo_pmf_v1+role_aware_pmf_cal_v1:rotation+monotone_pit_cdf_v1]+stat_grid_final_component_convolution_mean_coherent_v1",phase8_role_aware_pmf_cal_v1+monotone_inactive_global_v1,phase8_pmf_cal,rotation,derived_from_projected_minutes,22.4658,22.0404,0.05,11.8212,11.8212,11,11,0.0022,0.9978,0.9927,0.9809,0.9563,0.9218,0.8797,0.8286,0.7708,0.7068,0.6382,0.5662,0.4927,0.4213,0.3542,0.2928,0.2383,0.1902,0.1491,0.1151,0.0873,0.4213,137.0,-137.0,-0.0888,morning,2026-05-30T16:51:22Z,494a3e93#phase10c,51235cba-0b50-441b-a7aa-b0e5bef2d559,ok,0.0,high,full,current_phase8,fallback_used,projected,derived_from_projected_minutes,bdl_plus_nba_official,2026-05-30T16:50:26Z,projected,not_available_yet,bdl_lineup_freshness_manifest,market_offered
Cason Wallace,56677833,OKC,SAS,True,21713534,pr,11.5,11.5,bovada,-160,120,0.5752,"stat_grid:component_convolution_mean_coherent_v1+components[pts:pmf_sim_v1+role_aware_pmf_cal_v1:rotation+monotone_pit_cdf_v1,reb:pmf_sim_v1+role_aware_pmf_cal_v1:rotation+monotone_pit_cdf_v1]+prior_combo[joint_sampler_v1+joint_combo_pmf_v1+role_aware_pmf_cal_v1:rotation+monotone_pit_cdf_v1]+stat_grid_final_component_convolution_mean_coherent_v1",phase8_role_aware_pmf_cal_v1+monotone_inactive_global_v1,phase8_pmf_cal,rotation,derived_from_projected_minutes,22.4658,22.0404,0.05,11.8212,11.8212,11,11,0.0022,0.9978,0.9927,0.9809,0.9563,0.9218,0.8797,0.8286,0.7708,0.7068,0.6382,0.5662,0.4927,0.4213,0.3542,0.2928,0.2383,0.1902,0.1491,0.1151,0.0873,0.4927,103.0,-103.0,-0.0825,morning,2026-05-30T16:51:22Z,494a3e93#phase10c,51235cba-0b50-441b-a7aa-b0e5bef2d559,ok,0.0,high,full,current_phase8,fallback_used,projected,derived_from_projected_minutes,bdl_plus_nba_official,2026-05-30T16:50:26Z,projected,not_available_yet,bdl_lineup_freshness_manifest,market_offered
Cason Wallace,56677833,OKC,SAS,True,21713534,pr,12.5,12.5,betmgm,-130,100,0.5306,"stat_grid:component_convolution_mean_coherent_v1+components[pts:pmf_sim_v1+role_aware_pmf_cal_v1:rotation+monotone_pit_cdf_v1,reb:pmf_sim_v1+role_aware_pmf_cal_v1:rotation+monotone_pit_cdf_v1]+prior_combo[joint_sampler_v1+joint_combo_pmf_v1+role_aware_pmf_cal_v1:rotation+monotone_pit_cdf_v1]+stat_grid_final_component_convolution_mean_coherent_v1",phase8_role_aware_pmf_cal_v1+monotone_inactive_global_v1,phase8_pmf_cal,rotation,derived_from_projected_minutes,22.4658,22.0404,0.05,11.8212,11.8212,11,11,0.0022,0.9978,0.9927,0.9809,0.9563,0.9218,0.8797,0.8286,0.7708,0.7068,0.6382,0.5662,0.4927,0.4213,0.3542,0.2928,0.2383,0.1902,0.1491,0.1151,0.0873,0.4213,137.0,-137.0,-0.1093,morning,2026-05-30T16:51:22Z,494a3e93#phase10c,51235cba-0b50-441b-a7aa-b0e5bef2d559,ok,0.0,high,full,current_phase8,fallback_used,projected,derived_from_projected_minutes,bdl_plus_nba_official,2026-05-30T16:50:26Z,projected,not_available_yet,bdl_lineup_freshness_manifest,market_offered
Cason Wallace,56677833,OKC,SAS,True,21713534,pr,12.5,12.5,draftkings,-120,-110,0.5101,"stat_grid:component_convolution_mean_coherent_v1+components[pts:pmf_sim_v1+role_aware_pmf_cal_v1:rotation+monotone_pit_cdf_v1,reb:pmf_sim_v1+role_aware_pmf_cal_v1:rotation+monotone_pit_cdf_v1]+prior_combo[joint_sampler_v1+joint_combo_pmf_v1+role_aware_pmf_cal_v1:rotation+monotone_pit_cdf_v1]+stat_grid_final_component_convolution_mean_coherent_v1",phase8_role_aware_pmf_cal_v1+monotone_inactive_global_v1,phase8_pmf_cal,rotation,derived_from_projected_minutes,22.4658,22.0404,0.05,11.8212,11.8212,11,11,0.0022,0.9978,0.9927,0.9809,0.9563,0.9218,0.8797,0.8286,0.7708,0.7068,0.6382,0.5662,0.4927,0.4213,0.3542,0.2928,0.2383,0.1902,0.1491,0.1151,0.0873,0.4213,137.0,-137.0,-0.0888,morning,2026-05-30T16:51:22Z,494a3e93#phase10c,51235cba-0b50-441b-a7aa-b0e5bef2d559,ok,0.0,high,full,current_phase8,fallback_used,projected,derived_from_projected_minutes,bdl_plus_nba_official,2026-05-30T16:50:26Z,projected,not_available_yet,bdl_lineup_freshness_manifest,market_offered
Cason Wallace,56677833,OKC,SAS,True,21713534,pr,12.5,12.5,hardrockbet_az,-120,-110,0.5101,"stat_grid:component_convolution_mean_coherent_v1+components[pts:pmf_sim_v1+role_aware_pmf_cal_v1:rotation+monotone_pit_cdf_v1,reb:pmf_sim_v1+role_aware_pmf_cal_v1:rotation+monotone_pit_cdf_v1]+prior_combo[joint_sampler_v1+joint_combo_pmf_v1+role_aware_pmf_cal_v1:rotation+monotone_pit_cdf_v1]+stat_grid_final_component_convolution_mean_coherent_v1",phase8_role_aware_pmf_cal_v1+monotone_inactive_global_v1,phase8_pmf_cal,rotation,derived_from_projected_minutes,22.4658,22.0404,0.05,11.8212,11.8212,11,11,0.0022,0.9978,0.9927,0.9809,0.9563,0.9218,0.8797,0.8286,0.7708,0.7068,0.6382,0.5662,0.4927,0.4213,0.3542,0.2928,0.2383,0.1902,0.1491,0.1151,0.0873,0.4213,137.0,-137.0,-0.0888,morning,2026-05-30T16:51:22Z,494a3e93#phase10c,51235cba-0b50-441b-a7aa-b0e5bef2d559,ok,0.0,high,full,current_phase8,fallback_used,projected,derived_from_projected_minutes,bdl_plus_nba_official,2026-05-30T16:50:26Z,projected,not_available_yet,bdl_lineup_freshness_manifest,market_offered
Cason Wallace,56677833,OKC,SAS,True,21713534,pr,12.5,12.5,hardrockbet,-120,-110,0.5101,"stat_grid:component_convolution_mean_coherent_v1+components[pts:pmf_sim_v1+role_aware_pmf_cal_v1:rotation+monotone_pit_cdf_v1,reb:pmf_sim_v1+role_aware_pmf_cal_v1:rotation+monotone_pit_cdf_v1]+prior_combo[joint_sampler_v1+joint_combo_pmf_v1+role_aware_pmf_cal_v1:rotation+monotone_pit_cdf_v1]+stat_grid_final_component_convolution_mean_coherent_v1",phase8_role_aware_pmf_cal_v1+monotone_inactive_global_v1,phase8_pmf_cal,rotation,derived_from_projected_minutes,22.4658,22.0404,0.05,11.8212,11.8212,11,11,0.0022,0.9978,0.9927,0.9809,0.9563,0.9218,0.8797,0.8286,0.7708,0.7068,0.6382,0.5662,0.4927,0.4213,0.3542,0.2928,0.2383,0.1902,0.1491,0.1151,0.0873,0.4213,137.0,-137.0,-0.0888,morning,2026-05-30T16:51:22Z,494a3e93#phase10c,51235cba-0b50-441b-a7aa-b0e5bef2d559,ok,0.0,high,full,current_phase8,fallback_used,projected,derived_from_projected_minutes,bdl_plus_nba_official,2026-05-30T16:50:26Z,projected,not_available_yet,bdl_lineup_freshness_manifest,market_offered
Cason Wallace,56677833,OKC,SAS,True,21713534,pr,12.5,12.5,hardrockbet_fl,-120,-110,0.5101,"stat_grid:component_convolution_mean_coherent_v1+components[pts:pmf_sim_v1+role_aware_pmf_cal_v1:rotation+monotone_pit_cdf_v1,reb:pmf_sim_v1+role_aware_pmf_cal_v1:rotation+monotone_pit_cdf_v1]+prior_combo[joint_sampler_v1+joint_combo_pmf_v1+role_aware_pmf_cal_v1:rotation+monotone_pit_cdf_v1]+stat_grid_final_component_convolution_mean_coherent_v1",phase8_role_aware_pmf_cal_v1+monotone_inactive_global_v1,phase8_pmf_cal,rotation,derived_from_projected_minutes,22.4658,22.0404,0.05,11.8212,11.8212,11,11,0.0022,0.9978,0.9927,0.9809,0.9563,0.9218,0.8797,0.8286,0.7708,0.7068,0.6382,0.5662,0.4927,0.4213,0.3542,0.2928,0.2383,0.1902,0.1491,0.1151,0.0873,0.4213,137.0,-137.0,-0.0888,morning,2026-05-30T16:51:22Z,494a3e93#phase10c,51235cba-0b50-441b-a7aa-b0e5bef2d559,ok,0.0,high,full,current_phase8,fallback_used,projected,derived_from_projected_minutes,bdl_plus_nba_official,2026-05-30T16:50:26Z,projected,not_available_yet,bdl_lineup_freshness_manifest,market_offered
Cason Wallace,56677833,OKC,SAS,True,21713534,pr,12.5,12.5,espnbet,-120,-110,0.5101,"stat_grid:component_convolution_mean_coherent_v1+components[pts:pmf_sim_v1+role_aware_pmf_cal_v1:rotation+monotone_pit_cdf_v1,reb:pmf_sim_v1+role_aware_pmf_cal_v1:rotation+monotone_pit_cdf_v1]+prior_combo[joint_sampler_v1+joint_combo_pmf_v1+role_aware_pmf_cal_v1:rotation+monotone_pit_cdf_v1]+stat_grid_final_component_convolution_mean_coherent_v1",phase8_role_aware_pmf_cal_v1+monotone_inactive_global_v1,phase8_pmf_cal,rotation,derived_from_projected_minutes,22.4658,22.0404,0.05,11.8212,11.8212,11,11,0.0022,0.9978,0.9927,0.9809,0.9563,0.9218,0.8797,0.8286,0.7708,0.7068,0.6382,0.5662,0.4927,0.4213,0.3542,0.2928,0.2383,0.1902,0.1491,0.1151,0.0873,0.4213,137.0,-137.0,-0.0888,morning,2026-05-30T16:51:22Z,494a3e93#phase10c,51235cba-0b50-441b-a7aa-b0e5bef2d559,ok,0.0,high,full,current_phase8,fallback_used,projected,derived_from_projected_minutes,bdl_plus_nba_official,2026-05-30T16:50:26Z,projected,not_available_yet,bdl_lineup_freshness_manifest,market_offered
Cason Wallace,56677833,OKC,SAS,True,21713534,pr,12.5,12.5,fliff,-130,-115,0.5138,"stat_grid:component_convolution_mean_coherent_v1+components[pts:pmf_sim_v1+role_aware_pmf_cal_v1:rotation+monotone_pit_cdf_v1,reb:pmf_sim_v1+role_aware_pmf_cal_v1:rotation+monotone_pit_cdf_v1]+prior_combo[joint_sampler_v1+joint_combo_pmf_v1+role_aware_pmf_cal_v1:rotation+monotone_pit_cdf_v1]+stat_grid_final_component_convolution_mean_coherent_v1",phase8_role_aware_pmf_cal_v1+monotone_inactive_global_v1,phase8_pmf_cal,rotation,derived_from_projected_minutes,22.4658,22.0404,0.05,11.8212,11.8212,11,11,0.0022,0.9978,0.9927,0.9809,0.9563,0.9218,0.8797,0.8286,0.7708,0.7068,0.6382,0.5662,0.4927,0.4213,0.3542,0.2928,0.2383,0.1902,0.1491,0.1151,0.0873,0.4213,137.0,-137.0,-0.0925,morning,2026-05-30T16:51:22Z,494a3e93#phase10c,51235cba-0b50-441b-a7aa-b0e5bef2d559,ok,0.0,high,full,current_phase8,fallback_used,projected,derived_from_projected_minutes,bdl_plus_nba_official,2026-05-30T16:50:26Z,projected,not_available_yet,bdl_lineup_freshness_manifest,market_offered
Cason Wallace,56677833,OKC,SAS,True,21713534,ra,6.5,6.5,fanduel,-102,-130,0.4718,"stat_grid:component_convolution_mean_coherent_v1+components[reb:pmf_sim_v1+role_aware_pmf_cal_v1:rotation+monotone_pit_cdf_v1,ast:pmf_sim_v1+role_aware_pmf_cal_v1:rotation+monotone_pit_cdf_v1]+prior_combo[joint_sampler_v1+joint_combo_pmf_v1+role_aware_pmf_cal_v1:rotation+monotone_pit_cdf_v1]+stat_grid_final_component_convolution_mean_coherent_v1",phase8_role_aware_pmf_cal_v1+monotone_inactive_global_v1,phase8_pmf_cal,rotation,derived_from_projected_minutes,22.4658,22.0404,0.05,5.9339,5.9339,6,6,0.0056,0.9944,0.9799,0.9421,0.8591,0.7347,0.5711,0.3873,0.2337,0.1276,0.0617,0.0271,0.0103,0.0034,0.0011,0.0003,0.0001,0.0,0.0,0.0,0.0,0.3872,158.0,-158.0,-0.0846,morning,2026-05-30T16:51:22Z,494a3e93#phase10c,51235cba-0b50-441b-a7aa-b0e5bef2d559,ok,0.0,high,full,current_phase8,fallback_used,projected,derived_from_projected_minutes,bdl_plus_nba_official,2026-05-30T16:50:26Z,projected,not_available_yet,bdl_lineup_freshness_manifest,market_offered
Cason Wallace,56677833,OKC,SAS,True,21713534,ra,6.5,6.5,betmgm,105,-140,0.4554,"stat_grid:component_convolution_mean_coherent_v1+components[reb:pmf_sim_v1+role_aware_pmf_cal_v1:rotation+monotone_pit_cdf_v1,ast:pmf_sim_v1+role_aware_pmf_cal_v1:rotation+monotone_pit_cdf_v1]+prior_combo[joint_sampler_v1+joint_combo_pmf_v1+role_aware_pmf_cal_v1:rotation+monotone_pit_cdf_v1]+stat_grid_final_component_convolution_mean_coherent_v1",phase8_role_aware_pmf_cal_v1+monotone_inactive_global_v1,phase8_pmf_cal,rotation,derived_from_projected_minutes,22.4658,22.0404,0.05,5.9339,5.9339,6,6,0.0056,0.9944,0.9799,0.9421,0.8591,0.7347,0.5711,0.3873,0.2337,0.1276,0.0617,0.0271,0.0103,0.0034,0.0011,0.0003,0.0001,0.0,0.0,0.0,0.0,0.3872,158.0,-158.0,-0.0682,morning,2026-05-30T16:51:22Z,494a3e93#phase10c,51235cba-0b50-441b-a7aa-b0e5bef2d559,ok,0.0,high,full,current_phase8,fallback_used,projected,derived_from_projected_minutes,bdl_plus_nba_official,2026-05-30T16:50:26Z,projected,not_available_yet,bdl_lineup_freshness_manifest,market_offered
Cason Wallace,56677833,OKC,SAS,True,21713534,ra,6.5,6.5,draftkings,106,-140,0.4542,"stat_grid:component_convolution_mean_coherent_v1+components[reb:pmf_sim_v1+role_aware_pmf_cal_v1:rotation+monotone_pit_cdf_v1,ast:pmf_sim_v1+role_aware_pmf_cal_v1:rotation+monotone_pit_cdf_v1]+prior_combo[joint_sampler_v1+joint_combo_pmf_v1+role_aware_pmf_cal_v1:rotation+monotone_pit_cdf_v1]+stat_grid_final_component_convolution_mean_coherent_v1",phase8_role_aware_pmf_cal_v1+monotone_inactive_global_v1,phase8_pmf_cal,rotation,derived_from_projected_minutes,22.4658,22.0404,0.05,5.9339,5.9339,6,6,0.0056,0.9944,0.9799,0.9421,0.8591,0.7347,0.5711,0.3873,0.2337,0.1276,0.0617,0.0271,0.0103,0.0034,0.0011,0.0003,0.0001,0.0,0.0,0.0,0.0,0.3872,158.0,-158.0,-0.067,morning,2026-05-30T16:51:22Z,494a3e93#phase10c,51235cba-0b50-441b-a7aa-b0e5bef2d559,ok,0.0,high,full,current_phase8,fallback_used,projected,derived_from_projected_minutes,bdl_plus_nba_official,2026-05-30T16:50:26Z,projected,not_available_yet,bdl_lineup_freshness_manifest,market_offered
Cason Wallace,56677833,OKC,SAS,True,21713534,ra,7.5,7.5,bovada,175,-240,0.34,"stat_grid:component_convolution_mean_coherent_v1+components[reb:pmf_sim_v1+role_aware_pmf_cal_v1:rotation+monotone_pit_cdf_v1,ast:pmf_sim_v1+role_aware_pmf_cal_v1:rotation+monotone_pit_cdf_v1]+prior_combo[joint_sampler_v1+joint_combo_pmf_v1+role_aware_pmf_cal_v1:rotation+monotone_pit_cdf_v1]+stat_grid_final_component_convolution_mean_coherent_v1",phase8_role_aware_pmf_cal_v1+monotone_inactive_global_v1,phase8_pmf_cal,rotation,derived_from_projected_minutes,22.4658,22.0404,0.05,5.9339,5.9339,6,6,0.0056,0.9944,0.9799,0.9421,0.8591,0.7347,0.5711,0.3873,0.2337,0.1276,0.0617,0.0271,0.0103,0.0034,0.0011,0.0003,0.0001,0.0,0.0,0.0,0.0,0.2337,328.0,-328.0,-0.1063,morning,2026-05-30T16:51:22Z,494a3e93#phase10c,51235cba-0b50-441b-a7aa-b0e5bef2d559,ok,0.0,high,full,current_phase8,fallback_used,projected,derived_from_projected_minutes,bdl_plus_nba_official,2026-05-30T16:50:26Z,projected,not_available_yet,bdl_lineup_freshness_manifest,market_offered
Cason Wallace,56677833,OKC,SAS,True,21713534,ra,6.5,6.5,bovada,105,-135,0.4592,"stat_grid:component_convolution_mean_coherent_v1+components[reb:pmf_sim_v1+role_aware_pmf_cal_v1:rotation+monotone_pit_cdf_v1,ast:pmf_sim_v1+role_aware_pmf_cal_v1:rotation+monotone_pit_cdf_v1]+prior_combo[joint_sampler_v1+joint_combo_pmf_v1+role_aware_pmf_cal_v1:rotation+monotone_pit_cdf_v1]+stat_grid_final_component_convolution_mean_coherent_v1",phase8_role_aware_pmf_cal_v1+monotone_inactive_global_v1,phase8_pmf_cal,rotation,derived_from_projected_minutes,22.4658,22.0404,0.05,5.9339,5.9339,6,6,0.0056,0.9944,0.9799,0.9421,0.8591,0.7347,0.5711,0.3873,0.2337,0.1276,0.0617,0.0271,0.0103,0.0034,0.0011,0.0003,0.0001,0.0,0.0,0.0,0.0,0.3872,158.0,-158.0,-0.072,morning,2026-05-30T16:51:22Z,494a3e93#phase10c,51235cba-0b50-441b-a7aa-b0e5bef2d559,ok,0.0,high,full,current_phase8,fallback_used,projected,derived_from_projected_minutes,bdl_plus_nba_official,2026-05-30T16:50:26Z,projected,not_available_yet,bdl_lineup_freshness_manifest,market_offered
Cason Wallace,56677833,OKC,SAS,True,21713534,ra,5.5,5.5,bovada,-165,125,0.5835,"stat_grid:component_convolution_mean_coherent_v1+components[reb:pmf_sim_v1+role_aware_pmf_cal_v1:rotation+monotone_pit_cdf_v1,ast:pmf_sim_v1+role_aware_pmf_cal_v1:rotation+monotone_pit_cdf_v1]+prior_combo[joint_sampler_v1+joint_combo_pmf_v1+role_aware_pmf_cal_v1:rotation+monotone_pit_cdf_v1]+stat_grid_final_component_convolution_mean_coherent_v1",phase8_role_aware_pmf_cal_v1+monotone_inactive_global_v1,phase8_pmf_cal,rotation,derived_from_projected_minutes,22.4658,22.0404,0.05,5.9339,5.9339,6,6,0.0056,0.9944,0.9799,0.9421,0.8591,0.7347,0.5711,0.3873,0.2337,0.1276,0.0617,0.0271,0.0103,0.0034,0.0011,0.0003,0.0001,0.0,0.0,0.0,0.0,0.5711,-133.0,133.0,-0.0124,morning,2026-05-30T16:51:22Z,494a3e93#phase10c,51235cba-0b50-441b-a7aa-b0e5bef2d559,ok,0.0,high,full,current_phase8,fallback_used,projected,derived_from_projected_minutes,bdl_plus_nba_official,2026-05-30T16:50:26Z,projected,not_available_yet,bdl_lineup_freshness_manifest,market_offered
Cason Wallace,56677833,OKC,SAS,True,21713534,ra,6.5,6.5,hardrockbet_az,105,-135,0.4592,"stat_grid:component_convolution_mean_coherent_v1+components[reb:pmf_sim_v1+role_aware_pmf_cal_v1:rotation+monotone_pit_cdf_v1,ast:pmf_sim_v1+role_aware_pmf_cal_v1:rotation+monotone_pit_cdf_v1]+prior_combo[joint_sampler_v1+joint_combo_pmf_v1+role_aware_pmf_cal_v1:rotation+monotone_pit_cdf_v1]+stat_grid_final_component_convolution_mean_coherent_v1",phase8_role_aware_pmf_cal_v1+monotone_inactive_global_v1,phase8_pmf_cal,rotation,derived_from_projected_minutes,22.4658,22.0404,0.05,5.9339,5.9339,6,6,0.0056,0.9944,0.9799,0.9421,0.8591,0.7347,0.5711,0.3873,0.2337,0.1276,0.0617,0.0271,0.0103,0.0034,0.0011,0.0003,0.0001,0.0,0.0,0.0,0.0,0.3872,158.0,-158.0,-0.072,morning,2026-05-30T16:51:22Z,494a3e93#phase10c,51235cba-0b50-441b-a7aa-b0e5bef2d559,ok,0.0,high,full,current_phase8,fallback_used,projected,derived_from_projected_minutes,bdl_plus_nba_official,2026-05-30T16:50:26Z,projected,not_available_yet,bdl_lineup_freshness_manifest,market_offered
Cason Wallace,56677833,OKC,SAS,True,21713534,ra,6.5,6.5,hardrockbet,105,-135,0.4592,"stat_grid:component_convolution_mean_coherent_v1+components[reb:pmf_sim_v1+role_aware_pmf_cal_v1:rotation+monotone_pit_cdf_v1,ast:pmf_sim_v1+role_aware_pmf_cal_v1:rotation+monotone_pit_cdf_v1]+prior_combo[joint_sampler_v1+joint_combo_pmf_v1+role_aware_pmf_cal_v1:rotation+monotone_pit_cdf_v1]+stat_grid_final_component_convolution_mean_coherent_v1",phase8_role_aware_pmf_cal_v1+monotone_inactive_global_v1,phase8_pmf_cal,rotation,derived_from_projected_minutes,22.4658,22.0404,0.05,5.9339,5.9339,6,6,0.0056,0.9944,0.9799,0.9421,0.8591,0.7347,0.5711,0.3873,0.2337,0.1276,0.0617,0.0271,0.0103,0.0034,0.0011,0.0003,0.0001,0.0,0.0,0.0,0.0,0.3872,158.0,-158.0,-0.072,morning,2026-05-30T16:51:22Z,494a3e93#phase10c,51235cba-0b50-441b-a7aa-b0e5bef2d559,ok,0.0,high,full,current_phase8,fallback_used,projected,derived_from_projected_minutes,bdl_plus_nba_official,2026-05-30T16:50:26Z,projected,not_available_yet,bdl_lineup_freshness_manifest,market_offered
Cason Wallace,56677833,OKC,SAS,True,21713534,ra,6.5,6.5,hardrockbet_fl,105,-135,0.4592,"stat_grid:component_convolution_mean_coherent_v1+components[reb:pmf_sim_v1+role_aware_pmf_cal_v1:rotation+monotone_pit_cdf_v1,ast:pmf_sim_v1+role_aware_pmf_cal_v1:rotation+monotone_pit_cdf_v1]+prior_combo[joint_sampler_v1+joint_combo_pmf_v1+role_aware_pmf_cal_v1:rotation+monotone_pit_cdf_v1]+stat_grid_final_component_convolution_mean_coherent_v1",phase8_role_aware_pmf_cal_v1+monotone_inactive_global_v1,phase8_pmf_cal,rotation,derived_from_projected_minutes,22.4658,22.0404,0.05,5.9339,5.9339,6,6,0.0056,0.9944,0.9799,0.9421,0.8591,0.7347,0.5711,0.3873,0.2337,0.1276,0.0617,0.0271,0.0103,0.0034,0.0011,0.0003,0.0001,0.0,0.0,0.0,0.0,0.3872,158.0,-158.0,-0.072,morning,2026-05-30T16:51:22Z,494a3e93#phase10c,51235cba-0b50-441b-a7aa-b0e5bef2d559,ok,0.0,high,full,current_phase8,fallback_used,projected,derived_from_projected_minutes,bdl_plus_nba_official,2026-05-30T16:50:26Z,projected,not_available_yet,bdl_lineup_freshness_manifest,market_offered
Cason Wallace,56677833,OKC,SAS,True,21713534,ra,6.5,6.5,fliff,100,-145,0.4579,"stat_grid:component_convolution_mean_coherent_v1+components[reb:pmf_sim_v1+role_aware_pmf_cal_v1:rotation+monotone_pit_cdf_v1,ast:pmf_sim_v1+role_aware_pmf_cal_v1:rotation+monotone_pit_cdf_v1]+prior_combo[joint_sampler_v1+joint_combo_pmf_v1+role_aware_pmf_cal_v1:rotation+monotone_pit_cdf_v1]+stat_grid_final_component_convolution_mean_coherent_v1",phase8_role_aware_pmf_cal_v1+monotone_inactive_global_v1,phase8_pmf_cal,rotation,derived_from_projected_minutes,22.4658,22.0404,0.05,5.9339,5.9339,6,6,0.0056,0.9944,0.9799,0.9421,0.8591,0.7347,0.5711,0.3873,0.2337,0.1276,0.0617,0.0271,0.0103,0.0034,0.0011,0.0003,0.0001,0.0,0.0,0.0,0.0,0.3872,158.0,-158.0,-0.0707,morning,2026-05-30T16:51:22Z,494a3e93#phase10c,51235cba-0b50-441b-a7aa-b0e5bef2d559,ok,0.0,high,full,current_phase8,fallback_used,projected,derived_from_projected_minutes,bdl_plus_nba_official,2026-05-30T16:50:26Z,projected,not_available_yet,bdl_lineup_freshness_manifest,market_offered
Cason Wallace,56677833,OKC,SAS,True,21713534,ra,6.5,6.5,espnbet,100,-130,0.4694,"stat_grid:component_convolution_mean_coherent_v1+components[reb:pmf_sim_v1+role_aware_pmf_cal_v1:rotation+monotone_pit_cdf_v1,ast:pmf_sim_v1+role_aware_pmf_cal_v1:rotation+monotone_pit_cdf_v1]+prior_combo[joint_sampler_v1+joint_combo_pmf_v1+role_aware_pmf_cal_v1:rotation+monotone_pit_cdf_v1]+stat_grid_final_component_convolution_mean_coherent_v1",phase8_role_aware_pmf_cal_v1+monotone_inactive_global_v1,phase8_pmf_cal,rotation,derived_from_projected_minutes,22.4658,22.0404,0.05,5.9339,5.9339,6,6,0.0056,0.9944,0.9799,0.9421,0.8591,0.7347,0.5711,0.3873,0.2337,0.1276,0.0617,0.0271,0.0103,0.0034,0.0011,0.0003,0.0001,0.0,0.0,0.0,0.0,0.3872,158.0,-158.0,-0.0821,morning,2026-05-30T16:51:22Z,494a3e93#phase10c,51235cba-0b50-441b-a7aa-b0e5bef2d559,ok,0.0,high,full,current_phase8,fallback_used,projected,derived_from_projected_minutes,bdl_plus_nba_official,2026-05-30T16:50:26Z,projected,not_available_yet,bdl_lineup_freshness_manifest,market_offered
Cason Wallace,56677833,OKC,SAS,True,21713534,pra,15.5,15.5,fanduel,-114,-114,0.5,"stat_grid:component_convolution_mean_coherent_v1+components[pts:pmf_sim_v1+role_aware_pmf_cal_v1:rotation+monotone_pit_cdf_v1,reb:pmf_sim_v1+role_aware_pmf_cal_v1:rotation+monotone_pit_cdf_v1,ast:pmf_sim_v1+role_aware_pmf_cal_v1:rotation+monotone_pit_cdf_v1]+prior_combo[joint_sampler_v1+joint_combo_pmf_v1+role_aware_pmf_cal_v1:rotation+monotone_pit_cdf_v1]+stat_grid_final_component_convolution_mean_coherent_v1",phase8_role_aware_pmf_cal_v1+monotone_inactive_global_v1,phase8_pmf_cal,rotation,derived_from_projected_minutes,22.4658,22.0404,0.05,14.0787,14.0787,14,13,0.0003,0.9997,0.9987,0.9957,0.9886,0.9755,0.9543,0.9233,0.8835,0.8356,0.7804,0.719,0.6528,0.5833,0.5125,0.4426,0.3758,0.3139,0.2578,0.2083,0.1654,0.3758,166.0,-166.0,-0.1242,morning,2026-05-30T16:51:22Z,494a3e93#phase10c,51235cba-0b50-441b-a7aa-b0e5bef2d559,ok,0.0,high,full,current_phase8,fallback_used,projected,derived_from_projected_minutes,bdl_plus_nba_official,2026-05-30T16:50:26Z,projected,not_available_yet,bdl_lineup_freshness_manifest,market_offered
Cason Wallace,56677833,OKC,SAS,True,21713534,pra,9.5,9.5,fanduel,-850,470,0.8361,"stat_grid:component_convolution_mean_coherent_v1+components[pts:pmf_sim_v1+role_aware_pmf_cal_v1:rotation+monotone_pit_cdf_v1,reb:pmf_sim_v1+role_aware_pmf_cal_v1:rotation+monotone_pit_cdf_v1,ast:pmf_sim_v1+role_aware_pmf_cal_v1:rotation+monotone_pit_cdf_v1]+prior_combo[joint_sampler_v1+joint_combo_pmf_v1+role_aware_pmf_cal_v1:rotation+monotone_pit_cdf_v1]+stat_grid_final_component_convolution_mean_coherent_v1",phase8_role_aware_pmf_cal_v1+monotone_inactive_global_v1,phase8_pmf_cal,rotation,derived_from_projected_minutes,22.4658,22.0404,0.05,14.0787,14.0787,14,13,0.0003,0.9997,0.9987,0.9957,0.9886,0.9755,0.9543,0.9233,0.8835,0.8356,0.7804,0.719,0.6528,0.5833,0.5125,0.4426,0.3758,0.3139,0.2578,0.2083,0.1654,0.7804,-355.0,355.0,-0.0557,morning,2026-05-30T16:51:22Z,494a3e93#phase10c,51235cba-0b50-441b-a7aa-b0e5bef2d559,ok,0.0,high,full,current_phase8,fallback_used,projected,derived_from_projected_minutes,bdl_plus_nba_official,2026-05-30T16:50:26Z,projected,not_available_yet,bdl_lineup_freshness_manifest,market_offered
Cason Wallace,56677833,OKC,SAS,True,21713534,pra,20.5,20.5,fanduel,290,-440,0.2394,"stat_grid:component_convolution_mean_coherent_v1+components[pts:pmf_sim_v1+role_aware_pmf_cal_v1:rotation+monotone_pit_cdf_v1,reb:pmf_sim_v1+role_aware_pmf_cal_v1:rotation+monotone_pit_cdf_v1,ast:pmf_sim_v1+role_aware_pmf_cal_v1:rotation+monotone_pit_cdf_v1]+prior_combo[joint_sampler_v1+joint_combo_pmf_v1+role_aware_pmf_cal_v1:rotation+monotone_pit_cdf_v1]+stat_grid_final_component_convolution_mean_coherent_v1",phase8_role_aware_pmf_cal_v1+monotone_inactive_global_v1,phase8_pmf_cal,rotation,derived_from_projected_minutes,22.4658,22.0404,0.05,14.0787,14.0787,14,13,0.0003,0.9997,0.9987,0.9957,0.9886,0.9755,0.9543,0.9233,0.8835,0.8356,0.7804,0.719,0.6528,0.5833,0.5125,0.4426,0.3758,0.3139,0.2578,0.2083,0.1654,0.1292,674.0,-674.0,-0.1102,morning,2026-05-30T16:51:22Z,494a3e93#phase10c,51235cba-0b50-441b-a7aa-b0e5bef2d559,ok,0.0,high,full,current_phase8,fallback_used,projected,derived_from_projected_minutes,bdl_plus_nba_official,2026-05-30T16:50:26Z,projected,not_available_yet,bdl_lineup_freshness_manifest,market_offered
Cason Wallace,56677833,OKC,SAS,True,21713534,pra,19.5,19.5,fanduel,230,-330,0.2831,"stat_grid:component_convolution_mean_coherent_v1+components[pts:pmf_sim_v1+role_aware_pmf_cal_v1:rotation+monotone_pit_cdf_v1,reb:pmf_sim_v1+role_aware_pmf_cal_v1:rotation+monotone_pit_cdf_v1,ast:pmf_sim_v1+role_aware_pmf_cal_v1:rotation+monotone_pit_cdf_v1]+prior_combo[joint_sampler_v1+joint_combo_pmf_v1+role_aware_pmf_cal_v1:rotation+monotone_pit_cdf_v1]+stat_grid_final_component_convolution_mean_coherent_v1",phase8_role_aware_pmf_cal_v1+monotone_inactive_global_v1,phase8_pmf_cal,rotation,derived_from_projected_minutes,22.4658,22.0404,0.05,14.0787,14.0787,14,13,0.0003,0.9997,0.9987,0.9957,0.9886,0.9755,0.9543,0.9233,0.8835,0.8356,0.7804,0.719,0.6528,0.5833,0.5125,0.4426,0.3758,0.3139,0.2578,0.2083,0.1654,0.1654,504.0,-504.0,-0.1176,morning,2026-05-30T16:51:22Z,494a3e93#phase10c,51235cba-0b50-441b-a7aa-b0e5bef2d559,ok,0.0,high,full,current_phase8,fallback_used,projected,derived_from_projected_minutes,bdl_plus_nba_official,2026-05-30T16:50:26Z,projected,not_available_yet,bdl_lineup_freshness_manifest,market_offered
Cason Wallace,56677833,OKC,SAS,True,21713534,pra,18.5,18.5,fanduel,182,-250,0.3318,"stat_grid:component_convolution_mean_coherent_v1+components[pts:pmf_sim_v1+role_aware_pmf_cal_v1:rotation+monotone_pit_cdf_v1,reb:pmf_sim_v1+role_aware_pmf_cal_v1:rotation+monotone_pit_cdf_v1,ast:pmf_sim_v1+role_aware_pmf_cal_v1:rotation+monotone_pit_cdf_v1]+prior_combo[joint_sampler_v1+joint_combo_pmf_v1+role_aware_pmf_cal_v1:rotation+monotone_pit_cdf_v1]+stat_grid_final_component_convolution_mean_coherent_v1",phase8_role_aware_pmf_cal_v1+monotone_inactive_global_v1,phase8_pmf_cal,rotation,derived_from_projected_minutes,22.4658,22.0404,0.05,14.0787,14.0787,14,13,0.0003,0.9997,0.9987,0.9957,0.9886,0.9755,0.9543,0.9233,0.8835,0.8356,0.7804,0.719,0.6528,0.5833,0.5125,0.4426,0.3758,0.3139,0.2578,0.2083,0.1654,0.2083,380.0,-380.0,-0.1234,morning,2026-05-30T16:51:22Z,494a3e93#phase10c,51235cba-0b50-441b-a7aa-b0e5bef2d559,ok,0.0,high,full,current_phase8,fallback_used,projected,derived_from_projected_minutes,bdl_plus_nba_official,2026-05-30T16:50:26Z,projected,not_available_yet,bdl_lineup_freshness_manifest,market_offered
Cason Wallace,56677833,OKC,SAS,True,21713534,pra,17.5,17.5,fanduel,144,-194,0.3831,"stat_grid:component_convolution_mean_coherent_v1+components[pts:pmf_sim_v1+role_aware_pmf_cal_v1:rotation+monotone_pit_cdf_v1,reb:pmf_sim_v1+role_aware_pmf_cal_v1:rotation+monotone_pit_cdf_v1,ast:pmf_sim_v1+role_aware_pmf_cal_v1:rotation+monotone_pit_cdf_v1]+prior_combo[joint_sampler_v1+joint_combo_pmf_v1+role_aware_pmf_cal_v1:rotation+monotone_pit_cdf_v1]+stat_grid_final_component_convolution_mean_coherent_v1",phase8_role_aware_pmf_cal_v1+monotone_inactive_global_v1,phase8_pmf_cal,rotation,derived_from_projected_minutes,22.4658,22.0404,0.05,14.0787,14.0787,14,13,0.0003,0.9997,0.9987,0.9957,0.9886,0.9755,0.9543,0.9233,0.8835,0.8356,0.7804,0.719,0.6528,0.5833,0.5125,0.4426,0.3758,0.3139,0.2578,0.2083,0.1654,0.2578,288.0,-288.0,-0.1253,morning,2026-05-30T16:51:22Z,494a3e93#phase10c,51235cba-0b50-441b-a7aa-b0e5bef2d559,ok,0.0,high,full,current_phase8,fallback_used,projected,derived_from_projected_minutes,bdl_plus_nba_official,2026-05-30T16:50:26Z,projected,not_available_yet,bdl_lineup_freshness_manifest,market_offered
Cason Wallace,56677833,OKC,SAS,True,21713534,pra,16.5,16.5,fanduel,114,-152,0.4365,"stat_grid:component_convolution_mean_coherent_v1+components[pts:pmf_sim_v1+role_aware_pmf_cal_v1:rotation+monotone_pit_cdf_v1,reb:pmf_sim_v1+role_aware_pmf_cal_v1:rotation+monotone_pit_cdf_v1,ast:pmf_sim_v1+role_aware_pmf_cal_v1:rotation+monotone_pit_cdf_v1]+prior_combo[joint_sampler_v1+joint_combo_pmf_v1+role_aware_pmf_cal_v1:rotation+monotone_pit_cdf_v1]+stat_grid_final_component_convolution_mean_coherent_v1",phase8_role_aware_pmf_cal_v1+monotone_inactive_global_v1,phase8_pmf_cal,rotation,derived_from_projected_minutes,22.4658,22.0404,0.05,14.0787,14.0787,14,13,0.0003,0.9997,0.9987,0.9957,0.9886,0.9755,0.9543,0.9233,0.8835,0.8356,0.7804,0.719,0.6528,0.5833,0.5125,0.4426,0.3758,0.3139,0.2578,0.2083,0.1654,0.3139,219.0,-219.0,-0.1227,morning,2026-05-30T16:51:22Z,494a3e93#phase10c,51235cba-0b50-441b-a7aa-b0e5bef2d559,ok,0.0,high,full,current_phase8,fallback_used,projected,derived_from_projected_minutes,bdl_plus_nba_official,2026-05-30T16:50:26Z,projected,not_available_yet,bdl_lineup_freshness_manifest,market_offered
Cason Wallace,56677833,OKC,SAS,True,21713534,pra,15.5,15.5,fanduel,-114,-114,0.5,"stat_grid:component_convolution_mean_coherent_v1+components[pts:pmf_sim_v1+role_aware_pmf_cal_v1:rotation+monotone_pit_cdf_v1,reb:pmf_sim_v1+role_aware_pmf_cal_v1:rotation+monotone_pit_cdf_v1,ast:pmf_sim_v1+role_aware_pmf_cal_v1:rotation+monotone_pit_cdf_v1]+prior_combo[joint_sampler_v1+joint_combo_pmf_v1+role_aware_pmf_cal_v1:rotation+monotone_pit_cdf_v1]+stat_grid_final_component_convolution_mean_coherent_v1",phase8_role_aware_pmf_cal_v1+monotone_inactive_global_v1,phase8_pmf_cal,rotation,derived_from_projected_minutes,22.4658,22.0404,0.05,14.0787,14.0787,14,13,0.0003,0.9997,0.9987,0.9957,0.9886,0.9755,0.9543,0.9233,0.8835,0.8356,0.7804,0.719,0.6528,0.5833,0.5125,0.4426,0.3758,0.3139,0.2578,0.2083,0.1654,0.3758,166.0,-166.0,-0.1242,morning,2026-05-30T16:51:22Z,494a3e93#phase10c,51235cba-0b50-441b-a7aa-b0e5bef2d559,ok,0.0,high,full,current_phase8,fallback_used,projected,derived_from_projected_minutes,bdl_plus_nba_official,2026-05-30T16:50:26Z,projected,not_available_yet,bdl_lineup_freshness_manifest,market_offered
Cason Wallace,56677833,OKC,SAS,True,21713534,pra,14.5,14.5,fanduel,-154,116,0.567,"stat_grid:component_convolution_mean_coherent_v1+components[pts:pmf_sim_v1+role_aware_pmf_cal_v1:rotation+monotone_pit_cdf_v1,reb:pmf_sim_v1+role_aware_pmf_cal_v1:rotation+monotone_pit_cdf_v1,ast:pmf_sim_v1+role_aware_pmf_cal_v1:rotation+monotone_pit_cdf_v1]+prior_combo[joint_sampler_v1+joint_combo_pmf_v1+role_aware_pmf_cal_v1:rotation+monotone_pit_cdf_v1]+stat_grid_final_component_convolution_mean_coherent_v1",phase8_role_aware_pmf_cal_v1+monotone_inactive_global_v1,phase8_pmf_cal,rotation,derived_from_projected_minutes,22.4658,22.0404,0.05,14.0787,14.0787,14,13,0.0003,0.9997,0.9987,0.9957,0.9886,0.9755,0.9543,0.9233,0.8835,0.8356,0.7804,0.719,0.6528,0.5833,0.5125,0.4426,0.3758,0.3139,0.2578,0.2083,0.1654,0.4426,126.0,-126.0,-0.1244,morning,2026-05-30T16:51:22Z,494a3e93#phase10c,51235cba-0b50-441b-a7aa-b0e5bef2d559,ok,0.0,high,full,current_phase8,fallback_used,projected,derived_from_projected_minutes,bdl_plus_nba_official,2026-05-30T16:50:26Z,projected,not_available_yet,bdl_lineup_freshness_manifest,market_offered
Cason Wallace,56677833,OKC,SAS,True,21713534,pra,13.5,13.5,fanduel,-210,154,0.6324,"stat_grid:component_convolution_mean_coherent_v1+components[pts:pmf_sim_v1+role_aware_pmf_cal_v1:rotation+monotone_pit_cdf_v1,reb:pmf_sim_v1+role_aware_pmf_cal_v1:rotation+monotone_pit_cdf_v1,ast:pmf_sim_v1+role_aware_pmf_cal_v1:rotation+monotone_pit_cdf_v1]+prior_combo[joint_sampler_v1+joint_combo_pmf_v1+role_aware_pmf_cal_v1:rotation+monotone_pit_cdf_v1]+stat_grid_final_component_convolution_mean_coherent_v1",phase8_role_aware_pmf_cal_v1+monotone_inactive_global_v1,phase8_pmf_cal,rotation,derived_from_projected_minutes,22.4658,22.0404,0.05,14.0787,14.0787,14,13,0.0003,0.9997,0.9987,0.9957,0.9886,0.9755,0.9543,0.9233,0.8835,0.8356,0.7804,0.719,0.6528,0.5833,0.5125,0.4426,0.3758,0.3139,0.2578,0.2083,0.1654,0.5125,-105.0,105.0,-0.1199,morning,2026-05-30T16:51:22Z,494a3e93#phase10c,51235cba-0b50-441b-a7aa-b0e5bef2d559,ok,0.0,high,full,current_phase8,fallback_used,projected,derived_from_projected_minutes,bdl_plus_nba_official,2026-05-30T16:50:26Z,projected,not_available_yet,bdl_lineup_freshness_manifest,market_offered
Cason Wallace,56677833,OKC,SAS,True,21713534,pra,12.5,12.5,fanduel,-280,198,0.6871,"stat_grid:component_convolution_mean_coherent_v1+components[pts:pmf_sim_v1+role_aware_pmf_cal_v1:rotation+monotone_pit_cdf_v1,reb:pmf_sim_v1+role_aware_pmf_cal_v1:rotation+monotone_pit_cdf_v1,ast:pmf_sim_v1+role_aware_pmf_cal_v1:rotation+monotone_pit_cdf_v1]+prior_combo[joint_sampler_v1+joint_combo_pmf_v1+role_aware_pmf_cal_v1:rotation+monotone_pit_cdf_v1]+stat_grid_final_component_convolution_mean_coherent_v1",phase8_role_aware_pmf_cal_v1+monotone_inactive_global_v1,phase8_pmf_cal,rotation,derived_from_projected_minutes,22.4658,22.0404,0.05,14.0787,14.0787,14,13,0.0003,0.9997,0.9987,0.9957,0.9886,0.9755,0.9543,0.9233,0.8835,0.8356,0.7804,0.719,0.6528,0.5833,0.5125,0.4426,0.3758,0.3139,0.2578,0.2083,0.1654,0.5833,-140.0,140.0,-0.1038,morning,2026-05-30T16:51:22Z,494a3e93#phase10c,51235cba-0b50-441b-a7aa-b0e5bef2d559,ok,0.0,high,full,current_phase8,fallback_used,projected,derived_from_projected_minutes,bdl_plus_nba_official,2026-05-30T16:50:26Z,projected,not_available_yet,bdl_lineup_freshness_manifest,market_offered
Cason Wallace,56677833,OKC,SAS,True,21713534,pra,11.5,11.5,fanduel,-390,265,0.7439,"stat_grid:component_convolution_mean_coherent_v1+components[pts:pmf_sim_v1+role_aware_pmf_cal_v1:rotation+monotone_pit_cdf_v1,reb:pmf_sim_v1+role_aware_pmf_cal_v1:rotation+monotone_pit_cdf_v1,ast:pmf_sim_v1+role_aware_pmf_cal_v1:rotation+monotone_pit_cdf_v1]+prior_combo[joint_sampler_v1+joint_combo_pmf_v1+role_aware_pmf_cal_v1:rotation+monotone_pit_cdf_v1]+stat_grid_final_component_convolution_mean_coherent_v1",phase8_role_aware_pmf_cal_v1+monotone_inactive_global_v1,phase8_pmf_cal,rotation,derived_from_projected_minutes,22.4658,22.0404,0.05,14.0787,14.0787,14,13,0.0003,0.9997,0.9987,0.9957,0.9886,0.9755,0.9543,0.9233,0.8835,0.8356,0.7804,0.719,0.6528,0.5833,0.5125,0.4426,0.3758,0.3139,0.2578,0.2083,0.1654,0.6528,-188.0,188.0,-0.0911,morning,2026-05-30T16:51:22Z,494a3e93#phase10c,51235cba-0b50-441b-a7aa-b0e5bef2d559,ok,0.0,high,full,current_phase8,fallback_used,projected,derived_from_projected_minutes,bdl_plus_nba_official,2026-05-30T16:50:26Z,projected,not_available_yet,bdl_lineup_freshness_manifest,market_offered
Cason Wallace,56677833,OKC,SAS,True,21713534,pra,10.5,10.5,fanduel,-550,350,0.792,"stat_grid:component_convolution_mean_coherent_v1+components[pts:pmf_sim_v1+role_aware_pmf_cal_v1:rotation+monotone_pit_cdf_v1,reb:pmf_sim_v1+role_aware_pmf_cal_v1:rotation+monotone_pit_cdf_v1,ast:pmf_sim_v1+role_aware_pmf_cal_v1:rotation+monotone_pit_cdf_v1]+prior_combo[joint_sampler_v1+joint_combo_pmf_v1+role_aware_pmf_cal_v1:rotation+monotone_pit_cdf_v1]+stat_grid_final_component_convolution_mean_coherent_v1",phase8_role_aware_pmf_cal_v1+monotone_inactive_global_v1,phase8_pmf_cal,rotation,derived_from_projected_minutes,22.4658,22.0404,0.05,14.0787,14.0787,14,13,0.0003,0.9997,0.9987,0.9957,0.9886,0.9755,0.9543,0.9233,0.8835,0.8356,0.7804,0.719,0.6528,0.5833,0.5125,0.4426,0.3758,0.3139,0.2578,0.2083,0.1654,0.719,-256.0,256.0,-0.073,morning,2026-05-30T16:51:22Z,494a3e93#phase10c,51235cba-0b50-441b-a7aa-b0e5bef2d559,ok,0.0,high,full,current_phase8,fallback_used,projected,derived_from_projected_minutes,bdl_plus_nba_official,2026-05-30T16:50:26Z,projected,not_available_yet,bdl_lineup_freshness_manifest,market_offered
Cason Wallace,56677833,OKC,SAS,True,21713534,pra,15.5,15.5,betmgm,-125,-105,0.5203,"stat_grid:component_convolution_mean_coherent_v1+components[pts:pmf_sim_v1+role_aware_pmf_cal_v1:rotation+monotone_pit_cdf_v1,reb:pmf_sim_v1+role_aware_pmf_cal_v1:rotation+monotone_pit_cdf_v1,ast:pmf_sim_v1+role_aware_pmf_cal_v1:rotation+monotone_pit_cdf_v1]+prior_combo[joint_sampler_v1+joint_combo_pmf_v1+role_aware_pmf_cal_v1:rotation+monotone_pit_cdf_v1]+stat_grid_final_component_convolution_mean_coherent_v1",phase8_role_aware_pmf_cal_v1+monotone_inactive_global_v1,phase8_pmf_cal,rotation,derived_from_projected_minutes,22.4658,22.0404,0.05,14.0787,14.0787,14,13,0.0003,0.9997,0.9987,0.9957,0.9886,0.9755,0.9543,0.9233,0.8835,0.8356,0.7804,0.719,0.6528,0.5833,0.5125,0.4426,0.3758,0.3139,0.2578,0.2083,0.1654,0.3758,166.0,-166.0,-0.1445,morning,2026-05-30T16:51:22Z,494a3e93#phase10c,51235cba-0b50-441b-a7aa-b0e5bef2d559,ok,0.0,high,full,current_phase8,fallback_used,projected,derived_from_projected_minutes,bdl_plus_nba_official,2026-05-30T16:50:26Z,projected,not_available_yet,bdl_lineup_freshness_manifest,market_offered
Cason Wallace,56677833,OKC,SAS,True,21713534,pra,16.5,16.5,betrivers,108,-148,0.4462,"stat_grid:component_convolution_mean_coherent_v1+components[pts:pmf_sim_v1+role_aware_pmf_cal_v1:rotation+monotone_pit_cdf_v1,reb:pmf_sim_v1+role_aware_pmf_cal_v1:rotation+monotone_pit_cdf_v1,ast:pmf_sim_v1+role_aware_pmf_cal_v1:rotation+monotone_pit_cdf_v1]+prior_combo[joint_sampler_v1+joint_combo_pmf_v1+role_aware_pmf_cal_v1:rotation+monotone_pit_cdf_v1]+stat_grid_final_component_convolution_mean_coherent_v1",phase8_role_aware_pmf_cal_v1+monotone_inactive_global_v1,phase8_pmf_cal,rotation,derived_from_projected_minutes,22.4658,22.0404,0.05,14.0787,14.0787,14,13,0.0003,0.9997,0.9987,0.9957,0.9886,0.9755,0.9543,0.9233,0.8835,0.8356,0.7804,0.719,0.6528,0.5833,0.5125,0.4426,0.3758,0.3139,0.2578,0.2083,0.1654,0.3139,219.0,-219.0,-0.1323,morning,2026-05-30T16:51:22Z,494a3e93#phase10c,51235cba-0b50-441b-a7aa-b0e5bef2d559,ok,0.0,high,full,current_phase8,fallback_used,projected,derived_from_projected_minutes,bdl_plus_nba_official,2026-05-30T16:50:26Z,projected,not_available_yet,bdl_lineup_freshness_manifest,market_offered
Cason Wallace,56677833,OKC,SAS,True,21713534,pra,15.5,15.5,betrivers,-124,-110,0.5138,"stat_grid:component_convolution_mean_coherent_v1+components[pts:pmf_sim_v1+role_aware_pmf_cal_v1:rotation+monotone_pit_cdf_v1,reb:pmf_sim_v1+role_aware_pmf_cal_v1:rotation+monotone_pit_cdf_v1,ast:pmf_sim_v1+role_aware_pmf_cal_v1:rotation+monotone_pit_cdf_v1]+prior_combo[joint_sampler_v1+joint_combo_pmf_v1+role_aware_pmf_cal_v1:rotation+monotone_pit_cdf_v1]+stat_grid_final_component_convolution_mean_coherent_v1",phase8_role_aware_pmf_cal_v1+monotone_inactive_global_v1,phase8_pmf_cal,rotation,derived_from_projected_minutes,22.4658,22.0404,0.05,14.0787,14.0787,14,13,0.0003,0.9997,0.9987,0.9957,0.9886,0.9755,0.9543,0.9233,0.8835,0.8356,0.7804,0.719,0.6528,0.5833,0.5125,0.4426,0.3758,0.3139,0.2578,0.2083,0.1654,0.3758,166.0,-166.0,-0.138,morning,2026-05-30T16:51:22Z,494a3e93#phase10c,51235cba-0b50-441b-a7aa-b0e5bef2d559,ok,0.0,high,full,current_phase8,fallback_used,projected,derived_from_projected_minutes,bdl_plus_nba_official,2026-05-30T16:50:26Z,projected,not_available_yet,bdl_lineup_freshness_manifest,market_offered
Cason Wallace,56677833,OKC,SAS,True,21713534,pra,14.5,14.5,betrivers,-167,120,0.5791,"stat_grid:component_convolution_mean_coherent_v1+components[pts:pmf_sim_v1+role_aware_pmf_cal_v1:rotation+monotone_pit_cdf_v1,reb:pmf_sim_v1+role_aware_pmf_cal_v1:rotation+monotone_pit_cdf_v1,ast:pmf_sim_v1+role_aware_pmf_cal_v1:rotation+monotone_pit_cdf_v1]+prior_combo[joint_sampler_v1+joint_combo_pmf_v1+role_aware_pmf_cal_v1:rotation+monotone_pit_cdf_v1]+stat_grid_final_component_convolution_mean_coherent_v1",phase8_role_aware_pmf_cal_v1+monotone_inactive_global_v1,phase8_pmf_cal,rotation,derived_from_projected_minutes,22.4658,22.0404,0.05,14.0787,14.0787,14,13,0.0003,0.9997,0.9987,0.9957,0.9886,0.9755,0.9543,0.9233,0.8835,0.8356,0.7804,0.719,0.6528,0.5833,0.5125,0.4426,0.3758,0.3139,0.2578,0.2083,0.1654,0.4426,126.0,-126.0,-0.1365,morning,2026-05-30T16:51:22Z,494a3e93#phase10c,51235cba-0b50-441b-a7aa-b0e5bef2d559,ok,0.0,high,full,current_phase8,fallback_used,projected,derived_from_projected_minutes,bdl_plus_nba_official,2026-05-30T16:50:26Z,projected,not_available_yet,bdl_lineup_freshness_manifest,market_offered
Cason Wallace,56677833,OKC,SAS,True,21713534,pra,15.5,15.5,fanatics,-110,-120,0.4899,"stat_grid:component_convolution_mean_coherent_v1+components[pts:pmf_sim_v1+role_aware_pmf_cal_v1:rotation+monotone_pit_cdf_v1,reb:pmf_sim_v1+role_aware_pmf_cal_v1:rotation+monotone_pit_cdf_v1,ast:pmf_sim_v1+role_aware_pmf_cal_v1:rotation+monotone_pit_cdf_v1]+prior_combo[joint_sampler_v1+joint_combo_pmf_v1+role_aware_pmf_cal_v1:rotation+monotone_pit_cdf_v1]+stat_grid_final_component_convolution_mean_coherent_v1",phase8_role_aware_pmf_cal_v1+monotone_inactive_global_v1,phase8_pmf_cal,rotation,derived_from_projected_minutes,22.4658,22.0404,0.05,14.0787,14.0787,14,13,0.0003,0.9997,0.9987,0.9957,0.9886,0.9755,0.9543,0.9233,0.8835,0.8356,0.7804,0.719,0.6528,0.5833,0.5125,0.4426,0.3758,0.3139,0.2578,0.2083,0.1654,0.3758,166.0,-166.0,-0.114,morning,2026-05-30T16:51:22Z,494a3e93#phase10c,51235cba-0b50-441b-a7aa-b0e5bef2d559,ok,0.0,high,full,current_phase8,fallback_used,projected,derived_from_projected_minutes,bdl_plus_nba_official,2026-05-30T16:50:26Z,projected,not_available_yet,bdl_lineup_freshness_manifest,market_offered
Cason Wallace,56677833,OKC,SAS,True,21713534,pra,15.5,15.5,draftkings,-114,-115,0.499,"stat_grid:component_convolution_mean_coherent_v1+components[pts:pmf_sim_v1+role_aware_pmf_cal_v1:rotation+monotone_pit_cdf_v1,reb:pmf_sim_v1+role_aware_pmf_cal_v1:rotation+monotone_pit_cdf_v1,ast:pmf_sim_v1+role_aware_pmf_cal_v1:rotation+monotone_pit_cdf_v1]+prior_combo[joint_sampler_v1+joint_combo_pmf_v1+role_aware_pmf_cal_v1:rotation+monotone_pit_cdf_v1]+stat_grid_final_component_convolution_mean_coherent_v1",phase8_role_aware_pmf_cal_v1+monotone_inactive_global_v1,phase8_pmf_cal,rotation,derived_from_projected_minutes,22.4658,22.0404,0.05,14.0787,14.0787,14,13,0.0003,0.9997,0.9987,0.9957,0.9886,0.9755,0.9543,0.9233,0.8835,0.8356,0.7804,0.719,0.6528,0.5833,0.5125,0.4426,0.3758,0.3139,0.2578,0.2083,0.1654,0.3758,166.0,-166.0,-0.1231,morning,2026-05-30T16:51:22Z,494a3e93#phase10c,51235cba-0b50-441b-a7aa-b0e5bef2d559,ok,0.0,high,full,current_phase8,fallback_used,projected,derived_from_projected_minutes,bdl_plus_nba_official,2026-05-30T16:50:26Z,projected,not_available_yet,bdl_lineup_freshness_manifest,market_offered
Cason Wallace,56677833,OKC,SAS,True,21713534,pra,17.5,17.5,bovada,135,-180,0.3983,"stat_grid:component_convolution_mean_coherent_v1+components[pts:pmf_sim_v1+role_aware_pmf_cal_v1:rotation+monotone_pit_cdf_v1,reb:pmf_sim_v1+role_aware_pmf_cal_v1:rotation+monotone_pit_cdf_v1,ast:pmf_sim_v1+role_aware_pmf_cal_v1:rotation+monotone_pit_cdf_v1]+prior_combo[joint_sampler_v1+joint_combo_pmf_v1+role_aware_pmf_cal_v1:rotation+monotone_pit_cdf_v1]+stat_grid_final_component_convolution_mean_coherent_v1",phase8_role_aware_pmf_cal_v1+monotone_inactive_global_v1,phase8_pmf_cal,rotation,derived_from_projected_minutes,22.4658,22.0404,0.05,14.0787,14.0787,14,13,0.0003,0.9997,0.9987,0.9957,0.9886,0.9755,0.9543,0.9233,0.8835,0.8356,0.7804,0.719,0.6528,0.5833,0.5125,0.4426,0.3758,0.3139,0.2578,0.2083,0.1654,0.2578,288.0,-288.0,-0.1405,morning,2026-05-30T16:51:22Z,494a3e93#phase10c,51235cba-0b50-441b-a7aa-b0e5bef2d559,ok,0.0,high,full,current_phase8,fallback_used,projected,derived_from_projected_minutes,bdl_plus_nba_official,2026-05-30T16:50:26Z,projected,not_available_yet,bdl_lineup_freshness_manifest,market_offered
Cason Wallace,56677833,OKC,SAS,True,21713534,pra,16.5,16.5,bovada,105,-135,0.4592,"stat_grid:component_convolution_mean_coherent_v1+components[pts:pmf_sim_v1+role_aware_pmf_cal_v1:rotation+monotone_pit_cdf_v1,reb:pmf_sim_v1+role_aware_pmf_cal_v1:rotation+monotone_pit_cdf_v1,ast:pmf_sim_v1+role_aware_pmf_cal_v1:rotation+monotone_pit_cdf_v1]+prior_combo[joint_sampler_v1+joint_combo_pmf_v1+role_aware_pmf_cal_v1:rotation+monotone_pit_cdf_v1]+stat_grid_final_component_convolution_mean_coherent_v1",phase8_role_aware_pmf_cal_v1+monotone_inactive_global_v1,phase8_pmf_cal,rotation,derived_from_projected_minutes,22.4658,22.0404,0.05,14.0787,14.0787,14,13,0.0003,0.9997,0.9987,0.9957,0.9886,0.9755,0.9543,0.9233,0.8835,0.8356,0.7804,0.719,0.6528,0.5833,0.5125,0.4426,0.3758,0.3139,0.2578,0.2083,0.1654,0.3139,219.0,-219.0,-0.1453,morning,2026-05-30T16:51:22Z,494a3e93#phase10c,51235cba-0b50-441b-a7aa-b0e5bef2d559,ok,0.0,high,full,current_phase8,fallback_used,projected,derived_from_projected_minutes,bdl_plus_nba_official,2026-05-30T16:50:26Z,projected,not_available_yet,bdl_lineup_freshness_manifest,market_offered
Cason Wallace,56677833,OKC,SAS,True,21713534,pra,15.5,15.5,bovada,-120,-110,0.5101,"stat_grid:component_convolution_mean_coherent_v1+components[pts:pmf_sim_v1+role_aware_pmf_cal_v1:rotation+monotone_pit_cdf_v1,reb:pmf_sim_v1+role_aware_pmf_cal_v1:rotation+monotone_pit_cdf_v1,ast:pmf_sim_v1+role_aware_pmf_cal_v1:rotation+monotone_pit_cdf_v1]+prior_combo[joint_sampler_v1+joint_combo_pmf_v1+role_aware_pmf_cal_v1:rotation+monotone_pit_cdf_v1]+stat_grid_final_component_convolution_mean_coherent_v1",phase8_role_aware_pmf_cal_v1+monotone_inactive_global_v1,phase8_pmf_cal,rotation,derived_from_projected_minutes,22.4658,22.0404,0.05,14.0787,14.0787,14,13,0.0003,0.9997,0.9987,0.9957,0.9886,0.9755,0.9543,0.9233,0.8835,0.8356,0.7804,0.719,0.6528,0.5833,0.5125,0.4426,0.3758,0.3139,0.2578,0.2083,0.1654,0.3758,166.0,-166.0,-0.1343,morning,2026-05-30T16:51:22Z,494a3e93#phase10c,51235cba-0b50-441b-a7aa-b0e5bef2d559,ok,0.0,high,full,current_phase8,fallback_used,projected,derived_from_projected_minutes,bdl_plus_nba_official,2026-05-30T16:50:26Z,projected,not_available_yet,bdl_lineup_freshness_manifest,market_offered
Cason Wallace,56677833,OKC,SAS,True,21713534,pra,14.5,14.5,bovada,-150,115,0.5633,"stat_grid:component_convolution_mean_coherent_v1+components[pts:pmf_sim_v1+role_aware_pmf_cal_v1:rotation+monotone_pit_cdf_v1,reb:pmf_sim_v1+role_aware_pmf_cal_v1:rotation+monotone_pit_cdf_v1,ast:pmf_sim_v1+role_aware_pmf_cal_v1:rotation+monotone_pit_cdf_v1]+prior_combo[joint_sampler_v1+joint_combo_pmf_v1+role_aware_pmf_cal_v1:rotation+monotone_pit_cdf_v1]+stat_grid_final_component_convolution_mean_coherent_v1",phase8_role_aware_pmf_cal_v1+monotone_inactive_global_v1,phase8_pmf_cal,rotation,derived_from_projected_minutes,22.4658,22.0404,0.05,14.0787,14.0787,14,13,0.0003,0.9997,0.9987,0.9957,0.9886,0.9755,0.9543,0.9233,0.8835,0.8356,0.7804,0.719,0.6528,0.5833,0.5125,0.4426,0.3758,0.3139,0.2578,0.2083,0.1654,0.4426,126.0,-126.0,-0.1207,morning,2026-05-30T16:51:22Z,494a3e93#phase10c,51235cba-0b50-441b-a7aa-b0e5bef2d559,ok,0.0,high,full,current_phase8,fallback_used,projected,derived_from_projected_minutes,bdl_plus_nba_official,2026-05-30T16:50:26Z,projected,not_available_yet,bdl_lineup_freshness_manifest,market_offered
Cason Wallace,56677833,OKC,SAS,True,21713534,pra,13.5,13.5,bovada,-200,150,0.625,"stat_grid:component_convolution_mean_coherent_v1+components[pts:pmf_sim_v1+role_aware_pmf_cal_v1:rotation+monotone_pit_cdf_v1,reb:pmf_sim_v1+role_aware_pmf_cal_v1:rotation+monotone_pit_cdf_v1,ast:pmf_sim_v1+role_aware_pmf_cal_v1:rotation+monotone_pit_cdf_v1]+prior_combo[joint_sampler_v1+joint_combo_pmf_v1+role_aware_pmf_cal_v1:rotation+monotone_pit_cdf_v1]+stat_grid_final_component_convolution_mean_coherent_v1",phase8_role_aware_pmf_cal_v1+monotone_inactive_global_v1,phase8_pmf_cal,rotation,derived_from_projected_minutes,22.4658,22.0404,0.05,14.0787,14.0787,14,13,0.0003,0.9997,0.9987,0.9957,0.9886,0.9755,0.9543,0.9233,0.8835,0.8356,0.7804,0.719,0.6528,0.5833,0.5125,0.4426,0.3758,0.3139,0.2578,0.2083,0.1654,0.5125,-105.0,105.0,-0.1125,morning,2026-05-30T16:51:22Z,494a3e93#phase10c,51235cba-0b50-441b-a7aa-b0e5bef2d559,ok,0.0,high,full,current_phase8,fallback_used,projected,derived_from_projected_minutes,bdl_plus_nba_official,2026-05-30T16:50:26Z,projected,not_available_yet,bdl_lineup_freshness_manifest,market_offered
Cason Wallace,56677833,OKC,SAS,True,21713534,pra,15.5,15.5,hardrockbet_az,-115,-115,0.5,"stat_grid:component_convolution_mean_coherent_v1+components[pts:pmf_sim_v1+role_aware_pmf_cal_v1:rotation+monotone_pit_cdf_v1,reb:pmf_sim_v1+role_aware_pmf_cal_v1:rotation+monotone_pit_cdf_v1,ast:pmf_sim_v1+role_aware_pmf_cal_v1:rotation+monotone_pit_cdf_v1]+prior_combo[joint_sampler_v1+joint_combo_pmf_v1+role_aware_pmf_cal_v1:rotation+monotone_pit_cdf_v1]+stat_grid_final_component_convolution_mean_coherent_v1",phase8_role_aware_pmf_cal_v1+monotone_inactive_global_v1,phase8_pmf_cal,rotation,derived_from_projected_minutes,22.4658,22.0404,0.05,14.0787,14.0787,14,13,0.0003,0.9997,0.9987,0.9957,0.9886,0.9755,0.9543,0.9233,0.8835,0.8356,0.7804,0.719,0.6528,0.5833,0.5125,0.4426,0.3758,0.3139,0.2578,0.2083,0.1654,0.3758,166.0,-166.0,-0.1242,morning,2026-05-30T16:51:22Z,494a3e93#phase10c,51235cba-0b50-441b-a7aa-b0e5bef2d559,ok,0.0,high,full,current_phase8,fallback_used,projected,derived_from_projected_minutes,bdl_plus_nba_official,2026-05-30T16:50:26Z,projected,not_available_yet,bdl_lineup_freshness_manifest,market_offered
Cason Wallace,56677833,OKC,SAS,True,21713534,pra,15.5,15.5,hardrockbet,-115,-115,0.5,"stat_grid:component_convolution_mean_coherent_v1+components[pts:pmf_sim_v1+role_aware_pmf_cal_v1:rotation+monotone_pit_cdf_v1,reb:pmf_sim_v1+role_aware_pmf_cal_v1:rotation+monotone_pit_cdf_v1,ast:pmf_sim_v1+role_aware_pmf_cal_v1:rotation+monotone_pit_cdf_v1]+prior_combo[joint_sampler_v1+joint_combo_pmf_v1+role_aware_pmf_cal_v1:rotation+monotone_pit_cdf_v1]+stat_grid_final_component_convolution_mean_coherent_v1",phase8_role_aware_pmf_cal_v1+monotone_inactive_global_v1,phase8_pmf_cal,rotation,derived_from_projected_minutes,22.4658,22.0404,0.05,14.0787,14.0787,14,13,0.0003,0.9997,0.9987,0.9957,0.9886,0.9755,0.9543,0.9233,0.8835,0.8356,0.7804,0.719,0.6528,0.5833,0.5125,0.4426,0.3758,0.3139,0.2578,0.2083,0.1654,0.3758,166.0,-166.0,-0.1242,morning,2026-05-30T16:51:22Z,494a3e93#phase10c,51235cba-0b50-441b-a7aa-b0e5bef2d559,ok,0.0,high,full,current_phase8,fallback_used,projected,derived_from_projected_minutes,bdl_plus_nba_official,2026-05-30T16:50:26Z,projected,not_available_yet,bdl_lineup_freshness_manifest,market_offered
Cason Wallace,56677833,OKC,SAS,True,21713534,pra,15.5,15.5,hardrockbet_fl,-115,-115,0.5,"stat_grid:component_convolution_mean_coherent_v1+components[pts:pmf_sim_v1+role_aware_pmf_cal_v1:rotation+monotone_pit_cdf_v1,reb:pmf_sim_v1+role_aware_pmf_cal_v1:rotation+monotone_pit_cdf_v1,ast:pmf_sim_v1+role_aware_pmf_cal_v1:rotation+monotone_pit_cdf_v1]+prior_combo[joint_sampler_v1+joint_combo_pmf_v1+role_aware_pmf_cal_v1:rotation+monotone_pit_cdf_v1]+stat_grid_final_component_convolution_mean_coherent_v1",phase8_role_aware_pmf_cal_v1+monotone_inactive_global_v1,phase8_pmf_cal,rotation,derived_from_projected_minutes,22.4658,22.0404,0.05,14.0787,14.0787,14,13,0.0003,0.9997,0.9987,0.9957,0.9886,0.9755,0.9543,0.9233,0.8835,0.8356,0.7804,0.719,0.6528,0.5833,0.5125,0.4426,0.3758,0.3139,0.2578,0.2083,0.1654,0.3758,166.0,-166.0,-0.1242,morning,2026-05-30T16:51:22Z,494a3e93#phase10c,51235cba-0b50-441b-a7aa-b0e5bef2d559,ok,0.0,high,full,current_phase8,fallback_used,projected,derived_from_projected_minutes,bdl_plus_nba_official,2026-05-30T16:50:26Z,projected,not_available_yet,bdl_lineup_freshness_manifest,market_offered
Cason Wallace,56677833,OKC,SAS,True,21713534,pra,15.5,15.5,espnbet,-120,-110,0.5101,"stat_grid:component_convolution_mean_coherent_v1+components[pts:pmf_sim_v1+role_aware_pmf_cal_v1:rotation+monotone_pit_cdf_v1,reb:pmf_sim_v1+role_aware_pmf_cal_v1:rotation+monotone_pit_cdf_v1,ast:pmf_sim_v1+role_aware_pmf_cal_v1:rotation+monotone_pit_cdf_v1]+prior_combo[joint_sampler_v1+joint_combo_pmf_v1+role_aware_pmf_cal_v1:rotation+monotone_pit_cdf_v1]+stat_grid_final_component_convolution_mean_coherent_v1",phase8_role_aware_pmf_cal_v1+monotone_inactive_global_v1,phase8_pmf_cal,rotation,derived_from_projected_minutes,22.4658,22.0404,0.05,14.0787,14.0787,14,13,0.0003,0.9997,0.9987,0.9957,0.9886,0.9755,0.9543,0.9233,0.8835,0.8356,0.7804,0.719,0.6528,0.5833,0.5125,0.4426,0.3758,0.3139,0.2578,0.2083,0.1654,0.3758,166.0,-166.0,-0.1343,morning,2026-05-30T16:51:22Z,494a3e93#phase10c,51235cba-0b50-441b-a7aa-b0e5bef2d559,ok,0.0,high,full,current_phase8,fallback_used,projected,derived_from_projected_minutes,bdl_plus_nba_official,2026-05-30T16:50:26Z,projected,not_available_yet,bdl_lineup_freshness_manifest,market_offered
Cason Wallace,56677833,OKC,SAS,True,21713534,pra,14.5,14.5,betparx,-167,120,0.5791,"stat_grid:component_convolution_mean_coherent_v1+components[pts:pmf_sim_v1+role_aware_pmf_cal_v1:rotation+monotone_pit_cdf_v1,reb:pmf_sim_v1+role_aware_pmf_cal_v1:rotation+monotone_pit_cdf_v1,ast:pmf_sim_v1+role_aware_pmf_cal_v1:rotation+monotone_pit_cdf_v1]+prior_combo[joint_sampler_v1+joint_combo_pmf_v1+role_aware_pmf_cal_v1:rotation+monotone_pit_cdf_v1]+stat_grid_final_component_convolution_mean_coherent_v1",phase8_role_aware_pmf_cal_v1+monotone_inactive_global_v1,phase8_pmf_cal,rotation,derived_from_projected_minutes,22.4658,22.0404,0.05,14.0787,14.0787,14,13,0.0003,0.9997,0.9987,0.9957,0.9886,0.9755,0.9543,0.9233,0.8835,0.8356,0.7804,0.719,0.6528,0.5833,0.5125,0.4426,0.3758,0.3139,0.2578,0.2083,0.1654,0.4426,126.0,-126.0,-0.1365,morning,2026-05-30T16:51:22Z,494a3e93#phase10c,51235cba-0b50-441b-a7aa-b0e5bef2d559,ok,0.0,high,full,current_phase8,fallback_used,projected,derived_from_projected_minutes,bdl_plus_nba_official,2026-05-30T16:50:26Z,projected,not_available_yet,bdl_lineup_freshness_manifest,market_offered
Cason Wallace,56677833,OKC,SAS,True,21713534,pra,15.5,15.5,betparx,-122,-109,0.5131,"stat_grid:component_convolution_mean_coherent_v1+components[pts:pmf_sim_v1+role_aware_pmf_cal_v1:rotation+monotone_pit_cdf_v1,reb:pmf_sim_v1+role_aware_pmf_cal_v1:rotation+monotone_pit_cdf_v1,ast:pmf_sim_v1+role_aware_pmf_cal_v1:rotation+monotone_pit_cdf_v1]+prior_combo[joint_sampler_v1+joint_combo_pmf_v1+role_aware_pmf_cal_v1:rotation+monotone_pit_cdf_v1]+stat_grid_final_component_convolution_mean_coherent_v1",phase8_role_aware_pmf_cal_v1+monotone_inactive_global_v1,phase8_pmf_cal,rotation,derived_from_projected_minutes,22.4658,22.0404,0.05,14.0787,14.0787,14,13,0.0003,0.9997,0.9987,0.9957,0.9886,0.9755,0.9543,0.9233,0.8835,0.8356,0.7804,0.719,0.6528,0.5833,0.5125,0.4426,0.3758,0.3139,0.2578,0.2083,0.1654,0.3758,166.0,-166.0,-0.1372,morning,2026-05-30T16:51:22Z,494a3e93#phase10c,51235cba-0b50-441b-a7aa-b0e5bef2d559,ok,0.0,high,full,current_phase8,fallback_used,projected,derived_from_projected_minutes,bdl_plus_nba_official,2026-05-30T16:50:26Z,projected,not_available_yet,bdl_lineup_freshness_manifest,market_offered
Cason Wallace,56677833,OKC,SAS,True,21713534,pra,16.5,16.5,betparx,110,-148,0.4438,"stat_grid:component_convolution_mean_coherent_v1+components[pts:pmf_sim_v1+role_aware_pmf_cal_v1:rotation+monotone_pit_cdf_v1,reb:pmf_sim_v1+role_aware_pmf_cal_v1:rotation+monotone_pit_cdf_v1,ast:pmf_sim_v1+role_aware_pmf_cal_v1:rotation+monotone_pit_cdf_v1]+prior_combo[joint_sampler_v1+joint_combo_pmf_v1+role_aware_pmf_cal_v1:rotation+monotone_pit_cdf_v1]+stat_grid_final_component_convolution_mean_coherent_v1",phase8_role_aware_pmf_cal_v1+monotone_inactive_global_v1,phase8_pmf_cal,rotation,derived_from_projected_minutes,22.4658,22.0404,0.05,14.0787,14.0787,14,13,0.0003,0.9997,0.9987,0.9957,0.9886,0.9755,0.9543,0.9233,0.8835,0.8356,0.7804,0.719,0.6528,0.5833,0.5125,0.4426,0.3758,0.3139,0.2578,0.2083,0.1654,0.3139,219.0,-219.0,-0.1299,morning,2026-05-30T16:51:22Z,494a3e93#phase10c,51235cba-0b50-441b-a7aa-b0e5bef2d559,ok,0.0,high,full,current_phase8,fallback_used,projected,derived_from_projected_minutes,bdl_plus_nba_official,2026-05-30T16:50:26Z,projected,not_available_yet,bdl_lineup_freshness_manifest,market_offered
Cason Wallace,56677833,OKC,SAS,True,21713534,pra,15.5,15.5,fliff,-125,-115,0.5095,"stat_grid:component_convolution_mean_coherent_v1+components[pts:pmf_sim_v1+role_aware_pmf_cal_v1:rotation+monotone_pit_cdf_v1,reb:pmf_sim_v1+role_aware_pmf_cal_v1:rotation+monotone_pit_cdf_v1,ast:pmf_sim_v1+role_aware_pmf_cal_v1:rotation+monotone_pit_cdf_v1]+prior_combo[joint_sampler_v1+joint_combo_pmf_v1+role_aware_pmf_cal_v1:rotation+monotone_pit_cdf_v1]+stat_grid_final_component_convolution_mean_coherent_v1",phase8_role_aware_pmf_cal_v1+monotone_inactive_global_v1,phase8_pmf_cal,rotation,derived_from_projected_minutes,22.4658,22.0404,0.05,14.0787,14.0787,14,13,0.0003,0.9997,0.9987,0.9957,0.9886,0.9755,0.9543,0.9233,0.8835,0.8356,0.7804,0.719,0.6528,0.5833,0.5125,0.4426,0.3758,0.3139,0.2578,0.2083,0.1654,0.3758,166.0,-166.0,-0.1336,morning,2026-05-30T16:51:22Z,494a3e93#phase10c,51235cba-0b50-441b-a7aa-b0e5bef2d559,ok,0.0,high,full,current_phase8,fallback_used,projected,derived_from_projected_minutes,bdl_plus_nba_official,2026-05-30T16:50:26Z,projected,not_available_yet,bdl_lineup_freshness_manifest,market_offered
Stephon Castle,1028025261,SAS,OKC,False,21713534,pts,16.5,16.5,fanduel,-128,-104,0.5241,stat_grid:pmf_sim_v1+role_aware_pmf_cal_v1:starter+monotone_pit_cdf_v1,phase8_role_aware_pmf_cal_v1+monotone_inactive_global_v1,role_aware_pmf_cal_v1,starter,derived_from_projected_minutes,29.0546,30.7465,0.05,18.6145,18.6145,19,19,0.0011,0.9989,0.9984,0.9972,0.9956,0.9932,0.9891,0.9827,0.9722,0.9574,0.937,0.9128,0.8843,0.854,0.8136,0.7569,0.7039,0.6286,0.5733,0.5151,0.41,0.6286,-169.0,169.0,0.1045,morning,2026-05-30T16:51:22Z,494a3e93#phase10c,51235cba-0b50-441b-a7aa-b0e5bef2d559,ok,0.0,high,full,current_phase8,fallback_used,projected,derived_from_projected_minutes,bdl_plus_nba_official,2026-05-30T16:50:26Z,projected,not_available_yet,bdl_lineup_freshness_manifest,market_offered
Stephon Castle,1028025261,SAS,OKC,False,21713534,pts,11.5,11.5,fanduel,-650,390,0.8094,stat_grid:pmf_sim_v1+role_aware_pmf_cal_v1:starter+monotone_pit_cdf_v1,phase8_role_aware_pmf_cal_v1+monotone_inactive_global_v1,role_aware_pmf_cal_v1,starter,derived_from_projected_minutes,29.0546,30.7465,0.05,18.6145,18.6145,19,19,0.0011,0.9989,0.9984,0.9972,0.9956,0.9932,0.9891,0.9827,0.9722,0.9574,0.937,0.9128,0.8843,0.854,0.8136,0.7569,0.7039,0.6286,0.5733,0.5151,0.41,0.8843,-764.0,764.0,0.0749,morning,2026-05-30T16:51:22Z,494a3e93#phase10c,51235cba-0b50-441b-a7aa-b0e5bef2d559,ok,0.0,high,full,current_phase8,fallback_used,projected,derived_from_projected_minutes,bdl_plus_nba_official,2026-05-30T16:50:26Z,projected,not_available_yet,bdl_lineup_freshness_manifest,market_offered
Stephon Castle,1028025261,SAS,OKC,False,21713534,pts,22.5,22.5,fanduel,320,-500,0.2222,stat_grid:pmf_sim_v1+role_aware_pmf_cal_v1:starter+monotone_pit_cdf_v1,phase8_role_aware_pmf_cal_v1+monotone_inactive_global_v1,role_aware_pmf_cal_v1,starter,derived_from_projected_minutes,29.0546,30.7465,0.05,18.6145,18.6145,19,19,0.0011,0.9989,0.9984,0.9972,0.9956,0.9932,0.9891,0.9827,0.9722,0.9574,0.937,0.9128,0.8843,0.854,0.8136,0.7569,0.7039,0.6286,0.5733,0.5151,0.41,0.2359,324.0,-324.0,0.0137,morning,2026-05-30T16:51:22Z,494a3e93#phase10c,51235cba-0b50-441b-a7aa-b0e5bef2d559,ok,0.0,high,full,current_phase8,fallback_used,projected,derived_from_projected_minutes,bdl_plus_nba_official,2026-05-30T16:50:26Z,projected,not_available_yet,bdl_lineup_freshness_manifest,market_offered
Stephon Castle,1028025261,SAS,OKC,False,21713534,pts,21.5,21.5,fanduel,265,-390,0.2561,stat_grid:pmf_sim_v1+role_aware_pmf_cal_v1:starter+monotone_pit_cdf_v1,phase8_role_aware_pmf_cal_v1+monotone_inactive_global_v1,role_aware_pmf_cal_v1,starter,derived_from_projected_minutes,29.0546,30.7465,0.05,18.6145,18.6145,19,19,0.0011,0.9989,0.9984,0.9972,0.9956,0.9932,0.9891,0.9827,0.9722,0.9574,0.937,0.9128,0.8843,0.854,0.8136,0.7569,0.7039,0.6286,0.5733,0.5151,0.41,0.2961,238.0,-238.0,0.0401,morning,2026-05-30T16:51:22Z,494a3e93#phase10c,51235cba-0b50-441b-a7aa-b0e5bef2d559,ok,0.0,high,full,current_phase8,fallback_used,projected,derived_from_projected_minutes,bdl_plus_nba_official,2026-05-30T16:50:26Z,projected,not_available_yet,bdl_lineup_freshness_manifest,market_offered
Stephon Castle,1028025261,SAS,OKC,False,21713534,pts,20.5,20.5,fanduel,205,-290,0.306,stat_grid:pmf_sim_v1+role_aware_pmf_cal_v1:starter+monotone_pit_cdf_v1,phase8_role_aware_pmf_cal_v1+monotone_inactive_global_v1,role_aware_pmf_cal_v1,starter,derived_from_projected_minutes,29.0546,30.7465,0.05,18.6145,18.6145,19,19,0.0011,0.9989,0.9984,0.9972,0.9956,0.9932,0.9891,0.9827,0.9722,0.9574,0.937,0.9128,0.8843,0.854,0.8136,0.7569,0.7039,0.6286,0.5733,0.5151,0.41,0.3514,185.0,-185.0,0.0454,morning,2026-05-30T16:51:22Z,494a3e93#phase10c,51235cba-0b50-441b-a7aa-b0e5bef2d559,ok,0.0,high,full,current_phase8,fallback_used,projected,derived_from_projected_minutes,bdl_plus_nba_official,2026-05-30T16:50:26Z,projected,not_available_yet,bdl_lineup_freshness_manifest,market_offered
Stephon Castle,1028025261,SAS,OKC,False,21713534,pts,19.5,19.5,fanduel,172,-230,0.3453,stat_grid:pmf_sim_v1+role_aware_pmf_cal_v1:starter+monotone_pit_cdf_v1,phase8_role_aware_pmf_cal_v1+monotone_inactive_global_v1,role_aware_pmf_cal_v1,starter,derived_from_projected_minutes,29.0546,30.7465,0.05,18.6145,18.6145,19,19,0.0011,0.9989,0.9984,0.9972,0.9956,0.9932,0.9891,0.9827,0.9722,0.9574,0.937,0.9128,0.8843,0.854,0.8136,0.7569,0.7039,0.6286,0.5733,0.5151,0.41,0.41,144.0,-144.0,0.0646,morning,2026-05-30T16:51:22Z,494a3e93#phase10c,51235cba-0b50-441b-a7aa-b0e5bef2d559,ok,0.0,high,full,current_phase8,fallback_used,projected,derived_from_projected_minutes,bdl_plus_nba_official,2026-05-30T16:50:26Z,projected,not_available_yet,bdl_lineup_freshness_manifest,market_offered
Stephon Castle,1028025261,SAS,OKC,False,21713534,pts,18.5,18.5,fanduel,134,-180,0.3993,stat_grid:pmf_sim_v1+role_aware_pmf_cal_v1:starter+monotone_pit_cdf_v1,phase8_role_aware_pmf_cal_v1+monotone_inactive_global_v1,role_aware_pmf_cal_v1,starter,derived_from_projected_minutes,29.0546,30.7465,0.05,18.6145,18.6145,19,19,0.0011,0.9989,0.9984,0.9972,0.9956,0.9932,0.9891,0.9827,0.9722,0.9574,0.937,0.9128,0.8843,0.854,0.8136,0.7569,0.7039,0.6286,0.5733,0.5151,0.41,0.5151,-106.0,106.0,0.1157,morning,2026-05-30T16:51:22Z,494a3e93#phase10c,51235cba-0b50-441b-a7aa-b0e5bef2d559,ok,0.0,high,full,current_phase8,fallback_used,projected,derived_from_projected_minutes,bdl_plus_nba_official,2026-05-30T16:50:26Z,projected,not_available_yet,bdl_lineup_freshness_manifest,market_offered
Stephon Castle,1028025261,SAS,OKC,False,21713534,pts,17.5,17.5,fanduel,102,-136,0.4621,stat_grid:pmf_sim_v1+role_aware_pmf_cal_v1:starter+monotone_pit_cdf_v1,phase8_role_aware_pmf_cal_v1+monotone_inactive_global_v1,role_aware_pmf_cal_v1,starter,derived_from_projected_minutes,29.0546,30.7465,0.05,18.6145,18.6145,19,19,0.0011,0.9989,0.9984,0.9972,0.9956,0.9932,0.9891,0.9827,0.9722,0.9574,0.937,0.9128,0.8843,0.854,0.8136,0.7569,0.7039,0.6286,0.5733,0.5151,0.41,0.5733,-134.0,134.0,0.1112,morning,2026-05-30T16:51:22Z,494a3e93#phase10c,51235cba-0b50-441b-a7aa-b0e5bef2d559,ok,0.0,high,full,current_phase8,fallback_used,projected,derived_from_projected_minutes,bdl_plus_nba_official,2026-05-30T16:50:26Z,projected,not_available_yet,bdl_lineup_freshness_manifest,market_offered
Stephon Castle,1028025261,SAS,OKC,False,21713534,pts,16.5,16.5,fanduel,-128,-104,0.5241,stat_grid:pmf_sim_v1+role_aware_pmf_cal_v1:starter+monotone_pit_cdf_v1,phase8_role_aware_pmf_cal_v1+monotone_inactive_global_v1,role_aware_pmf_cal_v1,starter,derived_from_projected_minutes,29.0546,30.7465,0.05,18.6145,18.6145,19,19,0.0011,0.9989,0.9984,0.9972,0.9956,0.9932,0.9891,0.9827,0.9722,0.9574,0.937,0.9128,0.8843,0.854,0.8136,0.7569,0.7039,0.6286,0.5733,0.5151,0.41,0.6286,-169.0,169.0,0.1045,morning,2026-05-30T16:51:22Z,494a3e93#phase10c,51235cba-0b50-441b-a7aa-b0e5bef2d559,ok,0.0,high,full,current_phase8,fallback_used,projected,derived_from_projected_minutes,bdl_plus_nba_official,2026-05-30T16:50:26Z,projected,not_available_yet,bdl_lineup_freshness_manifest,market_offered
Stephon Castle,1028025261,SAS,OKC,False,21713534,pts,15.5,15.5,fanduel,-172,126,0.5883,stat_grid:pmf_sim_v1+role_aware_pmf_cal_v1:starter+monotone_pit_cdf_v1,phase8_role_aware_pmf_cal_v1+monotone_inactive_global_v1,role_aware_pmf_cal_v1,starter,derived_from_projected_minutes,29.0546,30.7465,0.05,18.6145,18.6145,19,19,0.0011,0.9989,0.9984,0.9972,0.9956,0.9932,0.9891,0.9827,0.9722,0.9574,0.937,0.9128,0.8843,0.854,0.8136,0.7569,0.7039,0.6286,0.5733,0.5151,0.41,0.7039,-238.0,238.0,0.1156,morning,2026-05-30T16:51:22Z,494a3e93#phase10c,51235cba-0b50-441b-a7aa-b0e5bef2d559,ok,0.0,high,full,current_phase8,fallback_used,projected,derived_from_projected_minutes,bdl_plus_nba_official,2026-05-30T16:50:26Z,projected,not_available_yet,bdl_lineup_freshness_manifest,market_offered
Stephon Castle,1028025261,SAS,OKC,False,21713534,pts,14.5,14.5,fanduel,-230,168,0.6513,stat_grid:pmf_sim_v1+role_aware_pmf_cal_v1:starter+monotone_pit_cdf_v1,phase8_role_aware_pmf_cal_v1+monotone_inactive_global_v1,role_aware_pmf_cal_v1,starter,derived_from_projected_minutes,29.0546,30.7465,0.05,18.6145,18.6145,19,19,0.0011,0.9989,0.9984,0.9972,0.9956,0.9932,0.9891,0.9827,0.9722,0.9574,0.937,0.9128,0.8843,0.854,0.8136,0.7569,0.7039,0.6286,0.5733,0.5151,0.41,0.7569,-311.0,311.0,0.1055,morning,2026-05-30T16:51:22Z,494a3e93#phase10c,51235cba-0b50-441b-a7aa-b0e5bef2d559,ok,0.0,high,full,current_phase8,fallback_used,projected,derived_from_projected_minutes,bdl_plus_nba_official,2026-05-30T16:50:26Z,projected,not_available_yet,bdl_lineup_freshness_manifest,market_offered
Stephon Castle,1028025261,SAS,OKC,False,21713534,pts,13.5,13.5,fanduel,-310,220,0.7076,stat_grid:pmf_sim_v1+role_aware_pmf_cal_v1:starter+monotone_pit_cdf_v1,phase8_role_aware_pmf_cal_v1+monotone_inactive_global_v1,role_aware_pmf_cal_v1,starter,derived_from_projected_minutes,29.0546,30.7465,0.05,18.6145,18.6145,19,19,0.0011,0.9989,0.9984,0.9972,0.9956,0.9932,0.9891,0.9827,0.9722,0.9574,0.937,0.9128,0.8843,0.854,0.8136,0.7569,0.7039,0.6286,0.5733,0.5151,0.41,0.8136,-437.0,437.0,0.1061,morning,2026-05-30T16:51:22Z,494a3e93#phase10c,51235cba-0b50-441b-a7aa-b0e5bef2d559,ok,0.0,high,full,current_phase8,fallback_used,projected,derived_from_projected_minutes,bdl_plus_nba_official,2026-05-30T16:50:26Z,projected,not_available_yet,bdl_lineup_freshness_manifest,market_offered
Stephon Castle,1028025261,SAS,OKC,False,21713534,pts,12.5,12.5,fanduel,-420,280,0.7543,stat_grid:pmf_sim_v1+role_aware_pmf_cal_v1:starter+monotone_pit_cdf_v1,phase8_role_aware_pmf_cal_v1+monotone_inactive_global_v1,role_aware_pmf_cal_v1,starter,derived_from_projected_minutes,29.0546,30.7465,0.05,18.6145,18.6145,19,19,0.0011,0.9989,0.9984,0.9972,0.9956,0.9932,0.9891,0.9827,0.9722,0.9574,0.937,0.9128,0.8843,0.854,0.8136,0.7569,0.7039,0.6286,0.5733,0.5151,0.41,0.854,-585.0,585.0,0.0997,morning,2026-05-30T16:51:22Z,494a3e93#phase10c,51235cba-0b50-441b-a7aa-b0e5bef2d559,ok,0.0,high,full,current_phase8,fallback_used,projected,derived_from_projected_minutes,bdl_plus_nba_official,2026-05-30T16:50:26Z,projected,not_available_yet,bdl_lineup_freshness_manifest,market_offered
Stephon Castle,1028025261,SAS,OKC,False,21713534,pts,23.5,23.5,fanduel,410,-700,0.1831,stat_grid:pmf_sim_v1+role_aware_pmf_cal_v1:starter+monotone_pit_cdf_v1,phase8_role_aware_pmf_cal_v1+monotone_inactive_global_v1,role_aware_pmf_cal_v1,starter,derived_from_projected_minutes,29.0546,30.7465,0.05,18.6145,18.6145,19,19,0.0011,0.9989,0.9984,0.9972,0.9956,0.9932,0.9891,0.9827,0.9722,0.9574,0.937,0.9128,0.8843,0.854,0.8136,0.7569,0.7039,0.6286,0.5733,0.5151,0.41,0.1956,411.0,-411.0,0.0125,morning,2026-05-30T16:51:22Z,494a3e93#phase10c,51235cba-0b50-441b-a7aa-b0e5bef2d559,ok,0.0,high,full,current_phase8,fallback_used,projected,derived_from_projected_minutes,bdl_plus_nba_official,2026-05-30T16:50:26Z,projected,not_available_yet,bdl_lineup_freshness_manifest,market_offered
Stephon Castle,1028025261,SAS,OKC,False,21713534,pts,16.5,16.5,williamhill_us,-138,102,0.5394,stat_grid:pmf_sim_v1+role_aware_pmf_cal_v1:starter+monotone_pit_cdf_v1,phase8_role_aware_pmf_cal_v1+monotone_inactive_global_v1,role_aware_pmf_cal_v1,starter,derived_from_projected_minutes,29.0546,30.7465,0.05,18.6145,18.6145,19,19,0.0011,0.9989,0.9984,0.9972,0.9956,0.9932,0.9891,0.9827,0.9722,0.9574,0.937,0.9128,0.8843,0.854,0.8136,0.7569,0.7039,0.6286,0.5733,0.5151,0.41,0.6286,-169.0,169.0,0.0892,morning,2026-05-30T16:51:22Z,494a3e93#phase10c,51235cba-0b50-441b-a7aa-b0e5bef2d559,ok,0.0,high,full,current_phase8,fallback_used,projected,derived_from_projected_minutes,bdl_plus_nba_official,2026-05-30T16:50:26Z,projected,not_available_yet,bdl_lineup_freshness_manifest,market_offered
Stephon Castle,1028025261,SAS,OKC,False,21713534,pts,13.5,13.5,bovada,-280,205,0.6921,stat_grid:pmf_sim_v1+role_aware_pmf_cal_v1:starter+monotone_pit_cdf_v1,phase8_role_aware_pmf_cal_v1+monotone_inactive_global_v1,role_aware_pmf_cal_v1,starter,derived_from_projected_minutes,29.0546,30.7465,0.05,18.6145,18.6145,19,19,0.0011,0.9989,0.9984,0.9972,0.9956,0.9932,0.9891,0.9827,0.9722,0.9574,0.937,0.9128,0.8843,0.854,0.8136,0.7569,0.7039,0.6286,0.5733,0.5151,0.41,0.8136,-437.0,437.0,0.1216,morning,2026-05-30T16:51:22Z,494a3e93#phase10c,51235cba-0b50-441b-a7aa-b0e5bef2d559,ok,0.0,high,full,current_phase8,fallback_used,projected,derived_from_projected_minutes,bdl_plus_nba_official,2026-05-30T16:50:26Z,projected,not_available_yet,bdl_lineup_freshness_manifest,market_offered
Stephon Castle,1028025261,SAS,OKC,False,21713534,pts,20.5,20.5,bovada,200,-275,0.3125,stat_grid:pmf_sim_v1+role_aware_pmf_cal_v1:starter+monotone_pit_cdf_v1,phase8_role_aware_pmf_cal_v1+monotone_inactive_global_v1,role_aware_pmf_cal_v1,starter,derived_from_projected_minutes,29.0546,30.7465,0.05,18.6145,18.6145,19,19,0.0011,0.9989,0.9984,0.9972,0.9956,0.9932,0.9891,0.9827,0.9722,0.9574,0.937,0.9128,0.8843,0.854,0.8136,0.7569,0.7039,0.6286,0.5733,0.5151,0.41,0.3514,185.0,-185.0,0.0389,morning,2026-05-30T16:51:22Z,494a3e93#phase10c,51235cba-0b50-441b-a7aa-b0e5bef2d559,ok,0.0,high,full,current_phase8,fallback_used,projected,derived_from_projected_minutes,bdl_plus_nba_official,2026-05-30T16:50:26Z,projected,not_available_yet,bdl_lineup_freshness_manifest,market_offered
Stephon Castle,1028025261,SAS,OKC,False,21713534,pts,19.5,19.5,bovada,160,-215,0.3604,stat_grid:pmf_sim_v1+role_aware_pmf_cal_v1:starter+monotone_pit_cdf_v1,phase8_role_aware_pmf_cal_v1+monotone_inactive_global_v1,role_aware_pmf_cal_v1,starter,derived_from_projected_minutes,29.0546,30.7465,0.05,18.6145,18.6145,19,19,0.0011,0.9989,0.9984,0.9972,0.9956,0.9932,0.9891,0.9827,0.9722,0.9574,0.937,0.9128,0.8843,0.854,0.8136,0.7569,0.7039,0.6286,0.5733,0.5151,0.41,0.41,144.0,-144.0,0.0496,morning,2026-05-30T16:51:22Z,494a3e93#phase10c,51235cba-0b50-441b-a7aa-b0e5bef2d559,ok,0.0,high,full,current_phase8,fallback_used,projected,derived_from_projected_minutes,bdl_plus_nba_official,2026-05-30T16:50:26Z,projected,not_available_yet,bdl_lineup_freshness_manifest,market_offered
Stephon Castle,1028025261,SAS,OKC,False,21713534,pts,18.5,18.5,bovada,130,-170,0.4085,stat_grid:pmf_sim_v1+role_aware_pmf_cal_v1:starter+monotone_pit_cdf_v1,phase8_role_aware_pmf_cal_v1+monotone_inactive_global_v1,role_aware_pmf_cal_v1,starter,derived_from_projected_minutes,29.0546,30.7465,0.05,18.6145,18.6145,19,19,0.0011,0.9989,0.9984,0.9972,0.9956,0.9932,0.9891,0.9827,0.9722,0.9574,0.937,0.9128,0.8843,0.854,0.8136,0.7569,0.7039,0.6286,0.5733,0.5151,0.41,0.5151,-106.0,106.0,0.1066,morning,2026-05-30T16:51:22Z,494a3e93#phase10c,51235cba-0b50-441b-a7aa-b0e5bef2d559,ok,0.0,high,full,current_phase8,fallback_used,projected,derived_from_projected_minutes,bdl_plus_nba_official,2026-05-30T16:50:26Z,projected,not_available_yet,bdl_lineup_freshness_manifest,market_offered
Stephon Castle,1028025261,SAS,OKC,False,21713534,pts,17.5,17.5,bovada,100,-130,0.4694,stat_grid:pmf_sim_v1+role_aware_pmf_cal_v1:starter+monotone_pit_cdf_v1,phase8_role_aware_pmf_cal_v1+monotone_inactive_global_v1,role_aware_pmf_cal_v1,starter,derived_from_projected_minutes,29.0546,30.7465,0.05,18.6145,18.6145,19,19,0.0011,0.9989,0.9984,0.9972,0.9956,0.9932,0.9891,0.9827,0.9722,0.9574,0.937,0.9128,0.8843,0.854,0.8136,0.7569,0.7039,0.6286,0.5733,0.5151,0.41,0.5733,-134.0,134.0,0.1039,morning,2026-05-30T16:51:22Z,494a3e93#phase10c,51235cba-0b50-441b-a7aa-b0e5bef2d559,ok,0.0,high,full,current_phase8,fallback_used,projected,derived_from_projected_minutes,bdl_plus_nba_official,2026-05-30T16:50:26Z,projected,not_available_yet,bdl_lineup_freshness_manifest,market_offered
Stephon Castle,1028025261,SAS,OKC,False,21713534,pts,16.5,16.5,bovada,-125,-105,0.5203,stat_grid:pmf_sim_v1+role_aware_pmf_cal_v1:starter+monotone_pit_cdf_v1,phase8_role_aware_pmf_cal_v1+monotone_inactive_global_v1,role_aware_pmf_cal_v1,starter,derived_from_projected_minutes,29.0546,30.7465,0.05,18.6145,18.6145,19,19,0.0011,0.9989,0.9984,0.9972,0.9956,0.9932,0.9891,0.9827,0.9722,0.9574,0.937,0.9128,0.8843,0.854,0.8136,0.7569,0.7039,0.6286,0.5733,0.5151,0.41,0.6286,-169.0,169.0,0.1083,morning,2026-05-30T16:51:22Z,494a3e93#phase10c,51235cba-0b50-441b-a7aa-b0e5bef2d559,ok,0.0,high,full,current_phase8,fallback_used,projected,derived_from_projected_minutes,bdl_plus_nba_official,2026-05-30T16:50:26Z,projected,not_available_yet,bdl_lineup_freshness_manifest,market_offered
Stephon Castle,1028025261,SAS,OKC,False,21713534,pts,15.5,15.5,bovada,-160,120,0.5752,stat_grid:pmf_sim_v1+role_aware_pmf_cal_v1:starter+monotone_pit_cdf_v1,phase8_role_aware_pmf_cal_v1+monotone_inactive_global_v1,role_aware_pmf_cal_v1,starter,derived_from_projected_minutes,29.0546,30.7465,0.05,18.6145,18.6145,19,19,0.0011,0.9989,0.9984,0.9972,0.9956,0.9932,0.9891,0.9827,0.9722,0.9574,0.937,0.9128,0.8843,0.854,0.8136,0.7569,0.7039,0.6286,0.5733,0.5151,0.41,0.7039,-238.0,238.0,0.1288,morning,2026-05-30T16:51:22Z,494a3e93#phase10c,51235cba-0b50-441b-a7aa-b0e5bef2d559,ok,0.0,high,full,current_phase8,fallback_used,projected,derived_from_projected_minutes,bdl_plus_nba_official,2026-05-30T16:50:26Z,projected,not_available_yet,bdl_lineup_freshness_manifest,market_offered
Stephon Castle,1028025261,SAS,OKC,False,21713534,pts,14.5,14.5,bovada,-210,155,0.6334,stat_grid:pmf_sim_v1+role_aware_pmf_cal_v1:starter+monotone_pit_cdf_v1,phase8_role_aware_pmf_cal_v1+monotone_inactive_global_v1,role_aware_pmf_cal_v1,starter,derived_from_projected_minutes,29.0546,30.7465,0.05,18.6145,18.6145,19,19,0.0011,0.9989,0.9984,0.9972,0.9956,0.9932,0.9891,0.9827,0.9722,0.9574,0.937,0.9128,0.8843,0.854,0.8136,0.7569,0.7039,0.6286,0.5733,0.5151,0.41,0.7569,-311.0,311.0,0.1235,morning,2026-05-30T16:51:22Z,494a3e93#phase10c,51235cba-0b50-441b-a7aa-b0e5bef2d559,ok,0.0,high,full,current_phase8,fallback_used,projected,derived_from_projected_minutes,bdl_plus_nba_official,2026-05-30T16:50:26Z,projected,not_available_yet,bdl_lineup_freshness_manifest,market_offered
Stephon Castle,1028025261,SAS,OKC,False,21713534,pts,16.5,16.5,betmgm,-120,-110,0.5101,stat_grid:pmf_sim_v1+role_aware_pmf_cal_v1:starter+monotone_pit_cdf_v1,phase8_role_aware_pmf_cal_v1+monotone_inactive_global_v1,role_aware_pmf_cal_v1,starter,derived_from_projected_minutes,29.0546,30.7465,0.05,18.6145,18.6145,19,19,0.0011,0.9989,0.9984,0.9972,0.9956,0.9932,0.9891,0.9827,0.9722,0.9574,0.937,0.9128,0.8843,0.854,0.8136,0.7569,0.7039,0.6286,0.5733,0.5151,0.41,0.6286,-169.0,169.0,0.1185,morning,2026-05-30T16:51:22Z,494a3e93#phase10c,51235cba-0b50-441b-a7aa-b0e5bef2d559,ok,0.0,high,full,current_phase8,fallback_used,projected,derived_from_projected_minutes,bdl_plus_nba_official,2026-05-30T16:50:26Z,projected,not_available_yet,bdl_lineup_freshness_manifest,market_offered
Stephon Castle,1028025261,SAS,OKC,False,21713534,pts,17.5,17.5,betrivers,102,-137,0.4613,stat_grid:pmf_sim_v1+role_aware_pmf_cal_v1:starter+monotone_pit_cdf_v1,phase8_role_aware_pmf_cal_v1+monotone_inactive_global_v1,role_aware_pmf_cal_v1,starter,derived_from_projected_minutes,29.0546,30.7465,0.05,18.6145,18.6145,19,19,0.0011,0.9989,0.9984,0.9972,0.9956,0.9932,0.9891,0.9827,0.9722,0.9574,0.937,0.9128,0.8843,0.854,0.8136,0.7569,0.7039,0.6286,0.5733,0.5151,0.41,0.5733,-134.0,134.0,0.112,morning,2026-05-30T16:51:22Z,494a3e93#phase10c,51235cba-0b50-441b-a7aa-b0e5bef2d559,ok,0.0,high,full,current_phase8,fallback_used,projected,derived_from_projected_minutes,bdl_plus_nba_official,2026-05-30T16:50:26Z,projected,not_available_yet,bdl_lineup_freshness_manifest,market_offered
Stephon Castle,1028025261,SAS,OKC,False,21713534,pts,16.5,16.5,betrivers,-129,-106,0.5226,stat_grid:pmf_sim_v1+role_aware_pmf_cal_v1:starter+monotone_pit_cdf_v1,phase8_role_aware_pmf_cal_v1+monotone_inactive_global_v1,role_aware_pmf_cal_v1,starter,derived_from_projected_minutes,29.0546,30.7465,0.05,18.6145,18.6145,19,19,0.0011,0.9989,0.9984,0.9972,0.9956,0.9932,0.9891,0.9827,0.9722,0.9574,0.937,0.9128,0.8843,0.854,0.8136,0.7569,0.7039,0.6286,0.5733,0.5151,0.41,0.6286,-169.0,169.0,0.106,morning,2026-05-30T16:51:22Z,494a3e93#phase10c,51235cba-0b50-441b-a7aa-b0e5bef2d559,ok,0.0,high,full,current_phase8,fallback_used,projected,derived_from_projected_minutes,bdl_plus_nba_official,2026-05-30T16:50:26Z,projected,not_available_yet,bdl_lineup_freshness_manifest,market_offered
Stephon Castle,1028025261,SAS,OKC,False,21713534,pts,16.5,16.5,draftkings,-124,-103,0.5218,stat_grid:pmf_sim_v1+role_aware_pmf_cal_v1:starter+monotone_pit_cdf_v1,phase8_role_aware_pmf_cal_v1+monotone_inactive_global_v1,role_aware_pmf_cal_v1,starter,derived_from_projected_minutes,29.0546,30.7465,0.05,18.6145,18.6145,19,19,0.0011,0.9989,0.9984,0.9972,0.9956,0.9932,0.9891,0.9827,0.9722,0.9574,0.937,0.9128,0.8843,0.854,0.8136,0.7569,0.7039,0.6286,0.5733,0.5151,0.41,0.6286,-169.0,169.0,0.1069,morning,2026-05-30T16:51:22Z,494a3e93#phase10c,51235cba-0b50-441b-a7aa-b0e5bef2d559,ok,0.0,high,full,current_phase8,fallback_used,projected,derived_from_projected_minutes,bdl_plus_nba_official,2026-05-30T16:50:26Z,projected,not_available_yet,bdl_lineup_freshness_manifest,market_offered
Stephon Castle,1028025261,SAS,OKC,False,21713534,pts,16.5,16.5,fanatics,-125,-105,0.5203,stat_grid:pmf_sim_v1+role_aware_pmf_cal_v1:starter+monotone_pit_cdf_v1,phase8_role_aware_pmf_cal_v1+monotone_inactive_global_v1,role_aware_pmf_cal_v1,starter,derived_from_projected_minutes,29.0546,30.7465,0.05,18.6145,18.6145,19,19,0.0011,0.9989,0.9984,0.9972,0.9956,0.9932,0.9891,0.9827,0.9722,0.9574,0.937,0.9128,0.8843,0.854,0.8136,0.7569,0.7039,0.6286,0.5733,0.5151,0.41,0.6286,-169.0,169.0,0.1083,morning,2026-05-30T16:51:22Z,494a3e93#phase10c,51235cba-0b50-441b-a7aa-b0e5bef2d559,ok,0.0,high,full,current_phase8,fallback_used,projected,derived_from_projected_minutes,bdl_plus_nba_official,2026-05-30T16:50:26Z,projected,not_available_yet,bdl_lineup_freshness_manifest,market_offered
Stephon Castle,1028025261,SAS,OKC,False,21713534,pts,17.5,17.5,hardrockbet_az,-110,-120,0.4899,stat_grid:pmf_sim_v1+role_aware_pmf_cal_v1:starter+monotone_pit_cdf_v1,phase8_role_aware_pmf_cal_v1+monotone_inactive_global_v1,role_aware_pmf_cal_v1,starter,derived_from_projected_minutes,29.0546,30.7465,0.05,18.6145,18.6145,19,19,0.0011,0.9989,0.9984,0.9972,0.9956,0.9932,0.9891,0.9827,0.9722,0.9574,0.937,0.9128,0.8843,0.854,0.8136,0.7569,0.7039,0.6286,0.5733,0.5151,0.41,0.5733,-134.0,134.0,0.0834,morning,2026-05-30T16:51:22Z,494a3e93#phase10c,51235cba-0b50-441b-a7aa-b0e5bef2d559,ok,0.0,high,full,current_phase8,fallback_used,projected,derived_from_projected_minutes,bdl_plus_nba_official,2026-05-30T16:50:26Z,projected,not_available_yet,bdl_lineup_freshness_manifest,market_offered
Stephon Castle,1028025261,SAS,OKC,False,21713534,pts,17.5,17.5,hardrockbet,-110,-120,0.4899,stat_grid:pmf_sim_v1+role_aware_pmf_cal_v1:starter+monotone_pit_cdf_v1,phase8_role_aware_pmf_cal_v1+monotone_inactive_global_v1,role_aware_pmf_cal_v1,starter,derived_from_projected_minutes,29.0546,30.7465,0.05,18.6145,18.6145,19,19,0.0011,0.9989,0.9984,0.9972,0.9956,0.9932,0.9891,0.9827,0.9722,0.9574,0.937,0.9128,0.8843,0.854,0.8136,0.7569,0.7039,0.6286,0.5733,0.5151,0.41,0.5733,-134.0,134.0,0.0834,morning,2026-05-30T16:51:22Z,494a3e93#phase10c,51235cba-0b50-441b-a7aa-b0e5bef2d559,ok,0.0,high,full,current_phase8,fallback_used,projected,derived_from_projected_minutes,bdl_plus_nba_official,2026-05-30T16:50:26Z,projected,not_available_yet,bdl_lineup_freshness_manifest,market_offered
Stephon Castle,1028025261,SAS,OKC,False,21713534,pts,16.5,16.5,rebet,-124,-107,0.5171,stat_grid:pmf_sim_v1+role_aware_pmf_cal_v1:starter+monotone_pit_cdf_v1,phase8_role_aware_pmf_cal_v1+monotone_inactive_global_v1,role_aware_pmf_cal_v1,starter,derived_from_projected_minutes,29.0546,30.7465,0.05,18.6145,18.6145,19,19,0.0011,0.9989,0.9984,0.9972,0.9956,0.9932,0.9891,0.9827,0.9722,0.9574,0.937,0.9128,0.8843,0.854,0.8136,0.7569,0.7039,0.6286,0.5733,0.5151,0.41,0.6286,-169.0,169.0,0.1115,morning,2026-05-30T16:51:22Z,494a3e93#phase10c,51235cba-0b50-441b-a7aa-b0e5bef2d559,ok,0.0,high,full,current_phase8,fallback_used,projected,derived_from_projected_minutes,bdl_plus_nba_official,2026-05-30T16:50:26Z,projected,not_available_yet,bdl_lineup_freshness_manifest,market_offered
Stephon Castle,1028025261,SAS,OKC,False,21713534,pts,17.5,17.5,hardrockbet_fl,-110,-120,0.4899,stat_grid:pmf_sim_v1+role_aware_pmf_cal_v1:starter+monotone_pit_cdf_v1,phase8_role_aware_pmf_cal_v1+monotone_inactive_global_v1,role_aware_pmf_cal_v1,starter,derived_from_projected_minutes,29.0546,30.7465,0.05,18.6145,18.6145,19,19,0.0011,0.9989,0.9984,0.9972,0.9956,0.9932,0.9891,0.9827,0.9722,0.9574,0.937,0.9128,0.8843,0.854,0.8136,0.7569,0.7039,0.6286,0.5733,0.5151,0.41,0.5733,-134.0,134.0,0.0834,morning,2026-05-30T16:51:22Z,494a3e93#phase10c,51235cba-0b50-441b-a7aa-b0e5bef2d559,ok,0.0,high,full,current_phase8,fallback_used,projected,derived_from_projected_minutes,bdl_plus_nba_official,2026-05-30T16:50:26Z,projected,not_available_yet,bdl_lineup_freshness_manifest,market_offered
Stephon Castle,1028025261,SAS,OKC,False,21713534,pts,16.5,16.5,espnbet,-125,-105,0.5203,stat_grid:pmf_sim_v1+role_aware_pmf_cal_v1:starter+monotone_pit_cdf_v1,phase8_role_aware_pmf_cal_v1+monotone_inactive_global_v1,role_aware_pmf_cal_v1,starter,derived_from_projected_minutes,29.0546,30.7465,0.05,18.6145,18.6145,19,19,0.0011,0.9989,0.9984,0.9972,0.9956,0.9932,0.9891,0.9827,0.9722,0.9574,0.937,0.9128,0.8843,0.854,0.8136,0.7569,0.7039,0.6286,0.5733,0.5151,0.41,0.6286,-169.0,169.0,0.1083,morning,2026-05-30T16:51:22Z,494a3e93#phase10c,51235cba-0b50-441b-a7aa-b0e5bef2d559,ok,0.0,high,full,current_phase8,fallback_used,projected,derived_from_projected_minutes,bdl_plus_nba_official,2026-05-30T16:50:26Z,projected,not_available_yet,bdl_lineup_freshness_manifest,market_offered
Stephon Castle,1028025261,SAS,OKC,False,21713534,pts,17.5,17.5,espnbet,-105,-125,0.4797,stat_grid:pmf_sim_v1+role_aware_pmf_cal_v1:starter+monotone_pit_cdf_v1,phase8_role_aware_pmf_cal_v1+monotone_inactive_global_v1,role_aware_pmf_cal_v1,starter,derived_from_projected_minutes,29.0546,30.7465,0.05,18.6145,18.6145,19,19,0.0011,0.9989,0.9984,0.9972,0.9956,0.9932,0.9891,0.9827,0.9722,0.9574,0.937,0.9128,0.8843,0.854,0.8136,0.7569,0.7039,0.6286,0.5733,0.5151,0.41,0.5733,-134.0,134.0,0.0936,morning,2026-05-30T16:51:22Z,494a3e93#phase10c,51235cba-0b50-441b-a7aa-b0e5bef2d559,ok,0.0,high,full,current_phase8,fallback_used,projected,derived_from_projected_minutes,bdl_plus_nba_official,2026-05-30T16:50:26Z,projected,not_available_yet,bdl_lineup_freshness_manifest,market_offered
Stephon Castle,1028025261,SAS,OKC,False,21713534,pts,18.5,18.5,espnbet,130,-170,0.4085,stat_grid:pmf_sim_v1+role_aware_pmf_cal_v1:starter+monotone_pit_cdf_v1,phase8_role_aware_pmf_cal_v1+monotone_inactive_global_v1,role_aware_pmf_cal_v1,starter,derived_from_projected_minutes,29.0546,30.7465,0.05,18.6145,18.6145,19,19,0.0011,0.9989,0.9984,0.9972,0.9956,0.9932,0.9891,0.9827,0.9722,0.9574,0.937,0.9128,0.8843,0.854,0.8136,0.7569,0.7039,0.6286,0.5733,0.5151,0.41,0.5151,-106.0,106.0,0.1066,morning,2026-05-30T16:51:22Z,494a3e93#phase10c,51235cba-0b50-441b-a7aa-b0e5bef2d559,ok,0.0,high,full,current_phase8,fallback_used,projected,derived_from_projected_minutes,bdl_plus_nba_official,2026-05-30T16:50:26Z,projected,not_available_yet,bdl_lineup_freshness_manifest,market_offered
Stephon Castle,1028025261,SAS,OKC,False,21713534,pts,16.5,16.5,betparx,-127,-105,0.5221,stat_grid:pmf_sim_v1+role_aware_pmf_cal_v1:starter+monotone_pit_cdf_v1,phase8_role_aware_pmf_cal_v1+monotone_inactive_global_v1,role_aware_pmf_cal_v1,starter,derived_from_projected_minutes,29.0546,30.7465,0.05,18.6145,18.6145,19,19,0.0011,0.9989,0.9984,0.9972,0.9956,0.9932,0.9891,0.9827,0.9722,0.9574,0.937,0.9128,0.8843,0.854,0.8136,0.7569,0.7039,0.6286,0.5733,0.5151,0.41,0.6286,-169.0,169.0,0.1066,morning,2026-05-30T16:51:22Z,494a3e93#phase10c,51235cba-0b50-441b-a7aa-b0e5bef2d559,ok,0.0,high,full,current_phase8,fallback_used,projected,derived_from_projected_minutes,bdl_plus_nba_official,2026-05-30T16:50:26Z,projected,not_available_yet,bdl_lineup_freshness_manifest,market_offered
Stephon Castle,1028025261,SAS,OKC,False,21713534,pts,17.5,17.5,betparx,104,-137,0.4589,stat_grid:pmf_sim_v1+role_aware_pmf_cal_v1:starter+monotone_pit_cdf_v1,phase8_role_aware_pmf_cal_v1+monotone_inactive_global_v1,role_aware_pmf_cal_v1,starter,derived_from_projected_minutes,29.0546,30.7465,0.05,18.6145,18.6145,19,19,0.0011,0.9989,0.9984,0.9972,0.9956,0.9932,0.9891,0.9827,0.9722,0.9574,0.937,0.9128,0.8843,0.854,0.8136,0.7569,0.7039,0.6286,0.5733,0.5151,0.41,0.5733,-134.0,134.0,0.1145,morning,2026-05-30T16:51:22Z,494a3e93#phase10c,51235cba-0b50-441b-a7aa-b0e5bef2d559,ok,0.0,high,full,current_phase8,fallback_used,projected,derived_from_projected_minutes,bdl_plus_nba_official,2026-05-30T16:50:26Z,projected,not_available_yet,bdl_lineup_freshness_manifest,market_offered
Stephon Castle,1028025261,SAS,OKC,False,21713534,pts,17.5,17.5,fliff,-110,-130,0.481,stat_grid:pmf_sim_v1+role_aware_pmf_cal_v1:starter+monotone_pit_cdf_v1,phase8_role_aware_pmf_cal_v1+monotone_inactive_global_v1,role_aware_pmf_cal_v1,starter,derived_from_projected_minutes,29.0546,30.7465,0.05,18.6145,18.6145,19,19,0.0011,0.9989,0.9984,0.9972,0.9956,0.9932,0.9891,0.9827,0.9722,0.9574,0.937,0.9128,0.8843,0.854,0.8136,0.7569,0.7039,0.6286,0.5733,0.5151,0.41,0.5733,-134.0,134.0,0.0923,morning,2026-05-30T16:51:22Z,494a3e93#phase10c,51235cba-0b50-441b-a7aa-b0e5bef2d559,ok,0.0,high,full,current_phase8,fallback_used,projected,derived_from_projected_minutes,bdl_plus_nba_official,2026-05-30T16:50:26Z,projected,not_available_yet,bdl_lineup_freshness_manifest,market_offered
Stephon Castle,1028025261,SAS,OKC,False,21713534,reb,7.5,7.5,fanduel,400,-650,0.1875,stat_grid:pmf_sim_v1+role_aware_pmf_cal_v1:starter+monotone_pit_cdf_v1,phase8_role_aware_pmf_cal_v1+monotone_inactive_global_v1,role_aware_pmf_cal_v1,starter,derived_from_projected_minutes,29.0546,30.7465,0.05,5.8434,5.8434,6,6,0.0031,0.9969,0.9894,0.9642,0.9016,0.7834,0.589,0.3341,0.1741,0.0766,0.023,0.0079,0.0029,0.0003,0.0,0.0,0.0,0.0,0.0,0.0,0.0,0.1741,474.0,-474.0,-0.0134,morning,2026-05-30T16:51:22Z,494a3e93#phase10c,51235cba-0b50-441b-a7aa-b0e5bef2d559,ok,0.0,high,full,current_phase8,fallback_used,projected,derived_from_projected_minutes,bdl_plus_nba_official,2026-05-30T16:50:26Z,projected,not_available_yet,bdl_lineup_freshness_manifest,market_offered
Stephon Castle,1028025261,SAS,OKC,False,21713534,reb,6.5,6.5,fanduel,210,-300,0.3008,stat_grid:pmf_sim_v1+role_aware_pmf_cal_v1:starter+monotone_pit_cdf_v1,phase8_role_aware_pmf_cal_v1+monotone_inactive_global_v1,role_aware_pmf_cal_v1,starter,derived_from_projected_minutes,29.0546,30.7465,0.05,5.8434,5.8434,6,6,0.0031,0.9969,0.9894,0.9642,0.9016,0.7834,0.589,0.3341,0.1741,0.0766,0.023,0.0079,0.0029,0.0003,0.0,0.0,0.0,0.0,0.0,0.0,0.0,0.3341,199.0,-199.0,0.0333,morning,2026-05-30T16:51:22Z,494a3e93#phase10c,51235cba-0b50-441b-a7aa-b0e5bef2d559,ok,0.0,high,full,current_phase8,fallback_used,projected,derived_from_projected_minutes,bdl_plus_nba_official,2026-05-30T16:50:26Z,projected,not_available_yet,bdl_lineup_freshness_manifest,market_offered
Stephon Castle,1028025261,SAS,OKC,False,21713534,reb,5.5,5.5,fanduel,112,-146,0.4428,stat_grid:pmf_sim_v1+role_aware_pmf_cal_v1:starter+monotone_pit_cdf_v1,phase8_role_aware_pmf_cal_v1+monotone_inactive_global_v1,role_aware_pmf_cal_v1,starter,derived_from_projected_minutes,29.0546,30.7465,0.05,5.8434,5.8434,6,6,0.0031,0.9969,0.9894,0.9642,0.9016,0.7834,0.589,0.3341,0.1741,0.0766,0.023,0.0079,0.0029,0.0003,0.0,0.0,0.0,0.0,0.0,0.0,0.0,0.589,-143.0,143.0,0.1462,morning,2026-05-30T16:51:22Z,494a3e93#phase10c,51235cba-0b50-441b-a7aa-b0e5bef2d559,ok,0.0,high,full,current_phase8,fallback_used,projected,derived_from_projected_minutes,bdl_plus_nba_official,2026-05-30T16:50:26Z,projected,not_available_yet,bdl_lineup_freshness_manifest,market_offered
Stephon Castle,1028025261,SAS,OKC,False,21713534,reb,4.5,4.5,fanduel,-186,138,0.6075,stat_grid:pmf_sim_v1+role_aware_pmf_cal_v1:starter+monotone_pit_cdf_v1,phase8_role_aware_pmf_cal_v1+monotone_inactive_global_v1,role_aware_pmf_cal_v1,starter,derived_from_projected_minutes,29.0546,30.7465,0.05,5.8434,5.8434,6,6,0.0031,0.9969,0.9894,0.9642,0.9016,0.7834,0.589,0.3341,0.1741,0.0766,0.023,0.0079,0.0029,0.0003,0.0,0.0,0.0,0.0,0.0,0.0,0.0,0.7834,-362.0,362.0,0.1759,morning,2026-05-30T16:51:22Z,494a3e93#phase10c,51235cba-0b50-441b-a7aa-b0e5bef2d559,ok,0.0,high,full,current_phase8,fallback_used,projected,derived_from_projected_minutes,bdl_plus_nba_official,2026-05-30T16:50:26Z,projected,not_available_yet,bdl_lineup_freshness_manifest,market_offered
Stephon Castle,1028025261,SAS,OKC,False,21713534,reb,3.5,3.5,fanduel,-410,280,0.7534,stat_grid:pmf_sim_v1+role_aware_pmf_cal_v1:starter+monotone_pit_cdf_v1,phase8_role_aware_pmf_cal_v1+monotone_inactive_global_v1,role_aware_pmf_cal_v1,starter,derived_from_projected_minutes,29.0546,30.7465,0.05,5.8434,5.8434,6,6,0.0031,0.9969,0.9894,0.9642,0.9016,0.7834,0.589,0.3341,0.1741,0.0766,0.023,0.0079,0.0029,0.0003,0.0,0.0,0.0,0.0,0.0,0.0,0.0,0.9016,-917.0,917.0,0.1482,morning,2026-05-30T16:51:22Z,494a3e93#phase10c,51235cba-0b50-441b-a7aa-b0e5bef2d559,ok,0.0,high,full,current_phase8,fallback_used,projected,derived_from_projected_minutes,bdl_plus_nba_official,2026-05-30T16:50:26Z,projected,not_available_yet,bdl_lineup_freshness_manifest,market_offered
Stephon Castle,1028025261,SAS,OKC,False,21713534,reb,5.5,5.5,williamhill_us,115,-154,0.4341,stat_grid:pmf_sim_v1+role_aware_pmf_cal_v1:starter+monotone_pit_cdf_v1,phase8_role_aware_pmf_cal_v1+monotone_inactive_global_v1,role_aware_pmf_cal_v1,starter,derived_from_projected_minutes,29.0546,30.7465,0.05,5.8434,5.8434,6,6,0.0031,0.9969,0.9894,0.9642,0.9016,0.7834,0.589,0.3341,0.1741,0.0766,0.023,0.0079,0.0029,0.0003,0.0,0.0,0.0,0.0,0.0,0.0,0.0,0.589,-143.0,143.0,0.1549,morning,2026-05-30T16:51:22Z,494a3e93#phase10c,51235cba-0b50-441b-a7aa-b0e5bef2d559,ok,0.0,high,full,current_phase8,fallback_used,projected,derived_from_projected_minutes,bdl_plus_nba_official,2026-05-30T16:50:26Z,projected,not_available_yet,bdl_lineup_freshness_manifest,market_offered
Stephon Castle,1028025261,SAS,OKC,False,21713534,reb,5.5,5.5,fanduel,110,-146,0.4452,stat_grid:pmf_sim_v1+role_aware_pmf_cal_v1:starter+monotone_pit_cdf_v1,phase8_role_aware_pmf_cal_v1+monotone_inactive_global_v1,role_aware_pmf_cal_v1,starter,derived_from_projected_minutes,29.0546,30.7465,0.05,5.8434,5.8434,6,6,0.0031,0.9969,0.9894,0.9642,0.9016,0.7834,0.589,0.3341,0.1741,0.0766,0.023,0.0079,0.0029,0.0003,0.0,0.0,0.0,0.0,0.0,0.0,0.0,0.589,-143.0,143.0,0.1438,morning,2026-05-30T16:51:22Z,494a3e93#phase10c,51235cba-0b50-441b-a7aa-b0e5bef2d559,ok,0.0,high,full,current_phase8,fallback_used,projected,derived_from_projected_minutes,bdl_plus_nba_official,2026-05-30T16:50:26Z,projected,not_available_yet,bdl_lineup_freshness_manifest,market_offered
Stephon Castle,1028025261,SAS,OKC,False,21713534,reb,5.5,5.5,betrivers,120,-162,0.4237,stat_grid:pmf_sim_v1+role_aware_pmf_cal_v1:starter+monotone_pit_cdf_v1,phase8_role_aware_pmf_cal_v1+monotone_inactive_global_v1,role_aware_pmf_cal_v1,starter,derived_from_projected_minutes,29.0546,30.7465,0.05,5.8434,5.8434,6,6,0.0031,0.9969,0.9894,0.9642,0.9016,0.7834,0.589,0.3341,0.1741,0.0766,0.023,0.0079,0.0029,0.0003,0.0,0.0,0.0,0.0,0.0,0.0,0.0,0.589,-143.0,143.0,0.1653,morning,2026-05-30T16:51:22Z,494a3e93#phase10c,51235cba-0b50-441b-a7aa-b0e5bef2d559,ok,0.0,high,full,current_phase8,fallback_used,projected,derived_from_projected_minutes,bdl_plus_nba_official,2026-05-30T16:50:26Z,projected,not_available_yet,bdl_lineup_freshness_manifest,market_offered
Stephon Castle,1028025261,SAS,OKC,False,21713534,reb,5.5,5.5,betmgm,105,-140,0.4554,stat_grid:pmf_sim_v1+role_aware_pmf_cal_v1:starter+monotone_pit_cdf_v1,phase8_role_aware_pmf_cal_v1+monotone_inactive_global_v1,role_aware_pmf_cal_v1,starter,derived_from_projected_minutes,29.0546,30.7465,0.05,5.8434,5.8434,6,6,0.0031,0.9969,0.9894,0.9642,0.9016,0.7834,0.589,0.3341,0.1741,0.0766,0.023,0.0079,0.0029,0.0003,0.0,0.0,0.0,0.0,0.0,0.0,0.0,0.589,-143.0,143.0,0.1336,morning,2026-05-30T16:51:22Z,494a3e93#phase10c,51235cba-0b50-441b-a7aa-b0e5bef2d559,ok,0.0,high,full,current_phase8,fallback_used,projected,derived_from_projected_minutes,bdl_plus_nba_official,2026-05-30T16:50:26Z,projected,not_available_yet,bdl_lineup_freshness_manifest,market_offered
Stephon Castle,1028025261,SAS,OKC,False,21713534,reb,5.5,5.5,fanatics,120,-165,0.422,stat_grid:pmf_sim_v1+role_aware_pmf_cal_v1:starter+monotone_pit_cdf_v1,phase8_role_aware_pmf_cal_v1+monotone_inactive_global_v1,role_aware_pmf_cal_v1,starter,derived_from_projected_minutes,29.0546,30.7465,0.05,5.8434,5.8434,6,6,0.0031,0.9969,0.9894,0.9642,0.9016,0.7834,0.589,0.3341,0.1741,0.0766,0.023,0.0079,0.0029,0.0003,0.0,0.0,0.0,0.0,0.0,0.0,0.0,0.589,-143.0,143.0,0.167,morning,2026-05-30T16:51:22Z,494a3e93#phase10c,51235cba-0b50-441b-a7aa-b0e5bef2d559,ok,0.0,high,full,current_phase8,fallback_used,projected,derived_from_projected_minutes,bdl_plus_nba_official,2026-05-30T16:50:26Z,projected,not_available_yet,bdl_lineup_freshness_manifest,market_offered
Stephon Castle,1028025261,SAS,OKC,False,21713534,reb,4.5,4.5,draftkings,-149,113,0.5604,stat_grid:pmf_sim_v1+role_aware_pmf_cal_v1:starter+monotone_pit_cdf_v1,phase8_role_aware_pmf_cal_v1+monotone_inactive_global_v1,role_aware_pmf_cal_v1,starter,derived_from_projected_minutes,29.0546,30.7465,0.05,5.8434,5.8434,6,6,0.0031,0.9969,0.9894,0.9642,0.9016,0.7834,0.589,0.3341,0.1741,0.0766,0.023,0.0079,0.0029,0.0003,0.0,0.0,0.0,0.0,0.0,0.0,0.0,0.7834,-362.0,362.0,0.2231,morning,2026-05-30T16:51:22Z,494a3e93#phase10c,51235cba-0b50-441b-a7aa-b0e5bef2d559,ok,0.0,high,full,current_phase8,fallback_used,projected,derived_from_projected_minutes,bdl_plus_nba_official,2026-05-30T16:50:26Z,projected,not_available_yet,bdl_lineup_freshness_manifest,market_offered
Stephon Castle,1028025261,SAS,OKC,False,21713534,reb,4.5,4.5,bovada,-150,115,0.5633,stat_grid:pmf_sim_v1+role_aware_pmf_cal_v1:starter+monotone_pit_cdf_v1,phase8_role_aware_pmf_cal_v1+monotone_inactive_global_v1,role_aware_pmf_cal_v1,starter,derived_from_projected_minutes,29.0546,30.7465,0.05,5.8434,5.8434,6,6,0.0031,0.9969,0.9894,0.9642,0.9016,0.7834,0.589,0.3341,0.1741,0.0766,0.023,0.0079,0.0029,0.0003,0.0,0.0,0.0,0.0,0.0,0.0,0.0,0.7834,-362.0,362.0,0.2201,morning,2026-05-30T16:51:22Z,494a3e93#phase10c,51235cba-0b50-441b-a7aa-b0e5bef2d559,ok,0.0,high,full,current_phase8,fallback_used,projected,derived_from_projected_minutes,bdl_plus_nba_official,2026-05-30T16:50:26Z,projected,not_available_yet,bdl_lineup_freshness_manifest,market_offered
Stephon Castle,1028025261,SAS,OKC,False,21713534,reb,5.5,5.5,bovada,125,-165,0.4165,stat_grid:pmf_sim_v1+role_aware_pmf_cal_v1:starter+monotone_pit_cdf_v1,phase8_role_aware_pmf_cal_v1+monotone_inactive_global_v1,role_aware_pmf_cal_v1,starter,derived_from_projected_minutes,29.0546,30.7465,0.05,5.8434,5.8434,6,6,0.0031,0.9969,0.9894,0.9642,0.9016,0.7834,0.589,0.3341,0.1741,0.0766,0.023,0.0079,0.0029,0.0003,0.0,0.0,0.0,0.0,0.0,0.0,0.0,0.589,-143.0,143.0,0.1725,morning,2026-05-30T16:51:22Z,494a3e93#phase10c,51235cba-0b50-441b-a7aa-b0e5bef2d559,ok,0.0,high,full,current_phase8,fallback_used,projected,derived_from_projected_minutes,bdl_plus_nba_official,2026-05-30T16:50:26Z,projected,not_available_yet,bdl_lineup_freshness_manifest,market_offered
Stephon Castle,1028025261,SAS,OKC,False,21713534,reb,5.5,5.5,hardrockbet_az,115,-145,0.4401,stat_grid:pmf_sim_v1+role_aware_pmf_cal_v1:starter+monotone_pit_cdf_v1,phase8_role_aware_pmf_cal_v1+monotone_inactive_global_v1,role_aware_pmf_cal_v1,starter,derived_from_projected_minutes,29.0546,30.7465,0.05,5.8434,5.8434,6,6,0.0031,0.9969,0.9894,0.9642,0.9016,0.7834,0.589,0.3341,0.1741,0.0766,0.023,0.0079,0.0029,0.0003,0.0,0.0,0.0,0.0,0.0,0.0,0.0,0.589,-143.0,143.0,0.1489,morning,2026-05-30T16:51:22Z,494a3e93#phase10c,51235cba-0b50-441b-a7aa-b0e5bef2d559,ok,0.0,high,full,current_phase8,fallback_used,projected,derived_from_projected_minutes,bdl_plus_nba_official,2026-05-30T16:50:26Z,projected,not_available_yet,bdl_lineup_freshness_manifest,market_offered
Stephon Castle,1028025261,SAS,OKC,False,21713534,reb,5.5,5.5,hardrockbet,115,-145,0.4401,stat_grid:pmf_sim_v1+role_aware_pmf_cal_v1:starter+monotone_pit_cdf_v1,phase8_role_aware_pmf_cal_v1+monotone_inactive_global_v1,role_aware_pmf_cal_v1,starter,derived_from_projected_minutes,29.0546,30.7465,0.05,5.8434,5.8434,6,6,0.0031,0.9969,0.9894,0.9642,0.9016,0.7834,0.589,0.3341,0.1741,0.0766,0.023,0.0079,0.0029,0.0003,0.0,0.0,0.0,0.0,0.0,0.0,0.0,0.589,-143.0,143.0,0.1489,morning,2026-05-30T16:51:22Z,494a3e93#phase10c,51235cba-0b50-441b-a7aa-b0e5bef2d559,ok,0.0,high,full,current_phase8,fallback_used,projected,derived_from_projected_minutes,bdl_plus_nba_official,2026-05-30T16:50:26Z,projected,not_available_yet,bdl_lineup_freshness_manifest,market_offered
Stephon Castle,1028025261,SAS,OKC,False,21713534,reb,5.5,5.5,hardrockbet_fl,115,-145,0.4401,stat_grid:pmf_sim_v1+role_aware_pmf_cal_v1:starter+monotone_pit_cdf_v1,phase8_role_aware_pmf_cal_v1+monotone_inactive_global_v1,role_aware_pmf_cal_v1,starter,derived_from_projected_minutes,29.0546,30.7465,0.05,5.8434,5.8434,6,6,0.0031,0.9969,0.9894,0.9642,0.9016,0.7834,0.589,0.3341,0.1741,0.0766,0.023,0.0079,0.0029,0.0003,0.0,0.0,0.0,0.0,0.0,0.0,0.0,0.589,-143.0,143.0,0.1489,morning,2026-05-30T16:51:22Z,494a3e93#phase10c,51235cba-0b50-441b-a7aa-b0e5bef2d559,ok,0.0,high,full,current_phase8,fallback_used,projected,derived_from_projected_minutes,bdl_plus_nba_official,2026-05-30T16:50:26Z,projected,not_available_yet,bdl_lineup_freshness_manifest,market_offered
Stephon Castle,1028025261,SAS,OKC,False,21713534,reb,5.5,5.5,rebet,112,-148,0.4415,stat_grid:pmf_sim_v1+role_aware_pmf_cal_v1:starter+monotone_pit_cdf_v1,phase8_role_aware_pmf_cal_v1+monotone_inactive_global_v1,role_aware_pmf_cal_v1,starter,derived_from_projected_minutes,29.0546,30.7465,0.05,5.8434,5.8434,6,6,0.0031,0.9969,0.9894,0.9642,0.9016,0.7834,0.589,0.3341,0.1741,0.0766,0.023,0.0079,0.0029,0.0003,0.0,0.0,0.0,0.0,0.0,0.0,0.0,0.589,-143.0,143.0,0.1475,morning,2026-05-30T16:51:22Z,494a3e93#phase10c,51235cba-0b50-441b-a7aa-b0e5bef2d559,ok,0.0,high,full,current_phase8,fallback_used,projected,derived_from_projected_minutes,bdl_plus_nba_official,2026-05-30T16:50:26Z,projected,not_available_yet,bdl_lineup_freshness_manifest,market_offered
Stephon Castle,1028025261,SAS,OKC,False,21713534,reb,5.5,5.5,betparx,120,-162,0.4237,stat_grid:pmf_sim_v1+role_aware_pmf_cal_v1:starter+monotone_pit_cdf_v1,phase8_role_aware_pmf_cal_v1+monotone_inactive_global_v1,role_aware_pmf_cal_v1,starter,derived_from_projected_minutes,29.0546,30.7465,0.05,5.8434,5.8434,6,6,0.0031,0.9969,0.9894,0.9642,0.9016,0.7834,0.589,0.3341,0.1741,0.0766,0.023,0.0079,0.0029,0.0003,0.0,0.0,0.0,0.0,0.0,0.0,0.0,0.589,-143.0,143.0,0.1653,morning,2026-05-30T16:51:22Z,494a3e93#phase10c,51235cba-0b50-441b-a7aa-b0e5bef2d559,ok,0.0,high,full,current_phase8,fallback_used,projected,derived_from_projected_minutes,bdl_plus_nba_official,2026-05-30T16:50:26Z,projected,not_available_yet,bdl_lineup_freshness_manifest,market_offered
Stephon Castle,1028025261,SAS,OKC,False,21713534,reb,5.5,5.5,fliff,110,-160,0.4362,stat_grid:pmf_sim_v1+role_aware_pmf_cal_v1:starter+monotone_pit_cdf_v1,phase8_role_aware_pmf_cal_v1+monotone_inactive_global_v1,role_aware_pmf_cal_v1,starter,derived_from_projected_minutes,29.0546,30.7465,0.05,5.8434,5.8434,6,6,0.0031,0.9969,0.9894,0.9642,0.9016,0.7834,0.589,0.3341,0.1741,0.0766,0.023,0.0079,0.0029,0.0003,0.0,0.0,0.0,0.0,0.0,0.0,0.0,0.589,-143.0,143.0,0.1528,morning,2026-05-30T16:51:22Z,494a3e93#phase10c,51235cba-0b50-441b-a7aa-b0e5bef2d559,ok,0.0,high,full,current_phase8,fallback_used,projected,derived_from_projected_minutes,bdl_plus_nba_official,2026-05-30T16:50:26Z,projected,not_available_yet,bdl_lineup_freshness_manifest,market_offered
Stephon Castle,1028025261,SAS,OKC,False,21713534,reb,6.5,6.5,espnbet,200,-275,0.3125,stat_grid:pmf_sim_v1+role_aware_pmf_cal_v1:starter+monotone_pit_cdf_v1,phase8_role_aware_pmf_cal_v1+monotone_inactive_global_v1,role_aware_pmf_cal_v1,starter,derived_from_projected_minutes,29.0546,30.7465,0.05,5.8434,5.8434,6,6,0.0031,0.9969,0.9894,0.9642,0.9016,0.7834,0.589,0.3341,0.1741,0.0766,0.023,0.0079,0.0029,0.0003,0.0,0.0,0.0,0.0,0.0,0.0,0.0,0.3341,199.0,-199.0,0.0216,morning,2026-05-30T16:51:22Z,494a3e93#phase10c,51235cba-0b50-441b-a7aa-b0e5bef2d559,ok,0.0,high,full,current_phase8,fallback_used,projected,derived_from_projected_minutes,bdl_plus_nba_official,2026-05-30T16:50:26Z,projected,not_available_yet,bdl_lineup_freshness_manifest,market_offered
Stephon Castle,1028025261,SAS,OKC,False,21713534,reb,4.5,4.5,espnbet,-170,130,0.5915,stat_grid:pmf_sim_v1+role_aware_pmf_cal_v1:starter+monotone_pit_cdf_v1,phase8_role_aware_pmf_cal_v1+monotone_inactive_global_v1,role_aware_pmf_cal_v1,starter,derived_from_projected_minutes,29.0546,30.7465,0.05,5.8434,5.8434,6,6,0.0031,0.9969,0.9894,0.9642,0.9016,0.7834,0.589,0.3341,0.1741,0.0766,0.023,0.0079,0.0029,0.0003,0.0,0.0,0.0,0.0,0.0,0.0,0.0,0.7834,-362.0,362.0,0.1919,morning,2026-05-30T16:51:22Z,494a3e93#phase10c,51235cba-0b50-441b-a7aa-b0e5bef2d559,ok,0.0,high,full,current_phase8,fallback_used,projected,derived_from_projected_minutes,bdl_plus_nba_official,2026-05-30T16:50:26Z,projected,not_available_yet,bdl_lineup_freshness_manifest,market_offered
Stephon Castle,1028025261,SAS,OKC,False,21713534,reb,5.5,5.5,espnbet,120,-160,0.4248,stat_grid:pmf_sim_v1+role_aware_pmf_cal_v1:starter+monotone_pit_cdf_v1,phase8_role_aware_pmf_cal_v1+monotone_inactive_global_v1,role_aware_pmf_cal_v1,starter,derived_from_projected_minutes,29.0546,30.7465,0.05,5.8434,5.8434,6,6,0.0031,0.9969,0.9894,0.9642,0.9016,0.7834,0.589,0.3341,0.1741,0.0766,0.023,0.0079,0.0029,0.0003,0.0,0.0,0.0,0.0,0.0,0.0,0.0,0.589,-143.0,143.0,0.1642,morning,2026-05-30T16:51:22Z,494a3e93#phase10c,51235cba-0b50-441b-a7aa-b0e5bef2d559,ok,0.0,high,full,current_phase8,fallback_used,projected,derived_from_projected_minutes,bdl_plus_nba_official,2026-05-30T16:50:26Z,projected,not_available_yet,bdl_lineup_freshness_manifest,market_offered
Stephon Castle,1028025261,SAS,OKC,False,21713534,ast,4.5,4.5,fanduel,-670,400,0.8131,stat_grid:pmf_sim_v1+role_aware_pmf_cal_v1:starter+monotone_pit_cdf_v1,phase8_role_aware_pmf_cal_v1+monotone_inactive_global_v1,role_aware_pmf_cal_v1,starter,derived_from_projected_minutes,29.0546,30.7465,0.05,6.8509,6.8509,7,8,0.0049,0.9951,0.9933,0.9842,0.9533,0.8879,0.7349,0.5662,0.3989,0.1979,0.0916,0.0315,0.0107,0.0037,0.0012,0.0002,0.0,0.0,0.0,0.0,0.0,0.8879,-792.0,792.0,0.0748,morning,2026-05-30T16:51:22Z,494a3e93#phase10c,51235cba-0b50-441b-a7aa-b0e5bef2d559,ok,0.0,high,full,current_phase8,fallback_used,projected,derived_from_projected_minutes,bdl_plus_nba_official,2026-05-30T16:50:26Z,projected,not_available_yet,bdl_lineup_freshness_manifest,market_offered
Stephon Castle,1028025261,SAS,OKC,False,21713534,ast,5.5,5.5,fanduel,-295,220,0.705,stat_grid:pmf_sim_v1+role_aware_pmf_cal_v1:starter+monotone_pit_cdf_v1,phase8_role_aware_pmf_cal_v1+monotone_inactive_global_v1,role_aware_pmf_cal_v1,starter,derived_from_projected_minutes,29.0546,30.7465,0.05,6.8509,6.8509,7,8,0.0049,0.9951,0.9933,0.9842,0.9533,0.8879,0.7349,0.5662,0.3989,0.1979,0.0916,0.0315,0.0107,0.0037,0.0012,0.0002,0.0,0.0,0.0,0.0,0.0,0.7349,-277.0,277.0,0.0299,morning,2026-05-30T16:51:22Z,494a3e93#phase10c,51235cba-0b50-441b-a7aa-b0e5bef2d559,ok,0.0,high,full,current_phase8,fallback_used,projected,derived_from_projected_minutes,bdl_plus_nba_official,2026-05-30T16:50:26Z,projected,not_available_yet,bdl_lineup_freshness_manifest,market_offered
Stephon Castle,1028025261,SAS,OKC,False,21713534,ast,9.5,9.5,fanduel,310,-470,0.2283,stat_grid:pmf_sim_v1+role_aware_pmf_cal_v1:starter+monotone_pit_cdf_v1,phase8_role_aware_pmf_cal_v1+monotone_inactive_global_v1,role_aware_pmf_cal_v1,starter,derived_from_projected_minutes,29.0546,30.7465,0.05,6.8509,6.8509,7,8,0.0049,0.9951,0.9933,0.9842,0.9533,0.8879,0.7349,0.5662,0.3989,0.1979,0.0916,0.0315,0.0107,0.0037,0.0012,0.0002,0.0,0.0,0.0,0.0,0.0,0.0916,992.0,-992.0,-0.1367,morning,2026-05-30T16:51:22Z,494a3e93#phase10c,51235cba-0b50-441b-a7aa-b0e5bef2d559,ok,0.0,high,full,current_phase8,fallback_used,projected,derived_from_projected_minutes,bdl_plus_nba_official,2026-05-30T16:50:26Z,projected,not_available_yet,bdl_lineup_freshness_manifest,market_offered
Stephon Castle,1028025261,SAS,OKC,False,21713534,ast,8.5,8.5,fanduel,220,-310,0.2924,stat_grid:pmf_sim_v1+role_aware_pmf_cal_v1:starter+monotone_pit_cdf_v1,phase8_role_aware_pmf_cal_v1+monotone_inactive_global_v1,role_aware_pmf_cal_v1,starter,derived_from_projected_minutes,29.0546,30.7465,0.05,6.8509,6.8509,7,8,0.0049,0.9951,0.9933,0.9842,0.9533,0.8879,0.7349,0.5662,0.3989,0.1979,0.0916,0.0315,0.0107,0.0037,0.0012,0.0002,0.0,0.0,0.0,0.0,0.0,0.1979,405.0,-405.0,-0.0945,morning,2026-05-30T16:51:22Z,494a3e93#phase10c,51235cba-0b50-441b-a7aa-b0e5bef2d559,ok,0.0,high,full,current_phase8,fallback_used,projected,derived_from_projected_minutes,bdl_plus_nba_official,2026-05-30T16:50:26Z,projected,not_available_yet,bdl_lineup_freshness_manifest,market_offered
Stephon Castle,1028025261,SAS,OKC,False,21713534,ast,7.5,7.5,fanduel,126,-166,0.4149,stat_grid:pmf_sim_v1+role_aware_pmf_cal_v1:starter+monotone_pit_cdf_v1,phase8_role_aware_pmf_cal_v1+monotone_inactive_global_v1,role_aware_pmf_cal_v1,starter,derived_from_projected_minutes,29.0546,30.7465,0.05,6.8509,6.8509,7,8,0.0049,0.9951,0.9933,0.9842,0.9533,0.8879,0.7349,0.5662,0.3989,0.1979,0.0916,0.0315,0.0107,0.0037,0.0012,0.0002,0.0,0.0,0.0,0.0,0.0,0.3989,151.0,-151.0,-0.0159,morning,2026-05-30T16:51:22Z,494a3e93#phase10c,51235cba-0b50-441b-a7aa-b0e5bef2d559,ok,0.0,high,full,current_phase8,fallback_used,projected,derived_from_projected_minutes,bdl_plus_nba_official,2026-05-30T16:50:26Z,projected,not_available_yet,bdl_lineup_freshness_manifest,market_offered
Stephon Castle,1028025261,SAS,OKC,False,21713534,ast,6.5,6.5,fanduel,-152,114,0.5635,stat_grid:pmf_sim_v1+role_aware_pmf_cal_v1:starter+monotone_pit_cdf_v1,phase8_role_aware_pmf_cal_v1+monotone_inactive_global_v1,role_aware_pmf_cal_v1,starter,derived_from_projected_minutes,29.0546,30.7465,0.05,6.8509,6.8509,7,8,0.0049,0.9951,0.9933,0.9842,0.9533,0.8879,0.7349,0.5662,0.3989,0.1979,0.0916,0.0315,0.0107,0.0037,0.0012,0.0002,0.0,0.0,0.0,0.0,0.0,0.5662,-131.0,131.0,0.0028,morning,2026-05-30T16:51:22Z,494a3e93#phase10c,51235cba-0b50-441b-a7aa-b0e5bef2d559,ok,0.0,high,full,current_phase8,fallback_used,projected,derived_from_projected_minutes,bdl_plus_nba_official,2026-05-30T16:50:26Z,projected,not_available_yet,bdl_lineup_freshness_manifest,market_offered
Stephon Castle,1028025261,SAS,OKC,False,21713534,ast,6.5,6.5,fanduel,-152,114,0.5635,stat_grid:pmf_sim_v1+role_aware_pmf_cal_v1:starter+monotone_pit_cdf_v1,phase8_role_aware_pmf_cal_v1+monotone_inactive_global_v1,role_aware_pmf_cal_v1,starter,derived_from_projected_minutes,29.0546,30.7465,0.05,6.8509,6.8509,7,8,0.0049,0.9951,0.9933,0.9842,0.9533,0.8879,0.7349,0.5662,0.3989,0.1979,0.0916,0.0315,0.0107,0.0037,0.0012,0.0002,0.0,0.0,0.0,0.0,0.0,0.5662,-131.0,131.0,0.0028,morning,2026-05-30T16:51:22Z,494a3e93#phase10c,51235cba-0b50-441b-a7aa-b0e5bef2d559,ok,0.0,high,full,current_phase8,fallback_used,projected,derived_from_projected_minutes,bdl_plus_nba_official,2026-05-30T16:50:26Z,projected,not_available_yet,bdl_lineup_freshness_manifest,market_offered
Stephon Castle,1028025261,SAS,OKC,False,21713534,ast,6.5,6.5,williamhill_us,-143,107,0.5492,stat_grid:pmf_sim_v1+role_aware_pmf_cal_v1:starter+monotone_pit_cdf_v1,phase8_role_aware_pmf_cal_v1+monotone_inactive_global_v1,role_aware_pmf_cal_v1,starter,derived_from_projected_minutes,29.0546,30.7465,0.05,6.8509,6.8509,7,8,0.0049,0.9951,0.9933,0.9842,0.9533,0.8879,0.7349,0.5662,0.3989,0.1979,0.0916,0.0315,0.0107,0.0037,0.0012,0.0002,0.0,0.0,0.0,0.0,0.0,0.5662,-131.0,131.0,0.0171,morning,2026-05-30T16:51:22Z,494a3e93#phase10c,51235cba-0b50-441b-a7aa-b0e5bef2d559,ok,0.0,high,full,current_phase8,fallback_used,projected,derived_from_projected_minutes,bdl_plus_nba_official,2026-05-30T16:50:26Z,projected,not_available_yet,bdl_lineup_freshness_manifest,market_offered
Stephon Castle,1028025261,SAS,OKC,False,21713534,ast,7.5,7.5,bovada,130,-170,0.4085,stat_grid:pmf_sim_v1+role_aware_pmf_cal_v1:starter+monotone_pit_cdf_v1,phase8_role_aware_pmf_cal_v1+monotone_inactive_global_v1,role_aware_pmf_cal_v1,starter,derived_from_projected_minutes,29.0546,30.7465,0.05,6.8509,6.8509,7,8,0.0049,0.9951,0.9933,0.9842,0.9533,0.8879,0.7349,0.5662,0.3989,0.1979,0.0916,0.0315,0.0107,0.0037,0.0012,0.0002,0.0,0.0,0.0,0.0,0.0,0.3989,151.0,-151.0,-0.0095,morning,2026-05-30T16:51:22Z,494a3e93#phase10c,51235cba-0b50-441b-a7aa-b0e5bef2d559,ok,0.0,high,full,current_phase8,fallback_used,projected,derived_from_projected_minutes,bdl_plus_nba_official,2026-05-30T16:50:26Z,projected,not_available_yet,bdl_lineup_freshness_manifest,market_offered
Stephon Castle,1028025261,SAS,OKC,False,21713534,ast,6.5,6.5,bovada,-135,105,0.5408,stat_grid:pmf_sim_v1+role_aware_pmf_cal_v1:starter+monotone_pit_cdf_v1,phase8_role_aware_pmf_cal_v1+monotone_inactive_global_v1,role_aware_pmf_cal_v1,starter,derived_from_projected_minutes,29.0546,30.7465,0.05,6.8509,6.8509,7,8,0.0049,0.9951,0.9933,0.9842,0.9533,0.8879,0.7349,0.5662,0.3989,0.1979,0.0916,0.0315,0.0107,0.0037,0.0012,0.0002,0.0,0.0,0.0,0.0,0.0,0.5662,-131.0,131.0,0.0254,morning,2026-05-30T16:51:22Z,494a3e93#phase10c,51235cba-0b50-441b-a7aa-b0e5bef2d559,ok,0.0,high,full,current_phase8,fallback_used,projected,derived_from_projected_minutes,bdl_plus_nba_official,2026-05-30T16:50:26Z,projected,not_available_yet,bdl_lineup_freshness_manifest,market_offered
Stephon Castle,1028025261,SAS,OKC,False,21713534,ast,5.5,5.5,bovada,-260,190,0.6768,stat_grid:pmf_sim_v1+role_aware_pmf_cal_v1:starter+monotone_pit_cdf_v1,phase8_role_aware_pmf_cal_v1+monotone_inactive_global_v1,role_aware_pmf_cal_v1,starter,derived_from_projected_minutes,29.0546,30.7465,0.05,6.8509,6.8509,7,8,0.0049,0.9951,0.9933,0.9842,0.9533,0.8879,0.7349,0.5662,0.3989,0.1979,0.0916,0.0315,0.0107,0.0037,0.0012,0.0002,0.0,0.0,0.0,0.0,0.0,0.7349,-277.0,277.0,0.0581,morning,2026-05-30T16:51:22Z,494a3e93#phase10c,51235cba-0b50-441b-a7aa-b0e5bef2d559,ok,0.0,high,full,current_phase8,fallback_used,projected,derived_from_projected_minutes,bdl_plus_nba_official,2026-05-30T16:50:26Z,projected,not_available_yet,bdl_lineup_freshness_manifest,market_offered
Stephon Castle,1028025261,SAS,OKC,False,21713534,ast,6.5,6.5,betmgm,-150,110,0.5575,stat_grid:pmf_sim_v1+role_aware_pmf_cal_v1:starter+monotone_pit_cdf_v1,phase8_role_aware_pmf_cal_v1+monotone_inactive_global_v1,role_aware_pmf_cal_v1,starter,derived_from_projected_minutes,29.0546,30.7465,0.05,6.8509,6.8509,7,8,0.0049,0.9951,0.9933,0.9842,0.9533,0.8879,0.7349,0.5662,0.3989,0.1979,0.0916,0.0315,0.0107,0.0037,0.0012,0.0002,0.0,0.0,0.0,0.0,0.0,0.5662,-131.0,131.0,0.0087,morning,2026-05-30T16:51:22Z,494a3e93#phase10c,51235cba-0b50-441b-a7aa-b0e5bef2d559,ok,0.0,high,full,current_phase8,fallback_used,projected,derived_from_projected_minutes,bdl_plus_nba_official,2026-05-30T16:50:26Z,projected,not_available_yet,bdl_lineup_freshness_manifest,market_offered
Stephon Castle,1028025261,SAS,OKC,False,21713534,ast,6.5,6.5,betrivers,-150,110,0.5575,stat_grid:pmf_sim_v1+role_aware_pmf_cal_v1:starter+monotone_pit_cdf_v1,phase8_role_aware_pmf_cal_v1+monotone_inactive_global_v1,role_aware_pmf_cal_v1,starter,derived_from_projected_minutes,29.0546,30.7465,0.05,6.8509,6.8509,7,8,0.0049,0.9951,0.9933,0.9842,0.9533,0.8879,0.7349,0.5662,0.3989,0.1979,0.0916,0.0315,0.0107,0.0037,0.0012,0.0002,0.0,0.0,0.0,0.0,0.0,0.5662,-131.0,131.0,0.0087,morning,2026-05-30T16:51:22Z,494a3e93#phase10c,51235cba-0b50-441b-a7aa-b0e5bef2d559,ok,0.0,high,full,current_phase8,fallback_used,projected,derived_from_projected_minutes,bdl_plus_nba_official,2026-05-30T16:50:26Z,projected,not_available_yet,bdl_lineup_freshness_manifest,market_offered
Stephon Castle,1028025261,SAS,OKC,False,21713534,ast,6.5,6.5,draftkings,-136,103,0.5391,stat_grid:pmf_sim_v1+role_aware_pmf_cal_v1:starter+monotone_pit_cdf_v1,phase8_role_aware_pmf_cal_v1+monotone_inactive_global_v1,role_aware_pmf_cal_v1,starter,derived_from_projected_minutes,29.0546,30.7465,0.05,6.8509,6.8509,7,8,0.0049,0.9951,0.9933,0.9842,0.9533,0.8879,0.7349,0.5662,0.3989,0.1979,0.0916,0.0315,0.0107,0.0037,0.0012,0.0002,0.0,0.0,0.0,0.0,0.0,0.5662,-131.0,131.0,0.0271,morning,2026-05-30T16:51:22Z,494a3e93#phase10c,51235cba-0b50-441b-a7aa-b0e5bef2d559,ok,0.0,high,full,current_phase8,fallback_used,projected,derived_from_projected_minutes,bdl_plus_nba_official,2026-05-30T16:50:26Z,projected,not_available_yet,bdl_lineup_freshness_manifest,market_offered
Stephon Castle,1028025261,SAS,OKC,False,21713534,ast,6.5,6.5,fanatics,-145,110,0.5541,stat_grid:pmf_sim_v1+role_aware_pmf_cal_v1:starter+monotone_pit_cdf_v1,phase8_role_aware_pmf_cal_v1+monotone_inactive_global_v1,role_aware_pmf_cal_v1,starter,derived_from_projected_minutes,29.0546,30.7465,0.05,6.8509,6.8509,7,8,0.0049,0.9951,0.9933,0.9842,0.9533,0.8879,0.7349,0.5662,0.3989,0.1979,0.0916,0.0315,0.0107,0.0037,0.0012,0.0002,0.0,0.0,0.0,0.0,0.0,0.5662,-131.0,131.0,0.0121,morning,2026-05-30T16:51:22Z,494a3e93#phase10c,51235cba-0b50-441b-a7aa-b0e5bef2d559,ok,0.0,high,full,current_phase8,fallback_used,projected,derived_from_projected_minutes,bdl_plus_nba_official,2026-05-30T16:50:26Z,projected,not_available_yet,bdl_lineup_freshness_manifest,market_offered
Stephon Castle,1028025261,SAS,OKC,False,21713534,ast,7.5,7.5,hardrockbet_az,115,-145,0.4401,stat_grid:pmf_sim_v1+role_aware_pmf_cal_v1:starter+monotone_pit_cdf_v1,phase8_role_aware_pmf_cal_v1+monotone_inactive_global_v1,role_aware_pmf_cal_v1,starter,derived_from_projected_minutes,29.0546,30.7465,0.05,6.8509,6.8509,7,8,0.0049,0.9951,0.9933,0.9842,0.9533,0.8879,0.7349,0.5662,0.3989,0.1979,0.0916,0.0315,0.0107,0.0037,0.0012,0.0002,0.0,0.0,0.0,0.0,0.0,0.3989,151.0,-151.0,-0.0411,morning,2026-05-30T16:51:22Z,494a3e93#phase10c,51235cba-0b50-441b-a7aa-b0e5bef2d559,ok,0.0,high,full,current_phase8,fallback_used,projected,derived_from_projected_minutes,bdl_plus_nba_official,2026-05-30T16:50:26Z,projected,not_available_yet,bdl_lineup_freshness_manifest,market_offered
Stephon Castle,1028025261,SAS,OKC,False,21713534,ast,7.5,7.5,rebet,112,-148,0.4415,stat_grid:pmf_sim_v1+role_aware_pmf_cal_v1:starter+monotone_pit_cdf_v1,phase8_role_aware_pmf_cal_v1+monotone_inactive_global_v1,role_aware_pmf_cal_v1,starter,derived_from_projected_minutes,29.0546,30.7465,0.05,6.8509,6.8509,7,8,0.0049,0.9951,0.9933,0.9842,0.9533,0.8879,0.7349,0.5662,0.3989,0.1979,0.0916,0.0315,0.0107,0.0037,0.0012,0.0002,0.0,0.0,0.0,0.0,0.0,0.3989,151.0,-151.0,-0.0425,morning,2026-05-30T16:51:22Z,494a3e93#phase10c,51235cba-0b50-441b-a7aa-b0e5bef2d559,ok,0.0,high,full,current_phase8,fallback_used,projected,derived_from_projected_minutes,bdl_plus_nba_official,2026-05-30T16:50:26Z,projected,not_available_yet,bdl_lineup_freshness_manifest,market_offered
Stephon Castle,1028025261,SAS,OKC,False,21713534,ast,7.5,7.5,hardrockbet_fl,115,-145,0.4401,stat_grid:pmf_sim_v1+role_aware_pmf_cal_v1:starter+monotone_pit_cdf_v1,phase8_role_aware_pmf_cal_v1+monotone_inactive_global_v1,role_aware_pmf_cal_v1,starter,derived_from_projected_minutes,29.0546,30.7465,0.05,6.8509,6.8509,7,8,0.0049,0.9951,0.9933,0.9842,0.9533,0.8879,0.7349,0.5662,0.3989,0.1979,0.0916,0.0315,0.0107,0.0037,0.0012,0.0002,0.0,0.0,0.0,0.0,0.0,0.3989,151.0,-151.0,-0.0411,morning,2026-05-30T16:51:22Z,494a3e93#phase10c,51235cba-0b50-441b-a7aa-b0e5bef2d559,ok,0.0,high,full,current_phase8,fallback_used,projected,derived_from_projected_minutes,bdl_plus_nba_official,2026-05-30T16:50:26Z,projected,not_available_yet,bdl_lineup_freshness_manifest,market_offered
Stephon Castle,1028025261,SAS,OKC,False,21713534,ast,6.5,6.5,espnbet,-140,105,0.5446,stat_grid:pmf_sim_v1+role_aware_pmf_cal_v1:starter+monotone_pit_cdf_v1,phase8_role_aware_pmf_cal_v1+monotone_inactive_global_v1,role_aware_pmf_cal_v1,starter,derived_from_projected_minutes,29.0546,30.7465,0.05,6.8509,6.8509,7,8,0.0049,0.9951,0.9933,0.9842,0.9533,0.8879,0.7349,0.5662,0.3989,0.1979,0.0916,0.0315,0.0107,0.0037,0.0012,0.0002,0.0,0.0,0.0,0.0,0.0,0.5662,-131.0,131.0,0.0216,morning,2026-05-30T16:51:22Z,494a3e93#phase10c,51235cba-0b50-441b-a7aa-b0e5bef2d559,ok,0.0,high,full,current_phase8,fallback_used,projected,derived_from_projected_minutes,bdl_plus_nba_official,2026-05-30T16:50:26Z,projected,not_available_yet,bdl_lineup_freshness_manifest,market_offered
Stephon Castle,1028025261,SAS,OKC,False,21713534,ast,7.5,7.5,espnbet,120,-160,0.4248,stat_grid:pmf_sim_v1+role_aware_pmf_cal_v1:starter+monotone_pit_cdf_v1,phase8_role_aware_pmf_cal_v1+monotone_inactive_global_v1,role_aware_pmf_cal_v1,starter,derived_from_projected_minutes,29.0546,30.7465,0.05,6.8509,6.8509,7,8,0.0049,0.9951,0.9933,0.9842,0.9533,0.8879,0.7349,0.5662,0.3989,0.1979,0.0916,0.0315,0.0107,0.0037,0.0012,0.0002,0.0,0.0,0.0,0.0,0.0,0.3989,151.0,-151.0,-0.0259,morning,2026-05-30T16:51:22Z,494a3e93#phase10c,51235cba-0b50-441b-a7aa-b0e5bef2d559,ok,0.0,high,full,current_phase8,fallback_used,projected,derived_from_projected_minutes,bdl_plus_nba_official,2026-05-30T16:50:26Z,projected,not_available_yet,bdl_lineup_freshness_manifest,market_offered
Stephon Castle,1028025261,SAS,OKC,False,21713534,ast,8.5,8.5,espnbet,210,-285,0.3035,stat_grid:pmf_sim_v1+role_aware_pmf_cal_v1:starter+monotone_pit_cdf_v1,phase8_role_aware_pmf_cal_v1+monotone_inactive_global_v1,role_aware_pmf_cal_v1,starter,derived_from_projected_minutes,29.0546,30.7465,0.05,6.8509,6.8509,7,8,0.0049,0.9951,0.9933,0.9842,0.9533,0.8879,0.7349,0.5662,0.3989,0.1979,0.0916,0.0315,0.0107,0.0037,0.0012,0.0002,0.0,0.0,0.0,0.0,0.0,0.1979,405.0,-405.0,-0.1056,morning,2026-05-30T16:51:22Z,494a3e93#phase10c,51235cba-0b50-441b-a7aa-b0e5bef2d559,ok,0.0,high,full,current_phase8,fallback_used,projected,derived_from_projected_minutes,bdl_plus_nba_official,2026-05-30T16:50:26Z,projected,not_available_yet,bdl_lineup_freshness_manifest,market_offered
Stephon Castle,1028025261,SAS,OKC,False,21713534,ast,6.5,6.5,betparx,-150,112,0.5599,stat_grid:pmf_sim_v1+role_aware_pmf_cal_v1:starter+monotone_pit_cdf_v1,phase8_role_aware_pmf_cal_v1+monotone_inactive_global_v1,role_aware_pmf_cal_v1,starter,derived_from_projected_minutes,29.0546,30.7465,0.05,6.8509,6.8509,7,8,0.0049,0.9951,0.9933,0.9842,0.9533,0.8879,0.7349,0.5662,0.3989,0.1979,0.0916,0.0315,0.0107,0.0037,0.0012,0.0002,0.0,0.0,0.0,0.0,0.0,0.5662,-131.0,131.0,0.0064,morning,2026-05-30T16:51:22Z,494a3e93#phase10c,51235cba-0b50-441b-a7aa-b0e5bef2d559,ok,0.0,high,full,current_phase8,fallback_used,projected,derived_from_projected_minutes,bdl_plus_nba_official,2026-05-30T16:50:26Z,projected,not_available_yet,bdl_lineup_freshness_manifest,market_offered
Stephon Castle,1028025261,SAS,OKC,False,21713534,ast,7.5,7.5,hardrockbet,115,-145,0.4401,stat_grid:pmf_sim_v1+role_aware_pmf_cal_v1:starter+monotone_pit_cdf_v1,phase8_role_aware_pmf_cal_v1+monotone_inactive_global_v1,role_aware_pmf_cal_v1,starter,derived_from_projected_minutes,29.0546,30.7465,0.05,6.8509,6.8509,7,8,0.0049,0.9951,0.9933,0.9842,0.9533,0.8879,0.7349,0.5662,0.3989,0.1979,0.0916,0.0315,0.0107,0.0037,0.0012,0.0002,0.0,0.0,0.0,0.0,0.0,0.3989,151.0,-151.0,-0.0411,morning,2026-05-30T16:51:22Z,494a3e93#phase10c,51235cba-0b50-441b-a7aa-b0e5bef2d559,ok,0.0,high,full,current_phase8,fallback_used,projected,derived_from_projected_minutes,bdl_plus_nba_official,2026-05-30T16:50:26Z,projected,not_available_yet,bdl_lineup_freshness_manifest,market_offered
Stephon Castle,1028025261,SAS,OKC,False,21713534,ast,6.5,6.5,fliff,-155,110,0.5607,stat_grid:pmf_sim_v1+role_aware_pmf_cal_v1:starter+monotone_pit_cdf_v1,phase8_role_aware_pmf_cal_v1+monotone_inactive_global_v1,role_aware_pmf_cal_v1,starter,derived_from_projected_minutes,29.0546,30.7465,0.05,6.8509,6.8509,7,8,0.0049,0.9951,0.9933,0.9842,0.9533,0.8879,0.7349,0.5662,0.3989,0.1979,0.0916,0.0315,0.0107,0.0037,0.0012,0.0002,0.0,0.0,0.0,0.0,0.0,0.5662,-131.0,131.0,0.0055,morning,2026-05-30T16:51:22Z,494a3e93#phase10c,51235cba-0b50-441b-a7aa-b0e5bef2d559,ok,0.0,high,full,current_phase8,fallback_used,projected,derived_from_projected_minutes,bdl_plus_nba_official,2026-05-30T16:50:26Z,projected,not_available_yet,bdl_lineup_freshness_manifest,market_offered
Stephon Castle,1028025261,SAS,OKC,False,21713534,fg3m,2.5,2.5,fanduel,310,-470,0.2283,stat_grid:fg3m_hurdle_v1+role_aware_pmf_cal_v1:starter+monotone_pit_cdf_v1+sparse_hurdle_guarded,phase8_role_aware_pmf_cal_v1+monotone_inactive_global_v1,role_aware_pmf_cal_v1,starter,derived_from_projected_minutes,29.0546,30.7465,0.05,2.0728,2.0728,2,1,0.2177,0.7823,0.5303,0.2996,0.1549,0.0958,0.021,0.021,0.021,0.021,0.021,0.021,0.021,0.021,0.021,0.021,0.0,0.0,0.0,0.0,0.0,0.2996,234.0,-234.0,0.0713,morning,2026-05-30T16:51:22Z,494a3e93#phase10c,51235cba-0b50-441b-a7aa-b0e5bef2d559,ok,0.0,high,full,current_phase8,fallback_used,projected,derived_from_projected_minutes,bdl_plus_nba_official,2026-05-30T16:50:26Z,projected,not_available_yet,bdl_lineup_freshness_manifest,market_offered
Stephon Castle,1028025261,SAS,OKC,False,21713534,fg3m,1.5,1.5,fanduel,100,-132,0.4677,stat_grid:fg3m_hurdle_v1+role_aware_pmf_cal_v1:starter+monotone_pit_cdf_v1+sparse_hurdle_guarded,phase8_role_aware_pmf_cal_v1+monotone_inactive_global_v1,role_aware_pmf_cal_v1,starter,derived_from_projected_minutes,29.0546,30.7465,0.05,2.0728,2.0728,2,1,0.2177,0.7823,0.5303,0.2996,0.1549,0.0958,0.021,0.021,0.021,0.021,0.021,0.021,0.021,0.021,0.021,0.021,0.0,0.0,0.0,0.0,0.0,0.5303,-113.0,113.0,0.0626,morning,2026-05-30T16:51:22Z,494a3e93#phase10c,51235cba-0b50-441b-a7aa-b0e5bef2d559,ok,0.0,high,full,current_phase8,fallback_used,projected,derived_from_projected_minutes,bdl_plus_nba_official,2026-05-30T16:50:26Z,projected,not_available_yet,bdl_lineup_freshness_manifest,market_offered
Stephon Castle,1028025261,SAS,OKC,False,21713534,fg3m,0.5,0.5,fanduel,-500,320,0.7778,stat_grid:fg3m_hurdle_v1+role_aware_pmf_cal_v1:starter+monotone_pit_cdf_v1+sparse_hurdle_guarded,phase8_role_aware_pmf_cal_v1+monotone_inactive_global_v1,role_aware_pmf_cal_v1,starter,derived_from_projected_minutes,29.0546,30.7465,0.05,2.0728,2.0728,2,1,0.2177,0.7823,0.5303,0.2996,0.1549,0.0958,0.021,0.021,0.021,0.021,0.021,0.021,0.021,0.021,0.021,0.021,0.0,0.0,0.0,0.0,0.0,0.7823,-359.0,359.0,0.0046,morning,2026-05-30T16:51:22Z,494a3e93#phase10c,51235cba-0b50-441b-a7aa-b0e5bef2d559,ok,0.0,high,full,current_phase8,fallback_used,projected,derived_from_projected_minutes,bdl_plus_nba_official,2026-05-30T16:50:26Z,projected,not_available_yet,bdl_lineup_freshness_manifest,market_offered
Stephon Castle,1028025261,SAS,OKC,False,21713534,fg3m,1.5,1.5,williamhill_us,102,-138,0.4606,stat_grid:fg3m_hurdle_v1+role_aware_pmf_cal_v1:starter+monotone_pit_cdf_v1+sparse_hurdle_guarded,phase8_role_aware_pmf_cal_v1+monotone_inactive_global_v1,role_aware_pmf_cal_v1,starter,derived_from_projected_minutes,29.0546,30.7465,0.05,2.0728,2.0728,2,1,0.2177,0.7823,0.5303,0.2996,0.1549,0.0958,0.021,0.021,0.021,0.021,0.021,0.021,0.021,0.021,0.021,0.021,0.0,0.0,0.0,0.0,0.0,0.5303,-113.0,113.0,0.0698,morning,2026-05-30T16:51:22Z,494a3e93#phase10c,51235cba-0b50-441b-a7aa-b0e5bef2d559,ok,0.0,high,full,current_phase8,fallback_used,projected,derived_from_projected_minutes,bdl_plus_nba_official,2026-05-30T16:50:26Z,projected,not_available_yet,bdl_lineup_freshness_manifest,market_offered
Stephon Castle,1028025261,SAS,OKC,False,21713534,fg3m,1.5,1.5,fanduel,100,-132,0.4677,stat_grid:fg3m_hurdle_v1+role_aware_pmf_cal_v1:starter+monotone_pit_cdf_v1+sparse_hurdle_guarded,phase8_role_aware_pmf_cal_v1+monotone_inactive_global_v1,role_aware_pmf_cal_v1,starter,derived_from_projected_minutes,29.0546,30.7465,0.05,2.0728,2.0728,2,1,0.2177,0.7823,0.5303,0.2996,0.1549,0.0958,0.021,0.021,0.021,0.021,0.021,0.021,0.021,0.021,0.021,0.021,0.0,0.0,0.0,0.0,0.0,0.5303,-113.0,113.0,0.0626,morning,2026-05-30T16:51:22Z,494a3e93#phase10c,51235cba-0b50-441b-a7aa-b0e5bef2d559,ok,0.0,high,full,current_phase8,fallback_used,projected,derived_from_projected_minutes,bdl_plus_nba_official,2026-05-30T16:50:26Z,projected,not_available_yet,bdl_lineup_freshness_manifest,market_offered
Stephon Castle,1028025261,SAS,OKC,False,21713534,fg3m,1.5,1.5,betrivers,100,-136,0.4646,stat_grid:fg3m_hurdle_v1+role_aware_pmf_cal_v1:starter+monotone_pit_cdf_v1+sparse_hurdle_guarded,phase8_role_aware_pmf_cal_v1+monotone_inactive_global_v1,role_aware_pmf_cal_v1,starter,derived_from_projected_minutes,29.0546,30.7465,0.05,2.0728,2.0728,2,1,0.2177,0.7823,0.5303,0.2996,0.1549,0.0958,0.021,0.021,0.021,0.021,0.021,0.021,0.021,0.021,0.021,0.021,0.0,0.0,0.0,0.0,0.0,0.5303,-113.0,113.0,0.0658,morning,2026-05-30T16:51:22Z,494a3e93#phase10c,51235cba-0b50-441b-a7aa-b0e5bef2d559,ok,0.0,high,full,current_phase8,fallback_used,projected,derived_from_projected_minutes,bdl_plus_nba_official,2026-05-30T16:50:26Z,projected,not_available_yet,bdl_lineup_freshness_manifest,market_offered
Stephon Castle,1028025261,SAS,OKC,False,21713534,fg3m,1.5,1.5,betmgm,100,-135,0.4653,stat_grid:fg3m_hurdle_v1+role_aware_pmf_cal_v1:starter+monotone_pit_cdf_v1+sparse_hurdle_guarded,phase8_role_aware_pmf_cal_v1+monotone_inactive_global_v1,role_aware_pmf_cal_v1,starter,derived_from_projected_minutes,29.0546,30.7465,0.05,2.0728,2.0728,2,1,0.2177,0.7823,0.5303,0.2996,0.1549,0.0958,0.021,0.021,0.021,0.021,0.021,0.021,0.021,0.021,0.021,0.021,0.0,0.0,0.0,0.0,0.0,0.5303,-113.0,113.0,0.065,morning,2026-05-30T16:51:22Z,494a3e93#phase10c,51235cba-0b50-441b-a7aa-b0e5bef2d559,ok,0.0,high,full,current_phase8,fallback_used,projected,derived_from_projected_minutes,bdl_plus_nba_official,2026-05-30T16:50:26Z,projected,not_available_yet,bdl_lineup_freshness_manifest,market_offered
Stephon Castle,1028025261,SAS,OKC,False,21713534,fg3m,1.5,1.5,bovada,110,-145,0.4459,stat_grid:fg3m_hurdle_v1+role_aware_pmf_cal_v1:starter+monotone_pit_cdf_v1+sparse_hurdle_guarded,phase8_role_aware_pmf_cal_v1+monotone_inactive_global_v1,role_aware_pmf_cal_v1,starter,derived_from_projected_minutes,29.0546,30.7465,0.05,2.0728,2.0728,2,1,0.2177,0.7823,0.5303,0.2996,0.1549,0.0958,0.021,0.021,0.021,0.021,0.021,0.021,0.021,0.021,0.021,0.021,0.0,0.0,0.0,0.0,0.0,0.5303,-113.0,113.0,0.0845,morning,2026-05-30T16:51:22Z,494a3e93#phase10c,51235cba-0b50-441b-a7aa-b0e5bef2d559,ok,0.0,high,full,current_phase8,fallback_used,projected,derived_from_projected_minutes,bdl_plus_nba_official,2026-05-30T16:50:26Z,projected,not_available_yet,bdl_lineup_freshness_manifest,market_offered
Stephon Castle,1028025261,SAS,OKC,False,21713534,fg3m,1.5,1.5,fanatics,105,-140,0.4554,stat_grid:fg3m_hurdle_v1+role_aware_pmf_cal_v1:starter+monotone_pit_cdf_v1+sparse_hurdle_guarded,phase8_role_aware_pmf_cal_v1+monotone_inactive_global_v1,role_aware_pmf_cal_v1,starter,derived_from_projected_minutes,29.0546,30.7465,0.05,2.0728,2.0728,2,1,0.2177,0.7823,0.5303,0.2996,0.1549,0.0958,0.021,0.021,0.021,0.021,0.021,0.021,0.021,0.021,0.021,0.021,0.0,0.0,0.0,0.0,0.0,0.5303,-113.0,113.0,0.0749,morning,2026-05-30T16:51:22Z,494a3e93#phase10c,51235cba-0b50-441b-a7aa-b0e5bef2d559,ok,0.0,high,full,current_phase8,fallback_used,projected,derived_from_projected_minutes,bdl_plus_nba_official,2026-05-30T16:50:26Z,projected,not_available_yet,bdl_lineup_freshness_manifest,market_offered
Stephon Castle,1028025261,SAS,OKC,False,21713534,fg3m,1.5,1.5,draftkings,111,-146,0.444,stat_grid:fg3m_hurdle_v1+role_aware_pmf_cal_v1:starter+monotone_pit_cdf_v1+sparse_hurdle_guarded,phase8_role_aware_pmf_cal_v1+monotone_inactive_global_v1,role_aware_pmf_cal_v1,starter,derived_from_projected_minutes,29.0546,30.7465,0.05,2.0728,2.0728,2,1,0.2177,0.7823,0.5303,0.2996,0.1549,0.0958,0.021,0.021,0.021,0.021,0.021,0.021,0.021,0.021,0.021,0.021,0.0,0.0,0.0,0.0,0.0,0.5303,-113.0,113.0,0.0863,morning,2026-05-30T16:51:22Z,494a3e93#phase10c,51235cba-0b50-441b-a7aa-b0e5bef2d559,ok,0.0,high,full,current_phase8,fallback_used,projected,derived_from_projected_minutes,bdl_plus_nba_official,2026-05-30T16:50:26Z,projected,not_available_yet,bdl_lineup_freshness_manifest,market_offered
Stephon Castle,1028025261,SAS,OKC,False,21713534,fg3m,1.5,1.5,hardrockbet,105,-135,0.4592,stat_grid:fg3m_hurdle_v1+role_aware_pmf_cal_v1:starter+monotone_pit_cdf_v1+sparse_hurdle_guarded,phase8_role_aware_pmf_cal_v1+monotone_inactive_global_v1,role_aware_pmf_cal_v1,starter,derived_from_projected_minutes,29.0546,30.7465,0.05,2.0728,2.0728,2,1,0.2177,0.7823,0.5303,0.2996,0.1549,0.0958,0.021,0.021,0.021,0.021,0.021,0.021,0.021,0.021,0.021,0.021,0.0,0.0,0.0,0.0,0.0,0.5303,-113.0,113.0,0.0711,morning,2026-05-30T16:51:22Z,494a3e93#phase10c,51235cba-0b50-441b-a7aa-b0e5bef2d559,ok,0.0,high,full,current_phase8,fallback_used,projected,derived_from_projected_minutes,bdl_plus_nba_official,2026-05-30T16:50:26Z,projected,not_available_yet,bdl_lineup_freshness_manifest,market_offered
Stephon Castle,1028025261,SAS,OKC,False,21713534,fg3m,1.5,1.5,hardrockbet_fl,105,-135,0.4592,stat_grid:fg3m_hurdle_v1+role_aware_pmf_cal_v1:starter+monotone_pit_cdf_v1+sparse_hurdle_guarded,phase8_role_aware_pmf_cal_v1+monotone_inactive_global_v1,role_aware_pmf_cal_v1,starter,derived_from_projected_minutes,29.0546,30.7465,0.05,2.0728,2.0728,2,1,0.2177,0.7823,0.5303,0.2996,0.1549,0.0958,0.021,0.021,0.021,0.021,0.021,0.021,0.021,0.021,0.021,0.021,0.0,0.0,0.0,0.0,0.0,0.5303,-113.0,113.0,0.0711,morning,2026-05-30T16:51:22Z,494a3e93#phase10c,51235cba-0b50-441b-a7aa-b0e5bef2d559,ok,0.0,high,full,current_phase8,fallback_used,projected,derived_from_projected_minutes,bdl_plus_nba_official,2026-05-30T16:50:26Z,projected,not_available_yet,bdl_lineup_freshness_manifest,market_offered
Stephon Castle,1028025261,SAS,OKC,False,21713534,fg3m,1.5,1.5,hardrockbet_az,105,-135,0.4592,stat_grid:fg3m_hurdle_v1+role_aware_pmf_cal_v1:starter+monotone_pit_cdf_v1+sparse_hurdle_guarded,phase8_role_aware_pmf_cal_v1+monotone_inactive_global_v1,role_aware_pmf_cal_v1,starter,derived_from_projected_minutes,29.0546,30.7465,0.05,2.0728,2.0728,2,1,0.2177,0.7823,0.5303,0.2996,0.1549,0.0958,0.021,0.021,0.021,0.021,0.021,0.021,0.021,0.021,0.021,0.021,0.0,0.0,0.0,0.0,0.0,0.5303,-113.0,113.0,0.0711,morning,2026-05-30T16:51:22Z,494a3e93#phase10c,51235cba-0b50-441b-a7aa-b0e5bef2d559,ok,0.0,high,full,current_phase8,fallback_used,projected,derived_from_projected_minutes,bdl_plus_nba_official,2026-05-30T16:50:26Z,projected,not_available_yet,bdl_lineup_freshness_manifest,market_offered
Stephon Castle,1028025261,SAS,OKC,False,21713534,fg3m,1.5,1.5,rebet,104,-139,0.4574,stat_grid:fg3m_hurdle_v1+role_aware_pmf_cal_v1:starter+monotone_pit_cdf_v1+sparse_hurdle_guarded,phase8_role_aware_pmf_cal_v1+monotone_inactive_global_v1,role_aware_pmf_cal_v1,starter,derived_from_projected_minutes,29.0546,30.7465,0.05,2.0728,2.0728,2,1,0.2177,0.7823,0.5303,0.2996,0.1549,0.0958,0.021,0.021,0.021,0.021,0.021,0.021,0.021,0.021,0.021,0.021,0.0,0.0,0.0,0.0,0.0,0.5303,-113.0,113.0,0.073,morning,2026-05-30T16:51:22Z,494a3e93#phase10c,51235cba-0b50-441b-a7aa-b0e5bef2d559,ok,0.0,high,full,current_phase8,fallback_used,projected,derived_from_projected_minutes,bdl_plus_nba_official,2026-05-30T16:50:26Z,projected,not_available_yet,bdl_lineup_freshness_manifest,market_offered
Stephon Castle,1028025261,SAS,OKC,False,21713534,fg3m,1.5,1.5,betparx,102,-134,0.4637,stat_grid:fg3m_hurdle_v1+role_aware_pmf_cal_v1:starter+monotone_pit_cdf_v1+sparse_hurdle_guarded,phase8_role_aware_pmf_cal_v1+monotone_inactive_global_v1,role_aware_pmf_cal_v1,starter,derived_from_projected_minutes,29.0546,30.7465,0.05,2.0728,2.0728,2,1,0.2177,0.7823,0.5303,0.2996,0.1549,0.0958,0.021,0.021,0.021,0.021,0.021,0.021,0.021,0.021,0.021,0.021,0.0,0.0,0.0,0.0,0.0,0.5303,-113.0,113.0,0.0667,morning,2026-05-30T16:51:22Z,494a3e93#phase10c,51235cba-0b50-441b-a7aa-b0e5bef2d559,ok,0.0,high,full,current_phase8,fallback_used,projected,derived_from_projected_minutes,bdl_plus_nba_official,2026-05-30T16:50:26Z,projected,not_available_yet,bdl_lineup_freshness_manifest,market_offered
Stephon Castle,1028025261,SAS,OKC,False,21713534,fg3m,1.5,1.5,fliff,100,-150,0.4545,stat_grid:fg3m_hurdle_v1+role_aware_pmf_cal_v1:starter+monotone_pit_cdf_v1+sparse_hurdle_guarded,phase8_role_aware_pmf_cal_v1+monotone_inactive_global_v1,role_aware_pmf_cal_v1,starter,derived_from_projected_minutes,29.0546,30.7465,0.05,2.0728,2.0728,2,1,0.2177,0.7823,0.5303,0.2996,0.1549,0.0958,0.021,0.021,0.021,0.021,0.021,0.021,0.021,0.021,0.021,0.021,0.0,0.0,0.0,0.0,0.0,0.5303,-113.0,113.0,0.0758,morning,2026-05-30T16:51:22Z,494a3e93#phase10c,51235cba-0b50-441b-a7aa-b0e5bef2d559,ok,0.0,high,full,current_phase8,fallback_used,projected,derived_from_projected_minutes,bdl_plus_nba_official,2026-05-30T16:50:26Z,projected,not_available_yet,bdl_lineup_freshness_manifest,market_offered
Stephon Castle,1028025261,SAS,OKC,False,21713534,fg3m,0.5,0.5,espnbet,-550,340,0.7883,stat_grid:fg3m_hurdle_v1+role_aware_pmf_cal_v1:starter+monotone_pit_cdf_v1+sparse_hurdle_guarded,phase8_role_aware_pmf_cal_v1+monotone_inactive_global_v1,role_aware_pmf_cal_v1,starter,derived_from_projected_minutes,29.0546,30.7465,0.05,2.0728,2.0728,2,1,0.2177,0.7823,0.5303,0.2996,0.1549,0.0958,0.021,0.021,0.021,0.021,0.021,0.021,0.021,0.021,0.021,0.021,0.0,0.0,0.0,0.0,0.0,0.7823,-359.0,359.0,-0.0059,morning,2026-05-30T16:51:22Z,494a3e93#phase10c,51235cba-0b50-441b-a7aa-b0e5bef2d559,ok,0.0,high,full,current_phase8,fallback_used,projected,derived_from_projected_minutes,bdl_plus_nba_official,2026-05-30T16:50:26Z,projected,not_available_yet,bdl_lineup_freshness_manifest,market_offered
Stephon Castle,1028025261,SAS,OKC,False,21713534,fg3m,1.5,1.5,espnbet,105,-140,0.4554,stat_grid:fg3m_hurdle_v1+role_aware_pmf_cal_v1:starter+monotone_pit_cdf_v1+sparse_hurdle_guarded,phase8_role_aware_pmf_cal_v1+monotone_inactive_global_v1,role_aware_pmf_cal_v1,starter,derived_from_projected_minutes,29.0546,30.7465,0.05,2.0728,2.0728,2,1,0.2177,0.7823,0.5303,0.2996,0.1549,0.0958,0.021,0.021,0.021,0.021,0.021,0.021,0.021,0.021,0.021,0.021,0.0,0.0,0.0,0.0,0.0,0.5303,-113.0,113.0,0.0749,morning,2026-05-30T16:51:22Z,494a3e93#phase10c,51235cba-0b50-441b-a7aa-b0e5bef2d559,ok,0.0,high,full,current_phase8,fallback_used,projected,derived_from_projected_minutes,bdl_plus_nba_official,2026-05-30T16:50:26Z,projected,not_available_yet,bdl_lineup_freshness_manifest,market_offered
Stephon Castle,1028025261,SAS,OKC,False,21713534,fg3m,2.5,2.5,espnbet,300,-475,0.2323,stat_grid:fg3m_hurdle_v1+role_aware_pmf_cal_v1:starter+monotone_pit_cdf_v1+sparse_hurdle_guarded,phase8_role_aware_pmf_cal_v1+monotone_inactive_global_v1,role_aware_pmf_cal_v1,starter,derived_from_projected_minutes,29.0546,30.7465,0.05,2.0728,2.0728,2,1,0.2177,0.7823,0.5303,0.2996,0.1549,0.0958,0.021,0.021,0.021,0.021,0.021,0.021,0.021,0.021,0.021,0.021,0.0,0.0,0.0,0.0,0.0,0.2996,234.0,-234.0,0.0672,morning,2026-05-30T16:51:22Z,494a3e93#phase10c,51235cba-0b50-441b-a7aa-b0e5bef2d559,ok,0.0,high,full,current_phase8,fallback_used,projected,derived_from_projected_minutes,bdl_plus_nba_official,2026-05-30T16:50:26Z,projected,not_available_yet,bdl_lineup_freshness_manifest,market_offered
Stephon Castle,1028025261,SAS,OKC,False,21713534,stl,1.5,1.5,fanduel,194,-270,0.3179,stat_grid:hurdle_v1+role_aware_pmf_cal_v1:starter+monotone_pit_cdf_v1+sparse_hurdle_guarded,phase8_role_aware_pmf_cal_v1+monotone_inactive_global_v1,role_aware_pmf_cal_v1,starter,derived_from_projected_minutes,29.0546,30.7465,0.05,0.6409,0.6409,0,0,0.5234,0.4766,0.1223,0.0351,0.0069,0.0,0.0,0.0,0.0,0.0,0.0,0.0,0.0,0.0,0.0,0.0,0.0,0.0,0.0,0.0,0.0,0.1223,718.0,-718.0,-0.1956,morning,2026-05-30T16:51:22Z,494a3e93#phase10c,51235cba-0b50-441b-a7aa-b0e5bef2d559,ok,0.0,high,full,current_phase8,fallback_used,projected,derived_from_projected_minutes,bdl_plus_nba_official,2026-05-30T16:50:26Z,projected,not_available_yet,bdl_lineup_freshness_manifest,market_offered
