player_name,player_id,team,opponent,is_home,game_id,stat,role_bucket,pmf_source,calibration_source,snapshot_type,snapshot_time_utc,model_version,pipeline_run_id,pmf_valid,pmf_sum_error,calibration_confidence,market_coverage_status,tov_status,injury_freshness_status,lineup_freshness_status,role_freshness_status,k,p_k
Jalen Brunson,73,NYK,SAS,False,21716138,ra,starter,"stat_grid:component_convolution_mean_coherent_v1+components[reb:pmf_sim_v1+role_aware_pmf_cal_v1:starter+monotone_pit_cdf_v1,ast:pmf_sim_v1+role_aware_pmf_cal_v1:starter+monotone_pit_cdf_v1]+prior_combo[joint_sampler_v1+joint_combo_pmf_v1+role_aware_pmf_cal_v1:starter+monotone_pit_cdf_v1]+stat_grid_final_component_convolution_mean_coherent_v1",phase8_role_aware_pmf_cal_v1+monotone_inactive_global_v1,morning,2026-06-13T22:59:51Z,1751c17d#phase10c,9cd4defe-e740-40a1-b3f4-565702c84681,ok,0.0,high,full,current_phase8,fallback_used,projected,derived_from_projected_minutes,48,0.0
Jalen Brunson,73,NYK,SAS,False,21716138,ra,starter,"stat_grid:component_convolution_mean_coherent_v1+components[reb:pmf_sim_v1+role_aware_pmf_cal_v1:starter+monotone_pit_cdf_v1,ast:pmf_sim_v1+role_aware_pmf_cal_v1:starter+monotone_pit_cdf_v1]+prior_combo[joint_sampler_v1+joint_combo_pmf_v1+role_aware_pmf_cal_v1:starter+monotone_pit_cdf_v1]+stat_grid_final_component_convolution_mean_coherent_v1",phase8_role_aware_pmf_cal_v1+monotone_inactive_global_v1,morning,2026-06-13T22:59:51Z,1751c17d#phase10c,9cd4defe-e740-40a1-b3f4-565702c84681,ok,0.0,high,full,current_phase8,fallback_used,projected,derived_from_projected_minutes,49,0.0
Jalen Brunson,73,NYK,SAS,False,21716138,ra,starter,"stat_grid:component_convolution_mean_coherent_v1+components[reb:pmf_sim_v1+role_aware_pmf_cal_v1:starter+monotone_pit_cdf_v1,ast:pmf_sim_v1+role_aware_pmf_cal_v1:starter+monotone_pit_cdf_v1]+prior_combo[joint_sampler_v1+joint_combo_pmf_v1+role_aware_pmf_cal_v1:starter+monotone_pit_cdf_v1]+stat_grid_final_component_convolution_mean_coherent_v1",phase8_role_aware_pmf_cal_v1+monotone_inactive_global_v1,morning,2026-06-13T22:59:51Z,1751c17d#phase10c,9cd4defe-e740-40a1-b3f4-565702c84681,ok,0.0,high,full,current_phase8,fallback_used,projected,derived_from_projected_minutes,50,0.0
Jalen Brunson,73,NYK,SAS,False,21716138,ra,starter,"stat_grid:component_convolution_mean_coherent_v1+components[reb:pmf_sim_v1+role_aware_pmf_cal_v1:starter+monotone_pit_cdf_v1,ast:pmf_sim_v1+role_aware_pmf_cal_v1:starter+monotone_pit_cdf_v1]+prior_combo[joint_sampler_v1+joint_combo_pmf_v1+role_aware_pmf_cal_v1:starter+monotone_pit_cdf_v1]+stat_grid_final_component_convolution_mean_coherent_v1",phase8_role_aware_pmf_cal_v1+monotone_inactive_global_v1,morning,2026-06-13T22:59:51Z,1751c17d#phase10c,9cd4defe-e740-40a1-b3f4-565702c84681,ok,0.0,high,full,current_phase8,fallback_used,projected,derived_from_projected_minutes,51,0.0
Jalen Brunson,73,NYK,SAS,False,21716138,ra,starter,"stat_grid:component_convolution_mean_coherent_v1+components[reb:pmf_sim_v1+role_aware_pmf_cal_v1:starter+monotone_pit_cdf_v1,ast:pmf_sim_v1+role_aware_pmf_cal_v1:starter+monotone_pit_cdf_v1]+prior_combo[joint_sampler_v1+joint_combo_pmf_v1+role_aware_pmf_cal_v1:starter+monotone_pit_cdf_v1]+stat_grid_final_component_convolution_mean_coherent_v1",phase8_role_aware_pmf_cal_v1+monotone_inactive_global_v1,morning,2026-06-13T22:59:51Z,1751c17d#phase10c,9cd4defe-e740-40a1-b3f4-565702c84681,ok,0.0,high,full,current_phase8,fallback_used,projected,derived_from_projected_minutes,52,0.0
Jalen Brunson,73,NYK,SAS,False,21716138,ra,starter,"stat_grid:component_convolution_mean_coherent_v1+components[reb:pmf_sim_v1+role_aware_pmf_cal_v1:starter+monotone_pit_cdf_v1,ast:pmf_sim_v1+role_aware_pmf_cal_v1:starter+monotone_pit_cdf_v1]+prior_combo[joint_sampler_v1+joint_combo_pmf_v1+role_aware_pmf_cal_v1:starter+monotone_pit_cdf_v1]+stat_grid_final_component_convolution_mean_coherent_v1",phase8_role_aware_pmf_cal_v1+monotone_inactive_global_v1,morning,2026-06-13T22:59:51Z,1751c17d#phase10c,9cd4defe-e740-40a1-b3f4-565702c84681,ok,0.0,high,full,current_phase8,fallback_used,projected,derived_from_projected_minutes,53,0.0
Jalen Brunson,73,NYK,SAS,False,21716138,ra,starter,"stat_grid:component_convolution_mean_coherent_v1+components[reb:pmf_sim_v1+role_aware_pmf_cal_v1:starter+monotone_pit_cdf_v1,ast:pmf_sim_v1+role_aware_pmf_cal_v1:starter+monotone_pit_cdf_v1]+prior_combo[joint_sampler_v1+joint_combo_pmf_v1+role_aware_pmf_cal_v1:starter+monotone_pit_cdf_v1]+stat_grid_final_component_convolution_mean_coherent_v1",phase8_role_aware_pmf_cal_v1+monotone_inactive_global_v1,morning,2026-06-13T22:59:51Z,1751c17d#phase10c,9cd4defe-e740-40a1-b3f4-565702c84681,ok,0.0,high,full,current_phase8,fallback_used,projected,derived_from_projected_minutes,54,0.0
Jalen Brunson,73,NYK,SAS,False,21716138,ra,starter,"stat_grid:component_convolution_mean_coherent_v1+components[reb:pmf_sim_v1+role_aware_pmf_cal_v1:starter+monotone_pit_cdf_v1,ast:pmf_sim_v1+role_aware_pmf_cal_v1:starter+monotone_pit_cdf_v1]+prior_combo[joint_sampler_v1+joint_combo_pmf_v1+role_aware_pmf_cal_v1:starter+monotone_pit_cdf_v1]+stat_grid_final_component_convolution_mean_coherent_v1",phase8_role_aware_pmf_cal_v1+monotone_inactive_global_v1,morning,2026-06-13T22:59:51Z,1751c17d#phase10c,9cd4defe-e740-40a1-b3f4-565702c84681,ok,0.0,high,full,current_phase8,fallback_used,projected,derived_from_projected_minutes,55,0.0
Jalen Brunson,73,NYK,SAS,False,21716138,pra,starter,"stat_grid:component_convolution_mean_coherent_v1+components[pts:pmf_sim_v1+role_aware_pmf_cal_v1:starter+monotone_pit_cdf_v1,reb:pmf_sim_v1+role_aware_pmf_cal_v1:starter+monotone_pit_cdf_v1,ast:pmf_sim_v1+role_aware_pmf_cal_v1:starter+monotone_pit_cdf_v1]+prior_combo[joint_sampler_v1+joint_combo_pmf_v1+role_aware_pmf_cal_v1:starter+monotone_pit_cdf_v1]+stat_grid_final_component_convolution_mean_coherent_v1",phase8_role_aware_pmf_cal_v1+monotone_inactive_global_v1,morning,2026-06-13T22:59:51Z,1751c17d#phase10c,9cd4defe-e740-40a1-b3f4-565702c84681,ok,0.0,high,full,current_phase8,fallback_used,projected,derived_from_projected_minutes,0,0.0
Jalen Brunson,73,NYK,SAS,False,21716138,pra,starter,"stat_grid:component_convolution_mean_coherent_v1+components[pts:pmf_sim_v1+role_aware_pmf_cal_v1:starter+monotone_pit_cdf_v1,reb:pmf_sim_v1+role_aware_pmf_cal_v1:starter+monotone_pit_cdf_v1,ast:pmf_sim_v1+role_aware_pmf_cal_v1:starter+monotone_pit_cdf_v1]+prior_combo[joint_sampler_v1+joint_combo_pmf_v1+role_aware_pmf_cal_v1:starter+monotone_pit_cdf_v1]+stat_grid_final_component_convolution_mean_coherent_v1",phase8_role_aware_pmf_cal_v1+monotone_inactive_global_v1,morning,2026-06-13T22:59:51Z,1751c17d#phase10c,9cd4defe-e740-40a1-b3f4-565702c84681,ok,0.0,high,full,current_phase8,fallback_used,projected,derived_from_projected_minutes,1,0.0
Jalen Brunson,73,NYK,SAS,False,21716138,pra,starter,"stat_grid:component_convolution_mean_coherent_v1+components[pts:pmf_sim_v1+role_aware_pmf_cal_v1:starter+monotone_pit_cdf_v1,reb:pmf_sim_v1+role_aware_pmf_cal_v1:starter+monotone_pit_cdf_v1,ast:pmf_sim_v1+role_aware_pmf_cal_v1:starter+monotone_pit_cdf_v1]+prior_combo[joint_sampler_v1+joint_combo_pmf_v1+role_aware_pmf_cal_v1:starter+monotone_pit_cdf_v1]+stat_grid_final_component_convolution_mean_coherent_v1",phase8_role_aware_pmf_cal_v1+monotone_inactive_global_v1,morning,2026-06-13T22:59:51Z,1751c17d#phase10c,9cd4defe-e740-40a1-b3f4-565702c84681,ok,0.0,high,full,current_phase8,fallback_used,projected,derived_from_projected_minutes,2,0.0
Jalen Brunson,73,NYK,SAS,False,21716138,pra,starter,"stat_grid:component_convolution_mean_coherent_v1+components[pts:pmf_sim_v1+role_aware_pmf_cal_v1:starter+monotone_pit_cdf_v1,reb:pmf_sim_v1+role_aware_pmf_cal_v1:starter+monotone_pit_cdf_v1,ast:pmf_sim_v1+role_aware_pmf_cal_v1:starter+monotone_pit_cdf_v1]+prior_combo[joint_sampler_v1+joint_combo_pmf_v1+role_aware_pmf_cal_v1:starter+monotone_pit_cdf_v1]+stat_grid_final_component_convolution_mean_coherent_v1",phase8_role_aware_pmf_cal_v1+monotone_inactive_global_v1,morning,2026-06-13T22:59:51Z,1751c17d#phase10c,9cd4defe-e740-40a1-b3f4-565702c84681,ok,0.0,high,full,current_phase8,fallback_used,projected,derived_from_projected_minutes,3,0.0
Jalen Brunson,73,NYK,SAS,False,21716138,pra,starter,"stat_grid:component_convolution_mean_coherent_v1+components[pts:pmf_sim_v1+role_aware_pmf_cal_v1:starter+monotone_pit_cdf_v1,reb:pmf_sim_v1+role_aware_pmf_cal_v1:starter+monotone_pit_cdf_v1,ast:pmf_sim_v1+role_aware_pmf_cal_v1:starter+monotone_pit_cdf_v1]+prior_combo[joint_sampler_v1+joint_combo_pmf_v1+role_aware_pmf_cal_v1:starter+monotone_pit_cdf_v1]+stat_grid_final_component_convolution_mean_coherent_v1",phase8_role_aware_pmf_cal_v1+monotone_inactive_global_v1,morning,2026-06-13T22:59:51Z,1751c17d#phase10c,9cd4defe-e740-40a1-b3f4-565702c84681,ok,0.0,high,full,current_phase8,fallback_used,projected,derived_from_projected_minutes,4,0.0
Jalen Brunson,73,NYK,SAS,False,21716138,pra,starter,"stat_grid:component_convolution_mean_coherent_v1+components[pts:pmf_sim_v1+role_aware_pmf_cal_v1:starter+monotone_pit_cdf_v1,reb:pmf_sim_v1+role_aware_pmf_cal_v1:starter+monotone_pit_cdf_v1,ast:pmf_sim_v1+role_aware_pmf_cal_v1:starter+monotone_pit_cdf_v1]+prior_combo[joint_sampler_v1+joint_combo_pmf_v1+role_aware_pmf_cal_v1:starter+monotone_pit_cdf_v1]+stat_grid_final_component_convolution_mean_coherent_v1",phase8_role_aware_pmf_cal_v1+monotone_inactive_global_v1,morning,2026-06-13T22:59:51Z,1751c17d#phase10c,9cd4defe-e740-40a1-b3f4-565702c84681,ok,0.0,high,full,current_phase8,fallback_used,projected,derived_from_projected_minutes,5,0.0
Jalen Brunson,73,NYK,SAS,False,21716138,pra,starter,"stat_grid:component_convolution_mean_coherent_v1+components[pts:pmf_sim_v1+role_aware_pmf_cal_v1:starter+monotone_pit_cdf_v1,reb:pmf_sim_v1+role_aware_pmf_cal_v1:starter+monotone_pit_cdf_v1,ast:pmf_sim_v1+role_aware_pmf_cal_v1:starter+monotone_pit_cdf_v1]+prior_combo[joint_sampler_v1+joint_combo_pmf_v1+role_aware_pmf_cal_v1:starter+monotone_pit_cdf_v1]+stat_grid_final_component_convolution_mean_coherent_v1",phase8_role_aware_pmf_cal_v1+monotone_inactive_global_v1,morning,2026-06-13T22:59:51Z,1751c17d#phase10c,9cd4defe-e740-40a1-b3f4-565702c84681,ok,0.0,high,full,current_phase8,fallback_used,projected,derived_from_projected_minutes,6,0.0
Jalen Brunson,73,NYK,SAS,False,21716138,pra,starter,"stat_grid:component_convolution_mean_coherent_v1+components[pts:pmf_sim_v1+role_aware_pmf_cal_v1:starter+monotone_pit_cdf_v1,reb:pmf_sim_v1+role_aware_pmf_cal_v1:starter+monotone_pit_cdf_v1,ast:pmf_sim_v1+role_aware_pmf_cal_v1:starter+monotone_pit_cdf_v1]+prior_combo[joint_sampler_v1+joint_combo_pmf_v1+role_aware_pmf_cal_v1:starter+monotone_pit_cdf_v1]+stat_grid_final_component_convolution_mean_coherent_v1",phase8_role_aware_pmf_cal_v1+monotone_inactive_global_v1,morning,2026-06-13T22:59:51Z,1751c17d#phase10c,9cd4defe-e740-40a1-b3f4-565702c84681,ok,0.0,high,full,current_phase8,fallback_used,projected,derived_from_projected_minutes,7,0.0
Jalen Brunson,73,NYK,SAS,False,21716138,pra,starter,"stat_grid:component_convolution_mean_coherent_v1+components[pts:pmf_sim_v1+role_aware_pmf_cal_v1:starter+monotone_pit_cdf_v1,reb:pmf_sim_v1+role_aware_pmf_cal_v1:starter+monotone_pit_cdf_v1,ast:pmf_sim_v1+role_aware_pmf_cal_v1:starter+monotone_pit_cdf_v1]+prior_combo[joint_sampler_v1+joint_combo_pmf_v1+role_aware_pmf_cal_v1:starter+monotone_pit_cdf_v1]+stat_grid_final_component_convolution_mean_coherent_v1",phase8_role_aware_pmf_cal_v1+monotone_inactive_global_v1,morning,2026-06-13T22:59:51Z,1751c17d#phase10c,9cd4defe-e740-40a1-b3f4-565702c84681,ok,0.0,high,full,current_phase8,fallback_used,projected,derived_from_projected_minutes,8,0.0
Jalen Brunson,73,NYK,SAS,False,21716138,pra,starter,"stat_grid:component_convolution_mean_coherent_v1+components[pts:pmf_sim_v1+role_aware_pmf_cal_v1:starter+monotone_pit_cdf_v1,reb:pmf_sim_v1+role_aware_pmf_cal_v1:starter+monotone_pit_cdf_v1,ast:pmf_sim_v1+role_aware_pmf_cal_v1:starter+monotone_pit_cdf_v1]+prior_combo[joint_sampler_v1+joint_combo_pmf_v1+role_aware_pmf_cal_v1:starter+monotone_pit_cdf_v1]+stat_grid_final_component_convolution_mean_coherent_v1",phase8_role_aware_pmf_cal_v1+monotone_inactive_global_v1,morning,2026-06-13T22:59:51Z,1751c17d#phase10c,9cd4defe-e740-40a1-b3f4-565702c84681,ok,0.0,high,full,current_phase8,fallback_used,projected,derived_from_projected_minutes,9,0.0001
Jalen Brunson,73,NYK,SAS,False,21716138,pra,starter,"stat_grid:component_convolution_mean_coherent_v1+components[pts:pmf_sim_v1+role_aware_pmf_cal_v1:starter+monotone_pit_cdf_v1,reb:pmf_sim_v1+role_aware_pmf_cal_v1:starter+monotone_pit_cdf_v1,ast:pmf_sim_v1+role_aware_pmf_cal_v1:starter+monotone_pit_cdf_v1]+prior_combo[joint_sampler_v1+joint_combo_pmf_v1+role_aware_pmf_cal_v1:starter+monotone_pit_cdf_v1]+stat_grid_final_component_convolution_mean_coherent_v1",phase8_role_aware_pmf_cal_v1+monotone_inactive_global_v1,morning,2026-06-13T22:59:51Z,1751c17d#phase10c,9cd4defe-e740-40a1-b3f4-565702c84681,ok,0.0,high,full,current_phase8,fallback_used,projected,derived_from_projected_minutes,10,0.0001
Jalen Brunson,73,NYK,SAS,False,21716138,pra,starter,"stat_grid:component_convolution_mean_coherent_v1+components[pts:pmf_sim_v1+role_aware_pmf_cal_v1:starter+monotone_pit_cdf_v1,reb:pmf_sim_v1+role_aware_pmf_cal_v1:starter+monotone_pit_cdf_v1,ast:pmf_sim_v1+role_aware_pmf_cal_v1:starter+monotone_pit_cdf_v1]+prior_combo[joint_sampler_v1+joint_combo_pmf_v1+role_aware_pmf_cal_v1:starter+monotone_pit_cdf_v1]+stat_grid_final_component_convolution_mean_coherent_v1",phase8_role_aware_pmf_cal_v1+monotone_inactive_global_v1,morning,2026-06-13T22:59:51Z,1751c17d#phase10c,9cd4defe-e740-40a1-b3f4-565702c84681,ok,0.0,high,full,current_phase8,fallback_used,projected,derived_from_projected_minutes,11,0.0002
Jalen Brunson,73,NYK,SAS,False,21716138,pra,starter,"stat_grid:component_convolution_mean_coherent_v1+components[pts:pmf_sim_v1+role_aware_pmf_cal_v1:starter+monotone_pit_cdf_v1,reb:pmf_sim_v1+role_aware_pmf_cal_v1:starter+monotone_pit_cdf_v1,ast:pmf_sim_v1+role_aware_pmf_cal_v1:starter+monotone_pit_cdf_v1]+prior_combo[joint_sampler_v1+joint_combo_pmf_v1+role_aware_pmf_cal_v1:starter+monotone_pit_cdf_v1]+stat_grid_final_component_convolution_mean_coherent_v1",phase8_role_aware_pmf_cal_v1+monotone_inactive_global_v1,morning,2026-06-13T22:59:51Z,1751c17d#phase10c,9cd4defe-e740-40a1-b3f4-565702c84681,ok,0.0,high,full,current_phase8,fallback_used,projected,derived_from_projected_minutes,12,0.0003
Jalen Brunson,73,NYK,SAS,False,21716138,pra,starter,"stat_grid:component_convolution_mean_coherent_v1+components[pts:pmf_sim_v1+role_aware_pmf_cal_v1:starter+monotone_pit_cdf_v1,reb:pmf_sim_v1+role_aware_pmf_cal_v1:starter+monotone_pit_cdf_v1,ast:pmf_sim_v1+role_aware_pmf_cal_v1:starter+monotone_pit_cdf_v1]+prior_combo[joint_sampler_v1+joint_combo_pmf_v1+role_aware_pmf_cal_v1:starter+monotone_pit_cdf_v1]+stat_grid_final_component_convolution_mean_coherent_v1",phase8_role_aware_pmf_cal_v1+monotone_inactive_global_v1,morning,2026-06-13T22:59:51Z,1751c17d#phase10c,9cd4defe-e740-40a1-b3f4-565702c84681,ok,0.0,high,full,current_phase8,fallback_used,projected,derived_from_projected_minutes,13,0.0003
Jalen Brunson,73,NYK,SAS,False,21716138,pra,starter,"stat_grid:component_convolution_mean_coherent_v1+components[pts:pmf_sim_v1+role_aware_pmf_cal_v1:starter+monotone_pit_cdf_v1,reb:pmf_sim_v1+role_aware_pmf_cal_v1:starter+monotone_pit_cdf_v1,ast:pmf_sim_v1+role_aware_pmf_cal_v1:starter+monotone_pit_cdf_v1]+prior_combo[joint_sampler_v1+joint_combo_pmf_v1+role_aware_pmf_cal_v1:starter+monotone_pit_cdf_v1]+stat_grid_final_component_convolution_mean_coherent_v1",phase8_role_aware_pmf_cal_v1+monotone_inactive_global_v1,morning,2026-06-13T22:59:51Z,1751c17d#phase10c,9cd4defe-e740-40a1-b3f4-565702c84681,ok,0.0,high,full,current_phase8,fallback_used,projected,derived_from_projected_minutes,14,0.0004
Jalen Brunson,73,NYK,SAS,False,21716138,pra,starter,"stat_grid:component_convolution_mean_coherent_v1+components[pts:pmf_sim_v1+role_aware_pmf_cal_v1:starter+monotone_pit_cdf_v1,reb:pmf_sim_v1+role_aware_pmf_cal_v1:starter+monotone_pit_cdf_v1,ast:pmf_sim_v1+role_aware_pmf_cal_v1:starter+monotone_pit_cdf_v1]+prior_combo[joint_sampler_v1+joint_combo_pmf_v1+role_aware_pmf_cal_v1:starter+monotone_pit_cdf_v1]+stat_grid_final_component_convolution_mean_coherent_v1",phase8_role_aware_pmf_cal_v1+monotone_inactive_global_v1,morning,2026-06-13T22:59:51Z,1751c17d#phase10c,9cd4defe-e740-40a1-b3f4-565702c84681,ok,0.0,high,full,current_phase8,fallback_used,projected,derived_from_projected_minutes,15,0.0005
Jalen Brunson,73,NYK,SAS,False,21716138,pra,starter,"stat_grid:component_convolution_mean_coherent_v1+components[pts:pmf_sim_v1+role_aware_pmf_cal_v1:starter+monotone_pit_cdf_v1,reb:pmf_sim_v1+role_aware_pmf_cal_v1:starter+monotone_pit_cdf_v1,ast:pmf_sim_v1+role_aware_pmf_cal_v1:starter+monotone_pit_cdf_v1]+prior_combo[joint_sampler_v1+joint_combo_pmf_v1+role_aware_pmf_cal_v1:starter+monotone_pit_cdf_v1]+stat_grid_final_component_convolution_mean_coherent_v1",phase8_role_aware_pmf_cal_v1+monotone_inactive_global_v1,morning,2026-06-13T22:59:51Z,1751c17d#phase10c,9cd4defe-e740-40a1-b3f4-565702c84681,ok,0.0,high,full,current_phase8,fallback_used,projected,derived_from_projected_minutes,16,0.0007
Jalen Brunson,73,NYK,SAS,False,21716138,pra,starter,"stat_grid:component_convolution_mean_coherent_v1+components[pts:pmf_sim_v1+role_aware_pmf_cal_v1:starter+monotone_pit_cdf_v1,reb:pmf_sim_v1+role_aware_pmf_cal_v1:starter+monotone_pit_cdf_v1,ast:pmf_sim_v1+role_aware_pmf_cal_v1:starter+monotone_pit_cdf_v1]+prior_combo[joint_sampler_v1+joint_combo_pmf_v1+role_aware_pmf_cal_v1:starter+monotone_pit_cdf_v1]+stat_grid_final_component_convolution_mean_coherent_v1",phase8_role_aware_pmf_cal_v1+monotone_inactive_global_v1,morning,2026-06-13T22:59:51Z,1751c17d#phase10c,9cd4defe-e740-40a1-b3f4-565702c84681,ok,0.0,high,full,current_phase8,fallback_used,projected,derived_from_projected_minutes,17,0.0009
Jalen Brunson,73,NYK,SAS,False,21716138,pra,starter,"stat_grid:component_convolution_mean_coherent_v1+components[pts:pmf_sim_v1+role_aware_pmf_cal_v1:starter+monotone_pit_cdf_v1,reb:pmf_sim_v1+role_aware_pmf_cal_v1:starter+monotone_pit_cdf_v1,ast:pmf_sim_v1+role_aware_pmf_cal_v1:starter+monotone_pit_cdf_v1]+prior_combo[joint_sampler_v1+joint_combo_pmf_v1+role_aware_pmf_cal_v1:starter+monotone_pit_cdf_v1]+stat_grid_final_component_convolution_mean_coherent_v1",phase8_role_aware_pmf_cal_v1+monotone_inactive_global_v1,morning,2026-06-13T22:59:51Z,1751c17d#phase10c,9cd4defe-e740-40a1-b3f4-565702c84681,ok,0.0,high,full,current_phase8,fallback_used,projected,derived_from_projected_minutes,18,0.0013
Jalen Brunson,73,NYK,SAS,False,21716138,pra,starter,"stat_grid:component_convolution_mean_coherent_v1+components[pts:pmf_sim_v1+role_aware_pmf_cal_v1:starter+monotone_pit_cdf_v1,reb:pmf_sim_v1+role_aware_pmf_cal_v1:starter+monotone_pit_cdf_v1,ast:pmf_sim_v1+role_aware_pmf_cal_v1:starter+monotone_pit_cdf_v1]+prior_combo[joint_sampler_v1+joint_combo_pmf_v1+role_aware_pmf_cal_v1:starter+monotone_pit_cdf_v1]+stat_grid_final_component_convolution_mean_coherent_v1",phase8_role_aware_pmf_cal_v1+monotone_inactive_global_v1,morning,2026-06-13T22:59:51Z,1751c17d#phase10c,9cd4defe-e740-40a1-b3f4-565702c84681,ok,0.0,high,full,current_phase8,fallback_used,projected,derived_from_projected_minutes,19,0.0017
Jalen Brunson,73,NYK,SAS,False,21716138,pra,starter,"stat_grid:component_convolution_mean_coherent_v1+components[pts:pmf_sim_v1+role_aware_pmf_cal_v1:starter+monotone_pit_cdf_v1,reb:pmf_sim_v1+role_aware_pmf_cal_v1:starter+monotone_pit_cdf_v1,ast:pmf_sim_v1+role_aware_pmf_cal_v1:starter+monotone_pit_cdf_v1]+prior_combo[joint_sampler_v1+joint_combo_pmf_v1+role_aware_pmf_cal_v1:starter+monotone_pit_cdf_v1]+stat_grid_final_component_convolution_mean_coherent_v1",phase8_role_aware_pmf_cal_v1+monotone_inactive_global_v1,morning,2026-06-13T22:59:51Z,1751c17d#phase10c,9cd4defe-e740-40a1-b3f4-565702c84681,ok,0.0,high,full,current_phase8,fallback_used,projected,derived_from_projected_minutes,20,0.0023
Jalen Brunson,73,NYK,SAS,False,21716138,pra,starter,"stat_grid:component_convolution_mean_coherent_v1+components[pts:pmf_sim_v1+role_aware_pmf_cal_v1:starter+monotone_pit_cdf_v1,reb:pmf_sim_v1+role_aware_pmf_cal_v1:starter+monotone_pit_cdf_v1,ast:pmf_sim_v1+role_aware_pmf_cal_v1:starter+monotone_pit_cdf_v1]+prior_combo[joint_sampler_v1+joint_combo_pmf_v1+role_aware_pmf_cal_v1:starter+monotone_pit_cdf_v1]+stat_grid_final_component_convolution_mean_coherent_v1",phase8_role_aware_pmf_cal_v1+monotone_inactive_global_v1,morning,2026-06-13T22:59:51Z,1751c17d#phase10c,9cd4defe-e740-40a1-b3f4-565702c84681,ok,0.0,high,full,current_phase8,fallback_used,projected,derived_from_projected_minutes,21,0.0032
Jalen Brunson,73,NYK,SAS,False,21716138,pra,starter,"stat_grid:component_convolution_mean_coherent_v1+components[pts:pmf_sim_v1+role_aware_pmf_cal_v1:starter+monotone_pit_cdf_v1,reb:pmf_sim_v1+role_aware_pmf_cal_v1:starter+monotone_pit_cdf_v1,ast:pmf_sim_v1+role_aware_pmf_cal_v1:starter+monotone_pit_cdf_v1]+prior_combo[joint_sampler_v1+joint_combo_pmf_v1+role_aware_pmf_cal_v1:starter+monotone_pit_cdf_v1]+stat_grid_final_component_convolution_mean_coherent_v1",phase8_role_aware_pmf_cal_v1+monotone_inactive_global_v1,morning,2026-06-13T22:59:51Z,1751c17d#phase10c,9cd4defe-e740-40a1-b3f4-565702c84681,ok,0.0,high,full,current_phase8,fallback_used,projected,derived_from_projected_minutes,22,0.0043
Jalen Brunson,73,NYK,SAS,False,21716138,pra,starter,"stat_grid:component_convolution_mean_coherent_v1+components[pts:pmf_sim_v1+role_aware_pmf_cal_v1:starter+monotone_pit_cdf_v1,reb:pmf_sim_v1+role_aware_pmf_cal_v1:starter+monotone_pit_cdf_v1,ast:pmf_sim_v1+role_aware_pmf_cal_v1:starter+monotone_pit_cdf_v1]+prior_combo[joint_sampler_v1+joint_combo_pmf_v1+role_aware_pmf_cal_v1:starter+monotone_pit_cdf_v1]+stat_grid_final_component_convolution_mean_coherent_v1",phase8_role_aware_pmf_cal_v1+monotone_inactive_global_v1,morning,2026-06-13T22:59:51Z,1751c17d#phase10c,9cd4defe-e740-40a1-b3f4-565702c84681,ok,0.0,high,full,current_phase8,fallback_used,projected,derived_from_projected_minutes,23,0.0059
Jalen Brunson,73,NYK,SAS,False,21716138,pra,starter,"stat_grid:component_convolution_mean_coherent_v1+components[pts:pmf_sim_v1+role_aware_pmf_cal_v1:starter+monotone_pit_cdf_v1,reb:pmf_sim_v1+role_aware_pmf_cal_v1:starter+monotone_pit_cdf_v1,ast:pmf_sim_v1+role_aware_pmf_cal_v1:starter+monotone_pit_cdf_v1]+prior_combo[joint_sampler_v1+joint_combo_pmf_v1+role_aware_pmf_cal_v1:starter+monotone_pit_cdf_v1]+stat_grid_final_component_convolution_mean_coherent_v1",phase8_role_aware_pmf_cal_v1+monotone_inactive_global_v1,morning,2026-06-13T22:59:51Z,1751c17d#phase10c,9cd4defe-e740-40a1-b3f4-565702c84681,ok,0.0,high,full,current_phase8,fallback_used,projected,derived_from_projected_minutes,24,0.0079
Jalen Brunson,73,NYK,SAS,False,21716138,pra,starter,"stat_grid:component_convolution_mean_coherent_v1+components[pts:pmf_sim_v1+role_aware_pmf_cal_v1:starter+monotone_pit_cdf_v1,reb:pmf_sim_v1+role_aware_pmf_cal_v1:starter+monotone_pit_cdf_v1,ast:pmf_sim_v1+role_aware_pmf_cal_v1:starter+monotone_pit_cdf_v1]+prior_combo[joint_sampler_v1+joint_combo_pmf_v1+role_aware_pmf_cal_v1:starter+monotone_pit_cdf_v1]+stat_grid_final_component_convolution_mean_coherent_v1",phase8_role_aware_pmf_cal_v1+monotone_inactive_global_v1,morning,2026-06-13T22:59:51Z,1751c17d#phase10c,9cd4defe-e740-40a1-b3f4-565702c84681,ok,0.0,high,full,current_phase8,fallback_used,projected,derived_from_projected_minutes,25,0.0104
Jalen Brunson,73,NYK,SAS,False,21716138,pra,starter,"stat_grid:component_convolution_mean_coherent_v1+components[pts:pmf_sim_v1+role_aware_pmf_cal_v1:starter+monotone_pit_cdf_v1,reb:pmf_sim_v1+role_aware_pmf_cal_v1:starter+monotone_pit_cdf_v1,ast:pmf_sim_v1+role_aware_pmf_cal_v1:starter+monotone_pit_cdf_v1]+prior_combo[joint_sampler_v1+joint_combo_pmf_v1+role_aware_pmf_cal_v1:starter+monotone_pit_cdf_v1]+stat_grid_final_component_convolution_mean_coherent_v1",phase8_role_aware_pmf_cal_v1+monotone_inactive_global_v1,morning,2026-06-13T22:59:51Z,1751c17d#phase10c,9cd4defe-e740-40a1-b3f4-565702c84681,ok,0.0,high,full,current_phase8,fallback_used,projected,derived_from_projected_minutes,26,0.0132
Jalen Brunson,73,NYK,SAS,False,21716138,pra,starter,"stat_grid:component_convolution_mean_coherent_v1+components[pts:pmf_sim_v1+role_aware_pmf_cal_v1:starter+monotone_pit_cdf_v1,reb:pmf_sim_v1+role_aware_pmf_cal_v1:starter+monotone_pit_cdf_v1,ast:pmf_sim_v1+role_aware_pmf_cal_v1:starter+monotone_pit_cdf_v1]+prior_combo[joint_sampler_v1+joint_combo_pmf_v1+role_aware_pmf_cal_v1:starter+monotone_pit_cdf_v1]+stat_grid_final_component_convolution_mean_coherent_v1",phase8_role_aware_pmf_cal_v1+monotone_inactive_global_v1,morning,2026-06-13T22:59:51Z,1751c17d#phase10c,9cd4defe-e740-40a1-b3f4-565702c84681,ok,0.0,high,full,current_phase8,fallback_used,projected,derived_from_projected_minutes,27,0.0163
Jalen Brunson,73,NYK,SAS,False,21716138,pra,starter,"stat_grid:component_convolution_mean_coherent_v1+components[pts:pmf_sim_v1+role_aware_pmf_cal_v1:starter+monotone_pit_cdf_v1,reb:pmf_sim_v1+role_aware_pmf_cal_v1:starter+monotone_pit_cdf_v1,ast:pmf_sim_v1+role_aware_pmf_cal_v1:starter+monotone_pit_cdf_v1]+prior_combo[joint_sampler_v1+joint_combo_pmf_v1+role_aware_pmf_cal_v1:starter+monotone_pit_cdf_v1]+stat_grid_final_component_convolution_mean_coherent_v1",phase8_role_aware_pmf_cal_v1+monotone_inactive_global_v1,morning,2026-06-13T22:59:51Z,1751c17d#phase10c,9cd4defe-e740-40a1-b3f4-565702c84681,ok,0.0,high,full,current_phase8,fallback_used,projected,derived_from_projected_minutes,28,0.0195
Jalen Brunson,73,NYK,SAS,False,21716138,pra,starter,"stat_grid:component_convolution_mean_coherent_v1+components[pts:pmf_sim_v1+role_aware_pmf_cal_v1:starter+monotone_pit_cdf_v1,reb:pmf_sim_v1+role_aware_pmf_cal_v1:starter+monotone_pit_cdf_v1,ast:pmf_sim_v1+role_aware_pmf_cal_v1:starter+monotone_pit_cdf_v1]+prior_combo[joint_sampler_v1+joint_combo_pmf_v1+role_aware_pmf_cal_v1:starter+monotone_pit_cdf_v1]+stat_grid_final_component_convolution_mean_coherent_v1",phase8_role_aware_pmf_cal_v1+monotone_inactive_global_v1,morning,2026-06-13T22:59:51Z,1751c17d#phase10c,9cd4defe-e740-40a1-b3f4-565702c84681,ok,0.0,high,full,current_phase8,fallback_used,projected,derived_from_projected_minutes,29,0.0229
Jalen Brunson,73,NYK,SAS,False,21716138,pra,starter,"stat_grid:component_convolution_mean_coherent_v1+components[pts:pmf_sim_v1+role_aware_pmf_cal_v1:starter+monotone_pit_cdf_v1,reb:pmf_sim_v1+role_aware_pmf_cal_v1:starter+monotone_pit_cdf_v1,ast:pmf_sim_v1+role_aware_pmf_cal_v1:starter+monotone_pit_cdf_v1]+prior_combo[joint_sampler_v1+joint_combo_pmf_v1+role_aware_pmf_cal_v1:starter+monotone_pit_cdf_v1]+stat_grid_final_component_convolution_mean_coherent_v1",phase8_role_aware_pmf_cal_v1+monotone_inactive_global_v1,morning,2026-06-13T22:59:51Z,1751c17d#phase10c,9cd4defe-e740-40a1-b3f4-565702c84681,ok,0.0,high,full,current_phase8,fallback_used,projected,derived_from_projected_minutes,30,0.0268
Jalen Brunson,73,NYK,SAS,False,21716138,pra,starter,"stat_grid:component_convolution_mean_coherent_v1+components[pts:pmf_sim_v1+role_aware_pmf_cal_v1:starter+monotone_pit_cdf_v1,reb:pmf_sim_v1+role_aware_pmf_cal_v1:starter+monotone_pit_cdf_v1,ast:pmf_sim_v1+role_aware_pmf_cal_v1:starter+monotone_pit_cdf_v1]+prior_combo[joint_sampler_v1+joint_combo_pmf_v1+role_aware_pmf_cal_v1:starter+monotone_pit_cdf_v1]+stat_grid_final_component_convolution_mean_coherent_v1",phase8_role_aware_pmf_cal_v1+monotone_inactive_global_v1,morning,2026-06-13T22:59:51Z,1751c17d#phase10c,9cd4defe-e740-40a1-b3f4-565702c84681,ok,0.0,high,full,current_phase8,fallback_used,projected,derived_from_projected_minutes,31,0.0312
Jalen Brunson,73,NYK,SAS,False,21716138,pra,starter,"stat_grid:component_convolution_mean_coherent_v1+components[pts:pmf_sim_v1+role_aware_pmf_cal_v1:starter+monotone_pit_cdf_v1,reb:pmf_sim_v1+role_aware_pmf_cal_v1:starter+monotone_pit_cdf_v1,ast:pmf_sim_v1+role_aware_pmf_cal_v1:starter+monotone_pit_cdf_v1]+prior_combo[joint_sampler_v1+joint_combo_pmf_v1+role_aware_pmf_cal_v1:starter+monotone_pit_cdf_v1]+stat_grid_final_component_convolution_mean_coherent_v1",phase8_role_aware_pmf_cal_v1+monotone_inactive_global_v1,morning,2026-06-13T22:59:51Z,1751c17d#phase10c,9cd4defe-e740-40a1-b3f4-565702c84681,ok,0.0,high,full,current_phase8,fallback_used,projected,derived_from_projected_minutes,32,0.0359
Jalen Brunson,73,NYK,SAS,False,21716138,pra,starter,"stat_grid:component_convolution_mean_coherent_v1+components[pts:pmf_sim_v1+role_aware_pmf_cal_v1:starter+monotone_pit_cdf_v1,reb:pmf_sim_v1+role_aware_pmf_cal_v1:starter+monotone_pit_cdf_v1,ast:pmf_sim_v1+role_aware_pmf_cal_v1:starter+monotone_pit_cdf_v1]+prior_combo[joint_sampler_v1+joint_combo_pmf_v1+role_aware_pmf_cal_v1:starter+monotone_pit_cdf_v1]+stat_grid_final_component_convolution_mean_coherent_v1",phase8_role_aware_pmf_cal_v1+monotone_inactive_global_v1,morning,2026-06-13T22:59:51Z,1751c17d#phase10c,9cd4defe-e740-40a1-b3f4-565702c84681,ok,0.0,high,full,current_phase8,fallback_used,projected,derived_from_projected_minutes,33,0.0406
Jalen Brunson,73,NYK,SAS,False,21716138,pra,starter,"stat_grid:component_convolution_mean_coherent_v1+components[pts:pmf_sim_v1+role_aware_pmf_cal_v1:starter+monotone_pit_cdf_v1,reb:pmf_sim_v1+role_aware_pmf_cal_v1:starter+monotone_pit_cdf_v1,ast:pmf_sim_v1+role_aware_pmf_cal_v1:starter+monotone_pit_cdf_v1]+prior_combo[joint_sampler_v1+joint_combo_pmf_v1+role_aware_pmf_cal_v1:starter+monotone_pit_cdf_v1]+stat_grid_final_component_convolution_mean_coherent_v1",phase8_role_aware_pmf_cal_v1+monotone_inactive_global_v1,morning,2026-06-13T22:59:51Z,1751c17d#phase10c,9cd4defe-e740-40a1-b3f4-565702c84681,ok,0.0,high,full,current_phase8,fallback_used,projected,derived_from_projected_minutes,34,0.0451
Jalen Brunson,73,NYK,SAS,False,21716138,pra,starter,"stat_grid:component_convolution_mean_coherent_v1+components[pts:pmf_sim_v1+role_aware_pmf_cal_v1:starter+monotone_pit_cdf_v1,reb:pmf_sim_v1+role_aware_pmf_cal_v1:starter+monotone_pit_cdf_v1,ast:pmf_sim_v1+role_aware_pmf_cal_v1:starter+monotone_pit_cdf_v1]+prior_combo[joint_sampler_v1+joint_combo_pmf_v1+role_aware_pmf_cal_v1:starter+monotone_pit_cdf_v1]+stat_grid_final_component_convolution_mean_coherent_v1",phase8_role_aware_pmf_cal_v1+monotone_inactive_global_v1,morning,2026-06-13T22:59:51Z,1751c17d#phase10c,9cd4defe-e740-40a1-b3f4-565702c84681,ok,0.0,high,full,current_phase8,fallback_used,projected,derived_from_projected_minutes,35,0.0494
Jalen Brunson,73,NYK,SAS,False,21716138,pra,starter,"stat_grid:component_convolution_mean_coherent_v1+components[pts:pmf_sim_v1+role_aware_pmf_cal_v1:starter+monotone_pit_cdf_v1,reb:pmf_sim_v1+role_aware_pmf_cal_v1:starter+monotone_pit_cdf_v1,ast:pmf_sim_v1+role_aware_pmf_cal_v1:starter+monotone_pit_cdf_v1]+prior_combo[joint_sampler_v1+joint_combo_pmf_v1+role_aware_pmf_cal_v1:starter+monotone_pit_cdf_v1]+stat_grid_final_component_convolution_mean_coherent_v1",phase8_role_aware_pmf_cal_v1+monotone_inactive_global_v1,morning,2026-06-13T22:59:51Z,1751c17d#phase10c,9cd4defe-e740-40a1-b3f4-565702c84681,ok,0.0,high,full,current_phase8,fallback_used,projected,derived_from_projected_minutes,36,0.0534
Jalen Brunson,73,NYK,SAS,False,21716138,pra,starter,"stat_grid:component_convolution_mean_coherent_v1+components[pts:pmf_sim_v1+role_aware_pmf_cal_v1:starter+monotone_pit_cdf_v1,reb:pmf_sim_v1+role_aware_pmf_cal_v1:starter+monotone_pit_cdf_v1,ast:pmf_sim_v1+role_aware_pmf_cal_v1:starter+monotone_pit_cdf_v1]+prior_combo[joint_sampler_v1+joint_combo_pmf_v1+role_aware_pmf_cal_v1:starter+monotone_pit_cdf_v1]+stat_grid_final_component_convolution_mean_coherent_v1",phase8_role_aware_pmf_cal_v1+monotone_inactive_global_v1,morning,2026-06-13T22:59:51Z,1751c17d#phase10c,9cd4defe-e740-40a1-b3f4-565702c84681,ok,0.0,high,full,current_phase8,fallback_used,projected,derived_from_projected_minutes,37,0.0568
Jalen Brunson,73,NYK,SAS,False,21716138,pra,starter,"stat_grid:component_convolution_mean_coherent_v1+components[pts:pmf_sim_v1+role_aware_pmf_cal_v1:starter+monotone_pit_cdf_v1,reb:pmf_sim_v1+role_aware_pmf_cal_v1:starter+monotone_pit_cdf_v1,ast:pmf_sim_v1+role_aware_pmf_cal_v1:starter+monotone_pit_cdf_v1]+prior_combo[joint_sampler_v1+joint_combo_pmf_v1+role_aware_pmf_cal_v1:starter+monotone_pit_cdf_v1]+stat_grid_final_component_convolution_mean_coherent_v1",phase8_role_aware_pmf_cal_v1+monotone_inactive_global_v1,morning,2026-06-13T22:59:51Z,1751c17d#phase10c,9cd4defe-e740-40a1-b3f4-565702c84681,ok,0.0,high,full,current_phase8,fallback_used,projected,derived_from_projected_minutes,38,0.0587
Jalen Brunson,73,NYK,SAS,False,21716138,pra,starter,"stat_grid:component_convolution_mean_coherent_v1+components[pts:pmf_sim_v1+role_aware_pmf_cal_v1:starter+monotone_pit_cdf_v1,reb:pmf_sim_v1+role_aware_pmf_cal_v1:starter+monotone_pit_cdf_v1,ast:pmf_sim_v1+role_aware_pmf_cal_v1:starter+monotone_pit_cdf_v1]+prior_combo[joint_sampler_v1+joint_combo_pmf_v1+role_aware_pmf_cal_v1:starter+monotone_pit_cdf_v1]+stat_grid_final_component_convolution_mean_coherent_v1",phase8_role_aware_pmf_cal_v1+monotone_inactive_global_v1,morning,2026-06-13T22:59:51Z,1751c17d#phase10c,9cd4defe-e740-40a1-b3f4-565702c84681,ok,0.0,high,full,current_phase8,fallback_used,projected,derived_from_projected_minutes,39,0.0585
Jalen Brunson,73,NYK,SAS,False,21716138,pra,starter,"stat_grid:component_convolution_mean_coherent_v1+components[pts:pmf_sim_v1+role_aware_pmf_cal_v1:starter+monotone_pit_cdf_v1,reb:pmf_sim_v1+role_aware_pmf_cal_v1:starter+monotone_pit_cdf_v1,ast:pmf_sim_v1+role_aware_pmf_cal_v1:starter+monotone_pit_cdf_v1]+prior_combo[joint_sampler_v1+joint_combo_pmf_v1+role_aware_pmf_cal_v1:starter+monotone_pit_cdf_v1]+stat_grid_final_component_convolution_mean_coherent_v1",phase8_role_aware_pmf_cal_v1+monotone_inactive_global_v1,morning,2026-06-13T22:59:51Z,1751c17d#phase10c,9cd4defe-e740-40a1-b3f4-565702c84681,ok,0.0,high,full,current_phase8,fallback_used,projected,derived_from_projected_minutes,40,0.0563
Jalen Brunson,73,NYK,SAS,False,21716138,pra,starter,"stat_grid:component_convolution_mean_coherent_v1+components[pts:pmf_sim_v1+role_aware_pmf_cal_v1:starter+monotone_pit_cdf_v1,reb:pmf_sim_v1+role_aware_pmf_cal_v1:starter+monotone_pit_cdf_v1,ast:pmf_sim_v1+role_aware_pmf_cal_v1:starter+monotone_pit_cdf_v1]+prior_combo[joint_sampler_v1+joint_combo_pmf_v1+role_aware_pmf_cal_v1:starter+monotone_pit_cdf_v1]+stat_grid_final_component_convolution_mean_coherent_v1",phase8_role_aware_pmf_cal_v1+monotone_inactive_global_v1,morning,2026-06-13T22:59:51Z,1751c17d#phase10c,9cd4defe-e740-40a1-b3f4-565702c84681,ok,0.0,high,full,current_phase8,fallback_used,projected,derived_from_projected_minutes,41,0.0523
Jalen Brunson,73,NYK,SAS,False,21716138,pra,starter,"stat_grid:component_convolution_mean_coherent_v1+components[pts:pmf_sim_v1+role_aware_pmf_cal_v1:starter+monotone_pit_cdf_v1,reb:pmf_sim_v1+role_aware_pmf_cal_v1:starter+monotone_pit_cdf_v1,ast:pmf_sim_v1+role_aware_pmf_cal_v1:starter+monotone_pit_cdf_v1]+prior_combo[joint_sampler_v1+joint_combo_pmf_v1+role_aware_pmf_cal_v1:starter+monotone_pit_cdf_v1]+stat_grid_final_component_convolution_mean_coherent_v1",phase8_role_aware_pmf_cal_v1+monotone_inactive_global_v1,morning,2026-06-13T22:59:51Z,1751c17d#phase10c,9cd4defe-e740-40a1-b3f4-565702c84681,ok,0.0,high,full,current_phase8,fallback_used,projected,derived_from_projected_minutes,42,0.0478
Jalen Brunson,73,NYK,SAS,False,21716138,pra,starter,"stat_grid:component_convolution_mean_coherent_v1+components[pts:pmf_sim_v1+role_aware_pmf_cal_v1:starter+monotone_pit_cdf_v1,reb:pmf_sim_v1+role_aware_pmf_cal_v1:starter+monotone_pit_cdf_v1,ast:pmf_sim_v1+role_aware_pmf_cal_v1:starter+monotone_pit_cdf_v1]+prior_combo[joint_sampler_v1+joint_combo_pmf_v1+role_aware_pmf_cal_v1:starter+monotone_pit_cdf_v1]+stat_grid_final_component_convolution_mean_coherent_v1",phase8_role_aware_pmf_cal_v1+monotone_inactive_global_v1,morning,2026-06-13T22:59:51Z,1751c17d#phase10c,9cd4defe-e740-40a1-b3f4-565702c84681,ok,0.0,high,full,current_phase8,fallback_used,projected,derived_from_projected_minutes,43,0.0433
Jalen Brunson,73,NYK,SAS,False,21716138,pra,starter,"stat_grid:component_convolution_mean_coherent_v1+components[pts:pmf_sim_v1+role_aware_pmf_cal_v1:starter+monotone_pit_cdf_v1,reb:pmf_sim_v1+role_aware_pmf_cal_v1:starter+monotone_pit_cdf_v1,ast:pmf_sim_v1+role_aware_pmf_cal_v1:starter+monotone_pit_cdf_v1]+prior_combo[joint_sampler_v1+joint_combo_pmf_v1+role_aware_pmf_cal_v1:starter+monotone_pit_cdf_v1]+stat_grid_final_component_convolution_mean_coherent_v1",phase8_role_aware_pmf_cal_v1+monotone_inactive_global_v1,morning,2026-06-13T22:59:51Z,1751c17d#phase10c,9cd4defe-e740-40a1-b3f4-565702c84681,ok,0.0,high,full,current_phase8,fallback_used,projected,derived_from_projected_minutes,44,0.0388
Jalen Brunson,73,NYK,SAS,False,21716138,pra,starter,"stat_grid:component_convolution_mean_coherent_v1+components[pts:pmf_sim_v1+role_aware_pmf_cal_v1:starter+monotone_pit_cdf_v1,reb:pmf_sim_v1+role_aware_pmf_cal_v1:starter+monotone_pit_cdf_v1,ast:pmf_sim_v1+role_aware_pmf_cal_v1:starter+monotone_pit_cdf_v1]+prior_combo[joint_sampler_v1+joint_combo_pmf_v1+role_aware_pmf_cal_v1:starter+monotone_pit_cdf_v1]+stat_grid_final_component_convolution_mean_coherent_v1",phase8_role_aware_pmf_cal_v1+monotone_inactive_global_v1,morning,2026-06-13T22:59:51Z,1751c17d#phase10c,9cd4defe-e740-40a1-b3f4-565702c84681,ok,0.0,high,full,current_phase8,fallback_used,projected,derived_from_projected_minutes,45,0.0339
Jalen Brunson,73,NYK,SAS,False,21716138,pra,starter,"stat_grid:component_convolution_mean_coherent_v1+components[pts:pmf_sim_v1+role_aware_pmf_cal_v1:starter+monotone_pit_cdf_v1,reb:pmf_sim_v1+role_aware_pmf_cal_v1:starter+monotone_pit_cdf_v1,ast:pmf_sim_v1+role_aware_pmf_cal_v1:starter+monotone_pit_cdf_v1]+prior_combo[joint_sampler_v1+joint_combo_pmf_v1+role_aware_pmf_cal_v1:starter+monotone_pit_cdf_v1]+stat_grid_final_component_convolution_mean_coherent_v1",phase8_role_aware_pmf_cal_v1+monotone_inactive_global_v1,morning,2026-06-13T22:59:51Z,1751c17d#phase10c,9cd4defe-e740-40a1-b3f4-565702c84681,ok,0.0,high,full,current_phase8,fallback_used,projected,derived_from_projected_minutes,46,0.029
Jalen Brunson,73,NYK,SAS,False,21716138,pra,starter,"stat_grid:component_convolution_mean_coherent_v1+components[pts:pmf_sim_v1+role_aware_pmf_cal_v1:starter+monotone_pit_cdf_v1,reb:pmf_sim_v1+role_aware_pmf_cal_v1:starter+monotone_pit_cdf_v1,ast:pmf_sim_v1+role_aware_pmf_cal_v1:starter+monotone_pit_cdf_v1]+prior_combo[joint_sampler_v1+joint_combo_pmf_v1+role_aware_pmf_cal_v1:starter+monotone_pit_cdf_v1]+stat_grid_final_component_convolution_mean_coherent_v1",phase8_role_aware_pmf_cal_v1+monotone_inactive_global_v1,morning,2026-06-13T22:59:51Z,1751c17d#phase10c,9cd4defe-e740-40a1-b3f4-565702c84681,ok,0.0,high,full,current_phase8,fallback_used,projected,derived_from_projected_minutes,47,0.0241
Jalen Brunson,73,NYK,SAS,False,21716138,pra,starter,"stat_grid:component_convolution_mean_coherent_v1+components[pts:pmf_sim_v1+role_aware_pmf_cal_v1:starter+monotone_pit_cdf_v1,reb:pmf_sim_v1+role_aware_pmf_cal_v1:starter+monotone_pit_cdf_v1,ast:pmf_sim_v1+role_aware_pmf_cal_v1:starter+monotone_pit_cdf_v1]+prior_combo[joint_sampler_v1+joint_combo_pmf_v1+role_aware_pmf_cal_v1:starter+monotone_pit_cdf_v1]+stat_grid_final_component_convolution_mean_coherent_v1",phase8_role_aware_pmf_cal_v1+monotone_inactive_global_v1,morning,2026-06-13T22:59:51Z,1751c17d#phase10c,9cd4defe-e740-40a1-b3f4-565702c84681,ok,0.0,high,full,current_phase8,fallback_used,projected,derived_from_projected_minutes,48,0.0196
Jalen Brunson,73,NYK,SAS,False,21716138,pra,starter,"stat_grid:component_convolution_mean_coherent_v1+components[pts:pmf_sim_v1+role_aware_pmf_cal_v1:starter+monotone_pit_cdf_v1,reb:pmf_sim_v1+role_aware_pmf_cal_v1:starter+monotone_pit_cdf_v1,ast:pmf_sim_v1+role_aware_pmf_cal_v1:starter+monotone_pit_cdf_v1]+prior_combo[joint_sampler_v1+joint_combo_pmf_v1+role_aware_pmf_cal_v1:starter+monotone_pit_cdf_v1]+stat_grid_final_component_convolution_mean_coherent_v1",phase8_role_aware_pmf_cal_v1+monotone_inactive_global_v1,morning,2026-06-13T22:59:51Z,1751c17d#phase10c,9cd4defe-e740-40a1-b3f4-565702c84681,ok,0.0,high,full,current_phase8,fallback_used,projected,derived_from_projected_minutes,49,0.0159
Jalen Brunson,73,NYK,SAS,False,21716138,pra,starter,"stat_grid:component_convolution_mean_coherent_v1+components[pts:pmf_sim_v1+role_aware_pmf_cal_v1:starter+monotone_pit_cdf_v1,reb:pmf_sim_v1+role_aware_pmf_cal_v1:starter+monotone_pit_cdf_v1,ast:pmf_sim_v1+role_aware_pmf_cal_v1:starter+monotone_pit_cdf_v1]+prior_combo[joint_sampler_v1+joint_combo_pmf_v1+role_aware_pmf_cal_v1:starter+monotone_pit_cdf_v1]+stat_grid_final_component_convolution_mean_coherent_v1",phase8_role_aware_pmf_cal_v1+monotone_inactive_global_v1,morning,2026-06-13T22:59:51Z,1751c17d#phase10c,9cd4defe-e740-40a1-b3f4-565702c84681,ok,0.0,high,full,current_phase8,fallback_used,projected,derived_from_projected_minutes,50,0.013
Jalen Brunson,73,NYK,SAS,False,21716138,pra,starter,"stat_grid:component_convolution_mean_coherent_v1+components[pts:pmf_sim_v1+role_aware_pmf_cal_v1:starter+monotone_pit_cdf_v1,reb:pmf_sim_v1+role_aware_pmf_cal_v1:starter+monotone_pit_cdf_v1,ast:pmf_sim_v1+role_aware_pmf_cal_v1:starter+monotone_pit_cdf_v1]+prior_combo[joint_sampler_v1+joint_combo_pmf_v1+role_aware_pmf_cal_v1:starter+monotone_pit_cdf_v1]+stat_grid_final_component_convolution_mean_coherent_v1",phase8_role_aware_pmf_cal_v1+monotone_inactive_global_v1,morning,2026-06-13T22:59:51Z,1751c17d#phase10c,9cd4defe-e740-40a1-b3f4-565702c84681,ok,0.0,high,full,current_phase8,fallback_used,projected,derived_from_projected_minutes,51,0.0109
Jalen Brunson,73,NYK,SAS,False,21716138,pra,starter,"stat_grid:component_convolution_mean_coherent_v1+components[pts:pmf_sim_v1+role_aware_pmf_cal_v1:starter+monotone_pit_cdf_v1,reb:pmf_sim_v1+role_aware_pmf_cal_v1:starter+monotone_pit_cdf_v1,ast:pmf_sim_v1+role_aware_pmf_cal_v1:starter+monotone_pit_cdf_v1]+prior_combo[joint_sampler_v1+joint_combo_pmf_v1+role_aware_pmf_cal_v1:starter+monotone_pit_cdf_v1]+stat_grid_final_component_convolution_mean_coherent_v1",phase8_role_aware_pmf_cal_v1+monotone_inactive_global_v1,morning,2026-06-13T22:59:51Z,1751c17d#phase10c,9cd4defe-e740-40a1-b3f4-565702c84681,ok,0.0,high,full,current_phase8,fallback_used,projected,derived_from_projected_minutes,52,0.0093
Jalen Brunson,73,NYK,SAS,False,21716138,pra,starter,"stat_grid:component_convolution_mean_coherent_v1+components[pts:pmf_sim_v1+role_aware_pmf_cal_v1:starter+monotone_pit_cdf_v1,reb:pmf_sim_v1+role_aware_pmf_cal_v1:starter+monotone_pit_cdf_v1,ast:pmf_sim_v1+role_aware_pmf_cal_v1:starter+monotone_pit_cdf_v1]+prior_combo[joint_sampler_v1+joint_combo_pmf_v1+role_aware_pmf_cal_v1:starter+monotone_pit_cdf_v1]+stat_grid_final_component_convolution_mean_coherent_v1",phase8_role_aware_pmf_cal_v1+monotone_inactive_global_v1,morning,2026-06-13T22:59:51Z,1751c17d#phase10c,9cd4defe-e740-40a1-b3f4-565702c84681,ok,0.0,high,full,current_phase8,fallback_used,projected,derived_from_projected_minutes,53,0.0079
Jalen Brunson,73,NYK,SAS,False,21716138,pra,starter,"stat_grid:component_convolution_mean_coherent_v1+components[pts:pmf_sim_v1+role_aware_pmf_cal_v1:starter+monotone_pit_cdf_v1,reb:pmf_sim_v1+role_aware_pmf_cal_v1:starter+monotone_pit_cdf_v1,ast:pmf_sim_v1+role_aware_pmf_cal_v1:starter+monotone_pit_cdf_v1]+prior_combo[joint_sampler_v1+joint_combo_pmf_v1+role_aware_pmf_cal_v1:starter+monotone_pit_cdf_v1]+stat_grid_final_component_convolution_mean_coherent_v1",phase8_role_aware_pmf_cal_v1+monotone_inactive_global_v1,morning,2026-06-13T22:59:51Z,1751c17d#phase10c,9cd4defe-e740-40a1-b3f4-565702c84681,ok,0.0,high,full,current_phase8,fallback_used,projected,derived_from_projected_minutes,54,0.0066
Jalen Brunson,73,NYK,SAS,False,21716138,pra,starter,"stat_grid:component_convolution_mean_coherent_v1+components[pts:pmf_sim_v1+role_aware_pmf_cal_v1:starter+monotone_pit_cdf_v1,reb:pmf_sim_v1+role_aware_pmf_cal_v1:starter+monotone_pit_cdf_v1,ast:pmf_sim_v1+role_aware_pmf_cal_v1:starter+monotone_pit_cdf_v1]+prior_combo[joint_sampler_v1+joint_combo_pmf_v1+role_aware_pmf_cal_v1:starter+monotone_pit_cdf_v1]+stat_grid_final_component_convolution_mean_coherent_v1",phase8_role_aware_pmf_cal_v1+monotone_inactive_global_v1,morning,2026-06-13T22:59:51Z,1751c17d#phase10c,9cd4defe-e740-40a1-b3f4-565702c84681,ok,0.0,high,full,current_phase8,fallback_used,projected,derived_from_projected_minutes,55,0.0053
Jalen Brunson,73,NYK,SAS,False,21716138,pra,starter,"stat_grid:component_convolution_mean_coherent_v1+components[pts:pmf_sim_v1+role_aware_pmf_cal_v1:starter+monotone_pit_cdf_v1,reb:pmf_sim_v1+role_aware_pmf_cal_v1:starter+monotone_pit_cdf_v1,ast:pmf_sim_v1+role_aware_pmf_cal_v1:starter+monotone_pit_cdf_v1]+prior_combo[joint_sampler_v1+joint_combo_pmf_v1+role_aware_pmf_cal_v1:starter+monotone_pit_cdf_v1]+stat_grid_final_component_convolution_mean_coherent_v1",phase8_role_aware_pmf_cal_v1+monotone_inactive_global_v1,morning,2026-06-13T22:59:51Z,1751c17d#phase10c,9cd4defe-e740-40a1-b3f4-565702c84681,ok,0.0,high,full,current_phase8,fallback_used,projected,derived_from_projected_minutes,56,0.0041
Jalen Brunson,73,NYK,SAS,False,21716138,pra,starter,"stat_grid:component_convolution_mean_coherent_v1+components[pts:pmf_sim_v1+role_aware_pmf_cal_v1:starter+monotone_pit_cdf_v1,reb:pmf_sim_v1+role_aware_pmf_cal_v1:starter+monotone_pit_cdf_v1,ast:pmf_sim_v1+role_aware_pmf_cal_v1:starter+monotone_pit_cdf_v1]+prior_combo[joint_sampler_v1+joint_combo_pmf_v1+role_aware_pmf_cal_v1:starter+monotone_pit_cdf_v1]+stat_grid_final_component_convolution_mean_coherent_v1",phase8_role_aware_pmf_cal_v1+monotone_inactive_global_v1,morning,2026-06-13T22:59:51Z,1751c17d#phase10c,9cd4defe-e740-40a1-b3f4-565702c84681,ok,0.0,high,full,current_phase8,fallback_used,projected,derived_from_projected_minutes,57,0.0032
Jalen Brunson,73,NYK,SAS,False,21716138,pra,starter,"stat_grid:component_convolution_mean_coherent_v1+components[pts:pmf_sim_v1+role_aware_pmf_cal_v1:starter+monotone_pit_cdf_v1,reb:pmf_sim_v1+role_aware_pmf_cal_v1:starter+monotone_pit_cdf_v1,ast:pmf_sim_v1+role_aware_pmf_cal_v1:starter+monotone_pit_cdf_v1]+prior_combo[joint_sampler_v1+joint_combo_pmf_v1+role_aware_pmf_cal_v1:starter+monotone_pit_cdf_v1]+stat_grid_final_component_convolution_mean_coherent_v1",phase8_role_aware_pmf_cal_v1+monotone_inactive_global_v1,morning,2026-06-13T22:59:51Z,1751c17d#phase10c,9cd4defe-e740-40a1-b3f4-565702c84681,ok,0.0,high,full,current_phase8,fallback_used,projected,derived_from_projected_minutes,58,0.0025
Jalen Brunson,73,NYK,SAS,False,21716138,pra,starter,"stat_grid:component_convolution_mean_coherent_v1+components[pts:pmf_sim_v1+role_aware_pmf_cal_v1:starter+monotone_pit_cdf_v1,reb:pmf_sim_v1+role_aware_pmf_cal_v1:starter+monotone_pit_cdf_v1,ast:pmf_sim_v1+role_aware_pmf_cal_v1:starter+monotone_pit_cdf_v1]+prior_combo[joint_sampler_v1+joint_combo_pmf_v1+role_aware_pmf_cal_v1:starter+monotone_pit_cdf_v1]+stat_grid_final_component_convolution_mean_coherent_v1",phase8_role_aware_pmf_cal_v1+monotone_inactive_global_v1,morning,2026-06-13T22:59:51Z,1751c17d#phase10c,9cd4defe-e740-40a1-b3f4-565702c84681,ok,0.0,high,full,current_phase8,fallback_used,projected,derived_from_projected_minutes,59,0.0019
Jalen Brunson,73,NYK,SAS,False,21716138,pra,starter,"stat_grid:component_convolution_mean_coherent_v1+components[pts:pmf_sim_v1+role_aware_pmf_cal_v1:starter+monotone_pit_cdf_v1,reb:pmf_sim_v1+role_aware_pmf_cal_v1:starter+monotone_pit_cdf_v1,ast:pmf_sim_v1+role_aware_pmf_cal_v1:starter+monotone_pit_cdf_v1]+prior_combo[joint_sampler_v1+joint_combo_pmf_v1+role_aware_pmf_cal_v1:starter+monotone_pit_cdf_v1]+stat_grid_final_component_convolution_mean_coherent_v1",phase8_role_aware_pmf_cal_v1+monotone_inactive_global_v1,morning,2026-06-13T22:59:51Z,1751c17d#phase10c,9cd4defe-e740-40a1-b3f4-565702c84681,ok,0.0,high,full,current_phase8,fallback_used,projected,derived_from_projected_minutes,60,0.0014
Jalen Brunson,73,NYK,SAS,False,21716138,pra,starter,"stat_grid:component_convolution_mean_coherent_v1+components[pts:pmf_sim_v1+role_aware_pmf_cal_v1:starter+monotone_pit_cdf_v1,reb:pmf_sim_v1+role_aware_pmf_cal_v1:starter+monotone_pit_cdf_v1,ast:pmf_sim_v1+role_aware_pmf_cal_v1:starter+monotone_pit_cdf_v1]+prior_combo[joint_sampler_v1+joint_combo_pmf_v1+role_aware_pmf_cal_v1:starter+monotone_pit_cdf_v1]+stat_grid_final_component_convolution_mean_coherent_v1",phase8_role_aware_pmf_cal_v1+monotone_inactive_global_v1,morning,2026-06-13T22:59:51Z,1751c17d#phase10c,9cd4defe-e740-40a1-b3f4-565702c84681,ok,0.0,high,full,current_phase8,fallback_used,projected,derived_from_projected_minutes,61,0.001
Jalen Brunson,73,NYK,SAS,False,21716138,pra,starter,"stat_grid:component_convolution_mean_coherent_v1+components[pts:pmf_sim_v1+role_aware_pmf_cal_v1:starter+monotone_pit_cdf_v1,reb:pmf_sim_v1+role_aware_pmf_cal_v1:starter+monotone_pit_cdf_v1,ast:pmf_sim_v1+role_aware_pmf_cal_v1:starter+monotone_pit_cdf_v1]+prior_combo[joint_sampler_v1+joint_combo_pmf_v1+role_aware_pmf_cal_v1:starter+monotone_pit_cdf_v1]+stat_grid_final_component_convolution_mean_coherent_v1",phase8_role_aware_pmf_cal_v1+monotone_inactive_global_v1,morning,2026-06-13T22:59:51Z,1751c17d#phase10c,9cd4defe-e740-40a1-b3f4-565702c84681,ok,0.0,high,full,current_phase8,fallback_used,projected,derived_from_projected_minutes,62,0.0008
Jalen Brunson,73,NYK,SAS,False,21716138,pra,starter,"stat_grid:component_convolution_mean_coherent_v1+components[pts:pmf_sim_v1+role_aware_pmf_cal_v1:starter+monotone_pit_cdf_v1,reb:pmf_sim_v1+role_aware_pmf_cal_v1:starter+monotone_pit_cdf_v1,ast:pmf_sim_v1+role_aware_pmf_cal_v1:starter+monotone_pit_cdf_v1]+prior_combo[joint_sampler_v1+joint_combo_pmf_v1+role_aware_pmf_cal_v1:starter+monotone_pit_cdf_v1]+stat_grid_final_component_convolution_mean_coherent_v1",phase8_role_aware_pmf_cal_v1+monotone_inactive_global_v1,morning,2026-06-13T22:59:51Z,1751c17d#phase10c,9cd4defe-e740-40a1-b3f4-565702c84681,ok,0.0,high,full,current_phase8,fallback_used,projected,derived_from_projected_minutes,63,0.0005
Jalen Brunson,73,NYK,SAS,False,21716138,pra,starter,"stat_grid:component_convolution_mean_coherent_v1+components[pts:pmf_sim_v1+role_aware_pmf_cal_v1:starter+monotone_pit_cdf_v1,reb:pmf_sim_v1+role_aware_pmf_cal_v1:starter+monotone_pit_cdf_v1,ast:pmf_sim_v1+role_aware_pmf_cal_v1:starter+monotone_pit_cdf_v1]+prior_combo[joint_sampler_v1+joint_combo_pmf_v1+role_aware_pmf_cal_v1:starter+monotone_pit_cdf_v1]+stat_grid_final_component_convolution_mean_coherent_v1",phase8_role_aware_pmf_cal_v1+monotone_inactive_global_v1,morning,2026-06-13T22:59:51Z,1751c17d#phase10c,9cd4defe-e740-40a1-b3f4-565702c84681,ok,0.0,high,full,current_phase8,fallback_used,projected,derived_from_projected_minutes,64,0.0004
Jalen Brunson,73,NYK,SAS,False,21716138,pra,starter,"stat_grid:component_convolution_mean_coherent_v1+components[pts:pmf_sim_v1+role_aware_pmf_cal_v1:starter+monotone_pit_cdf_v1,reb:pmf_sim_v1+role_aware_pmf_cal_v1:starter+monotone_pit_cdf_v1,ast:pmf_sim_v1+role_aware_pmf_cal_v1:starter+monotone_pit_cdf_v1]+prior_combo[joint_sampler_v1+joint_combo_pmf_v1+role_aware_pmf_cal_v1:starter+monotone_pit_cdf_v1]+stat_grid_final_component_convolution_mean_coherent_v1",phase8_role_aware_pmf_cal_v1+monotone_inactive_global_v1,morning,2026-06-13T22:59:51Z,1751c17d#phase10c,9cd4defe-e740-40a1-b3f4-565702c84681,ok,0.0,high,full,current_phase8,fallback_used,projected,derived_from_projected_minutes,65,0.0003
Jalen Brunson,73,NYK,SAS,False,21716138,pra,starter,"stat_grid:component_convolution_mean_coherent_v1+components[pts:pmf_sim_v1+role_aware_pmf_cal_v1:starter+monotone_pit_cdf_v1,reb:pmf_sim_v1+role_aware_pmf_cal_v1:starter+monotone_pit_cdf_v1,ast:pmf_sim_v1+role_aware_pmf_cal_v1:starter+monotone_pit_cdf_v1]+prior_combo[joint_sampler_v1+joint_combo_pmf_v1+role_aware_pmf_cal_v1:starter+monotone_pit_cdf_v1]+stat_grid_final_component_convolution_mean_coherent_v1",phase8_role_aware_pmf_cal_v1+monotone_inactive_global_v1,morning,2026-06-13T22:59:51Z,1751c17d#phase10c,9cd4defe-e740-40a1-b3f4-565702c84681,ok,0.0,high,full,current_phase8,fallback_used,projected,derived_from_projected_minutes,66,0.0002
Jalen Brunson,73,NYK,SAS,False,21716138,pra,starter,"stat_grid:component_convolution_mean_coherent_v1+components[pts:pmf_sim_v1+role_aware_pmf_cal_v1:starter+monotone_pit_cdf_v1,reb:pmf_sim_v1+role_aware_pmf_cal_v1:starter+monotone_pit_cdf_v1,ast:pmf_sim_v1+role_aware_pmf_cal_v1:starter+monotone_pit_cdf_v1]+prior_combo[joint_sampler_v1+joint_combo_pmf_v1+role_aware_pmf_cal_v1:starter+monotone_pit_cdf_v1]+stat_grid_final_component_convolution_mean_coherent_v1",phase8_role_aware_pmf_cal_v1+monotone_inactive_global_v1,morning,2026-06-13T22:59:51Z,1751c17d#phase10c,9cd4defe-e740-40a1-b3f4-565702c84681,ok,0.0,high,full,current_phase8,fallback_used,projected,derived_from_projected_minutes,67,0.0002
Jalen Brunson,73,NYK,SAS,False,21716138,pra,starter,"stat_grid:component_convolution_mean_coherent_v1+components[pts:pmf_sim_v1+role_aware_pmf_cal_v1:starter+monotone_pit_cdf_v1,reb:pmf_sim_v1+role_aware_pmf_cal_v1:starter+monotone_pit_cdf_v1,ast:pmf_sim_v1+role_aware_pmf_cal_v1:starter+monotone_pit_cdf_v1]+prior_combo[joint_sampler_v1+joint_combo_pmf_v1+role_aware_pmf_cal_v1:starter+monotone_pit_cdf_v1]+stat_grid_final_component_convolution_mean_coherent_v1",phase8_role_aware_pmf_cal_v1+monotone_inactive_global_v1,morning,2026-06-13T22:59:51Z,1751c17d#phase10c,9cd4defe-e740-40a1-b3f4-565702c84681,ok,0.0,high,full,current_phase8,fallback_used,projected,derived_from_projected_minutes,68,0.0001
Jalen Brunson,73,NYK,SAS,False,21716138,pra,starter,"stat_grid:component_convolution_mean_coherent_v1+components[pts:pmf_sim_v1+role_aware_pmf_cal_v1:starter+monotone_pit_cdf_v1,reb:pmf_sim_v1+role_aware_pmf_cal_v1:starter+monotone_pit_cdf_v1,ast:pmf_sim_v1+role_aware_pmf_cal_v1:starter+monotone_pit_cdf_v1]+prior_combo[joint_sampler_v1+joint_combo_pmf_v1+role_aware_pmf_cal_v1:starter+monotone_pit_cdf_v1]+stat_grid_final_component_convolution_mean_coherent_v1",phase8_role_aware_pmf_cal_v1+monotone_inactive_global_v1,morning,2026-06-13T22:59:51Z,1751c17d#phase10c,9cd4defe-e740-40a1-b3f4-565702c84681,ok,0.0,high,full,current_phase8,fallback_used,projected,derived_from_projected_minutes,69,0.0001
Jalen Brunson,73,NYK,SAS,False,21716138,pra,starter,"stat_grid:component_convolution_mean_coherent_v1+components[pts:pmf_sim_v1+role_aware_pmf_cal_v1:starter+monotone_pit_cdf_v1,reb:pmf_sim_v1+role_aware_pmf_cal_v1:starter+monotone_pit_cdf_v1,ast:pmf_sim_v1+role_aware_pmf_cal_v1:starter+monotone_pit_cdf_v1]+prior_combo[joint_sampler_v1+joint_combo_pmf_v1+role_aware_pmf_cal_v1:starter+monotone_pit_cdf_v1]+stat_grid_final_component_convolution_mean_coherent_v1",phase8_role_aware_pmf_cal_v1+monotone_inactive_global_v1,morning,2026-06-13T22:59:51Z,1751c17d#phase10c,9cd4defe-e740-40a1-b3f4-565702c84681,ok,0.0,high,full,current_phase8,fallback_used,projected,derived_from_projected_minutes,70,0.0001
Jalen Brunson,73,NYK,SAS,False,21716138,pra,starter,"stat_grid:component_convolution_mean_coherent_v1+components[pts:pmf_sim_v1+role_aware_pmf_cal_v1:starter+monotone_pit_cdf_v1,reb:pmf_sim_v1+role_aware_pmf_cal_v1:starter+monotone_pit_cdf_v1,ast:pmf_sim_v1+role_aware_pmf_cal_v1:starter+monotone_pit_cdf_v1]+prior_combo[joint_sampler_v1+joint_combo_pmf_v1+role_aware_pmf_cal_v1:starter+monotone_pit_cdf_v1]+stat_grid_final_component_convolution_mean_coherent_v1",phase8_role_aware_pmf_cal_v1+monotone_inactive_global_v1,morning,2026-06-13T22:59:51Z,1751c17d#phase10c,9cd4defe-e740-40a1-b3f4-565702c84681,ok,0.0,high,full,current_phase8,fallback_used,projected,derived_from_projected_minutes,71,0.0001
Jalen Brunson,73,NYK,SAS,False,21716138,pra,starter,"stat_grid:component_convolution_mean_coherent_v1+components[pts:pmf_sim_v1+role_aware_pmf_cal_v1:starter+monotone_pit_cdf_v1,reb:pmf_sim_v1+role_aware_pmf_cal_v1:starter+monotone_pit_cdf_v1,ast:pmf_sim_v1+role_aware_pmf_cal_v1:starter+monotone_pit_cdf_v1]+prior_combo[joint_sampler_v1+joint_combo_pmf_v1+role_aware_pmf_cal_v1:starter+monotone_pit_cdf_v1]+stat_grid_final_component_convolution_mean_coherent_v1",phase8_role_aware_pmf_cal_v1+monotone_inactive_global_v1,morning,2026-06-13T22:59:51Z,1751c17d#phase10c,9cd4defe-e740-40a1-b3f4-565702c84681,ok,0.0,high,full,current_phase8,fallback_used,projected,derived_from_projected_minutes,72,0.0001
Jalen Brunson,73,NYK,SAS,False,21716138,pra,starter,"stat_grid:component_convolution_mean_coherent_v1+components[pts:pmf_sim_v1+role_aware_pmf_cal_v1:starter+monotone_pit_cdf_v1,reb:pmf_sim_v1+role_aware_pmf_cal_v1:starter+monotone_pit_cdf_v1,ast:pmf_sim_v1+role_aware_pmf_cal_v1:starter+monotone_pit_cdf_v1]+prior_combo[joint_sampler_v1+joint_combo_pmf_v1+role_aware_pmf_cal_v1:starter+monotone_pit_cdf_v1]+stat_grid_final_component_convolution_mean_coherent_v1",phase8_role_aware_pmf_cal_v1+monotone_inactive_global_v1,morning,2026-06-13T22:59:51Z,1751c17d#phase10c,9cd4defe-e740-40a1-b3f4-565702c84681,ok,0.0,high,full,current_phase8,fallback_used,projected,derived_from_projected_minutes,73,0.0
Jalen Brunson,73,NYK,SAS,False,21716138,pra,starter,"stat_grid:component_convolution_mean_coherent_v1+components[pts:pmf_sim_v1+role_aware_pmf_cal_v1:starter+monotone_pit_cdf_v1,reb:pmf_sim_v1+role_aware_pmf_cal_v1:starter+monotone_pit_cdf_v1,ast:pmf_sim_v1+role_aware_pmf_cal_v1:starter+monotone_pit_cdf_v1]+prior_combo[joint_sampler_v1+joint_combo_pmf_v1+role_aware_pmf_cal_v1:starter+monotone_pit_cdf_v1]+stat_grid_final_component_convolution_mean_coherent_v1",phase8_role_aware_pmf_cal_v1+monotone_inactive_global_v1,morning,2026-06-13T22:59:51Z,1751c17d#phase10c,9cd4defe-e740-40a1-b3f4-565702c84681,ok,0.0,high,full,current_phase8,fallback_used,projected,derived_from_projected_minutes,74,0.0
Jalen Brunson,73,NYK,SAS,False,21716138,pra,starter,"stat_grid:component_convolution_mean_coherent_v1+components[pts:pmf_sim_v1+role_aware_pmf_cal_v1:starter+monotone_pit_cdf_v1,reb:pmf_sim_v1+role_aware_pmf_cal_v1:starter+monotone_pit_cdf_v1,ast:pmf_sim_v1+role_aware_pmf_cal_v1:starter+monotone_pit_cdf_v1]+prior_combo[joint_sampler_v1+joint_combo_pmf_v1+role_aware_pmf_cal_v1:starter+monotone_pit_cdf_v1]+stat_grid_final_component_convolution_mean_coherent_v1",phase8_role_aware_pmf_cal_v1+monotone_inactive_global_v1,morning,2026-06-13T22:59:51Z,1751c17d#phase10c,9cd4defe-e740-40a1-b3f4-565702c84681,ok,0.0,high,full,current_phase8,fallback_used,projected,derived_from_projected_minutes,75,0.0
Jalen Brunson,73,NYK,SAS,False,21716138,pra,starter,"stat_grid:component_convolution_mean_coherent_v1+components[pts:pmf_sim_v1+role_aware_pmf_cal_v1:starter+monotone_pit_cdf_v1,reb:pmf_sim_v1+role_aware_pmf_cal_v1:starter+monotone_pit_cdf_v1,ast:pmf_sim_v1+role_aware_pmf_cal_v1:starter+monotone_pit_cdf_v1]+prior_combo[joint_sampler_v1+joint_combo_pmf_v1+role_aware_pmf_cal_v1:starter+monotone_pit_cdf_v1]+stat_grid_final_component_convolution_mean_coherent_v1",phase8_role_aware_pmf_cal_v1+monotone_inactive_global_v1,morning,2026-06-13T22:59:51Z,1751c17d#phase10c,9cd4defe-e740-40a1-b3f4-565702c84681,ok,0.0,high,full,current_phase8,fallback_used,projected,derived_from_projected_minutes,76,0.0
Jalen Brunson,73,NYK,SAS,False,21716138,pra,starter,"stat_grid:component_convolution_mean_coherent_v1+components[pts:pmf_sim_v1+role_aware_pmf_cal_v1:starter+monotone_pit_cdf_v1,reb:pmf_sim_v1+role_aware_pmf_cal_v1:starter+monotone_pit_cdf_v1,ast:pmf_sim_v1+role_aware_pmf_cal_v1:starter+monotone_pit_cdf_v1]+prior_combo[joint_sampler_v1+joint_combo_pmf_v1+role_aware_pmf_cal_v1:starter+monotone_pit_cdf_v1]+stat_grid_final_component_convolution_mean_coherent_v1",phase8_role_aware_pmf_cal_v1+monotone_inactive_global_v1,morning,2026-06-13T22:59:51Z,1751c17d#phase10c,9cd4defe-e740-40a1-b3f4-565702c84681,ok,0.0,high,full,current_phase8,fallback_used,projected,derived_from_projected_minutes,77,0.0
Jalen Brunson,73,NYK,SAS,False,21716138,pra,starter,"stat_grid:component_convolution_mean_coherent_v1+components[pts:pmf_sim_v1+role_aware_pmf_cal_v1:starter+monotone_pit_cdf_v1,reb:pmf_sim_v1+role_aware_pmf_cal_v1:starter+monotone_pit_cdf_v1,ast:pmf_sim_v1+role_aware_pmf_cal_v1:starter+monotone_pit_cdf_v1]+prior_combo[joint_sampler_v1+joint_combo_pmf_v1+role_aware_pmf_cal_v1:starter+monotone_pit_cdf_v1]+stat_grid_final_component_convolution_mean_coherent_v1",phase8_role_aware_pmf_cal_v1+monotone_inactive_global_v1,morning,2026-06-13T22:59:51Z,1751c17d#phase10c,9cd4defe-e740-40a1-b3f4-565702c84681,ok,0.0,high,full,current_phase8,fallback_used,projected,derived_from_projected_minutes,78,0.0
Jalen Brunson,73,NYK,SAS,False,21716138,pra,starter,"stat_grid:component_convolution_mean_coherent_v1+components[pts:pmf_sim_v1+role_aware_pmf_cal_v1:starter+monotone_pit_cdf_v1,reb:pmf_sim_v1+role_aware_pmf_cal_v1:starter+monotone_pit_cdf_v1,ast:pmf_sim_v1+role_aware_pmf_cal_v1:starter+monotone_pit_cdf_v1]+prior_combo[joint_sampler_v1+joint_combo_pmf_v1+role_aware_pmf_cal_v1:starter+monotone_pit_cdf_v1]+stat_grid_final_component_convolution_mean_coherent_v1",phase8_role_aware_pmf_cal_v1+monotone_inactive_global_v1,morning,2026-06-13T22:59:51Z,1751c17d#phase10c,9cd4defe-e740-40a1-b3f4-565702c84681,ok,0.0,high,full,current_phase8,fallback_used,projected,derived_from_projected_minutes,79,0.0
Jalen Brunson,73,NYK,SAS,False,21716138,pra,starter,"stat_grid:component_convolution_mean_coherent_v1+components[pts:pmf_sim_v1+role_aware_pmf_cal_v1:starter+monotone_pit_cdf_v1,reb:pmf_sim_v1+role_aware_pmf_cal_v1:starter+monotone_pit_cdf_v1,ast:pmf_sim_v1+role_aware_pmf_cal_v1:starter+monotone_pit_cdf_v1]+prior_combo[joint_sampler_v1+joint_combo_pmf_v1+role_aware_pmf_cal_v1:starter+monotone_pit_cdf_v1]+stat_grid_final_component_convolution_mean_coherent_v1",phase8_role_aware_pmf_cal_v1+monotone_inactive_global_v1,morning,2026-06-13T22:59:51Z,1751c17d#phase10c,9cd4defe-e740-40a1-b3f4-565702c84681,ok,0.0,high,full,current_phase8,fallback_used,projected,derived_from_projected_minutes,80,0.0
Jalen Brunson,73,NYK,SAS,False,21716138,pra,starter,"stat_grid:component_convolution_mean_coherent_v1+components[pts:pmf_sim_v1+role_aware_pmf_cal_v1:starter+monotone_pit_cdf_v1,reb:pmf_sim_v1+role_aware_pmf_cal_v1:starter+monotone_pit_cdf_v1,ast:pmf_sim_v1+role_aware_pmf_cal_v1:starter+monotone_pit_cdf_v1]+prior_combo[joint_sampler_v1+joint_combo_pmf_v1+role_aware_pmf_cal_v1:starter+monotone_pit_cdf_v1]+stat_grid_final_component_convolution_mean_coherent_v1",phase8_role_aware_pmf_cal_v1+monotone_inactive_global_v1,morning,2026-06-13T22:59:51Z,1751c17d#phase10c,9cd4defe-e740-40a1-b3f4-565702c84681,ok,0.0,high,full,current_phase8,fallback_used,projected,derived_from_projected_minutes,81,0.0
Jalen Brunson,73,NYK,SAS,False,21716138,pra,starter,"stat_grid:component_convolution_mean_coherent_v1+components[pts:pmf_sim_v1+role_aware_pmf_cal_v1:starter+monotone_pit_cdf_v1,reb:pmf_sim_v1+role_aware_pmf_cal_v1:starter+monotone_pit_cdf_v1,ast:pmf_sim_v1+role_aware_pmf_cal_v1:starter+monotone_pit_cdf_v1]+prior_combo[joint_sampler_v1+joint_combo_pmf_v1+role_aware_pmf_cal_v1:starter+monotone_pit_cdf_v1]+stat_grid_final_component_convolution_mean_coherent_v1",phase8_role_aware_pmf_cal_v1+monotone_inactive_global_v1,morning,2026-06-13T22:59:51Z,1751c17d#phase10c,9cd4defe-e740-40a1-b3f4-565702c84681,ok,0.0,high,full,current_phase8,fallback_used,projected,derived_from_projected_minutes,82,0.0
Jalen Brunson,73,NYK,SAS,False,21716138,pra,starter,"stat_grid:component_convolution_mean_coherent_v1+components[pts:pmf_sim_v1+role_aware_pmf_cal_v1:starter+monotone_pit_cdf_v1,reb:pmf_sim_v1+role_aware_pmf_cal_v1:starter+monotone_pit_cdf_v1,ast:pmf_sim_v1+role_aware_pmf_cal_v1:starter+monotone_pit_cdf_v1]+prior_combo[joint_sampler_v1+joint_combo_pmf_v1+role_aware_pmf_cal_v1:starter+monotone_pit_cdf_v1]+stat_grid_final_component_convolution_mean_coherent_v1",phase8_role_aware_pmf_cal_v1+monotone_inactive_global_v1,morning,2026-06-13T22:59:51Z,1751c17d#phase10c,9cd4defe-e740-40a1-b3f4-565702c84681,ok,0.0,high,full,current_phase8,fallback_used,projected,derived_from_projected_minutes,83,0.0
Jalen Brunson,73,NYK,SAS,False,21716138,pra,starter,"stat_grid:component_convolution_mean_coherent_v1+components[pts:pmf_sim_v1+role_aware_pmf_cal_v1:starter+monotone_pit_cdf_v1,reb:pmf_sim_v1+role_aware_pmf_cal_v1:starter+monotone_pit_cdf_v1,ast:pmf_sim_v1+role_aware_pmf_cal_v1:starter+monotone_pit_cdf_v1]+prior_combo[joint_sampler_v1+joint_combo_pmf_v1+role_aware_pmf_cal_v1:starter+monotone_pit_cdf_v1]+stat_grid_final_component_convolution_mean_coherent_v1",phase8_role_aware_pmf_cal_v1+monotone_inactive_global_v1,morning,2026-06-13T22:59:51Z,1751c17d#phase10c,9cd4defe-e740-40a1-b3f4-565702c84681,ok,0.0,high,full,current_phase8,fallback_used,projected,derived_from_projected_minutes,84,0.0
Jalen Brunson,73,NYK,SAS,False,21716138,pra,starter,"stat_grid:component_convolution_mean_coherent_v1+components[pts:pmf_sim_v1+role_aware_pmf_cal_v1:starter+monotone_pit_cdf_v1,reb:pmf_sim_v1+role_aware_pmf_cal_v1:starter+monotone_pit_cdf_v1,ast:pmf_sim_v1+role_aware_pmf_cal_v1:starter+monotone_pit_cdf_v1]+prior_combo[joint_sampler_v1+joint_combo_pmf_v1+role_aware_pmf_cal_v1:starter+monotone_pit_cdf_v1]+stat_grid_final_component_convolution_mean_coherent_v1",phase8_role_aware_pmf_cal_v1+monotone_inactive_global_v1,morning,2026-06-13T22:59:51Z,1751c17d#phase10c,9cd4defe-e740-40a1-b3f4-565702c84681,ok,0.0,high,full,current_phase8,fallback_used,projected,derived_from_projected_minutes,85,0.0
Jalen Brunson,73,NYK,SAS,False,21716138,pra,starter,"stat_grid:component_convolution_mean_coherent_v1+components[pts:pmf_sim_v1+role_aware_pmf_cal_v1:starter+monotone_pit_cdf_v1,reb:pmf_sim_v1+role_aware_pmf_cal_v1:starter+monotone_pit_cdf_v1,ast:pmf_sim_v1+role_aware_pmf_cal_v1:starter+monotone_pit_cdf_v1]+prior_combo[joint_sampler_v1+joint_combo_pmf_v1+role_aware_pmf_cal_v1:starter+monotone_pit_cdf_v1]+stat_grid_final_component_convolution_mean_coherent_v1",phase8_role_aware_pmf_cal_v1+monotone_inactive_global_v1,morning,2026-06-13T22:59:51Z,1751c17d#phase10c,9cd4defe-e740-40a1-b3f4-565702c84681,ok,0.0,high,full,current_phase8,fallback_used,projected,derived_from_projected_minutes,86,0.0
Jalen Brunson,73,NYK,SAS,False,21716138,pra,starter,"stat_grid:component_convolution_mean_coherent_v1+components[pts:pmf_sim_v1+role_aware_pmf_cal_v1:starter+monotone_pit_cdf_v1,reb:pmf_sim_v1+role_aware_pmf_cal_v1:starter+monotone_pit_cdf_v1,ast:pmf_sim_v1+role_aware_pmf_cal_v1:starter+monotone_pit_cdf_v1]+prior_combo[joint_sampler_v1+joint_combo_pmf_v1+role_aware_pmf_cal_v1:starter+monotone_pit_cdf_v1]+stat_grid_final_component_convolution_mean_coherent_v1",phase8_role_aware_pmf_cal_v1+monotone_inactive_global_v1,morning,2026-06-13T22:59:51Z,1751c17d#phase10c,9cd4defe-e740-40a1-b3f4-565702c84681,ok,0.0,high,full,current_phase8,fallback_used,projected,derived_from_projected_minutes,87,0.0
Jalen Brunson,73,NYK,SAS,False,21716138,pra,starter,"stat_grid:component_convolution_mean_coherent_v1+components[pts:pmf_sim_v1+role_aware_pmf_cal_v1:starter+monotone_pit_cdf_v1,reb:pmf_sim_v1+role_aware_pmf_cal_v1:starter+monotone_pit_cdf_v1,ast:pmf_sim_v1+role_aware_pmf_cal_v1:starter+monotone_pit_cdf_v1]+prior_combo[joint_sampler_v1+joint_combo_pmf_v1+role_aware_pmf_cal_v1:starter+monotone_pit_cdf_v1]+stat_grid_final_component_convolution_mean_coherent_v1",phase8_role_aware_pmf_cal_v1+monotone_inactive_global_v1,morning,2026-06-13T22:59:51Z,1751c17d#phase10c,9cd4defe-e740-40a1-b3f4-565702c84681,ok,0.0,high,full,current_phase8,fallback_used,projected,derived_from_projected_minutes,88,0.0
Jalen Brunson,73,NYK,SAS,False,21716138,pra,starter,"stat_grid:component_convolution_mean_coherent_v1+components[pts:pmf_sim_v1+role_aware_pmf_cal_v1:starter+monotone_pit_cdf_v1,reb:pmf_sim_v1+role_aware_pmf_cal_v1:starter+monotone_pit_cdf_v1,ast:pmf_sim_v1+role_aware_pmf_cal_v1:starter+monotone_pit_cdf_v1]+prior_combo[joint_sampler_v1+joint_combo_pmf_v1+role_aware_pmf_cal_v1:starter+monotone_pit_cdf_v1]+stat_grid_final_component_convolution_mean_coherent_v1",phase8_role_aware_pmf_cal_v1+monotone_inactive_global_v1,morning,2026-06-13T22:59:51Z,1751c17d#phase10c,9cd4defe-e740-40a1-b3f4-565702c84681,ok,0.0,high,full,current_phase8,fallback_used,projected,derived_from_projected_minutes,89,0.0
Jalen Brunson,73,NYK,SAS,False,21716138,pra,starter,"stat_grid:component_convolution_mean_coherent_v1+components[pts:pmf_sim_v1+role_aware_pmf_cal_v1:starter+monotone_pit_cdf_v1,reb:pmf_sim_v1+role_aware_pmf_cal_v1:starter+monotone_pit_cdf_v1,ast:pmf_sim_v1+role_aware_pmf_cal_v1:starter+monotone_pit_cdf_v1]+prior_combo[joint_sampler_v1+joint_combo_pmf_v1+role_aware_pmf_cal_v1:starter+monotone_pit_cdf_v1]+stat_grid_final_component_convolution_mean_coherent_v1",phase8_role_aware_pmf_cal_v1+monotone_inactive_global_v1,morning,2026-06-13T22:59:51Z,1751c17d#phase10c,9cd4defe-e740-40a1-b3f4-565702c84681,ok,0.0,high,full,current_phase8,fallback_used,projected,derived_from_projected_minutes,90,0.0
Jalen Brunson,73,NYK,SAS,False,21716138,pra,starter,"stat_grid:component_convolution_mean_coherent_v1+components[pts:pmf_sim_v1+role_aware_pmf_cal_v1:starter+monotone_pit_cdf_v1,reb:pmf_sim_v1+role_aware_pmf_cal_v1:starter+monotone_pit_cdf_v1,ast:pmf_sim_v1+role_aware_pmf_cal_v1:starter+monotone_pit_cdf_v1]+prior_combo[joint_sampler_v1+joint_combo_pmf_v1+role_aware_pmf_cal_v1:starter+monotone_pit_cdf_v1]+stat_grid_final_component_convolution_mean_coherent_v1",phase8_role_aware_pmf_cal_v1+monotone_inactive_global_v1,morning,2026-06-13T22:59:51Z,1751c17d#phase10c,9cd4defe-e740-40a1-b3f4-565702c84681,ok,0.0,high,full,current_phase8,fallback_used,projected,derived_from_projected_minutes,91,0.0
Jalen Brunson,73,NYK,SAS,False,21716138,pra,starter,"stat_grid:component_convolution_mean_coherent_v1+components[pts:pmf_sim_v1+role_aware_pmf_cal_v1:starter+monotone_pit_cdf_v1,reb:pmf_sim_v1+role_aware_pmf_cal_v1:starter+monotone_pit_cdf_v1,ast:pmf_sim_v1+role_aware_pmf_cal_v1:starter+monotone_pit_cdf_v1]+prior_combo[joint_sampler_v1+joint_combo_pmf_v1+role_aware_pmf_cal_v1:starter+monotone_pit_cdf_v1]+stat_grid_final_component_convolution_mean_coherent_v1",phase8_role_aware_pmf_cal_v1+monotone_inactive_global_v1,morning,2026-06-13T22:59:51Z,1751c17d#phase10c,9cd4defe-e740-40a1-b3f4-565702c84681,ok,0.0,high,full,current_phase8,fallback_used,projected,derived_from_projected_minutes,92,0.0
Jalen Brunson,73,NYK,SAS,False,21716138,pra,starter,"stat_grid:component_convolution_mean_coherent_v1+components[pts:pmf_sim_v1+role_aware_pmf_cal_v1:starter+monotone_pit_cdf_v1,reb:pmf_sim_v1+role_aware_pmf_cal_v1:starter+monotone_pit_cdf_v1,ast:pmf_sim_v1+role_aware_pmf_cal_v1:starter+monotone_pit_cdf_v1]+prior_combo[joint_sampler_v1+joint_combo_pmf_v1+role_aware_pmf_cal_v1:starter+monotone_pit_cdf_v1]+stat_grid_final_component_convolution_mean_coherent_v1",phase8_role_aware_pmf_cal_v1+monotone_inactive_global_v1,morning,2026-06-13T22:59:51Z,1751c17d#phase10c,9cd4defe-e740-40a1-b3f4-565702c84681,ok,0.0,high,full,current_phase8,fallback_used,projected,derived_from_projected_minutes,93,0.0
Jalen Brunson,73,NYK,SAS,False,21716138,pra,starter,"stat_grid:component_convolution_mean_coherent_v1+components[pts:pmf_sim_v1+role_aware_pmf_cal_v1:starter+monotone_pit_cdf_v1,reb:pmf_sim_v1+role_aware_pmf_cal_v1:starter+monotone_pit_cdf_v1,ast:pmf_sim_v1+role_aware_pmf_cal_v1:starter+monotone_pit_cdf_v1]+prior_combo[joint_sampler_v1+joint_combo_pmf_v1+role_aware_pmf_cal_v1:starter+monotone_pit_cdf_v1]+stat_grid_final_component_convolution_mean_coherent_v1",phase8_role_aware_pmf_cal_v1+monotone_inactive_global_v1,morning,2026-06-13T22:59:51Z,1751c17d#phase10c,9cd4defe-e740-40a1-b3f4-565702c84681,ok,0.0,high,full,current_phase8,fallback_used,projected,derived_from_projected_minutes,94,0.0
Jalen Brunson,73,NYK,SAS,False,21716138,pra,starter,"stat_grid:component_convolution_mean_coherent_v1+components[pts:pmf_sim_v1+role_aware_pmf_cal_v1:starter+monotone_pit_cdf_v1,reb:pmf_sim_v1+role_aware_pmf_cal_v1:starter+monotone_pit_cdf_v1,ast:pmf_sim_v1+role_aware_pmf_cal_v1:starter+monotone_pit_cdf_v1]+prior_combo[joint_sampler_v1+joint_combo_pmf_v1+role_aware_pmf_cal_v1:starter+monotone_pit_cdf_v1]+stat_grid_final_component_convolution_mean_coherent_v1",phase8_role_aware_pmf_cal_v1+monotone_inactive_global_v1,morning,2026-06-13T22:59:51Z,1751c17d#phase10c,9cd4defe-e740-40a1-b3f4-565702c84681,ok,0.0,high,full,current_phase8,fallback_used,projected,derived_from_projected_minutes,95,0.0
Jalen Brunson,73,NYK,SAS,False,21716138,pra,starter,"stat_grid:component_convolution_mean_coherent_v1+components[pts:pmf_sim_v1+role_aware_pmf_cal_v1:starter+monotone_pit_cdf_v1,reb:pmf_sim_v1+role_aware_pmf_cal_v1:starter+monotone_pit_cdf_v1,ast:pmf_sim_v1+role_aware_pmf_cal_v1:starter+monotone_pit_cdf_v1]+prior_combo[joint_sampler_v1+joint_combo_pmf_v1+role_aware_pmf_cal_v1:starter+monotone_pit_cdf_v1]+stat_grid_final_component_convolution_mean_coherent_v1",phase8_role_aware_pmf_cal_v1+monotone_inactive_global_v1,morning,2026-06-13T22:59:51Z,1751c17d#phase10c,9cd4defe-e740-40a1-b3f4-565702c84681,ok,0.0,high,full,current_phase8,fallback_used,projected,derived_from_projected_minutes,96,0.0
Jalen Brunson,73,NYK,SAS,False,21716138,pra,starter,"stat_grid:component_convolution_mean_coherent_v1+components[pts:pmf_sim_v1+role_aware_pmf_cal_v1:starter+monotone_pit_cdf_v1,reb:pmf_sim_v1+role_aware_pmf_cal_v1:starter+monotone_pit_cdf_v1,ast:pmf_sim_v1+role_aware_pmf_cal_v1:starter+monotone_pit_cdf_v1]+prior_combo[joint_sampler_v1+joint_combo_pmf_v1+role_aware_pmf_cal_v1:starter+monotone_pit_cdf_v1]+stat_grid_final_component_convolution_mean_coherent_v1",phase8_role_aware_pmf_cal_v1+monotone_inactive_global_v1,morning,2026-06-13T22:59:51Z,1751c17d#phase10c,9cd4defe-e740-40a1-b3f4-565702c84681,ok,0.0,high,full,current_phase8,fallback_used,projected,derived_from_projected_minutes,97,0.0
Jalen Brunson,73,NYK,SAS,False,21716138,pra,starter,"stat_grid:component_convolution_mean_coherent_v1+components[pts:pmf_sim_v1+role_aware_pmf_cal_v1:starter+monotone_pit_cdf_v1,reb:pmf_sim_v1+role_aware_pmf_cal_v1:starter+monotone_pit_cdf_v1,ast:pmf_sim_v1+role_aware_pmf_cal_v1:starter+monotone_pit_cdf_v1]+prior_combo[joint_sampler_v1+joint_combo_pmf_v1+role_aware_pmf_cal_v1:starter+monotone_pit_cdf_v1]+stat_grid_final_component_convolution_mean_coherent_v1",phase8_role_aware_pmf_cal_v1+monotone_inactive_global_v1,morning,2026-06-13T22:59:51Z,1751c17d#phase10c,9cd4defe-e740-40a1-b3f4-565702c84681,ok,0.0,high,full,current_phase8,fallback_used,projected,derived_from_projected_minutes,98,0.0
Jalen Brunson,73,NYK,SAS,False,21716138,pra,starter,"stat_grid:component_convolution_mean_coherent_v1+components[pts:pmf_sim_v1+role_aware_pmf_cal_v1:starter+monotone_pit_cdf_v1,reb:pmf_sim_v1+role_aware_pmf_cal_v1:starter+monotone_pit_cdf_v1,ast:pmf_sim_v1+role_aware_pmf_cal_v1:starter+monotone_pit_cdf_v1]+prior_combo[joint_sampler_v1+joint_combo_pmf_v1+role_aware_pmf_cal_v1:starter+monotone_pit_cdf_v1]+stat_grid_final_component_convolution_mean_coherent_v1",phase8_role_aware_pmf_cal_v1+monotone_inactive_global_v1,morning,2026-06-13T22:59:51Z,1751c17d#phase10c,9cd4defe-e740-40a1-b3f4-565702c84681,ok,0.0,high,full,current_phase8,fallback_used,projected,derived_from_projected_minutes,99,0.0
Jalen Brunson,73,NYK,SAS,False,21716138,pra,starter,"stat_grid:component_convolution_mean_coherent_v1+components[pts:pmf_sim_v1+role_aware_pmf_cal_v1:starter+monotone_pit_cdf_v1,reb:pmf_sim_v1+role_aware_pmf_cal_v1:starter+monotone_pit_cdf_v1,ast:pmf_sim_v1+role_aware_pmf_cal_v1:starter+monotone_pit_cdf_v1]+prior_combo[joint_sampler_v1+joint_combo_pmf_v1+role_aware_pmf_cal_v1:starter+monotone_pit_cdf_v1]+stat_grid_final_component_convolution_mean_coherent_v1",phase8_role_aware_pmf_cal_v1+monotone_inactive_global_v1,morning,2026-06-13T22:59:51Z,1751c17d#phase10c,9cd4defe-e740-40a1-b3f4-565702c84681,ok,0.0,high,full,current_phase8,fallback_used,projected,derived_from_projected_minutes,100,0.0
Jalen Brunson,73,NYK,SAS,False,21716138,pra,starter,"stat_grid:component_convolution_mean_coherent_v1+components[pts:pmf_sim_v1+role_aware_pmf_cal_v1:starter+monotone_pit_cdf_v1,reb:pmf_sim_v1+role_aware_pmf_cal_v1:starter+monotone_pit_cdf_v1,ast:pmf_sim_v1+role_aware_pmf_cal_v1:starter+monotone_pit_cdf_v1]+prior_combo[joint_sampler_v1+joint_combo_pmf_v1+role_aware_pmf_cal_v1:starter+monotone_pit_cdf_v1]+stat_grid_final_component_convolution_mean_coherent_v1",phase8_role_aware_pmf_cal_v1+monotone_inactive_global_v1,morning,2026-06-13T22:59:51Z,1751c17d#phase10c,9cd4defe-e740-40a1-b3f4-565702c84681,ok,0.0,high,full,current_phase8,fallback_used,projected,derived_from_projected_minutes,101,0.0
Jalen Brunson,73,NYK,SAS,False,21716138,pra,starter,"stat_grid:component_convolution_mean_coherent_v1+components[pts:pmf_sim_v1+role_aware_pmf_cal_v1:starter+monotone_pit_cdf_v1,reb:pmf_sim_v1+role_aware_pmf_cal_v1:starter+monotone_pit_cdf_v1,ast:pmf_sim_v1+role_aware_pmf_cal_v1:starter+monotone_pit_cdf_v1]+prior_combo[joint_sampler_v1+joint_combo_pmf_v1+role_aware_pmf_cal_v1:starter+monotone_pit_cdf_v1]+stat_grid_final_component_convolution_mean_coherent_v1",phase8_role_aware_pmf_cal_v1+monotone_inactive_global_v1,morning,2026-06-13T22:59:51Z,1751c17d#phase10c,9cd4defe-e740-40a1-b3f4-565702c84681,ok,0.0,high,full,current_phase8,fallback_used,projected,derived_from_projected_minutes,102,0.0
Jalen Brunson,73,NYK,SAS,False,21716138,pra,starter,"stat_grid:component_convolution_mean_coherent_v1+components[pts:pmf_sim_v1+role_aware_pmf_cal_v1:starter+monotone_pit_cdf_v1,reb:pmf_sim_v1+role_aware_pmf_cal_v1:starter+monotone_pit_cdf_v1,ast:pmf_sim_v1+role_aware_pmf_cal_v1:starter+monotone_pit_cdf_v1]+prior_combo[joint_sampler_v1+joint_combo_pmf_v1+role_aware_pmf_cal_v1:starter+monotone_pit_cdf_v1]+stat_grid_final_component_convolution_mean_coherent_v1",phase8_role_aware_pmf_cal_v1+monotone_inactive_global_v1,morning,2026-06-13T22:59:51Z,1751c17d#phase10c,9cd4defe-e740-40a1-b3f4-565702c84681,ok,0.0,high,full,current_phase8,fallback_used,projected,derived_from_projected_minutes,103,0.0
Jalen Brunson,73,NYK,SAS,False,21716138,pra,starter,"stat_grid:component_convolution_mean_coherent_v1+components[pts:pmf_sim_v1+role_aware_pmf_cal_v1:starter+monotone_pit_cdf_v1,reb:pmf_sim_v1+role_aware_pmf_cal_v1:starter+monotone_pit_cdf_v1,ast:pmf_sim_v1+role_aware_pmf_cal_v1:starter+monotone_pit_cdf_v1]+prior_combo[joint_sampler_v1+joint_combo_pmf_v1+role_aware_pmf_cal_v1:starter+monotone_pit_cdf_v1]+stat_grid_final_component_convolution_mean_coherent_v1",phase8_role_aware_pmf_cal_v1+monotone_inactive_global_v1,morning,2026-06-13T22:59:51Z,1751c17d#phase10c,9cd4defe-e740-40a1-b3f4-565702c84681,ok,0.0,high,full,current_phase8,fallback_used,projected,derived_from_projected_minutes,104,0.0
Jalen Brunson,73,NYK,SAS,False,21716138,pra,starter,"stat_grid:component_convolution_mean_coherent_v1+components[pts:pmf_sim_v1+role_aware_pmf_cal_v1:starter+monotone_pit_cdf_v1,reb:pmf_sim_v1+role_aware_pmf_cal_v1:starter+monotone_pit_cdf_v1,ast:pmf_sim_v1+role_aware_pmf_cal_v1:starter+monotone_pit_cdf_v1]+prior_combo[joint_sampler_v1+joint_combo_pmf_v1+role_aware_pmf_cal_v1:starter+monotone_pit_cdf_v1]+stat_grid_final_component_convolution_mean_coherent_v1",phase8_role_aware_pmf_cal_v1+monotone_inactive_global_v1,morning,2026-06-13T22:59:51Z,1751c17d#phase10c,9cd4defe-e740-40a1-b3f4-565702c84681,ok,0.0,high,full,current_phase8,fallback_used,projected,derived_from_projected_minutes,105,0.0
Jalen Brunson,73,NYK,SAS,False,21716138,pra,starter,"stat_grid:component_convolution_mean_coherent_v1+components[pts:pmf_sim_v1+role_aware_pmf_cal_v1:starter+monotone_pit_cdf_v1,reb:pmf_sim_v1+role_aware_pmf_cal_v1:starter+monotone_pit_cdf_v1,ast:pmf_sim_v1+role_aware_pmf_cal_v1:starter+monotone_pit_cdf_v1]+prior_combo[joint_sampler_v1+joint_combo_pmf_v1+role_aware_pmf_cal_v1:starter+monotone_pit_cdf_v1]+stat_grid_final_component_convolution_mean_coherent_v1",phase8_role_aware_pmf_cal_v1+monotone_inactive_global_v1,morning,2026-06-13T22:59:51Z,1751c17d#phase10c,9cd4defe-e740-40a1-b3f4-565702c84681,ok,0.0,high,full,current_phase8,fallback_used,projected,derived_from_projected_minutes,106,0.0
Jalen Brunson,73,NYK,SAS,False,21716138,pra,starter,"stat_grid:component_convolution_mean_coherent_v1+components[pts:pmf_sim_v1+role_aware_pmf_cal_v1:starter+monotone_pit_cdf_v1,reb:pmf_sim_v1+role_aware_pmf_cal_v1:starter+monotone_pit_cdf_v1,ast:pmf_sim_v1+role_aware_pmf_cal_v1:starter+monotone_pit_cdf_v1]+prior_combo[joint_sampler_v1+joint_combo_pmf_v1+role_aware_pmf_cal_v1:starter+monotone_pit_cdf_v1]+stat_grid_final_component_convolution_mean_coherent_v1",phase8_role_aware_pmf_cal_v1+monotone_inactive_global_v1,morning,2026-06-13T22:59:51Z,1751c17d#phase10c,9cd4defe-e740-40a1-b3f4-565702c84681,ok,0.0,high,full,current_phase8,fallback_used,projected,derived_from_projected_minutes,107,0.0
Jalen Brunson,73,NYK,SAS,False,21716138,pra,starter,"stat_grid:component_convolution_mean_coherent_v1+components[pts:pmf_sim_v1+role_aware_pmf_cal_v1:starter+monotone_pit_cdf_v1,reb:pmf_sim_v1+role_aware_pmf_cal_v1:starter+monotone_pit_cdf_v1,ast:pmf_sim_v1+role_aware_pmf_cal_v1:starter+monotone_pit_cdf_v1]+prior_combo[joint_sampler_v1+joint_combo_pmf_v1+role_aware_pmf_cal_v1:starter+monotone_pit_cdf_v1]+stat_grid_final_component_convolution_mean_coherent_v1",phase8_role_aware_pmf_cal_v1+monotone_inactive_global_v1,morning,2026-06-13T22:59:51Z,1751c17d#phase10c,9cd4defe-e740-40a1-b3f4-565702c84681,ok,0.0,high,full,current_phase8,fallback_used,projected,derived_from_projected_minutes,108,0.0
Jalen Brunson,73,NYK,SAS,False,21716138,pra,starter,"stat_grid:component_convolution_mean_coherent_v1+components[pts:pmf_sim_v1+role_aware_pmf_cal_v1:starter+monotone_pit_cdf_v1,reb:pmf_sim_v1+role_aware_pmf_cal_v1:starter+monotone_pit_cdf_v1,ast:pmf_sim_v1+role_aware_pmf_cal_v1:starter+monotone_pit_cdf_v1]+prior_combo[joint_sampler_v1+joint_combo_pmf_v1+role_aware_pmf_cal_v1:starter+monotone_pit_cdf_v1]+stat_grid_final_component_convolution_mean_coherent_v1",phase8_role_aware_pmf_cal_v1+monotone_inactive_global_v1,morning,2026-06-13T22:59:51Z,1751c17d#phase10c,9cd4defe-e740-40a1-b3f4-565702c84681,ok,0.0,high,full,current_phase8,fallback_used,projected,derived_from_projected_minutes,109,0.0
Jalen Brunson,73,NYK,SAS,False,21716138,pra,starter,"stat_grid:component_convolution_mean_coherent_v1+components[pts:pmf_sim_v1+role_aware_pmf_cal_v1:starter+monotone_pit_cdf_v1,reb:pmf_sim_v1+role_aware_pmf_cal_v1:starter+monotone_pit_cdf_v1,ast:pmf_sim_v1+role_aware_pmf_cal_v1:starter+monotone_pit_cdf_v1]+prior_combo[joint_sampler_v1+joint_combo_pmf_v1+role_aware_pmf_cal_v1:starter+monotone_pit_cdf_v1]+stat_grid_final_component_convolution_mean_coherent_v1",phase8_role_aware_pmf_cal_v1+monotone_inactive_global_v1,morning,2026-06-13T22:59:51Z,1751c17d#phase10c,9cd4defe-e740-40a1-b3f4-565702c84681,ok,0.0,high,full,current_phase8,fallback_used,projected,derived_from_projected_minutes,110,0.0
Jalen Brunson,73,NYK,SAS,False,21716138,pra,starter,"stat_grid:component_convolution_mean_coherent_v1+components[pts:pmf_sim_v1+role_aware_pmf_cal_v1:starter+monotone_pit_cdf_v1,reb:pmf_sim_v1+role_aware_pmf_cal_v1:starter+monotone_pit_cdf_v1,ast:pmf_sim_v1+role_aware_pmf_cal_v1:starter+monotone_pit_cdf_v1]+prior_combo[joint_sampler_v1+joint_combo_pmf_v1+role_aware_pmf_cal_v1:starter+monotone_pit_cdf_v1]+stat_grid_final_component_convolution_mean_coherent_v1",phase8_role_aware_pmf_cal_v1+monotone_inactive_global_v1,morning,2026-06-13T22:59:51Z,1751c17d#phase10c,9cd4defe-e740-40a1-b3f4-565702c84681,ok,0.0,high,full,current_phase8,fallback_used,projected,derived_from_projected_minutes,111,0.0
Jalen Brunson,73,NYK,SAS,False,21716138,pra,starter,"stat_grid:component_convolution_mean_coherent_v1+components[pts:pmf_sim_v1+role_aware_pmf_cal_v1:starter+monotone_pit_cdf_v1,reb:pmf_sim_v1+role_aware_pmf_cal_v1:starter+monotone_pit_cdf_v1,ast:pmf_sim_v1+role_aware_pmf_cal_v1:starter+monotone_pit_cdf_v1]+prior_combo[joint_sampler_v1+joint_combo_pmf_v1+role_aware_pmf_cal_v1:starter+monotone_pit_cdf_v1]+stat_grid_final_component_convolution_mean_coherent_v1",phase8_role_aware_pmf_cal_v1+monotone_inactive_global_v1,morning,2026-06-13T22:59:51Z,1751c17d#phase10c,9cd4defe-e740-40a1-b3f4-565702c84681,ok,0.0,high,full,current_phase8,fallback_used,projected,derived_from_projected_minutes,112,0.0
Jalen Brunson,73,NYK,SAS,False,21716138,pra,starter,"stat_grid:component_convolution_mean_coherent_v1+components[pts:pmf_sim_v1+role_aware_pmf_cal_v1:starter+monotone_pit_cdf_v1,reb:pmf_sim_v1+role_aware_pmf_cal_v1:starter+monotone_pit_cdf_v1,ast:pmf_sim_v1+role_aware_pmf_cal_v1:starter+monotone_pit_cdf_v1]+prior_combo[joint_sampler_v1+joint_combo_pmf_v1+role_aware_pmf_cal_v1:starter+monotone_pit_cdf_v1]+stat_grid_final_component_convolution_mean_coherent_v1",phase8_role_aware_pmf_cal_v1+monotone_inactive_global_v1,morning,2026-06-13T22:59:51Z,1751c17d#phase10c,9cd4defe-e740-40a1-b3f4-565702c84681,ok,0.0,high,full,current_phase8,fallback_used,projected,derived_from_projected_minutes,113,0.0
Jalen Brunson,73,NYK,SAS,False,21716138,pra,starter,"stat_grid:component_convolution_mean_coherent_v1+components[pts:pmf_sim_v1+role_aware_pmf_cal_v1:starter+monotone_pit_cdf_v1,reb:pmf_sim_v1+role_aware_pmf_cal_v1:starter+monotone_pit_cdf_v1,ast:pmf_sim_v1+role_aware_pmf_cal_v1:starter+monotone_pit_cdf_v1]+prior_combo[joint_sampler_v1+joint_combo_pmf_v1+role_aware_pmf_cal_v1:starter+monotone_pit_cdf_v1]+stat_grid_final_component_convolution_mean_coherent_v1",phase8_role_aware_pmf_cal_v1+monotone_inactive_global_v1,morning,2026-06-13T22:59:51Z,1751c17d#phase10c,9cd4defe-e740-40a1-b3f4-565702c84681,ok,0.0,high,full,current_phase8,fallback_used,projected,derived_from_projected_minutes,114,0.0
Jalen Brunson,73,NYK,SAS,False,21716138,pra,starter,"stat_grid:component_convolution_mean_coherent_v1+components[pts:pmf_sim_v1+role_aware_pmf_cal_v1:starter+monotone_pit_cdf_v1,reb:pmf_sim_v1+role_aware_pmf_cal_v1:starter+monotone_pit_cdf_v1,ast:pmf_sim_v1+role_aware_pmf_cal_v1:starter+monotone_pit_cdf_v1]+prior_combo[joint_sampler_v1+joint_combo_pmf_v1+role_aware_pmf_cal_v1:starter+monotone_pit_cdf_v1]+stat_grid_final_component_convolution_mean_coherent_v1",phase8_role_aware_pmf_cal_v1+monotone_inactive_global_v1,morning,2026-06-13T22:59:51Z,1751c17d#phase10c,9cd4defe-e740-40a1-b3f4-565702c84681,ok,0.0,high,full,current_phase8,fallback_used,projected,derived_from_projected_minutes,115,0.0
Jalen Brunson,73,NYK,SAS,False,21716138,pra,starter,"stat_grid:component_convolution_mean_coherent_v1+components[pts:pmf_sim_v1+role_aware_pmf_cal_v1:starter+monotone_pit_cdf_v1,reb:pmf_sim_v1+role_aware_pmf_cal_v1:starter+monotone_pit_cdf_v1,ast:pmf_sim_v1+role_aware_pmf_cal_v1:starter+monotone_pit_cdf_v1]+prior_combo[joint_sampler_v1+joint_combo_pmf_v1+role_aware_pmf_cal_v1:starter+monotone_pit_cdf_v1]+stat_grid_final_component_convolution_mean_coherent_v1",phase8_role_aware_pmf_cal_v1+monotone_inactive_global_v1,morning,2026-06-13T22:59:51Z,1751c17d#phase10c,9cd4defe-e740-40a1-b3f4-565702c84681,ok,0.0,high,full,current_phase8,fallback_used,projected,derived_from_projected_minutes,116,0.0
Jalen Brunson,73,NYK,SAS,False,21716138,pra,starter,"stat_grid:component_convolution_mean_coherent_v1+components[pts:pmf_sim_v1+role_aware_pmf_cal_v1:starter+monotone_pit_cdf_v1,reb:pmf_sim_v1+role_aware_pmf_cal_v1:starter+monotone_pit_cdf_v1,ast:pmf_sim_v1+role_aware_pmf_cal_v1:starter+monotone_pit_cdf_v1]+prior_combo[joint_sampler_v1+joint_combo_pmf_v1+role_aware_pmf_cal_v1:starter+monotone_pit_cdf_v1]+stat_grid_final_component_convolution_mean_coherent_v1",phase8_role_aware_pmf_cal_v1+monotone_inactive_global_v1,morning,2026-06-13T22:59:51Z,1751c17d#phase10c,9cd4defe-e740-40a1-b3f4-565702c84681,ok,0.0,high,full,current_phase8,fallback_used,projected,derived_from_projected_minutes,117,0.0
Jalen Brunson,73,NYK,SAS,False,21716138,pra,starter,"stat_grid:component_convolution_mean_coherent_v1+components[pts:pmf_sim_v1+role_aware_pmf_cal_v1:starter+monotone_pit_cdf_v1,reb:pmf_sim_v1+role_aware_pmf_cal_v1:starter+monotone_pit_cdf_v1,ast:pmf_sim_v1+role_aware_pmf_cal_v1:starter+monotone_pit_cdf_v1]+prior_combo[joint_sampler_v1+joint_combo_pmf_v1+role_aware_pmf_cal_v1:starter+monotone_pit_cdf_v1]+stat_grid_final_component_convolution_mean_coherent_v1",phase8_role_aware_pmf_cal_v1+monotone_inactive_global_v1,morning,2026-06-13T22:59:51Z,1751c17d#phase10c,9cd4defe-e740-40a1-b3f4-565702c84681,ok,0.0,high,full,current_phase8,fallback_used,projected,derived_from_projected_minutes,118,0.0
Jalen Brunson,73,NYK,SAS,False,21716138,pra,starter,"stat_grid:component_convolution_mean_coherent_v1+components[pts:pmf_sim_v1+role_aware_pmf_cal_v1:starter+monotone_pit_cdf_v1,reb:pmf_sim_v1+role_aware_pmf_cal_v1:starter+monotone_pit_cdf_v1,ast:pmf_sim_v1+role_aware_pmf_cal_v1:starter+monotone_pit_cdf_v1]+prior_combo[joint_sampler_v1+joint_combo_pmf_v1+role_aware_pmf_cal_v1:starter+monotone_pit_cdf_v1]+stat_grid_final_component_convolution_mean_coherent_v1",phase8_role_aware_pmf_cal_v1+monotone_inactive_global_v1,morning,2026-06-13T22:59:51Z,1751c17d#phase10c,9cd4defe-e740-40a1-b3f4-565702c84681,ok,0.0,high,full,current_phase8,fallback_used,projected,derived_from_projected_minutes,119,0.0
Jalen Brunson,73,NYK,SAS,False,21716138,pra,starter,"stat_grid:component_convolution_mean_coherent_v1+components[pts:pmf_sim_v1+role_aware_pmf_cal_v1:starter+monotone_pit_cdf_v1,reb:pmf_sim_v1+role_aware_pmf_cal_v1:starter+monotone_pit_cdf_v1,ast:pmf_sim_v1+role_aware_pmf_cal_v1:starter+monotone_pit_cdf_v1]+prior_combo[joint_sampler_v1+joint_combo_pmf_v1+role_aware_pmf_cal_v1:starter+monotone_pit_cdf_v1]+stat_grid_final_component_convolution_mean_coherent_v1",phase8_role_aware_pmf_cal_v1+monotone_inactive_global_v1,morning,2026-06-13T22:59:51Z,1751c17d#phase10c,9cd4defe-e740-40a1-b3f4-565702c84681,ok,0.0,high,full,current_phase8,fallback_used,projected,derived_from_projected_minutes,120,0.0
Jalen Brunson,73,NYK,SAS,False,21716138,pra,starter,"stat_grid:component_convolution_mean_coherent_v1+components[pts:pmf_sim_v1+role_aware_pmf_cal_v1:starter+monotone_pit_cdf_v1,reb:pmf_sim_v1+role_aware_pmf_cal_v1:starter+monotone_pit_cdf_v1,ast:pmf_sim_v1+role_aware_pmf_cal_v1:starter+monotone_pit_cdf_v1]+prior_combo[joint_sampler_v1+joint_combo_pmf_v1+role_aware_pmf_cal_v1:starter+monotone_pit_cdf_v1]+stat_grid_final_component_convolution_mean_coherent_v1",phase8_role_aware_pmf_cal_v1+monotone_inactive_global_v1,morning,2026-06-13T22:59:51Z,1751c17d#phase10c,9cd4defe-e740-40a1-b3f4-565702c84681,ok,0.0,high,full,current_phase8,fallback_used,projected,derived_from_projected_minutes,121,0.0
Jalen Brunson,73,NYK,SAS,False,21716138,pra,starter,"stat_grid:component_convolution_mean_coherent_v1+components[pts:pmf_sim_v1+role_aware_pmf_cal_v1:starter+monotone_pit_cdf_v1,reb:pmf_sim_v1+role_aware_pmf_cal_v1:starter+monotone_pit_cdf_v1,ast:pmf_sim_v1+role_aware_pmf_cal_v1:starter+monotone_pit_cdf_v1]+prior_combo[joint_sampler_v1+joint_combo_pmf_v1+role_aware_pmf_cal_v1:starter+monotone_pit_cdf_v1]+stat_grid_final_component_convolution_mean_coherent_v1",phase8_role_aware_pmf_cal_v1+monotone_inactive_global_v1,morning,2026-06-13T22:59:51Z,1751c17d#phase10c,9cd4defe-e740-40a1-b3f4-565702c84681,ok,0.0,high,full,current_phase8,fallback_used,projected,derived_from_projected_minutes,122,0.0
Jalen Brunson,73,NYK,SAS,False,21716138,pra,starter,"stat_grid:component_convolution_mean_coherent_v1+components[pts:pmf_sim_v1+role_aware_pmf_cal_v1:starter+monotone_pit_cdf_v1,reb:pmf_sim_v1+role_aware_pmf_cal_v1:starter+monotone_pit_cdf_v1,ast:pmf_sim_v1+role_aware_pmf_cal_v1:starter+monotone_pit_cdf_v1]+prior_combo[joint_sampler_v1+joint_combo_pmf_v1+role_aware_pmf_cal_v1:starter+monotone_pit_cdf_v1]+stat_grid_final_component_convolution_mean_coherent_v1",phase8_role_aware_pmf_cal_v1+monotone_inactive_global_v1,morning,2026-06-13T22:59:51Z,1751c17d#phase10c,9cd4defe-e740-40a1-b3f4-565702c84681,ok,0.0,high,full,current_phase8,fallback_used,projected,derived_from_projected_minutes,123,0.0
Jalen Brunson,73,NYK,SAS,False,21716138,pra,starter,"stat_grid:component_convolution_mean_coherent_v1+components[pts:pmf_sim_v1+role_aware_pmf_cal_v1:starter+monotone_pit_cdf_v1,reb:pmf_sim_v1+role_aware_pmf_cal_v1:starter+monotone_pit_cdf_v1,ast:pmf_sim_v1+role_aware_pmf_cal_v1:starter+monotone_pit_cdf_v1]+prior_combo[joint_sampler_v1+joint_combo_pmf_v1+role_aware_pmf_cal_v1:starter+monotone_pit_cdf_v1]+stat_grid_final_component_convolution_mean_coherent_v1",phase8_role_aware_pmf_cal_v1+monotone_inactive_global_v1,morning,2026-06-13T22:59:51Z,1751c17d#phase10c,9cd4defe-e740-40a1-b3f4-565702c84681,ok,0.0,high,full,current_phase8,fallback_used,projected,derived_from_projected_minutes,124,0.0
Jalen Brunson,73,NYK,SAS,False,21716138,pra,starter,"stat_grid:component_convolution_mean_coherent_v1+components[pts:pmf_sim_v1+role_aware_pmf_cal_v1:starter+monotone_pit_cdf_v1,reb:pmf_sim_v1+role_aware_pmf_cal_v1:starter+monotone_pit_cdf_v1,ast:pmf_sim_v1+role_aware_pmf_cal_v1:starter+monotone_pit_cdf_v1]+prior_combo[joint_sampler_v1+joint_combo_pmf_v1+role_aware_pmf_cal_v1:starter+monotone_pit_cdf_v1]+stat_grid_final_component_convolution_mean_coherent_v1",phase8_role_aware_pmf_cal_v1+monotone_inactive_global_v1,morning,2026-06-13T22:59:51Z,1751c17d#phase10c,9cd4defe-e740-40a1-b3f4-565702c84681,ok,0.0,high,full,current_phase8,fallback_used,projected,derived_from_projected_minutes,125,0.0
Jalen Brunson,73,NYK,SAS,False,21716138,pra,starter,"stat_grid:component_convolution_mean_coherent_v1+components[pts:pmf_sim_v1+role_aware_pmf_cal_v1:starter+monotone_pit_cdf_v1,reb:pmf_sim_v1+role_aware_pmf_cal_v1:starter+monotone_pit_cdf_v1,ast:pmf_sim_v1+role_aware_pmf_cal_v1:starter+monotone_pit_cdf_v1]+prior_combo[joint_sampler_v1+joint_combo_pmf_v1+role_aware_pmf_cal_v1:starter+monotone_pit_cdf_v1]+stat_grid_final_component_convolution_mean_coherent_v1",phase8_role_aware_pmf_cal_v1+monotone_inactive_global_v1,morning,2026-06-13T22:59:51Z,1751c17d#phase10c,9cd4defe-e740-40a1-b3f4-565702c84681,ok,0.0,high,full,current_phase8,fallback_used,projected,derived_from_projected_minutes,126,0.0
Jalen Brunson,73,NYK,SAS,False,21716138,pra,starter,"stat_grid:component_convolution_mean_coherent_v1+components[pts:pmf_sim_v1+role_aware_pmf_cal_v1:starter+monotone_pit_cdf_v1,reb:pmf_sim_v1+role_aware_pmf_cal_v1:starter+monotone_pit_cdf_v1,ast:pmf_sim_v1+role_aware_pmf_cal_v1:starter+monotone_pit_cdf_v1]+prior_combo[joint_sampler_v1+joint_combo_pmf_v1+role_aware_pmf_cal_v1:starter+monotone_pit_cdf_v1]+stat_grid_final_component_convolution_mean_coherent_v1",phase8_role_aware_pmf_cal_v1+monotone_inactive_global_v1,morning,2026-06-13T22:59:51Z,1751c17d#phase10c,9cd4defe-e740-40a1-b3f4-565702c84681,ok,0.0,high,full,current_phase8,fallback_used,projected,derived_from_projected_minutes,127,0.0
Jalen Brunson,73,NYK,SAS,False,21716138,pra,starter,"stat_grid:component_convolution_mean_coherent_v1+components[pts:pmf_sim_v1+role_aware_pmf_cal_v1:starter+monotone_pit_cdf_v1,reb:pmf_sim_v1+role_aware_pmf_cal_v1:starter+monotone_pit_cdf_v1,ast:pmf_sim_v1+role_aware_pmf_cal_v1:starter+monotone_pit_cdf_v1]+prior_combo[joint_sampler_v1+joint_combo_pmf_v1+role_aware_pmf_cal_v1:starter+monotone_pit_cdf_v1]+stat_grid_final_component_convolution_mean_coherent_v1",phase8_role_aware_pmf_cal_v1+monotone_inactive_global_v1,morning,2026-06-13T22:59:51Z,1751c17d#phase10c,9cd4defe-e740-40a1-b3f4-565702c84681,ok,0.0,high,full,current_phase8,fallback_used,projected,derived_from_projected_minutes,128,0.0
Jalen Brunson,73,NYK,SAS,False,21716138,pra,starter,"stat_grid:component_convolution_mean_coherent_v1+components[pts:pmf_sim_v1+role_aware_pmf_cal_v1:starter+monotone_pit_cdf_v1,reb:pmf_sim_v1+role_aware_pmf_cal_v1:starter+monotone_pit_cdf_v1,ast:pmf_sim_v1+role_aware_pmf_cal_v1:starter+monotone_pit_cdf_v1]+prior_combo[joint_sampler_v1+joint_combo_pmf_v1+role_aware_pmf_cal_v1:starter+monotone_pit_cdf_v1]+stat_grid_final_component_convolution_mean_coherent_v1",phase8_role_aware_pmf_cal_v1+monotone_inactive_global_v1,morning,2026-06-13T22:59:51Z,1751c17d#phase10c,9cd4defe-e740-40a1-b3f4-565702c84681,ok,0.0,high,full,current_phase8,fallback_used,projected,derived_from_projected_minutes,129,0.0
Jalen Brunson,73,NYK,SAS,False,21716138,pra,starter,"stat_grid:component_convolution_mean_coherent_v1+components[pts:pmf_sim_v1+role_aware_pmf_cal_v1:starter+monotone_pit_cdf_v1,reb:pmf_sim_v1+role_aware_pmf_cal_v1:starter+monotone_pit_cdf_v1,ast:pmf_sim_v1+role_aware_pmf_cal_v1:starter+monotone_pit_cdf_v1]+prior_combo[joint_sampler_v1+joint_combo_pmf_v1+role_aware_pmf_cal_v1:starter+monotone_pit_cdf_v1]+stat_grid_final_component_convolution_mean_coherent_v1",phase8_role_aware_pmf_cal_v1+monotone_inactive_global_v1,morning,2026-06-13T22:59:51Z,1751c17d#phase10c,9cd4defe-e740-40a1-b3f4-565702c84681,ok,0.0,high,full,current_phase8,fallback_used,projected,derived_from_projected_minutes,130,0.0
Jalen Brunson,73,NYK,SAS,False,21716138,pra,starter,"stat_grid:component_convolution_mean_coherent_v1+components[pts:pmf_sim_v1+role_aware_pmf_cal_v1:starter+monotone_pit_cdf_v1,reb:pmf_sim_v1+role_aware_pmf_cal_v1:starter+monotone_pit_cdf_v1,ast:pmf_sim_v1+role_aware_pmf_cal_v1:starter+monotone_pit_cdf_v1]+prior_combo[joint_sampler_v1+joint_combo_pmf_v1+role_aware_pmf_cal_v1:starter+monotone_pit_cdf_v1]+stat_grid_final_component_convolution_mean_coherent_v1",phase8_role_aware_pmf_cal_v1+monotone_inactive_global_v1,morning,2026-06-13T22:59:51Z,1751c17d#phase10c,9cd4defe-e740-40a1-b3f4-565702c84681,ok,0.0,high,full,current_phase8,fallback_used,projected,derived_from_projected_minutes,131,0.0
Jalen Brunson,73,NYK,SAS,False,21716138,pra,starter,"stat_grid:component_convolution_mean_coherent_v1+components[pts:pmf_sim_v1+role_aware_pmf_cal_v1:starter+monotone_pit_cdf_v1,reb:pmf_sim_v1+role_aware_pmf_cal_v1:starter+monotone_pit_cdf_v1,ast:pmf_sim_v1+role_aware_pmf_cal_v1:starter+monotone_pit_cdf_v1]+prior_combo[joint_sampler_v1+joint_combo_pmf_v1+role_aware_pmf_cal_v1:starter+monotone_pit_cdf_v1]+stat_grid_final_component_convolution_mean_coherent_v1",phase8_role_aware_pmf_cal_v1+monotone_inactive_global_v1,morning,2026-06-13T22:59:51Z,1751c17d#phase10c,9cd4defe-e740-40a1-b3f4-565702c84681,ok,0.0,high,full,current_phase8,fallback_used,projected,derived_from_projected_minutes,132,0.0
Jalen Brunson,73,NYK,SAS,False,21716138,pra,starter,"stat_grid:component_convolution_mean_coherent_v1+components[pts:pmf_sim_v1+role_aware_pmf_cal_v1:starter+monotone_pit_cdf_v1,reb:pmf_sim_v1+role_aware_pmf_cal_v1:starter+monotone_pit_cdf_v1,ast:pmf_sim_v1+role_aware_pmf_cal_v1:starter+monotone_pit_cdf_v1]+prior_combo[joint_sampler_v1+joint_combo_pmf_v1+role_aware_pmf_cal_v1:starter+monotone_pit_cdf_v1]+stat_grid_final_component_convolution_mean_coherent_v1",phase8_role_aware_pmf_cal_v1+monotone_inactive_global_v1,morning,2026-06-13T22:59:51Z,1751c17d#phase10c,9cd4defe-e740-40a1-b3f4-565702c84681,ok,0.0,high,full,current_phase8,fallback_used,projected,derived_from_projected_minutes,133,0.0
Jalen Brunson,73,NYK,SAS,False,21716138,pra,starter,"stat_grid:component_convolution_mean_coherent_v1+components[pts:pmf_sim_v1+role_aware_pmf_cal_v1:starter+monotone_pit_cdf_v1,reb:pmf_sim_v1+role_aware_pmf_cal_v1:starter+monotone_pit_cdf_v1,ast:pmf_sim_v1+role_aware_pmf_cal_v1:starter+monotone_pit_cdf_v1]+prior_combo[joint_sampler_v1+joint_combo_pmf_v1+role_aware_pmf_cal_v1:starter+monotone_pit_cdf_v1]+stat_grid_final_component_convolution_mean_coherent_v1",phase8_role_aware_pmf_cal_v1+monotone_inactive_global_v1,morning,2026-06-13T22:59:51Z,1751c17d#phase10c,9cd4defe-e740-40a1-b3f4-565702c84681,ok,0.0,high,full,current_phase8,fallback_used,projected,derived_from_projected_minutes,134,0.0
Jalen Brunson,73,NYK,SAS,False,21716138,pra,starter,"stat_grid:component_convolution_mean_coherent_v1+components[pts:pmf_sim_v1+role_aware_pmf_cal_v1:starter+monotone_pit_cdf_v1,reb:pmf_sim_v1+role_aware_pmf_cal_v1:starter+monotone_pit_cdf_v1,ast:pmf_sim_v1+role_aware_pmf_cal_v1:starter+monotone_pit_cdf_v1]+prior_combo[joint_sampler_v1+joint_combo_pmf_v1+role_aware_pmf_cal_v1:starter+monotone_pit_cdf_v1]+stat_grid_final_component_convolution_mean_coherent_v1",phase8_role_aware_pmf_cal_v1+monotone_inactive_global_v1,morning,2026-06-13T22:59:51Z,1751c17d#phase10c,9cd4defe-e740-40a1-b3f4-565702c84681,ok,0.0,high,full,current_phase8,fallback_used,projected,derived_from_projected_minutes,135,0.0
De'Aaron Fox,161,SAS,NYK,True,21716138,pts,starter,stat_grid:pmf_sim_v1+role_aware_pmf_cal_v1:starter+monotone_pit_cdf_v1,phase8_role_aware_pmf_cal_v1+monotone_inactive_global_v1,morning,2026-06-13T22:59:51Z,1751c17d#phase10c,9cd4defe-e740-40a1-b3f4-565702c84681,ok,0.0,high,full,current_phase8,fallback_used,projected,derived_from_projected_minutes,0,0.0013
De'Aaron Fox,161,SAS,NYK,True,21716138,pts,starter,stat_grid:pmf_sim_v1+role_aware_pmf_cal_v1:starter+monotone_pit_cdf_v1,phase8_role_aware_pmf_cal_v1+monotone_inactive_global_v1,morning,2026-06-13T22:59:51Z,1751c17d#phase10c,9cd4defe-e740-40a1-b3f4-565702c84681,ok,0.0,high,full,current_phase8,fallback_used,projected,derived_from_projected_minutes,1,0.0008
De'Aaron Fox,161,SAS,NYK,True,21716138,pts,starter,stat_grid:pmf_sim_v1+role_aware_pmf_cal_v1:starter+monotone_pit_cdf_v1,phase8_role_aware_pmf_cal_v1+monotone_inactive_global_v1,morning,2026-06-13T22:59:51Z,1751c17d#phase10c,9cd4defe-e740-40a1-b3f4-565702c84681,ok,0.0,high,full,current_phase8,fallback_used,projected,derived_from_projected_minutes,2,0.0016
De'Aaron Fox,161,SAS,NYK,True,21716138,pts,starter,stat_grid:pmf_sim_v1+role_aware_pmf_cal_v1:starter+monotone_pit_cdf_v1,phase8_role_aware_pmf_cal_v1+monotone_inactive_global_v1,morning,2026-06-13T22:59:51Z,1751c17d#phase10c,9cd4defe-e740-40a1-b3f4-565702c84681,ok,0.0,high,full,current_phase8,fallback_used,projected,derived_from_projected_minutes,3,0.0027
De'Aaron Fox,161,SAS,NYK,True,21716138,pts,starter,stat_grid:pmf_sim_v1+role_aware_pmf_cal_v1:starter+monotone_pit_cdf_v1,phase8_role_aware_pmf_cal_v1+monotone_inactive_global_v1,morning,2026-06-13T22:59:51Z,1751c17d#phase10c,9cd4defe-e740-40a1-b3f4-565702c84681,ok,0.0,high,full,current_phase8,fallback_used,projected,derived_from_projected_minutes,4,0.0061
De'Aaron Fox,161,SAS,NYK,True,21716138,pts,starter,stat_grid:pmf_sim_v1+role_aware_pmf_cal_v1:starter+monotone_pit_cdf_v1,phase8_role_aware_pmf_cal_v1+monotone_inactive_global_v1,morning,2026-06-13T22:59:51Z,1751c17d#phase10c,9cd4defe-e740-40a1-b3f4-565702c84681,ok,0.0,high,full,current_phase8,fallback_used,projected,derived_from_projected_minutes,5,0.0086
De'Aaron Fox,161,SAS,NYK,True,21716138,pts,starter,stat_grid:pmf_sim_v1+role_aware_pmf_cal_v1:starter+monotone_pit_cdf_v1,phase8_role_aware_pmf_cal_v1+monotone_inactive_global_v1,morning,2026-06-13T22:59:51Z,1751c17d#phase10c,9cd4defe-e740-40a1-b3f4-565702c84681,ok,0.0,high,full,current_phase8,fallback_used,projected,derived_from_projected_minutes,6,0.012
De'Aaron Fox,161,SAS,NYK,True,21716138,pts,starter,stat_grid:pmf_sim_v1+role_aware_pmf_cal_v1:starter+monotone_pit_cdf_v1,phase8_role_aware_pmf_cal_v1+monotone_inactive_global_v1,morning,2026-06-13T22:59:51Z,1751c17d#phase10c,9cd4defe-e740-40a1-b3f4-565702c84681,ok,0.0,high,full,current_phase8,fallback_used,projected,derived_from_projected_minutes,7,0.022
De'Aaron Fox,161,SAS,NYK,True,21716138,pts,starter,stat_grid:pmf_sim_v1+role_aware_pmf_cal_v1:starter+monotone_pit_cdf_v1,phase8_role_aware_pmf_cal_v1+monotone_inactive_global_v1,morning,2026-06-13T22:59:51Z,1751c17d#phase10c,9cd4defe-e740-40a1-b3f4-565702c84681,ok,0.0,high,full,current_phase8,fallback_used,projected,derived_from_projected_minutes,8,0.0236
De'Aaron Fox,161,SAS,NYK,True,21716138,pts,starter,stat_grid:pmf_sim_v1+role_aware_pmf_cal_v1:starter+monotone_pit_cdf_v1,phase8_role_aware_pmf_cal_v1+monotone_inactive_global_v1,morning,2026-06-13T22:59:51Z,1751c17d#phase10c,9cd4defe-e740-40a1-b3f4-565702c84681,ok,0.0,high,full,current_phase8,fallback_used,projected,derived_from_projected_minutes,9,0.0287
De'Aaron Fox,161,SAS,NYK,True,21716138,pts,starter,stat_grid:pmf_sim_v1+role_aware_pmf_cal_v1:starter+monotone_pit_cdf_v1,phase8_role_aware_pmf_cal_v1+monotone_inactive_global_v1,morning,2026-06-13T22:59:51Z,1751c17d#phase10c,9cd4defe-e740-40a1-b3f4-565702c84681,ok,0.0,high,full,current_phase8,fallback_used,projected,derived_from_projected_minutes,10,0.0304
De'Aaron Fox,161,SAS,NYK,True,21716138,pts,starter,stat_grid:pmf_sim_v1+role_aware_pmf_cal_v1:starter+monotone_pit_cdf_v1,phase8_role_aware_pmf_cal_v1+monotone_inactive_global_v1,morning,2026-06-13T22:59:51Z,1751c17d#phase10c,9cd4defe-e740-40a1-b3f4-565702c84681,ok,0.0,high,full,current_phase8,fallback_used,projected,derived_from_projected_minutes,11,0.0392
De'Aaron Fox,161,SAS,NYK,True,21716138,pts,starter,stat_grid:pmf_sim_v1+role_aware_pmf_cal_v1:starter+monotone_pit_cdf_v1,phase8_role_aware_pmf_cal_v1+monotone_inactive_global_v1,morning,2026-06-13T22:59:51Z,1751c17d#phase10c,9cd4defe-e740-40a1-b3f4-565702c84681,ok,0.0,high,full,current_phase8,fallback_used,projected,derived_from_projected_minutes,12,0.0471
De'Aaron Fox,161,SAS,NYK,True,21716138,pts,starter,stat_grid:pmf_sim_v1+role_aware_pmf_cal_v1:starter+monotone_pit_cdf_v1,phase8_role_aware_pmf_cal_v1+monotone_inactive_global_v1,morning,2026-06-13T22:59:51Z,1751c17d#phase10c,9cd4defe-e740-40a1-b3f4-565702c84681,ok,0.0,high,full,current_phase8,fallback_used,projected,derived_from_projected_minutes,13,0.054
De'Aaron Fox,161,SAS,NYK,True,21716138,pts,starter,stat_grid:pmf_sim_v1+role_aware_pmf_cal_v1:starter+monotone_pit_cdf_v1,phase8_role_aware_pmf_cal_v1+monotone_inactive_global_v1,morning,2026-06-13T22:59:51Z,1751c17d#phase10c,9cd4defe-e740-40a1-b3f4-565702c84681,ok,0.0,high,full,current_phase8,fallback_used,projected,derived_from_projected_minutes,14,0.0666
De'Aaron Fox,161,SAS,NYK,True,21716138,pts,starter,stat_grid:pmf_sim_v1+role_aware_pmf_cal_v1:starter+monotone_pit_cdf_v1,phase8_role_aware_pmf_cal_v1+monotone_inactive_global_v1,morning,2026-06-13T22:59:51Z,1751c17d#phase10c,9cd4defe-e740-40a1-b3f4-565702c84681,ok,0.0,high,full,current_phase8,fallback_used,projected,derived_from_projected_minutes,15,0.0603
De'Aaron Fox,161,SAS,NYK,True,21716138,pts,starter,stat_grid:pmf_sim_v1+role_aware_pmf_cal_v1:starter+monotone_pit_cdf_v1,phase8_role_aware_pmf_cal_v1+monotone_inactive_global_v1,morning,2026-06-13T22:59:51Z,1751c17d#phase10c,9cd4defe-e740-40a1-b3f4-565702c84681,ok,0.0,high,full,current_phase8,fallback_used,projected,derived_from_projected_minutes,16,0.0576
De'Aaron Fox,161,SAS,NYK,True,21716138,pts,starter,stat_grid:pmf_sim_v1+role_aware_pmf_cal_v1:starter+monotone_pit_cdf_v1,phase8_role_aware_pmf_cal_v1+monotone_inactive_global_v1,morning,2026-06-13T22:59:51Z,1751c17d#phase10c,9cd4defe-e740-40a1-b3f4-565702c84681,ok,0.0,high,full,current_phase8,fallback_used,projected,derived_from_projected_minutes,17,0.0987
De'Aaron Fox,161,SAS,NYK,True,21716138,pts,starter,stat_grid:pmf_sim_v1+role_aware_pmf_cal_v1:starter+monotone_pit_cdf_v1,phase8_role_aware_pmf_cal_v1+monotone_inactive_global_v1,morning,2026-06-13T22:59:51Z,1751c17d#phase10c,9cd4defe-e740-40a1-b3f4-565702c84681,ok,0.0,high,full,current_phase8,fallback_used,projected,derived_from_projected_minutes,18,0.0742
De'Aaron Fox,161,SAS,NYK,True,21716138,pts,starter,stat_grid:pmf_sim_v1+role_aware_pmf_cal_v1:starter+monotone_pit_cdf_v1,phase8_role_aware_pmf_cal_v1+monotone_inactive_global_v1,morning,2026-06-13T22:59:51Z,1751c17d#phase10c,9cd4defe-e740-40a1-b3f4-565702c84681,ok,0.0,high,full,current_phase8,fallback_used,projected,derived_from_projected_minutes,19,0.0566
De'Aaron Fox,161,SAS,NYK,True,21716138,pts,starter,stat_grid:pmf_sim_v1+role_aware_pmf_cal_v1:starter+monotone_pit_cdf_v1,phase8_role_aware_pmf_cal_v1+monotone_inactive_global_v1,morning,2026-06-13T22:59:51Z,1751c17d#phase10c,9cd4defe-e740-40a1-b3f4-565702c84681,ok,0.0,high,full,current_phase8,fallback_used,projected,derived_from_projected_minutes,20,0.0504
De'Aaron Fox,161,SAS,NYK,True,21716138,pts,starter,stat_grid:pmf_sim_v1+role_aware_pmf_cal_v1:starter+monotone_pit_cdf_v1,phase8_role_aware_pmf_cal_v1+monotone_inactive_global_v1,morning,2026-06-13T22:59:51Z,1751c17d#phase10c,9cd4defe-e740-40a1-b3f4-565702c84681,ok,0.0,high,full,current_phase8,fallback_used,projected,derived_from_projected_minutes,21,0.0434
De'Aaron Fox,161,SAS,NYK,True,21716138,pts,starter,stat_grid:pmf_sim_v1+role_aware_pmf_cal_v1:starter+monotone_pit_cdf_v1,phase8_role_aware_pmf_cal_v1+monotone_inactive_global_v1,morning,2026-06-13T22:59:51Z,1751c17d#phase10c,9cd4defe-e740-40a1-b3f4-565702c84681,ok,0.0,high,full,current_phase8,fallback_used,projected,derived_from_projected_minutes,22,0.045
De'Aaron Fox,161,SAS,NYK,True,21716138,pts,starter,stat_grid:pmf_sim_v1+role_aware_pmf_cal_v1:starter+monotone_pit_cdf_v1,phase8_role_aware_pmf_cal_v1+monotone_inactive_global_v1,morning,2026-06-13T22:59:51Z,1751c17d#phase10c,9cd4defe-e740-40a1-b3f4-565702c84681,ok,0.0,high,full,current_phase8,fallback_used,projected,derived_from_projected_minutes,23,0.0463
De'Aaron Fox,161,SAS,NYK,True,21716138,pts,starter,stat_grid:pmf_sim_v1+role_aware_pmf_cal_v1:starter+monotone_pit_cdf_v1,phase8_role_aware_pmf_cal_v1+monotone_inactive_global_v1,morning,2026-06-13T22:59:51Z,1751c17d#phase10c,9cd4defe-e740-40a1-b3f4-565702c84681,ok,0.0,high,full,current_phase8,fallback_used,projected,derived_from_projected_minutes,24,0.0275
De'Aaron Fox,161,SAS,NYK,True,21716138,pts,starter,stat_grid:pmf_sim_v1+role_aware_pmf_cal_v1:starter+monotone_pit_cdf_v1,phase8_role_aware_pmf_cal_v1+monotone_inactive_global_v1,morning,2026-06-13T22:59:51Z,1751c17d#phase10c,9cd4defe-e740-40a1-b3f4-565702c84681,ok,0.0,high,full,current_phase8,fallback_used,projected,derived_from_projected_minutes,25,0.0178
De'Aaron Fox,161,SAS,NYK,True,21716138,pts,starter,stat_grid:pmf_sim_v1+role_aware_pmf_cal_v1:starter+monotone_pit_cdf_v1,phase8_role_aware_pmf_cal_v1+monotone_inactive_global_v1,morning,2026-06-13T22:59:51Z,1751c17d#phase10c,9cd4defe-e740-40a1-b3f4-565702c84681,ok,0.0,high,full,current_phase8,fallback_used,projected,derived_from_projected_minutes,26,0.0206
De'Aaron Fox,161,SAS,NYK,True,21716138,pts,starter,stat_grid:pmf_sim_v1+role_aware_pmf_cal_v1:starter+monotone_pit_cdf_v1,phase8_role_aware_pmf_cal_v1+monotone_inactive_global_v1,morning,2026-06-13T22:59:51Z,1751c17d#phase10c,9cd4defe-e740-40a1-b3f4-565702c84681,ok,0.0,high,full,current_phase8,fallback_used,projected,derived_from_projected_minutes,27,0.0099
De'Aaron Fox,161,SAS,NYK,True,21716138,pts,starter,stat_grid:pmf_sim_v1+role_aware_pmf_cal_v1:starter+monotone_pit_cdf_v1,phase8_role_aware_pmf_cal_v1+monotone_inactive_global_v1,morning,2026-06-13T22:59:51Z,1751c17d#phase10c,9cd4defe-e740-40a1-b3f4-565702c84681,ok,0.0,high,full,current_phase8,fallback_used,projected,derived_from_projected_minutes,28,0.0103
De'Aaron Fox,161,SAS,NYK,True,21716138,pts,starter,stat_grid:pmf_sim_v1+role_aware_pmf_cal_v1:starter+monotone_pit_cdf_v1,phase8_role_aware_pmf_cal_v1+monotone_inactive_global_v1,morning,2026-06-13T22:59:51Z,1751c17d#phase10c,9cd4defe-e740-40a1-b3f4-565702c84681,ok,0.0,high,full,current_phase8,fallback_used,projected,derived_from_projected_minutes,29,0.0091
De'Aaron Fox,161,SAS,NYK,True,21716138,pts,starter,stat_grid:pmf_sim_v1+role_aware_pmf_cal_v1:starter+monotone_pit_cdf_v1,phase8_role_aware_pmf_cal_v1+monotone_inactive_global_v1,morning,2026-06-13T22:59:51Z,1751c17d#phase10c,9cd4defe-e740-40a1-b3f4-565702c84681,ok,0.0,high,full,current_phase8,fallback_used,projected,derived_from_projected_minutes,30,0.0095
De'Aaron Fox,161,SAS,NYK,True,21716138,pts,starter,stat_grid:pmf_sim_v1+role_aware_pmf_cal_v1:starter+monotone_pit_cdf_v1,phase8_role_aware_pmf_cal_v1+monotone_inactive_global_v1,morning,2026-06-13T22:59:51Z,1751c17d#phase10c,9cd4defe-e740-40a1-b3f4-565702c84681,ok,0.0,high,full,current_phase8,fallback_used,projected,derived_from_projected_minutes,31,0.0054
De'Aaron Fox,161,SAS,NYK,True,21716138,pts,starter,stat_grid:pmf_sim_v1+role_aware_pmf_cal_v1:starter+monotone_pit_cdf_v1,phase8_role_aware_pmf_cal_v1+monotone_inactive_global_v1,morning,2026-06-13T22:59:51Z,1751c17d#phase10c,9cd4defe-e740-40a1-b3f4-565702c84681,ok,0.0,high,full,current_phase8,fallback_used,projected,derived_from_projected_minutes,32,0.0033
De'Aaron Fox,161,SAS,NYK,True,21716138,pts,starter,stat_grid:pmf_sim_v1+role_aware_pmf_cal_v1:starter+monotone_pit_cdf_v1,phase8_role_aware_pmf_cal_v1+monotone_inactive_global_v1,morning,2026-06-13T22:59:51Z,1751c17d#phase10c,9cd4defe-e740-40a1-b3f4-565702c84681,ok,0.0,high,full,current_phase8,fallback_used,projected,derived_from_projected_minutes,33,0.0034
De'Aaron Fox,161,SAS,NYK,True,21716138,pts,starter,stat_grid:pmf_sim_v1+role_aware_pmf_cal_v1:starter+monotone_pit_cdf_v1,phase8_role_aware_pmf_cal_v1+monotone_inactive_global_v1,morning,2026-06-13T22:59:51Z,1751c17d#phase10c,9cd4defe-e740-40a1-b3f4-565702c84681,ok,0.0,high,full,current_phase8,fallback_used,projected,derived_from_projected_minutes,34,0.0018
De'Aaron Fox,161,SAS,NYK,True,21716138,pts,starter,stat_grid:pmf_sim_v1+role_aware_pmf_cal_v1:starter+monotone_pit_cdf_v1,phase8_role_aware_pmf_cal_v1+monotone_inactive_global_v1,morning,2026-06-13T22:59:51Z,1751c17d#phase10c,9cd4defe-e740-40a1-b3f4-565702c84681,ok,0.0,high,full,current_phase8,fallback_used,projected,derived_from_projected_minutes,35,0.0018
De'Aaron Fox,161,SAS,NYK,True,21716138,pts,starter,stat_grid:pmf_sim_v1+role_aware_pmf_cal_v1:starter+monotone_pit_cdf_v1,phase8_role_aware_pmf_cal_v1+monotone_inactive_global_v1,morning,2026-06-13T22:59:51Z,1751c17d#phase10c,9cd4defe-e740-40a1-b3f4-565702c84681,ok,0.0,high,full,current_phase8,fallback_used,projected,derived_from_projected_minutes,36,0.0004
De'Aaron Fox,161,SAS,NYK,True,21716138,pts,starter,stat_grid:pmf_sim_v1+role_aware_pmf_cal_v1:starter+monotone_pit_cdf_v1,phase8_role_aware_pmf_cal_v1+monotone_inactive_global_v1,morning,2026-06-13T22:59:51Z,1751c17d#phase10c,9cd4defe-e740-40a1-b3f4-565702c84681,ok,0.0,high,full,current_phase8,fallback_used,projected,derived_from_projected_minutes,37,0.0009
De'Aaron Fox,161,SAS,NYK,True,21716138,pts,starter,stat_grid:pmf_sim_v1+role_aware_pmf_cal_v1:starter+monotone_pit_cdf_v1,phase8_role_aware_pmf_cal_v1+monotone_inactive_global_v1,morning,2026-06-13T22:59:51Z,1751c17d#phase10c,9cd4defe-e740-40a1-b3f4-565702c84681,ok,0.0,high,full,current_phase8,fallback_used,projected,derived_from_projected_minutes,38,0.0002
De'Aaron Fox,161,SAS,NYK,True,21716138,pts,starter,stat_grid:pmf_sim_v1+role_aware_pmf_cal_v1:starter+monotone_pit_cdf_v1,phase8_role_aware_pmf_cal_v1+monotone_inactive_global_v1,morning,2026-06-13T22:59:51Z,1751c17d#phase10c,9cd4defe-e740-40a1-b3f4-565702c84681,ok,0.0,high,full,current_phase8,fallback_used,projected,derived_from_projected_minutes,39,0.0001
De'Aaron Fox,161,SAS,NYK,True,21716138,pts,starter,stat_grid:pmf_sim_v1+role_aware_pmf_cal_v1:starter+monotone_pit_cdf_v1,phase8_role_aware_pmf_cal_v1+monotone_inactive_global_v1,morning,2026-06-13T22:59:51Z,1751c17d#phase10c,9cd4defe-e740-40a1-b3f4-565702c84681,ok,0.0,high,full,current_phase8,fallback_used,projected,derived_from_projected_minutes,40,0.0002
De'Aaron Fox,161,SAS,NYK,True,21716138,pts,starter,stat_grid:pmf_sim_v1+role_aware_pmf_cal_v1:starter+monotone_pit_cdf_v1,phase8_role_aware_pmf_cal_v1+monotone_inactive_global_v1,morning,2026-06-13T22:59:51Z,1751c17d#phase10c,9cd4defe-e740-40a1-b3f4-565702c84681,ok,0.0,high,full,current_phase8,fallback_used,projected,derived_from_projected_minutes,41,0.0002
De'Aaron Fox,161,SAS,NYK,True,21716138,pts,starter,stat_grid:pmf_sim_v1+role_aware_pmf_cal_v1:starter+monotone_pit_cdf_v1,phase8_role_aware_pmf_cal_v1+monotone_inactive_global_v1,morning,2026-06-13T22:59:51Z,1751c17d#phase10c,9cd4defe-e740-40a1-b3f4-565702c84681,ok,0.0,high,full,current_phase8,fallback_used,projected,derived_from_projected_minutes,42,0.0001
De'Aaron Fox,161,SAS,NYK,True,21716138,pts,starter,stat_grid:pmf_sim_v1+role_aware_pmf_cal_v1:starter+monotone_pit_cdf_v1,phase8_role_aware_pmf_cal_v1+monotone_inactive_global_v1,morning,2026-06-13T22:59:51Z,1751c17d#phase10c,9cd4defe-e740-40a1-b3f4-565702c84681,ok,0.0,high,full,current_phase8,fallback_used,projected,derived_from_projected_minutes,43,0.0
De'Aaron Fox,161,SAS,NYK,True,21716138,pts,starter,stat_grid:pmf_sim_v1+role_aware_pmf_cal_v1:starter+monotone_pit_cdf_v1,phase8_role_aware_pmf_cal_v1+monotone_inactive_global_v1,morning,2026-06-13T22:59:51Z,1751c17d#phase10c,9cd4defe-e740-40a1-b3f4-565702c84681,ok,0.0,high,full,current_phase8,fallback_used,projected,derived_from_projected_minutes,44,0.0001
De'Aaron Fox,161,SAS,NYK,True,21716138,pts,starter,stat_grid:pmf_sim_v1+role_aware_pmf_cal_v1:starter+monotone_pit_cdf_v1,phase8_role_aware_pmf_cal_v1+monotone_inactive_global_v1,morning,2026-06-13T22:59:51Z,1751c17d#phase10c,9cd4defe-e740-40a1-b3f4-565702c84681,ok,0.0,high,full,current_phase8,fallback_used,projected,derived_from_projected_minutes,45,0.0
De'Aaron Fox,161,SAS,NYK,True,21716138,pts,starter,stat_grid:pmf_sim_v1+role_aware_pmf_cal_v1:starter+monotone_pit_cdf_v1,phase8_role_aware_pmf_cal_v1+monotone_inactive_global_v1,morning,2026-06-13T22:59:51Z,1751c17d#phase10c,9cd4defe-e740-40a1-b3f4-565702c84681,ok,0.0,high,full,current_phase8,fallback_used,projected,derived_from_projected_minutes,46,0.0
De'Aaron Fox,161,SAS,NYK,True,21716138,pts,starter,stat_grid:pmf_sim_v1+role_aware_pmf_cal_v1:starter+monotone_pit_cdf_v1,phase8_role_aware_pmf_cal_v1+monotone_inactive_global_v1,morning,2026-06-13T22:59:51Z,1751c17d#phase10c,9cd4defe-e740-40a1-b3f4-565702c84681,ok,0.0,high,full,current_phase8,fallback_used,projected,derived_from_projected_minutes,47,0.0
De'Aaron Fox,161,SAS,NYK,True,21716138,pts,starter,stat_grid:pmf_sim_v1+role_aware_pmf_cal_v1:starter+monotone_pit_cdf_v1,phase8_role_aware_pmf_cal_v1+monotone_inactive_global_v1,morning,2026-06-13T22:59:51Z,1751c17d#phase10c,9cd4defe-e740-40a1-b3f4-565702c84681,ok,0.0,high,full,current_phase8,fallback_used,projected,derived_from_projected_minutes,48,0.0
De'Aaron Fox,161,SAS,NYK,True,21716138,pts,starter,stat_grid:pmf_sim_v1+role_aware_pmf_cal_v1:starter+monotone_pit_cdf_v1,phase8_role_aware_pmf_cal_v1+monotone_inactive_global_v1,morning,2026-06-13T22:59:51Z,1751c17d#phase10c,9cd4defe-e740-40a1-b3f4-565702c84681,ok,0.0,high,full,current_phase8,fallback_used,projected,derived_from_projected_minutes,49,0.0
De'Aaron Fox,161,SAS,NYK,True,21716138,pts,starter,stat_grid:pmf_sim_v1+role_aware_pmf_cal_v1:starter+monotone_pit_cdf_v1,phase8_role_aware_pmf_cal_v1+monotone_inactive_global_v1,morning,2026-06-13T22:59:51Z,1751c17d#phase10c,9cd4defe-e740-40a1-b3f4-565702c84681,ok,0.0,high,full,current_phase8,fallback_used,projected,derived_from_projected_minutes,50,0.0
De'Aaron Fox,161,SAS,NYK,True,21716138,pts,starter,stat_grid:pmf_sim_v1+role_aware_pmf_cal_v1:starter+monotone_pit_cdf_v1,phase8_role_aware_pmf_cal_v1+monotone_inactive_global_v1,morning,2026-06-13T22:59:51Z,1751c17d#phase10c,9cd4defe-e740-40a1-b3f4-565702c84681,ok,0.0,high,full,current_phase8,fallback_used,projected,derived_from_projected_minutes,51,0.0
De'Aaron Fox,161,SAS,NYK,True,21716138,pts,starter,stat_grid:pmf_sim_v1+role_aware_pmf_cal_v1:starter+monotone_pit_cdf_v1,phase8_role_aware_pmf_cal_v1+monotone_inactive_global_v1,morning,2026-06-13T22:59:51Z,1751c17d#phase10c,9cd4defe-e740-40a1-b3f4-565702c84681,ok,0.0,high,full,current_phase8,fallback_used,projected,derived_from_projected_minutes,52,0.0
De'Aaron Fox,161,SAS,NYK,True,21716138,pts,starter,stat_grid:pmf_sim_v1+role_aware_pmf_cal_v1:starter+monotone_pit_cdf_v1,phase8_role_aware_pmf_cal_v1+monotone_inactive_global_v1,morning,2026-06-13T22:59:51Z,1751c17d#phase10c,9cd4defe-e740-40a1-b3f4-565702c84681,ok,0.0,high,full,current_phase8,fallback_used,projected,derived_from_projected_minutes,53,0.0
De'Aaron Fox,161,SAS,NYK,True,21716138,pts,starter,stat_grid:pmf_sim_v1+role_aware_pmf_cal_v1:starter+monotone_pit_cdf_v1,phase8_role_aware_pmf_cal_v1+monotone_inactive_global_v1,morning,2026-06-13T22:59:51Z,1751c17d#phase10c,9cd4defe-e740-40a1-b3f4-565702c84681,ok,0.0,high,full,current_phase8,fallback_used,projected,derived_from_projected_minutes,54,0.0
De'Aaron Fox,161,SAS,NYK,True,21716138,pts,starter,stat_grid:pmf_sim_v1+role_aware_pmf_cal_v1:starter+monotone_pit_cdf_v1,phase8_role_aware_pmf_cal_v1+monotone_inactive_global_v1,morning,2026-06-13T22:59:51Z,1751c17d#phase10c,9cd4defe-e740-40a1-b3f4-565702c84681,ok,0.0,high,full,current_phase8,fallback_used,projected,derived_from_projected_minutes,55,0.0
De'Aaron Fox,161,SAS,NYK,True,21716138,pts,starter,stat_grid:pmf_sim_v1+role_aware_pmf_cal_v1:starter+monotone_pit_cdf_v1,phase8_role_aware_pmf_cal_v1+monotone_inactive_global_v1,morning,2026-06-13T22:59:51Z,1751c17d#phase10c,9cd4defe-e740-40a1-b3f4-565702c84681,ok,0.0,high,full,current_phase8,fallback_used,projected,derived_from_projected_minutes,56,0.0
De'Aaron Fox,161,SAS,NYK,True,21716138,pts,starter,stat_grid:pmf_sim_v1+role_aware_pmf_cal_v1:starter+monotone_pit_cdf_v1,phase8_role_aware_pmf_cal_v1+monotone_inactive_global_v1,morning,2026-06-13T22:59:51Z,1751c17d#phase10c,9cd4defe-e740-40a1-b3f4-565702c84681,ok,0.0,high,full,current_phase8,fallback_used,projected,derived_from_projected_minutes,57,0.0
De'Aaron Fox,161,SAS,NYK,True,21716138,pts,starter,stat_grid:pmf_sim_v1+role_aware_pmf_cal_v1:starter+monotone_pit_cdf_v1,phase8_role_aware_pmf_cal_v1+monotone_inactive_global_v1,morning,2026-06-13T22:59:51Z,1751c17d#phase10c,9cd4defe-e740-40a1-b3f4-565702c84681,ok,0.0,high,full,current_phase8,fallback_used,projected,derived_from_projected_minutes,58,0.0
De'Aaron Fox,161,SAS,NYK,True,21716138,pts,starter,stat_grid:pmf_sim_v1+role_aware_pmf_cal_v1:starter+monotone_pit_cdf_v1,phase8_role_aware_pmf_cal_v1+monotone_inactive_global_v1,morning,2026-06-13T22:59:51Z,1751c17d#phase10c,9cd4defe-e740-40a1-b3f4-565702c84681,ok,0.0,high,full,current_phase8,fallback_used,projected,derived_from_projected_minutes,59,0.0
De'Aaron Fox,161,SAS,NYK,True,21716138,pts,starter,stat_grid:pmf_sim_v1+role_aware_pmf_cal_v1:starter+monotone_pit_cdf_v1,phase8_role_aware_pmf_cal_v1+monotone_inactive_global_v1,morning,2026-06-13T22:59:51Z,1751c17d#phase10c,9cd4defe-e740-40a1-b3f4-565702c84681,ok,0.0,high,full,current_phase8,fallback_used,projected,derived_from_projected_minutes,60,0.0
De'Aaron Fox,161,SAS,NYK,True,21716138,pts,starter,stat_grid:pmf_sim_v1+role_aware_pmf_cal_v1:starter+monotone_pit_cdf_v1,phase8_role_aware_pmf_cal_v1+monotone_inactive_global_v1,morning,2026-06-13T22:59:51Z,1751c17d#phase10c,9cd4defe-e740-40a1-b3f4-565702c84681,ok,0.0,high,full,current_phase8,fallback_used,projected,derived_from_projected_minutes,61,0.0
De'Aaron Fox,161,SAS,NYK,True,21716138,pts,starter,stat_grid:pmf_sim_v1+role_aware_pmf_cal_v1:starter+monotone_pit_cdf_v1,phase8_role_aware_pmf_cal_v1+monotone_inactive_global_v1,morning,2026-06-13T22:59:51Z,1751c17d#phase10c,9cd4defe-e740-40a1-b3f4-565702c84681,ok,0.0,high,full,current_phase8,fallback_used,projected,derived_from_projected_minutes,62,0.0
De'Aaron Fox,161,SAS,NYK,True,21716138,pts,starter,stat_grid:pmf_sim_v1+role_aware_pmf_cal_v1:starter+monotone_pit_cdf_v1,phase8_role_aware_pmf_cal_v1+monotone_inactive_global_v1,morning,2026-06-13T22:59:51Z,1751c17d#phase10c,9cd4defe-e740-40a1-b3f4-565702c84681,ok,0.0,high,full,current_phase8,fallback_used,projected,derived_from_projected_minutes,63,0.0
De'Aaron Fox,161,SAS,NYK,True,21716138,pts,starter,stat_grid:pmf_sim_v1+role_aware_pmf_cal_v1:starter+monotone_pit_cdf_v1,phase8_role_aware_pmf_cal_v1+monotone_inactive_global_v1,morning,2026-06-13T22:59:51Z,1751c17d#phase10c,9cd4defe-e740-40a1-b3f4-565702c84681,ok,0.0,high,full,current_phase8,fallback_used,projected,derived_from_projected_minutes,64,0.0
De'Aaron Fox,161,SAS,NYK,True,21716138,pts,starter,stat_grid:pmf_sim_v1+role_aware_pmf_cal_v1:starter+monotone_pit_cdf_v1,phase8_role_aware_pmf_cal_v1+monotone_inactive_global_v1,morning,2026-06-13T22:59:51Z,1751c17d#phase10c,9cd4defe-e740-40a1-b3f4-565702c84681,ok,0.0,high,full,current_phase8,fallback_used,projected,derived_from_projected_minutes,65,0.0
De'Aaron Fox,161,SAS,NYK,True,21716138,pts,starter,stat_grid:pmf_sim_v1+role_aware_pmf_cal_v1:starter+monotone_pit_cdf_v1,phase8_role_aware_pmf_cal_v1+monotone_inactive_global_v1,morning,2026-06-13T22:59:51Z,1751c17d#phase10c,9cd4defe-e740-40a1-b3f4-565702c84681,ok,0.0,high,full,current_phase8,fallback_used,projected,derived_from_projected_minutes,66,0.0
De'Aaron Fox,161,SAS,NYK,True,21716138,pts,starter,stat_grid:pmf_sim_v1+role_aware_pmf_cal_v1:starter+monotone_pit_cdf_v1,phase8_role_aware_pmf_cal_v1+monotone_inactive_global_v1,morning,2026-06-13T22:59:51Z,1751c17d#phase10c,9cd4defe-e740-40a1-b3f4-565702c84681,ok,0.0,high,full,current_phase8,fallback_used,projected,derived_from_projected_minutes,67,0.0
De'Aaron Fox,161,SAS,NYK,True,21716138,pts,starter,stat_grid:pmf_sim_v1+role_aware_pmf_cal_v1:starter+monotone_pit_cdf_v1,phase8_role_aware_pmf_cal_v1+monotone_inactive_global_v1,morning,2026-06-13T22:59:51Z,1751c17d#phase10c,9cd4defe-e740-40a1-b3f4-565702c84681,ok,0.0,high,full,current_phase8,fallback_used,projected,derived_from_projected_minutes,68,0.0
De'Aaron Fox,161,SAS,NYK,True,21716138,pts,starter,stat_grid:pmf_sim_v1+role_aware_pmf_cal_v1:starter+monotone_pit_cdf_v1,phase8_role_aware_pmf_cal_v1+monotone_inactive_global_v1,morning,2026-06-13T22:59:51Z,1751c17d#phase10c,9cd4defe-e740-40a1-b3f4-565702c84681,ok,0.0,high,full,current_phase8,fallback_used,projected,derived_from_projected_minutes,69,0.0
De'Aaron Fox,161,SAS,NYK,True,21716138,pts,starter,stat_grid:pmf_sim_v1+role_aware_pmf_cal_v1:starter+monotone_pit_cdf_v1,phase8_role_aware_pmf_cal_v1+monotone_inactive_global_v1,morning,2026-06-13T22:59:51Z,1751c17d#phase10c,9cd4defe-e740-40a1-b3f4-565702c84681,ok,0.0,high,full,current_phase8,fallback_used,projected,derived_from_projected_minutes,70,0.0
De'Aaron Fox,161,SAS,NYK,True,21716138,pts,starter,stat_grid:pmf_sim_v1+role_aware_pmf_cal_v1:starter+monotone_pit_cdf_v1,phase8_role_aware_pmf_cal_v1+monotone_inactive_global_v1,morning,2026-06-13T22:59:51Z,1751c17d#phase10c,9cd4defe-e740-40a1-b3f4-565702c84681,ok,0.0,high,full,current_phase8,fallback_used,projected,derived_from_projected_minutes,71,0.0
De'Aaron Fox,161,SAS,NYK,True,21716138,pts,starter,stat_grid:pmf_sim_v1+role_aware_pmf_cal_v1:starter+monotone_pit_cdf_v1,phase8_role_aware_pmf_cal_v1+monotone_inactive_global_v1,morning,2026-06-13T22:59:51Z,1751c17d#phase10c,9cd4defe-e740-40a1-b3f4-565702c84681,ok,0.0,high,full,current_phase8,fallback_used,projected,derived_from_projected_minutes,72,0.0
De'Aaron Fox,161,SAS,NYK,True,21716138,pts,starter,stat_grid:pmf_sim_v1+role_aware_pmf_cal_v1:starter+monotone_pit_cdf_v1,phase8_role_aware_pmf_cal_v1+monotone_inactive_global_v1,morning,2026-06-13T22:59:51Z,1751c17d#phase10c,9cd4defe-e740-40a1-b3f4-565702c84681,ok,0.0,high,full,current_phase8,fallback_used,projected,derived_from_projected_minutes,73,0.0
De'Aaron Fox,161,SAS,NYK,True,21716138,pts,starter,stat_grid:pmf_sim_v1+role_aware_pmf_cal_v1:starter+monotone_pit_cdf_v1,phase8_role_aware_pmf_cal_v1+monotone_inactive_global_v1,morning,2026-06-13T22:59:51Z,1751c17d#phase10c,9cd4defe-e740-40a1-b3f4-565702c84681,ok,0.0,high,full,current_phase8,fallback_used,projected,derived_from_projected_minutes,74,0.0
De'Aaron Fox,161,SAS,NYK,True,21716138,pts,starter,stat_grid:pmf_sim_v1+role_aware_pmf_cal_v1:starter+monotone_pit_cdf_v1,phase8_role_aware_pmf_cal_v1+monotone_inactive_global_v1,morning,2026-06-13T22:59:51Z,1751c17d#phase10c,9cd4defe-e740-40a1-b3f4-565702c84681,ok,0.0,high,full,current_phase8,fallback_used,projected,derived_from_projected_minutes,75,0.0
De'Aaron Fox,161,SAS,NYK,True,21716138,pts,starter,stat_grid:pmf_sim_v1+role_aware_pmf_cal_v1:starter+monotone_pit_cdf_v1,phase8_role_aware_pmf_cal_v1+monotone_inactive_global_v1,morning,2026-06-13T22:59:51Z,1751c17d#phase10c,9cd4defe-e740-40a1-b3f4-565702c84681,ok,0.0,high,full,current_phase8,fallback_used,projected,derived_from_projected_minutes,76,0.0
De'Aaron Fox,161,SAS,NYK,True,21716138,pts,starter,stat_grid:pmf_sim_v1+role_aware_pmf_cal_v1:starter+monotone_pit_cdf_v1,phase8_role_aware_pmf_cal_v1+monotone_inactive_global_v1,morning,2026-06-13T22:59:51Z,1751c17d#phase10c,9cd4defe-e740-40a1-b3f4-565702c84681,ok,0.0,high,full,current_phase8,fallback_used,projected,derived_from_projected_minutes,77,0.0
De'Aaron Fox,161,SAS,NYK,True,21716138,pts,starter,stat_grid:pmf_sim_v1+role_aware_pmf_cal_v1:starter+monotone_pit_cdf_v1,phase8_role_aware_pmf_cal_v1+monotone_inactive_global_v1,morning,2026-06-13T22:59:51Z,1751c17d#phase10c,9cd4defe-e740-40a1-b3f4-565702c84681,ok,0.0,high,full,current_phase8,fallback_used,projected,derived_from_projected_minutes,78,0.0
De'Aaron Fox,161,SAS,NYK,True,21716138,pts,starter,stat_grid:pmf_sim_v1+role_aware_pmf_cal_v1:starter+monotone_pit_cdf_v1,phase8_role_aware_pmf_cal_v1+monotone_inactive_global_v1,morning,2026-06-13T22:59:51Z,1751c17d#phase10c,9cd4defe-e740-40a1-b3f4-565702c84681,ok,0.0,high,full,current_phase8,fallback_used,projected,derived_from_projected_minutes,79,0.0
De'Aaron Fox,161,SAS,NYK,True,21716138,pts,starter,stat_grid:pmf_sim_v1+role_aware_pmf_cal_v1:starter+monotone_pit_cdf_v1,phase8_role_aware_pmf_cal_v1+monotone_inactive_global_v1,morning,2026-06-13T22:59:51Z,1751c17d#phase10c,9cd4defe-e740-40a1-b3f4-565702c84681,ok,0.0,high,full,current_phase8,fallback_used,projected,derived_from_projected_minutes,80,0.0
De'Aaron Fox,161,SAS,NYK,True,21716138,reb,starter,stat_grid:pmf_sim_v1+role_aware_pmf_cal_v1:starter+monotone_pit_cdf_v1,phase8_role_aware_pmf_cal_v1+monotone_inactive_global_v1,morning,2026-06-13T22:59:51Z,1751c17d#phase10c,9cd4defe-e740-40a1-b3f4-565702c84681,ok,0.0,high,full,current_phase8,fallback_used,projected,derived_from_projected_minutes,0,0.0053
De'Aaron Fox,161,SAS,NYK,True,21716138,reb,starter,stat_grid:pmf_sim_v1+role_aware_pmf_cal_v1:starter+monotone_pit_cdf_v1,phase8_role_aware_pmf_cal_v1+monotone_inactive_global_v1,morning,2026-06-13T22:59:51Z,1751c17d#phase10c,9cd4defe-e740-40a1-b3f4-565702c84681,ok,0.0,high,full,current_phase8,fallback_used,projected,derived_from_projected_minutes,1,0.0172
De'Aaron Fox,161,SAS,NYK,True,21716138,reb,starter,stat_grid:pmf_sim_v1+role_aware_pmf_cal_v1:starter+monotone_pit_cdf_v1,phase8_role_aware_pmf_cal_v1+monotone_inactive_global_v1,morning,2026-06-13T22:59:51Z,1751c17d#phase10c,9cd4defe-e740-40a1-b3f4-565702c84681,ok,0.0,high,full,current_phase8,fallback_used,projected,derived_from_projected_minutes,2,0.0613
De'Aaron Fox,161,SAS,NYK,True,21716138,reb,starter,stat_grid:pmf_sim_v1+role_aware_pmf_cal_v1:starter+monotone_pit_cdf_v1,phase8_role_aware_pmf_cal_v1+monotone_inactive_global_v1,morning,2026-06-13T22:59:51Z,1751c17d#phase10c,9cd4defe-e740-40a1-b3f4-565702c84681,ok,0.0,high,full,current_phase8,fallback_used,projected,derived_from_projected_minutes,3,0.1587
De'Aaron Fox,161,SAS,NYK,True,21716138,reb,starter,stat_grid:pmf_sim_v1+role_aware_pmf_cal_v1:starter+monotone_pit_cdf_v1,phase8_role_aware_pmf_cal_v1+monotone_inactive_global_v1,morning,2026-06-13T22:59:51Z,1751c17d#phase10c,9cd4defe-e740-40a1-b3f4-565702c84681,ok,0.0,high,full,current_phase8,fallback_used,projected,derived_from_projected_minutes,4,0.1931
De'Aaron Fox,161,SAS,NYK,True,21716138,reb,starter,stat_grid:pmf_sim_v1+role_aware_pmf_cal_v1:starter+monotone_pit_cdf_v1,phase8_role_aware_pmf_cal_v1+monotone_inactive_global_v1,morning,2026-06-13T22:59:51Z,1751c17d#phase10c,9cd4defe-e740-40a1-b3f4-565702c84681,ok,0.0,high,full,current_phase8,fallback_used,projected,derived_from_projected_minutes,5,0.2834
De'Aaron Fox,161,SAS,NYK,True,21716138,reb,starter,stat_grid:pmf_sim_v1+role_aware_pmf_cal_v1:starter+monotone_pit_cdf_v1,phase8_role_aware_pmf_cal_v1+monotone_inactive_global_v1,morning,2026-06-13T22:59:51Z,1751c17d#phase10c,9cd4defe-e740-40a1-b3f4-565702c84681,ok,0.0,high,full,current_phase8,fallback_used,projected,derived_from_projected_minutes,6,0.1515
De'Aaron Fox,161,SAS,NYK,True,21716138,reb,starter,stat_grid:pmf_sim_v1+role_aware_pmf_cal_v1:starter+monotone_pit_cdf_v1,phase8_role_aware_pmf_cal_v1+monotone_inactive_global_v1,morning,2026-06-13T22:59:51Z,1751c17d#phase10c,9cd4defe-e740-40a1-b3f4-565702c84681,ok,0.0,high,full,current_phase8,fallback_used,projected,derived_from_projected_minutes,7,0.0888
De'Aaron Fox,161,SAS,NYK,True,21716138,reb,starter,stat_grid:pmf_sim_v1+role_aware_pmf_cal_v1:starter+monotone_pit_cdf_v1,phase8_role_aware_pmf_cal_v1+monotone_inactive_global_v1,morning,2026-06-13T22:59:51Z,1751c17d#phase10c,9cd4defe-e740-40a1-b3f4-565702c84681,ok,0.0,high,full,current_phase8,fallback_used,projected,derived_from_projected_minutes,8,0.0303
De'Aaron Fox,161,SAS,NYK,True,21716138,reb,starter,stat_grid:pmf_sim_v1+role_aware_pmf_cal_v1:starter+monotone_pit_cdf_v1,phase8_role_aware_pmf_cal_v1+monotone_inactive_global_v1,morning,2026-06-13T22:59:51Z,1751c17d#phase10c,9cd4defe-e740-40a1-b3f4-565702c84681,ok,0.0,high,full,current_phase8,fallback_used,projected,derived_from_projected_minutes,9,0.0079
De'Aaron Fox,161,SAS,NYK,True,21716138,reb,starter,stat_grid:pmf_sim_v1+role_aware_pmf_cal_v1:starter+monotone_pit_cdf_v1,phase8_role_aware_pmf_cal_v1+monotone_inactive_global_v1,morning,2026-06-13T22:59:51Z,1751c17d#phase10c,9cd4defe-e740-40a1-b3f4-565702c84681,ok,0.0,high,full,current_phase8,fallback_used,projected,derived_from_projected_minutes,10,0.0019
De'Aaron Fox,161,SAS,NYK,True,21716138,reb,starter,stat_grid:pmf_sim_v1+role_aware_pmf_cal_v1:starter+monotone_pit_cdf_v1,phase8_role_aware_pmf_cal_v1+monotone_inactive_global_v1,morning,2026-06-13T22:59:51Z,1751c17d#phase10c,9cd4defe-e740-40a1-b3f4-565702c84681,ok,0.0,high,full,current_phase8,fallback_used,projected,derived_from_projected_minutes,11,0.0006
De'Aaron Fox,161,SAS,NYK,True,21716138,reb,starter,stat_grid:pmf_sim_v1+role_aware_pmf_cal_v1:starter+monotone_pit_cdf_v1,phase8_role_aware_pmf_cal_v1+monotone_inactive_global_v1,morning,2026-06-13T22:59:51Z,1751c17d#phase10c,9cd4defe-e740-40a1-b3f4-565702c84681,ok,0.0,high,full,current_phase8,fallback_used,projected,derived_from_projected_minutes,12,0.0
De'Aaron Fox,161,SAS,NYK,True,21716138,reb,starter,stat_grid:pmf_sim_v1+role_aware_pmf_cal_v1:starter+monotone_pit_cdf_v1,phase8_role_aware_pmf_cal_v1+monotone_inactive_global_v1,morning,2026-06-13T22:59:51Z,1751c17d#phase10c,9cd4defe-e740-40a1-b3f4-565702c84681,ok,0.0,high,full,current_phase8,fallback_used,projected,derived_from_projected_minutes,13,0.0
De'Aaron Fox,161,SAS,NYK,True,21716138,reb,starter,stat_grid:pmf_sim_v1+role_aware_pmf_cal_v1:starter+monotone_pit_cdf_v1,phase8_role_aware_pmf_cal_v1+monotone_inactive_global_v1,morning,2026-06-13T22:59:51Z,1751c17d#phase10c,9cd4defe-e740-40a1-b3f4-565702c84681,ok,0.0,high,full,current_phase8,fallback_used,projected,derived_from_projected_minutes,14,0.0
De'Aaron Fox,161,SAS,NYK,True,21716138,reb,starter,stat_grid:pmf_sim_v1+role_aware_pmf_cal_v1:starter+monotone_pit_cdf_v1,phase8_role_aware_pmf_cal_v1+monotone_inactive_global_v1,morning,2026-06-13T22:59:51Z,1751c17d#phase10c,9cd4defe-e740-40a1-b3f4-565702c84681,ok,0.0,high,full,current_phase8,fallback_used,projected,derived_from_projected_minutes,15,0.0
De'Aaron Fox,161,SAS,NYK,True,21716138,reb,starter,stat_grid:pmf_sim_v1+role_aware_pmf_cal_v1:starter+monotone_pit_cdf_v1,phase8_role_aware_pmf_cal_v1+monotone_inactive_global_v1,morning,2026-06-13T22:59:51Z,1751c17d#phase10c,9cd4defe-e740-40a1-b3f4-565702c84681,ok,0.0,high,full,current_phase8,fallback_used,projected,derived_from_projected_minutes,16,0.0
De'Aaron Fox,161,SAS,NYK,True,21716138,reb,starter,stat_grid:pmf_sim_v1+role_aware_pmf_cal_v1:starter+monotone_pit_cdf_v1,phase8_role_aware_pmf_cal_v1+monotone_inactive_global_v1,morning,2026-06-13T22:59:51Z,1751c17d#phase10c,9cd4defe-e740-40a1-b3f4-565702c84681,ok,0.0,high,full,current_phase8,fallback_used,projected,derived_from_projected_minutes,17,0.0
De'Aaron Fox,161,SAS,NYK,True,21716138,reb,starter,stat_grid:pmf_sim_v1+role_aware_pmf_cal_v1:starter+monotone_pit_cdf_v1,phase8_role_aware_pmf_cal_v1+monotone_inactive_global_v1,morning,2026-06-13T22:59:51Z,1751c17d#phase10c,9cd4defe-e740-40a1-b3f4-565702c84681,ok,0.0,high,full,current_phase8,fallback_used,projected,derived_from_projected_minutes,18,0.0
De'Aaron Fox,161,SAS,NYK,True,21716138,reb,starter,stat_grid:pmf_sim_v1+role_aware_pmf_cal_v1:starter+monotone_pit_cdf_v1,phase8_role_aware_pmf_cal_v1+monotone_inactive_global_v1,morning,2026-06-13T22:59:51Z,1751c17d#phase10c,9cd4defe-e740-40a1-b3f4-565702c84681,ok,0.0,high,full,current_phase8,fallback_used,projected,derived_from_projected_minutes,19,0.0
De'Aaron Fox,161,SAS,NYK,True,21716138,reb,starter,stat_grid:pmf_sim_v1+role_aware_pmf_cal_v1:starter+monotone_pit_cdf_v1,phase8_role_aware_pmf_cal_v1+monotone_inactive_global_v1,morning,2026-06-13T22:59:51Z,1751c17d#phase10c,9cd4defe-e740-40a1-b3f4-565702c84681,ok,0.0,high,full,current_phase8,fallback_used,projected,derived_from_projected_minutes,20,0.0
De'Aaron Fox,161,SAS,NYK,True,21716138,reb,starter,stat_grid:pmf_sim_v1+role_aware_pmf_cal_v1:starter+monotone_pit_cdf_v1,phase8_role_aware_pmf_cal_v1+monotone_inactive_global_v1,morning,2026-06-13T22:59:51Z,1751c17d#phase10c,9cd4defe-e740-40a1-b3f4-565702c84681,ok,0.0,high,full,current_phase8,fallback_used,projected,derived_from_projected_minutes,21,0.0
De'Aaron Fox,161,SAS,NYK,True,21716138,reb,starter,stat_grid:pmf_sim_v1+role_aware_pmf_cal_v1:starter+monotone_pit_cdf_v1,phase8_role_aware_pmf_cal_v1+monotone_inactive_global_v1,morning,2026-06-13T22:59:51Z,1751c17d#phase10c,9cd4defe-e740-40a1-b3f4-565702c84681,ok,0.0,high,full,current_phase8,fallback_used,projected,derived_from_projected_minutes,22,0.0
De'Aaron Fox,161,SAS,NYK,True,21716138,reb,starter,stat_grid:pmf_sim_v1+role_aware_pmf_cal_v1:starter+monotone_pit_cdf_v1,phase8_role_aware_pmf_cal_v1+monotone_inactive_global_v1,morning,2026-06-13T22:59:51Z,1751c17d#phase10c,9cd4defe-e740-40a1-b3f4-565702c84681,ok,0.0,high,full,current_phase8,fallback_used,projected,derived_from_projected_minutes,23,0.0
De'Aaron Fox,161,SAS,NYK,True,21716138,reb,starter,stat_grid:pmf_sim_v1+role_aware_pmf_cal_v1:starter+monotone_pit_cdf_v1,phase8_role_aware_pmf_cal_v1+monotone_inactive_global_v1,morning,2026-06-13T22:59:51Z,1751c17d#phase10c,9cd4defe-e740-40a1-b3f4-565702c84681,ok,0.0,high,full,current_phase8,fallback_used,projected,derived_from_projected_minutes,24,0.0
De'Aaron Fox,161,SAS,NYK,True,21716138,reb,starter,stat_grid:pmf_sim_v1+role_aware_pmf_cal_v1:starter+monotone_pit_cdf_v1,phase8_role_aware_pmf_cal_v1+monotone_inactive_global_v1,morning,2026-06-13T22:59:51Z,1751c17d#phase10c,9cd4defe-e740-40a1-b3f4-565702c84681,ok,0.0,high,full,current_phase8,fallback_used,projected,derived_from_projected_minutes,25,0.0
De'Aaron Fox,161,SAS,NYK,True,21716138,reb,starter,stat_grid:pmf_sim_v1+role_aware_pmf_cal_v1:starter+monotone_pit_cdf_v1,phase8_role_aware_pmf_cal_v1+monotone_inactive_global_v1,morning,2026-06-13T22:59:51Z,1751c17d#phase10c,9cd4defe-e740-40a1-b3f4-565702c84681,ok,0.0,high,full,current_phase8,fallback_used,projected,derived_from_projected_minutes,26,0.0
De'Aaron Fox,161,SAS,NYK,True,21716138,reb,starter,stat_grid:pmf_sim_v1+role_aware_pmf_cal_v1:starter+monotone_pit_cdf_v1,phase8_role_aware_pmf_cal_v1+monotone_inactive_global_v1,morning,2026-06-13T22:59:51Z,1751c17d#phase10c,9cd4defe-e740-40a1-b3f4-565702c84681,ok,0.0,high,full,current_phase8,fallback_used,projected,derived_from_projected_minutes,27,0.0
De'Aaron Fox,161,SAS,NYK,True,21716138,reb,starter,stat_grid:pmf_sim_v1+role_aware_pmf_cal_v1:starter+monotone_pit_cdf_v1,phase8_role_aware_pmf_cal_v1+monotone_inactive_global_v1,morning,2026-06-13T22:59:51Z,1751c17d#phase10c,9cd4defe-e740-40a1-b3f4-565702c84681,ok,0.0,high,full,current_phase8,fallback_used,projected,derived_from_projected_minutes,28,0.0
De'Aaron Fox,161,SAS,NYK,True,21716138,reb,starter,stat_grid:pmf_sim_v1+role_aware_pmf_cal_v1:starter+monotone_pit_cdf_v1,phase8_role_aware_pmf_cal_v1+monotone_inactive_global_v1,morning,2026-06-13T22:59:51Z,1751c17d#phase10c,9cd4defe-e740-40a1-b3f4-565702c84681,ok,0.0,high,full,current_phase8,fallback_used,projected,derived_from_projected_minutes,29,0.0
De'Aaron Fox,161,SAS,NYK,True,21716138,reb,starter,stat_grid:pmf_sim_v1+role_aware_pmf_cal_v1:starter+monotone_pit_cdf_v1,phase8_role_aware_pmf_cal_v1+monotone_inactive_global_v1,morning,2026-06-13T22:59:51Z,1751c17d#phase10c,9cd4defe-e740-40a1-b3f4-565702c84681,ok,0.0,high,full,current_phase8,fallback_used,projected,derived_from_projected_minutes,30,0.0
De'Aaron Fox,161,SAS,NYK,True,21716138,ast,starter,stat_grid:pmf_sim_v1+role_aware_pmf_cal_v1:starter+monotone_pit_cdf_v1,phase8_role_aware_pmf_cal_v1+monotone_inactive_global_v1,morning,2026-06-13T22:59:51Z,1751c17d#phase10c,9cd4defe-e740-40a1-b3f4-565702c84681,ok,0.0,high,full,current_phase8,fallback_used,projected,derived_from_projected_minutes,0,0.0051
De'Aaron Fox,161,SAS,NYK,True,21716138,ast,starter,stat_grid:pmf_sim_v1+role_aware_pmf_cal_v1:starter+monotone_pit_cdf_v1,phase8_role_aware_pmf_cal_v1+monotone_inactive_global_v1,morning,2026-06-13T22:59:51Z,1751c17d#phase10c,9cd4defe-e740-40a1-b3f4-565702c84681,ok,0.0,high,full,current_phase8,fallback_used,projected,derived_from_projected_minutes,1,0.0045
De'Aaron Fox,161,SAS,NYK,True,21716138,ast,starter,stat_grid:pmf_sim_v1+role_aware_pmf_cal_v1:starter+monotone_pit_cdf_v1,phase8_role_aware_pmf_cal_v1+monotone_inactive_global_v1,morning,2026-06-13T22:59:51Z,1751c17d#phase10c,9cd4defe-e740-40a1-b3f4-565702c84681,ok,0.0,high,full,current_phase8,fallback_used,projected,derived_from_projected_minutes,2,0.0139
De'Aaron Fox,161,SAS,NYK,True,21716138,ast,starter,stat_grid:pmf_sim_v1+role_aware_pmf_cal_v1:starter+monotone_pit_cdf_v1,phase8_role_aware_pmf_cal_v1+monotone_inactive_global_v1,morning,2026-06-13T22:59:51Z,1751c17d#phase10c,9cd4defe-e740-40a1-b3f4-565702c84681,ok,0.0,high,full,current_phase8,fallback_used,projected,derived_from_projected_minutes,3,0.0486
De'Aaron Fox,161,SAS,NYK,True,21716138,ast,starter,stat_grid:pmf_sim_v1+role_aware_pmf_cal_v1:starter+monotone_pit_cdf_v1,phase8_role_aware_pmf_cal_v1+monotone_inactive_global_v1,morning,2026-06-13T22:59:51Z,1751c17d#phase10c,9cd4defe-e740-40a1-b3f4-565702c84681,ok,0.0,high,full,current_phase8,fallback_used,projected,derived_from_projected_minutes,4,0.1153
De'Aaron Fox,161,SAS,NYK,True,21716138,ast,starter,stat_grid:pmf_sim_v1+role_aware_pmf_cal_v1:starter+monotone_pit_cdf_v1,phase8_role_aware_pmf_cal_v1+monotone_inactive_global_v1,morning,2026-06-13T22:59:51Z,1751c17d#phase10c,9cd4defe-e740-40a1-b3f4-565702c84681,ok,0.0,high,full,current_phase8,fallback_used,projected,derived_from_projected_minutes,5,0.1976
De'Aaron Fox,161,SAS,NYK,True,21716138,ast,starter,stat_grid:pmf_sim_v1+role_aware_pmf_cal_v1:starter+monotone_pit_cdf_v1,phase8_role_aware_pmf_cal_v1+monotone_inactive_global_v1,morning,2026-06-13T22:59:51Z,1751c17d#phase10c,9cd4defe-e740-40a1-b3f4-565702c84681,ok,0.0,high,full,current_phase8,fallback_used,projected,derived_from_projected_minutes,6,0.1894
De'Aaron Fox,161,SAS,NYK,True,21716138,ast,starter,stat_grid:pmf_sim_v1+role_aware_pmf_cal_v1:starter+monotone_pit_cdf_v1,phase8_role_aware_pmf_cal_v1+monotone_inactive_global_v1,morning,2026-06-13T22:59:51Z,1751c17d#phase10c,9cd4defe-e740-40a1-b3f4-565702c84681,ok,0.0,high,full,current_phase8,fallback_used,projected,derived_from_projected_minutes,7,0.2249
De'Aaron Fox,161,SAS,NYK,True,21716138,ast,starter,stat_grid:pmf_sim_v1+role_aware_pmf_cal_v1:starter+monotone_pit_cdf_v1,phase8_role_aware_pmf_cal_v1+monotone_inactive_global_v1,morning,2026-06-13T22:59:51Z,1751c17d#phase10c,9cd4defe-e740-40a1-b3f4-565702c84681,ok,0.0,high,full,current_phase8,fallback_used,projected,derived_from_projected_minutes,8,0.1282
De'Aaron Fox,161,SAS,NYK,True,21716138,ast,starter,stat_grid:pmf_sim_v1+role_aware_pmf_cal_v1:starter+monotone_pit_cdf_v1,phase8_role_aware_pmf_cal_v1+monotone_inactive_global_v1,morning,2026-06-13T22:59:51Z,1751c17d#phase10c,9cd4defe-e740-40a1-b3f4-565702c84681,ok,0.0,high,full,current_phase8,fallback_used,projected,derived_from_projected_minutes,9,0.0518
De'Aaron Fox,161,SAS,NYK,True,21716138,ast,starter,stat_grid:pmf_sim_v1+role_aware_pmf_cal_v1:starter+monotone_pit_cdf_v1,phase8_role_aware_pmf_cal_v1+monotone_inactive_global_v1,morning,2026-06-13T22:59:51Z,1751c17d#phase10c,9cd4defe-e740-40a1-b3f4-565702c84681,ok,0.0,high,full,current_phase8,fallback_used,projected,derived_from_projected_minutes,10,0.0138
De'Aaron Fox,161,SAS,NYK,True,21716138,ast,starter,stat_grid:pmf_sim_v1+role_aware_pmf_cal_v1:starter+monotone_pit_cdf_v1,phase8_role_aware_pmf_cal_v1+monotone_inactive_global_v1,morning,2026-06-13T22:59:51Z,1751c17d#phase10c,9cd4defe-e740-40a1-b3f4-565702c84681,ok,0.0,high,full,current_phase8,fallback_used,projected,derived_from_projected_minutes,11,0.005
De'Aaron Fox,161,SAS,NYK,True,21716138,ast,starter,stat_grid:pmf_sim_v1+role_aware_pmf_cal_v1:starter+monotone_pit_cdf_v1,phase8_role_aware_pmf_cal_v1+monotone_inactive_global_v1,morning,2026-06-13T22:59:51Z,1751c17d#phase10c,9cd4defe-e740-40a1-b3f4-565702c84681,ok,0.0,high,full,current_phase8,fallback_used,projected,derived_from_projected_minutes,12,0.0018
De'Aaron Fox,161,SAS,NYK,True,21716138,ast,starter,stat_grid:pmf_sim_v1+role_aware_pmf_cal_v1:starter+monotone_pit_cdf_v1,phase8_role_aware_pmf_cal_v1+monotone_inactive_global_v1,morning,2026-06-13T22:59:51Z,1751c17d#phase10c,9cd4defe-e740-40a1-b3f4-565702c84681,ok,0.0,high,full,current_phase8,fallback_used,projected,derived_from_projected_minutes,13,0.0002
De'Aaron Fox,161,SAS,NYK,True,21716138,ast,starter,stat_grid:pmf_sim_v1+role_aware_pmf_cal_v1:starter+monotone_pit_cdf_v1,phase8_role_aware_pmf_cal_v1+monotone_inactive_global_v1,morning,2026-06-13T22:59:51Z,1751c17d#phase10c,9cd4defe-e740-40a1-b3f4-565702c84681,ok,0.0,high,full,current_phase8,fallback_used,projected,derived_from_projected_minutes,14,0.0
De'Aaron Fox,161,SAS,NYK,True,21716138,ast,starter,stat_grid:pmf_sim_v1+role_aware_pmf_cal_v1:starter+monotone_pit_cdf_v1,phase8_role_aware_pmf_cal_v1+monotone_inactive_global_v1,morning,2026-06-13T22:59:51Z,1751c17d#phase10c,9cd4defe-e740-40a1-b3f4-565702c84681,ok,0.0,high,full,current_phase8,fallback_used,projected,derived_from_projected_minutes,15,0.0
De'Aaron Fox,161,SAS,NYK,True,21716138,ast,starter,stat_grid:pmf_sim_v1+role_aware_pmf_cal_v1:starter+monotone_pit_cdf_v1,phase8_role_aware_pmf_cal_v1+monotone_inactive_global_v1,morning,2026-06-13T22:59:51Z,1751c17d#phase10c,9cd4defe-e740-40a1-b3f4-565702c84681,ok,0.0,high,full,current_phase8,fallback_used,projected,derived_from_projected_minutes,16,0.0
De'Aaron Fox,161,SAS,NYK,True,21716138,ast,starter,stat_grid:pmf_sim_v1+role_aware_pmf_cal_v1:starter+monotone_pit_cdf_v1,phase8_role_aware_pmf_cal_v1+monotone_inactive_global_v1,morning,2026-06-13T22:59:51Z,1751c17d#phase10c,9cd4defe-e740-40a1-b3f4-565702c84681,ok,0.0,high,full,current_phase8,fallback_used,projected,derived_from_projected_minutes,17,0.0
De'Aaron Fox,161,SAS,NYK,True,21716138,ast,starter,stat_grid:pmf_sim_v1+role_aware_pmf_cal_v1:starter+monotone_pit_cdf_v1,phase8_role_aware_pmf_cal_v1+monotone_inactive_global_v1,morning,2026-06-13T22:59:51Z,1751c17d#phase10c,9cd4defe-e740-40a1-b3f4-565702c84681,ok,0.0,high,full,current_phase8,fallback_used,projected,derived_from_projected_minutes,18,0.0
De'Aaron Fox,161,SAS,NYK,True,21716138,ast,starter,stat_grid:pmf_sim_v1+role_aware_pmf_cal_v1:starter+monotone_pit_cdf_v1,phase8_role_aware_pmf_cal_v1+monotone_inactive_global_v1,morning,2026-06-13T22:59:51Z,1751c17d#phase10c,9cd4defe-e740-40a1-b3f4-565702c84681,ok,0.0,high,full,current_phase8,fallback_used,projected,derived_from_projected_minutes,19,0.0
De'Aaron Fox,161,SAS,NYK,True,21716138,ast,starter,stat_grid:pmf_sim_v1+role_aware_pmf_cal_v1:starter+monotone_pit_cdf_v1,phase8_role_aware_pmf_cal_v1+monotone_inactive_global_v1,morning,2026-06-13T22:59:51Z,1751c17d#phase10c,9cd4defe-e740-40a1-b3f4-565702c84681,ok,0.0,high,full,current_phase8,fallback_used,projected,derived_from_projected_minutes,20,0.0
De'Aaron Fox,161,SAS,NYK,True,21716138,ast,starter,stat_grid:pmf_sim_v1+role_aware_pmf_cal_v1:starter+monotone_pit_cdf_v1,phase8_role_aware_pmf_cal_v1+monotone_inactive_global_v1,morning,2026-06-13T22:59:51Z,1751c17d#phase10c,9cd4defe-e740-40a1-b3f4-565702c84681,ok,0.0,high,full,current_phase8,fallback_used,projected,derived_from_projected_minutes,21,0.0
De'Aaron Fox,161,SAS,NYK,True,21716138,ast,starter,stat_grid:pmf_sim_v1+role_aware_pmf_cal_v1:starter+monotone_pit_cdf_v1,phase8_role_aware_pmf_cal_v1+monotone_inactive_global_v1,morning,2026-06-13T22:59:51Z,1751c17d#phase10c,9cd4defe-e740-40a1-b3f4-565702c84681,ok,0.0,high,full,current_phase8,fallback_used,projected,derived_from_projected_minutes,22,0.0
De'Aaron Fox,161,SAS,NYK,True,21716138,ast,starter,stat_grid:pmf_sim_v1+role_aware_pmf_cal_v1:starter+monotone_pit_cdf_v1,phase8_role_aware_pmf_cal_v1+monotone_inactive_global_v1,morning,2026-06-13T22:59:51Z,1751c17d#phase10c,9cd4defe-e740-40a1-b3f4-565702c84681,ok,0.0,high,full,current_phase8,fallback_used,projected,derived_from_projected_minutes,23,0.0
De'Aaron Fox,161,SAS,NYK,True,21716138,ast,starter,stat_grid:pmf_sim_v1+role_aware_pmf_cal_v1:starter+monotone_pit_cdf_v1,phase8_role_aware_pmf_cal_v1+monotone_inactive_global_v1,morning,2026-06-13T22:59:51Z,1751c17d#phase10c,9cd4defe-e740-40a1-b3f4-565702c84681,ok,0.0,high,full,current_phase8,fallback_used,projected,derived_from_projected_minutes,24,0.0
De'Aaron Fox,161,SAS,NYK,True,21716138,ast,starter,stat_grid:pmf_sim_v1+role_aware_pmf_cal_v1:starter+monotone_pit_cdf_v1,phase8_role_aware_pmf_cal_v1+monotone_inactive_global_v1,morning,2026-06-13T22:59:51Z,1751c17d#phase10c,9cd4defe-e740-40a1-b3f4-565702c84681,ok,0.0,high,full,current_phase8,fallback_used,projected,derived_from_projected_minutes,25,0.0
De'Aaron Fox,161,SAS,NYK,True,21716138,fg3m,starter,stat_grid:fg3m_hurdle_v1+role_aware_pmf_cal_v1:starter+monotone_pit_cdf_v1+sparse_hurdle_guarded,phase8_role_aware_pmf_cal_v1+monotone_inactive_global_v1,morning,2026-06-13T22:59:51Z,1751c17d#phase10c,9cd4defe-e740-40a1-b3f4-565702c84681,ok,0.0,high,full,current_phase8,fallback_used,projected,derived_from_projected_minutes,0,0.3697
De'Aaron Fox,161,SAS,NYK,True,21716138,fg3m,starter,stat_grid:fg3m_hurdle_v1+role_aware_pmf_cal_v1:starter+monotone_pit_cdf_v1+sparse_hurdle_guarded,phase8_role_aware_pmf_cal_v1+monotone_inactive_global_v1,morning,2026-06-13T22:59:51Z,1751c17d#phase10c,9cd4defe-e740-40a1-b3f4-565702c84681,ok,0.0,high,full,current_phase8,fallback_used,projected,derived_from_projected_minutes,1,0.2011
De'Aaron Fox,161,SAS,NYK,True,21716138,fg3m,starter,stat_grid:fg3m_hurdle_v1+role_aware_pmf_cal_v1:starter+monotone_pit_cdf_v1+sparse_hurdle_guarded,phase8_role_aware_pmf_cal_v1+monotone_inactive_global_v1,morning,2026-06-13T22:59:51Z,1751c17d#phase10c,9cd4defe-e740-40a1-b3f4-565702c84681,ok,0.0,high,full,current_phase8,fallback_used,projected,derived_from_projected_minutes,2,0.212
De'Aaron Fox,161,SAS,NYK,True,21716138,fg3m,starter,stat_grid:fg3m_hurdle_v1+role_aware_pmf_cal_v1:starter+monotone_pit_cdf_v1+sparse_hurdle_guarded,phase8_role_aware_pmf_cal_v1+monotone_inactive_global_v1,morning,2026-06-13T22:59:51Z,1751c17d#phase10c,9cd4defe-e740-40a1-b3f4-565702c84681,ok,0.0,high,full,current_phase8,fallback_used,projected,derived_from_projected_minutes,3,0.0807
De'Aaron Fox,161,SAS,NYK,True,21716138,fg3m,starter,stat_grid:fg3m_hurdle_v1+role_aware_pmf_cal_v1:starter+monotone_pit_cdf_v1+sparse_hurdle_guarded,phase8_role_aware_pmf_cal_v1+monotone_inactive_global_v1,morning,2026-06-13T22:59:51Z,1751c17d#phase10c,9cd4defe-e740-40a1-b3f4-565702c84681,ok,0.0,high,full,current_phase8,fallback_used,projected,derived_from_projected_minutes,4,0.1365
De'Aaron Fox,161,SAS,NYK,True,21716138,fg3m,starter,stat_grid:fg3m_hurdle_v1+role_aware_pmf_cal_v1:starter+monotone_pit_cdf_v1+sparse_hurdle_guarded,phase8_role_aware_pmf_cal_v1+monotone_inactive_global_v1,morning,2026-06-13T22:59:51Z,1751c17d#phase10c,9cd4defe-e740-40a1-b3f4-565702c84681,ok,0.0,high,full,current_phase8,fallback_used,projected,derived_from_projected_minutes,5,0.0
De'Aaron Fox,161,SAS,NYK,True,21716138,fg3m,starter,stat_grid:fg3m_hurdle_v1+role_aware_pmf_cal_v1:starter+monotone_pit_cdf_v1+sparse_hurdle_guarded,phase8_role_aware_pmf_cal_v1+monotone_inactive_global_v1,morning,2026-06-13T22:59:51Z,1751c17d#phase10c,9cd4defe-e740-40a1-b3f4-565702c84681,ok,0.0,high,full,current_phase8,fallback_used,projected,derived_from_projected_minutes,6,0.0
De'Aaron Fox,161,SAS,NYK,True,21716138,fg3m,starter,stat_grid:fg3m_hurdle_v1+role_aware_pmf_cal_v1:starter+monotone_pit_cdf_v1+sparse_hurdle_guarded,phase8_role_aware_pmf_cal_v1+monotone_inactive_global_v1,morning,2026-06-13T22:59:51Z,1751c17d#phase10c,9cd4defe-e740-40a1-b3f4-565702c84681,ok,0.0,high,full,current_phase8,fallback_used,projected,derived_from_projected_minutes,7,0.0
De'Aaron Fox,161,SAS,NYK,True,21716138,fg3m,starter,stat_grid:fg3m_hurdle_v1+role_aware_pmf_cal_v1:starter+monotone_pit_cdf_v1+sparse_hurdle_guarded,phase8_role_aware_pmf_cal_v1+monotone_inactive_global_v1,morning,2026-06-13T22:59:51Z,1751c17d#phase10c,9cd4defe-e740-40a1-b3f4-565702c84681,ok,0.0,high,full,current_phase8,fallback_used,projected,derived_from_projected_minutes,8,0.0
De'Aaron Fox,161,SAS,NYK,True,21716138,fg3m,starter,stat_grid:fg3m_hurdle_v1+role_aware_pmf_cal_v1:starter+monotone_pit_cdf_v1+sparse_hurdle_guarded,phase8_role_aware_pmf_cal_v1+monotone_inactive_global_v1,morning,2026-06-13T22:59:51Z,1751c17d#phase10c,9cd4defe-e740-40a1-b3f4-565702c84681,ok,0.0,high,full,current_phase8,fallback_used,projected,derived_from_projected_minutes,9,0.0
De'Aaron Fox,161,SAS,NYK,True,21716138,fg3m,starter,stat_grid:fg3m_hurdle_v1+role_aware_pmf_cal_v1:starter+monotone_pit_cdf_v1+sparse_hurdle_guarded,phase8_role_aware_pmf_cal_v1+monotone_inactive_global_v1,morning,2026-06-13T22:59:51Z,1751c17d#phase10c,9cd4defe-e740-40a1-b3f4-565702c84681,ok,0.0,high,full,current_phase8,fallback_used,projected,derived_from_projected_minutes,10,0.0
De'Aaron Fox,161,SAS,NYK,True,21716138,fg3m,starter,stat_grid:fg3m_hurdle_v1+role_aware_pmf_cal_v1:starter+monotone_pit_cdf_v1+sparse_hurdle_guarded,phase8_role_aware_pmf_cal_v1+monotone_inactive_global_v1,morning,2026-06-13T22:59:51Z,1751c17d#phase10c,9cd4defe-e740-40a1-b3f4-565702c84681,ok,0.0,high,full,current_phase8,fallback_used,projected,derived_from_projected_minutes,11,0.0
De'Aaron Fox,161,SAS,NYK,True,21716138,fg3m,starter,stat_grid:fg3m_hurdle_v1+role_aware_pmf_cal_v1:starter+monotone_pit_cdf_v1+sparse_hurdle_guarded,phase8_role_aware_pmf_cal_v1+monotone_inactive_global_v1,morning,2026-06-13T22:59:51Z,1751c17d#phase10c,9cd4defe-e740-40a1-b3f4-565702c84681,ok,0.0,high,full,current_phase8,fallback_used,projected,derived_from_projected_minutes,12,0.0
De'Aaron Fox,161,SAS,NYK,True,21716138,fg3m,starter,stat_grid:fg3m_hurdle_v1+role_aware_pmf_cal_v1:starter+monotone_pit_cdf_v1+sparse_hurdle_guarded,phase8_role_aware_pmf_cal_v1+monotone_inactive_global_v1,morning,2026-06-13T22:59:51Z,1751c17d#phase10c,9cd4defe-e740-40a1-b3f4-565702c84681,ok,0.0,high,full,current_phase8,fallback_used,projected,derived_from_projected_minutes,13,0.0
De'Aaron Fox,161,SAS,NYK,True,21716138,fg3m,starter,stat_grid:fg3m_hurdle_v1+role_aware_pmf_cal_v1:starter+monotone_pit_cdf_v1+sparse_hurdle_guarded,phase8_role_aware_pmf_cal_v1+monotone_inactive_global_v1,morning,2026-06-13T22:59:51Z,1751c17d#phase10c,9cd4defe-e740-40a1-b3f4-565702c84681,ok,0.0,high,full,current_phase8,fallback_used,projected,derived_from_projected_minutes,14,0.0
De'Aaron Fox,161,SAS,NYK,True,21716138,fg3m,starter,stat_grid:fg3m_hurdle_v1+role_aware_pmf_cal_v1:starter+monotone_pit_cdf_v1+sparse_hurdle_guarded,phase8_role_aware_pmf_cal_v1+monotone_inactive_global_v1,morning,2026-06-13T22:59:51Z,1751c17d#phase10c,9cd4defe-e740-40a1-b3f4-565702c84681,ok,0.0,high,full,current_phase8,fallback_used,projected,derived_from_projected_minutes,15,0.0
De'Aaron Fox,161,SAS,NYK,True,21716138,fg3m,starter,stat_grid:fg3m_hurdle_v1+role_aware_pmf_cal_v1:starter+monotone_pit_cdf_v1+sparse_hurdle_guarded,phase8_role_aware_pmf_cal_v1+monotone_inactive_global_v1,morning,2026-06-13T22:59:51Z,1751c17d#phase10c,9cd4defe-e740-40a1-b3f4-565702c84681,ok,0.0,high,full,current_phase8,fallback_used,projected,derived_from_projected_minutes,16,0.0
De'Aaron Fox,161,SAS,NYK,True,21716138,fg3m,starter,stat_grid:fg3m_hurdle_v1+role_aware_pmf_cal_v1:starter+monotone_pit_cdf_v1+sparse_hurdle_guarded,phase8_role_aware_pmf_cal_v1+monotone_inactive_global_v1,morning,2026-06-13T22:59:51Z,1751c17d#phase10c,9cd4defe-e740-40a1-b3f4-565702c84681,ok,0.0,high,full,current_phase8,fallback_used,projected,derived_from_projected_minutes,17,0.0
De'Aaron Fox,161,SAS,NYK,True,21716138,fg3m,starter,stat_grid:fg3m_hurdle_v1+role_aware_pmf_cal_v1:starter+monotone_pit_cdf_v1+sparse_hurdle_guarded,phase8_role_aware_pmf_cal_v1+monotone_inactive_global_v1,morning,2026-06-13T22:59:51Z,1751c17d#phase10c,9cd4defe-e740-40a1-b3f4-565702c84681,ok,0.0,high,full,current_phase8,fallback_used,projected,derived_from_projected_minutes,18,0.0
De'Aaron Fox,161,SAS,NYK,True,21716138,fg3m,starter,stat_grid:fg3m_hurdle_v1+role_aware_pmf_cal_v1:starter+monotone_pit_cdf_v1+sparse_hurdle_guarded,phase8_role_aware_pmf_cal_v1+monotone_inactive_global_v1,morning,2026-06-13T22:59:51Z,1751c17d#phase10c,9cd4defe-e740-40a1-b3f4-565702c84681,ok,0.0,high,full,current_phase8,fallback_used,projected,derived_from_projected_minutes,19,0.0
De'Aaron Fox,161,SAS,NYK,True,21716138,fg3m,starter,stat_grid:fg3m_hurdle_v1+role_aware_pmf_cal_v1:starter+monotone_pit_cdf_v1+sparse_hurdle_guarded,phase8_role_aware_pmf_cal_v1+monotone_inactive_global_v1,morning,2026-06-13T22:59:51Z,1751c17d#phase10c,9cd4defe-e740-40a1-b3f4-565702c84681,ok,0.0,high,full,current_phase8,fallback_used,projected,derived_from_projected_minutes,20,0.0
De'Aaron Fox,161,SAS,NYK,True,21716138,tov,starter,stat_grid:pmf_sim_v1+role_aware_pmf_cal_v1:starter+monotone_pit_cdf_v1+sparse_hurdle_guarded,phase8_role_aware_pmf_cal_v1+monotone_inactive_global_v1,morning,2026-06-13T22:59:51Z,1751c17d#phase10c,9cd4defe-e740-40a1-b3f4-565702c84681,ok,0.0,high,full,current_phase8,fallback_used,projected,derived_from_projected_minutes,0,0.1114
De'Aaron Fox,161,SAS,NYK,True,21716138,tov,starter,stat_grid:pmf_sim_v1+role_aware_pmf_cal_v1:starter+monotone_pit_cdf_v1+sparse_hurdle_guarded,phase8_role_aware_pmf_cal_v1+monotone_inactive_global_v1,morning,2026-06-13T22:59:51Z,1751c17d#phase10c,9cd4defe-e740-40a1-b3f4-565702c84681,ok,0.0,high,full,current_phase8,fallback_used,projected,derived_from_projected_minutes,1,0.339
De'Aaron Fox,161,SAS,NYK,True,21716138,tov,starter,stat_grid:pmf_sim_v1+role_aware_pmf_cal_v1:starter+monotone_pit_cdf_v1+sparse_hurdle_guarded,phase8_role_aware_pmf_cal_v1+monotone_inactive_global_v1,morning,2026-06-13T22:59:51Z,1751c17d#phase10c,9cd4defe-e740-40a1-b3f4-565702c84681,ok,0.0,high,full,current_phase8,fallback_used,projected,derived_from_projected_minutes,2,0.4211
De'Aaron Fox,161,SAS,NYK,True,21716138,tov,starter,stat_grid:pmf_sim_v1+role_aware_pmf_cal_v1:starter+monotone_pit_cdf_v1+sparse_hurdle_guarded,phase8_role_aware_pmf_cal_v1+monotone_inactive_global_v1,morning,2026-06-13T22:59:51Z,1751c17d#phase10c,9cd4defe-e740-40a1-b3f4-565702c84681,ok,0.0,high,full,current_phase8,fallback_used,projected,derived_from_projected_minutes,3,0.1018
De'Aaron Fox,161,SAS,NYK,True,21716138,tov,starter,stat_grid:pmf_sim_v1+role_aware_pmf_cal_v1:starter+monotone_pit_cdf_v1+sparse_hurdle_guarded,phase8_role_aware_pmf_cal_v1+monotone_inactive_global_v1,morning,2026-06-13T22:59:51Z,1751c17d#phase10c,9cd4defe-e740-40a1-b3f4-565702c84681,ok,0.0,high,full,current_phase8,fallback_used,projected,derived_from_projected_minutes,4,0.0248
De'Aaron Fox,161,SAS,NYK,True,21716138,tov,starter,stat_grid:pmf_sim_v1+role_aware_pmf_cal_v1:starter+monotone_pit_cdf_v1+sparse_hurdle_guarded,phase8_role_aware_pmf_cal_v1+monotone_inactive_global_v1,morning,2026-06-13T22:59:51Z,1751c17d#phase10c,9cd4defe-e740-40a1-b3f4-565702c84681,ok,0.0,high,full,current_phase8,fallback_used,projected,derived_from_projected_minutes,5,0.0017
De'Aaron Fox,161,SAS,NYK,True,21716138,tov,starter,stat_grid:pmf_sim_v1+role_aware_pmf_cal_v1:starter+monotone_pit_cdf_v1+sparse_hurdle_guarded,phase8_role_aware_pmf_cal_v1+monotone_inactive_global_v1,morning,2026-06-13T22:59:51Z,1751c17d#phase10c,9cd4defe-e740-40a1-b3f4-565702c84681,ok,0.0,high,full,current_phase8,fallback_used,projected,derived_from_projected_minutes,6,0.0001
De'Aaron Fox,161,SAS,NYK,True,21716138,tov,starter,stat_grid:pmf_sim_v1+role_aware_pmf_cal_v1:starter+monotone_pit_cdf_v1+sparse_hurdle_guarded,phase8_role_aware_pmf_cal_v1+monotone_inactive_global_v1,morning,2026-06-13T22:59:51Z,1751c17d#phase10c,9cd4defe-e740-40a1-b3f4-565702c84681,ok,0.0,high,full,current_phase8,fallback_used,projected,derived_from_projected_minutes,7,0.0
De'Aaron Fox,161,SAS,NYK,True,21716138,tov,starter,stat_grid:pmf_sim_v1+role_aware_pmf_cal_v1:starter+monotone_pit_cdf_v1+sparse_hurdle_guarded,phase8_role_aware_pmf_cal_v1+monotone_inactive_global_v1,morning,2026-06-13T22:59:51Z,1751c17d#phase10c,9cd4defe-e740-40a1-b3f4-565702c84681,ok,0.0,high,full,current_phase8,fallback_used,projected,derived_from_projected_minutes,8,0.0
De'Aaron Fox,161,SAS,NYK,True,21716138,tov,starter,stat_grid:pmf_sim_v1+role_aware_pmf_cal_v1:starter+monotone_pit_cdf_v1+sparse_hurdle_guarded,phase8_role_aware_pmf_cal_v1+monotone_inactive_global_v1,morning,2026-06-13T22:59:51Z,1751c17d#phase10c,9cd4defe-e740-40a1-b3f4-565702c84681,ok,0.0,high,full,current_phase8,fallback_used,projected,derived_from_projected_minutes,9,0.0
De'Aaron Fox,161,SAS,NYK,True,21716138,tov,starter,stat_grid:pmf_sim_v1+role_aware_pmf_cal_v1:starter+monotone_pit_cdf_v1+sparse_hurdle_guarded,phase8_role_aware_pmf_cal_v1+monotone_inactive_global_v1,morning,2026-06-13T22:59:51Z,1751c17d#phase10c,9cd4defe-e740-40a1-b3f4-565702c84681,ok,0.0,high,full,current_phase8,fallback_used,projected,derived_from_projected_minutes,10,0.0
De'Aaron Fox,161,SAS,NYK,True,21716138,tov,starter,stat_grid:pmf_sim_v1+role_aware_pmf_cal_v1:starter+monotone_pit_cdf_v1+sparse_hurdle_guarded,phase8_role_aware_pmf_cal_v1+monotone_inactive_global_v1,morning,2026-06-13T22:59:51Z,1751c17d#phase10c,9cd4defe-e740-40a1-b3f4-565702c84681,ok,0.0,high,full,current_phase8,fallback_used,projected,derived_from_projected_minutes,11,0.0
De'Aaron Fox,161,SAS,NYK,True,21716138,tov,starter,stat_grid:pmf_sim_v1+role_aware_pmf_cal_v1:starter+monotone_pit_cdf_v1+sparse_hurdle_guarded,phase8_role_aware_pmf_cal_v1+monotone_inactive_global_v1,morning,2026-06-13T22:59:51Z,1751c17d#phase10c,9cd4defe-e740-40a1-b3f4-565702c84681,ok,0.0,high,full,current_phase8,fallback_used,projected,derived_from_projected_minutes,12,0.0
De'Aaron Fox,161,SAS,NYK,True,21716138,tov,starter,stat_grid:pmf_sim_v1+role_aware_pmf_cal_v1:starter+monotone_pit_cdf_v1+sparse_hurdle_guarded,phase8_role_aware_pmf_cal_v1+monotone_inactive_global_v1,morning,2026-06-13T22:59:51Z,1751c17d#phase10c,9cd4defe-e740-40a1-b3f4-565702c84681,ok,0.0,high,full,current_phase8,fallback_used,projected,derived_from_projected_minutes,13,0.0
De'Aaron Fox,161,SAS,NYK,True,21716138,tov,starter,stat_grid:pmf_sim_v1+role_aware_pmf_cal_v1:starter+monotone_pit_cdf_v1+sparse_hurdle_guarded,phase8_role_aware_pmf_cal_v1+monotone_inactive_global_v1,morning,2026-06-13T22:59:51Z,1751c17d#phase10c,9cd4defe-e740-40a1-b3f4-565702c84681,ok,0.0,high,full,current_phase8,fallback_used,projected,derived_from_projected_minutes,14,0.0
De'Aaron Fox,161,SAS,NYK,True,21716138,tov,starter,stat_grid:pmf_sim_v1+role_aware_pmf_cal_v1:starter+monotone_pit_cdf_v1+sparse_hurdle_guarded,phase8_role_aware_pmf_cal_v1+monotone_inactive_global_v1,morning,2026-06-13T22:59:51Z,1751c17d#phase10c,9cd4defe-e740-40a1-b3f4-565702c84681,ok,0.0,high,full,current_phase8,fallback_used,projected,derived_from_projected_minutes,15,0.0
De'Aaron Fox,161,SAS,NYK,True,21716138,tov,starter,stat_grid:pmf_sim_v1+role_aware_pmf_cal_v1:starter+monotone_pit_cdf_v1+sparse_hurdle_guarded,phase8_role_aware_pmf_cal_v1+monotone_inactive_global_v1,morning,2026-06-13T22:59:51Z,1751c17d#phase10c,9cd4defe-e740-40a1-b3f4-565702c84681,ok,0.0,high,full,current_phase8,fallback_used,projected,derived_from_projected_minutes,16,0.0
De'Aaron Fox,161,SAS,NYK,True,21716138,tov,starter,stat_grid:pmf_sim_v1+role_aware_pmf_cal_v1:starter+monotone_pit_cdf_v1+sparse_hurdle_guarded,phase8_role_aware_pmf_cal_v1+monotone_inactive_global_v1,morning,2026-06-13T22:59:51Z,1751c17d#phase10c,9cd4defe-e740-40a1-b3f4-565702c84681,ok,0.0,high,full,current_phase8,fallback_used,projected,derived_from_projected_minutes,17,0.0
De'Aaron Fox,161,SAS,NYK,True,21716138,tov,starter,stat_grid:pmf_sim_v1+role_aware_pmf_cal_v1:starter+monotone_pit_cdf_v1+sparse_hurdle_guarded,phase8_role_aware_pmf_cal_v1+monotone_inactive_global_v1,morning,2026-06-13T22:59:51Z,1751c17d#phase10c,9cd4defe-e740-40a1-b3f4-565702c84681,ok,0.0,high,full,current_phase8,fallback_used,projected,derived_from_projected_minutes,18,0.0
De'Aaron Fox,161,SAS,NYK,True,21716138,tov,starter,stat_grid:pmf_sim_v1+role_aware_pmf_cal_v1:starter+monotone_pit_cdf_v1+sparse_hurdle_guarded,phase8_role_aware_pmf_cal_v1+monotone_inactive_global_v1,morning,2026-06-13T22:59:51Z,1751c17d#phase10c,9cd4defe-e740-40a1-b3f4-565702c84681,ok,0.0,high,full,current_phase8,fallback_used,projected,derived_from_projected_minutes,19,0.0
De'Aaron Fox,161,SAS,NYK,True,21716138,tov,starter,stat_grid:pmf_sim_v1+role_aware_pmf_cal_v1:starter+monotone_pit_cdf_v1+sparse_hurdle_guarded,phase8_role_aware_pmf_cal_v1+monotone_inactive_global_v1,morning,2026-06-13T22:59:51Z,1751c17d#phase10c,9cd4defe-e740-40a1-b3f4-565702c84681,ok,0.0,high,full,current_phase8,fallback_used,projected,derived_from_projected_minutes,20,0.0
De'Aaron Fox,161,SAS,NYK,True,21716138,stl,starter,stat_grid:hurdle_v1+role_aware_pmf_cal_v1:starter+monotone_pit_cdf_v1+sparse_hurdle_guarded,phase8_role_aware_pmf_cal_v1+monotone_inactive_global_v1,morning,2026-06-13T22:59:51Z,1751c17d#phase10c,9cd4defe-e740-40a1-b3f4-565702c84681,ok,0.0,high,full,current_phase8,fallback_used,projected,derived_from_projected_minutes,0,0.5068
De'Aaron Fox,161,SAS,NYK,True,21716138,stl,starter,stat_grid:hurdle_v1+role_aware_pmf_cal_v1:starter+monotone_pit_cdf_v1+sparse_hurdle_guarded,phase8_role_aware_pmf_cal_v1+monotone_inactive_global_v1,morning,2026-06-13T22:59:51Z,1751c17d#phase10c,9cd4defe-e740-40a1-b3f4-565702c84681,ok,0.0,high,full,current_phase8,fallback_used,projected,derived_from_projected_minutes,1,0.3144
De'Aaron Fox,161,SAS,NYK,True,21716138,stl,starter,stat_grid:hurdle_v1+role_aware_pmf_cal_v1:starter+monotone_pit_cdf_v1+sparse_hurdle_guarded,phase8_role_aware_pmf_cal_v1+monotone_inactive_global_v1,morning,2026-06-13T22:59:51Z,1751c17d#phase10c,9cd4defe-e740-40a1-b3f4-565702c84681,ok,0.0,high,full,current_phase8,fallback_used,projected,derived_from_projected_minutes,2,0.1157
De'Aaron Fox,161,SAS,NYK,True,21716138,stl,starter,stat_grid:hurdle_v1+role_aware_pmf_cal_v1:starter+monotone_pit_cdf_v1+sparse_hurdle_guarded,phase8_role_aware_pmf_cal_v1+monotone_inactive_global_v1,morning,2026-06-13T22:59:51Z,1751c17d#phase10c,9cd4defe-e740-40a1-b3f4-565702c84681,ok,0.0,high,full,current_phase8,fallback_used,projected,derived_from_projected_minutes,3,0.0541
De'Aaron Fox,161,SAS,NYK,True,21716138,stl,starter,stat_grid:hurdle_v1+role_aware_pmf_cal_v1:starter+monotone_pit_cdf_v1+sparse_hurdle_guarded,phase8_role_aware_pmf_cal_v1+monotone_inactive_global_v1,morning,2026-06-13T22:59:51Z,1751c17d#phase10c,9cd4defe-e740-40a1-b3f4-565702c84681,ok,0.0,high,full,current_phase8,fallback_used,projected,derived_from_projected_minutes,4,0.0088
De'Aaron Fox,161,SAS,NYK,True,21716138,stl,starter,stat_grid:hurdle_v1+role_aware_pmf_cal_v1:starter+monotone_pit_cdf_v1+sparse_hurdle_guarded,phase8_role_aware_pmf_cal_v1+monotone_inactive_global_v1,morning,2026-06-13T22:59:51Z,1751c17d#phase10c,9cd4defe-e740-40a1-b3f4-565702c84681,ok,0.0,high,full,current_phase8,fallback_used,projected,derived_from_projected_minutes,5,0.0
De'Aaron Fox,161,SAS,NYK,True,21716138,stl,starter,stat_grid:hurdle_v1+role_aware_pmf_cal_v1:starter+monotone_pit_cdf_v1+sparse_hurdle_guarded,phase8_role_aware_pmf_cal_v1+monotone_inactive_global_v1,morning,2026-06-13T22:59:51Z,1751c17d#phase10c,9cd4defe-e740-40a1-b3f4-565702c84681,ok,0.0,high,full,current_phase8,fallback_used,projected,derived_from_projected_minutes,6,0.0
De'Aaron Fox,161,SAS,NYK,True,21716138,stl,starter,stat_grid:hurdle_v1+role_aware_pmf_cal_v1:starter+monotone_pit_cdf_v1+sparse_hurdle_guarded,phase8_role_aware_pmf_cal_v1+monotone_inactive_global_v1,morning,2026-06-13T22:59:51Z,1751c17d#phase10c,9cd4defe-e740-40a1-b3f4-565702c84681,ok,0.0,high,full,current_phase8,fallback_used,projected,derived_from_projected_minutes,7,0.0
De'Aaron Fox,161,SAS,NYK,True,21716138,stl,starter,stat_grid:hurdle_v1+role_aware_pmf_cal_v1:starter+monotone_pit_cdf_v1+sparse_hurdle_guarded,phase8_role_aware_pmf_cal_v1+monotone_inactive_global_v1,morning,2026-06-13T22:59:51Z,1751c17d#phase10c,9cd4defe-e740-40a1-b3f4-565702c84681,ok,0.0,high,full,current_phase8,fallback_used,projected,derived_from_projected_minutes,8,0.0
De'Aaron Fox,161,SAS,NYK,True,21716138,stl,starter,stat_grid:hurdle_v1+role_aware_pmf_cal_v1:starter+monotone_pit_cdf_v1+sparse_hurdle_guarded,phase8_role_aware_pmf_cal_v1+monotone_inactive_global_v1,morning,2026-06-13T22:59:51Z,1751c17d#phase10c,9cd4defe-e740-40a1-b3f4-565702c84681,ok,0.0,high,full,current_phase8,fallback_used,projected,derived_from_projected_minutes,9,0.0
De'Aaron Fox,161,SAS,NYK,True,21716138,stl,starter,stat_grid:hurdle_v1+role_aware_pmf_cal_v1:starter+monotone_pit_cdf_v1+sparse_hurdle_guarded,phase8_role_aware_pmf_cal_v1+monotone_inactive_global_v1,morning,2026-06-13T22:59:51Z,1751c17d#phase10c,9cd4defe-e740-40a1-b3f4-565702c84681,ok,0.0,high,full,current_phase8,fallback_used,projected,derived_from_projected_minutes,10,0.0
De'Aaron Fox,161,SAS,NYK,True,21716138,stl,starter,stat_grid:hurdle_v1+role_aware_pmf_cal_v1:starter+monotone_pit_cdf_v1+sparse_hurdle_guarded,phase8_role_aware_pmf_cal_v1+monotone_inactive_global_v1,morning,2026-06-13T22:59:51Z,1751c17d#phase10c,9cd4defe-e740-40a1-b3f4-565702c84681,ok,0.0,high,full,current_phase8,fallback_used,projected,derived_from_projected_minutes,11,0.0
De'Aaron Fox,161,SAS,NYK,True,21716138,stl,starter,stat_grid:hurdle_v1+role_aware_pmf_cal_v1:starter+monotone_pit_cdf_v1+sparse_hurdle_guarded,phase8_role_aware_pmf_cal_v1+monotone_inactive_global_v1,morning,2026-06-13T22:59:51Z,1751c17d#phase10c,9cd4defe-e740-40a1-b3f4-565702c84681,ok,0.0,high,full,current_phase8,fallback_used,projected,derived_from_projected_minutes,12,0.0
De'Aaron Fox,161,SAS,NYK,True,21716138,stl,starter,stat_grid:hurdle_v1+role_aware_pmf_cal_v1:starter+monotone_pit_cdf_v1+sparse_hurdle_guarded,phase8_role_aware_pmf_cal_v1+monotone_inactive_global_v1,morning,2026-06-13T22:59:51Z,1751c17d#phase10c,9cd4defe-e740-40a1-b3f4-565702c84681,ok,0.0,high,full,current_phase8,fallback_used,projected,derived_from_projected_minutes,13,0.0
De'Aaron Fox,161,SAS,NYK,True,21716138,stl,starter,stat_grid:hurdle_v1+role_aware_pmf_cal_v1:starter+monotone_pit_cdf_v1+sparse_hurdle_guarded,phase8_role_aware_pmf_cal_v1+monotone_inactive_global_v1,morning,2026-06-13T22:59:51Z,1751c17d#phase10c,9cd4defe-e740-40a1-b3f4-565702c84681,ok,0.0,high,full,current_phase8,fallback_used,projected,derived_from_projected_minutes,14,0.0
De'Aaron Fox,161,SAS,NYK,True,21716138,stl,starter,stat_grid:hurdle_v1+role_aware_pmf_cal_v1:starter+monotone_pit_cdf_v1+sparse_hurdle_guarded,phase8_role_aware_pmf_cal_v1+monotone_inactive_global_v1,morning,2026-06-13T22:59:51Z,1751c17d#phase10c,9cd4defe-e740-40a1-b3f4-565702c84681,ok,0.0,high,full,current_phase8,fallback_used,projected,derived_from_projected_minutes,15,0.0
De'Aaron Fox,161,SAS,NYK,True,21716138,stl,starter,stat_grid:hurdle_v1+role_aware_pmf_cal_v1:starter+monotone_pit_cdf_v1+sparse_hurdle_guarded,phase8_role_aware_pmf_cal_v1+monotone_inactive_global_v1,morning,2026-06-13T22:59:51Z,1751c17d#phase10c,9cd4defe-e740-40a1-b3f4-565702c84681,ok,0.0,high,full,current_phase8,fallback_used,projected,derived_from_projected_minutes,16,0.0
De'Aaron Fox,161,SAS,NYK,True,21716138,stl,starter,stat_grid:hurdle_v1+role_aware_pmf_cal_v1:starter+monotone_pit_cdf_v1+sparse_hurdle_guarded,phase8_role_aware_pmf_cal_v1+monotone_inactive_global_v1,morning,2026-06-13T22:59:51Z,1751c17d#phase10c,9cd4defe-e740-40a1-b3f4-565702c84681,ok,0.0,high,full,current_phase8,fallback_used,projected,derived_from_projected_minutes,17,0.0
De'Aaron Fox,161,SAS,NYK,True,21716138,stl,starter,stat_grid:hurdle_v1+role_aware_pmf_cal_v1:starter+monotone_pit_cdf_v1+sparse_hurdle_guarded,phase8_role_aware_pmf_cal_v1+monotone_inactive_global_v1,morning,2026-06-13T22:59:51Z,1751c17d#phase10c,9cd4defe-e740-40a1-b3f4-565702c84681,ok,0.0,high,full,current_phase8,fallback_used,projected,derived_from_projected_minutes,18,0.0
De'Aaron Fox,161,SAS,NYK,True,21716138,stl,starter,stat_grid:hurdle_v1+role_aware_pmf_cal_v1:starter+monotone_pit_cdf_v1+sparse_hurdle_guarded,phase8_role_aware_pmf_cal_v1+monotone_inactive_global_v1,morning,2026-06-13T22:59:51Z,1751c17d#phase10c,9cd4defe-e740-40a1-b3f4-565702c84681,ok,0.0,high,full,current_phase8,fallback_used,projected,derived_from_projected_minutes,19,0.0
De'Aaron Fox,161,SAS,NYK,True,21716138,stl,starter,stat_grid:hurdle_v1+role_aware_pmf_cal_v1:starter+monotone_pit_cdf_v1+sparse_hurdle_guarded,phase8_role_aware_pmf_cal_v1+monotone_inactive_global_v1,morning,2026-06-13T22:59:51Z,1751c17d#phase10c,9cd4defe-e740-40a1-b3f4-565702c84681,ok,0.0,high,full,current_phase8,fallback_used,projected,derived_from_projected_minutes,20,0.0
De'Aaron Fox,161,SAS,NYK,True,21716138,blk,starter,stat_grid:hurdle_v1+role_aware_pmf_cal_v1:starter+monotone_pit_cdf_v1+sparse_hurdle_guarded,phase8_role_aware_pmf_cal_v1+monotone_inactive_global_v1,morning,2026-06-13T22:59:51Z,1751c17d#phase10c,9cd4defe-e740-40a1-b3f4-565702c84681,ok,0.0,high,full,current_phase8,fallback_used,projected,derived_from_projected_minutes,0,0.769
De'Aaron Fox,161,SAS,NYK,True,21716138,blk,starter,stat_grid:hurdle_v1+role_aware_pmf_cal_v1:starter+monotone_pit_cdf_v1+sparse_hurdle_guarded,phase8_role_aware_pmf_cal_v1+monotone_inactive_global_v1,morning,2026-06-13T22:59:51Z,1751c17d#phase10c,9cd4defe-e740-40a1-b3f4-565702c84681,ok,0.0,high,full,current_phase8,fallback_used,projected,derived_from_projected_minutes,1,0.1679
De'Aaron Fox,161,SAS,NYK,True,21716138,blk,starter,stat_grid:hurdle_v1+role_aware_pmf_cal_v1:starter+monotone_pit_cdf_v1+sparse_hurdle_guarded,phase8_role_aware_pmf_cal_v1+monotone_inactive_global_v1,morning,2026-06-13T22:59:51Z,1751c17d#phase10c,9cd4defe-e740-40a1-b3f4-565702c84681,ok,0.0,high,full,current_phase8,fallback_used,projected,derived_from_projected_minutes,2,0.0554
De'Aaron Fox,161,SAS,NYK,True,21716138,blk,starter,stat_grid:hurdle_v1+role_aware_pmf_cal_v1:starter+monotone_pit_cdf_v1+sparse_hurdle_guarded,phase8_role_aware_pmf_cal_v1+monotone_inactive_global_v1,morning,2026-06-13T22:59:51Z,1751c17d#phase10c,9cd4defe-e740-40a1-b3f4-565702c84681,ok,0.0,high,full,current_phase8,fallback_used,projected,derived_from_projected_minutes,3,0.0078
De'Aaron Fox,161,SAS,NYK,True,21716138,blk,starter,stat_grid:hurdle_v1+role_aware_pmf_cal_v1:starter+monotone_pit_cdf_v1+sparse_hurdle_guarded,phase8_role_aware_pmf_cal_v1+monotone_inactive_global_v1,morning,2026-06-13T22:59:51Z,1751c17d#phase10c,9cd4defe-e740-40a1-b3f4-565702c84681,ok,0.0,high,full,current_phase8,fallback_used,projected,derived_from_projected_minutes,4,0.0
De'Aaron Fox,161,SAS,NYK,True,21716138,blk,starter,stat_grid:hurdle_v1+role_aware_pmf_cal_v1:starter+monotone_pit_cdf_v1+sparse_hurdle_guarded,phase8_role_aware_pmf_cal_v1+monotone_inactive_global_v1,morning,2026-06-13T22:59:51Z,1751c17d#phase10c,9cd4defe-e740-40a1-b3f4-565702c84681,ok,0.0,high,full,current_phase8,fallback_used,projected,derived_from_projected_minutes,5,0.0
De'Aaron Fox,161,SAS,NYK,True,21716138,blk,starter,stat_grid:hurdle_v1+role_aware_pmf_cal_v1:starter+monotone_pit_cdf_v1+sparse_hurdle_guarded,phase8_role_aware_pmf_cal_v1+monotone_inactive_global_v1,morning,2026-06-13T22:59:51Z,1751c17d#phase10c,9cd4defe-e740-40a1-b3f4-565702c84681,ok,0.0,high,full,current_phase8,fallback_used,projected,derived_from_projected_minutes,6,0.0
De'Aaron Fox,161,SAS,NYK,True,21716138,blk,starter,stat_grid:hurdle_v1+role_aware_pmf_cal_v1:starter+monotone_pit_cdf_v1+sparse_hurdle_guarded,phase8_role_aware_pmf_cal_v1+monotone_inactive_global_v1,morning,2026-06-13T22:59:51Z,1751c17d#phase10c,9cd4defe-e740-40a1-b3f4-565702c84681,ok,0.0,high,full,current_phase8,fallback_used,projected,derived_from_projected_minutes,7,0.0
De'Aaron Fox,161,SAS,NYK,True,21716138,blk,starter,stat_grid:hurdle_v1+role_aware_pmf_cal_v1:starter+monotone_pit_cdf_v1+sparse_hurdle_guarded,phase8_role_aware_pmf_cal_v1+monotone_inactive_global_v1,morning,2026-06-13T22:59:51Z,1751c17d#phase10c,9cd4defe-e740-40a1-b3f4-565702c84681,ok,0.0,high,full,current_phase8,fallback_used,projected,derived_from_projected_minutes,8,0.0
De'Aaron Fox,161,SAS,NYK,True,21716138,blk,starter,stat_grid:hurdle_v1+role_aware_pmf_cal_v1:starter+monotone_pit_cdf_v1+sparse_hurdle_guarded,phase8_role_aware_pmf_cal_v1+monotone_inactive_global_v1,morning,2026-06-13T22:59:51Z,1751c17d#phase10c,9cd4defe-e740-40a1-b3f4-565702c84681,ok,0.0,high,full,current_phase8,fallback_used,projected,derived_from_projected_minutes,9,0.0
De'Aaron Fox,161,SAS,NYK,True,21716138,blk,starter,stat_grid:hurdle_v1+role_aware_pmf_cal_v1:starter+monotone_pit_cdf_v1+sparse_hurdle_guarded,phase8_role_aware_pmf_cal_v1+monotone_inactive_global_v1,morning,2026-06-13T22:59:51Z,1751c17d#phase10c,9cd4defe-e740-40a1-b3f4-565702c84681,ok,0.0,high,full,current_phase8,fallback_used,projected,derived_from_projected_minutes,10,0.0
De'Aaron Fox,161,SAS,NYK,True,21716138,blk,starter,stat_grid:hurdle_v1+role_aware_pmf_cal_v1:starter+monotone_pit_cdf_v1+sparse_hurdle_guarded,phase8_role_aware_pmf_cal_v1+monotone_inactive_global_v1,morning,2026-06-13T22:59:51Z,1751c17d#phase10c,9cd4defe-e740-40a1-b3f4-565702c84681,ok,0.0,high,full,current_phase8,fallback_used,projected,derived_from_projected_minutes,11,0.0
De'Aaron Fox,161,SAS,NYK,True,21716138,blk,starter,stat_grid:hurdle_v1+role_aware_pmf_cal_v1:starter+monotone_pit_cdf_v1+sparse_hurdle_guarded,phase8_role_aware_pmf_cal_v1+monotone_inactive_global_v1,morning,2026-06-13T22:59:51Z,1751c17d#phase10c,9cd4defe-e740-40a1-b3f4-565702c84681,ok,0.0,high,full,current_phase8,fallback_used,projected,derived_from_projected_minutes,12,0.0
De'Aaron Fox,161,SAS,NYK,True,21716138,blk,starter,stat_grid:hurdle_v1+role_aware_pmf_cal_v1:starter+monotone_pit_cdf_v1+sparse_hurdle_guarded,phase8_role_aware_pmf_cal_v1+monotone_inactive_global_v1,morning,2026-06-13T22:59:51Z,1751c17d#phase10c,9cd4defe-e740-40a1-b3f4-565702c84681,ok,0.0,high,full,current_phase8,fallback_used,projected,derived_from_projected_minutes,13,0.0
De'Aaron Fox,161,SAS,NYK,True,21716138,blk,starter,stat_grid:hurdle_v1+role_aware_pmf_cal_v1:starter+monotone_pit_cdf_v1+sparse_hurdle_guarded,phase8_role_aware_pmf_cal_v1+monotone_inactive_global_v1,morning,2026-06-13T22:59:51Z,1751c17d#phase10c,9cd4defe-e740-40a1-b3f4-565702c84681,ok,0.0,high,full,current_phase8,fallback_used,projected,derived_from_projected_minutes,14,0.0
De'Aaron Fox,161,SAS,NYK,True,21716138,blk,starter,stat_grid:hurdle_v1+role_aware_pmf_cal_v1:starter+monotone_pit_cdf_v1+sparse_hurdle_guarded,phase8_role_aware_pmf_cal_v1+monotone_inactive_global_v1,morning,2026-06-13T22:59:51Z,1751c17d#phase10c,9cd4defe-e740-40a1-b3f4-565702c84681,ok,0.0,high,full,current_phase8,fallback_used,projected,derived_from_projected_minutes,15,0.0
De'Aaron Fox,161,SAS,NYK,True,21716138,blk,starter,stat_grid:hurdle_v1+role_aware_pmf_cal_v1:starter+monotone_pit_cdf_v1+sparse_hurdle_guarded,phase8_role_aware_pmf_cal_v1+monotone_inactive_global_v1,morning,2026-06-13T22:59:51Z,1751c17d#phase10c,9cd4defe-e740-40a1-b3f4-565702c84681,ok,0.0,high,full,current_phase8,fallback_used,projected,derived_from_projected_minutes,16,0.0
De'Aaron Fox,161,SAS,NYK,True,21716138,blk,starter,stat_grid:hurdle_v1+role_aware_pmf_cal_v1:starter+monotone_pit_cdf_v1+sparse_hurdle_guarded,phase8_role_aware_pmf_cal_v1+monotone_inactive_global_v1,morning,2026-06-13T22:59:51Z,1751c17d#phase10c,9cd4defe-e740-40a1-b3f4-565702c84681,ok,0.0,high,full,current_phase8,fallback_used,projected,derived_from_projected_minutes,17,0.0
De'Aaron Fox,161,SAS,NYK,True,21716138,blk,starter,stat_grid:hurdle_v1+role_aware_pmf_cal_v1:starter+monotone_pit_cdf_v1+sparse_hurdle_guarded,phase8_role_aware_pmf_cal_v1+monotone_inactive_global_v1,morning,2026-06-13T22:59:51Z,1751c17d#phase10c,9cd4defe-e740-40a1-b3f4-565702c84681,ok,0.0,high,full,current_phase8,fallback_used,projected,derived_from_projected_minutes,18,0.0
De'Aaron Fox,161,SAS,NYK,True,21716138,blk,starter,stat_grid:hurdle_v1+role_aware_pmf_cal_v1:starter+monotone_pit_cdf_v1+sparse_hurdle_guarded,phase8_role_aware_pmf_cal_v1+monotone_inactive_global_v1,morning,2026-06-13T22:59:51Z,1751c17d#phase10c,9cd4defe-e740-40a1-b3f4-565702c84681,ok,0.0,high,full,current_phase8,fallback_used,projected,derived_from_projected_minutes,19,0.0
De'Aaron Fox,161,SAS,NYK,True,21716138,blk,starter,stat_grid:hurdle_v1+role_aware_pmf_cal_v1:starter+monotone_pit_cdf_v1+sparse_hurdle_guarded,phase8_role_aware_pmf_cal_v1+monotone_inactive_global_v1,morning,2026-06-13T22:59:51Z,1751c17d#phase10c,9cd4defe-e740-40a1-b3f4-565702c84681,ok,0.0,high,full,current_phase8,fallback_used,projected,derived_from_projected_minutes,20,0.0
De'Aaron Fox,161,SAS,NYK,True,21716138,stocks,starter,"stat_grid:component_convolution_mean_coherent_v1+components[stl:hurdle_v1+role_aware_pmf_cal_v1:starter+monotone_pit_cdf_v1+sparse_hurdle_guarded,blk:hurdle_v1+role_aware_pmf_cal_v1:starter+monotone_pit_cdf_v1+sparse_hurdle_guarded]+prior_combo[joint_sampler_v1+joint_combo_pmf_v1+role_aware_pmf_cal_v1:starter+monotone_pit_cdf_v1+sparse_hurdle_guarded]+stat_grid_final_component_convolution_mean_coherent_v1",phase8_role_aware_pmf_cal_v1+monotone_inactive_global_v1,morning,2026-06-13T22:59:51Z,1751c17d#phase10c,9cd4defe-e740-40a1-b3f4-565702c84681,ok,0.0,high,full,current_phase8,fallback_used,projected,derived_from_projected_minutes,0,0.3897
De'Aaron Fox,161,SAS,NYK,True,21716138,stocks,starter,"stat_grid:component_convolution_mean_coherent_v1+components[stl:hurdle_v1+role_aware_pmf_cal_v1:starter+monotone_pit_cdf_v1+sparse_hurdle_guarded,blk:hurdle_v1+role_aware_pmf_cal_v1:starter+monotone_pit_cdf_v1+sparse_hurdle_guarded]+prior_combo[joint_sampler_v1+joint_combo_pmf_v1+role_aware_pmf_cal_v1:starter+monotone_pit_cdf_v1+sparse_hurdle_guarded]+stat_grid_final_component_convolution_mean_coherent_v1",phase8_role_aware_pmf_cal_v1+monotone_inactive_global_v1,morning,2026-06-13T22:59:51Z,1751c17d#phase10c,9cd4defe-e740-40a1-b3f4-565702c84681,ok,0.0,high,full,current_phase8,fallback_used,projected,derived_from_projected_minutes,1,0.3269
De'Aaron Fox,161,SAS,NYK,True,21716138,stocks,starter,"stat_grid:component_convolution_mean_coherent_v1+components[stl:hurdle_v1+role_aware_pmf_cal_v1:starter+monotone_pit_cdf_v1+sparse_hurdle_guarded,blk:hurdle_v1+role_aware_pmf_cal_v1:starter+monotone_pit_cdf_v1+sparse_hurdle_guarded]+prior_combo[joint_sampler_v1+joint_combo_pmf_v1+role_aware_pmf_cal_v1:starter+monotone_pit_cdf_v1+sparse_hurdle_guarded]+stat_grid_final_component_convolution_mean_coherent_v1",phase8_role_aware_pmf_cal_v1+monotone_inactive_global_v1,morning,2026-06-13T22:59:51Z,1751c17d#phase10c,9cd4defe-e740-40a1-b3f4-565702c84681,ok,0.0,high,full,current_phase8,fallback_used,projected,derived_from_projected_minutes,2,0.1639
De'Aaron Fox,161,SAS,NYK,True,21716138,stocks,starter,"stat_grid:component_convolution_mean_coherent_v1+components[stl:hurdle_v1+role_aware_pmf_cal_v1:starter+monotone_pit_cdf_v1+sparse_hurdle_guarded,blk:hurdle_v1+role_aware_pmf_cal_v1:starter+monotone_pit_cdf_v1+sparse_hurdle_guarded]+prior_combo[joint_sampler_v1+joint_combo_pmf_v1+role_aware_pmf_cal_v1:starter+monotone_pit_cdf_v1+sparse_hurdle_guarded]+stat_grid_final_component_convolution_mean_coherent_v1",phase8_role_aware_pmf_cal_v1+monotone_inactive_global_v1,morning,2026-06-13T22:59:51Z,1751c17d#phase10c,9cd4defe-e740-40a1-b3f4-565702c84681,ok,0.0,high,full,current_phase8,fallback_used,projected,derived_from_projected_minutes,3,0.087
De'Aaron Fox,161,SAS,NYK,True,21716138,stocks,starter,"stat_grid:component_convolution_mean_coherent_v1+components[stl:hurdle_v1+role_aware_pmf_cal_v1:starter+monotone_pit_cdf_v1+sparse_hurdle_guarded,blk:hurdle_v1+role_aware_pmf_cal_v1:starter+monotone_pit_cdf_v1+sparse_hurdle_guarded]+prior_combo[joint_sampler_v1+joint_combo_pmf_v1+role_aware_pmf_cal_v1:starter+monotone_pit_cdf_v1+sparse_hurdle_guarded]+stat_grid_final_component_convolution_mean_coherent_v1",phase8_role_aware_pmf_cal_v1+monotone_inactive_global_v1,morning,2026-06-13T22:59:51Z,1751c17d#phase10c,9cd4defe-e740-40a1-b3f4-565702c84681,ok,0.0,high,full,current_phase8,fallback_used,projected,derived_from_projected_minutes,4,0.0258
De'Aaron Fox,161,SAS,NYK,True,21716138,stocks,starter,"stat_grid:component_convolution_mean_coherent_v1+components[stl:hurdle_v1+role_aware_pmf_cal_v1:starter+monotone_pit_cdf_v1+sparse_hurdle_guarded,blk:hurdle_v1+role_aware_pmf_cal_v1:starter+monotone_pit_cdf_v1+sparse_hurdle_guarded]+prior_combo[joint_sampler_v1+joint_combo_pmf_v1+role_aware_pmf_cal_v1:starter+monotone_pit_cdf_v1+sparse_hurdle_guarded]+stat_grid_final_component_convolution_mean_coherent_v1",phase8_role_aware_pmf_cal_v1+monotone_inactive_global_v1,morning,2026-06-13T22:59:51Z,1751c17d#phase10c,9cd4defe-e740-40a1-b3f4-565702c84681,ok,0.0,high,full,current_phase8,fallback_used,projected,derived_from_projected_minutes,5,0.0056
De'Aaron Fox,161,SAS,NYK,True,21716138,stocks,starter,"stat_grid:component_convolution_mean_coherent_v1+components[stl:hurdle_v1+role_aware_pmf_cal_v1:starter+monotone_pit_cdf_v1+sparse_hurdle_guarded,blk:hurdle_v1+role_aware_pmf_cal_v1:starter+monotone_pit_cdf_v1+sparse_hurdle_guarded]+prior_combo[joint_sampler_v1+joint_combo_pmf_v1+role_aware_pmf_cal_v1:starter+monotone_pit_cdf_v1+sparse_hurdle_guarded]+stat_grid_final_component_convolution_mean_coherent_v1",phase8_role_aware_pmf_cal_v1+monotone_inactive_global_v1,morning,2026-06-13T22:59:51Z,1751c17d#phase10c,9cd4defe-e740-40a1-b3f4-565702c84681,ok,0.0,high,full,current_phase8,fallback_used,projected,derived_from_projected_minutes,6,0.001
De'Aaron Fox,161,SAS,NYK,True,21716138,stocks,starter,"stat_grid:component_convolution_mean_coherent_v1+components[stl:hurdle_v1+role_aware_pmf_cal_v1:starter+monotone_pit_cdf_v1+sparse_hurdle_guarded,blk:hurdle_v1+role_aware_pmf_cal_v1:starter+monotone_pit_cdf_v1+sparse_hurdle_guarded]+prior_combo[joint_sampler_v1+joint_combo_pmf_v1+role_aware_pmf_cal_v1:starter+monotone_pit_cdf_v1+sparse_hurdle_guarded]+stat_grid_final_component_convolution_mean_coherent_v1",phase8_role_aware_pmf_cal_v1+monotone_inactive_global_v1,morning,2026-06-13T22:59:51Z,1751c17d#phase10c,9cd4defe-e740-40a1-b3f4-565702c84681,ok,0.0,high,full,current_phase8,fallback_used,projected,derived_from_projected_minutes,7,0.0001
De'Aaron Fox,161,SAS,NYK,True,21716138,stocks,starter,"stat_grid:component_convolution_mean_coherent_v1+components[stl:hurdle_v1+role_aware_pmf_cal_v1:starter+monotone_pit_cdf_v1+sparse_hurdle_guarded,blk:hurdle_v1+role_aware_pmf_cal_v1:starter+monotone_pit_cdf_v1+sparse_hurdle_guarded]+prior_combo[joint_sampler_v1+joint_combo_pmf_v1+role_aware_pmf_cal_v1:starter+monotone_pit_cdf_v1+sparse_hurdle_guarded]+stat_grid_final_component_convolution_mean_coherent_v1",phase8_role_aware_pmf_cal_v1+monotone_inactive_global_v1,morning,2026-06-13T22:59:51Z,1751c17d#phase10c,9cd4defe-e740-40a1-b3f4-565702c84681,ok,0.0,high,full,current_phase8,fallback_used,projected,derived_from_projected_minutes,8,0.0
De'Aaron Fox,161,SAS,NYK,True,21716138,stocks,starter,"stat_grid:component_convolution_mean_coherent_v1+components[stl:hurdle_v1+role_aware_pmf_cal_v1:starter+monotone_pit_cdf_v1+sparse_hurdle_guarded,blk:hurdle_v1+role_aware_pmf_cal_v1:starter+monotone_pit_cdf_v1+sparse_hurdle_guarded]+prior_combo[joint_sampler_v1+joint_combo_pmf_v1+role_aware_pmf_cal_v1:starter+monotone_pit_cdf_v1+sparse_hurdle_guarded]+stat_grid_final_component_convolution_mean_coherent_v1",phase8_role_aware_pmf_cal_v1+monotone_inactive_global_v1,morning,2026-06-13T22:59:51Z,1751c17d#phase10c,9cd4defe-e740-40a1-b3f4-565702c84681,ok,0.0,high,full,current_phase8,fallback_used,projected,derived_from_projected_minutes,9,0.0
De'Aaron Fox,161,SAS,NYK,True,21716138,stocks,starter,"stat_grid:component_convolution_mean_coherent_v1+components[stl:hurdle_v1+role_aware_pmf_cal_v1:starter+monotone_pit_cdf_v1+sparse_hurdle_guarded,blk:hurdle_v1+role_aware_pmf_cal_v1:starter+monotone_pit_cdf_v1+sparse_hurdle_guarded]+prior_combo[joint_sampler_v1+joint_combo_pmf_v1+role_aware_pmf_cal_v1:starter+monotone_pit_cdf_v1+sparse_hurdle_guarded]+stat_grid_final_component_convolution_mean_coherent_v1",phase8_role_aware_pmf_cal_v1+monotone_inactive_global_v1,morning,2026-06-13T22:59:51Z,1751c17d#phase10c,9cd4defe-e740-40a1-b3f4-565702c84681,ok,0.0,high,full,current_phase8,fallback_used,projected,derived_from_projected_minutes,10,0.0
De'Aaron Fox,161,SAS,NYK,True,21716138,stocks,starter,"stat_grid:component_convolution_mean_coherent_v1+components[stl:hurdle_v1+role_aware_pmf_cal_v1:starter+monotone_pit_cdf_v1+sparse_hurdle_guarded,blk:hurdle_v1+role_aware_pmf_cal_v1:starter+monotone_pit_cdf_v1+sparse_hurdle_guarded]+prior_combo[joint_sampler_v1+joint_combo_pmf_v1+role_aware_pmf_cal_v1:starter+monotone_pit_cdf_v1+sparse_hurdle_guarded]+stat_grid_final_component_convolution_mean_coherent_v1",phase8_role_aware_pmf_cal_v1+monotone_inactive_global_v1,morning,2026-06-13T22:59:51Z,1751c17d#phase10c,9cd4defe-e740-40a1-b3f4-565702c84681,ok,0.0,high,full,current_phase8,fallback_used,projected,derived_from_projected_minutes,11,0.0
De'Aaron Fox,161,SAS,NYK,True,21716138,stocks,starter,"stat_grid:component_convolution_mean_coherent_v1+components[stl:hurdle_v1+role_aware_pmf_cal_v1:starter+monotone_pit_cdf_v1+sparse_hurdle_guarded,blk:hurdle_v1+role_aware_pmf_cal_v1:starter+monotone_pit_cdf_v1+sparse_hurdle_guarded]+prior_combo[joint_sampler_v1+joint_combo_pmf_v1+role_aware_pmf_cal_v1:starter+monotone_pit_cdf_v1+sparse_hurdle_guarded]+stat_grid_final_component_convolution_mean_coherent_v1",phase8_role_aware_pmf_cal_v1+monotone_inactive_global_v1,morning,2026-06-13T22:59:51Z,1751c17d#phase10c,9cd4defe-e740-40a1-b3f4-565702c84681,ok,0.0,high,full,current_phase8,fallback_used,projected,derived_from_projected_minutes,12,0.0
De'Aaron Fox,161,SAS,NYK,True,21716138,stocks,starter,"stat_grid:component_convolution_mean_coherent_v1+components[stl:hurdle_v1+role_aware_pmf_cal_v1:starter+monotone_pit_cdf_v1+sparse_hurdle_guarded,blk:hurdle_v1+role_aware_pmf_cal_v1:starter+monotone_pit_cdf_v1+sparse_hurdle_guarded]+prior_combo[joint_sampler_v1+joint_combo_pmf_v1+role_aware_pmf_cal_v1:starter+monotone_pit_cdf_v1+sparse_hurdle_guarded]+stat_grid_final_component_convolution_mean_coherent_v1",phase8_role_aware_pmf_cal_v1+monotone_inactive_global_v1,morning,2026-06-13T22:59:51Z,1751c17d#phase10c,9cd4defe-e740-40a1-b3f4-565702c84681,ok,0.0,high,full,current_phase8,fallback_used,projected,derived_from_projected_minutes,13,0.0
De'Aaron Fox,161,SAS,NYK,True,21716138,stocks,starter,"stat_grid:component_convolution_mean_coherent_v1+components[stl:hurdle_v1+role_aware_pmf_cal_v1:starter+monotone_pit_cdf_v1+sparse_hurdle_guarded,blk:hurdle_v1+role_aware_pmf_cal_v1:starter+monotone_pit_cdf_v1+sparse_hurdle_guarded]+prior_combo[joint_sampler_v1+joint_combo_pmf_v1+role_aware_pmf_cal_v1:starter+monotone_pit_cdf_v1+sparse_hurdle_guarded]+stat_grid_final_component_convolution_mean_coherent_v1",phase8_role_aware_pmf_cal_v1+monotone_inactive_global_v1,morning,2026-06-13T22:59:51Z,1751c17d#phase10c,9cd4defe-e740-40a1-b3f4-565702c84681,ok,0.0,high,full,current_phase8,fallback_used,projected,derived_from_projected_minutes,14,0.0
De'Aaron Fox,161,SAS,NYK,True,21716138,stocks,starter,"stat_grid:component_convolution_mean_coherent_v1+components[stl:hurdle_v1+role_aware_pmf_cal_v1:starter+monotone_pit_cdf_v1+sparse_hurdle_guarded,blk:hurdle_v1+role_aware_pmf_cal_v1:starter+monotone_pit_cdf_v1+sparse_hurdle_guarded]+prior_combo[joint_sampler_v1+joint_combo_pmf_v1+role_aware_pmf_cal_v1:starter+monotone_pit_cdf_v1+sparse_hurdle_guarded]+stat_grid_final_component_convolution_mean_coherent_v1",phase8_role_aware_pmf_cal_v1+monotone_inactive_global_v1,morning,2026-06-13T22:59:51Z,1751c17d#phase10c,9cd4defe-e740-40a1-b3f4-565702c84681,ok,0.0,high,full,current_phase8,fallback_used,projected,derived_from_projected_minutes,15,0.0
De'Aaron Fox,161,SAS,NYK,True,21716138,stocks,starter,"stat_grid:component_convolution_mean_coherent_v1+components[stl:hurdle_v1+role_aware_pmf_cal_v1:starter+monotone_pit_cdf_v1+sparse_hurdle_guarded,blk:hurdle_v1+role_aware_pmf_cal_v1:starter+monotone_pit_cdf_v1+sparse_hurdle_guarded]+prior_combo[joint_sampler_v1+joint_combo_pmf_v1+role_aware_pmf_cal_v1:starter+monotone_pit_cdf_v1+sparse_hurdle_guarded]+stat_grid_final_component_convolution_mean_coherent_v1",phase8_role_aware_pmf_cal_v1+monotone_inactive_global_v1,morning,2026-06-13T22:59:51Z,1751c17d#phase10c,9cd4defe-e740-40a1-b3f4-565702c84681,ok,0.0,high,full,current_phase8,fallback_used,projected,derived_from_projected_minutes,16,0.0
De'Aaron Fox,161,SAS,NYK,True,21716138,stocks,starter,"stat_grid:component_convolution_mean_coherent_v1+components[stl:hurdle_v1+role_aware_pmf_cal_v1:starter+monotone_pit_cdf_v1+sparse_hurdle_guarded,blk:hurdle_v1+role_aware_pmf_cal_v1:starter+monotone_pit_cdf_v1+sparse_hurdle_guarded]+prior_combo[joint_sampler_v1+joint_combo_pmf_v1+role_aware_pmf_cal_v1:starter+monotone_pit_cdf_v1+sparse_hurdle_guarded]+stat_grid_final_component_convolution_mean_coherent_v1",phase8_role_aware_pmf_cal_v1+monotone_inactive_global_v1,morning,2026-06-13T22:59:51Z,1751c17d#phase10c,9cd4defe-e740-40a1-b3f4-565702c84681,ok,0.0,high,full,current_phase8,fallback_used,projected,derived_from_projected_minutes,17,0.0
De'Aaron Fox,161,SAS,NYK,True,21716138,stocks,starter,"stat_grid:component_convolution_mean_coherent_v1+components[stl:hurdle_v1+role_aware_pmf_cal_v1:starter+monotone_pit_cdf_v1+sparse_hurdle_guarded,blk:hurdle_v1+role_aware_pmf_cal_v1:starter+monotone_pit_cdf_v1+sparse_hurdle_guarded]+prior_combo[joint_sampler_v1+joint_combo_pmf_v1+role_aware_pmf_cal_v1:starter+monotone_pit_cdf_v1+sparse_hurdle_guarded]+stat_grid_final_component_convolution_mean_coherent_v1",phase8_role_aware_pmf_cal_v1+monotone_inactive_global_v1,morning,2026-06-13T22:59:51Z,1751c17d#phase10c,9cd4defe-e740-40a1-b3f4-565702c84681,ok,0.0,high,full,current_phase8,fallback_used,projected,derived_from_projected_minutes,18,0.0
De'Aaron Fox,161,SAS,NYK,True,21716138,stocks,starter,"stat_grid:component_convolution_mean_coherent_v1+components[stl:hurdle_v1+role_aware_pmf_cal_v1:starter+monotone_pit_cdf_v1+sparse_hurdle_guarded,blk:hurdle_v1+role_aware_pmf_cal_v1:starter+monotone_pit_cdf_v1+sparse_hurdle_guarded]+prior_combo[joint_sampler_v1+joint_combo_pmf_v1+role_aware_pmf_cal_v1:starter+monotone_pit_cdf_v1+sparse_hurdle_guarded]+stat_grid_final_component_convolution_mean_coherent_v1",phase8_role_aware_pmf_cal_v1+monotone_inactive_global_v1,morning,2026-06-13T22:59:51Z,1751c17d#phase10c,9cd4defe-e740-40a1-b3f4-565702c84681,ok,0.0,high,full,current_phase8,fallback_used,projected,derived_from_projected_minutes,19,0.0
De'Aaron Fox,161,SAS,NYK,True,21716138,stocks,starter,"stat_grid:component_convolution_mean_coherent_v1+components[stl:hurdle_v1+role_aware_pmf_cal_v1:starter+monotone_pit_cdf_v1+sparse_hurdle_guarded,blk:hurdle_v1+role_aware_pmf_cal_v1:starter+monotone_pit_cdf_v1+sparse_hurdle_guarded]+prior_combo[joint_sampler_v1+joint_combo_pmf_v1+role_aware_pmf_cal_v1:starter+monotone_pit_cdf_v1+sparse_hurdle_guarded]+stat_grid_final_component_convolution_mean_coherent_v1",phase8_role_aware_pmf_cal_v1+monotone_inactive_global_v1,morning,2026-06-13T22:59:51Z,1751c17d#phase10c,9cd4defe-e740-40a1-b3f4-565702c84681,ok,0.0,high,full,current_phase8,fallback_used,projected,derived_from_projected_minutes,20,0.0
De'Aaron Fox,161,SAS,NYK,True,21716138,pa,starter,"stat_grid:component_convolution_mean_coherent_v1+components[pts:pmf_sim_v1+role_aware_pmf_cal_v1:starter+monotone_pit_cdf_v1,ast:pmf_sim_v1+role_aware_pmf_cal_v1:starter+monotone_pit_cdf_v1]+prior_combo[joint_sampler_v1+joint_combo_pmf_v1+role_aware_pmf_cal_v1:starter+monotone_pit_cdf_v1]+stat_grid_final_component_convolution_mean_coherent_v1",phase8_role_aware_pmf_cal_v1+monotone_inactive_global_v1,morning,2026-06-13T22:59:51Z,1751c17d#phase10c,9cd4defe-e740-40a1-b3f4-565702c84681,ok,0.0,high,full,current_phase8,fallback_used,projected,derived_from_projected_minutes,0,0.0
De'Aaron Fox,161,SAS,NYK,True,21716138,pa,starter,"stat_grid:component_convolution_mean_coherent_v1+components[pts:pmf_sim_v1+role_aware_pmf_cal_v1:starter+monotone_pit_cdf_v1,ast:pmf_sim_v1+role_aware_pmf_cal_v1:starter+monotone_pit_cdf_v1]+prior_combo[joint_sampler_v1+joint_combo_pmf_v1+role_aware_pmf_cal_v1:starter+monotone_pit_cdf_v1]+stat_grid_final_component_convolution_mean_coherent_v1",phase8_role_aware_pmf_cal_v1+monotone_inactive_global_v1,morning,2026-06-13T22:59:51Z,1751c17d#phase10c,9cd4defe-e740-40a1-b3f4-565702c84681,ok,0.0,high,full,current_phase8,fallback_used,projected,derived_from_projected_minutes,1,0.0
De'Aaron Fox,161,SAS,NYK,True,21716138,pa,starter,"stat_grid:component_convolution_mean_coherent_v1+components[pts:pmf_sim_v1+role_aware_pmf_cal_v1:starter+monotone_pit_cdf_v1,ast:pmf_sim_v1+role_aware_pmf_cal_v1:starter+monotone_pit_cdf_v1]+prior_combo[joint_sampler_v1+joint_combo_pmf_v1+role_aware_pmf_cal_v1:starter+monotone_pit_cdf_v1]+stat_grid_final_component_convolution_mean_coherent_v1",phase8_role_aware_pmf_cal_v1+monotone_inactive_global_v1,morning,2026-06-13T22:59:51Z,1751c17d#phase10c,9cd4defe-e740-40a1-b3f4-565702c84681,ok,0.0,high,full,current_phase8,fallback_used,projected,derived_from_projected_minutes,2,0.0
De'Aaron Fox,161,SAS,NYK,True,21716138,pa,starter,"stat_grid:component_convolution_mean_coherent_v1+components[pts:pmf_sim_v1+role_aware_pmf_cal_v1:starter+monotone_pit_cdf_v1,ast:pmf_sim_v1+role_aware_pmf_cal_v1:starter+monotone_pit_cdf_v1]+prior_combo[joint_sampler_v1+joint_combo_pmf_v1+role_aware_pmf_cal_v1:starter+monotone_pit_cdf_v1]+stat_grid_final_component_convolution_mean_coherent_v1",phase8_role_aware_pmf_cal_v1+monotone_inactive_global_v1,morning,2026-06-13T22:59:51Z,1751c17d#phase10c,9cd4defe-e740-40a1-b3f4-565702c84681,ok,0.0,high,full,current_phase8,fallback_used,projected,derived_from_projected_minutes,3,0.0001
De'Aaron Fox,161,SAS,NYK,True,21716138,pa,starter,"stat_grid:component_convolution_mean_coherent_v1+components[pts:pmf_sim_v1+role_aware_pmf_cal_v1:starter+monotone_pit_cdf_v1,ast:pmf_sim_v1+role_aware_pmf_cal_v1:starter+monotone_pit_cdf_v1]+prior_combo[joint_sampler_v1+joint_combo_pmf_v1+role_aware_pmf_cal_v1:starter+monotone_pit_cdf_v1]+stat_grid_final_component_convolution_mean_coherent_v1",phase8_role_aware_pmf_cal_v1+monotone_inactive_global_v1,morning,2026-06-13T22:59:51Z,1751c17d#phase10c,9cd4defe-e740-40a1-b3f4-565702c84681,ok,0.0,high,full,current_phase8,fallback_used,projected,derived_from_projected_minutes,4,0.0002
De'Aaron Fox,161,SAS,NYK,True,21716138,pa,starter,"stat_grid:component_convolution_mean_coherent_v1+components[pts:pmf_sim_v1+role_aware_pmf_cal_v1:starter+monotone_pit_cdf_v1,ast:pmf_sim_v1+role_aware_pmf_cal_v1:starter+monotone_pit_cdf_v1]+prior_combo[joint_sampler_v1+joint_combo_pmf_v1+role_aware_pmf_cal_v1:starter+monotone_pit_cdf_v1]+stat_grid_final_component_convolution_mean_coherent_v1",phase8_role_aware_pmf_cal_v1+monotone_inactive_global_v1,morning,2026-06-13T22:59:51Z,1751c17d#phase10c,9cd4defe-e740-40a1-b3f4-565702c84681,ok,0.0,high,full,current_phase8,fallback_used,projected,derived_from_projected_minutes,5,0.0005
De'Aaron Fox,161,SAS,NYK,True,21716138,pa,starter,"stat_grid:component_convolution_mean_coherent_v1+components[pts:pmf_sim_v1+role_aware_pmf_cal_v1:starter+monotone_pit_cdf_v1,ast:pmf_sim_v1+role_aware_pmf_cal_v1:starter+monotone_pit_cdf_v1]+prior_combo[joint_sampler_v1+joint_combo_pmf_v1+role_aware_pmf_cal_v1:starter+monotone_pit_cdf_v1]+stat_grid_final_component_convolution_mean_coherent_v1",phase8_role_aware_pmf_cal_v1+monotone_inactive_global_v1,morning,2026-06-13T22:59:51Z,1751c17d#phase10c,9cd4defe-e740-40a1-b3f4-565702c84681,ok,0.0,high,full,current_phase8,fallback_used,projected,derived_from_projected_minutes,6,0.0009
De'Aaron Fox,161,SAS,NYK,True,21716138,pa,starter,"stat_grid:component_convolution_mean_coherent_v1+components[pts:pmf_sim_v1+role_aware_pmf_cal_v1:starter+monotone_pit_cdf_v1,ast:pmf_sim_v1+role_aware_pmf_cal_v1:starter+monotone_pit_cdf_v1]+prior_combo[joint_sampler_v1+joint_combo_pmf_v1+role_aware_pmf_cal_v1:starter+monotone_pit_cdf_v1]+stat_grid_final_component_convolution_mean_coherent_v1",phase8_role_aware_pmf_cal_v1+monotone_inactive_global_v1,morning,2026-06-13T22:59:51Z,1751c17d#phase10c,9cd4defe-e740-40a1-b3f4-565702c84681,ok,0.0,high,full,current_phase8,fallback_used,projected,derived_from_projected_minutes,7,0.0016
De'Aaron Fox,161,SAS,NYK,True,21716138,pa,starter,"stat_grid:component_convolution_mean_coherent_v1+components[pts:pmf_sim_v1+role_aware_pmf_cal_v1:starter+monotone_pit_cdf_v1,ast:pmf_sim_v1+role_aware_pmf_cal_v1:starter+monotone_pit_cdf_v1]+prior_combo[joint_sampler_v1+joint_combo_pmf_v1+role_aware_pmf_cal_v1:starter+monotone_pit_cdf_v1]+stat_grid_final_component_convolution_mean_coherent_v1",phase8_role_aware_pmf_cal_v1+monotone_inactive_global_v1,morning,2026-06-13T22:59:51Z,1751c17d#phase10c,9cd4defe-e740-40a1-b3f4-565702c84681,ok,0.0,high,full,current_phase8,fallback_used,projected,derived_from_projected_minutes,8,0.0027
De'Aaron Fox,161,SAS,NYK,True,21716138,pa,starter,"stat_grid:component_convolution_mean_coherent_v1+components[pts:pmf_sim_v1+role_aware_pmf_cal_v1:starter+monotone_pit_cdf_v1,ast:pmf_sim_v1+role_aware_pmf_cal_v1:starter+monotone_pit_cdf_v1]+prior_combo[joint_sampler_v1+joint_combo_pmf_v1+role_aware_pmf_cal_v1:starter+monotone_pit_cdf_v1]+stat_grid_final_component_convolution_mean_coherent_v1",phase8_role_aware_pmf_cal_v1+monotone_inactive_global_v1,morning,2026-06-13T22:59:51Z,1751c17d#phase10c,9cd4defe-e740-40a1-b3f4-565702c84681,ok,0.0,high,full,current_phase8,fallback_used,projected,derived_from_projected_minutes,9,0.0044
De'Aaron Fox,161,SAS,NYK,True,21716138,pa,starter,"stat_grid:component_convolution_mean_coherent_v1+components[pts:pmf_sim_v1+role_aware_pmf_cal_v1:starter+monotone_pit_cdf_v1,ast:pmf_sim_v1+role_aware_pmf_cal_v1:starter+monotone_pit_cdf_v1]+prior_combo[joint_sampler_v1+joint_combo_pmf_v1+role_aware_pmf_cal_v1:starter+monotone_pit_cdf_v1]+stat_grid_final_component_convolution_mean_coherent_v1",phase8_role_aware_pmf_cal_v1+monotone_inactive_global_v1,morning,2026-06-13T22:59:51Z,1751c17d#phase10c,9cd4defe-e740-40a1-b3f4-565702c84681,ok,0.0,high,full,current_phase8,fallback_used,projected,derived_from_projected_minutes,10,0.0068
De'Aaron Fox,161,SAS,NYK,True,21716138,pa,starter,"stat_grid:component_convolution_mean_coherent_v1+components[pts:pmf_sim_v1+role_aware_pmf_cal_v1:starter+monotone_pit_cdf_v1,ast:pmf_sim_v1+role_aware_pmf_cal_v1:starter+monotone_pit_cdf_v1]+prior_combo[joint_sampler_v1+joint_combo_pmf_v1+role_aware_pmf_cal_v1:starter+monotone_pit_cdf_v1]+stat_grid_final_component_convolution_mean_coherent_v1",phase8_role_aware_pmf_cal_v1+monotone_inactive_global_v1,morning,2026-06-13T22:59:51Z,1751c17d#phase10c,9cd4defe-e740-40a1-b3f4-565702c84681,ok,0.0,high,full,current_phase8,fallback_used,projected,derived_from_projected_minutes,11,0.0102
De'Aaron Fox,161,SAS,NYK,True,21716138,pa,starter,"stat_grid:component_convolution_mean_coherent_v1+components[pts:pmf_sim_v1+role_aware_pmf_cal_v1:starter+monotone_pit_cdf_v1,ast:pmf_sim_v1+role_aware_pmf_cal_v1:starter+monotone_pit_cdf_v1]+prior_combo[joint_sampler_v1+joint_combo_pmf_v1+role_aware_pmf_cal_v1:starter+monotone_pit_cdf_v1]+stat_grid_final_component_convolution_mean_coherent_v1",phase8_role_aware_pmf_cal_v1+monotone_inactive_global_v1,morning,2026-06-13T22:59:51Z,1751c17d#phase10c,9cd4defe-e740-40a1-b3f4-565702c84681,ok,0.0,high,full,current_phase8,fallback_used,projected,derived_from_projected_minutes,12,0.0145
De'Aaron Fox,161,SAS,NYK,True,21716138,pa,starter,"stat_grid:component_convolution_mean_coherent_v1+components[pts:pmf_sim_v1+role_aware_pmf_cal_v1:starter+monotone_pit_cdf_v1,ast:pmf_sim_v1+role_aware_pmf_cal_v1:starter+monotone_pit_cdf_v1]+prior_combo[joint_sampler_v1+joint_combo_pmf_v1+role_aware_pmf_cal_v1:starter+monotone_pit_cdf_v1]+stat_grid_final_component_convolution_mean_coherent_v1",phase8_role_aware_pmf_cal_v1+monotone_inactive_global_v1,morning,2026-06-13T22:59:51Z,1751c17d#phase10c,9cd4defe-e740-40a1-b3f4-565702c84681,ok,0.0,high,full,current_phase8,fallback_used,projected,derived_from_projected_minutes,13,0.0188
De'Aaron Fox,161,SAS,NYK,True,21716138,pa,starter,"stat_grid:component_convolution_mean_coherent_v1+components[pts:pmf_sim_v1+role_aware_pmf_cal_v1:starter+monotone_pit_cdf_v1,ast:pmf_sim_v1+role_aware_pmf_cal_v1:starter+monotone_pit_cdf_v1]+prior_combo[joint_sampler_v1+joint_combo_pmf_v1+role_aware_pmf_cal_v1:starter+monotone_pit_cdf_v1]+stat_grid_final_component_convolution_mean_coherent_v1",phase8_role_aware_pmf_cal_v1+monotone_inactive_global_v1,morning,2026-06-13T22:59:51Z,1751c17d#phase10c,9cd4defe-e740-40a1-b3f4-565702c84681,ok,0.0,high,full,current_phase8,fallback_used,projected,derived_from_projected_minutes,14,0.0238
De'Aaron Fox,161,SAS,NYK,True,21716138,pa,starter,"stat_grid:component_convolution_mean_coherent_v1+components[pts:pmf_sim_v1+role_aware_pmf_cal_v1:starter+monotone_pit_cdf_v1,ast:pmf_sim_v1+role_aware_pmf_cal_v1:starter+monotone_pit_cdf_v1]+prior_combo[joint_sampler_v1+joint_combo_pmf_v1+role_aware_pmf_cal_v1:starter+monotone_pit_cdf_v1]+stat_grid_final_component_convolution_mean_coherent_v1",phase8_role_aware_pmf_cal_v1+monotone_inactive_global_v1,morning,2026-06-13T22:59:51Z,1751c17d#phase10c,9cd4defe-e740-40a1-b3f4-565702c84681,ok,0.0,high,full,current_phase8,fallback_used,projected,derived_from_projected_minutes,15,0.0285
De'Aaron Fox,161,SAS,NYK,True,21716138,pa,starter,"stat_grid:component_convolution_mean_coherent_v1+components[pts:pmf_sim_v1+role_aware_pmf_cal_v1:starter+monotone_pit_cdf_v1,ast:pmf_sim_v1+role_aware_pmf_cal_v1:starter+monotone_pit_cdf_v1]+prior_combo[joint_sampler_v1+joint_combo_pmf_v1+role_aware_pmf_cal_v1:starter+monotone_pit_cdf_v1]+stat_grid_final_component_convolution_mean_coherent_v1",phase8_role_aware_pmf_cal_v1+monotone_inactive_global_v1,morning,2026-06-13T22:59:51Z,1751c17d#phase10c,9cd4defe-e740-40a1-b3f4-565702c84681,ok,0.0,high,full,current_phase8,fallback_used,projected,derived_from_projected_minutes,16,0.0339
De'Aaron Fox,161,SAS,NYK,True,21716138,pa,starter,"stat_grid:component_convolution_mean_coherent_v1+components[pts:pmf_sim_v1+role_aware_pmf_cal_v1:starter+monotone_pit_cdf_v1,ast:pmf_sim_v1+role_aware_pmf_cal_v1:starter+monotone_pit_cdf_v1]+prior_combo[joint_sampler_v1+joint_combo_pmf_v1+role_aware_pmf_cal_v1:starter+monotone_pit_cdf_v1]+stat_grid_final_component_convolution_mean_coherent_v1",phase8_role_aware_pmf_cal_v1+monotone_inactive_global_v1,morning,2026-06-13T22:59:51Z,1751c17d#phase10c,9cd4defe-e740-40a1-b3f4-565702c84681,ok,0.0,high,full,current_phase8,fallback_used,projected,derived_from_projected_minutes,17,0.0399
De'Aaron Fox,161,SAS,NYK,True,21716138,pa,starter,"stat_grid:component_convolution_mean_coherent_v1+components[pts:pmf_sim_v1+role_aware_pmf_cal_v1:starter+monotone_pit_cdf_v1,ast:pmf_sim_v1+role_aware_pmf_cal_v1:starter+monotone_pit_cdf_v1]+prior_combo[joint_sampler_v1+joint_combo_pmf_v1+role_aware_pmf_cal_v1:starter+monotone_pit_cdf_v1]+stat_grid_final_component_convolution_mean_coherent_v1",phase8_role_aware_pmf_cal_v1+monotone_inactive_global_v1,morning,2026-06-13T22:59:51Z,1751c17d#phase10c,9cd4defe-e740-40a1-b3f4-565702c84681,ok,0.0,high,full,current_phase8,fallback_used,projected,derived_from_projected_minutes,18,0.0465
De'Aaron Fox,161,SAS,NYK,True,21716138,pa,starter,"stat_grid:component_convolution_mean_coherent_v1+components[pts:pmf_sim_v1+role_aware_pmf_cal_v1:starter+monotone_pit_cdf_v1,ast:pmf_sim_v1+role_aware_pmf_cal_v1:starter+monotone_pit_cdf_v1]+prior_combo[joint_sampler_v1+joint_combo_pmf_v1+role_aware_pmf_cal_v1:starter+monotone_pit_cdf_v1]+stat_grid_final_component_convolution_mean_coherent_v1",phase8_role_aware_pmf_cal_v1+monotone_inactive_global_v1,morning,2026-06-13T22:59:51Z,1751c17d#phase10c,9cd4defe-e740-40a1-b3f4-565702c84681,ok,0.0,high,full,current_phase8,fallback_used,projected,derived_from_projected_minutes,19,0.0529
De'Aaron Fox,161,SAS,NYK,True,21716138,pa,starter,"stat_grid:component_convolution_mean_coherent_v1+components[pts:pmf_sim_v1+role_aware_pmf_cal_v1:starter+monotone_pit_cdf_v1,ast:pmf_sim_v1+role_aware_pmf_cal_v1:starter+monotone_pit_cdf_v1]+prior_combo[joint_sampler_v1+joint_combo_pmf_v1+role_aware_pmf_cal_v1:starter+monotone_pit_cdf_v1]+stat_grid_final_component_convolution_mean_coherent_v1",phase8_role_aware_pmf_cal_v1+monotone_inactive_global_v1,morning,2026-06-13T22:59:51Z,1751c17d#phase10c,9cd4defe-e740-40a1-b3f4-565702c84681,ok,0.0,high,full,current_phase8,fallback_used,projected,derived_from_projected_minutes,20,0.0583
De'Aaron Fox,161,SAS,NYK,True,21716138,pa,starter,"stat_grid:component_convolution_mean_coherent_v1+components[pts:pmf_sim_v1+role_aware_pmf_cal_v1:starter+monotone_pit_cdf_v1,ast:pmf_sim_v1+role_aware_pmf_cal_v1:starter+monotone_pit_cdf_v1]+prior_combo[joint_sampler_v1+joint_combo_pmf_v1+role_aware_pmf_cal_v1:starter+monotone_pit_cdf_v1]+stat_grid_final_component_convolution_mean_coherent_v1",phase8_role_aware_pmf_cal_v1+monotone_inactive_global_v1,morning,2026-06-13T22:59:51Z,1751c17d#phase10c,9cd4defe-e740-40a1-b3f4-565702c84681,ok,0.0,high,full,current_phase8,fallback_used,projected,derived_from_projected_minutes,21,0.0641
De'Aaron Fox,161,SAS,NYK,True,21716138,pa,starter,"stat_grid:component_convolution_mean_coherent_v1+components[pts:pmf_sim_v1+role_aware_pmf_cal_v1:starter+monotone_pit_cdf_v1,ast:pmf_sim_v1+role_aware_pmf_cal_v1:starter+monotone_pit_cdf_v1]+prior_combo[joint_sampler_v1+joint_combo_pmf_v1+role_aware_pmf_cal_v1:starter+monotone_pit_cdf_v1]+stat_grid_final_component_convolution_mean_coherent_v1",phase8_role_aware_pmf_cal_v1+monotone_inactive_global_v1,morning,2026-06-13T22:59:51Z,1751c17d#phase10c,9cd4defe-e740-40a1-b3f4-565702c84681,ok,0.0,high,full,current_phase8,fallback_used,projected,derived_from_projected_minutes,22,0.0686
De'Aaron Fox,161,SAS,NYK,True,21716138,pa,starter,"stat_grid:component_convolution_mean_coherent_v1+components[pts:pmf_sim_v1+role_aware_pmf_cal_v1:starter+monotone_pit_cdf_v1,ast:pmf_sim_v1+role_aware_pmf_cal_v1:starter+monotone_pit_cdf_v1]+prior_combo[joint_sampler_v1+joint_combo_pmf_v1+role_aware_pmf_cal_v1:starter+monotone_pit_cdf_v1]+stat_grid_final_component_convolution_mean_coherent_v1",phase8_role_aware_pmf_cal_v1+monotone_inactive_global_v1,morning,2026-06-13T22:59:51Z,1751c17d#phase10c,9cd4defe-e740-40a1-b3f4-565702c84681,ok,0.0,high,full,current_phase8,fallback_used,projected,derived_from_projected_minutes,23,0.0686
De'Aaron Fox,161,SAS,NYK,True,21716138,pa,starter,"stat_grid:component_convolution_mean_coherent_v1+components[pts:pmf_sim_v1+role_aware_pmf_cal_v1:starter+monotone_pit_cdf_v1,ast:pmf_sim_v1+role_aware_pmf_cal_v1:starter+monotone_pit_cdf_v1]+prior_combo[joint_sampler_v1+joint_combo_pmf_v1+role_aware_pmf_cal_v1:starter+monotone_pit_cdf_v1]+stat_grid_final_component_convolution_mean_coherent_v1",phase8_role_aware_pmf_cal_v1+monotone_inactive_global_v1,morning,2026-06-13T22:59:51Z,1751c17d#phase10c,9cd4defe-e740-40a1-b3f4-565702c84681,ok,0.0,high,full,current_phase8,fallback_used,projected,derived_from_projected_minutes,24,0.0681
De'Aaron Fox,161,SAS,NYK,True,21716138,pa,starter,"stat_grid:component_convolution_mean_coherent_v1+components[pts:pmf_sim_v1+role_aware_pmf_cal_v1:starter+monotone_pit_cdf_v1,ast:pmf_sim_v1+role_aware_pmf_cal_v1:starter+monotone_pit_cdf_v1]+prior_combo[joint_sampler_v1+joint_combo_pmf_v1+role_aware_pmf_cal_v1:starter+monotone_pit_cdf_v1]+stat_grid_final_component_convolution_mean_coherent_v1",phase8_role_aware_pmf_cal_v1+monotone_inactive_global_v1,morning,2026-06-13T22:59:51Z,1751c17d#phase10c,9cd4defe-e740-40a1-b3f4-565702c84681,ok,0.0,high,full,current_phase8,fallback_used,projected,derived_from_projected_minutes,25,0.0623
De'Aaron Fox,161,SAS,NYK,True,21716138,pa,starter,"stat_grid:component_convolution_mean_coherent_v1+components[pts:pmf_sim_v1+role_aware_pmf_cal_v1:starter+monotone_pit_cdf_v1,ast:pmf_sim_v1+role_aware_pmf_cal_v1:starter+monotone_pit_cdf_v1]+prior_combo[joint_sampler_v1+joint_combo_pmf_v1+role_aware_pmf_cal_v1:starter+monotone_pit_cdf_v1]+stat_grid_final_component_convolution_mean_coherent_v1",phase8_role_aware_pmf_cal_v1+monotone_inactive_global_v1,morning,2026-06-13T22:59:51Z,1751c17d#phase10c,9cd4defe-e740-40a1-b3f4-565702c84681,ok,0.0,high,full,current_phase8,fallback_used,projected,derived_from_projected_minutes,26,0.0547
De'Aaron Fox,161,SAS,NYK,True,21716138,pa,starter,"stat_grid:component_convolution_mean_coherent_v1+components[pts:pmf_sim_v1+role_aware_pmf_cal_v1:starter+monotone_pit_cdf_v1,ast:pmf_sim_v1+role_aware_pmf_cal_v1:starter+monotone_pit_cdf_v1]+prior_combo[joint_sampler_v1+joint_combo_pmf_v1+role_aware_pmf_cal_v1:starter+monotone_pit_cdf_v1]+stat_grid_final_component_convolution_mean_coherent_v1",phase8_role_aware_pmf_cal_v1+monotone_inactive_global_v1,morning,2026-06-13T22:59:51Z,1751c17d#phase10c,9cd4defe-e740-40a1-b3f4-565702c84681,ok,0.0,high,full,current_phase8,fallback_used,projected,derived_from_projected_minutes,27,0.0484
De'Aaron Fox,161,SAS,NYK,True,21716138,pa,starter,"stat_grid:component_convolution_mean_coherent_v1+components[pts:pmf_sim_v1+role_aware_pmf_cal_v1:starter+monotone_pit_cdf_v1,ast:pmf_sim_v1+role_aware_pmf_cal_v1:starter+monotone_pit_cdf_v1]+prior_combo[joint_sampler_v1+joint_combo_pmf_v1+role_aware_pmf_cal_v1:starter+monotone_pit_cdf_v1]+stat_grid_final_component_convolution_mean_coherent_v1",phase8_role_aware_pmf_cal_v1+monotone_inactive_global_v1,morning,2026-06-13T22:59:51Z,1751c17d#phase10c,9cd4defe-e740-40a1-b3f4-565702c84681,ok,0.0,high,full,current_phase8,fallback_used,projected,derived_from_projected_minutes,28,0.0429
De'Aaron Fox,161,SAS,NYK,True,21716138,pa,starter,"stat_grid:component_convolution_mean_coherent_v1+components[pts:pmf_sim_v1+role_aware_pmf_cal_v1:starter+monotone_pit_cdf_v1,ast:pmf_sim_v1+role_aware_pmf_cal_v1:starter+monotone_pit_cdf_v1]+prior_combo[joint_sampler_v1+joint_combo_pmf_v1+role_aware_pmf_cal_v1:starter+monotone_pit_cdf_v1]+stat_grid_final_component_convolution_mean_coherent_v1",phase8_role_aware_pmf_cal_v1+monotone_inactive_global_v1,morning,2026-06-13T22:59:51Z,1751c17d#phase10c,9cd4defe-e740-40a1-b3f4-565702c84681,ok,0.0,high,full,current_phase8,fallback_used,projected,derived_from_projected_minutes,29,0.0371
De'Aaron Fox,161,SAS,NYK,True,21716138,pa,starter,"stat_grid:component_convolution_mean_coherent_v1+components[pts:pmf_sim_v1+role_aware_pmf_cal_v1:starter+monotone_pit_cdf_v1,ast:pmf_sim_v1+role_aware_pmf_cal_v1:starter+monotone_pit_cdf_v1]+prior_combo[joint_sampler_v1+joint_combo_pmf_v1+role_aware_pmf_cal_v1:starter+monotone_pit_cdf_v1]+stat_grid_final_component_convolution_mean_coherent_v1",phase8_role_aware_pmf_cal_v1+monotone_inactive_global_v1,morning,2026-06-13T22:59:51Z,1751c17d#phase10c,9cd4defe-e740-40a1-b3f4-565702c84681,ok,0.0,high,full,current_phase8,fallback_used,projected,derived_from_projected_minutes,30,0.0314
De'Aaron Fox,161,SAS,NYK,True,21716138,pa,starter,"stat_grid:component_convolution_mean_coherent_v1+components[pts:pmf_sim_v1+role_aware_pmf_cal_v1:starter+monotone_pit_cdf_v1,ast:pmf_sim_v1+role_aware_pmf_cal_v1:starter+monotone_pit_cdf_v1]+prior_combo[joint_sampler_v1+joint_combo_pmf_v1+role_aware_pmf_cal_v1:starter+monotone_pit_cdf_v1]+stat_grid_final_component_convolution_mean_coherent_v1",phase8_role_aware_pmf_cal_v1+monotone_inactive_global_v1,morning,2026-06-13T22:59:51Z,1751c17d#phase10c,9cd4defe-e740-40a1-b3f4-565702c84681,ok,0.0,high,full,current_phase8,fallback_used,projected,derived_from_projected_minutes,31,0.0247
De'Aaron Fox,161,SAS,NYK,True,21716138,pa,starter,"stat_grid:component_convolution_mean_coherent_v1+components[pts:pmf_sim_v1+role_aware_pmf_cal_v1:starter+monotone_pit_cdf_v1,ast:pmf_sim_v1+role_aware_pmf_cal_v1:starter+monotone_pit_cdf_v1]+prior_combo[joint_sampler_v1+joint_combo_pmf_v1+role_aware_pmf_cal_v1:starter+monotone_pit_cdf_v1]+stat_grid_final_component_convolution_mean_coherent_v1",phase8_role_aware_pmf_cal_v1+monotone_inactive_global_v1,morning,2026-06-13T22:59:51Z,1751c17d#phase10c,9cd4defe-e740-40a1-b3f4-565702c84681,ok,0.0,high,full,current_phase8,fallback_used,projected,derived_from_projected_minutes,32,0.0185
De'Aaron Fox,161,SAS,NYK,True,21716138,pa,starter,"stat_grid:component_convolution_mean_coherent_v1+components[pts:pmf_sim_v1+role_aware_pmf_cal_v1:starter+monotone_pit_cdf_v1,ast:pmf_sim_v1+role_aware_pmf_cal_v1:starter+monotone_pit_cdf_v1]+prior_combo[joint_sampler_v1+joint_combo_pmf_v1+role_aware_pmf_cal_v1:starter+monotone_pit_cdf_v1]+stat_grid_final_component_convolution_mean_coherent_v1",phase8_role_aware_pmf_cal_v1+monotone_inactive_global_v1,morning,2026-06-13T22:59:51Z,1751c17d#phase10c,9cd4defe-e740-40a1-b3f4-565702c84681,ok,0.0,high,full,current_phase8,fallback_used,projected,derived_from_projected_minutes,33,0.0148
De'Aaron Fox,161,SAS,NYK,True,21716138,pa,starter,"stat_grid:component_convolution_mean_coherent_v1+components[pts:pmf_sim_v1+role_aware_pmf_cal_v1:starter+monotone_pit_cdf_v1,ast:pmf_sim_v1+role_aware_pmf_cal_v1:starter+monotone_pit_cdf_v1]+prior_combo[joint_sampler_v1+joint_combo_pmf_v1+role_aware_pmf_cal_v1:starter+monotone_pit_cdf_v1]+stat_grid_final_component_convolution_mean_coherent_v1",phase8_role_aware_pmf_cal_v1+monotone_inactive_global_v1,morning,2026-06-13T22:59:51Z,1751c17d#phase10c,9cd4defe-e740-40a1-b3f4-565702c84681,ok,0.0,high,full,current_phase8,fallback_used,projected,derived_from_projected_minutes,34,0.0117
De'Aaron Fox,161,SAS,NYK,True,21716138,pa,starter,"stat_grid:component_convolution_mean_coherent_v1+components[pts:pmf_sim_v1+role_aware_pmf_cal_v1:starter+monotone_pit_cdf_v1,ast:pmf_sim_v1+role_aware_pmf_cal_v1:starter+monotone_pit_cdf_v1]+prior_combo[joint_sampler_v1+joint_combo_pmf_v1+role_aware_pmf_cal_v1:starter+monotone_pit_cdf_v1]+stat_grid_final_component_convolution_mean_coherent_v1",phase8_role_aware_pmf_cal_v1+monotone_inactive_global_v1,morning,2026-06-13T22:59:51Z,1751c17d#phase10c,9cd4defe-e740-40a1-b3f4-565702c84681,ok,0.0,high,full,current_phase8,fallback_used,projected,derived_from_projected_minutes,35,0.0096
De'Aaron Fox,161,SAS,NYK,True,21716138,pa,starter,"stat_grid:component_convolution_mean_coherent_v1+components[pts:pmf_sim_v1+role_aware_pmf_cal_v1:starter+monotone_pit_cdf_v1,ast:pmf_sim_v1+role_aware_pmf_cal_v1:starter+monotone_pit_cdf_v1]+prior_combo[joint_sampler_v1+joint_combo_pmf_v1+role_aware_pmf_cal_v1:starter+monotone_pit_cdf_v1]+stat_grid_final_component_convolution_mean_coherent_v1",phase8_role_aware_pmf_cal_v1+monotone_inactive_global_v1,morning,2026-06-13T22:59:51Z,1751c17d#phase10c,9cd4defe-e740-40a1-b3f4-565702c84681,ok,0.0,high,full,current_phase8,fallback_used,projected,derived_from_projected_minutes,36,0.0078
De'Aaron Fox,161,SAS,NYK,True,21716138,pa,starter,"stat_grid:component_convolution_mean_coherent_v1+components[pts:pmf_sim_v1+role_aware_pmf_cal_v1:starter+monotone_pit_cdf_v1,ast:pmf_sim_v1+role_aware_pmf_cal_v1:starter+monotone_pit_cdf_v1]+prior_combo[joint_sampler_v1+joint_combo_pmf_v1+role_aware_pmf_cal_v1:starter+monotone_pit_cdf_v1]+stat_grid_final_component_convolution_mean_coherent_v1",phase8_role_aware_pmf_cal_v1+monotone_inactive_global_v1,morning,2026-06-13T22:59:51Z,1751c17d#phase10c,9cd4defe-e740-40a1-b3f4-565702c84681,ok,0.0,high,full,current_phase8,fallback_used,projected,derived_from_projected_minutes,37,0.0063
De'Aaron Fox,161,SAS,NYK,True,21716138,pa,starter,"stat_grid:component_convolution_mean_coherent_v1+components[pts:pmf_sim_v1+role_aware_pmf_cal_v1:starter+monotone_pit_cdf_v1,ast:pmf_sim_v1+role_aware_pmf_cal_v1:starter+monotone_pit_cdf_v1]+prior_combo[joint_sampler_v1+joint_combo_pmf_v1+role_aware_pmf_cal_v1:starter+monotone_pit_cdf_v1]+stat_grid_final_component_convolution_mean_coherent_v1",phase8_role_aware_pmf_cal_v1+monotone_inactive_global_v1,morning,2026-06-13T22:59:51Z,1751c17d#phase10c,9cd4defe-e740-40a1-b3f4-565702c84681,ok,0.0,high,full,current_phase8,fallback_used,projected,derived_from_projected_minutes,38,0.0047
De'Aaron Fox,161,SAS,NYK,True,21716138,pa,starter,"stat_grid:component_convolution_mean_coherent_v1+components[pts:pmf_sim_v1+role_aware_pmf_cal_v1:starter+monotone_pit_cdf_v1,ast:pmf_sim_v1+role_aware_pmf_cal_v1:starter+monotone_pit_cdf_v1]+prior_combo[joint_sampler_v1+joint_combo_pmf_v1+role_aware_pmf_cal_v1:starter+monotone_pit_cdf_v1]+stat_grid_final_component_convolution_mean_coherent_v1",phase8_role_aware_pmf_cal_v1+monotone_inactive_global_v1,morning,2026-06-13T22:59:51Z,1751c17d#phase10c,9cd4defe-e740-40a1-b3f4-565702c84681,ok,0.0,high,full,current_phase8,fallback_used,projected,derived_from_projected_minutes,39,0.0034
De'Aaron Fox,161,SAS,NYK,True,21716138,pa,starter,"stat_grid:component_convolution_mean_coherent_v1+components[pts:pmf_sim_v1+role_aware_pmf_cal_v1:starter+monotone_pit_cdf_v1,ast:pmf_sim_v1+role_aware_pmf_cal_v1:starter+monotone_pit_cdf_v1]+prior_combo[joint_sampler_v1+joint_combo_pmf_v1+role_aware_pmf_cal_v1:starter+monotone_pit_cdf_v1]+stat_grid_final_component_convolution_mean_coherent_v1",phase8_role_aware_pmf_cal_v1+monotone_inactive_global_v1,morning,2026-06-13T22:59:51Z,1751c17d#phase10c,9cd4defe-e740-40a1-b3f4-565702c84681,ok,0.0,high,full,current_phase8,fallback_used,projected,derived_from_projected_minutes,40,0.0024
De'Aaron Fox,161,SAS,NYK,True,21716138,pa,starter,"stat_grid:component_convolution_mean_coherent_v1+components[pts:pmf_sim_v1+role_aware_pmf_cal_v1:starter+monotone_pit_cdf_v1,ast:pmf_sim_v1+role_aware_pmf_cal_v1:starter+monotone_pit_cdf_v1]+prior_combo[joint_sampler_v1+joint_combo_pmf_v1+role_aware_pmf_cal_v1:starter+monotone_pit_cdf_v1]+stat_grid_final_component_convolution_mean_coherent_v1",phase8_role_aware_pmf_cal_v1+monotone_inactive_global_v1,morning,2026-06-13T22:59:51Z,1751c17d#phase10c,9cd4defe-e740-40a1-b3f4-565702c84681,ok,0.0,high,full,current_phase8,fallback_used,projected,derived_from_projected_minutes,41,0.0017
De'Aaron Fox,161,SAS,NYK,True,21716138,pa,starter,"stat_grid:component_convolution_mean_coherent_v1+components[pts:pmf_sim_v1+role_aware_pmf_cal_v1:starter+monotone_pit_cdf_v1,ast:pmf_sim_v1+role_aware_pmf_cal_v1:starter+monotone_pit_cdf_v1]+prior_combo[joint_sampler_v1+joint_combo_pmf_v1+role_aware_pmf_cal_v1:starter+monotone_pit_cdf_v1]+stat_grid_final_component_convolution_mean_coherent_v1",phase8_role_aware_pmf_cal_v1+monotone_inactive_global_v1,morning,2026-06-13T22:59:51Z,1751c17d#phase10c,9cd4defe-e740-40a1-b3f4-565702c84681,ok,0.0,high,full,current_phase8,fallback_used,projected,derived_from_projected_minutes,42,0.0012
De'Aaron Fox,161,SAS,NYK,True,21716138,pa,starter,"stat_grid:component_convolution_mean_coherent_v1+components[pts:pmf_sim_v1+role_aware_pmf_cal_v1:starter+monotone_pit_cdf_v1,ast:pmf_sim_v1+role_aware_pmf_cal_v1:starter+monotone_pit_cdf_v1]+prior_combo[joint_sampler_v1+joint_combo_pmf_v1+role_aware_pmf_cal_v1:starter+monotone_pit_cdf_v1]+stat_grid_final_component_convolution_mean_coherent_v1",phase8_role_aware_pmf_cal_v1+monotone_inactive_global_v1,morning,2026-06-13T22:59:51Z,1751c17d#phase10c,9cd4defe-e740-40a1-b3f4-565702c84681,ok,0.0,high,full,current_phase8,fallback_used,projected,derived_from_projected_minutes,43,0.0007
De'Aaron Fox,161,SAS,NYK,True,21716138,pa,starter,"stat_grid:component_convolution_mean_coherent_v1+components[pts:pmf_sim_v1+role_aware_pmf_cal_v1:starter+monotone_pit_cdf_v1,ast:pmf_sim_v1+role_aware_pmf_cal_v1:starter+monotone_pit_cdf_v1]+prior_combo[joint_sampler_v1+joint_combo_pmf_v1+role_aware_pmf_cal_v1:starter+monotone_pit_cdf_v1]+stat_grid_final_component_convolution_mean_coherent_v1",phase8_role_aware_pmf_cal_v1+monotone_inactive_global_v1,morning,2026-06-13T22:59:51Z,1751c17d#phase10c,9cd4defe-e740-40a1-b3f4-565702c84681,ok,0.0,high,full,current_phase8,fallback_used,projected,derived_from_projected_minutes,44,0.0005
De'Aaron Fox,161,SAS,NYK,True,21716138,pa,starter,"stat_grid:component_convolution_mean_coherent_v1+components[pts:pmf_sim_v1+role_aware_pmf_cal_v1:starter+monotone_pit_cdf_v1,ast:pmf_sim_v1+role_aware_pmf_cal_v1:starter+monotone_pit_cdf_v1]+prior_combo[joint_sampler_v1+joint_combo_pmf_v1+role_aware_pmf_cal_v1:starter+monotone_pit_cdf_v1]+stat_grid_final_component_convolution_mean_coherent_v1",phase8_role_aware_pmf_cal_v1+monotone_inactive_global_v1,morning,2026-06-13T22:59:51Z,1751c17d#phase10c,9cd4defe-e740-40a1-b3f4-565702c84681,ok,0.0,high,full,current_phase8,fallback_used,projected,derived_from_projected_minutes,45,0.0003
De'Aaron Fox,161,SAS,NYK,True,21716138,pa,starter,"stat_grid:component_convolution_mean_coherent_v1+components[pts:pmf_sim_v1+role_aware_pmf_cal_v1:starter+monotone_pit_cdf_v1,ast:pmf_sim_v1+role_aware_pmf_cal_v1:starter+monotone_pit_cdf_v1]+prior_combo[joint_sampler_v1+joint_combo_pmf_v1+role_aware_pmf_cal_v1:starter+monotone_pit_cdf_v1]+stat_grid_final_component_convolution_mean_coherent_v1",phase8_role_aware_pmf_cal_v1+monotone_inactive_global_v1,morning,2026-06-13T22:59:51Z,1751c17d#phase10c,9cd4defe-e740-40a1-b3f4-565702c84681,ok,0.0,high,full,current_phase8,fallback_used,projected,derived_from_projected_minutes,46,0.0002
De'Aaron Fox,161,SAS,NYK,True,21716138,pa,starter,"stat_grid:component_convolution_mean_coherent_v1+components[pts:pmf_sim_v1+role_aware_pmf_cal_v1:starter+monotone_pit_cdf_v1,ast:pmf_sim_v1+role_aware_pmf_cal_v1:starter+monotone_pit_cdf_v1]+prior_combo[joint_sampler_v1+joint_combo_pmf_v1+role_aware_pmf_cal_v1:starter+monotone_pit_cdf_v1]+stat_grid_final_component_convolution_mean_coherent_v1",phase8_role_aware_pmf_cal_v1+monotone_inactive_global_v1,morning,2026-06-13T22:59:51Z,1751c17d#phase10c,9cd4defe-e740-40a1-b3f4-565702c84681,ok,0.0,high,full,current_phase8,fallback_used,projected,derived_from_projected_minutes,47,0.0001
De'Aaron Fox,161,SAS,NYK,True,21716138,pa,starter,"stat_grid:component_convolution_mean_coherent_v1+components[pts:pmf_sim_v1+role_aware_pmf_cal_v1:starter+monotone_pit_cdf_v1,ast:pmf_sim_v1+role_aware_pmf_cal_v1:starter+monotone_pit_cdf_v1]+prior_combo[joint_sampler_v1+joint_combo_pmf_v1+role_aware_pmf_cal_v1:starter+monotone_pit_cdf_v1]+stat_grid_final_component_convolution_mean_coherent_v1",phase8_role_aware_pmf_cal_v1+monotone_inactive_global_v1,morning,2026-06-13T22:59:51Z,1751c17d#phase10c,9cd4defe-e740-40a1-b3f4-565702c84681,ok,0.0,high,full,current_phase8,fallback_used,projected,derived_from_projected_minutes,48,0.0001
De'Aaron Fox,161,SAS,NYK,True,21716138,pa,starter,"stat_grid:component_convolution_mean_coherent_v1+components[pts:pmf_sim_v1+role_aware_pmf_cal_v1:starter+monotone_pit_cdf_v1,ast:pmf_sim_v1+role_aware_pmf_cal_v1:starter+monotone_pit_cdf_v1]+prior_combo[joint_sampler_v1+joint_combo_pmf_v1+role_aware_pmf_cal_v1:starter+monotone_pit_cdf_v1]+stat_grid_final_component_convolution_mean_coherent_v1",phase8_role_aware_pmf_cal_v1+monotone_inactive_global_v1,morning,2026-06-13T22:59:51Z,1751c17d#phase10c,9cd4defe-e740-40a1-b3f4-565702c84681,ok,0.0,high,full,current_phase8,fallback_used,projected,derived_from_projected_minutes,49,0.0001
De'Aaron Fox,161,SAS,NYK,True,21716138,pa,starter,"stat_grid:component_convolution_mean_coherent_v1+components[pts:pmf_sim_v1+role_aware_pmf_cal_v1:starter+monotone_pit_cdf_v1,ast:pmf_sim_v1+role_aware_pmf_cal_v1:starter+monotone_pit_cdf_v1]+prior_combo[joint_sampler_v1+joint_combo_pmf_v1+role_aware_pmf_cal_v1:starter+monotone_pit_cdf_v1]+stat_grid_final_component_convolution_mean_coherent_v1",phase8_role_aware_pmf_cal_v1+monotone_inactive_global_v1,morning,2026-06-13T22:59:51Z,1751c17d#phase10c,9cd4defe-e740-40a1-b3f4-565702c84681,ok,0.0,high,full,current_phase8,fallback_used,projected,derived_from_projected_minutes,50,0.0001
De'Aaron Fox,161,SAS,NYK,True,21716138,pa,starter,"stat_grid:component_convolution_mean_coherent_v1+components[pts:pmf_sim_v1+role_aware_pmf_cal_v1:starter+monotone_pit_cdf_v1,ast:pmf_sim_v1+role_aware_pmf_cal_v1:starter+monotone_pit_cdf_v1]+prior_combo[joint_sampler_v1+joint_combo_pmf_v1+role_aware_pmf_cal_v1:starter+monotone_pit_cdf_v1]+stat_grid_final_component_convolution_mean_coherent_v1",phase8_role_aware_pmf_cal_v1+monotone_inactive_global_v1,morning,2026-06-13T22:59:51Z,1751c17d#phase10c,9cd4defe-e740-40a1-b3f4-565702c84681,ok,0.0,high,full,current_phase8,fallback_used,projected,derived_from_projected_minutes,51,0.0
De'Aaron Fox,161,SAS,NYK,True,21716138,pa,starter,"stat_grid:component_convolution_mean_coherent_v1+components[pts:pmf_sim_v1+role_aware_pmf_cal_v1:starter+monotone_pit_cdf_v1,ast:pmf_sim_v1+role_aware_pmf_cal_v1:starter+monotone_pit_cdf_v1]+prior_combo[joint_sampler_v1+joint_combo_pmf_v1+role_aware_pmf_cal_v1:starter+monotone_pit_cdf_v1]+stat_grid_final_component_convolution_mean_coherent_v1",phase8_role_aware_pmf_cal_v1+monotone_inactive_global_v1,morning,2026-06-13T22:59:51Z,1751c17d#phase10c,9cd4defe-e740-40a1-b3f4-565702c84681,ok,0.0,high,full,current_phase8,fallback_used,projected,derived_from_projected_minutes,52,0.0
De'Aaron Fox,161,SAS,NYK,True,21716138,pa,starter,"stat_grid:component_convolution_mean_coherent_v1+components[pts:pmf_sim_v1+role_aware_pmf_cal_v1:starter+monotone_pit_cdf_v1,ast:pmf_sim_v1+role_aware_pmf_cal_v1:starter+monotone_pit_cdf_v1]+prior_combo[joint_sampler_v1+joint_combo_pmf_v1+role_aware_pmf_cal_v1:starter+monotone_pit_cdf_v1]+stat_grid_final_component_convolution_mean_coherent_v1",phase8_role_aware_pmf_cal_v1+monotone_inactive_global_v1,morning,2026-06-13T22:59:51Z,1751c17d#phase10c,9cd4defe-e740-40a1-b3f4-565702c84681,ok,0.0,high,full,current_phase8,fallback_used,projected,derived_from_projected_minutes,53,0.0
De'Aaron Fox,161,SAS,NYK,True,21716138,pa,starter,"stat_grid:component_convolution_mean_coherent_v1+components[pts:pmf_sim_v1+role_aware_pmf_cal_v1:starter+monotone_pit_cdf_v1,ast:pmf_sim_v1+role_aware_pmf_cal_v1:starter+monotone_pit_cdf_v1]+prior_combo[joint_sampler_v1+joint_combo_pmf_v1+role_aware_pmf_cal_v1:starter+monotone_pit_cdf_v1]+stat_grid_final_component_convolution_mean_coherent_v1",phase8_role_aware_pmf_cal_v1+monotone_inactive_global_v1,morning,2026-06-13T22:59:51Z,1751c17d#phase10c,9cd4defe-e740-40a1-b3f4-565702c84681,ok,0.0,high,full,current_phase8,fallback_used,projected,derived_from_projected_minutes,54,0.0
De'Aaron Fox,161,SAS,NYK,True,21716138,pa,starter,"stat_grid:component_convolution_mean_coherent_v1+components[pts:pmf_sim_v1+role_aware_pmf_cal_v1:starter+monotone_pit_cdf_v1,ast:pmf_sim_v1+role_aware_pmf_cal_v1:starter+monotone_pit_cdf_v1]+prior_combo[joint_sampler_v1+joint_combo_pmf_v1+role_aware_pmf_cal_v1:starter+monotone_pit_cdf_v1]+stat_grid_final_component_convolution_mean_coherent_v1",phase8_role_aware_pmf_cal_v1+monotone_inactive_global_v1,morning,2026-06-13T22:59:51Z,1751c17d#phase10c,9cd4defe-e740-40a1-b3f4-565702c84681,ok,0.0,high,full,current_phase8,fallback_used,projected,derived_from_projected_minutes,55,0.0
De'Aaron Fox,161,SAS,NYK,True,21716138,pa,starter,"stat_grid:component_convolution_mean_coherent_v1+components[pts:pmf_sim_v1+role_aware_pmf_cal_v1:starter+monotone_pit_cdf_v1,ast:pmf_sim_v1+role_aware_pmf_cal_v1:starter+monotone_pit_cdf_v1]+prior_combo[joint_sampler_v1+joint_combo_pmf_v1+role_aware_pmf_cal_v1:starter+monotone_pit_cdf_v1]+stat_grid_final_component_convolution_mean_coherent_v1",phase8_role_aware_pmf_cal_v1+monotone_inactive_global_v1,morning,2026-06-13T22:59:51Z,1751c17d#phase10c,9cd4defe-e740-40a1-b3f4-565702c84681,ok,0.0,high,full,current_phase8,fallback_used,projected,derived_from_projected_minutes,56,0.0
De'Aaron Fox,161,SAS,NYK,True,21716138,pa,starter,"stat_grid:component_convolution_mean_coherent_v1+components[pts:pmf_sim_v1+role_aware_pmf_cal_v1:starter+monotone_pit_cdf_v1,ast:pmf_sim_v1+role_aware_pmf_cal_v1:starter+monotone_pit_cdf_v1]+prior_combo[joint_sampler_v1+joint_combo_pmf_v1+role_aware_pmf_cal_v1:starter+monotone_pit_cdf_v1]+stat_grid_final_component_convolution_mean_coherent_v1",phase8_role_aware_pmf_cal_v1+monotone_inactive_global_v1,morning,2026-06-13T22:59:51Z,1751c17d#phase10c,9cd4defe-e740-40a1-b3f4-565702c84681,ok,0.0,high,full,current_phase8,fallback_used,projected,derived_from_projected_minutes,57,0.0
De'Aaron Fox,161,SAS,NYK,True,21716138,pa,starter,"stat_grid:component_convolution_mean_coherent_v1+components[pts:pmf_sim_v1+role_aware_pmf_cal_v1:starter+monotone_pit_cdf_v1,ast:pmf_sim_v1+role_aware_pmf_cal_v1:starter+monotone_pit_cdf_v1]+prior_combo[joint_sampler_v1+joint_combo_pmf_v1+role_aware_pmf_cal_v1:starter+monotone_pit_cdf_v1]+stat_grid_final_component_convolution_mean_coherent_v1",phase8_role_aware_pmf_cal_v1+monotone_inactive_global_v1,morning,2026-06-13T22:59:51Z,1751c17d#phase10c,9cd4defe-e740-40a1-b3f4-565702c84681,ok,0.0,high,full,current_phase8,fallback_used,projected,derived_from_projected_minutes,58,0.0
De'Aaron Fox,161,SAS,NYK,True,21716138,pa,starter,"stat_grid:component_convolution_mean_coherent_v1+components[pts:pmf_sim_v1+role_aware_pmf_cal_v1:starter+monotone_pit_cdf_v1,ast:pmf_sim_v1+role_aware_pmf_cal_v1:starter+monotone_pit_cdf_v1]+prior_combo[joint_sampler_v1+joint_combo_pmf_v1+role_aware_pmf_cal_v1:starter+monotone_pit_cdf_v1]+stat_grid_final_component_convolution_mean_coherent_v1",phase8_role_aware_pmf_cal_v1+monotone_inactive_global_v1,morning,2026-06-13T22:59:51Z,1751c17d#phase10c,9cd4defe-e740-40a1-b3f4-565702c84681,ok,0.0,high,full,current_phase8,fallback_used,projected,derived_from_projected_minutes,59,0.0
De'Aaron Fox,161,SAS,NYK,True,21716138,pa,starter,"stat_grid:component_convolution_mean_coherent_v1+components[pts:pmf_sim_v1+role_aware_pmf_cal_v1:starter+monotone_pit_cdf_v1,ast:pmf_sim_v1+role_aware_pmf_cal_v1:starter+monotone_pit_cdf_v1]+prior_combo[joint_sampler_v1+joint_combo_pmf_v1+role_aware_pmf_cal_v1:starter+monotone_pit_cdf_v1]+stat_grid_final_component_convolution_mean_coherent_v1",phase8_role_aware_pmf_cal_v1+monotone_inactive_global_v1,morning,2026-06-13T22:59:51Z,1751c17d#phase10c,9cd4defe-e740-40a1-b3f4-565702c84681,ok,0.0,high,full,current_phase8,fallback_used,projected,derived_from_projected_minutes,60,0.0
De'Aaron Fox,161,SAS,NYK,True,21716138,pa,starter,"stat_grid:component_convolution_mean_coherent_v1+components[pts:pmf_sim_v1+role_aware_pmf_cal_v1:starter+monotone_pit_cdf_v1,ast:pmf_sim_v1+role_aware_pmf_cal_v1:starter+monotone_pit_cdf_v1]+prior_combo[joint_sampler_v1+joint_combo_pmf_v1+role_aware_pmf_cal_v1:starter+monotone_pit_cdf_v1]+stat_grid_final_component_convolution_mean_coherent_v1",phase8_role_aware_pmf_cal_v1+monotone_inactive_global_v1,morning,2026-06-13T22:59:51Z,1751c17d#phase10c,9cd4defe-e740-40a1-b3f4-565702c84681,ok,0.0,high,full,current_phase8,fallback_used,projected,derived_from_projected_minutes,61,0.0
De'Aaron Fox,161,SAS,NYK,True,21716138,pa,starter,"stat_grid:component_convolution_mean_coherent_v1+components[pts:pmf_sim_v1+role_aware_pmf_cal_v1:starter+monotone_pit_cdf_v1,ast:pmf_sim_v1+role_aware_pmf_cal_v1:starter+monotone_pit_cdf_v1]+prior_combo[joint_sampler_v1+joint_combo_pmf_v1+role_aware_pmf_cal_v1:starter+monotone_pit_cdf_v1]+stat_grid_final_component_convolution_mean_coherent_v1",phase8_role_aware_pmf_cal_v1+monotone_inactive_global_v1,morning,2026-06-13T22:59:51Z,1751c17d#phase10c,9cd4defe-e740-40a1-b3f4-565702c84681,ok,0.0,high,full,current_phase8,fallback_used,projected,derived_from_projected_minutes,62,0.0
De'Aaron Fox,161,SAS,NYK,True,21716138,pa,starter,"stat_grid:component_convolution_mean_coherent_v1+components[pts:pmf_sim_v1+role_aware_pmf_cal_v1:starter+monotone_pit_cdf_v1,ast:pmf_sim_v1+role_aware_pmf_cal_v1:starter+monotone_pit_cdf_v1]+prior_combo[joint_sampler_v1+joint_combo_pmf_v1+role_aware_pmf_cal_v1:starter+monotone_pit_cdf_v1]+stat_grid_final_component_convolution_mean_coherent_v1",phase8_role_aware_pmf_cal_v1+monotone_inactive_global_v1,morning,2026-06-13T22:59:51Z,1751c17d#phase10c,9cd4defe-e740-40a1-b3f4-565702c84681,ok,0.0,high,full,current_phase8,fallback_used,projected,derived_from_projected_minutes,63,0.0
De'Aaron Fox,161,SAS,NYK,True,21716138,pa,starter,"stat_grid:component_convolution_mean_coherent_v1+components[pts:pmf_sim_v1+role_aware_pmf_cal_v1:starter+monotone_pit_cdf_v1,ast:pmf_sim_v1+role_aware_pmf_cal_v1:starter+monotone_pit_cdf_v1]+prior_combo[joint_sampler_v1+joint_combo_pmf_v1+role_aware_pmf_cal_v1:starter+monotone_pit_cdf_v1]+stat_grid_final_component_convolution_mean_coherent_v1",phase8_role_aware_pmf_cal_v1+monotone_inactive_global_v1,morning,2026-06-13T22:59:51Z,1751c17d#phase10c,9cd4defe-e740-40a1-b3f4-565702c84681,ok,0.0,high,full,current_phase8,fallback_used,projected,derived_from_projected_minutes,64,0.0
De'Aaron Fox,161,SAS,NYK,True,21716138,pa,starter,"stat_grid:component_convolution_mean_coherent_v1+components[pts:pmf_sim_v1+role_aware_pmf_cal_v1:starter+monotone_pit_cdf_v1,ast:pmf_sim_v1+role_aware_pmf_cal_v1:starter+monotone_pit_cdf_v1]+prior_combo[joint_sampler_v1+joint_combo_pmf_v1+role_aware_pmf_cal_v1:starter+monotone_pit_cdf_v1]+stat_grid_final_component_convolution_mean_coherent_v1",phase8_role_aware_pmf_cal_v1+monotone_inactive_global_v1,morning,2026-06-13T22:59:51Z,1751c17d#phase10c,9cd4defe-e740-40a1-b3f4-565702c84681,ok,0.0,high,full,current_phase8,fallback_used,projected,derived_from_projected_minutes,65,0.0
De'Aaron Fox,161,SAS,NYK,True,21716138,pa,starter,"stat_grid:component_convolution_mean_coherent_v1+components[pts:pmf_sim_v1+role_aware_pmf_cal_v1:starter+monotone_pit_cdf_v1,ast:pmf_sim_v1+role_aware_pmf_cal_v1:starter+monotone_pit_cdf_v1]+prior_combo[joint_sampler_v1+joint_combo_pmf_v1+role_aware_pmf_cal_v1:starter+monotone_pit_cdf_v1]+stat_grid_final_component_convolution_mean_coherent_v1",phase8_role_aware_pmf_cal_v1+monotone_inactive_global_v1,morning,2026-06-13T22:59:51Z,1751c17d#phase10c,9cd4defe-e740-40a1-b3f4-565702c84681,ok,0.0,high,full,current_phase8,fallback_used,projected,derived_from_projected_minutes,66,0.0
De'Aaron Fox,161,SAS,NYK,True,21716138,pa,starter,"stat_grid:component_convolution_mean_coherent_v1+components[pts:pmf_sim_v1+role_aware_pmf_cal_v1:starter+monotone_pit_cdf_v1,ast:pmf_sim_v1+role_aware_pmf_cal_v1:starter+monotone_pit_cdf_v1]+prior_combo[joint_sampler_v1+joint_combo_pmf_v1+role_aware_pmf_cal_v1:starter+monotone_pit_cdf_v1]+stat_grid_final_component_convolution_mean_coherent_v1",phase8_role_aware_pmf_cal_v1+monotone_inactive_global_v1,morning,2026-06-13T22:59:51Z,1751c17d#phase10c,9cd4defe-e740-40a1-b3f4-565702c84681,ok,0.0,high,full,current_phase8,fallback_used,projected,derived_from_projected_minutes,67,0.0
De'Aaron Fox,161,SAS,NYK,True,21716138,pa,starter,"stat_grid:component_convolution_mean_coherent_v1+components[pts:pmf_sim_v1+role_aware_pmf_cal_v1:starter+monotone_pit_cdf_v1,ast:pmf_sim_v1+role_aware_pmf_cal_v1:starter+monotone_pit_cdf_v1]+prior_combo[joint_sampler_v1+joint_combo_pmf_v1+role_aware_pmf_cal_v1:starter+monotone_pit_cdf_v1]+stat_grid_final_component_convolution_mean_coherent_v1",phase8_role_aware_pmf_cal_v1+monotone_inactive_global_v1,morning,2026-06-13T22:59:51Z,1751c17d#phase10c,9cd4defe-e740-40a1-b3f4-565702c84681,ok,0.0,high,full,current_phase8,fallback_used,projected,derived_from_projected_minutes,68,0.0
De'Aaron Fox,161,SAS,NYK,True,21716138,pa,starter,"stat_grid:component_convolution_mean_coherent_v1+components[pts:pmf_sim_v1+role_aware_pmf_cal_v1:starter+monotone_pit_cdf_v1,ast:pmf_sim_v1+role_aware_pmf_cal_v1:starter+monotone_pit_cdf_v1]+prior_combo[joint_sampler_v1+joint_combo_pmf_v1+role_aware_pmf_cal_v1:starter+monotone_pit_cdf_v1]+stat_grid_final_component_convolution_mean_coherent_v1",phase8_role_aware_pmf_cal_v1+monotone_inactive_global_v1,morning,2026-06-13T22:59:51Z,1751c17d#phase10c,9cd4defe-e740-40a1-b3f4-565702c84681,ok,0.0,high,full,current_phase8,fallback_used,projected,derived_from_projected_minutes,69,0.0
De'Aaron Fox,161,SAS,NYK,True,21716138,pa,starter,"stat_grid:component_convolution_mean_coherent_v1+components[pts:pmf_sim_v1+role_aware_pmf_cal_v1:starter+monotone_pit_cdf_v1,ast:pmf_sim_v1+role_aware_pmf_cal_v1:starter+monotone_pit_cdf_v1]+prior_combo[joint_sampler_v1+joint_combo_pmf_v1+role_aware_pmf_cal_v1:starter+monotone_pit_cdf_v1]+stat_grid_final_component_convolution_mean_coherent_v1",phase8_role_aware_pmf_cal_v1+monotone_inactive_global_v1,morning,2026-06-13T22:59:51Z,1751c17d#phase10c,9cd4defe-e740-40a1-b3f4-565702c84681,ok,0.0,high,full,current_phase8,fallback_used,projected,derived_from_projected_minutes,70,0.0
De'Aaron Fox,161,SAS,NYK,True,21716138,pa,starter,"stat_grid:component_convolution_mean_coherent_v1+components[pts:pmf_sim_v1+role_aware_pmf_cal_v1:starter+monotone_pit_cdf_v1,ast:pmf_sim_v1+role_aware_pmf_cal_v1:starter+monotone_pit_cdf_v1]+prior_combo[joint_sampler_v1+joint_combo_pmf_v1+role_aware_pmf_cal_v1:starter+monotone_pit_cdf_v1]+stat_grid_final_component_convolution_mean_coherent_v1",phase8_role_aware_pmf_cal_v1+monotone_inactive_global_v1,morning,2026-06-13T22:59:51Z,1751c17d#phase10c,9cd4defe-e740-40a1-b3f4-565702c84681,ok,0.0,high,full,current_phase8,fallback_used,projected,derived_from_projected_minutes,71,0.0
De'Aaron Fox,161,SAS,NYK,True,21716138,pa,starter,"stat_grid:component_convolution_mean_coherent_v1+components[pts:pmf_sim_v1+role_aware_pmf_cal_v1:starter+monotone_pit_cdf_v1,ast:pmf_sim_v1+role_aware_pmf_cal_v1:starter+monotone_pit_cdf_v1]+prior_combo[joint_sampler_v1+joint_combo_pmf_v1+role_aware_pmf_cal_v1:starter+monotone_pit_cdf_v1]+stat_grid_final_component_convolution_mean_coherent_v1",phase8_role_aware_pmf_cal_v1+monotone_inactive_global_v1,morning,2026-06-13T22:59:51Z,1751c17d#phase10c,9cd4defe-e740-40a1-b3f4-565702c84681,ok,0.0,high,full,current_phase8,fallback_used,projected,derived_from_projected_minutes,72,0.0
De'Aaron Fox,161,SAS,NYK,True,21716138,pa,starter,"stat_grid:component_convolution_mean_coherent_v1+components[pts:pmf_sim_v1+role_aware_pmf_cal_v1:starter+monotone_pit_cdf_v1,ast:pmf_sim_v1+role_aware_pmf_cal_v1:starter+monotone_pit_cdf_v1]+prior_combo[joint_sampler_v1+joint_combo_pmf_v1+role_aware_pmf_cal_v1:starter+monotone_pit_cdf_v1]+stat_grid_final_component_convolution_mean_coherent_v1",phase8_role_aware_pmf_cal_v1+monotone_inactive_global_v1,morning,2026-06-13T22:59:51Z,1751c17d#phase10c,9cd4defe-e740-40a1-b3f4-565702c84681,ok,0.0,high,full,current_phase8,fallback_used,projected,derived_from_projected_minutes,73,0.0
De'Aaron Fox,161,SAS,NYK,True,21716138,pa,starter,"stat_grid:component_convolution_mean_coherent_v1+components[pts:pmf_sim_v1+role_aware_pmf_cal_v1:starter+monotone_pit_cdf_v1,ast:pmf_sim_v1+role_aware_pmf_cal_v1:starter+monotone_pit_cdf_v1]+prior_combo[joint_sampler_v1+joint_combo_pmf_v1+role_aware_pmf_cal_v1:starter+monotone_pit_cdf_v1]+stat_grid_final_component_convolution_mean_coherent_v1",phase8_role_aware_pmf_cal_v1+monotone_inactive_global_v1,morning,2026-06-13T22:59:51Z,1751c17d#phase10c,9cd4defe-e740-40a1-b3f4-565702c84681,ok,0.0,high,full,current_phase8,fallback_used,projected,derived_from_projected_minutes,74,0.0
De'Aaron Fox,161,SAS,NYK,True,21716138,pa,starter,"stat_grid:component_convolution_mean_coherent_v1+components[pts:pmf_sim_v1+role_aware_pmf_cal_v1:starter+monotone_pit_cdf_v1,ast:pmf_sim_v1+role_aware_pmf_cal_v1:starter+monotone_pit_cdf_v1]+prior_combo[joint_sampler_v1+joint_combo_pmf_v1+role_aware_pmf_cal_v1:starter+monotone_pit_cdf_v1]+stat_grid_final_component_convolution_mean_coherent_v1",phase8_role_aware_pmf_cal_v1+monotone_inactive_global_v1,morning,2026-06-13T22:59:51Z,1751c17d#phase10c,9cd4defe-e740-40a1-b3f4-565702c84681,ok,0.0,high,full,current_phase8,fallback_used,projected,derived_from_projected_minutes,75,0.0
De'Aaron Fox,161,SAS,NYK,True,21716138,pa,starter,"stat_grid:component_convolution_mean_coherent_v1+components[pts:pmf_sim_v1+role_aware_pmf_cal_v1:starter+monotone_pit_cdf_v1,ast:pmf_sim_v1+role_aware_pmf_cal_v1:starter+monotone_pit_cdf_v1]+prior_combo[joint_sampler_v1+joint_combo_pmf_v1+role_aware_pmf_cal_v1:starter+monotone_pit_cdf_v1]+stat_grid_final_component_convolution_mean_coherent_v1",phase8_role_aware_pmf_cal_v1+monotone_inactive_global_v1,morning,2026-06-13T22:59:51Z,1751c17d#phase10c,9cd4defe-e740-40a1-b3f4-565702c84681,ok,0.0,high,full,current_phase8,fallback_used,projected,derived_from_projected_minutes,76,0.0
De'Aaron Fox,161,SAS,NYK,True,21716138,pa,starter,"stat_grid:component_convolution_mean_coherent_v1+components[pts:pmf_sim_v1+role_aware_pmf_cal_v1:starter+monotone_pit_cdf_v1,ast:pmf_sim_v1+role_aware_pmf_cal_v1:starter+monotone_pit_cdf_v1]+prior_combo[joint_sampler_v1+joint_combo_pmf_v1+role_aware_pmf_cal_v1:starter+monotone_pit_cdf_v1]+stat_grid_final_component_convolution_mean_coherent_v1",phase8_role_aware_pmf_cal_v1+monotone_inactive_global_v1,morning,2026-06-13T22:59:51Z,1751c17d#phase10c,9cd4defe-e740-40a1-b3f4-565702c84681,ok,0.0,high,full,current_phase8,fallback_used,projected,derived_from_projected_minutes,77,0.0
De'Aaron Fox,161,SAS,NYK,True,21716138,pa,starter,"stat_grid:component_convolution_mean_coherent_v1+components[pts:pmf_sim_v1+role_aware_pmf_cal_v1:starter+monotone_pit_cdf_v1,ast:pmf_sim_v1+role_aware_pmf_cal_v1:starter+monotone_pit_cdf_v1]+prior_combo[joint_sampler_v1+joint_combo_pmf_v1+role_aware_pmf_cal_v1:starter+monotone_pit_cdf_v1]+stat_grid_final_component_convolution_mean_coherent_v1",phase8_role_aware_pmf_cal_v1+monotone_inactive_global_v1,morning,2026-06-13T22:59:51Z,1751c17d#phase10c,9cd4defe-e740-40a1-b3f4-565702c84681,ok,0.0,high,full,current_phase8,fallback_used,projected,derived_from_projected_minutes,78,0.0
De'Aaron Fox,161,SAS,NYK,True,21716138,pa,starter,"stat_grid:component_convolution_mean_coherent_v1+components[pts:pmf_sim_v1+role_aware_pmf_cal_v1:starter+monotone_pit_cdf_v1,ast:pmf_sim_v1+role_aware_pmf_cal_v1:starter+monotone_pit_cdf_v1]+prior_combo[joint_sampler_v1+joint_combo_pmf_v1+role_aware_pmf_cal_v1:starter+monotone_pit_cdf_v1]+stat_grid_final_component_convolution_mean_coherent_v1",phase8_role_aware_pmf_cal_v1+monotone_inactive_global_v1,morning,2026-06-13T22:59:51Z,1751c17d#phase10c,9cd4defe-e740-40a1-b3f4-565702c84681,ok,0.0,high,full,current_phase8,fallback_used,projected,derived_from_projected_minutes,79,0.0
De'Aaron Fox,161,SAS,NYK,True,21716138,pa,starter,"stat_grid:component_convolution_mean_coherent_v1+components[pts:pmf_sim_v1+role_aware_pmf_cal_v1:starter+monotone_pit_cdf_v1,ast:pmf_sim_v1+role_aware_pmf_cal_v1:starter+monotone_pit_cdf_v1]+prior_combo[joint_sampler_v1+joint_combo_pmf_v1+role_aware_pmf_cal_v1:starter+monotone_pit_cdf_v1]+stat_grid_final_component_convolution_mean_coherent_v1",phase8_role_aware_pmf_cal_v1+monotone_inactive_global_v1,morning,2026-06-13T22:59:51Z,1751c17d#phase10c,9cd4defe-e740-40a1-b3f4-565702c84681,ok,0.0,high,full,current_phase8,fallback_used,projected,derived_from_projected_minutes,80,0.0
De'Aaron Fox,161,SAS,NYK,True,21716138,pa,starter,"stat_grid:component_convolution_mean_coherent_v1+components[pts:pmf_sim_v1+role_aware_pmf_cal_v1:starter+monotone_pit_cdf_v1,ast:pmf_sim_v1+role_aware_pmf_cal_v1:starter+monotone_pit_cdf_v1]+prior_combo[joint_sampler_v1+joint_combo_pmf_v1+role_aware_pmf_cal_v1:starter+monotone_pit_cdf_v1]+stat_grid_final_component_convolution_mean_coherent_v1",phase8_role_aware_pmf_cal_v1+monotone_inactive_global_v1,morning,2026-06-13T22:59:51Z,1751c17d#phase10c,9cd4defe-e740-40a1-b3f4-565702c84681,ok,0.0,high,full,current_phase8,fallback_used,projected,derived_from_projected_minutes,81,0.0
De'Aaron Fox,161,SAS,NYK,True,21716138,pa,starter,"stat_grid:component_convolution_mean_coherent_v1+components[pts:pmf_sim_v1+role_aware_pmf_cal_v1:starter+monotone_pit_cdf_v1,ast:pmf_sim_v1+role_aware_pmf_cal_v1:starter+monotone_pit_cdf_v1]+prior_combo[joint_sampler_v1+joint_combo_pmf_v1+role_aware_pmf_cal_v1:starter+monotone_pit_cdf_v1]+stat_grid_final_component_convolution_mean_coherent_v1",phase8_role_aware_pmf_cal_v1+monotone_inactive_global_v1,morning,2026-06-13T22:59:51Z,1751c17d#phase10c,9cd4defe-e740-40a1-b3f4-565702c84681,ok,0.0,high,full,current_phase8,fallback_used,projected,derived_from_projected_minutes,82,0.0
De'Aaron Fox,161,SAS,NYK,True,21716138,pa,starter,"stat_grid:component_convolution_mean_coherent_v1+components[pts:pmf_sim_v1+role_aware_pmf_cal_v1:starter+monotone_pit_cdf_v1,ast:pmf_sim_v1+role_aware_pmf_cal_v1:starter+monotone_pit_cdf_v1]+prior_combo[joint_sampler_v1+joint_combo_pmf_v1+role_aware_pmf_cal_v1:starter+monotone_pit_cdf_v1]+stat_grid_final_component_convolution_mean_coherent_v1",phase8_role_aware_pmf_cal_v1+monotone_inactive_global_v1,morning,2026-06-13T22:59:51Z,1751c17d#phase10c,9cd4defe-e740-40a1-b3f4-565702c84681,ok,0.0,high,full,current_phase8,fallback_used,projected,derived_from_projected_minutes,83,0.0
De'Aaron Fox,161,SAS,NYK,True,21716138,pa,starter,"stat_grid:component_convolution_mean_coherent_v1+components[pts:pmf_sim_v1+role_aware_pmf_cal_v1:starter+monotone_pit_cdf_v1,ast:pmf_sim_v1+role_aware_pmf_cal_v1:starter+monotone_pit_cdf_v1]+prior_combo[joint_sampler_v1+joint_combo_pmf_v1+role_aware_pmf_cal_v1:starter+monotone_pit_cdf_v1]+stat_grid_final_component_convolution_mean_coherent_v1",phase8_role_aware_pmf_cal_v1+monotone_inactive_global_v1,morning,2026-06-13T22:59:51Z,1751c17d#phase10c,9cd4defe-e740-40a1-b3f4-565702c84681,ok,0.0,high,full,current_phase8,fallback_used,projected,derived_from_projected_minutes,84,0.0
De'Aaron Fox,161,SAS,NYK,True,21716138,pa,starter,"stat_grid:component_convolution_mean_coherent_v1+components[pts:pmf_sim_v1+role_aware_pmf_cal_v1:starter+monotone_pit_cdf_v1,ast:pmf_sim_v1+role_aware_pmf_cal_v1:starter+monotone_pit_cdf_v1]+prior_combo[joint_sampler_v1+joint_combo_pmf_v1+role_aware_pmf_cal_v1:starter+monotone_pit_cdf_v1]+stat_grid_final_component_convolution_mean_coherent_v1",phase8_role_aware_pmf_cal_v1+monotone_inactive_global_v1,morning,2026-06-13T22:59:51Z,1751c17d#phase10c,9cd4defe-e740-40a1-b3f4-565702c84681,ok,0.0,high,full,current_phase8,fallback_used,projected,derived_from_projected_minutes,85,0.0
De'Aaron Fox,161,SAS,NYK,True,21716138,pa,starter,"stat_grid:component_convolution_mean_coherent_v1+components[pts:pmf_sim_v1+role_aware_pmf_cal_v1:starter+monotone_pit_cdf_v1,ast:pmf_sim_v1+role_aware_pmf_cal_v1:starter+monotone_pit_cdf_v1]+prior_combo[joint_sampler_v1+joint_combo_pmf_v1+role_aware_pmf_cal_v1:starter+monotone_pit_cdf_v1]+stat_grid_final_component_convolution_mean_coherent_v1",phase8_role_aware_pmf_cal_v1+monotone_inactive_global_v1,morning,2026-06-13T22:59:51Z,1751c17d#phase10c,9cd4defe-e740-40a1-b3f4-565702c84681,ok,0.0,high,full,current_phase8,fallback_used,projected,derived_from_projected_minutes,86,0.0
De'Aaron Fox,161,SAS,NYK,True,21716138,pa,starter,"stat_grid:component_convolution_mean_coherent_v1+components[pts:pmf_sim_v1+role_aware_pmf_cal_v1:starter+monotone_pit_cdf_v1,ast:pmf_sim_v1+role_aware_pmf_cal_v1:starter+monotone_pit_cdf_v1]+prior_combo[joint_sampler_v1+joint_combo_pmf_v1+role_aware_pmf_cal_v1:starter+monotone_pit_cdf_v1]+stat_grid_final_component_convolution_mean_coherent_v1",phase8_role_aware_pmf_cal_v1+monotone_inactive_global_v1,morning,2026-06-13T22:59:51Z,1751c17d#phase10c,9cd4defe-e740-40a1-b3f4-565702c84681,ok,0.0,high,full,current_phase8,fallback_used,projected,derived_from_projected_minutes,87,0.0
De'Aaron Fox,161,SAS,NYK,True,21716138,pa,starter,"stat_grid:component_convolution_mean_coherent_v1+components[pts:pmf_sim_v1+role_aware_pmf_cal_v1:starter+monotone_pit_cdf_v1,ast:pmf_sim_v1+role_aware_pmf_cal_v1:starter+monotone_pit_cdf_v1]+prior_combo[joint_sampler_v1+joint_combo_pmf_v1+role_aware_pmf_cal_v1:starter+monotone_pit_cdf_v1]+stat_grid_final_component_convolution_mean_coherent_v1",phase8_role_aware_pmf_cal_v1+monotone_inactive_global_v1,morning,2026-06-13T22:59:51Z,1751c17d#phase10c,9cd4defe-e740-40a1-b3f4-565702c84681,ok,0.0,high,full,current_phase8,fallback_used,projected,derived_from_projected_minutes,88,0.0
De'Aaron Fox,161,SAS,NYK,True,21716138,pa,starter,"stat_grid:component_convolution_mean_coherent_v1+components[pts:pmf_sim_v1+role_aware_pmf_cal_v1:starter+monotone_pit_cdf_v1,ast:pmf_sim_v1+role_aware_pmf_cal_v1:starter+monotone_pit_cdf_v1]+prior_combo[joint_sampler_v1+joint_combo_pmf_v1+role_aware_pmf_cal_v1:starter+monotone_pit_cdf_v1]+stat_grid_final_component_convolution_mean_coherent_v1",phase8_role_aware_pmf_cal_v1+monotone_inactive_global_v1,morning,2026-06-13T22:59:51Z,1751c17d#phase10c,9cd4defe-e740-40a1-b3f4-565702c84681,ok,0.0,high,full,current_phase8,fallback_used,projected,derived_from_projected_minutes,89,0.0
De'Aaron Fox,161,SAS,NYK,True,21716138,pa,starter,"stat_grid:component_convolution_mean_coherent_v1+components[pts:pmf_sim_v1+role_aware_pmf_cal_v1:starter+monotone_pit_cdf_v1,ast:pmf_sim_v1+role_aware_pmf_cal_v1:starter+monotone_pit_cdf_v1]+prior_combo[joint_sampler_v1+joint_combo_pmf_v1+role_aware_pmf_cal_v1:starter+monotone_pit_cdf_v1]+stat_grid_final_component_convolution_mean_coherent_v1",phase8_role_aware_pmf_cal_v1+monotone_inactive_global_v1,morning,2026-06-13T22:59:51Z,1751c17d#phase10c,9cd4defe-e740-40a1-b3f4-565702c84681,ok,0.0,high,full,current_phase8,fallback_used,projected,derived_from_projected_minutes,90,0.0
De'Aaron Fox,161,SAS,NYK,True,21716138,pa,starter,"stat_grid:component_convolution_mean_coherent_v1+components[pts:pmf_sim_v1+role_aware_pmf_cal_v1:starter+monotone_pit_cdf_v1,ast:pmf_sim_v1+role_aware_pmf_cal_v1:starter+monotone_pit_cdf_v1]+prior_combo[joint_sampler_v1+joint_combo_pmf_v1+role_aware_pmf_cal_v1:starter+monotone_pit_cdf_v1]+stat_grid_final_component_convolution_mean_coherent_v1",phase8_role_aware_pmf_cal_v1+monotone_inactive_global_v1,morning,2026-06-13T22:59:51Z,1751c17d#phase10c,9cd4defe-e740-40a1-b3f4-565702c84681,ok,0.0,high,full,current_phase8,fallback_used,projected,derived_from_projected_minutes,91,0.0
De'Aaron Fox,161,SAS,NYK,True,21716138,pa,starter,"stat_grid:component_convolution_mean_coherent_v1+components[pts:pmf_sim_v1+role_aware_pmf_cal_v1:starter+monotone_pit_cdf_v1,ast:pmf_sim_v1+role_aware_pmf_cal_v1:starter+monotone_pit_cdf_v1]+prior_combo[joint_sampler_v1+joint_combo_pmf_v1+role_aware_pmf_cal_v1:starter+monotone_pit_cdf_v1]+stat_grid_final_component_convolution_mean_coherent_v1",phase8_role_aware_pmf_cal_v1+monotone_inactive_global_v1,morning,2026-06-13T22:59:51Z,1751c17d#phase10c,9cd4defe-e740-40a1-b3f4-565702c84681,ok,0.0,high,full,current_phase8,fallback_used,projected,derived_from_projected_minutes,92,0.0
De'Aaron Fox,161,SAS,NYK,True,21716138,pa,starter,"stat_grid:component_convolution_mean_coherent_v1+components[pts:pmf_sim_v1+role_aware_pmf_cal_v1:starter+monotone_pit_cdf_v1,ast:pmf_sim_v1+role_aware_pmf_cal_v1:starter+monotone_pit_cdf_v1]+prior_combo[joint_sampler_v1+joint_combo_pmf_v1+role_aware_pmf_cal_v1:starter+monotone_pit_cdf_v1]+stat_grid_final_component_convolution_mean_coherent_v1",phase8_role_aware_pmf_cal_v1+monotone_inactive_global_v1,morning,2026-06-13T22:59:51Z,1751c17d#phase10c,9cd4defe-e740-40a1-b3f4-565702c84681,ok,0.0,high,full,current_phase8,fallback_used,projected,derived_from_projected_minutes,93,0.0
De'Aaron Fox,161,SAS,NYK,True,21716138,pa,starter,"stat_grid:component_convolution_mean_coherent_v1+components[pts:pmf_sim_v1+role_aware_pmf_cal_v1:starter+monotone_pit_cdf_v1,ast:pmf_sim_v1+role_aware_pmf_cal_v1:starter+monotone_pit_cdf_v1]+prior_combo[joint_sampler_v1+joint_combo_pmf_v1+role_aware_pmf_cal_v1:starter+monotone_pit_cdf_v1]+stat_grid_final_component_convolution_mean_coherent_v1",phase8_role_aware_pmf_cal_v1+monotone_inactive_global_v1,morning,2026-06-13T22:59:51Z,1751c17d#phase10c,9cd4defe-e740-40a1-b3f4-565702c84681,ok,0.0,high,full,current_phase8,fallback_used,projected,derived_from_projected_minutes,94,0.0
De'Aaron Fox,161,SAS,NYK,True,21716138,pa,starter,"stat_grid:component_convolution_mean_coherent_v1+components[pts:pmf_sim_v1+role_aware_pmf_cal_v1:starter+monotone_pit_cdf_v1,ast:pmf_sim_v1+role_aware_pmf_cal_v1:starter+monotone_pit_cdf_v1]+prior_combo[joint_sampler_v1+joint_combo_pmf_v1+role_aware_pmf_cal_v1:starter+monotone_pit_cdf_v1]+stat_grid_final_component_convolution_mean_coherent_v1",phase8_role_aware_pmf_cal_v1+monotone_inactive_global_v1,morning,2026-06-13T22:59:51Z,1751c17d#phase10c,9cd4defe-e740-40a1-b3f4-565702c84681,ok,0.0,high,full,current_phase8,fallback_used,projected,derived_from_projected_minutes,95,0.0
De'Aaron Fox,161,SAS,NYK,True,21716138,pa,starter,"stat_grid:component_convolution_mean_coherent_v1+components[pts:pmf_sim_v1+role_aware_pmf_cal_v1:starter+monotone_pit_cdf_v1,ast:pmf_sim_v1+role_aware_pmf_cal_v1:starter+monotone_pit_cdf_v1]+prior_combo[joint_sampler_v1+joint_combo_pmf_v1+role_aware_pmf_cal_v1:starter+monotone_pit_cdf_v1]+stat_grid_final_component_convolution_mean_coherent_v1",phase8_role_aware_pmf_cal_v1+monotone_inactive_global_v1,morning,2026-06-13T22:59:51Z,1751c17d#phase10c,9cd4defe-e740-40a1-b3f4-565702c84681,ok,0.0,high,full,current_phase8,fallback_used,projected,derived_from_projected_minutes,96,0.0
De'Aaron Fox,161,SAS,NYK,True,21716138,pa,starter,"stat_grid:component_convolution_mean_coherent_v1+components[pts:pmf_sim_v1+role_aware_pmf_cal_v1:starter+monotone_pit_cdf_v1,ast:pmf_sim_v1+role_aware_pmf_cal_v1:starter+monotone_pit_cdf_v1]+prior_combo[joint_sampler_v1+joint_combo_pmf_v1+role_aware_pmf_cal_v1:starter+monotone_pit_cdf_v1]+stat_grid_final_component_convolution_mean_coherent_v1",phase8_role_aware_pmf_cal_v1+monotone_inactive_global_v1,morning,2026-06-13T22:59:51Z,1751c17d#phase10c,9cd4defe-e740-40a1-b3f4-565702c84681,ok,0.0,high,full,current_phase8,fallback_used,projected,derived_from_projected_minutes,97,0.0
De'Aaron Fox,161,SAS,NYK,True,21716138,pa,starter,"stat_grid:component_convolution_mean_coherent_v1+components[pts:pmf_sim_v1+role_aware_pmf_cal_v1:starter+monotone_pit_cdf_v1,ast:pmf_sim_v1+role_aware_pmf_cal_v1:starter+monotone_pit_cdf_v1]+prior_combo[joint_sampler_v1+joint_combo_pmf_v1+role_aware_pmf_cal_v1:starter+monotone_pit_cdf_v1]+stat_grid_final_component_convolution_mean_coherent_v1",phase8_role_aware_pmf_cal_v1+monotone_inactive_global_v1,morning,2026-06-13T22:59:51Z,1751c17d#phase10c,9cd4defe-e740-40a1-b3f4-565702c84681,ok,0.0,high,full,current_phase8,fallback_used,projected,derived_from_projected_minutes,98,0.0
De'Aaron Fox,161,SAS,NYK,True,21716138,pa,starter,"stat_grid:component_convolution_mean_coherent_v1+components[pts:pmf_sim_v1+role_aware_pmf_cal_v1:starter+monotone_pit_cdf_v1,ast:pmf_sim_v1+role_aware_pmf_cal_v1:starter+monotone_pit_cdf_v1]+prior_combo[joint_sampler_v1+joint_combo_pmf_v1+role_aware_pmf_cal_v1:starter+monotone_pit_cdf_v1]+stat_grid_final_component_convolution_mean_coherent_v1",phase8_role_aware_pmf_cal_v1+monotone_inactive_global_v1,morning,2026-06-13T22:59:51Z,1751c17d#phase10c,9cd4defe-e740-40a1-b3f4-565702c84681,ok,0.0,high,full,current_phase8,fallback_used,projected,derived_from_projected_minutes,99,0.0
De'Aaron Fox,161,SAS,NYK,True,21716138,pa,starter,"stat_grid:component_convolution_mean_coherent_v1+components[pts:pmf_sim_v1+role_aware_pmf_cal_v1:starter+monotone_pit_cdf_v1,ast:pmf_sim_v1+role_aware_pmf_cal_v1:starter+monotone_pit_cdf_v1]+prior_combo[joint_sampler_v1+joint_combo_pmf_v1+role_aware_pmf_cal_v1:starter+monotone_pit_cdf_v1]+stat_grid_final_component_convolution_mean_coherent_v1",phase8_role_aware_pmf_cal_v1+monotone_inactive_global_v1,morning,2026-06-13T22:59:51Z,1751c17d#phase10c,9cd4defe-e740-40a1-b3f4-565702c84681,ok,0.0,high,full,current_phase8,fallback_used,projected,derived_from_projected_minutes,100,0.0
De'Aaron Fox,161,SAS,NYK,True,21716138,pa,starter,"stat_grid:component_convolution_mean_coherent_v1+components[pts:pmf_sim_v1+role_aware_pmf_cal_v1:starter+monotone_pit_cdf_v1,ast:pmf_sim_v1+role_aware_pmf_cal_v1:starter+monotone_pit_cdf_v1]+prior_combo[joint_sampler_v1+joint_combo_pmf_v1+role_aware_pmf_cal_v1:starter+monotone_pit_cdf_v1]+stat_grid_final_component_convolution_mean_coherent_v1",phase8_role_aware_pmf_cal_v1+monotone_inactive_global_v1,morning,2026-06-13T22:59:51Z,1751c17d#phase10c,9cd4defe-e740-40a1-b3f4-565702c84681,ok,0.0,high,full,current_phase8,fallback_used,projected,derived_from_projected_minutes,101,0.0
De'Aaron Fox,161,SAS,NYK,True,21716138,pa,starter,"stat_grid:component_convolution_mean_coherent_v1+components[pts:pmf_sim_v1+role_aware_pmf_cal_v1:starter+monotone_pit_cdf_v1,ast:pmf_sim_v1+role_aware_pmf_cal_v1:starter+monotone_pit_cdf_v1]+prior_combo[joint_sampler_v1+joint_combo_pmf_v1+role_aware_pmf_cal_v1:starter+monotone_pit_cdf_v1]+stat_grid_final_component_convolution_mean_coherent_v1",phase8_role_aware_pmf_cal_v1+monotone_inactive_global_v1,morning,2026-06-13T22:59:51Z,1751c17d#phase10c,9cd4defe-e740-40a1-b3f4-565702c84681,ok,0.0,high,full,current_phase8,fallback_used,projected,derived_from_projected_minutes,102,0.0
De'Aaron Fox,161,SAS,NYK,True,21716138,pa,starter,"stat_grid:component_convolution_mean_coherent_v1+components[pts:pmf_sim_v1+role_aware_pmf_cal_v1:starter+monotone_pit_cdf_v1,ast:pmf_sim_v1+role_aware_pmf_cal_v1:starter+monotone_pit_cdf_v1]+prior_combo[joint_sampler_v1+joint_combo_pmf_v1+role_aware_pmf_cal_v1:starter+monotone_pit_cdf_v1]+stat_grid_final_component_convolution_mean_coherent_v1",phase8_role_aware_pmf_cal_v1+monotone_inactive_global_v1,morning,2026-06-13T22:59:51Z,1751c17d#phase10c,9cd4defe-e740-40a1-b3f4-565702c84681,ok,0.0,high,full,current_phase8,fallback_used,projected,derived_from_projected_minutes,103,0.0
De'Aaron Fox,161,SAS,NYK,True,21716138,pa,starter,"stat_grid:component_convolution_mean_coherent_v1+components[pts:pmf_sim_v1+role_aware_pmf_cal_v1:starter+monotone_pit_cdf_v1,ast:pmf_sim_v1+role_aware_pmf_cal_v1:starter+monotone_pit_cdf_v1]+prior_combo[joint_sampler_v1+joint_combo_pmf_v1+role_aware_pmf_cal_v1:starter+monotone_pit_cdf_v1]+stat_grid_final_component_convolution_mean_coherent_v1",phase8_role_aware_pmf_cal_v1+monotone_inactive_global_v1,morning,2026-06-13T22:59:51Z,1751c17d#phase10c,9cd4defe-e740-40a1-b3f4-565702c84681,ok,0.0,high,full,current_phase8,fallback_used,projected,derived_from_projected_minutes,104,0.0
De'Aaron Fox,161,SAS,NYK,True,21716138,pa,starter,"stat_grid:component_convolution_mean_coherent_v1+components[pts:pmf_sim_v1+role_aware_pmf_cal_v1:starter+monotone_pit_cdf_v1,ast:pmf_sim_v1+role_aware_pmf_cal_v1:starter+monotone_pit_cdf_v1]+prior_combo[joint_sampler_v1+joint_combo_pmf_v1+role_aware_pmf_cal_v1:starter+monotone_pit_cdf_v1]+stat_grid_final_component_convolution_mean_coherent_v1",phase8_role_aware_pmf_cal_v1+monotone_inactive_global_v1,morning,2026-06-13T22:59:51Z,1751c17d#phase10c,9cd4defe-e740-40a1-b3f4-565702c84681,ok,0.0,high,full,current_phase8,fallback_used,projected,derived_from_projected_minutes,105,0.0
De'Aaron Fox,161,SAS,NYK,True,21716138,pr,starter,"stat_grid:component_convolution_mean_coherent_v1+components[pts:pmf_sim_v1+role_aware_pmf_cal_v1:starter+monotone_pit_cdf_v1,reb:pmf_sim_v1+role_aware_pmf_cal_v1:starter+monotone_pit_cdf_v1]+prior_combo[joint_sampler_v1+joint_combo_pmf_v1+role_aware_pmf_cal_v1:starter+monotone_pit_cdf_v1]+stat_grid_final_component_convolution_mean_coherent_v1",phase8_role_aware_pmf_cal_v1+monotone_inactive_global_v1,morning,2026-06-13T22:59:51Z,1751c17d#phase10c,9cd4defe-e740-40a1-b3f4-565702c84681,ok,0.0,high,full,current_phase8,fallback_used,projected,derived_from_projected_minutes,0,0.0
De'Aaron Fox,161,SAS,NYK,True,21716138,pr,starter,"stat_grid:component_convolution_mean_coherent_v1+components[pts:pmf_sim_v1+role_aware_pmf_cal_v1:starter+monotone_pit_cdf_v1,reb:pmf_sim_v1+role_aware_pmf_cal_v1:starter+monotone_pit_cdf_v1]+prior_combo[joint_sampler_v1+joint_combo_pmf_v1+role_aware_pmf_cal_v1:starter+monotone_pit_cdf_v1]+stat_grid_final_component_convolution_mean_coherent_v1",phase8_role_aware_pmf_cal_v1+monotone_inactive_global_v1,morning,2026-06-13T22:59:51Z,1751c17d#phase10c,9cd4defe-e740-40a1-b3f4-565702c84681,ok,0.0,high,full,current_phase8,fallback_used,projected,derived_from_projected_minutes,1,0.0
De'Aaron Fox,161,SAS,NYK,True,21716138,pr,starter,"stat_grid:component_convolution_mean_coherent_v1+components[pts:pmf_sim_v1+role_aware_pmf_cal_v1:starter+monotone_pit_cdf_v1,reb:pmf_sim_v1+role_aware_pmf_cal_v1:starter+monotone_pit_cdf_v1]+prior_combo[joint_sampler_v1+joint_combo_pmf_v1+role_aware_pmf_cal_v1:starter+monotone_pit_cdf_v1]+stat_grid_final_component_convolution_mean_coherent_v1",phase8_role_aware_pmf_cal_v1+monotone_inactive_global_v1,morning,2026-06-13T22:59:51Z,1751c17d#phase10c,9cd4defe-e740-40a1-b3f4-565702c84681,ok,0.0,high,full,current_phase8,fallback_used,projected,derived_from_projected_minutes,2,0.0001
De'Aaron Fox,161,SAS,NYK,True,21716138,pr,starter,"stat_grid:component_convolution_mean_coherent_v1+components[pts:pmf_sim_v1+role_aware_pmf_cal_v1:starter+monotone_pit_cdf_v1,reb:pmf_sim_v1+role_aware_pmf_cal_v1:starter+monotone_pit_cdf_v1]+prior_combo[joint_sampler_v1+joint_combo_pmf_v1+role_aware_pmf_cal_v1:starter+monotone_pit_cdf_v1]+stat_grid_final_component_convolution_mean_coherent_v1",phase8_role_aware_pmf_cal_v1+monotone_inactive_global_v1,morning,2026-06-13T22:59:51Z,1751c17d#phase10c,9cd4defe-e740-40a1-b3f4-565702c84681,ok,0.0,high,full,current_phase8,fallback_used,projected,derived_from_projected_minutes,3,0.0003
De'Aaron Fox,161,SAS,NYK,True,21716138,pr,starter,"stat_grid:component_convolution_mean_coherent_v1+components[pts:pmf_sim_v1+role_aware_pmf_cal_v1:starter+monotone_pit_cdf_v1,reb:pmf_sim_v1+role_aware_pmf_cal_v1:starter+monotone_pit_cdf_v1]+prior_combo[joint_sampler_v1+joint_combo_pmf_v1+role_aware_pmf_cal_v1:starter+monotone_pit_cdf_v1]+stat_grid_final_component_convolution_mean_coherent_v1",phase8_role_aware_pmf_cal_v1+monotone_inactive_global_v1,morning,2026-06-13T22:59:51Z,1751c17d#phase10c,9cd4defe-e740-40a1-b3f4-565702c84681,ok,0.0,high,full,current_phase8,fallback_used,projected,derived_from_projected_minutes,4,0.0005
De'Aaron Fox,161,SAS,NYK,True,21716138,pr,starter,"stat_grid:component_convolution_mean_coherent_v1+components[pts:pmf_sim_v1+role_aware_pmf_cal_v1:starter+monotone_pit_cdf_v1,reb:pmf_sim_v1+role_aware_pmf_cal_v1:starter+monotone_pit_cdf_v1]+prior_combo[joint_sampler_v1+joint_combo_pmf_v1+role_aware_pmf_cal_v1:starter+monotone_pit_cdf_v1]+stat_grid_final_component_convolution_mean_coherent_v1",phase8_role_aware_pmf_cal_v1+monotone_inactive_global_v1,morning,2026-06-13T22:59:51Z,1751c17d#phase10c,9cd4defe-e740-40a1-b3f4-565702c84681,ok,0.0,high,full,current_phase8,fallback_used,projected,derived_from_projected_minutes,5,0.0011
De'Aaron Fox,161,SAS,NYK,True,21716138,pr,starter,"stat_grid:component_convolution_mean_coherent_v1+components[pts:pmf_sim_v1+role_aware_pmf_cal_v1:starter+monotone_pit_cdf_v1,reb:pmf_sim_v1+role_aware_pmf_cal_v1:starter+monotone_pit_cdf_v1]+prior_combo[joint_sampler_v1+joint_combo_pmf_v1+role_aware_pmf_cal_v1:starter+monotone_pit_cdf_v1]+stat_grid_final_component_convolution_mean_coherent_v1",phase8_role_aware_pmf_cal_v1+monotone_inactive_global_v1,morning,2026-06-13T22:59:51Z,1751c17d#phase10c,9cd4defe-e740-40a1-b3f4-565702c84681,ok,0.0,high,full,current_phase8,fallback_used,projected,derived_from_projected_minutes,6,0.0017
De'Aaron Fox,161,SAS,NYK,True,21716138,pr,starter,"stat_grid:component_convolution_mean_coherent_v1+components[pts:pmf_sim_v1+role_aware_pmf_cal_v1:starter+monotone_pit_cdf_v1,reb:pmf_sim_v1+role_aware_pmf_cal_v1:starter+monotone_pit_cdf_v1]+prior_combo[joint_sampler_v1+joint_combo_pmf_v1+role_aware_pmf_cal_v1:starter+monotone_pit_cdf_v1]+stat_grid_final_component_convolution_mean_coherent_v1",phase8_role_aware_pmf_cal_v1+monotone_inactive_global_v1,morning,2026-06-13T22:59:51Z,1751c17d#phase10c,9cd4defe-e740-40a1-b3f4-565702c84681,ok,0.0,high,full,current_phase8,fallback_used,projected,derived_from_projected_minutes,7,0.003
De'Aaron Fox,161,SAS,NYK,True,21716138,pr,starter,"stat_grid:component_convolution_mean_coherent_v1+components[pts:pmf_sim_v1+role_aware_pmf_cal_v1:starter+monotone_pit_cdf_v1,reb:pmf_sim_v1+role_aware_pmf_cal_v1:starter+monotone_pit_cdf_v1]+prior_combo[joint_sampler_v1+joint_combo_pmf_v1+role_aware_pmf_cal_v1:starter+monotone_pit_cdf_v1]+stat_grid_final_component_convolution_mean_coherent_v1",phase8_role_aware_pmf_cal_v1+monotone_inactive_global_v1,morning,2026-06-13T22:59:51Z,1751c17d#phase10c,9cd4defe-e740-40a1-b3f4-565702c84681,ok,0.0,high,full,current_phase8,fallback_used,projected,derived_from_projected_minutes,8,0.0049
De'Aaron Fox,161,SAS,NYK,True,21716138,pr,starter,"stat_grid:component_convolution_mean_coherent_v1+components[pts:pmf_sim_v1+role_aware_pmf_cal_v1:starter+monotone_pit_cdf_v1,reb:pmf_sim_v1+role_aware_pmf_cal_v1:starter+monotone_pit_cdf_v1]+prior_combo[joint_sampler_v1+joint_combo_pmf_v1+role_aware_pmf_cal_v1:starter+monotone_pit_cdf_v1]+stat_grid_final_component_convolution_mean_coherent_v1",phase8_role_aware_pmf_cal_v1+monotone_inactive_global_v1,morning,2026-06-13T22:59:51Z,1751c17d#phase10c,9cd4defe-e740-40a1-b3f4-565702c84681,ok,0.0,high,full,current_phase8,fallback_used,projected,derived_from_projected_minutes,9,0.0078
De'Aaron Fox,161,SAS,NYK,True,21716138,pr,starter,"stat_grid:component_convolution_mean_coherent_v1+components[pts:pmf_sim_v1+role_aware_pmf_cal_v1:starter+monotone_pit_cdf_v1,reb:pmf_sim_v1+role_aware_pmf_cal_v1:starter+monotone_pit_cdf_v1]+prior_combo[joint_sampler_v1+joint_combo_pmf_v1+role_aware_pmf_cal_v1:starter+monotone_pit_cdf_v1]+stat_grid_final_component_convolution_mean_coherent_v1",phase8_role_aware_pmf_cal_v1+monotone_inactive_global_v1,morning,2026-06-13T22:59:51Z,1751c17d#phase10c,9cd4defe-e740-40a1-b3f4-565702c84681,ok,0.0,high,full,current_phase8,fallback_used,projected,derived_from_projected_minutes,10,0.0116
De'Aaron Fox,161,SAS,NYK,True,21716138,pr,starter,"stat_grid:component_convolution_mean_coherent_v1+components[pts:pmf_sim_v1+role_aware_pmf_cal_v1:starter+monotone_pit_cdf_v1,reb:pmf_sim_v1+role_aware_pmf_cal_v1:starter+monotone_pit_cdf_v1]+prior_combo[joint_sampler_v1+joint_combo_pmf_v1+role_aware_pmf_cal_v1:starter+monotone_pit_cdf_v1]+stat_grid_final_component_convolution_mean_coherent_v1",phase8_role_aware_pmf_cal_v1+monotone_inactive_global_v1,morning,2026-06-13T22:59:51Z,1751c17d#phase10c,9cd4defe-e740-40a1-b3f4-565702c84681,ok,0.0,high,full,current_phase8,fallback_used,projected,derived_from_projected_minutes,11,0.0158
De'Aaron Fox,161,SAS,NYK,True,21716138,pr,starter,"stat_grid:component_convolution_mean_coherent_v1+components[pts:pmf_sim_v1+role_aware_pmf_cal_v1:starter+monotone_pit_cdf_v1,reb:pmf_sim_v1+role_aware_pmf_cal_v1:starter+monotone_pit_cdf_v1]+prior_combo[joint_sampler_v1+joint_combo_pmf_v1+role_aware_pmf_cal_v1:starter+monotone_pit_cdf_v1]+stat_grid_final_component_convolution_mean_coherent_v1",phase8_role_aware_pmf_cal_v1+monotone_inactive_global_v1,morning,2026-06-13T22:59:51Z,1751c17d#phase10c,9cd4defe-e740-40a1-b3f4-565702c84681,ok,0.0,high,full,current_phase8,fallback_used,projected,derived_from_projected_minutes,12,0.0209
De'Aaron Fox,161,SAS,NYK,True,21716138,pr,starter,"stat_grid:component_convolution_mean_coherent_v1+components[pts:pmf_sim_v1+role_aware_pmf_cal_v1:starter+monotone_pit_cdf_v1,reb:pmf_sim_v1+role_aware_pmf_cal_v1:starter+monotone_pit_cdf_v1]+prior_combo[joint_sampler_v1+joint_combo_pmf_v1+role_aware_pmf_cal_v1:starter+monotone_pit_cdf_v1]+stat_grid_final_component_convolution_mean_coherent_v1",phase8_role_aware_pmf_cal_v1+monotone_inactive_global_v1,morning,2026-06-13T22:59:51Z,1751c17d#phase10c,9cd4defe-e740-40a1-b3f4-565702c84681,ok,0.0,high,full,current_phase8,fallback_used,projected,derived_from_projected_minutes,13,0.0253
De'Aaron Fox,161,SAS,NYK,True,21716138,pr,starter,"stat_grid:component_convolution_mean_coherent_v1+components[pts:pmf_sim_v1+role_aware_pmf_cal_v1:starter+monotone_pit_cdf_v1,reb:pmf_sim_v1+role_aware_pmf_cal_v1:starter+monotone_pit_cdf_v1]+prior_combo[joint_sampler_v1+joint_combo_pmf_v1+role_aware_pmf_cal_v1:starter+monotone_pit_cdf_v1]+stat_grid_final_component_convolution_mean_coherent_v1",phase8_role_aware_pmf_cal_v1+monotone_inactive_global_v1,morning,2026-06-13T22:59:51Z,1751c17d#phase10c,9cd4defe-e740-40a1-b3f4-565702c84681,ok,0.0,high,full,current_phase8,fallback_used,projected,derived_from_projected_minutes,14,0.0304
De'Aaron Fox,161,SAS,NYK,True,21716138,pr,starter,"stat_grid:component_convolution_mean_coherent_v1+components[pts:pmf_sim_v1+role_aware_pmf_cal_v1:starter+monotone_pit_cdf_v1,reb:pmf_sim_v1+role_aware_pmf_cal_v1:starter+monotone_pit_cdf_v1]+prior_combo[joint_sampler_v1+joint_combo_pmf_v1+role_aware_pmf_cal_v1:starter+monotone_pit_cdf_v1]+stat_grid_final_component_convolution_mean_coherent_v1",phase8_role_aware_pmf_cal_v1+monotone_inactive_global_v1,morning,2026-06-13T22:59:51Z,1751c17d#phase10c,9cd4defe-e740-40a1-b3f4-565702c84681,ok,0.0,high,full,current_phase8,fallback_used,projected,derived_from_projected_minutes,15,0.0357
De'Aaron Fox,161,SAS,NYK,True,21716138,pr,starter,"stat_grid:component_convolution_mean_coherent_v1+components[pts:pmf_sim_v1+role_aware_pmf_cal_v1:starter+monotone_pit_cdf_v1,reb:pmf_sim_v1+role_aware_pmf_cal_v1:starter+monotone_pit_cdf_v1]+prior_combo[joint_sampler_v1+joint_combo_pmf_v1+role_aware_pmf_cal_v1:starter+monotone_pit_cdf_v1]+stat_grid_final_component_convolution_mean_coherent_v1",phase8_role_aware_pmf_cal_v1+monotone_inactive_global_v1,morning,2026-06-13T22:59:51Z,1751c17d#phase10c,9cd4defe-e740-40a1-b3f4-565702c84681,ok,0.0,high,full,current_phase8,fallback_used,projected,derived_from_projected_minutes,16,0.0423
De'Aaron Fox,161,SAS,NYK,True,21716138,pr,starter,"stat_grid:component_convolution_mean_coherent_v1+components[pts:pmf_sim_v1+role_aware_pmf_cal_v1:starter+monotone_pit_cdf_v1,reb:pmf_sim_v1+role_aware_pmf_cal_v1:starter+monotone_pit_cdf_v1]+prior_combo[joint_sampler_v1+joint_combo_pmf_v1+role_aware_pmf_cal_v1:starter+monotone_pit_cdf_v1]+stat_grid_final_component_convolution_mean_coherent_v1",phase8_role_aware_pmf_cal_v1+monotone_inactive_global_v1,morning,2026-06-13T22:59:51Z,1751c17d#phase10c,9cd4defe-e740-40a1-b3f4-565702c84681,ok,0.0,high,full,current_phase8,fallback_used,projected,derived_from_projected_minutes,17,0.0493
De'Aaron Fox,161,SAS,NYK,True,21716138,pr,starter,"stat_grid:component_convolution_mean_coherent_v1+components[pts:pmf_sim_v1+role_aware_pmf_cal_v1:starter+monotone_pit_cdf_v1,reb:pmf_sim_v1+role_aware_pmf_cal_v1:starter+monotone_pit_cdf_v1]+prior_combo[joint_sampler_v1+joint_combo_pmf_v1+role_aware_pmf_cal_v1:starter+monotone_pit_cdf_v1]+stat_grid_final_component_convolution_mean_coherent_v1",phase8_role_aware_pmf_cal_v1+monotone_inactive_global_v1,morning,2026-06-13T22:59:51Z,1751c17d#phase10c,9cd4defe-e740-40a1-b3f4-565702c84681,ok,0.0,high,full,current_phase8,fallback_used,projected,derived_from_projected_minutes,18,0.0552
De'Aaron Fox,161,SAS,NYK,True,21716138,pr,starter,"stat_grid:component_convolution_mean_coherent_v1+components[pts:pmf_sim_v1+role_aware_pmf_cal_v1:starter+monotone_pit_cdf_v1,reb:pmf_sim_v1+role_aware_pmf_cal_v1:starter+monotone_pit_cdf_v1]+prior_combo[joint_sampler_v1+joint_combo_pmf_v1+role_aware_pmf_cal_v1:starter+monotone_pit_cdf_v1]+stat_grid_final_component_convolution_mean_coherent_v1",phase8_role_aware_pmf_cal_v1+monotone_inactive_global_v1,morning,2026-06-13T22:59:51Z,1751c17d#phase10c,9cd4defe-e740-40a1-b3f4-565702c84681,ok,0.0,high,full,current_phase8,fallback_used,projected,derived_from_projected_minutes,19,0.0611
De'Aaron Fox,161,SAS,NYK,True,21716138,pr,starter,"stat_grid:component_convolution_mean_coherent_v1+components[pts:pmf_sim_v1+role_aware_pmf_cal_v1:starter+monotone_pit_cdf_v1,reb:pmf_sim_v1+role_aware_pmf_cal_v1:starter+monotone_pit_cdf_v1]+prior_combo[joint_sampler_v1+joint_combo_pmf_v1+role_aware_pmf_cal_v1:starter+monotone_pit_cdf_v1]+stat_grid_final_component_convolution_mean_coherent_v1",phase8_role_aware_pmf_cal_v1+monotone_inactive_global_v1,morning,2026-06-13T22:59:51Z,1751c17d#phase10c,9cd4defe-e740-40a1-b3f4-565702c84681,ok,0.0,high,full,current_phase8,fallback_used,projected,derived_from_projected_minutes,20,0.0664
De'Aaron Fox,161,SAS,NYK,True,21716138,pr,starter,"stat_grid:component_convolution_mean_coherent_v1+components[pts:pmf_sim_v1+role_aware_pmf_cal_v1:starter+monotone_pit_cdf_v1,reb:pmf_sim_v1+role_aware_pmf_cal_v1:starter+monotone_pit_cdf_v1]+prior_combo[joint_sampler_v1+joint_combo_pmf_v1+role_aware_pmf_cal_v1:starter+monotone_pit_cdf_v1]+stat_grid_final_component_convolution_mean_coherent_v1",phase8_role_aware_pmf_cal_v1+monotone_inactive_global_v1,morning,2026-06-13T22:59:51Z,1751c17d#phase10c,9cd4defe-e740-40a1-b3f4-565702c84681,ok,0.0,high,full,current_phase8,fallback_used,projected,derived_from_projected_minutes,21,0.0689
De'Aaron Fox,161,SAS,NYK,True,21716138,pr,starter,"stat_grid:component_convolution_mean_coherent_v1+components[pts:pmf_sim_v1+role_aware_pmf_cal_v1:starter+monotone_pit_cdf_v1,reb:pmf_sim_v1+role_aware_pmf_cal_v1:starter+monotone_pit_cdf_v1]+prior_combo[joint_sampler_v1+joint_combo_pmf_v1+role_aware_pmf_cal_v1:starter+monotone_pit_cdf_v1]+stat_grid_final_component_convolution_mean_coherent_v1",phase8_role_aware_pmf_cal_v1+monotone_inactive_global_v1,morning,2026-06-13T22:59:51Z,1751c17d#phase10c,9cd4defe-e740-40a1-b3f4-565702c84681,ok,0.0,high,full,current_phase8,fallback_used,projected,derived_from_projected_minutes,22,0.072
De'Aaron Fox,161,SAS,NYK,True,21716138,pr,starter,"stat_grid:component_convolution_mean_coherent_v1+components[pts:pmf_sim_v1+role_aware_pmf_cal_v1:starter+monotone_pit_cdf_v1,reb:pmf_sim_v1+role_aware_pmf_cal_v1:starter+monotone_pit_cdf_v1]+prior_combo[joint_sampler_v1+joint_combo_pmf_v1+role_aware_pmf_cal_v1:starter+monotone_pit_cdf_v1]+stat_grid_final_component_convolution_mean_coherent_v1",phase8_role_aware_pmf_cal_v1+monotone_inactive_global_v1,morning,2026-06-13T22:59:51Z,1751c17d#phase10c,9cd4defe-e740-40a1-b3f4-565702c84681,ok,0.0,high,full,current_phase8,fallback_used,projected,derived_from_projected_minutes,23,0.0662
De'Aaron Fox,161,SAS,NYK,True,21716138,pr,starter,"stat_grid:component_convolution_mean_coherent_v1+components[pts:pmf_sim_v1+role_aware_pmf_cal_v1:starter+monotone_pit_cdf_v1,reb:pmf_sim_v1+role_aware_pmf_cal_v1:starter+monotone_pit_cdf_v1]+prior_combo[joint_sampler_v1+joint_combo_pmf_v1+role_aware_pmf_cal_v1:starter+monotone_pit_cdf_v1]+stat_grid_final_component_convolution_mean_coherent_v1",phase8_role_aware_pmf_cal_v1+monotone_inactive_global_v1,morning,2026-06-13T22:59:51Z,1751c17d#phase10c,9cd4defe-e740-40a1-b3f4-565702c84681,ok,0.0,high,full,current_phase8,fallback_used,projected,derived_from_projected_minutes,24,0.0587
De'Aaron Fox,161,SAS,NYK,True,21716138,pr,starter,"stat_grid:component_convolution_mean_coherent_v1+components[pts:pmf_sim_v1+role_aware_pmf_cal_v1:starter+monotone_pit_cdf_v1,reb:pmf_sim_v1+role_aware_pmf_cal_v1:starter+monotone_pit_cdf_v1]+prior_combo[joint_sampler_v1+joint_combo_pmf_v1+role_aware_pmf_cal_v1:starter+monotone_pit_cdf_v1]+stat_grid_final_component_convolution_mean_coherent_v1",phase8_role_aware_pmf_cal_v1+monotone_inactive_global_v1,morning,2026-06-13T22:59:51Z,1751c17d#phase10c,9cd4defe-e740-40a1-b3f4-565702c84681,ok,0.0,high,full,current_phase8,fallback_used,projected,derived_from_projected_minutes,25,0.052
De'Aaron Fox,161,SAS,NYK,True,21716138,pr,starter,"stat_grid:component_convolution_mean_coherent_v1+components[pts:pmf_sim_v1+role_aware_pmf_cal_v1:starter+monotone_pit_cdf_v1,reb:pmf_sim_v1+role_aware_pmf_cal_v1:starter+monotone_pit_cdf_v1]+prior_combo[joint_sampler_v1+joint_combo_pmf_v1+role_aware_pmf_cal_v1:starter+monotone_pit_cdf_v1]+stat_grid_final_component_convolution_mean_coherent_v1",phase8_role_aware_pmf_cal_v1+monotone_inactive_global_v1,morning,2026-06-13T22:59:51Z,1751c17d#phase10c,9cd4defe-e740-40a1-b3f4-565702c84681,ok,0.0,high,full,current_phase8,fallback_used,projected,derived_from_projected_minutes,26,0.0463
De'Aaron Fox,161,SAS,NYK,True,21716138,pr,starter,"stat_grid:component_convolution_mean_coherent_v1+components[pts:pmf_sim_v1+role_aware_pmf_cal_v1:starter+monotone_pit_cdf_v1,reb:pmf_sim_v1+role_aware_pmf_cal_v1:starter+monotone_pit_cdf_v1]+prior_combo[joint_sampler_v1+joint_combo_pmf_v1+role_aware_pmf_cal_v1:starter+monotone_pit_cdf_v1]+stat_grid_final_component_convolution_mean_coherent_v1",phase8_role_aware_pmf_cal_v1+monotone_inactive_global_v1,morning,2026-06-13T22:59:51Z,1751c17d#phase10c,9cd4defe-e740-40a1-b3f4-565702c84681,ok,0.0,high,full,current_phase8,fallback_used,projected,derived_from_projected_minutes,27,0.0411
De'Aaron Fox,161,SAS,NYK,True,21716138,pr,starter,"stat_grid:component_convolution_mean_coherent_v1+components[pts:pmf_sim_v1+role_aware_pmf_cal_v1:starter+monotone_pit_cdf_v1,reb:pmf_sim_v1+role_aware_pmf_cal_v1:starter+monotone_pit_cdf_v1]+prior_combo[joint_sampler_v1+joint_combo_pmf_v1+role_aware_pmf_cal_v1:starter+monotone_pit_cdf_v1]+stat_grid_final_component_convolution_mean_coherent_v1",phase8_role_aware_pmf_cal_v1+monotone_inactive_global_v1,morning,2026-06-13T22:59:51Z,1751c17d#phase10c,9cd4defe-e740-40a1-b3f4-565702c84681,ok,0.0,high,full,current_phase8,fallback_used,projected,derived_from_projected_minutes,28,0.0356
De'Aaron Fox,161,SAS,NYK,True,21716138,pr,starter,"stat_grid:component_convolution_mean_coherent_v1+components[pts:pmf_sim_v1+role_aware_pmf_cal_v1:starter+monotone_pit_cdf_v1,reb:pmf_sim_v1+role_aware_pmf_cal_v1:starter+monotone_pit_cdf_v1]+prior_combo[joint_sampler_v1+joint_combo_pmf_v1+role_aware_pmf_cal_v1:starter+monotone_pit_cdf_v1]+stat_grid_final_component_convolution_mean_coherent_v1",phase8_role_aware_pmf_cal_v1+monotone_inactive_global_v1,morning,2026-06-13T22:59:51Z,1751c17d#phase10c,9cd4defe-e740-40a1-b3f4-565702c84681,ok,0.0,high,full,current_phase8,fallback_used,projected,derived_from_projected_minutes,29,0.0282
De'Aaron Fox,161,SAS,NYK,True,21716138,pr,starter,"stat_grid:component_convolution_mean_coherent_v1+components[pts:pmf_sim_v1+role_aware_pmf_cal_v1:starter+monotone_pit_cdf_v1,reb:pmf_sim_v1+role_aware_pmf_cal_v1:starter+monotone_pit_cdf_v1]+prior_combo[joint_sampler_v1+joint_combo_pmf_v1+role_aware_pmf_cal_v1:starter+monotone_pit_cdf_v1]+stat_grid_final_component_convolution_mean_coherent_v1",phase8_role_aware_pmf_cal_v1+monotone_inactive_global_v1,morning,2026-06-13T22:59:51Z,1751c17d#phase10c,9cd4defe-e740-40a1-b3f4-565702c84681,ok,0.0,high,full,current_phase8,fallback_used,projected,derived_from_projected_minutes,30,0.0216
De'Aaron Fox,161,SAS,NYK,True,21716138,pr,starter,"stat_grid:component_convolution_mean_coherent_v1+components[pts:pmf_sim_v1+role_aware_pmf_cal_v1:starter+monotone_pit_cdf_v1,reb:pmf_sim_v1+role_aware_pmf_cal_v1:starter+monotone_pit_cdf_v1]+prior_combo[joint_sampler_v1+joint_combo_pmf_v1+role_aware_pmf_cal_v1:starter+monotone_pit_cdf_v1]+stat_grid_final_component_convolution_mean_coherent_v1",phase8_role_aware_pmf_cal_v1+monotone_inactive_global_v1,morning,2026-06-13T22:59:51Z,1751c17d#phase10c,9cd4defe-e740-40a1-b3f4-565702c84681,ok,0.0,high,full,current_phase8,fallback_used,projected,derived_from_projected_minutes,31,0.0172
De'Aaron Fox,161,SAS,NYK,True,21716138,pr,starter,"stat_grid:component_convolution_mean_coherent_v1+components[pts:pmf_sim_v1+role_aware_pmf_cal_v1:starter+monotone_pit_cdf_v1,reb:pmf_sim_v1+role_aware_pmf_cal_v1:starter+monotone_pit_cdf_v1]+prior_combo[joint_sampler_v1+joint_combo_pmf_v1+role_aware_pmf_cal_v1:starter+monotone_pit_cdf_v1]+stat_grid_final_component_convolution_mean_coherent_v1",phase8_role_aware_pmf_cal_v1+monotone_inactive_global_v1,morning,2026-06-13T22:59:51Z,1751c17d#phase10c,9cd4defe-e740-40a1-b3f4-565702c84681,ok,0.0,high,full,current_phase8,fallback_used,projected,derived_from_projected_minutes,32,0.013
De'Aaron Fox,161,SAS,NYK,True,21716138,pr,starter,"stat_grid:component_convolution_mean_coherent_v1+components[pts:pmf_sim_v1+role_aware_pmf_cal_v1:starter+monotone_pit_cdf_v1,reb:pmf_sim_v1+role_aware_pmf_cal_v1:starter+monotone_pit_cdf_v1]+prior_combo[joint_sampler_v1+joint_combo_pmf_v1+role_aware_pmf_cal_v1:starter+monotone_pit_cdf_v1]+stat_grid_final_component_convolution_mean_coherent_v1",phase8_role_aware_pmf_cal_v1+monotone_inactive_global_v1,morning,2026-06-13T22:59:51Z,1751c17d#phase10c,9cd4defe-e740-40a1-b3f4-565702c84681,ok,0.0,high,full,current_phase8,fallback_used,projected,derived_from_projected_minutes,33,0.0108
De'Aaron Fox,161,SAS,NYK,True,21716138,pr,starter,"stat_grid:component_convolution_mean_coherent_v1+components[pts:pmf_sim_v1+role_aware_pmf_cal_v1:starter+monotone_pit_cdf_v1,reb:pmf_sim_v1+role_aware_pmf_cal_v1:starter+monotone_pit_cdf_v1]+prior_combo[joint_sampler_v1+joint_combo_pmf_v1+role_aware_pmf_cal_v1:starter+monotone_pit_cdf_v1]+stat_grid_final_component_convolution_mean_coherent_v1",phase8_role_aware_pmf_cal_v1+monotone_inactive_global_v1,morning,2026-06-13T22:59:51Z,1751c17d#phase10c,9cd4defe-e740-40a1-b3f4-565702c84681,ok,0.0,high,full,current_phase8,fallback_used,projected,derived_from_projected_minutes,34,0.0088
De'Aaron Fox,161,SAS,NYK,True,21716138,pr,starter,"stat_grid:component_convolution_mean_coherent_v1+components[pts:pmf_sim_v1+role_aware_pmf_cal_v1:starter+monotone_pit_cdf_v1,reb:pmf_sim_v1+role_aware_pmf_cal_v1:starter+monotone_pit_cdf_v1]+prior_combo[joint_sampler_v1+joint_combo_pmf_v1+role_aware_pmf_cal_v1:starter+monotone_pit_cdf_v1]+stat_grid_final_component_convolution_mean_coherent_v1",phase8_role_aware_pmf_cal_v1+monotone_inactive_global_v1,morning,2026-06-13T22:59:51Z,1751c17d#phase10c,9cd4defe-e740-40a1-b3f4-565702c84681,ok,0.0,high,full,current_phase8,fallback_used,projected,derived_from_projected_minutes,35,0.0073
De'Aaron Fox,161,SAS,NYK,True,21716138,pr,starter,"stat_grid:component_convolution_mean_coherent_v1+components[pts:pmf_sim_v1+role_aware_pmf_cal_v1:starter+monotone_pit_cdf_v1,reb:pmf_sim_v1+role_aware_pmf_cal_v1:starter+monotone_pit_cdf_v1]+prior_combo[joint_sampler_v1+joint_combo_pmf_v1+role_aware_pmf_cal_v1:starter+monotone_pit_cdf_v1]+stat_grid_final_component_convolution_mean_coherent_v1",phase8_role_aware_pmf_cal_v1+monotone_inactive_global_v1,morning,2026-06-13T22:59:51Z,1751c17d#phase10c,9cd4defe-e740-40a1-b3f4-565702c84681,ok,0.0,high,full,current_phase8,fallback_used,projected,derived_from_projected_minutes,36,0.0055
De'Aaron Fox,161,SAS,NYK,True,21716138,pr,starter,"stat_grid:component_convolution_mean_coherent_v1+components[pts:pmf_sim_v1+role_aware_pmf_cal_v1:starter+monotone_pit_cdf_v1,reb:pmf_sim_v1+role_aware_pmf_cal_v1:starter+monotone_pit_cdf_v1]+prior_combo[joint_sampler_v1+joint_combo_pmf_v1+role_aware_pmf_cal_v1:starter+monotone_pit_cdf_v1]+stat_grid_final_component_convolution_mean_coherent_v1",phase8_role_aware_pmf_cal_v1+monotone_inactive_global_v1,morning,2026-06-13T22:59:51Z,1751c17d#phase10c,9cd4defe-e740-40a1-b3f4-565702c84681,ok,0.0,high,full,current_phase8,fallback_used,projected,derived_from_projected_minutes,37,0.004
De'Aaron Fox,161,SAS,NYK,True,21716138,pr,starter,"stat_grid:component_convolution_mean_coherent_v1+components[pts:pmf_sim_v1+role_aware_pmf_cal_v1:starter+monotone_pit_cdf_v1,reb:pmf_sim_v1+role_aware_pmf_cal_v1:starter+monotone_pit_cdf_v1]+prior_combo[joint_sampler_v1+joint_combo_pmf_v1+role_aware_pmf_cal_v1:starter+monotone_pit_cdf_v1]+stat_grid_final_component_convolution_mean_coherent_v1",phase8_role_aware_pmf_cal_v1+monotone_inactive_global_v1,morning,2026-06-13T22:59:51Z,1751c17d#phase10c,9cd4defe-e740-40a1-b3f4-565702c84681,ok,0.0,high,full,current_phase8,fallback_used,projected,derived_from_projected_minutes,38,0.003
De'Aaron Fox,161,SAS,NYK,True,21716138,pr,starter,"stat_grid:component_convolution_mean_coherent_v1+components[pts:pmf_sim_v1+role_aware_pmf_cal_v1:starter+monotone_pit_cdf_v1,reb:pmf_sim_v1+role_aware_pmf_cal_v1:starter+monotone_pit_cdf_v1]+prior_combo[joint_sampler_v1+joint_combo_pmf_v1+role_aware_pmf_cal_v1:starter+monotone_pit_cdf_v1]+stat_grid_final_component_convolution_mean_coherent_v1",phase8_role_aware_pmf_cal_v1+monotone_inactive_global_v1,morning,2026-06-13T22:59:51Z,1751c17d#phase10c,9cd4defe-e740-40a1-b3f4-565702c84681,ok,0.0,high,full,current_phase8,fallback_used,projected,derived_from_projected_minutes,39,0.002
De'Aaron Fox,161,SAS,NYK,True,21716138,pr,starter,"stat_grid:component_convolution_mean_coherent_v1+components[pts:pmf_sim_v1+role_aware_pmf_cal_v1:starter+monotone_pit_cdf_v1,reb:pmf_sim_v1+role_aware_pmf_cal_v1:starter+monotone_pit_cdf_v1]+prior_combo[joint_sampler_v1+joint_combo_pmf_v1+role_aware_pmf_cal_v1:starter+monotone_pit_cdf_v1]+stat_grid_final_component_convolution_mean_coherent_v1",phase8_role_aware_pmf_cal_v1+monotone_inactive_global_v1,morning,2026-06-13T22:59:51Z,1751c17d#phase10c,9cd4defe-e740-40a1-b3f4-565702c84681,ok,0.0,high,full,current_phase8,fallback_used,projected,derived_from_projected_minutes,40,0.0015
De'Aaron Fox,161,SAS,NYK,True,21716138,pr,starter,"stat_grid:component_convolution_mean_coherent_v1+components[pts:pmf_sim_v1+role_aware_pmf_cal_v1:starter+monotone_pit_cdf_v1,reb:pmf_sim_v1+role_aware_pmf_cal_v1:starter+monotone_pit_cdf_v1]+prior_combo[joint_sampler_v1+joint_combo_pmf_v1+role_aware_pmf_cal_v1:starter+monotone_pit_cdf_v1]+stat_grid_final_component_convolution_mean_coherent_v1",phase8_role_aware_pmf_cal_v1+monotone_inactive_global_v1,morning,2026-06-13T22:59:51Z,1751c17d#phase10c,9cd4defe-e740-40a1-b3f4-565702c84681,ok,0.0,high,full,current_phase8,fallback_used,projected,derived_from_projected_minutes,41,0.0009
De'Aaron Fox,161,SAS,NYK,True,21716138,pr,starter,"stat_grid:component_convolution_mean_coherent_v1+components[pts:pmf_sim_v1+role_aware_pmf_cal_v1:starter+monotone_pit_cdf_v1,reb:pmf_sim_v1+role_aware_pmf_cal_v1:starter+monotone_pit_cdf_v1]+prior_combo[joint_sampler_v1+joint_combo_pmf_v1+role_aware_pmf_cal_v1:starter+monotone_pit_cdf_v1]+stat_grid_final_component_convolution_mean_coherent_v1",phase8_role_aware_pmf_cal_v1+monotone_inactive_global_v1,morning,2026-06-13T22:59:51Z,1751c17d#phase10c,9cd4defe-e740-40a1-b3f4-565702c84681,ok,0.0,high,full,current_phase8,fallback_used,projected,derived_from_projected_minutes,42,0.0006
De'Aaron Fox,161,SAS,NYK,True,21716138,pr,starter,"stat_grid:component_convolution_mean_coherent_v1+components[pts:pmf_sim_v1+role_aware_pmf_cal_v1:starter+monotone_pit_cdf_v1,reb:pmf_sim_v1+role_aware_pmf_cal_v1:starter+monotone_pit_cdf_v1]+prior_combo[joint_sampler_v1+joint_combo_pmf_v1+role_aware_pmf_cal_v1:starter+monotone_pit_cdf_v1]+stat_grid_final_component_convolution_mean_coherent_v1",phase8_role_aware_pmf_cal_v1+monotone_inactive_global_v1,morning,2026-06-13T22:59:51Z,1751c17d#phase10c,9cd4defe-e740-40a1-b3f4-565702c84681,ok,0.0,high,full,current_phase8,fallback_used,projected,derived_from_projected_minutes,43,0.0004
De'Aaron Fox,161,SAS,NYK,True,21716138,pr,starter,"stat_grid:component_convolution_mean_coherent_v1+components[pts:pmf_sim_v1+role_aware_pmf_cal_v1:starter+monotone_pit_cdf_v1,reb:pmf_sim_v1+role_aware_pmf_cal_v1:starter+monotone_pit_cdf_v1]+prior_combo[joint_sampler_v1+joint_combo_pmf_v1+role_aware_pmf_cal_v1:starter+monotone_pit_cdf_v1]+stat_grid_final_component_convolution_mean_coherent_v1",phase8_role_aware_pmf_cal_v1+monotone_inactive_global_v1,morning,2026-06-13T22:59:51Z,1751c17d#phase10c,9cd4defe-e740-40a1-b3f4-565702c84681,ok,0.0,high,full,current_phase8,fallback_used,projected,derived_from_projected_minutes,44,0.0003
De'Aaron Fox,161,SAS,NYK,True,21716138,pr,starter,"stat_grid:component_convolution_mean_coherent_v1+components[pts:pmf_sim_v1+role_aware_pmf_cal_v1:starter+monotone_pit_cdf_v1,reb:pmf_sim_v1+role_aware_pmf_cal_v1:starter+monotone_pit_cdf_v1]+prior_combo[joint_sampler_v1+joint_combo_pmf_v1+role_aware_pmf_cal_v1:starter+monotone_pit_cdf_v1]+stat_grid_final_component_convolution_mean_coherent_v1",phase8_role_aware_pmf_cal_v1+monotone_inactive_global_v1,morning,2026-06-13T22:59:51Z,1751c17d#phase10c,9cd4defe-e740-40a1-b3f4-565702c84681,ok,0.0,high,full,current_phase8,fallback_used,projected,derived_from_projected_minutes,45,0.0002
De'Aaron Fox,161,SAS,NYK,True,21716138,pr,starter,"stat_grid:component_convolution_mean_coherent_v1+components[pts:pmf_sim_v1+role_aware_pmf_cal_v1:starter+monotone_pit_cdf_v1,reb:pmf_sim_v1+role_aware_pmf_cal_v1:starter+monotone_pit_cdf_v1]+prior_combo[joint_sampler_v1+joint_combo_pmf_v1+role_aware_pmf_cal_v1:starter+monotone_pit_cdf_v1]+stat_grid_final_component_convolution_mean_coherent_v1",phase8_role_aware_pmf_cal_v1+monotone_inactive_global_v1,morning,2026-06-13T22:59:51Z,1751c17d#phase10c,9cd4defe-e740-40a1-b3f4-565702c84681,ok,0.0,high,full,current_phase8,fallback_used,projected,derived_from_projected_minutes,46,0.0001
De'Aaron Fox,161,SAS,NYK,True,21716138,pr,starter,"stat_grid:component_convolution_mean_coherent_v1+components[pts:pmf_sim_v1+role_aware_pmf_cal_v1:starter+monotone_pit_cdf_v1,reb:pmf_sim_v1+role_aware_pmf_cal_v1:starter+monotone_pit_cdf_v1]+prior_combo[joint_sampler_v1+joint_combo_pmf_v1+role_aware_pmf_cal_v1:starter+monotone_pit_cdf_v1]+stat_grid_final_component_convolution_mean_coherent_v1",phase8_role_aware_pmf_cal_v1+monotone_inactive_global_v1,morning,2026-06-13T22:59:51Z,1751c17d#phase10c,9cd4defe-e740-40a1-b3f4-565702c84681,ok,0.0,high,full,current_phase8,fallback_used,projected,derived_from_projected_minutes,47,0.0001
De'Aaron Fox,161,SAS,NYK,True,21716138,pr,starter,"stat_grid:component_convolution_mean_coherent_v1+components[pts:pmf_sim_v1+role_aware_pmf_cal_v1:starter+monotone_pit_cdf_v1,reb:pmf_sim_v1+role_aware_pmf_cal_v1:starter+monotone_pit_cdf_v1]+prior_combo[joint_sampler_v1+joint_combo_pmf_v1+role_aware_pmf_cal_v1:starter+monotone_pit_cdf_v1]+stat_grid_final_component_convolution_mean_coherent_v1",phase8_role_aware_pmf_cal_v1+monotone_inactive_global_v1,morning,2026-06-13T22:59:51Z,1751c17d#phase10c,9cd4defe-e740-40a1-b3f4-565702c84681,ok,0.0,high,full,current_phase8,fallback_used,projected,derived_from_projected_minutes,48,0.0001
De'Aaron Fox,161,SAS,NYK,True,21716138,pr,starter,"stat_grid:component_convolution_mean_coherent_v1+components[pts:pmf_sim_v1+role_aware_pmf_cal_v1:starter+monotone_pit_cdf_v1,reb:pmf_sim_v1+role_aware_pmf_cal_v1:starter+monotone_pit_cdf_v1]+prior_combo[joint_sampler_v1+joint_combo_pmf_v1+role_aware_pmf_cal_v1:starter+monotone_pit_cdf_v1]+stat_grid_final_component_convolution_mean_coherent_v1",phase8_role_aware_pmf_cal_v1+monotone_inactive_global_v1,morning,2026-06-13T22:59:51Z,1751c17d#phase10c,9cd4defe-e740-40a1-b3f4-565702c84681,ok,0.0,high,full,current_phase8,fallback_used,projected,derived_from_projected_minutes,49,0.0
De'Aaron Fox,161,SAS,NYK,True,21716138,pr,starter,"stat_grid:component_convolution_mean_coherent_v1+components[pts:pmf_sim_v1+role_aware_pmf_cal_v1:starter+monotone_pit_cdf_v1,reb:pmf_sim_v1+role_aware_pmf_cal_v1:starter+monotone_pit_cdf_v1]+prior_combo[joint_sampler_v1+joint_combo_pmf_v1+role_aware_pmf_cal_v1:starter+monotone_pit_cdf_v1]+stat_grid_final_component_convolution_mean_coherent_v1",phase8_role_aware_pmf_cal_v1+monotone_inactive_global_v1,morning,2026-06-13T22:59:51Z,1751c17d#phase10c,9cd4defe-e740-40a1-b3f4-565702c84681,ok,0.0,high,full,current_phase8,fallback_used,projected,derived_from_projected_minutes,50,0.0
De'Aaron Fox,161,SAS,NYK,True,21716138,pr,starter,"stat_grid:component_convolution_mean_coherent_v1+components[pts:pmf_sim_v1+role_aware_pmf_cal_v1:starter+monotone_pit_cdf_v1,reb:pmf_sim_v1+role_aware_pmf_cal_v1:starter+monotone_pit_cdf_v1]+prior_combo[joint_sampler_v1+joint_combo_pmf_v1+role_aware_pmf_cal_v1:starter+monotone_pit_cdf_v1]+stat_grid_final_component_convolution_mean_coherent_v1",phase8_role_aware_pmf_cal_v1+monotone_inactive_global_v1,morning,2026-06-13T22:59:51Z,1751c17d#phase10c,9cd4defe-e740-40a1-b3f4-565702c84681,ok,0.0,high,full,current_phase8,fallback_used,projected,derived_from_projected_minutes,51,0.0
De'Aaron Fox,161,SAS,NYK,True,21716138,pr,starter,"stat_grid:component_convolution_mean_coherent_v1+components[pts:pmf_sim_v1+role_aware_pmf_cal_v1:starter+monotone_pit_cdf_v1,reb:pmf_sim_v1+role_aware_pmf_cal_v1:starter+monotone_pit_cdf_v1]+prior_combo[joint_sampler_v1+joint_combo_pmf_v1+role_aware_pmf_cal_v1:starter+monotone_pit_cdf_v1]+stat_grid_final_component_convolution_mean_coherent_v1",phase8_role_aware_pmf_cal_v1+monotone_inactive_global_v1,morning,2026-06-13T22:59:51Z,1751c17d#phase10c,9cd4defe-e740-40a1-b3f4-565702c84681,ok,0.0,high,full,current_phase8,fallback_used,projected,derived_from_projected_minutes,52,0.0
De'Aaron Fox,161,SAS,NYK,True,21716138,pr,starter,"stat_grid:component_convolution_mean_coherent_v1+components[pts:pmf_sim_v1+role_aware_pmf_cal_v1:starter+monotone_pit_cdf_v1,reb:pmf_sim_v1+role_aware_pmf_cal_v1:starter+monotone_pit_cdf_v1]+prior_combo[joint_sampler_v1+joint_combo_pmf_v1+role_aware_pmf_cal_v1:starter+monotone_pit_cdf_v1]+stat_grid_final_component_convolution_mean_coherent_v1",phase8_role_aware_pmf_cal_v1+monotone_inactive_global_v1,morning,2026-06-13T22:59:51Z,1751c17d#phase10c,9cd4defe-e740-40a1-b3f4-565702c84681,ok,0.0,high,full,current_phase8,fallback_used,projected,derived_from_projected_minutes,53,0.0
De'Aaron Fox,161,SAS,NYK,True,21716138,pr,starter,"stat_grid:component_convolution_mean_coherent_v1+components[pts:pmf_sim_v1+role_aware_pmf_cal_v1:starter+monotone_pit_cdf_v1,reb:pmf_sim_v1+role_aware_pmf_cal_v1:starter+monotone_pit_cdf_v1]+prior_combo[joint_sampler_v1+joint_combo_pmf_v1+role_aware_pmf_cal_v1:starter+monotone_pit_cdf_v1]+stat_grid_final_component_convolution_mean_coherent_v1",phase8_role_aware_pmf_cal_v1+monotone_inactive_global_v1,morning,2026-06-13T22:59:51Z,1751c17d#phase10c,9cd4defe-e740-40a1-b3f4-565702c84681,ok,0.0,high,full,current_phase8,fallback_used,projected,derived_from_projected_minutes,54,0.0
De'Aaron Fox,161,SAS,NYK,True,21716138,pr,starter,"stat_grid:component_convolution_mean_coherent_v1+components[pts:pmf_sim_v1+role_aware_pmf_cal_v1:starter+monotone_pit_cdf_v1,reb:pmf_sim_v1+role_aware_pmf_cal_v1:starter+monotone_pit_cdf_v1]+prior_combo[joint_sampler_v1+joint_combo_pmf_v1+role_aware_pmf_cal_v1:starter+monotone_pit_cdf_v1]+stat_grid_final_component_convolution_mean_coherent_v1",phase8_role_aware_pmf_cal_v1+monotone_inactive_global_v1,morning,2026-06-13T22:59:51Z,1751c17d#phase10c,9cd4defe-e740-40a1-b3f4-565702c84681,ok,0.0,high,full,current_phase8,fallback_used,projected,derived_from_projected_minutes,55,0.0
De'Aaron Fox,161,SAS,NYK,True,21716138,pr,starter,"stat_grid:component_convolution_mean_coherent_v1+components[pts:pmf_sim_v1+role_aware_pmf_cal_v1:starter+monotone_pit_cdf_v1,reb:pmf_sim_v1+role_aware_pmf_cal_v1:starter+monotone_pit_cdf_v1]+prior_combo[joint_sampler_v1+joint_combo_pmf_v1+role_aware_pmf_cal_v1:starter+monotone_pit_cdf_v1]+stat_grid_final_component_convolution_mean_coherent_v1",phase8_role_aware_pmf_cal_v1+monotone_inactive_global_v1,morning,2026-06-13T22:59:51Z,1751c17d#phase10c,9cd4defe-e740-40a1-b3f4-565702c84681,ok,0.0,high,full,current_phase8,fallback_used,projected,derived_from_projected_minutes,56,0.0
De'Aaron Fox,161,SAS,NYK,True,21716138,pr,starter,"stat_grid:component_convolution_mean_coherent_v1+components[pts:pmf_sim_v1+role_aware_pmf_cal_v1:starter+monotone_pit_cdf_v1,reb:pmf_sim_v1+role_aware_pmf_cal_v1:starter+monotone_pit_cdf_v1]+prior_combo[joint_sampler_v1+joint_combo_pmf_v1+role_aware_pmf_cal_v1:starter+monotone_pit_cdf_v1]+stat_grid_final_component_convolution_mean_coherent_v1",phase8_role_aware_pmf_cal_v1+monotone_inactive_global_v1,morning,2026-06-13T22:59:51Z,1751c17d#phase10c,9cd4defe-e740-40a1-b3f4-565702c84681,ok,0.0,high,full,current_phase8,fallback_used,projected,derived_from_projected_minutes,57,0.0
De'Aaron Fox,161,SAS,NYK,True,21716138,pr,starter,"stat_grid:component_convolution_mean_coherent_v1+components[pts:pmf_sim_v1+role_aware_pmf_cal_v1:starter+monotone_pit_cdf_v1,reb:pmf_sim_v1+role_aware_pmf_cal_v1:starter+monotone_pit_cdf_v1]+prior_combo[joint_sampler_v1+joint_combo_pmf_v1+role_aware_pmf_cal_v1:starter+monotone_pit_cdf_v1]+stat_grid_final_component_convolution_mean_coherent_v1",phase8_role_aware_pmf_cal_v1+monotone_inactive_global_v1,morning,2026-06-13T22:59:51Z,1751c17d#phase10c,9cd4defe-e740-40a1-b3f4-565702c84681,ok,0.0,high,full,current_phase8,fallback_used,projected,derived_from_projected_minutes,58,0.0
De'Aaron Fox,161,SAS,NYK,True,21716138,pr,starter,"stat_grid:component_convolution_mean_coherent_v1+components[pts:pmf_sim_v1+role_aware_pmf_cal_v1:starter+monotone_pit_cdf_v1,reb:pmf_sim_v1+role_aware_pmf_cal_v1:starter+monotone_pit_cdf_v1]+prior_combo[joint_sampler_v1+joint_combo_pmf_v1+role_aware_pmf_cal_v1:starter+monotone_pit_cdf_v1]+stat_grid_final_component_convolution_mean_coherent_v1",phase8_role_aware_pmf_cal_v1+monotone_inactive_global_v1,morning,2026-06-13T22:59:51Z,1751c17d#phase10c,9cd4defe-e740-40a1-b3f4-565702c84681,ok,0.0,high,full,current_phase8,fallback_used,projected,derived_from_projected_minutes,59,0.0
De'Aaron Fox,161,SAS,NYK,True,21716138,pr,starter,"stat_grid:component_convolution_mean_coherent_v1+components[pts:pmf_sim_v1+role_aware_pmf_cal_v1:starter+monotone_pit_cdf_v1,reb:pmf_sim_v1+role_aware_pmf_cal_v1:starter+monotone_pit_cdf_v1]+prior_combo[joint_sampler_v1+joint_combo_pmf_v1+role_aware_pmf_cal_v1:starter+monotone_pit_cdf_v1]+stat_grid_final_component_convolution_mean_coherent_v1",phase8_role_aware_pmf_cal_v1+monotone_inactive_global_v1,morning,2026-06-13T22:59:51Z,1751c17d#phase10c,9cd4defe-e740-40a1-b3f4-565702c84681,ok,0.0,high,full,current_phase8,fallback_used,projected,derived_from_projected_minutes,60,0.0
De'Aaron Fox,161,SAS,NYK,True,21716138,pr,starter,"stat_grid:component_convolution_mean_coherent_v1+components[pts:pmf_sim_v1+role_aware_pmf_cal_v1:starter+monotone_pit_cdf_v1,reb:pmf_sim_v1+role_aware_pmf_cal_v1:starter+monotone_pit_cdf_v1]+prior_combo[joint_sampler_v1+joint_combo_pmf_v1+role_aware_pmf_cal_v1:starter+monotone_pit_cdf_v1]+stat_grid_final_component_convolution_mean_coherent_v1",phase8_role_aware_pmf_cal_v1+monotone_inactive_global_v1,morning,2026-06-13T22:59:51Z,1751c17d#phase10c,9cd4defe-e740-40a1-b3f4-565702c84681,ok,0.0,high,full,current_phase8,fallback_used,projected,derived_from_projected_minutes,61,0.0
De'Aaron Fox,161,SAS,NYK,True,21716138,pr,starter,"stat_grid:component_convolution_mean_coherent_v1+components[pts:pmf_sim_v1+role_aware_pmf_cal_v1:starter+monotone_pit_cdf_v1,reb:pmf_sim_v1+role_aware_pmf_cal_v1:starter+monotone_pit_cdf_v1]+prior_combo[joint_sampler_v1+joint_combo_pmf_v1+role_aware_pmf_cal_v1:starter+monotone_pit_cdf_v1]+stat_grid_final_component_convolution_mean_coherent_v1",phase8_role_aware_pmf_cal_v1+monotone_inactive_global_v1,morning,2026-06-13T22:59:51Z,1751c17d#phase10c,9cd4defe-e740-40a1-b3f4-565702c84681,ok,0.0,high,full,current_phase8,fallback_used,projected,derived_from_projected_minutes,62,0.0
De'Aaron Fox,161,SAS,NYK,True,21716138,pr,starter,"stat_grid:component_convolution_mean_coherent_v1+components[pts:pmf_sim_v1+role_aware_pmf_cal_v1:starter+monotone_pit_cdf_v1,reb:pmf_sim_v1+role_aware_pmf_cal_v1:starter+monotone_pit_cdf_v1]+prior_combo[joint_sampler_v1+joint_combo_pmf_v1+role_aware_pmf_cal_v1:starter+monotone_pit_cdf_v1]+stat_grid_final_component_convolution_mean_coherent_v1",phase8_role_aware_pmf_cal_v1+monotone_inactive_global_v1,morning,2026-06-13T22:59:51Z,1751c17d#phase10c,9cd4defe-e740-40a1-b3f4-565702c84681,ok,0.0,high,full,current_phase8,fallback_used,projected,derived_from_projected_minutes,63,0.0
De'Aaron Fox,161,SAS,NYK,True,21716138,pr,starter,"stat_grid:component_convolution_mean_coherent_v1+components[pts:pmf_sim_v1+role_aware_pmf_cal_v1:starter+monotone_pit_cdf_v1,reb:pmf_sim_v1+role_aware_pmf_cal_v1:starter+monotone_pit_cdf_v1]+prior_combo[joint_sampler_v1+joint_combo_pmf_v1+role_aware_pmf_cal_v1:starter+monotone_pit_cdf_v1]+stat_grid_final_component_convolution_mean_coherent_v1",phase8_role_aware_pmf_cal_v1+monotone_inactive_global_v1,morning,2026-06-13T22:59:51Z,1751c17d#phase10c,9cd4defe-e740-40a1-b3f4-565702c84681,ok,0.0,high,full,current_phase8,fallback_used,projected,derived_from_projected_minutes,64,0.0
De'Aaron Fox,161,SAS,NYK,True,21716138,pr,starter,"stat_grid:component_convolution_mean_coherent_v1+components[pts:pmf_sim_v1+role_aware_pmf_cal_v1:starter+monotone_pit_cdf_v1,reb:pmf_sim_v1+role_aware_pmf_cal_v1:starter+monotone_pit_cdf_v1]+prior_combo[joint_sampler_v1+joint_combo_pmf_v1+role_aware_pmf_cal_v1:starter+monotone_pit_cdf_v1]+stat_grid_final_component_convolution_mean_coherent_v1",phase8_role_aware_pmf_cal_v1+monotone_inactive_global_v1,morning,2026-06-13T22:59:51Z,1751c17d#phase10c,9cd4defe-e740-40a1-b3f4-565702c84681,ok,0.0,high,full,current_phase8,fallback_used,projected,derived_from_projected_minutes,65,0.0
De'Aaron Fox,161,SAS,NYK,True,21716138,pr,starter,"stat_grid:component_convolution_mean_coherent_v1+components[pts:pmf_sim_v1+role_aware_pmf_cal_v1:starter+monotone_pit_cdf_v1,reb:pmf_sim_v1+role_aware_pmf_cal_v1:starter+monotone_pit_cdf_v1]+prior_combo[joint_sampler_v1+joint_combo_pmf_v1+role_aware_pmf_cal_v1:starter+monotone_pit_cdf_v1]+stat_grid_final_component_convolution_mean_coherent_v1",phase8_role_aware_pmf_cal_v1+monotone_inactive_global_v1,morning,2026-06-13T22:59:51Z,1751c17d#phase10c,9cd4defe-e740-40a1-b3f4-565702c84681,ok,0.0,high,full,current_phase8,fallback_used,projected,derived_from_projected_minutes,66,0.0
De'Aaron Fox,161,SAS,NYK,True,21716138,pr,starter,"stat_grid:component_convolution_mean_coherent_v1+components[pts:pmf_sim_v1+role_aware_pmf_cal_v1:starter+monotone_pit_cdf_v1,reb:pmf_sim_v1+role_aware_pmf_cal_v1:starter+monotone_pit_cdf_v1]+prior_combo[joint_sampler_v1+joint_combo_pmf_v1+role_aware_pmf_cal_v1:starter+monotone_pit_cdf_v1]+stat_grid_final_component_convolution_mean_coherent_v1",phase8_role_aware_pmf_cal_v1+monotone_inactive_global_v1,morning,2026-06-13T22:59:51Z,1751c17d#phase10c,9cd4defe-e740-40a1-b3f4-565702c84681,ok,0.0,high,full,current_phase8,fallback_used,projected,derived_from_projected_minutes,67,0.0
De'Aaron Fox,161,SAS,NYK,True,21716138,pr,starter,"stat_grid:component_convolution_mean_coherent_v1+components[pts:pmf_sim_v1+role_aware_pmf_cal_v1:starter+monotone_pit_cdf_v1,reb:pmf_sim_v1+role_aware_pmf_cal_v1:starter+monotone_pit_cdf_v1]+prior_combo[joint_sampler_v1+joint_combo_pmf_v1+role_aware_pmf_cal_v1:starter+monotone_pit_cdf_v1]+stat_grid_final_component_convolution_mean_coherent_v1",phase8_role_aware_pmf_cal_v1+monotone_inactive_global_v1,morning,2026-06-13T22:59:51Z,1751c17d#phase10c,9cd4defe-e740-40a1-b3f4-565702c84681,ok,0.0,high,full,current_phase8,fallback_used,projected,derived_from_projected_minutes,68,0.0
De'Aaron Fox,161,SAS,NYK,True,21716138,pr,starter,"stat_grid:component_convolution_mean_coherent_v1+components[pts:pmf_sim_v1+role_aware_pmf_cal_v1:starter+monotone_pit_cdf_v1,reb:pmf_sim_v1+role_aware_pmf_cal_v1:starter+monotone_pit_cdf_v1]+prior_combo[joint_sampler_v1+joint_combo_pmf_v1+role_aware_pmf_cal_v1:starter+monotone_pit_cdf_v1]+stat_grid_final_component_convolution_mean_coherent_v1",phase8_role_aware_pmf_cal_v1+monotone_inactive_global_v1,morning,2026-06-13T22:59:51Z,1751c17d#phase10c,9cd4defe-e740-40a1-b3f4-565702c84681,ok,0.0,high,full,current_phase8,fallback_used,projected,derived_from_projected_minutes,69,0.0
De'Aaron Fox,161,SAS,NYK,True,21716138,pr,starter,"stat_grid:component_convolution_mean_coherent_v1+components[pts:pmf_sim_v1+role_aware_pmf_cal_v1:starter+monotone_pit_cdf_v1,reb:pmf_sim_v1+role_aware_pmf_cal_v1:starter+monotone_pit_cdf_v1]+prior_combo[joint_sampler_v1+joint_combo_pmf_v1+role_aware_pmf_cal_v1:starter+monotone_pit_cdf_v1]+stat_grid_final_component_convolution_mean_coherent_v1",phase8_role_aware_pmf_cal_v1+monotone_inactive_global_v1,morning,2026-06-13T22:59:51Z,1751c17d#phase10c,9cd4defe-e740-40a1-b3f4-565702c84681,ok,0.0,high,full,current_phase8,fallback_used,projected,derived_from_projected_minutes,70,0.0
De'Aaron Fox,161,SAS,NYK,True,21716138,pr,starter,"stat_grid:component_convolution_mean_coherent_v1+components[pts:pmf_sim_v1+role_aware_pmf_cal_v1:starter+monotone_pit_cdf_v1,reb:pmf_sim_v1+role_aware_pmf_cal_v1:starter+monotone_pit_cdf_v1]+prior_combo[joint_sampler_v1+joint_combo_pmf_v1+role_aware_pmf_cal_v1:starter+monotone_pit_cdf_v1]+stat_grid_final_component_convolution_mean_coherent_v1",phase8_role_aware_pmf_cal_v1+monotone_inactive_global_v1,morning,2026-06-13T22:59:51Z,1751c17d#phase10c,9cd4defe-e740-40a1-b3f4-565702c84681,ok,0.0,high,full,current_phase8,fallback_used,projected,derived_from_projected_minutes,71,0.0
De'Aaron Fox,161,SAS,NYK,True,21716138,pr,starter,"stat_grid:component_convolution_mean_coherent_v1+components[pts:pmf_sim_v1+role_aware_pmf_cal_v1:starter+monotone_pit_cdf_v1,reb:pmf_sim_v1+role_aware_pmf_cal_v1:starter+monotone_pit_cdf_v1]+prior_combo[joint_sampler_v1+joint_combo_pmf_v1+role_aware_pmf_cal_v1:starter+monotone_pit_cdf_v1]+stat_grid_final_component_convolution_mean_coherent_v1",phase8_role_aware_pmf_cal_v1+monotone_inactive_global_v1,morning,2026-06-13T22:59:51Z,1751c17d#phase10c,9cd4defe-e740-40a1-b3f4-565702c84681,ok,0.0,high,full,current_phase8,fallback_used,projected,derived_from_projected_minutes,72,0.0
De'Aaron Fox,161,SAS,NYK,True,21716138,pr,starter,"stat_grid:component_convolution_mean_coherent_v1+components[pts:pmf_sim_v1+role_aware_pmf_cal_v1:starter+monotone_pit_cdf_v1,reb:pmf_sim_v1+role_aware_pmf_cal_v1:starter+monotone_pit_cdf_v1]+prior_combo[joint_sampler_v1+joint_combo_pmf_v1+role_aware_pmf_cal_v1:starter+monotone_pit_cdf_v1]+stat_grid_final_component_convolution_mean_coherent_v1",phase8_role_aware_pmf_cal_v1+monotone_inactive_global_v1,morning,2026-06-13T22:59:51Z,1751c17d#phase10c,9cd4defe-e740-40a1-b3f4-565702c84681,ok,0.0,high,full,current_phase8,fallback_used,projected,derived_from_projected_minutes,73,0.0
De'Aaron Fox,161,SAS,NYK,True,21716138,pr,starter,"stat_grid:component_convolution_mean_coherent_v1+components[pts:pmf_sim_v1+role_aware_pmf_cal_v1:starter+monotone_pit_cdf_v1,reb:pmf_sim_v1+role_aware_pmf_cal_v1:starter+monotone_pit_cdf_v1]+prior_combo[joint_sampler_v1+joint_combo_pmf_v1+role_aware_pmf_cal_v1:starter+monotone_pit_cdf_v1]+stat_grid_final_component_convolution_mean_coherent_v1",phase8_role_aware_pmf_cal_v1+monotone_inactive_global_v1,morning,2026-06-13T22:59:51Z,1751c17d#phase10c,9cd4defe-e740-40a1-b3f4-565702c84681,ok,0.0,high,full,current_phase8,fallback_used,projected,derived_from_projected_minutes,74,0.0
De'Aaron Fox,161,SAS,NYK,True,21716138,pr,starter,"stat_grid:component_convolution_mean_coherent_v1+components[pts:pmf_sim_v1+role_aware_pmf_cal_v1:starter+monotone_pit_cdf_v1,reb:pmf_sim_v1+role_aware_pmf_cal_v1:starter+monotone_pit_cdf_v1]+prior_combo[joint_sampler_v1+joint_combo_pmf_v1+role_aware_pmf_cal_v1:starter+monotone_pit_cdf_v1]+stat_grid_final_component_convolution_mean_coherent_v1",phase8_role_aware_pmf_cal_v1+monotone_inactive_global_v1,morning,2026-06-13T22:59:51Z,1751c17d#phase10c,9cd4defe-e740-40a1-b3f4-565702c84681,ok,0.0,high,full,current_phase8,fallback_used,projected,derived_from_projected_minutes,75,0.0
De'Aaron Fox,161,SAS,NYK,True,21716138,pr,starter,"stat_grid:component_convolution_mean_coherent_v1+components[pts:pmf_sim_v1+role_aware_pmf_cal_v1:starter+monotone_pit_cdf_v1,reb:pmf_sim_v1+role_aware_pmf_cal_v1:starter+monotone_pit_cdf_v1]+prior_combo[joint_sampler_v1+joint_combo_pmf_v1+role_aware_pmf_cal_v1:starter+monotone_pit_cdf_v1]+stat_grid_final_component_convolution_mean_coherent_v1",phase8_role_aware_pmf_cal_v1+monotone_inactive_global_v1,morning,2026-06-13T22:59:51Z,1751c17d#phase10c,9cd4defe-e740-40a1-b3f4-565702c84681,ok,0.0,high,full,current_phase8,fallback_used,projected,derived_from_projected_minutes,76,0.0
De'Aaron Fox,161,SAS,NYK,True,21716138,pr,starter,"stat_grid:component_convolution_mean_coherent_v1+components[pts:pmf_sim_v1+role_aware_pmf_cal_v1:starter+monotone_pit_cdf_v1,reb:pmf_sim_v1+role_aware_pmf_cal_v1:starter+monotone_pit_cdf_v1]+prior_combo[joint_sampler_v1+joint_combo_pmf_v1+role_aware_pmf_cal_v1:starter+monotone_pit_cdf_v1]+stat_grid_final_component_convolution_mean_coherent_v1",phase8_role_aware_pmf_cal_v1+monotone_inactive_global_v1,morning,2026-06-13T22:59:51Z,1751c17d#phase10c,9cd4defe-e740-40a1-b3f4-565702c84681,ok,0.0,high,full,current_phase8,fallback_used,projected,derived_from_projected_minutes,77,0.0
De'Aaron Fox,161,SAS,NYK,True,21716138,pr,starter,"stat_grid:component_convolution_mean_coherent_v1+components[pts:pmf_sim_v1+role_aware_pmf_cal_v1:starter+monotone_pit_cdf_v1,reb:pmf_sim_v1+role_aware_pmf_cal_v1:starter+monotone_pit_cdf_v1]+prior_combo[joint_sampler_v1+joint_combo_pmf_v1+role_aware_pmf_cal_v1:starter+monotone_pit_cdf_v1]+stat_grid_final_component_convolution_mean_coherent_v1",phase8_role_aware_pmf_cal_v1+monotone_inactive_global_v1,morning,2026-06-13T22:59:51Z,1751c17d#phase10c,9cd4defe-e740-40a1-b3f4-565702c84681,ok,0.0,high,full,current_phase8,fallback_used,projected,derived_from_projected_minutes,78,0.0
De'Aaron Fox,161,SAS,NYK,True,21716138,pr,starter,"stat_grid:component_convolution_mean_coherent_v1+components[pts:pmf_sim_v1+role_aware_pmf_cal_v1:starter+monotone_pit_cdf_v1,reb:pmf_sim_v1+role_aware_pmf_cal_v1:starter+monotone_pit_cdf_v1]+prior_combo[joint_sampler_v1+joint_combo_pmf_v1+role_aware_pmf_cal_v1:starter+monotone_pit_cdf_v1]+stat_grid_final_component_convolution_mean_coherent_v1",phase8_role_aware_pmf_cal_v1+monotone_inactive_global_v1,morning,2026-06-13T22:59:51Z,1751c17d#phase10c,9cd4defe-e740-40a1-b3f4-565702c84681,ok,0.0,high,full,current_phase8,fallback_used,projected,derived_from_projected_minutes,79,0.0
De'Aaron Fox,161,SAS,NYK,True,21716138,pr,starter,"stat_grid:component_convolution_mean_coherent_v1+components[pts:pmf_sim_v1+role_aware_pmf_cal_v1:starter+monotone_pit_cdf_v1,reb:pmf_sim_v1+role_aware_pmf_cal_v1:starter+monotone_pit_cdf_v1]+prior_combo[joint_sampler_v1+joint_combo_pmf_v1+role_aware_pmf_cal_v1:starter+monotone_pit_cdf_v1]+stat_grid_final_component_convolution_mean_coherent_v1",phase8_role_aware_pmf_cal_v1+monotone_inactive_global_v1,morning,2026-06-13T22:59:51Z,1751c17d#phase10c,9cd4defe-e740-40a1-b3f4-565702c84681,ok,0.0,high,full,current_phase8,fallback_used,projected,derived_from_projected_minutes,80,0.0
De'Aaron Fox,161,SAS,NYK,True,21716138,pr,starter,"stat_grid:component_convolution_mean_coherent_v1+components[pts:pmf_sim_v1+role_aware_pmf_cal_v1:starter+monotone_pit_cdf_v1,reb:pmf_sim_v1+role_aware_pmf_cal_v1:starter+monotone_pit_cdf_v1]+prior_combo[joint_sampler_v1+joint_combo_pmf_v1+role_aware_pmf_cal_v1:starter+monotone_pit_cdf_v1]+stat_grid_final_component_convolution_mean_coherent_v1",phase8_role_aware_pmf_cal_v1+monotone_inactive_global_v1,morning,2026-06-13T22:59:51Z,1751c17d#phase10c,9cd4defe-e740-40a1-b3f4-565702c84681,ok,0.0,high,full,current_phase8,fallback_used,projected,derived_from_projected_minutes,81,0.0
De'Aaron Fox,161,SAS,NYK,True,21716138,pr,starter,"stat_grid:component_convolution_mean_coherent_v1+components[pts:pmf_sim_v1+role_aware_pmf_cal_v1:starter+monotone_pit_cdf_v1,reb:pmf_sim_v1+role_aware_pmf_cal_v1:starter+monotone_pit_cdf_v1]+prior_combo[joint_sampler_v1+joint_combo_pmf_v1+role_aware_pmf_cal_v1:starter+monotone_pit_cdf_v1]+stat_grid_final_component_convolution_mean_coherent_v1",phase8_role_aware_pmf_cal_v1+monotone_inactive_global_v1,morning,2026-06-13T22:59:51Z,1751c17d#phase10c,9cd4defe-e740-40a1-b3f4-565702c84681,ok,0.0,high,full,current_phase8,fallback_used,projected,derived_from_projected_minutes,82,0.0
De'Aaron Fox,161,SAS,NYK,True,21716138,pr,starter,"stat_grid:component_convolution_mean_coherent_v1+components[pts:pmf_sim_v1+role_aware_pmf_cal_v1:starter+monotone_pit_cdf_v1,reb:pmf_sim_v1+role_aware_pmf_cal_v1:starter+monotone_pit_cdf_v1]+prior_combo[joint_sampler_v1+joint_combo_pmf_v1+role_aware_pmf_cal_v1:starter+monotone_pit_cdf_v1]+stat_grid_final_component_convolution_mean_coherent_v1",phase8_role_aware_pmf_cal_v1+monotone_inactive_global_v1,morning,2026-06-13T22:59:51Z,1751c17d#phase10c,9cd4defe-e740-40a1-b3f4-565702c84681,ok,0.0,high,full,current_phase8,fallback_used,projected,derived_from_projected_minutes,83,0.0
De'Aaron Fox,161,SAS,NYK,True,21716138,pr,starter,"stat_grid:component_convolution_mean_coherent_v1+components[pts:pmf_sim_v1+role_aware_pmf_cal_v1:starter+monotone_pit_cdf_v1,reb:pmf_sim_v1+role_aware_pmf_cal_v1:starter+monotone_pit_cdf_v1]+prior_combo[joint_sampler_v1+joint_combo_pmf_v1+role_aware_pmf_cal_v1:starter+monotone_pit_cdf_v1]+stat_grid_final_component_convolution_mean_coherent_v1",phase8_role_aware_pmf_cal_v1+monotone_inactive_global_v1,morning,2026-06-13T22:59:51Z,1751c17d#phase10c,9cd4defe-e740-40a1-b3f4-565702c84681,ok,0.0,high,full,current_phase8,fallback_used,projected,derived_from_projected_minutes,84,0.0
De'Aaron Fox,161,SAS,NYK,True,21716138,pr,starter,"stat_grid:component_convolution_mean_coherent_v1+components[pts:pmf_sim_v1+role_aware_pmf_cal_v1:starter+monotone_pit_cdf_v1,reb:pmf_sim_v1+role_aware_pmf_cal_v1:starter+monotone_pit_cdf_v1]+prior_combo[joint_sampler_v1+joint_combo_pmf_v1+role_aware_pmf_cal_v1:starter+monotone_pit_cdf_v1]+stat_grid_final_component_convolution_mean_coherent_v1",phase8_role_aware_pmf_cal_v1+monotone_inactive_global_v1,morning,2026-06-13T22:59:51Z,1751c17d#phase10c,9cd4defe-e740-40a1-b3f4-565702c84681,ok,0.0,high,full,current_phase8,fallback_used,projected,derived_from_projected_minutes,85,0.0
De'Aaron Fox,161,SAS,NYK,True,21716138,pr,starter,"stat_grid:component_convolution_mean_coherent_v1+components[pts:pmf_sim_v1+role_aware_pmf_cal_v1:starter+monotone_pit_cdf_v1,reb:pmf_sim_v1+role_aware_pmf_cal_v1:starter+monotone_pit_cdf_v1]+prior_combo[joint_sampler_v1+joint_combo_pmf_v1+role_aware_pmf_cal_v1:starter+monotone_pit_cdf_v1]+stat_grid_final_component_convolution_mean_coherent_v1",phase8_role_aware_pmf_cal_v1+monotone_inactive_global_v1,morning,2026-06-13T22:59:51Z,1751c17d#phase10c,9cd4defe-e740-40a1-b3f4-565702c84681,ok,0.0,high,full,current_phase8,fallback_used,projected,derived_from_projected_minutes,86,0.0
De'Aaron Fox,161,SAS,NYK,True,21716138,pr,starter,"stat_grid:component_convolution_mean_coherent_v1+components[pts:pmf_sim_v1+role_aware_pmf_cal_v1:starter+monotone_pit_cdf_v1,reb:pmf_sim_v1+role_aware_pmf_cal_v1:starter+monotone_pit_cdf_v1]+prior_combo[joint_sampler_v1+joint_combo_pmf_v1+role_aware_pmf_cal_v1:starter+monotone_pit_cdf_v1]+stat_grid_final_component_convolution_mean_coherent_v1",phase8_role_aware_pmf_cal_v1+monotone_inactive_global_v1,morning,2026-06-13T22:59:51Z,1751c17d#phase10c,9cd4defe-e740-40a1-b3f4-565702c84681,ok,0.0,high,full,current_phase8,fallback_used,projected,derived_from_projected_minutes,87,0.0
De'Aaron Fox,161,SAS,NYK,True,21716138,pr,starter,"stat_grid:component_convolution_mean_coherent_v1+components[pts:pmf_sim_v1+role_aware_pmf_cal_v1:starter+monotone_pit_cdf_v1,reb:pmf_sim_v1+role_aware_pmf_cal_v1:starter+monotone_pit_cdf_v1]+prior_combo[joint_sampler_v1+joint_combo_pmf_v1+role_aware_pmf_cal_v1:starter+monotone_pit_cdf_v1]+stat_grid_final_component_convolution_mean_coherent_v1",phase8_role_aware_pmf_cal_v1+monotone_inactive_global_v1,morning,2026-06-13T22:59:51Z,1751c17d#phase10c,9cd4defe-e740-40a1-b3f4-565702c84681,ok,0.0,high,full,current_phase8,fallback_used,projected,derived_from_projected_minutes,88,0.0
De'Aaron Fox,161,SAS,NYK,True,21716138,pr,starter,"stat_grid:component_convolution_mean_coherent_v1+components[pts:pmf_sim_v1+role_aware_pmf_cal_v1:starter+monotone_pit_cdf_v1,reb:pmf_sim_v1+role_aware_pmf_cal_v1:starter+monotone_pit_cdf_v1]+prior_combo[joint_sampler_v1+joint_combo_pmf_v1+role_aware_pmf_cal_v1:starter+monotone_pit_cdf_v1]+stat_grid_final_component_convolution_mean_coherent_v1",phase8_role_aware_pmf_cal_v1+monotone_inactive_global_v1,morning,2026-06-13T22:59:51Z,1751c17d#phase10c,9cd4defe-e740-40a1-b3f4-565702c84681,ok,0.0,high,full,current_phase8,fallback_used,projected,derived_from_projected_minutes,89,0.0
De'Aaron Fox,161,SAS,NYK,True,21716138,pr,starter,"stat_grid:component_convolution_mean_coherent_v1+components[pts:pmf_sim_v1+role_aware_pmf_cal_v1:starter+monotone_pit_cdf_v1,reb:pmf_sim_v1+role_aware_pmf_cal_v1:starter+monotone_pit_cdf_v1]+prior_combo[joint_sampler_v1+joint_combo_pmf_v1+role_aware_pmf_cal_v1:starter+monotone_pit_cdf_v1]+stat_grid_final_component_convolution_mean_coherent_v1",phase8_role_aware_pmf_cal_v1+monotone_inactive_global_v1,morning,2026-06-13T22:59:51Z,1751c17d#phase10c,9cd4defe-e740-40a1-b3f4-565702c84681,ok,0.0,high,full,current_phase8,fallback_used,projected,derived_from_projected_minutes,90,0.0
De'Aaron Fox,161,SAS,NYK,True,21716138,pr,starter,"stat_grid:component_convolution_mean_coherent_v1+components[pts:pmf_sim_v1+role_aware_pmf_cal_v1:starter+monotone_pit_cdf_v1,reb:pmf_sim_v1+role_aware_pmf_cal_v1:starter+monotone_pit_cdf_v1]+prior_combo[joint_sampler_v1+joint_combo_pmf_v1+role_aware_pmf_cal_v1:starter+monotone_pit_cdf_v1]+stat_grid_final_component_convolution_mean_coherent_v1",phase8_role_aware_pmf_cal_v1+monotone_inactive_global_v1,morning,2026-06-13T22:59:51Z,1751c17d#phase10c,9cd4defe-e740-40a1-b3f4-565702c84681,ok,0.0,high,full,current_phase8,fallback_used,projected,derived_from_projected_minutes,91,0.0
De'Aaron Fox,161,SAS,NYK,True,21716138,pr,starter,"stat_grid:component_convolution_mean_coherent_v1+components[pts:pmf_sim_v1+role_aware_pmf_cal_v1:starter+monotone_pit_cdf_v1,reb:pmf_sim_v1+role_aware_pmf_cal_v1:starter+monotone_pit_cdf_v1]+prior_combo[joint_sampler_v1+joint_combo_pmf_v1+role_aware_pmf_cal_v1:starter+monotone_pit_cdf_v1]+stat_grid_final_component_convolution_mean_coherent_v1",phase8_role_aware_pmf_cal_v1+monotone_inactive_global_v1,morning,2026-06-13T22:59:51Z,1751c17d#phase10c,9cd4defe-e740-40a1-b3f4-565702c84681,ok,0.0,high,full,current_phase8,fallback_used,projected,derived_from_projected_minutes,92,0.0
De'Aaron Fox,161,SAS,NYK,True,21716138,pr,starter,"stat_grid:component_convolution_mean_coherent_v1+components[pts:pmf_sim_v1+role_aware_pmf_cal_v1:starter+monotone_pit_cdf_v1,reb:pmf_sim_v1+role_aware_pmf_cal_v1:starter+monotone_pit_cdf_v1]+prior_combo[joint_sampler_v1+joint_combo_pmf_v1+role_aware_pmf_cal_v1:starter+monotone_pit_cdf_v1]+stat_grid_final_component_convolution_mean_coherent_v1",phase8_role_aware_pmf_cal_v1+monotone_inactive_global_v1,morning,2026-06-13T22:59:51Z,1751c17d#phase10c,9cd4defe-e740-40a1-b3f4-565702c84681,ok,0.0,high,full,current_phase8,fallback_used,projected,derived_from_projected_minutes,93,0.0
De'Aaron Fox,161,SAS,NYK,True,21716138,pr,starter,"stat_grid:component_convolution_mean_coherent_v1+components[pts:pmf_sim_v1+role_aware_pmf_cal_v1:starter+monotone_pit_cdf_v1,reb:pmf_sim_v1+role_aware_pmf_cal_v1:starter+monotone_pit_cdf_v1]+prior_combo[joint_sampler_v1+joint_combo_pmf_v1+role_aware_pmf_cal_v1:starter+monotone_pit_cdf_v1]+stat_grid_final_component_convolution_mean_coherent_v1",phase8_role_aware_pmf_cal_v1+monotone_inactive_global_v1,morning,2026-06-13T22:59:51Z,1751c17d#phase10c,9cd4defe-e740-40a1-b3f4-565702c84681,ok,0.0,high,full,current_phase8,fallback_used,projected,derived_from_projected_minutes,94,0.0
De'Aaron Fox,161,SAS,NYK,True,21716138,pr,starter,"stat_grid:component_convolution_mean_coherent_v1+components[pts:pmf_sim_v1+role_aware_pmf_cal_v1:starter+monotone_pit_cdf_v1,reb:pmf_sim_v1+role_aware_pmf_cal_v1:starter+monotone_pit_cdf_v1]+prior_combo[joint_sampler_v1+joint_combo_pmf_v1+role_aware_pmf_cal_v1:starter+monotone_pit_cdf_v1]+stat_grid_final_component_convolution_mean_coherent_v1",phase8_role_aware_pmf_cal_v1+monotone_inactive_global_v1,morning,2026-06-13T22:59:51Z,1751c17d#phase10c,9cd4defe-e740-40a1-b3f4-565702c84681,ok,0.0,high,full,current_phase8,fallback_used,projected,derived_from_projected_minutes,95,0.0
De'Aaron Fox,161,SAS,NYK,True,21716138,pr,starter,"stat_grid:component_convolution_mean_coherent_v1+components[pts:pmf_sim_v1+role_aware_pmf_cal_v1:starter+monotone_pit_cdf_v1,reb:pmf_sim_v1+role_aware_pmf_cal_v1:starter+monotone_pit_cdf_v1]+prior_combo[joint_sampler_v1+joint_combo_pmf_v1+role_aware_pmf_cal_v1:starter+monotone_pit_cdf_v1]+stat_grid_final_component_convolution_mean_coherent_v1",phase8_role_aware_pmf_cal_v1+monotone_inactive_global_v1,morning,2026-06-13T22:59:51Z,1751c17d#phase10c,9cd4defe-e740-40a1-b3f4-565702c84681,ok,0.0,high,full,current_phase8,fallback_used,projected,derived_from_projected_minutes,96,0.0
De'Aaron Fox,161,SAS,NYK,True,21716138,pr,starter,"stat_grid:component_convolution_mean_coherent_v1+components[pts:pmf_sim_v1+role_aware_pmf_cal_v1:starter+monotone_pit_cdf_v1,reb:pmf_sim_v1+role_aware_pmf_cal_v1:starter+monotone_pit_cdf_v1]+prior_combo[joint_sampler_v1+joint_combo_pmf_v1+role_aware_pmf_cal_v1:starter+monotone_pit_cdf_v1]+stat_grid_final_component_convolution_mean_coherent_v1",phase8_role_aware_pmf_cal_v1+monotone_inactive_global_v1,morning,2026-06-13T22:59:51Z,1751c17d#phase10c,9cd4defe-e740-40a1-b3f4-565702c84681,ok,0.0,high,full,current_phase8,fallback_used,projected,derived_from_projected_minutes,97,0.0
De'Aaron Fox,161,SAS,NYK,True,21716138,pr,starter,"stat_grid:component_convolution_mean_coherent_v1+components[pts:pmf_sim_v1+role_aware_pmf_cal_v1:starter+monotone_pit_cdf_v1,reb:pmf_sim_v1+role_aware_pmf_cal_v1:starter+monotone_pit_cdf_v1]+prior_combo[joint_sampler_v1+joint_combo_pmf_v1+role_aware_pmf_cal_v1:starter+monotone_pit_cdf_v1]+stat_grid_final_component_convolution_mean_coherent_v1",phase8_role_aware_pmf_cal_v1+monotone_inactive_global_v1,morning,2026-06-13T22:59:51Z,1751c17d#phase10c,9cd4defe-e740-40a1-b3f4-565702c84681,ok,0.0,high,full,current_phase8,fallback_used,projected,derived_from_projected_minutes,98,0.0
De'Aaron Fox,161,SAS,NYK,True,21716138,pr,starter,"stat_grid:component_convolution_mean_coherent_v1+components[pts:pmf_sim_v1+role_aware_pmf_cal_v1:starter+monotone_pit_cdf_v1,reb:pmf_sim_v1+role_aware_pmf_cal_v1:starter+monotone_pit_cdf_v1]+prior_combo[joint_sampler_v1+joint_combo_pmf_v1+role_aware_pmf_cal_v1:starter+monotone_pit_cdf_v1]+stat_grid_final_component_convolution_mean_coherent_v1",phase8_role_aware_pmf_cal_v1+monotone_inactive_global_v1,morning,2026-06-13T22:59:51Z,1751c17d#phase10c,9cd4defe-e740-40a1-b3f4-565702c84681,ok,0.0,high,full,current_phase8,fallback_used,projected,derived_from_projected_minutes,99,0.0
De'Aaron Fox,161,SAS,NYK,True,21716138,pr,starter,"stat_grid:component_convolution_mean_coherent_v1+components[pts:pmf_sim_v1+role_aware_pmf_cal_v1:starter+monotone_pit_cdf_v1,reb:pmf_sim_v1+role_aware_pmf_cal_v1:starter+monotone_pit_cdf_v1]+prior_combo[joint_sampler_v1+joint_combo_pmf_v1+role_aware_pmf_cal_v1:starter+monotone_pit_cdf_v1]+stat_grid_final_component_convolution_mean_coherent_v1",phase8_role_aware_pmf_cal_v1+monotone_inactive_global_v1,morning,2026-06-13T22:59:51Z,1751c17d#phase10c,9cd4defe-e740-40a1-b3f4-565702c84681,ok,0.0,high,full,current_phase8,fallback_used,projected,derived_from_projected_minutes,100,0.0
De'Aaron Fox,161,SAS,NYK,True,21716138,pr,starter,"stat_grid:component_convolution_mean_coherent_v1+components[pts:pmf_sim_v1+role_aware_pmf_cal_v1:starter+monotone_pit_cdf_v1,reb:pmf_sim_v1+role_aware_pmf_cal_v1:starter+monotone_pit_cdf_v1]+prior_combo[joint_sampler_v1+joint_combo_pmf_v1+role_aware_pmf_cal_v1:starter+monotone_pit_cdf_v1]+stat_grid_final_component_convolution_mean_coherent_v1",phase8_role_aware_pmf_cal_v1+monotone_inactive_global_v1,morning,2026-06-13T22:59:51Z,1751c17d#phase10c,9cd4defe-e740-40a1-b3f4-565702c84681,ok,0.0,high,full,current_phase8,fallback_used,projected,derived_from_projected_minutes,101,0.0
De'Aaron Fox,161,SAS,NYK,True,21716138,pr,starter,"stat_grid:component_convolution_mean_coherent_v1+components[pts:pmf_sim_v1+role_aware_pmf_cal_v1:starter+monotone_pit_cdf_v1,reb:pmf_sim_v1+role_aware_pmf_cal_v1:starter+monotone_pit_cdf_v1]+prior_combo[joint_sampler_v1+joint_combo_pmf_v1+role_aware_pmf_cal_v1:starter+monotone_pit_cdf_v1]+stat_grid_final_component_convolution_mean_coherent_v1",phase8_role_aware_pmf_cal_v1+monotone_inactive_global_v1,morning,2026-06-13T22:59:51Z,1751c17d#phase10c,9cd4defe-e740-40a1-b3f4-565702c84681,ok,0.0,high,full,current_phase8,fallback_used,projected,derived_from_projected_minutes,102,0.0
De'Aaron Fox,161,SAS,NYK,True,21716138,pr,starter,"stat_grid:component_convolution_mean_coherent_v1+components[pts:pmf_sim_v1+role_aware_pmf_cal_v1:starter+monotone_pit_cdf_v1,reb:pmf_sim_v1+role_aware_pmf_cal_v1:starter+monotone_pit_cdf_v1]+prior_combo[joint_sampler_v1+joint_combo_pmf_v1+role_aware_pmf_cal_v1:starter+monotone_pit_cdf_v1]+stat_grid_final_component_convolution_mean_coherent_v1",phase8_role_aware_pmf_cal_v1+monotone_inactive_global_v1,morning,2026-06-13T22:59:51Z,1751c17d#phase10c,9cd4defe-e740-40a1-b3f4-565702c84681,ok,0.0,high,full,current_phase8,fallback_used,projected,derived_from_projected_minutes,103,0.0
