game_date,run_date,run_id,run_mode,generated_at_utc,pipeline_version,model_version,model_artifact_hash,source_data_asof_utc,player_id,player_name,team,opponent,game_id,event_id,stat,line,role_bucket,hard_role_bucket,role_mixture_enabled,role_mixture_weights_json,role_entropy,role_bucket_confidence,projected_minutes,minutes_q10,minutes_q50,minutes_q90,inactive_risk,expected_lineup_status,official_lineup_status,injury_status,injury_source,injury_last_updated_utc,lineup_source,lineup_last_updated_utc,stale_injury_flag,stale_lineup_flag,market_line,p_over,model_prob_under_active,fair_over_odds,fair_under_odds,pmf_mean,pmf_variance,pmf_p10,pmf_p50,pmf_p90,market_prob_over,no_vig_market_prob_over,edge,market_status,delivery_status,unavailable_reason,calculation_source,calculation_status
2026-06-08,2026-06-08,f4da0f14-6b9f-47b7-bcbc-f5ee557a11a1,morning_expected,2026-06-08T21:47:20Z,c6cc74a6,c6cc74a6#phase10c,challenger-2026-06-06,2026-06-08T21:47:16Z,61,Mikal Bridges,NYK,SAS,21716136,,pts,17.5,starter,starter,True,,,,30.438,,33.4249,,0.05,projected,not_available_yet,fallback_used,bdl_plus_nba_official,2026-06-08T21:46:27Z,bdl_lineup_freshness_manifest,,False,False,17.5,0.2918,0.7082,243.0,-243.0,14.6965,39.2572,7.0,15.0,22.0,0.2525,0.2525,0.0392,full,ready,,build_derek_forward_feed:v1_model_only_plus_market_reference,ok
2026-06-08,2026-06-08,f4da0f14-6b9f-47b7-bcbc-f5ee557a11a1,morning_expected,2026-06-08T21:47:20Z,c6cc74a6,c6cc74a6#phase10c,challenger-2026-06-06,2026-06-08T21:47:16Z,61,Mikal Bridges,NYK,SAS,21716136,,pts,16.5,starter,starter,True,,,,30.438,,33.4249,,0.05,projected,not_available_yet,fallback_used,bdl_plus_nba_official,2026-06-08T21:46:27Z,bdl_lineup_freshness_manifest,,False,False,16.5,0.3456,0.6544,189.0,-189.0,14.6965,39.2572,7.0,15.0,22.0,0.3115,0.3115,0.0342,full,ready,,build_derek_forward_feed:v1_model_only_plus_market_reference,ok
2026-06-08,2026-06-08,f4da0f14-6b9f-47b7-bcbc-f5ee557a11a1,morning_expected,2026-06-08T21:47:20Z,c6cc74a6,c6cc74a6#phase10c,challenger-2026-06-06,2026-06-08T21:47:16Z,61,Mikal Bridges,NYK,SAS,21716136,,pts,15.5,starter,starter,True,,,,30.438,,33.4249,,0.05,projected,not_available_yet,fallback_used,bdl_plus_nba_official,2026-06-08T21:46:27Z,bdl_lineup_freshness_manifest,,False,False,15.5,0.4128,0.5872,142.0,-142.0,14.6965,39.2572,7.0,15.0,22.0,0.357,0.357,0.0558,full,ready,,build_derek_forward_feed:v1_model_only_plus_market_reference,ok
2026-06-08,2026-06-08,f4da0f14-6b9f-47b7-bcbc-f5ee557a11a1,morning_expected,2026-06-08T21:47:20Z,c6cc74a6,c6cc74a6#phase10c,challenger-2026-06-06,2026-06-08T21:47:16Z,61,Mikal Bridges,NYK,SAS,21716136,,pts,14.5,starter,starter,True,,,,30.438,,33.4249,,0.05,projected,not_available_yet,fallback_used,bdl_plus_nba_official,2026-06-08T21:46:27Z,bdl_lineup_freshness_manifest,,False,False,14.5,0.5083,0.4917,-103.0,103.0,14.6965,39.2572,7.0,15.0,22.0,0.417,0.417,0.0913,full,ready,,build_derek_forward_feed:v1_model_only_plus_market_reference,ok
2026-06-08,2026-06-08,f4da0f14-6b9f-47b7-bcbc-f5ee557a11a1,morning_expected,2026-06-08T21:47:20Z,c6cc74a6,c6cc74a6#phase10c,challenger-2026-06-06,2026-06-08T21:47:16Z,61,Mikal Bridges,NYK,SAS,21716136,,pts,13.5,starter,starter,True,,,,30.438,,33.4249,,0.05,projected,not_available_yet,fallback_used,bdl_plus_nba_official,2026-06-08T21:46:27Z,bdl_lineup_freshness_manifest,,False,False,13.5,0.5748,0.4252,-135.0,135.0,14.6965,39.2572,7.0,15.0,22.0,0.4858,0.4858,0.089,full,ready,,build_derek_forward_feed:v1_model_only_plus_market_reference,ok
2026-06-08,2026-06-08,f4da0f14-6b9f-47b7-bcbc-f5ee557a11a1,morning_expected,2026-06-08T21:47:20Z,c6cc74a6,c6cc74a6#phase10c,challenger-2026-06-06,2026-06-08T21:47:16Z,61,Mikal Bridges,NYK,SAS,21716136,,pts,12.5,starter,starter,True,,,,30.438,,33.4249,,0.05,projected,not_available_yet,fallback_used,bdl_plus_nba_official,2026-06-08T21:46:27Z,bdl_lineup_freshness_manifest,,False,False,12.5,0.6334,0.3666,-173.0,173.0,14.6965,39.2572,7.0,15.0,22.0,0.5548,0.5548,0.0786,full,ready,,build_derek_forward_feed:v1_model_only_plus_market_reference,ok
2026-06-08,2026-06-08,f4da0f14-6b9f-47b7-bcbc-f5ee557a11a1,morning_expected,2026-06-08T21:47:20Z,c6cc74a6,c6cc74a6#phase10c,challenger-2026-06-06,2026-06-08T21:47:16Z,61,Mikal Bridges,NYK,SAS,21716136,,pts,11.5,starter,starter,True,,,,30.438,,33.4249,,0.05,projected,not_available_yet,fallback_used,bdl_plus_nba_official,2026-06-08T21:46:27Z,bdl_lineup_freshness_manifest,,False,False,11.5,0.6869,0.3131,-219.0,219.0,14.6965,39.2572,7.0,15.0,22.0,0.6231,0.6231,0.0637,full,ready,,build_derek_forward_feed:v1_model_only_plus_market_reference,ok
2026-06-08,2026-06-08,f4da0f14-6b9f-47b7-bcbc-f5ee557a11a1,morning_expected,2026-06-08T21:47:20Z,c6cc74a6,c6cc74a6#phase10c,challenger-2026-06-06,2026-06-08T21:47:16Z,61,Mikal Bridges,NYK,SAS,21716136,,pts,10.5,starter,starter,True,,,,30.438,,33.4249,,0.05,projected,not_available_yet,fallback_used,bdl_plus_nba_official,2026-06-08T21:46:27Z,bdl_lineup_freshness_manifest,,False,False,10.5,0.7412,0.2588,-286.0,286.0,14.6965,39.2572,7.0,15.0,22.0,0.6821,0.6821,0.0591,full,ready,,build_derek_forward_feed:v1_model_only_plus_market_reference,ok
2026-06-08,2026-06-08,f4da0f14-6b9f-47b7-bcbc-f5ee557a11a1,morning_expected,2026-06-08T21:47:20Z,c6cc74a6,c6cc74a6#phase10c,challenger-2026-06-06,2026-06-08T21:47:16Z,61,Mikal Bridges,NYK,SAS,21716136,,pts,9.5,starter,starter,True,,,,30.438,,33.4249,,0.05,projected,not_available_yet,fallback_used,bdl_plus_nba_official,2026-06-08T21:46:27Z,bdl_lineup_freshness_manifest,,False,False,9.5,0.7992,0.2008,-398.0,398.0,14.6965,39.2572,7.0,15.0,22.0,0.7439,0.7439,0.0553,full,ready,,build_derek_forward_feed:v1_model_only_plus_market_reference,ok
2026-06-08,2026-06-08,f4da0f14-6b9f-47b7-bcbc-f5ee557a11a1,morning_expected,2026-06-08T21:47:20Z,c6cc74a6,c6cc74a6#phase10c,challenger-2026-06-06,2026-06-08T21:47:16Z,61,Mikal Bridges,NYK,SAS,21716136,,pts,8.5,starter,starter,True,,,,30.438,,33.4249,,0.05,projected,not_available_yet,fallback_used,bdl_plus_nba_official,2026-06-08T21:46:27Z,bdl_lineup_freshness_manifest,,False,False,8.5,0.8387,0.1613,-520.0,520.0,14.6965,39.2572,7.0,15.0,22.0,0.7969,0.7969,0.0418,full,ready,,build_derek_forward_feed:v1_model_only_plus_market_reference,ok
2026-06-08,2026-06-08,f4da0f14-6b9f-47b7-bcbc-f5ee557a11a1,morning_expected,2026-06-08T21:47:20Z,c6cc74a6,c6cc74a6#phase10c,challenger-2026-06-06,2026-06-08T21:47:16Z,61,Mikal Bridges,NYK,SAS,21716136,,pts,7.5,starter,starter,True,,,,30.438,,33.4249,,0.05,projected,not_available_yet,fallback_used,bdl_plus_nba_official,2026-06-08T21:46:27Z,bdl_lineup_freshness_manifest,,False,False,7.5,0.8767,0.1233,-711.0,711.0,14.6965,39.2572,7.0,15.0,22.0,0.8415,0.8415,0.0351,full,ready,,build_derek_forward_feed:v1_model_only_plus_market_reference,ok
2026-06-08,2026-06-08,f4da0f14-6b9f-47b7-bcbc-f5ee557a11a1,morning_expected,2026-06-08T21:47:20Z,c6cc74a6,c6cc74a6#phase10c,challenger-2026-06-06,2026-06-08T21:47:16Z,61,Mikal Bridges,NYK,SAS,21716136,,pts,13.5,starter,starter,True,,,,30.438,,33.4249,,0.05,projected,not_available_yet,fallback_used,bdl_plus_nba_official,2026-06-08T21:46:27Z,bdl_lineup_freshness_manifest,,False,False,13.5,0.5748,0.4252,-135.0,135.0,14.6965,39.2572,7.0,15.0,22.0,0.508,0.508,0.0668,full,ready,,build_derek_forward_feed:v1_model_only_plus_market_reference,ok
2026-06-08,2026-06-08,f4da0f14-6b9f-47b7-bcbc-f5ee557a11a1,morning_expected,2026-06-08T21:47:20Z,c6cc74a6,c6cc74a6#phase10c,challenger-2026-06-06,2026-06-08T21:47:16Z,61,Mikal Bridges,NYK,SAS,21716136,,pts,17.5,starter,starter,True,,,,30.438,,33.4249,,0.05,projected,not_available_yet,fallback_used,bdl_plus_nba_official,2026-06-08T21:46:27Z,bdl_lineup_freshness_manifest,,False,False,17.5,0.2918,0.7082,243.0,-243.0,14.6965,39.2572,7.0,15.0,22.0,0.3125,0.3125,-0.0207,full,ready,,build_derek_forward_feed:v1_model_only_plus_market_reference,ok
2026-06-08,2026-06-08,f4da0f14-6b9f-47b7-bcbc-f5ee557a11a1,morning_expected,2026-06-08T21:47:20Z,c6cc74a6,c6cc74a6#phase10c,challenger-2026-06-06,2026-06-08T21:47:16Z,61,Mikal Bridges,NYK,SAS,21716136,,pts,16.5,starter,starter,True,,,,30.438,,33.4249,,0.05,projected,not_available_yet,fallback_used,bdl_plus_nba_official,2026-06-08T21:46:27Z,bdl_lineup_freshness_manifest,,False,False,16.5,0.3456,0.6544,189.0,-189.0,14.6965,39.2572,7.0,15.0,22.0,0.3666,0.3666,-0.021,full,ready,,build_derek_forward_feed:v1_model_only_plus_market_reference,ok
2026-06-08,2026-06-08,f4da0f14-6b9f-47b7-bcbc-f5ee557a11a1,morning_expected,2026-06-08T21:47:20Z,c6cc74a6,c6cc74a6#phase10c,challenger-2026-06-06,2026-06-08T21:47:16Z,61,Mikal Bridges,NYK,SAS,21716136,,pts,15.5,starter,starter,True,,,,30.438,,33.4249,,0.05,projected,not_available_yet,fallback_used,bdl_plus_nba_official,2026-06-08T21:46:27Z,bdl_lineup_freshness_manifest,,False,False,15.5,0.4128,0.5872,142.0,-142.0,14.6965,39.2572,7.0,15.0,22.0,0.4248,0.4248,-0.0121,full,ready,,build_derek_forward_feed:v1_model_only_plus_market_reference,ok
2026-06-08,2026-06-08,f4da0f14-6b9f-47b7-bcbc-f5ee557a11a1,morning_expected,2026-06-08T21:47:20Z,c6cc74a6,c6cc74a6#phase10c,challenger-2026-06-06,2026-06-08T21:47:16Z,61,Mikal Bridges,NYK,SAS,21716136,,pts,14.5,starter,starter,True,,,,30.438,,33.4249,,0.05,projected,not_available_yet,fallback_used,bdl_plus_nba_official,2026-06-08T21:46:27Z,bdl_lineup_freshness_manifest,,False,False,14.5,0.5083,0.4917,-103.0,103.0,14.6965,39.2572,7.0,15.0,22.0,0.4797,0.4797,0.0286,full,ready,,build_derek_forward_feed:v1_model_only_plus_market_reference,ok
2026-06-08,2026-06-08,f4da0f14-6b9f-47b7-bcbc-f5ee557a11a1,morning_expected,2026-06-08T21:47:20Z,c6cc74a6,c6cc74a6#phase10c,challenger-2026-06-06,2026-06-08T21:47:16Z,61,Mikal Bridges,NYK,SAS,21716136,,pts,13.5,starter,starter,True,,,,30.438,,33.4249,,0.05,projected,not_available_yet,fallback_used,bdl_plus_nba_official,2026-06-08T21:46:27Z,bdl_lineup_freshness_manifest,,False,False,13.5,0.5748,0.4252,-135.0,135.0,14.6965,39.2572,7.0,15.0,22.0,0.5408,0.5408,0.034,full,ready,,build_derek_forward_feed:v1_model_only_plus_market_reference,ok
2026-06-08,2026-06-08,f4da0f14-6b9f-47b7-bcbc-f5ee557a11a1,morning_expected,2026-06-08T21:47:20Z,c6cc74a6,c6cc74a6#phase10c,challenger-2026-06-06,2026-06-08T21:47:16Z,61,Mikal Bridges,NYK,SAS,21716136,,pts,12.5,starter,starter,True,,,,30.438,,33.4249,,0.05,projected,not_available_yet,fallback_used,bdl_plus_nba_official,2026-06-08T21:46:27Z,bdl_lineup_freshness_manifest,,False,False,12.5,0.6334,0.3666,-173.0,173.0,14.6965,39.2572,7.0,15.0,22.0,0.6017,0.6017,0.0317,full,ready,,build_derek_forward_feed:v1_model_only_plus_market_reference,ok
2026-06-08,2026-06-08,f4da0f14-6b9f-47b7-bcbc-f5ee557a11a1,morning_expected,2026-06-08T21:47:20Z,c6cc74a6,c6cc74a6#phase10c,challenger-2026-06-06,2026-06-08T21:47:16Z,61,Mikal Bridges,NYK,SAS,21716136,,pts,11.5,starter,starter,True,,,,30.438,,33.4249,,0.05,projected,not_available_yet,fallback_used,bdl_plus_nba_official,2026-06-08T21:46:27Z,bdl_lineup_freshness_manifest,,False,False,11.5,0.6869,0.3131,-219.0,219.0,14.6965,39.2572,7.0,15.0,22.0,0.6654,0.6654,0.0215,full,ready,,build_derek_forward_feed:v1_model_only_plus_market_reference,ok
2026-06-08,2026-06-08,f4da0f14-6b9f-47b7-bcbc-f5ee557a11a1,morning_expected,2026-06-08T21:47:20Z,c6cc74a6,c6cc74a6#phase10c,challenger-2026-06-06,2026-06-08T21:47:16Z,61,Mikal Bridges,NYK,SAS,21716136,,pts,13.5,starter,starter,True,,,,30.438,,33.4249,,0.05,projected,not_available_yet,fallback_used,bdl_plus_nba_official,2026-06-08T21:46:27Z,bdl_lineup_freshness_manifest,,False,False,13.5,0.5748,0.4252,-135.0,135.0,14.6965,39.2572,7.0,15.0,22.0,0.4797,0.4797,0.0951,full,ready,,build_derek_forward_feed:v1_model_only_plus_market_reference,ok
2026-06-08,2026-06-08,f4da0f14-6b9f-47b7-bcbc-f5ee557a11a1,morning_expected,2026-06-08T21:47:20Z,c6cc74a6,c6cc74a6#phase10c,challenger-2026-06-06,2026-06-08T21:47:16Z,61,Mikal Bridges,NYK,SAS,21716136,,pts,14.5,starter,starter,True,,,,30.438,,33.4249,,0.05,projected,not_available_yet,fallback_used,bdl_plus_nba_official,2026-06-08T21:46:27Z,bdl_lineup_freshness_manifest,,False,False,14.5,0.5083,0.4917,-103.0,103.0,14.6965,39.2572,7.0,15.0,22.0,0.4209,0.4209,0.0874,full,ready,,build_derek_forward_feed:v1_model_only_plus_market_reference,ok
2026-06-08,2026-06-08,f4da0f14-6b9f-47b7-bcbc-f5ee557a11a1,morning_expected,2026-06-08T21:47:20Z,c6cc74a6,c6cc74a6#phase10c,challenger-2026-06-06,2026-06-08T21:47:16Z,61,Mikal Bridges,NYK,SAS,21716136,,pts,13.5,starter,starter,True,,,,30.438,,33.4249,,0.05,projected,not_available_yet,fallback_used,bdl_plus_nba_official,2026-06-08T21:46:27Z,bdl_lineup_freshness_manifest,,False,False,13.5,0.5748,0.4252,-135.0,135.0,14.6965,39.2572,7.0,15.0,22.0,0.4862,0.4862,0.0886,full,ready,,build_derek_forward_feed:v1_model_only_plus_market_reference,ok
2026-06-08,2026-06-08,f4da0f14-6b9f-47b7-bcbc-f5ee557a11a1,morning_expected,2026-06-08T21:47:20Z,c6cc74a6,c6cc74a6#phase10c,challenger-2026-06-06,2026-06-08T21:47:16Z,61,Mikal Bridges,NYK,SAS,21716136,,pts,12.5,starter,starter,True,,,,30.438,,33.4249,,0.05,projected,not_available_yet,fallback_used,bdl_plus_nba_official,2026-06-08T21:46:27Z,bdl_lineup_freshness_manifest,,False,False,12.5,0.6334,0.3666,-173.0,173.0,14.6965,39.2572,7.0,15.0,22.0,0.5538,0.5538,0.0796,full,ready,,build_derek_forward_feed:v1_model_only_plus_market_reference,ok
2026-06-08,2026-06-08,f4da0f14-6b9f-47b7-bcbc-f5ee557a11a1,morning_expected,2026-06-08T21:47:20Z,c6cc74a6,c6cc74a6#phase10c,challenger-2026-06-06,2026-06-08T21:47:16Z,61,Mikal Bridges,NYK,SAS,21716136,,pts,13.5,starter,starter,True,,,,30.438,,33.4249,,0.05,projected,not_available_yet,fallback_used,bdl_plus_nba_official,2026-06-08T21:46:27Z,bdl_lineup_freshness_manifest,,False,False,13.5,0.5748,0.4252,-135.0,135.0,14.6965,39.2572,7.0,15.0,22.0,0.5268,0.5268,0.0479,full,ready,,build_derek_forward_feed:v1_model_only_plus_market_reference,ok
2026-06-08,2026-06-08,f4da0f14-6b9f-47b7-bcbc-f5ee557a11a1,morning_expected,2026-06-08T21:47:20Z,c6cc74a6,c6cc74a6#phase10c,challenger-2026-06-06,2026-06-08T21:47:16Z,61,Mikal Bridges,NYK,SAS,21716136,,pts,13.5,starter,starter,True,,,,30.438,,33.4249,,0.05,projected,not_available_yet,fallback_used,bdl_plus_nba_official,2026-06-08T21:46:27Z,bdl_lineup_freshness_manifest,,False,False,13.5,0.5748,0.4252,-135.0,135.0,14.6965,39.2572,7.0,15.0,22.0,0.5101,0.5101,0.0646,full,ready,,build_derek_forward_feed:v1_model_only_plus_market_reference,ok
2026-06-08,2026-06-08,f4da0f14-6b9f-47b7-bcbc-f5ee557a11a1,morning_expected,2026-06-08T21:47:20Z,c6cc74a6,c6cc74a6#phase10c,challenger-2026-06-06,2026-06-08T21:47:16Z,61,Mikal Bridges,NYK,SAS,21716136,,pts,13.5,starter,starter,True,,,,30.438,,33.4249,,0.05,projected,not_available_yet,fallback_used,bdl_plus_nba_official,2026-06-08T21:46:27Z,bdl_lineup_freshness_manifest,,False,False,13.5,0.5748,0.4252,-135.0,135.0,14.6965,39.2572,7.0,15.0,22.0,0.5101,0.5101,0.0646,full,ready,,build_derek_forward_feed:v1_model_only_plus_market_reference,ok
2026-06-08,2026-06-08,f4da0f14-6b9f-47b7-bcbc-f5ee557a11a1,morning_expected,2026-06-08T21:47:20Z,c6cc74a6,c6cc74a6#phase10c,challenger-2026-06-06,2026-06-08T21:47:16Z,61,Mikal Bridges,NYK,SAS,21716136,,pts,13.5,starter,starter,True,,,,30.438,,33.4249,,0.05,projected,not_available_yet,fallback_used,bdl_plus_nba_official,2026-06-08T21:46:27Z,bdl_lineup_freshness_manifest,,False,False,13.5,0.5748,0.4252,-135.0,135.0,14.6965,39.2572,7.0,15.0,22.0,0.5209,0.5209,0.0539,full,ready,,build_derek_forward_feed:v1_model_only_plus_market_reference,ok
2026-06-08,2026-06-08,f4da0f14-6b9f-47b7-bcbc-f5ee557a11a1,morning_expected,2026-06-08T21:47:20Z,c6cc74a6,c6cc74a6#phase10c,challenger-2026-06-06,2026-06-08T21:47:16Z,61,Mikal Bridges,NYK,SAS,21716136,,pts,13.5,starter,starter,True,,,,30.438,,33.4249,,0.05,projected,not_available_yet,fallback_used,bdl_plus_nba_official,2026-06-08T21:46:27Z,bdl_lineup_freshness_manifest,,False,False,13.5,0.5748,0.4252,-135.0,135.0,14.6965,39.2572,7.0,15.0,22.0,0.5101,0.5101,0.0646,full,ready,,build_derek_forward_feed:v1_model_only_plus_market_reference,ok
2026-06-08,2026-06-08,f4da0f14-6b9f-47b7-bcbc-f5ee557a11a1,morning_expected,2026-06-08T21:47:20Z,c6cc74a6,c6cc74a6#phase10c,challenger-2026-06-06,2026-06-08T21:47:16Z,61,Mikal Bridges,NYK,SAS,21716136,,pts,12.5,starter,starter,True,,,,30.438,,33.4249,,0.05,projected,not_available_yet,fallback_used,bdl_plus_nba_official,2026-06-08T21:46:27Z,bdl_lineup_freshness_manifest,,False,False,12.5,0.6334,0.3666,-173.0,173.0,14.6965,39.2572,7.0,15.0,22.0,0.5633,0.5633,0.0701,full,ready,,build_derek_forward_feed:v1_model_only_plus_market_reference,ok
2026-06-08,2026-06-08,f4da0f14-6b9f-47b7-bcbc-f5ee557a11a1,morning_expected,2026-06-08T21:47:20Z,c6cc74a6,c6cc74a6#phase10c,challenger-2026-06-06,2026-06-08T21:47:16Z,61,Mikal Bridges,NYK,SAS,21716136,,pts,13.5,starter,starter,True,,,,30.438,,33.4249,,0.05,projected,not_available_yet,fallback_used,bdl_plus_nba_official,2026-06-08T21:46:27Z,bdl_lineup_freshness_manifest,,False,False,13.5,0.5748,0.4252,-135.0,135.0,14.6965,39.2572,7.0,15.0,22.0,0.4899,0.4899,0.0849,full,ready,,build_derek_forward_feed:v1_model_only_plus_market_reference,ok
2026-06-08,2026-06-08,f4da0f14-6b9f-47b7-bcbc-f5ee557a11a1,morning_expected,2026-06-08T21:47:20Z,c6cc74a6,c6cc74a6#phase10c,challenger-2026-06-06,2026-06-08T21:47:16Z,61,Mikal Bridges,NYK,SAS,21716136,,pts,14.5,starter,starter,True,,,,30.438,,33.4249,,0.05,projected,not_available_yet,fallback_used,bdl_plus_nba_official,2026-06-08T21:46:27Z,bdl_lineup_freshness_manifest,,False,False,14.5,0.5083,0.4917,-103.0,103.0,14.6965,39.2572,7.0,15.0,22.0,0.4248,0.4248,0.0835,full,ready,,build_derek_forward_feed:v1_model_only_plus_market_reference,ok
2026-06-08,2026-06-08,f4da0f14-6b9f-47b7-bcbc-f5ee557a11a1,morning_expected,2026-06-08T21:47:20Z,c6cc74a6,c6cc74a6#phase10c,challenger-2026-06-06,2026-06-08T21:47:16Z,61,Mikal Bridges,NYK,SAS,21716136,,pts,12.5,starter,starter,True,,,,30.438,,33.4249,,0.05,projected,not_available_yet,fallback_used,bdl_plus_nba_official,2026-06-08T21:46:27Z,bdl_lineup_freshness_manifest,,False,False,12.5,0.6334,0.3666,-173.0,173.0,14.6965,39.2572,7.0,15.0,22.0,0.5562,0.5562,0.0772,full,ready,,build_derek_forward_feed:v1_model_only_plus_market_reference,ok
2026-06-08,2026-06-08,f4da0f14-6b9f-47b7-bcbc-f5ee557a11a1,morning_expected,2026-06-08T21:47:20Z,c6cc74a6,c6cc74a6#phase10c,challenger-2026-06-06,2026-06-08T21:47:16Z,61,Mikal Bridges,NYK,SAS,21716136,,pts,13.5,starter,starter,True,,,,30.438,,33.4249,,0.05,projected,not_available_yet,fallback_used,bdl_plus_nba_official,2026-06-08T21:46:27Z,bdl_lineup_freshness_manifest,,False,False,13.5,0.5748,0.4252,-135.0,135.0,14.6965,39.2572,7.0,15.0,22.0,0.4858,0.4858,0.089,full,ready,,build_derek_forward_feed:v1_model_only_plus_market_reference,ok
2026-06-08,2026-06-08,f4da0f14-6b9f-47b7-bcbc-f5ee557a11a1,morning_expected,2026-06-08T21:47:20Z,c6cc74a6,c6cc74a6#phase10c,challenger-2026-06-06,2026-06-08T21:47:16Z,61,Mikal Bridges,NYK,SAS,21716136,,pts,14.5,starter,starter,True,,,,30.438,,33.4249,,0.05,projected,not_available_yet,fallback_used,bdl_plus_nba_official,2026-06-08T21:46:27Z,bdl_lineup_freshness_manifest,,False,False,14.5,0.5083,0.4917,-103.0,103.0,14.6965,39.2572,7.0,15.0,22.0,0.4209,0.4209,0.0874,full,ready,,build_derek_forward_feed:v1_model_only_plus_market_reference,ok
2026-06-08,2026-06-08,f4da0f14-6b9f-47b7-bcbc-f5ee557a11a1,morning_expected,2026-06-08T21:47:20Z,c6cc74a6,c6cc74a6#phase10c,challenger-2026-06-06,2026-06-08T21:47:16Z,61,Mikal Bridges,NYK,SAS,21716136,,pts,13.5,starter,starter,True,,,,30.438,,33.4249,,0.05,projected,not_available_yet,fallback_used,bdl_plus_nba_official,2026-06-08T21:46:27Z,bdl_lineup_freshness_manifest,,False,False,13.5,0.5748,0.4252,-135.0,135.0,14.6965,39.2572,7.0,15.0,22.0,0.519,0.519,0.0558,full,ready,,build_derek_forward_feed:v1_model_only_plus_market_reference,ok
2026-06-08,2026-06-08,f4da0f14-6b9f-47b7-bcbc-f5ee557a11a1,morning_expected,2026-06-08T21:47:20Z,c6cc74a6,c6cc74a6#phase10c,challenger-2026-06-06,2026-06-08T21:47:16Z,61,Mikal Bridges,NYK,SAS,21716136,,reb,3.5,starter,starter,True,,,,30.438,,33.4249,,0.05,projected,not_available_yet,fallback_used,bdl_plus_nba_official,2026-06-08T21:46:27Z,bdl_lineup_freshness_manifest,,False,False,3.5,0.6655,0.3345,-199.0,199.0,4.1641,2.6412,2.0,4.0,6.0,0.447,0.447,0.2184,full,ready,,build_derek_forward_feed:v1_model_only_plus_market_reference,ok
2026-06-08,2026-06-08,f4da0f14-6b9f-47b7-bcbc-f5ee557a11a1,morning_expected,2026-06-08T21:47:20Z,c6cc74a6,c6cc74a6#phase10c,challenger-2026-06-06,2026-06-08T21:47:16Z,61,Mikal Bridges,NYK,SAS,21716136,,reb,3.5,starter,starter,True,,,,30.438,,33.4249,,0.05,projected,not_available_yet,fallback_used,bdl_plus_nba_official,2026-06-08T21:46:27Z,bdl_lineup_freshness_manifest,,False,False,3.5,0.6655,0.3345,-199.0,199.0,4.1641,2.6412,2.0,4.0,6.0,0.4533,0.4533,0.2122,full,ready,,build_derek_forward_feed:v1_model_only_plus_market_reference,ok
2026-06-08,2026-06-08,f4da0f14-6b9f-47b7-bcbc-f5ee557a11a1,morning_expected,2026-06-08T21:47:20Z,c6cc74a6,c6cc74a6#phase10c,challenger-2026-06-06,2026-06-08T21:47:16Z,61,Mikal Bridges,NYK,SAS,21716136,,reb,3.5,starter,starter,True,,,,30.438,,33.4249,,0.05,projected,not_available_yet,fallback_used,bdl_plus_nba_official,2026-06-08T21:46:27Z,bdl_lineup_freshness_manifest,,False,False,3.5,0.6655,0.3345,-199.0,199.0,4.1641,2.6412,2.0,4.0,6.0,0.4653,0.4653,0.2001,full,ready,,build_derek_forward_feed:v1_model_only_plus_market_reference,ok
2026-06-08,2026-06-08,f4da0f14-6b9f-47b7-bcbc-f5ee557a11a1,morning_expected,2026-06-08T21:47:20Z,c6cc74a6,c6cc74a6#phase10c,challenger-2026-06-06,2026-06-08T21:47:16Z,61,Mikal Bridges,NYK,SAS,21716136,,reb,3.5,starter,starter,True,,,,30.438,,33.4249,,0.05,projected,not_available_yet,fallback_used,bdl_plus_nba_official,2026-06-08T21:46:27Z,bdl_lineup_freshness_manifest,,False,False,3.5,0.6655,0.3345,-199.0,199.0,4.1641,2.6412,2.0,4.0,6.0,0.4613,0.4613,0.2042,full,ready,,build_derek_forward_feed:v1_model_only_plus_market_reference,ok
2026-06-08,2026-06-08,f4da0f14-6b9f-47b7-bcbc-f5ee557a11a1,morning_expected,2026-06-08T21:47:20Z,c6cc74a6,c6cc74a6#phase10c,challenger-2026-06-06,2026-06-08T21:47:16Z,61,Mikal Bridges,NYK,SAS,21716136,,reb,3.5,starter,starter,True,,,,30.438,,33.4249,,0.05,projected,not_available_yet,fallback_used,bdl_plus_nba_official,2026-06-08T21:46:27Z,bdl_lineup_freshness_manifest,,False,False,3.5,0.6655,0.3345,-199.0,199.0,4.1641,2.6412,2.0,4.0,6.0,0.4415,0.4415,0.224,full,ready,,build_derek_forward_feed:v1_model_only_plus_market_reference,ok
2026-06-08,2026-06-08,f4da0f14-6b9f-47b7-bcbc-f5ee557a11a1,morning_expected,2026-06-08T21:47:20Z,c6cc74a6,c6cc74a6#phase10c,challenger-2026-06-06,2026-06-08T21:47:16Z,61,Mikal Bridges,NYK,SAS,21716136,,reb,2.5,starter,starter,True,,,,30.438,,33.4249,,0.05,projected,not_available_yet,fallback_used,bdl_plus_nba_official,2026-06-08T21:46:27Z,bdl_lineup_freshness_manifest,,False,False,2.5,0.843,0.157,-537.0,537.0,4.1641,2.6412,2.0,4.0,6.0,0.6334,0.6334,0.2097,full,ready,,build_derek_forward_feed:v1_model_only_plus_market_reference,ok
2026-06-08,2026-06-08,f4da0f14-6b9f-47b7-bcbc-f5ee557a11a1,morning_expected,2026-06-08T21:47:20Z,c6cc74a6,c6cc74a6#phase10c,challenger-2026-06-06,2026-06-08T21:47:16Z,61,Mikal Bridges,NYK,SAS,21716136,,reb,3.5,starter,starter,True,,,,30.438,,33.4249,,0.05,projected,not_available_yet,fallback_used,bdl_plus_nba_official,2026-06-08T21:46:27Z,bdl_lineup_freshness_manifest,,False,False,3.5,0.6655,0.3345,-199.0,199.0,4.1641,2.6412,2.0,4.0,6.0,0.4459,0.4459,0.2196,full,ready,,build_derek_forward_feed:v1_model_only_plus_market_reference,ok
2026-06-08,2026-06-08,f4da0f14-6b9f-47b7-bcbc-f5ee557a11a1,morning_expected,2026-06-08T21:47:20Z,c6cc74a6,c6cc74a6#phase10c,challenger-2026-06-06,2026-06-08T21:47:16Z,61,Mikal Bridges,NYK,SAS,21716136,,reb,3.5,starter,starter,True,,,,30.438,,33.4249,,0.05,projected,not_available_yet,fallback_used,bdl_plus_nba_official,2026-06-08T21:46:27Z,bdl_lineup_freshness_manifest,,False,False,3.5,0.6655,0.3345,-199.0,199.0,4.1641,2.6412,2.0,4.0,6.0,0.4653,0.4653,0.2001,full,ready,,build_derek_forward_feed:v1_model_only_plus_market_reference,ok
2026-06-08,2026-06-08,f4da0f14-6b9f-47b7-bcbc-f5ee557a11a1,morning_expected,2026-06-08T21:47:20Z,c6cc74a6,c6cc74a6#phase10c,challenger-2026-06-06,2026-06-08T21:47:16Z,61,Mikal Bridges,NYK,SAS,21716136,,reb,3.5,starter,starter,True,,,,30.438,,33.4249,,0.05,projected,not_available_yet,fallback_used,bdl_plus_nba_official,2026-06-08T21:46:27Z,bdl_lineup_freshness_manifest,,False,False,3.5,0.6655,0.3345,-199.0,199.0,4.1641,2.6412,2.0,4.0,6.0,0.4653,0.4653,0.2001,full,ready,,build_derek_forward_feed:v1_model_only_plus_market_reference,ok
2026-06-08,2026-06-08,f4da0f14-6b9f-47b7-bcbc-f5ee557a11a1,morning_expected,2026-06-08T21:47:20Z,c6cc74a6,c6cc74a6#phase10c,challenger-2026-06-06,2026-06-08T21:47:16Z,61,Mikal Bridges,NYK,SAS,21716136,,reb,3.5,starter,starter,True,,,,30.438,,33.4249,,0.05,projected,not_available_yet,fallback_used,bdl_plus_nba_official,2026-06-08T21:46:27Z,bdl_lineup_freshness_manifest,,False,False,3.5,0.6655,0.3345,-199.0,199.0,4.1641,2.6412,2.0,4.0,6.0,0.4653,0.4653,0.2001,full,ready,,build_derek_forward_feed:v1_model_only_plus_market_reference,ok
2026-06-08,2026-06-08,f4da0f14-6b9f-47b7-bcbc-f5ee557a11a1,morning_expected,2026-06-08T21:47:20Z,c6cc74a6,c6cc74a6#phase10c,challenger-2026-06-06,2026-06-08T21:47:16Z,61,Mikal Bridges,NYK,SAS,21716136,,reb,3.5,starter,starter,True,,,,30.438,,33.4249,,0.05,projected,not_available_yet,fallback_used,bdl_plus_nba_official,2026-06-08T21:46:27Z,bdl_lineup_freshness_manifest,,False,False,3.5,0.6655,0.3345,-199.0,199.0,4.1641,2.6412,2.0,4.0,6.0,0.4514,0.4514,0.2141,full,ready,,build_derek_forward_feed:v1_model_only_plus_market_reference,ok
2026-06-08,2026-06-08,f4da0f14-6b9f-47b7-bcbc-f5ee557a11a1,morning_expected,2026-06-08T21:47:20Z,c6cc74a6,c6cc74a6#phase10c,challenger-2026-06-06,2026-06-08T21:47:16Z,61,Mikal Bridges,NYK,SAS,21716136,,reb,3.5,starter,starter,True,,,,30.438,,33.4249,,0.05,projected,not_available_yet,fallback_used,bdl_plus_nba_official,2026-06-08T21:46:27Z,bdl_lineup_freshness_manifest,,False,False,3.5,0.6655,0.3345,-199.0,199.0,4.1641,2.6412,2.0,4.0,6.0,0.4589,0.4589,0.2066,full,ready,,build_derek_forward_feed:v1_model_only_plus_market_reference,ok
2026-06-08,2026-06-08,f4da0f14-6b9f-47b7-bcbc-f5ee557a11a1,morning_expected,2026-06-08T21:47:20Z,c6cc74a6,c6cc74a6#phase10c,challenger-2026-06-06,2026-06-08T21:47:16Z,61,Mikal Bridges,NYK,SAS,21716136,,reb,3.5,starter,starter,True,,,,30.438,,33.4249,,0.05,projected,not_available_yet,fallback_used,bdl_plus_nba_official,2026-06-08T21:46:27Z,bdl_lineup_freshness_manifest,,False,False,3.5,0.6655,0.3345,-199.0,199.0,4.1641,2.6412,2.0,4.0,6.0,0.4615,0.4615,0.2039,full,ready,,build_derek_forward_feed:v1_model_only_plus_market_reference,ok
2026-06-08,2026-06-08,f4da0f14-6b9f-47b7-bcbc-f5ee557a11a1,morning_expected,2026-06-08T21:47:20Z,c6cc74a6,c6cc74a6#phase10c,challenger-2026-06-06,2026-06-08T21:47:16Z,61,Mikal Bridges,NYK,SAS,21716136,,reb,2.5,starter,starter,True,,,,30.438,,33.4249,,0.05,projected,not_available_yet,fallback_used,bdl_plus_nba_official,2026-06-08T21:46:27Z,bdl_lineup_freshness_manifest,,False,False,2.5,0.843,0.157,-537.0,537.0,4.1641,2.6412,2.0,4.0,6.0,0.6182,0.6182,0.2248,full,ready,,build_derek_forward_feed:v1_model_only_plus_market_reference,ok
2026-06-08,2026-06-08,f4da0f14-6b9f-47b7-bcbc-f5ee557a11a1,morning_expected,2026-06-08T21:47:20Z,c6cc74a6,c6cc74a6#phase10c,challenger-2026-06-06,2026-06-08T21:47:16Z,61,Mikal Bridges,NYK,SAS,21716136,,reb,3.5,starter,starter,True,,,,30.438,,33.4249,,0.05,projected,not_available_yet,fallback_used,bdl_plus_nba_official,2026-06-08T21:46:27Z,bdl_lineup_freshness_manifest,,False,False,3.5,0.6655,0.3345,-199.0,199.0,4.1641,2.6412,2.0,4.0,6.0,0.4459,0.4459,0.2196,full,ready,,build_derek_forward_feed:v1_model_only_plus_market_reference,ok
2026-06-08,2026-06-08,f4da0f14-6b9f-47b7-bcbc-f5ee557a11a1,morning_expected,2026-06-08T21:47:20Z,c6cc74a6,c6cc74a6#phase10c,challenger-2026-06-06,2026-06-08T21:47:16Z,61,Mikal Bridges,NYK,SAS,21716136,,reb,4.5,starter,starter,True,,,,30.438,,33.4249,,0.05,projected,not_available_yet,fallback_used,bdl_plus_nba_official,2026-06-08T21:46:27Z,bdl_lineup_freshness_manifest,,False,False,4.5,0.3888,0.6112,157.0,-157.0,4.1641,2.6412,2.0,4.0,6.0,0.2941,0.2941,0.0947,full,ready,,build_derek_forward_feed:v1_model_only_plus_market_reference,ok
2026-06-08,2026-06-08,f4da0f14-6b9f-47b7-bcbc-f5ee557a11a1,morning_expected,2026-06-08T21:47:20Z,c6cc74a6,c6cc74a6#phase10c,challenger-2026-06-06,2026-06-08T21:47:16Z,61,Mikal Bridges,NYK,SAS,21716136,,ast,3.5,starter,starter,True,,,,30.438,,33.4249,,0.05,projected,not_available_yet,fallback_used,bdl_plus_nba_official,2026-06-08T21:46:27Z,bdl_lineup_freshness_manifest,,False,False,3.5,0.4323,0.5677,131.0,-131.0,3.2459,1.909,2.0,3.0,5.0,0.375,0.375,0.0573,full,ready,,build_derek_forward_feed:v1_model_only_plus_market_reference,ok
2026-06-08,2026-06-08,f4da0f14-6b9f-47b7-bcbc-f5ee557a11a1,morning_expected,2026-06-08T21:47:20Z,c6cc74a6,c6cc74a6#phase10c,challenger-2026-06-06,2026-06-08T21:47:16Z,61,Mikal Bridges,NYK,SAS,21716136,,ast,2.5,starter,starter,True,,,,30.438,,33.4249,,0.05,projected,not_available_yet,fallback_used,bdl_plus_nba_official,2026-06-08T21:46:27Z,bdl_lineup_freshness_manifest,,False,False,2.5,0.681,0.319,-214.0,214.0,3.2459,1.909,2.0,3.0,5.0,0.5752,0.5752,0.1059,full,ready,,build_derek_forward_feed:v1_model_only_plus_market_reference,ok
2026-06-08,2026-06-08,f4da0f14-6b9f-47b7-bcbc-f5ee557a11a1,morning_expected,2026-06-08T21:47:20Z,c6cc74a6,c6cc74a6#phase10c,challenger-2026-06-06,2026-06-08T21:47:16Z,61,Mikal Bridges,NYK,SAS,21716136,,ast,2.5,starter,starter,True,,,,30.438,,33.4249,,0.05,projected,not_available_yet,fallback_used,bdl_plus_nba_official,2026-06-08T21:46:27Z,bdl_lineup_freshness_manifest,,False,False,2.5,0.681,0.319,-214.0,214.0,3.2459,1.909,2.0,3.0,5.0,0.5752,0.5752,0.1059,full,ready,,build_derek_forward_feed:v1_model_only_plus_market_reference,ok
2026-06-08,2026-06-08,f4da0f14-6b9f-47b7-bcbc-f5ee557a11a1,morning_expected,2026-06-08T21:47:20Z,c6cc74a6,c6cc74a6#phase10c,challenger-2026-06-06,2026-06-08T21:47:16Z,61,Mikal Bridges,NYK,SAS,21716136,,ast,2.5,starter,starter,True,,,,30.438,,33.4249,,0.05,projected,not_available_yet,fallback_used,bdl_plus_nba_official,2026-06-08T21:46:27Z,bdl_lineup_freshness_manifest,,False,False,2.5,0.681,0.319,-214.0,214.0,3.2459,1.909,2.0,3.0,5.0,0.5996,0.5996,0.0815,full,ready,,build_derek_forward_feed:v1_model_only_plus_market_reference,ok
2026-06-08,2026-06-08,f4da0f14-6b9f-47b7-bcbc-f5ee557a11a1,morning_expected,2026-06-08T21:47:20Z,c6cc74a6,c6cc74a6#phase10c,challenger-2026-06-06,2026-06-08T21:47:16Z,61,Mikal Bridges,NYK,SAS,21716136,,ast,2.5,starter,starter,True,,,,30.438,,33.4249,,0.05,projected,not_available_yet,fallback_used,bdl_plus_nba_official,2026-06-08T21:46:27Z,bdl_lineup_freshness_manifest,,False,False,2.5,0.681,0.319,-214.0,214.0,3.2459,1.909,2.0,3.0,5.0,0.5936,0.5936,0.0874,full,ready,,build_derek_forward_feed:v1_model_only_plus_market_reference,ok
2026-06-08,2026-06-08,f4da0f14-6b9f-47b7-bcbc-f5ee557a11a1,morning_expected,2026-06-08T21:47:20Z,c6cc74a6,c6cc74a6#phase10c,challenger-2026-06-06,2026-06-08T21:47:16Z,61,Mikal Bridges,NYK,SAS,21716136,,ast,2.5,starter,starter,True,,,,30.438,,33.4249,,0.05,projected,not_available_yet,fallback_used,bdl_plus_nba_official,2026-06-08T21:46:27Z,bdl_lineup_freshness_manifest,,False,False,2.5,0.681,0.319,-214.0,214.0,3.2459,1.909,2.0,3.0,5.0,0.5763,0.5763,0.1048,full,ready,,build_derek_forward_feed:v1_model_only_plus_market_reference,ok
2026-06-08,2026-06-08,f4da0f14-6b9f-47b7-bcbc-f5ee557a11a1,morning_expected,2026-06-08T21:47:20Z,c6cc74a6,c6cc74a6#phase10c,challenger-2026-06-06,2026-06-08T21:47:16Z,61,Mikal Bridges,NYK,SAS,21716136,,ast,2.5,starter,starter,True,,,,30.438,,33.4249,,0.05,projected,not_available_yet,fallback_used,bdl_plus_nba_official,2026-06-08T21:46:27Z,bdl_lineup_freshness_manifest,,False,False,2.5,0.681,0.319,-214.0,214.0,3.2459,1.909,2.0,3.0,5.0,0.5835,0.5835,0.0975,full,ready,,build_derek_forward_feed:v1_model_only_plus_market_reference,ok
2026-06-08,2026-06-08,f4da0f14-6b9f-47b7-bcbc-f5ee557a11a1,morning_expected,2026-06-08T21:47:20Z,c6cc74a6,c6cc74a6#phase10c,challenger-2026-06-06,2026-06-08T21:47:16Z,61,Mikal Bridges,NYK,SAS,21716136,,ast,2.5,starter,starter,True,,,,30.438,,33.4249,,0.05,projected,not_available_yet,fallback_used,bdl_plus_nba_official,2026-06-08T21:46:27Z,bdl_lineup_freshness_manifest,,False,False,2.5,0.681,0.319,-214.0,214.0,3.2459,1.909,2.0,3.0,5.0,0.575,0.575,0.1061,full,ready,,build_derek_forward_feed:v1_model_only_plus_market_reference,ok
2026-06-08,2026-06-08,f4da0f14-6b9f-47b7-bcbc-f5ee557a11a1,morning_expected,2026-06-08T21:47:20Z,c6cc74a6,c6cc74a6#phase10c,challenger-2026-06-06,2026-06-08T21:47:16Z,61,Mikal Bridges,NYK,SAS,21716136,,ast,2.5,starter,starter,True,,,,30.438,,33.4249,,0.05,projected,not_available_yet,fallback_used,bdl_plus_nba_official,2026-06-08T21:46:27Z,bdl_lineup_freshness_manifest,,False,False,2.5,0.681,0.319,-214.0,214.0,3.2459,1.909,2.0,3.0,5.0,0.5835,0.5835,0.0975,full,ready,,build_derek_forward_feed:v1_model_only_plus_market_reference,ok
2026-06-08,2026-06-08,f4da0f14-6b9f-47b7-bcbc-f5ee557a11a1,morning_expected,2026-06-08T21:47:20Z,c6cc74a6,c6cc74a6#phase10c,challenger-2026-06-06,2026-06-08T21:47:16Z,61,Mikal Bridges,NYK,SAS,21716136,,ast,2.5,starter,starter,True,,,,30.438,,33.4249,,0.05,projected,not_available_yet,fallback_used,bdl_plus_nba_official,2026-06-08T21:46:27Z,bdl_lineup_freshness_manifest,,False,False,2.5,0.681,0.319,-214.0,214.0,3.2459,1.909,2.0,3.0,5.0,0.5752,0.5752,0.1059,full,ready,,build_derek_forward_feed:v1_model_only_plus_market_reference,ok
2026-06-08,2026-06-08,f4da0f14-6b9f-47b7-bcbc-f5ee557a11a1,morning_expected,2026-06-08T21:47:20Z,c6cc74a6,c6cc74a6#phase10c,challenger-2026-06-06,2026-06-08T21:47:16Z,61,Mikal Bridges,NYK,SAS,21716136,,ast,3.5,starter,starter,True,,,,30.438,,33.4249,,0.05,projected,not_available_yet,fallback_used,bdl_plus_nba_official,2026-06-08T21:46:27Z,bdl_lineup_freshness_manifest,,False,False,3.5,0.4323,0.5677,131.0,-131.0,3.2459,1.909,2.0,3.0,5.0,0.3983,0.3983,0.034,full,ready,,build_derek_forward_feed:v1_model_only_plus_market_reference,ok
2026-06-08,2026-06-08,f4da0f14-6b9f-47b7-bcbc-f5ee557a11a1,morning_expected,2026-06-08T21:47:20Z,c6cc74a6,c6cc74a6#phase10c,challenger-2026-06-06,2026-06-08T21:47:16Z,61,Mikal Bridges,NYK,SAS,21716136,,ast,4.5,starter,starter,True,,,,30.438,,33.4249,,0.05,projected,not_available_yet,fallback_used,bdl_plus_nba_official,2026-06-08T21:46:27Z,bdl_lineup_freshness_manifest,,False,False,4.5,0.1764,0.8236,467.0,-467.0,3.2459,1.909,2.0,3.0,5.0,0.241,0.241,-0.0646,full,ready,,build_derek_forward_feed:v1_model_only_plus_market_reference,ok
2026-06-08,2026-06-08,f4da0f14-6b9f-47b7-bcbc-f5ee557a11a1,morning_expected,2026-06-08T21:47:20Z,c6cc74a6,c6cc74a6#phase10c,challenger-2026-06-06,2026-06-08T21:47:16Z,61,Mikal Bridges,NYK,SAS,21716136,,ast,2.5,starter,starter,True,,,,30.438,,33.4249,,0.05,projected,not_available_yet,fallback_used,bdl_plus_nba_official,2026-06-08T21:46:27Z,bdl_lineup_freshness_manifest,,False,False,2.5,0.681,0.319,-214.0,214.0,3.2459,1.909,2.0,3.0,5.0,0.6026,0.6026,0.0784,full,ready,,build_derek_forward_feed:v1_model_only_plus_market_reference,ok
2026-06-08,2026-06-08,f4da0f14-6b9f-47b7-bcbc-f5ee557a11a1,morning_expected,2026-06-08T21:47:20Z,c6cc74a6,c6cc74a6#phase10c,challenger-2026-06-06,2026-06-08T21:47:16Z,61,Mikal Bridges,NYK,SAS,21716136,,ast,2.5,starter,starter,True,,,,30.438,,33.4249,,0.05,projected,not_available_yet,fallback_used,bdl_plus_nba_official,2026-06-08T21:46:27Z,bdl_lineup_freshness_manifest,,False,False,2.5,0.681,0.319,-214.0,214.0,3.2459,1.909,2.0,3.0,5.0,0.5835,0.5835,0.0975,full,ready,,build_derek_forward_feed:v1_model_only_plus_market_reference,ok
2026-06-08,2026-06-08,f4da0f14-6b9f-47b7-bcbc-f5ee557a11a1,morning_expected,2026-06-08T21:47:20Z,c6cc74a6,c6cc74a6#phase10c,challenger-2026-06-06,2026-06-08T21:47:16Z,61,Mikal Bridges,NYK,SAS,21716136,,ast,2.5,starter,starter,True,,,,30.438,,33.4249,,0.05,projected,not_available_yet,fallback_used,bdl_plus_nba_official,2026-06-08T21:46:27Z,bdl_lineup_freshness_manifest,,False,False,2.5,0.681,0.319,-214.0,214.0,3.2459,1.909,2.0,3.0,5.0,0.5936,0.5936,0.0875,full,ready,,build_derek_forward_feed:v1_model_only_plus_market_reference,ok
2026-06-08,2026-06-08,f4da0f14-6b9f-47b7-bcbc-f5ee557a11a1,morning_expected,2026-06-08T21:47:20Z,c6cc74a6,c6cc74a6#phase10c,challenger-2026-06-06,2026-06-08T21:47:16Z,61,Mikal Bridges,NYK,SAS,21716136,,fg3m,1.5,starter,starter,True,,,,30.438,,33.4249,,0.05,projected,not_available_yet,fallback_used,bdl_plus_nba_official,2026-06-08T21:46:27Z,bdl_lineup_freshness_manifest,,False,False,1.5,0.3348,0.6652,199.0,-199.0,1.0973,1.1983,0.0,1.0,3.0,0.4483,0.4483,-0.1135,full,ready,,build_derek_forward_feed:v1_model_only_plus_market_reference,ok
2026-06-08,2026-06-08,f4da0f14-6b9f-47b7-bcbc-f5ee557a11a1,morning_expected,2026-06-08T21:47:20Z,c6cc74a6,c6cc74a6#phase10c,challenger-2026-06-06,2026-06-08T21:47:16Z,61,Mikal Bridges,NYK,SAS,21716136,,fg3m,1.5,starter,starter,True,,,,30.438,,33.4249,,0.05,projected,not_available_yet,fallback_used,bdl_plus_nba_official,2026-06-08T21:46:27Z,bdl_lineup_freshness_manifest,,False,False,1.5,0.3348,0.6652,199.0,-199.0,1.0973,1.1983,0.0,1.0,3.0,0.4494,0.4494,-0.1146,full,ready,,build_derek_forward_feed:v1_model_only_plus_market_reference,ok
2026-06-08,2026-06-08,f4da0f14-6b9f-47b7-bcbc-f5ee557a11a1,morning_expected,2026-06-08T21:47:20Z,c6cc74a6,c6cc74a6#phase10c,challenger-2026-06-06,2026-06-08T21:47:16Z,61,Mikal Bridges,NYK,SAS,21716136,,fg3m,1.5,starter,starter,True,,,,30.438,,33.4249,,0.05,projected,not_available_yet,fallback_used,bdl_plus_nba_official,2026-06-08T21:46:27Z,bdl_lineup_freshness_manifest,,False,False,1.5,0.3348,0.6652,199.0,-199.0,1.0973,1.1983,0.0,1.0,3.0,0.4462,0.4462,-0.1114,full,ready,,build_derek_forward_feed:v1_model_only_plus_market_reference,ok
2026-06-08,2026-06-08,f4da0f14-6b9f-47b7-bcbc-f5ee557a11a1,morning_expected,2026-06-08T21:47:20Z,c6cc74a6,c6cc74a6#phase10c,challenger-2026-06-06,2026-06-08T21:47:16Z,61,Mikal Bridges,NYK,SAS,21716136,,fg3m,1.5,starter,starter,True,,,,30.438,,33.4249,,0.05,projected,not_available_yet,fallback_used,bdl_plus_nba_official,2026-06-08T21:46:27Z,bdl_lineup_freshness_manifest,,False,False,1.5,0.3348,0.6652,199.0,-199.0,1.0973,1.1983,0.0,1.0,3.0,0.4425,0.4425,-0.1077,full,ready,,build_derek_forward_feed:v1_model_only_plus_market_reference,ok
2026-06-08,2026-06-08,f4da0f14-6b9f-47b7-bcbc-f5ee557a11a1,morning_expected,2026-06-08T21:47:20Z,c6cc74a6,c6cc74a6#phase10c,challenger-2026-06-06,2026-06-08T21:47:16Z,61,Mikal Bridges,NYK,SAS,21716136,,fg3m,1.5,starter,starter,True,,,,30.438,,33.4249,,0.05,projected,not_available_yet,fallback_used,bdl_plus_nba_official,2026-06-08T21:46:27Z,bdl_lineup_freshness_manifest,,False,False,1.5,0.3348,0.6652,199.0,-199.0,1.0973,1.1983,0.0,1.0,3.0,0.4215,0.4215,-0.0867,full,ready,,build_derek_forward_feed:v1_model_only_plus_market_reference,ok
2026-06-08,2026-06-08,f4da0f14-6b9f-47b7-bcbc-f5ee557a11a1,morning_expected,2026-06-08T21:47:20Z,c6cc74a6,c6cc74a6#phase10c,challenger-2026-06-06,2026-06-08T21:47:16Z,61,Mikal Bridges,NYK,SAS,21716136,,fg3m,1.5,starter,starter,True,,,,30.438,,33.4249,,0.05,projected,not_available_yet,fallback_used,bdl_plus_nba_official,2026-06-08T21:46:27Z,bdl_lineup_freshness_manifest,,False,False,1.5,0.3348,0.6652,199.0,-199.0,1.0973,1.1983,0.0,1.0,3.0,0.4248,0.4248,-0.09,full,ready,,build_derek_forward_feed:v1_model_only_plus_market_reference,ok
2026-06-08,2026-06-08,f4da0f14-6b9f-47b7-bcbc-f5ee557a11a1,morning_expected,2026-06-08T21:47:20Z,c6cc74a6,c6cc74a6#phase10c,challenger-2026-06-06,2026-06-08T21:47:16Z,61,Mikal Bridges,NYK,SAS,21716136,,fg3m,1.5,starter,starter,True,,,,30.438,,33.4249,,0.05,projected,not_available_yet,fallback_used,bdl_plus_nba_official,2026-06-08T21:46:27Z,bdl_lineup_freshness_manifest,,False,False,1.5,0.3348,0.6652,199.0,-199.0,1.0973,1.1983,0.0,1.0,3.0,0.4401,0.4401,-0.1053,full,ready,,build_derek_forward_feed:v1_model_only_plus_market_reference,ok
2026-06-08,2026-06-08,f4da0f14-6b9f-47b7-bcbc-f5ee557a11a1,morning_expected,2026-06-08T21:47:20Z,c6cc74a6,c6cc74a6#phase10c,challenger-2026-06-06,2026-06-08T21:47:16Z,61,Mikal Bridges,NYK,SAS,21716136,,fg3m,1.5,starter,starter,True,,,,30.438,,33.4249,,0.05,projected,not_available_yet,fallback_used,bdl_plus_nba_official,2026-06-08T21:46:27Z,bdl_lineup_freshness_manifest,,False,False,1.5,0.3348,0.6652,199.0,-199.0,1.0973,1.1983,0.0,1.0,3.0,0.4401,0.4401,-0.1053,full,ready,,build_derek_forward_feed:v1_model_only_plus_market_reference,ok
2026-06-08,2026-06-08,f4da0f14-6b9f-47b7-bcbc-f5ee557a11a1,morning_expected,2026-06-08T21:47:20Z,c6cc74a6,c6cc74a6#phase10c,challenger-2026-06-06,2026-06-08T21:47:16Z,61,Mikal Bridges,NYK,SAS,21716136,,fg3m,1.5,starter,starter,True,,,,30.438,,33.4249,,0.05,projected,not_available_yet,fallback_used,bdl_plus_nba_official,2026-06-08T21:46:27Z,bdl_lineup_freshness_manifest,,False,False,1.5,0.3348,0.6652,199.0,-199.0,1.0973,1.1983,0.0,1.0,3.0,0.4719,0.4719,-0.1371,full,ready,,build_derek_forward_feed:v1_model_only_plus_market_reference,ok
2026-06-08,2026-06-08,f4da0f14-6b9f-47b7-bcbc-f5ee557a11a1,morning_expected,2026-06-08T21:47:20Z,c6cc74a6,c6cc74a6#phase10c,challenger-2026-06-06,2026-06-08T21:47:16Z,61,Mikal Bridges,NYK,SAS,21716136,,fg3m,1.5,starter,starter,True,,,,30.438,,33.4249,,0.05,projected,not_available_yet,fallback_used,bdl_plus_nba_official,2026-06-08T21:46:27Z,bdl_lineup_freshness_manifest,,False,False,1.5,0.3348,0.6652,199.0,-199.0,1.0973,1.1983,0.0,1.0,3.0,0.4401,0.4401,-0.1053,full,ready,,build_derek_forward_feed:v1_model_only_plus_market_reference,ok
2026-06-08,2026-06-08,f4da0f14-6b9f-47b7-bcbc-f5ee557a11a1,morning_expected,2026-06-08T21:47:20Z,c6cc74a6,c6cc74a6#phase10c,challenger-2026-06-06,2026-06-08T21:47:16Z,61,Mikal Bridges,NYK,SAS,21716136,,fg3m,1.5,starter,starter,True,,,,30.438,,33.4249,,0.05,projected,not_available_yet,fallback_used,bdl_plus_nba_official,2026-06-08T21:46:27Z,bdl_lineup_freshness_manifest,,False,False,1.5,0.3348,0.6652,199.0,-199.0,1.0973,1.1983,0.0,1.0,3.0,0.4438,0.4438,-0.109,full,ready,,build_derek_forward_feed:v1_model_only_plus_market_reference,ok
2026-06-08,2026-06-08,f4da0f14-6b9f-47b7-bcbc-f5ee557a11a1,morning_expected,2026-06-08T21:47:20Z,c6cc74a6,c6cc74a6#phase10c,challenger-2026-06-06,2026-06-08T21:47:16Z,61,Mikal Bridges,NYK,SAS,21716136,,fg3m,1.5,starter,starter,True,,,,30.438,,33.4249,,0.05,projected,not_available_yet,fallback_used,bdl_plus_nba_official,2026-06-08T21:46:27Z,bdl_lineup_freshness_manifest,,False,False,1.5,0.3348,0.6652,199.0,-199.0,1.0973,1.1983,0.0,1.0,3.0,0.4579,0.4579,-0.1231,full,ready,,build_derek_forward_feed:v1_model_only_plus_market_reference,ok
2026-06-08,2026-06-08,f4da0f14-6b9f-47b7-bcbc-f5ee557a11a1,morning_expected,2026-06-08T21:47:20Z,c6cc74a6,c6cc74a6#phase10c,challenger-2026-06-06,2026-06-08T21:47:16Z,61,Mikal Bridges,NYK,SAS,21716136,,fg3m,0.5,starter,starter,True,,,,30.438,,33.4249,,0.05,projected,not_available_yet,fallback_used,bdl_plus_nba_official,2026-06-08T21:46:27Z,bdl_lineup_freshness_manifest,,False,False,0.5,0.6037,0.3963,-152.0,152.0,1.0973,1.1983,0.0,1.0,3.0,0.7677,0.7677,-0.164,full,ready,,build_derek_forward_feed:v1_model_only_plus_market_reference,ok
2026-06-08,2026-06-08,f4da0f14-6b9f-47b7-bcbc-f5ee557a11a1,morning_expected,2026-06-08T21:47:20Z,c6cc74a6,c6cc74a6#phase10c,challenger-2026-06-06,2026-06-08T21:47:16Z,61,Mikal Bridges,NYK,SAS,21716136,,fg3m,1.5,starter,starter,True,,,,30.438,,33.4249,,0.05,projected,not_available_yet,fallback_used,bdl_plus_nba_official,2026-06-08T21:46:27Z,bdl_lineup_freshness_manifest,,False,False,1.5,0.3348,0.6652,199.0,-199.0,1.0973,1.1983,0.0,1.0,3.0,0.4367,0.4367,-0.1019,full,ready,,build_derek_forward_feed:v1_model_only_plus_market_reference,ok
2026-06-08,2026-06-08,f4da0f14-6b9f-47b7-bcbc-f5ee557a11a1,morning_expected,2026-06-08T21:47:20Z,c6cc74a6,c6cc74a6#phase10c,challenger-2026-06-06,2026-06-08T21:47:16Z,61,Mikal Bridges,NYK,SAS,21716136,,fg3m,2.5,starter,starter,True,,,,30.438,,33.4249,,0.05,projected,not_available_yet,fallback_used,bdl_plus_nba_official,2026-06-08T21:46:27Z,bdl_lineup_freshness_manifest,,False,False,2.5,0.1589,0.8411,529.0,-529.0,1.0973,1.1983,0.0,1.0,3.0,0.2222,0.2222,-0.0634,full,ready,,build_derek_forward_feed:v1_model_only_plus_market_reference,ok
2026-06-08,2026-06-08,f4da0f14-6b9f-47b7-bcbc-f5ee557a11a1,morning_expected,2026-06-08T21:47:20Z,c6cc74a6,c6cc74a6#phase10c,challenger-2026-06-06,2026-06-08T21:47:16Z,61,Mikal Bridges,NYK,SAS,21716136,,tov,,starter,starter,True,,,,30.438,,33.4249,,0.05,projected,not_available_yet,fallback_used,bdl_plus_nba_official,2026-06-08T21:46:27Z,bdl_lineup_freshness_manifest,,False,False,,,,,,1.1536,0.4166,0.0,1.0,2.0,,,,no_market,ready,,build_derek_forward_feed:v1_model_only_plus_market_reference,ok
2026-06-08,2026-06-08,f4da0f14-6b9f-47b7-bcbc-f5ee557a11a1,morning_expected,2026-06-08T21:47:20Z,c6cc74a6,c6cc74a6#phase10c,challenger-2026-06-06,2026-06-08T21:47:16Z,61,Mikal Bridges,NYK,SAS,21716136,,stl,1.5,starter,starter,True,,,,30.438,,33.4249,,0.05,projected,not_available_yet,fallback_used,bdl_plus_nba_official,2026-06-08T21:46:27Z,bdl_lineup_freshness_manifest,,False,False,1.5,0.215,0.785,365.0,-365.0,0.8079,2.0807,0.0,0.0,3.0,0.3769,0.3769,-0.1619,full,ready,,build_derek_forward_feed:v1_model_only_plus_market_reference,ok
2026-06-08,2026-06-08,f4da0f14-6b9f-47b7-bcbc-f5ee557a11a1,morning_expected,2026-06-08T21:47:20Z,c6cc74a6,c6cc74a6#phase10c,challenger-2026-06-06,2026-06-08T21:47:16Z,61,Mikal Bridges,NYK,SAS,21716136,,stl,1.5,starter,starter,True,,,,30.438,,33.4249,,0.05,projected,not_available_yet,fallback_used,bdl_plus_nba_official,2026-06-08T21:46:27Z,bdl_lineup_freshness_manifest,,False,False,1.5,0.215,0.785,365.0,-365.0,0.8079,2.0807,0.0,0.0,3.0,0.379,0.379,-0.164,full,ready,,build_derek_forward_feed:v1_model_only_plus_market_reference,ok
2026-06-08,2026-06-08,f4da0f14-6b9f-47b7-bcbc-f5ee557a11a1,morning_expected,2026-06-08T21:47:20Z,c6cc74a6,c6cc74a6#phase10c,challenger-2026-06-06,2026-06-08T21:47:16Z,61,Mikal Bridges,NYK,SAS,21716136,,stl,1.5,starter,starter,True,,,,30.438,,33.4249,,0.05,projected,not_available_yet,fallback_used,bdl_plus_nba_official,2026-06-08T21:46:27Z,bdl_lineup_freshness_manifest,,False,False,1.5,0.215,0.785,365.0,-365.0,0.8079,2.0807,0.0,0.0,3.0,0.375,0.375,-0.16,full,ready,,build_derek_forward_feed:v1_model_only_plus_market_reference,ok
2026-06-08,2026-06-08,f4da0f14-6b9f-47b7-bcbc-f5ee557a11a1,morning_expected,2026-06-08T21:47:20Z,c6cc74a6,c6cc74a6#phase10c,challenger-2026-06-06,2026-06-08T21:47:16Z,61,Mikal Bridges,NYK,SAS,21716136,,stl,1.5,starter,starter,True,,,,30.438,,33.4249,,0.05,projected,not_available_yet,fallback_used,bdl_plus_nba_official,2026-06-08T21:46:27Z,bdl_lineup_freshness_manifest,,False,False,1.5,0.215,0.785,365.0,-365.0,0.8079,2.0807,0.0,0.0,3.0,0.3846,0.3846,-0.1696,full,ready,,build_derek_forward_feed:v1_model_only_plus_market_reference,ok
2026-06-08,2026-06-08,f4da0f14-6b9f-47b7-bcbc-f5ee557a11a1,morning_expected,2026-06-08T21:47:20Z,c6cc74a6,c6cc74a6#phase10c,challenger-2026-06-06,2026-06-08T21:47:16Z,61,Mikal Bridges,NYK,SAS,21716136,,stl,1.5,starter,starter,True,,,,30.438,,33.4249,,0.05,projected,not_available_yet,fallback_used,bdl_plus_nba_official,2026-06-08T21:46:27Z,bdl_lineup_freshness_manifest,,False,False,1.5,0.215,0.785,365.0,-365.0,0.8079,2.0807,0.0,0.0,3.0,0.3846,0.3846,-0.1696,full,ready,,build_derek_forward_feed:v1_model_only_plus_market_reference,ok
2026-06-08,2026-06-08,f4da0f14-6b9f-47b7-bcbc-f5ee557a11a1,morning_expected,2026-06-08T21:47:20Z,c6cc74a6,c6cc74a6#phase10c,challenger-2026-06-06,2026-06-08T21:47:16Z,61,Mikal Bridges,NYK,SAS,21716136,,stl,1.5,starter,starter,True,,,,30.438,,33.4249,,0.05,projected,not_available_yet,fallback_used,bdl_plus_nba_official,2026-06-08T21:46:27Z,bdl_lineup_freshness_manifest,,False,False,1.5,0.215,0.785,365.0,-365.0,0.8079,2.0807,0.0,0.0,3.0,0.3846,0.3846,-0.1696,full,ready,,build_derek_forward_feed:v1_model_only_plus_market_reference,ok
2026-06-08,2026-06-08,f4da0f14-6b9f-47b7-bcbc-f5ee557a11a1,morning_expected,2026-06-08T21:47:20Z,c6cc74a6,c6cc74a6#phase10c,challenger-2026-06-06,2026-06-08T21:47:16Z,61,Mikal Bridges,NYK,SAS,21716136,,stl,1.5,starter,starter,True,,,,30.438,,33.4249,,0.05,projected,not_available_yet,fallback_used,bdl_plus_nba_official,2026-06-08T21:46:27Z,bdl_lineup_freshness_manifest,,False,False,1.5,0.215,0.785,365.0,-365.0,0.8079,2.0807,0.0,0.0,3.0,0.3731,0.3731,-0.1581,full,ready,,build_derek_forward_feed:v1_model_only_plus_market_reference,ok
2026-06-08,2026-06-08,f4da0f14-6b9f-47b7-bcbc-f5ee557a11a1,morning_expected,2026-06-08T21:47:20Z,c6cc74a6,c6cc74a6#phase10c,challenger-2026-06-06,2026-06-08T21:47:16Z,61,Mikal Bridges,NYK,SAS,21716136,,stl,1.5,starter,starter,True,,,,30.438,,33.4249,,0.05,projected,not_available_yet,fallback_used,bdl_plus_nba_official,2026-06-08T21:46:27Z,bdl_lineup_freshness_manifest,,False,False,1.5,0.215,0.785,365.0,-365.0,0.8079,2.0807,0.0,0.0,3.0,0.3678,0.3678,-0.1528,full,ready,,build_derek_forward_feed:v1_model_only_plus_market_reference,ok
2026-06-08,2026-06-08,f4da0f14-6b9f-47b7-bcbc-f5ee557a11a1,morning_expected,2026-06-08T21:47:20Z,c6cc74a6,c6cc74a6#phase10c,challenger-2026-06-06,2026-06-08T21:47:16Z,61,Mikal Bridges,NYK,SAS,21716136,,blk,0.5,starter,starter,True,,,,30.438,,33.4249,,0.05,projected,not_available_yet,fallback_used,bdl_plus_nba_official,2026-06-08T21:46:27Z,bdl_lineup_freshness_manifest,,False,False,0.5,0.226,0.774,343.0,-343.0,0.3336,0.5089,0.0,0.0,1.0,0.3666,0.3666,-0.1407,full,ready,,build_derek_forward_feed:v1_model_only_plus_market_reference,ok
2026-06-08,2026-06-08,f4da0f14-6b9f-47b7-bcbc-f5ee557a11a1,morning_expected,2026-06-08T21:47:20Z,c6cc74a6,c6cc74a6#phase10c,challenger-2026-06-06,2026-06-08T21:47:16Z,61,Mikal Bridges,NYK,SAS,21716136,,blk,0.5,starter,starter,True,,,,30.438,,33.4249,,0.05,projected,not_available_yet,fallback_used,bdl_plus_nba_official,2026-06-08T21:46:27Z,bdl_lineup_freshness_manifest,,False,False,0.5,0.226,0.774,343.0,-343.0,0.3336,0.5089,0.0,0.0,1.0,0.3887,0.3887,-0.1628,full,ready,,build_derek_forward_feed:v1_model_only_plus_market_reference,ok
2026-06-08,2026-06-08,f4da0f14-6b9f-47b7-bcbc-f5ee557a11a1,morning_expected,2026-06-08T21:47:20Z,c6cc74a6,c6cc74a6#phase10c,challenger-2026-06-06,2026-06-08T21:47:16Z,61,Mikal Bridges,NYK,SAS,21716136,,blk,0.5,starter,starter,True,,,,30.438,,33.4249,,0.05,projected,not_available_yet,fallback_used,bdl_plus_nba_official,2026-06-08T21:46:27Z,bdl_lineup_freshness_manifest,,False,False,0.5,0.226,0.774,343.0,-343.0,0.3336,0.5089,0.0,0.0,1.0,0.3645,0.3645,-0.1385,full,ready,,build_derek_forward_feed:v1_model_only_plus_market_reference,ok
2026-06-08,2026-06-08,f4da0f14-6b9f-47b7-bcbc-f5ee557a11a1,morning_expected,2026-06-08T21:47:20Z,c6cc74a6,c6cc74a6#phase10c,challenger-2026-06-06,2026-06-08T21:47:16Z,61,Mikal Bridges,NYK,SAS,21716136,,blk,0.5,starter,starter,True,,,,30.438,,33.4249,,0.05,projected,not_available_yet,fallback_used,bdl_plus_nba_official,2026-06-08T21:46:27Z,bdl_lineup_freshness_manifest,,False,False,0.5,0.226,0.774,343.0,-343.0,0.3336,0.5089,0.0,0.0,1.0,0.3678,0.3678,-0.1419,full,ready,,build_derek_forward_feed:v1_model_only_plus_market_reference,ok
2026-06-08,2026-06-08,f4da0f14-6b9f-47b7-bcbc-f5ee557a11a1,morning_expected,2026-06-08T21:47:20Z,c6cc74a6,c6cc74a6#phase10c,challenger-2026-06-06,2026-06-08T21:47:16Z,61,Mikal Bridges,NYK,SAS,21716136,,blk,0.5,starter,starter,True,,,,30.438,,33.4249,,0.05,projected,not_available_yet,fallback_used,bdl_plus_nba_official,2026-06-08T21:46:27Z,bdl_lineup_freshness_manifest,,False,False,0.5,0.226,0.774,343.0,-343.0,0.3336,0.5089,0.0,0.0,1.0,0.3678,0.3678,-0.1419,full,ready,,build_derek_forward_feed:v1_model_only_plus_market_reference,ok
2026-06-08,2026-06-08,f4da0f14-6b9f-47b7-bcbc-f5ee557a11a1,morning_expected,2026-06-08T21:47:20Z,c6cc74a6,c6cc74a6#phase10c,challenger-2026-06-06,2026-06-08T21:47:16Z,61,Mikal Bridges,NYK,SAS,21716136,,blk,0.5,starter,starter,True,,,,30.438,,33.4249,,0.05,projected,not_available_yet,fallback_used,bdl_plus_nba_official,2026-06-08T21:46:27Z,bdl_lineup_freshness_manifest,,False,False,0.5,0.226,0.774,343.0,-343.0,0.3336,0.5089,0.0,0.0,1.0,0.3769,0.3769,-0.1509,full,ready,,build_derek_forward_feed:v1_model_only_plus_market_reference,ok
2026-06-08,2026-06-08,f4da0f14-6b9f-47b7-bcbc-f5ee557a11a1,morning_expected,2026-06-08T21:47:20Z,c6cc74a6,c6cc74a6#phase10c,challenger-2026-06-06,2026-06-08T21:47:16Z,61,Mikal Bridges,NYK,SAS,21716136,,blk,0.5,starter,starter,True,,,,30.438,,33.4249,,0.05,projected,not_available_yet,fallback_used,bdl_plus_nba_official,2026-06-08T21:46:27Z,bdl_lineup_freshness_manifest,,False,False,0.5,0.226,0.774,343.0,-343.0,0.3336,0.5089,0.0,0.0,1.0,0.3678,0.3678,-0.1419,full,ready,,build_derek_forward_feed:v1_model_only_plus_market_reference,ok
2026-06-08,2026-06-08,f4da0f14-6b9f-47b7-bcbc-f5ee557a11a1,morning_expected,2026-06-08T21:47:20Z,c6cc74a6,c6cc74a6#phase10c,challenger-2026-06-06,2026-06-08T21:47:16Z,61,Mikal Bridges,NYK,SAS,21716136,,stocks,1.5,starter,starter,True,,,,30.438,,33.4249,,0.05,projected,not_available_yet,fallback_used,bdl_plus_nba_official,2026-06-08T21:46:27Z,bdl_lineup_freshness_manifest,,False,False,1.5,0.2963,0.7037,237.0,-237.0,1.1373,2.3122,0.0,1.0,3.0,0.5192,0.5192,-0.2228,full,ready,,build_derek_forward_feed:v1_model_only_plus_market_reference,ok
2026-06-08,2026-06-08,f4da0f14-6b9f-47b7-bcbc-f5ee557a11a1,morning_expected,2026-06-08T21:47:20Z,c6cc74a6,c6cc74a6#phase10c,challenger-2026-06-06,2026-06-08T21:47:16Z,61,Mikal Bridges,NYK,SAS,21716136,,stocks,1.5,starter,starter,True,,,,30.438,,33.4249,,0.05,projected,not_available_yet,fallback_used,bdl_plus_nba_official,2026-06-08T21:46:27Z,bdl_lineup_freshness_manifest,,False,False,1.5,0.2963,0.7037,237.0,-237.0,1.1373,2.3122,0.0,1.0,3.0,0.5095,0.5095,-0.2131,full,ready,,build_derek_forward_feed:v1_model_only_plus_market_reference,ok
2026-06-08,2026-06-08,f4da0f14-6b9f-47b7-bcbc-f5ee557a11a1,morning_expected,2026-06-08T21:47:20Z,c6cc74a6,c6cc74a6#phase10c,challenger-2026-06-06,2026-06-08T21:47:16Z,61,Mikal Bridges,NYK,SAS,21716136,,stocks,1.5,starter,starter,True,,,,30.438,,33.4249,,0.05,projected,not_available_yet,fallback_used,bdl_plus_nba_official,2026-06-08T21:46:27Z,bdl_lineup_freshness_manifest,,False,False,1.5,0.2963,0.7037,237.0,-237.0,1.1373,2.3122,0.0,1.0,3.0,0.5095,0.5095,-0.2131,full,ready,,build_derek_forward_feed:v1_model_only_plus_market_reference,ok
2026-06-08,2026-06-08,f4da0f14-6b9f-47b7-bcbc-f5ee557a11a1,morning_expected,2026-06-08T21:47:20Z,c6cc74a6,c6cc74a6#phase10c,challenger-2026-06-06,2026-06-08T21:47:16Z,61,Mikal Bridges,NYK,SAS,21716136,,stocks,1.5,starter,starter,True,,,,30.438,,33.4249,,0.05,projected,not_available_yet,fallback_used,bdl_plus_nba_official,2026-06-08T21:46:27Z,bdl_lineup_freshness_manifest,,False,False,1.5,0.2963,0.7037,237.0,-237.0,1.1373,2.3122,0.0,1.0,3.0,0.5095,0.5095,-0.2131,full,ready,,build_derek_forward_feed:v1_model_only_plus_market_reference,ok
2026-06-08,2026-06-08,f4da0f14-6b9f-47b7-bcbc-f5ee557a11a1,morning_expected,2026-06-08T21:47:20Z,c6cc74a6,c6cc74a6#phase10c,challenger-2026-06-06,2026-06-08T21:47:16Z,61,Mikal Bridges,NYK,SAS,21716136,,stocks,1.5,starter,starter,True,,,,30.438,,33.4249,,0.05,projected,not_available_yet,fallback_used,bdl_plus_nba_official,2026-06-08T21:46:27Z,bdl_lineup_freshness_manifest,,False,False,1.5,0.2963,0.7037,237.0,-237.0,1.1373,2.3122,0.0,1.0,3.0,0.5249,0.5249,-0.2286,full,ready,,build_derek_forward_feed:v1_model_only_plus_market_reference,ok
2026-06-08,2026-06-08,f4da0f14-6b9f-47b7-bcbc-f5ee557a11a1,morning_expected,2026-06-08T21:47:20Z,c6cc74a6,c6cc74a6#phase10c,challenger-2026-06-06,2026-06-08T21:47:16Z,61,Mikal Bridges,NYK,SAS,21716136,,pa,21.5,starter,starter,True,,,,30.438,,33.4249,,0.05,projected,not_available_yet,fallback_used,bdl_plus_nba_official,2026-06-08T21:46:27Z,bdl_lineup_freshness_manifest,,False,False,21.5,0.2587,0.7413,287.0,-287.0,17.9425,41.1662,10.0,18.0,26.0,0.2283,0.2283,0.0304,full,ready,,build_derek_forward_feed:v1_model_only_plus_market_reference,ok
2026-06-08,2026-06-08,f4da0f14-6b9f-47b7-bcbc-f5ee557a11a1,morning_expected,2026-06-08T21:47:20Z,c6cc74a6,c6cc74a6#phase10c,challenger-2026-06-06,2026-06-08T21:47:16Z,61,Mikal Bridges,NYK,SAS,21716136,,pa,20.5,starter,starter,True,,,,30.438,,33.4249,,0.05,projected,not_available_yet,fallback_used,bdl_plus_nba_official,2026-06-08T21:46:27Z,bdl_lineup_freshness_manifest,,False,False,20.5,0.3117,0.6883,221.0,-221.0,17.9425,41.1662,10.0,18.0,26.0,0.2744,0.2744,0.0373,full,ready,,build_derek_forward_feed:v1_model_only_plus_market_reference,ok
2026-06-08,2026-06-08,f4da0f14-6b9f-47b7-bcbc-f5ee557a11a1,morning_expected,2026-06-08T21:47:20Z,c6cc74a6,c6cc74a6#phase10c,challenger-2026-06-06,2026-06-08T21:47:16Z,61,Mikal Bridges,NYK,SAS,21716136,,pa,19.5,starter,starter,True,,,,30.438,,33.4249,,0.05,projected,not_available_yet,fallback_used,bdl_plus_nba_official,2026-06-08T21:46:27Z,bdl_lineup_freshness_manifest,,False,False,19.5,0.373,0.627,168.0,-168.0,17.9425,41.1662,10.0,18.0,26.0,0.3179,0.3179,0.0551,full,ready,,build_derek_forward_feed:v1_model_only_plus_market_reference,ok
2026-06-08,2026-06-08,f4da0f14-6b9f-47b7-bcbc-f5ee557a11a1,morning_expected,2026-06-08T21:47:20Z,c6cc74a6,c6cc74a6#phase10c,challenger-2026-06-06,2026-06-08T21:47:16Z,61,Mikal Bridges,NYK,SAS,21716136,,pa,18.5,starter,starter,True,,,,30.438,,33.4249,,0.05,projected,not_available_yet,fallback_used,bdl_plus_nba_official,2026-06-08T21:46:27Z,bdl_lineup_freshness_manifest,,False,False,18.5,0.4423,0.5577,126.0,-126.0,17.9425,41.1662,10.0,18.0,26.0,0.3676,0.3676,0.0747,full,ready,,build_derek_forward_feed:v1_model_only_plus_market_reference,ok
2026-06-08,2026-06-08,f4da0f14-6b9f-47b7-bcbc-f5ee557a11a1,morning_expected,2026-06-08T21:47:20Z,c6cc74a6,c6cc74a6#phase10c,challenger-2026-06-06,2026-06-08T21:47:16Z,61,Mikal Bridges,NYK,SAS,21716136,,pa,17.5,starter,starter,True,,,,30.438,,33.4249,,0.05,projected,not_available_yet,fallback_used,bdl_plus_nba_official,2026-06-08T21:46:27Z,bdl_lineup_freshness_manifest,,False,False,17.5,0.5133,0.4867,-105.0,105.0,17.9425,41.1662,10.0,18.0,26.0,0.4283,0.4283,0.085,full,ready,,build_derek_forward_feed:v1_model_only_plus_market_reference,ok
2026-06-08,2026-06-08,f4da0f14-6b9f-47b7-bcbc-f5ee557a11a1,morning_expected,2026-06-08T21:47:20Z,c6cc74a6,c6cc74a6#phase10c,challenger-2026-06-06,2026-06-08T21:47:16Z,61,Mikal Bridges,NYK,SAS,21716136,,pa,16.5,starter,starter,True,,,,30.438,,33.4249,,0.05,projected,not_available_yet,fallback_used,bdl_plus_nba_official,2026-06-08T21:46:27Z,bdl_lineup_freshness_manifest,,False,False,16.5,0.582,0.418,-139.0,139.0,17.9425,41.1662,10.0,18.0,26.0,0.4899,0.4899,0.0921,full,ready,,build_derek_forward_feed:v1_model_only_plus_market_reference,ok
2026-06-08,2026-06-08,f4da0f14-6b9f-47b7-bcbc-f5ee557a11a1,morning_expected,2026-06-08T21:47:20Z,c6cc74a6,c6cc74a6#phase10c,challenger-2026-06-06,2026-06-08T21:47:16Z,61,Mikal Bridges,NYK,SAS,21716136,,pa,15.5,starter,starter,True,,,,30.438,,33.4249,,0.05,projected,not_available_yet,fallback_used,bdl_plus_nba_official,2026-06-08T21:46:27Z,bdl_lineup_freshness_manifest,,False,False,15.5,0.6433,0.3567,-180.0,180.0,17.9425,41.1662,10.0,18.0,26.0,0.5635,0.5635,0.0799,full,ready,,build_derek_forward_feed:v1_model_only_plus_market_reference,ok
2026-06-08,2026-06-08,f4da0f14-6b9f-47b7-bcbc-f5ee557a11a1,morning_expected,2026-06-08T21:47:20Z,c6cc74a6,c6cc74a6#phase10c,challenger-2026-06-06,2026-06-08T21:47:16Z,61,Mikal Bridges,NYK,SAS,21716136,,pa,14.5,starter,starter,True,,,,30.438,,33.4249,,0.05,projected,not_available_yet,fallback_used,bdl_plus_nba_official,2026-06-08T21:46:27Z,bdl_lineup_freshness_manifest,,False,False,14.5,0.6996,0.3004,-233.0,233.0,17.9425,41.1662,10.0,18.0,26.0,0.6231,0.6231,0.0765,full,ready,,build_derek_forward_feed:v1_model_only_plus_market_reference,ok
2026-06-08,2026-06-08,f4da0f14-6b9f-47b7-bcbc-f5ee557a11a1,morning_expected,2026-06-08T21:47:20Z,c6cc74a6,c6cc74a6#phase10c,challenger-2026-06-06,2026-06-08T21:47:16Z,61,Mikal Bridges,NYK,SAS,21716136,,pa,13.5,starter,starter,True,,,,30.438,,33.4249,,0.05,projected,not_available_yet,fallback_used,bdl_plus_nba_official,2026-06-08T21:46:27Z,bdl_lineup_freshness_manifest,,False,False,13.5,0.7525,0.2475,-304.0,304.0,17.9425,41.1662,10.0,18.0,26.0,0.6821,0.6821,0.0704,full,ready,,build_derek_forward_feed:v1_model_only_plus_market_reference,ok
2026-06-08,2026-06-08,f4da0f14-6b9f-47b7-bcbc-f5ee557a11a1,morning_expected,2026-06-08T21:47:20Z,c6cc74a6,c6cc74a6#phase10c,challenger-2026-06-06,2026-06-08T21:47:16Z,61,Mikal Bridges,NYK,SAS,21716136,,pa,12.5,starter,starter,True,,,,30.438,,33.4249,,0.05,projected,not_available_yet,fallback_used,bdl_plus_nba_official,2026-06-08T21:46:27Z,bdl_lineup_freshness_manifest,,False,False,12.5,0.8008,0.1992,-402.0,402.0,17.9425,41.1662,10.0,18.0,26.0,0.7353,0.7353,0.0654,full,ready,,build_derek_forward_feed:v1_model_only_plus_market_reference,ok
2026-06-08,2026-06-08,f4da0f14-6b9f-47b7-bcbc-f5ee557a11a1,morning_expected,2026-06-08T21:47:20Z,c6cc74a6,c6cc74a6#phase10c,challenger-2026-06-06,2026-06-08T21:47:16Z,61,Mikal Bridges,NYK,SAS,21716136,,pa,11.5,starter,starter,True,,,,30.438,,33.4249,,0.05,projected,not_available_yet,fallback_used,bdl_plus_nba_official,2026-06-08T21:46:27Z,bdl_lineup_freshness_manifest,,False,False,11.5,0.8442,0.1558,-542.0,542.0,17.9425,41.1662,10.0,18.0,26.0,0.792,0.792,0.0522,full,ready,,build_derek_forward_feed:v1_model_only_plus_market_reference,ok
2026-06-08,2026-06-08,f4da0f14-6b9f-47b7-bcbc-f5ee557a11a1,morning_expected,2026-06-08T21:47:20Z,c6cc74a6,c6cc74a6#phase10c,challenger-2026-06-06,2026-06-08T21:47:16Z,61,Mikal Bridges,NYK,SAS,21716136,,pa,10.5,starter,starter,True,,,,30.438,,33.4249,,0.05,projected,not_available_yet,fallback_used,bdl_plus_nba_official,2026-06-08T21:46:27Z,bdl_lineup_freshness_manifest,,False,False,10.5,0.8816,0.1184,-744.0,744.0,17.9425,41.1662,10.0,18.0,26.0,0.8302,0.8302,0.0514,full,ready,,build_derek_forward_feed:v1_model_only_plus_market_reference,ok
2026-06-08,2026-06-08,f4da0f14-6b9f-47b7-bcbc-f5ee557a11a1,morning_expected,2026-06-08T21:47:20Z,c6cc74a6,c6cc74a6#phase10c,challenger-2026-06-06,2026-06-08T21:47:16Z,61,Mikal Bridges,NYK,SAS,21716136,,pa,17.5,starter,starter,True,,,,30.438,,33.4249,,0.05,projected,not_available_yet,fallback_used,bdl_plus_nba_official,2026-06-08T21:46:27Z,bdl_lineup_freshness_manifest,,False,False,17.5,0.5133,0.4867,-105.0,105.0,17.9425,41.1662,10.0,18.0,26.0,0.4592,0.4592,0.0541,full,ready,,build_derek_forward_feed:v1_model_only_plus_market_reference,ok
2026-06-08,2026-06-08,f4da0f14-6b9f-47b7-bcbc-f5ee557a11a1,morning_expected,2026-06-08T21:47:20Z,c6cc74a6,c6cc74a6#phase10c,challenger-2026-06-06,2026-06-08T21:47:16Z,61,Mikal Bridges,NYK,SAS,21716136,,pa,16.5,starter,starter,True,,,,30.438,,33.4249,,0.05,projected,not_available_yet,fallback_used,bdl_plus_nba_official,2026-06-08T21:46:27Z,bdl_lineup_freshness_manifest,,False,False,16.5,0.582,0.418,-139.0,139.0,17.9425,41.1662,10.0,18.0,26.0,0.5203,0.5203,0.0617,full,ready,,build_derek_forward_feed:v1_model_only_plus_market_reference,ok
2026-06-08,2026-06-08,f4da0f14-6b9f-47b7-bcbc-f5ee557a11a1,morning_expected,2026-06-08T21:47:20Z,c6cc74a6,c6cc74a6#phase10c,challenger-2026-06-06,2026-06-08T21:47:16Z,61,Mikal Bridges,NYK,SAS,21716136,,pa,15.5,starter,starter,True,,,,30.438,,33.4249,,0.05,projected,not_available_yet,fallback_used,bdl_plus_nba_official,2026-06-08T21:46:27Z,bdl_lineup_freshness_manifest,,False,False,15.5,0.6433,0.3567,-180.0,180.0,17.9425,41.1662,10.0,18.0,26.0,0.5752,0.5752,0.0682,full,ready,,build_derek_forward_feed:v1_model_only_plus_market_reference,ok
2026-06-08,2026-06-08,f4da0f14-6b9f-47b7-bcbc-f5ee557a11a1,morning_expected,2026-06-08T21:47:20Z,c6cc74a6,c6cc74a6#phase10c,challenger-2026-06-06,2026-06-08T21:47:16Z,61,Mikal Bridges,NYK,SAS,21716136,,pa,16.5,starter,starter,True,,,,30.438,,33.4249,,0.05,projected,not_available_yet,fallback_used,bdl_plus_nba_official,2026-06-08T21:46:27Z,bdl_lineup_freshness_manifest,,False,False,16.5,0.582,0.418,-139.0,139.0,17.9425,41.1662,10.0,18.0,26.0,0.4797,0.4797,0.1023,full,ready,,build_derek_forward_feed:v1_model_only_plus_market_reference,ok
2026-06-08,2026-06-08,f4da0f14-6b9f-47b7-bcbc-f5ee557a11a1,morning_expected,2026-06-08T21:47:20Z,c6cc74a6,c6cc74a6#phase10c,challenger-2026-06-06,2026-06-08T21:47:16Z,61,Mikal Bridges,NYK,SAS,21716136,,pa,17.5,starter,starter,True,,,,30.438,,33.4249,,0.05,projected,not_available_yet,fallback_used,bdl_plus_nba_official,2026-06-08T21:46:27Z,bdl_lineup_freshness_manifest,,False,False,17.5,0.5133,0.4867,-105.0,105.0,17.9425,41.1662,10.0,18.0,26.0,0.4747,0.4747,0.0386,full,ready,,build_derek_forward_feed:v1_model_only_plus_market_reference,ok
2026-06-08,2026-06-08,f4da0f14-6b9f-47b7-bcbc-f5ee557a11a1,morning_expected,2026-06-08T21:47:20Z,c6cc74a6,c6cc74a6#phase10c,challenger-2026-06-06,2026-06-08T21:47:16Z,61,Mikal Bridges,NYK,SAS,21716136,,pa,16.5,starter,starter,True,,,,30.438,,33.4249,,0.05,projected,not_available_yet,fallback_used,bdl_plus_nba_official,2026-06-08T21:46:27Z,bdl_lineup_freshness_manifest,,False,False,16.5,0.582,0.418,-139.0,139.0,17.9425,41.1662,10.0,18.0,26.0,0.5101,0.5101,0.0718,full,ready,,build_derek_forward_feed:v1_model_only_plus_market_reference,ok
2026-06-08,2026-06-08,f4da0f14-6b9f-47b7-bcbc-f5ee557a11a1,morning_expected,2026-06-08T21:47:20Z,c6cc74a6,c6cc74a6#phase10c,challenger-2026-06-06,2026-06-08T21:47:16Z,61,Mikal Bridges,NYK,SAS,21716136,,pa,16.5,starter,starter,True,,,,30.438,,33.4249,,0.05,projected,not_available_yet,fallback_used,bdl_plus_nba_official,2026-06-08T21:46:27Z,bdl_lineup_freshness_manifest,,False,False,16.5,0.582,0.418,-139.0,139.0,17.9425,41.1662,10.0,18.0,26.0,0.5101,0.5101,0.0718,full,ready,,build_derek_forward_feed:v1_model_only_plus_market_reference,ok
2026-06-08,2026-06-08,f4da0f14-6b9f-47b7-bcbc-f5ee557a11a1,morning_expected,2026-06-08T21:47:20Z,c6cc74a6,c6cc74a6#phase10c,challenger-2026-06-06,2026-06-08T21:47:16Z,61,Mikal Bridges,NYK,SAS,21716136,,pa,16.5,starter,starter,True,,,,30.438,,33.4249,,0.05,projected,not_available_yet,fallback_used,bdl_plus_nba_official,2026-06-08T21:46:27Z,bdl_lineup_freshness_manifest,,False,False,16.5,0.582,0.418,-139.0,139.0,17.9425,41.1662,10.0,18.0,26.0,0.5101,0.5101,0.0718,full,ready,,build_derek_forward_feed:v1_model_only_plus_market_reference,ok
2026-06-08,2026-06-08,f4da0f14-6b9f-47b7-bcbc-f5ee557a11a1,morning_expected,2026-06-08T21:47:20Z,c6cc74a6,c6cc74a6#phase10c,challenger-2026-06-06,2026-06-08T21:47:16Z,61,Mikal Bridges,NYK,SAS,21716136,,pa,16.5,starter,starter,True,,,,30.438,,33.4249,,0.05,projected,not_available_yet,fallback_used,bdl_plus_nba_official,2026-06-08T21:46:27Z,bdl_lineup_freshness_manifest,,False,False,16.5,0.582,0.418,-139.0,139.0,17.9425,41.1662,10.0,18.0,26.0,0.4899,0.4899,0.0921,full,ready,,build_derek_forward_feed:v1_model_only_plus_market_reference,ok
2026-06-08,2026-06-08,f4da0f14-6b9f-47b7-bcbc-f5ee557a11a1,morning_expected,2026-06-08T21:47:20Z,c6cc74a6,c6cc74a6#phase10c,challenger-2026-06-06,2026-06-08T21:47:16Z,61,Mikal Bridges,NYK,SAS,21716136,,pa,16.5,starter,starter,True,,,,30.438,,33.4249,,0.05,projected,not_available_yet,fallback_used,bdl_plus_nba_official,2026-06-08T21:46:27Z,bdl_lineup_freshness_manifest,,False,False,16.5,0.582,0.418,-139.0,139.0,17.9425,41.1662,10.0,18.0,26.0,0.519,0.519,0.063,full,ready,,build_derek_forward_feed:v1_model_only_plus_market_reference,ok
2026-06-08,2026-06-08,f4da0f14-6b9f-47b7-bcbc-f5ee557a11a1,morning_expected,2026-06-08T21:47:20Z,c6cc74a6,c6cc74a6#phase10c,challenger-2026-06-06,2026-06-08T21:47:16Z,61,Mikal Bridges,NYK,SAS,21716136,,pr,16.5,starter,starter,True,,,,30.438,,33.4249,,0.05,projected,not_available_yet,fallback_used,bdl_plus_nba_official,2026-06-08T21:46:27Z,bdl_lineup_freshness_manifest,,False,False,16.5,0.6368,0.3632,-175.0,175.0,18.8607,41.8984,11.0,19.0,27.0,0.5188,0.5188,0.1181,full,ready,,build_derek_forward_feed:v1_model_only_plus_market_reference,ok
2026-06-08,2026-06-08,f4da0f14-6b9f-47b7-bcbc-f5ee557a11a1,morning_expected,2026-06-08T21:47:20Z,c6cc74a6,c6cc74a6#phase10c,challenger-2026-06-06,2026-06-08T21:47:16Z,61,Mikal Bridges,NYK,SAS,21716136,,pr,23.5,starter,starter,True,,,,30.438,,33.4249,,0.05,projected,not_available_yet,fallback_used,bdl_plus_nba_official,2026-06-08T21:46:27Z,bdl_lineup_freshness_manifest,,False,False,23.5,0.2103,0.7897,376.0,-376.0,18.8607,41.8984,11.0,19.0,27.0,0.1831,0.1831,0.0272,full,ready,,build_derek_forward_feed:v1_model_only_plus_market_reference,ok
2026-06-08,2026-06-08,f4da0f14-6b9f-47b7-bcbc-f5ee557a11a1,morning_expected,2026-06-08T21:47:20Z,c6cc74a6,c6cc74a6#phase10c,challenger-2026-06-06,2026-06-08T21:47:16Z,61,Mikal Bridges,NYK,SAS,21716136,,pr,22.5,starter,starter,True,,,,30.438,,33.4249,,0.05,projected,not_available_yet,fallback_used,bdl_plus_nba_official,2026-06-08T21:46:27Z,bdl_lineup_freshness_manifest,,False,False,22.5,0.2568,0.7432,289.0,-289.0,18.8607,41.8984,11.0,19.0,27.0,0.2222,0.2222,0.0345,full,ready,,build_derek_forward_feed:v1_model_only_plus_market_reference,ok
2026-06-08,2026-06-08,f4da0f14-6b9f-47b7-bcbc-f5ee557a11a1,morning_expected,2026-06-08T21:47:20Z,c6cc74a6,c6cc74a6#phase10c,challenger-2026-06-06,2026-06-08T21:47:16Z,61,Mikal Bridges,NYK,SAS,21716136,,pr,21.5,starter,starter,True,,,,30.438,,33.4249,,0.05,projected,not_available_yet,fallback_used,bdl_plus_nba_official,2026-06-08T21:46:27Z,bdl_lineup_freshness_manifest,,False,False,21.5,0.3103,0.6897,222.0,-222.0,18.8607,41.8984,11.0,19.0,27.0,0.2525,0.2525,0.0578,full,ready,,build_derek_forward_feed:v1_model_only_plus_market_reference,ok
2026-06-08,2026-06-08,f4da0f14-6b9f-47b7-bcbc-f5ee557a11a1,morning_expected,2026-06-08T21:47:20Z,c6cc74a6,c6cc74a6#phase10c,challenger-2026-06-06,2026-06-08T21:47:16Z,61,Mikal Bridges,NYK,SAS,21716136,,pr,20.5,starter,starter,True,,,,30.438,,33.4249,,0.05,projected,not_available_yet,fallback_used,bdl_plus_nba_official,2026-06-08T21:46:27Z,bdl_lineup_freshness_manifest,,False,False,20.5,0.3702,0.6298,170.0,-170.0,18.8607,41.8984,11.0,19.0,27.0,0.2924,0.2924,0.0778,full,ready,,build_derek_forward_feed:v1_model_only_plus_market_reference,ok
2026-06-08,2026-06-08,f4da0f14-6b9f-47b7-bcbc-f5ee557a11a1,morning_expected,2026-06-08T21:47:20Z,c6cc74a6,c6cc74a6#phase10c,challenger-2026-06-06,2026-06-08T21:47:16Z,61,Mikal Bridges,NYK,SAS,21716136,,pr,19.5,starter,starter,True,,,,30.438,,33.4249,,0.05,projected,not_available_yet,fallback_used,bdl_plus_nba_official,2026-06-08T21:46:27Z,bdl_lineup_freshness_manifest,,False,False,19.5,0.4365,0.5635,129.0,-129.0,18.8607,41.8984,11.0,19.0,27.0,0.3408,0.3408,0.0957,full,ready,,build_derek_forward_feed:v1_model_only_plus_market_reference,ok
2026-06-08,2026-06-08,f4da0f14-6b9f-47b7-bcbc-f5ee557a11a1,morning_expected,2026-06-08T21:47:20Z,c6cc74a6,c6cc74a6#phase10c,challenger-2026-06-06,2026-06-08T21:47:16Z,61,Mikal Bridges,NYK,SAS,21716136,,pr,18.5,starter,starter,True,,,,30.438,,33.4249,,0.05,projected,not_available_yet,fallback_used,bdl_plus_nba_official,2026-06-08T21:46:27Z,bdl_lineup_freshness_manifest,,False,False,18.5,0.507,0.493,-103.0,103.0,18.8607,41.8984,11.0,19.0,27.0,0.3963,0.3963,0.1107,full,ready,,build_derek_forward_feed:v1_model_only_plus_market_reference,ok
2026-06-08,2026-06-08,f4da0f14-6b9f-47b7-bcbc-f5ee557a11a1,morning_expected,2026-06-08T21:47:20Z,c6cc74a6,c6cc74a6#phase10c,challenger-2026-06-06,2026-06-08T21:47:16Z,61,Mikal Bridges,NYK,SAS,21716136,,pr,17.5,starter,starter,True,,,,30.438,,33.4249,,0.05,projected,not_available_yet,fallback_used,bdl_plus_nba_official,2026-06-08T21:46:27Z,bdl_lineup_freshness_manifest,,False,False,17.5,0.5741,0.4259,-135.0,135.0,18.8607,41.8984,11.0,19.0,27.0,0.4542,0.4542,0.1199,full,ready,,build_derek_forward_feed:v1_model_only_plus_market_reference,ok
2026-06-08,2026-06-08,f4da0f14-6b9f-47b7-bcbc-f5ee557a11a1,morning_expected,2026-06-08T21:47:20Z,c6cc74a6,c6cc74a6#phase10c,challenger-2026-06-06,2026-06-08T21:47:16Z,61,Mikal Bridges,NYK,SAS,21716136,,pr,15.5,starter,starter,True,,,,30.438,,33.4249,,0.05,projected,not_available_yet,fallback_used,bdl_plus_nba_official,2026-06-08T21:46:27Z,bdl_lineup_freshness_manifest,,False,False,15.5,0.6937,0.3063,-226.0,226.0,18.8607,41.8984,11.0,19.0,27.0,0.5785,0.5785,0.1151,full,ready,,build_derek_forward_feed:v1_model_only_plus_market_reference,ok
2026-06-08,2026-06-08,f4da0f14-6b9f-47b7-bcbc-f5ee557a11a1,morning_expected,2026-06-08T21:47:20Z,c6cc74a6,c6cc74a6#phase10c,challenger-2026-06-06,2026-06-08T21:47:16Z,61,Mikal Bridges,NYK,SAS,21716136,,pr,14.5,starter,starter,True,,,,30.438,,33.4249,,0.05,projected,not_available_yet,fallback_used,bdl_plus_nba_official,2026-06-08T21:46:27Z,bdl_lineup_freshness_manifest,,False,False,14.5,0.7465,0.2535,-294.0,294.0,18.8607,41.8984,11.0,19.0,27.0,0.643,0.643,0.1034,full,ready,,build_derek_forward_feed:v1_model_only_plus_market_reference,ok
2026-06-08,2026-06-08,f4da0f14-6b9f-47b7-bcbc-f5ee557a11a1,morning_expected,2026-06-08T21:47:20Z,c6cc74a6,c6cc74a6#phase10c,challenger-2026-06-06,2026-06-08T21:47:16Z,61,Mikal Bridges,NYK,SAS,21716136,,pr,12.5,starter,starter,True,,,,30.438,,33.4249,,0.05,projected,not_available_yet,fallback_used,bdl_plus_nba_official,2026-06-08T21:46:27Z,bdl_lineup_freshness_manifest,,False,False,12.5,0.8387,0.1613,-520.0,520.0,18.8607,41.8984,11.0,19.0,27.0,0.7543,0.7543,0.0844,full,ready,,build_derek_forward_feed:v1_model_only_plus_market_reference,ok
2026-06-08,2026-06-08,f4da0f14-6b9f-47b7-bcbc-f5ee557a11a1,morning_expected,2026-06-08T21:47:20Z,c6cc74a6,c6cc74a6#phase10c,challenger-2026-06-06,2026-06-08T21:47:16Z,61,Mikal Bridges,NYK,SAS,21716136,,pr,11.5,starter,starter,True,,,,30.438,,33.4249,,0.05,projected,not_available_yet,fallback_used,bdl_plus_nba_official,2026-06-08T21:46:27Z,bdl_lineup_freshness_manifest,,False,False,11.5,0.8768,0.1232,-712.0,712.0,18.8607,41.8984,11.0,19.0,27.0,0.7969,0.7969,0.0799,full,ready,,build_derek_forward_feed:v1_model_only_plus_market_reference,ok
2026-06-08,2026-06-08,f4da0f14-6b9f-47b7-bcbc-f5ee557a11a1,morning_expected,2026-06-08T21:47:20Z,c6cc74a6,c6cc74a6#phase10c,challenger-2026-06-06,2026-06-08T21:47:16Z,61,Mikal Bridges,NYK,SAS,21716136,,pr,10.5,starter,starter,True,,,,30.438,,33.4249,,0.05,projected,not_available_yet,fallback_used,bdl_plus_nba_official,2026-06-08T21:46:27Z,bdl_lineup_freshness_manifest,,False,False,10.5,0.9094,0.0906,-1004.0,1004.0,18.8607,41.8984,11.0,19.0,27.0,0.8361,0.8361,0.0733,full,ready,,build_derek_forward_feed:v1_model_only_plus_market_reference,ok
2026-06-08,2026-06-08,f4da0f14-6b9f-47b7-bcbc-f5ee557a11a1,morning_expected,2026-06-08T21:47:20Z,c6cc74a6,c6cc74a6#phase10c,challenger-2026-06-06,2026-06-08T21:47:16Z,61,Mikal Bridges,NYK,SAS,21716136,,pr,13.5,starter,starter,True,,,,30.438,,33.4249,,0.05,projected,not_available_yet,fallback_used,bdl_plus_nba_official,2026-06-08T21:46:27Z,bdl_lineup_freshness_manifest,,False,False,13.5,0.7954,0.2046,-389.0,389.0,18.8607,41.8984,11.0,19.0,27.0,0.6992,0.6992,0.0962,full,ready,,build_derek_forward_feed:v1_model_only_plus_market_reference,ok
2026-06-08,2026-06-08,f4da0f14-6b9f-47b7-bcbc-f5ee557a11a1,morning_expected,2026-06-08T21:47:20Z,c6cc74a6,c6cc74a6#phase10c,challenger-2026-06-06,2026-06-08T21:47:16Z,61,Mikal Bridges,NYK,SAS,21716136,,pr,17.5,starter,starter,True,,,,30.438,,33.4249,,0.05,projected,not_available_yet,fallback_used,bdl_plus_nba_official,2026-06-08T21:46:27Z,bdl_lineup_freshness_manifest,,False,False,17.5,0.5741,0.4259,-135.0,135.0,18.8607,41.8984,11.0,19.0,27.0,0.4899,0.4899,0.0842,full,ready,,build_derek_forward_feed:v1_model_only_plus_market_reference,ok
2026-06-08,2026-06-08,f4da0f14-6b9f-47b7-bcbc-f5ee557a11a1,morning_expected,2026-06-08T21:47:20Z,c6cc74a6,c6cc74a6#phase10c,challenger-2026-06-06,2026-06-08T21:47:16Z,61,Mikal Bridges,NYK,SAS,21716136,,pr,15.5,starter,starter,True,,,,30.438,,33.4249,,0.05,projected,not_available_yet,fallback_used,bdl_plus_nba_official,2026-06-08T21:46:27Z,bdl_lineup_freshness_manifest,,False,False,15.5,0.6937,0.3063,-226.0,226.0,18.8607,41.8984,11.0,19.0,27.0,0.6017,0.6017,0.092,full,ready,,build_derek_forward_feed:v1_model_only_plus_market_reference,ok
2026-06-08,2026-06-08,f4da0f14-6b9f-47b7-bcbc-f5ee557a11a1,morning_expected,2026-06-08T21:47:20Z,c6cc74a6,c6cc74a6#phase10c,challenger-2026-06-06,2026-06-08T21:47:16Z,61,Mikal Bridges,NYK,SAS,21716136,,pr,16.5,starter,starter,True,,,,30.438,,33.4249,,0.05,projected,not_available_yet,fallback_used,bdl_plus_nba_official,2026-06-08T21:46:27Z,bdl_lineup_freshness_manifest,,False,False,16.5,0.6368,0.3632,-175.0,175.0,18.8607,41.8984,11.0,19.0,27.0,0.5408,0.5408,0.096,full,ready,,build_derek_forward_feed:v1_model_only_plus_market_reference,ok
2026-06-08,2026-06-08,f4da0f14-6b9f-47b7-bcbc-f5ee557a11a1,morning_expected,2026-06-08T21:47:20Z,c6cc74a6,c6cc74a6#phase10c,challenger-2026-06-06,2026-06-08T21:47:16Z,61,Mikal Bridges,NYK,SAS,21716136,,pr,16.5,starter,starter,True,,,,30.438,,33.4249,,0.05,projected,not_available_yet,fallback_used,bdl_plus_nba_official,2026-06-08T21:46:27Z,bdl_lineup_freshness_manifest,,False,False,16.5,0.6368,0.3632,-175.0,175.0,18.8607,41.8984,11.0,19.0,27.0,0.5101,0.5101,0.1267,full,ready,,build_derek_forward_feed:v1_model_only_plus_market_reference,ok
2026-06-08,2026-06-08,f4da0f14-6b9f-47b7-bcbc-f5ee557a11a1,morning_expected,2026-06-08T21:47:20Z,c6cc74a6,c6cc74a6#phase10c,challenger-2026-06-06,2026-06-08T21:47:16Z,61,Mikal Bridges,NYK,SAS,21716136,,pr,17.5,starter,starter,True,,,,30.438,,33.4249,,0.05,projected,not_available_yet,fallback_used,bdl_plus_nba_official,2026-06-08T21:46:27Z,bdl_lineup_freshness_manifest,,False,False,17.5,0.5741,0.4259,-135.0,135.0,18.8607,41.8984,11.0,19.0,27.0,0.4888,0.4888,0.0853,full,ready,,build_derek_forward_feed:v1_model_only_plus_market_reference,ok
2026-06-08,2026-06-08,f4da0f14-6b9f-47b7-bcbc-f5ee557a11a1,morning_expected,2026-06-08T21:47:20Z,c6cc74a6,c6cc74a6#phase10c,challenger-2026-06-06,2026-06-08T21:47:16Z,61,Mikal Bridges,NYK,SAS,21716136,,pr,17.5,starter,starter,True,,,,30.438,,33.4249,,0.05,projected,not_available_yet,fallback_used,bdl_plus_nba_official,2026-06-08T21:46:27Z,bdl_lineup_freshness_manifest,,False,False,17.5,0.5741,0.4259,-135.0,135.0,18.8607,41.8984,11.0,19.0,27.0,0.4797,0.4797,0.0944,full,ready,,build_derek_forward_feed:v1_model_only_plus_market_reference,ok
2026-06-08,2026-06-08,f4da0f14-6b9f-47b7-bcbc-f5ee557a11a1,morning_expected,2026-06-08T21:47:20Z,c6cc74a6,c6cc74a6#phase10c,challenger-2026-06-06,2026-06-08T21:47:16Z,61,Mikal Bridges,NYK,SAS,21716136,,pr,17.5,starter,starter,True,,,,30.438,,33.4249,,0.05,projected,not_available_yet,fallback_used,bdl_plus_nba_official,2026-06-08T21:46:27Z,bdl_lineup_freshness_manifest,,False,False,17.5,0.5741,0.4259,-135.0,135.0,18.8607,41.8984,11.0,19.0,27.0,0.4797,0.4797,0.0944,full,ready,,build_derek_forward_feed:v1_model_only_plus_market_reference,ok
2026-06-08,2026-06-08,f4da0f14-6b9f-47b7-bcbc-f5ee557a11a1,morning_expected,2026-06-08T21:47:20Z,c6cc74a6,c6cc74a6#phase10c,challenger-2026-06-06,2026-06-08T21:47:16Z,61,Mikal Bridges,NYK,SAS,21716136,,pr,17.5,starter,starter,True,,,,30.438,,33.4249,,0.05,projected,not_available_yet,fallback_used,bdl_plus_nba_official,2026-06-08T21:46:27Z,bdl_lineup_freshness_manifest,,False,False,17.5,0.5741,0.4259,-135.0,135.0,18.8607,41.8984,11.0,19.0,27.0,0.4797,0.4797,0.0944,full,ready,,build_derek_forward_feed:v1_model_only_plus_market_reference,ok
2026-06-08,2026-06-08,f4da0f14-6b9f-47b7-bcbc-f5ee557a11a1,morning_expected,2026-06-08T21:47:20Z,c6cc74a6,c6cc74a6#phase10c,challenger-2026-06-06,2026-06-08T21:47:16Z,61,Mikal Bridges,NYK,SAS,21716136,,pr,17.5,starter,starter,True,,,,30.438,,33.4249,,0.05,projected,not_available_yet,fallback_used,bdl_plus_nba_official,2026-06-08T21:46:27Z,bdl_lineup_freshness_manifest,,False,False,17.5,0.5741,0.4259,-135.0,135.0,18.8607,41.8984,11.0,19.0,27.0,0.4797,0.4797,0.0944,full,ready,,build_derek_forward_feed:v1_model_only_plus_market_reference,ok
2026-06-08,2026-06-08,f4da0f14-6b9f-47b7-bcbc-f5ee557a11a1,morning_expected,2026-06-08T21:47:20Z,c6cc74a6,c6cc74a6#phase10c,challenger-2026-06-06,2026-06-08T21:47:16Z,61,Mikal Bridges,NYK,SAS,21716136,,pr,17.5,starter,starter,True,,,,30.438,,33.4249,,0.05,projected,not_available_yet,fallback_used,bdl_plus_nba_official,2026-06-08T21:46:27Z,bdl_lineup_freshness_manifest,,False,False,17.5,0.5741,0.4259,-135.0,135.0,18.8607,41.8984,11.0,19.0,27.0,0.481,0.481,0.0931,full,ready,,build_derek_forward_feed:v1_model_only_plus_market_reference,ok
2026-06-08,2026-06-08,f4da0f14-6b9f-47b7-bcbc-f5ee557a11a1,morning_expected,2026-06-08T21:47:20Z,c6cc74a6,c6cc74a6#phase10c,challenger-2026-06-06,2026-06-08T21:47:16Z,61,Mikal Bridges,NYK,SAS,21716136,,ra,6.5,starter,starter,True,,,,30.438,,33.4249,,0.05,projected,not_available_yet,fallback_used,bdl_plus_nba_official,2026-06-08T21:46:27Z,bdl_lineup_freshness_manifest,,False,False,6.5,0.6576,0.3424,-192.0,192.0,7.41,4.5502,5.0,7.0,10.0,0.4761,0.4761,0.1815,full,ready,,build_derek_forward_feed:v1_model_only_plus_market_reference,ok
2026-06-08,2026-06-08,f4da0f14-6b9f-47b7-bcbc-f5ee557a11a1,morning_expected,2026-06-08T21:47:20Z,c6cc74a6,c6cc74a6#phase10c,challenger-2026-06-06,2026-06-08T21:47:16Z,61,Mikal Bridges,NYK,SAS,21716136,,ra,8.5,starter,starter,True,,,,30.438,,33.4249,,0.05,projected,not_available_yet,fallback_used,bdl_plus_nba_official,2026-06-08T21:46:27Z,bdl_lineup_freshness_manifest,,False,False,8.5,0.2986,0.7014,235.0,-235.0,7.41,4.5502,5.0,7.0,10.0,0.234,0.234,0.0646,full,ready,,build_derek_forward_feed:v1_model_only_plus_market_reference,ok
2026-06-08,2026-06-08,f4da0f14-6b9f-47b7-bcbc-f5ee557a11a1,morning_expected,2026-06-08T21:47:20Z,c6cc74a6,c6cc74a6#phase10c,challenger-2026-06-06,2026-06-08T21:47:16Z,61,Mikal Bridges,NYK,SAS,21716136,,ra,7.5,starter,starter,True,,,,30.438,,33.4249,,0.05,projected,not_available_yet,fallback_used,bdl_plus_nba_official,2026-06-08T21:46:27Z,bdl_lineup_freshness_manifest,,False,False,7.5,0.4752,0.5248,110.0,-110.0,7.41,4.5502,5.0,7.0,10.0,0.3362,0.3362,0.139,full,ready,,build_derek_forward_feed:v1_model_only_plus_market_reference,ok
2026-06-08,2026-06-08,f4da0f14-6b9f-47b7-bcbc-f5ee557a11a1,morning_expected,2026-06-08T21:47:20Z,c6cc74a6,c6cc74a6#phase10c,challenger-2026-06-06,2026-06-08T21:47:16Z,61,Mikal Bridges,NYK,SAS,21716136,,ra,5.5,starter,starter,True,,,,30.438,,33.4249,,0.05,projected,not_available_yet,fallback_used,bdl_plus_nba_official,2026-06-08T21:46:27Z,bdl_lineup_freshness_manifest,,False,False,5.5,0.8149,0.1851,-440.0,440.0,7.41,4.5502,5.0,7.0,10.0,0.6231,0.6231,0.1918,full,ready,,build_derek_forward_feed:v1_model_only_plus_market_reference,ok
2026-06-08,2026-06-08,f4da0f14-6b9f-47b7-bcbc-f5ee557a11a1,morning_expected,2026-06-08T21:47:20Z,c6cc74a6,c6cc74a6#phase10c,challenger-2026-06-06,2026-06-08T21:47:16Z,61,Mikal Bridges,NYK,SAS,21716136,,ra,4.5,starter,starter,True,,,,30.438,,33.4249,,0.05,projected,not_available_yet,fallback_used,bdl_plus_nba_official,2026-06-08T21:46:27Z,bdl_lineup_freshness_manifest,,False,False,4.5,0.9179,0.0821,-1118.0,1118.0,7.41,4.5502,5.0,7.0,10.0,0.7606,0.7606,0.1573,full,ready,,build_derek_forward_feed:v1_model_only_plus_market_reference,ok
2026-06-08,2026-06-08,f4da0f14-6b9f-47b7-bcbc-f5ee557a11a1,morning_expected,2026-06-08T21:47:20Z,c6cc74a6,c6cc74a6#phase10c,challenger-2026-06-06,2026-06-08T21:47:16Z,61,Mikal Bridges,NYK,SAS,21716136,,ra,6.5,starter,starter,True,,,,30.438,,33.4249,,0.05,projected,not_available_yet,fallback_used,bdl_plus_nba_official,2026-06-08T21:46:27Z,bdl_lineup_freshness_manifest,,False,False,6.5,0.6576,0.3424,-192.0,192.0,7.41,4.5502,5.0,7.0,10.0,0.4899,0.4899,0.1677,full,ready,,build_derek_forward_feed:v1_model_only_plus_market_reference,ok
2026-06-08,2026-06-08,f4da0f14-6b9f-47b7-bcbc-f5ee557a11a1,morning_expected,2026-06-08T21:47:20Z,c6cc74a6,c6cc74a6#phase10c,challenger-2026-06-06,2026-06-08T21:47:16Z,61,Mikal Bridges,NYK,SAS,21716136,,ra,6.5,starter,starter,True,,,,30.438,,33.4249,,0.05,projected,not_available_yet,fallback_used,bdl_plus_nba_official,2026-06-08T21:46:27Z,bdl_lineup_freshness_manifest,,False,False,6.5,0.6576,0.3424,-192.0,192.0,7.41,4.5502,5.0,7.0,10.0,0.4788,0.4788,0.1788,full,ready,,build_derek_forward_feed:v1_model_only_plus_market_reference,ok
2026-06-08,2026-06-08,f4da0f14-6b9f-47b7-bcbc-f5ee557a11a1,morning_expected,2026-06-08T21:47:20Z,c6cc74a6,c6cc74a6#phase10c,challenger-2026-06-06,2026-06-08T21:47:16Z,61,Mikal Bridges,NYK,SAS,21716136,,ra,7.5,starter,starter,True,,,,30.438,,33.4249,,0.05,projected,not_available_yet,fallback_used,bdl_plus_nba_official,2026-06-08T21:46:27Z,bdl_lineup_freshness_manifest,,False,False,7.5,0.4752,0.5248,110.0,-110.0,7.41,4.5502,5.0,7.0,10.0,0.375,0.375,0.1002,full,ready,,build_derek_forward_feed:v1_model_only_plus_market_reference,ok
2026-06-08,2026-06-08,f4da0f14-6b9f-47b7-bcbc-f5ee557a11a1,morning_expected,2026-06-08T21:47:20Z,c6cc74a6,c6cc74a6#phase10c,challenger-2026-06-06,2026-06-08T21:47:16Z,61,Mikal Bridges,NYK,SAS,21716136,,ra,5.5,starter,starter,True,,,,30.438,,33.4249,,0.05,projected,not_available_yet,fallback_used,bdl_plus_nba_official,2026-06-08T21:46:27Z,bdl_lineup_freshness_manifest,,False,False,5.5,0.8149,0.1851,-440.0,440.0,7.41,4.5502,5.0,7.0,10.0,0.6161,0.6161,0.1988,full,ready,,build_derek_forward_feed:v1_model_only_plus_market_reference,ok
2026-06-08,2026-06-08,f4da0f14-6b9f-47b7-bcbc-f5ee557a11a1,morning_expected,2026-06-08T21:47:20Z,c6cc74a6,c6cc74a6#phase10c,challenger-2026-06-06,2026-06-08T21:47:16Z,61,Mikal Bridges,NYK,SAS,21716136,,ra,6.5,starter,starter,True,,,,30.438,,33.4249,,0.05,projected,not_available_yet,fallback_used,bdl_plus_nba_official,2026-06-08T21:46:27Z,bdl_lineup_freshness_manifest,,False,False,6.5,0.6576,0.3424,-192.0,192.0,7.41,4.5502,5.0,7.0,10.0,0.4797,0.4797,0.1779,full,ready,,build_derek_forward_feed:v1_model_only_plus_market_reference,ok
2026-06-08,2026-06-08,f4da0f14-6b9f-47b7-bcbc-f5ee557a11a1,morning_expected,2026-06-08T21:47:20Z,c6cc74a6,c6cc74a6#phase10c,challenger-2026-06-06,2026-06-08T21:47:16Z,61,Mikal Bridges,NYK,SAS,21716136,,ra,6.5,starter,starter,True,,,,30.438,,33.4249,,0.05,projected,not_available_yet,fallback_used,bdl_plus_nba_official,2026-06-08T21:46:27Z,bdl_lineup_freshness_manifest,,False,False,6.5,0.6576,0.3424,-192.0,192.0,7.41,4.5502,5.0,7.0,10.0,0.4899,0.4899,0.1677,full,ready,,build_derek_forward_feed:v1_model_only_plus_market_reference,ok
2026-06-08,2026-06-08,f4da0f14-6b9f-47b7-bcbc-f5ee557a11a1,morning_expected,2026-06-08T21:47:20Z,c6cc74a6,c6cc74a6#phase10c,challenger-2026-06-06,2026-06-08T21:47:16Z,61,Mikal Bridges,NYK,SAS,21716136,,ra,6.5,starter,starter,True,,,,30.438,,33.4249,,0.05,projected,not_available_yet,fallback_used,bdl_plus_nba_official,2026-06-08T21:46:27Z,bdl_lineup_freshness_manifest,,False,False,6.5,0.6576,0.3424,-192.0,192.0,7.41,4.5502,5.0,7.0,10.0,0.4899,0.4899,0.1677,full,ready,,build_derek_forward_feed:v1_model_only_plus_market_reference,ok
2026-06-08,2026-06-08,f4da0f14-6b9f-47b7-bcbc-f5ee557a11a1,morning_expected,2026-06-08T21:47:20Z,c6cc74a6,c6cc74a6#phase10c,challenger-2026-06-06,2026-06-08T21:47:16Z,61,Mikal Bridges,NYK,SAS,21716136,,ra,6.5,starter,starter,True,,,,30.438,,33.4249,,0.05,projected,not_available_yet,fallback_used,bdl_plus_nba_official,2026-06-08T21:46:27Z,bdl_lineup_freshness_manifest,,False,False,6.5,0.6576,0.3424,-192.0,192.0,7.41,4.5502,5.0,7.0,10.0,0.4899,0.4899,0.1677,full,ready,,build_derek_forward_feed:v1_model_only_plus_market_reference,ok
2026-06-08,2026-06-08,f4da0f14-6b9f-47b7-bcbc-f5ee557a11a1,morning_expected,2026-06-08T21:47:20Z,c6cc74a6,c6cc74a6#phase10c,challenger-2026-06-06,2026-06-08T21:47:16Z,61,Mikal Bridges,NYK,SAS,21716136,,ra,6.5,starter,starter,True,,,,30.438,,33.4249,,0.05,projected,not_available_yet,fallback_used,bdl_plus_nba_official,2026-06-08T21:46:27Z,bdl_lineup_freshness_manifest,,False,False,6.5,0.6576,0.3424,-192.0,192.0,7.41,4.5502,5.0,7.0,10.0,0.5,0.5,0.1576,full,ready,,build_derek_forward_feed:v1_model_only_plus_market_reference,ok
2026-06-08,2026-06-08,f4da0f14-6b9f-47b7-bcbc-f5ee557a11a1,morning_expected,2026-06-08T21:47:20Z,c6cc74a6,c6cc74a6#phase10c,challenger-2026-06-06,2026-06-08T21:47:16Z,61,Mikal Bridges,NYK,SAS,21716136,,ra,6.5,starter,starter,True,,,,30.438,,33.4249,,0.05,projected,not_available_yet,fallback_used,bdl_plus_nba_official,2026-06-08T21:46:27Z,bdl_lineup_freshness_manifest,,False,False,6.5,0.6576,0.3424,-192.0,192.0,7.41,4.5502,5.0,7.0,10.0,0.4797,0.4797,0.1779,full,ready,,build_derek_forward_feed:v1_model_only_plus_market_reference,ok
2026-06-08,2026-06-08,f4da0f14-6b9f-47b7-bcbc-f5ee557a11a1,morning_expected,2026-06-08T21:47:20Z,c6cc74a6,c6cc74a6#phase10c,challenger-2026-06-06,2026-06-08T21:47:16Z,61,Mikal Bridges,NYK,SAS,21716136,,pra,19.5,starter,starter,True,,,,30.438,,33.4249,,0.05,projected,not_available_yet,fallback_used,bdl_plus_nba_official,2026-06-08T21:46:27Z,bdl_lineup_freshness_manifest,,False,False,19.5,0.6465,0.3535,-183.0,183.0,22.1066,43.8074,14.0,22.0,30.0,0.5188,0.5188,0.1278,full,ready,,build_derek_forward_feed:v1_model_only_plus_market_reference,ok
2026-06-08,2026-06-08,f4da0f14-6b9f-47b7-bcbc-f5ee557a11a1,morning_expected,2026-06-08T21:47:20Z,c6cc74a6,c6cc74a6#phase10c,challenger-2026-06-06,2026-06-08T21:47:16Z,61,Mikal Bridges,NYK,SAS,21716136,,pra,26.5,starter,starter,True,,,,30.438,,33.4249,,0.05,projected,not_available_yet,fallback_used,bdl_plus_nba_official,2026-06-08T21:46:27Z,bdl_lineup_freshness_manifest,,False,False,26.5,0.2273,0.7727,340.0,-340.0,22.1066,43.8074,14.0,22.0,30.0,0.1906,0.1906,0.0367,full,ready,,build_derek_forward_feed:v1_model_only_plus_market_reference,ok
2026-06-08,2026-06-08,f4da0f14-6b9f-47b7-bcbc-f5ee557a11a1,morning_expected,2026-06-08T21:47:20Z,c6cc74a6,c6cc74a6#phase10c,challenger-2026-06-06,2026-06-08T21:47:16Z,61,Mikal Bridges,NYK,SAS,21716136,,pra,25.5,starter,starter,True,,,,30.438,,33.4249,,0.05,projected,not_available_yet,fallback_used,bdl_plus_nba_official,2026-06-08T21:46:27Z,bdl_lineup_freshness_manifest,,False,False,25.5,0.2756,0.7244,263.0,-263.0,22.1066,43.8074,14.0,22.0,30.0,0.2283,0.2283,0.0474,full,ready,,build_derek_forward_feed:v1_model_only_plus_market_reference,ok
2026-06-08,2026-06-08,f4da0f14-6b9f-47b7-bcbc-f5ee557a11a1,morning_expected,2026-06-08T21:47:20Z,c6cc74a6,c6cc74a6#phase10c,challenger-2026-06-06,2026-06-08T21:47:16Z,61,Mikal Bridges,NYK,SAS,21716136,,pra,24.5,starter,starter,True,,,,30.438,,33.4249,,0.05,projected,not_available_yet,fallback_used,bdl_plus_nba_official,2026-06-08T21:46:27Z,bdl_lineup_freshness_manifest,,False,False,24.5,0.3303,0.6697,203.0,-203.0,22.1066,43.8074,14.0,22.0,30.0,0.2647,0.2647,0.0657,full,ready,,build_derek_forward_feed:v1_model_only_plus_market_reference,ok
2026-06-08,2026-06-08,f4da0f14-6b9f-47b7-bcbc-f5ee557a11a1,morning_expected,2026-06-08T21:47:20Z,c6cc74a6,c6cc74a6#phase10c,challenger-2026-06-06,2026-06-08T21:47:16Z,61,Mikal Bridges,NYK,SAS,21716136,,pra,23.5,starter,starter,True,,,,30.438,,33.4249,,0.05,projected,not_available_yet,fallback_used,bdl_plus_nba_official,2026-06-08T21:46:27Z,bdl_lineup_freshness_manifest,,False,False,23.5,0.3907,0.6093,156.0,-156.0,22.1066,43.8074,14.0,22.0,30.0,0.3115,0.3115,0.0793,full,ready,,build_derek_forward_feed:v1_model_only_plus_market_reference,ok
2026-06-08,2026-06-08,f4da0f14-6b9f-47b7-bcbc-f5ee557a11a1,morning_expected,2026-06-08T21:47:20Z,c6cc74a6,c6cc74a6#phase10c,challenger-2026-06-06,2026-06-08T21:47:16Z,61,Mikal Bridges,NYK,SAS,21716136,,pra,22.5,starter,starter,True,,,,30.438,,33.4249,,0.05,projected,not_available_yet,fallback_used,bdl_plus_nba_official,2026-06-08T21:46:27Z,bdl_lineup_freshness_manifest,,False,False,22.5,0.4552,0.5448,120.0,-120.0,22.1066,43.8074,14.0,22.0,30.0,0.3487,0.3487,0.1066,full,ready,,build_derek_forward_feed:v1_model_only_plus_market_reference,ok
2026-06-08,2026-06-08,f4da0f14-6b9f-47b7-bcbc-f5ee557a11a1,morning_expected,2026-06-08T21:47:20Z,c6cc74a6,c6cc74a6#phase10c,challenger-2026-06-06,2026-06-08T21:47:16Z,61,Mikal Bridges,NYK,SAS,21716136,,pra,21.5,starter,starter,True,,,,30.438,,33.4249,,0.05,projected,not_available_yet,fallback_used,bdl_plus_nba_official,2026-06-08T21:46:27Z,bdl_lineup_freshness_manifest,,False,False,21.5,0.5211,0.4789,-109.0,109.0,22.1066,43.8074,14.0,22.0,30.0,0.4023,0.4023,0.1188,full,ready,,build_derek_forward_feed:v1_model_only_plus_market_reference,ok
2026-06-08,2026-06-08,f4da0f14-6b9f-47b7-bcbc-f5ee557a11a1,morning_expected,2026-06-08T21:47:20Z,c6cc74a6,c6cc74a6#phase10c,challenger-2026-06-06,2026-06-08T21:47:16Z,61,Mikal Bridges,NYK,SAS,21716136,,pra,20.5,starter,starter,True,,,,30.438,,33.4249,,0.05,projected,not_available_yet,fallback_used,bdl_plus_nba_official,2026-06-08T21:46:27Z,bdl_lineup_freshness_manifest,,False,False,20.5,0.5856,0.4144,-141.0,141.0,22.1066,43.8074,14.0,22.0,30.0,0.4621,0.4621,0.1236,full,ready,,build_derek_forward_feed:v1_model_only_plus_market_reference,ok
2026-06-08,2026-06-08,f4da0f14-6b9f-47b7-bcbc-f5ee557a11a1,morning_expected,2026-06-08T21:47:20Z,c6cc74a6,c6cc74a6#phase10c,challenger-2026-06-06,2026-06-08T21:47:16Z,61,Mikal Bridges,NYK,SAS,21716136,,pra,18.5,starter,starter,True,,,,30.438,,33.4249,,0.05,projected,not_available_yet,fallback_used,bdl_plus_nba_official,2026-06-08T21:46:27Z,bdl_lineup_freshness_manifest,,False,False,18.5,0.7029,0.2971,-237.0,237.0,22.1066,43.8074,14.0,22.0,30.0,0.583,0.583,0.1199,full,ready,,build_derek_forward_feed:v1_model_only_plus_market_reference,ok
2026-06-08,2026-06-08,f4da0f14-6b9f-47b7-bcbc-f5ee557a11a1,morning_expected,2026-06-08T21:47:20Z,c6cc74a6,c6cc74a6#phase10c,challenger-2026-06-06,2026-06-08T21:47:16Z,61,Mikal Bridges,NYK,SAS,21716136,,pra,17.5,starter,starter,True,,,,30.438,,33.4249,,0.05,projected,not_available_yet,fallback_used,bdl_plus_nba_official,2026-06-08T21:46:27Z,bdl_lineup_freshness_manifest,,False,False,17.5,0.7546,0.2454,-307.0,307.0,22.1066,43.8074,14.0,22.0,30.0,0.643,0.643,0.1116,full,ready,,build_derek_forward_feed:v1_model_only_plus_market_reference,ok
2026-06-08,2026-06-08,f4da0f14-6b9f-47b7-bcbc-f5ee557a11a1,morning_expected,2026-06-08T21:47:20Z,c6cc74a6,c6cc74a6#phase10c,challenger-2026-06-06,2026-06-08T21:47:16Z,61,Mikal Bridges,NYK,SAS,21716136,,pra,16.5,starter,starter,True,,,,30.438,,33.4249,,0.05,projected,not_available_yet,fallback_used,bdl_plus_nba_official,2026-06-08T21:46:27Z,bdl_lineup_freshness_manifest,,False,False,16.5,0.8015,0.1985,-404.0,404.0,22.1066,43.8074,14.0,22.0,30.0,0.694,0.694,0.1075,full,ready,,build_derek_forward_feed:v1_model_only_plus_market_reference,ok
2026-06-08,2026-06-08,f4da0f14-6b9f-47b7-bcbc-f5ee557a11a1,morning_expected,2026-06-08T21:47:20Z,c6cc74a6,c6cc74a6#phase10c,challenger-2026-06-06,2026-06-08T21:47:16Z,61,Mikal Bridges,NYK,SAS,21716136,,pra,15.5,starter,starter,True,,,,30.438,,33.4249,,0.05,projected,not_available_yet,fallback_used,bdl_plus_nba_official,2026-06-08T21:46:27Z,bdl_lineup_freshness_manifest,,False,False,15.5,0.8435,0.1565,-539.0,539.0,22.1066,43.8074,14.0,22.0,30.0,0.7475,0.7475,0.096,full,ready,,build_derek_forward_feed:v1_model_only_plus_market_reference,ok
2026-06-08,2026-06-08,f4da0f14-6b9f-47b7-bcbc-f5ee557a11a1,morning_expected,2026-06-08T21:47:20Z,c6cc74a6,c6cc74a6#phase10c,challenger-2026-06-06,2026-06-08T21:47:16Z,61,Mikal Bridges,NYK,SAS,21716136,,pra,14.5,starter,starter,True,,,,30.438,,33.4249,,0.05,projected,not_available_yet,fallback_used,bdl_plus_nba_official,2026-06-08T21:46:27Z,bdl_lineup_freshness_manifest,,False,False,14.5,0.8802,0.1198,-734.0,734.0,22.1066,43.8074,14.0,22.0,30.0,0.792,0.792,0.0882,full,ready,,build_derek_forward_feed:v1_model_only_plus_market_reference,ok
2026-06-08,2026-06-08,f4da0f14-6b9f-47b7-bcbc-f5ee557a11a1,morning_expected,2026-06-08T21:47:20Z,c6cc74a6,c6cc74a6#phase10c,challenger-2026-06-06,2026-06-08T21:47:16Z,61,Mikal Bridges,NYK,SAS,21716136,,pra,13.5,starter,starter,True,,,,30.438,,33.4249,,0.05,projected,not_available_yet,fallback_used,bdl_plus_nba_official,2026-06-08T21:46:27Z,bdl_lineup_freshness_manifest,,False,False,13.5,0.9115,0.0885,-1029.0,1029.0,22.1066,43.8074,14.0,22.0,30.0,0.8302,0.8302,0.0813,full,ready,,build_derek_forward_feed:v1_model_only_plus_market_reference,ok
2026-06-08,2026-06-08,f4da0f14-6b9f-47b7-bcbc-f5ee557a11a1,morning_expected,2026-06-08T21:47:20Z,c6cc74a6,c6cc74a6#phase10c,challenger-2026-06-06,2026-06-08T21:47:16Z,61,Mikal Bridges,NYK,SAS,21716136,,pra,19.5,starter,starter,True,,,,30.438,,33.4249,,0.05,projected,not_available_yet,fallback_used,bdl_plus_nba_official,2026-06-08T21:46:27Z,bdl_lineup_freshness_manifest,,False,False,19.5,0.6465,0.3535,-183.0,183.0,22.1066,43.8074,14.0,22.0,30.0,0.5446,0.5446,0.1019,full,ready,,build_derek_forward_feed:v1_model_only_plus_market_reference,ok
2026-06-08,2026-06-08,f4da0f14-6b9f-47b7-bcbc-f5ee557a11a1,morning_expected,2026-06-08T21:47:20Z,c6cc74a6,c6cc74a6#phase10c,challenger-2026-06-06,2026-06-08T21:47:16Z,61,Mikal Bridges,NYK,SAS,21716136,,pra,20.5,starter,starter,True,,,,30.438,,33.4249,,0.05,projected,not_available_yet,fallback_used,bdl_plus_nba_official,2026-06-08T21:46:27Z,bdl_lineup_freshness_manifest,,False,False,20.5,0.5856,0.4144,-141.0,141.0,22.1066,43.8074,14.0,22.0,30.0,0.4646,0.4646,0.1211,full,ready,,build_derek_forward_feed:v1_model_only_plus_market_reference,ok
2026-06-08,2026-06-08,f4da0f14-6b9f-47b7-bcbc-f5ee557a11a1,morning_expected,2026-06-08T21:47:20Z,c6cc74a6,c6cc74a6#phase10c,challenger-2026-06-06,2026-06-08T21:47:16Z,61,Mikal Bridges,NYK,SAS,21716136,,pra,19.5,starter,starter,True,,,,30.438,,33.4249,,0.05,projected,not_available_yet,fallback_used,bdl_plus_nba_official,2026-06-08T21:46:27Z,bdl_lineup_freshness_manifest,,False,False,19.5,0.6465,0.3535,-183.0,183.0,22.1066,43.8074,14.0,22.0,30.0,0.5246,0.5246,0.1219,full,ready,,build_derek_forward_feed:v1_model_only_plus_market_reference,ok
2026-06-08,2026-06-08,f4da0f14-6b9f-47b7-bcbc-f5ee557a11a1,morning_expected,2026-06-08T21:47:20Z,c6cc74a6,c6cc74a6#phase10c,challenger-2026-06-06,2026-06-08T21:47:16Z,61,Mikal Bridges,NYK,SAS,21716136,,pra,20.5,starter,starter,True,,,,30.438,,33.4249,,0.05,projected,not_available_yet,fallback_used,bdl_plus_nba_official,2026-06-08T21:46:27Z,bdl_lineup_freshness_manifest,,False,False,20.5,0.5856,0.4144,-141.0,141.0,22.1066,43.8074,14.0,22.0,30.0,0.5092,0.5092,0.0765,full,ready,,build_derek_forward_feed:v1_model_only_plus_market_reference,ok
2026-06-08,2026-06-08,f4da0f14-6b9f-47b7-bcbc-f5ee557a11a1,morning_expected,2026-06-08T21:47:20Z,c6cc74a6,c6cc74a6#phase10c,challenger-2026-06-06,2026-06-08T21:47:16Z,61,Mikal Bridges,NYK,SAS,21716136,,pra,22.5,starter,starter,True,,,,30.438,,33.4249,,0.05,projected,not_available_yet,fallback_used,bdl_plus_nba_official,2026-06-08T21:46:27Z,bdl_lineup_freshness_manifest,,False,False,22.5,0.4552,0.5448,120.0,-120.0,22.1066,43.8074,14.0,22.0,30.0,0.4165,0.4165,0.0387,full,ready,,build_derek_forward_feed:v1_model_only_plus_market_reference,ok
2026-06-08,2026-06-08,f4da0f14-6b9f-47b7-bcbc-f5ee557a11a1,morning_expected,2026-06-08T21:47:20Z,c6cc74a6,c6cc74a6#phase10c,challenger-2026-06-06,2026-06-08T21:47:16Z,61,Mikal Bridges,NYK,SAS,21716136,,pra,21.5,starter,starter,True,,,,30.438,,33.4249,,0.05,projected,not_available_yet,fallback_used,bdl_plus_nba_official,2026-06-08T21:46:27Z,bdl_lineup_freshness_manifest,,False,False,21.5,0.5211,0.4789,-109.0,109.0,22.1066,43.8074,14.0,22.0,30.0,0.4592,0.4592,0.0619,full,ready,,build_derek_forward_feed:v1_model_only_plus_market_reference,ok
2026-06-08,2026-06-08,f4da0f14-6b9f-47b7-bcbc-f5ee557a11a1,morning_expected,2026-06-08T21:47:20Z,c6cc74a6,c6cc74a6#phase10c,challenger-2026-06-06,2026-06-08T21:47:16Z,61,Mikal Bridges,NYK,SAS,21716136,,pra,20.5,starter,starter,True,,,,30.438,,33.4249,,0.05,projected,not_available_yet,fallback_used,bdl_plus_nba_official,2026-06-08T21:46:27Z,bdl_lineup_freshness_manifest,,False,False,20.5,0.5856,0.4144,-141.0,141.0,22.1066,43.8074,14.0,22.0,30.0,0.5101,0.5101,0.0755,full,ready,,build_derek_forward_feed:v1_model_only_plus_market_reference,ok
2026-06-08,2026-06-08,f4da0f14-6b9f-47b7-bcbc-f5ee557a11a1,morning_expected,2026-06-08T21:47:20Z,c6cc74a6,c6cc74a6#phase10c,challenger-2026-06-06,2026-06-08T21:47:16Z,61,Mikal Bridges,NYK,SAS,21716136,,pra,19.5,starter,starter,True,,,,30.438,,33.4249,,0.05,projected,not_available_yet,fallback_used,bdl_plus_nba_official,2026-06-08T21:46:27Z,bdl_lineup_freshness_manifest,,False,False,19.5,0.6465,0.3535,-183.0,183.0,22.1066,43.8074,14.0,22.0,30.0,0.5633,0.5633,0.0832,full,ready,,build_derek_forward_feed:v1_model_only_plus_market_reference,ok
2026-06-08,2026-06-08,f4da0f14-6b9f-47b7-bcbc-f5ee557a11a1,morning_expected,2026-06-08T21:47:20Z,c6cc74a6,c6cc74a6#phase10c,challenger-2026-06-06,2026-06-08T21:47:16Z,61,Mikal Bridges,NYK,SAS,21716136,,pra,18.5,starter,starter,True,,,,30.438,,33.4249,,0.05,projected,not_available_yet,fallback_used,bdl_plus_nba_official,2026-06-08T21:46:27Z,bdl_lineup_freshness_manifest,,False,False,18.5,0.7029,0.2971,-237.0,237.0,22.1066,43.8074,14.0,22.0,30.0,0.6161,0.6161,0.0867,full,ready,,build_derek_forward_feed:v1_model_only_plus_market_reference,ok
2026-06-08,2026-06-08,f4da0f14-6b9f-47b7-bcbc-f5ee557a11a1,morning_expected,2026-06-08T21:47:20Z,c6cc74a6,c6cc74a6#phase10c,challenger-2026-06-06,2026-06-08T21:47:16Z,61,Mikal Bridges,NYK,SAS,21716136,,pra,20.5,starter,starter,True,,,,30.438,,33.4249,,0.05,projected,not_available_yet,fallback_used,bdl_plus_nba_official,2026-06-08T21:46:27Z,bdl_lineup_freshness_manifest,,False,False,20.5,0.5856,0.4144,-141.0,141.0,22.1066,43.8074,14.0,22.0,30.0,0.4899,0.4899,0.0958,full,ready,,build_derek_forward_feed:v1_model_only_plus_market_reference,ok
2026-06-08,2026-06-08,f4da0f14-6b9f-47b7-bcbc-f5ee557a11a1,morning_expected,2026-06-08T21:47:20Z,c6cc74a6,c6cc74a6#phase10c,challenger-2026-06-06,2026-06-08T21:47:16Z,61,Mikal Bridges,NYK,SAS,21716136,,pra,20.5,starter,starter,True,,,,30.438,,33.4249,,0.05,projected,not_available_yet,fallback_used,bdl_plus_nba_official,2026-06-08T21:46:27Z,bdl_lineup_freshness_manifest,,False,False,20.5,0.5856,0.4144,-141.0,141.0,22.1066,43.8074,14.0,22.0,30.0,0.4899,0.4899,0.0958,full,ready,,build_derek_forward_feed:v1_model_only_plus_market_reference,ok
2026-06-08,2026-06-08,f4da0f14-6b9f-47b7-bcbc-f5ee557a11a1,morning_expected,2026-06-08T21:47:20Z,c6cc74a6,c6cc74a6#phase10c,challenger-2026-06-06,2026-06-08T21:47:16Z,61,Mikal Bridges,NYK,SAS,21716136,,pra,20.5,starter,starter,True,,,,30.438,,33.4249,,0.05,projected,not_available_yet,fallback_used,bdl_plus_nba_official,2026-06-08T21:46:27Z,bdl_lineup_freshness_manifest,,False,False,20.5,0.5856,0.4144,-141.0,141.0,22.1066,43.8074,14.0,22.0,30.0,0.4899,0.4899,0.0958,full,ready,,build_derek_forward_feed:v1_model_only_plus_market_reference,ok
2026-06-08,2026-06-08,f4da0f14-6b9f-47b7-bcbc-f5ee557a11a1,morning_expected,2026-06-08T21:47:20Z,c6cc74a6,c6cc74a6#phase10c,challenger-2026-06-06,2026-06-08T21:47:16Z,61,Mikal Bridges,NYK,SAS,21716136,,pra,20.5,starter,starter,True,,,,30.438,,33.4249,,0.05,projected,not_available_yet,fallback_used,bdl_plus_nba_official,2026-06-08T21:46:27Z,bdl_lineup_freshness_manifest,,False,False,20.5,0.5856,0.4144,-141.0,141.0,22.1066,43.8074,14.0,22.0,30.0,0.4899,0.4899,0.0958,full,ready,,build_derek_forward_feed:v1_model_only_plus_market_reference,ok
2026-06-08,2026-06-08,f4da0f14-6b9f-47b7-bcbc-f5ee557a11a1,morning_expected,2026-06-08T21:47:20Z,c6cc74a6,c6cc74a6#phase10c,challenger-2026-06-06,2026-06-08T21:47:16Z,61,Mikal Bridges,NYK,SAS,21716136,,pra,19.5,starter,starter,True,,,,30.438,,33.4249,,0.05,projected,not_available_yet,fallback_used,bdl_plus_nba_official,2026-06-08T21:46:27Z,bdl_lineup_freshness_manifest,,False,False,19.5,0.6465,0.3535,-183.0,183.0,22.1066,43.8074,14.0,22.0,30.0,0.527,0.527,0.1196,full,ready,,build_derek_forward_feed:v1_model_only_plus_market_reference,ok
2026-06-08,2026-06-08,f4da0f14-6b9f-47b7-bcbc-f5ee557a11a1,morning_expected,2026-06-08T21:47:20Z,c6cc74a6,c6cc74a6#phase10c,challenger-2026-06-06,2026-06-08T21:47:16Z,61,Mikal Bridges,NYK,SAS,21716136,,pra,20.5,starter,starter,True,,,,30.438,,33.4249,,0.05,projected,not_available_yet,fallback_used,bdl_plus_nba_official,2026-06-08T21:46:27Z,bdl_lineup_freshness_manifest,,False,False,20.5,0.5856,0.4144,-141.0,141.0,22.1066,43.8074,14.0,22.0,30.0,0.4621,0.4621,0.1236,full,ready,,build_derek_forward_feed:v1_model_only_plus_market_reference,ok
2026-06-08,2026-06-08,f4da0f14-6b9f-47b7-bcbc-f5ee557a11a1,morning_expected,2026-06-08T21:47:20Z,c6cc74a6,c6cc74a6#phase10c,challenger-2026-06-06,2026-06-08T21:47:16Z,61,Mikal Bridges,NYK,SAS,21716136,,pra,20.5,starter,starter,True,,,,30.438,,33.4249,,0.05,projected,not_available_yet,fallback_used,bdl_plus_nba_official,2026-06-08T21:46:27Z,bdl_lineup_freshness_manifest,,False,False,20.5,0.5856,0.4144,-141.0,141.0,22.1066,43.8074,14.0,22.0,30.0,0.5095,0.5095,0.0762,full,ready,,build_derek_forward_feed:v1_model_only_plus_market_reference,ok
2026-06-08,2026-06-08,f4da0f14-6b9f-47b7-bcbc-f5ee557a11a1,morning_expected,2026-06-08T21:47:20Z,c6cc74a6,c6cc74a6#phase10c,challenger-2026-06-06,2026-06-08T21:47:16Z,73,Jalen Brunson,NYK,SAS,21716136,,pts,35.5,starter,starter,True,,,,32.9712,,36.068,,0.05,projected,not_available_yet,fallback_used,bdl_plus_nba_official,2026-06-08T21:46:27Z,bdl_lineup_freshness_manifest,,False,False,35.5,0.1154,0.8846,767.0,-767.0,27.0861,62.216,17.0,27.0,36.0,0.1585,0.1585,-0.0431,full,ready,,build_derek_forward_feed:v1_model_only_plus_market_reference,ok
2026-06-08,2026-06-08,f4da0f14-6b9f-47b7-bcbc-f5ee557a11a1,morning_expected,2026-06-08T21:47:20Z,c6cc74a6,c6cc74a6#phase10c,challenger-2026-06-06,2026-06-08T21:47:16Z,73,Jalen Brunson,NYK,SAS,21716136,,pts,34.5,starter,starter,True,,,,32.9712,,36.068,,0.05,projected,not_available_yet,fallback_used,bdl_plus_nba_official,2026-06-08T21:46:27Z,bdl_lineup_freshness_manifest,,False,False,34.5,0.1516,0.8484,560.0,-560.0,27.0861,62.216,17.0,27.0,36.0,0.1774,0.1774,-0.0258,full,ready,,build_derek_forward_feed:v1_model_only_plus_market_reference,ok
2026-06-08,2026-06-08,f4da0f14-6b9f-47b7-bcbc-f5ee557a11a1,morning_expected,2026-06-08T21:47:20Z,c6cc74a6,c6cc74a6#phase10c,challenger-2026-06-06,2026-06-08T21:47:16Z,73,Jalen Brunson,NYK,SAS,21716136,,pts,33.5,starter,starter,True,,,,32.9712,,36.068,,0.05,projected,not_available_yet,fallback_used,bdl_plus_nba_official,2026-06-08T21:46:27Z,bdl_lineup_freshness_manifest,,False,False,33.5,0.1918,0.8082,421.0,-421.0,27.0861,62.216,17.0,27.0,36.0,0.208,0.208,-0.0162,full,ready,,build_derek_forward_feed:v1_model_only_plus_market_reference,ok
2026-06-08,2026-06-08,f4da0f14-6b9f-47b7-bcbc-f5ee557a11a1,morning_expected,2026-06-08T21:47:20Z,c6cc74a6,c6cc74a6#phase10c,challenger-2026-06-06,2026-06-08T21:47:16Z,73,Jalen Brunson,NYK,SAS,21716136,,pts,32.5,starter,starter,True,,,,32.9712,,36.068,,0.05,projected,not_available_yet,fallback_used,bdl_plus_nba_official,2026-06-08T21:46:27Z,bdl_lineup_freshness_manifest,,False,False,32.5,0.2317,0.7683,332.0,-332.0,27.0861,62.216,17.0,27.0,36.0,0.2394,0.2394,-0.0077,full,ready,,build_derek_forward_feed:v1_model_only_plus_market_reference,ok
2026-06-08,2026-06-08,f4da0f14-6b9f-47b7-bcbc-f5ee557a11a1,morning_expected,2026-06-08T21:47:20Z,c6cc74a6,c6cc74a6#phase10c,challenger-2026-06-06,2026-06-08T21:47:16Z,73,Jalen Brunson,NYK,SAS,21716136,,pts,31.5,starter,starter,True,,,,32.9712,,36.068,,0.05,projected,not_available_yet,fallback_used,bdl_plus_nba_official,2026-06-08T21:46:27Z,bdl_lineup_freshness_manifest,,False,False,31.5,0.2802,0.7198,257.0,-257.0,27.0861,62.216,17.0,27.0,36.0,0.2744,0.2744,0.0058,full,ready,,build_derek_forward_feed:v1_model_only_plus_market_reference,ok
2026-06-08,2026-06-08,f4da0f14-6b9f-47b7-bcbc-f5ee557a11a1,morning_expected,2026-06-08T21:47:20Z,c6cc74a6,c6cc74a6#phase10c,challenger-2026-06-06,2026-06-08T21:47:16Z,73,Jalen Brunson,NYK,SAS,21716136,,pts,30.5,starter,starter,True,,,,32.9712,,36.068,,0.05,projected,not_available_yet,fallback_used,bdl_plus_nba_official,2026-06-08T21:46:27Z,bdl_lineup_freshness_manifest,,False,False,30.5,0.3117,0.6883,221.0,-221.0,27.0861,62.216,17.0,27.0,36.0,0.306,0.306,0.0057,full,ready,,build_derek_forward_feed:v1_model_only_plus_market_reference,ok
2026-06-08,2026-06-08,f4da0f14-6b9f-47b7-bcbc-f5ee557a11a1,morning_expected,2026-06-08T21:47:20Z,c6cc74a6,c6cc74a6#phase10c,challenger-2026-06-06,2026-06-08T21:47:16Z,73,Jalen Brunson,NYK,SAS,21716136,,pts,29.5,starter,starter,True,,,,32.9712,,36.068,,0.05,projected,not_available_yet,fallback_used,bdl_plus_nba_official,2026-06-08T21:46:27Z,bdl_lineup_freshness_manifest,,False,False,29.5,0.362,0.638,176.0,-176.0,27.0861,62.216,17.0,27.0,36.0,0.3453,0.3453,0.0167,full,ready,,build_derek_forward_feed:v1_model_only_plus_market_reference,ok
2026-06-08,2026-06-08,f4da0f14-6b9f-47b7-bcbc-f5ee557a11a1,morning_expected,2026-06-08T21:47:20Z,c6cc74a6,c6cc74a6#phase10c,challenger-2026-06-06,2026-06-08T21:47:16Z,73,Jalen Brunson,NYK,SAS,21716136,,pts,28.5,starter,starter,True,,,,32.9712,,36.068,,0.05,projected,not_available_yet,fallback_used,bdl_plus_nba_official,2026-06-08T21:46:27Z,bdl_lineup_freshness_manifest,,False,False,28.5,0.4173,0.5827,140.0,-140.0,27.0861,62.216,17.0,27.0,36.0,0.3925,0.3925,0.0248,full,ready,,build_derek_forward_feed:v1_model_only_plus_market_reference,ok
2026-06-08,2026-06-08,f4da0f14-6b9f-47b7-bcbc-f5ee557a11a1,morning_expected,2026-06-08T21:47:20Z,c6cc74a6,c6cc74a6#phase10c,challenger-2026-06-06,2026-06-08T21:47:16Z,73,Jalen Brunson,NYK,SAS,21716136,,pts,27.5,starter,starter,True,,,,32.9712,,36.068,,0.05,projected,not_available_yet,fallback_used,bdl_plus_nba_official,2026-06-08T21:46:27Z,bdl_lineup_freshness_manifest,,False,False,27.5,0.4875,0.5125,105.0,-105.0,27.0861,62.216,17.0,27.0,36.0,0.4415,0.4415,0.046,full,ready,,build_derek_forward_feed:v1_model_only_plus_market_reference,ok
2026-06-08,2026-06-08,f4da0f14-6b9f-47b7-bcbc-f5ee557a11a1,morning_expected,2026-06-08T21:47:20Z,c6cc74a6,c6cc74a6#phase10c,challenger-2026-06-06,2026-06-08T21:47:16Z,73,Jalen Brunson,NYK,SAS,21716136,,pts,26.5,starter,starter,True,,,,32.9712,,36.068,,0.05,projected,not_available_yet,fallback_used,bdl_plus_nba_official,2026-06-08T21:46:27Z,bdl_lineup_freshness_manifest,,False,False,26.5,0.554,0.446,-124.0,124.0,27.0861,62.216,17.0,27.0,36.0,0.4939,0.4939,0.06,full,ready,,build_derek_forward_feed:v1_model_only_plus_market_reference,ok
2026-06-08,2026-06-08,f4da0f14-6b9f-47b7-bcbc-f5ee557a11a1,morning_expected,2026-06-08T21:47:20Z,c6cc74a6,c6cc74a6#phase10c,challenger-2026-06-06,2026-06-08T21:47:16Z,73,Jalen Brunson,NYK,SAS,21716136,,pts,25.5,starter,starter,True,,,,32.9712,,36.068,,0.05,projected,not_available_yet,fallback_used,bdl_plus_nba_official,2026-06-08T21:46:27Z,bdl_lineup_freshness_manifest,,False,False,25.5,0.6003,0.3997,-150.0,150.0,27.0861,62.216,17.0,27.0,36.0,0.5419,0.5419,0.0585,full,ready,,build_derek_forward_feed:v1_model_only_plus_market_reference,ok
2026-06-08,2026-06-08,f4da0f14-6b9f-47b7-bcbc-f5ee557a11a1,morning_expected,2026-06-08T21:47:20Z,c6cc74a6,c6cc74a6#phase10c,challenger-2026-06-06,2026-06-08T21:47:16Z,73,Jalen Brunson,NYK,SAS,21716136,,pts,24.5,starter,starter,True,,,,32.9712,,36.068,,0.05,projected,not_available_yet,fallback_used,bdl_plus_nba_official,2026-06-08T21:46:27Z,bdl_lineup_freshness_manifest,,False,False,24.5,0.643,0.357,-180.0,180.0,27.0861,62.216,17.0,27.0,36.0,0.5873,0.5873,0.0557,full,ready,,build_derek_forward_feed:v1_model_only_plus_market_reference,ok
2026-06-08,2026-06-08,f4da0f14-6b9f-47b7-bcbc-f5ee557a11a1,morning_expected,2026-06-08T21:47:20Z,c6cc74a6,c6cc74a6#phase10c,challenger-2026-06-06,2026-06-08T21:47:16Z,73,Jalen Brunson,NYK,SAS,21716136,,pts,23.5,starter,starter,True,,,,32.9712,,36.068,,0.05,projected,not_available_yet,fallback_used,bdl_plus_nba_official,2026-06-08T21:46:27Z,bdl_lineup_freshness_manifest,,False,False,23.5,0.6876,0.3124,-220.0,220.0,27.0861,62.216,17.0,27.0,36.0,0.6378,0.6378,0.0498,full,ready,,build_derek_forward_feed:v1_model_only_plus_market_reference,ok
2026-06-08,2026-06-08,f4da0f14-6b9f-47b7-bcbc-f5ee557a11a1,morning_expected,2026-06-08T21:47:20Z,c6cc74a6,c6cc74a6#phase10c,challenger-2026-06-06,2026-06-08T21:47:16Z,73,Jalen Brunson,NYK,SAS,21716136,,pts,22.5,starter,starter,True,,,,32.9712,,36.068,,0.05,projected,not_available_yet,fallback_used,bdl_plus_nba_official,2026-06-08T21:46:27Z,bdl_lineup_freshness_manifest,,False,False,22.5,0.7268,0.2732,-266.0,266.0,27.0861,62.216,17.0,27.0,36.0,0.6821,0.6821,0.0447,full,ready,,build_derek_forward_feed:v1_model_only_plus_market_reference,ok
2026-06-08,2026-06-08,f4da0f14-6b9f-47b7-bcbc-f5ee557a11a1,morning_expected,2026-06-08T21:47:20Z,c6cc74a6,c6cc74a6#phase10c,challenger-2026-06-06,2026-06-08T21:47:16Z,73,Jalen Brunson,NYK,SAS,21716136,,pts,21.5,starter,starter,True,,,,32.9712,,36.068,,0.05,projected,not_available_yet,fallback_used,bdl_plus_nba_official,2026-06-08T21:46:27Z,bdl_lineup_freshness_manifest,,False,False,21.5,0.7634,0.2366,-323.0,323.0,27.0861,62.216,17.0,27.0,36.0,0.7213,0.7213,0.042,full,ready,,build_derek_forward_feed:v1_model_only_plus_market_reference,ok
2026-06-08,2026-06-08,f4da0f14-6b9f-47b7-bcbc-f5ee557a11a1,morning_expected,2026-06-08T21:47:20Z,c6cc74a6,c6cc74a6#phase10c,challenger-2026-06-06,2026-06-08T21:47:16Z,73,Jalen Brunson,NYK,SAS,21716136,,pts,20.5,starter,starter,True,,,,32.9712,,36.068,,0.05,projected,not_available_yet,fallback_used,bdl_plus_nba_official,2026-06-08T21:46:27Z,bdl_lineup_freshness_manifest,,False,False,20.5,0.7991,0.2009,-398.0,398.0,27.0861,62.216,17.0,27.0,36.0,0.7606,0.7606,0.0385,full,ready,,build_derek_forward_feed:v1_model_only_plus_market_reference,ok
2026-06-08,2026-06-08,f4da0f14-6b9f-47b7-bcbc-f5ee557a11a1,morning_expected,2026-06-08T21:47:20Z,c6cc74a6,c6cc74a6#phase10c,challenger-2026-06-06,2026-06-08T21:47:16Z,73,Jalen Brunson,NYK,SAS,21716136,,pts,19.5,starter,starter,True,,,,32.9712,,36.068,,0.05,projected,not_available_yet,fallback_used,bdl_plus_nba_official,2026-06-08T21:46:27Z,bdl_lineup_freshness_manifest,,False,False,19.5,0.8395,0.1605,-523.0,523.0,27.0861,62.216,17.0,27.0,36.0,0.7947,0.7947,0.0449,full,ready,,build_derek_forward_feed:v1_model_only_plus_market_reference,ok
2026-06-08,2026-06-08,f4da0f14-6b9f-47b7-bcbc-f5ee557a11a1,morning_expected,2026-06-08T21:47:20Z,c6cc74a6,c6cc74a6#phase10c,challenger-2026-06-06,2026-06-08T21:47:16Z,73,Jalen Brunson,NYK,SAS,21716136,,pts,18.5,starter,starter,True,,,,32.9712,,36.068,,0.05,projected,not_available_yet,fallback_used,bdl_plus_nba_official,2026-06-08T21:46:27Z,bdl_lineup_freshness_manifest,,False,False,18.5,0.8638,0.1362,-634.0,634.0,27.0861,62.216,17.0,27.0,36.0,0.8238,0.8238,0.04,full,ready,,build_derek_forward_feed:v1_model_only_plus_market_reference,ok
2026-06-08,2026-06-08,f4da0f14-6b9f-47b7-bcbc-f5ee557a11a1,morning_expected,2026-06-08T21:47:20Z,c6cc74a6,c6cc74a6#phase10c,challenger-2026-06-06,2026-06-08T21:47:16Z,73,Jalen Brunson,NYK,SAS,21716136,,pts,26.5,starter,starter,True,,,,32.9712,,36.068,,0.05,projected,not_available_yet,fallback_used,bdl_plus_nba_official,2026-06-08T21:46:27Z,bdl_lineup_freshness_manifest,,False,False,26.5,0.554,0.446,-124.0,124.0,27.0861,62.216,17.0,27.0,36.0,0.5282,0.5282,0.0258,full,ready,,build_derek_forward_feed:v1_model_only_plus_market_reference,ok
2026-06-08,2026-06-08,f4da0f14-6b9f-47b7-bcbc-f5ee557a11a1,morning_expected,2026-06-08T21:47:20Z,c6cc74a6,c6cc74a6#phase10c,challenger-2026-06-06,2026-06-08T21:47:16Z,73,Jalen Brunson,NYK,SAS,21716136,,pts,31.5,starter,starter,True,,,,32.9712,,36.068,,0.05,projected,not_available_yet,fallback_used,bdl_plus_nba_official,2026-06-08T21:46:27Z,bdl_lineup_freshness_manifest,,False,False,31.5,0.2802,0.7198,257.0,-257.0,27.0861,62.216,17.0,27.0,36.0,0.3125,0.3125,-0.0323,full,ready,,build_derek_forward_feed:v1_model_only_plus_market_reference,ok
2026-06-08,2026-06-08,f4da0f14-6b9f-47b7-bcbc-f5ee557a11a1,morning_expected,2026-06-08T21:47:20Z,c6cc74a6,c6cc74a6#phase10c,challenger-2026-06-06,2026-06-08T21:47:16Z,73,Jalen Brunson,NYK,SAS,21716136,,pts,30.5,starter,starter,True,,,,32.9712,,36.068,,0.05,projected,not_available_yet,fallback_used,bdl_plus_nba_official,2026-06-08T21:46:27Z,bdl_lineup_freshness_manifest,,False,False,30.5,0.3117,0.6883,221.0,-221.0,27.0861,62.216,17.0,27.0,36.0,0.3544,0.3544,-0.0427,full,ready,,build_derek_forward_feed:v1_model_only_plus_market_reference,ok
2026-06-08,2026-06-08,f4da0f14-6b9f-47b7-bcbc-f5ee557a11a1,morning_expected,2026-06-08T21:47:20Z,c6cc74a6,c6cc74a6#phase10c,challenger-2026-06-06,2026-06-08T21:47:16Z,73,Jalen Brunson,NYK,SAS,21716136,,pts,29.5,starter,starter,True,,,,32.9712,,36.068,,0.05,projected,not_available_yet,fallback_used,bdl_plus_nba_official,2026-06-08T21:46:27Z,bdl_lineup_freshness_manifest,,False,False,29.5,0.362,0.638,176.0,-176.0,27.0861,62.216,17.0,27.0,36.0,0.3909,0.3909,-0.0289,full,ready,,build_derek_forward_feed:v1_model_only_plus_market_reference,ok
2026-06-08,2026-06-08,f4da0f14-6b9f-47b7-bcbc-f5ee557a11a1,morning_expected,2026-06-08T21:47:20Z,c6cc74a6,c6cc74a6#phase10c,challenger-2026-06-06,2026-06-08T21:47:16Z,73,Jalen Brunson,NYK,SAS,21716136,,pts,28.5,starter,starter,True,,,,32.9712,,36.068,,0.05,projected,not_available_yet,fallback_used,bdl_plus_nba_official,2026-06-08T21:46:27Z,bdl_lineup_freshness_manifest,,False,False,28.5,0.4173,0.5827,140.0,-140.0,27.0861,62.216,17.0,27.0,36.0,0.4367,0.4367,-0.0194,full,ready,,build_derek_forward_feed:v1_model_only_plus_market_reference,ok
2026-06-08,2026-06-08,f4da0f14-6b9f-47b7-bcbc-f5ee557a11a1,morning_expected,2026-06-08T21:47:20Z,c6cc74a6,c6cc74a6#phase10c,challenger-2026-06-06,2026-06-08T21:47:16Z,73,Jalen Brunson,NYK,SAS,21716136,,pts,27.5,starter,starter,True,,,,32.9712,,36.068,,0.05,projected,not_available_yet,fallback_used,bdl_plus_nba_official,2026-06-08T21:46:27Z,bdl_lineup_freshness_manifest,,False,False,27.5,0.4875,0.5125,105.0,-105.0,27.0861,62.216,17.0,27.0,36.0,0.4797,0.4797,0.0078,full,ready,,build_derek_forward_feed:v1_model_only_plus_market_reference,ok
2026-06-08,2026-06-08,f4da0f14-6b9f-47b7-bcbc-f5ee557a11a1,morning_expected,2026-06-08T21:47:20Z,c6cc74a6,c6cc74a6#phase10c,challenger-2026-06-06,2026-06-08T21:47:16Z,73,Jalen Brunson,NYK,SAS,21716136,,pts,26.5,starter,starter,True,,,,32.9712,,36.068,,0.05,projected,not_available_yet,fallback_used,bdl_plus_nba_official,2026-06-08T21:46:27Z,bdl_lineup_freshness_manifest,,False,False,26.5,0.554,0.446,-124.0,124.0,27.0861,62.216,17.0,27.0,36.0,0.5203,0.5203,0.0336,full,ready,,build_derek_forward_feed:v1_model_only_plus_market_reference,ok
2026-06-08,2026-06-08,f4da0f14-6b9f-47b7-bcbc-f5ee557a11a1,morning_expected,2026-06-08T21:47:20Z,c6cc74a6,c6cc74a6#phase10c,challenger-2026-06-06,2026-06-08T21:47:16Z,73,Jalen Brunson,NYK,SAS,21716136,,pts,25.5,starter,starter,True,,,,32.9712,,36.068,,0.05,projected,not_available_yet,fallback_used,bdl_plus_nba_official,2026-06-08T21:46:27Z,bdl_lineup_freshness_manifest,,False,False,25.5,0.6003,0.3997,-150.0,150.0,27.0861,62.216,17.0,27.0,36.0,0.5752,0.5752,0.0252,full,ready,,build_derek_forward_feed:v1_model_only_plus_market_reference,ok
2026-06-08,2026-06-08,f4da0f14-6b9f-47b7-bcbc-f5ee557a11a1,morning_expected,2026-06-08T21:47:20Z,c6cc74a6,c6cc74a6#phase10c,challenger-2026-06-06,2026-06-08T21:47:16Z,73,Jalen Brunson,NYK,SAS,21716136,,pts,24.5,starter,starter,True,,,,32.9712,,36.068,,0.05,projected,not_available_yet,fallback_used,bdl_plus_nba_official,2026-06-08T21:46:27Z,bdl_lineup_freshness_manifest,,False,False,24.5,0.643,0.357,-180.0,180.0,27.0861,62.216,17.0,27.0,36.0,0.6161,0.6161,0.0268,full,ready,,build_derek_forward_feed:v1_model_only_plus_market_reference,ok
2026-06-08,2026-06-08,f4da0f14-6b9f-47b7-bcbc-f5ee557a11a1,morning_expected,2026-06-08T21:47:20Z,c6cc74a6,c6cc74a6#phase10c,challenger-2026-06-06,2026-06-08T21:47:16Z,73,Jalen Brunson,NYK,SAS,21716136,,pts,23.5,starter,starter,True,,,,32.9712,,36.068,,0.05,projected,not_available_yet,fallback_used,bdl_plus_nba_official,2026-06-08T21:46:27Z,bdl_lineup_freshness_manifest,,False,False,23.5,0.6876,0.3124,-220.0,220.0,27.0861,62.216,17.0,27.0,36.0,0.66,0.66,0.0276,full,ready,,build_derek_forward_feed:v1_model_only_plus_market_reference,ok
2026-06-08,2026-06-08,f4da0f14-6b9f-47b7-bcbc-f5ee557a11a1,morning_expected,2026-06-08T21:47:20Z,c6cc74a6,c6cc74a6#phase10c,challenger-2026-06-06,2026-06-08T21:47:16Z,73,Jalen Brunson,NYK,SAS,21716136,,pts,26.5,starter,starter,True,,,,32.9712,,36.068,,0.05,projected,not_available_yet,fallback_used,bdl_plus_nba_official,2026-06-08T21:46:27Z,bdl_lineup_freshness_manifest,,False,False,26.5,0.554,0.446,-124.0,124.0,27.0861,62.216,17.0,27.0,36.0,0.5203,0.5203,0.0336,full,ready,,build_derek_forward_feed:v1_model_only_plus_market_reference,ok
2026-06-08,2026-06-08,f4da0f14-6b9f-47b7-bcbc-f5ee557a11a1,morning_expected,2026-06-08T21:47:20Z,c6cc74a6,c6cc74a6#phase10c,challenger-2026-06-06,2026-06-08T21:47:16Z,73,Jalen Brunson,NYK,SAS,21716136,,pts,25.5,starter,starter,True,,,,32.9712,,36.068,,0.05,projected,not_available_yet,fallback_used,bdl_plus_nba_official,2026-06-08T21:46:27Z,bdl_lineup_freshness_manifest,,False,False,25.5,0.6003,0.3997,-150.0,150.0,27.0861,62.216,17.0,27.0,36.0,0.5426,0.5426,0.0577,full,ready,,build_derek_forward_feed:v1_model_only_plus_market_reference,ok
2026-06-08,2026-06-08,f4da0f14-6b9f-47b7-bcbc-f5ee557a11a1,morning_expected,2026-06-08T21:47:20Z,c6cc74a6,c6cc74a6#phase10c,challenger-2026-06-06,2026-06-08T21:47:16Z,73,Jalen Brunson,NYK,SAS,21716136,,pts,26.5,starter,starter,True,,,,32.9712,,36.068,,0.05,projected,not_available_yet,fallback_used,bdl_plus_nba_official,2026-06-08T21:46:27Z,bdl_lineup_freshness_manifest,,False,False,26.5,0.554,0.446,-124.0,124.0,27.0861,62.216,17.0,27.0,36.0,0.4941,0.4941,0.0599,full,ready,,build_derek_forward_feed:v1_model_only_plus_market_reference,ok
2026-06-08,2026-06-08,f4da0f14-6b9f-47b7-bcbc-f5ee557a11a1,morning_expected,2026-06-08T21:47:20Z,c6cc74a6,c6cc74a6#phase10c,challenger-2026-06-06,2026-06-08T21:47:16Z,73,Jalen Brunson,NYK,SAS,21716136,,pts,27.5,starter,starter,True,,,,32.9712,,36.068,,0.05,projected,not_available_yet,fallback_used,bdl_plus_nba_official,2026-06-08T21:46:27Z,bdl_lineup_freshness_manifest,,False,False,27.5,0.4875,0.5125,105.0,-105.0,27.0861,62.216,17.0,27.0,36.0,0.4425,0.4425,0.045,full,ready,,build_derek_forward_feed:v1_model_only_plus_market_reference,ok
2026-06-08,2026-06-08,f4da0f14-6b9f-47b7-bcbc-f5ee557a11a1,morning_expected,2026-06-08T21:47:20Z,c6cc74a6,c6cc74a6#phase10c,challenger-2026-06-06,2026-06-08T21:47:16Z,73,Jalen Brunson,NYK,SAS,21716136,,pts,27.5,starter,starter,True,,,,32.9712,,36.068,,0.05,projected,not_available_yet,fallback_used,bdl_plus_nba_official,2026-06-08T21:46:27Z,bdl_lineup_freshness_manifest,,False,False,27.5,0.4875,0.5125,105.0,-105.0,27.0861,62.216,17.0,27.0,36.0,0.4833,0.4833,0.0041,full,ready,,build_derek_forward_feed:v1_model_only_plus_market_reference,ok
2026-06-08,2026-06-08,f4da0f14-6b9f-47b7-bcbc-f5ee557a11a1,morning_expected,2026-06-08T21:47:20Z,c6cc74a6,c6cc74a6#phase10c,challenger-2026-06-06,2026-06-08T21:47:16Z,73,Jalen Brunson,NYK,SAS,21716136,,pts,26.5,starter,starter,True,,,,32.9712,,36.068,,0.05,projected,not_available_yet,fallback_used,bdl_plus_nba_official,2026-06-08T21:46:27Z,bdl_lineup_freshness_manifest,,False,False,26.5,0.554,0.446,-124.0,124.0,27.0861,62.216,17.0,27.0,36.0,0.5203,0.5203,0.0336,full,ready,,build_derek_forward_feed:v1_model_only_plus_market_reference,ok
2026-06-08,2026-06-08,f4da0f14-6b9f-47b7-bcbc-f5ee557a11a1,morning_expected,2026-06-08T21:47:20Z,c6cc74a6,c6cc74a6#phase10c,challenger-2026-06-06,2026-06-08T21:47:16Z,73,Jalen Brunson,NYK,SAS,21716136,,pts,26.5,starter,starter,True,,,,32.9712,,36.068,,0.05,projected,not_available_yet,fallback_used,bdl_plus_nba_official,2026-06-08T21:46:27Z,bdl_lineup_freshness_manifest,,False,False,26.5,0.554,0.446,-124.0,124.0,27.0861,62.216,17.0,27.0,36.0,0.5203,0.5203,0.0336,full,ready,,build_derek_forward_feed:v1_model_only_plus_market_reference,ok
2026-06-08,2026-06-08,f4da0f14-6b9f-47b7-bcbc-f5ee557a11a1,morning_expected,2026-06-08T21:47:20Z,c6cc74a6,c6cc74a6#phase10c,challenger-2026-06-06,2026-06-08T21:47:16Z,73,Jalen Brunson,NYK,SAS,21716136,,pts,26.5,starter,starter,True,,,,32.9712,,36.068,,0.05,projected,not_available_yet,fallback_used,bdl_plus_nba_official,2026-06-08T21:46:27Z,bdl_lineup_freshness_manifest,,False,False,26.5,0.554,0.446,-124.0,124.0,27.0861,62.216,17.0,27.0,36.0,0.5125,0.5125,0.0415,full,ready,,build_derek_forward_feed:v1_model_only_plus_market_reference,ok
2026-06-08,2026-06-08,f4da0f14-6b9f-47b7-bcbc-f5ee557a11a1,morning_expected,2026-06-08T21:47:20Z,c6cc74a6,c6cc74a6#phase10c,challenger-2026-06-06,2026-06-08T21:47:16Z,73,Jalen Brunson,NYK,SAS,21716136,,pts,26.5,starter,starter,True,,,,32.9712,,36.068,,0.05,projected,not_available_yet,fallback_used,bdl_plus_nba_official,2026-06-08T21:46:27Z,bdl_lineup_freshness_manifest,,False,False,26.5,0.554,0.446,-124.0,124.0,27.0861,62.216,17.0,27.0,36.0,0.5203,0.5203,0.0336,full,ready,,build_derek_forward_feed:v1_model_only_plus_market_reference,ok
2026-06-08,2026-06-08,f4da0f14-6b9f-47b7-bcbc-f5ee557a11a1,morning_expected,2026-06-08T21:47:20Z,c6cc74a6,c6cc74a6#phase10c,challenger-2026-06-06,2026-06-08T21:47:16Z,73,Jalen Brunson,NYK,SAS,21716136,,pts,25.5,starter,starter,True,,,,32.9712,,36.068,,0.05,projected,not_available_yet,fallback_used,bdl_plus_nba_official,2026-06-08T21:46:27Z,bdl_lineup_freshness_manifest,,False,False,25.5,0.6003,0.3997,-150.0,150.0,27.0861,62.216,17.0,27.0,36.0,0.5446,0.5446,0.0557,full,ready,,build_derek_forward_feed:v1_model_only_plus_market_reference,ok
2026-06-08,2026-06-08,f4da0f14-6b9f-47b7-bcbc-f5ee557a11a1,morning_expected,2026-06-08T21:47:20Z,c6cc74a6,c6cc74a6#phase10c,challenger-2026-06-06,2026-06-08T21:47:16Z,73,Jalen Brunson,NYK,SAS,21716136,,pts,26.5,starter,starter,True,,,,32.9712,,36.068,,0.05,projected,not_available_yet,fallback_used,bdl_plus_nba_official,2026-06-08T21:46:27Z,bdl_lineup_freshness_manifest,,False,False,26.5,0.554,0.446,-124.0,124.0,27.0861,62.216,17.0,27.0,36.0,0.4899,0.4899,0.0641,full,ready,,build_derek_forward_feed:v1_model_only_plus_market_reference,ok
2026-06-08,2026-06-08,f4da0f14-6b9f-47b7-bcbc-f5ee557a11a1,morning_expected,2026-06-08T21:47:20Z,c6cc74a6,c6cc74a6#phase10c,challenger-2026-06-06,2026-06-08T21:47:16Z,73,Jalen Brunson,NYK,SAS,21716136,,pts,27.5,starter,starter,True,,,,32.9712,,36.068,,0.05,projected,not_available_yet,fallback_used,bdl_plus_nba_official,2026-06-08T21:46:27Z,bdl_lineup_freshness_manifest,,False,False,27.5,0.4875,0.5125,105.0,-105.0,27.0861,62.216,17.0,27.0,36.0,0.4554,0.4554,0.0321,full,ready,,build_derek_forward_feed:v1_model_only_plus_market_reference,ok
2026-06-08,2026-06-08,f4da0f14-6b9f-47b7-bcbc-f5ee557a11a1,morning_expected,2026-06-08T21:47:20Z,c6cc74a6,c6cc74a6#phase10c,challenger-2026-06-06,2026-06-08T21:47:16Z,73,Jalen Brunson,NYK,SAS,21716136,,pts,27.5,starter,starter,True,,,,32.9712,,36.068,,0.05,projected,not_available_yet,fallback_used,bdl_plus_nba_official,2026-06-08T21:46:27Z,bdl_lineup_freshness_manifest,,False,False,27.5,0.4875,0.5125,105.0,-105.0,27.0861,62.216,17.0,27.0,36.0,0.4425,0.4425,0.045,full,ready,,build_derek_forward_feed:v1_model_only_plus_market_reference,ok
2026-06-08,2026-06-08,f4da0f14-6b9f-47b7-bcbc-f5ee557a11a1,morning_expected,2026-06-08T21:47:20Z,c6cc74a6,c6cc74a6#phase10c,challenger-2026-06-06,2026-06-08T21:47:16Z,73,Jalen Brunson,NYK,SAS,21716136,,pts,25.5,starter,starter,True,,,,32.9712,,36.068,,0.05,projected,not_available_yet,fallback_used,bdl_plus_nba_official,2026-06-08T21:46:27Z,bdl_lineup_freshness_manifest,,False,False,25.5,0.6003,0.3997,-150.0,150.0,27.0861,62.216,17.0,27.0,36.0,0.5438,0.5438,0.0565,full,ready,,build_derek_forward_feed:v1_model_only_plus_market_reference,ok
2026-06-08,2026-06-08,f4da0f14-6b9f-47b7-bcbc-f5ee557a11a1,morning_expected,2026-06-08T21:47:20Z,c6cc74a6,c6cc74a6#phase10c,challenger-2026-06-06,2026-06-08T21:47:16Z,73,Jalen Brunson,NYK,SAS,21716136,,pts,26.5,starter,starter,True,,,,32.9712,,36.068,,0.05,projected,not_available_yet,fallback_used,bdl_plus_nba_official,2026-06-08T21:46:27Z,bdl_lineup_freshness_manifest,,False,False,26.5,0.554,0.446,-124.0,124.0,27.0861,62.216,17.0,27.0,36.0,0.495,0.495,0.059,full,ready,,build_derek_forward_feed:v1_model_only_plus_market_reference,ok
2026-06-08,2026-06-08,f4da0f14-6b9f-47b7-bcbc-f5ee557a11a1,morning_expected,2026-06-08T21:47:20Z,c6cc74a6,c6cc74a6#phase10c,challenger-2026-06-06,2026-06-08T21:47:16Z,73,Jalen Brunson,NYK,SAS,21716136,,pts,26.5,starter,starter,True,,,,32.9712,,36.068,,0.05,projected,not_available_yet,fallback_used,bdl_plus_nba_official,2026-06-08T21:46:27Z,bdl_lineup_freshness_manifest,,False,False,26.5,0.554,0.446,-124.0,124.0,27.0861,62.216,17.0,27.0,36.0,0.519,0.519,0.0349,full,ready,,build_derek_forward_feed:v1_model_only_plus_market_reference,ok
2026-06-08,2026-06-08,f4da0f14-6b9f-47b7-bcbc-f5ee557a11a1,morning_expected,2026-06-08T21:47:20Z,c6cc74a6,c6cc74a6#phase10c,challenger-2026-06-06,2026-06-08T21:47:16Z,73,Jalen Brunson,NYK,SAS,21716136,,reb,3.5,starter,starter,True,,,,32.9712,,36.068,,0.05,projected,not_available_yet,fallback_used,bdl_plus_nba_official,2026-06-08T21:46:27Z,bdl_lineup_freshness_manifest,,False,False,3.5,0.5827,0.4173,-140.0,140.0,3.8372,2.0839,2.0,4.0,6.0,0.4226,0.4226,0.1602,full,ready,,build_derek_forward_feed:v1_model_only_plus_market_reference,ok
2026-06-08,2026-06-08,f4da0f14-6b9f-47b7-bcbc-f5ee557a11a1,morning_expected,2026-06-08T21:47:20Z,c6cc74a6,c6cc74a6#phase10c,challenger-2026-06-06,2026-06-08T21:47:16Z,73,Jalen Brunson,NYK,SAS,21716136,,reb,3.5,starter,starter,True,,,,32.9712,,36.068,,0.05,projected,not_available_yet,fallback_used,bdl_plus_nba_official,2026-06-08T21:46:27Z,bdl_lineup_freshness_manifest,,False,False,3.5,0.5827,0.4173,-140.0,140.0,3.8372,2.0839,2.0,4.0,6.0,0.4002,0.4002,0.1825,full,ready,,build_derek_forward_feed:v1_model_only_plus_market_reference,ok
2026-06-08,2026-06-08,f4da0f14-6b9f-47b7-bcbc-f5ee557a11a1,morning_expected,2026-06-08T21:47:20Z,c6cc74a6,c6cc74a6#phase10c,challenger-2026-06-06,2026-06-08T21:47:16Z,73,Jalen Brunson,NYK,SAS,21716136,,reb,2.5,starter,starter,True,,,,32.9712,,36.068,,0.05,projected,not_available_yet,fallback_used,bdl_plus_nba_official,2026-06-08T21:46:27Z,bdl_lineup_freshness_manifest,,False,False,2.5,0.8203,0.1797,-457.0,457.0,3.8372,2.0839,2.0,4.0,6.0,0.5941,0.5941,0.2262,full,ready,,build_derek_forward_feed:v1_model_only_plus_market_reference,ok
2026-06-08,2026-06-08,f4da0f14-6b9f-47b7-bcbc-f5ee557a11a1,morning_expected,2026-06-08T21:47:20Z,c6cc74a6,c6cc74a6#phase10c,challenger-2026-06-06,2026-06-08T21:47:16Z,73,Jalen Brunson,NYK,SAS,21716136,,reb,3.5,starter,starter,True,,,,32.9712,,36.068,,0.05,projected,not_available_yet,fallback_used,bdl_plus_nba_official,2026-06-08T21:46:27Z,bdl_lineup_freshness_manifest,,False,False,3.5,0.5827,0.4173,-140.0,140.0,3.8372,2.0839,2.0,4.0,6.0,0.4056,0.4056,0.1772,full,ready,,build_derek_forward_feed:v1_model_only_plus_market_reference,ok
2026-06-08,2026-06-08,f4da0f14-6b9f-47b7-bcbc-f5ee557a11a1,morning_expected,2026-06-08T21:47:20Z,c6cc74a6,c6cc74a6#phase10c,challenger-2026-06-06,2026-06-08T21:47:16Z,73,Jalen Brunson,NYK,SAS,21716136,,reb,3.5,starter,starter,True,,,,32.9712,,36.068,,0.05,projected,not_available_yet,fallback_used,bdl_plus_nba_official,2026-06-08T21:46:27Z,bdl_lineup_freshness_manifest,,False,False,3.5,0.5827,0.4173,-140.0,140.0,3.8372,2.0839,2.0,4.0,6.0,0.4284,0.4284,0.1544,full,ready,,build_derek_forward_feed:v1_model_only_plus_market_reference,ok
2026-06-08,2026-06-08,f4da0f14-6b9f-47b7-bcbc-f5ee557a11a1,morning_expected,2026-06-08T21:47:20Z,c6cc74a6,c6cc74a6#phase10c,challenger-2026-06-06,2026-06-08T21:47:16Z,73,Jalen Brunson,NYK,SAS,21716136,,reb,3.5,starter,starter,True,,,,32.9712,,36.068,,0.05,projected,not_available_yet,fallback_used,bdl_plus_nba_official,2026-06-08T21:46:27Z,bdl_lineup_freshness_manifest,,False,False,3.5,0.5827,0.4173,-140.0,140.0,3.8372,2.0839,2.0,4.0,6.0,0.4248,0.4248,0.1579,full,ready,,build_derek_forward_feed:v1_model_only_plus_market_reference,ok
2026-06-08,2026-06-08,f4da0f14-6b9f-47b7-bcbc-f5ee557a11a1,morning_expected,2026-06-08T21:47:20Z,c6cc74a6,c6cc74a6#phase10c,challenger-2026-06-06,2026-06-08T21:47:16Z,73,Jalen Brunson,NYK,SAS,21716136,,reb,2.5,starter,starter,True,,,,32.9712,,36.068,,0.05,projected,not_available_yet,fallback_used,bdl_plus_nba_official,2026-06-08T21:46:27Z,bdl_lineup_freshness_manifest,,False,False,2.5,0.8203,0.1797,-457.0,457.0,3.8372,2.0839,2.0,4.0,6.0,0.6161,0.6161,0.2042,full,ready,,build_derek_forward_feed:v1_model_only_plus_market_reference,ok
2026-06-08,2026-06-08,f4da0f14-6b9f-47b7-bcbc-f5ee557a11a1,morning_expected,2026-06-08T21:47:20Z,c6cc74a6,c6cc74a6#phase10c,challenger-2026-06-06,2026-06-08T21:47:16Z,73,Jalen Brunson,NYK,SAS,21716136,,reb,3.5,starter,starter,True,,,,32.9712,,36.068,,0.05,projected,not_available_yet,fallback_used,bdl_plus_nba_official,2026-06-08T21:46:27Z,bdl_lineup_freshness_manifest,,False,False,3.5,0.5827,0.4173,-140.0,140.0,3.8372,2.0839,2.0,4.0,6.0,0.4248,0.4248,0.1579,full,ready,,build_derek_forward_feed:v1_model_only_plus_market_reference,ok
2026-06-08,2026-06-08,f4da0f14-6b9f-47b7-bcbc-f5ee557a11a1,morning_expected,2026-06-08T21:47:20Z,c6cc74a6,c6cc74a6#phase10c,challenger-2026-06-06,2026-06-08T21:47:16Z,73,Jalen Brunson,NYK,SAS,21716136,,reb,3.5,starter,starter,True,,,,32.9712,,36.068,,0.05,projected,not_available_yet,fallback_used,bdl_plus_nba_official,2026-06-08T21:46:27Z,bdl_lineup_freshness_manifest,,False,False,3.5,0.5827,0.4173,-140.0,140.0,3.8372,2.0839,2.0,4.0,6.0,0.4248,0.4248,0.1579,full,ready,,build_derek_forward_feed:v1_model_only_plus_market_reference,ok
2026-06-08,2026-06-08,f4da0f14-6b9f-47b7-bcbc-f5ee557a11a1,morning_expected,2026-06-08T21:47:20Z,c6cc74a6,c6cc74a6#phase10c,challenger-2026-06-06,2026-06-08T21:47:16Z,73,Jalen Brunson,NYK,SAS,21716136,,reb,3.5,starter,starter,True,,,,32.9712,,36.068,,0.05,projected,not_available_yet,fallback_used,bdl_plus_nba_official,2026-06-08T21:46:27Z,bdl_lineup_freshness_manifest,,False,False,3.5,0.5827,0.4173,-140.0,140.0,3.8372,2.0839,2.0,4.0,6.0,0.4248,0.4248,0.1579,full,ready,,build_derek_forward_feed:v1_model_only_plus_market_reference,ok
2026-06-08,2026-06-08,f4da0f14-6b9f-47b7-bcbc-f5ee557a11a1,morning_expected,2026-06-08T21:47:20Z,c6cc74a6,c6cc74a6#phase10c,challenger-2026-06-06,2026-06-08T21:47:16Z,73,Jalen Brunson,NYK,SAS,21716136,,reb,3.5,starter,starter,True,,,,32.9712,,36.068,,0.05,projected,not_available_yet,fallback_used,bdl_plus_nba_official,2026-06-08T21:46:27Z,bdl_lineup_freshness_manifest,,False,False,3.5,0.5827,0.4173,-140.0,140.0,3.8372,2.0839,2.0,4.0,6.0,0.4309,0.4309,0.1519,full,ready,,build_derek_forward_feed:v1_model_only_plus_market_reference,ok
2026-06-08,2026-06-08,f4da0f14-6b9f-47b7-bcbc-f5ee557a11a1,morning_expected,2026-06-08T21:47:20Z,c6cc74a6,c6cc74a6#phase10c,challenger-2026-06-06,2026-06-08T21:47:16Z,73,Jalen Brunson,NYK,SAS,21716136,,reb,2.5,starter,starter,True,,,,32.9712,,36.068,,0.05,projected,not_available_yet,fallback_used,bdl_plus_nba_official,2026-06-08T21:46:27Z,bdl_lineup_freshness_manifest,,False,False,2.5,0.8203,0.1797,-457.0,457.0,3.8372,2.0839,2.0,4.0,6.0,0.6182,0.6182,0.2021,full,ready,,build_derek_forward_feed:v1_model_only_plus_market_reference,ok
2026-06-08,2026-06-08,f4da0f14-6b9f-47b7-bcbc-f5ee557a11a1,morning_expected,2026-06-08T21:47:20Z,c6cc74a6,c6cc74a6#phase10c,challenger-2026-06-06,2026-06-08T21:47:16Z,73,Jalen Brunson,NYK,SAS,21716136,,reb,3.5,starter,starter,True,,,,32.9712,,36.068,,0.05,projected,not_available_yet,fallback_used,bdl_plus_nba_official,2026-06-08T21:46:27Z,bdl_lineup_freshness_manifest,,False,False,3.5,0.5827,0.4173,-140.0,140.0,3.8372,2.0839,2.0,4.0,6.0,0.4165,0.4165,0.1662,full,ready,,build_derek_forward_feed:v1_model_only_plus_market_reference,ok
2026-06-08,2026-06-08,f4da0f14-6b9f-47b7-bcbc-f5ee557a11a1,morning_expected,2026-06-08T21:47:20Z,c6cc74a6,c6cc74a6#phase10c,challenger-2026-06-06,2026-06-08T21:47:16Z,73,Jalen Brunson,NYK,SAS,21716136,,reb,4.5,starter,starter,True,,,,32.9712,,36.068,,0.05,projected,not_available_yet,fallback_used,bdl_plus_nba_official,2026-06-08T21:46:27Z,bdl_lineup_freshness_manifest,,False,False,4.5,0.3155,0.6845,217.0,-217.0,3.8372,2.0839,2.0,4.0,6.0,0.2577,0.2577,0.0577,full,ready,,build_derek_forward_feed:v1_model_only_plus_market_reference,ok
2026-06-08,2026-06-08,f4da0f14-6b9f-47b7-bcbc-f5ee557a11a1,morning_expected,2026-06-08T21:47:20Z,c6cc74a6,c6cc74a6#phase10c,challenger-2026-06-06,2026-06-08T21:47:16Z,73,Jalen Brunson,NYK,SAS,21716136,,reb,3.5,starter,starter,True,,,,32.9712,,36.068,,0.05,projected,not_available_yet,fallback_used,bdl_plus_nba_official,2026-06-08T21:46:27Z,bdl_lineup_freshness_manifest,,False,False,3.5,0.5827,0.4173,-140.0,140.0,3.8372,2.0839,2.0,4.0,6.0,0.4003,0.4003,0.1824,full,ready,,build_derek_forward_feed:v1_model_only_plus_market_reference,ok
2026-06-08,2026-06-08,f4da0f14-6b9f-47b7-bcbc-f5ee557a11a1,morning_expected,2026-06-08T21:47:20Z,c6cc74a6,c6cc74a6#phase10c,challenger-2026-06-06,2026-06-08T21:47:16Z,73,Jalen Brunson,NYK,SAS,21716136,,reb,3.5,starter,starter,True,,,,32.9712,,36.068,,0.05,projected,not_available_yet,fallback_used,bdl_plus_nba_official,2026-06-08T21:46:27Z,bdl_lineup_freshness_manifest,,False,False,3.5,0.5827,0.4173,-140.0,140.0,3.8372,2.0839,2.0,4.0,6.0,0.4167,0.4167,0.1661,full,ready,,build_derek_forward_feed:v1_model_only_plus_market_reference,ok
2026-06-08,2026-06-08,f4da0f14-6b9f-47b7-bcbc-f5ee557a11a1,morning_expected,2026-06-08T21:47:20Z,c6cc74a6,c6cc74a6#phase10c,challenger-2026-06-06,2026-06-08T21:47:16Z,73,Jalen Brunson,NYK,SAS,21716136,,ast,5.5,starter,starter,True,,,,32.9712,,36.068,,0.05,projected,not_available_yet,fallback_used,bdl_plus_nba_official,2026-06-08T21:46:27Z,bdl_lineup_freshness_manifest,,False,False,5.5,0.6972,0.3028,-230.0,230.0,6.5761,4.1143,4.0,7.0,9.0,0.553,0.553,0.1442,full,ready,,build_derek_forward_feed:v1_model_only_plus_market_reference,ok
2026-06-08,2026-06-08,f4da0f14-6b9f-47b7-bcbc-f5ee557a11a1,morning_expected,2026-06-08T21:47:20Z,c6cc74a6,c6cc74a6#phase10c,challenger-2026-06-06,2026-06-08T21:47:16Z,73,Jalen Brunson,NYK,SAS,21716136,,ast,6.5,starter,starter,True,,,,32.9712,,36.068,,0.05,projected,not_available_yet,fallback_used,bdl_plus_nba_official,2026-06-08T21:46:27Z,bdl_lineup_freshness_manifest,,False,False,6.5,0.5146,0.4854,-106.0,106.0,6.5761,4.1143,4.0,7.0,9.0,0.4165,0.4165,0.0981,full,ready,,build_derek_forward_feed:v1_model_only_plus_market_reference,ok
2026-06-08,2026-06-08,f4da0f14-6b9f-47b7-bcbc-f5ee557a11a1,morning_expected,2026-06-08T21:47:20Z,c6cc74a6,c6cc74a6#phase10c,challenger-2026-06-06,2026-06-08T21:47:16Z,73,Jalen Brunson,NYK,SAS,21716136,,ast,6.5,starter,starter,True,,,,32.9712,,36.068,,0.05,projected,not_available_yet,fallback_used,bdl_plus_nba_official,2026-06-08T21:46:27Z,bdl_lineup_freshness_manifest,,False,False,6.5,0.5146,0.4854,-106.0,106.0,6.5761,4.1143,4.0,7.0,9.0,0.4165,0.4165,0.0981,full,ready,,build_derek_forward_feed:v1_model_only_plus_market_reference,ok
2026-06-08,2026-06-08,f4da0f14-6b9f-47b7-bcbc-f5ee557a11a1,morning_expected,2026-06-08T21:47:20Z,c6cc74a6,c6cc74a6#phase10c,challenger-2026-06-06,2026-06-08T21:47:16Z,73,Jalen Brunson,NYK,SAS,21716136,,ast,5.5,starter,starter,True,,,,32.9712,,36.068,,0.05,projected,not_available_yet,fallback_used,bdl_plus_nba_official,2026-06-08T21:46:27Z,bdl_lineup_freshness_manifest,,False,False,5.5,0.6972,0.3028,-230.0,230.0,6.5761,4.1143,4.0,7.0,9.0,0.5541,0.5541,0.143,full,ready,,build_derek_forward_feed:v1_model_only_plus_market_reference,ok
2026-06-08,2026-06-08,f4da0f14-6b9f-47b7-bcbc-f5ee557a11a1,morning_expected,2026-06-08T21:47:20Z,c6cc74a6,c6cc74a6#phase10c,challenger-2026-06-06,2026-06-08T21:47:16Z,73,Jalen Brunson,NYK,SAS,21716136,,ast,5.5,starter,starter,True,,,,32.9712,,36.068,,0.05,projected,not_available_yet,fallback_used,bdl_plus_nba_official,2026-06-08T21:46:27Z,bdl_lineup_freshness_manifest,,False,False,5.5,0.6972,0.3028,-230.0,230.0,6.5761,4.1143,4.0,7.0,9.0,0.5468,0.5468,0.1504,full,ready,,build_derek_forward_feed:v1_model_only_plus_market_reference,ok
2026-06-08,2026-06-08,f4da0f14-6b9f-47b7-bcbc-f5ee557a11a1,morning_expected,2026-06-08T21:47:20Z,c6cc74a6,c6cc74a6#phase10c,challenger-2026-06-06,2026-06-08T21:47:16Z,73,Jalen Brunson,NYK,SAS,21716136,,ast,8.5,starter,starter,True,,,,32.9712,,36.068,,0.05,projected,not_available_yet,fallback_used,bdl_plus_nba_official,2026-06-08T21:46:27Z,bdl_lineup_freshness_manifest,,False,False,8.5,0.1715,0.8285,483.0,-483.0,6.5761,4.1143,4.0,7.0,9.0,0.1639,0.1639,0.0076,full,ready,,build_derek_forward_feed:v1_model_only_plus_market_reference,ok
2026-06-08,2026-06-08,f4da0f14-6b9f-47b7-bcbc-f5ee557a11a1,morning_expected,2026-06-08T21:47:20Z,c6cc74a6,c6cc74a6#phase10c,challenger-2026-06-06,2026-06-08T21:47:16Z,73,Jalen Brunson,NYK,SAS,21716136,,ast,7.5,starter,starter,True,,,,32.9712,,36.068,,0.05,projected,not_available_yet,fallback_used,bdl_plus_nba_official,2026-06-08T21:46:27Z,bdl_lineup_freshness_manifest,,False,False,7.5,0.3288,0.6712,204.0,-204.0,6.5761,4.1143,4.0,7.0,9.0,0.2571,0.2571,0.0717,full,ready,,build_derek_forward_feed:v1_model_only_plus_market_reference,ok
2026-06-08,2026-06-08,f4da0f14-6b9f-47b7-bcbc-f5ee557a11a1,morning_expected,2026-06-08T21:47:20Z,c6cc74a6,c6cc74a6#phase10c,challenger-2026-06-06,2026-06-08T21:47:16Z,73,Jalen Brunson,NYK,SAS,21716136,,ast,6.5,starter,starter,True,,,,32.9712,,36.068,,0.05,projected,not_available_yet,fallback_used,bdl_plus_nba_official,2026-06-08T21:46:27Z,bdl_lineup_freshness_manifest,,False,False,6.5,0.5146,0.4854,-106.0,106.0,6.5761,4.1143,4.0,7.0,9.0,0.3896,0.3896,0.125,full,ready,,build_derek_forward_feed:v1_model_only_plus_market_reference,ok
2026-06-08,2026-06-08,f4da0f14-6b9f-47b7-bcbc-f5ee557a11a1,morning_expected,2026-06-08T21:47:20Z,c6cc74a6,c6cc74a6#phase10c,challenger-2026-06-06,2026-06-08T21:47:16Z,73,Jalen Brunson,NYK,SAS,21716136,,ast,5.5,starter,starter,True,,,,32.9712,,36.068,,0.05,projected,not_available_yet,fallback_used,bdl_plus_nba_official,2026-06-08T21:46:27Z,bdl_lineup_freshness_manifest,,False,False,5.5,0.6972,0.3028,-230.0,230.0,6.5761,4.1143,4.0,7.0,9.0,0.5443,0.5443,0.1529,full,ready,,build_derek_forward_feed:v1_model_only_plus_market_reference,ok
2026-06-08,2026-06-08,f4da0f14-6b9f-47b7-bcbc-f5ee557a11a1,morning_expected,2026-06-08T21:47:20Z,c6cc74a6,c6cc74a6#phase10c,challenger-2026-06-06,2026-06-08T21:47:16Z,73,Jalen Brunson,NYK,SAS,21716136,,ast,4.5,starter,starter,True,,,,32.9712,,36.068,,0.05,projected,not_available_yet,fallback_used,bdl_plus_nba_official,2026-06-08T21:46:27Z,bdl_lineup_freshness_manifest,,False,False,4.5,0.8535,0.1465,-583.0,583.0,6.5761,4.1143,4.0,7.0,9.0,0.694,0.694,0.1595,full,ready,,build_derek_forward_feed:v1_model_only_plus_market_reference,ok
2026-06-08,2026-06-08,f4da0f14-6b9f-47b7-bcbc-f5ee557a11a1,morning_expected,2026-06-08T21:47:20Z,c6cc74a6,c6cc74a6#phase10c,challenger-2026-06-06,2026-06-08T21:47:16Z,73,Jalen Brunson,NYK,SAS,21716136,,ast,3.5,starter,starter,True,,,,32.9712,,36.068,,0.05,projected,not_available_yet,fallback_used,bdl_plus_nba_official,2026-06-08T21:46:27Z,bdl_lineup_freshness_manifest,,False,False,3.5,0.9423,0.0577,-1632.0,1632.0,6.5761,4.1143,4.0,7.0,9.0,0.8175,0.8175,0.1248,full,ready,,build_derek_forward_feed:v1_model_only_plus_market_reference,ok
2026-06-08,2026-06-08,f4da0f14-6b9f-47b7-bcbc-f5ee557a11a1,morning_expected,2026-06-08T21:47:20Z,c6cc74a6,c6cc74a6#phase10c,challenger-2026-06-06,2026-06-08T21:47:16Z,73,Jalen Brunson,NYK,SAS,21716136,,ast,5.5,starter,starter,True,,,,32.9712,,36.068,,0.05,projected,not_available_yet,fallback_used,bdl_plus_nba_official,2026-06-08T21:46:27Z,bdl_lineup_freshness_manifest,,False,False,5.5,0.6972,0.3028,-230.0,230.0,6.5761,4.1143,4.0,7.0,9.0,0.5585,0.5585,0.1387,full,ready,,build_derek_forward_feed:v1_model_only_plus_market_reference,ok
2026-06-08,2026-06-08,f4da0f14-6b9f-47b7-bcbc-f5ee557a11a1,morning_expected,2026-06-08T21:47:20Z,c6cc74a6,c6cc74a6#phase10c,challenger-2026-06-06,2026-06-08T21:47:16Z,73,Jalen Brunson,NYK,SAS,21716136,,ast,5.5,starter,starter,True,,,,32.9712,,36.068,,0.05,projected,not_available_yet,fallback_used,bdl_plus_nba_official,2026-06-08T21:46:27Z,bdl_lineup_freshness_manifest,,False,False,5.5,0.6972,0.3028,-230.0,230.0,6.5761,4.1143,4.0,7.0,9.0,0.5633,0.5633,0.1339,full,ready,,build_derek_forward_feed:v1_model_only_plus_market_reference,ok
2026-06-08,2026-06-08,f4da0f14-6b9f-47b7-bcbc-f5ee557a11a1,morning_expected,2026-06-08T21:47:20Z,c6cc74a6,c6cc74a6#phase10c,challenger-2026-06-06,2026-06-08T21:47:16Z,73,Jalen Brunson,NYK,SAS,21716136,,ast,5.5,starter,starter,True,,,,32.9712,,36.068,,0.05,projected,not_available_yet,fallback_used,bdl_plus_nba_official,2026-06-08T21:46:27Z,bdl_lineup_freshness_manifest,,False,False,5.5,0.6972,0.3028,-230.0,230.0,6.5761,4.1143,4.0,7.0,9.0,0.5595,0.5595,0.1377,full,ready,,build_derek_forward_feed:v1_model_only_plus_market_reference,ok
2026-06-08,2026-06-08,f4da0f14-6b9f-47b7-bcbc-f5ee557a11a1,morning_expected,2026-06-08T21:47:20Z,c6cc74a6,c6cc74a6#phase10c,challenger-2026-06-06,2026-06-08T21:47:16Z,73,Jalen Brunson,NYK,SAS,21716136,,ast,5.5,starter,starter,True,,,,32.9712,,36.068,,0.05,projected,not_available_yet,fallback_used,bdl_plus_nba_official,2026-06-08T21:46:27Z,bdl_lineup_freshness_manifest,,False,False,5.5,0.6972,0.3028,-230.0,230.0,6.5761,4.1143,4.0,7.0,9.0,0.5633,0.5633,0.1339,full,ready,,build_derek_forward_feed:v1_model_only_plus_market_reference,ok
2026-06-08,2026-06-08,f4da0f14-6b9f-47b7-bcbc-f5ee557a11a1,morning_expected,2026-06-08T21:47:20Z,c6cc74a6,c6cc74a6#phase10c,challenger-2026-06-06,2026-06-08T21:47:16Z,73,Jalen Brunson,NYK,SAS,21716136,,ast,6.5,starter,starter,True,,,,32.9712,,36.068,,0.05,projected,not_available_yet,fallback_used,bdl_plus_nba_official,2026-06-08T21:46:27Z,bdl_lineup_freshness_manifest,,False,False,6.5,0.5146,0.4854,-106.0,106.0,6.5761,4.1143,4.0,7.0,9.0,0.4165,0.4165,0.0981,full,ready,,build_derek_forward_feed:v1_model_only_plus_market_reference,ok
2026-06-08,2026-06-08,f4da0f14-6b9f-47b7-bcbc-f5ee557a11a1,morning_expected,2026-06-08T21:47:20Z,c6cc74a6,c6cc74a6#phase10c,challenger-2026-06-06,2026-06-08T21:47:16Z,73,Jalen Brunson,NYK,SAS,21716136,,ast,5.5,starter,starter,True,,,,32.9712,,36.068,,0.05,projected,not_available_yet,fallback_used,bdl_plus_nba_official,2026-06-08T21:46:27Z,bdl_lineup_freshness_manifest,,False,False,5.5,0.6972,0.3028,-230.0,230.0,6.5761,4.1143,4.0,7.0,9.0,0.5446,0.5446,0.1526,full,ready,,build_derek_forward_feed:v1_model_only_plus_market_reference,ok
2026-06-08,2026-06-08,f4da0f14-6b9f-47b7-bcbc-f5ee557a11a1,morning_expected,2026-06-08T21:47:20Z,c6cc74a6,c6cc74a6#phase10c,challenger-2026-06-06,2026-06-08T21:47:16Z,73,Jalen Brunson,NYK,SAS,21716136,,ast,5.5,starter,starter,True,,,,32.9712,,36.068,,0.05,projected,not_available_yet,fallback_used,bdl_plus_nba_official,2026-06-08T21:46:27Z,bdl_lineup_freshness_manifest,,False,False,5.5,0.6972,0.3028,-230.0,230.0,6.5761,4.1143,4.0,7.0,9.0,0.5477,0.5477,0.1495,full,ready,,build_derek_forward_feed:v1_model_only_plus_market_reference,ok
2026-06-08,2026-06-08,f4da0f14-6b9f-47b7-bcbc-f5ee557a11a1,morning_expected,2026-06-08T21:47:20Z,c6cc74a6,c6cc74a6#phase10c,challenger-2026-06-06,2026-06-08T21:47:16Z,73,Jalen Brunson,NYK,SAS,21716136,,ast,4.5,starter,starter,True,,,,32.9712,,36.068,,0.05,projected,not_available_yet,fallback_used,bdl_plus_nba_official,2026-06-08T21:46:27Z,bdl_lineup_freshness_manifest,,False,False,4.5,0.8535,0.1465,-583.0,583.0,6.5761,4.1143,4.0,7.0,9.0,0.7059,0.7059,0.1476,full,ready,,build_derek_forward_feed:v1_model_only_plus_market_reference,ok
2026-06-08,2026-06-08,f4da0f14-6b9f-47b7-bcbc-f5ee557a11a1,morning_expected,2026-06-08T21:47:20Z,c6cc74a6,c6cc74a6#phase10c,challenger-2026-06-06,2026-06-08T21:47:16Z,73,Jalen Brunson,NYK,SAS,21716136,,ast,5.5,starter,starter,True,,,,32.9712,,36.068,,0.05,projected,not_available_yet,fallback_used,bdl_plus_nba_official,2026-06-08T21:46:27Z,bdl_lineup_freshness_manifest,,False,False,5.5,0.6972,0.3028,-230.0,230.0,6.5761,4.1143,4.0,7.0,9.0,0.5633,0.5633,0.1339,full,ready,,build_derek_forward_feed:v1_model_only_plus_market_reference,ok
2026-06-08,2026-06-08,f4da0f14-6b9f-47b7-bcbc-f5ee557a11a1,morning_expected,2026-06-08T21:47:20Z,c6cc74a6,c6cc74a6#phase10c,challenger-2026-06-06,2026-06-08T21:47:16Z,73,Jalen Brunson,NYK,SAS,21716136,,ast,5.5,starter,starter,True,,,,32.9712,,36.068,,0.05,projected,not_available_yet,fallback_used,bdl_plus_nba_official,2026-06-08T21:46:27Z,bdl_lineup_freshness_manifest,,False,False,5.5,0.6972,0.3028,-230.0,230.0,6.5761,4.1143,4.0,7.0,9.0,0.5724,0.5724,0.1248,full,ready,,build_derek_forward_feed:v1_model_only_plus_market_reference,ok
2026-06-08,2026-06-08,f4da0f14-6b9f-47b7-bcbc-f5ee557a11a1,morning_expected,2026-06-08T21:47:20Z,c6cc74a6,c6cc74a6#phase10c,challenger-2026-06-06,2026-06-08T21:47:16Z,73,Jalen Brunson,NYK,SAS,21716136,,fg3m,2.5,starter,starter,True,,,,32.9712,,36.068,,0.05,projected,not_available_yet,fallback_used,bdl_plus_nba_official,2026-06-08T21:46:27Z,bdl_lineup_freshness_manifest,,False,False,2.5,0.371,0.629,170.0,-170.0,1.9861,4.3428,0.0,2.0,6.0,0.4248,0.4248,-0.0539,full,ready,,build_derek_forward_feed:v1_model_only_plus_market_reference,ok
2026-06-08,2026-06-08,f4da0f14-6b9f-47b7-bcbc-f5ee557a11a1,morning_expected,2026-06-08T21:47:20Z,c6cc74a6,c6cc74a6#phase10c,challenger-2026-06-06,2026-06-08T21:47:16Z,73,Jalen Brunson,NYK,SAS,21716136,,fg3m,2.5,starter,starter,True,,,,32.9712,,36.068,,0.05,projected,not_available_yet,fallback_used,bdl_plus_nba_official,2026-06-08T21:46:27Z,bdl_lineup_freshness_manifest,,False,False,2.5,0.371,0.629,170.0,-170.0,1.9861,4.3428,0.0,2.0,6.0,0.4494,0.4494,-0.0785,full,ready,,build_derek_forward_feed:v1_model_only_plus_market_reference,ok
2026-06-08,2026-06-08,f4da0f14-6b9f-47b7-bcbc-f5ee557a11a1,morning_expected,2026-06-08T21:47:20Z,c6cc74a6,c6cc74a6#phase10c,challenger-2026-06-06,2026-06-08T21:47:16Z,73,Jalen Brunson,NYK,SAS,21716136,,fg3m,4.5,starter,starter,True,,,,32.9712,,36.068,,0.05,projected,not_available_yet,fallback_used,bdl_plus_nba_official,2026-06-08T21:46:27Z,bdl_lineup_freshness_manifest,,False,False,4.5,0.1518,0.8482,559.0,-559.0,1.9861,4.3428,0.0,2.0,6.0,0.1181,0.1181,0.0337,full,ready,,build_derek_forward_feed:v1_model_only_plus_market_reference,ok
2026-06-08,2026-06-08,f4da0f14-6b9f-47b7-bcbc-f5ee557a11a1,morning_expected,2026-06-08T21:47:20Z,c6cc74a6,c6cc74a6#phase10c,challenger-2026-06-06,2026-06-08T21:47:16Z,73,Jalen Brunson,NYK,SAS,21716136,,fg3m,3.5,starter,starter,True,,,,32.9712,,36.068,,0.05,projected,not_available_yet,fallback_used,bdl_plus_nba_official,2026-06-08T21:46:27Z,bdl_lineup_freshness_manifest,,False,False,3.5,0.2372,0.7628,322.0,-322.0,1.9861,4.3428,0.0,2.0,6.0,0.2457,0.2457,-0.0086,full,ready,,build_derek_forward_feed:v1_model_only_plus_market_reference,ok
2026-06-08,2026-06-08,f4da0f14-6b9f-47b7-bcbc-f5ee557a11a1,morning_expected,2026-06-08T21:47:20Z,c6cc74a6,c6cc74a6#phase10c,challenger-2026-06-06,2026-06-08T21:47:16Z,73,Jalen Brunson,NYK,SAS,21716136,,fg3m,1.5,starter,starter,True,,,,32.9712,,36.068,,0.05,projected,not_available_yet,fallback_used,bdl_plus_nba_official,2026-06-08T21:46:27Z,bdl_lineup_freshness_manifest,,False,False,1.5,0.5063,0.4937,-103.0,103.0,1.9861,4.3428,0.0,2.0,6.0,0.6984,0.6984,-0.192,full,ready,,build_derek_forward_feed:v1_model_only_plus_market_reference,ok
2026-06-08,2026-06-08,f4da0f14-6b9f-47b7-bcbc-f5ee557a11a1,morning_expected,2026-06-08T21:47:20Z,c6cc74a6,c6cc74a6#phase10c,challenger-2026-06-06,2026-06-08T21:47:16Z,73,Jalen Brunson,NYK,SAS,21716136,,fg3m,2.5,starter,starter,True,,,,32.9712,,36.068,,0.05,projected,not_available_yet,fallback_used,bdl_plus_nba_official,2026-06-08T21:46:27Z,bdl_lineup_freshness_manifest,,False,False,2.5,0.371,0.629,170.0,-170.0,1.9861,4.3428,0.0,2.0,6.0,0.4335,0.4335,-0.0625,full,ready,,build_derek_forward_feed:v1_model_only_plus_market_reference,ok
2026-06-08,2026-06-08,f4da0f14-6b9f-47b7-bcbc-f5ee557a11a1,morning_expected,2026-06-08T21:47:20Z,c6cc74a6,c6cc74a6#phase10c,challenger-2026-06-06,2026-06-08T21:47:16Z,73,Jalen Brunson,NYK,SAS,21716136,,fg3m,2.5,starter,starter,True,,,,32.9712,,36.068,,0.05,projected,not_available_yet,fallback_used,bdl_plus_nba_official,2026-06-08T21:46:27Z,bdl_lineup_freshness_manifest,,False,False,2.5,0.371,0.629,170.0,-170.0,1.9861,4.3428,0.0,2.0,6.0,0.4176,0.4176,-0.0466,full,ready,,build_derek_forward_feed:v1_model_only_plus_market_reference,ok
2026-06-08,2026-06-08,f4da0f14-6b9f-47b7-bcbc-f5ee557a11a1,morning_expected,2026-06-08T21:47:20Z,c6cc74a6,c6cc74a6#phase10c,challenger-2026-06-06,2026-06-08T21:47:16Z,73,Jalen Brunson,NYK,SAS,21716136,,fg3m,2.5,starter,starter,True,,,,32.9712,,36.068,,0.05,projected,not_available_yet,fallback_used,bdl_plus_nba_official,2026-06-08T21:46:27Z,bdl_lineup_freshness_manifest,,False,False,2.5,0.371,0.629,170.0,-170.0,1.9861,4.3428,0.0,2.0,6.0,0.4165,0.4165,-0.0455,full,ready,,build_derek_forward_feed:v1_model_only_plus_market_reference,ok
2026-06-08,2026-06-08,f4da0f14-6b9f-47b7-bcbc-f5ee557a11a1,morning_expected,2026-06-08T21:47:20Z,c6cc74a6,c6cc74a6#phase10c,challenger-2026-06-06,2026-06-08T21:47:16Z,73,Jalen Brunson,NYK,SAS,21716136,,fg3m,2.5,starter,starter,True,,,,32.9712,,36.068,,0.05,projected,not_available_yet,fallback_used,bdl_plus_nba_official,2026-06-08T21:46:27Z,bdl_lineup_freshness_manifest,,False,False,2.5,0.371,0.629,170.0,-170.0,1.9861,4.3428,0.0,2.0,6.0,0.4165,0.4165,-0.0455,full,ready,,build_derek_forward_feed:v1_model_only_plus_market_reference,ok
2026-06-08,2026-06-08,f4da0f14-6b9f-47b7-bcbc-f5ee557a11a1,morning_expected,2026-06-08T21:47:20Z,c6cc74a6,c6cc74a6#phase10c,challenger-2026-06-06,2026-06-08T21:47:16Z,73,Jalen Brunson,NYK,SAS,21716136,,fg3m,1.5,starter,starter,True,,,,32.9712,,36.068,,0.05,projected,not_available_yet,fallback_used,bdl_plus_nba_official,2026-06-08T21:46:27Z,bdl_lineup_freshness_manifest,,False,False,1.5,0.5063,0.4937,-103.0,103.0,1.9861,4.3428,0.0,2.0,6.0,0.6654,0.6654,-0.159,full,ready,,build_derek_forward_feed:v1_model_only_plus_market_reference,ok
2026-06-08,2026-06-08,f4da0f14-6b9f-47b7-bcbc-f5ee557a11a1,morning_expected,2026-06-08T21:47:20Z,c6cc74a6,c6cc74a6#phase10c,challenger-2026-06-06,2026-06-08T21:47:16Z,73,Jalen Brunson,NYK,SAS,21716136,,fg3m,2.5,starter,starter,True,,,,32.9712,,36.068,,0.05,projected,not_available_yet,fallback_used,bdl_plus_nba_official,2026-06-08T21:46:27Z,bdl_lineup_freshness_manifest,,False,False,2.5,0.371,0.629,170.0,-170.0,1.9861,4.3428,0.0,2.0,6.0,0.4335,0.4335,-0.0625,full,ready,,build_derek_forward_feed:v1_model_only_plus_market_reference,ok
2026-06-08,2026-06-08,f4da0f14-6b9f-47b7-bcbc-f5ee557a11a1,morning_expected,2026-06-08T21:47:20Z,c6cc74a6,c6cc74a6#phase10c,challenger-2026-06-06,2026-06-08T21:47:16Z,73,Jalen Brunson,NYK,SAS,21716136,,fg3m,2.5,starter,starter,True,,,,32.9712,,36.068,,0.05,projected,not_available_yet,fallback_used,bdl_plus_nba_official,2026-06-08T21:46:27Z,bdl_lineup_freshness_manifest,,False,False,2.5,0.371,0.629,170.0,-170.0,1.9861,4.3428,0.0,2.0,6.0,0.4335,0.4335,-0.0625,full,ready,,build_derek_forward_feed:v1_model_only_plus_market_reference,ok
2026-06-08,2026-06-08,f4da0f14-6b9f-47b7-bcbc-f5ee557a11a1,morning_expected,2026-06-08T21:47:20Z,c6cc74a6,c6cc74a6#phase10c,challenger-2026-06-06,2026-06-08T21:47:16Z,73,Jalen Brunson,NYK,SAS,21716136,,fg3m,2.5,starter,starter,True,,,,32.9712,,36.068,,0.05,projected,not_available_yet,fallback_used,bdl_plus_nba_official,2026-06-08T21:46:27Z,bdl_lineup_freshness_manifest,,False,False,2.5,0.371,0.629,170.0,-170.0,1.9861,4.3428,0.0,2.0,6.0,0.425,0.425,-0.054,full,ready,,build_derek_forward_feed:v1_model_only_plus_market_reference,ok
2026-06-08,2026-06-08,f4da0f14-6b9f-47b7-bcbc-f5ee557a11a1,morning_expected,2026-06-08T21:47:20Z,c6cc74a6,c6cc74a6#phase10c,challenger-2026-06-06,2026-06-08T21:47:16Z,73,Jalen Brunson,NYK,SAS,21716136,,fg3m,2.5,starter,starter,True,,,,32.9712,,36.068,,0.05,projected,not_available_yet,fallback_used,bdl_plus_nba_official,2026-06-08T21:46:27Z,bdl_lineup_freshness_manifest,,False,False,2.5,0.371,0.629,170.0,-170.0,1.9861,4.3428,0.0,2.0,6.0,0.4335,0.4335,-0.0625,full,ready,,build_derek_forward_feed:v1_model_only_plus_market_reference,ok
2026-06-08,2026-06-08,f4da0f14-6b9f-47b7-bcbc-f5ee557a11a1,morning_expected,2026-06-08T21:47:20Z,c6cc74a6,c6cc74a6#phase10c,challenger-2026-06-06,2026-06-08T21:47:16Z,73,Jalen Brunson,NYK,SAS,21716136,,fg3m,2.5,starter,starter,True,,,,32.9712,,36.068,,0.05,projected,not_available_yet,fallback_used,bdl_plus_nba_official,2026-06-08T21:46:27Z,bdl_lineup_freshness_manifest,,False,False,2.5,0.371,0.629,170.0,-170.0,1.9861,4.3428,0.0,2.0,6.0,0.4154,0.4154,-0.0444,full,ready,,build_derek_forward_feed:v1_model_only_plus_market_reference,ok
2026-06-08,2026-06-08,f4da0f14-6b9f-47b7-bcbc-f5ee557a11a1,morning_expected,2026-06-08T21:47:20Z,c6cc74a6,c6cc74a6#phase10c,challenger-2026-06-06,2026-06-08T21:47:16Z,73,Jalen Brunson,NYK,SAS,21716136,,fg3m,2.5,starter,starter,True,,,,32.9712,,36.068,,0.05,projected,not_available_yet,fallback_used,bdl_plus_nba_official,2026-06-08T21:46:27Z,bdl_lineup_freshness_manifest,,False,False,2.5,0.371,0.629,170.0,-170.0,1.9861,4.3428,0.0,2.0,6.0,0.4249,0.4249,-0.0539,full,ready,,build_derek_forward_feed:v1_model_only_plus_market_reference,ok
2026-06-08,2026-06-08,f4da0f14-6b9f-47b7-bcbc-f5ee557a11a1,morning_expected,2026-06-08T21:47:20Z,c6cc74a6,c6cc74a6#phase10c,challenger-2026-06-06,2026-06-08T21:47:16Z,73,Jalen Brunson,NYK,SAS,21716136,,fg3m,1.5,starter,starter,True,,,,32.9712,,36.068,,0.05,projected,not_available_yet,fallback_used,bdl_plus_nba_official,2026-06-08T21:46:27Z,bdl_lineup_freshness_manifest,,False,False,1.5,0.5063,0.4937,-103.0,103.0,1.9861,4.3428,0.0,2.0,6.0,0.6667,0.6667,-0.1603,full,ready,,build_derek_forward_feed:v1_model_only_plus_market_reference,ok
2026-06-08,2026-06-08,f4da0f14-6b9f-47b7-bcbc-f5ee557a11a1,morning_expected,2026-06-08T21:47:20Z,c6cc74a6,c6cc74a6#phase10c,challenger-2026-06-06,2026-06-08T21:47:16Z,73,Jalen Brunson,NYK,SAS,21716136,,fg3m,2.5,starter,starter,True,,,,32.9712,,36.068,,0.05,projected,not_available_yet,fallback_used,bdl_plus_nba_official,2026-06-08T21:46:27Z,bdl_lineup_freshness_manifest,,False,False,2.5,0.371,0.629,170.0,-170.0,1.9861,4.3428,0.0,2.0,6.0,0.4085,0.4085,-0.0375,full,ready,,build_derek_forward_feed:v1_model_only_plus_market_reference,ok
2026-06-08,2026-06-08,f4da0f14-6b9f-47b7-bcbc-f5ee557a11a1,morning_expected,2026-06-08T21:47:20Z,c6cc74a6,c6cc74a6#phase10c,challenger-2026-06-06,2026-06-08T21:47:16Z,73,Jalen Brunson,NYK,SAS,21716136,,fg3m,3.5,starter,starter,True,,,,32.9712,,36.068,,0.05,projected,not_available_yet,fallback_used,bdl_plus_nba_official,2026-06-08T21:46:27Z,bdl_lineup_freshness_manifest,,False,False,3.5,0.2372,0.7628,322.0,-322.0,1.9861,4.3428,0.0,2.0,6.0,0.2478,0.2478,-0.0106,full,ready,,build_derek_forward_feed:v1_model_only_plus_market_reference,ok
2026-06-08,2026-06-08,f4da0f14-6b9f-47b7-bcbc-f5ee557a11a1,morning_expected,2026-06-08T21:47:20Z,c6cc74a6,c6cc74a6#phase10c,challenger-2026-06-06,2026-06-08T21:47:16Z,73,Jalen Brunson,NYK,SAS,21716136,,tov,,starter,starter,True,,,,32.9712,,36.068,,0.05,projected,not_available_yet,fallback_used,bdl_plus_nba_official,2026-06-08T21:46:27Z,bdl_lineup_freshness_manifest,,False,False,,,,,,1.4786,0.7542,0.0,1.0,3.0,,,,no_market,ready,,build_derek_forward_feed:v1_model_only_plus_market_reference,ok
2026-06-08,2026-06-08,f4da0f14-6b9f-47b7-bcbc-f5ee557a11a1,morning_expected,2026-06-08T21:47:20Z,c6cc74a6,c6cc74a6#phase10c,challenger-2026-06-06,2026-06-08T21:47:16Z,73,Jalen Brunson,NYK,SAS,21716136,,stl,0.5,starter,starter,True,,,,32.9712,,36.068,,0.05,projected,not_available_yet,fallback_used,bdl_plus_nba_official,2026-06-08T21:46:27Z,bdl_lineup_freshness_manifest,,False,False,0.5,0.3537,0.6463,183.0,-183.0,0.6529,1.1576,0.0,0.0,2.0,0.6104,0.6104,-0.2567,full,ready,,build_derek_forward_feed:v1_model_only_plus_market_reference,ok
2026-06-08,2026-06-08,f4da0f14-6b9f-47b7-bcbc-f5ee557a11a1,morning_expected,2026-06-08T21:47:20Z,c6cc74a6,c6cc74a6#phase10c,challenger-2026-06-06,2026-06-08T21:47:16Z,73,Jalen Brunson,NYK,SAS,21716136,,stl,0.5,starter,starter,True,,,,32.9712,,36.068,,0.05,projected,not_available_yet,fallback_used,bdl_plus_nba_official,2026-06-08T21:46:27Z,bdl_lineup_freshness_manifest,,False,False,0.5,0.3537,0.6463,183.0,-183.0,0.6529,1.1576,0.0,0.0,2.0,0.5915,0.5915,-0.2378,full,ready,,build_derek_forward_feed:v1_model_only_plus_market_reference,ok
2026-06-08,2026-06-08,f4da0f14-6b9f-47b7-bcbc-f5ee557a11a1,morning_expected,2026-06-08T21:47:20Z,c6cc74a6,c6cc74a6#phase10c,challenger-2026-06-06,2026-06-08T21:47:16Z,73,Jalen Brunson,NYK,SAS,21716136,,stl,0.5,starter,starter,True,,,,32.9712,,36.068,,0.05,projected,not_available_yet,fallback_used,bdl_plus_nba_official,2026-06-08T21:46:27Z,bdl_lineup_freshness_manifest,,False,False,0.5,0.3537,0.6463,183.0,-183.0,0.6529,1.1576,0.0,0.0,2.0,0.5915,0.5915,-0.2378,full,ready,,build_derek_forward_feed:v1_model_only_plus_market_reference,ok
2026-06-08,2026-06-08,f4da0f14-6b9f-47b7-bcbc-f5ee557a11a1,morning_expected,2026-06-08T21:47:20Z,c6cc74a6,c6cc74a6#phase10c,challenger-2026-06-06,2026-06-08T21:47:16Z,73,Jalen Brunson,NYK,SAS,21716136,,stl,0.5,starter,starter,True,,,,32.9712,,36.068,,0.05,projected,not_available_yet,fallback_used,bdl_plus_nba_official,2026-06-08T21:46:27Z,bdl_lineup_freshness_manifest,,False,False,0.5,0.3537,0.6463,183.0,-183.0,0.6529,1.1576,0.0,0.0,2.0,0.6084,0.6084,-0.2547,full,ready,,build_derek_forward_feed:v1_model_only_plus_market_reference,ok
2026-06-08,2026-06-08,f4da0f14-6b9f-47b7-bcbc-f5ee557a11a1,morning_expected,2026-06-08T21:47:20Z,c6cc74a6,c6cc74a6#phase10c,challenger-2026-06-06,2026-06-08T21:47:16Z,73,Jalen Brunson,NYK,SAS,21716136,,stl,0.5,starter,starter,True,,,,32.9712,,36.068,,0.05,projected,not_available_yet,fallback_used,bdl_plus_nba_official,2026-06-08T21:46:27Z,bdl_lineup_freshness_manifest,,False,False,0.5,0.3537,0.6463,183.0,-183.0,0.6529,1.1576,0.0,0.0,2.0,0.6084,0.6084,-0.2547,full,ready,,build_derek_forward_feed:v1_model_only_plus_market_reference,ok
2026-06-08,2026-06-08,f4da0f14-6b9f-47b7-bcbc-f5ee557a11a1,morning_expected,2026-06-08T21:47:20Z,c6cc74a6,c6cc74a6#phase10c,challenger-2026-06-06,2026-06-08T21:47:16Z,73,Jalen Brunson,NYK,SAS,21716136,,stl,0.5,starter,starter,True,,,,32.9712,,36.068,,0.05,projected,not_available_yet,fallback_used,bdl_plus_nba_official,2026-06-08T21:46:27Z,bdl_lineup_freshness_manifest,,False,False,0.5,0.3537,0.6463,183.0,-183.0,0.6529,1.1576,0.0,0.0,2.0,0.6084,0.6084,-0.2547,full,ready,,build_derek_forward_feed:v1_model_only_plus_market_reference,ok
2026-06-08,2026-06-08,f4da0f14-6b9f-47b7-bcbc-f5ee557a11a1,morning_expected,2026-06-08T21:47:20Z,c6cc74a6,c6cc74a6#phase10c,challenger-2026-06-06,2026-06-08T21:47:16Z,73,Jalen Brunson,NYK,SAS,21716136,,stl,0.5,starter,starter,True,,,,32.9712,,36.068,,0.05,projected,not_available_yet,fallback_used,bdl_plus_nba_official,2026-06-08T21:46:27Z,bdl_lineup_freshness_manifest,,False,False,0.5,0.3537,0.6463,183.0,-183.0,0.6529,1.1576,0.0,0.0,2.0,0.5951,0.5951,-0.2414,full,ready,,build_derek_forward_feed:v1_model_only_plus_market_reference,ok
2026-06-08,2026-06-08,f4da0f14-6b9f-47b7-bcbc-f5ee557a11a1,morning_expected,2026-06-08T21:47:20Z,c6cc74a6,c6cc74a6#phase10c,challenger-2026-06-06,2026-06-08T21:47:16Z,73,Jalen Brunson,NYK,SAS,21716136,,stl,0.5,starter,starter,True,,,,32.9712,,36.068,,0.05,projected,not_available_yet,fallback_used,bdl_plus_nba_official,2026-06-08T21:46:27Z,bdl_lineup_freshness_manifest,,False,False,0.5,0.3537,0.6463,183.0,-183.0,0.6529,1.1576,0.0,0.0,2.0,0.6011,0.6011,-0.2474,full,ready,,build_derek_forward_feed:v1_model_only_plus_market_reference,ok
2026-06-08,2026-06-08,f4da0f14-6b9f-47b7-bcbc-f5ee557a11a1,morning_expected,2026-06-08T21:47:20Z,c6cc74a6,c6cc74a6#phase10c,challenger-2026-06-06,2026-06-08T21:47:16Z,73,Jalen Brunson,NYK,SAS,21716136,,blk,0.5,starter,starter,True,,,,32.9712,,36.068,,0.05,projected,not_available_yet,fallback_used,bdl_plus_nba_official,2026-06-08T21:46:27Z,bdl_lineup_freshness_manifest,,False,False,0.5,0.2391,0.7609,318.0,-318.0,0.3044,0.3847,0.0,0.0,1.0,0.134,0.134,0.1051,full,ready,,build_derek_forward_feed:v1_model_only_plus_market_reference,ok
2026-06-08,2026-06-08,f4da0f14-6b9f-47b7-bcbc-f5ee557a11a1,morning_expected,2026-06-08T21:47:20Z,c6cc74a6,c6cc74a6#phase10c,challenger-2026-06-06,2026-06-08T21:47:16Z,73,Jalen Brunson,NYK,SAS,21716136,,blk,0.5,starter,starter,True,,,,32.9712,,36.068,,0.05,projected,not_available_yet,fallback_used,bdl_plus_nba_official,2026-06-08T21:46:27Z,bdl_lineup_freshness_manifest,,False,False,0.5,0.2391,0.7609,318.0,-318.0,0.3044,0.3847,0.0,0.0,1.0,0.1606,0.1606,0.0786,full,ready,,build_derek_forward_feed:v1_model_only_plus_market_reference,ok
2026-06-08,2026-06-08,f4da0f14-6b9f-47b7-bcbc-f5ee557a11a1,morning_expected,2026-06-08T21:47:20Z,c6cc74a6,c6cc74a6#phase10c,challenger-2026-06-06,2026-06-08T21:47:16Z,73,Jalen Brunson,NYK,SAS,21716136,,blk,0.5,starter,starter,True,,,,32.9712,,36.068,,0.05,projected,not_available_yet,fallback_used,bdl_plus_nba_official,2026-06-08T21:46:27Z,bdl_lineup_freshness_manifest,,False,False,0.5,0.2391,0.7609,318.0,-318.0,0.3044,0.3847,0.0,0.0,1.0,0.1307,0.1307,0.1084,full,ready,,build_derek_forward_feed:v1_model_only_plus_market_reference,ok
2026-06-08,2026-06-08,f4da0f14-6b9f-47b7-bcbc-f5ee557a11a1,morning_expected,2026-06-08T21:47:20Z,c6cc74a6,c6cc74a6#phase10c,challenger-2026-06-06,2026-06-08T21:47:16Z,73,Jalen Brunson,NYK,SAS,21716136,,blk,0.5,starter,starter,True,,,,32.9712,,36.068,,0.05,projected,not_available_yet,fallback_used,bdl_plus_nba_official,2026-06-08T21:46:27Z,bdl_lineup_freshness_manifest,,False,False,0.5,0.2391,0.7609,318.0,-318.0,0.3044,0.3847,0.0,0.0,1.0,0.1437,0.1437,0.0954,full,ready,,build_derek_forward_feed:v1_model_only_plus_market_reference,ok
2026-06-08,2026-06-08,f4da0f14-6b9f-47b7-bcbc-f5ee557a11a1,morning_expected,2026-06-08T21:47:20Z,c6cc74a6,c6cc74a6#phase10c,challenger-2026-06-06,2026-06-08T21:47:16Z,73,Jalen Brunson,NYK,SAS,21716136,,blk,0.5,starter,starter,True,,,,32.9712,,36.068,,0.05,projected,not_available_yet,fallback_used,bdl_plus_nba_official,2026-06-08T21:46:27Z,bdl_lineup_freshness_manifest,,False,False,0.5,0.2391,0.7609,318.0,-318.0,0.3044,0.3847,0.0,0.0,1.0,0.1437,0.1437,0.0954,full,ready,,build_derek_forward_feed:v1_model_only_plus_market_reference,ok
2026-06-08,2026-06-08,f4da0f14-6b9f-47b7-bcbc-f5ee557a11a1,morning_expected,2026-06-08T21:47:20Z,c6cc74a6,c6cc74a6#phase10c,challenger-2026-06-06,2026-06-08T21:47:16Z,73,Jalen Brunson,NYK,SAS,21716136,,blk,0.5,starter,starter,True,,,,32.9712,,36.068,,0.05,projected,not_available_yet,fallback_used,bdl_plus_nba_official,2026-06-08T21:46:27Z,bdl_lineup_freshness_manifest,,False,False,0.5,0.2391,0.7609,318.0,-318.0,0.3044,0.3847,0.0,0.0,1.0,0.1437,0.1437,0.0954,full,ready,,build_derek_forward_feed:v1_model_only_plus_market_reference,ok
2026-06-08,2026-06-08,f4da0f14-6b9f-47b7-bcbc-f5ee557a11a1,morning_expected,2026-06-08T21:47:20Z,c6cc74a6,c6cc74a6#phase10c,challenger-2026-06-06,2026-06-08T21:47:16Z,73,Jalen Brunson,NYK,SAS,21716136,,stocks,,starter,starter,True,,,,32.9712,,36.068,,0.05,projected,not_available_yet,fallback_used,bdl_plus_nba_official,2026-06-08T21:46:27Z,bdl_lineup_freshness_manifest,,False,False,,,,,,0.963,1.563,0.0,1.0,3.0,,,,no_market,ready,,build_derek_forward_feed:v1_model_only_plus_market_reference,ok
2026-06-08,2026-06-08,f4da0f14-6b9f-47b7-bcbc-f5ee557a11a1,morning_expected,2026-06-08T21:47:20Z,c6cc74a6,c6cc74a6#phase10c,challenger-2026-06-06,2026-06-08T21:47:16Z,73,Jalen Brunson,NYK,SAS,21716136,,pa,41.5,starter,starter,True,,,,32.9712,,36.068,,0.05,projected,not_available_yet,fallback_used,bdl_plus_nba_official,2026-06-08T21:46:27Z,bdl_lineup_freshness_manifest,,False,False,41.5,0.1503,0.8497,565.0,-565.0,33.6622,66.3303,23.0,34.0,43.0,0.1639,0.1639,-0.0137,full,ready,,build_derek_forward_feed:v1_model_only_plus_market_reference,ok
2026-06-08,2026-06-08,f4da0f14-6b9f-47b7-bcbc-f5ee557a11a1,morning_expected,2026-06-08T21:47:20Z,c6cc74a6,c6cc74a6#phase10c,challenger-2026-06-06,2026-06-08T21:47:16Z,73,Jalen Brunson,NYK,SAS,21716136,,pa,40.5,starter,starter,True,,,,32.9712,,36.068,,0.05,projected,not_available_yet,fallback_used,bdl_plus_nba_official,2026-06-08T21:46:27Z,bdl_lineup_freshness_manifest,,False,False,40.5,0.1829,0.8171,447.0,-447.0,33.6622,66.3303,23.0,34.0,43.0,0.1869,0.1869,-0.004,full,ready,,build_derek_forward_feed:v1_model_only_plus_market_reference,ok
2026-06-08,2026-06-08,f4da0f14-6b9f-47b7-bcbc-f5ee557a11a1,morning_expected,2026-06-08T21:47:20Z,c6cc74a6,c6cc74a6#phase10c,challenger-2026-06-06,2026-06-08T21:47:16Z,73,Jalen Brunson,NYK,SAS,21716136,,pa,39.5,starter,starter,True,,,,32.9712,,36.068,,0.05,projected,not_available_yet,fallback_used,bdl_plus_nba_official,2026-06-08T21:46:27Z,bdl_lineup_freshness_manifest,,False,False,39.5,0.2201,0.7799,354.0,-354.0,33.6622,66.3303,23.0,34.0,43.0,0.2222,0.2222,-0.0021,full,ready,,build_derek_forward_feed:v1_model_only_plus_market_reference,ok
2026-06-08,2026-06-08,f4da0f14-6b9f-47b7-bcbc-f5ee557a11a1,morning_expected,2026-06-08T21:47:20Z,c6cc74a6,c6cc74a6#phase10c,challenger-2026-06-06,2026-06-08T21:47:16Z,73,Jalen Brunson,NYK,SAS,21716136,,pa,38.5,starter,starter,True,,,,32.9712,,36.068,,0.05,projected,not_available_yet,fallback_used,bdl_plus_nba_official,2026-06-08T21:46:27Z,bdl_lineup_freshness_manifest,,False,False,38.5,0.261,0.739,283.0,-283.0,33.6622,66.3303,23.0,34.0,43.0,0.2457,0.2457,0.0152,full,ready,,build_derek_forward_feed:v1_model_only_plus_market_reference,ok
2026-06-08,2026-06-08,f4da0f14-6b9f-47b7-bcbc-f5ee557a11a1,morning_expected,2026-06-08T21:47:20Z,c6cc74a6,c6cc74a6#phase10c,challenger-2026-06-06,2026-06-08T21:47:16Z,73,Jalen Brunson,NYK,SAS,21716136,,pa,37.5,starter,starter,True,,,,32.9712,,36.068,,0.05,projected,not_available_yet,fallback_used,bdl_plus_nba_official,2026-06-08T21:46:27Z,bdl_lineup_freshness_manifest,,False,False,37.5,0.3054,0.6946,227.0,-227.0,33.6622,66.3303,23.0,34.0,43.0,0.2831,0.2831,0.0223,full,ready,,build_derek_forward_feed:v1_model_only_plus_market_reference,ok
2026-06-08,2026-06-08,f4da0f14-6b9f-47b7-bcbc-f5ee557a11a1,morning_expected,2026-06-08T21:47:20Z,c6cc74a6,c6cc74a6#phase10c,challenger-2026-06-06,2026-06-08T21:47:16Z,73,Jalen Brunson,NYK,SAS,21716136,,pa,36.5,starter,starter,True,,,,32.9712,,36.068,,0.05,projected,not_available_yet,fallback_used,bdl_plus_nba_official,2026-06-08T21:46:27Z,bdl_lineup_freshness_manifest,,False,False,36.5,0.3537,0.6463,183.0,-183.0,33.6622,66.3303,23.0,34.0,43.0,0.3179,0.3179,0.0358,full,ready,,build_derek_forward_feed:v1_model_only_plus_market_reference,ok
2026-06-08,2026-06-08,f4da0f14-6b9f-47b7-bcbc-f5ee557a11a1,morning_expected,2026-06-08T21:47:20Z,c6cc74a6,c6cc74a6#phase10c,challenger-2026-06-06,2026-06-08T21:47:16Z,73,Jalen Brunson,NYK,SAS,21716136,,pa,35.5,starter,starter,True,,,,32.9712,,36.068,,0.05,projected,not_available_yet,fallback_used,bdl_plus_nba_official,2026-06-08T21:46:27Z,bdl_lineup_freshness_manifest,,False,False,35.5,0.4056,0.5944,147.0,-147.0,33.6622,66.3303,23.0,34.0,43.0,0.3536,0.3536,0.0519,full,ready,,build_derek_forward_feed:v1_model_only_plus_market_reference,ok
2026-06-08,2026-06-08,f4da0f14-6b9f-47b7-bcbc-f5ee557a11a1,morning_expected,2026-06-08T21:47:20Z,c6cc74a6,c6cc74a6#phase10c,challenger-2026-06-06,2026-06-08T21:47:16Z,73,Jalen Brunson,NYK,SAS,21716136,,pa,34.5,starter,starter,True,,,,32.9712,,36.068,,0.05,projected,not_available_yet,fallback_used,bdl_plus_nba_official,2026-06-08T21:46:27Z,bdl_lineup_freshness_manifest,,False,False,34.5,0.4601,0.5399,117.0,-117.0,33.6622,66.3303,23.0,34.0,43.0,0.3993,0.3993,0.0608,full,ready,,build_derek_forward_feed:v1_model_only_plus_market_reference,ok
2026-06-08,2026-06-08,f4da0f14-6b9f-47b7-bcbc-f5ee557a11a1,morning_expected,2026-06-08T21:47:20Z,c6cc74a6,c6cc74a6#phase10c,challenger-2026-06-06,2026-06-08T21:47:16Z,73,Jalen Brunson,NYK,SAS,21716136,,pa,33.5,starter,starter,True,,,,32.9712,,36.068,,0.05,projected,not_available_yet,fallback_used,bdl_plus_nba_official,2026-06-08T21:46:27Z,bdl_lineup_freshness_manifest,,False,False,33.5,0.5151,0.4849,-106.0,106.0,33.6622,66.3303,23.0,34.0,43.0,0.4415,0.4415,0.0736,full,ready,,build_derek_forward_feed:v1_model_only_plus_market_reference,ok
2026-06-08,2026-06-08,f4da0f14-6b9f-47b7-bcbc-f5ee557a11a1,morning_expected,2026-06-08T21:47:20Z,c6cc74a6,c6cc74a6#phase10c,challenger-2026-06-06,2026-06-08T21:47:16Z,73,Jalen Brunson,NYK,SAS,21716136,,pa,32.5,starter,starter,True,,,,32.9712,,36.068,,0.05,projected,not_available_yet,fallback_used,bdl_plus_nba_official,2026-06-08T21:46:27Z,bdl_lineup_freshness_manifest,,False,False,32.5,0.5683,0.4317,-132.0,132.0,33.6622,66.3303,23.0,34.0,43.0,0.4939,0.4939,0.0743,full,ready,,build_derek_forward_feed:v1_model_only_plus_market_reference,ok
2026-06-08,2026-06-08,f4da0f14-6b9f-47b7-bcbc-f5ee557a11a1,morning_expected,2026-06-08T21:47:20Z,c6cc74a6,c6cc74a6#phase10c,challenger-2026-06-06,2026-06-08T21:47:16Z,73,Jalen Brunson,NYK,SAS,21716136,,pa,31.5,starter,starter,True,,,,32.9712,,36.068,,0.05,projected,not_available_yet,fallback_used,bdl_plus_nba_official,2026-06-08T21:46:27Z,bdl_lineup_freshness_manifest,,False,False,31.5,0.6179,0.3821,-162.0,162.0,33.6622,66.3303,23.0,34.0,43.0,0.5419,0.5419,0.076,full,ready,,build_derek_forward_feed:v1_model_only_plus_market_reference,ok
2026-06-08,2026-06-08,f4da0f14-6b9f-47b7-bcbc-f5ee557a11a1,morning_expected,2026-06-08T21:47:20Z,c6cc74a6,c6cc74a6#phase10c,challenger-2026-06-06,2026-06-08T21:47:16Z,73,Jalen Brunson,NYK,SAS,21716136,,pa,30.5,starter,starter,True,,,,32.9712,,36.068,,0.05,projected,not_available_yet,fallback_used,bdl_plus_nba_official,2026-06-08T21:46:27Z,bdl_lineup_freshness_manifest,,False,False,30.5,0.6631,0.3369,-197.0,197.0,33.6622,66.3303,23.0,34.0,43.0,0.5936,0.5936,0.0695,full,ready,,build_derek_forward_feed:v1_model_only_plus_market_reference,ok
2026-06-08,2026-06-08,f4da0f14-6b9f-47b7-bcbc-f5ee557a11a1,morning_expected,2026-06-08T21:47:20Z,c6cc74a6,c6cc74a6#phase10c,challenger-2026-06-06,2026-06-08T21:47:16Z,73,Jalen Brunson,NYK,SAS,21716136,,pa,29.5,starter,starter,True,,,,32.9712,,36.068,,0.05,projected,not_available_yet,fallback_used,bdl_plus_nba_official,2026-06-08T21:46:27Z,bdl_lineup_freshness_manifest,,False,False,29.5,0.7049,0.2951,-239.0,239.0,33.6622,66.3303,23.0,34.0,43.0,0.6324,0.6324,0.0725,full,ready,,build_derek_forward_feed:v1_model_only_plus_market_reference,ok
2026-06-08,2026-06-08,f4da0f14-6b9f-47b7-bcbc-f5ee557a11a1,morning_expected,2026-06-08T21:47:20Z,c6cc74a6,c6cc74a6#phase10c,challenger-2026-06-06,2026-06-08T21:47:16Z,73,Jalen Brunson,NYK,SAS,21716136,,pa,28.5,starter,starter,True,,,,32.9712,,36.068,,0.05,projected,not_available_yet,fallback_used,bdl_plus_nba_official,2026-06-08T21:46:27Z,bdl_lineup_freshness_manifest,,False,False,28.5,0.744,0.256,-291.0,291.0,33.6622,66.3303,23.0,34.0,43.0,0.6821,0.6821,0.062,full,ready,,build_derek_forward_feed:v1_model_only_plus_market_reference,ok
2026-06-08,2026-06-08,f4da0f14-6b9f-47b7-bcbc-f5ee557a11a1,morning_expected,2026-06-08T21:47:20Z,c6cc74a6,c6cc74a6#phase10c,challenger-2026-06-06,2026-06-08T21:47:16Z,73,Jalen Brunson,NYK,SAS,21716136,,pa,27.5,starter,starter,True,,,,32.9712,,36.068,,0.05,projected,not_available_yet,fallback_used,bdl_plus_nba_official,2026-06-08T21:46:27Z,bdl_lineup_freshness_manifest,,False,False,27.5,0.7806,0.2194,-356.0,356.0,33.6622,66.3303,23.0,34.0,43.0,0.7169,0.7169,0.0637,full,ready,,build_derek_forward_feed:v1_model_only_plus_market_reference,ok
2026-06-08,2026-06-08,f4da0f14-6b9f-47b7-bcbc-f5ee557a11a1,morning_expected,2026-06-08T21:47:20Z,c6cc74a6,c6cc74a6#phase10c,challenger-2026-06-06,2026-06-08T21:47:16Z,73,Jalen Brunson,NYK,SAS,21716136,,pa,26.5,starter,starter,True,,,,32.9712,,36.068,,0.05,projected,not_available_yet,fallback_used,bdl_plus_nba_official,2026-06-08T21:46:27Z,bdl_lineup_freshness_manifest,,False,False,26.5,0.8142,0.1858,-438.0,438.0,33.6622,66.3303,23.0,34.0,43.0,0.7543,0.7543,0.0599,full,ready,,build_derek_forward_feed:v1_model_only_plus_market_reference,ok
2026-06-08,2026-06-08,f4da0f14-6b9f-47b7-bcbc-f5ee557a11a1,morning_expected,2026-06-08T21:47:20Z,c6cc74a6,c6cc74a6#phase10c,challenger-2026-06-06,2026-06-08T21:47:16Z,73,Jalen Brunson,NYK,SAS,21716136,,pa,25.5,starter,starter,True,,,,32.9712,,36.068,,0.05,projected,not_available_yet,fallback_used,bdl_plus_nba_official,2026-06-08T21:46:27Z,bdl_lineup_freshness_manifest,,False,False,25.5,0.8444,0.1556,-543.0,543.0,33.6622,66.3303,23.0,34.0,43.0,0.7778,0.7778,0.0666,full,ready,,build_derek_forward_feed:v1_model_only_plus_market_reference,ok
2026-06-08,2026-06-08,f4da0f14-6b9f-47b7-bcbc-f5ee557a11a1,morning_expected,2026-06-08T21:47:20Z,c6cc74a6,c6cc74a6#phase10c,challenger-2026-06-06,2026-06-08T21:47:16Z,73,Jalen Brunson,NYK,SAS,21716136,,pa,24.5,starter,starter,True,,,,32.9712,,36.068,,0.05,projected,not_available_yet,fallback_used,bdl_plus_nba_official,2026-06-08T21:46:27Z,bdl_lineup_freshness_manifest,,False,False,24.5,0.8711,0.1289,-676.0,676.0,33.6622,66.3303,23.0,34.0,43.0,0.8169,0.8169,0.0542,full,ready,,build_derek_forward_feed:v1_model_only_plus_market_reference,ok
2026-06-08,2026-06-08,f4da0f14-6b9f-47b7-bcbc-f5ee557a11a1,morning_expected,2026-06-08T21:47:20Z,c6cc74a6,c6cc74a6#phase10c,challenger-2026-06-06,2026-06-08T21:47:16Z,73,Jalen Brunson,NYK,SAS,21716136,,pa,33.5,starter,starter,True,,,,32.9712,,36.068,,0.05,projected,not_available_yet,fallback_used,bdl_plus_nba_official,2026-06-08T21:46:27Z,bdl_lineup_freshness_manifest,,False,False,33.5,0.5151,0.4849,-106.0,106.0,33.6622,66.3303,23.0,34.0,43.0,0.4797,0.4797,0.0354,full,ready,,build_derek_forward_feed:v1_model_only_plus_market_reference,ok
2026-06-08,2026-06-08,f4da0f14-6b9f-47b7-bcbc-f5ee557a11a1,morning_expected,2026-06-08T21:47:20Z,c6cc74a6,c6cc74a6#phase10c,challenger-2026-06-06,2026-06-08T21:47:16Z,73,Jalen Brunson,NYK,SAS,21716136,,pa,32.5,starter,starter,True,,,,32.9712,,36.068,,0.05,projected,not_available_yet,fallback_used,bdl_plus_nba_official,2026-06-08T21:46:27Z,bdl_lineup_freshness_manifest,,False,False,32.5,0.5683,0.4317,-132.0,132.0,33.6622,66.3303,23.0,34.0,43.0,0.5203,0.5203,0.048,full,ready,,build_derek_forward_feed:v1_model_only_plus_market_reference,ok
2026-06-08,2026-06-08,f4da0f14-6b9f-47b7-bcbc-f5ee557a11a1,morning_expected,2026-06-08T21:47:20Z,c6cc74a6,c6cc74a6#phase10c,challenger-2026-06-06,2026-06-08T21:47:16Z,73,Jalen Brunson,NYK,SAS,21716136,,pa,31.5,starter,starter,True,,,,32.9712,,36.068,,0.05,projected,not_available_yet,fallback_used,bdl_plus_nba_official,2026-06-08T21:46:27Z,bdl_lineup_freshness_manifest,,False,False,31.5,0.6179,0.3821,-162.0,162.0,33.6622,66.3303,23.0,34.0,43.0,0.5633,0.5633,0.0545,full,ready,,build_derek_forward_feed:v1_model_only_plus_market_reference,ok
2026-06-08,2026-06-08,f4da0f14-6b9f-47b7-bcbc-f5ee557a11a1,morning_expected,2026-06-08T21:47:20Z,c6cc74a6,c6cc74a6#phase10c,challenger-2026-06-06,2026-06-08T21:47:16Z,73,Jalen Brunson,NYK,SAS,21716136,,pa,32.5,starter,starter,True,,,,32.9712,,36.068,,0.05,projected,not_available_yet,fallback_used,bdl_plus_nba_official,2026-06-08T21:46:27Z,bdl_lineup_freshness_manifest,,False,False,32.5,0.5683,0.4317,-132.0,132.0,33.6622,66.3303,23.0,34.0,43.0,0.5101,0.5101,0.0582,full,ready,,build_derek_forward_feed:v1_model_only_plus_market_reference,ok
2026-06-08,2026-06-08,f4da0f14-6b9f-47b7-bcbc-f5ee557a11a1,morning_expected,2026-06-08T21:47:20Z,c6cc74a6,c6cc74a6#phase10c,challenger-2026-06-06,2026-06-08T21:47:16Z,73,Jalen Brunson,NYK,SAS,21716136,,pa,33.5,starter,starter,True,,,,32.9712,,36.068,,0.05,projected,not_available_yet,fallback_used,bdl_plus_nba_official,2026-06-08T21:46:27Z,bdl_lineup_freshness_manifest,,False,False,33.5,0.5151,0.4849,-106.0,106.0,33.6622,66.3303,23.0,34.0,43.0,0.4929,0.4929,0.0222,full,ready,,build_derek_forward_feed:v1_model_only_plus_market_reference,ok
2026-06-08,2026-06-08,f4da0f14-6b9f-47b7-bcbc-f5ee557a11a1,morning_expected,2026-06-08T21:47:20Z,c6cc74a6,c6cc74a6#phase10c,challenger-2026-06-06,2026-06-08T21:47:16Z,73,Jalen Brunson,NYK,SAS,21716136,,pa,32.5,starter,starter,True,,,,32.9712,,36.068,,0.05,projected,not_available_yet,fallback_used,bdl_plus_nba_official,2026-06-08T21:46:27Z,bdl_lineup_freshness_manifest,,False,False,32.5,0.5683,0.4317,-132.0,132.0,33.6622,66.3303,23.0,34.0,43.0,0.5101,0.5101,0.0582,full,ready,,build_derek_forward_feed:v1_model_only_plus_market_reference,ok
2026-06-08,2026-06-08,f4da0f14-6b9f-47b7-bcbc-f5ee557a11a1,morning_expected,2026-06-08T21:47:20Z,c6cc74a6,c6cc74a6#phase10c,challenger-2026-06-06,2026-06-08T21:47:16Z,73,Jalen Brunson,NYK,SAS,21716136,,pa,32.5,starter,starter,True,,,,32.9712,,36.068,,0.05,projected,not_available_yet,fallback_used,bdl_plus_nba_official,2026-06-08T21:46:27Z,bdl_lineup_freshness_manifest,,False,False,32.5,0.5683,0.4317,-132.0,132.0,33.6622,66.3303,23.0,34.0,43.0,0.5101,0.5101,0.0582,full,ready,,build_derek_forward_feed:v1_model_only_plus_market_reference,ok
2026-06-08,2026-06-08,f4da0f14-6b9f-47b7-bcbc-f5ee557a11a1,morning_expected,2026-06-08T21:47:20Z,c6cc74a6,c6cc74a6#phase10c,challenger-2026-06-06,2026-06-08T21:47:16Z,73,Jalen Brunson,NYK,SAS,21716136,,pa,32.5,starter,starter,True,,,,32.9712,,36.068,,0.05,projected,not_available_yet,fallback_used,bdl_plus_nba_official,2026-06-08T21:46:27Z,bdl_lineup_freshness_manifest,,False,False,32.5,0.5683,0.4317,-132.0,132.0,33.6622,66.3303,23.0,34.0,43.0,0.5101,0.5101,0.0582,full,ready,,build_derek_forward_feed:v1_model_only_plus_market_reference,ok
2026-06-08,2026-06-08,f4da0f14-6b9f-47b7-bcbc-f5ee557a11a1,morning_expected,2026-06-08T21:47:20Z,c6cc74a6,c6cc74a6#phase10c,challenger-2026-06-06,2026-06-08T21:47:16Z,73,Jalen Brunson,NYK,SAS,21716136,,pa,32.5,starter,starter,True,,,,32.9712,,36.068,,0.05,projected,not_available_yet,fallback_used,bdl_plus_nba_official,2026-06-08T21:46:27Z,bdl_lineup_freshness_manifest,,False,False,32.5,0.5683,0.4317,-132.0,132.0,33.6622,66.3303,23.0,34.0,43.0,0.5101,0.5101,0.0582,full,ready,,build_derek_forward_feed:v1_model_only_plus_market_reference,ok
2026-06-08,2026-06-08,f4da0f14-6b9f-47b7-bcbc-f5ee557a11a1,morning_expected,2026-06-08T21:47:20Z,c6cc74a6,c6cc74a6#phase10c,challenger-2026-06-06,2026-06-08T21:47:16Z,73,Jalen Brunson,NYK,SAS,21716136,,pa,32.5,starter,starter,True,,,,32.9712,,36.068,,0.05,projected,not_available_yet,fallback_used,bdl_plus_nba_official,2026-06-08T21:46:27Z,bdl_lineup_freshness_manifest,,False,False,32.5,0.5683,0.4317,-132.0,132.0,33.6622,66.3303,23.0,34.0,43.0,0.5095,0.5095,0.0588,full,ready,,build_derek_forward_feed:v1_model_only_plus_market_reference,ok
2026-06-08,2026-06-08,f4da0f14-6b9f-47b7-bcbc-f5ee557a11a1,morning_expected,2026-06-08T21:47:20Z,c6cc74a6,c6cc74a6#phase10c,challenger-2026-06-06,2026-06-08T21:47:16Z,73,Jalen Brunson,NYK,SAS,21716136,,pr,29.5,starter,starter,True,,,,32.9712,,36.068,,0.05,projected,not_available_yet,fallback_used,bdl_plus_nba_official,2026-06-08T21:46:27Z,bdl_lineup_freshness_manifest,,False,False,29.5,0.5865,0.4135,-142.0,142.0,30.9234,64.2999,21.0,31.0,41.0,0.5,0.5,0.0865,full,ready,,build_derek_forward_feed:v1_model_only_plus_market_reference,ok
2026-06-08,2026-06-08,f4da0f14-6b9f-47b7-bcbc-f5ee557a11a1,morning_expected,2026-06-08T21:47:20Z,c6cc74a6,c6cc74a6#phase10c,challenger-2026-06-06,2026-06-08T21:47:16Z,73,Jalen Brunson,NYK,SAS,21716136,,pr,23.5,starter,starter,True,,,,32.9712,,36.068,,0.05,projected,not_available_yet,fallback_used,bdl_plus_nba_official,2026-06-08T21:46:27Z,bdl_lineup_freshness_manifest,,False,False,23.5,0.8261,0.1739,-475.0,475.0,30.9234,64.2999,21.0,31.0,41.0,0.7543,0.7543,0.0718,full,ready,,build_derek_forward_feed:v1_model_only_plus_market_reference,ok
2026-06-08,2026-06-08,f4da0f14-6b9f-47b7-bcbc-f5ee557a11a1,morning_expected,2026-06-08T21:47:20Z,c6cc74a6,c6cc74a6#phase10c,challenger-2026-06-06,2026-06-08T21:47:16Z,73,Jalen Brunson,NYK,SAS,21716136,,pr,22.5,starter,starter,True,,,,32.9712,,36.068,,0.05,projected,not_available_yet,fallback_used,bdl_plus_nba_official,2026-06-08T21:46:27Z,bdl_lineup_freshness_manifest,,False,False,22.5,0.8557,0.1443,-593.0,593.0,30.9234,64.2999,21.0,31.0,41.0,0.792,0.792,0.0637,full,ready,,build_derek_forward_feed:v1_model_only_plus_market_reference,ok
2026-06-08,2026-06-08,f4da0f14-6b9f-47b7-bcbc-f5ee557a11a1,morning_expected,2026-06-08T21:47:20Z,c6cc74a6,c6cc74a6#phase10c,challenger-2026-06-06,2026-06-08T21:47:16Z,73,Jalen Brunson,NYK,SAS,21716136,,pr,21.5,starter,starter,True,,,,32.9712,,36.068,,0.05,projected,not_available_yet,fallback_used,bdl_plus_nba_official,2026-06-08T21:46:27Z,bdl_lineup_freshness_manifest,,False,False,21.5,0.8811,0.1189,-741.0,741.0,30.9234,64.2999,21.0,31.0,41.0,0.8169,0.8169,0.0642,full,ready,,build_derek_forward_feed:v1_model_only_plus_market_reference,ok
2026-06-08,2026-06-08,f4da0f14-6b9f-47b7-bcbc-f5ee557a11a1,morning_expected,2026-06-08T21:47:20Z,c6cc74a6,c6cc74a6#phase10c,challenger-2026-06-06,2026-06-08T21:47:16Z,73,Jalen Brunson,NYK,SAS,21716136,,pr,24.5,starter,starter,True,,,,32.9712,,36.068,,0.05,projected,not_available_yet,fallback_used,bdl_plus_nba_official,2026-06-08T21:46:27Z,bdl_lineup_freshness_manifest,,False,False,24.5,0.7925,0.2075,-382.0,382.0,30.9234,64.2999,21.0,31.0,41.0,0.7169,0.7169,0.0756,full,ready,,build_derek_forward_feed:v1_model_only_plus_market_reference,ok
2026-06-08,2026-06-08,f4da0f14-6b9f-47b7-bcbc-f5ee557a11a1,morning_expected,2026-06-08T21:47:20Z,c6cc74a6,c6cc74a6#phase10c,challenger-2026-06-06,2026-06-08T21:47:16Z,73,Jalen Brunson,NYK,SAS,21716136,,pr,25.5,starter,starter,True,,,,32.9712,,36.068,,0.05,projected,not_available_yet,fallback_used,bdl_plus_nba_official,2026-06-08T21:46:27Z,bdl_lineup_freshness_manifest,,False,False,25.5,0.7564,0.2436,-310.0,310.0,30.9234,64.2999,21.0,31.0,41.0,0.6821,0.6821,0.0743,full,ready,,build_derek_forward_feed:v1_model_only_plus_market_reference,ok
2026-06-08,2026-06-08,f4da0f14-6b9f-47b7-bcbc-f5ee557a11a1,morning_expected,2026-06-08T21:47:20Z,c6cc74a6,c6cc74a6#phase10c,challenger-2026-06-06,2026-06-08T21:47:16Z,73,Jalen Brunson,NYK,SAS,21716136,,pr,26.5,starter,starter,True,,,,32.9712,,36.068,,0.05,projected,not_available_yet,fallback_used,bdl_plus_nba_official,2026-06-08T21:46:27Z,bdl_lineup_freshness_manifest,,False,False,26.5,0.7179,0.2821,-254.0,254.0,30.9234,64.2999,21.0,31.0,41.0,0.6378,0.6378,0.0801,full,ready,,build_derek_forward_feed:v1_model_only_plus_market_reference,ok
2026-06-08,2026-06-08,f4da0f14-6b9f-47b7-bcbc-f5ee557a11a1,morning_expected,2026-06-08T21:47:20Z,c6cc74a6,c6cc74a6#phase10c,challenger-2026-06-06,2026-06-08T21:47:16Z,73,Jalen Brunson,NYK,SAS,21716136,,pr,27.5,starter,starter,True,,,,32.9712,,36.068,,0.05,projected,not_available_yet,fallback_used,bdl_plus_nba_official,2026-06-08T21:46:27Z,bdl_lineup_freshness_manifest,,False,False,27.5,0.6774,0.3226,-210.0,210.0,30.9234,64.2999,21.0,31.0,41.0,0.5977,0.5977,0.0797,full,ready,,build_derek_forward_feed:v1_model_only_plus_market_reference,ok
2026-06-08,2026-06-08,f4da0f14-6b9f-47b7-bcbc-f5ee557a11a1,morning_expected,2026-06-08T21:47:20Z,c6cc74a6,c6cc74a6#phase10c,challenger-2026-06-06,2026-06-08T21:47:16Z,73,Jalen Brunson,NYK,SAS,21716136,,pr,38.5,starter,starter,True,,,,32.9712,,36.068,,0.05,projected,not_available_yet,fallback_used,bdl_plus_nba_official,2026-06-08T21:46:27Z,bdl_lineup_freshness_manifest,,False,False,38.5,0.1524,0.8476,556.0,-556.0,30.9234,64.2999,21.0,31.0,41.0,0.1762,0.1762,-0.0237,full,ready,,build_derek_forward_feed:v1_model_only_plus_market_reference,ok
2026-06-08,2026-06-08,f4da0f14-6b9f-47b7-bcbc-f5ee557a11a1,morning_expected,2026-06-08T21:47:20Z,c6cc74a6,c6cc74a6#phase10c,challenger-2026-06-06,2026-06-08T21:47:16Z,73,Jalen Brunson,NYK,SAS,21716136,,pr,37.5,starter,starter,True,,,,32.9712,,36.068,,0.05,projected,not_available_yet,fallback_used,bdl_plus_nba_official,2026-06-08T21:46:27Z,bdl_lineup_freshness_manifest,,False,False,37.5,0.188,0.812,432.0,-432.0,30.9234,64.2999,21.0,31.0,41.0,0.1989,0.1989,-0.0109,full,ready,,build_derek_forward_feed:v1_model_only_plus_market_reference,ok
2026-06-08,2026-06-08,f4da0f14-6b9f-47b7-bcbc-f5ee557a11a1,morning_expected,2026-06-08T21:47:20Z,c6cc74a6,c6cc74a6#phase10c,challenger-2026-06-06,2026-06-08T21:47:16Z,73,Jalen Brunson,NYK,SAS,21716136,,pr,36.5,starter,starter,True,,,,32.9712,,36.068,,0.05,projected,not_available_yet,fallback_used,bdl_plus_nba_official,2026-06-08T21:46:27Z,bdl_lineup_freshness_manifest,,False,False,36.5,0.2275,0.7725,340.0,-340.0,30.9234,64.2999,21.0,31.0,41.0,0.2283,0.2283,-0.0007,full,ready,,build_derek_forward_feed:v1_model_only_plus_market_reference,ok
2026-06-08,2026-06-08,f4da0f14-6b9f-47b7-bcbc-f5ee557a11a1,morning_expected,2026-06-08T21:47:20Z,c6cc74a6,c6cc74a6#phase10c,challenger-2026-06-06,2026-06-08T21:47:16Z,73,Jalen Brunson,NYK,SAS,21716136,,pr,35.5,starter,starter,True,,,,32.9712,,36.068,,0.05,projected,not_available_yet,fallback_used,bdl_plus_nba_official,2026-06-08T21:46:27Z,bdl_lineup_freshness_manifest,,False,False,35.5,0.2695,0.7305,271.0,-271.0,30.9234,64.2999,21.0,31.0,41.0,0.2525,0.2525,0.017,full,ready,,build_derek_forward_feed:v1_model_only_plus_market_reference,ok
2026-06-08,2026-06-08,f4da0f14-6b9f-47b7-bcbc-f5ee557a11a1,morning_expected,2026-06-08T21:47:20Z,c6cc74a6,c6cc74a6#phase10c,challenger-2026-06-06,2026-06-08T21:47:16Z,73,Jalen Brunson,NYK,SAS,21716136,,pr,34.5,starter,starter,True,,,,32.9712,,36.068,,0.05,projected,not_available_yet,fallback_used,bdl_plus_nba_official,2026-06-08T21:46:27Z,bdl_lineup_freshness_manifest,,False,False,34.5,0.3135,0.6865,219.0,-219.0,30.9234,64.2999,21.0,31.0,41.0,0.2877,0.2877,0.0258,full,ready,,build_derek_forward_feed:v1_model_only_plus_market_reference,ok
2026-06-08,2026-06-08,f4da0f14-6b9f-47b7-bcbc-f5ee557a11a1,morning_expected,2026-06-08T21:47:20Z,c6cc74a6,c6cc74a6#phase10c,challenger-2026-06-06,2026-06-08T21:47:16Z,73,Jalen Brunson,NYK,SAS,21716136,,pr,33.5,starter,starter,True,,,,32.9712,,36.068,,0.05,projected,not_available_yet,fallback_used,bdl_plus_nba_official,2026-06-08T21:46:27Z,bdl_lineup_freshness_manifest,,False,False,33.5,0.3619,0.6381,176.0,-176.0,30.9234,64.2999,21.0,31.0,41.0,0.3247,0.3247,0.0372,full,ready,,build_derek_forward_feed:v1_model_only_plus_market_reference,ok
2026-06-08,2026-06-08,f4da0f14-6b9f-47b7-bcbc-f5ee557a11a1,morning_expected,2026-06-08T21:47:20Z,c6cc74a6,c6cc74a6#phase10c,challenger-2026-06-06,2026-06-08T21:47:16Z,73,Jalen Brunson,NYK,SAS,21716136,,pr,32.5,starter,starter,True,,,,32.9712,,36.068,,0.05,projected,not_available_yet,fallback_used,bdl_plus_nba_official,2026-06-08T21:46:27Z,bdl_lineup_freshness_manifest,,False,False,32.5,0.416,0.584,140.0,-140.0,30.9234,64.2999,21.0,31.0,41.0,0.3622,0.3622,0.0538,full,ready,,build_derek_forward_feed:v1_model_only_plus_market_reference,ok
2026-06-08,2026-06-08,f4da0f14-6b9f-47b7-bcbc-f5ee557a11a1,morning_expected,2026-06-08T21:47:20Z,c6cc74a6,c6cc74a6#phase10c,challenger-2026-06-06,2026-06-08T21:47:16Z,73,Jalen Brunson,NYK,SAS,21716136,,pr,31.5,starter,starter,True,,,,32.9712,,36.068,,0.05,projected,not_available_yet,fallback_used,bdl_plus_nba_official,2026-06-08T21:46:27Z,bdl_lineup_freshness_manifest,,False,False,31.5,0.4745,0.5255,111.0,-111.0,30.9234,64.2999,21.0,31.0,41.0,0.4095,0.4095,0.065,full,ready,,build_derek_forward_feed:v1_model_only_plus_market_reference,ok
2026-06-08,2026-06-08,f4da0f14-6b9f-47b7-bcbc-f5ee557a11a1,morning_expected,2026-06-08T21:47:20Z,c6cc74a6,c6cc74a6#phase10c,challenger-2026-06-06,2026-06-08T21:47:16Z,73,Jalen Brunson,NYK,SAS,21716136,,pr,30.5,starter,starter,True,,,,32.9712,,36.068,,0.05,projected,not_available_yet,fallback_used,bdl_plus_nba_official,2026-06-08T21:46:27Z,bdl_lineup_freshness_manifest,,False,False,30.5,0.5328,0.4672,-114.0,114.0,30.9234,64.2999,21.0,31.0,41.0,0.4581,0.4581,0.0746,full,ready,,build_derek_forward_feed:v1_model_only_plus_market_reference,ok
2026-06-08,2026-06-08,f4da0f14-6b9f-47b7-bcbc-f5ee557a11a1,morning_expected,2026-06-08T21:47:20Z,c6cc74a6,c6cc74a6#phase10c,challenger-2026-06-06,2026-06-08T21:47:16Z,73,Jalen Brunson,NYK,SAS,21716136,,pr,28.5,starter,starter,True,,,,32.9712,,36.068,,0.05,projected,not_available_yet,fallback_used,bdl_plus_nba_official,2026-06-08T21:46:27Z,bdl_lineup_freshness_manifest,,False,False,28.5,0.6342,0.3658,-173.0,173.0,30.9234,64.2999,21.0,31.0,41.0,0.5511,0.5511,0.0831,full,ready,,build_derek_forward_feed:v1_model_only_plus_market_reference,ok
2026-06-08,2026-06-08,f4da0f14-6b9f-47b7-bcbc-f5ee557a11a1,morning_expected,2026-06-08T21:47:20Z,c6cc74a6,c6cc74a6#phase10c,challenger-2026-06-06,2026-06-08T21:47:16Z,73,Jalen Brunson,NYK,SAS,21716136,,pr,30.5,starter,starter,True,,,,32.9712,,36.068,,0.05,projected,not_available_yet,fallback_used,bdl_plus_nba_official,2026-06-08T21:46:27Z,bdl_lineup_freshness_manifest,,False,False,30.5,0.5328,0.4672,-114.0,114.0,30.9234,64.2999,21.0,31.0,41.0,0.4899,0.4899,0.0429,full,ready,,build_derek_forward_feed:v1_model_only_plus_market_reference,ok
2026-06-08,2026-06-08,f4da0f14-6b9f-47b7-bcbc-f5ee557a11a1,morning_expected,2026-06-08T21:47:20Z,c6cc74a6,c6cc74a6#phase10c,challenger-2026-06-06,2026-06-08T21:47:16Z,73,Jalen Brunson,NYK,SAS,21716136,,pr,29.5,starter,starter,True,,,,32.9712,,36.068,,0.05,projected,not_available_yet,fallback_used,bdl_plus_nba_official,2026-06-08T21:46:27Z,bdl_lineup_freshness_manifest,,False,False,29.5,0.5865,0.4135,-142.0,142.0,30.9234,64.2999,21.0,31.0,41.0,0.5306,0.5306,0.0559,full,ready,,build_derek_forward_feed:v1_model_only_plus_market_reference,ok
2026-06-08,2026-06-08,f4da0f14-6b9f-47b7-bcbc-f5ee557a11a1,morning_expected,2026-06-08T21:47:20Z,c6cc74a6,c6cc74a6#phase10c,challenger-2026-06-06,2026-06-08T21:47:16Z,73,Jalen Brunson,NYK,SAS,21716136,,pr,28.5,starter,starter,True,,,,32.9712,,36.068,,0.05,projected,not_available_yet,fallback_used,bdl_plus_nba_official,2026-06-08T21:46:27Z,bdl_lineup_freshness_manifest,,False,False,28.5,0.6342,0.3658,-173.0,173.0,30.9234,64.2999,21.0,31.0,41.0,0.5752,0.5752,0.059,full,ready,,build_derek_forward_feed:v1_model_only_plus_market_reference,ok
2026-06-08,2026-06-08,f4da0f14-6b9f-47b7-bcbc-f5ee557a11a1,morning_expected,2026-06-08T21:47:20Z,c6cc74a6,c6cc74a6#phase10c,challenger-2026-06-06,2026-06-08T21:47:16Z,73,Jalen Brunson,NYK,SAS,21716136,,pr,29.5,starter,starter,True,,,,32.9712,,36.068,,0.05,projected,not_available_yet,fallback_used,bdl_plus_nba_official,2026-06-08T21:46:27Z,bdl_lineup_freshness_manifest,,False,False,29.5,0.5865,0.4135,-142.0,142.0,30.9234,64.2999,21.0,31.0,41.0,0.5,0.5,0.0865,full,ready,,build_derek_forward_feed:v1_model_only_plus_market_reference,ok
2026-06-08,2026-06-08,f4da0f14-6b9f-47b7-bcbc-f5ee557a11a1,morning_expected,2026-06-08T21:47:20Z,c6cc74a6,c6cc74a6#phase10c,challenger-2026-06-06,2026-06-08T21:47:16Z,73,Jalen Brunson,NYK,SAS,21716136,,pr,30.5,starter,starter,True,,,,32.9712,,36.068,,0.05,projected,not_available_yet,fallback_used,bdl_plus_nba_official,2026-06-08T21:46:27Z,bdl_lineup_freshness_manifest,,False,False,30.5,0.5328,0.4672,-114.0,114.0,30.9234,64.2999,21.0,31.0,41.0,0.499,0.499,0.0338,full,ready,,build_derek_forward_feed:v1_model_only_plus_market_reference,ok
2026-06-08,2026-06-08,f4da0f14-6b9f-47b7-bcbc-f5ee557a11a1,morning_expected,2026-06-08T21:47:20Z,c6cc74a6,c6cc74a6#phase10c,challenger-2026-06-06,2026-06-08T21:47:16Z,73,Jalen Brunson,NYK,SAS,21716136,,pr,29.5,starter,starter,True,,,,32.9712,,36.068,,0.05,projected,not_available_yet,fallback_used,bdl_plus_nba_official,2026-06-08T21:46:27Z,bdl_lineup_freshness_manifest,,False,False,29.5,0.5865,0.4135,-142.0,142.0,30.9234,64.2999,21.0,31.0,41.0,0.5101,0.5101,0.0763,full,ready,,build_derek_forward_feed:v1_model_only_plus_market_reference,ok
2026-06-08,2026-06-08,f4da0f14-6b9f-47b7-bcbc-f5ee557a11a1,morning_expected,2026-06-08T21:47:20Z,c6cc74a6,c6cc74a6#phase10c,challenger-2026-06-06,2026-06-08T21:47:16Z,73,Jalen Brunson,NYK,SAS,21716136,,pr,29.5,starter,starter,True,,,,32.9712,,36.068,,0.05,projected,not_available_yet,fallback_used,bdl_plus_nba_official,2026-06-08T21:46:27Z,bdl_lineup_freshness_manifest,,False,False,29.5,0.5865,0.4135,-142.0,142.0,30.9234,64.2999,21.0,31.0,41.0,0.5101,0.5101,0.0763,full,ready,,build_derek_forward_feed:v1_model_only_plus_market_reference,ok
2026-06-08,2026-06-08,f4da0f14-6b9f-47b7-bcbc-f5ee557a11a1,morning_expected,2026-06-08T21:47:20Z,c6cc74a6,c6cc74a6#phase10c,challenger-2026-06-06,2026-06-08T21:47:16Z,73,Jalen Brunson,NYK,SAS,21716136,,pr,29.5,starter,starter,True,,,,32.9712,,36.068,,0.05,projected,not_available_yet,fallback_used,bdl_plus_nba_official,2026-06-08T21:46:27Z,bdl_lineup_freshness_manifest,,False,False,29.5,0.5865,0.4135,-142.0,142.0,30.9234,64.2999,21.0,31.0,41.0,0.5101,0.5101,0.0763,full,ready,,build_derek_forward_feed:v1_model_only_plus_market_reference,ok
2026-06-08,2026-06-08,f4da0f14-6b9f-47b7-bcbc-f5ee557a11a1,morning_expected,2026-06-08T21:47:20Z,c6cc74a6,c6cc74a6#phase10c,challenger-2026-06-06,2026-06-08T21:47:16Z,73,Jalen Brunson,NYK,SAS,21716136,,pr,29.5,starter,starter,True,,,,32.9712,,36.068,,0.05,projected,not_available_yet,fallback_used,bdl_plus_nba_official,2026-06-08T21:46:27Z,bdl_lineup_freshness_manifest,,False,False,29.5,0.5865,0.4135,-142.0,142.0,30.9234,64.2999,21.0,31.0,41.0,0.5101,0.5101,0.0763,full,ready,,build_derek_forward_feed:v1_model_only_plus_market_reference,ok
2026-06-08,2026-06-08,f4da0f14-6b9f-47b7-bcbc-f5ee557a11a1,morning_expected,2026-06-08T21:47:20Z,c6cc74a6,c6cc74a6#phase10c,challenger-2026-06-06,2026-06-08T21:47:16Z,73,Jalen Brunson,NYK,SAS,21716136,,pr,29.5,starter,starter,True,,,,32.9712,,36.068,,0.05,projected,not_available_yet,fallback_used,bdl_plus_nba_official,2026-06-08T21:46:27Z,bdl_lineup_freshness_manifest,,False,False,29.5,0.5865,0.4135,-142.0,142.0,30.9234,64.2999,21.0,31.0,41.0,0.519,0.519,0.0675,full,ready,,build_derek_forward_feed:v1_model_only_plus_market_reference,ok
2026-06-08,2026-06-08,f4da0f14-6b9f-47b7-bcbc-f5ee557a11a1,morning_expected,2026-06-08T21:47:20Z,c6cc74a6,c6cc74a6#phase10c,challenger-2026-06-06,2026-06-08T21:47:16Z,73,Jalen Brunson,NYK,SAS,21716136,,ra,7.5,starter,starter,True,,,,32.9712,,36.068,,0.05,projected,not_available_yet,fallback_used,bdl_plus_nba_official,2026-06-08T21:46:27Z,bdl_lineup_freshness_manifest,,False,False,7.5,0.8822,0.1178,-749.0,749.0,10.4133,6.1982,7.0,10.0,14.0,0.6821,0.6821,0.2001,full,ready,,build_derek_forward_feed:v1_model_only_plus_market_reference,ok
2026-06-08,2026-06-08,f4da0f14-6b9f-47b7-bcbc-f5ee557a11a1,morning_expected,2026-06-08T21:47:20Z,c6cc74a6,c6cc74a6#phase10c,challenger-2026-06-06,2026-06-08T21:47:16Z,73,Jalen Brunson,NYK,SAS,21716136,,ra,6.5,starter,starter,True,,,,32.9712,,36.068,,0.05,projected,not_available_yet,fallback_used,bdl_plus_nba_official,2026-06-08T21:46:27Z,bdl_lineup_freshness_manifest,,False,False,6.5,0.9452,0.0548,-1726.0,1726.0,10.4133,6.1982,7.0,10.0,14.0,0.7778,0.7778,0.1674,full,ready,,build_derek_forward_feed:v1_model_only_plus_market_reference,ok
2026-06-08,2026-06-08,f4da0f14-6b9f-47b7-bcbc-f5ee557a11a1,morning_expected,2026-06-08T21:47:20Z,c6cc74a6,c6cc74a6#phase10c,challenger-2026-06-06,2026-06-08T21:47:16Z,73,Jalen Brunson,NYK,SAS,21716136,,ra,8.5,starter,starter,True,,,,32.9712,,36.068,,0.05,projected,not_available_yet,fallback_used,bdl_plus_nba_official,2026-06-08T21:46:27Z,bdl_lineup_freshness_manifest,,False,False,8.5,0.7802,0.2198,-355.0,355.0,10.4133,6.1982,7.0,10.0,14.0,0.5635,0.5635,0.2167,full,ready,,build_derek_forward_feed:v1_model_only_plus_market_reference,ok
2026-06-08,2026-06-08,f4da0f14-6b9f-47b7-bcbc-f5ee557a11a1,morning_expected,2026-06-08T21:47:20Z,c6cc74a6,c6cc74a6#phase10c,challenger-2026-06-06,2026-06-08T21:47:16Z,73,Jalen Brunson,NYK,SAS,21716136,,ra,9.5,starter,starter,True,,,,32.9712,,36.068,,0.05,projected,not_available_yet,fallback_used,bdl_plus_nba_official,2026-06-08T21:46:27Z,bdl_lineup_freshness_manifest,,False,False,9.5,0.6426,0.3574,-180.0,180.0,10.4133,6.1982,7.0,10.0,14.0,0.4365,0.4365,0.206,full,ready,,build_derek_forward_feed:v1_model_only_plus_market_reference,ok
2026-06-08,2026-06-08,f4da0f14-6b9f-47b7-bcbc-f5ee557a11a1,morning_expected,2026-06-08T21:47:20Z,c6cc74a6,c6cc74a6#phase10c,challenger-2026-06-06,2026-06-08T21:47:16Z,73,Jalen Brunson,NYK,SAS,21716136,,ra,11.5,starter,starter,True,,,,32.9712,,36.068,,0.05,projected,not_available_yet,fallback_used,bdl_plus_nba_official,2026-06-08T21:46:27Z,bdl_lineup_freshness_manifest,,False,False,11.5,0.3301,0.6699,203.0,-203.0,10.4133,6.1982,7.0,10.0,14.0,0.2394,0.2394,0.0907,full,ready,,build_derek_forward_feed:v1_model_only_plus_market_reference,ok
2026-06-08,2026-06-08,f4da0f14-6b9f-47b7-bcbc-f5ee557a11a1,morning_expected,2026-06-08T21:47:20Z,c6cc74a6,c6cc74a6#phase10c,challenger-2026-06-06,2026-06-08T21:47:16Z,73,Jalen Brunson,NYK,SAS,21716136,,ra,10.5,starter,starter,True,,,,32.9712,,36.068,,0.05,projected,not_available_yet,fallback_used,bdl_plus_nba_official,2026-06-08T21:46:27Z,bdl_lineup_freshness_manifest,,False,False,10.5,0.485,0.515,106.0,-106.0,10.4133,6.1982,7.0,10.0,14.0,0.3247,0.3247,0.1603,full,ready,,build_derek_forward_feed:v1_model_only_plus_market_reference,ok
2026-06-08,2026-06-08,f4da0f14-6b9f-47b7-bcbc-f5ee557a11a1,morning_expected,2026-06-08T21:47:20Z,c6cc74a6,c6cc74a6#phase10c,challenger-2026-06-06,2026-06-08T21:47:16Z,73,Jalen Brunson,NYK,SAS,21716136,,ra,12.5,starter,starter,True,,,,32.9712,,36.068,,0.05,projected,not_available_yet,fallback_used,bdl_plus_nba_official,2026-06-08T21:46:27Z,bdl_lineup_freshness_manifest,,False,False,12.5,0.1996,0.8004,401.0,-401.0,10.4133,6.1982,7.0,10.0,14.0,0.1698,0.1698,0.0298,full,ready,,build_derek_forward_feed:v1_model_only_plus_market_reference,ok
2026-06-08,2026-06-08,f4da0f14-6b9f-47b7-bcbc-f5ee557a11a1,morning_expected,2026-06-08T21:47:20Z,c6cc74a6,c6cc74a6#phase10c,challenger-2026-06-06,2026-06-08T21:47:16Z,73,Jalen Brunson,NYK,SAS,21716136,,ra,9.5,starter,starter,True,,,,32.9712,,36.068,,0.05,projected,not_available_yet,fallback_used,bdl_plus_nba_official,2026-06-08T21:46:27Z,bdl_lineup_freshness_manifest,,False,False,9.5,0.6426,0.3574,-180.0,180.0,10.4133,6.1982,7.0,10.0,14.0,0.4554,0.4554,0.1871,full,ready,,build_derek_forward_feed:v1_model_only_plus_market_reference,ok
2026-06-08,2026-06-08,f4da0f14-6b9f-47b7-bcbc-f5ee557a11a1,morning_expected,2026-06-08T21:47:20Z,c6cc74a6,c6cc74a6#phase10c,challenger-2026-06-06,2026-06-08T21:47:16Z,73,Jalen Brunson,NYK,SAS,21716136,,ra,9.5,starter,starter,True,,,,32.9712,,36.068,,0.05,projected,not_available_yet,fallback_used,bdl_plus_nba_official,2026-06-08T21:46:27Z,bdl_lineup_freshness_manifest,,False,False,9.5,0.6426,0.3574,-180.0,180.0,10.4133,6.1982,7.0,10.0,14.0,0.4698,0.4698,0.1728,full,ready,,build_derek_forward_feed:v1_model_only_plus_market_reference,ok
2026-06-08,2026-06-08,f4da0f14-6b9f-47b7-bcbc-f5ee557a11a1,morning_expected,2026-06-08T21:47:20Z,c6cc74a6,c6cc74a6#phase10c,challenger-2026-06-06,2026-06-08T21:47:16Z,73,Jalen Brunson,NYK,SAS,21716136,,ra,9.5,starter,starter,True,,,,32.9712,,36.068,,0.05,projected,not_available_yet,fallback_used,bdl_plus_nba_official,2026-06-08T21:46:27Z,bdl_lineup_freshness_manifest,,False,False,9.5,0.6426,0.3574,-180.0,180.0,10.4133,6.1982,7.0,10.0,14.0,0.4694,0.4694,0.1732,full,ready,,build_derek_forward_feed:v1_model_only_plus_market_reference,ok
2026-06-08,2026-06-08,f4da0f14-6b9f-47b7-bcbc-f5ee557a11a1,morning_expected,2026-06-08T21:47:20Z,c6cc74a6,c6cc74a6#phase10c,challenger-2026-06-06,2026-06-08T21:47:16Z,73,Jalen Brunson,NYK,SAS,21716136,,ra,8.5,starter,starter,True,,,,32.9712,,36.068,,0.05,projected,not_available_yet,fallback_used,bdl_plus_nba_official,2026-06-08T21:46:27Z,bdl_lineup_freshness_manifest,,False,False,8.5,0.7802,0.2198,-355.0,355.0,10.4133,6.1982,7.0,10.0,14.0,0.5752,0.5752,0.2051,full,ready,,build_derek_forward_feed:v1_model_only_plus_market_reference,ok
2026-06-08,2026-06-08,f4da0f14-6b9f-47b7-bcbc-f5ee557a11a1,morning_expected,2026-06-08T21:47:20Z,c6cc74a6,c6cc74a6#phase10c,challenger-2026-06-06,2026-06-08T21:47:16Z,73,Jalen Brunson,NYK,SAS,21716136,,ra,7.5,starter,starter,True,,,,32.9712,,36.068,,0.05,projected,not_available_yet,fallback_used,bdl_plus_nba_official,2026-06-08T21:46:27Z,bdl_lineup_freshness_manifest,,False,False,7.5,0.8822,0.1178,-749.0,749.0,10.4133,6.1982,7.0,10.0,14.0,0.6768,0.6768,0.2053,full,ready,,build_derek_forward_feed:v1_model_only_plus_market_reference,ok
2026-06-08,2026-06-08,f4da0f14-6b9f-47b7-bcbc-f5ee557a11a1,morning_expected,2026-06-08T21:47:20Z,c6cc74a6,c6cc74a6#phase10c,challenger-2026-06-06,2026-06-08T21:47:16Z,73,Jalen Brunson,NYK,SAS,21716136,,ra,9.5,starter,starter,True,,,,32.9712,,36.068,,0.05,projected,not_available_yet,fallback_used,bdl_plus_nba_official,2026-06-08T21:46:27Z,bdl_lineup_freshness_manifest,,False,False,9.5,0.6426,0.3574,-180.0,180.0,10.4133,6.1982,7.0,10.0,14.0,0.4494,0.4494,0.1931,full,ready,,build_derek_forward_feed:v1_model_only_plus_market_reference,ok
2026-06-08,2026-06-08,f4da0f14-6b9f-47b7-bcbc-f5ee557a11a1,morning_expected,2026-06-08T21:47:20Z,c6cc74a6,c6cc74a6#phase10c,challenger-2026-06-06,2026-06-08T21:47:16Z,73,Jalen Brunson,NYK,SAS,21716136,,ra,9.5,starter,starter,True,,,,32.9712,,36.068,,0.05,projected,not_available_yet,fallback_used,bdl_plus_nba_official,2026-06-08T21:46:27Z,bdl_lineup_freshness_manifest,,False,False,9.5,0.6426,0.3574,-180.0,180.0,10.4133,6.1982,7.0,10.0,14.0,0.4494,0.4494,0.1931,full,ready,,build_derek_forward_feed:v1_model_only_plus_market_reference,ok
2026-06-08,2026-06-08,f4da0f14-6b9f-47b7-bcbc-f5ee557a11a1,morning_expected,2026-06-08T21:47:20Z,c6cc74a6,c6cc74a6#phase10c,challenger-2026-06-06,2026-06-08T21:47:16Z,73,Jalen Brunson,NYK,SAS,21716136,,ra,9.5,starter,starter,True,,,,32.9712,,36.068,,0.05,projected,not_available_yet,fallback_used,bdl_plus_nba_official,2026-06-08T21:46:27Z,bdl_lineup_freshness_manifest,,False,False,9.5,0.6426,0.3574,-180.0,180.0,10.4133,6.1982,7.0,10.0,14.0,0.4494,0.4494,0.1931,full,ready,,build_derek_forward_feed:v1_model_only_plus_market_reference,ok
2026-06-08,2026-06-08,f4da0f14-6b9f-47b7-bcbc-f5ee557a11a1,morning_expected,2026-06-08T21:47:20Z,c6cc74a6,c6cc74a6#phase10c,challenger-2026-06-06,2026-06-08T21:47:16Z,73,Jalen Brunson,NYK,SAS,21716136,,ra,9.5,starter,starter,True,,,,32.9712,,36.068,,0.05,projected,not_available_yet,fallback_used,bdl_plus_nba_official,2026-06-08T21:46:27Z,bdl_lineup_freshness_manifest,,False,False,9.5,0.6426,0.3574,-180.0,180.0,10.4133,6.1982,7.0,10.0,14.0,0.4579,0.4579,0.1846,full,ready,,build_derek_forward_feed:v1_model_only_plus_market_reference,ok
2026-06-08,2026-06-08,f4da0f14-6b9f-47b7-bcbc-f5ee557a11a1,morning_expected,2026-06-08T21:47:20Z,c6cc74a6,c6cc74a6#phase10c,challenger-2026-06-06,2026-06-08T21:47:16Z,73,Jalen Brunson,NYK,SAS,21716136,,ra,9.5,starter,starter,True,,,,32.9712,,36.068,,0.05,projected,not_available_yet,fallback_used,bdl_plus_nba_official,2026-06-08T21:46:27Z,bdl_lineup_freshness_manifest,,False,False,9.5,0.6426,0.3574,-180.0,180.0,10.4133,6.1982,7.0,10.0,14.0,0.4694,0.4694,0.1732,full,ready,,build_derek_forward_feed:v1_model_only_plus_market_reference,ok
2026-06-08,2026-06-08,f4da0f14-6b9f-47b7-bcbc-f5ee557a11a1,morning_expected,2026-06-08T21:47:20Z,c6cc74a6,c6cc74a6#phase10c,challenger-2026-06-06,2026-06-08T21:47:16Z,73,Jalen Brunson,NYK,SAS,21716136,,pra,35.5,starter,starter,True,,,,32.9712,,36.068,,0.05,projected,not_available_yet,fallback_used,bdl_plus_nba_official,2026-06-08T21:46:27Z,bdl_lineup_freshness_manifest,,False,False,35.5,0.6061,0.3939,-154.0,154.0,37.4995,68.4142,27.0,38.0,48.0,0.5,0.5,0.1061,full,ready,,build_derek_forward_feed:v1_model_only_plus_market_reference,ok
2026-06-08,2026-06-08,f4da0f14-6b9f-47b7-bcbc-f5ee557a11a1,morning_expected,2026-06-08T21:47:20Z,c6cc74a6,c6cc74a6#phase10c,challenger-2026-06-06,2026-06-08T21:47:16Z,73,Jalen Brunson,NYK,SAS,21716136,,pra,26.5,starter,starter,True,,,,32.9712,,36.068,,0.05,projected,not_available_yet,fallback_used,bdl_plus_nba_official,2026-06-08T21:46:27Z,bdl_lineup_freshness_manifest,,False,False,26.5,0.9085,0.0915,-993.0,993.0,37.4995,68.4142,27.0,38.0,48.0,0.8415,0.8415,0.067,full,ready,,build_derek_forward_feed:v1_model_only_plus_market_reference,ok
2026-06-08,2026-06-08,f4da0f14-6b9f-47b7-bcbc-f5ee557a11a1,morning_expected,2026-06-08T21:47:20Z,c6cc74a6,c6cc74a6#phase10c,challenger-2026-06-06,2026-06-08T21:47:16Z,73,Jalen Brunson,NYK,SAS,21716136,,pra,45.5,starter,starter,True,,,,32.9712,,36.068,,0.05,projected,not_available_yet,fallback_used,bdl_plus_nba_official,2026-06-08T21:46:27Z,bdl_lineup_freshness_manifest,,False,False,45.5,0.1504,0.8496,565.0,-565.0,37.4995,68.4142,27.0,38.0,48.0,0.1585,0.1585,-0.0081,full,ready,,build_derek_forward_feed:v1_model_only_plus_market_reference,ok
2026-06-08,2026-06-08,f4da0f14-6b9f-47b7-bcbc-f5ee557a11a1,morning_expected,2026-06-08T21:47:20Z,c6cc74a6,c6cc74a6#phase10c,challenger-2026-06-06,2026-06-08T21:47:16Z,73,Jalen Brunson,NYK,SAS,21716136,,pra,44.5,starter,starter,True,,,,32.9712,,36.068,,0.05,projected,not_available_yet,fallback_used,bdl_plus_nba_official,2026-06-08T21:46:27Z,bdl_lineup_freshness_manifest,,False,False,44.5,0.1819,0.8181,450.0,-450.0,37.4995,68.4142,27.0,38.0,48.0,0.1831,0.1831,-0.0011,full,ready,,build_derek_forward_feed:v1_model_only_plus_market_reference,ok
2026-06-08,2026-06-08,f4da0f14-6b9f-47b7-bcbc-f5ee557a11a1,morning_expected,2026-06-08T21:47:20Z,c6cc74a6,c6cc74a6#phase10c,challenger-2026-06-06,2026-06-08T21:47:16Z,73,Jalen Brunson,NYK,SAS,21716136,,pra,43.5,starter,starter,True,,,,32.9712,,36.068,,0.05,projected,not_available_yet,fallback_used,bdl_plus_nba_official,2026-06-08T21:46:27Z,bdl_lineup_freshness_manifest,,False,False,43.5,0.2179,0.7821,359.0,-359.0,37.4995,68.4142,27.0,38.0,48.0,0.2031,0.2031,0.0148,full,ready,,build_derek_forward_feed:v1_model_only_plus_market_reference,ok
2026-06-08,2026-06-08,f4da0f14-6b9f-47b7-bcbc-f5ee557a11a1,morning_expected,2026-06-08T21:47:20Z,c6cc74a6,c6cc74a6#phase10c,challenger-2026-06-06,2026-06-08T21:47:16Z,73,Jalen Brunson,NYK,SAS,21716136,,pra,42.5,starter,starter,True,,,,32.9712,,36.068,,0.05,projected,not_available_yet,fallback_used,bdl_plus_nba_official,2026-06-08T21:46:27Z,bdl_lineup_freshness_manifest,,False,False,42.5,0.2579,0.7421,288.0,-288.0,37.4995,68.4142,27.0,38.0,48.0,0.234,0.234,0.0239,full,ready,,build_derek_forward_feed:v1_model_only_plus_market_reference,ok
2026-06-08,2026-06-08,f4da0f14-6b9f-47b7-bcbc-f5ee557a11a1,morning_expected,2026-06-08T21:47:20Z,c6cc74a6,c6cc74a6#phase10c,challenger-2026-06-06,2026-06-08T21:47:16Z,73,Jalen Brunson,NYK,SAS,21716136,,pra,41.5,starter,starter,True,,,,32.9712,,36.068,,0.05,projected,not_available_yet,fallback_used,bdl_plus_nba_official,2026-06-08T21:46:27Z,bdl_lineup_freshness_manifest,,False,False,41.5,0.3017,0.6983,231.0,-231.0,37.4995,68.4142,27.0,38.0,48.0,0.2674,0.2674,0.0343,full,ready,,build_derek_forward_feed:v1_model_only_plus_market_reference,ok
2026-06-08,2026-06-08,f4da0f14-6b9f-47b7-bcbc-f5ee557a11a1,morning_expected,2026-06-08T21:47:20Z,c6cc74a6,c6cc74a6#phase10c,challenger-2026-06-06,2026-06-08T21:47:16Z,73,Jalen Brunson,NYK,SAS,21716136,,pra,40.5,starter,starter,True,,,,32.9712,,36.068,,0.05,projected,not_available_yet,fallback_used,bdl_plus_nba_official,2026-06-08T21:46:27Z,bdl_lineup_freshness_manifest,,False,False,40.5,0.3491,0.6509,186.0,-186.0,37.4995,68.4142,27.0,38.0,48.0,0.3008,0.3008,0.0483,full,ready,,build_derek_forward_feed:v1_model_only_plus_market_reference,ok
2026-06-08,2026-06-08,f4da0f14-6b9f-47b7-bcbc-f5ee557a11a1,morning_expected,2026-06-08T21:47:20Z,c6cc74a6,c6cc74a6#phase10c,challenger-2026-06-06,2026-06-08T21:47:16Z,73,Jalen Brunson,NYK,SAS,21716136,,pra,39.5,starter,starter,True,,,,32.9712,,36.068,,0.05,projected,not_available_yet,fallback_used,bdl_plus_nba_official,2026-06-08T21:46:27Z,bdl_lineup_freshness_manifest,,False,False,39.5,0.3994,0.6006,150.0,-150.0,37.4995,68.4142,27.0,38.0,48.0,0.3318,0.3318,0.0676,full,ready,,build_derek_forward_feed:v1_model_only_plus_market_reference,ok
2026-06-08,2026-06-08,f4da0f14-6b9f-47b7-bcbc-f5ee557a11a1,morning_expected,2026-06-08T21:47:20Z,c6cc74a6,c6cc74a6#phase10c,challenger-2026-06-06,2026-06-08T21:47:16Z,73,Jalen Brunson,NYK,SAS,21716136,,pra,37.5,starter,starter,True,,,,32.9712,,36.068,,0.05,projected,not_available_yet,fallback_used,bdl_plus_nba_official,2026-06-08T21:46:27Z,bdl_lineup_freshness_manifest,,False,False,37.5,0.5047,0.4953,-102.0,102.0,37.4995,68.4142,27.0,38.0,48.0,0.4138,0.4138,0.091,full,ready,,build_derek_forward_feed:v1_model_only_plus_market_reference,ok
2026-06-08,2026-06-08,f4da0f14-6b9f-47b7-bcbc-f5ee557a11a1,morning_expected,2026-06-08T21:47:20Z,c6cc74a6,c6cc74a6#phase10c,challenger-2026-06-06,2026-06-08T21:47:16Z,73,Jalen Brunson,NYK,SAS,21716136,,pra,36.5,starter,starter,True,,,,32.9712,,36.068,,0.05,projected,not_available_yet,fallback_used,bdl_plus_nba_official,2026-06-08T21:46:27Z,bdl_lineup_freshness_manifest,,False,False,36.5,0.5566,0.4434,-126.0,126.0,37.4995,68.4142,27.0,38.0,48.0,0.4581,0.4581,0.0985,full,ready,,build_derek_forward_feed:v1_model_only_plus_market_reference,ok
2026-06-08,2026-06-08,f4da0f14-6b9f-47b7-bcbc-f5ee557a11a1,morning_expected,2026-06-08T21:47:20Z,c6cc74a6,c6cc74a6#phase10c,challenger-2026-06-06,2026-06-08T21:47:16Z,73,Jalen Brunson,NYK,SAS,21716136,,pra,34.5,starter,starter,True,,,,32.9712,,36.068,,0.05,projected,not_available_yet,fallback_used,bdl_plus_nba_official,2026-06-08T21:46:27Z,bdl_lineup_freshness_manifest,,False,False,34.5,0.6523,0.3477,-188.0,188.0,37.4995,68.4142,27.0,38.0,48.0,0.5548,0.5548,0.0975,full,ready,,build_derek_forward_feed:v1_model_only_plus_market_reference,ok
2026-06-08,2026-06-08,f4da0f14-6b9f-47b7-bcbc-f5ee557a11a1,morning_expected,2026-06-08T21:47:20Z,c6cc74a6,c6cc74a6#phase10c,challenger-2026-06-06,2026-06-08T21:47:16Z,73,Jalen Brunson,NYK,SAS,21716136,,pra,33.5,starter,starter,True,,,,32.9712,,36.068,,0.05,projected,not_available_yet,fallback_used,bdl_plus_nba_official,2026-06-08T21:46:27Z,bdl_lineup_freshness_manifest,,False,False,33.5,0.6952,0.3048,-228.0,228.0,37.4995,68.4142,27.0,38.0,48.0,0.5936,0.5936,0.1016,full,ready,,build_derek_forward_feed:v1_model_only_plus_market_reference,ok
2026-06-08,2026-06-08,f4da0f14-6b9f-47b7-bcbc-f5ee557a11a1,morning_expected,2026-06-08T21:47:20Z,c6cc74a6,c6cc74a6#phase10c,challenger-2026-06-06,2026-06-08T21:47:16Z,73,Jalen Brunson,NYK,SAS,21716136,,pra,32.5,starter,starter,True,,,,32.9712,,36.068,,0.05,projected,not_available_yet,fallback_used,bdl_plus_nba_official,2026-06-08T21:46:27Z,bdl_lineup_freshness_manifest,,False,False,32.5,0.735,0.265,-277.0,277.0,37.4995,68.4142,27.0,38.0,48.0,0.6378,0.6378,0.0972,full,ready,,build_derek_forward_feed:v1_model_only_plus_market_reference,ok
2026-06-08,2026-06-08,f4da0f14-6b9f-47b7-bcbc-f5ee557a11a1,morning_expected,2026-06-08T21:47:20Z,c6cc74a6,c6cc74a6#phase10c,challenger-2026-06-06,2026-06-08T21:47:16Z,73,Jalen Brunson,NYK,SAS,21716136,,pra,31.5,starter,starter,True,,,,32.9712,,36.068,,0.05,projected,not_available_yet,fallback_used,bdl_plus_nba_official,2026-06-08T21:46:27Z,bdl_lineup_freshness_manifest,,False,False,31.5,0.7718,0.2282,-338.0,338.0,37.4995,68.4142,27.0,38.0,48.0,0.6821,0.6821,0.0897,full,ready,,build_derek_forward_feed:v1_model_only_plus_market_reference,ok
2026-06-08,2026-06-08,f4da0f14-6b9f-47b7-bcbc-f5ee557a11a1,morning_expected,2026-06-08T21:47:20Z,c6cc74a6,c6cc74a6#phase10c,challenger-2026-06-06,2026-06-08T21:47:16Z,73,Jalen Brunson,NYK,SAS,21716136,,pra,30.5,starter,starter,True,,,,32.9712,,36.068,,0.05,projected,not_available_yet,fallback_used,bdl_plus_nba_official,2026-06-08T21:46:27Z,bdl_lineup_freshness_manifest,,False,False,30.5,0.8055,0.1945,-414.0,414.0,37.4995,68.4142,27.0,38.0,48.0,0.7123,0.7123,0.0932,full,ready,,build_derek_forward_feed:v1_model_only_plus_market_reference,ok
2026-06-08,2026-06-08,f4da0f14-6b9f-47b7-bcbc-f5ee557a11a1,morning_expected,2026-06-08T21:47:20Z,c6cc74a6,c6cc74a6#phase10c,challenger-2026-06-06,2026-06-08T21:47:16Z,73,Jalen Brunson,NYK,SAS,21716136,,pra,29.5,starter,starter,True,,,,32.9712,,36.068,,0.05,projected,not_available_yet,fallback_used,bdl_plus_nba_official,2026-06-08T21:46:27Z,bdl_lineup_freshness_manifest,,False,False,29.5,0.8361,0.1639,-510.0,510.0,37.4995,68.4142,27.0,38.0,48.0,0.7543,0.7543,0.0819,full,ready,,build_derek_forward_feed:v1_model_only_plus_market_reference,ok
2026-06-08,2026-06-08,f4da0f14-6b9f-47b7-bcbc-f5ee557a11a1,morning_expected,2026-06-08T21:47:20Z,c6cc74a6,c6cc74a6#phase10c,challenger-2026-06-06,2026-06-08T21:47:16Z,73,Jalen Brunson,NYK,SAS,21716136,,pra,28.5,starter,starter,True,,,,32.9712,,36.068,,0.05,projected,not_available_yet,fallback_used,bdl_plus_nba_official,2026-06-08T21:46:27Z,bdl_lineup_freshness_manifest,,False,False,28.5,0.8635,0.1365,-632.0,632.0,37.4995,68.4142,27.0,38.0,48.0,0.7778,0.7778,0.0857,full,ready,,build_derek_forward_feed:v1_model_only_plus_market_reference,ok
2026-06-08,2026-06-08,f4da0f14-6b9f-47b7-bcbc-f5ee557a11a1,morning_expected,2026-06-08T21:47:20Z,c6cc74a6,c6cc74a6#phase10c,challenger-2026-06-06,2026-06-08T21:47:16Z,73,Jalen Brunson,NYK,SAS,21716136,,pra,27.5,starter,starter,True,,,,32.9712,,36.068,,0.05,projected,not_available_yet,fallback_used,bdl_plus_nba_official,2026-06-08T21:46:27Z,bdl_lineup_freshness_manifest,,False,False,27.5,0.8875,0.1125,-789.0,789.0,37.4995,68.4142,27.0,38.0,48.0,0.8131,0.8131,0.0744,full,ready,,build_derek_forward_feed:v1_model_only_plus_market_reference,ok
2026-06-08,2026-06-08,f4da0f14-6b9f-47b7-bcbc-f5ee557a11a1,morning_expected,2026-06-08T21:47:20Z,c6cc74a6,c6cc74a6#phase10c,challenger-2026-06-06,2026-06-08T21:47:16Z,73,Jalen Brunson,NYK,SAS,21716136,,pra,38.5,starter,starter,True,,,,32.9712,,36.068,,0.05,projected,not_available_yet,fallback_used,bdl_plus_nba_official,2026-06-08T21:46:27Z,bdl_lineup_freshness_manifest,,False,False,38.5,0.4518,0.5482,121.0,-121.0,37.4995,68.4142,27.0,38.0,48.0,0.3712,0.3712,0.0805,full,ready,,build_derek_forward_feed:v1_model_only_plus_market_reference,ok
2026-06-08,2026-06-08,f4da0f14-6b9f-47b7-bcbc-f5ee557a11a1,morning_expected,2026-06-08T21:47:20Z,c6cc74a6,c6cc74a6#phase10c,challenger-2026-06-06,2026-06-08T21:47:16Z,73,Jalen Brunson,NYK,SAS,21716136,,pra,35.5,starter,starter,True,,,,32.9712,,36.068,,0.05,projected,not_available_yet,fallback_used,bdl_plus_nba_official,2026-06-08T21:46:27Z,bdl_lineup_freshness_manifest,,False,False,35.5,0.6061,0.3939,-154.0,154.0,37.4995,68.4142,27.0,38.0,48.0,0.5203,0.5203,0.0858,full,ready,,build_derek_forward_feed:v1_model_only_plus_market_reference,ok
2026-06-08,2026-06-08,f4da0f14-6b9f-47b7-bcbc-f5ee557a11a1,morning_expected,2026-06-08T21:47:20Z,c6cc74a6,c6cc74a6#phase10c,challenger-2026-06-06,2026-06-08T21:47:16Z,73,Jalen Brunson,NYK,SAS,21716136,,pra,36.5,starter,starter,True,,,,32.9712,,36.068,,0.05,projected,not_available_yet,fallback_used,bdl_plus_nba_official,2026-06-08T21:46:27Z,bdl_lineup_freshness_manifest,,False,False,36.5,0.5566,0.4434,-126.0,126.0,37.4995,68.4142,27.0,38.0,48.0,0.4598,0.4598,0.0968,full,ready,,build_derek_forward_feed:v1_model_only_plus_market_reference,ok
2026-06-08,2026-06-08,f4da0f14-6b9f-47b7-bcbc-f5ee557a11a1,morning_expected,2026-06-08T21:47:20Z,c6cc74a6,c6cc74a6#phase10c,challenger-2026-06-06,2026-06-08T21:47:16Z,73,Jalen Brunson,NYK,SAS,21716136,,pra,35.5,starter,starter,True,,,,32.9712,,36.068,,0.05,projected,not_available_yet,fallback_used,bdl_plus_nba_official,2026-06-08T21:46:27Z,bdl_lineup_freshness_manifest,,False,False,35.5,0.6061,0.3939,-154.0,154.0,37.4995,68.4142,27.0,38.0,48.0,0.5059,0.5059,0.1002,full,ready,,build_derek_forward_feed:v1_model_only_plus_market_reference,ok
2026-06-08,2026-06-08,f4da0f14-6b9f-47b7-bcbc-f5ee557a11a1,morning_expected,2026-06-08T21:47:20Z,c6cc74a6,c6cc74a6#phase10c,challenger-2026-06-06,2026-06-08T21:47:16Z,73,Jalen Brunson,NYK,SAS,21716136,,pra,34.5,starter,starter,True,,,,32.9712,,36.068,,0.05,projected,not_available_yet,fallback_used,bdl_plus_nba_official,2026-06-08T21:46:27Z,bdl_lineup_freshness_manifest,,False,False,34.5,0.6523,0.3477,-188.0,188.0,37.4995,68.4142,27.0,38.0,48.0,0.5538,0.5538,0.0985,full,ready,,build_derek_forward_feed:v1_model_only_plus_market_reference,ok
2026-06-08,2026-06-08,f4da0f14-6b9f-47b7-bcbc-f5ee557a11a1,morning_expected,2026-06-08T21:47:20Z,c6cc74a6,c6cc74a6#phase10c,challenger-2026-06-06,2026-06-08T21:47:16Z,73,Jalen Brunson,NYK,SAS,21716136,,pra,36.5,starter,starter,True,,,,32.9712,,36.068,,0.05,projected,not_available_yet,fallback_used,bdl_plus_nba_official,2026-06-08T21:46:27Z,bdl_lineup_freshness_manifest,,False,False,36.5,0.5566,0.4434,-126.0,126.0,37.4995,68.4142,27.0,38.0,48.0,0.5051,0.5051,0.0516,full,ready,,build_derek_forward_feed:v1_model_only_plus_market_reference,ok
2026-06-08,2026-06-08,f4da0f14-6b9f-47b7-bcbc-f5ee557a11a1,morning_expected,2026-06-08T21:47:20Z,c6cc74a6,c6cc74a6#phase10c,challenger-2026-06-06,2026-06-08T21:47:16Z,73,Jalen Brunson,NYK,SAS,21716136,,pra,38.5,starter,starter,True,,,,32.9712,,36.068,,0.05,projected,not_available_yet,fallback_used,bdl_plus_nba_official,2026-06-08T21:46:27Z,bdl_lineup_freshness_manifest,,False,False,38.5,0.4518,0.5482,121.0,-121.0,37.4995,68.4142,27.0,38.0,48.0,0.4248,0.4248,0.0269,full,ready,,build_derek_forward_feed:v1_model_only_plus_market_reference,ok
2026-06-08,2026-06-08,f4da0f14-6b9f-47b7-bcbc-f5ee557a11a1,morning_expected,2026-06-08T21:47:20Z,c6cc74a6,c6cc74a6#phase10c,challenger-2026-06-06,2026-06-08T21:47:16Z,73,Jalen Brunson,NYK,SAS,21716136,,pra,37.5,starter,starter,True,,,,32.9712,,36.068,,0.05,projected,not_available_yet,fallback_used,bdl_plus_nba_official,2026-06-08T21:46:27Z,bdl_lineup_freshness_manifest,,False,False,37.5,0.5047,0.4953,-102.0,102.0,37.4995,68.4142,27.0,38.0,48.0,0.4694,0.4694,0.0354,full,ready,,build_derek_forward_feed:v1_model_only_plus_market_reference,ok
2026-06-08,2026-06-08,f4da0f14-6b9f-47b7-bcbc-f5ee557a11a1,morning_expected,2026-06-08T21:47:20Z,c6cc74a6,c6cc74a6#phase10c,challenger-2026-06-06,2026-06-08T21:47:16Z,73,Jalen Brunson,NYK,SAS,21716136,,pra,36.5,starter,starter,True,,,,32.9712,,36.068,,0.05,projected,not_available_yet,fallback_used,bdl_plus_nba_official,2026-06-08T21:46:27Z,bdl_lineup_freshness_manifest,,False,False,36.5,0.5566,0.4434,-126.0,126.0,37.4995,68.4142,27.0,38.0,48.0,0.5,0.5,0.0566,full,ready,,build_derek_forward_feed:v1_model_only_plus_market_reference,ok
2026-06-08,2026-06-08,f4da0f14-6b9f-47b7-bcbc-f5ee557a11a1,morning_expected,2026-06-08T21:47:20Z,c6cc74a6,c6cc74a6#phase10c,challenger-2026-06-06,2026-06-08T21:47:16Z,73,Jalen Brunson,NYK,SAS,21716136,,pra,35.5,starter,starter,True,,,,32.9712,,36.068,,0.05,projected,not_available_yet,fallback_used,bdl_plus_nba_official,2026-06-08T21:46:27Z,bdl_lineup_freshness_manifest,,False,False,35.5,0.6061,0.3939,-154.0,154.0,37.4995,68.4142,27.0,38.0,48.0,0.5408,0.5408,0.0653,full,ready,,build_derek_forward_feed:v1_model_only_plus_market_reference,ok
2026-06-08,2026-06-08,f4da0f14-6b9f-47b7-bcbc-f5ee557a11a1,morning_expected,2026-06-08T21:47:20Z,c6cc74a6,c6cc74a6#phase10c,challenger-2026-06-06,2026-06-08T21:47:16Z,73,Jalen Brunson,NYK,SAS,21716136,,pra,34.5,starter,starter,True,,,,32.9712,,36.068,,0.05,projected,not_available_yet,fallback_used,bdl_plus_nba_official,2026-06-08T21:46:27Z,bdl_lineup_freshness_manifest,,False,False,34.5,0.6523,0.3477,-188.0,188.0,37.4995,68.4142,27.0,38.0,48.0,0.5752,0.5752,0.0772,full,ready,,build_derek_forward_feed:v1_model_only_plus_market_reference,ok
2026-06-08,2026-06-08,f4da0f14-6b9f-47b7-bcbc-f5ee557a11a1,morning_expected,2026-06-08T21:47:20Z,c6cc74a6,c6cc74a6#phase10c,challenger-2026-06-06,2026-06-08T21:47:16Z,73,Jalen Brunson,NYK,SAS,21716136,,pra,36.5,starter,starter,True,,,,32.9712,,36.068,,0.05,projected,not_available_yet,fallback_used,bdl_plus_nba_official,2026-06-08T21:46:27Z,bdl_lineup_freshness_manifest,,False,False,36.5,0.5566,0.4434,-126.0,126.0,37.4995,68.4142,27.0,38.0,48.0,0.4899,0.4899,0.0668,full,ready,,build_derek_forward_feed:v1_model_only_plus_market_reference,ok
2026-06-08,2026-06-08,f4da0f14-6b9f-47b7-bcbc-f5ee557a11a1,morning_expected,2026-06-08T21:47:20Z,c6cc74a6,c6cc74a6#phase10c,challenger-2026-06-06,2026-06-08T21:47:16Z,73,Jalen Brunson,NYK,SAS,21716136,,pra,36.5,starter,starter,True,,,,32.9712,,36.068,,0.05,projected,not_available_yet,fallback_used,bdl_plus_nba_official,2026-06-08T21:46:27Z,bdl_lineup_freshness_manifest,,False,False,36.5,0.5566,0.4434,-126.0,126.0,37.4995,68.4142,27.0,38.0,48.0,0.4899,0.4899,0.0668,full,ready,,build_derek_forward_feed:v1_model_only_plus_market_reference,ok
2026-06-08,2026-06-08,f4da0f14-6b9f-47b7-bcbc-f5ee557a11a1,morning_expected,2026-06-08T21:47:20Z,c6cc74a6,c6cc74a6#phase10c,challenger-2026-06-06,2026-06-08T21:47:16Z,73,Jalen Brunson,NYK,SAS,21716136,,pra,36.5,starter,starter,True,,,,32.9712,,36.068,,0.05,projected,not_available_yet,fallback_used,bdl_plus_nba_official,2026-06-08T21:46:27Z,bdl_lineup_freshness_manifest,,False,False,36.5,0.5566,0.4434,-126.0,126.0,37.4995,68.4142,27.0,38.0,48.0,0.4899,0.4899,0.0668,full,ready,,build_derek_forward_feed:v1_model_only_plus_market_reference,ok
2026-06-08,2026-06-08,f4da0f14-6b9f-47b7-bcbc-f5ee557a11a1,morning_expected,2026-06-08T21:47:20Z,c6cc74a6,c6cc74a6#phase10c,challenger-2026-06-06,2026-06-08T21:47:16Z,73,Jalen Brunson,NYK,SAS,21716136,,pra,35.5,starter,starter,True,,,,32.9712,,36.068,,0.05,projected,not_available_yet,fallback_used,bdl_plus_nba_official,2026-06-08T21:46:27Z,bdl_lineup_freshness_manifest,,False,False,35.5,0.6061,0.3939,-154.0,154.0,37.4995,68.4142,27.0,38.0,48.0,0.5101,0.5101,0.096,full,ready,,build_derek_forward_feed:v1_model_only_plus_market_reference,ok
2026-06-08,2026-06-08,f4da0f14-6b9f-47b7-bcbc-f5ee557a11a1,morning_expected,2026-06-08T21:47:20Z,c6cc74a6,c6cc74a6#phase10c,challenger-2026-06-06,2026-06-08T21:47:16Z,73,Jalen Brunson,NYK,SAS,21716136,,pra,35.5,starter,starter,True,,,,32.9712,,36.068,,0.05,projected,not_available_yet,fallback_used,bdl_plus_nba_official,2026-06-08T21:46:27Z,bdl_lineup_freshness_manifest,,False,False,35.5,0.6061,0.3939,-154.0,154.0,37.4995,68.4142,27.0,38.0,48.0,0.505,0.505,0.1011,full,ready,,build_derek_forward_feed:v1_model_only_plus_market_reference,ok
2026-06-08,2026-06-08,f4da0f14-6b9f-47b7-bcbc-f5ee557a11a1,morning_expected,2026-06-08T21:47:20Z,c6cc74a6,c6cc74a6#phase10c,challenger-2026-06-06,2026-06-08T21:47:16Z,73,Jalen Brunson,NYK,SAS,21716136,,pra,34.5,starter,starter,True,,,,32.9712,,36.068,,0.05,projected,not_available_yet,fallback_used,bdl_plus_nba_official,2026-06-08T21:46:27Z,bdl_lineup_freshness_manifest,,False,False,34.5,0.6523,0.3477,-188.0,188.0,37.4995,68.4142,27.0,38.0,48.0,0.5538,0.5538,0.0985,full,ready,,build_derek_forward_feed:v1_model_only_plus_market_reference,ok
2026-06-08,2026-06-08,f4da0f14-6b9f-47b7-bcbc-f5ee557a11a1,morning_expected,2026-06-08T21:47:20Z,c6cc74a6,c6cc74a6#phase10c,challenger-2026-06-06,2026-06-08T21:47:16Z,73,Jalen Brunson,NYK,SAS,21716136,,pra,36.5,starter,starter,True,,,,32.9712,,36.068,,0.05,projected,not_available_yet,fallback_used,bdl_plus_nba_official,2026-06-08T21:46:27Z,bdl_lineup_freshness_manifest,,False,False,36.5,0.5566,0.4434,-126.0,126.0,37.4995,68.4142,27.0,38.0,48.0,0.4574,0.4574,0.0993,full,ready,,build_derek_forward_feed:v1_model_only_plus_market_reference,ok
2026-06-08,2026-06-08,f4da0f14-6b9f-47b7-bcbc-f5ee557a11a1,morning_expected,2026-06-08T21:47:20Z,c6cc74a6,c6cc74a6#phase10c,challenger-2026-06-06,2026-06-08T21:47:16Z,73,Jalen Brunson,NYK,SAS,21716136,,pra,36.5,starter,starter,True,,,,32.9712,,36.068,,0.05,projected,not_available_yet,fallback_used,bdl_plus_nba_official,2026-06-08T21:46:27Z,bdl_lineup_freshness_manifest,,False,False,36.5,0.5566,0.4434,-126.0,126.0,37.4995,68.4142,27.0,38.0,48.0,0.481,0.481,0.0757,full,ready,,build_derek_forward_feed:v1_model_only_plus_market_reference,ok
2026-06-08,2026-06-08,f4da0f14-6b9f-47b7-bcbc-f5ee557a11a1,morning_expected,2026-06-08T21:47:20Z,c6cc74a6,c6cc74a6#phase10c,challenger-2026-06-06,2026-06-08T21:47:16Z,161,De'Aaron Fox,SAS,NYK,21716136,,pts,21.5,starter,starter,True,,,,31.0015,,34.3368,,0.05,projected,not_available_yet,fallback_used,bdl_plus_nba_official,2026-06-08T21:46:27Z,bdl_lineup_freshness_manifest,,False,False,21.5,0.2303,0.7697,334.0,-334.0,16.9011,41.731,8.0,17.0,25.0,0.1762,0.1762,0.0541,full,ready,,build_derek_forward_feed:v1_model_only_plus_market_reference,ok
2026-06-08,2026-06-08,f4da0f14-6b9f-47b7-bcbc-f5ee557a11a1,morning_expected,2026-06-08T21:47:20Z,c6cc74a6,c6cc74a6#phase10c,challenger-2026-06-06,2026-06-08T21:47:16Z,161,De'Aaron Fox,SAS,NYK,21716136,,pts,20.5,starter,starter,True,,,,31.0015,,34.3368,,0.05,projected,not_available_yet,fallback_used,bdl_plus_nba_official,2026-06-08T21:46:27Z,bdl_lineup_freshness_manifest,,False,False,20.5,0.2826,0.7174,254.0,-254.0,16.9011,41.731,8.0,17.0,25.0,0.1989,0.1989,0.0837,full,ready,,build_derek_forward_feed:v1_model_only_plus_market_reference,ok
2026-06-08,2026-06-08,f4da0f14-6b9f-47b7-bcbc-f5ee557a11a1,morning_expected,2026-06-08T21:47:20Z,c6cc74a6,c6cc74a6#phase10c,challenger-2026-06-06,2026-06-08T21:47:16Z,161,De'Aaron Fox,SAS,NYK,21716136,,pts,19.5,starter,starter,True,,,,31.0015,,34.3368,,0.05,projected,not_available_yet,fallback_used,bdl_plus_nba_official,2026-06-08T21:46:27Z,bdl_lineup_freshness_manifest,,False,False,19.5,0.3332,0.6668,200.0,-200.0,16.9011,41.731,8.0,17.0,25.0,0.241,0.241,0.0922,full,ready,,build_derek_forward_feed:v1_model_only_plus_market_reference,ok
2026-06-08,2026-06-08,f4da0f14-6b9f-47b7-bcbc-f5ee557a11a1,morning_expected,2026-06-08T21:47:20Z,c6cc74a6,c6cc74a6#phase10c,challenger-2026-06-06,2026-06-08T21:47:16Z,161,De'Aaron Fox,SAS,NYK,21716136,,pts,18.5,starter,starter,True,,,,31.0015,,34.3368,,0.05,projected,not_available_yet,fallback_used,bdl_plus_nba_official,2026-06-08T21:46:27Z,bdl_lineup_freshness_manifest,,False,False,18.5,0.3908,0.6092,156.0,-156.0,16.9011,41.731,8.0,17.0,25.0,0.2877,0.2877,0.1032,full,ready,,build_derek_forward_feed:v1_model_only_plus_market_reference,ok
2026-06-08,2026-06-08,f4da0f14-6b9f-47b7-bcbc-f5ee557a11a1,morning_expected,2026-06-08T21:47:20Z,c6cc74a6,c6cc74a6#phase10c,challenger-2026-06-06,2026-06-08T21:47:16Z,161,De'Aaron Fox,SAS,NYK,21716136,,pts,17.5,starter,starter,True,,,,31.0015,,34.3368,,0.05,projected,not_available_yet,fallback_used,bdl_plus_nba_official,2026-06-08T21:46:27Z,bdl_lineup_freshness_manifest,,False,False,17.5,0.4683,0.5317,114.0,-114.0,16.9011,41.731,8.0,17.0,25.0,0.3318,0.3318,0.1366,full,ready,,build_derek_forward_feed:v1_model_only_plus_market_reference,ok
2026-06-08,2026-06-08,f4da0f14-6b9f-47b7-bcbc-f5ee557a11a1,morning_expected,2026-06-08T21:47:20Z,c6cc74a6,c6cc74a6#phase10c,challenger-2026-06-06,2026-06-08T21:47:16Z,161,De'Aaron Fox,SAS,NYK,21716136,,pts,16.5,starter,starter,True,,,,31.0015,,34.3368,,0.05,projected,not_available_yet,fallback_used,bdl_plus_nba_official,2026-06-08T21:46:27Z,bdl_lineup_freshness_manifest,,False,False,16.5,0.5423,0.4577,-118.0,118.0,16.9011,41.731,8.0,17.0,25.0,0.3896,0.3896,0.1526,full,ready,,build_derek_forward_feed:v1_model_only_plus_market_reference,ok
2026-06-08,2026-06-08,f4da0f14-6b9f-47b7-bcbc-f5ee557a11a1,morning_expected,2026-06-08T21:47:20Z,c6cc74a6,c6cc74a6#phase10c,challenger-2026-06-06,2026-06-08T21:47:16Z,161,De'Aaron Fox,SAS,NYK,21716136,,pts,15.5,starter,starter,True,,,,31.0015,,34.3368,,0.05,projected,not_available_yet,fallback_used,bdl_plus_nba_official,2026-06-08T21:46:27Z,bdl_lineup_freshness_manifest,,False,False,15.5,0.6002,0.3998,-150.0,150.0,16.9011,41.731,8.0,17.0,25.0,0.4489,0.4489,0.1513,full,ready,,build_derek_forward_feed:v1_model_only_plus_market_reference,ok
2026-06-08,2026-06-08,f4da0f14-6b9f-47b7-bcbc-f5ee557a11a1,morning_expected,2026-06-08T21:47:20Z,c6cc74a6,c6cc74a6#phase10c,challenger-2026-06-06,2026-06-08T21:47:16Z,161,De'Aaron Fox,SAS,NYK,21716136,,pts,14.5,starter,starter,True,,,,31.0015,,34.3368,,0.05,projected,not_available_yet,fallback_used,bdl_plus_nba_official,2026-06-08T21:46:27Z,bdl_lineup_freshness_manifest,,False,False,14.5,0.6521,0.3479,-187.0,187.0,16.9011,41.731,8.0,17.0,25.0,0.5123,0.5123,0.1398,full,ready,,build_derek_forward_feed:v1_model_only_plus_market_reference,ok
2026-06-08,2026-06-08,f4da0f14-6b9f-47b7-bcbc-f5ee557a11a1,morning_expected,2026-06-08T21:47:20Z,c6cc74a6,c6cc74a6#phase10c,challenger-2026-06-06,2026-06-08T21:47:16Z,161,De'Aaron Fox,SAS,NYK,21716136,,pts,13.5,starter,starter,True,,,,31.0015,,34.3368,,0.05,projected,not_available_yet,fallback_used,bdl_plus_nba_official,2026-06-08T21:46:27Z,bdl_lineup_freshness_manifest,,False,False,13.5,0.6975,0.3025,-231.0,231.0,16.9011,41.731,8.0,17.0,25.0,0.5717,0.5717,0.1257,full,ready,,build_derek_forward_feed:v1_model_only_plus_market_reference,ok
2026-06-08,2026-06-08,f4da0f14-6b9f-47b7-bcbc-f5ee557a11a1,morning_expected,2026-06-08T21:47:20Z,c6cc74a6,c6cc74a6#phase10c,challenger-2026-06-06,2026-06-08T21:47:16Z,161,De'Aaron Fox,SAS,NYK,21716136,,pts,14.5,starter,starter,True,,,,31.0015,,34.3368,,0.05,projected,not_available_yet,fallback_used,bdl_plus_nba_official,2026-06-08T21:46:27Z,bdl_lineup_freshness_manifest,,False,False,14.5,0.6521,0.3479,-187.0,187.0,16.9011,41.731,8.0,17.0,25.0,0.518,0.518,0.1341,full,ready,,build_derek_forward_feed:v1_model_only_plus_market_reference,ok
2026-06-08,2026-06-08,f4da0f14-6b9f-47b7-bcbc-f5ee557a11a1,morning_expected,2026-06-08T21:47:20Z,c6cc74a6,c6cc74a6#phase10c,challenger-2026-06-06,2026-06-08T21:47:16Z,161,De'Aaron Fox,SAS,NYK,21716136,,pts,12.5,starter,starter,True,,,,31.0015,,34.3368,,0.05,projected,not_available_yet,fallback_used,bdl_plus_nba_official,2026-06-08T21:46:27Z,bdl_lineup_freshness_manifest,,False,False,12.5,0.738,0.262,-282.0,282.0,16.9011,41.731,8.0,17.0,25.0,0.6378,0.6378,0.1002,full,ready,,build_derek_forward_feed:v1_model_only_plus_market_reference,ok
2026-06-08,2026-06-08,f4da0f14-6b9f-47b7-bcbc-f5ee557a11a1,morning_expected,2026-06-08T21:47:20Z,c6cc74a6,c6cc74a6#phase10c,challenger-2026-06-06,2026-06-08T21:47:16Z,161,De'Aaron Fox,SAS,NYK,21716136,,pts,10.5,starter,starter,True,,,,31.0015,,34.3368,,0.05,projected,not_available_yet,fallback_used,bdl_plus_nba_official,2026-06-08T21:46:27Z,bdl_lineup_freshness_manifest,,False,False,10.5,0.8304,0.1696,-490.0,490.0,16.9011,41.731,8.0,17.0,25.0,0.7543,0.7543,0.0761,full,ready,,build_derek_forward_feed:v1_model_only_plus_market_reference,ok
2026-06-08,2026-06-08,f4da0f14-6b9f-47b7-bcbc-f5ee557a11a1,morning_expected,2026-06-08T21:47:20Z,c6cc74a6,c6cc74a6#phase10c,challenger-2026-06-06,2026-06-08T21:47:16Z,161,De'Aaron Fox,SAS,NYK,21716136,,pts,17.5,starter,starter,True,,,,31.0015,,34.3368,,0.05,projected,not_available_yet,fallback_used,bdl_plus_nba_official,2026-06-08T21:46:27Z,bdl_lineup_freshness_manifest,,False,False,17.5,0.4683,0.5317,114.0,-114.0,16.9011,41.731,8.0,17.0,25.0,0.3346,0.3346,0.1337,full,ready,,build_derek_forward_feed:v1_model_only_plus_market_reference,ok
2026-06-08,2026-06-08,f4da0f14-6b9f-47b7-bcbc-f5ee557a11a1,morning_expected,2026-06-08T21:47:20Z,c6cc74a6,c6cc74a6#phase10c,challenger-2026-06-06,2026-06-08T21:47:16Z,161,De'Aaron Fox,SAS,NYK,21716136,,pts,16.5,starter,starter,True,,,,31.0015,,34.3368,,0.05,projected,not_available_yet,fallback_used,bdl_plus_nba_official,2026-06-08T21:46:27Z,bdl_lineup_freshness_manifest,,False,False,16.5,0.5423,0.4577,-118.0,118.0,16.9011,41.731,8.0,17.0,25.0,0.3909,0.3909,0.1513,full,ready,,build_derek_forward_feed:v1_model_only_plus_market_reference,ok
2026-06-08,2026-06-08,f4da0f14-6b9f-47b7-bcbc-f5ee557a11a1,morning_expected,2026-06-08T21:47:20Z,c6cc74a6,c6cc74a6#phase10c,challenger-2026-06-06,2026-06-08T21:47:16Z,161,De'Aaron Fox,SAS,NYK,21716136,,pts,15.5,starter,starter,True,,,,31.0015,,34.3368,,0.05,projected,not_available_yet,fallback_used,bdl_plus_nba_official,2026-06-08T21:46:27Z,bdl_lineup_freshness_manifest,,False,False,15.5,0.6002,0.3998,-150.0,150.0,16.9011,41.731,8.0,17.0,25.0,0.4459,0.4459,0.1544,full,ready,,build_derek_forward_feed:v1_model_only_plus_market_reference,ok
2026-06-08,2026-06-08,f4da0f14-6b9f-47b7-bcbc-f5ee557a11a1,morning_expected,2026-06-08T21:47:20Z,c6cc74a6,c6cc74a6#phase10c,challenger-2026-06-06,2026-06-08T21:47:16Z,161,De'Aaron Fox,SAS,NYK,21716136,,pts,14.5,starter,starter,True,,,,31.0015,,34.3368,,0.05,projected,not_available_yet,fallback_used,bdl_plus_nba_official,2026-06-08T21:46:27Z,bdl_lineup_freshness_manifest,,False,False,14.5,0.6521,0.3479,-187.0,187.0,16.9011,41.731,8.0,17.0,25.0,0.5,0.5,0.1521,full,ready,,build_derek_forward_feed:v1_model_only_plus_market_reference,ok
2026-06-08,2026-06-08,f4da0f14-6b9f-47b7-bcbc-f5ee557a11a1,morning_expected,2026-06-08T21:47:20Z,c6cc74a6,c6cc74a6#phase10c,challenger-2026-06-06,2026-06-08T21:47:16Z,161,De'Aaron Fox,SAS,NYK,21716136,,pts,13.5,starter,starter,True,,,,31.0015,,34.3368,,0.05,projected,not_available_yet,fallback_used,bdl_plus_nba_official,2026-06-08T21:46:27Z,bdl_lineup_freshness_manifest,,False,False,13.5,0.6975,0.3025,-231.0,231.0,16.9011,41.731,8.0,17.0,25.0,0.5633,0.5633,0.1342,full,ready,,build_derek_forward_feed:v1_model_only_plus_market_reference,ok
2026-06-08,2026-06-08,f4da0f14-6b9f-47b7-bcbc-f5ee557a11a1,morning_expected,2026-06-08T21:47:20Z,c6cc74a6,c6cc74a6#phase10c,challenger-2026-06-06,2026-06-08T21:47:16Z,161,De'Aaron Fox,SAS,NYK,21716136,,pts,12.5,starter,starter,True,,,,31.0015,,34.3368,,0.05,projected,not_available_yet,fallback_used,bdl_plus_nba_official,2026-06-08T21:46:27Z,bdl_lineup_freshness_manifest,,False,False,12.5,0.738,0.262,-282.0,282.0,16.9011,41.731,8.0,17.0,25.0,0.625,0.625,0.113,full,ready,,build_derek_forward_feed:v1_model_only_plus_market_reference,ok
2026-06-08,2026-06-08,f4da0f14-6b9f-47b7-bcbc-f5ee557a11a1,morning_expected,2026-06-08T21:47:20Z,c6cc74a6,c6cc74a6#phase10c,challenger-2026-06-06,2026-06-08T21:47:16Z,161,De'Aaron Fox,SAS,NYK,21716136,,pts,11.5,starter,starter,True,,,,31.0015,,34.3368,,0.05,projected,not_available_yet,fallback_used,bdl_plus_nba_official,2026-06-08T21:46:27Z,bdl_lineup_freshness_manifest,,False,False,11.5,0.7844,0.2156,-364.0,364.0,16.9011,41.731,8.0,17.0,25.0,0.6875,0.6875,0.0969,full,ready,,build_derek_forward_feed:v1_model_only_plus_market_reference,ok
2026-06-08,2026-06-08,f4da0f14-6b9f-47b7-bcbc-f5ee557a11a1,morning_expected,2026-06-08T21:47:20Z,c6cc74a6,c6cc74a6#phase10c,challenger-2026-06-06,2026-06-08T21:47:16Z,161,De'Aaron Fox,SAS,NYK,21716136,,pts,11.5,starter,starter,True,,,,31.0015,,34.3368,,0.05,projected,not_available_yet,fallback_used,bdl_plus_nba_official,2026-06-08T21:46:27Z,bdl_lineup_freshness_manifest,,False,False,11.5,0.7844,0.2156,-364.0,364.0,16.9011,41.731,8.0,17.0,25.0,0.694,0.694,0.0904,full,ready,,build_derek_forward_feed:v1_model_only_plus_market_reference,ok
2026-06-08,2026-06-08,f4da0f14-6b9f-47b7-bcbc-f5ee557a11a1,morning_expected,2026-06-08T21:47:20Z,c6cc74a6,c6cc74a6#phase10c,challenger-2026-06-06,2026-06-08T21:47:16Z,161,De'Aaron Fox,SAS,NYK,21716136,,pts,14.5,starter,starter,True,,,,31.0015,,34.3368,,0.05,projected,not_available_yet,fallback_used,bdl_plus_nba_official,2026-06-08T21:46:27Z,bdl_lineup_freshness_manifest,,False,False,14.5,0.6521,0.3479,-187.0,187.0,16.9011,41.731,8.0,17.0,25.0,0.5,0.5,0.1521,full,ready,,build_derek_forward_feed:v1_model_only_plus_market_reference,ok
2026-06-08,2026-06-08,f4da0f14-6b9f-47b7-bcbc-f5ee557a11a1,morning_expected,2026-06-08T21:47:20Z,c6cc74a6,c6cc74a6#phase10c,challenger-2026-06-06,2026-06-08T21:47:16Z,161,De'Aaron Fox,SAS,NYK,21716136,,pts,15.5,starter,starter,True,,,,31.0015,,34.3368,,0.05,projected,not_available_yet,fallback_used,bdl_plus_nba_official,2026-06-08T21:46:27Z,bdl_lineup_freshness_manifest,,False,False,15.5,0.6002,0.3998,-150.0,150.0,16.9011,41.731,8.0,17.0,25.0,0.4613,0.4613,0.1389,full,ready,,build_derek_forward_feed:v1_model_only_plus_market_reference,ok
2026-06-08,2026-06-08,f4da0f14-6b9f-47b7-bcbc-f5ee557a11a1,morning_expected,2026-06-08T21:47:20Z,c6cc74a6,c6cc74a6#phase10c,challenger-2026-06-06,2026-06-08T21:47:16Z,161,De'Aaron Fox,SAS,NYK,21716136,,pts,14.5,starter,starter,True,,,,31.0015,,34.3368,,0.05,projected,not_available_yet,fallback_used,bdl_plus_nba_official,2026-06-08T21:46:27Z,bdl_lineup_freshness_manifest,,False,False,14.5,0.6521,0.3479,-187.0,187.0,16.9011,41.731,8.0,17.0,25.0,0.5258,0.5258,0.1263,full,ready,,build_derek_forward_feed:v1_model_only_plus_market_reference,ok
2026-06-08,2026-06-08,f4da0f14-6b9f-47b7-bcbc-f5ee557a11a1,morning_expected,2026-06-08T21:47:20Z,c6cc74a6,c6cc74a6#phase10c,challenger-2026-06-06,2026-06-08T21:47:16Z,161,De'Aaron Fox,SAS,NYK,21716136,,pts,14.5,starter,starter,True,,,,31.0015,,34.3368,,0.05,projected,not_available_yet,fallback_used,bdl_plus_nba_official,2026-06-08T21:46:27Z,bdl_lineup_freshness_manifest,,False,False,14.5,0.6521,0.3479,-187.0,187.0,16.9011,41.731,8.0,17.0,25.0,0.5125,0.5125,0.1396,full,ready,,build_derek_forward_feed:v1_model_only_plus_market_reference,ok
2026-06-08,2026-06-08,f4da0f14-6b9f-47b7-bcbc-f5ee557a11a1,morning_expected,2026-06-08T21:47:20Z,c6cc74a6,c6cc74a6#phase10c,challenger-2026-06-06,2026-06-08T21:47:16Z,161,De'Aaron Fox,SAS,NYK,21716136,,pts,9.5,starter,starter,True,,,,31.0015,,34.3368,,0.05,projected,not_available_yet,fallback_used,bdl_plus_nba_official,2026-06-08T21:46:27Z,bdl_lineup_freshness_manifest,,False,False,9.5,0.864,0.136,-635.0,635.0,16.9011,41.731,8.0,17.0,25.0,0.8011,0.8011,0.0629,full,ready,,build_derek_forward_feed:v1_model_only_plus_market_reference,ok
2026-06-08,2026-06-08,f4da0f14-6b9f-47b7-bcbc-f5ee557a11a1,morning_expected,2026-06-08T21:47:20Z,c6cc74a6,c6cc74a6#phase10c,challenger-2026-06-06,2026-06-08T21:47:16Z,161,De'Aaron Fox,SAS,NYK,21716136,,pts,14.5,starter,starter,True,,,,31.0015,,34.3368,,0.05,projected,not_available_yet,fallback_used,bdl_plus_nba_official,2026-06-08T21:46:27Z,bdl_lineup_freshness_manifest,,False,False,14.5,0.6521,0.3479,-187.0,187.0,16.9011,41.731,8.0,17.0,25.0,0.5203,0.5203,0.1318,full,ready,,build_derek_forward_feed:v1_model_only_plus_market_reference,ok
2026-06-08,2026-06-08,f4da0f14-6b9f-47b7-bcbc-f5ee557a11a1,morning_expected,2026-06-08T21:47:20Z,c6cc74a6,c6cc74a6#phase10c,challenger-2026-06-06,2026-06-08T21:47:16Z,161,De'Aaron Fox,SAS,NYK,21716136,,pts,14.5,starter,starter,True,,,,31.0015,,34.3368,,0.05,projected,not_available_yet,fallback_used,bdl_plus_nba_official,2026-06-08T21:46:27Z,bdl_lineup_freshness_manifest,,False,False,14.5,0.6521,0.3479,-187.0,187.0,16.9011,41.731,8.0,17.0,25.0,0.5203,0.5203,0.1318,full,ready,,build_derek_forward_feed:v1_model_only_plus_market_reference,ok
2026-06-08,2026-06-08,f4da0f14-6b9f-47b7-bcbc-f5ee557a11a1,morning_expected,2026-06-08T21:47:20Z,c6cc74a6,c6cc74a6#phase10c,challenger-2026-06-06,2026-06-08T21:47:16Z,161,De'Aaron Fox,SAS,NYK,21716136,,pts,14.5,starter,starter,True,,,,31.0015,,34.3368,,0.05,projected,not_available_yet,fallback_used,bdl_plus_nba_official,2026-06-08T21:46:27Z,bdl_lineup_freshness_manifest,,False,False,14.5,0.6521,0.3479,-187.0,187.0,16.9011,41.731,8.0,17.0,25.0,0.5209,0.5209,0.1313,full,ready,,build_derek_forward_feed:v1_model_only_plus_market_reference,ok
2026-06-08,2026-06-08,f4da0f14-6b9f-47b7-bcbc-f5ee557a11a1,morning_expected,2026-06-08T21:47:20Z,c6cc74a6,c6cc74a6#phase10c,challenger-2026-06-06,2026-06-08T21:47:16Z,161,De'Aaron Fox,SAS,NYK,21716136,,pts,14.5,starter,starter,True,,,,31.0015,,34.3368,,0.05,projected,not_available_yet,fallback_used,bdl_plus_nba_official,2026-06-08T21:46:27Z,bdl_lineup_freshness_manifest,,False,False,14.5,0.6521,0.3479,-187.0,187.0,16.9011,41.731,8.0,17.0,25.0,0.5203,0.5203,0.1318,full,ready,,build_derek_forward_feed:v1_model_only_plus_market_reference,ok
2026-06-08,2026-06-08,f4da0f14-6b9f-47b7-bcbc-f5ee557a11a1,morning_expected,2026-06-08T21:47:20Z,c6cc74a6,c6cc74a6#phase10c,challenger-2026-06-06,2026-06-08T21:47:16Z,161,De'Aaron Fox,SAS,NYK,21716136,,pts,15.5,starter,starter,True,,,,31.0015,,34.3368,,0.05,projected,not_available_yet,fallback_used,bdl_plus_nba_official,2026-06-08T21:46:27Z,bdl_lineup_freshness_manifest,,False,False,15.5,0.6002,0.3998,-150.0,150.0,16.9011,41.731,8.0,17.0,25.0,0.4554,0.4554,0.1448,full,ready,,build_derek_forward_feed:v1_model_only_plus_market_reference,ok
2026-06-08,2026-06-08,f4da0f14-6b9f-47b7-bcbc-f5ee557a11a1,morning_expected,2026-06-08T21:47:20Z,c6cc74a6,c6cc74a6#phase10c,challenger-2026-06-06,2026-06-08T21:47:16Z,161,De'Aaron Fox,SAS,NYK,21716136,,pts,13.5,starter,starter,True,,,,31.0015,,34.3368,,0.05,projected,not_available_yet,fallback_used,bdl_plus_nba_official,2026-06-08T21:46:27Z,bdl_lineup_freshness_manifest,,False,False,13.5,0.6975,0.3025,-231.0,231.0,16.9011,41.731,8.0,17.0,25.0,0.5752,0.5752,0.1223,full,ready,,build_derek_forward_feed:v1_model_only_plus_market_reference,ok
2026-06-08,2026-06-08,f4da0f14-6b9f-47b7-bcbc-f5ee557a11a1,morning_expected,2026-06-08T21:47:20Z,c6cc74a6,c6cc74a6#phase10c,challenger-2026-06-06,2026-06-08T21:47:16Z,161,De'Aaron Fox,SAS,NYK,21716136,,pts,14.5,starter,starter,True,,,,31.0015,,34.3368,,0.05,projected,not_available_yet,fallback_used,bdl_plus_nba_official,2026-06-08T21:46:27Z,bdl_lineup_freshness_manifest,,False,False,14.5,0.6521,0.3479,-187.0,187.0,16.9011,41.731,8.0,17.0,25.0,0.5,0.5,0.1521,full,ready,,build_derek_forward_feed:v1_model_only_plus_market_reference,ok
2026-06-08,2026-06-08,f4da0f14-6b9f-47b7-bcbc-f5ee557a11a1,morning_expected,2026-06-08T21:47:20Z,c6cc74a6,c6cc74a6#phase10c,challenger-2026-06-06,2026-06-08T21:47:16Z,161,De'Aaron Fox,SAS,NYK,21716136,,pts,14.5,starter,starter,True,,,,31.0015,,34.3368,,0.05,projected,not_available_yet,fallback_used,bdl_plus_nba_official,2026-06-08T21:46:27Z,bdl_lineup_freshness_manifest,,False,False,14.5,0.6521,0.3479,-187.0,187.0,16.9011,41.731,8.0,17.0,25.0,0.527,0.527,0.1252,full,ready,,build_derek_forward_feed:v1_model_only_plus_market_reference,ok
2026-06-08,2026-06-08,f4da0f14-6b9f-47b7-bcbc-f5ee557a11a1,morning_expected,2026-06-08T21:47:20Z,c6cc74a6,c6cc74a6#phase10c,challenger-2026-06-06,2026-06-08T21:47:16Z,161,De'Aaron Fox,SAS,NYK,21716136,,pts,15.5,starter,starter,True,,,,31.0015,,34.3368,,0.05,projected,not_available_yet,fallback_used,bdl_plus_nba_official,2026-06-08T21:46:27Z,bdl_lineup_freshness_manifest,,False,False,15.5,0.6002,0.3998,-150.0,150.0,16.9011,41.731,8.0,17.0,25.0,0.4589,0.4589,0.1414,full,ready,,build_derek_forward_feed:v1_model_only_plus_market_reference,ok
2026-06-08,2026-06-08,f4da0f14-6b9f-47b7-bcbc-f5ee557a11a1,morning_expected,2026-06-08T21:47:20Z,c6cc74a6,c6cc74a6#phase10c,challenger-2026-06-06,2026-06-08T21:47:16Z,161,De'Aaron Fox,SAS,NYK,21716136,,pts,14.5,starter,starter,True,,,,31.0015,,34.3368,,0.05,projected,not_available_yet,fallback_used,bdl_plus_nba_official,2026-06-08T21:46:27Z,bdl_lineup_freshness_manifest,,False,False,14.5,0.6521,0.3479,-187.0,187.0,16.9011,41.731,8.0,17.0,25.0,0.5231,0.5231,0.1291,full,ready,,build_derek_forward_feed:v1_model_only_plus_market_reference,ok
2026-06-08,2026-06-08,f4da0f14-6b9f-47b7-bcbc-f5ee557a11a1,morning_expected,2026-06-08T21:47:20Z,c6cc74a6,c6cc74a6#phase10c,challenger-2026-06-06,2026-06-08T21:47:16Z,161,De'Aaron Fox,SAS,NYK,21716136,,reb,3.5,starter,starter,True,,,,31.0015,,34.3368,,0.05,projected,not_available_yet,fallback_used,bdl_plus_nba_official,2026-06-08T21:46:27Z,bdl_lineup_freshness_manifest,,False,False,3.5,0.745,0.255,-292.0,292.0,4.5646,2.8856,2.0,4.0,7.0,0.4381,0.4381,0.3069,full,ready,,build_derek_forward_feed:v1_model_only_plus_market_reference,ok
2026-06-08,2026-06-08,f4da0f14-6b9f-47b7-bcbc-f5ee557a11a1,morning_expected,2026-06-08T21:47:20Z,c6cc74a6,c6cc74a6#phase10c,challenger-2026-06-06,2026-06-08T21:47:16Z,161,De'Aaron Fox,SAS,NYK,21716136,,reb,3.5,starter,starter,True,,,,31.0015,,34.3368,,0.05,projected,not_available_yet,fallback_used,bdl_plus_nba_official,2026-06-08T21:46:27Z,bdl_lineup_freshness_manifest,,False,False,3.5,0.745,0.255,-292.0,292.0,4.5646,2.8856,2.0,4.0,7.0,0.4456,0.4456,0.2994,full,ready,,build_derek_forward_feed:v1_model_only_plus_market_reference,ok
2026-06-08,2026-06-08,f4da0f14-6b9f-47b7-bcbc-f5ee557a11a1,morning_expected,2026-06-08T21:47:20Z,c6cc74a6,c6cc74a6#phase10c,challenger-2026-06-06,2026-06-08T21:47:16Z,161,De'Aaron Fox,SAS,NYK,21716136,,reb,5.5,starter,starter,True,,,,31.0015,,34.3368,,0.05,projected,not_available_yet,fallback_used,bdl_plus_nba_official,2026-06-08T21:46:27Z,bdl_lineup_freshness_manifest,,False,False,5.5,0.2814,0.7186,255.0,-255.0,4.5646,2.8856,2.0,4.0,7.0,0.1507,0.1507,0.1307,full,ready,,build_derek_forward_feed:v1_model_only_plus_market_reference,ok
2026-06-08,2026-06-08,f4da0f14-6b9f-47b7-bcbc-f5ee557a11a1,morning_expected,2026-06-08T21:47:20Z,c6cc74a6,c6cc74a6#phase10c,challenger-2026-06-06,2026-06-08T21:47:16Z,161,De'Aaron Fox,SAS,NYK,21716136,,reb,4.5,starter,starter,True,,,,31.0015,,34.3368,,0.05,projected,not_available_yet,fallback_used,bdl_plus_nba_official,2026-06-08T21:46:27Z,bdl_lineup_freshness_manifest,,False,False,4.5,0.4924,0.5076,103.0,-103.0,4.5646,2.8856,2.0,4.0,7.0,0.2744,0.2744,0.218,full,ready,,build_derek_forward_feed:v1_model_only_plus_market_reference,ok
2026-06-08,2026-06-08,f4da0f14-6b9f-47b7-bcbc-f5ee557a11a1,morning_expected,2026-06-08T21:47:20Z,c6cc74a6,c6cc74a6#phase10c,challenger-2026-06-06,2026-06-08T21:47:16Z,161,De'Aaron Fox,SAS,NYK,21716136,,reb,2.5,starter,starter,True,,,,31.0015,,34.3368,,0.05,projected,not_available_yet,fallback_used,bdl_plus_nba_official,2026-06-08T21:46:27Z,bdl_lineup_freshness_manifest,,False,False,2.5,0.8848,0.1152,-768.0,768.0,4.5646,2.8856,2.0,4.0,7.0,0.6592,0.6592,0.2257,full,ready,,build_derek_forward_feed:v1_model_only_plus_market_reference,ok
2026-06-08,2026-06-08,f4da0f14-6b9f-47b7-bcbc-f5ee557a11a1,morning_expected,2026-06-08T21:47:20Z,c6cc74a6,c6cc74a6#phase10c,challenger-2026-06-06,2026-06-08T21:47:16Z,161,De'Aaron Fox,SAS,NYK,21716136,,reb,1.5,starter,starter,True,,,,31.0015,,34.3368,,0.05,projected,not_available_yet,fallback_used,bdl_plus_nba_official,2026-06-08T21:46:27Z,bdl_lineup_freshness_manifest,,False,False,1.5,0.9746,0.0254,-3830.0,3830.0,4.5646,2.8856,2.0,4.0,7.0,0.8302,0.8302,0.1444,full,ready,,build_derek_forward_feed:v1_model_only_plus_market_reference,ok
2026-06-08,2026-06-08,f4da0f14-6b9f-47b7-bcbc-f5ee557a11a1,morning_expected,2026-06-08T21:47:20Z,c6cc74a6,c6cc74a6#phase10c,challenger-2026-06-06,2026-06-08T21:47:16Z,161,De'Aaron Fox,SAS,NYK,21716136,,reb,3.5,starter,starter,True,,,,31.0015,,34.3368,,0.05,projected,not_available_yet,fallback_used,bdl_plus_nba_official,2026-06-08T21:46:27Z,bdl_lineup_freshness_manifest,,False,False,3.5,0.745,0.255,-292.0,292.0,4.5646,2.8856,2.0,4.0,7.0,0.4653,0.4653,0.2797,full,ready,,build_derek_forward_feed:v1_model_only_plus_market_reference,ok
2026-06-08,2026-06-08,f4da0f14-6b9f-47b7-bcbc-f5ee557a11a1,morning_expected,2026-06-08T21:47:20Z,c6cc74a6,c6cc74a6#phase10c,challenger-2026-06-06,2026-06-08T21:47:16Z,161,De'Aaron Fox,SAS,NYK,21716136,,reb,3.5,starter,starter,True,,,,31.0015,,34.3368,,0.05,projected,not_available_yet,fallback_used,bdl_plus_nba_official,2026-06-08T21:46:27Z,bdl_lineup_freshness_manifest,,False,False,3.5,0.745,0.255,-292.0,292.0,4.5646,2.8856,2.0,4.0,7.0,0.4346,0.4346,0.3104,full,ready,,build_derek_forward_feed:v1_model_only_plus_market_reference,ok
2026-06-08,2026-06-08,f4da0f14-6b9f-47b7-bcbc-f5ee557a11a1,morning_expected,2026-06-08T21:47:20Z,c6cc74a6,c6cc74a6#phase10c,challenger-2026-06-06,2026-06-08T21:47:16Z,161,De'Aaron Fox,SAS,NYK,21716136,,reb,3.5,starter,starter,True,,,,31.0015,,34.3368,,0.05,projected,not_available_yet,fallback_used,bdl_plus_nba_official,2026-06-08T21:46:27Z,bdl_lineup_freshness_manifest,,False,False,3.5,0.745,0.255,-292.0,292.0,4.5646,2.8856,2.0,4.0,7.0,0.4523,0.4523,0.2927,full,ready,,build_derek_forward_feed:v1_model_only_plus_market_reference,ok
2026-06-08,2026-06-08,f4da0f14-6b9f-47b7-bcbc-f5ee557a11a1,morning_expected,2026-06-08T21:47:20Z,c6cc74a6,c6cc74a6#phase10c,challenger-2026-06-06,2026-06-08T21:47:16Z,161,De'Aaron Fox,SAS,NYK,21716136,,reb,2.5,starter,starter,True,,,,31.0015,,34.3368,,0.05,projected,not_available_yet,fallback_used,bdl_plus_nba_official,2026-06-08T21:46:27Z,bdl_lineup_freshness_manifest,,False,False,2.5,0.8848,0.1152,-768.0,768.0,4.5646,2.8856,2.0,4.0,7.0,0.6334,0.6334,0.2515,full,ready,,build_derek_forward_feed:v1_model_only_plus_market_reference,ok
2026-06-08,2026-06-08,f4da0f14-6b9f-47b7-bcbc-f5ee557a11a1,morning_expected,2026-06-08T21:47:20Z,c6cc74a6,c6cc74a6#phase10c,challenger-2026-06-06,2026-06-08T21:47:16Z,161,De'Aaron Fox,SAS,NYK,21716136,,reb,3.5,starter,starter,True,,,,31.0015,,34.3368,,0.05,projected,not_available_yet,fallback_used,bdl_plus_nba_official,2026-06-08T21:46:27Z,bdl_lineup_freshness_manifest,,False,False,3.5,0.745,0.255,-292.0,292.0,4.5646,2.8856,2.0,4.0,7.0,0.4459,0.4459,0.2992,full,ready,,build_derek_forward_feed:v1_model_only_plus_market_reference,ok
2026-06-08,2026-06-08,f4da0f14-6b9f-47b7-bcbc-f5ee557a11a1,morning_expected,2026-06-08T21:47:20Z,c6cc74a6,c6cc74a6#phase10c,challenger-2026-06-06,2026-06-08T21:47:16Z,161,De'Aaron Fox,SAS,NYK,21716136,,reb,3.5,starter,starter,True,,,,31.0015,,34.3368,,0.05,projected,not_available_yet,fallback_used,bdl_plus_nba_official,2026-06-08T21:46:27Z,bdl_lineup_freshness_manifest,,False,False,3.5,0.745,0.255,-292.0,292.0,4.5646,2.8856,2.0,4.0,7.0,0.4532,0.4532,0.2918,full,ready,,build_derek_forward_feed:v1_model_only_plus_market_reference,ok
2026-06-08,2026-06-08,f4da0f14-6b9f-47b7-bcbc-f5ee557a11a1,morning_expected,2026-06-08T21:47:20Z,c6cc74a6,c6cc74a6#phase10c,challenger-2026-06-06,2026-06-08T21:47:16Z,161,De'Aaron Fox,SAS,NYK,21716136,,reb,3.5,starter,starter,True,,,,31.0015,,34.3368,,0.05,projected,not_available_yet,fallback_used,bdl_plus_nba_official,2026-06-08T21:46:27Z,bdl_lineup_freshness_manifest,,False,False,3.5,0.745,0.255,-292.0,292.0,4.5646,2.8856,2.0,4.0,7.0,0.4532,0.4532,0.2918,full,ready,,build_derek_forward_feed:v1_model_only_plus_market_reference,ok
2026-06-08,2026-06-08,f4da0f14-6b9f-47b7-bcbc-f5ee557a11a1,morning_expected,2026-06-08T21:47:20Z,c6cc74a6,c6cc74a6#phase10c,challenger-2026-06-06,2026-06-08T21:47:16Z,161,De'Aaron Fox,SAS,NYK,21716136,,reb,3.5,starter,starter,True,,,,31.0015,,34.3368,,0.05,projected,not_available_yet,fallback_used,bdl_plus_nba_official,2026-06-08T21:46:27Z,bdl_lineup_freshness_manifest,,False,False,3.5,0.745,0.255,-292.0,292.0,4.5646,2.8856,2.0,4.0,7.0,0.4532,0.4532,0.2918,full,ready,,build_derek_forward_feed:v1_model_only_plus_market_reference,ok
2026-06-08,2026-06-08,f4da0f14-6b9f-47b7-bcbc-f5ee557a11a1,morning_expected,2026-06-08T21:47:20Z,c6cc74a6,c6cc74a6#phase10c,challenger-2026-06-06,2026-06-08T21:47:16Z,161,De'Aaron Fox,SAS,NYK,21716136,,reb,3.5,starter,starter,True,,,,31.0015,,34.3368,,0.05,projected,not_available_yet,fallback_used,bdl_plus_nba_official,2026-06-08T21:46:27Z,bdl_lineup_freshness_manifest,,False,False,3.5,0.745,0.255,-292.0,292.0,4.5646,2.8856,2.0,4.0,7.0,0.4468,0.4468,0.2982,full,ready,,build_derek_forward_feed:v1_model_only_plus_market_reference,ok
2026-06-08,2026-06-08,f4da0f14-6b9f-47b7-bcbc-f5ee557a11a1,morning_expected,2026-06-08T21:47:20Z,c6cc74a6,c6cc74a6#phase10c,challenger-2026-06-06,2026-06-08T21:47:16Z,161,De'Aaron Fox,SAS,NYK,21716136,,reb,2.5,starter,starter,True,,,,31.0015,,34.3368,,0.05,projected,not_available_yet,fallback_used,bdl_plus_nba_official,2026-06-08T21:46:27Z,bdl_lineup_freshness_manifest,,False,False,2.5,0.8848,0.1152,-768.0,768.0,4.5646,2.8856,2.0,4.0,7.0,0.6472,0.6472,0.2376,full,ready,,build_derek_forward_feed:v1_model_only_plus_market_reference,ok
2026-06-08,2026-06-08,f4da0f14-6b9f-47b7-bcbc-f5ee557a11a1,morning_expected,2026-06-08T21:47:20Z,c6cc74a6,c6cc74a6#phase10c,challenger-2026-06-06,2026-06-08T21:47:16Z,161,De'Aaron Fox,SAS,NYK,21716136,,reb,3.5,starter,starter,True,,,,31.0015,,34.3368,,0.05,projected,not_available_yet,fallback_used,bdl_plus_nba_official,2026-06-08T21:46:27Z,bdl_lineup_freshness_manifest,,False,False,3.5,0.745,0.255,-292.0,292.0,4.5646,2.8856,2.0,4.0,7.0,0.4459,0.4459,0.2992,full,ready,,build_derek_forward_feed:v1_model_only_plus_market_reference,ok
2026-06-08,2026-06-08,f4da0f14-6b9f-47b7-bcbc-f5ee557a11a1,morning_expected,2026-06-08T21:47:20Z,c6cc74a6,c6cc74a6#phase10c,challenger-2026-06-06,2026-06-08T21:47:16Z,161,De'Aaron Fox,SAS,NYK,21716136,,reb,4.5,starter,starter,True,,,,31.0015,,34.3368,,0.05,projected,not_available_yet,fallback_used,bdl_plus_nba_official,2026-06-08T21:46:27Z,bdl_lineup_freshness_manifest,,False,False,4.5,0.4924,0.5076,103.0,-103.0,4.5646,2.8856,2.0,4.0,7.0,0.2869,0.2869,0.2055,full,ready,,build_derek_forward_feed:v1_model_only_plus_market_reference,ok
2026-06-08,2026-06-08,f4da0f14-6b9f-47b7-bcbc-f5ee557a11a1,morning_expected,2026-06-08T21:47:20Z,c6cc74a6,c6cc74a6#phase10c,challenger-2026-06-06,2026-06-08T21:47:16Z,161,De'Aaron Fox,SAS,NYK,21716136,,reb,3.5,starter,starter,True,,,,31.0015,,34.3368,,0.05,projected,not_available_yet,fallback_used,bdl_plus_nba_official,2026-06-08T21:46:27Z,bdl_lineup_freshness_manifest,,False,False,3.5,0.745,0.255,-292.0,292.0,4.5646,2.8856,2.0,4.0,7.0,0.4323,0.4323,0.3127,full,ready,,build_derek_forward_feed:v1_model_only_plus_market_reference,ok
2026-06-08,2026-06-08,f4da0f14-6b9f-47b7-bcbc-f5ee557a11a1,morning_expected,2026-06-08T21:47:20Z,c6cc74a6,c6cc74a6#phase10c,challenger-2026-06-06,2026-06-08T21:47:16Z,161,De'Aaron Fox,SAS,NYK,21716136,,reb,3.5,starter,starter,True,,,,31.0015,,34.3368,,0.05,projected,not_available_yet,fallback_used,bdl_plus_nba_official,2026-06-08T21:46:27Z,bdl_lineup_freshness_manifest,,False,False,3.5,0.745,0.255,-292.0,292.0,4.5646,2.8856,2.0,4.0,7.0,0.4579,0.4579,0.2871,full,ready,,build_derek_forward_feed:v1_model_only_plus_market_reference,ok
2026-06-08,2026-06-08,f4da0f14-6b9f-47b7-bcbc-f5ee557a11a1,morning_expected,2026-06-08T21:47:20Z,c6cc74a6,c6cc74a6#phase10c,challenger-2026-06-06,2026-06-08T21:47:16Z,161,De'Aaron Fox,SAS,NYK,21716136,,ast,5.5,starter,starter,True,,,,31.0015,,34.3368,,0.05,projected,not_available_yet,fallback_used,bdl_plus_nba_official,2026-06-08T21:46:27Z,bdl_lineup_freshness_manifest,,False,False,5.5,0.4267,0.5733,134.0,-134.0,5.1908,2.8373,3.0,5.0,7.0,0.5575,0.5575,-0.1308,full,ready,,build_derek_forward_feed:v1_model_only_plus_market_reference,ok
2026-06-08,2026-06-08,f4da0f14-6b9f-47b7-bcbc-f5ee557a11a1,morning_expected,2026-06-08T21:47:20Z,c6cc74a6,c6cc74a6#phase10c,challenger-2026-06-06,2026-06-08T21:47:16Z,161,De'Aaron Fox,SAS,NYK,21716136,,ast,5.5,starter,starter,True,,,,31.0015,,34.3368,,0.05,projected,not_available_yet,fallback_used,bdl_plus_nba_official,2026-06-08T21:46:27Z,bdl_lineup_freshness_manifest,,False,False,5.5,0.4267,0.5733,134.0,-134.0,5.1908,2.8373,3.0,5.0,7.0,0.5446,0.5446,-0.1179,full,ready,,build_derek_forward_feed:v1_model_only_plus_market_reference,ok
2026-06-08,2026-06-08,f4da0f14-6b9f-47b7-bcbc-f5ee557a11a1,morning_expected,2026-06-08T21:47:20Z,c6cc74a6,c6cc74a6#phase10c,challenger-2026-06-06,2026-06-08T21:47:16Z,161,De'Aaron Fox,SAS,NYK,21716136,,ast,6.5,starter,starter,True,,,,31.0015,,34.3368,,0.05,projected,not_available_yet,fallback_used,bdl_plus_nba_official,2026-06-08T21:46:27Z,bdl_lineup_freshness_manifest,,False,False,6.5,0.2132,0.7868,369.0,-369.0,5.1908,2.8373,3.0,5.0,7.0,0.4165,0.4165,-0.2033,full,ready,,build_derek_forward_feed:v1_model_only_plus_market_reference,ok
2026-06-08,2026-06-08,f4da0f14-6b9f-47b7-bcbc-f5ee557a11a1,morning_expected,2026-06-08T21:47:20Z,c6cc74a6,c6cc74a6#phase10c,challenger-2026-06-06,2026-06-08T21:47:16Z,161,De'Aaron Fox,SAS,NYK,21716136,,ast,5.5,starter,starter,True,,,,31.0015,,34.3368,,0.05,projected,not_available_yet,fallback_used,bdl_plus_nba_official,2026-06-08T21:46:27Z,bdl_lineup_freshness_manifest,,False,False,5.5,0.4267,0.5733,134.0,-134.0,5.1908,2.8373,3.0,5.0,7.0,0.5541,0.5541,-0.1275,full,ready,,build_derek_forward_feed:v1_model_only_plus_market_reference,ok
2026-06-08,2026-06-08,f4da0f14-6b9f-47b7-bcbc-f5ee557a11a1,morning_expected,2026-06-08T21:47:20Z,c6cc74a6,c6cc74a6#phase10c,challenger-2026-06-06,2026-06-08T21:47:16Z,161,De'Aaron Fox,SAS,NYK,21716136,,ast,5.5,starter,starter,True,,,,31.0015,,34.3368,,0.05,projected,not_available_yet,fallback_used,bdl_plus_nba_official,2026-06-08T21:46:27Z,bdl_lineup_freshness_manifest,,False,False,5.5,0.4267,0.5733,134.0,-134.0,5.1908,2.8373,3.0,5.0,7.0,0.5302,0.5302,-0.1035,full,ready,,build_derek_forward_feed:v1_model_only_plus_market_reference,ok
2026-06-08,2026-06-08,f4da0f14-6b9f-47b7-bcbc-f5ee557a11a1,morning_expected,2026-06-08T21:47:20Z,c6cc74a6,c6cc74a6#phase10c,challenger-2026-06-06,2026-06-08T21:47:16Z,161,De'Aaron Fox,SAS,NYK,21716136,,ast,8.5,starter,starter,True,,,,31.0015,,34.3368,,0.05,projected,not_available_yet,fallback_used,bdl_plus_nba_official,2026-06-08T21:46:27Z,bdl_lineup_freshness_manifest,,False,False,8.5,0.0191,0.9809,5124.0,-5124.0,5.1908,2.8373,3.0,5.0,7.0,0.1698,0.1698,-0.1507,full,ready,,build_derek_forward_feed:v1_model_only_plus_market_reference,ok
2026-06-08,2026-06-08,f4da0f14-6b9f-47b7-bcbc-f5ee557a11a1,morning_expected,2026-06-08T21:47:20Z,c6cc74a6,c6cc74a6#phase10c,challenger-2026-06-06,2026-06-08T21:47:16Z,161,De'Aaron Fox,SAS,NYK,21716136,,ast,7.5,starter,starter,True,,,,31.0015,,34.3368,,0.05,projected,not_available_yet,fallback_used,bdl_plus_nba_official,2026-06-08T21:46:27Z,bdl_lineup_freshness_manifest,,False,False,7.5,0.088,0.912,1037.0,-1037.0,5.1908,2.8373,3.0,5.0,7.0,0.2597,0.2597,-0.1718,full,ready,,build_derek_forward_feed:v1_model_only_plus_market_reference,ok
2026-06-08,2026-06-08,f4da0f14-6b9f-47b7-bcbc-f5ee557a11a1,morning_expected,2026-06-08T21:47:20Z,c6cc74a6,c6cc74a6#phase10c,challenger-2026-06-06,2026-06-08T21:47:16Z,161,De'Aaron Fox,SAS,NYK,21716136,,ast,6.5,starter,starter,True,,,,31.0015,,34.3368,,0.05,projected,not_available_yet,fallback_used,bdl_plus_nba_official,2026-06-08T21:46:27Z,bdl_lineup_freshness_manifest,,False,False,6.5,0.2132,0.7868,369.0,-369.0,5.1908,2.8373,3.0,5.0,7.0,0.3831,0.3831,-0.17,full,ready,,build_derek_forward_feed:v1_model_only_plus_market_reference,ok
2026-06-08,2026-06-08,f4da0f14-6b9f-47b7-bcbc-f5ee557a11a1,morning_expected,2026-06-08T21:47:20Z,c6cc74a6,c6cc74a6#phase10c,challenger-2026-06-06,2026-06-08T21:47:16Z,161,De'Aaron Fox,SAS,NYK,21716136,,ast,5.5,starter,starter,True,,,,31.0015,,34.3368,,0.05,projected,not_available_yet,fallback_used,bdl_plus_nba_official,2026-06-08T21:46:27Z,bdl_lineup_freshness_manifest,,False,False,5.5,0.4267,0.5733,134.0,-134.0,5.1908,2.8373,3.0,5.0,7.0,0.5404,0.5404,-0.1137,full,ready,,build_derek_forward_feed:v1_model_only_plus_market_reference,ok
2026-06-08,2026-06-08,f4da0f14-6b9f-47b7-bcbc-f5ee557a11a1,morning_expected,2026-06-08T21:47:20Z,c6cc74a6,c6cc74a6#phase10c,challenger-2026-06-06,2026-06-08T21:47:16Z,161,De'Aaron Fox,SAS,NYK,21716136,,ast,4.5,starter,starter,True,,,,31.0015,,34.3368,,0.05,projected,not_available_yet,fallback_used,bdl_plus_nba_official,2026-06-08T21:46:27Z,bdl_lineup_freshness_manifest,,False,False,4.5,0.6473,0.3527,-184.0,184.0,5.1908,2.8373,3.0,5.0,7.0,0.694,0.694,-0.0467,full,ready,,build_derek_forward_feed:v1_model_only_plus_market_reference,ok
2026-06-08,2026-06-08,f4da0f14-6b9f-47b7-bcbc-f5ee557a11a1,morning_expected,2026-06-08T21:47:20Z,c6cc74a6,c6cc74a6#phase10c,challenger-2026-06-06,2026-06-08T21:47:16Z,161,De'Aaron Fox,SAS,NYK,21716136,,ast,3.5,starter,starter,True,,,,31.0015,,34.3368,,0.05,projected,not_available_yet,fallback_used,bdl_plus_nba_official,2026-06-08T21:46:27Z,bdl_lineup_freshness_manifest,,False,False,3.5,0.8549,0.1451,-589.0,589.0,5.1908,2.8373,3.0,5.0,7.0,0.8161,0.8161,0.0388,full,ready,,build_derek_forward_feed:v1_model_only_plus_market_reference,ok
2026-06-08,2026-06-08,f4da0f14-6b9f-47b7-bcbc-f5ee557a11a1,morning_expected,2026-06-08T21:47:20Z,c6cc74a6,c6cc74a6#phase10c,challenger-2026-06-06,2026-06-08T21:47:16Z,161,De'Aaron Fox,SAS,NYK,21716136,,ast,5.5,starter,starter,True,,,,31.0015,,34.3368,,0.05,projected,not_available_yet,fallback_used,bdl_plus_nba_official,2026-06-08T21:46:27Z,bdl_lineup_freshness_manifest,,False,False,5.5,0.4267,0.5733,134.0,-134.0,5.1908,2.8373,3.0,5.0,7.0,0.5523,0.5523,-0.1256,full,ready,,build_derek_forward_feed:v1_model_only_plus_market_reference,ok
2026-06-08,2026-06-08,f4da0f14-6b9f-47b7-bcbc-f5ee557a11a1,morning_expected,2026-06-08T21:47:20Z,c6cc74a6,c6cc74a6#phase10c,challenger-2026-06-06,2026-06-08T21:47:16Z,161,De'Aaron Fox,SAS,NYK,21716136,,ast,5.5,starter,starter,True,,,,31.0015,,34.3368,,0.05,projected,not_available_yet,fallback_used,bdl_plus_nba_official,2026-06-08T21:46:27Z,bdl_lineup_freshness_manifest,,False,False,5.5,0.4267,0.5733,134.0,-134.0,5.1908,2.8373,3.0,5.0,7.0,0.5506,0.5506,-0.1239,full,ready,,build_derek_forward_feed:v1_model_only_plus_market_reference,ok
2026-06-08,2026-06-08,f4da0f14-6b9f-47b7-bcbc-f5ee557a11a1,morning_expected,2026-06-08T21:47:20Z,c6cc74a6,c6cc74a6#phase10c,challenger-2026-06-06,2026-06-08T21:47:16Z,161,De'Aaron Fox,SAS,NYK,21716136,,ast,5.5,starter,starter,True,,,,31.0015,,34.3368,,0.05,projected,not_available_yet,fallback_used,bdl_plus_nba_official,2026-06-08T21:46:27Z,bdl_lineup_freshness_manifest,,False,False,5.5,0.4267,0.5733,134.0,-134.0,5.1908,2.8373,3.0,5.0,7.0,0.5459,0.5459,-0.1193,full,ready,,build_derek_forward_feed:v1_model_only_plus_market_reference,ok
2026-06-08,2026-06-08,f4da0f14-6b9f-47b7-bcbc-f5ee557a11a1,morning_expected,2026-06-08T21:47:20Z,c6cc74a6,c6cc74a6#phase10c,challenger-2026-06-06,2026-06-08T21:47:16Z,161,De'Aaron Fox,SAS,NYK,21716136,,ast,5.5,starter,starter,True,,,,31.0015,,34.3368,,0.05,projected,not_available_yet,fallback_used,bdl_plus_nba_official,2026-06-08T21:46:27Z,bdl_lineup_freshness_manifest,,False,False,5.5,0.4267,0.5733,134.0,-134.0,5.1908,2.8373,3.0,5.0,7.0,0.5506,0.5506,-0.1239,full,ready,,build_derek_forward_feed:v1_model_only_plus_market_reference,ok
2026-06-08,2026-06-08,f4da0f14-6b9f-47b7-bcbc-f5ee557a11a1,morning_expected,2026-06-08T21:47:20Z,c6cc74a6,c6cc74a6#phase10c,challenger-2026-06-06,2026-06-08T21:47:16Z,161,De'Aaron Fox,SAS,NYK,21716136,,ast,5.5,starter,starter,True,,,,31.0015,,34.3368,,0.05,projected,not_available_yet,fallback_used,bdl_plus_nba_official,2026-06-08T21:46:27Z,bdl_lineup_freshness_manifest,,False,False,5.5,0.4267,0.5733,134.0,-134.0,5.1908,2.8373,3.0,5.0,7.0,0.5323,0.5323,-0.1056,full,ready,,build_derek_forward_feed:v1_model_only_plus_market_reference,ok
2026-06-08,2026-06-08,f4da0f14-6b9f-47b7-bcbc-f5ee557a11a1,morning_expected,2026-06-08T21:47:20Z,c6cc74a6,c6cc74a6#phase10c,challenger-2026-06-06,2026-06-08T21:47:16Z,161,De'Aaron Fox,SAS,NYK,21716136,,ast,4.5,starter,starter,True,,,,31.0015,,34.3368,,0.05,projected,not_available_yet,fallback_used,bdl_plus_nba_official,2026-06-08T21:46:27Z,bdl_lineup_freshness_manifest,,False,False,4.5,0.6473,0.3527,-184.0,184.0,5.1908,2.8373,3.0,5.0,7.0,0.6875,0.6875,-0.0402,full,ready,,build_derek_forward_feed:v1_model_only_plus_market_reference,ok
2026-06-08,2026-06-08,f4da0f14-6b9f-47b7-bcbc-f5ee557a11a1,morning_expected,2026-06-08T21:47:20Z,c6cc74a6,c6cc74a6#phase10c,challenger-2026-06-06,2026-06-08T21:47:16Z,161,De'Aaron Fox,SAS,NYK,21716136,,ast,5.5,starter,starter,True,,,,31.0015,,34.3368,,0.05,projected,not_available_yet,fallback_used,bdl_plus_nba_official,2026-06-08T21:46:27Z,bdl_lineup_freshness_manifest,,False,False,5.5,0.4267,0.5733,134.0,-134.0,5.1908,2.8373,3.0,5.0,7.0,0.5446,0.5446,-0.1179,full,ready,,build_derek_forward_feed:v1_model_only_plus_market_reference,ok
2026-06-08,2026-06-08,f4da0f14-6b9f-47b7-bcbc-f5ee557a11a1,morning_expected,2026-06-08T21:47:20Z,c6cc74a6,c6cc74a6#phase10c,challenger-2026-06-06,2026-06-08T21:47:16Z,161,De'Aaron Fox,SAS,NYK,21716136,,ast,6.5,starter,starter,True,,,,31.0015,,34.3368,,0.05,projected,not_available_yet,fallback_used,bdl_plus_nba_official,2026-06-08T21:46:27Z,bdl_lineup_freshness_manifest,,False,False,6.5,0.2132,0.7868,369.0,-369.0,5.1908,2.8373,3.0,5.0,7.0,0.4085,0.4085,-0.1953,full,ready,,build_derek_forward_feed:v1_model_only_plus_market_reference,ok
2026-06-08,2026-06-08,f4da0f14-6b9f-47b7-bcbc-f5ee557a11a1,morning_expected,2026-06-08T21:47:20Z,c6cc74a6,c6cc74a6#phase10c,challenger-2026-06-06,2026-06-08T21:47:16Z,161,De'Aaron Fox,SAS,NYK,21716136,,ast,5.5,starter,starter,True,,,,31.0015,,34.3368,,0.05,projected,not_available_yet,fallback_used,bdl_plus_nba_official,2026-06-08T21:46:27Z,bdl_lineup_freshness_manifest,,False,False,5.5,0.4267,0.5733,134.0,-134.0,5.1908,2.8373,3.0,5.0,7.0,0.5506,0.5506,-0.1239,full,ready,,build_derek_forward_feed:v1_model_only_plus_market_reference,ok
2026-06-08,2026-06-08,f4da0f14-6b9f-47b7-bcbc-f5ee557a11a1,morning_expected,2026-06-08T21:47:20Z,c6cc74a6,c6cc74a6#phase10c,challenger-2026-06-06,2026-06-08T21:47:16Z,161,De'Aaron Fox,SAS,NYK,21716136,,ast,5.5,starter,starter,True,,,,31.0015,,34.3368,,0.05,projected,not_available_yet,fallback_used,bdl_plus_nba_official,2026-06-08T21:46:27Z,bdl_lineup_freshness_manifest,,False,False,5.5,0.4267,0.5733,134.0,-134.0,5.1908,2.8373,3.0,5.0,7.0,0.5516,0.5516,-0.1249,full,ready,,build_derek_forward_feed:v1_model_only_plus_market_reference,ok
2026-06-08,2026-06-08,f4da0f14-6b9f-47b7-bcbc-f5ee557a11a1,morning_expected,2026-06-08T21:47:20Z,c6cc74a6,c6cc74a6#phase10c,challenger-2026-06-06,2026-06-08T21:47:16Z,161,De'Aaron Fox,SAS,NYK,21716136,,fg3m,1.5,starter,starter,True,,,,31.0015,,34.3368,,0.05,projected,not_available_yet,fallback_used,bdl_plus_nba_official,2026-06-08T21:46:27Z,bdl_lineup_freshness_manifest,,False,False,1.5,0.4219,0.5781,137.0,-137.0,1.4095,2.0935,0.0,1.0,4.0,0.4192,0.4192,0.0026,full,ready,,build_derek_forward_feed:v1_model_only_plus_market_reference,ok
2026-06-08,2026-06-08,f4da0f14-6b9f-47b7-bcbc-f5ee557a11a1,morning_expected,2026-06-08T21:47:20Z,c6cc74a6,c6cc74a6#phase10c,challenger-2026-06-06,2026-06-08T21:47:16Z,161,De'Aaron Fox,SAS,NYK,21716136,,fg3m,1.5,starter,starter,True,,,,31.0015,,34.3368,,0.05,projected,not_available_yet,fallback_used,bdl_plus_nba_official,2026-06-08T21:46:27Z,bdl_lineup_freshness_manifest,,False,False,1.5,0.4219,0.5781,137.0,-137.0,1.4095,2.0935,0.0,1.0,4.0,0.4138,0.4138,0.008,full,ready,,build_derek_forward_feed:v1_model_only_plus_market_reference,ok
2026-06-08,2026-06-08,f4da0f14-6b9f-47b7-bcbc-f5ee557a11a1,morning_expected,2026-06-08T21:47:20Z,c6cc74a6,c6cc74a6#phase10c,challenger-2026-06-06,2026-06-08T21:47:16Z,161,De'Aaron Fox,SAS,NYK,21716136,,fg3m,2.5,starter,starter,True,,,,31.0015,,34.3368,,0.05,projected,not_available_yet,fallback_used,bdl_plus_nba_official,2026-06-08T21:46:27Z,bdl_lineup_freshness_manifest,,False,False,2.5,0.2398,0.7602,317.0,-317.0,1.4095,2.0935,0.0,1.0,4.0,0.1875,0.1875,0.0523,full,ready,,build_derek_forward_feed:v1_model_only_plus_market_reference,ok
2026-06-08,2026-06-08,f4da0f14-6b9f-47b7-bcbc-f5ee557a11a1,morning_expected,2026-06-08T21:47:20Z,c6cc74a6,c6cc74a6#phase10c,challenger-2026-06-06,2026-06-08T21:47:16Z,161,De'Aaron Fox,SAS,NYK,21716136,,fg3m,0.5,starter,starter,True,,,,31.0015,,34.3368,,0.05,projected,not_available_yet,fallback_used,bdl_plus_nba_official,2026-06-08T21:46:27Z,bdl_lineup_freshness_manifest,,False,False,0.5,0.6032,0.3968,-152.0,152.0,1.4095,2.0935,0.0,1.0,4.0,0.7465,0.7465,-0.1433,full,ready,,build_derek_forward_feed:v1_model_only_plus_market_reference,ok
2026-06-08,2026-06-08,f4da0f14-6b9f-47b7-bcbc-f5ee557a11a1,morning_expected,2026-06-08T21:47:20Z,c6cc74a6,c6cc74a6#phase10c,challenger-2026-06-06,2026-06-08T21:47:16Z,161,De'Aaron Fox,SAS,NYK,21716136,,fg3m,1.5,starter,starter,True,,,,31.0015,,34.3368,,0.05,projected,not_available_yet,fallback_used,bdl_plus_nba_official,2026-06-08T21:46:27Z,bdl_lineup_freshness_manifest,,False,False,1.5,0.4219,0.5781,137.0,-137.0,1.4095,2.0935,0.0,1.0,4.0,0.4165,0.4165,0.0054,full,ready,,build_derek_forward_feed:v1_model_only_plus_market_reference,ok
2026-06-08,2026-06-08,f4da0f14-6b9f-47b7-bcbc-f5ee557a11a1,morning_expected,2026-06-08T21:47:20Z,c6cc74a6,c6cc74a6#phase10c,challenger-2026-06-06,2026-06-08T21:47:16Z,161,De'Aaron Fox,SAS,NYK,21716136,,fg3m,1.5,starter,starter,True,,,,31.0015,,34.3368,,0.05,projected,not_available_yet,fallback_used,bdl_plus_nba_official,2026-06-08T21:46:27Z,bdl_lineup_freshness_manifest,,False,False,1.5,0.4219,0.5781,137.0,-137.0,1.4095,2.0935,0.0,1.0,4.0,0.4462,0.4462,-0.0243,full,ready,,build_derek_forward_feed:v1_model_only_plus_market_reference,ok
2026-06-08,2026-06-08,f4da0f14-6b9f-47b7-bcbc-f5ee557a11a1,morning_expected,2026-06-08T21:47:20Z,c6cc74a6,c6cc74a6#phase10c,challenger-2026-06-06,2026-06-08T21:47:16Z,161,De'Aaron Fox,SAS,NYK,21716136,,fg3m,1.5,starter,starter,True,,,,31.0015,,34.3368,,0.05,projected,not_available_yet,fallback_used,bdl_plus_nba_official,2026-06-08T21:46:27Z,bdl_lineup_freshness_manifest,,False,False,1.5,0.4219,0.5781,137.0,-137.0,1.4095,2.0935,0.0,1.0,4.0,0.4318,0.4318,-0.01,full,ready,,build_derek_forward_feed:v1_model_only_plus_market_reference,ok
2026-06-08,2026-06-08,f4da0f14-6b9f-47b7-bcbc-f5ee557a11a1,morning_expected,2026-06-08T21:47:20Z,c6cc74a6,c6cc74a6#phase10c,challenger-2026-06-06,2026-06-08T21:47:16Z,161,De'Aaron Fox,SAS,NYK,21716136,,fg3m,1.5,starter,starter,True,,,,31.0015,,34.3368,,0.05,projected,not_available_yet,fallback_used,bdl_plus_nba_official,2026-06-08T21:46:27Z,bdl_lineup_freshness_manifest,,False,False,1.5,0.4219,0.5781,137.0,-137.0,1.4095,2.0935,0.0,1.0,4.0,0.4367,0.4367,-0.0148,full,ready,,build_derek_forward_feed:v1_model_only_plus_market_reference,ok
2026-06-08,2026-06-08,f4da0f14-6b9f-47b7-bcbc-f5ee557a11a1,morning_expected,2026-06-08T21:47:20Z,c6cc74a6,c6cc74a6#phase10c,challenger-2026-06-06,2026-06-08T21:47:16Z,161,De'Aaron Fox,SAS,NYK,21716136,,fg3m,1.5,starter,starter,True,,,,31.0015,,34.3368,,0.05,projected,not_available_yet,fallback_used,bdl_plus_nba_official,2026-06-08T21:46:27Z,bdl_lineup_freshness_manifest,,False,False,1.5,0.4219,0.5781,137.0,-137.0,1.4095,2.0935,0.0,1.0,4.0,0.4112,0.4112,0.0107,full,ready,,build_derek_forward_feed:v1_model_only_plus_market_reference,ok
2026-06-08,2026-06-08,f4da0f14-6b9f-47b7-bcbc-f5ee557a11a1,morning_expected,2026-06-08T21:47:20Z,c6cc74a6,c6cc74a6#phase10c,challenger-2026-06-06,2026-06-08T21:47:16Z,161,De'Aaron Fox,SAS,NYK,21716136,,fg3m,1.5,starter,starter,True,,,,31.0015,,34.3368,,0.05,projected,not_available_yet,fallback_used,bdl_plus_nba_official,2026-06-08T21:46:27Z,bdl_lineup_freshness_manifest,,False,False,1.5,0.4219,0.5781,137.0,-137.0,1.4095,2.0935,0.0,1.0,4.0,0.4112,0.4112,0.0107,full,ready,,build_derek_forward_feed:v1_model_only_plus_market_reference,ok
2026-06-08,2026-06-08,f4da0f14-6b9f-47b7-bcbc-f5ee557a11a1,morning_expected,2026-06-08T21:47:20Z,c6cc74a6,c6cc74a6#phase10c,challenger-2026-06-06,2026-06-08T21:47:16Z,161,De'Aaron Fox,SAS,NYK,21716136,,fg3m,1.5,starter,starter,True,,,,31.0015,,34.3368,,0.05,projected,not_available_yet,fallback_used,bdl_plus_nba_official,2026-06-08T21:46:27Z,bdl_lineup_freshness_manifest,,False,False,1.5,0.4219,0.5781,137.0,-137.0,1.4095,2.0935,0.0,1.0,4.0,0.425,0.425,-0.0031,full,ready,,build_derek_forward_feed:v1_model_only_plus_market_reference,ok
2026-06-08,2026-06-08,f4da0f14-6b9f-47b7-bcbc-f5ee557a11a1,morning_expected,2026-06-08T21:47:20Z,c6cc74a6,c6cc74a6#phase10c,challenger-2026-06-06,2026-06-08T21:47:16Z,161,De'Aaron Fox,SAS,NYK,21716136,,fg3m,1.5,starter,starter,True,,,,31.0015,,34.3368,,0.05,projected,not_available_yet,fallback_used,bdl_plus_nba_official,2026-06-08T21:46:27Z,bdl_lineup_freshness_manifest,,False,False,1.5,0.4219,0.5781,137.0,-137.0,1.4095,2.0935,0.0,1.0,4.0,0.4112,0.4112,0.0107,full,ready,,build_derek_forward_feed:v1_model_only_plus_market_reference,ok
2026-06-08,2026-06-08,f4da0f14-6b9f-47b7-bcbc-f5ee557a11a1,morning_expected,2026-06-08T21:47:20Z,c6cc74a6,c6cc74a6#phase10c,challenger-2026-06-06,2026-06-08T21:47:16Z,161,De'Aaron Fox,SAS,NYK,21716136,,fg3m,1.5,starter,starter,True,,,,31.0015,,34.3368,,0.05,projected,not_available_yet,fallback_used,bdl_plus_nba_official,2026-06-08T21:46:27Z,bdl_lineup_freshness_manifest,,False,False,1.5,0.4219,0.5781,137.0,-137.0,1.4095,2.0935,0.0,1.0,4.0,0.4438,0.4438,-0.0219,full,ready,,build_derek_forward_feed:v1_model_only_plus_market_reference,ok
2026-06-08,2026-06-08,f4da0f14-6b9f-47b7-bcbc-f5ee557a11a1,morning_expected,2026-06-08T21:47:20Z,c6cc74a6,c6cc74a6#phase10c,challenger-2026-06-06,2026-06-08T21:47:16Z,161,De'Aaron Fox,SAS,NYK,21716136,,fg3m,1.5,starter,starter,True,,,,31.0015,,34.3368,,0.05,projected,not_available_yet,fallback_used,bdl_plus_nba_official,2026-06-08T21:46:27Z,bdl_lineup_freshness_manifest,,False,False,1.5,0.4219,0.5781,137.0,-137.0,1.4095,2.0935,0.0,1.0,4.0,0.4249,0.4249,-0.003,full,ready,,build_derek_forward_feed:v1_model_only_plus_market_reference,ok
2026-06-08,2026-06-08,f4da0f14-6b9f-47b7-bcbc-f5ee557a11a1,morning_expected,2026-06-08T21:47:20Z,c6cc74a6,c6cc74a6#phase10c,challenger-2026-06-06,2026-06-08T21:47:16Z,161,De'Aaron Fox,SAS,NYK,21716136,,fg3m,0.5,starter,starter,True,,,,31.0015,,34.3368,,0.05,projected,not_available_yet,fallback_used,bdl_plus_nba_official,2026-06-08T21:46:27Z,bdl_lineup_freshness_manifest,,False,False,0.5,0.6032,0.3968,-152.0,152.0,1.4095,2.0935,0.0,1.0,4.0,0.7522,0.7522,-0.149,full,ready,,build_derek_forward_feed:v1_model_only_plus_market_reference,ok
2026-06-08,2026-06-08,f4da0f14-6b9f-47b7-bcbc-f5ee557a11a1,morning_expected,2026-06-08T21:47:20Z,c6cc74a6,c6cc74a6#phase10c,challenger-2026-06-06,2026-06-08T21:47:16Z,161,De'Aaron Fox,SAS,NYK,21716136,,fg3m,1.5,starter,starter,True,,,,31.0015,,34.3368,,0.05,projected,not_available_yet,fallback_used,bdl_plus_nba_official,2026-06-08T21:46:27Z,bdl_lineup_freshness_manifest,,False,False,1.5,0.4219,0.5781,137.0,-137.0,1.4095,2.0935,0.0,1.0,4.0,0.4165,0.4165,0.0054,full,ready,,build_derek_forward_feed:v1_model_only_plus_market_reference,ok
2026-06-08,2026-06-08,f4da0f14-6b9f-47b7-bcbc-f5ee557a11a1,morning_expected,2026-06-08T21:47:20Z,c6cc74a6,c6cc74a6#phase10c,challenger-2026-06-06,2026-06-08T21:47:16Z,161,De'Aaron Fox,SAS,NYK,21716136,,fg3m,2.5,starter,starter,True,,,,31.0015,,34.3368,,0.05,projected,not_available_yet,fallback_used,bdl_plus_nba_official,2026-06-08T21:46:27Z,bdl_lineup_freshness_manifest,,False,False,2.5,0.2398,0.7602,317.0,-317.0,1.4095,2.0935,0.0,1.0,4.0,0.2117,0.2117,0.0281,full,ready,,build_derek_forward_feed:v1_model_only_plus_market_reference,ok
2026-06-08,2026-06-08,f4da0f14-6b9f-47b7-bcbc-f5ee557a11a1,morning_expected,2026-06-08T21:47:20Z,c6cc74a6,c6cc74a6#phase10c,challenger-2026-06-06,2026-06-08T21:47:16Z,161,De'Aaron Fox,SAS,NYK,21716136,,tov,,starter,starter,True,,,,31.0015,,34.3368,,0.05,projected,not_available_yet,fallback_used,bdl_plus_nba_official,2026-06-08T21:46:27Z,bdl_lineup_freshness_manifest,,False,False,,,,,,1.5164,0.7707,0.0,2.0,3.0,,,,no_market,ready,,build_derek_forward_feed:v1_model_only_plus_market_reference,ok
2026-06-08,2026-06-08,f4da0f14-6b9f-47b7-bcbc-f5ee557a11a1,morning_expected,2026-06-08T21:47:20Z,c6cc74a6,c6cc74a6#phase10c,challenger-2026-06-06,2026-06-08T21:47:16Z,161,De'Aaron Fox,SAS,NYK,21716136,,stl,0.5,starter,starter,True,,,,31.0015,,34.3368,,0.05,projected,not_available_yet,fallback_used,bdl_plus_nba_official,2026-06-08T21:46:27Z,bdl_lineup_freshness_manifest,,False,False,0.5,0.3673,0.6327,172.0,-172.0,0.5899,0.8833,0.0,0.0,2.0,0.6638,0.6638,-0.2965,full,ready,,build_derek_forward_feed:v1_model_only_plus_market_reference,ok
2026-06-08,2026-06-08,f4da0f14-6b9f-47b7-bcbc-f5ee557a11a1,morning_expected,2026-06-08T21:47:20Z,c6cc74a6,c6cc74a6#phase10c,challenger-2026-06-06,2026-06-08T21:47:16Z,161,De'Aaron Fox,SAS,NYK,21716136,,stl,0.5,starter,starter,True,,,,31.0015,,34.3368,,0.05,projected,not_available_yet,fallback_used,bdl_plus_nba_official,2026-06-08T21:46:27Z,bdl_lineup_freshness_manifest,,False,False,0.5,0.3673,0.6327,172.0,-172.0,0.5899,0.8833,0.0,0.0,2.0,0.6527,0.6527,-0.2854,full,ready,,build_derek_forward_feed:v1_model_only_plus_market_reference,ok
2026-06-08,2026-06-08,f4da0f14-6b9f-47b7-bcbc-f5ee557a11a1,morning_expected,2026-06-08T21:47:20Z,c6cc74a6,c6cc74a6#phase10c,challenger-2026-06-06,2026-06-08T21:47:16Z,161,De'Aaron Fox,SAS,NYK,21716136,,stl,0.5,starter,starter,True,,,,31.0015,,34.3368,,0.05,projected,not_available_yet,fallback_used,bdl_plus_nba_official,2026-06-08T21:46:27Z,bdl_lineup_freshness_manifest,,False,False,0.5,0.3673,0.6327,172.0,-172.0,0.5899,0.8833,0.0,0.0,2.0,0.653,0.653,-0.2857,full,ready,,build_derek_forward_feed:v1_model_only_plus_market_reference,ok
2026-06-08,2026-06-08,f4da0f14-6b9f-47b7-bcbc-f5ee557a11a1,morning_expected,2026-06-08T21:47:20Z,c6cc74a6,c6cc74a6#phase10c,challenger-2026-06-06,2026-06-08T21:47:16Z,161,De'Aaron Fox,SAS,NYK,21716136,,stl,0.5,starter,starter,True,,,,31.0015,,34.3368,,0.05,projected,not_available_yet,fallback_used,bdl_plus_nba_official,2026-06-08T21:46:27Z,bdl_lineup_freshness_manifest,,False,False,0.5,0.3673,0.6327,172.0,-172.0,0.5899,0.8833,0.0,0.0,2.0,0.6585,0.6585,-0.2912,full,ready,,build_derek_forward_feed:v1_model_only_plus_market_reference,ok
2026-06-08,2026-06-08,f4da0f14-6b9f-47b7-bcbc-f5ee557a11a1,morning_expected,2026-06-08T21:47:20Z,c6cc74a6,c6cc74a6#phase10c,challenger-2026-06-06,2026-06-08T21:47:16Z,161,De'Aaron Fox,SAS,NYK,21716136,,stl,0.5,starter,starter,True,,,,31.0015,,34.3368,,0.05,projected,not_available_yet,fallback_used,bdl_plus_nba_official,2026-06-08T21:46:27Z,bdl_lineup_freshness_manifest,,False,False,0.5,0.3673,0.6327,172.0,-172.0,0.5899,0.8833,0.0,0.0,2.0,0.6585,0.6585,-0.2912,full,ready,,build_derek_forward_feed:v1_model_only_plus_market_reference,ok
2026-06-08,2026-06-08,f4da0f14-6b9f-47b7-bcbc-f5ee557a11a1,morning_expected,2026-06-08T21:47:20Z,c6cc74a6,c6cc74a6#phase10c,challenger-2026-06-06,2026-06-08T21:47:16Z,161,De'Aaron Fox,SAS,NYK,21716136,,stl,0.5,starter,starter,True,,,,31.0015,,34.3368,,0.05,projected,not_available_yet,fallback_used,bdl_plus_nba_official,2026-06-08T21:46:27Z,bdl_lineup_freshness_manifest,,False,False,0.5,0.3673,0.6327,172.0,-172.0,0.5899,0.8833,0.0,0.0,2.0,0.6585,0.6585,-0.2912,full,ready,,build_derek_forward_feed:v1_model_only_plus_market_reference,ok
2026-06-08,2026-06-08,f4da0f14-6b9f-47b7-bcbc-f5ee557a11a1,morning_expected,2026-06-08T21:47:20Z,c6cc74a6,c6cc74a6#phase10c,challenger-2026-06-06,2026-06-08T21:47:16Z,161,De'Aaron Fox,SAS,NYK,21716136,,stl,1.5,starter,starter,True,,,,31.0015,,34.3368,,0.05,projected,not_available_yet,fallback_used,bdl_plus_nba_official,2026-06-08T21:46:27Z,bdl_lineup_freshness_manifest,,False,False,1.5,0.1483,0.8517,574.0,-574.0,0.5899,0.8833,0.0,0.0,2.0,0.3235,0.3235,-0.1752,full,ready,,build_derek_forward_feed:v1_model_only_plus_market_reference,ok
2026-06-08,2026-06-08,f4da0f14-6b9f-47b7-bcbc-f5ee557a11a1,morning_expected,2026-06-08T21:47:20Z,c6cc74a6,c6cc74a6#phase10c,challenger-2026-06-06,2026-06-08T21:47:16Z,161,De'Aaron Fox,SAS,NYK,21716136,,stl,0.5,starter,starter,True,,,,31.0015,,34.3368,,0.05,projected,not_available_yet,fallback_used,bdl_plus_nba_official,2026-06-08T21:46:27Z,bdl_lineup_freshness_manifest,,False,False,0.5,0.3673,0.6327,172.0,-172.0,0.5899,0.8833,0.0,0.0,2.0,0.6651,0.6651,-0.2978,full,ready,,build_derek_forward_feed:v1_model_only_plus_market_reference,ok
2026-06-08,2026-06-08,f4da0f14-6b9f-47b7-bcbc-f5ee557a11a1,morning_expected,2026-06-08T21:47:20Z,c6cc74a6,c6cc74a6#phase10c,challenger-2026-06-06,2026-06-08T21:47:16Z,161,De'Aaron Fox,SAS,NYK,21716136,,blk,0.5,starter,starter,True,,,,31.0015,,34.3368,,0.05,projected,not_available_yet,fallback_used,bdl_plus_nba_official,2026-06-08T21:46:27Z,bdl_lineup_freshness_manifest,,False,False,0.5,0.2336,0.7664,328.0,-328.0,0.3683,0.6325,0.0,0.0,1.0,0.2182,0.2182,0.0155,full,ready,,build_derek_forward_feed:v1_model_only_plus_market_reference,ok
2026-06-08,2026-06-08,f4da0f14-6b9f-47b7-bcbc-f5ee557a11a1,morning_expected,2026-06-08T21:47:20Z,c6cc74a6,c6cc74a6#phase10c,challenger-2026-06-06,2026-06-08T21:47:16Z,161,De'Aaron Fox,SAS,NYK,21716136,,blk,0.5,starter,starter,True,,,,31.0015,,34.3368,,0.05,projected,not_available_yet,fallback_used,bdl_plus_nba_official,2026-06-08T21:46:27Z,bdl_lineup_freshness_manifest,,False,False,0.5,0.2336,0.7664,328.0,-328.0,0.3683,0.6325,0.0,0.0,1.0,0.2458,0.2458,-0.0122,full,ready,,build_derek_forward_feed:v1_model_only_plus_market_reference,ok
2026-06-08,2026-06-08,f4da0f14-6b9f-47b7-bcbc-f5ee557a11a1,morning_expected,2026-06-08T21:47:20Z,c6cc74a6,c6cc74a6#phase10c,challenger-2026-06-06,2026-06-08T21:47:16Z,161,De'Aaron Fox,SAS,NYK,21716136,,blk,0.5,starter,starter,True,,,,31.0015,,34.3368,,0.05,projected,not_available_yet,fallback_used,bdl_plus_nba_official,2026-06-08T21:46:27Z,bdl_lineup_freshness_manifest,,False,False,0.5,0.2336,0.7664,328.0,-328.0,0.3683,0.6325,0.0,0.0,1.0,0.2127,0.2127,0.0209,full,ready,,build_derek_forward_feed:v1_model_only_plus_market_reference,ok
2026-06-08,2026-06-08,f4da0f14-6b9f-47b7-bcbc-f5ee557a11a1,morning_expected,2026-06-08T21:47:20Z,c6cc74a6,c6cc74a6#phase10c,challenger-2026-06-06,2026-06-08T21:47:16Z,161,De'Aaron Fox,SAS,NYK,21716136,,blk,0.5,starter,starter,True,,,,31.0015,,34.3368,,0.05,projected,not_available_yet,fallback_used,bdl_plus_nba_official,2026-06-08T21:46:27Z,bdl_lineup_freshness_manifest,,False,False,0.5,0.2336,0.7664,328.0,-328.0,0.3683,0.6325,0.0,0.0,1.0,0.2308,0.2308,0.0029,full,ready,,build_derek_forward_feed:v1_model_only_plus_market_reference,ok
2026-06-08,2026-06-08,f4da0f14-6b9f-47b7-bcbc-f5ee557a11a1,morning_expected,2026-06-08T21:47:20Z,c6cc74a6,c6cc74a6#phase10c,challenger-2026-06-06,2026-06-08T21:47:16Z,161,De'Aaron Fox,SAS,NYK,21716136,,blk,0.5,starter,starter,True,,,,31.0015,,34.3368,,0.05,projected,not_available_yet,fallback_used,bdl_plus_nba_official,2026-06-08T21:46:27Z,bdl_lineup_freshness_manifest,,False,False,0.5,0.2336,0.7664,328.0,-328.0,0.3683,0.6325,0.0,0.0,1.0,0.2308,0.2308,0.0029,full,ready,,build_derek_forward_feed:v1_model_only_plus_market_reference,ok
2026-06-08,2026-06-08,f4da0f14-6b9f-47b7-bcbc-f5ee557a11a1,morning_expected,2026-06-08T21:47:20Z,c6cc74a6,c6cc74a6#phase10c,challenger-2026-06-06,2026-06-08T21:47:16Z,161,De'Aaron Fox,SAS,NYK,21716136,,blk,0.5,starter,starter,True,,,,31.0015,,34.3368,,0.05,projected,not_available_yet,fallback_used,bdl_plus_nba_official,2026-06-08T21:46:27Z,bdl_lineup_freshness_manifest,,False,False,0.5,0.2336,0.7664,328.0,-328.0,0.3683,0.6325,0.0,0.0,1.0,0.2308,0.2308,0.0029,full,ready,,build_derek_forward_feed:v1_model_only_plus_market_reference,ok
2026-06-08,2026-06-08,f4da0f14-6b9f-47b7-bcbc-f5ee557a11a1,morning_expected,2026-06-08T21:47:20Z,c6cc74a6,c6cc74a6#phase10c,challenger-2026-06-06,2026-06-08T21:47:16Z,161,De'Aaron Fox,SAS,NYK,21716136,,stocks,1.5,starter,starter,True,,,,31.0015,,34.3368,,0.05,projected,not_available_yet,fallback_used,bdl_plus_nba_official,2026-06-08T21:46:27Z,bdl_lineup_freshness_manifest,,False,False,1.5,0.2509,0.7491,299.0,-299.0,0.982,1.6327,0.0,1.0,3.0,0.3882,0.3882,-0.1373,full,ready,,build_derek_forward_feed:v1_model_only_plus_market_reference,ok
2026-06-08,2026-06-08,f4da0f14-6b9f-47b7-bcbc-f5ee557a11a1,morning_expected,2026-06-08T21:47:20Z,c6cc74a6,c6cc74a6#phase10c,challenger-2026-06-06,2026-06-08T21:47:16Z,161,De'Aaron Fox,SAS,NYK,21716136,,stocks,1.5,starter,starter,True,,,,31.0015,,34.3368,,0.05,projected,not_available_yet,fallback_used,bdl_plus_nba_official,2026-06-08T21:46:27Z,bdl_lineup_freshness_manifest,,False,False,1.5,0.2509,0.7491,299.0,-299.0,0.982,1.6327,0.0,1.0,3.0,0.4011,0.4011,-0.1502,full,ready,,build_derek_forward_feed:v1_model_only_plus_market_reference,ok
2026-06-08,2026-06-08,f4da0f14-6b9f-47b7-bcbc-f5ee557a11a1,morning_expected,2026-06-08T21:47:20Z,c6cc74a6,c6cc74a6#phase10c,challenger-2026-06-06,2026-06-08T21:47:16Z,161,De'Aaron Fox,SAS,NYK,21716136,,stocks,1.5,starter,starter,True,,,,31.0015,,34.3368,,0.05,projected,not_available_yet,fallback_used,bdl_plus_nba_official,2026-06-08T21:46:27Z,bdl_lineup_freshness_manifest,,False,False,1.5,0.2509,0.7491,299.0,-299.0,0.982,1.6327,0.0,1.0,3.0,0.4011,0.4011,-0.1502,full,ready,,build_derek_forward_feed:v1_model_only_plus_market_reference,ok
2026-06-08,2026-06-08,f4da0f14-6b9f-47b7-bcbc-f5ee557a11a1,morning_expected,2026-06-08T21:47:20Z,c6cc74a6,c6cc74a6#phase10c,challenger-2026-06-06,2026-06-08T21:47:16Z,161,De'Aaron Fox,SAS,NYK,21716136,,stocks,1.5,starter,starter,True,,,,31.0015,,34.3368,,0.05,projected,not_available_yet,fallback_used,bdl_plus_nba_official,2026-06-08T21:46:27Z,bdl_lineup_freshness_manifest,,False,False,1.5,0.2509,0.7491,299.0,-299.0,0.982,1.6327,0.0,1.0,3.0,0.4011,0.4011,-0.1502,full,ready,,build_derek_forward_feed:v1_model_only_plus_market_reference,ok
2026-06-08,2026-06-08,f4da0f14-6b9f-47b7-bcbc-f5ee557a11a1,morning_expected,2026-06-08T21:47:20Z,c6cc74a6,c6cc74a6#phase10c,challenger-2026-06-06,2026-06-08T21:47:16Z,161,De'Aaron Fox,SAS,NYK,21716136,,pa,28.5,starter,starter,True,,,,31.0015,,34.3368,,0.05,projected,not_available_yet,fallback_used,bdl_plus_nba_official,2026-06-08T21:46:27Z,bdl_lineup_freshness_manifest,,False,False,28.5,0.1567,0.8433,538.0,-538.0,22.0919,44.5683,13.0,22.0,30.0,0.1585,0.1585,-0.0017,full,ready,,build_derek_forward_feed:v1_model_only_plus_market_reference,ok
2026-06-08,2026-06-08,f4da0f14-6b9f-47b7-bcbc-f5ee557a11a1,morning_expected,2026-06-08T21:47:20Z,c6cc74a6,c6cc74a6#phase10c,challenger-2026-06-06,2026-06-08T21:47:16Z,161,De'Aaron Fox,SAS,NYK,21716136,,pa,27.5,starter,starter,True,,,,31.0015,,34.3368,,0.05,projected,not_available_yet,fallback_used,bdl_plus_nba_official,2026-06-08T21:46:27Z,bdl_lineup_freshness_manifest,,False,False,27.5,0.1977,0.8023,406.0,-406.0,22.0919,44.5683,13.0,22.0,30.0,0.1906,0.1906,0.0071,full,ready,,build_derek_forward_feed:v1_model_only_plus_market_reference,ok
2026-06-08,2026-06-08,f4da0f14-6b9f-47b7-bcbc-f5ee557a11a1,morning_expected,2026-06-08T21:47:20Z,c6cc74a6,c6cc74a6#phase10c,challenger-2026-06-06,2026-06-08T21:47:16Z,161,De'Aaron Fox,SAS,NYK,21716136,,pa,26.5,starter,starter,True,,,,31.0015,,34.3368,,0.05,projected,not_available_yet,fallback_used,bdl_plus_nba_official,2026-06-08T21:46:27Z,bdl_lineup_freshness_manifest,,False,False,26.5,0.2447,0.7553,309.0,-309.0,22.0919,44.5683,13.0,22.0,30.0,0.2228,0.2228,0.0219,full,ready,,build_derek_forward_feed:v1_model_only_plus_market_reference,ok
2026-06-08,2026-06-08,f4da0f14-6b9f-47b7-bcbc-f5ee557a11a1,morning_expected,2026-06-08T21:47:20Z,c6cc74a6,c6cc74a6#phase10c,challenger-2026-06-06,2026-06-08T21:47:16Z,161,De'Aaron Fox,SAS,NYK,21716136,,pa,25.5,starter,starter,True,,,,31.0015,,34.3368,,0.05,projected,not_available_yet,fallback_used,bdl_plus_nba_official,2026-06-08T21:46:27Z,bdl_lineup_freshness_manifest,,False,False,25.5,0.2969,0.7031,237.0,-237.0,22.0919,44.5683,13.0,22.0,30.0,0.2561,0.2561,0.0408,full,ready,,build_derek_forward_feed:v1_model_only_plus_market_reference,ok
2026-06-08,2026-06-08,f4da0f14-6b9f-47b7-bcbc-f5ee557a11a1,morning_expected,2026-06-08T21:47:20Z,c6cc74a6,c6cc74a6#phase10c,challenger-2026-06-06,2026-06-08T21:47:16Z,161,De'Aaron Fox,SAS,NYK,21716136,,pa,24.5,starter,starter,True,,,,31.0015,,34.3368,,0.05,projected,not_available_yet,fallback_used,bdl_plus_nba_official,2026-06-08T21:46:27Z,bdl_lineup_freshness_manifest,,False,False,24.5,0.3538,0.6462,183.0,-183.0,22.0919,44.5683,13.0,22.0,30.0,0.3008,0.3008,0.053,full,ready,,build_derek_forward_feed:v1_model_only_plus_market_reference,ok
2026-06-08,2026-06-08,f4da0f14-6b9f-47b7-bcbc-f5ee557a11a1,morning_expected,2026-06-08T21:47:20Z,c6cc74a6,c6cc74a6#phase10c,challenger-2026-06-06,2026-06-08T21:47:16Z,161,De'Aaron Fox,SAS,NYK,21716136,,pa,23.5,starter,starter,True,,,,31.0015,,34.3368,,0.05,projected,not_available_yet,fallback_used,bdl_plus_nba_official,2026-06-08T21:46:27Z,bdl_lineup_freshness_manifest,,False,False,23.5,0.4151,0.5849,141.0,-141.0,22.0919,44.5683,13.0,22.0,30.0,0.3439,0.3439,0.0712,full,ready,,build_derek_forward_feed:v1_model_only_plus_market_reference,ok
2026-06-08,2026-06-08,f4da0f14-6b9f-47b7-bcbc-f5ee557a11a1,morning_expected,2026-06-08T21:47:20Z,c6cc74a6,c6cc74a6#phase10c,challenger-2026-06-06,2026-06-08T21:47:16Z,161,De'Aaron Fox,SAS,NYK,21716136,,pa,22.5,starter,starter,True,,,,31.0015,,34.3368,,0.05,projected,not_available_yet,fallback_used,bdl_plus_nba_official,2026-06-08T21:46:27Z,bdl_lineup_freshness_manifest,,False,False,22.5,0.4789,0.5211,109.0,-109.0,22.0919,44.5683,13.0,22.0,30.0,0.3963,0.3963,0.0826,full,ready,,build_derek_forward_feed:v1_model_only_plus_market_reference,ok
2026-06-08,2026-06-08,f4da0f14-6b9f-47b7-bcbc-f5ee557a11a1,morning_expected,2026-06-08T21:47:20Z,c6cc74a6,c6cc74a6#phase10c,challenger-2026-06-06,2026-06-08T21:47:16Z,161,De'Aaron Fox,SAS,NYK,21716136,,pa,21.5,starter,starter,True,,,,31.0015,,34.3368,,0.05,projected,not_available_yet,fallback_used,bdl_plus_nba_official,2026-06-08T21:46:27Z,bdl_lineup_freshness_manifest,,False,False,21.5,0.5422,0.4578,-118.0,118.0,22.0919,44.5683,13.0,22.0,30.0,0.4581,0.4581,0.0841,full,ready,,build_derek_forward_feed:v1_model_only_plus_market_reference,ok
2026-06-08,2026-06-08,f4da0f14-6b9f-47b7-bcbc-f5ee557a11a1,morning_expected,2026-06-08T21:47:20Z,c6cc74a6,c6cc74a6#phase10c,challenger-2026-06-06,2026-06-08T21:47:16Z,161,De'Aaron Fox,SAS,NYK,21716136,,pa,19.5,starter,starter,True,,,,31.0015,,34.3368,,0.05,projected,not_available_yet,fallback_used,bdl_plus_nba_official,2026-06-08T21:46:27Z,bdl_lineup_freshness_manifest,,False,False,19.5,0.6538,0.3462,-189.0,189.0,22.0919,44.5683,13.0,22.0,30.0,0.5717,0.5717,0.0821,full,ready,,build_derek_forward_feed:v1_model_only_plus_market_reference,ok
2026-06-08,2026-06-08,f4da0f14-6b9f-47b7-bcbc-f5ee557a11a1,morning_expected,2026-06-08T21:47:20Z,c6cc74a6,c6cc74a6#phase10c,challenger-2026-06-06,2026-06-08T21:47:16Z,161,De'Aaron Fox,SAS,NYK,21716136,,pa,18.5,starter,starter,True,,,,31.0015,,34.3368,,0.05,projected,not_available_yet,fallback_used,bdl_plus_nba_official,2026-06-08T21:46:27Z,bdl_lineup_freshness_manifest,,False,False,18.5,0.7019,0.2981,-235.0,235.0,22.0919,44.5683,13.0,22.0,30.0,0.6324,0.6324,0.0695,full,ready,,build_derek_forward_feed:v1_model_only_plus_market_reference,ok
2026-06-08,2026-06-08,f4da0f14-6b9f-47b7-bcbc-f5ee557a11a1,morning_expected,2026-06-08T21:47:20Z,c6cc74a6,c6cc74a6#phase10c,challenger-2026-06-06,2026-06-08T21:47:16Z,161,De'Aaron Fox,SAS,NYK,21716136,,pa,17.5,starter,starter,True,,,,31.0015,,34.3368,,0.05,projected,not_available_yet,fallback_used,bdl_plus_nba_official,2026-06-08T21:46:27Z,bdl_lineup_freshness_manifest,,False,False,17.5,0.7469,0.2531,-295.0,295.0,22.0919,44.5683,13.0,22.0,30.0,0.6821,0.6821,0.0648,full,ready,,build_derek_forward_feed:v1_model_only_plus_market_reference,ok
2026-06-08,2026-06-08,f4da0f14-6b9f-47b7-bcbc-f5ee557a11a1,morning_expected,2026-06-08T21:47:20Z,c6cc74a6,c6cc74a6#phase10c,challenger-2026-06-06,2026-06-08T21:47:16Z,161,De'Aaron Fox,SAS,NYK,21716136,,pa,16.5,starter,starter,True,,,,31.0015,,34.3368,,0.05,projected,not_available_yet,fallback_used,bdl_plus_nba_official,2026-06-08T21:46:27Z,bdl_lineup_freshness_manifest,,False,False,16.5,0.7893,0.2107,-375.0,375.0,22.0919,44.5683,13.0,22.0,30.0,0.7256,0.7256,0.0637,full,ready,,build_derek_forward_feed:v1_model_only_plus_market_reference,ok
2026-06-08,2026-06-08,f4da0f14-6b9f-47b7-bcbc-f5ee557a11a1,morning_expected,2026-06-08T21:47:20Z,c6cc74a6,c6cc74a6#phase10c,challenger-2026-06-06,2026-06-08T21:47:16Z,161,De'Aaron Fox,SAS,NYK,21716136,,pa,15.5,starter,starter,True,,,,31.0015,,34.3368,,0.05,projected,not_available_yet,fallback_used,bdl_plus_nba_official,2026-06-08T21:46:27Z,bdl_lineup_freshness_manifest,,False,False,15.5,0.8288,0.1712,-484.0,484.0,22.0919,44.5683,13.0,22.0,30.0,0.7717,0.7717,0.0571,full,ready,,build_derek_forward_feed:v1_model_only_plus_market_reference,ok
2026-06-08,2026-06-08,f4da0f14-6b9f-47b7-bcbc-f5ee557a11a1,morning_expected,2026-06-08T21:47:20Z,c6cc74a6,c6cc74a6#phase10c,challenger-2026-06-06,2026-06-08T21:47:16Z,161,De'Aaron Fox,SAS,NYK,21716136,,pa,14.5,starter,starter,True,,,,31.0015,,34.3368,,0.05,projected,not_available_yet,fallback_used,bdl_plus_nba_official,2026-06-08T21:46:27Z,bdl_lineup_freshness_manifest,,False,False,14.5,0.8648,0.1352,-640.0,640.0,22.0919,44.5683,13.0,22.0,30.0,0.8169,0.8169,0.0478,full,ready,,build_derek_forward_feed:v1_model_only_plus_market_reference,ok
2026-06-08,2026-06-08,f4da0f14-6b9f-47b7-bcbc-f5ee557a11a1,morning_expected,2026-06-08T21:47:20Z,c6cc74a6,c6cc74a6#phase10c,challenger-2026-06-06,2026-06-08T21:47:16Z,161,De'Aaron Fox,SAS,NYK,21716136,,pa,20.5,starter,starter,True,,,,31.0015,,34.3368,,0.05,projected,not_available_yet,fallback_used,bdl_plus_nba_official,2026-06-08T21:46:27Z,bdl_lineup_freshness_manifest,,False,False,20.5,0.601,0.399,-151.0,151.0,22.0919,44.5683,13.0,22.0,30.0,0.5142,0.5142,0.0868,full,ready,,build_derek_forward_feed:v1_model_only_plus_market_reference,ok
2026-06-08,2026-06-08,f4da0f14-6b9f-47b7-bcbc-f5ee557a11a1,morning_expected,2026-06-08T21:47:20Z,c6cc74a6,c6cc74a6#phase10c,challenger-2026-06-06,2026-06-08T21:47:16Z,161,De'Aaron Fox,SAS,NYK,21716136,,pa,19.5,starter,starter,True,,,,31.0015,,34.3368,,0.05,projected,not_available_yet,fallback_used,bdl_plus_nba_official,2026-06-08T21:46:27Z,bdl_lineup_freshness_manifest,,False,False,19.5,0.6538,0.3462,-189.0,189.0,22.0919,44.5683,13.0,22.0,30.0,0.5752,0.5752,0.0786,full,ready,,build_derek_forward_feed:v1_model_only_plus_market_reference,ok
2026-06-08,2026-06-08,f4da0f14-6b9f-47b7-bcbc-f5ee557a11a1,morning_expected,2026-06-08T21:47:20Z,c6cc74a6,c6cc74a6#phase10c,challenger-2026-06-06,2026-06-08T21:47:16Z,161,De'Aaron Fox,SAS,NYK,21716136,,pa,20.5,starter,starter,True,,,,31.0015,,34.3368,,0.05,projected,not_available_yet,fallback_used,bdl_plus_nba_official,2026-06-08T21:46:27Z,bdl_lineup_freshness_manifest,,False,False,20.5,0.601,0.399,-151.0,151.0,22.0919,44.5683,13.0,22.0,30.0,0.5203,0.5203,0.0807,full,ready,,build_derek_forward_feed:v1_model_only_plus_market_reference,ok
2026-06-08,2026-06-08,f4da0f14-6b9f-47b7-bcbc-f5ee557a11a1,morning_expected,2026-06-08T21:47:20Z,c6cc74a6,c6cc74a6#phase10c,challenger-2026-06-06,2026-06-08T21:47:16Z,161,De'Aaron Fox,SAS,NYK,21716136,,pa,21.5,starter,starter,True,,,,31.0015,,34.3368,,0.05,projected,not_available_yet,fallback_used,bdl_plus_nba_official,2026-06-08T21:46:27Z,bdl_lineup_freshness_manifest,,False,False,21.5,0.5422,0.4578,-118.0,118.0,22.0919,44.5683,13.0,22.0,30.0,0.4694,0.4694,0.0728,full,ready,,build_derek_forward_feed:v1_model_only_plus_market_reference,ok
2026-06-08,2026-06-08,f4da0f14-6b9f-47b7-bcbc-f5ee557a11a1,morning_expected,2026-06-08T21:47:20Z,c6cc74a6,c6cc74a6#phase10c,challenger-2026-06-06,2026-06-08T21:47:16Z,161,De'Aaron Fox,SAS,NYK,21716136,,pa,20.5,starter,starter,True,,,,31.0015,,34.3368,,0.05,projected,not_available_yet,fallback_used,bdl_plus_nba_official,2026-06-08T21:46:27Z,bdl_lineup_freshness_manifest,,False,False,20.5,0.601,0.399,-151.0,151.0,22.0919,44.5683,13.0,22.0,30.0,0.5,0.5,0.101,full,ready,,build_derek_forward_feed:v1_model_only_plus_market_reference,ok
2026-06-08,2026-06-08,f4da0f14-6b9f-47b7-bcbc-f5ee557a11a1,morning_expected,2026-06-08T21:47:20Z,c6cc74a6,c6cc74a6#phase10c,challenger-2026-06-06,2026-06-08T21:47:16Z,161,De'Aaron Fox,SAS,NYK,21716136,,pa,20.5,starter,starter,True,,,,31.0015,,34.3368,,0.05,projected,not_available_yet,fallback_used,bdl_plus_nba_official,2026-06-08T21:46:27Z,bdl_lineup_freshness_manifest,,False,False,20.5,0.601,0.399,-151.0,151.0,22.0919,44.5683,13.0,22.0,30.0,0.5253,0.5253,0.0757,full,ready,,build_derek_forward_feed:v1_model_only_plus_market_reference,ok
2026-06-08,2026-06-08,f4da0f14-6b9f-47b7-bcbc-f5ee557a11a1,morning_expected,2026-06-08T21:47:20Z,c6cc74a6,c6cc74a6#phase10c,challenger-2026-06-06,2026-06-08T21:47:16Z,161,De'Aaron Fox,SAS,NYK,21716136,,pa,20.5,starter,starter,True,,,,31.0015,,34.3368,,0.05,projected,not_available_yet,fallback_used,bdl_plus_nba_official,2026-06-08T21:46:27Z,bdl_lineup_freshness_manifest,,False,False,20.5,0.601,0.399,-151.0,151.0,22.0919,44.5683,13.0,22.0,30.0,0.5101,0.5101,0.0909,full,ready,,build_derek_forward_feed:v1_model_only_plus_market_reference,ok
2026-06-08,2026-06-08,f4da0f14-6b9f-47b7-bcbc-f5ee557a11a1,morning_expected,2026-06-08T21:47:20Z,c6cc74a6,c6cc74a6#phase10c,challenger-2026-06-06,2026-06-08T21:47:16Z,161,De'Aaron Fox,SAS,NYK,21716136,,pa,20.5,starter,starter,True,,,,31.0015,,34.3368,,0.05,projected,not_available_yet,fallback_used,bdl_plus_nba_official,2026-06-08T21:46:27Z,bdl_lineup_freshness_manifest,,False,False,20.5,0.601,0.399,-151.0,151.0,22.0919,44.5683,13.0,22.0,30.0,0.5101,0.5101,0.0909,full,ready,,build_derek_forward_feed:v1_model_only_plus_market_reference,ok
2026-06-08,2026-06-08,f4da0f14-6b9f-47b7-bcbc-f5ee557a11a1,morning_expected,2026-06-08T21:47:20Z,c6cc74a6,c6cc74a6#phase10c,challenger-2026-06-06,2026-06-08T21:47:16Z,161,De'Aaron Fox,SAS,NYK,21716136,,pa,20.5,starter,starter,True,,,,31.0015,,34.3368,,0.05,projected,not_available_yet,fallback_used,bdl_plus_nba_official,2026-06-08T21:46:27Z,bdl_lineup_freshness_manifest,,False,False,20.5,0.601,0.399,-151.0,151.0,22.0919,44.5683,13.0,22.0,30.0,0.5101,0.5101,0.0909,full,ready,,build_derek_forward_feed:v1_model_only_plus_market_reference,ok
2026-06-08,2026-06-08,f4da0f14-6b9f-47b7-bcbc-f5ee557a11a1,morning_expected,2026-06-08T21:47:20Z,c6cc74a6,c6cc74a6#phase10c,challenger-2026-06-06,2026-06-08T21:47:16Z,161,De'Aaron Fox,SAS,NYK,21716136,,pa,20.5,starter,starter,True,,,,31.0015,,34.3368,,0.05,projected,not_available_yet,fallback_used,bdl_plus_nba_official,2026-06-08T21:46:27Z,bdl_lineup_freshness_manifest,,False,False,20.5,0.601,0.399,-151.0,151.0,22.0919,44.5683,13.0,22.0,30.0,0.5101,0.5101,0.0909,full,ready,,build_derek_forward_feed:v1_model_only_plus_market_reference,ok
2026-06-08,2026-06-08,f4da0f14-6b9f-47b7-bcbc-f5ee557a11a1,morning_expected,2026-06-08T21:47:20Z,c6cc74a6,c6cc74a6#phase10c,challenger-2026-06-06,2026-06-08T21:47:16Z,161,De'Aaron Fox,SAS,NYK,21716136,,pa,20.5,starter,starter,True,,,,31.0015,,34.3368,,0.05,projected,not_available_yet,fallback_used,bdl_plus_nba_official,2026-06-08T21:46:27Z,bdl_lineup_freshness_manifest,,False,False,20.5,0.601,0.399,-151.0,151.0,22.0919,44.5683,13.0,22.0,30.0,0.519,0.519,0.082,full,ready,,build_derek_forward_feed:v1_model_only_plus_market_reference,ok
2026-06-08,2026-06-08,f4da0f14-6b9f-47b7-bcbc-f5ee557a11a1,morning_expected,2026-06-08T21:47:20Z,c6cc74a6,c6cc74a6#phase10c,challenger-2026-06-06,2026-06-08T21:47:16Z,161,De'Aaron Fox,SAS,NYK,21716136,,pr,18.5,starter,starter,True,,,,31.0015,,34.3368,,0.05,projected,not_available_yet,fallback_used,bdl_plus_nba_official,2026-06-08T21:46:27Z,bdl_lineup_freshness_manifest,,False,False,18.5,0.6723,0.3277,-205.0,205.0,21.4657,44.6166,13.0,22.0,30.0,0.4812,0.4812,0.1911,full,ready,,build_derek_forward_feed:v1_model_only_plus_market_reference,ok
2026-06-08,2026-06-08,f4da0f14-6b9f-47b7-bcbc-f5ee557a11a1,morning_expected,2026-06-08T21:47:20Z,c6cc74a6,c6cc74a6#phase10c,challenger-2026-06-06,2026-06-08T21:47:16Z,161,De'Aaron Fox,SAS,NYK,21716136,,pr,25.5,starter,starter,True,,,,31.0015,,34.3368,,0.05,projected,not_available_yet,fallback_used,bdl_plus_nba_official,2026-06-08T21:46:27Z,bdl_lineup_freshness_manifest,,False,False,25.5,0.2636,0.7364,279.0,-279.0,21.4657,44.6166,13.0,22.0,30.0,0.1698,0.1698,0.0938,full,ready,,build_derek_forward_feed:v1_model_only_plus_market_reference,ok
2026-06-08,2026-06-08,f4da0f14-6b9f-47b7-bcbc-f5ee557a11a1,morning_expected,2026-06-08T21:47:20Z,c6cc74a6,c6cc74a6#phase10c,challenger-2026-06-06,2026-06-08T21:47:16Z,161,De'Aaron Fox,SAS,NYK,21716136,,pr,24.5,starter,starter,True,,,,31.0015,,34.3368,,0.05,projected,not_available_yet,fallback_used,bdl_plus_nba_official,2026-06-08T21:46:27Z,bdl_lineup_freshness_manifest,,False,False,24.5,0.3178,0.6822,215.0,-215.0,21.4657,44.6166,13.0,22.0,30.0,0.1989,0.1989,0.119,full,ready,,build_derek_forward_feed:v1_model_only_plus_market_reference,ok
2026-06-08,2026-06-08,f4da0f14-6b9f-47b7-bcbc-f5ee557a11a1,morning_expected,2026-06-08T21:47:20Z,c6cc74a6,c6cc74a6#phase10c,challenger-2026-06-06,2026-06-08T21:47:16Z,161,De'Aaron Fox,SAS,NYK,21716136,,pr,23.5,starter,starter,True,,,,31.0015,,34.3368,,0.05,projected,not_available_yet,fallback_used,bdl_plus_nba_official,2026-06-08T21:46:27Z,bdl_lineup_freshness_manifest,,False,False,23.5,0.3762,0.6238,166.0,-166.0,21.4657,44.6166,13.0,22.0,30.0,0.234,0.234,0.1422,full,ready,,build_derek_forward_feed:v1_model_only_plus_market_reference,ok
2026-06-08,2026-06-08,f4da0f14-6b9f-47b7-bcbc-f5ee557a11a1,morning_expected,2026-06-08T21:47:20Z,c6cc74a6,c6cc74a6#phase10c,challenger-2026-06-06,2026-06-08T21:47:16Z,161,De'Aaron Fox,SAS,NYK,21716136,,pr,22.5,starter,starter,True,,,,31.0015,,34.3368,,0.05,projected,not_available_yet,fallback_used,bdl_plus_nba_official,2026-06-08T21:46:27Z,bdl_lineup_freshness_manifest,,False,False,22.5,0.4384,0.5616,128.0,-128.0,21.4657,44.6166,13.0,22.0,30.0,0.2787,0.2787,0.1597,full,ready,,build_derek_forward_feed:v1_model_only_plus_market_reference,ok
2026-06-08,2026-06-08,f4da0f14-6b9f-47b7-bcbc-f5ee557a11a1,morning_expected,2026-06-08T21:47:20Z,c6cc74a6,c6cc74a6#phase10c,challenger-2026-06-06,2026-06-08T21:47:16Z,161,De'Aaron Fox,SAS,NYK,21716136,,pr,21.5,starter,starter,True,,,,31.0015,,34.3368,,0.05,projected,not_available_yet,fallback_used,bdl_plus_nba_official,2026-06-08T21:46:27Z,bdl_lineup_freshness_manifest,,False,False,21.5,0.5026,0.4974,-101.0,101.0,21.4657,44.6166,13.0,22.0,30.0,0.3179,0.3179,0.1847,full,ready,,build_derek_forward_feed:v1_model_only_plus_market_reference,ok
2026-06-08,2026-06-08,f4da0f14-6b9f-47b7-bcbc-f5ee557a11a1,morning_expected,2026-06-08T21:47:20Z,c6cc74a6,c6cc74a6#phase10c,challenger-2026-06-06,2026-06-08T21:47:16Z,161,De'Aaron Fox,SAS,NYK,21716136,,pr,20.5,starter,starter,True,,,,31.0015,,34.3368,,0.05,projected,not_available_yet,fallback_used,bdl_plus_nba_official,2026-06-08T21:46:27Z,bdl_lineup_freshness_manifest,,False,False,20.5,0.5644,0.4356,-130.0,130.0,21.4657,44.6166,13.0,22.0,30.0,0.3676,0.3676,0.1968,full,ready,,build_derek_forward_feed:v1_model_only_plus_market_reference,ok
2026-06-08,2026-06-08,f4da0f14-6b9f-47b7-bcbc-f5ee557a11a1,morning_expected,2026-06-08T21:47:20Z,c6cc74a6,c6cc74a6#phase10c,challenger-2026-06-06,2026-06-08T21:47:16Z,161,De'Aaron Fox,SAS,NYK,21716136,,pr,19.5,starter,starter,True,,,,31.0015,,34.3368,,0.05,projected,not_available_yet,fallback_used,bdl_plus_nba_official,2026-06-08T21:46:27Z,bdl_lineup_freshness_manifest,,False,False,19.5,0.621,0.379,-164.0,164.0,21.4657,44.6166,13.0,22.0,30.0,0.4215,0.4215,0.1995,full,ready,,build_derek_forward_feed:v1_model_only_plus_market_reference,ok
2026-06-08,2026-06-08,f4da0f14-6b9f-47b7-bcbc-f5ee557a11a1,morning_expected,2026-06-08T21:47:20Z,c6cc74a6,c6cc74a6#phase10c,challenger-2026-06-06,2026-06-08T21:47:16Z,161,De'Aaron Fox,SAS,NYK,21716136,,pr,17.5,starter,starter,True,,,,31.0015,,34.3368,,0.05,projected,not_available_yet,fallback_used,bdl_plus_nba_official,2026-06-08T21:46:27Z,bdl_lineup_freshness_manifest,,False,False,17.5,0.7192,0.2808,-256.0,256.0,21.4657,44.6166,13.0,22.0,30.0,0.5379,0.5379,0.1813,full,ready,,build_derek_forward_feed:v1_model_only_plus_market_reference,ok
2026-06-08,2026-06-08,f4da0f14-6b9f-47b7-bcbc-f5ee557a11a1,morning_expected,2026-06-08T21:47:20Z,c6cc74a6,c6cc74a6#phase10c,challenger-2026-06-06,2026-06-08T21:47:16Z,161,De'Aaron Fox,SAS,NYK,21716136,,pr,16.5,starter,starter,True,,,,31.0015,,34.3368,,0.05,projected,not_available_yet,fallback_used,bdl_plus_nba_official,2026-06-08T21:46:27Z,bdl_lineup_freshness_manifest,,False,False,16.5,0.7629,0.2371,-322.0,322.0,21.4657,44.6166,13.0,22.0,30.0,0.5936,0.5936,0.1693,full,ready,,build_derek_forward_feed:v1_model_only_plus_market_reference,ok
2026-06-08,2026-06-08,f4da0f14-6b9f-47b7-bcbc-f5ee557a11a1,morning_expected,2026-06-08T21:47:20Z,c6cc74a6,c6cc74a6#phase10c,challenger-2026-06-06,2026-06-08T21:47:16Z,161,De'Aaron Fox,SAS,NYK,21716136,,pr,14.5,starter,starter,True,,,,31.0015,,34.3368,,0.05,projected,not_available_yet,fallback_used,bdl_plus_nba_official,2026-06-08T21:46:27Z,bdl_lineup_freshness_manifest,,False,False,14.5,0.8427,0.1573,-536.0,536.0,21.4657,44.6166,13.0,22.0,30.0,0.7076,0.7076,0.1351,full,ready,,build_derek_forward_feed:v1_model_only_plus_market_reference,ok
2026-06-08,2026-06-08,f4da0f14-6b9f-47b7-bcbc-f5ee557a11a1,morning_expected,2026-06-08T21:47:20Z,c6cc74a6,c6cc74a6#phase10c,challenger-2026-06-06,2026-06-08T21:47:16Z,161,De'Aaron Fox,SAS,NYK,21716136,,pr,13.5,starter,starter,True,,,,31.0015,,34.3368,,0.05,projected,not_available_yet,fallback_used,bdl_plus_nba_official,2026-06-08T21:46:27Z,bdl_lineup_freshness_manifest,,False,False,13.5,0.8768,0.1232,-711.0,711.0,21.4657,44.6166,13.0,22.0,30.0,0.7543,0.7543,0.1225,full,ready,,build_derek_forward_feed:v1_model_only_plus_market_reference,ok
2026-06-08,2026-06-08,f4da0f14-6b9f-47b7-bcbc-f5ee557a11a1,morning_expected,2026-06-08T21:47:20Z,c6cc74a6,c6cc74a6#phase10c,challenger-2026-06-06,2026-06-08T21:47:16Z,161,De'Aaron Fox,SAS,NYK,21716136,,pr,12.5,starter,starter,True,,,,31.0015,,34.3368,,0.05,projected,not_available_yet,fallback_used,bdl_plus_nba_official,2026-06-08T21:46:27Z,bdl_lineup_freshness_manifest,,False,False,12.5,0.9066,0.0934,-971.0,971.0,21.4657,44.6166,13.0,22.0,30.0,0.7969,0.7969,0.1097,full,ready,,build_derek_forward_feed:v1_model_only_plus_market_reference,ok
2026-06-08,2026-06-08,f4da0f14-6b9f-47b7-bcbc-f5ee557a11a1,morning_expected,2026-06-08T21:47:20Z,c6cc74a6,c6cc74a6#phase10c,challenger-2026-06-06,2026-06-08T21:47:16Z,161,De'Aaron Fox,SAS,NYK,21716136,,pr,11.5,starter,starter,True,,,,31.0015,,34.3368,,0.05,projected,not_available_yet,fallback_used,bdl_plus_nba_official,2026-06-08T21:46:27Z,bdl_lineup_freshness_manifest,,False,False,11.5,0.932,0.068,-1371.0,1371.0,21.4657,44.6166,13.0,22.0,30.0,0.8415,0.8415,0.0905,full,ready,,build_derek_forward_feed:v1_model_only_plus_market_reference,ok
2026-06-08,2026-06-08,f4da0f14-6b9f-47b7-bcbc-f5ee557a11a1,morning_expected,2026-06-08T21:47:20Z,c6cc74a6,c6cc74a6#phase10c,challenger-2026-06-06,2026-06-08T21:47:16Z,161,De'Aaron Fox,SAS,NYK,21716136,,pr,15.5,starter,starter,True,,,,31.0015,,34.3368,,0.05,projected,not_available_yet,fallback_used,bdl_plus_nba_official,2026-06-08T21:46:27Z,bdl_lineup_freshness_manifest,,False,False,15.5,0.8044,0.1956,-411.0,411.0,21.4657,44.6166,13.0,22.0,30.0,0.6561,0.6561,0.1482,full,ready,,build_derek_forward_feed:v1_model_only_plus_market_reference,ok
2026-06-08,2026-06-08,f4da0f14-6b9f-47b7-bcbc-f5ee557a11a1,morning_expected,2026-06-08T21:47:20Z,c6cc74a6,c6cc74a6#phase10c,challenger-2026-06-06,2026-06-08T21:47:16Z,161,De'Aaron Fox,SAS,NYK,21716136,,pr,18.5,starter,starter,True,,,,31.0015,,34.3368,,0.05,projected,not_available_yet,fallback_used,bdl_plus_nba_official,2026-06-08T21:46:27Z,bdl_lineup_freshness_manifest,,False,False,18.5,0.6723,0.3277,-205.0,205.0,21.4657,44.6166,13.0,22.0,30.0,0.4899,0.4899,0.1825,full,ready,,build_derek_forward_feed:v1_model_only_plus_market_reference,ok
2026-06-08,2026-06-08,f4da0f14-6b9f-47b7-bcbc-f5ee557a11a1,morning_expected,2026-06-08T21:47:20Z,c6cc74a6,c6cc74a6#phase10c,challenger-2026-06-06,2026-06-08T21:47:16Z,161,De'Aaron Fox,SAS,NYK,21716136,,pr,17.5,starter,starter,True,,,,31.0015,,34.3368,,0.05,projected,not_available_yet,fallback_used,bdl_plus_nba_official,2026-06-08T21:46:27Z,bdl_lineup_freshness_manifest,,False,False,17.5,0.7192,0.2808,-256.0,256.0,21.4657,44.6166,13.0,22.0,30.0,0.5408,0.5408,0.1784,full,ready,,build_derek_forward_feed:v1_model_only_plus_market_reference,ok
2026-06-08,2026-06-08,f4da0f14-6b9f-47b7-bcbc-f5ee557a11a1,morning_expected,2026-06-08T21:47:20Z,c6cc74a6,c6cc74a6#phase10c,challenger-2026-06-06,2026-06-08T21:47:16Z,161,De'Aaron Fox,SAS,NYK,21716136,,pr,16.5,starter,starter,True,,,,31.0015,,34.3368,,0.05,projected,not_available_yet,fallback_used,bdl_plus_nba_official,2026-06-08T21:46:27Z,bdl_lineup_freshness_manifest,,False,False,16.5,0.7629,0.2371,-322.0,322.0,21.4657,44.6166,13.0,22.0,30.0,0.6017,0.6017,0.1612,full,ready,,build_derek_forward_feed:v1_model_only_plus_market_reference,ok
2026-06-08,2026-06-08,f4da0f14-6b9f-47b7-bcbc-f5ee557a11a1,morning_expected,2026-06-08T21:47:20Z,c6cc74a6,c6cc74a6#phase10c,challenger-2026-06-06,2026-06-08T21:47:16Z,161,De'Aaron Fox,SAS,NYK,21716136,,pr,17.5,starter,starter,True,,,,31.0015,,34.3368,,0.05,projected,not_available_yet,fallback_used,bdl_plus_nba_official,2026-06-08T21:46:27Z,bdl_lineup_freshness_manifest,,False,False,17.5,0.7192,0.2808,-256.0,256.0,21.4657,44.6166,13.0,22.0,30.0,0.5246,0.5246,0.1946,full,ready,,build_derek_forward_feed:v1_model_only_plus_market_reference,ok
2026-06-08,2026-06-08,f4da0f14-6b9f-47b7-bcbc-f5ee557a11a1,morning_expected,2026-06-08T21:47:20Z,c6cc74a6,c6cc74a6#phase10c,challenger-2026-06-06,2026-06-08T21:47:16Z,161,De'Aaron Fox,SAS,NYK,21716136,,pr,18.5,starter,starter,True,,,,31.0015,,34.3368,,0.05,projected,not_available_yet,fallback_used,bdl_plus_nba_official,2026-06-08T21:46:27Z,bdl_lineup_freshness_manifest,,False,False,18.5,0.6723,0.3277,-205.0,205.0,21.4657,44.6166,13.0,22.0,30.0,0.4858,0.4858,0.1865,full,ready,,build_derek_forward_feed:v1_model_only_plus_market_reference,ok
2026-06-08,2026-06-08,f4da0f14-6b9f-47b7-bcbc-f5ee557a11a1,morning_expected,2026-06-08T21:47:20Z,c6cc74a6,c6cc74a6#phase10c,challenger-2026-06-06,2026-06-08T21:47:16Z,161,De'Aaron Fox,SAS,NYK,21716136,,pr,18.5,starter,starter,True,,,,31.0015,,34.3368,,0.05,projected,not_available_yet,fallback_used,bdl_plus_nba_official,2026-06-08T21:46:27Z,bdl_lineup_freshness_manifest,,False,False,18.5,0.6723,0.3277,-205.0,205.0,21.4657,44.6166,13.0,22.0,30.0,0.4899,0.4899,0.1825,full,ready,,build_derek_forward_feed:v1_model_only_plus_market_reference,ok
2026-06-08,2026-06-08,f4da0f14-6b9f-47b7-bcbc-f5ee557a11a1,morning_expected,2026-06-08T21:47:20Z,c6cc74a6,c6cc74a6#phase10c,challenger-2026-06-06,2026-06-08T21:47:16Z,161,De'Aaron Fox,SAS,NYK,21716136,,pr,18.5,starter,starter,True,,,,31.0015,,34.3368,,0.05,projected,not_available_yet,fallback_used,bdl_plus_nba_official,2026-06-08T21:46:27Z,bdl_lineup_freshness_manifest,,False,False,18.5,0.6723,0.3277,-205.0,205.0,21.4657,44.6166,13.0,22.0,30.0,0.4899,0.4899,0.1825,full,ready,,build_derek_forward_feed:v1_model_only_plus_market_reference,ok
2026-06-08,2026-06-08,f4da0f14-6b9f-47b7-bcbc-f5ee557a11a1,morning_expected,2026-06-08T21:47:20Z,c6cc74a6,c6cc74a6#phase10c,challenger-2026-06-06,2026-06-08T21:47:16Z,161,De'Aaron Fox,SAS,NYK,21716136,,pr,18.5,starter,starter,True,,,,31.0015,,34.3368,,0.05,projected,not_available_yet,fallback_used,bdl_plus_nba_official,2026-06-08T21:46:27Z,bdl_lineup_freshness_manifest,,False,False,18.5,0.6723,0.3277,-205.0,205.0,21.4657,44.6166,13.0,22.0,30.0,0.4899,0.4899,0.1825,full,ready,,build_derek_forward_feed:v1_model_only_plus_market_reference,ok
2026-06-08,2026-06-08,f4da0f14-6b9f-47b7-bcbc-f5ee557a11a1,morning_expected,2026-06-08T21:47:20Z,c6cc74a6,c6cc74a6#phase10c,challenger-2026-06-06,2026-06-08T21:47:16Z,161,De'Aaron Fox,SAS,NYK,21716136,,pr,18.5,starter,starter,True,,,,31.0015,,34.3368,,0.05,projected,not_available_yet,fallback_used,bdl_plus_nba_official,2026-06-08T21:46:27Z,bdl_lineup_freshness_manifest,,False,False,18.5,0.6723,0.3277,-205.0,205.0,21.4657,44.6166,13.0,22.0,30.0,0.4899,0.4899,0.1825,full,ready,,build_derek_forward_feed:v1_model_only_plus_market_reference,ok
2026-06-08,2026-06-08,f4da0f14-6b9f-47b7-bcbc-f5ee557a11a1,morning_expected,2026-06-08T21:47:20Z,c6cc74a6,c6cc74a6#phase10c,challenger-2026-06-06,2026-06-08T21:47:16Z,161,De'Aaron Fox,SAS,NYK,21716136,,pr,18.5,starter,starter,True,,,,31.0015,,34.3368,,0.05,projected,not_available_yet,fallback_used,bdl_plus_nba_official,2026-06-08T21:46:27Z,bdl_lineup_freshness_manifest,,False,False,18.5,0.6723,0.3277,-205.0,205.0,21.4657,44.6166,13.0,22.0,30.0,0.481,0.481,0.1914,full,ready,,build_derek_forward_feed:v1_model_only_plus_market_reference,ok
2026-06-08,2026-06-08,f4da0f14-6b9f-47b7-bcbc-f5ee557a11a1,morning_expected,2026-06-08T21:47:20Z,c6cc74a6,c6cc74a6#phase10c,challenger-2026-06-06,2026-06-08T21:47:16Z,161,De'Aaron Fox,SAS,NYK,21716136,,ra,12.5,starter,starter,True,,,,31.0015,,34.3368,,0.05,projected,not_available_yet,fallback_used,bdl_plus_nba_official,2026-06-08T21:46:27Z,bdl_lineup_freshness_manifest,,False,False,12.5,0.125,0.875,700.0,-700.0,9.7555,5.7229,7.0,10.0,13.0,0.1869,0.1869,-0.0618,full,ready,,build_derek_forward_feed:v1_model_only_plus_market_reference,ok
2026-06-08,2026-06-08,f4da0f14-6b9f-47b7-bcbc-f5ee557a11a1,morning_expected,2026-06-08T21:47:20Z,c6cc74a6,c6cc74a6#phase10c,challenger-2026-06-06,2026-06-08T21:47:16Z,161,De'Aaron Fox,SAS,NYK,21716136,,ra,11.5,starter,starter,True,,,,31.0015,,34.3368,,0.05,projected,not_available_yet,fallback_used,bdl_plus_nba_official,2026-06-08T21:46:27Z,bdl_lineup_freshness_manifest,,False,False,11.5,0.2304,0.7696,334.0,-334.0,9.7555,5.7229,7.0,10.0,13.0,0.2525,0.2525,-0.0221,full,ready,,build_derek_forward_feed:v1_model_only_plus_market_reference,ok
2026-06-08,2026-06-08,f4da0f14-6b9f-47b7-bcbc-f5ee557a11a1,morning_expected,2026-06-08T21:47:20Z,c6cc74a6,c6cc74a6#phase10c,challenger-2026-06-06,2026-06-08T21:47:16Z,161,De'Aaron Fox,SAS,NYK,21716136,,ra,10.5,starter,starter,True,,,,31.0015,,34.3368,,0.05,projected,not_available_yet,fallback_used,bdl_plus_nba_official,2026-06-08T21:46:27Z,bdl_lineup_freshness_manifest,,False,False,10.5,0.3733,0.6267,168.0,-168.0,9.7555,5.7229,7.0,10.0,13.0,0.3487,0.3487,0.0247,full,ready,,build_derek_forward_feed:v1_model_only_plus_market_reference,ok
2026-06-08,2026-06-08,f4da0f14-6b9f-47b7-bcbc-f5ee557a11a1,morning_expected,2026-06-08T21:47:20Z,c6cc74a6,c6cc74a6#phase10c,challenger-2026-06-06,2026-06-08T21:47:16Z,161,De'Aaron Fox,SAS,NYK,21716136,,ra,9.5,starter,starter,True,,,,31.0015,,34.3368,,0.05,projected,not_available_yet,fallback_used,bdl_plus_nba_official,2026-06-08T21:46:27Z,bdl_lineup_freshness_manifest,,False,False,9.5,0.5382,0.4618,-117.0,117.0,9.7555,5.7229,7.0,10.0,13.0,0.4621,0.4621,0.0762,full,ready,,build_derek_forward_feed:v1_model_only_plus_market_reference,ok
2026-06-08,2026-06-08,f4da0f14-6b9f-47b7-bcbc-f5ee557a11a1,morning_expected,2026-06-08T21:47:20Z,c6cc74a6,c6cc74a6#phase10c,challenger-2026-06-06,2026-06-08T21:47:16Z,161,De'Aaron Fox,SAS,NYK,21716136,,ra,8.5,starter,starter,True,,,,31.0015,,34.3368,,0.05,projected,not_available_yet,fallback_used,bdl_plus_nba_official,2026-06-08T21:46:27Z,bdl_lineup_freshness_manifest,,False,False,8.5,0.6979,0.3021,-231.0,231.0,9.7555,5.7229,7.0,10.0,13.0,0.583,0.583,0.1149,full,ready,,build_derek_forward_feed:v1_model_only_plus_market_reference,ok
2026-06-08,2026-06-08,f4da0f14-6b9f-47b7-bcbc-f5ee557a11a1,morning_expected,2026-06-08T21:47:20Z,c6cc74a6,c6cc74a6#phase10c,challenger-2026-06-06,2026-06-08T21:47:16Z,161,De'Aaron Fox,SAS,NYK,21716136,,ra,7.5,starter,starter,True,,,,31.0015,,34.3368,,0.05,projected,not_available_yet,fallback_used,bdl_plus_nba_official,2026-06-08T21:46:27Z,bdl_lineup_freshness_manifest,,False,False,7.5,0.8297,0.1703,-487.0,487.0,9.7555,5.7229,7.0,10.0,13.0,0.694,0.694,0.1357,full,ready,,build_derek_forward_feed:v1_model_only_plus_market_reference,ok
2026-06-08,2026-06-08,f4da0f14-6b9f-47b7-bcbc-f5ee557a11a1,morning_expected,2026-06-08T21:47:20Z,c6cc74a6,c6cc74a6#phase10c,challenger-2026-06-06,2026-06-08T21:47:16Z,161,De'Aaron Fox,SAS,NYK,21716136,,ra,6.5,starter,starter,True,,,,31.0015,,34.3368,,0.05,projected,not_available_yet,fallback_used,bdl_plus_nba_official,2026-06-08T21:46:27Z,bdl_lineup_freshness_manifest,,False,False,6.5,0.917,0.083,-1105.0,1105.0,9.7555,5.7229,7.0,10.0,13.0,0.792,0.792,0.125,full,ready,,build_derek_forward_feed:v1_model_only_plus_market_reference,ok
2026-06-08,2026-06-08,f4da0f14-6b9f-47b7-bcbc-f5ee557a11a1,morning_expected,2026-06-08T21:47:20Z,c6cc74a6,c6cc74a6#phase10c,challenger-2026-06-06,2026-06-08T21:47:16Z,161,De'Aaron Fox,SAS,NYK,21716136,,ra,8.5,starter,starter,True,,,,31.0015,,34.3368,,0.05,projected,not_available_yet,fallback_used,bdl_plus_nba_official,2026-06-08T21:46:27Z,bdl_lineup_freshness_manifest,,False,False,8.5,0.6979,0.3021,-231.0,231.0,9.7555,5.7229,7.0,10.0,13.0,0.5347,0.5347,0.1632,full,ready,,build_derek_forward_feed:v1_model_only_plus_market_reference,ok
2026-06-08,2026-06-08,f4da0f14-6b9f-47b7-bcbc-f5ee557a11a1,morning_expected,2026-06-08T21:47:20Z,c6cc74a6,c6cc74a6#phase10c,challenger-2026-06-06,2026-06-08T21:47:16Z,161,De'Aaron Fox,SAS,NYK,21716136,,ra,9.5,starter,starter,True,,,,31.0015,,34.3368,,0.05,projected,not_available_yet,fallback_used,bdl_plus_nba_official,2026-06-08T21:46:27Z,bdl_lineup_freshness_manifest,,False,False,9.5,0.5382,0.4618,-117.0,117.0,9.7555,5.7229,7.0,10.0,13.0,0.4838,0.4838,0.0545,full,ready,,build_derek_forward_feed:v1_model_only_plus_market_reference,ok
2026-06-08,2026-06-08,f4da0f14-6b9f-47b7-bcbc-f5ee557a11a1,morning_expected,2026-06-08T21:47:20Z,c6cc74a6,c6cc74a6#phase10c,challenger-2026-06-06,2026-06-08T21:47:16Z,161,De'Aaron Fox,SAS,NYK,21716136,,ra,9.5,starter,starter,True,,,,31.0015,,34.3368,,0.05,projected,not_available_yet,fallback_used,bdl_plus_nba_official,2026-06-08T21:46:27Z,bdl_lineup_freshness_manifest,,False,False,9.5,0.5382,0.4618,-117.0,117.0,9.7555,5.7229,7.0,10.0,13.0,0.4797,0.4797,0.0585,full,ready,,build_derek_forward_feed:v1_model_only_plus_market_reference,ok
2026-06-08,2026-06-08,f4da0f14-6b9f-47b7-bcbc-f5ee557a11a1,morning_expected,2026-06-08T21:47:20Z,c6cc74a6,c6cc74a6#phase10c,challenger-2026-06-06,2026-06-08T21:47:16Z,161,De'Aaron Fox,SAS,NYK,21716136,,ra,8.5,starter,starter,True,,,,31.0015,,34.3368,,0.05,projected,not_available_yet,fallback_used,bdl_plus_nba_official,2026-06-08T21:46:27Z,bdl_lineup_freshness_manifest,,False,False,8.5,0.6979,0.3021,-231.0,231.0,9.7555,5.7229,7.0,10.0,13.0,0.5835,0.5835,0.1144,full,ready,,build_derek_forward_feed:v1_model_only_plus_market_reference,ok
2026-06-08,2026-06-08,f4da0f14-6b9f-47b7-bcbc-f5ee557a11a1,morning_expected,2026-06-08T21:47:20Z,c6cc74a6,c6cc74a6#phase10c,challenger-2026-06-06,2026-06-08T21:47:16Z,161,De'Aaron Fox,SAS,NYK,21716136,,ra,7.5,starter,starter,True,,,,31.0015,,34.3368,,0.05,projected,not_available_yet,fallback_used,bdl_plus_nba_official,2026-06-08T21:46:27Z,bdl_lineup_freshness_manifest,,False,False,7.5,0.8297,0.1703,-487.0,487.0,9.7555,5.7229,7.0,10.0,13.0,0.6875,0.6875,0.1422,full,ready,,build_derek_forward_feed:v1_model_only_plus_market_reference,ok
2026-06-08,2026-06-08,f4da0f14-6b9f-47b7-bcbc-f5ee557a11a1,morning_expected,2026-06-08T21:47:20Z,c6cc74a6,c6cc74a6#phase10c,challenger-2026-06-06,2026-06-08T21:47:16Z,161,De'Aaron Fox,SAS,NYK,21716136,,ra,9.5,starter,starter,True,,,,31.0015,,34.3368,,0.05,projected,not_available_yet,fallback_used,bdl_plus_nba_official,2026-06-08T21:46:27Z,bdl_lineup_freshness_manifest,,False,False,9.5,0.5382,0.4618,-117.0,117.0,9.7555,5.7229,7.0,10.0,13.0,0.4694,0.4694,0.0689,full,ready,,build_derek_forward_feed:v1_model_only_plus_market_reference,ok
2026-06-08,2026-06-08,f4da0f14-6b9f-47b7-bcbc-f5ee557a11a1,morning_expected,2026-06-08T21:47:20Z,c6cc74a6,c6cc74a6#phase10c,challenger-2026-06-06,2026-06-08T21:47:16Z,161,De'Aaron Fox,SAS,NYK,21716136,,ra,9.5,starter,starter,True,,,,31.0015,,34.3368,,0.05,projected,not_available_yet,fallback_used,bdl_plus_nba_official,2026-06-08T21:46:27Z,bdl_lineup_freshness_manifest,,False,False,9.5,0.5382,0.4618,-117.0,117.0,9.7555,5.7229,7.0,10.0,13.0,0.4694,0.4694,0.0689,full,ready,,build_derek_forward_feed:v1_model_only_plus_market_reference,ok
2026-06-08,2026-06-08,f4da0f14-6b9f-47b7-bcbc-f5ee557a11a1,morning_expected,2026-06-08T21:47:20Z,c6cc74a6,c6cc74a6#phase10c,challenger-2026-06-06,2026-06-08T21:47:16Z,161,De'Aaron Fox,SAS,NYK,21716136,,ra,9.5,starter,starter,True,,,,31.0015,,34.3368,,0.05,projected,not_available_yet,fallback_used,bdl_plus_nba_official,2026-06-08T21:46:27Z,bdl_lineup_freshness_manifest,,False,False,9.5,0.5382,0.4618,-117.0,117.0,9.7555,5.7229,7.0,10.0,13.0,0.4694,0.4694,0.0689,full,ready,,build_derek_forward_feed:v1_model_only_plus_market_reference,ok
2026-06-08,2026-06-08,f4da0f14-6b9f-47b7-bcbc-f5ee557a11a1,morning_expected,2026-06-08T21:47:20Z,c6cc74a6,c6cc74a6#phase10c,challenger-2026-06-06,2026-06-08T21:47:16Z,161,De'Aaron Fox,SAS,NYK,21716136,,ra,9.5,starter,starter,True,,,,31.0015,,34.3368,,0.05,projected,not_available_yet,fallback_used,bdl_plus_nba_official,2026-06-08T21:46:27Z,bdl_lineup_freshness_manifest,,False,False,9.5,0.5382,0.4618,-117.0,117.0,9.7555,5.7229,7.0,10.0,13.0,0.4675,0.4675,0.0707,full,ready,,build_derek_forward_feed:v1_model_only_plus_market_reference,ok
2026-06-08,2026-06-08,f4da0f14-6b9f-47b7-bcbc-f5ee557a11a1,morning_expected,2026-06-08T21:47:20Z,c6cc74a6,c6cc74a6#phase10c,challenger-2026-06-06,2026-06-08T21:47:16Z,161,De'Aaron Fox,SAS,NYK,21716136,,ra,9.5,starter,starter,True,,,,31.0015,,34.3368,,0.05,projected,not_available_yet,fallback_used,bdl_plus_nba_official,2026-06-08T21:46:27Z,bdl_lineup_freshness_manifest,,False,False,9.5,0.5382,0.4618,-117.0,117.0,9.7555,5.7229,7.0,10.0,13.0,0.4797,0.4797,0.0585,full,ready,,build_derek_forward_feed:v1_model_only_plus_market_reference,ok
2026-06-08,2026-06-08,f4da0f14-6b9f-47b7-bcbc-f5ee557a11a1,morning_expected,2026-06-08T21:47:20Z,c6cc74a6,c6cc74a6#phase10c,challenger-2026-06-06,2026-06-08T21:47:16Z,161,De'Aaron Fox,SAS,NYK,21716136,,pra,30.5,starter,starter,True,,,,31.0015,,34.3368,,0.05,projected,not_available_yet,fallback_used,bdl_plus_nba_official,2026-06-08T21:46:27Z,bdl_lineup_freshness_manifest,,False,False,30.5,0.2806,0.7194,256.0,-256.0,26.6566,47.4539,18.0,27.0,35.0,0.2228,0.2228,0.0578,full,ready,,build_derek_forward_feed:v1_model_only_plus_market_reference,ok
2026-06-08,2026-06-08,f4da0f14-6b9f-47b7-bcbc-f5ee557a11a1,morning_expected,2026-06-08T21:47:20Z,c6cc74a6,c6cc74a6#phase10c,challenger-2026-06-06,2026-06-08T21:47:16Z,161,De'Aaron Fox,SAS,NYK,21716136,,pra,29.5,starter,starter,True,,,,31.0015,,34.3368,,0.05,projected,not_available_yet,fallback_used,bdl_plus_nba_official,2026-06-08T21:46:27Z,bdl_lineup_freshness_manifest,,False,False,29.5,0.3343,0.6657,199.0,-199.0,26.6566,47.4539,18.0,27.0,35.0,0.2525,0.2525,0.0818,full,ready,,build_derek_forward_feed:v1_model_only_plus_market_reference,ok
2026-06-08,2026-06-08,f4da0f14-6b9f-47b7-bcbc-f5ee557a11a1,morning_expected,2026-06-08T21:47:20Z,c6cc74a6,c6cc74a6#phase10c,challenger-2026-06-06,2026-06-08T21:47:16Z,161,De'Aaron Fox,SAS,NYK,21716136,,pra,28.5,starter,starter,True,,,,31.0015,,34.3368,,0.05,projected,not_available_yet,fallback_used,bdl_plus_nba_official,2026-06-08T21:46:27Z,bdl_lineup_freshness_manifest,,False,False,28.5,0.3918,0.6082,155.0,-155.0,26.6566,47.4539,18.0,27.0,35.0,0.2877,0.2877,0.1041,full,ready,,build_derek_forward_feed:v1_model_only_plus_market_reference,ok
2026-06-08,2026-06-08,f4da0f14-6b9f-47b7-bcbc-f5ee557a11a1,morning_expected,2026-06-08T21:47:20Z,c6cc74a6,c6cc74a6#phase10c,challenger-2026-06-06,2026-06-08T21:47:16Z,161,De'Aaron Fox,SAS,NYK,21716136,,pra,27.5,starter,starter,True,,,,31.0015,,34.3368,,0.05,projected,not_available_yet,fallback_used,bdl_plus_nba_official,2026-06-08T21:46:27Z,bdl_lineup_freshness_manifest,,False,False,27.5,0.4514,0.5486,122.0,-122.0,26.6566,47.4539,18.0,27.0,35.0,0.3318,0.3318,0.1197,full,ready,,build_derek_forward_feed:v1_model_only_plus_market_reference,ok
2026-06-08,2026-06-08,f4da0f14-6b9f-47b7-bcbc-f5ee557a11a1,morning_expected,2026-06-08T21:47:20Z,c6cc74a6,c6cc74a6#phase10c,challenger-2026-06-06,2026-06-08T21:47:16Z,161,De'Aaron Fox,SAS,NYK,21716136,,pra,26.5,starter,starter,True,,,,31.0015,,34.3368,,0.05,projected,not_available_yet,fallback_used,bdl_plus_nba_official,2026-06-08T21:46:27Z,bdl_lineup_freshness_manifest,,False,False,26.5,0.5114,0.4886,-105.0,105.0,26.6566,47.4539,18.0,27.0,35.0,0.3769,0.3769,0.1345,full,ready,,build_derek_forward_feed:v1_model_only_plus_market_reference,ok
2026-06-08,2026-06-08,f4da0f14-6b9f-47b7-bcbc-f5ee557a11a1,morning_expected,2026-06-08T21:47:20Z,c6cc74a6,c6cc74a6#phase10c,challenger-2026-06-06,2026-06-08T21:47:16Z,161,De'Aaron Fox,SAS,NYK,21716136,,pra,25.5,starter,starter,True,,,,31.0015,,34.3368,,0.05,projected,not_available_yet,fallback_used,bdl_plus_nba_official,2026-06-08T21:46:27Z,bdl_lineup_freshness_manifest,,False,False,25.5,0.5697,0.4303,-132.0,132.0,26.6566,47.4539,18.0,27.0,35.0,0.4283,0.4283,0.1414,full,ready,,build_derek_forward_feed:v1_model_only_plus_market_reference,ok
2026-06-08,2026-06-08,f4da0f14-6b9f-47b7-bcbc-f5ee557a11a1,morning_expected,2026-06-08T21:47:20Z,c6cc74a6,c6cc74a6#phase10c,challenger-2026-06-06,2026-06-08T21:47:16Z,161,De'Aaron Fox,SAS,NYK,21716136,,pra,24.5,starter,starter,True,,,,31.0015,,34.3368,,0.05,projected,not_available_yet,fallback_used,bdl_plus_nba_official,2026-06-08T21:46:27Z,bdl_lineup_freshness_manifest,,False,False,24.5,0.6247,0.3753,-166.0,166.0,26.6566,47.4539,18.0,27.0,35.0,0.4808,0.4808,0.1439,full,ready,,build_derek_forward_feed:v1_model_only_plus_market_reference,ok
2026-06-08,2026-06-08,f4da0f14-6b9f-47b7-bcbc-f5ee557a11a1,morning_expected,2026-06-08T21:47:20Z,c6cc74a6,c6cc74a6#phase10c,challenger-2026-06-06,2026-06-08T21:47:16Z,161,De'Aaron Fox,SAS,NYK,21716136,,pra,23.5,starter,starter,True,,,,31.0015,,34.3368,,0.05,projected,not_available_yet,fallback_used,bdl_plus_nba_official,2026-06-08T21:46:27Z,bdl_lineup_freshness_manifest,,False,False,23.5,0.6759,0.3241,-209.0,209.0,26.6566,47.4539,18.0,27.0,35.0,0.5379,0.5379,0.138,full,ready,,build_derek_forward_feed:v1_model_only_plus_market_reference,ok
2026-06-08,2026-06-08,f4da0f14-6b9f-47b7-bcbc-f5ee557a11a1,morning_expected,2026-06-08T21:47:20Z,c6cc74a6,c6cc74a6#phase10c,challenger-2026-06-06,2026-06-08T21:47:16Z,161,De'Aaron Fox,SAS,NYK,21716136,,pra,22.5,starter,starter,True,,,,31.0015,,34.3368,,0.05,projected,not_available_yet,fallback_used,bdl_plus_nba_official,2026-06-08T21:46:27Z,bdl_lineup_freshness_manifest,,False,False,22.5,0.7231,0.2769,-261.0,261.0,26.6566,47.4539,18.0,27.0,35.0,0.5862,0.5862,0.1369,full,ready,,build_derek_forward_feed:v1_model_only_plus_market_reference,ok
2026-06-08,2026-06-08,f4da0f14-6b9f-47b7-bcbc-f5ee557a11a1,morning_expected,2026-06-08T21:47:20Z,c6cc74a6,c6cc74a6#phase10c,challenger-2026-06-06,2026-06-08T21:47:16Z,161,De'Aaron Fox,SAS,NYK,21716136,,pra,21.5,starter,starter,True,,,,31.0015,,34.3368,,0.05,projected,not_available_yet,fallback_used,bdl_plus_nba_official,2026-06-08T21:46:27Z,bdl_lineup_freshness_manifest,,False,False,21.5,0.7668,0.2332,-329.0,329.0,26.6566,47.4539,18.0,27.0,35.0,0.643,0.643,0.1238,full,ready,,build_derek_forward_feed:v1_model_only_plus_market_reference,ok
2026-06-08,2026-06-08,f4da0f14-6b9f-47b7-bcbc-f5ee557a11a1,morning_expected,2026-06-08T21:47:20Z,c6cc74a6,c6cc74a6#phase10c,challenger-2026-06-06,2026-06-08T21:47:16Z,161,De'Aaron Fox,SAS,NYK,21716136,,pra,20.5,starter,starter,True,,,,31.0015,,34.3368,,0.05,projected,not_available_yet,fallback_used,bdl_plus_nba_official,2026-06-08T21:46:27Z,bdl_lineup_freshness_manifest,,False,False,20.5,0.8071,0.1929,-418.0,418.0,26.6566,47.4539,18.0,27.0,35.0,0.6861,0.6861,0.121,full,ready,,build_derek_forward_feed:v1_model_only_plus_market_reference,ok
2026-06-08,2026-06-08,f4da0f14-6b9f-47b7-bcbc-f5ee557a11a1,morning_expected,2026-06-08T21:47:20Z,c6cc74a6,c6cc74a6#phase10c,challenger-2026-06-06,2026-06-08T21:47:16Z,161,De'Aaron Fox,SAS,NYK,21716136,,pra,31.5,starter,starter,True,,,,31.0015,,34.3368,,0.05,projected,not_available_yet,fallback_used,bdl_plus_nba_official,2026-06-08T21:46:27Z,bdl_lineup_freshness_manifest,,False,False,31.5,0.2316,0.7684,332.0,-332.0,26.6566,47.4539,18.0,27.0,35.0,0.1869,0.1869,0.0447,full,ready,,build_derek_forward_feed:v1_model_only_plus_market_reference,ok
2026-06-08,2026-06-08,f4da0f14-6b9f-47b7-bcbc-f5ee557a11a1,morning_expected,2026-06-08T21:47:20Z,c6cc74a6,c6cc74a6#phase10c,challenger-2026-06-06,2026-06-08T21:47:16Z,161,De'Aaron Fox,SAS,NYK,21716136,,pra,19.5,starter,starter,True,,,,31.0015,,34.3368,,0.05,projected,not_available_yet,fallback_used,bdl_plus_nba_official,2026-06-08T21:46:27Z,bdl_lineup_freshness_manifest,,False,False,19.5,0.8438,0.1562,-540.0,540.0,26.6566,47.4539,18.0,27.0,35.0,0.7326,0.7326,0.1113,full,ready,,build_derek_forward_feed:v1_model_only_plus_market_reference,ok
2026-06-08,2026-06-08,f4da0f14-6b9f-47b7-bcbc-f5ee557a11a1,morning_expected,2026-06-08T21:47:20Z,c6cc74a6,c6cc74a6#phase10c,challenger-2026-06-06,2026-06-08T21:47:16Z,161,De'Aaron Fox,SAS,NYK,21716136,,pra,17.5,starter,starter,True,,,,31.0015,,34.3368,,0.05,projected,not_available_yet,fallback_used,bdl_plus_nba_official,2026-06-08T21:46:27Z,bdl_lineup_freshness_manifest,,False,False,17.5,0.9055,0.0945,-959.0,959.0,26.6566,47.4539,18.0,27.0,35.0,0.8131,0.8131,0.0924,full,ready,,build_derek_forward_feed:v1_model_only_plus_market_reference,ok
2026-06-08,2026-06-08,f4da0f14-6b9f-47b7-bcbc-f5ee557a11a1,morning_expected,2026-06-08T21:47:20Z,c6cc74a6,c6cc74a6#phase10c,challenger-2026-06-06,2026-06-08T21:47:16Z,161,De'Aaron Fox,SAS,NYK,21716136,,pra,18.5,starter,starter,True,,,,31.0015,,34.3368,,0.05,projected,not_available_yet,fallback_used,bdl_plus_nba_official,2026-06-08T21:46:27Z,bdl_lineup_freshness_manifest,,False,False,18.5,0.8768,0.1232,-712.0,712.0,26.6566,47.4539,18.0,27.0,35.0,0.7772,0.7772,0.0996,full,ready,,build_derek_forward_feed:v1_model_only_plus_market_reference,ok
2026-06-08,2026-06-08,f4da0f14-6b9f-47b7-bcbc-f5ee557a11a1,morning_expected,2026-06-08T21:47:20Z,c6cc74a6,c6cc74a6#phase10c,challenger-2026-06-06,2026-06-08T21:47:16Z,161,De'Aaron Fox,SAS,NYK,21716136,,pra,32.5,starter,starter,True,,,,31.0015,,34.3368,,0.05,projected,not_available_yet,fallback_used,bdl_plus_nba_official,2026-06-08T21:46:27Z,bdl_lineup_freshness_manifest,,False,False,32.5,0.1881,0.8119,432.0,-432.0,26.6566,47.4539,18.0,27.0,35.0,0.1585,0.1585,0.0296,full,ready,,build_derek_forward_feed:v1_model_only_plus_market_reference,ok
2026-06-08,2026-06-08,f4da0f14-6b9f-47b7-bcbc-f5ee557a11a1,morning_expected,2026-06-08T21:47:20Z,c6cc74a6,c6cc74a6#phase10c,challenger-2026-06-06,2026-06-08T21:47:16Z,161,De'Aaron Fox,SAS,NYK,21716136,,pra,23.5,starter,starter,True,,,,31.0015,,34.3368,,0.05,projected,not_available_yet,fallback_used,bdl_plus_nba_official,2026-06-08T21:46:27Z,bdl_lineup_freshness_manifest,,False,False,23.5,0.6759,0.3241,-209.0,209.0,26.6566,47.4539,18.0,27.0,35.0,0.5082,0.5082,0.1677,full,ready,,build_derek_forward_feed:v1_model_only_plus_market_reference,ok
2026-06-08,2026-06-08,f4da0f14-6b9f-47b7-bcbc-f5ee557a11a1,morning_expected,2026-06-08T21:47:20Z,c6cc74a6,c6cc74a6#phase10c,challenger-2026-06-06,2026-06-08T21:47:16Z,161,De'Aaron Fox,SAS,NYK,21716136,,pra,25.5,starter,starter,True,,,,31.0015,,34.3368,,0.05,projected,not_available_yet,fallback_used,bdl_plus_nba_official,2026-06-08T21:46:27Z,bdl_lineup_freshness_manifest,,False,False,25.5,0.5697,0.4303,-132.0,132.0,26.6566,47.4539,18.0,27.0,35.0,0.4242,0.4242,0.1455,full,ready,,build_derek_forward_feed:v1_model_only_plus_market_reference,ok
2026-06-08,2026-06-08,f4da0f14-6b9f-47b7-bcbc-f5ee557a11a1,morning_expected,2026-06-08T21:47:20Z,c6cc74a6,c6cc74a6#phase10c,challenger-2026-06-06,2026-06-08T21:47:16Z,161,De'Aaron Fox,SAS,NYK,21716136,,pra,23.5,starter,starter,True,,,,31.0015,,34.3368,,0.05,projected,not_available_yet,fallback_used,bdl_plus_nba_official,2026-06-08T21:46:27Z,bdl_lineup_freshness_manifest,,False,False,23.5,0.6759,0.3241,-209.0,209.0,26.6566,47.4539,18.0,27.0,35.0,0.5387,0.5387,0.1372,full,ready,,build_derek_forward_feed:v1_model_only_plus_market_reference,ok
2026-06-08,2026-06-08,f4da0f14-6b9f-47b7-bcbc-f5ee557a11a1,morning_expected,2026-06-08T21:47:20Z,c6cc74a6,c6cc74a6#phase10c,challenger-2026-06-06,2026-06-08T21:47:16Z,161,De'Aaron Fox,SAS,NYK,21716136,,pra,24.5,starter,starter,True,,,,31.0015,,34.3368,,0.05,projected,not_available_yet,fallback_used,bdl_plus_nba_official,2026-06-08T21:46:27Z,bdl_lineup_freshness_manifest,,False,False,24.5,0.6247,0.3753,-166.0,166.0,26.6566,47.4539,18.0,27.0,35.0,0.4813,0.4813,0.1434,full,ready,,build_derek_forward_feed:v1_model_only_plus_market_reference,ok
2026-06-08,2026-06-08,f4da0f14-6b9f-47b7-bcbc-f5ee557a11a1,morning_expected,2026-06-08T21:47:20Z,c6cc74a6,c6cc74a6#phase10c,challenger-2026-06-06,2026-06-08T21:47:16Z,161,De'Aaron Fox,SAS,NYK,21716136,,pra,24.5,starter,starter,True,,,,31.0015,,34.3368,,0.05,projected,not_available_yet,fallback_used,bdl_plus_nba_official,2026-06-08T21:46:27Z,bdl_lineup_freshness_manifest,,False,False,24.5,0.6247,0.3753,-166.0,166.0,26.6566,47.4539,18.0,27.0,35.0,0.4908,0.4908,0.1339,full,ready,,build_derek_forward_feed:v1_model_only_plus_market_reference,ok
2026-06-08,2026-06-08,f4da0f14-6b9f-47b7-bcbc-f5ee557a11a1,morning_expected,2026-06-08T21:47:20Z,c6cc74a6,c6cc74a6#phase10c,challenger-2026-06-06,2026-06-08T21:47:16Z,161,De'Aaron Fox,SAS,NYK,21716136,,pra,24.5,starter,starter,True,,,,31.0015,,34.3368,,0.05,projected,not_available_yet,fallback_used,bdl_plus_nba_official,2026-06-08T21:46:27Z,bdl_lineup_freshness_manifest,,False,False,24.5,0.6247,0.3753,-166.0,166.0,26.6566,47.4539,18.0,27.0,35.0,0.4797,0.4797,0.145,full,ready,,build_derek_forward_feed:v1_model_only_plus_market_reference,ok
2026-06-08,2026-06-08,f4da0f14-6b9f-47b7-bcbc-f5ee557a11a1,morning_expected,2026-06-08T21:47:20Z,c6cc74a6,c6cc74a6#phase10c,challenger-2026-06-06,2026-06-08T21:47:16Z,161,De'Aaron Fox,SAS,NYK,21716136,,pra,25.5,starter,starter,True,,,,31.0015,,34.3368,,0.05,projected,not_available_yet,fallback_used,bdl_plus_nba_official,2026-06-08T21:46:27Z,bdl_lineup_freshness_manifest,,False,False,25.5,0.5697,0.4303,-132.0,132.0,26.6566,47.4539,18.0,27.0,35.0,0.4367,0.4367,0.133,full,ready,,build_derek_forward_feed:v1_model_only_plus_market_reference,ok
2026-06-08,2026-06-08,f4da0f14-6b9f-47b7-bcbc-f5ee557a11a1,morning_expected,2026-06-08T21:47:20Z,c6cc74a6,c6cc74a6#phase10c,challenger-2026-06-06,2026-06-08T21:47:16Z,161,De'Aaron Fox,SAS,NYK,21716136,,pra,24.5,starter,starter,True,,,,31.0015,,34.3368,,0.05,projected,not_available_yet,fallback_used,bdl_plus_nba_official,2026-06-08T21:46:27Z,bdl_lineup_freshness_manifest,,False,False,24.5,0.6247,0.3753,-166.0,166.0,26.6566,47.4539,18.0,27.0,35.0,0.4797,0.4797,0.145,full,ready,,build_derek_forward_feed:v1_model_only_plus_market_reference,ok
2026-06-08,2026-06-08,f4da0f14-6b9f-47b7-bcbc-f5ee557a11a1,morning_expected,2026-06-08T21:47:20Z,c6cc74a6,c6cc74a6#phase10c,challenger-2026-06-06,2026-06-08T21:47:16Z,161,De'Aaron Fox,SAS,NYK,21716136,,pra,23.5,starter,starter,True,,,,31.0015,,34.3368,,0.05,projected,not_available_yet,fallback_used,bdl_plus_nba_official,2026-06-08T21:46:27Z,bdl_lineup_freshness_manifest,,False,False,23.5,0.6759,0.3241,-209.0,209.0,26.6566,47.4539,18.0,27.0,35.0,0.5306,0.5306,0.1453,full,ready,,build_derek_forward_feed:v1_model_only_plus_market_reference,ok
2026-06-08,2026-06-08,f4da0f14-6b9f-47b7-bcbc-f5ee557a11a1,morning_expected,2026-06-08T21:47:20Z,c6cc74a6,c6cc74a6#phase10c,challenger-2026-06-06,2026-06-08T21:47:16Z,161,De'Aaron Fox,SAS,NYK,21716136,,pra,22.5,starter,starter,True,,,,31.0015,,34.3368,,0.05,projected,not_available_yet,fallback_used,bdl_plus_nba_official,2026-06-08T21:46:27Z,bdl_lineup_freshness_manifest,,False,False,22.5,0.7231,0.2769,-261.0,261.0,26.6566,47.4539,18.0,27.0,35.0,0.5752,0.5752,0.1479,full,ready,,build_derek_forward_feed:v1_model_only_plus_market_reference,ok
2026-06-08,2026-06-08,f4da0f14-6b9f-47b7-bcbc-f5ee557a11a1,morning_expected,2026-06-08T21:47:20Z,c6cc74a6,c6cc74a6#phase10c,challenger-2026-06-06,2026-06-08T21:47:16Z,161,De'Aaron Fox,SAS,NYK,21716136,,pra,21.5,starter,starter,True,,,,31.0015,,34.3368,,0.05,projected,not_available_yet,fallback_used,bdl_plus_nba_official,2026-06-08T21:46:27Z,bdl_lineup_freshness_manifest,,False,False,21.5,0.7668,0.2332,-329.0,329.0,26.6566,47.4539,18.0,27.0,35.0,0.6161,0.6161,0.1506,full,ready,,build_derek_forward_feed:v1_model_only_plus_market_reference,ok
2026-06-08,2026-06-08,f4da0f14-6b9f-47b7-bcbc-f5ee557a11a1,morning_expected,2026-06-08T21:47:20Z,c6cc74a6,c6cc74a6#phase10c,challenger-2026-06-06,2026-06-08T21:47:16Z,161,De'Aaron Fox,SAS,NYK,21716136,,pra,24.5,starter,starter,True,,,,31.0015,,34.3368,,0.05,projected,not_available_yet,fallback_used,bdl_plus_nba_official,2026-06-08T21:46:27Z,bdl_lineup_freshness_manifest,,False,False,24.5,0.6247,0.3753,-166.0,166.0,26.6566,47.4539,18.0,27.0,35.0,0.4899,0.4899,0.1349,full,ready,,build_derek_forward_feed:v1_model_only_plus_market_reference,ok
2026-06-08,2026-06-08,f4da0f14-6b9f-47b7-bcbc-f5ee557a11a1,morning_expected,2026-06-08T21:47:20Z,c6cc74a6,c6cc74a6#phase10c,challenger-2026-06-06,2026-06-08T21:47:16Z,161,De'Aaron Fox,SAS,NYK,21716136,,pra,24.5,starter,starter,True,,,,31.0015,,34.3368,,0.05,projected,not_available_yet,fallback_used,bdl_plus_nba_official,2026-06-08T21:46:27Z,bdl_lineup_freshness_manifest,,False,False,24.5,0.6247,0.3753,-166.0,166.0,26.6566,47.4539,18.0,27.0,35.0,0.4899,0.4899,0.1349,full,ready,,build_derek_forward_feed:v1_model_only_plus_market_reference,ok
2026-06-08,2026-06-08,f4da0f14-6b9f-47b7-bcbc-f5ee557a11a1,morning_expected,2026-06-08T21:47:20Z,c6cc74a6,c6cc74a6#phase10c,challenger-2026-06-06,2026-06-08T21:47:16Z,161,De'Aaron Fox,SAS,NYK,21716136,,pra,24.5,starter,starter,True,,,,31.0015,,34.3368,,0.05,projected,not_available_yet,fallback_used,bdl_plus_nba_official,2026-06-08T21:46:27Z,bdl_lineup_freshness_manifest,,False,False,24.5,0.6247,0.3753,-166.0,166.0,26.6566,47.4539,18.0,27.0,35.0,0.4899,0.4899,0.1349,full,ready,,build_derek_forward_feed:v1_model_only_plus_market_reference,ok
2026-06-08,2026-06-08,f4da0f14-6b9f-47b7-bcbc-f5ee557a11a1,morning_expected,2026-06-08T21:47:20Z,c6cc74a6,c6cc74a6#phase10c,challenger-2026-06-06,2026-06-08T21:47:16Z,161,De'Aaron Fox,SAS,NYK,21716136,,pra,24.5,starter,starter,True,,,,31.0015,,34.3368,,0.05,projected,not_available_yet,fallback_used,bdl_plus_nba_official,2026-06-08T21:46:27Z,bdl_lineup_freshness_manifest,,False,False,24.5,0.6247,0.3753,-166.0,166.0,26.6566,47.4539,18.0,27.0,35.0,0.4899,0.4899,0.1349,full,ready,,build_derek_forward_feed:v1_model_only_plus_market_reference,ok
2026-06-08,2026-06-08,f4da0f14-6b9f-47b7-bcbc-f5ee557a11a1,morning_expected,2026-06-08T21:47:20Z,c6cc74a6,c6cc74a6#phase10c,challenger-2026-06-06,2026-06-08T21:47:16Z,161,De'Aaron Fox,SAS,NYK,21716136,,pra,23.5,starter,starter,True,,,,31.0015,,34.3368,,0.05,projected,not_available_yet,fallback_used,bdl_plus_nba_official,2026-06-08T21:46:27Z,bdl_lineup_freshness_manifest,,False,False,23.5,0.6759,0.3241,-209.0,209.0,26.6566,47.4539,18.0,27.0,35.0,0.5411,0.5411,0.1347,full,ready,,build_derek_forward_feed:v1_model_only_plus_market_reference,ok
2026-06-08,2026-06-08,f4da0f14-6b9f-47b7-bcbc-f5ee557a11a1,morning_expected,2026-06-08T21:47:20Z,c6cc74a6,c6cc74a6#phase10c,challenger-2026-06-06,2026-06-08T21:47:16Z,161,De'Aaron Fox,SAS,NYK,21716136,,pra,24.5,starter,starter,True,,,,31.0015,,34.3368,,0.05,projected,not_available_yet,fallback_used,bdl_plus_nba_official,2026-06-08T21:46:27Z,bdl_lineup_freshness_manifest,,False,False,24.5,0.6247,0.3753,-166.0,166.0,26.6566,47.4539,18.0,27.0,35.0,0.482,0.482,0.1428,full,ready,,build_derek_forward_feed:v1_model_only_plus_market_reference,ok
2026-06-08,2026-06-08,f4da0f14-6b9f-47b7-bcbc-f5ee557a11a1,morning_expected,2026-06-08T21:47:20Z,c6cc74a6,c6cc74a6#phase10c,challenger-2026-06-06,2026-06-08T21:47:16Z,161,De'Aaron Fox,SAS,NYK,21716136,,pra,25.5,starter,starter,True,,,,31.0015,,34.3368,,0.05,projected,not_available_yet,fallback_used,bdl_plus_nba_official,2026-06-08T21:46:27Z,bdl_lineup_freshness_manifest,,False,False,25.5,0.5697,0.4303,-132.0,132.0,26.6566,47.4539,18.0,27.0,35.0,0.4242,0.4242,0.1455,full,ready,,build_derek_forward_feed:v1_model_only_plus_market_reference,ok
2026-06-08,2026-06-08,f4da0f14-6b9f-47b7-bcbc-f5ee557a11a1,morning_expected,2026-06-08T21:47:20Z,c6cc74a6,c6cc74a6#phase10c,challenger-2026-06-06,2026-06-08T21:47:16Z,161,De'Aaron Fox,SAS,NYK,21716136,,pra,24.5,starter,starter,True,,,,31.0015,,34.3368,,0.05,projected,not_available_yet,fallback_used,bdl_plus_nba_official,2026-06-08T21:46:27Z,bdl_lineup_freshness_manifest,,False,False,24.5,0.6247,0.3753,-166.0,166.0,26.6566,47.4539,18.0,27.0,35.0,0.4905,0.4905,0.1342,full,ready,,build_derek_forward_feed:v1_model_only_plus_market_reference,ok
2026-06-08,2026-06-08,f4da0f14-6b9f-47b7-bcbc-f5ee557a11a1,morning_expected,2026-06-08T21:47:20Z,c6cc74a6,c6cc74a6#phase10c,challenger-2026-06-06,2026-06-08T21:47:16Z,202,Josh Hart,NYK,SAS,21716136,,pts,13.5,core,core,True,,,,26.1721,,28.3028,,0.05,projected,not_available_yet,fallback_used,bdl_plus_nba_official,2026-06-08T21:46:27Z,bdl_lineup_freshness_manifest,,False,False,13.5,0.3489,0.6511,187.0,-187.0,11.4547,35.188,4.0,11.0,19.0,0.2457,0.2457,0.1032,full,ready,,build_derek_forward_feed:v1_model_only_plus_market_reference,ok
2026-06-08,2026-06-08,f4da0f14-6b9f-47b7-bcbc-f5ee557a11a1,morning_expected,2026-06-08T21:47:20Z,c6cc74a6,c6cc74a6#phase10c,challenger-2026-06-06,2026-06-08T21:47:16Z,202,Josh Hart,NYK,SAS,21716136,,pts,12.5,core,core,True,,,,26.1721,,28.3028,,0.05,projected,not_available_yet,fallback_used,bdl_plus_nba_official,2026-06-08T21:46:27Z,bdl_lineup_freshness_manifest,,False,False,12.5,0.4001,0.5999,150.0,-150.0,11.4547,35.188,4.0,11.0,19.0,0.2924,0.2924,0.1077,full,ready,,build_derek_forward_feed:v1_model_only_plus_market_reference,ok
2026-06-08,2026-06-08,f4da0f14-6b9f-47b7-bcbc-f5ee557a11a1,morning_expected,2026-06-08T21:47:20Z,c6cc74a6,c6cc74a6#phase10c,challenger-2026-06-06,2026-06-08T21:47:16Z,202,Josh Hart,NYK,SAS,21716136,,pts,11.5,core,core,True,,,,26.1721,,28.3028,,0.05,projected,not_available_yet,fallback_used,bdl_plus_nba_official,2026-06-08T21:46:27Z,bdl_lineup_freshness_manifest,,False,False,11.5,0.4561,0.5439,119.0,-119.0,11.4547,35.188,4.0,11.0,19.0,0.3536,0.3536,0.1024,full,ready,,build_derek_forward_feed:v1_model_only_plus_market_reference,ok
2026-06-08,2026-06-08,f4da0f14-6b9f-47b7-bcbc-f5ee557a11a1,morning_expected,2026-06-08T21:47:20Z,c6cc74a6,c6cc74a6#phase10c,challenger-2026-06-06,2026-06-08T21:47:16Z,202,Josh Hart,NYK,SAS,21716136,,pts,10.5,core,core,True,,,,26.1721,,28.3028,,0.05,projected,not_available_yet,fallback_used,bdl_plus_nba_official,2026-06-08T21:46:27Z,bdl_lineup_freshness_manifest,,False,False,10.5,0.5187,0.4813,-108.0,108.0,11.4547,35.188,4.0,11.0,19.0,0.417,0.417,0.1017,full,ready,,build_derek_forward_feed:v1_model_only_plus_market_reference,ok
2026-06-08,2026-06-08,f4da0f14-6b9f-47b7-bcbc-f5ee557a11a1,morning_expected,2026-06-08T21:47:20Z,c6cc74a6,c6cc74a6#phase10c,challenger-2026-06-06,2026-06-08T21:47:16Z,202,Josh Hart,NYK,SAS,21716136,,pts,9.5,core,core,True,,,,26.1721,,28.3028,,0.05,projected,not_available_yet,fallback_used,bdl_plus_nba_official,2026-06-08T21:46:27Z,bdl_lineup_freshness_manifest,,False,False,9.5,0.592,0.408,-145.0,145.0,11.4547,35.188,4.0,11.0,19.0,0.4929,0.4929,0.0992,full,ready,,build_derek_forward_feed:v1_model_only_plus_market_reference,ok
2026-06-08,2026-06-08,f4da0f14-6b9f-47b7-bcbc-f5ee557a11a1,morning_expected,2026-06-08T21:47:20Z,c6cc74a6,c6cc74a6#phase10c,challenger-2026-06-06,2026-06-08T21:47:16Z,202,Josh Hart,NYK,SAS,21716136,,pts,8.5,core,core,True,,,,26.1721,,28.3028,,0.05,projected,not_available_yet,fallback_used,bdl_plus_nba_official,2026-06-08T21:46:27Z,bdl_lineup_freshness_manifest,,False,False,8.5,0.6571,0.3429,-192.0,192.0,11.4547,35.188,4.0,11.0,19.0,0.5717,0.5717,0.0853,full,ready,,build_derek_forward_feed:v1_model_only_plus_market_reference,ok
2026-06-08,2026-06-08,f4da0f14-6b9f-47b7-bcbc-f5ee557a11a1,morning_expected,2026-06-08T21:47:20Z,c6cc74a6,c6cc74a6#phase10c,challenger-2026-06-06,2026-06-08T21:47:16Z,202,Josh Hart,NYK,SAS,21716136,,pts,7.5,core,core,True,,,,26.1721,,28.3028,,0.05,projected,not_available_yet,fallback_used,bdl_plus_nba_official,2026-06-08T21:46:27Z,bdl_lineup_freshness_manifest,,False,False,7.5,0.7209,0.2791,-258.0,258.0,11.4547,35.188,4.0,11.0,19.0,0.6446,0.6446,0.0763,full,ready,,build_derek_forward_feed:v1_model_only_plus_market_reference,ok
2026-06-08,2026-06-08,f4da0f14-6b9f-47b7-bcbc-f5ee557a11a1,morning_expected,2026-06-08T21:47:20Z,c6cc74a6,c6cc74a6#phase10c,challenger-2026-06-06,2026-06-08T21:47:16Z,202,Josh Hart,NYK,SAS,21716136,,pts,6.5,core,core,True,,,,26.1721,,28.3028,,0.05,projected,not_available_yet,fallback_used,bdl_plus_nba_official,2026-06-08T21:46:27Z,bdl_lineup_freshness_manifest,,False,False,6.5,0.7878,0.2122,-371.0,371.0,11.4547,35.188,4.0,11.0,19.0,0.7169,0.7169,0.0709,full,ready,,build_derek_forward_feed:v1_model_only_plus_market_reference,ok
2026-06-08,2026-06-08,f4da0f14-6b9f-47b7-bcbc-f5ee557a11a1,morning_expected,2026-06-08T21:47:20Z,c6cc74a6,c6cc74a6#phase10c,challenger-2026-06-06,2026-06-08T21:47:16Z,202,Josh Hart,NYK,SAS,21716136,,pts,5.5,core,core,True,,,,26.1721,,28.3028,,0.05,projected,not_available_yet,fallback_used,bdl_plus_nba_official,2026-06-08T21:46:27Z,bdl_lineup_freshness_manifest,,False,False,5.5,0.8401,0.1599,-525.0,525.0,11.4547,35.188,4.0,11.0,19.0,0.7778,0.7778,0.0623,full,ready,,build_derek_forward_feed:v1_model_only_plus_market_reference,ok
2026-06-08,2026-06-08,f4da0f14-6b9f-47b7-bcbc-f5ee557a11a1,morning_expected,2026-06-08T21:47:20Z,c6cc74a6,c6cc74a6#phase10c,challenger-2026-06-06,2026-06-08T21:47:16Z,202,Josh Hart,NYK,SAS,21716136,,pts,4.5,core,core,True,,,,26.1721,,28.3028,,0.05,projected,not_available_yet,fallback_used,bdl_plus_nba_official,2026-06-08T21:46:27Z,bdl_lineup_freshness_manifest,,False,False,4.5,0.8846,0.1154,-767.0,767.0,11.4547,35.188,4.0,11.0,19.0,0.8415,0.8415,0.0431,full,ready,,build_derek_forward_feed:v1_model_only_plus_market_reference,ok
2026-06-08,2026-06-08,f4da0f14-6b9f-47b7-bcbc-f5ee557a11a1,morning_expected,2026-06-08T21:47:20Z,c6cc74a6,c6cc74a6#phase10c,challenger-2026-06-06,2026-06-08T21:47:16Z,202,Josh Hart,NYK,SAS,21716136,,pts,9.5,core,core,True,,,,26.1721,,28.3028,,0.05,projected,not_available_yet,fallback_used,bdl_plus_nba_official,2026-06-08T21:46:27Z,bdl_lineup_freshness_manifest,,False,False,9.5,0.592,0.408,-145.0,145.0,11.4547,35.188,4.0,11.0,19.0,0.505,0.505,0.087,full,ready,,build_derek_forward_feed:v1_model_only_plus_market_reference,ok
2026-06-08,2026-06-08,f4da0f14-6b9f-47b7-bcbc-f5ee557a11a1,morning_expected,2026-06-08T21:47:20Z,c6cc74a6,c6cc74a6#phase10c,challenger-2026-06-06,2026-06-08T21:47:16Z,202,Josh Hart,NYK,SAS,21716136,,pts,12.5,core,core,True,,,,26.1721,,28.3028,,0.05,projected,not_available_yet,fallback_used,bdl_plus_nba_official,2026-06-08T21:46:27Z,bdl_lineup_freshness_manifest,,False,False,12.5,0.4001,0.5999,150.0,-150.0,11.4547,35.188,4.0,11.0,19.0,0.3079,0.3079,0.0922,full,ready,,build_derek_forward_feed:v1_model_only_plus_market_reference,ok
2026-06-08,2026-06-08,f4da0f14-6b9f-47b7-bcbc-f5ee557a11a1,morning_expected,2026-06-08T21:47:20Z,c6cc74a6,c6cc74a6#phase10c,challenger-2026-06-06,2026-06-08T21:47:16Z,202,Josh Hart,NYK,SAS,21716136,,pts,11.5,core,core,True,,,,26.1721,,28.3028,,0.05,projected,not_available_yet,fallback_used,bdl_plus_nba_official,2026-06-08T21:46:27Z,bdl_lineup_freshness_manifest,,False,False,11.5,0.4561,0.5439,119.0,-119.0,11.4547,35.188,4.0,11.0,19.0,0.3666,0.3666,0.0894,full,ready,,build_derek_forward_feed:v1_model_only_plus_market_reference,ok
2026-06-08,2026-06-08,f4da0f14-6b9f-47b7-bcbc-f5ee557a11a1,morning_expected,2026-06-08T21:47:20Z,c6cc74a6,c6cc74a6#phase10c,challenger-2026-06-06,2026-06-08T21:47:16Z,202,Josh Hart,NYK,SAS,21716136,,pts,10.5,core,core,True,,,,26.1721,,28.3028,,0.05,projected,not_available_yet,fallback_used,bdl_plus_nba_official,2026-06-08T21:46:27Z,bdl_lineup_freshness_manifest,,False,False,10.5,0.5187,0.4813,-108.0,108.0,11.4547,35.188,4.0,11.0,19.0,0.4248,0.4248,0.0939,full,ready,,build_derek_forward_feed:v1_model_only_plus_market_reference,ok
2026-06-08,2026-06-08,f4da0f14-6b9f-47b7-bcbc-f5ee557a11a1,morning_expected,2026-06-08T21:47:20Z,c6cc74a6,c6cc74a6#phase10c,challenger-2026-06-06,2026-06-08T21:47:16Z,202,Josh Hart,NYK,SAS,21716136,,pts,9.5,core,core,True,,,,26.1721,,28.3028,,0.05,projected,not_available_yet,fallback_used,bdl_plus_nba_official,2026-06-08T21:46:27Z,bdl_lineup_freshness_manifest,,False,False,9.5,0.592,0.408,-145.0,145.0,11.4547,35.188,4.0,11.0,19.0,0.5,0.5,0.092,full,ready,,build_derek_forward_feed:v1_model_only_plus_market_reference,ok
2026-06-08,2026-06-08,f4da0f14-6b9f-47b7-bcbc-f5ee557a11a1,morning_expected,2026-06-08T21:47:20Z,c6cc74a6,c6cc74a6#phase10c,challenger-2026-06-06,2026-06-08T21:47:16Z,202,Josh Hart,NYK,SAS,21716136,,pts,8.5,core,core,True,,,,26.1721,,28.3028,,0.05,projected,not_available_yet,fallback_used,bdl_plus_nba_official,2026-06-08T21:46:27Z,bdl_lineup_freshness_manifest,,False,False,8.5,0.6571,0.3429,-192.0,192.0,11.4547,35.188,4.0,11.0,19.0,0.5752,0.5752,0.0819,full,ready,,build_derek_forward_feed:v1_model_only_plus_market_reference,ok
2026-06-08,2026-06-08,f4da0f14-6b9f-47b7-bcbc-f5ee557a11a1,morning_expected,2026-06-08T21:47:20Z,c6cc74a6,c6cc74a6#phase10c,challenger-2026-06-06,2026-06-08T21:47:16Z,202,Josh Hart,NYK,SAS,21716136,,pts,7.5,core,core,True,,,,26.1721,,28.3028,,0.05,projected,not_available_yet,fallback_used,bdl_plus_nba_official,2026-06-08T21:46:27Z,bdl_lineup_freshness_manifest,,False,False,7.5,0.7209,0.2791,-258.0,258.0,11.4547,35.188,4.0,11.0,19.0,0.653,0.653,0.0679,full,ready,,build_derek_forward_feed:v1_model_only_plus_market_reference,ok
2026-06-08,2026-06-08,f4da0f14-6b9f-47b7-bcbc-f5ee557a11a1,morning_expected,2026-06-08T21:47:20Z,c6cc74a6,c6cc74a6#phase10c,challenger-2026-06-06,2026-06-08T21:47:16Z,202,Josh Hart,NYK,SAS,21716136,,pts,9.5,core,core,True,,,,26.1721,,28.3028,,0.05,projected,not_available_yet,fallback_used,bdl_plus_nba_official,2026-06-08T21:46:27Z,bdl_lineup_freshness_manifest,,False,False,9.5,0.592,0.408,-145.0,145.0,11.4547,35.188,4.0,11.0,19.0,0.4929,0.4929,0.0992,full,ready,,build_derek_forward_feed:v1_model_only_plus_market_reference,ok
2026-06-08,2026-06-08,f4da0f14-6b9f-47b7-bcbc-f5ee557a11a1,morning_expected,2026-06-08T21:47:20Z,c6cc74a6,c6cc74a6#phase10c,challenger-2026-06-06,2026-06-08T21:47:16Z,202,Josh Hart,NYK,SAS,21716136,,pts,9.5,core,core,True,,,,26.1721,,28.3028,,0.05,projected,not_available_yet,fallback_used,bdl_plus_nba_official,2026-06-08T21:46:27Z,bdl_lineup_freshness_manifest,,False,False,9.5,0.592,0.408,-145.0,145.0,11.4547,35.188,4.0,11.0,19.0,0.4842,0.4842,0.1078,full,ready,,build_derek_forward_feed:v1_model_only_plus_market_reference,ok
2026-06-08,2026-06-08,f4da0f14-6b9f-47b7-bcbc-f5ee557a11a1,morning_expected,2026-06-08T21:47:20Z,c6cc74a6,c6cc74a6#phase10c,challenger-2026-06-06,2026-06-08T21:47:16Z,202,Josh Hart,NYK,SAS,21716136,,pts,8.5,core,core,True,,,,26.1721,,28.3028,,0.05,projected,not_available_yet,fallback_used,bdl_plus_nba_official,2026-06-08T21:46:27Z,bdl_lineup_freshness_manifest,,False,False,8.5,0.6571,0.3429,-192.0,192.0,11.4547,35.188,4.0,11.0,19.0,0.5654,0.5654,0.0917,full,ready,,build_derek_forward_feed:v1_model_only_plus_market_reference,ok
2026-06-08,2026-06-08,f4da0f14-6b9f-47b7-bcbc-f5ee557a11a1,morning_expected,2026-06-08T21:47:20Z,c6cc74a6,c6cc74a6#phase10c,challenger-2026-06-06,2026-06-08T21:47:16Z,202,Josh Hart,NYK,SAS,21716136,,pts,9.5,core,core,True,,,,26.1721,,28.3028,,0.05,projected,not_available_yet,fallback_used,bdl_plus_nba_official,2026-06-08T21:46:27Z,bdl_lineup_freshness_manifest,,False,False,9.5,0.592,0.408,-145.0,145.0,11.4547,35.188,4.0,11.0,19.0,0.5218,0.5218,0.0703,full,ready,,build_derek_forward_feed:v1_model_only_plus_market_reference,ok
2026-06-08,2026-06-08,f4da0f14-6b9f-47b7-bcbc-f5ee557a11a1,morning_expected,2026-06-08T21:47:20Z,c6cc74a6,c6cc74a6#phase10c,challenger-2026-06-06,2026-06-08T21:47:16Z,202,Josh Hart,NYK,SAS,21716136,,pts,9.5,core,core,True,,,,26.1721,,28.3028,,0.05,projected,not_available_yet,fallback_used,bdl_plus_nba_official,2026-06-08T21:46:27Z,bdl_lineup_freshness_manifest,,False,False,9.5,0.592,0.408,-145.0,145.0,11.4547,35.188,4.0,11.0,19.0,0.5,0.5,0.092,full,ready,,build_derek_forward_feed:v1_model_only_plus_market_reference,ok
2026-06-08,2026-06-08,f4da0f14-6b9f-47b7-bcbc-f5ee557a11a1,morning_expected,2026-06-08T21:47:20Z,c6cc74a6,c6cc74a6#phase10c,challenger-2026-06-06,2026-06-08T21:47:16Z,202,Josh Hart,NYK,SAS,21716136,,pts,9.5,core,core,True,,,,26.1721,,28.3028,,0.05,projected,not_available_yet,fallback_used,bdl_plus_nba_official,2026-06-08T21:46:27Z,bdl_lineup_freshness_manifest,,False,False,9.5,0.592,0.408,-145.0,145.0,11.4547,35.188,4.0,11.0,19.0,0.5,0.5,0.092,full,ready,,build_derek_forward_feed:v1_model_only_plus_market_reference,ok
2026-06-08,2026-06-08,f4da0f14-6b9f-47b7-bcbc-f5ee557a11a1,morning_expected,2026-06-08T21:47:20Z,c6cc74a6,c6cc74a6#phase10c,challenger-2026-06-06,2026-06-08T21:47:16Z,202,Josh Hart,NYK,SAS,21716136,,pts,9.5,core,core,True,,,,26.1721,,28.3028,,0.05,projected,not_available_yet,fallback_used,bdl_plus_nba_official,2026-06-08T21:46:27Z,bdl_lineup_freshness_manifest,,False,False,9.5,0.592,0.408,-145.0,145.0,11.4547,35.188,4.0,11.0,19.0,0.5,0.5,0.092,full,ready,,build_derek_forward_feed:v1_model_only_plus_market_reference,ok
2026-06-08,2026-06-08,f4da0f14-6b9f-47b7-bcbc-f5ee557a11a1,morning_expected,2026-06-08T21:47:20Z,c6cc74a6,c6cc74a6#phase10c,challenger-2026-06-06,2026-06-08T21:47:16Z,202,Josh Hart,NYK,SAS,21716136,,pts,9.5,core,core,True,,,,26.1721,,28.3028,,0.05,projected,not_available_yet,fallback_used,bdl_plus_nba_official,2026-06-08T21:46:27Z,bdl_lineup_freshness_manifest,,False,False,9.5,0.592,0.408,-145.0,145.0,11.4547,35.188,4.0,11.0,19.0,0.5,0.5,0.092,full,ready,,build_derek_forward_feed:v1_model_only_plus_market_reference,ok
2026-06-08,2026-06-08,f4da0f14-6b9f-47b7-bcbc-f5ee557a11a1,morning_expected,2026-06-08T21:47:20Z,c6cc74a6,c6cc74a6#phase10c,challenger-2026-06-06,2026-06-08T21:47:16Z,202,Josh Hart,NYK,SAS,21716136,,pts,8.5,core,core,True,,,,26.1721,,28.3028,,0.05,projected,not_available_yet,fallback_used,bdl_plus_nba_official,2026-06-08T21:46:27Z,bdl_lineup_freshness_manifest,,False,False,8.5,0.6571,0.3429,-192.0,192.0,11.4547,35.188,4.0,11.0,19.0,0.5752,0.5752,0.0819,full,ready,,build_derek_forward_feed:v1_model_only_plus_market_reference,ok
2026-06-08,2026-06-08,f4da0f14-6b9f-47b7-bcbc-f5ee557a11a1,morning_expected,2026-06-08T21:47:20Z,c6cc74a6,c6cc74a6#phase10c,challenger-2026-06-06,2026-06-08T21:47:16Z,202,Josh Hart,NYK,SAS,21716136,,pts,9.5,core,core,True,,,,26.1721,,28.3028,,0.05,projected,not_available_yet,fallback_used,bdl_plus_nba_official,2026-06-08T21:46:27Z,bdl_lineup_freshness_manifest,,False,False,9.5,0.592,0.408,-145.0,145.0,11.4547,35.188,4.0,11.0,19.0,0.4899,0.4899,0.1022,full,ready,,build_derek_forward_feed:v1_model_only_plus_market_reference,ok
2026-06-08,2026-06-08,f4da0f14-6b9f-47b7-bcbc-f5ee557a11a1,morning_expected,2026-06-08T21:47:20Z,c6cc74a6,c6cc74a6#phase10c,challenger-2026-06-06,2026-06-08T21:47:16Z,202,Josh Hart,NYK,SAS,21716136,,pts,10.5,core,core,True,,,,26.1721,,28.3028,,0.05,projected,not_available_yet,fallback_used,bdl_plus_nba_official,2026-06-08T21:46:27Z,bdl_lineup_freshness_manifest,,False,False,10.5,0.5187,0.4813,-108.0,108.0,11.4547,35.188,4.0,11.0,19.0,0.4248,0.4248,0.0939,full,ready,,build_derek_forward_feed:v1_model_only_plus_market_reference,ok
2026-06-08,2026-06-08,f4da0f14-6b9f-47b7-bcbc-f5ee557a11a1,morning_expected,2026-06-08T21:47:20Z,c6cc74a6,c6cc74a6#phase10c,challenger-2026-06-06,2026-06-08T21:47:16Z,202,Josh Hart,NYK,SAS,21716136,,pts,9.5,core,core,True,,,,26.1721,,28.3028,,0.05,projected,not_available_yet,fallback_used,bdl_plus_nba_official,2026-06-08T21:46:27Z,bdl_lineup_freshness_manifest,,False,False,9.5,0.592,0.408,-145.0,145.0,11.4547,35.188,4.0,11.0,19.0,0.4829,0.4829,0.1092,full,ready,,build_derek_forward_feed:v1_model_only_plus_market_reference,ok
2026-06-08,2026-06-08,f4da0f14-6b9f-47b7-bcbc-f5ee557a11a1,morning_expected,2026-06-08T21:47:20Z,c6cc74a6,c6cc74a6#phase10c,challenger-2026-06-06,2026-06-08T21:47:16Z,202,Josh Hart,NYK,SAS,21716136,,pts,8.5,core,core,True,,,,26.1721,,28.3028,,0.05,projected,not_available_yet,fallback_used,bdl_plus_nba_official,2026-06-08T21:46:27Z,bdl_lineup_freshness_manifest,,False,False,8.5,0.6571,0.3429,-192.0,192.0,11.4547,35.188,4.0,11.0,19.0,0.5654,0.5654,0.0917,full,ready,,build_derek_forward_feed:v1_model_only_plus_market_reference,ok
2026-06-08,2026-06-08,f4da0f14-6b9f-47b7-bcbc-f5ee557a11a1,morning_expected,2026-06-08T21:47:20Z,c6cc74a6,c6cc74a6#phase10c,challenger-2026-06-06,2026-06-08T21:47:16Z,202,Josh Hart,NYK,SAS,21716136,,pts,9.5,core,core,True,,,,26.1721,,28.3028,,0.05,projected,not_available_yet,fallback_used,bdl_plus_nba_official,2026-06-08T21:46:27Z,bdl_lineup_freshness_manifest,,False,False,9.5,0.592,0.408,-145.0,145.0,11.4547,35.188,4.0,11.0,19.0,0.4905,0.4905,0.1015,full,ready,,build_derek_forward_feed:v1_model_only_plus_market_reference,ok
2026-06-08,2026-06-08,f4da0f14-6b9f-47b7-bcbc-f5ee557a11a1,morning_expected,2026-06-08T21:47:20Z,c6cc74a6,c6cc74a6#phase10c,challenger-2026-06-06,2026-06-08T21:47:16Z,202,Josh Hart,NYK,SAS,21716136,,reb,12.5,core,core,True,,,,26.1721,,28.3028,,0.05,projected,not_available_yet,fallback_used,bdl_plus_nba_official,2026-06-08T21:46:27Z,bdl_lineup_freshness_manifest,,False,False,12.5,0.0414,0.9586,2317.0,-2317.0,8.1038,6.4757,5.0,8.0,11.0,0.1585,0.1585,-0.1171,full,ready,,build_derek_forward_feed:v1_model_only_plus_market_reference,ok
2026-06-08,2026-06-08,f4da0f14-6b9f-47b7-bcbc-f5ee557a11a1,morning_expected,2026-06-08T21:47:20Z,c6cc74a6,c6cc74a6#phase10c,challenger-2026-06-06,2026-06-08T21:47:16Z,202,Josh Hart,NYK,SAS,21716136,,reb,11.5,core,core,True,,,,26.1721,,28.3028,,0.05,projected,not_available_yet,fallback_used,bdl_plus_nba_official,2026-06-08T21:46:27Z,bdl_lineup_freshness_manifest,,False,False,11.5,0.0892,0.9108,1021.0,-1021.0,8.1038,6.4757,5.0,8.0,11.0,0.2188,0.2188,-0.1295,full,ready,,build_derek_forward_feed:v1_model_only_plus_market_reference,ok
2026-06-08,2026-06-08,f4da0f14-6b9f-47b7-bcbc-f5ee557a11a1,morning_expected,2026-06-08T21:47:20Z,c6cc74a6,c6cc74a6#phase10c,challenger-2026-06-06,2026-06-08T21:47:16Z,202,Josh Hart,NYK,SAS,21716136,,reb,10.5,core,core,True,,,,26.1721,,28.3028,,0.05,projected,not_available_yet,fallback_used,bdl_plus_nba_official,2026-06-08T21:46:27Z,bdl_lineup_freshness_manifest,,False,False,10.5,0.1691,0.8309,491.0,-491.0,8.1038,6.4757,5.0,8.0,11.0,0.306,0.306,-0.1369,full,ready,,build_derek_forward_feed:v1_model_only_plus_market_reference,ok
2026-06-08,2026-06-08,f4da0f14-6b9f-47b7-bcbc-f5ee557a11a1,morning_expected,2026-06-08T21:47:20Z,c6cc74a6,c6cc74a6#phase10c,challenger-2026-06-06,2026-06-08T21:47:16Z,202,Josh Hart,NYK,SAS,21716136,,reb,9.5,core,core,True,,,,26.1721,,28.3028,,0.05,projected,not_available_yet,fallback_used,bdl_plus_nba_official,2026-06-08T21:46:27Z,bdl_lineup_freshness_manifest,,False,False,9.5,0.2765,0.7235,262.0,-262.0,8.1038,6.4757,5.0,8.0,11.0,0.4023,0.4023,-0.1259,full,ready,,build_derek_forward_feed:v1_model_only_plus_market_reference,ok
2026-06-08,2026-06-08,f4da0f14-6b9f-47b7-bcbc-f5ee557a11a1,morning_expected,2026-06-08T21:47:20Z,c6cc74a6,c6cc74a6#phase10c,challenger-2026-06-06,2026-06-08T21:47:16Z,202,Josh Hart,NYK,SAS,21716136,,reb,8.5,core,core,True,,,,26.1721,,28.3028,,0.05,projected,not_available_yet,fallback_used,bdl_plus_nba_official,2026-06-08T21:46:27Z,bdl_lineup_freshness_manifest,,False,False,8.5,0.414,0.586,142.0,-142.0,8.1038,6.4757,5.0,8.0,11.0,0.4759,0.4759,-0.0619,full,ready,,build_derek_forward_feed:v1_model_only_plus_market_reference,ok
2026-06-08,2026-06-08,f4da0f14-6b9f-47b7-bcbc-f5ee557a11a1,morning_expected,2026-06-08T21:47:20Z,c6cc74a6,c6cc74a6#phase10c,challenger-2026-06-06,2026-06-08T21:47:16Z,202,Josh Hart,NYK,SAS,21716136,,reb,7.5,core,core,True,,,,26.1721,,28.3028,,0.05,projected,not_available_yet,fallback_used,bdl_plus_nba_official,2026-06-08T21:46:27Z,bdl_lineup_freshness_manifest,,False,False,7.5,0.5942,0.4058,-146.0,146.0,8.1038,6.4757,5.0,8.0,11.0,0.6055,0.6055,-0.0113,full,ready,,build_derek_forward_feed:v1_model_only_plus_market_reference,ok
2026-06-08,2026-06-08,f4da0f14-6b9f-47b7-bcbc-f5ee557a11a1,morning_expected,2026-06-08T21:47:20Z,c6cc74a6,c6cc74a6#phase10c,challenger-2026-06-06,2026-06-08T21:47:16Z,202,Josh Hart,NYK,SAS,21716136,,reb,6.5,core,core,True,,,,26.1721,,28.3028,,0.05,projected,not_available_yet,fallback_used,bdl_plus_nba_official,2026-06-08T21:46:27Z,bdl_lineup_freshness_manifest,,False,False,6.5,0.7412,0.2588,-286.0,286.0,8.1038,6.4757,5.0,8.0,11.0,0.7123,0.7123,0.0289,full,ready,,build_derek_forward_feed:v1_model_only_plus_market_reference,ok
2026-06-08,2026-06-08,f4da0f14-6b9f-47b7-bcbc-f5ee557a11a1,morning_expected,2026-06-08T21:47:20Z,c6cc74a6,c6cc74a6#phase10c,challenger-2026-06-06,2026-06-08T21:47:16Z,202,Josh Hart,NYK,SAS,21716136,,reb,8.5,core,core,True,,,,26.1721,,28.3028,,0.05,projected,not_available_yet,fallback_used,bdl_plus_nba_official,2026-06-08T21:46:27Z,bdl_lineup_freshness_manifest,,False,False,8.5,0.414,0.586,142.0,-142.0,8.1038,6.4757,5.0,8.0,11.0,0.4718,0.4718,-0.0579,full,ready,,build_derek_forward_feed:v1_model_only_plus_market_reference,ok
2026-06-08,2026-06-08,f4da0f14-6b9f-47b7-bcbc-f5ee557a11a1,morning_expected,2026-06-08T21:47:20Z,c6cc74a6,c6cc74a6#phase10c,challenger-2026-06-06,2026-06-08T21:47:16Z,202,Josh Hart,NYK,SAS,21716136,,reb,5.5,core,core,True,,,,26.1721,,28.3028,,0.05,projected,not_available_yet,fallback_used,bdl_plus_nba_official,2026-06-08T21:46:27Z,bdl_lineup_freshness_manifest,,False,False,5.5,0.865,0.135,-641.0,641.0,8.1038,6.4757,5.0,8.0,11.0,0.8094,0.8094,0.0556,full,ready,,build_derek_forward_feed:v1_model_only_plus_market_reference,ok
2026-06-08,2026-06-08,f4da0f14-6b9f-47b7-bcbc-f5ee557a11a1,morning_expected,2026-06-08T21:47:20Z,c6cc74a6,c6cc74a6#phase10c,challenger-2026-06-06,2026-06-08T21:47:16Z,202,Josh Hart,NYK,SAS,21716136,,reb,8.5,core,core,True,,,,26.1721,,28.3028,,0.05,projected,not_available_yet,fallback_used,bdl_plus_nba_official,2026-06-08T21:46:27Z,bdl_lineup_freshness_manifest,,False,False,8.5,0.414,0.586,142.0,-142.0,8.1038,6.4757,5.0,8.0,11.0,0.4899,0.4899,-0.0759,full,ready,,build_derek_forward_feed:v1_model_only_plus_market_reference,ok
2026-06-08,2026-06-08,f4da0f14-6b9f-47b7-bcbc-f5ee557a11a1,morning_expected,2026-06-08T21:47:20Z,c6cc74a6,c6cc74a6#phase10c,challenger-2026-06-06,2026-06-08T21:47:16Z,202,Josh Hart,NYK,SAS,21716136,,reb,8.5,core,core,True,,,,26.1721,,28.3028,,0.05,projected,not_available_yet,fallback_used,bdl_plus_nba_official,2026-06-08T21:46:27Z,bdl_lineup_freshness_manifest,,False,False,8.5,0.414,0.586,142.0,-142.0,8.1038,6.4757,5.0,8.0,11.0,0.4698,0.4698,-0.0558,full,ready,,build_derek_forward_feed:v1_model_only_plus_market_reference,ok
2026-06-08,2026-06-08,f4da0f14-6b9f-47b7-bcbc-f5ee557a11a1,morning_expected,2026-06-08T21:47:20Z,c6cc74a6,c6cc74a6#phase10c,challenger-2026-06-06,2026-06-08T21:47:16Z,202,Josh Hart,NYK,SAS,21716136,,reb,8.5,core,core,True,,,,26.1721,,28.3028,,0.05,projected,not_available_yet,fallback_used,bdl_plus_nba_official,2026-06-08T21:46:27Z,bdl_lineup_freshness_manifest,,False,False,8.5,0.414,0.586,142.0,-142.0,8.1038,6.4757,5.0,8.0,11.0,0.4698,0.4698,-0.0558,full,ready,,build_derek_forward_feed:v1_model_only_plus_market_reference,ok
2026-06-08,2026-06-08,f4da0f14-6b9f-47b7-bcbc-f5ee557a11a1,morning_expected,2026-06-08T21:47:20Z,c6cc74a6,c6cc74a6#phase10c,challenger-2026-06-06,2026-06-08T21:47:16Z,202,Josh Hart,NYK,SAS,21716136,,reb,9.5,core,core,True,,,,26.1721,,28.3028,,0.05,projected,not_available_yet,fallback_used,bdl_plus_nba_official,2026-06-08T21:46:27Z,bdl_lineup_freshness_manifest,,False,False,9.5,0.2765,0.7235,262.0,-262.0,8.1038,6.4757,5.0,8.0,11.0,0.3604,0.3604,-0.084,full,ready,,build_derek_forward_feed:v1_model_only_plus_market_reference,ok
2026-06-08,2026-06-08,f4da0f14-6b9f-47b7-bcbc-f5ee557a11a1,morning_expected,2026-06-08T21:47:20Z,c6cc74a6,c6cc74a6#phase10c,challenger-2026-06-06,2026-06-08T21:47:16Z,202,Josh Hart,NYK,SAS,21716136,,reb,8.5,core,core,True,,,,26.1721,,28.3028,,0.05,projected,not_available_yet,fallback_used,bdl_plus_nba_official,2026-06-08T21:46:27Z,bdl_lineup_freshness_manifest,,False,False,8.5,0.414,0.586,142.0,-142.0,8.1038,6.4757,5.0,8.0,11.0,0.4694,0.4694,-0.0554,full,ready,,build_derek_forward_feed:v1_model_only_plus_market_reference,ok
2026-06-08,2026-06-08,f4da0f14-6b9f-47b7-bcbc-f5ee557a11a1,morning_expected,2026-06-08T21:47:20Z,c6cc74a6,c6cc74a6#phase10c,challenger-2026-06-06,2026-06-08T21:47:16Z,202,Josh Hart,NYK,SAS,21716136,,reb,7.5,core,core,True,,,,26.1721,,28.3028,,0.05,projected,not_available_yet,fallback_used,bdl_plus_nba_official,2026-06-08T21:46:27Z,bdl_lineup_freshness_manifest,,False,False,7.5,0.5942,0.4058,-146.0,146.0,8.1038,6.4757,5.0,8.0,11.0,0.5915,0.5915,0.0027,full,ready,,build_derek_forward_feed:v1_model_only_plus_market_reference,ok
2026-06-08,2026-06-08,f4da0f14-6b9f-47b7-bcbc-f5ee557a11a1,morning_expected,2026-06-08T21:47:20Z,c6cc74a6,c6cc74a6#phase10c,challenger-2026-06-06,2026-06-08T21:47:16Z,202,Josh Hart,NYK,SAS,21716136,,reb,8.5,core,core,True,,,,26.1721,,28.3028,,0.05,projected,not_available_yet,fallback_used,bdl_plus_nba_official,2026-06-08T21:46:27Z,bdl_lineup_freshness_manifest,,False,False,8.5,0.414,0.586,142.0,-142.0,8.1038,6.4757,5.0,8.0,11.0,0.4899,0.4899,-0.0759,full,ready,,build_derek_forward_feed:v1_model_only_plus_market_reference,ok
2026-06-08,2026-06-08,f4da0f14-6b9f-47b7-bcbc-f5ee557a11a1,morning_expected,2026-06-08T21:47:20Z,c6cc74a6,c6cc74a6#phase10c,challenger-2026-06-06,2026-06-08T21:47:16Z,202,Josh Hart,NYK,SAS,21716136,,reb,8.5,core,core,True,,,,26.1721,,28.3028,,0.05,projected,not_available_yet,fallback_used,bdl_plus_nba_official,2026-06-08T21:46:27Z,bdl_lineup_freshness_manifest,,False,False,8.5,0.414,0.586,142.0,-142.0,8.1038,6.4757,5.0,8.0,11.0,0.4899,0.4899,-0.0759,full,ready,,build_derek_forward_feed:v1_model_only_plus_market_reference,ok
2026-06-08,2026-06-08,f4da0f14-6b9f-47b7-bcbc-f5ee557a11a1,morning_expected,2026-06-08T21:47:20Z,c6cc74a6,c6cc74a6#phase10c,challenger-2026-06-06,2026-06-08T21:47:16Z,202,Josh Hart,NYK,SAS,21716136,,reb,8.5,core,core,True,,,,26.1721,,28.3028,,0.05,projected,not_available_yet,fallback_used,bdl_plus_nba_official,2026-06-08T21:46:27Z,bdl_lineup_freshness_manifest,,False,False,8.5,0.414,0.586,142.0,-142.0,8.1038,6.4757,5.0,8.0,11.0,0.4899,0.4899,-0.0759,full,ready,,build_derek_forward_feed:v1_model_only_plus_market_reference,ok
2026-06-08,2026-06-08,f4da0f14-6b9f-47b7-bcbc-f5ee557a11a1,morning_expected,2026-06-08T21:47:20Z,c6cc74a6,c6cc74a6#phase10c,challenger-2026-06-06,2026-06-08T21:47:16Z,202,Josh Hart,NYK,SAS,21716136,,reb,8.5,core,core,True,,,,26.1721,,28.3028,,0.05,projected,not_available_yet,fallback_used,bdl_plus_nba_official,2026-06-08T21:46:27Z,bdl_lineup_freshness_manifest,,False,False,8.5,0.414,0.586,142.0,-142.0,8.1038,6.4757,5.0,8.0,11.0,0.4761,0.4761,-0.0622,full,ready,,build_derek_forward_feed:v1_model_only_plus_market_reference,ok
2026-06-08,2026-06-08,f4da0f14-6b9f-47b7-bcbc-f5ee557a11a1,morning_expected,2026-06-08T21:47:20Z,c6cc74a6,c6cc74a6#phase10c,challenger-2026-06-06,2026-06-08T21:47:16Z,202,Josh Hart,NYK,SAS,21716136,,reb,8.5,core,core,True,,,,26.1721,,28.3028,,0.05,projected,not_available_yet,fallback_used,bdl_plus_nba_official,2026-06-08T21:46:27Z,bdl_lineup_freshness_manifest,,False,False,8.5,0.414,0.586,142.0,-142.0,8.1038,6.4757,5.0,8.0,11.0,0.4677,0.4677,-0.0538,full,ready,,build_derek_forward_feed:v1_model_only_plus_market_reference,ok
2026-06-08,2026-06-08,f4da0f14-6b9f-47b7-bcbc-f5ee557a11a1,morning_expected,2026-06-08T21:47:20Z,c6cc74a6,c6cc74a6#phase10c,challenger-2026-06-06,2026-06-08T21:47:16Z,202,Josh Hart,NYK,SAS,21716136,,reb,7.5,core,core,True,,,,26.1721,,28.3028,,0.05,projected,not_available_yet,fallback_used,bdl_plus_nba_official,2026-06-08T21:46:27Z,bdl_lineup_freshness_manifest,,False,False,7.5,0.5942,0.4058,-146.0,146.0,8.1038,6.4757,5.0,8.0,11.0,0.6017,0.6017,-0.0075,full,ready,,build_derek_forward_feed:v1_model_only_plus_market_reference,ok
2026-06-08,2026-06-08,f4da0f14-6b9f-47b7-bcbc-f5ee557a11a1,morning_expected,2026-06-08T21:47:20Z,c6cc74a6,c6cc74a6#phase10c,challenger-2026-06-06,2026-06-08T21:47:16Z,202,Josh Hart,NYK,SAS,21716136,,reb,8.5,core,core,True,,,,26.1721,,28.3028,,0.05,projected,not_available_yet,fallback_used,bdl_plus_nba_official,2026-06-08T21:46:27Z,bdl_lineup_freshness_manifest,,False,False,8.5,0.414,0.586,142.0,-142.0,8.1038,6.4757,5.0,8.0,11.0,0.4797,0.4797,-0.0657,full,ready,,build_derek_forward_feed:v1_model_only_plus_market_reference,ok
2026-06-08,2026-06-08,f4da0f14-6b9f-47b7-bcbc-f5ee557a11a1,morning_expected,2026-06-08T21:47:20Z,c6cc74a6,c6cc74a6#phase10c,challenger-2026-06-06,2026-06-08T21:47:16Z,202,Josh Hart,NYK,SAS,21716136,,reb,9.5,core,core,True,,,,26.1721,,28.3028,,0.05,projected,not_available_yet,fallback_used,bdl_plus_nba_official,2026-06-08T21:46:27Z,bdl_lineup_freshness_manifest,,False,False,9.5,0.2765,0.7235,262.0,-262.0,8.1038,6.4757,5.0,8.0,11.0,0.3887,0.3887,-0.1123,full,ready,,build_derek_forward_feed:v1_model_only_plus_market_reference,ok
2026-06-08,2026-06-08,f4da0f14-6b9f-47b7-bcbc-f5ee557a11a1,morning_expected,2026-06-08T21:47:20Z,c6cc74a6,c6cc74a6#phase10c,challenger-2026-06-06,2026-06-08T21:47:16Z,202,Josh Hart,NYK,SAS,21716136,,reb,8.5,core,core,True,,,,26.1721,,28.3028,,0.05,projected,not_available_yet,fallback_used,bdl_plus_nba_official,2026-06-08T21:46:27Z,bdl_lineup_freshness_manifest,,False,False,8.5,0.414,0.586,142.0,-142.0,8.1038,6.4757,5.0,8.0,11.0,0.4905,0.4905,-0.0765,full,ready,,build_derek_forward_feed:v1_model_only_plus_market_reference,ok
2026-06-08,2026-06-08,f4da0f14-6b9f-47b7-bcbc-f5ee557a11a1,morning_expected,2026-06-08T21:47:20Z,c6cc74a6,c6cc74a6#phase10c,challenger-2026-06-06,2026-06-08T21:47:16Z,202,Josh Hart,NYK,SAS,21716136,,ast,4.5,core,core,True,,,,26.1721,,28.3028,,0.05,projected,not_available_yet,fallback_used,bdl_plus_nba_official,2026-06-08T21:46:27Z,bdl_lineup_freshness_manifest,,False,False,4.5,0.4748,0.5252,111.0,-111.0,4.3558,3.3361,2.0,4.0,6.0,0.5089,0.5089,-0.0342,full,ready,,build_derek_forward_feed:v1_model_only_plus_market_reference,ok
2026-06-08,2026-06-08,f4da0f14-6b9f-47b7-bcbc-f5ee557a11a1,morning_expected,2026-06-08T21:47:20Z,c6cc74a6,c6cc74a6#phase10c,challenger-2026-06-06,2026-06-08T21:47:16Z,202,Josh Hart,NYK,SAS,21716136,,ast,5.5,core,core,True,,,,26.1721,,28.3028,,0.05,projected,not_available_yet,fallback_used,bdl_plus_nba_official,2026-06-08T21:46:27Z,bdl_lineup_freshness_manifest,,False,False,5.5,0.2458,0.7542,307.0,-307.0,4.3558,3.3361,2.0,4.0,6.0,0.3346,0.3346,-0.0888,full,ready,,build_derek_forward_feed:v1_model_only_plus_market_reference,ok
2026-06-08,2026-06-08,f4da0f14-6b9f-47b7-bcbc-f5ee557a11a1,morning_expected,2026-06-08T21:47:20Z,c6cc74a6,c6cc74a6#phase10c,challenger-2026-06-06,2026-06-08T21:47:16Z,202,Josh Hart,NYK,SAS,21716136,,ast,4.5,core,core,True,,,,26.1721,,28.3028,,0.05,projected,not_available_yet,fallback_used,bdl_plus_nba_official,2026-06-08T21:46:27Z,bdl_lineup_freshness_manifest,,False,False,4.5,0.4748,0.5252,111.0,-111.0,4.3558,3.3361,2.0,4.0,6.0,0.4899,0.4899,-0.0151,full,ready,,build_derek_forward_feed:v1_model_only_plus_market_reference,ok
2026-06-08,2026-06-08,f4da0f14-6b9f-47b7-bcbc-f5ee557a11a1,morning_expected,2026-06-08T21:47:20Z,c6cc74a6,c6cc74a6#phase10c,challenger-2026-06-06,2026-06-08T21:47:16Z,202,Josh Hart,NYK,SAS,21716136,,ast,3.5,core,core,True,,,,26.1721,,28.3028,,0.05,projected,not_available_yet,fallback_used,bdl_plus_nba_official,2026-06-08T21:46:27Z,bdl_lineup_freshness_manifest,,False,False,3.5,0.7195,0.2805,-257.0,257.0,4.3558,3.3361,2.0,4.0,6.0,0.66,0.66,0.0595,full,ready,,build_derek_forward_feed:v1_model_only_plus_market_reference,ok
2026-06-08,2026-06-08,f4da0f14-6b9f-47b7-bcbc-f5ee557a11a1,morning_expected,2026-06-08T21:47:20Z,c6cc74a6,c6cc74a6#phase10c,challenger-2026-06-06,2026-06-08T21:47:16Z,202,Josh Hart,NYK,SAS,21716136,,ast,4.5,core,core,True,,,,26.1721,,28.3028,,0.05,projected,not_available_yet,fallback_used,bdl_plus_nba_official,2026-06-08T21:46:27Z,bdl_lineup_freshness_manifest,,False,False,4.5,0.4748,0.5252,111.0,-111.0,4.3558,3.3361,2.0,4.0,6.0,0.5203,0.5203,-0.0455,full,ready,,build_derek_forward_feed:v1_model_only_plus_market_reference,ok
2026-06-08,2026-06-08,f4da0f14-6b9f-47b7-bcbc-f5ee557a11a1,morning_expected,2026-06-08T21:47:20Z,c6cc74a6,c6cc74a6#phase10c,challenger-2026-06-06,2026-06-08T21:47:16Z,202,Josh Hart,NYK,SAS,21716136,,ast,4.5,core,core,True,,,,26.1721,,28.3028,,0.05,projected,not_available_yet,fallback_used,bdl_plus_nba_official,2026-06-08T21:46:27Z,bdl_lineup_freshness_manifest,,False,False,4.5,0.4748,0.5252,111.0,-111.0,4.3558,3.3361,2.0,4.0,6.0,0.5138,0.5138,-0.039,full,ready,,build_derek_forward_feed:v1_model_only_plus_market_reference,ok
2026-06-08,2026-06-08,f4da0f14-6b9f-47b7-bcbc-f5ee557a11a1,morning_expected,2026-06-08T21:47:20Z,c6cc74a6,c6cc74a6#phase10c,challenger-2026-06-06,2026-06-08T21:47:16Z,202,Josh Hart,NYK,SAS,21716136,,ast,4.5,core,core,True,,,,26.1721,,28.3028,,0.05,projected,not_available_yet,fallback_used,bdl_plus_nba_official,2026-06-08T21:46:27Z,bdl_lineup_freshness_manifest,,False,False,4.5,0.4748,0.5252,111.0,-111.0,4.3558,3.3361,2.0,4.0,6.0,0.4896,0.4896,-0.0148,full,ready,,build_derek_forward_feed:v1_model_only_plus_market_reference,ok
2026-06-08,2026-06-08,f4da0f14-6b9f-47b7-bcbc-f5ee557a11a1,morning_expected,2026-06-08T21:47:20Z,c6cc74a6,c6cc74a6#phase10c,challenger-2026-06-06,2026-06-08T21:47:16Z,202,Josh Hart,NYK,SAS,21716136,,ast,4.5,core,core,True,,,,26.1721,,28.3028,,0.05,projected,not_available_yet,fallback_used,bdl_plus_nba_official,2026-06-08T21:46:27Z,bdl_lineup_freshness_manifest,,False,False,4.5,0.4748,0.5252,111.0,-111.0,4.3558,3.3361,2.0,4.0,6.0,0.4949,0.4949,-0.0201,full,ready,,build_derek_forward_feed:v1_model_only_plus_market_reference,ok
2026-06-08,2026-06-08,f4da0f14-6b9f-47b7-bcbc-f5ee557a11a1,morning_expected,2026-06-08T21:47:20Z,c6cc74a6,c6cc74a6#phase10c,challenger-2026-06-06,2026-06-08T21:47:16Z,202,Josh Hart,NYK,SAS,21716136,,ast,4.5,core,core,True,,,,26.1721,,28.3028,,0.05,projected,not_available_yet,fallback_used,bdl_plus_nba_official,2026-06-08T21:46:27Z,bdl_lineup_freshness_manifest,,False,False,4.5,0.4748,0.5252,111.0,-111.0,4.3558,3.3361,2.0,4.0,6.0,0.5,0.5,-0.0252,full,ready,,build_derek_forward_feed:v1_model_only_plus_market_reference,ok
2026-06-08,2026-06-08,f4da0f14-6b9f-47b7-bcbc-f5ee557a11a1,morning_expected,2026-06-08T21:47:20Z,c6cc74a6,c6cc74a6#phase10c,challenger-2026-06-06,2026-06-08T21:47:16Z,202,Josh Hart,NYK,SAS,21716136,,ast,4.5,core,core,True,,,,26.1721,,28.3028,,0.05,projected,not_available_yet,fallback_used,bdl_plus_nba_official,2026-06-08T21:46:27Z,bdl_lineup_freshness_manifest,,False,False,4.5,0.4748,0.5252,111.0,-111.0,4.3558,3.3361,2.0,4.0,6.0,0.5209,0.5209,-0.0461,full,ready,,build_derek_forward_feed:v1_model_only_plus_market_reference,ok
2026-06-08,2026-06-08,f4da0f14-6b9f-47b7-bcbc-f5ee557a11a1,morning_expected,2026-06-08T21:47:20Z,c6cc74a6,c6cc74a6#phase10c,challenger-2026-06-06,2026-06-08T21:47:16Z,202,Josh Hart,NYK,SAS,21716136,,ast,4.5,core,core,True,,,,26.1721,,28.3028,,0.05,projected,not_available_yet,fallback_used,bdl_plus_nba_official,2026-06-08T21:46:27Z,bdl_lineup_freshness_manifest,,False,False,4.5,0.4748,0.5252,111.0,-111.0,4.3558,3.3361,2.0,4.0,6.0,0.5,0.5,-0.0252,full,ready,,build_derek_forward_feed:v1_model_only_plus_market_reference,ok
2026-06-08,2026-06-08,f4da0f14-6b9f-47b7-bcbc-f5ee557a11a1,morning_expected,2026-06-08T21:47:20Z,c6cc74a6,c6cc74a6#phase10c,challenger-2026-06-06,2026-06-08T21:47:16Z,202,Josh Hart,NYK,SAS,21716136,,ast,3.5,core,core,True,,,,26.1721,,28.3028,,0.05,projected,not_available_yet,fallback_used,bdl_plus_nba_official,2026-06-08T21:46:27Z,bdl_lineup_freshness_manifest,,False,False,3.5,0.7195,0.2805,-257.0,257.0,4.3558,3.3361,2.0,4.0,6.0,0.6768,0.6768,0.0427,full,ready,,build_derek_forward_feed:v1_model_only_plus_market_reference,ok
2026-06-08,2026-06-08,f4da0f14-6b9f-47b7-bcbc-f5ee557a11a1,morning_expected,2026-06-08T21:47:20Z,c6cc74a6,c6cc74a6#phase10c,challenger-2026-06-06,2026-06-08T21:47:16Z,202,Josh Hart,NYK,SAS,21716136,,ast,4.5,core,core,True,,,,26.1721,,28.3028,,0.05,projected,not_available_yet,fallback_used,bdl_plus_nba_official,2026-06-08T21:46:27Z,bdl_lineup_freshness_manifest,,False,False,4.5,0.4748,0.5252,111.0,-111.0,4.3558,3.3361,2.0,4.0,6.0,0.5,0.5,-0.0252,full,ready,,build_derek_forward_feed:v1_model_only_plus_market_reference,ok
2026-06-08,2026-06-08,f4da0f14-6b9f-47b7-bcbc-f5ee557a11a1,morning_expected,2026-06-08T21:47:20Z,c6cc74a6,c6cc74a6#phase10c,challenger-2026-06-06,2026-06-08T21:47:16Z,202,Josh Hart,NYK,SAS,21716136,,ast,5.5,core,core,True,,,,26.1721,,28.3028,,0.05,projected,not_available_yet,fallback_used,bdl_plus_nba_official,2026-06-08T21:46:27Z,bdl_lineup_freshness_manifest,,False,False,5.5,0.2458,0.7542,307.0,-307.0,4.3558,3.3361,2.0,4.0,6.0,0.375,0.375,-0.1292,full,ready,,build_derek_forward_feed:v1_model_only_plus_market_reference,ok
2026-06-08,2026-06-08,f4da0f14-6b9f-47b7-bcbc-f5ee557a11a1,morning_expected,2026-06-08T21:47:20Z,c6cc74a6,c6cc74a6#phase10c,challenger-2026-06-06,2026-06-08T21:47:16Z,202,Josh Hart,NYK,SAS,21716136,,ast,4.5,core,core,True,,,,26.1721,,28.3028,,0.05,projected,not_available_yet,fallback_used,bdl_plus_nba_official,2026-06-08T21:46:27Z,bdl_lineup_freshness_manifest,,False,False,4.5,0.4748,0.5252,111.0,-111.0,4.3558,3.3361,2.0,4.0,6.0,0.5131,0.5131,-0.0383,full,ready,,build_derek_forward_feed:v1_model_only_plus_market_reference,ok
2026-06-08,2026-06-08,f4da0f14-6b9f-47b7-bcbc-f5ee557a11a1,morning_expected,2026-06-08T21:47:20Z,c6cc74a6,c6cc74a6#phase10c,challenger-2026-06-06,2026-06-08T21:47:16Z,202,Josh Hart,NYK,SAS,21716136,,ast,4.5,core,core,True,,,,26.1721,,28.3028,,0.05,projected,not_available_yet,fallback_used,bdl_plus_nba_official,2026-06-08T21:46:27Z,bdl_lineup_freshness_manifest,,False,False,4.5,0.4748,0.5252,111.0,-111.0,4.3558,3.3361,2.0,4.0,6.0,0.5,0.5,-0.0252,full,ready,,build_derek_forward_feed:v1_model_only_plus_market_reference,ok
2026-06-08,2026-06-08,f4da0f14-6b9f-47b7-bcbc-f5ee557a11a1,morning_expected,2026-06-08T21:47:20Z,c6cc74a6,c6cc74a6#phase10c,challenger-2026-06-06,2026-06-08T21:47:16Z,202,Josh Hart,NYK,SAS,21716136,,ast,4.5,core,core,True,,,,26.1721,,28.3028,,0.05,projected,not_available_yet,fallback_used,bdl_plus_nba_official,2026-06-08T21:46:27Z,bdl_lineup_freshness_manifest,,False,False,4.5,0.4748,0.5252,111.0,-111.0,4.3558,3.3361,2.0,4.0,6.0,0.5095,0.5095,-0.0347,full,ready,,build_derek_forward_feed:v1_model_only_plus_market_reference,ok
2026-06-08,2026-06-08,f4da0f14-6b9f-47b7-bcbc-f5ee557a11a1,morning_expected,2026-06-08T21:47:20Z,c6cc74a6,c6cc74a6#phase10c,challenger-2026-06-06,2026-06-08T21:47:16Z,202,Josh Hart,NYK,SAS,21716136,,fg3m,1.5,core,core,True,,,,26.1721,,28.3028,,0.05,projected,not_available_yet,fallback_used,bdl_plus_nba_official,2026-06-08T21:46:27Z,bdl_lineup_freshness_manifest,,False,False,1.5,0.3181,0.6819,214.0,-214.0,1.2923,1.6713,0.0,1.0,4.0,0.4237,0.4237,-0.1056,full,ready,,build_derek_forward_feed:v1_model_only_plus_market_reference,ok
2026-06-08,2026-06-08,f4da0f14-6b9f-47b7-bcbc-f5ee557a11a1,morning_expected,2026-06-08T21:47:20Z,c6cc74a6,c6cc74a6#phase10c,challenger-2026-06-06,2026-06-08T21:47:16Z,202,Josh Hart,NYK,SAS,21716136,,fg3m,1.5,core,core,True,,,,26.1721,,28.3028,,0.05,projected,not_available_yet,fallback_used,bdl_plus_nba_official,2026-06-08T21:46:27Z,bdl_lineup_freshness_manifest,,False,False,1.5,0.3181,0.6819,214.0,-214.0,1.2923,1.6713,0.0,1.0,4.0,0.3962,0.3962,-0.0781,full,ready,,build_derek_forward_feed:v1_model_only_plus_market_reference,ok
2026-06-08,2026-06-08,f4da0f14-6b9f-47b7-bcbc-f5ee557a11a1,morning_expected,2026-06-08T21:47:20Z,c6cc74a6,c6cc74a6#phase10c,challenger-2026-06-06,2026-06-08T21:47:16Z,202,Josh Hart,NYK,SAS,21716136,,fg3m,1.5,core,core,True,,,,26.1721,,28.3028,,0.05,projected,not_available_yet,fallback_used,bdl_plus_nba_official,2026-06-08T21:46:27Z,bdl_lineup_freshness_manifest,,False,False,1.5,0.3181,0.6819,214.0,-214.0,1.2923,1.6713,0.0,1.0,4.0,0.4248,0.4248,-0.1067,full,ready,,build_derek_forward_feed:v1_model_only_plus_market_reference,ok
2026-06-08,2026-06-08,f4da0f14-6b9f-47b7-bcbc-f5ee557a11a1,morning_expected,2026-06-08T21:47:20Z,c6cc74a6,c6cc74a6#phase10c,challenger-2026-06-06,2026-06-08T21:47:16Z,202,Josh Hart,NYK,SAS,21716136,,fg3m,1.5,core,core,True,,,,26.1721,,28.3028,,0.05,projected,not_available_yet,fallback_used,bdl_plus_nba_official,2026-06-08T21:46:27Z,bdl_lineup_freshness_manifest,,False,False,1.5,0.3181,0.6819,214.0,-214.0,1.2923,1.6713,0.0,1.0,4.0,0.3907,0.3907,-0.0726,full,ready,,build_derek_forward_feed:v1_model_only_plus_market_reference,ok
2026-06-08,2026-06-08,f4da0f14-6b9f-47b7-bcbc-f5ee557a11a1,morning_expected,2026-06-08T21:47:20Z,c6cc74a6,c6cc74a6#phase10c,challenger-2026-06-06,2026-06-08T21:47:16Z,202,Josh Hart,NYK,SAS,21716136,,fg3m,1.5,core,core,True,,,,26.1721,,28.3028,,0.05,projected,not_available_yet,fallback_used,bdl_plus_nba_official,2026-06-08T21:46:27Z,bdl_lineup_freshness_manifest,,False,False,1.5,0.3181,0.6819,214.0,-214.0,1.2923,1.6713,0.0,1.0,4.0,0.4284,0.4284,-0.1102,full,ready,,build_derek_forward_feed:v1_model_only_plus_market_reference,ok
2026-06-08,2026-06-08,f4da0f14-6b9f-47b7-bcbc-f5ee557a11a1,morning_expected,2026-06-08T21:47:20Z,c6cc74a6,c6cc74a6#phase10c,challenger-2026-06-06,2026-06-08T21:47:16Z,202,Josh Hart,NYK,SAS,21716136,,fg3m,1.5,core,core,True,,,,26.1721,,28.3028,,0.05,projected,not_available_yet,fallback_used,bdl_plus_nba_official,2026-06-08T21:46:27Z,bdl_lineup_freshness_manifest,,False,False,1.5,0.3181,0.6819,214.0,-214.0,1.2923,1.6713,0.0,1.0,4.0,0.4248,0.4248,-0.1067,full,ready,,build_derek_forward_feed:v1_model_only_plus_market_reference,ok
2026-06-08,2026-06-08,f4da0f14-6b9f-47b7-bcbc-f5ee557a11a1,morning_expected,2026-06-08T21:47:20Z,c6cc74a6,c6cc74a6#phase10c,challenger-2026-06-06,2026-06-08T21:47:16Z,202,Josh Hart,NYK,SAS,21716136,,fg3m,1.5,core,core,True,,,,26.1721,,28.3028,,0.05,projected,not_available_yet,fallback_used,bdl_plus_nba_official,2026-06-08T21:46:27Z,bdl_lineup_freshness_manifest,,False,False,1.5,0.3181,0.6819,214.0,-214.0,1.2923,1.6713,0.0,1.0,4.0,0.4085,0.4085,-0.0904,full,ready,,build_derek_forward_feed:v1_model_only_plus_market_reference,ok
2026-06-08,2026-06-08,f4da0f14-6b9f-47b7-bcbc-f5ee557a11a1,morning_expected,2026-06-08T21:47:20Z,c6cc74a6,c6cc74a6#phase10c,challenger-2026-06-06,2026-06-08T21:47:16Z,202,Josh Hart,NYK,SAS,21716136,,fg3m,1.5,core,core,True,,,,26.1721,,28.3028,,0.05,projected,not_available_yet,fallback_used,bdl_plus_nba_official,2026-06-08T21:46:27Z,bdl_lineup_freshness_manifest,,False,False,1.5,0.3181,0.6819,214.0,-214.0,1.2923,1.6713,0.0,1.0,4.0,0.4085,0.4085,-0.0904,full,ready,,build_derek_forward_feed:v1_model_only_plus_market_reference,ok
2026-06-08,2026-06-08,f4da0f14-6b9f-47b7-bcbc-f5ee557a11a1,morning_expected,2026-06-08T21:47:20Z,c6cc74a6,c6cc74a6#phase10c,challenger-2026-06-06,2026-06-08T21:47:16Z,202,Josh Hart,NYK,SAS,21716136,,fg3m,1.5,core,core,True,,,,26.1721,,28.3028,,0.05,projected,not_available_yet,fallback_used,bdl_plus_nba_official,2026-06-08T21:46:27Z,bdl_lineup_freshness_manifest,,False,False,1.5,0.3181,0.6819,214.0,-214.0,1.2923,1.6713,0.0,1.0,4.0,0.4138,0.4138,-0.0957,full,ready,,build_derek_forward_feed:v1_model_only_plus_market_reference,ok
2026-06-08,2026-06-08,f4da0f14-6b9f-47b7-bcbc-f5ee557a11a1,morning_expected,2026-06-08T21:47:20Z,c6cc74a6,c6cc74a6#phase10c,challenger-2026-06-06,2026-06-08T21:47:16Z,202,Josh Hart,NYK,SAS,21716136,,fg3m,1.5,core,core,True,,,,26.1721,,28.3028,,0.05,projected,not_available_yet,fallback_used,bdl_plus_nba_official,2026-06-08T21:46:27Z,bdl_lineup_freshness_manifest,,False,False,1.5,0.3181,0.6819,214.0,-214.0,1.2923,1.6713,0.0,1.0,4.0,0.4085,0.4085,-0.0904,full,ready,,build_derek_forward_feed:v1_model_only_plus_market_reference,ok
2026-06-08,2026-06-08,f4da0f14-6b9f-47b7-bcbc-f5ee557a11a1,morning_expected,2026-06-08T21:47:20Z,c6cc74a6,c6cc74a6#phase10c,challenger-2026-06-06,2026-06-08T21:47:16Z,202,Josh Hart,NYK,SAS,21716136,,fg3m,1.5,core,core,True,,,,26.1721,,28.3028,,0.05,projected,not_available_yet,fallback_used,bdl_plus_nba_official,2026-06-08T21:46:27Z,bdl_lineup_freshness_manifest,,False,False,1.5,0.3181,0.6819,214.0,-214.0,1.2923,1.6713,0.0,1.0,4.0,0.3887,0.3887,-0.0706,full,ready,,build_derek_forward_feed:v1_model_only_plus_market_reference,ok
2026-06-08,2026-06-08,f4da0f14-6b9f-47b7-bcbc-f5ee557a11a1,morning_expected,2026-06-08T21:47:20Z,c6cc74a6,c6cc74a6#phase10c,challenger-2026-06-06,2026-06-08T21:47:16Z,202,Josh Hart,NYK,SAS,21716136,,fg3m,1.5,core,core,True,,,,26.1721,,28.3028,,0.05,projected,not_available_yet,fallback_used,bdl_plus_nba_official,2026-06-08T21:46:27Z,bdl_lineup_freshness_manifest,,False,False,1.5,0.3181,0.6819,214.0,-214.0,1.2923,1.6713,0.0,1.0,4.0,0.4064,0.4064,-0.0883,full,ready,,build_derek_forward_feed:v1_model_only_plus_market_reference,ok
2026-06-08,2026-06-08,f4da0f14-6b9f-47b7-bcbc-f5ee557a11a1,morning_expected,2026-06-08T21:47:20Z,c6cc74a6,c6cc74a6#phase10c,challenger-2026-06-06,2026-06-08T21:47:16Z,202,Josh Hart,NYK,SAS,21716136,,fg3m,0.5,core,core,True,,,,26.1721,,28.3028,,0.05,projected,not_available_yet,fallback_used,bdl_plus_nba_official,2026-06-08T21:46:27Z,bdl_lineup_freshness_manifest,,False,False,0.5,0.6753,0.3247,-208.0,208.0,1.2923,1.6713,0.0,1.0,4.0,0.7423,0.7423,-0.067,full,ready,,build_derek_forward_feed:v1_model_only_plus_market_reference,ok
2026-06-08,2026-06-08,f4da0f14-6b9f-47b7-bcbc-f5ee557a11a1,morning_expected,2026-06-08T21:47:20Z,c6cc74a6,c6cc74a6#phase10c,challenger-2026-06-06,2026-06-08T21:47:16Z,202,Josh Hart,NYK,SAS,21716136,,fg3m,1.5,core,core,True,,,,26.1721,,28.3028,,0.05,projected,not_available_yet,fallback_used,bdl_plus_nba_official,2026-06-08T21:46:27Z,bdl_lineup_freshness_manifest,,False,False,1.5,0.3181,0.6819,214.0,-214.0,1.2923,1.6713,0.0,1.0,4.0,0.4248,0.4248,-0.1067,full,ready,,build_derek_forward_feed:v1_model_only_plus_market_reference,ok
2026-06-08,2026-06-08,f4da0f14-6b9f-47b7-bcbc-f5ee557a11a1,morning_expected,2026-06-08T21:47:20Z,c6cc74a6,c6cc74a6#phase10c,challenger-2026-06-06,2026-06-08T21:47:16Z,202,Josh Hart,NYK,SAS,21716136,,fg3m,2.5,core,core,True,,,,26.1721,,28.3028,,0.05,projected,not_available_yet,fallback_used,bdl_plus_nba_official,2026-06-08T21:46:27Z,bdl_lineup_freshness_manifest,,False,False,2.5,0.1902,0.8098,426.0,-426.0,1.2923,1.6713,0.0,1.0,4.0,0.2005,0.2005,-0.0103,full,ready,,build_derek_forward_feed:v1_model_only_plus_market_reference,ok
2026-06-08,2026-06-08,f4da0f14-6b9f-47b7-bcbc-f5ee557a11a1,morning_expected,2026-06-08T21:47:20Z,c6cc74a6,c6cc74a6#phase10c,challenger-2026-06-06,2026-06-08T21:47:16Z,202,Josh Hart,NYK,SAS,21716136,,tov,,core,core,True,,,,26.1721,,28.3028,,0.05,projected,not_available_yet,fallback_used,bdl_plus_nba_official,2026-06-08T21:46:27Z,bdl_lineup_freshness_manifest,,False,False,,,,,,1.1662,0.591,0.0,1.0,2.0,,,,no_market,ready,,build_derek_forward_feed:v1_model_only_plus_market_reference,ok
2026-06-08,2026-06-08,f4da0f14-6b9f-47b7-bcbc-f5ee557a11a1,morning_expected,2026-06-08T21:47:20Z,c6cc74a6,c6cc74a6#phase10c,challenger-2026-06-06,2026-06-08T21:47:16Z,202,Josh Hart,NYK,SAS,21716136,,stl,1.5,core,core,True,,,,26.1721,,28.3028,,0.05,projected,not_available_yet,fallback_used,bdl_plus_nba_official,2026-06-08T21:46:27Z,bdl_lineup_freshness_manifest,,False,False,1.5,0.2208,0.7792,353.0,-353.0,0.7113,1.2335,0.0,0.0,3.0,0.4209,0.4209,-0.2001,full,ready,,build_derek_forward_feed:v1_model_only_plus_market_reference,ok
2026-06-08,2026-06-08,f4da0f14-6b9f-47b7-bcbc-f5ee557a11a1,morning_expected,2026-06-08T21:47:20Z,c6cc74a6,c6cc74a6#phase10c,challenger-2026-06-06,2026-06-08T21:47:16Z,202,Josh Hart,NYK,SAS,21716136,,stl,1.5,core,core,True,,,,26.1721,,28.3028,,0.05,projected,not_available_yet,fallback_used,bdl_plus_nba_official,2026-06-08T21:46:27Z,bdl_lineup_freshness_manifest,,False,False,1.5,0.2208,0.7792,353.0,-353.0,0.7113,1.2335,0.0,0.0,3.0,0.4248,0.4248,-0.204,full,ready,,build_derek_forward_feed:v1_model_only_plus_market_reference,ok
2026-06-08,2026-06-08,f4da0f14-6b9f-47b7-bcbc-f5ee557a11a1,morning_expected,2026-06-08T21:47:20Z,c6cc74a6,c6cc74a6#phase10c,challenger-2026-06-06,2026-06-08T21:47:16Z,202,Josh Hart,NYK,SAS,21716136,,stl,1.5,core,core,True,,,,26.1721,,28.3028,,0.05,projected,not_available_yet,fallback_used,bdl_plus_nba_official,2026-06-08T21:46:27Z,bdl_lineup_freshness_manifest,,False,False,1.5,0.2208,0.7792,353.0,-353.0,0.7113,1.2335,0.0,0.0,3.0,0.4276,0.4276,-0.2068,full,ready,,build_derek_forward_feed:v1_model_only_plus_market_reference,ok
2026-06-08,2026-06-08,f4da0f14-6b9f-47b7-bcbc-f5ee557a11a1,morning_expected,2026-06-08T21:47:20Z,c6cc74a6,c6cc74a6#phase10c,challenger-2026-06-06,2026-06-08T21:47:16Z,202,Josh Hart,NYK,SAS,21716136,,stl,1.5,core,core,True,,,,26.1721,,28.3028,,0.05,projected,not_available_yet,fallback_used,bdl_plus_nba_official,2026-06-08T21:46:27Z,bdl_lineup_freshness_manifest,,False,False,1.5,0.2208,0.7792,353.0,-353.0,0.7113,1.2335,0.0,0.0,3.0,0.4276,0.4276,-0.2068,full,ready,,build_derek_forward_feed:v1_model_only_plus_market_reference,ok
2026-06-08,2026-06-08,f4da0f14-6b9f-47b7-bcbc-f5ee557a11a1,morning_expected,2026-06-08T21:47:20Z,c6cc74a6,c6cc74a6#phase10c,challenger-2026-06-06,2026-06-08T21:47:16Z,202,Josh Hart,NYK,SAS,21716136,,stl,1.5,core,core,True,,,,26.1721,,28.3028,,0.05,projected,not_available_yet,fallback_used,bdl_plus_nba_official,2026-06-08T21:46:27Z,bdl_lineup_freshness_manifest,,False,False,1.5,0.2208,0.7792,353.0,-353.0,0.7113,1.2335,0.0,0.0,3.0,0.4276,0.4276,-0.2068,full,ready,,build_derek_forward_feed:v1_model_only_plus_market_reference,ok
2026-06-08,2026-06-08,f4da0f14-6b9f-47b7-bcbc-f5ee557a11a1,morning_expected,2026-06-08T21:47:20Z,c6cc74a6,c6cc74a6#phase10c,challenger-2026-06-06,2026-06-08T21:47:16Z,202,Josh Hart,NYK,SAS,21716136,,stl,1.5,core,core,True,,,,26.1721,,28.3028,,0.05,projected,not_available_yet,fallback_used,bdl_plus_nba_official,2026-06-08T21:46:27Z,bdl_lineup_freshness_manifest,,False,False,1.5,0.2208,0.7792,353.0,-353.0,0.7113,1.2335,0.0,0.0,3.0,0.4187,0.4187,-0.1978,full,ready,,build_derek_forward_feed:v1_model_only_plus_market_reference,ok
2026-06-08,2026-06-08,f4da0f14-6b9f-47b7-bcbc-f5ee557a11a1,morning_expected,2026-06-08T21:47:20Z,c6cc74a6,c6cc74a6#phase10c,challenger-2026-06-06,2026-06-08T21:47:16Z,202,Josh Hart,NYK,SAS,21716136,,blk,0.5,core,core,True,,,,26.1721,,28.3028,,0.05,projected,not_available_yet,fallback_used,bdl_plus_nba_official,2026-06-08T21:46:27Z,bdl_lineup_freshness_manifest,,False,False,0.5,0.2548,0.7452,292.0,-292.0,0.5036,1.5005,0.0,0.0,2.0,0.2892,0.2892,-0.0344,full,ready,,build_derek_forward_feed:v1_model_only_plus_market_reference,ok
2026-06-08,2026-06-08,f4da0f14-6b9f-47b7-bcbc-f5ee557a11a1,morning_expected,2026-06-08T21:47:20Z,c6cc74a6,c6cc74a6#phase10c,challenger-2026-06-06,2026-06-08T21:47:16Z,202,Josh Hart,NYK,SAS,21716136,,blk,0.5,core,core,True,,,,26.1721,,28.3028,,0.05,projected,not_available_yet,fallback_used,bdl_plus_nba_official,2026-06-08T21:46:27Z,bdl_lineup_freshness_manifest,,False,False,0.5,0.2548,0.7452,292.0,-292.0,0.5036,1.5005,0.0,0.0,2.0,0.2577,0.2577,-0.0029,full,ready,,build_derek_forward_feed:v1_model_only_plus_market_reference,ok
2026-06-08,2026-06-08,f4da0f14-6b9f-47b7-bcbc-f5ee557a11a1,morning_expected,2026-06-08T21:47:20Z,c6cc74a6,c6cc74a6#phase10c,challenger-2026-06-06,2026-06-08T21:47:16Z,202,Josh Hart,NYK,SAS,21716136,,blk,0.5,core,core,True,,,,26.1721,,28.3028,,0.05,projected,not_available_yet,fallback_used,bdl_plus_nba_official,2026-06-08T21:46:27Z,bdl_lineup_freshness_manifest,,False,False,0.5,0.2548,0.7452,292.0,-292.0,0.5036,1.5005,0.0,0.0,2.0,0.293,0.293,-0.0381,full,ready,,build_derek_forward_feed:v1_model_only_plus_market_reference,ok
2026-06-08,2026-06-08,f4da0f14-6b9f-47b7-bcbc-f5ee557a11a1,morning_expected,2026-06-08T21:47:20Z,c6cc74a6,c6cc74a6#phase10c,challenger-2026-06-06,2026-06-08T21:47:16Z,202,Josh Hart,NYK,SAS,21716136,,blk,0.5,core,core,True,,,,26.1721,,28.3028,,0.05,projected,not_available_yet,fallback_used,bdl_plus_nba_official,2026-06-08T21:46:27Z,bdl_lineup_freshness_manifest,,False,False,0.5,0.2548,0.7452,292.0,-292.0,0.5036,1.5005,0.0,0.0,2.0,0.2901,0.2901,-0.0353,full,ready,,build_derek_forward_feed:v1_model_only_plus_market_reference,ok
2026-06-08,2026-06-08,f4da0f14-6b9f-47b7-bcbc-f5ee557a11a1,morning_expected,2026-06-08T21:47:20Z,c6cc74a6,c6cc74a6#phase10c,challenger-2026-06-06,2026-06-08T21:47:16Z,202,Josh Hart,NYK,SAS,21716136,,blk,0.5,core,core,True,,,,26.1721,,28.3028,,0.05,projected,not_available_yet,fallback_used,bdl_plus_nba_official,2026-06-08T21:46:27Z,bdl_lineup_freshness_manifest,,False,False,0.5,0.2548,0.7452,292.0,-292.0,0.5036,1.5005,0.0,0.0,2.0,0.2901,0.2901,-0.0353,full,ready,,build_derek_forward_feed:v1_model_only_plus_market_reference,ok
2026-06-08,2026-06-08,f4da0f14-6b9f-47b7-bcbc-f5ee557a11a1,morning_expected,2026-06-08T21:47:20Z,c6cc74a6,c6cc74a6#phase10c,challenger-2026-06-06,2026-06-08T21:47:16Z,202,Josh Hart,NYK,SAS,21716136,,blk,0.5,core,core,True,,,,26.1721,,28.3028,,0.05,projected,not_available_yet,fallback_used,bdl_plus_nba_official,2026-06-08T21:46:27Z,bdl_lineup_freshness_manifest,,False,False,0.5,0.2548,0.7452,292.0,-292.0,0.5036,1.5005,0.0,0.0,2.0,0.2901,0.2901,-0.0353,full,ready,,build_derek_forward_feed:v1_model_only_plus_market_reference,ok
2026-06-08,2026-06-08,f4da0f14-6b9f-47b7-bcbc-f5ee557a11a1,morning_expected,2026-06-08T21:47:20Z,c6cc74a6,c6cc74a6#phase10c,challenger-2026-06-06,2026-06-08T21:47:16Z,202,Josh Hart,NYK,SAS,21716136,,stocks,1.5,core,core,True,,,,26.1721,,28.3028,,0.05,projected,not_available_yet,fallback_used,bdl_plus_nba_official,2026-06-08T21:46:27Z,bdl_lineup_freshness_manifest,,False,False,1.5,0.3378,0.6622,196.0,-196.0,1.2179,2.4988,0.0,1.0,3.0,0.5171,0.5171,-0.1794,full,ready,,build_derek_forward_feed:v1_model_only_plus_market_reference,ok
2026-06-08,2026-06-08,f4da0f14-6b9f-47b7-bcbc-f5ee557a11a1,morning_expected,2026-06-08T21:47:20Z,c6cc74a6,c6cc74a6#phase10c,challenger-2026-06-06,2026-06-08T21:47:16Z,202,Josh Hart,NYK,SAS,21716136,,stocks,1.5,core,core,True,,,,26.1721,,28.3028,,0.05,projected,not_available_yet,fallback_used,bdl_plus_nba_official,2026-06-08T21:46:27Z,bdl_lineup_freshness_manifest,,False,False,1.5,0.3378,0.6622,196.0,-196.0,1.2179,2.4988,0.0,1.0,3.0,0.519,0.519,-0.1812,full,ready,,build_derek_forward_feed:v1_model_only_plus_market_reference,ok
2026-06-08,2026-06-08,f4da0f14-6b9f-47b7-bcbc-f5ee557a11a1,morning_expected,2026-06-08T21:47:20Z,c6cc74a6,c6cc74a6#phase10c,challenger-2026-06-06,2026-06-08T21:47:16Z,202,Josh Hart,NYK,SAS,21716136,,stocks,1.5,core,core,True,,,,26.1721,,28.3028,,0.05,projected,not_available_yet,fallback_used,bdl_plus_nba_official,2026-06-08T21:46:27Z,bdl_lineup_freshness_manifest,,False,False,1.5,0.3378,0.6622,196.0,-196.0,1.2179,2.4988,0.0,1.0,3.0,0.519,0.519,-0.1812,full,ready,,build_derek_forward_feed:v1_model_only_plus_market_reference,ok
2026-06-08,2026-06-08,f4da0f14-6b9f-47b7-bcbc-f5ee557a11a1,morning_expected,2026-06-08T21:47:20Z,c6cc74a6,c6cc74a6#phase10c,challenger-2026-06-06,2026-06-08T21:47:16Z,202,Josh Hart,NYK,SAS,21716136,,stocks,1.5,core,core,True,,,,26.1721,,28.3028,,0.05,projected,not_available_yet,fallback_used,bdl_plus_nba_official,2026-06-08T21:46:27Z,bdl_lineup_freshness_manifest,,False,False,1.5,0.3378,0.6622,196.0,-196.0,1.2179,2.4988,0.0,1.0,3.0,0.519,0.519,-0.1812,full,ready,,build_derek_forward_feed:v1_model_only_plus_market_reference,ok
2026-06-08,2026-06-08,f4da0f14-6b9f-47b7-bcbc-f5ee557a11a1,morning_expected,2026-06-08T21:47:20Z,c6cc74a6,c6cc74a6#phase10c,challenger-2026-06-06,2026-06-08T21:47:16Z,202,Josh Hart,NYK,SAS,21716136,,stocks,1.5,core,core,True,,,,26.1721,,28.3028,,0.05,projected,not_available_yet,fallback_used,bdl_plus_nba_official,2026-06-08T21:46:27Z,bdl_lineup_freshness_manifest,,False,False,1.5,0.3378,0.6622,196.0,-196.0,1.2179,2.4988,0.0,1.0,3.0,0.519,0.519,-0.1812,full,ready,,build_derek_forward_feed:v1_model_only_plus_market_reference,ok
2026-06-08,2026-06-08,f4da0f14-6b9f-47b7-bcbc-f5ee557a11a1,morning_expected,2026-06-08T21:47:20Z,c6cc74a6,c6cc74a6#phase10c,challenger-2026-06-06,2026-06-08T21:47:16Z,202,Josh Hart,NYK,SAS,21716136,,pa,18.5,core,core,True,,,,26.1721,,28.3028,,0.05,projected,not_available_yet,fallback_used,bdl_plus_nba_official,2026-06-08T21:46:27Z,bdl_lineup_freshness_manifest,,False,False,18.5,0.3192,0.6808,213.0,-213.0,15.8105,38.5241,8.0,15.0,24.0,0.2457,0.2457,0.0734,full,ready,,build_derek_forward_feed:v1_model_only_plus_market_reference,ok
2026-06-08,2026-06-08,f4da0f14-6b9f-47b7-bcbc-f5ee557a11a1,morning_expected,2026-06-08T21:47:20Z,c6cc74a6,c6cc74a6#phase10c,challenger-2026-06-06,2026-06-08T21:47:16Z,202,Josh Hart,NYK,SAS,21716136,,pa,17.5,core,core,True,,,,26.1721,,28.3028,,0.05,projected,not_available_yet,fallback_used,bdl_plus_nba_official,2026-06-08T21:46:27Z,bdl_lineup_freshness_manifest,,False,False,17.5,0.3712,0.6288,169.0,-169.0,15.8105,38.5241,8.0,15.0,24.0,0.2924,0.2924,0.0787,full,ready,,build_derek_forward_feed:v1_model_only_plus_market_reference,ok
2026-06-08,2026-06-08,f4da0f14-6b9f-47b7-bcbc-f5ee557a11a1,morning_expected,2026-06-08T21:47:20Z,c6cc74a6,c6cc74a6#phase10c,challenger-2026-06-06,2026-06-08T21:47:16Z,202,Josh Hart,NYK,SAS,21716136,,pa,16.5,core,core,True,,,,26.1721,,28.3028,,0.05,projected,not_available_yet,fallback_used,bdl_plus_nba_official,2026-06-08T21:46:27Z,bdl_lineup_freshness_manifest,,False,False,16.5,0.4265,0.5735,134.0,-134.0,15.8105,38.5241,8.0,15.0,24.0,0.3439,0.3439,0.0826,full,ready,,build_derek_forward_feed:v1_model_only_plus_market_reference,ok
2026-06-08,2026-06-08,f4da0f14-6b9f-47b7-bcbc-f5ee557a11a1,morning_expected,2026-06-08T21:47:20Z,c6cc74a6,c6cc74a6#phase10c,challenger-2026-06-06,2026-06-08T21:47:16Z,202,Josh Hart,NYK,SAS,21716136,,pa,15.5,core,core,True,,,,26.1721,,28.3028,,0.05,projected,not_available_yet,fallback_used,bdl_plus_nba_official,2026-06-08T21:46:27Z,bdl_lineup_freshness_manifest,,False,False,15.5,0.4859,0.5141,106.0,-106.0,15.8105,38.5241,8.0,15.0,24.0,0.4064,0.4064,0.0794,full,ready,,build_derek_forward_feed:v1_model_only_plus_market_reference,ok
2026-06-08,2026-06-08,f4da0f14-6b9f-47b7-bcbc-f5ee557a11a1,morning_expected,2026-06-08T21:47:20Z,c6cc74a6,c6cc74a6#phase10c,challenger-2026-06-06,2026-06-08T21:47:16Z,202,Josh Hart,NYK,SAS,21716136,,pa,14.5,core,core,True,,,,26.1721,,28.3028,,0.05,projected,not_available_yet,fallback_used,bdl_plus_nba_official,2026-06-08T21:46:27Z,bdl_lineup_freshness_manifest,,False,False,14.5,0.5486,0.4514,-122.0,122.0,15.8105,38.5241,8.0,15.0,24.0,0.4718,0.4718,0.0767,full,ready,,build_derek_forward_feed:v1_model_only_plus_market_reference,ok
2026-06-08,2026-06-08,f4da0f14-6b9f-47b7-bcbc-f5ee557a11a1,morning_expected,2026-06-08T21:47:20Z,c6cc74a6,c6cc74a6#phase10c,challenger-2026-06-06,2026-06-08T21:47:16Z,202,Josh Hart,NYK,SAS,21716136,,pa,12.5,core,core,True,,,,26.1721,,28.3028,,0.05,projected,not_available_yet,fallback_used,bdl_plus_nba_official,2026-06-08T21:46:27Z,bdl_lineup_freshness_manifest,,False,False,12.5,0.6766,0.3234,-209.0,209.0,15.8105,38.5241,8.0,15.0,24.0,0.6204,0.6204,0.0562,full,ready,,build_derek_forward_feed:v1_model_only_plus_market_reference,ok
2026-06-08,2026-06-08,f4da0f14-6b9f-47b7-bcbc-f5ee557a11a1,morning_expected,2026-06-08T21:47:20Z,c6cc74a6,c6cc74a6#phase10c,challenger-2026-06-06,2026-06-08T21:47:16Z,202,Josh Hart,NYK,SAS,21716136,,pa,11.5,core,core,True,,,,26.1721,,28.3028,,0.05,projected,not_available_yet,fallback_used,bdl_plus_nba_official,2026-06-08T21:46:27Z,bdl_lineup_freshness_manifest,,False,False,11.5,0.7378,0.2622,-281.0,281.0,15.8105,38.5241,8.0,15.0,24.0,0.6821,0.6821,0.0557,full,ready,,build_derek_forward_feed:v1_model_only_plus_market_reference,ok
2026-06-08,2026-06-08,f4da0f14-6b9f-47b7-bcbc-f5ee557a11a1,morning_expected,2026-06-08T21:47:20Z,c6cc74a6,c6cc74a6#phase10c,challenger-2026-06-06,2026-06-08T21:47:16Z,202,Josh Hart,NYK,SAS,21716136,,pa,10.5,core,core,True,,,,26.1721,,28.3028,,0.05,projected,not_available_yet,fallback_used,bdl_plus_nba_official,2026-06-08T21:46:27Z,bdl_lineup_freshness_manifest,,False,False,10.5,0.7942,0.2058,-386.0,386.0,15.8105,38.5241,8.0,15.0,24.0,0.7439,0.7439,0.0502,full,ready,,build_derek_forward_feed:v1_model_only_plus_market_reference,ok
2026-06-08,2026-06-08,f4da0f14-6b9f-47b7-bcbc-f5ee557a11a1,morning_expected,2026-06-08T21:47:20Z,c6cc74a6,c6cc74a6#phase10c,challenger-2026-06-06,2026-06-08T21:47:16Z,202,Josh Hart,NYK,SAS,21716136,,pa,9.5,core,core,True,,,,26.1721,,28.3028,,0.05,projected,not_available_yet,fallback_used,bdl_plus_nba_official,2026-06-08T21:46:27Z,bdl_lineup_freshness_manifest,,False,False,9.5,0.8439,0.1561,-540.0,540.0,15.8105,38.5241,8.0,15.0,24.0,0.7969,0.7969,0.047,full,ready,,build_derek_forward_feed:v1_model_only_plus_market_reference,ok
2026-06-08,2026-06-08,f4da0f14-6b9f-47b7-bcbc-f5ee557a11a1,morning_expected,2026-06-08T21:47:20Z,c6cc74a6,c6cc74a6#phase10c,challenger-2026-06-06,2026-06-08T21:47:16Z,202,Josh Hart,NYK,SAS,21716136,,pa,8.5,core,core,True,,,,26.1721,,28.3028,,0.05,projected,not_available_yet,fallback_used,bdl_plus_nba_official,2026-06-08T21:46:27Z,bdl_lineup_freshness_manifest,,False,False,8.5,0.8865,0.1135,-781.0,781.0,15.8105,38.5241,8.0,15.0,24.0,0.8415,0.8415,0.0449,full,ready,,build_derek_forward_feed:v1_model_only_plus_market_reference,ok
2026-06-08,2026-06-08,f4da0f14-6b9f-47b7-bcbc-f5ee557a11a1,morning_expected,2026-06-08T21:47:20Z,c6cc74a6,c6cc74a6#phase10c,challenger-2026-06-06,2026-06-08T21:47:16Z,202,Josh Hart,NYK,SAS,21716136,,pa,13.5,core,core,True,,,,26.1721,,28.3028,,0.05,projected,not_available_yet,fallback_used,bdl_plus_nba_official,2026-06-08T21:46:27Z,bdl_lineup_freshness_manifest,,False,False,13.5,0.6131,0.3869,-158.0,158.0,15.8105,38.5241,8.0,15.0,24.0,0.5511,0.5511,0.062,full,ready,,build_derek_forward_feed:v1_model_only_plus_market_reference,ok
2026-06-08,2026-06-08,f4da0f14-6b9f-47b7-bcbc-f5ee557a11a1,morning_expected,2026-06-08T21:47:20Z,c6cc74a6,c6cc74a6#phase10c,challenger-2026-06-06,2026-06-08T21:47:16Z,202,Josh Hart,NYK,SAS,21716136,,pa,15.5,core,core,True,,,,26.1721,,28.3028,,0.05,projected,not_available_yet,fallback_used,bdl_plus_nba_official,2026-06-08T21:46:27Z,bdl_lineup_freshness_manifest,,False,False,15.5,0.4859,0.5141,106.0,-106.0,15.8105,38.5241,8.0,15.0,24.0,0.4459,0.4459,0.04,full,ready,,build_derek_forward_feed:v1_model_only_plus_market_reference,ok
2026-06-08,2026-06-08,f4da0f14-6b9f-47b7-bcbc-f5ee557a11a1,morning_expected,2026-06-08T21:47:20Z,c6cc74a6,c6cc74a6#phase10c,challenger-2026-06-06,2026-06-08T21:47:16Z,202,Josh Hart,NYK,SAS,21716136,,pa,14.5,core,core,True,,,,26.1721,,28.3028,,0.05,projected,not_available_yet,fallback_used,bdl_plus_nba_official,2026-06-08T21:46:27Z,bdl_lineup_freshness_manifest,,False,False,14.5,0.5486,0.4514,-122.0,122.0,15.8105,38.5241,8.0,15.0,24.0,0.5101,0.5101,0.0385,full,ready,,build_derek_forward_feed:v1_model_only_plus_market_reference,ok
2026-06-08,2026-06-08,f4da0f14-6b9f-47b7-bcbc-f5ee557a11a1,morning_expected,2026-06-08T21:47:20Z,c6cc74a6,c6cc74a6#phase10c,challenger-2026-06-06,2026-06-08T21:47:16Z,202,Josh Hart,NYK,SAS,21716136,,pa,13.5,core,core,True,,,,26.1721,,28.3028,,0.05,projected,not_available_yet,fallback_used,bdl_plus_nba_official,2026-06-08T21:46:27Z,bdl_lineup_freshness_manifest,,False,False,13.5,0.6131,0.3869,-158.0,158.0,15.8105,38.5241,8.0,15.0,24.0,0.5752,0.5752,0.0379,full,ready,,build_derek_forward_feed:v1_model_only_plus_market_reference,ok
2026-06-08,2026-06-08,f4da0f14-6b9f-47b7-bcbc-f5ee557a11a1,morning_expected,2026-06-08T21:47:20Z,c6cc74a6,c6cc74a6#phase10c,challenger-2026-06-06,2026-06-08T21:47:16Z,202,Josh Hart,NYK,SAS,21716136,,pa,14.5,core,core,True,,,,26.1721,,28.3028,,0.05,projected,not_available_yet,fallback_used,bdl_plus_nba_official,2026-06-08T21:46:27Z,bdl_lineup_freshness_manifest,,False,False,14.5,0.5486,0.4514,-122.0,122.0,15.8105,38.5241,8.0,15.0,24.0,0.4797,0.4797,0.0689,full,ready,,build_derek_forward_feed:v1_model_only_plus_market_reference,ok
2026-06-08,2026-06-08,f4da0f14-6b9f-47b7-bcbc-f5ee557a11a1,morning_expected,2026-06-08T21:47:20Z,c6cc74a6,c6cc74a6#phase10c,challenger-2026-06-06,2026-06-08T21:47:16Z,202,Josh Hart,NYK,SAS,21716136,,pa,14.5,core,core,True,,,,26.1721,,28.3028,,0.05,projected,not_available_yet,fallback_used,bdl_plus_nba_official,2026-06-08T21:46:27Z,bdl_lineup_freshness_manifest,,False,False,14.5,0.5486,0.4514,-122.0,122.0,15.8105,38.5241,8.0,15.0,24.0,0.5081,0.5081,0.0405,full,ready,,build_derek_forward_feed:v1_model_only_plus_market_reference,ok
2026-06-08,2026-06-08,f4da0f14-6b9f-47b7-bcbc-f5ee557a11a1,morning_expected,2026-06-08T21:47:20Z,c6cc74a6,c6cc74a6#phase10c,challenger-2026-06-06,2026-06-08T21:47:16Z,202,Josh Hart,NYK,SAS,21716136,,pa,14.5,core,core,True,,,,26.1721,,28.3028,,0.05,projected,not_available_yet,fallback_used,bdl_plus_nba_official,2026-06-08T21:46:27Z,bdl_lineup_freshness_manifest,,False,False,14.5,0.5486,0.4514,-122.0,122.0,15.8105,38.5241,8.0,15.0,24.0,0.4899,0.4899,0.0587,full,ready,,build_derek_forward_feed:v1_model_only_plus_market_reference,ok
2026-06-08,2026-06-08,f4da0f14-6b9f-47b7-bcbc-f5ee557a11a1,morning_expected,2026-06-08T21:47:20Z,c6cc74a6,c6cc74a6#phase10c,challenger-2026-06-06,2026-06-08T21:47:16Z,202,Josh Hart,NYK,SAS,21716136,,pa,14.5,core,core,True,,,,26.1721,,28.3028,,0.05,projected,not_available_yet,fallback_used,bdl_plus_nba_official,2026-06-08T21:46:27Z,bdl_lineup_freshness_manifest,,False,False,14.5,0.5486,0.4514,-122.0,122.0,15.8105,38.5241,8.0,15.0,24.0,0.4899,0.4899,0.0587,full,ready,,build_derek_forward_feed:v1_model_only_plus_market_reference,ok
2026-06-08,2026-06-08,f4da0f14-6b9f-47b7-bcbc-f5ee557a11a1,morning_expected,2026-06-08T21:47:20Z,c6cc74a6,c6cc74a6#phase10c,challenger-2026-06-06,2026-06-08T21:47:16Z,202,Josh Hart,NYK,SAS,21716136,,pa,14.5,core,core,True,,,,26.1721,,28.3028,,0.05,projected,not_available_yet,fallback_used,bdl_plus_nba_official,2026-06-08T21:46:27Z,bdl_lineup_freshness_manifest,,False,False,14.5,0.5486,0.4514,-122.0,122.0,15.8105,38.5241,8.0,15.0,24.0,0.4899,0.4899,0.0587,full,ready,,build_derek_forward_feed:v1_model_only_plus_market_reference,ok
2026-06-08,2026-06-08,f4da0f14-6b9f-47b7-bcbc-f5ee557a11a1,morning_expected,2026-06-08T21:47:20Z,c6cc74a6,c6cc74a6#phase10c,challenger-2026-06-06,2026-06-08T21:47:16Z,202,Josh Hart,NYK,SAS,21716136,,pa,14.5,core,core,True,,,,26.1721,,28.3028,,0.05,projected,not_available_yet,fallback_used,bdl_plus_nba_official,2026-06-08T21:46:27Z,bdl_lineup_freshness_manifest,,False,False,14.5,0.5486,0.4514,-122.0,122.0,15.8105,38.5241,8.0,15.0,24.0,0.5,0.5,0.0486,full,ready,,build_derek_forward_feed:v1_model_only_plus_market_reference,ok
2026-06-08,2026-06-08,f4da0f14-6b9f-47b7-bcbc-f5ee557a11a1,morning_expected,2026-06-08T21:47:20Z,c6cc74a6,c6cc74a6#phase10c,challenger-2026-06-06,2026-06-08T21:47:16Z,202,Josh Hart,NYK,SAS,21716136,,pa,14.5,core,core,True,,,,26.1721,,28.3028,,0.05,projected,not_available_yet,fallback_used,bdl_plus_nba_official,2026-06-08T21:46:27Z,bdl_lineup_freshness_manifest,,False,False,14.5,0.5486,0.4514,-122.0,122.0,15.8105,38.5241,8.0,15.0,24.0,0.4862,0.4862,0.0624,full,ready,,build_derek_forward_feed:v1_model_only_plus_market_reference,ok
2026-06-08,2026-06-08,f4da0f14-6b9f-47b7-bcbc-f5ee557a11a1,morning_expected,2026-06-08T21:47:20Z,c6cc74a6,c6cc74a6#phase10c,challenger-2026-06-06,2026-06-08T21:47:16Z,202,Josh Hart,NYK,SAS,21716136,,pr,18.5,core,core,True,,,,26.1721,,28.3028,,0.05,projected,not_available_yet,fallback_used,bdl_plus_nba_official,2026-06-08T21:46:27Z,bdl_lineup_freshness_manifest,,False,False,18.5,0.5345,0.4655,-115.0,115.0,19.5586,41.6637,12.0,19.0,28.0,0.4854,0.4854,0.0491,full,ready,,build_derek_forward_feed:v1_model_only_plus_market_reference,ok
2026-06-08,2026-06-08,f4da0f14-6b9f-47b7-bcbc-f5ee557a11a1,morning_expected,2026-06-08T21:47:20Z,c6cc74a6,c6cc74a6#phase10c,challenger-2026-06-06,2026-06-08T21:47:16Z,202,Josh Hart,NYK,SAS,21716136,,pr,24.5,core,core,True,,,,26.1721,,28.3028,,0.05,projected,not_available_yet,fallback_used,bdl_plus_nba_official,2026-06-08T21:46:27Z,bdl_lineup_freshness_manifest,,False,False,24.5,0.2216,0.7784,351.0,-351.0,19.5586,41.6637,12.0,19.0,28.0,0.1989,0.1989,0.0228,full,ready,,build_derek_forward_feed:v1_model_only_plus_market_reference,ok
2026-06-08,2026-06-08,f4da0f14-6b9f-47b7-bcbc-f5ee557a11a1,morning_expected,2026-06-08T21:47:20Z,c6cc74a6,c6cc74a6#phase10c,challenger-2026-06-06,2026-06-08T21:47:16Z,202,Josh Hart,NYK,SAS,21716136,,pr,23.5,core,core,True,,,,26.1721,,28.3028,,0.05,projected,not_available_yet,fallback_used,bdl_plus_nba_official,2026-06-08T21:46:27Z,bdl_lineup_freshness_manifest,,False,False,23.5,0.2651,0.7349,277.0,-277.0,19.5586,41.6637,12.0,19.0,28.0,0.2394,0.2394,0.0257,full,ready,,build_derek_forward_feed:v1_model_only_plus_market_reference,ok
2026-06-08,2026-06-08,f4da0f14-6b9f-47b7-bcbc-f5ee557a11a1,morning_expected,2026-06-08T21:47:20Z,c6cc74a6,c6cc74a6#phase10c,challenger-2026-06-06,2026-06-08T21:47:16Z,202,Josh Hart,NYK,SAS,21716136,,pr,22.5,core,core,True,,,,26.1721,,28.3028,,0.05,projected,not_available_yet,fallback_used,bdl_plus_nba_official,2026-06-08T21:46:27Z,bdl_lineup_freshness_manifest,,False,False,22.5,0.3123,0.6877,220.0,-220.0,19.5586,41.6637,12.0,19.0,28.0,0.2831,0.2831,0.0293,full,ready,,build_derek_forward_feed:v1_model_only_plus_market_reference,ok
2026-06-08,2026-06-08,f4da0f14-6b9f-47b7-bcbc-f5ee557a11a1,morning_expected,2026-06-08T21:47:20Z,c6cc74a6,c6cc74a6#phase10c,challenger-2026-06-06,2026-06-08T21:47:16Z,202,Josh Hart,NYK,SAS,21716136,,pr,21.5,core,core,True,,,,26.1721,,28.3028,,0.05,projected,not_available_yet,fallback_used,bdl_plus_nba_official,2026-06-08T21:46:27Z,bdl_lineup_freshness_manifest,,False,False,21.5,0.3633,0.6367,175.0,-175.0,19.5586,41.6637,12.0,19.0,28.0,0.3247,0.3247,0.0386,full,ready,,build_derek_forward_feed:v1_model_only_plus_market_reference,ok
2026-06-08,2026-06-08,f4da0f14-6b9f-47b7-bcbc-f5ee557a11a1,morning_expected,2026-06-08T21:47:20Z,c6cc74a6,c6cc74a6#phase10c,challenger-2026-06-06,2026-06-08T21:47:16Z,202,Josh Hart,NYK,SAS,21716136,,pr,20.5,core,core,True,,,,26.1721,,28.3028,,0.05,projected,not_available_yet,fallback_used,bdl_plus_nba_official,2026-06-08T21:46:27Z,bdl_lineup_freshness_manifest,,False,False,20.5,0.4175,0.5825,140.0,-140.0,19.5586,41.6637,12.0,19.0,28.0,0.3676,0.3676,0.0499,full,ready,,build_derek_forward_feed:v1_model_only_plus_market_reference,ok
2026-06-08,2026-06-08,f4da0f14-6b9f-47b7-bcbc-f5ee557a11a1,morning_expected,2026-06-08T21:47:20Z,c6cc74a6,c6cc74a6#phase10c,challenger-2026-06-06,2026-06-08T21:47:16Z,202,Josh Hart,NYK,SAS,21716136,,pr,19.5,core,core,True,,,,26.1721,,28.3028,,0.05,projected,not_available_yet,fallback_used,bdl_plus_nba_official,2026-06-08T21:46:27Z,bdl_lineup_freshness_manifest,,False,False,19.5,0.4747,0.5253,111.0,-111.0,19.5586,41.6637,12.0,19.0,28.0,0.4283,0.4283,0.0465,full,ready,,build_derek_forward_feed:v1_model_only_plus_market_reference,ok
2026-06-08,2026-06-08,f4da0f14-6b9f-47b7-bcbc-f5ee557a11a1,morning_expected,2026-06-08T21:47:20Z,c6cc74a6,c6cc74a6#phase10c,challenger-2026-06-06,2026-06-08T21:47:16Z,202,Josh Hart,NYK,SAS,21716136,,pr,17.5,core,core,True,,,,26.1721,,28.3028,,0.05,projected,not_available_yet,fallback_used,bdl_plus_nba_official,2026-06-08T21:46:27Z,bdl_lineup_freshness_manifest,,False,False,17.5,0.5959,0.4041,-147.0,147.0,19.5586,41.6637,12.0,19.0,28.0,0.5458,0.5458,0.0501,full,ready,,build_derek_forward_feed:v1_model_only_plus_market_reference,ok
2026-06-08,2026-06-08,f4da0f14-6b9f-47b7-bcbc-f5ee557a11a1,morning_expected,2026-06-08T21:47:20Z,c6cc74a6,c6cc74a6#phase10c,challenger-2026-06-06,2026-06-08T21:47:16Z,202,Josh Hart,NYK,SAS,21716136,,pr,16.5,core,core,True,,,,26.1721,,28.3028,,0.05,projected,not_available_yet,fallback_used,bdl_plus_nba_official,2026-06-08T21:46:27Z,bdl_lineup_freshness_manifest,,False,False,16.5,0.6569,0.3431,-191.0,191.0,19.5586,41.6637,12.0,19.0,28.0,0.6075,0.6075,0.0494,full,ready,,build_derek_forward_feed:v1_model_only_plus_market_reference,ok
2026-06-08,2026-06-08,f4da0f14-6b9f-47b7-bcbc-f5ee557a11a1,morning_expected,2026-06-08T21:47:20Z,c6cc74a6,c6cc74a6#phase10c,challenger-2026-06-06,2026-06-08T21:47:16Z,202,Josh Hart,NYK,SAS,21716136,,pr,15.5,core,core,True,,,,26.1721,,28.3028,,0.05,projected,not_available_yet,fallback_used,bdl_plus_nba_official,2026-06-08T21:46:27Z,bdl_lineup_freshness_manifest,,False,False,15.5,0.716,0.284,-252.0,252.0,19.5586,41.6637,12.0,19.0,28.0,0.6592,0.6592,0.0568,full,ready,,build_derek_forward_feed:v1_model_only_plus_market_reference,ok
2026-06-08,2026-06-08,f4da0f14-6b9f-47b7-bcbc-f5ee557a11a1,morning_expected,2026-06-08T21:47:20Z,c6cc74a6,c6cc74a6#phase10c,challenger-2026-06-06,2026-06-08T21:47:16Z,202,Josh Hart,NYK,SAS,21716136,,pr,14.5,core,core,True,,,,26.1721,,28.3028,,0.05,projected,not_available_yet,fallback_used,bdl_plus_nba_official,2026-06-08T21:46:27Z,bdl_lineup_freshness_manifest,,False,False,14.5,0.7715,0.2285,-338.0,338.0,19.5586,41.6637,12.0,19.0,28.0,0.7123,0.7123,0.0592,full,ready,,build_derek_forward_feed:v1_model_only_plus_market_reference,ok
2026-06-08,2026-06-08,f4da0f14-6b9f-47b7-bcbc-f5ee557a11a1,morning_expected,2026-06-08T21:47:20Z,c6cc74a6,c6cc74a6#phase10c,challenger-2026-06-06,2026-06-08T21:47:16Z,202,Josh Hart,NYK,SAS,21716136,,pr,13.5,core,core,True,,,,26.1721,,28.3028,,0.05,projected,not_available_yet,fallback_used,bdl_plus_nba_official,2026-06-08T21:46:27Z,bdl_lineup_freshness_manifest,,False,False,13.5,0.8217,0.1783,-461.0,461.0,19.5586,41.6637,12.0,19.0,28.0,0.7606,0.7606,0.0611,full,ready,,build_derek_forward_feed:v1_model_only_plus_market_reference,ok
2026-06-08,2026-06-08,f4da0f14-6b9f-47b7-bcbc-f5ee557a11a1,morning_expected,2026-06-08T21:47:20Z,c6cc74a6,c6cc74a6#phase10c,challenger-2026-06-06,2026-06-08T21:47:16Z,202,Josh Hart,NYK,SAS,21716136,,pr,12.5,core,core,True,,,,26.1721,,28.3028,,0.05,projected,not_available_yet,fallback_used,bdl_plus_nba_official,2026-06-08T21:46:27Z,bdl_lineup_freshness_manifest,,False,False,12.5,0.8655,0.1345,-644.0,644.0,19.5586,41.6637,12.0,19.0,28.0,0.8011,0.8011,0.0644,full,ready,,build_derek_forward_feed:v1_model_only_plus_market_reference,ok
2026-06-08,2026-06-08,f4da0f14-6b9f-47b7-bcbc-f5ee557a11a1,morning_expected,2026-06-08T21:47:20Z,c6cc74a6,c6cc74a6#phase10c,challenger-2026-06-06,2026-06-08T21:47:16Z,202,Josh Hart,NYK,SAS,21716136,,pr,11.5,core,core,True,,,,26.1721,,28.3028,,0.05,projected,not_available_yet,fallback_used,bdl_plus_nba_official,2026-06-08T21:46:27Z,bdl_lineup_freshness_manifest,,False,False,11.5,0.9025,0.0975,-925.0,925.0,19.5586,41.6637,12.0,19.0,28.0,0.8415,0.8415,0.061,full,ready,,build_derek_forward_feed:v1_model_only_plus_market_reference,ok
2026-06-08,2026-06-08,f4da0f14-6b9f-47b7-bcbc-f5ee557a11a1,morning_expected,2026-06-08T21:47:20Z,c6cc74a6,c6cc74a6#phase10c,challenger-2026-06-06,2026-06-08T21:47:16Z,202,Josh Hart,NYK,SAS,21716136,,pr,16.5,core,core,True,,,,26.1721,,28.3028,,0.05,projected,not_available_yet,fallback_used,bdl_plus_nba_official,2026-06-08T21:46:27Z,bdl_lineup_freshness_manifest,,False,False,16.5,0.6569,0.3431,-191.0,191.0,19.5586,41.6637,12.0,19.0,28.0,0.6017,0.6017,0.0552,full,ready,,build_derek_forward_feed:v1_model_only_plus_market_reference,ok
2026-06-08,2026-06-08,f4da0f14-6b9f-47b7-bcbc-f5ee557a11a1,morning_expected,2026-06-08T21:47:20Z,c6cc74a6,c6cc74a6#phase10c,challenger-2026-06-06,2026-06-08T21:47:16Z,202,Josh Hart,NYK,SAS,21716136,,pr,17.5,core,core,True,,,,26.1721,,28.3028,,0.05,projected,not_available_yet,fallback_used,bdl_plus_nba_official,2026-06-08T21:46:27Z,bdl_lineup_freshness_manifest,,False,False,17.5,0.5959,0.4041,-147.0,147.0,19.5586,41.6637,12.0,19.0,28.0,0.5408,0.5408,0.0551,full,ready,,build_derek_forward_feed:v1_model_only_plus_market_reference,ok
2026-06-08,2026-06-08,f4da0f14-6b9f-47b7-bcbc-f5ee557a11a1,morning_expected,2026-06-08T21:47:20Z,c6cc74a6,c6cc74a6#phase10c,challenger-2026-06-06,2026-06-08T21:47:16Z,202,Josh Hart,NYK,SAS,21716136,,pr,18.5,core,core,True,,,,26.1721,,28.3028,,0.05,projected,not_available_yet,fallback_used,bdl_plus_nba_official,2026-06-08T21:46:27Z,bdl_lineup_freshness_manifest,,False,False,18.5,0.5345,0.4655,-115.0,115.0,19.5586,41.6637,12.0,19.0,28.0,0.4899,0.4899,0.0446,full,ready,,build_derek_forward_feed:v1_model_only_plus_market_reference,ok
2026-06-08,2026-06-08,f4da0f14-6b9f-47b7-bcbc-f5ee557a11a1,morning_expected,2026-06-08T21:47:20Z,c6cc74a6,c6cc74a6#phase10c,challenger-2026-06-06,2026-06-08T21:47:16Z,202,Josh Hart,NYK,SAS,21716136,,pr,17.5,core,core,True,,,,26.1721,,28.3028,,0.05,projected,not_available_yet,fallback_used,bdl_plus_nba_official,2026-06-08T21:46:27Z,bdl_lineup_freshness_manifest,,False,False,17.5,0.5959,0.4041,-147.0,147.0,19.5586,41.6637,12.0,19.0,28.0,0.5203,0.5203,0.0756,full,ready,,build_derek_forward_feed:v1_model_only_plus_market_reference,ok
2026-06-08,2026-06-08,f4da0f14-6b9f-47b7-bcbc-f5ee557a11a1,morning_expected,2026-06-08T21:47:20Z,c6cc74a6,c6cc74a6#phase10c,challenger-2026-06-06,2026-06-08T21:47:16Z,202,Josh Hart,NYK,SAS,21716136,,pr,18.5,core,core,True,,,,26.1721,,28.3028,,0.05,projected,not_available_yet,fallback_used,bdl_plus_nba_official,2026-06-08T21:46:27Z,bdl_lineup_freshness_manifest,,False,False,18.5,0.5345,0.4655,-115.0,115.0,19.5586,41.6637,12.0,19.0,28.0,0.4929,0.4929,0.0416,full,ready,,build_derek_forward_feed:v1_model_only_plus_market_reference,ok
2026-06-08,2026-06-08,f4da0f14-6b9f-47b7-bcbc-f5ee557a11a1,morning_expected,2026-06-08T21:47:20Z,c6cc74a6,c6cc74a6#phase10c,challenger-2026-06-06,2026-06-08T21:47:16Z,202,Josh Hart,NYK,SAS,21716136,,pr,18.5,core,core,True,,,,26.1721,,28.3028,,0.05,projected,not_available_yet,fallback_used,bdl_plus_nba_official,2026-06-08T21:46:27Z,bdl_lineup_freshness_manifest,,False,False,18.5,0.5345,0.4655,-115.0,115.0,19.5586,41.6637,12.0,19.0,28.0,0.4797,0.4797,0.0548,full,ready,,build_derek_forward_feed:v1_model_only_plus_market_reference,ok
2026-06-08,2026-06-08,f4da0f14-6b9f-47b7-bcbc-f5ee557a11a1,morning_expected,2026-06-08T21:47:20Z,c6cc74a6,c6cc74a6#phase10c,challenger-2026-06-06,2026-06-08T21:47:16Z,202,Josh Hart,NYK,SAS,21716136,,pr,18.5,core,core,True,,,,26.1721,,28.3028,,0.05,projected,not_available_yet,fallback_used,bdl_plus_nba_official,2026-06-08T21:46:27Z,bdl_lineup_freshness_manifest,,False,False,18.5,0.5345,0.4655,-115.0,115.0,19.5586,41.6637,12.0,19.0,28.0,0.4797,0.4797,0.0548,full,ready,,build_derek_forward_feed:v1_model_only_plus_market_reference,ok
2026-06-08,2026-06-08,f4da0f14-6b9f-47b7-bcbc-f5ee557a11a1,morning_expected,2026-06-08T21:47:20Z,c6cc74a6,c6cc74a6#phase10c,challenger-2026-06-06,2026-06-08T21:47:16Z,202,Josh Hart,NYK,SAS,21716136,,pr,18.5,core,core,True,,,,26.1721,,28.3028,,0.05,projected,not_available_yet,fallback_used,bdl_plus_nba_official,2026-06-08T21:46:27Z,bdl_lineup_freshness_manifest,,False,False,18.5,0.5345,0.4655,-115.0,115.0,19.5586,41.6637,12.0,19.0,28.0,0.4797,0.4797,0.0548,full,ready,,build_derek_forward_feed:v1_model_only_plus_market_reference,ok
2026-06-08,2026-06-08,f4da0f14-6b9f-47b7-bcbc-f5ee557a11a1,morning_expected,2026-06-08T21:47:20Z,c6cc74a6,c6cc74a6#phase10c,challenger-2026-06-06,2026-06-08T21:47:16Z,202,Josh Hart,NYK,SAS,21716136,,pr,18.5,core,core,True,,,,26.1721,,28.3028,,0.05,projected,not_available_yet,fallback_used,bdl_plus_nba_official,2026-06-08T21:46:27Z,bdl_lineup_freshness_manifest,,False,False,18.5,0.5345,0.4655,-115.0,115.0,19.5586,41.6637,12.0,19.0,28.0,0.4899,0.4899,0.0446,full,ready,,build_derek_forward_feed:v1_model_only_plus_market_reference,ok
2026-06-08,2026-06-08,f4da0f14-6b9f-47b7-bcbc-f5ee557a11a1,morning_expected,2026-06-08T21:47:20Z,c6cc74a6,c6cc74a6#phase10c,challenger-2026-06-06,2026-06-08T21:47:16Z,202,Josh Hart,NYK,SAS,21716136,,pr,18.5,core,core,True,,,,26.1721,,28.3028,,0.05,projected,not_available_yet,fallback_used,bdl_plus_nba_official,2026-06-08T21:46:27Z,bdl_lineup_freshness_manifest,,False,False,18.5,0.5345,0.4655,-115.0,115.0,19.5586,41.6637,12.0,19.0,28.0,0.4769,0.4769,0.0576,full,ready,,build_derek_forward_feed:v1_model_only_plus_market_reference,ok
2026-06-08,2026-06-08,f4da0f14-6b9f-47b7-bcbc-f5ee557a11a1,morning_expected,2026-06-08T21:47:20Z,c6cc74a6,c6cc74a6#phase10c,challenger-2026-06-06,2026-06-08T21:47:16Z,202,Josh Hart,NYK,SAS,21716136,,ra,17.5,core,core,True,,,,26.1721,,28.3028,,0.05,projected,not_available_yet,fallback_used,bdl_plus_nba_official,2026-06-08T21:46:27Z,bdl_lineup_freshness_manifest,,False,False,17.5,0.0536,0.9464,1766.0,-1766.0,12.4596,9.8119,9.0,12.0,16.0,0.1869,0.1869,-0.1333,full,ready,,build_derek_forward_feed:v1_model_only_plus_market_reference,ok
