player_name,player_id,team,opponent,is_home,game_id,stat,role_bucket,pmf_source,calibration_source,snapshot_type,snapshot_time_utc,model_version,pipeline_run_id,pmf_valid,pmf_sum_error,calibration_confidence,market_coverage_status,tov_status,injury_freshness_status,lineup_freshness_status,role_freshness_status,k,p_k
Jarrett Allen,9,CLE,NYK,True,21713899,pra,core,"stat_grid:component_convolution_mean_coherent_v1+components[pts:pmf_sim_v1+role_aware_pmf_cal_v1:core+monotone_pit_cdf_v1,reb:pmf_sim_v1+role_aware_pmf_cal_v1:core+monotone_pit_cdf_v1,ast:pmf_sim_v1+role_aware_pmf_cal_v1:core+monotone_pit_cdf_v1]+prior_combo[joint_sampler_v1+joint_combo_pmf_v1+role_aware_pmf_cal_v1:core+monotone_pit_cdf_v1]+stat_grid_final_component_convolution_mean_coherent_v1",phase8_role_aware_pmf_cal_v1+monotone_inactive_global_v1,pre_close,2026-05-23T20:47:49Z,d1ddc807#phase10c,bd27ab4a-bccb-407a-a984-d77d1d286e8a,ok,0.0,high,full,current_phase8,unknown,projected,derived_from_projected_minutes,96,0.0
Jarrett Allen,9,CLE,NYK,True,21713899,pra,core,"stat_grid:component_convolution_mean_coherent_v1+components[pts:pmf_sim_v1+role_aware_pmf_cal_v1:core+monotone_pit_cdf_v1,reb:pmf_sim_v1+role_aware_pmf_cal_v1:core+monotone_pit_cdf_v1,ast:pmf_sim_v1+role_aware_pmf_cal_v1:core+monotone_pit_cdf_v1]+prior_combo[joint_sampler_v1+joint_combo_pmf_v1+role_aware_pmf_cal_v1:core+monotone_pit_cdf_v1]+stat_grid_final_component_convolution_mean_coherent_v1",phase8_role_aware_pmf_cal_v1+monotone_inactive_global_v1,pre_close,2026-05-23T20:47:49Z,d1ddc807#phase10c,bd27ab4a-bccb-407a-a984-d77d1d286e8a,ok,0.0,high,full,current_phase8,unknown,projected,derived_from_projected_minutes,97,0.0
Jarrett Allen,9,CLE,NYK,True,21713899,pra,core,"stat_grid:component_convolution_mean_coherent_v1+components[pts:pmf_sim_v1+role_aware_pmf_cal_v1:core+monotone_pit_cdf_v1,reb:pmf_sim_v1+role_aware_pmf_cal_v1:core+monotone_pit_cdf_v1,ast:pmf_sim_v1+role_aware_pmf_cal_v1:core+monotone_pit_cdf_v1]+prior_combo[joint_sampler_v1+joint_combo_pmf_v1+role_aware_pmf_cal_v1:core+monotone_pit_cdf_v1]+stat_grid_final_component_convolution_mean_coherent_v1",phase8_role_aware_pmf_cal_v1+monotone_inactive_global_v1,pre_close,2026-05-23T20:47:49Z,d1ddc807#phase10c,bd27ab4a-bccb-407a-a984-d77d1d286e8a,ok,0.0,high,full,current_phase8,unknown,projected,derived_from_projected_minutes,98,0.0
Jarrett Allen,9,CLE,NYK,True,21713899,pra,core,"stat_grid:component_convolution_mean_coherent_v1+components[pts:pmf_sim_v1+role_aware_pmf_cal_v1:core+monotone_pit_cdf_v1,reb:pmf_sim_v1+role_aware_pmf_cal_v1:core+monotone_pit_cdf_v1,ast:pmf_sim_v1+role_aware_pmf_cal_v1:core+monotone_pit_cdf_v1]+prior_combo[joint_sampler_v1+joint_combo_pmf_v1+role_aware_pmf_cal_v1:core+monotone_pit_cdf_v1]+stat_grid_final_component_convolution_mean_coherent_v1",phase8_role_aware_pmf_cal_v1+monotone_inactive_global_v1,pre_close,2026-05-23T20:47:49Z,d1ddc807#phase10c,bd27ab4a-bccb-407a-a984-d77d1d286e8a,ok,0.0,high,full,current_phase8,unknown,projected,derived_from_projected_minutes,99,0.0
Jarrett Allen,9,CLE,NYK,True,21713899,pra,core,"stat_grid:component_convolution_mean_coherent_v1+components[pts:pmf_sim_v1+role_aware_pmf_cal_v1:core+monotone_pit_cdf_v1,reb:pmf_sim_v1+role_aware_pmf_cal_v1:core+monotone_pit_cdf_v1,ast:pmf_sim_v1+role_aware_pmf_cal_v1:core+monotone_pit_cdf_v1]+prior_combo[joint_sampler_v1+joint_combo_pmf_v1+role_aware_pmf_cal_v1:core+monotone_pit_cdf_v1]+stat_grid_final_component_convolution_mean_coherent_v1",phase8_role_aware_pmf_cal_v1+monotone_inactive_global_v1,pre_close,2026-05-23T20:47:49Z,d1ddc807#phase10c,bd27ab4a-bccb-407a-a984-d77d1d286e8a,ok,0.0,high,full,current_phase8,unknown,projected,derived_from_projected_minutes,100,0.0
Jarrett Allen,9,CLE,NYK,True,21713899,pra,core,"stat_grid:component_convolution_mean_coherent_v1+components[pts:pmf_sim_v1+role_aware_pmf_cal_v1:core+monotone_pit_cdf_v1,reb:pmf_sim_v1+role_aware_pmf_cal_v1:core+monotone_pit_cdf_v1,ast:pmf_sim_v1+role_aware_pmf_cal_v1:core+monotone_pit_cdf_v1]+prior_combo[joint_sampler_v1+joint_combo_pmf_v1+role_aware_pmf_cal_v1:core+monotone_pit_cdf_v1]+stat_grid_final_component_convolution_mean_coherent_v1",phase8_role_aware_pmf_cal_v1+monotone_inactive_global_v1,pre_close,2026-05-23T20:47:49Z,d1ddc807#phase10c,bd27ab4a-bccb-407a-a984-d77d1d286e8a,ok,0.0,high,full,current_phase8,unknown,projected,derived_from_projected_minutes,101,0.0
Jarrett Allen,9,CLE,NYK,True,21713899,pra,core,"stat_grid:component_convolution_mean_coherent_v1+components[pts:pmf_sim_v1+role_aware_pmf_cal_v1:core+monotone_pit_cdf_v1,reb:pmf_sim_v1+role_aware_pmf_cal_v1:core+monotone_pit_cdf_v1,ast:pmf_sim_v1+role_aware_pmf_cal_v1:core+monotone_pit_cdf_v1]+prior_combo[joint_sampler_v1+joint_combo_pmf_v1+role_aware_pmf_cal_v1:core+monotone_pit_cdf_v1]+stat_grid_final_component_convolution_mean_coherent_v1",phase8_role_aware_pmf_cal_v1+monotone_inactive_global_v1,pre_close,2026-05-23T20:47:49Z,d1ddc807#phase10c,bd27ab4a-bccb-407a-a984-d77d1d286e8a,ok,0.0,high,full,current_phase8,unknown,projected,derived_from_projected_minutes,102,0.0
Jarrett Allen,9,CLE,NYK,True,21713899,pra,core,"stat_grid:component_convolution_mean_coherent_v1+components[pts:pmf_sim_v1+role_aware_pmf_cal_v1:core+monotone_pit_cdf_v1,reb:pmf_sim_v1+role_aware_pmf_cal_v1:core+monotone_pit_cdf_v1,ast:pmf_sim_v1+role_aware_pmf_cal_v1:core+monotone_pit_cdf_v1]+prior_combo[joint_sampler_v1+joint_combo_pmf_v1+role_aware_pmf_cal_v1:core+monotone_pit_cdf_v1]+stat_grid_final_component_convolution_mean_coherent_v1",phase8_role_aware_pmf_cal_v1+monotone_inactive_global_v1,pre_close,2026-05-23T20:47:49Z,d1ddc807#phase10c,bd27ab4a-bccb-407a-a984-d77d1d286e8a,ok,0.0,high,full,current_phase8,unknown,projected,derived_from_projected_minutes,103,0.0
Jarrett Allen,9,CLE,NYK,True,21713899,pra,core,"stat_grid:component_convolution_mean_coherent_v1+components[pts:pmf_sim_v1+role_aware_pmf_cal_v1:core+monotone_pit_cdf_v1,reb:pmf_sim_v1+role_aware_pmf_cal_v1:core+monotone_pit_cdf_v1,ast:pmf_sim_v1+role_aware_pmf_cal_v1:core+monotone_pit_cdf_v1]+prior_combo[joint_sampler_v1+joint_combo_pmf_v1+role_aware_pmf_cal_v1:core+monotone_pit_cdf_v1]+stat_grid_final_component_convolution_mean_coherent_v1",phase8_role_aware_pmf_cal_v1+monotone_inactive_global_v1,pre_close,2026-05-23T20:47:49Z,d1ddc807#phase10c,bd27ab4a-bccb-407a-a984-d77d1d286e8a,ok,0.0,high,full,current_phase8,unknown,projected,derived_from_projected_minutes,104,0.0
Jarrett Allen,9,CLE,NYK,True,21713899,pra,core,"stat_grid:component_convolution_mean_coherent_v1+components[pts:pmf_sim_v1+role_aware_pmf_cal_v1:core+monotone_pit_cdf_v1,reb:pmf_sim_v1+role_aware_pmf_cal_v1:core+monotone_pit_cdf_v1,ast:pmf_sim_v1+role_aware_pmf_cal_v1:core+monotone_pit_cdf_v1]+prior_combo[joint_sampler_v1+joint_combo_pmf_v1+role_aware_pmf_cal_v1:core+monotone_pit_cdf_v1]+stat_grid_final_component_convolution_mean_coherent_v1",phase8_role_aware_pmf_cal_v1+monotone_inactive_global_v1,pre_close,2026-05-23T20:47:49Z,d1ddc807#phase10c,bd27ab4a-bccb-407a-a984-d77d1d286e8a,ok,0.0,high,full,current_phase8,unknown,projected,derived_from_projected_minutes,105,0.0
Jarrett Allen,9,CLE,NYK,True,21713899,pra,core,"stat_grid:component_convolution_mean_coherent_v1+components[pts:pmf_sim_v1+role_aware_pmf_cal_v1:core+monotone_pit_cdf_v1,reb:pmf_sim_v1+role_aware_pmf_cal_v1:core+monotone_pit_cdf_v1,ast:pmf_sim_v1+role_aware_pmf_cal_v1:core+monotone_pit_cdf_v1]+prior_combo[joint_sampler_v1+joint_combo_pmf_v1+role_aware_pmf_cal_v1:core+monotone_pit_cdf_v1]+stat_grid_final_component_convolution_mean_coherent_v1",phase8_role_aware_pmf_cal_v1+monotone_inactive_global_v1,pre_close,2026-05-23T20:47:49Z,d1ddc807#phase10c,bd27ab4a-bccb-407a-a984-d77d1d286e8a,ok,0.0,high,full,current_phase8,unknown,projected,derived_from_projected_minutes,106,0.0
Jarrett Allen,9,CLE,NYK,True,21713899,pra,core,"stat_grid:component_convolution_mean_coherent_v1+components[pts:pmf_sim_v1+role_aware_pmf_cal_v1:core+monotone_pit_cdf_v1,reb:pmf_sim_v1+role_aware_pmf_cal_v1:core+monotone_pit_cdf_v1,ast:pmf_sim_v1+role_aware_pmf_cal_v1:core+monotone_pit_cdf_v1]+prior_combo[joint_sampler_v1+joint_combo_pmf_v1+role_aware_pmf_cal_v1:core+monotone_pit_cdf_v1]+stat_grid_final_component_convolution_mean_coherent_v1",phase8_role_aware_pmf_cal_v1+monotone_inactive_global_v1,pre_close,2026-05-23T20:47:49Z,d1ddc807#phase10c,bd27ab4a-bccb-407a-a984-d77d1d286e8a,ok,0.0,high,full,current_phase8,unknown,projected,derived_from_projected_minutes,107,0.0
Jarrett Allen,9,CLE,NYK,True,21713899,pra,core,"stat_grid:component_convolution_mean_coherent_v1+components[pts:pmf_sim_v1+role_aware_pmf_cal_v1:core+monotone_pit_cdf_v1,reb:pmf_sim_v1+role_aware_pmf_cal_v1:core+monotone_pit_cdf_v1,ast:pmf_sim_v1+role_aware_pmf_cal_v1:core+monotone_pit_cdf_v1]+prior_combo[joint_sampler_v1+joint_combo_pmf_v1+role_aware_pmf_cal_v1:core+monotone_pit_cdf_v1]+stat_grid_final_component_convolution_mean_coherent_v1",phase8_role_aware_pmf_cal_v1+monotone_inactive_global_v1,pre_close,2026-05-23T20:47:49Z,d1ddc807#phase10c,bd27ab4a-bccb-407a-a984-d77d1d286e8a,ok,0.0,high,full,current_phase8,unknown,projected,derived_from_projected_minutes,108,0.0
Jarrett Allen,9,CLE,NYK,True,21713899,pra,core,"stat_grid:component_convolution_mean_coherent_v1+components[pts:pmf_sim_v1+role_aware_pmf_cal_v1:core+monotone_pit_cdf_v1,reb:pmf_sim_v1+role_aware_pmf_cal_v1:core+monotone_pit_cdf_v1,ast:pmf_sim_v1+role_aware_pmf_cal_v1:core+monotone_pit_cdf_v1]+prior_combo[joint_sampler_v1+joint_combo_pmf_v1+role_aware_pmf_cal_v1:core+monotone_pit_cdf_v1]+stat_grid_final_component_convolution_mean_coherent_v1",phase8_role_aware_pmf_cal_v1+monotone_inactive_global_v1,pre_close,2026-05-23T20:47:49Z,d1ddc807#phase10c,bd27ab4a-bccb-407a-a984-d77d1d286e8a,ok,0.0,high,full,current_phase8,unknown,projected,derived_from_projected_minutes,109,0.0
Jarrett Allen,9,CLE,NYK,True,21713899,pra,core,"stat_grid:component_convolution_mean_coherent_v1+components[pts:pmf_sim_v1+role_aware_pmf_cal_v1:core+monotone_pit_cdf_v1,reb:pmf_sim_v1+role_aware_pmf_cal_v1:core+monotone_pit_cdf_v1,ast:pmf_sim_v1+role_aware_pmf_cal_v1:core+monotone_pit_cdf_v1]+prior_combo[joint_sampler_v1+joint_combo_pmf_v1+role_aware_pmf_cal_v1:core+monotone_pit_cdf_v1]+stat_grid_final_component_convolution_mean_coherent_v1",phase8_role_aware_pmf_cal_v1+monotone_inactive_global_v1,pre_close,2026-05-23T20:47:49Z,d1ddc807#phase10c,bd27ab4a-bccb-407a-a984-d77d1d286e8a,ok,0.0,high,full,current_phase8,unknown,projected,derived_from_projected_minutes,110,0.0
Jarrett Allen,9,CLE,NYK,True,21713899,pra,core,"stat_grid:component_convolution_mean_coherent_v1+components[pts:pmf_sim_v1+role_aware_pmf_cal_v1:core+monotone_pit_cdf_v1,reb:pmf_sim_v1+role_aware_pmf_cal_v1:core+monotone_pit_cdf_v1,ast:pmf_sim_v1+role_aware_pmf_cal_v1:core+monotone_pit_cdf_v1]+prior_combo[joint_sampler_v1+joint_combo_pmf_v1+role_aware_pmf_cal_v1:core+monotone_pit_cdf_v1]+stat_grid_final_component_convolution_mean_coherent_v1",phase8_role_aware_pmf_cal_v1+monotone_inactive_global_v1,pre_close,2026-05-23T20:47:49Z,d1ddc807#phase10c,bd27ab4a-bccb-407a-a984-d77d1d286e8a,ok,0.0,high,full,current_phase8,unknown,projected,derived_from_projected_minutes,111,0.0
Jarrett Allen,9,CLE,NYK,True,21713899,pra,core,"stat_grid:component_convolution_mean_coherent_v1+components[pts:pmf_sim_v1+role_aware_pmf_cal_v1:core+monotone_pit_cdf_v1,reb:pmf_sim_v1+role_aware_pmf_cal_v1:core+monotone_pit_cdf_v1,ast:pmf_sim_v1+role_aware_pmf_cal_v1:core+monotone_pit_cdf_v1]+prior_combo[joint_sampler_v1+joint_combo_pmf_v1+role_aware_pmf_cal_v1:core+monotone_pit_cdf_v1]+stat_grid_final_component_convolution_mean_coherent_v1",phase8_role_aware_pmf_cal_v1+monotone_inactive_global_v1,pre_close,2026-05-23T20:47:49Z,d1ddc807#phase10c,bd27ab4a-bccb-407a-a984-d77d1d286e8a,ok,0.0,high,full,current_phase8,unknown,projected,derived_from_projected_minutes,112,0.0
Jarrett Allen,9,CLE,NYK,True,21713899,pra,core,"stat_grid:component_convolution_mean_coherent_v1+components[pts:pmf_sim_v1+role_aware_pmf_cal_v1:core+monotone_pit_cdf_v1,reb:pmf_sim_v1+role_aware_pmf_cal_v1:core+monotone_pit_cdf_v1,ast:pmf_sim_v1+role_aware_pmf_cal_v1:core+monotone_pit_cdf_v1]+prior_combo[joint_sampler_v1+joint_combo_pmf_v1+role_aware_pmf_cal_v1:core+monotone_pit_cdf_v1]+stat_grid_final_component_convolution_mean_coherent_v1",phase8_role_aware_pmf_cal_v1+monotone_inactive_global_v1,pre_close,2026-05-23T20:47:49Z,d1ddc807#phase10c,bd27ab4a-bccb-407a-a984-d77d1d286e8a,ok,0.0,high,full,current_phase8,unknown,projected,derived_from_projected_minutes,113,0.0
Jarrett Allen,9,CLE,NYK,True,21713899,pra,core,"stat_grid:component_convolution_mean_coherent_v1+components[pts:pmf_sim_v1+role_aware_pmf_cal_v1:core+monotone_pit_cdf_v1,reb:pmf_sim_v1+role_aware_pmf_cal_v1:core+monotone_pit_cdf_v1,ast:pmf_sim_v1+role_aware_pmf_cal_v1:core+monotone_pit_cdf_v1]+prior_combo[joint_sampler_v1+joint_combo_pmf_v1+role_aware_pmf_cal_v1:core+monotone_pit_cdf_v1]+stat_grid_final_component_convolution_mean_coherent_v1",phase8_role_aware_pmf_cal_v1+monotone_inactive_global_v1,pre_close,2026-05-23T20:47:49Z,d1ddc807#phase10c,bd27ab4a-bccb-407a-a984-d77d1d286e8a,ok,0.0,high,full,current_phase8,unknown,projected,derived_from_projected_minutes,114,0.0
Jarrett Allen,9,CLE,NYK,True,21713899,pra,core,"stat_grid:component_convolution_mean_coherent_v1+components[pts:pmf_sim_v1+role_aware_pmf_cal_v1:core+monotone_pit_cdf_v1,reb:pmf_sim_v1+role_aware_pmf_cal_v1:core+monotone_pit_cdf_v1,ast:pmf_sim_v1+role_aware_pmf_cal_v1:core+monotone_pit_cdf_v1]+prior_combo[joint_sampler_v1+joint_combo_pmf_v1+role_aware_pmf_cal_v1:core+monotone_pit_cdf_v1]+stat_grid_final_component_convolution_mean_coherent_v1",phase8_role_aware_pmf_cal_v1+monotone_inactive_global_v1,pre_close,2026-05-23T20:47:49Z,d1ddc807#phase10c,bd27ab4a-bccb-407a-a984-d77d1d286e8a,ok,0.0,high,full,current_phase8,unknown,projected,derived_from_projected_minutes,115,0.0
Jarrett Allen,9,CLE,NYK,True,21713899,pra,core,"stat_grid:component_convolution_mean_coherent_v1+components[pts:pmf_sim_v1+role_aware_pmf_cal_v1:core+monotone_pit_cdf_v1,reb:pmf_sim_v1+role_aware_pmf_cal_v1:core+monotone_pit_cdf_v1,ast:pmf_sim_v1+role_aware_pmf_cal_v1:core+monotone_pit_cdf_v1]+prior_combo[joint_sampler_v1+joint_combo_pmf_v1+role_aware_pmf_cal_v1:core+monotone_pit_cdf_v1]+stat_grid_final_component_convolution_mean_coherent_v1",phase8_role_aware_pmf_cal_v1+monotone_inactive_global_v1,pre_close,2026-05-23T20:47:49Z,d1ddc807#phase10c,bd27ab4a-bccb-407a-a984-d77d1d286e8a,ok,0.0,high,full,current_phase8,unknown,projected,derived_from_projected_minutes,116,0.0
Jarrett Allen,9,CLE,NYK,True,21713899,pra,core,"stat_grid:component_convolution_mean_coherent_v1+components[pts:pmf_sim_v1+role_aware_pmf_cal_v1:core+monotone_pit_cdf_v1,reb:pmf_sim_v1+role_aware_pmf_cal_v1:core+monotone_pit_cdf_v1,ast:pmf_sim_v1+role_aware_pmf_cal_v1:core+monotone_pit_cdf_v1]+prior_combo[joint_sampler_v1+joint_combo_pmf_v1+role_aware_pmf_cal_v1:core+monotone_pit_cdf_v1]+stat_grid_final_component_convolution_mean_coherent_v1",phase8_role_aware_pmf_cal_v1+monotone_inactive_global_v1,pre_close,2026-05-23T20:47:49Z,d1ddc807#phase10c,bd27ab4a-bccb-407a-a984-d77d1d286e8a,ok,0.0,high,full,current_phase8,unknown,projected,derived_from_projected_minutes,117,0.0
Jarrett Allen,9,CLE,NYK,True,21713899,pra,core,"stat_grid:component_convolution_mean_coherent_v1+components[pts:pmf_sim_v1+role_aware_pmf_cal_v1:core+monotone_pit_cdf_v1,reb:pmf_sim_v1+role_aware_pmf_cal_v1:core+monotone_pit_cdf_v1,ast:pmf_sim_v1+role_aware_pmf_cal_v1:core+monotone_pit_cdf_v1]+prior_combo[joint_sampler_v1+joint_combo_pmf_v1+role_aware_pmf_cal_v1:core+monotone_pit_cdf_v1]+stat_grid_final_component_convolution_mean_coherent_v1",phase8_role_aware_pmf_cal_v1+monotone_inactive_global_v1,pre_close,2026-05-23T20:47:49Z,d1ddc807#phase10c,bd27ab4a-bccb-407a-a984-d77d1d286e8a,ok,0.0,high,full,current_phase8,unknown,projected,derived_from_projected_minutes,118,0.0
Jarrett Allen,9,CLE,NYK,True,21713899,pra,core,"stat_grid:component_convolution_mean_coherent_v1+components[pts:pmf_sim_v1+role_aware_pmf_cal_v1:core+monotone_pit_cdf_v1,reb:pmf_sim_v1+role_aware_pmf_cal_v1:core+monotone_pit_cdf_v1,ast:pmf_sim_v1+role_aware_pmf_cal_v1:core+monotone_pit_cdf_v1]+prior_combo[joint_sampler_v1+joint_combo_pmf_v1+role_aware_pmf_cal_v1:core+monotone_pit_cdf_v1]+stat_grid_final_component_convolution_mean_coherent_v1",phase8_role_aware_pmf_cal_v1+monotone_inactive_global_v1,pre_close,2026-05-23T20:47:49Z,d1ddc807#phase10c,bd27ab4a-bccb-407a-a984-d77d1d286e8a,ok,0.0,high,full,current_phase8,unknown,projected,derived_from_projected_minutes,119,0.0
Jarrett Allen,9,CLE,NYK,True,21713899,pra,core,"stat_grid:component_convolution_mean_coherent_v1+components[pts:pmf_sim_v1+role_aware_pmf_cal_v1:core+monotone_pit_cdf_v1,reb:pmf_sim_v1+role_aware_pmf_cal_v1:core+monotone_pit_cdf_v1,ast:pmf_sim_v1+role_aware_pmf_cal_v1:core+monotone_pit_cdf_v1]+prior_combo[joint_sampler_v1+joint_combo_pmf_v1+role_aware_pmf_cal_v1:core+monotone_pit_cdf_v1]+stat_grid_final_component_convolution_mean_coherent_v1",phase8_role_aware_pmf_cal_v1+monotone_inactive_global_v1,pre_close,2026-05-23T20:47:49Z,d1ddc807#phase10c,bd27ab4a-bccb-407a-a984-d77d1d286e8a,ok,0.0,high,full,current_phase8,unknown,projected,derived_from_projected_minutes,120,0.0
Jarrett Allen,9,CLE,NYK,True,21713899,pra,core,"stat_grid:component_convolution_mean_coherent_v1+components[pts:pmf_sim_v1+role_aware_pmf_cal_v1:core+monotone_pit_cdf_v1,reb:pmf_sim_v1+role_aware_pmf_cal_v1:core+monotone_pit_cdf_v1,ast:pmf_sim_v1+role_aware_pmf_cal_v1:core+monotone_pit_cdf_v1]+prior_combo[joint_sampler_v1+joint_combo_pmf_v1+role_aware_pmf_cal_v1:core+monotone_pit_cdf_v1]+stat_grid_final_component_convolution_mean_coherent_v1",phase8_role_aware_pmf_cal_v1+monotone_inactive_global_v1,pre_close,2026-05-23T20:47:49Z,d1ddc807#phase10c,bd27ab4a-bccb-407a-a984-d77d1d286e8a,ok,0.0,high,full,current_phase8,unknown,projected,derived_from_projected_minutes,121,0.0
Jarrett Allen,9,CLE,NYK,True,21713899,pra,core,"stat_grid:component_convolution_mean_coherent_v1+components[pts:pmf_sim_v1+role_aware_pmf_cal_v1:core+monotone_pit_cdf_v1,reb:pmf_sim_v1+role_aware_pmf_cal_v1:core+monotone_pit_cdf_v1,ast:pmf_sim_v1+role_aware_pmf_cal_v1:core+monotone_pit_cdf_v1]+prior_combo[joint_sampler_v1+joint_combo_pmf_v1+role_aware_pmf_cal_v1:core+monotone_pit_cdf_v1]+stat_grid_final_component_convolution_mean_coherent_v1",phase8_role_aware_pmf_cal_v1+monotone_inactive_global_v1,pre_close,2026-05-23T20:47:49Z,d1ddc807#phase10c,bd27ab4a-bccb-407a-a984-d77d1d286e8a,ok,0.0,high,full,current_phase8,unknown,projected,derived_from_projected_minutes,122,0.0
Jarrett Allen,9,CLE,NYK,True,21713899,pra,core,"stat_grid:component_convolution_mean_coherent_v1+components[pts:pmf_sim_v1+role_aware_pmf_cal_v1:core+monotone_pit_cdf_v1,reb:pmf_sim_v1+role_aware_pmf_cal_v1:core+monotone_pit_cdf_v1,ast:pmf_sim_v1+role_aware_pmf_cal_v1:core+monotone_pit_cdf_v1]+prior_combo[joint_sampler_v1+joint_combo_pmf_v1+role_aware_pmf_cal_v1:core+monotone_pit_cdf_v1]+stat_grid_final_component_convolution_mean_coherent_v1",phase8_role_aware_pmf_cal_v1+monotone_inactive_global_v1,pre_close,2026-05-23T20:47:49Z,d1ddc807#phase10c,bd27ab4a-bccb-407a-a984-d77d1d286e8a,ok,0.0,high,full,current_phase8,unknown,projected,derived_from_projected_minutes,123,0.0
Jarrett Allen,9,CLE,NYK,True,21713899,pra,core,"stat_grid:component_convolution_mean_coherent_v1+components[pts:pmf_sim_v1+role_aware_pmf_cal_v1:core+monotone_pit_cdf_v1,reb:pmf_sim_v1+role_aware_pmf_cal_v1:core+monotone_pit_cdf_v1,ast:pmf_sim_v1+role_aware_pmf_cal_v1:core+monotone_pit_cdf_v1]+prior_combo[joint_sampler_v1+joint_combo_pmf_v1+role_aware_pmf_cal_v1:core+monotone_pit_cdf_v1]+stat_grid_final_component_convolution_mean_coherent_v1",phase8_role_aware_pmf_cal_v1+monotone_inactive_global_v1,pre_close,2026-05-23T20:47:49Z,d1ddc807#phase10c,bd27ab4a-bccb-407a-a984-d77d1d286e8a,ok,0.0,high,full,current_phase8,unknown,projected,derived_from_projected_minutes,124,0.0
Jarrett Allen,9,CLE,NYK,True,21713899,pra,core,"stat_grid:component_convolution_mean_coherent_v1+components[pts:pmf_sim_v1+role_aware_pmf_cal_v1:core+monotone_pit_cdf_v1,reb:pmf_sim_v1+role_aware_pmf_cal_v1:core+monotone_pit_cdf_v1,ast:pmf_sim_v1+role_aware_pmf_cal_v1:core+monotone_pit_cdf_v1]+prior_combo[joint_sampler_v1+joint_combo_pmf_v1+role_aware_pmf_cal_v1:core+monotone_pit_cdf_v1]+stat_grid_final_component_convolution_mean_coherent_v1",phase8_role_aware_pmf_cal_v1+monotone_inactive_global_v1,pre_close,2026-05-23T20:47:49Z,d1ddc807#phase10c,bd27ab4a-bccb-407a-a984-d77d1d286e8a,ok,0.0,high,full,current_phase8,unknown,projected,derived_from_projected_minutes,125,0.0
Jarrett Allen,9,CLE,NYK,True,21713899,pra,core,"stat_grid:component_convolution_mean_coherent_v1+components[pts:pmf_sim_v1+role_aware_pmf_cal_v1:core+monotone_pit_cdf_v1,reb:pmf_sim_v1+role_aware_pmf_cal_v1:core+monotone_pit_cdf_v1,ast:pmf_sim_v1+role_aware_pmf_cal_v1:core+monotone_pit_cdf_v1]+prior_combo[joint_sampler_v1+joint_combo_pmf_v1+role_aware_pmf_cal_v1:core+monotone_pit_cdf_v1]+stat_grid_final_component_convolution_mean_coherent_v1",phase8_role_aware_pmf_cal_v1+monotone_inactive_global_v1,pre_close,2026-05-23T20:47:49Z,d1ddc807#phase10c,bd27ab4a-bccb-407a-a984-d77d1d286e8a,ok,0.0,high,full,current_phase8,unknown,projected,derived_from_projected_minutes,126,0.0
Jarrett Allen,9,CLE,NYK,True,21713899,pra,core,"stat_grid:component_convolution_mean_coherent_v1+components[pts:pmf_sim_v1+role_aware_pmf_cal_v1:core+monotone_pit_cdf_v1,reb:pmf_sim_v1+role_aware_pmf_cal_v1:core+monotone_pit_cdf_v1,ast:pmf_sim_v1+role_aware_pmf_cal_v1:core+monotone_pit_cdf_v1]+prior_combo[joint_sampler_v1+joint_combo_pmf_v1+role_aware_pmf_cal_v1:core+monotone_pit_cdf_v1]+stat_grid_final_component_convolution_mean_coherent_v1",phase8_role_aware_pmf_cal_v1+monotone_inactive_global_v1,pre_close,2026-05-23T20:47:49Z,d1ddc807#phase10c,bd27ab4a-bccb-407a-a984-d77d1d286e8a,ok,0.0,high,full,current_phase8,unknown,projected,derived_from_projected_minutes,127,0.0
Jarrett Allen,9,CLE,NYK,True,21713899,pra,core,"stat_grid:component_convolution_mean_coherent_v1+components[pts:pmf_sim_v1+role_aware_pmf_cal_v1:core+monotone_pit_cdf_v1,reb:pmf_sim_v1+role_aware_pmf_cal_v1:core+monotone_pit_cdf_v1,ast:pmf_sim_v1+role_aware_pmf_cal_v1:core+monotone_pit_cdf_v1]+prior_combo[joint_sampler_v1+joint_combo_pmf_v1+role_aware_pmf_cal_v1:core+monotone_pit_cdf_v1]+stat_grid_final_component_convolution_mean_coherent_v1",phase8_role_aware_pmf_cal_v1+monotone_inactive_global_v1,pre_close,2026-05-23T20:47:49Z,d1ddc807#phase10c,bd27ab4a-bccb-407a-a984-d77d1d286e8a,ok,0.0,high,full,current_phase8,unknown,projected,derived_from_projected_minutes,128,0.0
Jarrett Allen,9,CLE,NYK,True,21713899,pra,core,"stat_grid:component_convolution_mean_coherent_v1+components[pts:pmf_sim_v1+role_aware_pmf_cal_v1:core+monotone_pit_cdf_v1,reb:pmf_sim_v1+role_aware_pmf_cal_v1:core+monotone_pit_cdf_v1,ast:pmf_sim_v1+role_aware_pmf_cal_v1:core+monotone_pit_cdf_v1]+prior_combo[joint_sampler_v1+joint_combo_pmf_v1+role_aware_pmf_cal_v1:core+monotone_pit_cdf_v1]+stat_grid_final_component_convolution_mean_coherent_v1",phase8_role_aware_pmf_cal_v1+monotone_inactive_global_v1,pre_close,2026-05-23T20:47:49Z,d1ddc807#phase10c,bd27ab4a-bccb-407a-a984-d77d1d286e8a,ok,0.0,high,full,current_phase8,unknown,projected,derived_from_projected_minutes,129,0.0
Jarrett Allen,9,CLE,NYK,True,21713899,pra,core,"stat_grid:component_convolution_mean_coherent_v1+components[pts:pmf_sim_v1+role_aware_pmf_cal_v1:core+monotone_pit_cdf_v1,reb:pmf_sim_v1+role_aware_pmf_cal_v1:core+monotone_pit_cdf_v1,ast:pmf_sim_v1+role_aware_pmf_cal_v1:core+monotone_pit_cdf_v1]+prior_combo[joint_sampler_v1+joint_combo_pmf_v1+role_aware_pmf_cal_v1:core+monotone_pit_cdf_v1]+stat_grid_final_component_convolution_mean_coherent_v1",phase8_role_aware_pmf_cal_v1+monotone_inactive_global_v1,pre_close,2026-05-23T20:47:49Z,d1ddc807#phase10c,bd27ab4a-bccb-407a-a984-d77d1d286e8a,ok,0.0,high,full,current_phase8,unknown,projected,derived_from_projected_minutes,130,0.0
Jarrett Allen,9,CLE,NYK,True,21713899,pra,core,"stat_grid:component_convolution_mean_coherent_v1+components[pts:pmf_sim_v1+role_aware_pmf_cal_v1:core+monotone_pit_cdf_v1,reb:pmf_sim_v1+role_aware_pmf_cal_v1:core+monotone_pit_cdf_v1,ast:pmf_sim_v1+role_aware_pmf_cal_v1:core+monotone_pit_cdf_v1]+prior_combo[joint_sampler_v1+joint_combo_pmf_v1+role_aware_pmf_cal_v1:core+monotone_pit_cdf_v1]+stat_grid_final_component_convolution_mean_coherent_v1",phase8_role_aware_pmf_cal_v1+monotone_inactive_global_v1,pre_close,2026-05-23T20:47:49Z,d1ddc807#phase10c,bd27ab4a-bccb-407a-a984-d77d1d286e8a,ok,0.0,high,full,current_phase8,unknown,projected,derived_from_projected_minutes,131,0.0
Jarrett Allen,9,CLE,NYK,True,21713899,pra,core,"stat_grid:component_convolution_mean_coherent_v1+components[pts:pmf_sim_v1+role_aware_pmf_cal_v1:core+monotone_pit_cdf_v1,reb:pmf_sim_v1+role_aware_pmf_cal_v1:core+monotone_pit_cdf_v1,ast:pmf_sim_v1+role_aware_pmf_cal_v1:core+monotone_pit_cdf_v1]+prior_combo[joint_sampler_v1+joint_combo_pmf_v1+role_aware_pmf_cal_v1:core+monotone_pit_cdf_v1]+stat_grid_final_component_convolution_mean_coherent_v1",phase8_role_aware_pmf_cal_v1+monotone_inactive_global_v1,pre_close,2026-05-23T20:47:49Z,d1ddc807#phase10c,bd27ab4a-bccb-407a-a984-d77d1d286e8a,ok,0.0,high,full,current_phase8,unknown,projected,derived_from_projected_minutes,132,0.0
Jarrett Allen,9,CLE,NYK,True,21713899,pra,core,"stat_grid:component_convolution_mean_coherent_v1+components[pts:pmf_sim_v1+role_aware_pmf_cal_v1:core+monotone_pit_cdf_v1,reb:pmf_sim_v1+role_aware_pmf_cal_v1:core+monotone_pit_cdf_v1,ast:pmf_sim_v1+role_aware_pmf_cal_v1:core+monotone_pit_cdf_v1]+prior_combo[joint_sampler_v1+joint_combo_pmf_v1+role_aware_pmf_cal_v1:core+monotone_pit_cdf_v1]+stat_grid_final_component_convolution_mean_coherent_v1",phase8_role_aware_pmf_cal_v1+monotone_inactive_global_v1,pre_close,2026-05-23T20:47:49Z,d1ddc807#phase10c,bd27ab4a-bccb-407a-a984-d77d1d286e8a,ok,0.0,high,full,current_phase8,unknown,projected,derived_from_projected_minutes,133,0.0
Jarrett Allen,9,CLE,NYK,True,21713899,pra,core,"stat_grid:component_convolution_mean_coherent_v1+components[pts:pmf_sim_v1+role_aware_pmf_cal_v1:core+monotone_pit_cdf_v1,reb:pmf_sim_v1+role_aware_pmf_cal_v1:core+monotone_pit_cdf_v1,ast:pmf_sim_v1+role_aware_pmf_cal_v1:core+monotone_pit_cdf_v1]+prior_combo[joint_sampler_v1+joint_combo_pmf_v1+role_aware_pmf_cal_v1:core+monotone_pit_cdf_v1]+stat_grid_final_component_convolution_mean_coherent_v1",phase8_role_aware_pmf_cal_v1+monotone_inactive_global_v1,pre_close,2026-05-23T20:47:49Z,d1ddc807#phase10c,bd27ab4a-bccb-407a-a984-d77d1d286e8a,ok,0.0,high,full,current_phase8,unknown,projected,derived_from_projected_minutes,134,0.0
Jarrett Allen,9,CLE,NYK,True,21713899,pra,core,"stat_grid:component_convolution_mean_coherent_v1+components[pts:pmf_sim_v1+role_aware_pmf_cal_v1:core+monotone_pit_cdf_v1,reb:pmf_sim_v1+role_aware_pmf_cal_v1:core+monotone_pit_cdf_v1,ast:pmf_sim_v1+role_aware_pmf_cal_v1:core+monotone_pit_cdf_v1]+prior_combo[joint_sampler_v1+joint_combo_pmf_v1+role_aware_pmf_cal_v1:core+monotone_pit_cdf_v1]+stat_grid_final_component_convolution_mean_coherent_v1",phase8_role_aware_pmf_cal_v1+monotone_inactive_global_v1,pre_close,2026-05-23T20:47:49Z,d1ddc807#phase10c,bd27ab4a-bccb-407a-a984-d77d1d286e8a,ok,0.0,high,full,current_phase8,unknown,projected,derived_from_projected_minutes,135,0.0
OG Anunoby,18,NYK,CLE,False,21713899,pts,starter,stat_grid:pmf_sim_v1+role_aware_pmf_cal_v1:starter+monotone_pit_cdf_v1,phase8_role_aware_pmf_cal_v1+monotone_inactive_global_v1,pre_close,2026-05-23T20:47:49Z,d1ddc807#phase10c,bd27ab4a-bccb-407a-a984-d77d1d286e8a,ok,0.0,high,full,current_phase8,unknown,projected,derived_from_projected_minutes,0,0.0013
OG Anunoby,18,NYK,CLE,False,21713899,pts,starter,stat_grid:pmf_sim_v1+role_aware_pmf_cal_v1:starter+monotone_pit_cdf_v1,phase8_role_aware_pmf_cal_v1+monotone_inactive_global_v1,pre_close,2026-05-23T20:47:49Z,d1ddc807#phase10c,bd27ab4a-bccb-407a-a984-d77d1d286e8a,ok,0.0,high,full,current_phase8,unknown,projected,derived_from_projected_minutes,1,0.0006
OG Anunoby,18,NYK,CLE,False,21713899,pts,starter,stat_grid:pmf_sim_v1+role_aware_pmf_cal_v1:starter+monotone_pit_cdf_v1,phase8_role_aware_pmf_cal_v1+monotone_inactive_global_v1,pre_close,2026-05-23T20:47:49Z,d1ddc807#phase10c,bd27ab4a-bccb-407a-a984-d77d1d286e8a,ok,0.0,high,full,current_phase8,unknown,projected,derived_from_projected_minutes,2,0.002
OG Anunoby,18,NYK,CLE,False,21713899,pts,starter,stat_grid:pmf_sim_v1+role_aware_pmf_cal_v1:starter+monotone_pit_cdf_v1,phase8_role_aware_pmf_cal_v1+monotone_inactive_global_v1,pre_close,2026-05-23T20:47:49Z,d1ddc807#phase10c,bd27ab4a-bccb-407a-a984-d77d1d286e8a,ok,0.0,high,full,current_phase8,unknown,projected,derived_from_projected_minutes,3,0.0042
OG Anunoby,18,NYK,CLE,False,21713899,pts,starter,stat_grid:pmf_sim_v1+role_aware_pmf_cal_v1:starter+monotone_pit_cdf_v1,phase8_role_aware_pmf_cal_v1+monotone_inactive_global_v1,pre_close,2026-05-23T20:47:49Z,d1ddc807#phase10c,bd27ab4a-bccb-407a-a984-d77d1d286e8a,ok,0.0,high,full,current_phase8,unknown,projected,derived_from_projected_minutes,4,0.0052
OG Anunoby,18,NYK,CLE,False,21713899,pts,starter,stat_grid:pmf_sim_v1+role_aware_pmf_cal_v1:starter+monotone_pit_cdf_v1,phase8_role_aware_pmf_cal_v1+monotone_inactive_global_v1,pre_close,2026-05-23T20:47:49Z,d1ddc807#phase10c,bd27ab4a-bccb-407a-a984-d77d1d286e8a,ok,0.0,high,full,current_phase8,unknown,projected,derived_from_projected_minutes,5,0.0116
OG Anunoby,18,NYK,CLE,False,21713899,pts,starter,stat_grid:pmf_sim_v1+role_aware_pmf_cal_v1:starter+monotone_pit_cdf_v1,phase8_role_aware_pmf_cal_v1+monotone_inactive_global_v1,pre_close,2026-05-23T20:47:49Z,d1ddc807#phase10c,bd27ab4a-bccb-407a-a984-d77d1d286e8a,ok,0.0,high,full,current_phase8,unknown,projected,derived_from_projected_minutes,6,0.0087
OG Anunoby,18,NYK,CLE,False,21713899,pts,starter,stat_grid:pmf_sim_v1+role_aware_pmf_cal_v1:starter+monotone_pit_cdf_v1,phase8_role_aware_pmf_cal_v1+monotone_inactive_global_v1,pre_close,2026-05-23T20:47:49Z,d1ddc807#phase10c,bd27ab4a-bccb-407a-a984-d77d1d286e8a,ok,0.0,high,full,current_phase8,unknown,projected,derived_from_projected_minutes,7,0.0221
OG Anunoby,18,NYK,CLE,False,21713899,pts,starter,stat_grid:pmf_sim_v1+role_aware_pmf_cal_v1:starter+monotone_pit_cdf_v1,phase8_role_aware_pmf_cal_v1+monotone_inactive_global_v1,pre_close,2026-05-23T20:47:49Z,d1ddc807#phase10c,bd27ab4a-bccb-407a-a984-d77d1d286e8a,ok,0.0,high,full,current_phase8,unknown,projected,derived_from_projected_minutes,8,0.0245
OG Anunoby,18,NYK,CLE,False,21713899,pts,starter,stat_grid:pmf_sim_v1+role_aware_pmf_cal_v1:starter+monotone_pit_cdf_v1,phase8_role_aware_pmf_cal_v1+monotone_inactive_global_v1,pre_close,2026-05-23T20:47:49Z,d1ddc807#phase10c,bd27ab4a-bccb-407a-a984-d77d1d286e8a,ok,0.0,high,full,current_phase8,unknown,projected,derived_from_projected_minutes,9,0.0261
OG Anunoby,18,NYK,CLE,False,21713899,pts,starter,stat_grid:pmf_sim_v1+role_aware_pmf_cal_v1:starter+monotone_pit_cdf_v1,phase8_role_aware_pmf_cal_v1+monotone_inactive_global_v1,pre_close,2026-05-23T20:47:49Z,d1ddc807#phase10c,bd27ab4a-bccb-407a-a984-d77d1d286e8a,ok,0.0,high,full,current_phase8,unknown,projected,derived_from_projected_minutes,10,0.0289
OG Anunoby,18,NYK,CLE,False,21713899,pts,starter,stat_grid:pmf_sim_v1+role_aware_pmf_cal_v1:starter+monotone_pit_cdf_v1,phase8_role_aware_pmf_cal_v1+monotone_inactive_global_v1,pre_close,2026-05-23T20:47:49Z,d1ddc807#phase10c,bd27ab4a-bccb-407a-a984-d77d1d286e8a,ok,0.0,high,full,current_phase8,unknown,projected,derived_from_projected_minutes,11,0.0395
OG Anunoby,18,NYK,CLE,False,21713899,pts,starter,stat_grid:pmf_sim_v1+role_aware_pmf_cal_v1:starter+monotone_pit_cdf_v1,phase8_role_aware_pmf_cal_v1+monotone_inactive_global_v1,pre_close,2026-05-23T20:47:49Z,d1ddc807#phase10c,bd27ab4a-bccb-407a-a984-d77d1d286e8a,ok,0.0,high,full,current_phase8,unknown,projected,derived_from_projected_minutes,12,0.0514
OG Anunoby,18,NYK,CLE,False,21713899,pts,starter,stat_grid:pmf_sim_v1+role_aware_pmf_cal_v1:starter+monotone_pit_cdf_v1,phase8_role_aware_pmf_cal_v1+monotone_inactive_global_v1,pre_close,2026-05-23T20:47:49Z,d1ddc807#phase10c,bd27ab4a-bccb-407a-a984-d77d1d286e8a,ok,0.0,high,full,current_phase8,unknown,projected,derived_from_projected_minutes,13,0.059
OG Anunoby,18,NYK,CLE,False,21713899,pts,starter,stat_grid:pmf_sim_v1+role_aware_pmf_cal_v1:starter+monotone_pit_cdf_v1,phase8_role_aware_pmf_cal_v1+monotone_inactive_global_v1,pre_close,2026-05-23T20:47:49Z,d1ddc807#phase10c,bd27ab4a-bccb-407a-a984-d77d1d286e8a,ok,0.0,high,full,current_phase8,unknown,projected,derived_from_projected_minutes,14,0.0576
OG Anunoby,18,NYK,CLE,False,21713899,pts,starter,stat_grid:pmf_sim_v1+role_aware_pmf_cal_v1:starter+monotone_pit_cdf_v1,phase8_role_aware_pmf_cal_v1+monotone_inactive_global_v1,pre_close,2026-05-23T20:47:49Z,d1ddc807#phase10c,bd27ab4a-bccb-407a-a984-d77d1d286e8a,ok,0.0,high,full,current_phase8,unknown,projected,derived_from_projected_minutes,15,0.0629
OG Anunoby,18,NYK,CLE,False,21713899,pts,starter,stat_grid:pmf_sim_v1+role_aware_pmf_cal_v1:starter+monotone_pit_cdf_v1,phase8_role_aware_pmf_cal_v1+monotone_inactive_global_v1,pre_close,2026-05-23T20:47:49Z,d1ddc807#phase10c,bd27ab4a-bccb-407a-a984-d77d1d286e8a,ok,0.0,high,full,current_phase8,unknown,projected,derived_from_projected_minutes,16,0.0632
OG Anunoby,18,NYK,CLE,False,21713899,pts,starter,stat_grid:pmf_sim_v1+role_aware_pmf_cal_v1:starter+monotone_pit_cdf_v1,phase8_role_aware_pmf_cal_v1+monotone_inactive_global_v1,pre_close,2026-05-23T20:47:49Z,d1ddc807#phase10c,bd27ab4a-bccb-407a-a984-d77d1d286e8a,ok,0.0,high,full,current_phase8,unknown,projected,derived_from_projected_minutes,17,0.0825
OG Anunoby,18,NYK,CLE,False,21713899,pts,starter,stat_grid:pmf_sim_v1+role_aware_pmf_cal_v1:starter+monotone_pit_cdf_v1,phase8_role_aware_pmf_cal_v1+monotone_inactive_global_v1,pre_close,2026-05-23T20:47:49Z,d1ddc807#phase10c,bd27ab4a-bccb-407a-a984-d77d1d286e8a,ok,0.0,high,full,current_phase8,unknown,projected,derived_from_projected_minutes,18,0.0826
OG Anunoby,18,NYK,CLE,False,21713899,pts,starter,stat_grid:pmf_sim_v1+role_aware_pmf_cal_v1:starter+monotone_pit_cdf_v1,phase8_role_aware_pmf_cal_v1+monotone_inactive_global_v1,pre_close,2026-05-23T20:47:49Z,d1ddc807#phase10c,bd27ab4a-bccb-407a-a984-d77d1d286e8a,ok,0.0,high,full,current_phase8,unknown,projected,derived_from_projected_minutes,19,0.0588
OG Anunoby,18,NYK,CLE,False,21713899,pts,starter,stat_grid:pmf_sim_v1+role_aware_pmf_cal_v1:starter+monotone_pit_cdf_v1,phase8_role_aware_pmf_cal_v1+monotone_inactive_global_v1,pre_close,2026-05-23T20:47:49Z,d1ddc807#phase10c,bd27ab4a-bccb-407a-a984-d77d1d286e8a,ok,0.0,high,full,current_phase8,unknown,projected,derived_from_projected_minutes,20,0.0369
OG Anunoby,18,NYK,CLE,False,21713899,pts,starter,stat_grid:pmf_sim_v1+role_aware_pmf_cal_v1:starter+monotone_pit_cdf_v1,phase8_role_aware_pmf_cal_v1+monotone_inactive_global_v1,pre_close,2026-05-23T20:47:49Z,d1ddc807#phase10c,bd27ab4a-bccb-407a-a984-d77d1d286e8a,ok,0.0,high,full,current_phase8,unknown,projected,derived_from_projected_minutes,21,0.0552
OG Anunoby,18,NYK,CLE,False,21713899,pts,starter,stat_grid:pmf_sim_v1+role_aware_pmf_cal_v1:starter+monotone_pit_cdf_v1,phase8_role_aware_pmf_cal_v1+monotone_inactive_global_v1,pre_close,2026-05-23T20:47:49Z,d1ddc807#phase10c,bd27ab4a-bccb-407a-a984-d77d1d286e8a,ok,0.0,high,full,current_phase8,unknown,projected,derived_from_projected_minutes,22,0.0509
OG Anunoby,18,NYK,CLE,False,21713899,pts,starter,stat_grid:pmf_sim_v1+role_aware_pmf_cal_v1:starter+monotone_pit_cdf_v1,phase8_role_aware_pmf_cal_v1+monotone_inactive_global_v1,pre_close,2026-05-23T20:47:49Z,d1ddc807#phase10c,bd27ab4a-bccb-407a-a984-d77d1d286e8a,ok,0.0,high,full,current_phase8,unknown,projected,derived_from_projected_minutes,23,0.0404
OG Anunoby,18,NYK,CLE,False,21713899,pts,starter,stat_grid:pmf_sim_v1+role_aware_pmf_cal_v1:starter+monotone_pit_cdf_v1,phase8_role_aware_pmf_cal_v1+monotone_inactive_global_v1,pre_close,2026-05-23T20:47:49Z,d1ddc807#phase10c,bd27ab4a-bccb-407a-a984-d77d1d286e8a,ok,0.0,high,full,current_phase8,unknown,projected,derived_from_projected_minutes,24,0.0285
OG Anunoby,18,NYK,CLE,False,21713899,pts,starter,stat_grid:pmf_sim_v1+role_aware_pmf_cal_v1:starter+monotone_pit_cdf_v1,phase8_role_aware_pmf_cal_v1+monotone_inactive_global_v1,pre_close,2026-05-23T20:47:49Z,d1ddc807#phase10c,bd27ab4a-bccb-407a-a984-d77d1d286e8a,ok,0.0,high,full,current_phase8,unknown,projected,derived_from_projected_minutes,25,0.0162
OG Anunoby,18,NYK,CLE,False,21713899,pts,starter,stat_grid:pmf_sim_v1+role_aware_pmf_cal_v1:starter+monotone_pit_cdf_v1,phase8_role_aware_pmf_cal_v1+monotone_inactive_global_v1,pre_close,2026-05-23T20:47:49Z,d1ddc807#phase10c,bd27ab4a-bccb-407a-a984-d77d1d286e8a,ok,0.0,high,full,current_phase8,unknown,projected,derived_from_projected_minutes,26,0.0185
OG Anunoby,18,NYK,CLE,False,21713899,pts,starter,stat_grid:pmf_sim_v1+role_aware_pmf_cal_v1:starter+monotone_pit_cdf_v1,phase8_role_aware_pmf_cal_v1+monotone_inactive_global_v1,pre_close,2026-05-23T20:47:49Z,d1ddc807#phase10c,bd27ab4a-bccb-407a-a984-d77d1d286e8a,ok,0.0,high,full,current_phase8,unknown,projected,derived_from_projected_minutes,27,0.0135
OG Anunoby,18,NYK,CLE,False,21713899,pts,starter,stat_grid:pmf_sim_v1+role_aware_pmf_cal_v1:starter+monotone_pit_cdf_v1,phase8_role_aware_pmf_cal_v1+monotone_inactive_global_v1,pre_close,2026-05-23T20:47:49Z,d1ddc807#phase10c,bd27ab4a-bccb-407a-a984-d77d1d286e8a,ok,0.0,high,full,current_phase8,unknown,projected,derived_from_projected_minutes,28,0.0102
OG Anunoby,18,NYK,CLE,False,21713899,pts,starter,stat_grid:pmf_sim_v1+role_aware_pmf_cal_v1:starter+monotone_pit_cdf_v1,phase8_role_aware_pmf_cal_v1+monotone_inactive_global_v1,pre_close,2026-05-23T20:47:49Z,d1ddc807#phase10c,bd27ab4a-bccb-407a-a984-d77d1d286e8a,ok,0.0,high,full,current_phase8,unknown,projected,derived_from_projected_minutes,29,0.0077
OG Anunoby,18,NYK,CLE,False,21713899,pts,starter,stat_grid:pmf_sim_v1+role_aware_pmf_cal_v1:starter+monotone_pit_cdf_v1,phase8_role_aware_pmf_cal_v1+monotone_inactive_global_v1,pre_close,2026-05-23T20:47:49Z,d1ddc807#phase10c,bd27ab4a-bccb-407a-a984-d77d1d286e8a,ok,0.0,high,full,current_phase8,unknown,projected,derived_from_projected_minutes,30,0.0052
OG Anunoby,18,NYK,CLE,False,21713899,pts,starter,stat_grid:pmf_sim_v1+role_aware_pmf_cal_v1:starter+monotone_pit_cdf_v1,phase8_role_aware_pmf_cal_v1+monotone_inactive_global_v1,pre_close,2026-05-23T20:47:49Z,d1ddc807#phase10c,bd27ab4a-bccb-407a-a984-d77d1d286e8a,ok,0.0,high,full,current_phase8,unknown,projected,derived_from_projected_minutes,31,0.0065
OG Anunoby,18,NYK,CLE,False,21713899,pts,starter,stat_grid:pmf_sim_v1+role_aware_pmf_cal_v1:starter+monotone_pit_cdf_v1,phase8_role_aware_pmf_cal_v1+monotone_inactive_global_v1,pre_close,2026-05-23T20:47:49Z,d1ddc807#phase10c,bd27ab4a-bccb-407a-a984-d77d1d286e8a,ok,0.0,high,full,current_phase8,unknown,projected,derived_from_projected_minutes,32,0.0052
OG Anunoby,18,NYK,CLE,False,21713899,pts,starter,stat_grid:pmf_sim_v1+role_aware_pmf_cal_v1:starter+monotone_pit_cdf_v1,phase8_role_aware_pmf_cal_v1+monotone_inactive_global_v1,pre_close,2026-05-23T20:47:49Z,d1ddc807#phase10c,bd27ab4a-bccb-407a-a984-d77d1d286e8a,ok,0.0,high,full,current_phase8,unknown,projected,derived_from_projected_minutes,33,0.0048
OG Anunoby,18,NYK,CLE,False,21713899,pts,starter,stat_grid:pmf_sim_v1+role_aware_pmf_cal_v1:starter+monotone_pit_cdf_v1,phase8_role_aware_pmf_cal_v1+monotone_inactive_global_v1,pre_close,2026-05-23T20:47:49Z,d1ddc807#phase10c,bd27ab4a-bccb-407a-a984-d77d1d286e8a,ok,0.0,high,full,current_phase8,unknown,projected,derived_from_projected_minutes,34,0.0026
OG Anunoby,18,NYK,CLE,False,21713899,pts,starter,stat_grid:pmf_sim_v1+role_aware_pmf_cal_v1:starter+monotone_pit_cdf_v1,phase8_role_aware_pmf_cal_v1+monotone_inactive_global_v1,pre_close,2026-05-23T20:47:49Z,d1ddc807#phase10c,bd27ab4a-bccb-407a-a984-d77d1d286e8a,ok,0.0,high,full,current_phase8,unknown,projected,derived_from_projected_minutes,35,0.0026
OG Anunoby,18,NYK,CLE,False,21713899,pts,starter,stat_grid:pmf_sim_v1+role_aware_pmf_cal_v1:starter+monotone_pit_cdf_v1,phase8_role_aware_pmf_cal_v1+monotone_inactive_global_v1,pre_close,2026-05-23T20:47:49Z,d1ddc807#phase10c,bd27ab4a-bccb-407a-a984-d77d1d286e8a,ok,0.0,high,full,current_phase8,unknown,projected,derived_from_projected_minutes,36,0.0004
OG Anunoby,18,NYK,CLE,False,21713899,pts,starter,stat_grid:pmf_sim_v1+role_aware_pmf_cal_v1:starter+monotone_pit_cdf_v1,phase8_role_aware_pmf_cal_v1+monotone_inactive_global_v1,pre_close,2026-05-23T20:47:49Z,d1ddc807#phase10c,bd27ab4a-bccb-407a-a984-d77d1d286e8a,ok,0.0,high,full,current_phase8,unknown,projected,derived_from_projected_minutes,37,0.0009
OG Anunoby,18,NYK,CLE,False,21713899,pts,starter,stat_grid:pmf_sim_v1+role_aware_pmf_cal_v1:starter+monotone_pit_cdf_v1,phase8_role_aware_pmf_cal_v1+monotone_inactive_global_v1,pre_close,2026-05-23T20:47:49Z,d1ddc807#phase10c,bd27ab4a-bccb-407a-a984-d77d1d286e8a,ok,0.0,high,full,current_phase8,unknown,projected,derived_from_projected_minutes,38,0.0003
OG Anunoby,18,NYK,CLE,False,21713899,pts,starter,stat_grid:pmf_sim_v1+role_aware_pmf_cal_v1:starter+monotone_pit_cdf_v1,phase8_role_aware_pmf_cal_v1+monotone_inactive_global_v1,pre_close,2026-05-23T20:47:49Z,d1ddc807#phase10c,bd27ab4a-bccb-407a-a984-d77d1d286e8a,ok,0.0,high,full,current_phase8,unknown,projected,derived_from_projected_minutes,39,0.0001
OG Anunoby,18,NYK,CLE,False,21713899,pts,starter,stat_grid:pmf_sim_v1+role_aware_pmf_cal_v1:starter+monotone_pit_cdf_v1,phase8_role_aware_pmf_cal_v1+monotone_inactive_global_v1,pre_close,2026-05-23T20:47:49Z,d1ddc807#phase10c,bd27ab4a-bccb-407a-a984-d77d1d286e8a,ok,0.0,high,full,current_phase8,unknown,projected,derived_from_projected_minutes,40,0.0002
OG Anunoby,18,NYK,CLE,False,21713899,pts,starter,stat_grid:pmf_sim_v1+role_aware_pmf_cal_v1:starter+monotone_pit_cdf_v1,phase8_role_aware_pmf_cal_v1+monotone_inactive_global_v1,pre_close,2026-05-23T20:47:49Z,d1ddc807#phase10c,bd27ab4a-bccb-407a-a984-d77d1d286e8a,ok,0.0,high,full,current_phase8,unknown,projected,derived_from_projected_minutes,41,0.0002
OG Anunoby,18,NYK,CLE,False,21713899,pts,starter,stat_grid:pmf_sim_v1+role_aware_pmf_cal_v1:starter+monotone_pit_cdf_v1,phase8_role_aware_pmf_cal_v1+monotone_inactive_global_v1,pre_close,2026-05-23T20:47:49Z,d1ddc807#phase10c,bd27ab4a-bccb-407a-a984-d77d1d286e8a,ok,0.0,high,full,current_phase8,unknown,projected,derived_from_projected_minutes,42,0.0002
OG Anunoby,18,NYK,CLE,False,21713899,pts,starter,stat_grid:pmf_sim_v1+role_aware_pmf_cal_v1:starter+monotone_pit_cdf_v1,phase8_role_aware_pmf_cal_v1+monotone_inactive_global_v1,pre_close,2026-05-23T20:47:49Z,d1ddc807#phase10c,bd27ab4a-bccb-407a-a984-d77d1d286e8a,ok,0.0,high,full,current_phase8,unknown,projected,derived_from_projected_minutes,43,0.0
OG Anunoby,18,NYK,CLE,False,21713899,pts,starter,stat_grid:pmf_sim_v1+role_aware_pmf_cal_v1:starter+monotone_pit_cdf_v1,phase8_role_aware_pmf_cal_v1+monotone_inactive_global_v1,pre_close,2026-05-23T20:47:49Z,d1ddc807#phase10c,bd27ab4a-bccb-407a-a984-d77d1d286e8a,ok,0.0,high,full,current_phase8,unknown,projected,derived_from_projected_minutes,44,0.0
OG Anunoby,18,NYK,CLE,False,21713899,pts,starter,stat_grid:pmf_sim_v1+role_aware_pmf_cal_v1:starter+monotone_pit_cdf_v1,phase8_role_aware_pmf_cal_v1+monotone_inactive_global_v1,pre_close,2026-05-23T20:47:49Z,d1ddc807#phase10c,bd27ab4a-bccb-407a-a984-d77d1d286e8a,ok,0.0,high,full,current_phase8,unknown,projected,derived_from_projected_minutes,45,0.0
OG Anunoby,18,NYK,CLE,False,21713899,pts,starter,stat_grid:pmf_sim_v1+role_aware_pmf_cal_v1:starter+monotone_pit_cdf_v1,phase8_role_aware_pmf_cal_v1+monotone_inactive_global_v1,pre_close,2026-05-23T20:47:49Z,d1ddc807#phase10c,bd27ab4a-bccb-407a-a984-d77d1d286e8a,ok,0.0,high,full,current_phase8,unknown,projected,derived_from_projected_minutes,46,0.0
OG Anunoby,18,NYK,CLE,False,21713899,pts,starter,stat_grid:pmf_sim_v1+role_aware_pmf_cal_v1:starter+monotone_pit_cdf_v1,phase8_role_aware_pmf_cal_v1+monotone_inactive_global_v1,pre_close,2026-05-23T20:47:49Z,d1ddc807#phase10c,bd27ab4a-bccb-407a-a984-d77d1d286e8a,ok,0.0,high,full,current_phase8,unknown,projected,derived_from_projected_minutes,47,0.0001
OG Anunoby,18,NYK,CLE,False,21713899,pts,starter,stat_grid:pmf_sim_v1+role_aware_pmf_cal_v1:starter+monotone_pit_cdf_v1,phase8_role_aware_pmf_cal_v1+monotone_inactive_global_v1,pre_close,2026-05-23T20:47:49Z,d1ddc807#phase10c,bd27ab4a-bccb-407a-a984-d77d1d286e8a,ok,0.0,high,full,current_phase8,unknown,projected,derived_from_projected_minutes,48,0.0
OG Anunoby,18,NYK,CLE,False,21713899,pts,starter,stat_grid:pmf_sim_v1+role_aware_pmf_cal_v1:starter+monotone_pit_cdf_v1,phase8_role_aware_pmf_cal_v1+monotone_inactive_global_v1,pre_close,2026-05-23T20:47:49Z,d1ddc807#phase10c,bd27ab4a-bccb-407a-a984-d77d1d286e8a,ok,0.0,high,full,current_phase8,unknown,projected,derived_from_projected_minutes,49,0.0
OG Anunoby,18,NYK,CLE,False,21713899,pts,starter,stat_grid:pmf_sim_v1+role_aware_pmf_cal_v1:starter+monotone_pit_cdf_v1,phase8_role_aware_pmf_cal_v1+monotone_inactive_global_v1,pre_close,2026-05-23T20:47:49Z,d1ddc807#phase10c,bd27ab4a-bccb-407a-a984-d77d1d286e8a,ok,0.0,high,full,current_phase8,unknown,projected,derived_from_projected_minutes,50,0.0
OG Anunoby,18,NYK,CLE,False,21713899,pts,starter,stat_grid:pmf_sim_v1+role_aware_pmf_cal_v1:starter+monotone_pit_cdf_v1,phase8_role_aware_pmf_cal_v1+monotone_inactive_global_v1,pre_close,2026-05-23T20:47:49Z,d1ddc807#phase10c,bd27ab4a-bccb-407a-a984-d77d1d286e8a,ok,0.0,high,full,current_phase8,unknown,projected,derived_from_projected_minutes,51,0.0
OG Anunoby,18,NYK,CLE,False,21713899,pts,starter,stat_grid:pmf_sim_v1+role_aware_pmf_cal_v1:starter+monotone_pit_cdf_v1,phase8_role_aware_pmf_cal_v1+monotone_inactive_global_v1,pre_close,2026-05-23T20:47:49Z,d1ddc807#phase10c,bd27ab4a-bccb-407a-a984-d77d1d286e8a,ok,0.0,high,full,current_phase8,unknown,projected,derived_from_projected_minutes,52,0.0001
OG Anunoby,18,NYK,CLE,False,21713899,pts,starter,stat_grid:pmf_sim_v1+role_aware_pmf_cal_v1:starter+monotone_pit_cdf_v1,phase8_role_aware_pmf_cal_v1+monotone_inactive_global_v1,pre_close,2026-05-23T20:47:49Z,d1ddc807#phase10c,bd27ab4a-bccb-407a-a984-d77d1d286e8a,ok,0.0,high,full,current_phase8,unknown,projected,derived_from_projected_minutes,53,0.0
OG Anunoby,18,NYK,CLE,False,21713899,pts,starter,stat_grid:pmf_sim_v1+role_aware_pmf_cal_v1:starter+monotone_pit_cdf_v1,phase8_role_aware_pmf_cal_v1+monotone_inactive_global_v1,pre_close,2026-05-23T20:47:49Z,d1ddc807#phase10c,bd27ab4a-bccb-407a-a984-d77d1d286e8a,ok,0.0,high,full,current_phase8,unknown,projected,derived_from_projected_minutes,54,0.0
OG Anunoby,18,NYK,CLE,False,21713899,pts,starter,stat_grid:pmf_sim_v1+role_aware_pmf_cal_v1:starter+monotone_pit_cdf_v1,phase8_role_aware_pmf_cal_v1+monotone_inactive_global_v1,pre_close,2026-05-23T20:47:49Z,d1ddc807#phase10c,bd27ab4a-bccb-407a-a984-d77d1d286e8a,ok,0.0,high,full,current_phase8,unknown,projected,derived_from_projected_minutes,55,0.0
OG Anunoby,18,NYK,CLE,False,21713899,pts,starter,stat_grid:pmf_sim_v1+role_aware_pmf_cal_v1:starter+monotone_pit_cdf_v1,phase8_role_aware_pmf_cal_v1+monotone_inactive_global_v1,pre_close,2026-05-23T20:47:49Z,d1ddc807#phase10c,bd27ab4a-bccb-407a-a984-d77d1d286e8a,ok,0.0,high,full,current_phase8,unknown,projected,derived_from_projected_minutes,56,0.0
OG Anunoby,18,NYK,CLE,False,21713899,pts,starter,stat_grid:pmf_sim_v1+role_aware_pmf_cal_v1:starter+monotone_pit_cdf_v1,phase8_role_aware_pmf_cal_v1+monotone_inactive_global_v1,pre_close,2026-05-23T20:47:49Z,d1ddc807#phase10c,bd27ab4a-bccb-407a-a984-d77d1d286e8a,ok,0.0,high,full,current_phase8,unknown,projected,derived_from_projected_minutes,57,0.0
OG Anunoby,18,NYK,CLE,False,21713899,pts,starter,stat_grid:pmf_sim_v1+role_aware_pmf_cal_v1:starter+monotone_pit_cdf_v1,phase8_role_aware_pmf_cal_v1+monotone_inactive_global_v1,pre_close,2026-05-23T20:47:49Z,d1ddc807#phase10c,bd27ab4a-bccb-407a-a984-d77d1d286e8a,ok,0.0,high,full,current_phase8,unknown,projected,derived_from_projected_minutes,58,0.0
OG Anunoby,18,NYK,CLE,False,21713899,pts,starter,stat_grid:pmf_sim_v1+role_aware_pmf_cal_v1:starter+monotone_pit_cdf_v1,phase8_role_aware_pmf_cal_v1+monotone_inactive_global_v1,pre_close,2026-05-23T20:47:49Z,d1ddc807#phase10c,bd27ab4a-bccb-407a-a984-d77d1d286e8a,ok,0.0,high,full,current_phase8,unknown,projected,derived_from_projected_minutes,59,0.0
OG Anunoby,18,NYK,CLE,False,21713899,pts,starter,stat_grid:pmf_sim_v1+role_aware_pmf_cal_v1:starter+monotone_pit_cdf_v1,phase8_role_aware_pmf_cal_v1+monotone_inactive_global_v1,pre_close,2026-05-23T20:47:49Z,d1ddc807#phase10c,bd27ab4a-bccb-407a-a984-d77d1d286e8a,ok,0.0,high,full,current_phase8,unknown,projected,derived_from_projected_minutes,60,0.0
OG Anunoby,18,NYK,CLE,False,21713899,pts,starter,stat_grid:pmf_sim_v1+role_aware_pmf_cal_v1:starter+monotone_pit_cdf_v1,phase8_role_aware_pmf_cal_v1+monotone_inactive_global_v1,pre_close,2026-05-23T20:47:49Z,d1ddc807#phase10c,bd27ab4a-bccb-407a-a984-d77d1d286e8a,ok,0.0,high,full,current_phase8,unknown,projected,derived_from_projected_minutes,61,0.0
OG Anunoby,18,NYK,CLE,False,21713899,pts,starter,stat_grid:pmf_sim_v1+role_aware_pmf_cal_v1:starter+monotone_pit_cdf_v1,phase8_role_aware_pmf_cal_v1+monotone_inactive_global_v1,pre_close,2026-05-23T20:47:49Z,d1ddc807#phase10c,bd27ab4a-bccb-407a-a984-d77d1d286e8a,ok,0.0,high,full,current_phase8,unknown,projected,derived_from_projected_minutes,62,0.0
OG Anunoby,18,NYK,CLE,False,21713899,pts,starter,stat_grid:pmf_sim_v1+role_aware_pmf_cal_v1:starter+monotone_pit_cdf_v1,phase8_role_aware_pmf_cal_v1+monotone_inactive_global_v1,pre_close,2026-05-23T20:47:49Z,d1ddc807#phase10c,bd27ab4a-bccb-407a-a984-d77d1d286e8a,ok,0.0,high,full,current_phase8,unknown,projected,derived_from_projected_minutes,63,0.0
OG Anunoby,18,NYK,CLE,False,21713899,pts,starter,stat_grid:pmf_sim_v1+role_aware_pmf_cal_v1:starter+monotone_pit_cdf_v1,phase8_role_aware_pmf_cal_v1+monotone_inactive_global_v1,pre_close,2026-05-23T20:47:49Z,d1ddc807#phase10c,bd27ab4a-bccb-407a-a984-d77d1d286e8a,ok,0.0,high,full,current_phase8,unknown,projected,derived_from_projected_minutes,64,0.0
OG Anunoby,18,NYK,CLE,False,21713899,pts,starter,stat_grid:pmf_sim_v1+role_aware_pmf_cal_v1:starter+monotone_pit_cdf_v1,phase8_role_aware_pmf_cal_v1+monotone_inactive_global_v1,pre_close,2026-05-23T20:47:49Z,d1ddc807#phase10c,bd27ab4a-bccb-407a-a984-d77d1d286e8a,ok,0.0,high,full,current_phase8,unknown,projected,derived_from_projected_minutes,65,0.0
OG Anunoby,18,NYK,CLE,False,21713899,pts,starter,stat_grid:pmf_sim_v1+role_aware_pmf_cal_v1:starter+monotone_pit_cdf_v1,phase8_role_aware_pmf_cal_v1+monotone_inactive_global_v1,pre_close,2026-05-23T20:47:49Z,d1ddc807#phase10c,bd27ab4a-bccb-407a-a984-d77d1d286e8a,ok,0.0,high,full,current_phase8,unknown,projected,derived_from_projected_minutes,66,0.0
OG Anunoby,18,NYK,CLE,False,21713899,pts,starter,stat_grid:pmf_sim_v1+role_aware_pmf_cal_v1:starter+monotone_pit_cdf_v1,phase8_role_aware_pmf_cal_v1+monotone_inactive_global_v1,pre_close,2026-05-23T20:47:49Z,d1ddc807#phase10c,bd27ab4a-bccb-407a-a984-d77d1d286e8a,ok,0.0,high,full,current_phase8,unknown,projected,derived_from_projected_minutes,67,0.0
OG Anunoby,18,NYK,CLE,False,21713899,pts,starter,stat_grid:pmf_sim_v1+role_aware_pmf_cal_v1:starter+monotone_pit_cdf_v1,phase8_role_aware_pmf_cal_v1+monotone_inactive_global_v1,pre_close,2026-05-23T20:47:49Z,d1ddc807#phase10c,bd27ab4a-bccb-407a-a984-d77d1d286e8a,ok,0.0,high,full,current_phase8,unknown,projected,derived_from_projected_minutes,68,0.0
OG Anunoby,18,NYK,CLE,False,21713899,pts,starter,stat_grid:pmf_sim_v1+role_aware_pmf_cal_v1:starter+monotone_pit_cdf_v1,phase8_role_aware_pmf_cal_v1+monotone_inactive_global_v1,pre_close,2026-05-23T20:47:49Z,d1ddc807#phase10c,bd27ab4a-bccb-407a-a984-d77d1d286e8a,ok,0.0,high,full,current_phase8,unknown,projected,derived_from_projected_minutes,69,0.0
OG Anunoby,18,NYK,CLE,False,21713899,pts,starter,stat_grid:pmf_sim_v1+role_aware_pmf_cal_v1:starter+monotone_pit_cdf_v1,phase8_role_aware_pmf_cal_v1+monotone_inactive_global_v1,pre_close,2026-05-23T20:47:49Z,d1ddc807#phase10c,bd27ab4a-bccb-407a-a984-d77d1d286e8a,ok,0.0,high,full,current_phase8,unknown,projected,derived_from_projected_minutes,70,0.0
OG Anunoby,18,NYK,CLE,False,21713899,pts,starter,stat_grid:pmf_sim_v1+role_aware_pmf_cal_v1:starter+monotone_pit_cdf_v1,phase8_role_aware_pmf_cal_v1+monotone_inactive_global_v1,pre_close,2026-05-23T20:47:49Z,d1ddc807#phase10c,bd27ab4a-bccb-407a-a984-d77d1d286e8a,ok,0.0,high,full,current_phase8,unknown,projected,derived_from_projected_minutes,71,0.0
OG Anunoby,18,NYK,CLE,False,21713899,pts,starter,stat_grid:pmf_sim_v1+role_aware_pmf_cal_v1:starter+monotone_pit_cdf_v1,phase8_role_aware_pmf_cal_v1+monotone_inactive_global_v1,pre_close,2026-05-23T20:47:49Z,d1ddc807#phase10c,bd27ab4a-bccb-407a-a984-d77d1d286e8a,ok,0.0,high,full,current_phase8,unknown,projected,derived_from_projected_minutes,72,0.0
OG Anunoby,18,NYK,CLE,False,21713899,pts,starter,stat_grid:pmf_sim_v1+role_aware_pmf_cal_v1:starter+monotone_pit_cdf_v1,phase8_role_aware_pmf_cal_v1+monotone_inactive_global_v1,pre_close,2026-05-23T20:47:49Z,d1ddc807#phase10c,bd27ab4a-bccb-407a-a984-d77d1d286e8a,ok,0.0,high,full,current_phase8,unknown,projected,derived_from_projected_minutes,73,0.0
OG Anunoby,18,NYK,CLE,False,21713899,pts,starter,stat_grid:pmf_sim_v1+role_aware_pmf_cal_v1:starter+monotone_pit_cdf_v1,phase8_role_aware_pmf_cal_v1+monotone_inactive_global_v1,pre_close,2026-05-23T20:47:49Z,d1ddc807#phase10c,bd27ab4a-bccb-407a-a984-d77d1d286e8a,ok,0.0,high,full,current_phase8,unknown,projected,derived_from_projected_minutes,74,0.0
OG Anunoby,18,NYK,CLE,False,21713899,pts,starter,stat_grid:pmf_sim_v1+role_aware_pmf_cal_v1:starter+monotone_pit_cdf_v1,phase8_role_aware_pmf_cal_v1+monotone_inactive_global_v1,pre_close,2026-05-23T20:47:49Z,d1ddc807#phase10c,bd27ab4a-bccb-407a-a984-d77d1d286e8a,ok,0.0,high,full,current_phase8,unknown,projected,derived_from_projected_minutes,75,0.0
OG Anunoby,18,NYK,CLE,False,21713899,pts,starter,stat_grid:pmf_sim_v1+role_aware_pmf_cal_v1:starter+monotone_pit_cdf_v1,phase8_role_aware_pmf_cal_v1+monotone_inactive_global_v1,pre_close,2026-05-23T20:47:49Z,d1ddc807#phase10c,bd27ab4a-bccb-407a-a984-d77d1d286e8a,ok,0.0,high,full,current_phase8,unknown,projected,derived_from_projected_minutes,76,0.0
OG Anunoby,18,NYK,CLE,False,21713899,pts,starter,stat_grid:pmf_sim_v1+role_aware_pmf_cal_v1:starter+monotone_pit_cdf_v1,phase8_role_aware_pmf_cal_v1+monotone_inactive_global_v1,pre_close,2026-05-23T20:47:49Z,d1ddc807#phase10c,bd27ab4a-bccb-407a-a984-d77d1d286e8a,ok,0.0,high,full,current_phase8,unknown,projected,derived_from_projected_minutes,77,0.0
OG Anunoby,18,NYK,CLE,False,21713899,pts,starter,stat_grid:pmf_sim_v1+role_aware_pmf_cal_v1:starter+monotone_pit_cdf_v1,phase8_role_aware_pmf_cal_v1+monotone_inactive_global_v1,pre_close,2026-05-23T20:47:49Z,d1ddc807#phase10c,bd27ab4a-bccb-407a-a984-d77d1d286e8a,ok,0.0,high,full,current_phase8,unknown,projected,derived_from_projected_minutes,78,0.0
OG Anunoby,18,NYK,CLE,False,21713899,pts,starter,stat_grid:pmf_sim_v1+role_aware_pmf_cal_v1:starter+monotone_pit_cdf_v1,phase8_role_aware_pmf_cal_v1+monotone_inactive_global_v1,pre_close,2026-05-23T20:47:49Z,d1ddc807#phase10c,bd27ab4a-bccb-407a-a984-d77d1d286e8a,ok,0.0,high,full,current_phase8,unknown,projected,derived_from_projected_minutes,79,0.0
OG Anunoby,18,NYK,CLE,False,21713899,pts,starter,stat_grid:pmf_sim_v1+role_aware_pmf_cal_v1:starter+monotone_pit_cdf_v1,phase8_role_aware_pmf_cal_v1+monotone_inactive_global_v1,pre_close,2026-05-23T20:47:49Z,d1ddc807#phase10c,bd27ab4a-bccb-407a-a984-d77d1d286e8a,ok,0.0,high,full,current_phase8,unknown,projected,derived_from_projected_minutes,80,0.0
OG Anunoby,18,NYK,CLE,False,21713899,reb,starter,stat_grid:pmf_sim_v1+role_aware_pmf_cal_v1:starter+monotone_pit_cdf_v1,phase8_role_aware_pmf_cal_v1+monotone_inactive_global_v1,pre_close,2026-05-23T20:47:49Z,d1ddc807#phase10c,bd27ab4a-bccb-407a-a984-d77d1d286e8a,ok,0.0,high,full,current_phase8,unknown,projected,derived_from_projected_minutes,0,0.0029
OG Anunoby,18,NYK,CLE,False,21713899,reb,starter,stat_grid:pmf_sim_v1+role_aware_pmf_cal_v1:starter+monotone_pit_cdf_v1,phase8_role_aware_pmf_cal_v1+monotone_inactive_global_v1,pre_close,2026-05-23T20:47:49Z,d1ddc807#phase10c,bd27ab4a-bccb-407a-a984-d77d1d286e8a,ok,0.0,high,full,current_phase8,unknown,projected,derived_from_projected_minutes,1,0.007
OG Anunoby,18,NYK,CLE,False,21713899,reb,starter,stat_grid:pmf_sim_v1+role_aware_pmf_cal_v1:starter+monotone_pit_cdf_v1,phase8_role_aware_pmf_cal_v1+monotone_inactive_global_v1,pre_close,2026-05-23T20:47:49Z,d1ddc807#phase10c,bd27ab4a-bccb-407a-a984-d77d1d286e8a,ok,0.0,high,full,current_phase8,unknown,projected,derived_from_projected_minutes,2,0.0136
OG Anunoby,18,NYK,CLE,False,21713899,reb,starter,stat_grid:pmf_sim_v1+role_aware_pmf_cal_v1:starter+monotone_pit_cdf_v1,phase8_role_aware_pmf_cal_v1+monotone_inactive_global_v1,pre_close,2026-05-23T20:47:49Z,d1ddc807#phase10c,bd27ab4a-bccb-407a-a984-d77d1d286e8a,ok,0.0,high,full,current_phase8,unknown,projected,derived_from_projected_minutes,3,0.0434
OG Anunoby,18,NYK,CLE,False,21713899,reb,starter,stat_grid:pmf_sim_v1+role_aware_pmf_cal_v1:starter+monotone_pit_cdf_v1,phase8_role_aware_pmf_cal_v1+monotone_inactive_global_v1,pre_close,2026-05-23T20:47:49Z,d1ddc807#phase10c,bd27ab4a-bccb-407a-a984-d77d1d286e8a,ok,0.0,high,full,current_phase8,unknown,projected,derived_from_projected_minutes,4,0.0958
OG Anunoby,18,NYK,CLE,False,21713899,reb,starter,stat_grid:pmf_sim_v1+role_aware_pmf_cal_v1:starter+monotone_pit_cdf_v1,phase8_role_aware_pmf_cal_v1+monotone_inactive_global_v1,pre_close,2026-05-23T20:47:49Z,d1ddc807#phase10c,bd27ab4a-bccb-407a-a984-d77d1d286e8a,ok,0.0,high,full,current_phase8,unknown,projected,derived_from_projected_minutes,5,0.1305
OG Anunoby,18,NYK,CLE,False,21713899,reb,starter,stat_grid:pmf_sim_v1+role_aware_pmf_cal_v1:starter+monotone_pit_cdf_v1,phase8_role_aware_pmf_cal_v1+monotone_inactive_global_v1,pre_close,2026-05-23T20:47:49Z,d1ddc807#phase10c,bd27ab4a-bccb-407a-a984-d77d1d286e8a,ok,0.0,high,full,current_phase8,unknown,projected,derived_from_projected_minutes,6,0.2
OG Anunoby,18,NYK,CLE,False,21713899,reb,starter,stat_grid:pmf_sim_v1+role_aware_pmf_cal_v1:starter+monotone_pit_cdf_v1,phase8_role_aware_pmf_cal_v1+monotone_inactive_global_v1,pre_close,2026-05-23T20:47:49Z,d1ddc807#phase10c,bd27ab4a-bccb-407a-a984-d77d1d286e8a,ok,0.0,high,full,current_phase8,unknown,projected,derived_from_projected_minutes,7,0.2111
OG Anunoby,18,NYK,CLE,False,21713899,reb,starter,stat_grid:pmf_sim_v1+role_aware_pmf_cal_v1:starter+monotone_pit_cdf_v1,phase8_role_aware_pmf_cal_v1+monotone_inactive_global_v1,pre_close,2026-05-23T20:47:49Z,d1ddc807#phase10c,bd27ab4a-bccb-407a-a984-d77d1d286e8a,ok,0.0,high,full,current_phase8,unknown,projected,derived_from_projected_minutes,8,0.1373
OG Anunoby,18,NYK,CLE,False,21713899,reb,starter,stat_grid:pmf_sim_v1+role_aware_pmf_cal_v1:starter+monotone_pit_cdf_v1,phase8_role_aware_pmf_cal_v1+monotone_inactive_global_v1,pre_close,2026-05-23T20:47:49Z,d1ddc807#phase10c,bd27ab4a-bccb-407a-a984-d77d1d286e8a,ok,0.0,high,full,current_phase8,unknown,projected,derived_from_projected_minutes,9,0.0943
OG Anunoby,18,NYK,CLE,False,21713899,reb,starter,stat_grid:pmf_sim_v1+role_aware_pmf_cal_v1:starter+monotone_pit_cdf_v1,phase8_role_aware_pmf_cal_v1+monotone_inactive_global_v1,pre_close,2026-05-23T20:47:49Z,d1ddc807#phase10c,bd27ab4a-bccb-407a-a984-d77d1d286e8a,ok,0.0,high,full,current_phase8,unknown,projected,derived_from_projected_minutes,10,0.0411
OG Anunoby,18,NYK,CLE,False,21713899,reb,starter,stat_grid:pmf_sim_v1+role_aware_pmf_cal_v1:starter+monotone_pit_cdf_v1,phase8_role_aware_pmf_cal_v1+monotone_inactive_global_v1,pre_close,2026-05-23T20:47:49Z,d1ddc807#phase10c,bd27ab4a-bccb-407a-a984-d77d1d286e8a,ok,0.0,high,full,current_phase8,unknown,projected,derived_from_projected_minutes,11,0.0139
OG Anunoby,18,NYK,CLE,False,21713899,reb,starter,stat_grid:pmf_sim_v1+role_aware_pmf_cal_v1:starter+monotone_pit_cdf_v1,phase8_role_aware_pmf_cal_v1+monotone_inactive_global_v1,pre_close,2026-05-23T20:47:49Z,d1ddc807#phase10c,bd27ab4a-bccb-407a-a984-d77d1d286e8a,ok,0.0,high,full,current_phase8,unknown,projected,derived_from_projected_minutes,12,0.0058
OG Anunoby,18,NYK,CLE,False,21713899,reb,starter,stat_grid:pmf_sim_v1+role_aware_pmf_cal_v1:starter+monotone_pit_cdf_v1,phase8_role_aware_pmf_cal_v1+monotone_inactive_global_v1,pre_close,2026-05-23T20:47:49Z,d1ddc807#phase10c,bd27ab4a-bccb-407a-a984-d77d1d286e8a,ok,0.0,high,full,current_phase8,unknown,projected,derived_from_projected_minutes,13,0.0024
OG Anunoby,18,NYK,CLE,False,21713899,reb,starter,stat_grid:pmf_sim_v1+role_aware_pmf_cal_v1:starter+monotone_pit_cdf_v1,phase8_role_aware_pmf_cal_v1+monotone_inactive_global_v1,pre_close,2026-05-23T20:47:49Z,d1ddc807#phase10c,bd27ab4a-bccb-407a-a984-d77d1d286e8a,ok,0.0,high,full,current_phase8,unknown,projected,derived_from_projected_minutes,14,0.0007
OG Anunoby,18,NYK,CLE,False,21713899,reb,starter,stat_grid:pmf_sim_v1+role_aware_pmf_cal_v1:starter+monotone_pit_cdf_v1,phase8_role_aware_pmf_cal_v1+monotone_inactive_global_v1,pre_close,2026-05-23T20:47:49Z,d1ddc807#phase10c,bd27ab4a-bccb-407a-a984-d77d1d286e8a,ok,0.0,high,full,current_phase8,unknown,projected,derived_from_projected_minutes,15,0.0
OG Anunoby,18,NYK,CLE,False,21713899,reb,starter,stat_grid:pmf_sim_v1+role_aware_pmf_cal_v1:starter+monotone_pit_cdf_v1,phase8_role_aware_pmf_cal_v1+monotone_inactive_global_v1,pre_close,2026-05-23T20:47:49Z,d1ddc807#phase10c,bd27ab4a-bccb-407a-a984-d77d1d286e8a,ok,0.0,high,full,current_phase8,unknown,projected,derived_from_projected_minutes,16,0.0
OG Anunoby,18,NYK,CLE,False,21713899,reb,starter,stat_grid:pmf_sim_v1+role_aware_pmf_cal_v1:starter+monotone_pit_cdf_v1,phase8_role_aware_pmf_cal_v1+monotone_inactive_global_v1,pre_close,2026-05-23T20:47:49Z,d1ddc807#phase10c,bd27ab4a-bccb-407a-a984-d77d1d286e8a,ok,0.0,high,full,current_phase8,unknown,projected,derived_from_projected_minutes,17,0.0
OG Anunoby,18,NYK,CLE,False,21713899,reb,starter,stat_grid:pmf_sim_v1+role_aware_pmf_cal_v1:starter+monotone_pit_cdf_v1,phase8_role_aware_pmf_cal_v1+monotone_inactive_global_v1,pre_close,2026-05-23T20:47:49Z,d1ddc807#phase10c,bd27ab4a-bccb-407a-a984-d77d1d286e8a,ok,0.0,high,full,current_phase8,unknown,projected,derived_from_projected_minutes,18,0.0
OG Anunoby,18,NYK,CLE,False,21713899,reb,starter,stat_grid:pmf_sim_v1+role_aware_pmf_cal_v1:starter+monotone_pit_cdf_v1,phase8_role_aware_pmf_cal_v1+monotone_inactive_global_v1,pre_close,2026-05-23T20:47:49Z,d1ddc807#phase10c,bd27ab4a-bccb-407a-a984-d77d1d286e8a,ok,0.0,high,full,current_phase8,unknown,projected,derived_from_projected_minutes,19,0.0
OG Anunoby,18,NYK,CLE,False,21713899,reb,starter,stat_grid:pmf_sim_v1+role_aware_pmf_cal_v1:starter+monotone_pit_cdf_v1,phase8_role_aware_pmf_cal_v1+monotone_inactive_global_v1,pre_close,2026-05-23T20:47:49Z,d1ddc807#phase10c,bd27ab4a-bccb-407a-a984-d77d1d286e8a,ok,0.0,high,full,current_phase8,unknown,projected,derived_from_projected_minutes,20,0.0
OG Anunoby,18,NYK,CLE,False,21713899,reb,starter,stat_grid:pmf_sim_v1+role_aware_pmf_cal_v1:starter+monotone_pit_cdf_v1,phase8_role_aware_pmf_cal_v1+monotone_inactive_global_v1,pre_close,2026-05-23T20:47:49Z,d1ddc807#phase10c,bd27ab4a-bccb-407a-a984-d77d1d286e8a,ok,0.0,high,full,current_phase8,unknown,projected,derived_from_projected_minutes,21,0.0
OG Anunoby,18,NYK,CLE,False,21713899,reb,starter,stat_grid:pmf_sim_v1+role_aware_pmf_cal_v1:starter+monotone_pit_cdf_v1,phase8_role_aware_pmf_cal_v1+monotone_inactive_global_v1,pre_close,2026-05-23T20:47:49Z,d1ddc807#phase10c,bd27ab4a-bccb-407a-a984-d77d1d286e8a,ok,0.0,high,full,current_phase8,unknown,projected,derived_from_projected_minutes,22,0.0
OG Anunoby,18,NYK,CLE,False,21713899,reb,starter,stat_grid:pmf_sim_v1+role_aware_pmf_cal_v1:starter+monotone_pit_cdf_v1,phase8_role_aware_pmf_cal_v1+monotone_inactive_global_v1,pre_close,2026-05-23T20:47:49Z,d1ddc807#phase10c,bd27ab4a-bccb-407a-a984-d77d1d286e8a,ok,0.0,high,full,current_phase8,unknown,projected,derived_from_projected_minutes,23,0.0
OG Anunoby,18,NYK,CLE,False,21713899,reb,starter,stat_grid:pmf_sim_v1+role_aware_pmf_cal_v1:starter+monotone_pit_cdf_v1,phase8_role_aware_pmf_cal_v1+monotone_inactive_global_v1,pre_close,2026-05-23T20:47:49Z,d1ddc807#phase10c,bd27ab4a-bccb-407a-a984-d77d1d286e8a,ok,0.0,high,full,current_phase8,unknown,projected,derived_from_projected_minutes,24,0.0
OG Anunoby,18,NYK,CLE,False,21713899,reb,starter,stat_grid:pmf_sim_v1+role_aware_pmf_cal_v1:starter+monotone_pit_cdf_v1,phase8_role_aware_pmf_cal_v1+monotone_inactive_global_v1,pre_close,2026-05-23T20:47:49Z,d1ddc807#phase10c,bd27ab4a-bccb-407a-a984-d77d1d286e8a,ok,0.0,high,full,current_phase8,unknown,projected,derived_from_projected_minutes,25,0.0
OG Anunoby,18,NYK,CLE,False,21713899,reb,starter,stat_grid:pmf_sim_v1+role_aware_pmf_cal_v1:starter+monotone_pit_cdf_v1,phase8_role_aware_pmf_cal_v1+monotone_inactive_global_v1,pre_close,2026-05-23T20:47:49Z,d1ddc807#phase10c,bd27ab4a-bccb-407a-a984-d77d1d286e8a,ok,0.0,high,full,current_phase8,unknown,projected,derived_from_projected_minutes,26,0.0
OG Anunoby,18,NYK,CLE,False,21713899,reb,starter,stat_grid:pmf_sim_v1+role_aware_pmf_cal_v1:starter+monotone_pit_cdf_v1,phase8_role_aware_pmf_cal_v1+monotone_inactive_global_v1,pre_close,2026-05-23T20:47:49Z,d1ddc807#phase10c,bd27ab4a-bccb-407a-a984-d77d1d286e8a,ok,0.0,high,full,current_phase8,unknown,projected,derived_from_projected_minutes,27,0.0
OG Anunoby,18,NYK,CLE,False,21713899,reb,starter,stat_grid:pmf_sim_v1+role_aware_pmf_cal_v1:starter+monotone_pit_cdf_v1,phase8_role_aware_pmf_cal_v1+monotone_inactive_global_v1,pre_close,2026-05-23T20:47:49Z,d1ddc807#phase10c,bd27ab4a-bccb-407a-a984-d77d1d286e8a,ok,0.0,high,full,current_phase8,unknown,projected,derived_from_projected_minutes,28,0.0
OG Anunoby,18,NYK,CLE,False,21713899,reb,starter,stat_grid:pmf_sim_v1+role_aware_pmf_cal_v1:starter+monotone_pit_cdf_v1,phase8_role_aware_pmf_cal_v1+monotone_inactive_global_v1,pre_close,2026-05-23T20:47:49Z,d1ddc807#phase10c,bd27ab4a-bccb-407a-a984-d77d1d286e8a,ok,0.0,high,full,current_phase8,unknown,projected,derived_from_projected_minutes,29,0.0
OG Anunoby,18,NYK,CLE,False,21713899,reb,starter,stat_grid:pmf_sim_v1+role_aware_pmf_cal_v1:starter+monotone_pit_cdf_v1,phase8_role_aware_pmf_cal_v1+monotone_inactive_global_v1,pre_close,2026-05-23T20:47:49Z,d1ddc807#phase10c,bd27ab4a-bccb-407a-a984-d77d1d286e8a,ok,0.0,high,full,current_phase8,unknown,projected,derived_from_projected_minutes,30,0.0
OG Anunoby,18,NYK,CLE,False,21713899,ast,starter,stat_grid:pmf_sim_v1+role_aware_pmf_cal_v1:starter+monotone_pit_cdf_v1,phase8_role_aware_pmf_cal_v1+monotone_inactive_global_v1,pre_close,2026-05-23T20:47:49Z,d1ddc807#phase10c,bd27ab4a-bccb-407a-a984-d77d1d286e8a,ok,0.0,high,full,current_phase8,unknown,projected,derived_from_projected_minutes,0,0.0558
OG Anunoby,18,NYK,CLE,False,21713899,ast,starter,stat_grid:pmf_sim_v1+role_aware_pmf_cal_v1:starter+monotone_pit_cdf_v1,phase8_role_aware_pmf_cal_v1+monotone_inactive_global_v1,pre_close,2026-05-23T20:47:49Z,d1ddc807#phase10c,bd27ab4a-bccb-407a-a984-d77d1d286e8a,ok,0.0,high,full,current_phase8,unknown,projected,derived_from_projected_minutes,1,0.2887
OG Anunoby,18,NYK,CLE,False,21713899,ast,starter,stat_grid:pmf_sim_v1+role_aware_pmf_cal_v1:starter+monotone_pit_cdf_v1,phase8_role_aware_pmf_cal_v1+monotone_inactive_global_v1,pre_close,2026-05-23T20:47:49Z,d1ddc807#phase10c,bd27ab4a-bccb-407a-a984-d77d1d286e8a,ok,0.0,high,full,current_phase8,unknown,projected,derived_from_projected_minutes,2,0.3764
OG Anunoby,18,NYK,CLE,False,21713899,ast,starter,stat_grid:pmf_sim_v1+role_aware_pmf_cal_v1:starter+monotone_pit_cdf_v1,phase8_role_aware_pmf_cal_v1+monotone_inactive_global_v1,pre_close,2026-05-23T20:47:49Z,d1ddc807#phase10c,bd27ab4a-bccb-407a-a984-d77d1d286e8a,ok,0.0,high,full,current_phase8,unknown,projected,derived_from_projected_minutes,3,0.2205
OG Anunoby,18,NYK,CLE,False,21713899,ast,starter,stat_grid:pmf_sim_v1+role_aware_pmf_cal_v1:starter+monotone_pit_cdf_v1,phase8_role_aware_pmf_cal_v1+monotone_inactive_global_v1,pre_close,2026-05-23T20:47:49Z,d1ddc807#phase10c,bd27ab4a-bccb-407a-a984-d77d1d286e8a,ok,0.0,high,full,current_phase8,unknown,projected,derived_from_projected_minutes,4,0.0493
OG Anunoby,18,NYK,CLE,False,21713899,ast,starter,stat_grid:pmf_sim_v1+role_aware_pmf_cal_v1:starter+monotone_pit_cdf_v1,phase8_role_aware_pmf_cal_v1+monotone_inactive_global_v1,pre_close,2026-05-23T20:47:49Z,d1ddc807#phase10c,bd27ab4a-bccb-407a-a984-d77d1d286e8a,ok,0.0,high,full,current_phase8,unknown,projected,derived_from_projected_minutes,5,0.0078
OG Anunoby,18,NYK,CLE,False,21713899,ast,starter,stat_grid:pmf_sim_v1+role_aware_pmf_cal_v1:starter+monotone_pit_cdf_v1,phase8_role_aware_pmf_cal_v1+monotone_inactive_global_v1,pre_close,2026-05-23T20:47:49Z,d1ddc807#phase10c,bd27ab4a-bccb-407a-a984-d77d1d286e8a,ok,0.0,high,full,current_phase8,unknown,projected,derived_from_projected_minutes,6,0.0013
OG Anunoby,18,NYK,CLE,False,21713899,ast,starter,stat_grid:pmf_sim_v1+role_aware_pmf_cal_v1:starter+monotone_pit_cdf_v1,phase8_role_aware_pmf_cal_v1+monotone_inactive_global_v1,pre_close,2026-05-23T20:47:49Z,d1ddc807#phase10c,bd27ab4a-bccb-407a-a984-d77d1d286e8a,ok,0.0,high,full,current_phase8,unknown,projected,derived_from_projected_minutes,7,0.0001
OG Anunoby,18,NYK,CLE,False,21713899,ast,starter,stat_grid:pmf_sim_v1+role_aware_pmf_cal_v1:starter+monotone_pit_cdf_v1,phase8_role_aware_pmf_cal_v1+monotone_inactive_global_v1,pre_close,2026-05-23T20:47:49Z,d1ddc807#phase10c,bd27ab4a-bccb-407a-a984-d77d1d286e8a,ok,0.0,high,full,current_phase8,unknown,projected,derived_from_projected_minutes,8,0.0
OG Anunoby,18,NYK,CLE,False,21713899,ast,starter,stat_grid:pmf_sim_v1+role_aware_pmf_cal_v1:starter+monotone_pit_cdf_v1,phase8_role_aware_pmf_cal_v1+monotone_inactive_global_v1,pre_close,2026-05-23T20:47:49Z,d1ddc807#phase10c,bd27ab4a-bccb-407a-a984-d77d1d286e8a,ok,0.0,high,full,current_phase8,unknown,projected,derived_from_projected_minutes,9,0.0
OG Anunoby,18,NYK,CLE,False,21713899,ast,starter,stat_grid:pmf_sim_v1+role_aware_pmf_cal_v1:starter+monotone_pit_cdf_v1,phase8_role_aware_pmf_cal_v1+monotone_inactive_global_v1,pre_close,2026-05-23T20:47:49Z,d1ddc807#phase10c,bd27ab4a-bccb-407a-a984-d77d1d286e8a,ok,0.0,high,full,current_phase8,unknown,projected,derived_from_projected_minutes,10,0.0
OG Anunoby,18,NYK,CLE,False,21713899,ast,starter,stat_grid:pmf_sim_v1+role_aware_pmf_cal_v1:starter+monotone_pit_cdf_v1,phase8_role_aware_pmf_cal_v1+monotone_inactive_global_v1,pre_close,2026-05-23T20:47:49Z,d1ddc807#phase10c,bd27ab4a-bccb-407a-a984-d77d1d286e8a,ok,0.0,high,full,current_phase8,unknown,projected,derived_from_projected_minutes,11,0.0
OG Anunoby,18,NYK,CLE,False,21713899,ast,starter,stat_grid:pmf_sim_v1+role_aware_pmf_cal_v1:starter+monotone_pit_cdf_v1,phase8_role_aware_pmf_cal_v1+monotone_inactive_global_v1,pre_close,2026-05-23T20:47:49Z,d1ddc807#phase10c,bd27ab4a-bccb-407a-a984-d77d1d286e8a,ok,0.0,high,full,current_phase8,unknown,projected,derived_from_projected_minutes,12,0.0
OG Anunoby,18,NYK,CLE,False,21713899,ast,starter,stat_grid:pmf_sim_v1+role_aware_pmf_cal_v1:starter+monotone_pit_cdf_v1,phase8_role_aware_pmf_cal_v1+monotone_inactive_global_v1,pre_close,2026-05-23T20:47:49Z,d1ddc807#phase10c,bd27ab4a-bccb-407a-a984-d77d1d286e8a,ok,0.0,high,full,current_phase8,unknown,projected,derived_from_projected_minutes,13,0.0
OG Anunoby,18,NYK,CLE,False,21713899,ast,starter,stat_grid:pmf_sim_v1+role_aware_pmf_cal_v1:starter+monotone_pit_cdf_v1,phase8_role_aware_pmf_cal_v1+monotone_inactive_global_v1,pre_close,2026-05-23T20:47:49Z,d1ddc807#phase10c,bd27ab4a-bccb-407a-a984-d77d1d286e8a,ok,0.0,high,full,current_phase8,unknown,projected,derived_from_projected_minutes,14,0.0
OG Anunoby,18,NYK,CLE,False,21713899,ast,starter,stat_grid:pmf_sim_v1+role_aware_pmf_cal_v1:starter+monotone_pit_cdf_v1,phase8_role_aware_pmf_cal_v1+monotone_inactive_global_v1,pre_close,2026-05-23T20:47:49Z,d1ddc807#phase10c,bd27ab4a-bccb-407a-a984-d77d1d286e8a,ok,0.0,high,full,current_phase8,unknown,projected,derived_from_projected_minutes,15,0.0
OG Anunoby,18,NYK,CLE,False,21713899,ast,starter,stat_grid:pmf_sim_v1+role_aware_pmf_cal_v1:starter+monotone_pit_cdf_v1,phase8_role_aware_pmf_cal_v1+monotone_inactive_global_v1,pre_close,2026-05-23T20:47:49Z,d1ddc807#phase10c,bd27ab4a-bccb-407a-a984-d77d1d286e8a,ok,0.0,high,full,current_phase8,unknown,projected,derived_from_projected_minutes,16,0.0
OG Anunoby,18,NYK,CLE,False,21713899,ast,starter,stat_grid:pmf_sim_v1+role_aware_pmf_cal_v1:starter+monotone_pit_cdf_v1,phase8_role_aware_pmf_cal_v1+monotone_inactive_global_v1,pre_close,2026-05-23T20:47:49Z,d1ddc807#phase10c,bd27ab4a-bccb-407a-a984-d77d1d286e8a,ok,0.0,high,full,current_phase8,unknown,projected,derived_from_projected_minutes,17,0.0
OG Anunoby,18,NYK,CLE,False,21713899,ast,starter,stat_grid:pmf_sim_v1+role_aware_pmf_cal_v1:starter+monotone_pit_cdf_v1,phase8_role_aware_pmf_cal_v1+monotone_inactive_global_v1,pre_close,2026-05-23T20:47:49Z,d1ddc807#phase10c,bd27ab4a-bccb-407a-a984-d77d1d286e8a,ok,0.0,high,full,current_phase8,unknown,projected,derived_from_projected_minutes,18,0.0
OG Anunoby,18,NYK,CLE,False,21713899,ast,starter,stat_grid:pmf_sim_v1+role_aware_pmf_cal_v1:starter+monotone_pit_cdf_v1,phase8_role_aware_pmf_cal_v1+monotone_inactive_global_v1,pre_close,2026-05-23T20:47:49Z,d1ddc807#phase10c,bd27ab4a-bccb-407a-a984-d77d1d286e8a,ok,0.0,high,full,current_phase8,unknown,projected,derived_from_projected_minutes,19,0.0
OG Anunoby,18,NYK,CLE,False,21713899,ast,starter,stat_grid:pmf_sim_v1+role_aware_pmf_cal_v1:starter+monotone_pit_cdf_v1,phase8_role_aware_pmf_cal_v1+monotone_inactive_global_v1,pre_close,2026-05-23T20:47:49Z,d1ddc807#phase10c,bd27ab4a-bccb-407a-a984-d77d1d286e8a,ok,0.0,high,full,current_phase8,unknown,projected,derived_from_projected_minutes,20,0.0
OG Anunoby,18,NYK,CLE,False,21713899,ast,starter,stat_grid:pmf_sim_v1+role_aware_pmf_cal_v1:starter+monotone_pit_cdf_v1,phase8_role_aware_pmf_cal_v1+monotone_inactive_global_v1,pre_close,2026-05-23T20:47:49Z,d1ddc807#phase10c,bd27ab4a-bccb-407a-a984-d77d1d286e8a,ok,0.0,high,full,current_phase8,unknown,projected,derived_from_projected_minutes,21,0.0
OG Anunoby,18,NYK,CLE,False,21713899,ast,starter,stat_grid:pmf_sim_v1+role_aware_pmf_cal_v1:starter+monotone_pit_cdf_v1,phase8_role_aware_pmf_cal_v1+monotone_inactive_global_v1,pre_close,2026-05-23T20:47:49Z,d1ddc807#phase10c,bd27ab4a-bccb-407a-a984-d77d1d286e8a,ok,0.0,high,full,current_phase8,unknown,projected,derived_from_projected_minutes,22,0.0
OG Anunoby,18,NYK,CLE,False,21713899,ast,starter,stat_grid:pmf_sim_v1+role_aware_pmf_cal_v1:starter+monotone_pit_cdf_v1,phase8_role_aware_pmf_cal_v1+monotone_inactive_global_v1,pre_close,2026-05-23T20:47:49Z,d1ddc807#phase10c,bd27ab4a-bccb-407a-a984-d77d1d286e8a,ok,0.0,high,full,current_phase8,unknown,projected,derived_from_projected_minutes,23,0.0
OG Anunoby,18,NYK,CLE,False,21713899,ast,starter,stat_grid:pmf_sim_v1+role_aware_pmf_cal_v1:starter+monotone_pit_cdf_v1,phase8_role_aware_pmf_cal_v1+monotone_inactive_global_v1,pre_close,2026-05-23T20:47:49Z,d1ddc807#phase10c,bd27ab4a-bccb-407a-a984-d77d1d286e8a,ok,0.0,high,full,current_phase8,unknown,projected,derived_from_projected_minutes,24,0.0
OG Anunoby,18,NYK,CLE,False,21713899,ast,starter,stat_grid:pmf_sim_v1+role_aware_pmf_cal_v1:starter+monotone_pit_cdf_v1,phase8_role_aware_pmf_cal_v1+monotone_inactive_global_v1,pre_close,2026-05-23T20:47:49Z,d1ddc807#phase10c,bd27ab4a-bccb-407a-a984-d77d1d286e8a,ok,0.0,high,full,current_phase8,unknown,projected,derived_from_projected_minutes,25,0.0
OG Anunoby,18,NYK,CLE,False,21713899,fg3m,starter,stat_grid:fg3m_hurdle_v1+role_aware_pmf_cal_v1:starter+monotone_pit_cdf_v1+sparse_hurdle_guarded,phase8_role_aware_pmf_cal_v1+monotone_inactive_global_v1,pre_close,2026-05-23T20:47:49Z,d1ddc807#phase10c,bd27ab4a-bccb-407a-a984-d77d1d286e8a,ok,0.0,high,full,current_phase8,unknown,projected,derived_from_projected_minutes,0,0.1943
OG Anunoby,18,NYK,CLE,False,21713899,fg3m,starter,stat_grid:fg3m_hurdle_v1+role_aware_pmf_cal_v1:starter+monotone_pit_cdf_v1+sparse_hurdle_guarded,phase8_role_aware_pmf_cal_v1+monotone_inactive_global_v1,pre_close,2026-05-23T20:47:49Z,d1ddc807#phase10c,bd27ab4a-bccb-407a-a984-d77d1d286e8a,ok,0.0,high,full,current_phase8,unknown,projected,derived_from_projected_minutes,1,0.2633
OG Anunoby,18,NYK,CLE,False,21713899,fg3m,starter,stat_grid:fg3m_hurdle_v1+role_aware_pmf_cal_v1:starter+monotone_pit_cdf_v1+sparse_hurdle_guarded,phase8_role_aware_pmf_cal_v1+monotone_inactive_global_v1,pre_close,2026-05-23T20:47:49Z,d1ddc807#phase10c,bd27ab4a-bccb-407a-a984-d77d1d286e8a,ok,0.0,high,full,current_phase8,unknown,projected,derived_from_projected_minutes,2,0.2299
OG Anunoby,18,NYK,CLE,False,21713899,fg3m,starter,stat_grid:fg3m_hurdle_v1+role_aware_pmf_cal_v1:starter+monotone_pit_cdf_v1+sparse_hurdle_guarded,phase8_role_aware_pmf_cal_v1+monotone_inactive_global_v1,pre_close,2026-05-23T20:47:49Z,d1ddc807#phase10c,bd27ab4a-bccb-407a-a984-d77d1d286e8a,ok,0.0,high,full,current_phase8,unknown,projected,derived_from_projected_minutes,3,0.1535
OG Anunoby,18,NYK,CLE,False,21713899,fg3m,starter,stat_grid:fg3m_hurdle_v1+role_aware_pmf_cal_v1:starter+monotone_pit_cdf_v1+sparse_hurdle_guarded,phase8_role_aware_pmf_cal_v1+monotone_inactive_global_v1,pre_close,2026-05-23T20:47:49Z,d1ddc807#phase10c,bd27ab4a-bccb-407a-a984-d77d1d286e8a,ok,0.0,high,full,current_phase8,unknown,projected,derived_from_projected_minutes,4,0.0599
OG Anunoby,18,NYK,CLE,False,21713899,fg3m,starter,stat_grid:fg3m_hurdle_v1+role_aware_pmf_cal_v1:starter+monotone_pit_cdf_v1+sparse_hurdle_guarded,phase8_role_aware_pmf_cal_v1+monotone_inactive_global_v1,pre_close,2026-05-23T20:47:49Z,d1ddc807#phase10c,bd27ab4a-bccb-407a-a984-d77d1d286e8a,ok,0.0,high,full,current_phase8,unknown,projected,derived_from_projected_minutes,5,0.0786
OG Anunoby,18,NYK,CLE,False,21713899,fg3m,starter,stat_grid:fg3m_hurdle_v1+role_aware_pmf_cal_v1:starter+monotone_pit_cdf_v1+sparse_hurdle_guarded,phase8_role_aware_pmf_cal_v1+monotone_inactive_global_v1,pre_close,2026-05-23T20:47:49Z,d1ddc807#phase10c,bd27ab4a-bccb-407a-a984-d77d1d286e8a,ok,0.0,high,full,current_phase8,unknown,projected,derived_from_projected_minutes,6,0.0
OG Anunoby,18,NYK,CLE,False,21713899,fg3m,starter,stat_grid:fg3m_hurdle_v1+role_aware_pmf_cal_v1:starter+monotone_pit_cdf_v1+sparse_hurdle_guarded,phase8_role_aware_pmf_cal_v1+monotone_inactive_global_v1,pre_close,2026-05-23T20:47:49Z,d1ddc807#phase10c,bd27ab4a-bccb-407a-a984-d77d1d286e8a,ok,0.0,high,full,current_phase8,unknown,projected,derived_from_projected_minutes,7,0.0
OG Anunoby,18,NYK,CLE,False,21713899,fg3m,starter,stat_grid:fg3m_hurdle_v1+role_aware_pmf_cal_v1:starter+monotone_pit_cdf_v1+sparse_hurdle_guarded,phase8_role_aware_pmf_cal_v1+monotone_inactive_global_v1,pre_close,2026-05-23T20:47:49Z,d1ddc807#phase10c,bd27ab4a-bccb-407a-a984-d77d1d286e8a,ok,0.0,high,full,current_phase8,unknown,projected,derived_from_projected_minutes,8,0.0
OG Anunoby,18,NYK,CLE,False,21713899,fg3m,starter,stat_grid:fg3m_hurdle_v1+role_aware_pmf_cal_v1:starter+monotone_pit_cdf_v1+sparse_hurdle_guarded,phase8_role_aware_pmf_cal_v1+monotone_inactive_global_v1,pre_close,2026-05-23T20:47:49Z,d1ddc807#phase10c,bd27ab4a-bccb-407a-a984-d77d1d286e8a,ok,0.0,high,full,current_phase8,unknown,projected,derived_from_projected_minutes,9,0.0
OG Anunoby,18,NYK,CLE,False,21713899,fg3m,starter,stat_grid:fg3m_hurdle_v1+role_aware_pmf_cal_v1:starter+monotone_pit_cdf_v1+sparse_hurdle_guarded,phase8_role_aware_pmf_cal_v1+monotone_inactive_global_v1,pre_close,2026-05-23T20:47:49Z,d1ddc807#phase10c,bd27ab4a-bccb-407a-a984-d77d1d286e8a,ok,0.0,high,full,current_phase8,unknown,projected,derived_from_projected_minutes,10,0.0
OG Anunoby,18,NYK,CLE,False,21713899,fg3m,starter,stat_grid:fg3m_hurdle_v1+role_aware_pmf_cal_v1:starter+monotone_pit_cdf_v1+sparse_hurdle_guarded,phase8_role_aware_pmf_cal_v1+monotone_inactive_global_v1,pre_close,2026-05-23T20:47:49Z,d1ddc807#phase10c,bd27ab4a-bccb-407a-a984-d77d1d286e8a,ok,0.0,high,full,current_phase8,unknown,projected,derived_from_projected_minutes,11,0.0
OG Anunoby,18,NYK,CLE,False,21713899,fg3m,starter,stat_grid:fg3m_hurdle_v1+role_aware_pmf_cal_v1:starter+monotone_pit_cdf_v1+sparse_hurdle_guarded,phase8_role_aware_pmf_cal_v1+monotone_inactive_global_v1,pre_close,2026-05-23T20:47:49Z,d1ddc807#phase10c,bd27ab4a-bccb-407a-a984-d77d1d286e8a,ok,0.0,high,full,current_phase8,unknown,projected,derived_from_projected_minutes,12,0.0
OG Anunoby,18,NYK,CLE,False,21713899,fg3m,starter,stat_grid:fg3m_hurdle_v1+role_aware_pmf_cal_v1:starter+monotone_pit_cdf_v1+sparse_hurdle_guarded,phase8_role_aware_pmf_cal_v1+monotone_inactive_global_v1,pre_close,2026-05-23T20:47:49Z,d1ddc807#phase10c,bd27ab4a-bccb-407a-a984-d77d1d286e8a,ok,0.0,high,full,current_phase8,unknown,projected,derived_from_projected_minutes,13,0.0
OG Anunoby,18,NYK,CLE,False,21713899,fg3m,starter,stat_grid:fg3m_hurdle_v1+role_aware_pmf_cal_v1:starter+monotone_pit_cdf_v1+sparse_hurdle_guarded,phase8_role_aware_pmf_cal_v1+monotone_inactive_global_v1,pre_close,2026-05-23T20:47:49Z,d1ddc807#phase10c,bd27ab4a-bccb-407a-a984-d77d1d286e8a,ok,0.0,high,full,current_phase8,unknown,projected,derived_from_projected_minutes,14,0.0
OG Anunoby,18,NYK,CLE,False,21713899,fg3m,starter,stat_grid:fg3m_hurdle_v1+role_aware_pmf_cal_v1:starter+monotone_pit_cdf_v1+sparse_hurdle_guarded,phase8_role_aware_pmf_cal_v1+monotone_inactive_global_v1,pre_close,2026-05-23T20:47:49Z,d1ddc807#phase10c,bd27ab4a-bccb-407a-a984-d77d1d286e8a,ok,0.0,high,full,current_phase8,unknown,projected,derived_from_projected_minutes,15,0.0205
OG Anunoby,18,NYK,CLE,False,21713899,fg3m,starter,stat_grid:fg3m_hurdle_v1+role_aware_pmf_cal_v1:starter+monotone_pit_cdf_v1+sparse_hurdle_guarded,phase8_role_aware_pmf_cal_v1+monotone_inactive_global_v1,pre_close,2026-05-23T20:47:49Z,d1ddc807#phase10c,bd27ab4a-bccb-407a-a984-d77d1d286e8a,ok,0.0,high,full,current_phase8,unknown,projected,derived_from_projected_minutes,16,0.0
OG Anunoby,18,NYK,CLE,False,21713899,fg3m,starter,stat_grid:fg3m_hurdle_v1+role_aware_pmf_cal_v1:starter+monotone_pit_cdf_v1+sparse_hurdle_guarded,phase8_role_aware_pmf_cal_v1+monotone_inactive_global_v1,pre_close,2026-05-23T20:47:49Z,d1ddc807#phase10c,bd27ab4a-bccb-407a-a984-d77d1d286e8a,ok,0.0,high,full,current_phase8,unknown,projected,derived_from_projected_minutes,17,0.0
OG Anunoby,18,NYK,CLE,False,21713899,fg3m,starter,stat_grid:fg3m_hurdle_v1+role_aware_pmf_cal_v1:starter+monotone_pit_cdf_v1+sparse_hurdle_guarded,phase8_role_aware_pmf_cal_v1+monotone_inactive_global_v1,pre_close,2026-05-23T20:47:49Z,d1ddc807#phase10c,bd27ab4a-bccb-407a-a984-d77d1d286e8a,ok,0.0,high,full,current_phase8,unknown,projected,derived_from_projected_minutes,18,0.0
OG Anunoby,18,NYK,CLE,False,21713899,fg3m,starter,stat_grid:fg3m_hurdle_v1+role_aware_pmf_cal_v1:starter+monotone_pit_cdf_v1+sparse_hurdle_guarded,phase8_role_aware_pmf_cal_v1+monotone_inactive_global_v1,pre_close,2026-05-23T20:47:49Z,d1ddc807#phase10c,bd27ab4a-bccb-407a-a984-d77d1d286e8a,ok,0.0,high,full,current_phase8,unknown,projected,derived_from_projected_minutes,19,0.0
OG Anunoby,18,NYK,CLE,False,21713899,fg3m,starter,stat_grid:fg3m_hurdle_v1+role_aware_pmf_cal_v1:starter+monotone_pit_cdf_v1+sparse_hurdle_guarded,phase8_role_aware_pmf_cal_v1+monotone_inactive_global_v1,pre_close,2026-05-23T20:47:49Z,d1ddc807#phase10c,bd27ab4a-bccb-407a-a984-d77d1d286e8a,ok,0.0,high,full,current_phase8,unknown,projected,derived_from_projected_minutes,20,0.0
OG Anunoby,18,NYK,CLE,False,21713899,tov,starter,stat_grid:pmf_sim_v1+role_aware_pmf_cal_v1:starter+monotone_pit_cdf_v1+sparse_hurdle_guarded,phase8_role_aware_pmf_cal_v1+monotone_inactive_global_v1,pre_close,2026-05-23T20:47:49Z,d1ddc807#phase10c,bd27ab4a-bccb-407a-a984-d77d1d286e8a,ok,0.0,high,full,current_phase8,unknown,projected,derived_from_projected_minutes,0,0.1273
OG Anunoby,18,NYK,CLE,False,21713899,tov,starter,stat_grid:pmf_sim_v1+role_aware_pmf_cal_v1:starter+monotone_pit_cdf_v1+sparse_hurdle_guarded,phase8_role_aware_pmf_cal_v1+monotone_inactive_global_v1,pre_close,2026-05-23T20:47:49Z,d1ddc807#phase10c,bd27ab4a-bccb-407a-a984-d77d1d286e8a,ok,0.0,high,full,current_phase8,unknown,projected,derived_from_projected_minutes,1,0.475
OG Anunoby,18,NYK,CLE,False,21713899,tov,starter,stat_grid:pmf_sim_v1+role_aware_pmf_cal_v1:starter+monotone_pit_cdf_v1+sparse_hurdle_guarded,phase8_role_aware_pmf_cal_v1+monotone_inactive_global_v1,pre_close,2026-05-23T20:47:49Z,d1ddc807#phase10c,bd27ab4a-bccb-407a-a984-d77d1d286e8a,ok,0.0,high,full,current_phase8,unknown,projected,derived_from_projected_minutes,2,0.3066
OG Anunoby,18,NYK,CLE,False,21713899,tov,starter,stat_grid:pmf_sim_v1+role_aware_pmf_cal_v1:starter+monotone_pit_cdf_v1+sparse_hurdle_guarded,phase8_role_aware_pmf_cal_v1+monotone_inactive_global_v1,pre_close,2026-05-23T20:47:49Z,d1ddc807#phase10c,bd27ab4a-bccb-407a-a984-d77d1d286e8a,ok,0.0,high,full,current_phase8,unknown,projected,derived_from_projected_minutes,3,0.0784
OG Anunoby,18,NYK,CLE,False,21713899,tov,starter,stat_grid:pmf_sim_v1+role_aware_pmf_cal_v1:starter+monotone_pit_cdf_v1+sparse_hurdle_guarded,phase8_role_aware_pmf_cal_v1+monotone_inactive_global_v1,pre_close,2026-05-23T20:47:49Z,d1ddc807#phase10c,bd27ab4a-bccb-407a-a984-d77d1d286e8a,ok,0.0,high,full,current_phase8,unknown,projected,derived_from_projected_minutes,4,0.0117
OG Anunoby,18,NYK,CLE,False,21713899,tov,starter,stat_grid:pmf_sim_v1+role_aware_pmf_cal_v1:starter+monotone_pit_cdf_v1+sparse_hurdle_guarded,phase8_role_aware_pmf_cal_v1+monotone_inactive_global_v1,pre_close,2026-05-23T20:47:49Z,d1ddc807#phase10c,bd27ab4a-bccb-407a-a984-d77d1d286e8a,ok,0.0,high,full,current_phase8,unknown,projected,derived_from_projected_minutes,5,0.001
OG Anunoby,18,NYK,CLE,False,21713899,tov,starter,stat_grid:pmf_sim_v1+role_aware_pmf_cal_v1:starter+monotone_pit_cdf_v1+sparse_hurdle_guarded,phase8_role_aware_pmf_cal_v1+monotone_inactive_global_v1,pre_close,2026-05-23T20:47:49Z,d1ddc807#phase10c,bd27ab4a-bccb-407a-a984-d77d1d286e8a,ok,0.0,high,full,current_phase8,unknown,projected,derived_from_projected_minutes,6,0.0
OG Anunoby,18,NYK,CLE,False,21713899,tov,starter,stat_grid:pmf_sim_v1+role_aware_pmf_cal_v1:starter+monotone_pit_cdf_v1+sparse_hurdle_guarded,phase8_role_aware_pmf_cal_v1+monotone_inactive_global_v1,pre_close,2026-05-23T20:47:49Z,d1ddc807#phase10c,bd27ab4a-bccb-407a-a984-d77d1d286e8a,ok,0.0,high,full,current_phase8,unknown,projected,derived_from_projected_minutes,7,0.0
OG Anunoby,18,NYK,CLE,False,21713899,tov,starter,stat_grid:pmf_sim_v1+role_aware_pmf_cal_v1:starter+monotone_pit_cdf_v1+sparse_hurdle_guarded,phase8_role_aware_pmf_cal_v1+monotone_inactive_global_v1,pre_close,2026-05-23T20:47:49Z,d1ddc807#phase10c,bd27ab4a-bccb-407a-a984-d77d1d286e8a,ok,0.0,high,full,current_phase8,unknown,projected,derived_from_projected_minutes,8,0.0
OG Anunoby,18,NYK,CLE,False,21713899,tov,starter,stat_grid:pmf_sim_v1+role_aware_pmf_cal_v1:starter+monotone_pit_cdf_v1+sparse_hurdle_guarded,phase8_role_aware_pmf_cal_v1+monotone_inactive_global_v1,pre_close,2026-05-23T20:47:49Z,d1ddc807#phase10c,bd27ab4a-bccb-407a-a984-d77d1d286e8a,ok,0.0,high,full,current_phase8,unknown,projected,derived_from_projected_minutes,9,0.0
OG Anunoby,18,NYK,CLE,False,21713899,tov,starter,stat_grid:pmf_sim_v1+role_aware_pmf_cal_v1:starter+monotone_pit_cdf_v1+sparse_hurdle_guarded,phase8_role_aware_pmf_cal_v1+monotone_inactive_global_v1,pre_close,2026-05-23T20:47:49Z,d1ddc807#phase10c,bd27ab4a-bccb-407a-a984-d77d1d286e8a,ok,0.0,high,full,current_phase8,unknown,projected,derived_from_projected_minutes,10,0.0
OG Anunoby,18,NYK,CLE,False,21713899,tov,starter,stat_grid:pmf_sim_v1+role_aware_pmf_cal_v1:starter+monotone_pit_cdf_v1+sparse_hurdle_guarded,phase8_role_aware_pmf_cal_v1+monotone_inactive_global_v1,pre_close,2026-05-23T20:47:49Z,d1ddc807#phase10c,bd27ab4a-bccb-407a-a984-d77d1d286e8a,ok,0.0,high,full,current_phase8,unknown,projected,derived_from_projected_minutes,11,0.0
OG Anunoby,18,NYK,CLE,False,21713899,tov,starter,stat_grid:pmf_sim_v1+role_aware_pmf_cal_v1:starter+monotone_pit_cdf_v1+sparse_hurdle_guarded,phase8_role_aware_pmf_cal_v1+monotone_inactive_global_v1,pre_close,2026-05-23T20:47:49Z,d1ddc807#phase10c,bd27ab4a-bccb-407a-a984-d77d1d286e8a,ok,0.0,high,full,current_phase8,unknown,projected,derived_from_projected_minutes,12,0.0
OG Anunoby,18,NYK,CLE,False,21713899,tov,starter,stat_grid:pmf_sim_v1+role_aware_pmf_cal_v1:starter+monotone_pit_cdf_v1+sparse_hurdle_guarded,phase8_role_aware_pmf_cal_v1+monotone_inactive_global_v1,pre_close,2026-05-23T20:47:49Z,d1ddc807#phase10c,bd27ab4a-bccb-407a-a984-d77d1d286e8a,ok,0.0,high,full,current_phase8,unknown,projected,derived_from_projected_minutes,13,0.0
OG Anunoby,18,NYK,CLE,False,21713899,tov,starter,stat_grid:pmf_sim_v1+role_aware_pmf_cal_v1:starter+monotone_pit_cdf_v1+sparse_hurdle_guarded,phase8_role_aware_pmf_cal_v1+monotone_inactive_global_v1,pre_close,2026-05-23T20:47:49Z,d1ddc807#phase10c,bd27ab4a-bccb-407a-a984-d77d1d286e8a,ok,0.0,high,full,current_phase8,unknown,projected,derived_from_projected_minutes,14,0.0
OG Anunoby,18,NYK,CLE,False,21713899,tov,starter,stat_grid:pmf_sim_v1+role_aware_pmf_cal_v1:starter+monotone_pit_cdf_v1+sparse_hurdle_guarded,phase8_role_aware_pmf_cal_v1+monotone_inactive_global_v1,pre_close,2026-05-23T20:47:49Z,d1ddc807#phase10c,bd27ab4a-bccb-407a-a984-d77d1d286e8a,ok,0.0,high,full,current_phase8,unknown,projected,derived_from_projected_minutes,15,0.0
OG Anunoby,18,NYK,CLE,False,21713899,tov,starter,stat_grid:pmf_sim_v1+role_aware_pmf_cal_v1:starter+monotone_pit_cdf_v1+sparse_hurdle_guarded,phase8_role_aware_pmf_cal_v1+monotone_inactive_global_v1,pre_close,2026-05-23T20:47:49Z,d1ddc807#phase10c,bd27ab4a-bccb-407a-a984-d77d1d286e8a,ok,0.0,high,full,current_phase8,unknown,projected,derived_from_projected_minutes,16,0.0
OG Anunoby,18,NYK,CLE,False,21713899,tov,starter,stat_grid:pmf_sim_v1+role_aware_pmf_cal_v1:starter+monotone_pit_cdf_v1+sparse_hurdle_guarded,phase8_role_aware_pmf_cal_v1+monotone_inactive_global_v1,pre_close,2026-05-23T20:47:49Z,d1ddc807#phase10c,bd27ab4a-bccb-407a-a984-d77d1d286e8a,ok,0.0,high,full,current_phase8,unknown,projected,derived_from_projected_minutes,17,0.0
OG Anunoby,18,NYK,CLE,False,21713899,tov,starter,stat_grid:pmf_sim_v1+role_aware_pmf_cal_v1:starter+monotone_pit_cdf_v1+sparse_hurdle_guarded,phase8_role_aware_pmf_cal_v1+monotone_inactive_global_v1,pre_close,2026-05-23T20:47:49Z,d1ddc807#phase10c,bd27ab4a-bccb-407a-a984-d77d1d286e8a,ok,0.0,high,full,current_phase8,unknown,projected,derived_from_projected_minutes,18,0.0
OG Anunoby,18,NYK,CLE,False,21713899,tov,starter,stat_grid:pmf_sim_v1+role_aware_pmf_cal_v1:starter+monotone_pit_cdf_v1+sparse_hurdle_guarded,phase8_role_aware_pmf_cal_v1+monotone_inactive_global_v1,pre_close,2026-05-23T20:47:49Z,d1ddc807#phase10c,bd27ab4a-bccb-407a-a984-d77d1d286e8a,ok,0.0,high,full,current_phase8,unknown,projected,derived_from_projected_minutes,19,0.0
OG Anunoby,18,NYK,CLE,False,21713899,tov,starter,stat_grid:pmf_sim_v1+role_aware_pmf_cal_v1:starter+monotone_pit_cdf_v1+sparse_hurdle_guarded,phase8_role_aware_pmf_cal_v1+monotone_inactive_global_v1,pre_close,2026-05-23T20:47:49Z,d1ddc807#phase10c,bd27ab4a-bccb-407a-a984-d77d1d286e8a,ok,0.0,high,full,current_phase8,unknown,projected,derived_from_projected_minutes,20,0.0
OG Anunoby,18,NYK,CLE,False,21713899,stl,starter,stat_grid:hurdle_v1+role_aware_pmf_cal_v1:starter+monotone_pit_cdf_v1+sparse_hurdle_guarded,phase8_role_aware_pmf_cal_v1+monotone_inactive_global_v1,pre_close,2026-05-23T20:47:49Z,d1ddc807#phase10c,bd27ab4a-bccb-407a-a984-d77d1d286e8a,ok,0.0,high,full,current_phase8,unknown,projected,derived_from_projected_minutes,0,0.5031
OG Anunoby,18,NYK,CLE,False,21713899,stl,starter,stat_grid:hurdle_v1+role_aware_pmf_cal_v1:starter+monotone_pit_cdf_v1+sparse_hurdle_guarded,phase8_role_aware_pmf_cal_v1+monotone_inactive_global_v1,pre_close,2026-05-23T20:47:49Z,d1ddc807#phase10c,bd27ab4a-bccb-407a-a984-d77d1d286e8a,ok,0.0,high,full,current_phase8,unknown,projected,derived_from_projected_minutes,1,0.2899
OG Anunoby,18,NYK,CLE,False,21713899,stl,starter,stat_grid:hurdle_v1+role_aware_pmf_cal_v1:starter+monotone_pit_cdf_v1+sparse_hurdle_guarded,phase8_role_aware_pmf_cal_v1+monotone_inactive_global_v1,pre_close,2026-05-23T20:47:49Z,d1ddc807#phase10c,bd27ab4a-bccb-407a-a984-d77d1d286e8a,ok,0.0,high,full,current_phase8,unknown,projected,derived_from_projected_minutes,2,0.1174
OG Anunoby,18,NYK,CLE,False,21713899,stl,starter,stat_grid:hurdle_v1+role_aware_pmf_cal_v1:starter+monotone_pit_cdf_v1+sparse_hurdle_guarded,phase8_role_aware_pmf_cal_v1+monotone_inactive_global_v1,pre_close,2026-05-23T20:47:49Z,d1ddc807#phase10c,bd27ab4a-bccb-407a-a984-d77d1d286e8a,ok,0.0,high,full,current_phase8,unknown,projected,derived_from_projected_minutes,3,0.0774
OG Anunoby,18,NYK,CLE,False,21713899,stl,starter,stat_grid:hurdle_v1+role_aware_pmf_cal_v1:starter+monotone_pit_cdf_v1+sparse_hurdle_guarded,phase8_role_aware_pmf_cal_v1+monotone_inactive_global_v1,pre_close,2026-05-23T20:47:49Z,d1ddc807#phase10c,bd27ab4a-bccb-407a-a984-d77d1d286e8a,ok,0.0,high,full,current_phase8,unknown,projected,derived_from_projected_minutes,4,0.0012
OG Anunoby,18,NYK,CLE,False,21713899,stl,starter,stat_grid:hurdle_v1+role_aware_pmf_cal_v1:starter+monotone_pit_cdf_v1+sparse_hurdle_guarded,phase8_role_aware_pmf_cal_v1+monotone_inactive_global_v1,pre_close,2026-05-23T20:47:49Z,d1ddc807#phase10c,bd27ab4a-bccb-407a-a984-d77d1d286e8a,ok,0.0,high,full,current_phase8,unknown,projected,derived_from_projected_minutes,5,0.0038
OG Anunoby,18,NYK,CLE,False,21713899,stl,starter,stat_grid:hurdle_v1+role_aware_pmf_cal_v1:starter+monotone_pit_cdf_v1+sparse_hurdle_guarded,phase8_role_aware_pmf_cal_v1+monotone_inactive_global_v1,pre_close,2026-05-23T20:47:49Z,d1ddc807#phase10c,bd27ab4a-bccb-407a-a984-d77d1d286e8a,ok,0.0,high,full,current_phase8,unknown,projected,derived_from_projected_minutes,6,0.002
OG Anunoby,18,NYK,CLE,False,21713899,stl,starter,stat_grid:hurdle_v1+role_aware_pmf_cal_v1:starter+monotone_pit_cdf_v1+sparse_hurdle_guarded,phase8_role_aware_pmf_cal_v1+monotone_inactive_global_v1,pre_close,2026-05-23T20:47:49Z,d1ddc807#phase10c,bd27ab4a-bccb-407a-a984-d77d1d286e8a,ok,0.0,high,full,current_phase8,unknown,projected,derived_from_projected_minutes,7,0.0013
OG Anunoby,18,NYK,CLE,False,21713899,stl,starter,stat_grid:hurdle_v1+role_aware_pmf_cal_v1:starter+monotone_pit_cdf_v1+sparse_hurdle_guarded,phase8_role_aware_pmf_cal_v1+monotone_inactive_global_v1,pre_close,2026-05-23T20:47:49Z,d1ddc807#phase10c,bd27ab4a-bccb-407a-a984-d77d1d286e8a,ok,0.0,high,full,current_phase8,unknown,projected,derived_from_projected_minutes,8,0.0011
OG Anunoby,18,NYK,CLE,False,21713899,stl,starter,stat_grid:hurdle_v1+role_aware_pmf_cal_v1:starter+monotone_pit_cdf_v1+sparse_hurdle_guarded,phase8_role_aware_pmf_cal_v1+monotone_inactive_global_v1,pre_close,2026-05-23T20:47:49Z,d1ddc807#phase10c,bd27ab4a-bccb-407a-a984-d77d1d286e8a,ok,0.0,high,full,current_phase8,unknown,projected,derived_from_projected_minutes,9,0.0006
OG Anunoby,18,NYK,CLE,False,21713899,stl,starter,stat_grid:hurdle_v1+role_aware_pmf_cal_v1:starter+monotone_pit_cdf_v1+sparse_hurdle_guarded,phase8_role_aware_pmf_cal_v1+monotone_inactive_global_v1,pre_close,2026-05-23T20:47:49Z,d1ddc807#phase10c,bd27ab4a-bccb-407a-a984-d77d1d286e8a,ok,0.0,high,full,current_phase8,unknown,projected,derived_from_projected_minutes,10,0.0023
OG Anunoby,18,NYK,CLE,False,21713899,stl,starter,stat_grid:hurdle_v1+role_aware_pmf_cal_v1:starter+monotone_pit_cdf_v1+sparse_hurdle_guarded,phase8_role_aware_pmf_cal_v1+monotone_inactive_global_v1,pre_close,2026-05-23T20:47:49Z,d1ddc807#phase10c,bd27ab4a-bccb-407a-a984-d77d1d286e8a,ok,0.0,high,full,current_phase8,unknown,projected,derived_from_projected_minutes,11,0.0
OG Anunoby,18,NYK,CLE,False,21713899,stl,starter,stat_grid:hurdle_v1+role_aware_pmf_cal_v1:starter+monotone_pit_cdf_v1+sparse_hurdle_guarded,phase8_role_aware_pmf_cal_v1+monotone_inactive_global_v1,pre_close,2026-05-23T20:47:49Z,d1ddc807#phase10c,bd27ab4a-bccb-407a-a984-d77d1d286e8a,ok,0.0,high,full,current_phase8,unknown,projected,derived_from_projected_minutes,12,0.0
OG Anunoby,18,NYK,CLE,False,21713899,stl,starter,stat_grid:hurdle_v1+role_aware_pmf_cal_v1:starter+monotone_pit_cdf_v1+sparse_hurdle_guarded,phase8_role_aware_pmf_cal_v1+monotone_inactive_global_v1,pre_close,2026-05-23T20:47:49Z,d1ddc807#phase10c,bd27ab4a-bccb-407a-a984-d77d1d286e8a,ok,0.0,high,full,current_phase8,unknown,projected,derived_from_projected_minutes,13,0.0
OG Anunoby,18,NYK,CLE,False,21713899,stl,starter,stat_grid:hurdle_v1+role_aware_pmf_cal_v1:starter+monotone_pit_cdf_v1+sparse_hurdle_guarded,phase8_role_aware_pmf_cal_v1+monotone_inactive_global_v1,pre_close,2026-05-23T20:47:49Z,d1ddc807#phase10c,bd27ab4a-bccb-407a-a984-d77d1d286e8a,ok,0.0,high,full,current_phase8,unknown,projected,derived_from_projected_minutes,14,0.0
OG Anunoby,18,NYK,CLE,False,21713899,stl,starter,stat_grid:hurdle_v1+role_aware_pmf_cal_v1:starter+monotone_pit_cdf_v1+sparse_hurdle_guarded,phase8_role_aware_pmf_cal_v1+monotone_inactive_global_v1,pre_close,2026-05-23T20:47:49Z,d1ddc807#phase10c,bd27ab4a-bccb-407a-a984-d77d1d286e8a,ok,0.0,high,full,current_phase8,unknown,projected,derived_from_projected_minutes,15,0.0
OG Anunoby,18,NYK,CLE,False,21713899,stl,starter,stat_grid:hurdle_v1+role_aware_pmf_cal_v1:starter+monotone_pit_cdf_v1+sparse_hurdle_guarded,phase8_role_aware_pmf_cal_v1+monotone_inactive_global_v1,pre_close,2026-05-23T20:47:49Z,d1ddc807#phase10c,bd27ab4a-bccb-407a-a984-d77d1d286e8a,ok,0.0,high,full,current_phase8,unknown,projected,derived_from_projected_minutes,16,0.0
OG Anunoby,18,NYK,CLE,False,21713899,stl,starter,stat_grid:hurdle_v1+role_aware_pmf_cal_v1:starter+monotone_pit_cdf_v1+sparse_hurdle_guarded,phase8_role_aware_pmf_cal_v1+monotone_inactive_global_v1,pre_close,2026-05-23T20:47:49Z,d1ddc807#phase10c,bd27ab4a-bccb-407a-a984-d77d1d286e8a,ok,0.0,high,full,current_phase8,unknown,projected,derived_from_projected_minutes,17,0.0
OG Anunoby,18,NYK,CLE,False,21713899,stl,starter,stat_grid:hurdle_v1+role_aware_pmf_cal_v1:starter+monotone_pit_cdf_v1+sparse_hurdle_guarded,phase8_role_aware_pmf_cal_v1+monotone_inactive_global_v1,pre_close,2026-05-23T20:47:49Z,d1ddc807#phase10c,bd27ab4a-bccb-407a-a984-d77d1d286e8a,ok,0.0,high,full,current_phase8,unknown,projected,derived_from_projected_minutes,18,0.0
OG Anunoby,18,NYK,CLE,False,21713899,stl,starter,stat_grid:hurdle_v1+role_aware_pmf_cal_v1:starter+monotone_pit_cdf_v1+sparse_hurdle_guarded,phase8_role_aware_pmf_cal_v1+monotone_inactive_global_v1,pre_close,2026-05-23T20:47:49Z,d1ddc807#phase10c,bd27ab4a-bccb-407a-a984-d77d1d286e8a,ok,0.0,high,full,current_phase8,unknown,projected,derived_from_projected_minutes,19,0.0
OG Anunoby,18,NYK,CLE,False,21713899,stl,starter,stat_grid:hurdle_v1+role_aware_pmf_cal_v1:starter+monotone_pit_cdf_v1+sparse_hurdle_guarded,phase8_role_aware_pmf_cal_v1+monotone_inactive_global_v1,pre_close,2026-05-23T20:47:49Z,d1ddc807#phase10c,bd27ab4a-bccb-407a-a984-d77d1d286e8a,ok,0.0,high,full,current_phase8,unknown,projected,derived_from_projected_minutes,20,0.0
OG Anunoby,18,NYK,CLE,False,21713899,blk,starter,stat_grid:hurdle_v1+role_aware_pmf_cal_v1:starter+monotone_pit_cdf_v1+sparse_hurdle_guarded,phase8_role_aware_pmf_cal_v1+monotone_inactive_global_v1,pre_close,2026-05-23T20:47:49Z,d1ddc807#phase10c,bd27ab4a-bccb-407a-a984-d77d1d286e8a,ok,0.0,high,full,current_phase8,unknown,projected,derived_from_projected_minutes,0,0.3326
OG Anunoby,18,NYK,CLE,False,21713899,blk,starter,stat_grid:hurdle_v1+role_aware_pmf_cal_v1:starter+monotone_pit_cdf_v1+sparse_hurdle_guarded,phase8_role_aware_pmf_cal_v1+monotone_inactive_global_v1,pre_close,2026-05-23T20:47:49Z,d1ddc807#phase10c,bd27ab4a-bccb-407a-a984-d77d1d286e8a,ok,0.0,high,full,current_phase8,unknown,projected,derived_from_projected_minutes,1,0.4898
OG Anunoby,18,NYK,CLE,False,21713899,blk,starter,stat_grid:hurdle_v1+role_aware_pmf_cal_v1:starter+monotone_pit_cdf_v1+sparse_hurdle_guarded,phase8_role_aware_pmf_cal_v1+monotone_inactive_global_v1,pre_close,2026-05-23T20:47:49Z,d1ddc807#phase10c,bd27ab4a-bccb-407a-a984-d77d1d286e8a,ok,0.0,high,full,current_phase8,unknown,projected,derived_from_projected_minutes,2,0.0884
OG Anunoby,18,NYK,CLE,False,21713899,blk,starter,stat_grid:hurdle_v1+role_aware_pmf_cal_v1:starter+monotone_pit_cdf_v1+sparse_hurdle_guarded,phase8_role_aware_pmf_cal_v1+monotone_inactive_global_v1,pre_close,2026-05-23T20:47:49Z,d1ddc807#phase10c,bd27ab4a-bccb-407a-a984-d77d1d286e8a,ok,0.0,high,full,current_phase8,unknown,projected,derived_from_projected_minutes,3,0.0612
OG Anunoby,18,NYK,CLE,False,21713899,blk,starter,stat_grid:hurdle_v1+role_aware_pmf_cal_v1:starter+monotone_pit_cdf_v1+sparse_hurdle_guarded,phase8_role_aware_pmf_cal_v1+monotone_inactive_global_v1,pre_close,2026-05-23T20:47:49Z,d1ddc807#phase10c,bd27ab4a-bccb-407a-a984-d77d1d286e8a,ok,0.0,high,full,current_phase8,unknown,projected,derived_from_projected_minutes,4,0.0057
OG Anunoby,18,NYK,CLE,False,21713899,blk,starter,stat_grid:hurdle_v1+role_aware_pmf_cal_v1:starter+monotone_pit_cdf_v1+sparse_hurdle_guarded,phase8_role_aware_pmf_cal_v1+monotone_inactive_global_v1,pre_close,2026-05-23T20:47:49Z,d1ddc807#phase10c,bd27ab4a-bccb-407a-a984-d77d1d286e8a,ok,0.0,high,full,current_phase8,unknown,projected,derived_from_projected_minutes,5,0.0069
OG Anunoby,18,NYK,CLE,False,21713899,blk,starter,stat_grid:hurdle_v1+role_aware_pmf_cal_v1:starter+monotone_pit_cdf_v1+sparse_hurdle_guarded,phase8_role_aware_pmf_cal_v1+monotone_inactive_global_v1,pre_close,2026-05-23T20:47:49Z,d1ddc807#phase10c,bd27ab4a-bccb-407a-a984-d77d1d286e8a,ok,0.0,high,full,current_phase8,unknown,projected,derived_from_projected_minutes,6,0.0026
OG Anunoby,18,NYK,CLE,False,21713899,blk,starter,stat_grid:hurdle_v1+role_aware_pmf_cal_v1:starter+monotone_pit_cdf_v1+sparse_hurdle_guarded,phase8_role_aware_pmf_cal_v1+monotone_inactive_global_v1,pre_close,2026-05-23T20:47:49Z,d1ddc807#phase10c,bd27ab4a-bccb-407a-a984-d77d1d286e8a,ok,0.0,high,full,current_phase8,unknown,projected,derived_from_projected_minutes,7,0.0021
OG Anunoby,18,NYK,CLE,False,21713899,blk,starter,stat_grid:hurdle_v1+role_aware_pmf_cal_v1:starter+monotone_pit_cdf_v1+sparse_hurdle_guarded,phase8_role_aware_pmf_cal_v1+monotone_inactive_global_v1,pre_close,2026-05-23T20:47:49Z,d1ddc807#phase10c,bd27ab4a-bccb-407a-a984-d77d1d286e8a,ok,0.0,high,full,current_phase8,unknown,projected,derived_from_projected_minutes,8,0.0021
OG Anunoby,18,NYK,CLE,False,21713899,blk,starter,stat_grid:hurdle_v1+role_aware_pmf_cal_v1:starter+monotone_pit_cdf_v1+sparse_hurdle_guarded,phase8_role_aware_pmf_cal_v1+monotone_inactive_global_v1,pre_close,2026-05-23T20:47:49Z,d1ddc807#phase10c,bd27ab4a-bccb-407a-a984-d77d1d286e8a,ok,0.0,high,full,current_phase8,unknown,projected,derived_from_projected_minutes,9,0.0056
OG Anunoby,18,NYK,CLE,False,21713899,blk,starter,stat_grid:hurdle_v1+role_aware_pmf_cal_v1:starter+monotone_pit_cdf_v1+sparse_hurdle_guarded,phase8_role_aware_pmf_cal_v1+monotone_inactive_global_v1,pre_close,2026-05-23T20:47:49Z,d1ddc807#phase10c,bd27ab4a-bccb-407a-a984-d77d1d286e8a,ok,0.0,high,full,current_phase8,unknown,projected,derived_from_projected_minutes,10,0.003
OG Anunoby,18,NYK,CLE,False,21713899,blk,starter,stat_grid:hurdle_v1+role_aware_pmf_cal_v1:starter+monotone_pit_cdf_v1+sparse_hurdle_guarded,phase8_role_aware_pmf_cal_v1+monotone_inactive_global_v1,pre_close,2026-05-23T20:47:49Z,d1ddc807#phase10c,bd27ab4a-bccb-407a-a984-d77d1d286e8a,ok,0.0,high,full,current_phase8,unknown,projected,derived_from_projected_minutes,11,0.0
OG Anunoby,18,NYK,CLE,False,21713899,blk,starter,stat_grid:hurdle_v1+role_aware_pmf_cal_v1:starter+monotone_pit_cdf_v1+sparse_hurdle_guarded,phase8_role_aware_pmf_cal_v1+monotone_inactive_global_v1,pre_close,2026-05-23T20:47:49Z,d1ddc807#phase10c,bd27ab4a-bccb-407a-a984-d77d1d286e8a,ok,0.0,high,full,current_phase8,unknown,projected,derived_from_projected_minutes,12,0.0
OG Anunoby,18,NYK,CLE,False,21713899,blk,starter,stat_grid:hurdle_v1+role_aware_pmf_cal_v1:starter+monotone_pit_cdf_v1+sparse_hurdle_guarded,phase8_role_aware_pmf_cal_v1+monotone_inactive_global_v1,pre_close,2026-05-23T20:47:49Z,d1ddc807#phase10c,bd27ab4a-bccb-407a-a984-d77d1d286e8a,ok,0.0,high,full,current_phase8,unknown,projected,derived_from_projected_minutes,13,0.0
OG Anunoby,18,NYK,CLE,False,21713899,blk,starter,stat_grid:hurdle_v1+role_aware_pmf_cal_v1:starter+monotone_pit_cdf_v1+sparse_hurdle_guarded,phase8_role_aware_pmf_cal_v1+monotone_inactive_global_v1,pre_close,2026-05-23T20:47:49Z,d1ddc807#phase10c,bd27ab4a-bccb-407a-a984-d77d1d286e8a,ok,0.0,high,full,current_phase8,unknown,projected,derived_from_projected_minutes,14,0.0
OG Anunoby,18,NYK,CLE,False,21713899,blk,starter,stat_grid:hurdle_v1+role_aware_pmf_cal_v1:starter+monotone_pit_cdf_v1+sparse_hurdle_guarded,phase8_role_aware_pmf_cal_v1+monotone_inactive_global_v1,pre_close,2026-05-23T20:47:49Z,d1ddc807#phase10c,bd27ab4a-bccb-407a-a984-d77d1d286e8a,ok,0.0,high,full,current_phase8,unknown,projected,derived_from_projected_minutes,15,0.0
OG Anunoby,18,NYK,CLE,False,21713899,blk,starter,stat_grid:hurdle_v1+role_aware_pmf_cal_v1:starter+monotone_pit_cdf_v1+sparse_hurdle_guarded,phase8_role_aware_pmf_cal_v1+monotone_inactive_global_v1,pre_close,2026-05-23T20:47:49Z,d1ddc807#phase10c,bd27ab4a-bccb-407a-a984-d77d1d286e8a,ok,0.0,high,full,current_phase8,unknown,projected,derived_from_projected_minutes,16,0.0
OG Anunoby,18,NYK,CLE,False,21713899,blk,starter,stat_grid:hurdle_v1+role_aware_pmf_cal_v1:starter+monotone_pit_cdf_v1+sparse_hurdle_guarded,phase8_role_aware_pmf_cal_v1+monotone_inactive_global_v1,pre_close,2026-05-23T20:47:49Z,d1ddc807#phase10c,bd27ab4a-bccb-407a-a984-d77d1d286e8a,ok,0.0,high,full,current_phase8,unknown,projected,derived_from_projected_minutes,17,0.0
OG Anunoby,18,NYK,CLE,False,21713899,blk,starter,stat_grid:hurdle_v1+role_aware_pmf_cal_v1:starter+monotone_pit_cdf_v1+sparse_hurdle_guarded,phase8_role_aware_pmf_cal_v1+monotone_inactive_global_v1,pre_close,2026-05-23T20:47:49Z,d1ddc807#phase10c,bd27ab4a-bccb-407a-a984-d77d1d286e8a,ok,0.0,high,full,current_phase8,unknown,projected,derived_from_projected_minutes,18,0.0
OG Anunoby,18,NYK,CLE,False,21713899,blk,starter,stat_grid:hurdle_v1+role_aware_pmf_cal_v1:starter+monotone_pit_cdf_v1+sparse_hurdle_guarded,phase8_role_aware_pmf_cal_v1+monotone_inactive_global_v1,pre_close,2026-05-23T20:47:49Z,d1ddc807#phase10c,bd27ab4a-bccb-407a-a984-d77d1d286e8a,ok,0.0,high,full,current_phase8,unknown,projected,derived_from_projected_minutes,19,0.0
OG Anunoby,18,NYK,CLE,False,21713899,blk,starter,stat_grid:hurdle_v1+role_aware_pmf_cal_v1:starter+monotone_pit_cdf_v1+sparse_hurdle_guarded,phase8_role_aware_pmf_cal_v1+monotone_inactive_global_v1,pre_close,2026-05-23T20:47:49Z,d1ddc807#phase10c,bd27ab4a-bccb-407a-a984-d77d1d286e8a,ok,0.0,high,full,current_phase8,unknown,projected,derived_from_projected_minutes,20,0.0
OG Anunoby,18,NYK,CLE,False,21713899,stocks,starter,"stat_grid:component_convolution_mean_coherent_v1+components[stl:hurdle_v1+role_aware_pmf_cal_v1:starter+monotone_pit_cdf_v1+sparse_hurdle_guarded,blk:hurdle_v1+role_aware_pmf_cal_v1:starter+monotone_pit_cdf_v1+sparse_hurdle_guarded]+prior_combo[joint_sampler_v1+joint_combo_pmf_v1+role_aware_pmf_cal_v1:starter+monotone_pit_cdf_v1+sparse_hurdle_guarded]+stat_grid_final_component_convolution_mean_coherent_v1",phase8_role_aware_pmf_cal_v1+monotone_inactive_global_v1,pre_close,2026-05-23T20:47:49Z,d1ddc807#phase10c,bd27ab4a-bccb-407a-a984-d77d1d286e8a,ok,0.0,high,full,current_phase8,unknown,projected,derived_from_projected_minutes,0,0.1673
OG Anunoby,18,NYK,CLE,False,21713899,stocks,starter,"stat_grid:component_convolution_mean_coherent_v1+components[stl:hurdle_v1+role_aware_pmf_cal_v1:starter+monotone_pit_cdf_v1+sparse_hurdle_guarded,blk:hurdle_v1+role_aware_pmf_cal_v1:starter+monotone_pit_cdf_v1+sparse_hurdle_guarded]+prior_combo[joint_sampler_v1+joint_combo_pmf_v1+role_aware_pmf_cal_v1:starter+monotone_pit_cdf_v1+sparse_hurdle_guarded]+stat_grid_final_component_convolution_mean_coherent_v1",phase8_role_aware_pmf_cal_v1+monotone_inactive_global_v1,pre_close,2026-05-23T20:47:49Z,d1ddc807#phase10c,bd27ab4a-bccb-407a-a984-d77d1d286e8a,ok,0.0,high,full,current_phase8,unknown,projected,derived_from_projected_minutes,1,0.3428
OG Anunoby,18,NYK,CLE,False,21713899,stocks,starter,"stat_grid:component_convolution_mean_coherent_v1+components[stl:hurdle_v1+role_aware_pmf_cal_v1:starter+monotone_pit_cdf_v1+sparse_hurdle_guarded,blk:hurdle_v1+role_aware_pmf_cal_v1:starter+monotone_pit_cdf_v1+sparse_hurdle_guarded]+prior_combo[joint_sampler_v1+joint_combo_pmf_v1+role_aware_pmf_cal_v1:starter+monotone_pit_cdf_v1+sparse_hurdle_guarded]+stat_grid_final_component_convolution_mean_coherent_v1",phase8_role_aware_pmf_cal_v1+monotone_inactive_global_v1,pre_close,2026-05-23T20:47:49Z,d1ddc807#phase10c,bd27ab4a-bccb-407a-a984-d77d1d286e8a,ok,0.0,high,full,current_phase8,unknown,projected,derived_from_projected_minutes,2,0.2255
OG Anunoby,18,NYK,CLE,False,21713899,stocks,starter,"stat_grid:component_convolution_mean_coherent_v1+components[stl:hurdle_v1+role_aware_pmf_cal_v1:starter+monotone_pit_cdf_v1+sparse_hurdle_guarded,blk:hurdle_v1+role_aware_pmf_cal_v1:starter+monotone_pit_cdf_v1+sparse_hurdle_guarded]+prior_combo[joint_sampler_v1+joint_combo_pmf_v1+role_aware_pmf_cal_v1:starter+monotone_pit_cdf_v1+sparse_hurdle_guarded]+stat_grid_final_component_convolution_mean_coherent_v1",phase8_role_aware_pmf_cal_v1+monotone_inactive_global_v1,pre_close,2026-05-23T20:47:49Z,d1ddc807#phase10c,bd27ab4a-bccb-407a-a984-d77d1d286e8a,ok,0.0,high,full,current_phase8,unknown,projected,derived_from_projected_minutes,3,0.1396
OG Anunoby,18,NYK,CLE,False,21713899,stocks,starter,"stat_grid:component_convolution_mean_coherent_v1+components[stl:hurdle_v1+role_aware_pmf_cal_v1:starter+monotone_pit_cdf_v1+sparse_hurdle_guarded,blk:hurdle_v1+role_aware_pmf_cal_v1:starter+monotone_pit_cdf_v1+sparse_hurdle_guarded]+prior_combo[joint_sampler_v1+joint_combo_pmf_v1+role_aware_pmf_cal_v1:starter+monotone_pit_cdf_v1+sparse_hurdle_guarded]+stat_grid_final_component_convolution_mean_coherent_v1",phase8_role_aware_pmf_cal_v1+monotone_inactive_global_v1,pre_close,2026-05-23T20:47:49Z,d1ddc807#phase10c,bd27ab4a-bccb-407a-a984-d77d1d286e8a,ok,0.0,high,full,current_phase8,unknown,projected,derived_from_projected_minutes,4,0.0693
OG Anunoby,18,NYK,CLE,False,21713899,stocks,starter,"stat_grid:component_convolution_mean_coherent_v1+components[stl:hurdle_v1+role_aware_pmf_cal_v1:starter+monotone_pit_cdf_v1+sparse_hurdle_guarded,blk:hurdle_v1+role_aware_pmf_cal_v1:starter+monotone_pit_cdf_v1+sparse_hurdle_guarded]+prior_combo[joint_sampler_v1+joint_combo_pmf_v1+role_aware_pmf_cal_v1:starter+monotone_pit_cdf_v1+sparse_hurdle_guarded]+stat_grid_final_component_convolution_mean_coherent_v1",phase8_role_aware_pmf_cal_v1+monotone_inactive_global_v1,pre_close,2026-05-23T20:47:49Z,d1ddc807#phase10c,bd27ab4a-bccb-407a-a984-d77d1d286e8a,ok,0.0,high,full,current_phase8,unknown,projected,derived_from_projected_minutes,5,0.021
OG Anunoby,18,NYK,CLE,False,21713899,stocks,starter,"stat_grid:component_convolution_mean_coherent_v1+components[stl:hurdle_v1+role_aware_pmf_cal_v1:starter+monotone_pit_cdf_v1+sparse_hurdle_guarded,blk:hurdle_v1+role_aware_pmf_cal_v1:starter+monotone_pit_cdf_v1+sparse_hurdle_guarded]+prior_combo[joint_sampler_v1+joint_combo_pmf_v1+role_aware_pmf_cal_v1:starter+monotone_pit_cdf_v1+sparse_hurdle_guarded]+stat_grid_final_component_convolution_mean_coherent_v1",phase8_role_aware_pmf_cal_v1+monotone_inactive_global_v1,pre_close,2026-05-23T20:47:49Z,d1ddc807#phase10c,bd27ab4a-bccb-407a-a984-d77d1d286e8a,ok,0.0,high,full,current_phase8,unknown,projected,derived_from_projected_minutes,6,0.0113
OG Anunoby,18,NYK,CLE,False,21713899,stocks,starter,"stat_grid:component_convolution_mean_coherent_v1+components[stl:hurdle_v1+role_aware_pmf_cal_v1:starter+monotone_pit_cdf_v1+sparse_hurdle_guarded,blk:hurdle_v1+role_aware_pmf_cal_v1:starter+monotone_pit_cdf_v1+sparse_hurdle_guarded]+prior_combo[joint_sampler_v1+joint_combo_pmf_v1+role_aware_pmf_cal_v1:starter+monotone_pit_cdf_v1+sparse_hurdle_guarded]+stat_grid_final_component_convolution_mean_coherent_v1",phase8_role_aware_pmf_cal_v1+monotone_inactive_global_v1,pre_close,2026-05-23T20:47:49Z,d1ddc807#phase10c,bd27ab4a-bccb-407a-a984-d77d1d286e8a,ok,0.0,high,full,current_phase8,unknown,projected,derived_from_projected_minutes,7,0.0049
OG Anunoby,18,NYK,CLE,False,21713899,stocks,starter,"stat_grid:component_convolution_mean_coherent_v1+components[stl:hurdle_v1+role_aware_pmf_cal_v1:starter+monotone_pit_cdf_v1+sparse_hurdle_guarded,blk:hurdle_v1+role_aware_pmf_cal_v1:starter+monotone_pit_cdf_v1+sparse_hurdle_guarded]+prior_combo[joint_sampler_v1+joint_combo_pmf_v1+role_aware_pmf_cal_v1:starter+monotone_pit_cdf_v1+sparse_hurdle_guarded]+stat_grid_final_component_convolution_mean_coherent_v1",phase8_role_aware_pmf_cal_v1+monotone_inactive_global_v1,pre_close,2026-05-23T20:47:49Z,d1ddc807#phase10c,bd27ab4a-bccb-407a-a984-d77d1d286e8a,ok,0.0,high,full,current_phase8,unknown,projected,derived_from_projected_minutes,8,0.0039
OG Anunoby,18,NYK,CLE,False,21713899,stocks,starter,"stat_grid:component_convolution_mean_coherent_v1+components[stl:hurdle_v1+role_aware_pmf_cal_v1:starter+monotone_pit_cdf_v1+sparse_hurdle_guarded,blk:hurdle_v1+role_aware_pmf_cal_v1:starter+monotone_pit_cdf_v1+sparse_hurdle_guarded]+prior_combo[joint_sampler_v1+joint_combo_pmf_v1+role_aware_pmf_cal_v1:starter+monotone_pit_cdf_v1+sparse_hurdle_guarded]+stat_grid_final_component_convolution_mean_coherent_v1",phase8_role_aware_pmf_cal_v1+monotone_inactive_global_v1,pre_close,2026-05-23T20:47:49Z,d1ddc807#phase10c,bd27ab4a-bccb-407a-a984-d77d1d286e8a,ok,0.0,high,full,current_phase8,unknown,projected,derived_from_projected_minutes,9,0.0049
OG Anunoby,18,NYK,CLE,False,21713899,stocks,starter,"stat_grid:component_convolution_mean_coherent_v1+components[stl:hurdle_v1+role_aware_pmf_cal_v1:starter+monotone_pit_cdf_v1+sparse_hurdle_guarded,blk:hurdle_v1+role_aware_pmf_cal_v1:starter+monotone_pit_cdf_v1+sparse_hurdle_guarded]+prior_combo[joint_sampler_v1+joint_combo_pmf_v1+role_aware_pmf_cal_v1:starter+monotone_pit_cdf_v1+sparse_hurdle_guarded]+stat_grid_final_component_convolution_mean_coherent_v1",phase8_role_aware_pmf_cal_v1+monotone_inactive_global_v1,pre_close,2026-05-23T20:47:49Z,d1ddc807#phase10c,bd27ab4a-bccb-407a-a984-d77d1d286e8a,ok,0.0,high,full,current_phase8,unknown,projected,derived_from_projected_minutes,10,0.0048
OG Anunoby,18,NYK,CLE,False,21713899,stocks,starter,"stat_grid:component_convolution_mean_coherent_v1+components[stl:hurdle_v1+role_aware_pmf_cal_v1:starter+monotone_pit_cdf_v1+sparse_hurdle_guarded,blk:hurdle_v1+role_aware_pmf_cal_v1:starter+monotone_pit_cdf_v1+sparse_hurdle_guarded]+prior_combo[joint_sampler_v1+joint_combo_pmf_v1+role_aware_pmf_cal_v1:starter+monotone_pit_cdf_v1+sparse_hurdle_guarded]+stat_grid_final_component_convolution_mean_coherent_v1",phase8_role_aware_pmf_cal_v1+monotone_inactive_global_v1,pre_close,2026-05-23T20:47:49Z,d1ddc807#phase10c,bd27ab4a-bccb-407a-a984-d77d1d286e8a,ok,0.0,high,full,current_phase8,unknown,projected,derived_from_projected_minutes,11,0.003
OG Anunoby,18,NYK,CLE,False,21713899,stocks,starter,"stat_grid:component_convolution_mean_coherent_v1+components[stl:hurdle_v1+role_aware_pmf_cal_v1:starter+monotone_pit_cdf_v1+sparse_hurdle_guarded,blk:hurdle_v1+role_aware_pmf_cal_v1:starter+monotone_pit_cdf_v1+sparse_hurdle_guarded]+prior_combo[joint_sampler_v1+joint_combo_pmf_v1+role_aware_pmf_cal_v1:starter+monotone_pit_cdf_v1+sparse_hurdle_guarded]+stat_grid_final_component_convolution_mean_coherent_v1",phase8_role_aware_pmf_cal_v1+monotone_inactive_global_v1,pre_close,2026-05-23T20:47:49Z,d1ddc807#phase10c,bd27ab4a-bccb-407a-a984-d77d1d286e8a,ok,0.0,high,full,current_phase8,unknown,projected,derived_from_projected_minutes,12,0.0011
OG Anunoby,18,NYK,CLE,False,21713899,stocks,starter,"stat_grid:component_convolution_mean_coherent_v1+components[stl:hurdle_v1+role_aware_pmf_cal_v1:starter+monotone_pit_cdf_v1+sparse_hurdle_guarded,blk:hurdle_v1+role_aware_pmf_cal_v1:starter+monotone_pit_cdf_v1+sparse_hurdle_guarded]+prior_combo[joint_sampler_v1+joint_combo_pmf_v1+role_aware_pmf_cal_v1:starter+monotone_pit_cdf_v1+sparse_hurdle_guarded]+stat_grid_final_component_convolution_mean_coherent_v1",phase8_role_aware_pmf_cal_v1+monotone_inactive_global_v1,pre_close,2026-05-23T20:47:49Z,d1ddc807#phase10c,bd27ab4a-bccb-407a-a984-d77d1d286e8a,ok,0.0,high,full,current_phase8,unknown,projected,derived_from_projected_minutes,13,0.0004
OG Anunoby,18,NYK,CLE,False,21713899,stocks,starter,"stat_grid:component_convolution_mean_coherent_v1+components[stl:hurdle_v1+role_aware_pmf_cal_v1:starter+monotone_pit_cdf_v1+sparse_hurdle_guarded,blk:hurdle_v1+role_aware_pmf_cal_v1:starter+monotone_pit_cdf_v1+sparse_hurdle_guarded]+prior_combo[joint_sampler_v1+joint_combo_pmf_v1+role_aware_pmf_cal_v1:starter+monotone_pit_cdf_v1+sparse_hurdle_guarded]+stat_grid_final_component_convolution_mean_coherent_v1",phase8_role_aware_pmf_cal_v1+monotone_inactive_global_v1,pre_close,2026-05-23T20:47:49Z,d1ddc807#phase10c,bd27ab4a-bccb-407a-a984-d77d1d286e8a,ok,0.0,high,full,current_phase8,unknown,projected,derived_from_projected_minutes,14,0.0001
OG Anunoby,18,NYK,CLE,False,21713899,stocks,starter,"stat_grid:component_convolution_mean_coherent_v1+components[stl:hurdle_v1+role_aware_pmf_cal_v1:starter+monotone_pit_cdf_v1+sparse_hurdle_guarded,blk:hurdle_v1+role_aware_pmf_cal_v1:starter+monotone_pit_cdf_v1+sparse_hurdle_guarded]+prior_combo[joint_sampler_v1+joint_combo_pmf_v1+role_aware_pmf_cal_v1:starter+monotone_pit_cdf_v1+sparse_hurdle_guarded]+stat_grid_final_component_convolution_mean_coherent_v1",phase8_role_aware_pmf_cal_v1+monotone_inactive_global_v1,pre_close,2026-05-23T20:47:49Z,d1ddc807#phase10c,bd27ab4a-bccb-407a-a984-d77d1d286e8a,ok,0.0,high,full,current_phase8,unknown,projected,derived_from_projected_minutes,15,0.0
OG Anunoby,18,NYK,CLE,False,21713899,stocks,starter,"stat_grid:component_convolution_mean_coherent_v1+components[stl:hurdle_v1+role_aware_pmf_cal_v1:starter+monotone_pit_cdf_v1+sparse_hurdle_guarded,blk:hurdle_v1+role_aware_pmf_cal_v1:starter+monotone_pit_cdf_v1+sparse_hurdle_guarded]+prior_combo[joint_sampler_v1+joint_combo_pmf_v1+role_aware_pmf_cal_v1:starter+monotone_pit_cdf_v1+sparse_hurdle_guarded]+stat_grid_final_component_convolution_mean_coherent_v1",phase8_role_aware_pmf_cal_v1+monotone_inactive_global_v1,pre_close,2026-05-23T20:47:49Z,d1ddc807#phase10c,bd27ab4a-bccb-407a-a984-d77d1d286e8a,ok,0.0,high,full,current_phase8,unknown,projected,derived_from_projected_minutes,16,0.0
OG Anunoby,18,NYK,CLE,False,21713899,stocks,starter,"stat_grid:component_convolution_mean_coherent_v1+components[stl:hurdle_v1+role_aware_pmf_cal_v1:starter+monotone_pit_cdf_v1+sparse_hurdle_guarded,blk:hurdle_v1+role_aware_pmf_cal_v1:starter+monotone_pit_cdf_v1+sparse_hurdle_guarded]+prior_combo[joint_sampler_v1+joint_combo_pmf_v1+role_aware_pmf_cal_v1:starter+monotone_pit_cdf_v1+sparse_hurdle_guarded]+stat_grid_final_component_convolution_mean_coherent_v1",phase8_role_aware_pmf_cal_v1+monotone_inactive_global_v1,pre_close,2026-05-23T20:47:49Z,d1ddc807#phase10c,bd27ab4a-bccb-407a-a984-d77d1d286e8a,ok,0.0,high,full,current_phase8,unknown,projected,derived_from_projected_minutes,17,0.0
OG Anunoby,18,NYK,CLE,False,21713899,stocks,starter,"stat_grid:component_convolution_mean_coherent_v1+components[stl:hurdle_v1+role_aware_pmf_cal_v1:starter+monotone_pit_cdf_v1+sparse_hurdle_guarded,blk:hurdle_v1+role_aware_pmf_cal_v1:starter+monotone_pit_cdf_v1+sparse_hurdle_guarded]+prior_combo[joint_sampler_v1+joint_combo_pmf_v1+role_aware_pmf_cal_v1:starter+monotone_pit_cdf_v1+sparse_hurdle_guarded]+stat_grid_final_component_convolution_mean_coherent_v1",phase8_role_aware_pmf_cal_v1+monotone_inactive_global_v1,pre_close,2026-05-23T20:47:49Z,d1ddc807#phase10c,bd27ab4a-bccb-407a-a984-d77d1d286e8a,ok,0.0,high,full,current_phase8,unknown,projected,derived_from_projected_minutes,18,0.0
OG Anunoby,18,NYK,CLE,False,21713899,stocks,starter,"stat_grid:component_convolution_mean_coherent_v1+components[stl:hurdle_v1+role_aware_pmf_cal_v1:starter+monotone_pit_cdf_v1+sparse_hurdle_guarded,blk:hurdle_v1+role_aware_pmf_cal_v1:starter+monotone_pit_cdf_v1+sparse_hurdle_guarded]+prior_combo[joint_sampler_v1+joint_combo_pmf_v1+role_aware_pmf_cal_v1:starter+monotone_pit_cdf_v1+sparse_hurdle_guarded]+stat_grid_final_component_convolution_mean_coherent_v1",phase8_role_aware_pmf_cal_v1+monotone_inactive_global_v1,pre_close,2026-05-23T20:47:49Z,d1ddc807#phase10c,bd27ab4a-bccb-407a-a984-d77d1d286e8a,ok,0.0,high,full,current_phase8,unknown,projected,derived_from_projected_minutes,19,0.0
OG Anunoby,18,NYK,CLE,False,21713899,stocks,starter,"stat_grid:component_convolution_mean_coherent_v1+components[stl:hurdle_v1+role_aware_pmf_cal_v1:starter+monotone_pit_cdf_v1+sparse_hurdle_guarded,blk:hurdle_v1+role_aware_pmf_cal_v1:starter+monotone_pit_cdf_v1+sparse_hurdle_guarded]+prior_combo[joint_sampler_v1+joint_combo_pmf_v1+role_aware_pmf_cal_v1:starter+monotone_pit_cdf_v1+sparse_hurdle_guarded]+stat_grid_final_component_convolution_mean_coherent_v1",phase8_role_aware_pmf_cal_v1+monotone_inactive_global_v1,pre_close,2026-05-23T20:47:49Z,d1ddc807#phase10c,bd27ab4a-bccb-407a-a984-d77d1d286e8a,ok,0.0,high,full,current_phase8,unknown,projected,derived_from_projected_minutes,20,0.0
OG Anunoby,18,NYK,CLE,False,21713899,pa,starter,"stat_grid:component_convolution_mean_coherent_v1+components[pts:pmf_sim_v1+role_aware_pmf_cal_v1:starter+monotone_pit_cdf_v1,ast:pmf_sim_v1+role_aware_pmf_cal_v1:starter+monotone_pit_cdf_v1]+prior_combo[joint_sampler_v1+joint_combo_pmf_v1+role_aware_pmf_cal_v1:starter+monotone_pit_cdf_v1]+stat_grid_final_component_convolution_mean_coherent_v1",phase8_role_aware_pmf_cal_v1+monotone_inactive_global_v1,pre_close,2026-05-23T20:47:49Z,d1ddc807#phase10c,bd27ab4a-bccb-407a-a984-d77d1d286e8a,ok,0.0,high,full,current_phase8,unknown,projected,derived_from_projected_minutes,0,0.0001
OG Anunoby,18,NYK,CLE,False,21713899,pa,starter,"stat_grid:component_convolution_mean_coherent_v1+components[pts:pmf_sim_v1+role_aware_pmf_cal_v1:starter+monotone_pit_cdf_v1,ast:pmf_sim_v1+role_aware_pmf_cal_v1:starter+monotone_pit_cdf_v1]+prior_combo[joint_sampler_v1+joint_combo_pmf_v1+role_aware_pmf_cal_v1:starter+monotone_pit_cdf_v1]+stat_grid_final_component_convolution_mean_coherent_v1",phase8_role_aware_pmf_cal_v1+monotone_inactive_global_v1,pre_close,2026-05-23T20:47:49Z,d1ddc807#phase10c,bd27ab4a-bccb-407a-a984-d77d1d286e8a,ok,0.0,high,full,current_phase8,unknown,projected,derived_from_projected_minutes,1,0.0004
OG Anunoby,18,NYK,CLE,False,21713899,pa,starter,"stat_grid:component_convolution_mean_coherent_v1+components[pts:pmf_sim_v1+role_aware_pmf_cal_v1:starter+monotone_pit_cdf_v1,ast:pmf_sim_v1+role_aware_pmf_cal_v1:starter+monotone_pit_cdf_v1]+prior_combo[joint_sampler_v1+joint_combo_pmf_v1+role_aware_pmf_cal_v1:starter+monotone_pit_cdf_v1]+stat_grid_final_component_convolution_mean_coherent_v1",phase8_role_aware_pmf_cal_v1+monotone_inactive_global_v1,pre_close,2026-05-23T20:47:49Z,d1ddc807#phase10c,bd27ab4a-bccb-407a-a984-d77d1d286e8a,ok,0.0,high,full,current_phase8,unknown,projected,derived_from_projected_minutes,2,0.0008
OG Anunoby,18,NYK,CLE,False,21713899,pa,starter,"stat_grid:component_convolution_mean_coherent_v1+components[pts:pmf_sim_v1+role_aware_pmf_cal_v1:starter+monotone_pit_cdf_v1,ast:pmf_sim_v1+role_aware_pmf_cal_v1:starter+monotone_pit_cdf_v1]+prior_combo[joint_sampler_v1+joint_combo_pmf_v1+role_aware_pmf_cal_v1:starter+monotone_pit_cdf_v1]+stat_grid_final_component_convolution_mean_coherent_v1",phase8_role_aware_pmf_cal_v1+monotone_inactive_global_v1,pre_close,2026-05-23T20:47:49Z,d1ddc807#phase10c,bd27ab4a-bccb-407a-a984-d77d1d286e8a,ok,0.0,high,full,current_phase8,unknown,projected,derived_from_projected_minutes,3,0.0013
OG Anunoby,18,NYK,CLE,False,21713899,pa,starter,"stat_grid:component_convolution_mean_coherent_v1+components[pts:pmf_sim_v1+role_aware_pmf_cal_v1:starter+monotone_pit_cdf_v1,ast:pmf_sim_v1+role_aware_pmf_cal_v1:starter+monotone_pit_cdf_v1]+prior_combo[joint_sampler_v1+joint_combo_pmf_v1+role_aware_pmf_cal_v1:starter+monotone_pit_cdf_v1]+stat_grid_final_component_convolution_mean_coherent_v1",phase8_role_aware_pmf_cal_v1+monotone_inactive_global_v1,pre_close,2026-05-23T20:47:49Z,d1ddc807#phase10c,bd27ab4a-bccb-407a-a984-d77d1d286e8a,ok,0.0,high,full,current_phase8,unknown,projected,derived_from_projected_minutes,4,0.0024
OG Anunoby,18,NYK,CLE,False,21713899,pa,starter,"stat_grid:component_convolution_mean_coherent_v1+components[pts:pmf_sim_v1+role_aware_pmf_cal_v1:starter+monotone_pit_cdf_v1,ast:pmf_sim_v1+role_aware_pmf_cal_v1:starter+monotone_pit_cdf_v1]+prior_combo[joint_sampler_v1+joint_combo_pmf_v1+role_aware_pmf_cal_v1:starter+monotone_pit_cdf_v1]+stat_grid_final_component_convolution_mean_coherent_v1",phase8_role_aware_pmf_cal_v1+monotone_inactive_global_v1,pre_close,2026-05-23T20:47:49Z,d1ddc807#phase10c,bd27ab4a-bccb-407a-a984-d77d1d286e8a,ok,0.0,high,full,current_phase8,unknown,projected,derived_from_projected_minutes,5,0.0042
OG Anunoby,18,NYK,CLE,False,21713899,pa,starter,"stat_grid:component_convolution_mean_coherent_v1+components[pts:pmf_sim_v1+role_aware_pmf_cal_v1:starter+monotone_pit_cdf_v1,ast:pmf_sim_v1+role_aware_pmf_cal_v1:starter+monotone_pit_cdf_v1]+prior_combo[joint_sampler_v1+joint_combo_pmf_v1+role_aware_pmf_cal_v1:starter+monotone_pit_cdf_v1]+stat_grid_final_component_convolution_mean_coherent_v1",phase8_role_aware_pmf_cal_v1+monotone_inactive_global_v1,pre_close,2026-05-23T20:47:49Z,d1ddc807#phase10c,bd27ab4a-bccb-407a-a984-d77d1d286e8a,ok,0.0,high,full,current_phase8,unknown,projected,derived_from_projected_minutes,6,0.0068
OG Anunoby,18,NYK,CLE,False,21713899,pa,starter,"stat_grid:component_convolution_mean_coherent_v1+components[pts:pmf_sim_v1+role_aware_pmf_cal_v1:starter+monotone_pit_cdf_v1,ast:pmf_sim_v1+role_aware_pmf_cal_v1:starter+monotone_pit_cdf_v1]+prior_combo[joint_sampler_v1+joint_combo_pmf_v1+role_aware_pmf_cal_v1:starter+monotone_pit_cdf_v1]+stat_grid_final_component_convolution_mean_coherent_v1",phase8_role_aware_pmf_cal_v1+monotone_inactive_global_v1,pre_close,2026-05-23T20:47:49Z,d1ddc807#phase10c,bd27ab4a-bccb-407a-a984-d77d1d286e8a,ok,0.0,high,full,current_phase8,unknown,projected,derived_from_projected_minutes,7,0.0095
OG Anunoby,18,NYK,CLE,False,21713899,pa,starter,"stat_grid:component_convolution_mean_coherent_v1+components[pts:pmf_sim_v1+role_aware_pmf_cal_v1:starter+monotone_pit_cdf_v1,ast:pmf_sim_v1+role_aware_pmf_cal_v1:starter+monotone_pit_cdf_v1]+prior_combo[joint_sampler_v1+joint_combo_pmf_v1+role_aware_pmf_cal_v1:starter+monotone_pit_cdf_v1]+stat_grid_final_component_convolution_mean_coherent_v1",phase8_role_aware_pmf_cal_v1+monotone_inactive_global_v1,pre_close,2026-05-23T20:47:49Z,d1ddc807#phase10c,bd27ab4a-bccb-407a-a984-d77d1d286e8a,ok,0.0,high,full,current_phase8,unknown,projected,derived_from_projected_minutes,8,0.0139
OG Anunoby,18,NYK,CLE,False,21713899,pa,starter,"stat_grid:component_convolution_mean_coherent_v1+components[pts:pmf_sim_v1+role_aware_pmf_cal_v1:starter+monotone_pit_cdf_v1,ast:pmf_sim_v1+role_aware_pmf_cal_v1:starter+monotone_pit_cdf_v1]+prior_combo[joint_sampler_v1+joint_combo_pmf_v1+role_aware_pmf_cal_v1:starter+monotone_pit_cdf_v1]+stat_grid_final_component_convolution_mean_coherent_v1",phase8_role_aware_pmf_cal_v1+monotone_inactive_global_v1,pre_close,2026-05-23T20:47:49Z,d1ddc807#phase10c,bd27ab4a-bccb-407a-a984-d77d1d286e8a,ok,0.0,high,full,current_phase8,unknown,projected,derived_from_projected_minutes,9,0.0194
OG Anunoby,18,NYK,CLE,False,21713899,pa,starter,"stat_grid:component_convolution_mean_coherent_v1+components[pts:pmf_sim_v1+role_aware_pmf_cal_v1:starter+monotone_pit_cdf_v1,ast:pmf_sim_v1+role_aware_pmf_cal_v1:starter+monotone_pit_cdf_v1]+prior_combo[joint_sampler_v1+joint_combo_pmf_v1+role_aware_pmf_cal_v1:starter+monotone_pit_cdf_v1]+stat_grid_final_component_convolution_mean_coherent_v1",phase8_role_aware_pmf_cal_v1+monotone_inactive_global_v1,pre_close,2026-05-23T20:47:49Z,d1ddc807#phase10c,bd27ab4a-bccb-407a-a984-d77d1d286e8a,ok,0.0,high,full,current_phase8,unknown,projected,derived_from_projected_minutes,10,0.0238
OG Anunoby,18,NYK,CLE,False,21713899,pa,starter,"stat_grid:component_convolution_mean_coherent_v1+components[pts:pmf_sim_v1+role_aware_pmf_cal_v1:starter+monotone_pit_cdf_v1,ast:pmf_sim_v1+role_aware_pmf_cal_v1:starter+monotone_pit_cdf_v1]+prior_combo[joint_sampler_v1+joint_combo_pmf_v1+role_aware_pmf_cal_v1:starter+monotone_pit_cdf_v1]+stat_grid_final_component_convolution_mean_coherent_v1",phase8_role_aware_pmf_cal_v1+monotone_inactive_global_v1,pre_close,2026-05-23T20:47:49Z,d1ddc807#phase10c,bd27ab4a-bccb-407a-a984-d77d1d286e8a,ok,0.0,high,full,current_phase8,unknown,projected,derived_from_projected_minutes,11,0.027
OG Anunoby,18,NYK,CLE,False,21713899,pa,starter,"stat_grid:component_convolution_mean_coherent_v1+components[pts:pmf_sim_v1+role_aware_pmf_cal_v1:starter+monotone_pit_cdf_v1,ast:pmf_sim_v1+role_aware_pmf_cal_v1:starter+monotone_pit_cdf_v1]+prior_combo[joint_sampler_v1+joint_combo_pmf_v1+role_aware_pmf_cal_v1:starter+monotone_pit_cdf_v1]+stat_grid_final_component_convolution_mean_coherent_v1",phase8_role_aware_pmf_cal_v1+monotone_inactive_global_v1,pre_close,2026-05-23T20:47:49Z,d1ddc807#phase10c,bd27ab4a-bccb-407a-a984-d77d1d286e8a,ok,0.0,high,full,current_phase8,unknown,projected,derived_from_projected_minutes,12,0.0323
OG Anunoby,18,NYK,CLE,False,21713899,pa,starter,"stat_grid:component_convolution_mean_coherent_v1+components[pts:pmf_sim_v1+role_aware_pmf_cal_v1:starter+monotone_pit_cdf_v1,ast:pmf_sim_v1+role_aware_pmf_cal_v1:starter+monotone_pit_cdf_v1]+prior_combo[joint_sampler_v1+joint_combo_pmf_v1+role_aware_pmf_cal_v1:starter+monotone_pit_cdf_v1]+stat_grid_final_component_convolution_mean_coherent_v1",phase8_role_aware_pmf_cal_v1+monotone_inactive_global_v1,pre_close,2026-05-23T20:47:49Z,d1ddc807#phase10c,bd27ab4a-bccb-407a-a984-d77d1d286e8a,ok,0.0,high,full,current_phase8,unknown,projected,derived_from_projected_minutes,13,0.0409
OG Anunoby,18,NYK,CLE,False,21713899,pa,starter,"stat_grid:component_convolution_mean_coherent_v1+components[pts:pmf_sim_v1+role_aware_pmf_cal_v1:starter+monotone_pit_cdf_v1,ast:pmf_sim_v1+role_aware_pmf_cal_v1:starter+monotone_pit_cdf_v1]+prior_combo[joint_sampler_v1+joint_combo_pmf_v1+role_aware_pmf_cal_v1:starter+monotone_pit_cdf_v1]+stat_grid_final_component_convolution_mean_coherent_v1",phase8_role_aware_pmf_cal_v1+monotone_inactive_global_v1,pre_close,2026-05-23T20:47:49Z,d1ddc807#phase10c,bd27ab4a-bccb-407a-a984-d77d1d286e8a,ok,0.0,high,full,current_phase8,unknown,projected,derived_from_projected_minutes,14,0.05
OG Anunoby,18,NYK,CLE,False,21713899,pa,starter,"stat_grid:component_convolution_mean_coherent_v1+components[pts:pmf_sim_v1+role_aware_pmf_cal_v1:starter+monotone_pit_cdf_v1,ast:pmf_sim_v1+role_aware_pmf_cal_v1:starter+monotone_pit_cdf_v1]+prior_combo[joint_sampler_v1+joint_combo_pmf_v1+role_aware_pmf_cal_v1:starter+monotone_pit_cdf_v1]+stat_grid_final_component_convolution_mean_coherent_v1",phase8_role_aware_pmf_cal_v1+monotone_inactive_global_v1,pre_close,2026-05-23T20:47:49Z,d1ddc807#phase10c,bd27ab4a-bccb-407a-a984-d77d1d286e8a,ok,0.0,high,full,current_phase8,unknown,projected,derived_from_projected_minutes,15,0.0559
OG Anunoby,18,NYK,CLE,False,21713899,pa,starter,"stat_grid:component_convolution_mean_coherent_v1+components[pts:pmf_sim_v1+role_aware_pmf_cal_v1:starter+monotone_pit_cdf_v1,ast:pmf_sim_v1+role_aware_pmf_cal_v1:starter+monotone_pit_cdf_v1]+prior_combo[joint_sampler_v1+joint_combo_pmf_v1+role_aware_pmf_cal_v1:starter+monotone_pit_cdf_v1]+stat_grid_final_component_convolution_mean_coherent_v1",phase8_role_aware_pmf_cal_v1+monotone_inactive_global_v1,pre_close,2026-05-23T20:47:49Z,d1ddc807#phase10c,bd27ab4a-bccb-407a-a984-d77d1d286e8a,ok,0.0,high,full,current_phase8,unknown,projected,derived_from_projected_minutes,16,0.0593
OG Anunoby,18,NYK,CLE,False,21713899,pa,starter,"stat_grid:component_convolution_mean_coherent_v1+components[pts:pmf_sim_v1+role_aware_pmf_cal_v1:starter+monotone_pit_cdf_v1,ast:pmf_sim_v1+role_aware_pmf_cal_v1:starter+monotone_pit_cdf_v1]+prior_combo[joint_sampler_v1+joint_combo_pmf_v1+role_aware_pmf_cal_v1:starter+monotone_pit_cdf_v1]+stat_grid_final_component_convolution_mean_coherent_v1",phase8_role_aware_pmf_cal_v1+monotone_inactive_global_v1,pre_close,2026-05-23T20:47:49Z,d1ddc807#phase10c,bd27ab4a-bccb-407a-a984-d77d1d286e8a,ok,0.0,high,full,current_phase8,unknown,projected,derived_from_projected_minutes,17,0.0626
OG Anunoby,18,NYK,CLE,False,21713899,pa,starter,"stat_grid:component_convolution_mean_coherent_v1+components[pts:pmf_sim_v1+role_aware_pmf_cal_v1:starter+monotone_pit_cdf_v1,ast:pmf_sim_v1+role_aware_pmf_cal_v1:starter+monotone_pit_cdf_v1]+prior_combo[joint_sampler_v1+joint_combo_pmf_v1+role_aware_pmf_cal_v1:starter+monotone_pit_cdf_v1]+stat_grid_final_component_convolution_mean_coherent_v1",phase8_role_aware_pmf_cal_v1+monotone_inactive_global_v1,pre_close,2026-05-23T20:47:49Z,d1ddc807#phase10c,bd27ab4a-bccb-407a-a984-d77d1d286e8a,ok,0.0,high,full,current_phase8,unknown,projected,derived_from_projected_minutes,18,0.0695
OG Anunoby,18,NYK,CLE,False,21713899,pa,starter,"stat_grid:component_convolution_mean_coherent_v1+components[pts:pmf_sim_v1+role_aware_pmf_cal_v1:starter+monotone_pit_cdf_v1,ast:pmf_sim_v1+role_aware_pmf_cal_v1:starter+monotone_pit_cdf_v1]+prior_combo[joint_sampler_v1+joint_combo_pmf_v1+role_aware_pmf_cal_v1:starter+monotone_pit_cdf_v1]+stat_grid_final_component_convolution_mean_coherent_v1",phase8_role_aware_pmf_cal_v1+monotone_inactive_global_v1,pre_close,2026-05-23T20:47:49Z,d1ddc807#phase10c,bd27ab4a-bccb-407a-a984-d77d1d286e8a,ok,0.0,high,full,current_phase8,unknown,projected,derived_from_projected_minutes,19,0.0757
OG Anunoby,18,NYK,CLE,False,21713899,pa,starter,"stat_grid:component_convolution_mean_coherent_v1+components[pts:pmf_sim_v1+role_aware_pmf_cal_v1:starter+monotone_pit_cdf_v1,ast:pmf_sim_v1+role_aware_pmf_cal_v1:starter+monotone_pit_cdf_v1]+prior_combo[joint_sampler_v1+joint_combo_pmf_v1+role_aware_pmf_cal_v1:starter+monotone_pit_cdf_v1]+stat_grid_final_component_convolution_mean_coherent_v1",phase8_role_aware_pmf_cal_v1+monotone_inactive_global_v1,pre_close,2026-05-23T20:47:49Z,d1ddc807#phase10c,bd27ab4a-bccb-407a-a984-d77d1d286e8a,ok,0.0,high,full,current_phase8,unknown,projected,derived_from_projected_minutes,20,0.072
OG Anunoby,18,NYK,CLE,False,21713899,pa,starter,"stat_grid:component_convolution_mean_coherent_v1+components[pts:pmf_sim_v1+role_aware_pmf_cal_v1:starter+monotone_pit_cdf_v1,ast:pmf_sim_v1+role_aware_pmf_cal_v1:starter+monotone_pit_cdf_v1]+prior_combo[joint_sampler_v1+joint_combo_pmf_v1+role_aware_pmf_cal_v1:starter+monotone_pit_cdf_v1]+stat_grid_final_component_convolution_mean_coherent_v1",phase8_role_aware_pmf_cal_v1+monotone_inactive_global_v1,pre_close,2026-05-23T20:47:49Z,d1ddc807#phase10c,bd27ab4a-bccb-407a-a984-d77d1d286e8a,ok,0.0,high,full,current_phase8,unknown,projected,derived_from_projected_minutes,21,0.0587
OG Anunoby,18,NYK,CLE,False,21713899,pa,starter,"stat_grid:component_convolution_mean_coherent_v1+components[pts:pmf_sim_v1+role_aware_pmf_cal_v1:starter+monotone_pit_cdf_v1,ast:pmf_sim_v1+role_aware_pmf_cal_v1:starter+monotone_pit_cdf_v1]+prior_combo[joint_sampler_v1+joint_combo_pmf_v1+role_aware_pmf_cal_v1:starter+monotone_pit_cdf_v1]+stat_grid_final_component_convolution_mean_coherent_v1",phase8_role_aware_pmf_cal_v1+monotone_inactive_global_v1,pre_close,2026-05-23T20:47:49Z,d1ddc807#phase10c,bd27ab4a-bccb-407a-a984-d77d1d286e8a,ok,0.0,high,full,current_phase8,unknown,projected,derived_from_projected_minutes,22,0.0504
OG Anunoby,18,NYK,CLE,False,21713899,pa,starter,"stat_grid:component_convolution_mean_coherent_v1+components[pts:pmf_sim_v1+role_aware_pmf_cal_v1:starter+monotone_pit_cdf_v1,ast:pmf_sim_v1+role_aware_pmf_cal_v1:starter+monotone_pit_cdf_v1]+prior_combo[joint_sampler_v1+joint_combo_pmf_v1+role_aware_pmf_cal_v1:starter+monotone_pit_cdf_v1]+stat_grid_final_component_convolution_mean_coherent_v1",phase8_role_aware_pmf_cal_v1+monotone_inactive_global_v1,pre_close,2026-05-23T20:47:49Z,d1ddc807#phase10c,bd27ab4a-bccb-407a-a984-d77d1d286e8a,ok,0.0,high,full,current_phase8,unknown,projected,derived_from_projected_minutes,23,0.0495
OG Anunoby,18,NYK,CLE,False,21713899,pa,starter,"stat_grid:component_convolution_mean_coherent_v1+components[pts:pmf_sim_v1+role_aware_pmf_cal_v1:starter+monotone_pit_cdf_v1,ast:pmf_sim_v1+role_aware_pmf_cal_v1:starter+monotone_pit_cdf_v1]+prior_combo[joint_sampler_v1+joint_combo_pmf_v1+role_aware_pmf_cal_v1:starter+monotone_pit_cdf_v1]+stat_grid_final_component_convolution_mean_coherent_v1",phase8_role_aware_pmf_cal_v1+monotone_inactive_global_v1,pre_close,2026-05-23T20:47:49Z,d1ddc807#phase10c,bd27ab4a-bccb-407a-a984-d77d1d286e8a,ok,0.0,high,full,current_phase8,unknown,projected,derived_from_projected_minutes,24,0.047
OG Anunoby,18,NYK,CLE,False,21713899,pa,starter,"stat_grid:component_convolution_mean_coherent_v1+components[pts:pmf_sim_v1+role_aware_pmf_cal_v1:starter+monotone_pit_cdf_v1,ast:pmf_sim_v1+role_aware_pmf_cal_v1:starter+monotone_pit_cdf_v1]+prior_combo[joint_sampler_v1+joint_combo_pmf_v1+role_aware_pmf_cal_v1:starter+monotone_pit_cdf_v1]+stat_grid_final_component_convolution_mean_coherent_v1",phase8_role_aware_pmf_cal_v1+monotone_inactive_global_v1,pre_close,2026-05-23T20:47:49Z,d1ddc807#phase10c,bd27ab4a-bccb-407a-a984-d77d1d286e8a,ok,0.0,high,full,current_phase8,unknown,projected,derived_from_projected_minutes,25,0.0386
OG Anunoby,18,NYK,CLE,False,21713899,pa,starter,"stat_grid:component_convolution_mean_coherent_v1+components[pts:pmf_sim_v1+role_aware_pmf_cal_v1:starter+monotone_pit_cdf_v1,ast:pmf_sim_v1+role_aware_pmf_cal_v1:starter+monotone_pit_cdf_v1]+prior_combo[joint_sampler_v1+joint_combo_pmf_v1+role_aware_pmf_cal_v1:starter+monotone_pit_cdf_v1]+stat_grid_final_component_convolution_mean_coherent_v1",phase8_role_aware_pmf_cal_v1+monotone_inactive_global_v1,pre_close,2026-05-23T20:47:49Z,d1ddc807#phase10c,bd27ab4a-bccb-407a-a984-d77d1d286e8a,ok,0.0,high,full,current_phase8,unknown,projected,derived_from_projected_minutes,26,0.0283
OG Anunoby,18,NYK,CLE,False,21713899,pa,starter,"stat_grid:component_convolution_mean_coherent_v1+components[pts:pmf_sim_v1+role_aware_pmf_cal_v1:starter+monotone_pit_cdf_v1,ast:pmf_sim_v1+role_aware_pmf_cal_v1:starter+monotone_pit_cdf_v1]+prior_combo[joint_sampler_v1+joint_combo_pmf_v1+role_aware_pmf_cal_v1:starter+monotone_pit_cdf_v1]+stat_grid_final_component_convolution_mean_coherent_v1",phase8_role_aware_pmf_cal_v1+monotone_inactive_global_v1,pre_close,2026-05-23T20:47:49Z,d1ddc807#phase10c,bd27ab4a-bccb-407a-a984-d77d1d286e8a,ok,0.0,high,full,current_phase8,unknown,projected,derived_from_projected_minutes,27,0.021
OG Anunoby,18,NYK,CLE,False,21713899,pa,starter,"stat_grid:component_convolution_mean_coherent_v1+components[pts:pmf_sim_v1+role_aware_pmf_cal_v1:starter+monotone_pit_cdf_v1,ast:pmf_sim_v1+role_aware_pmf_cal_v1:starter+monotone_pit_cdf_v1]+prior_combo[joint_sampler_v1+joint_combo_pmf_v1+role_aware_pmf_cal_v1:starter+monotone_pit_cdf_v1]+stat_grid_final_component_convolution_mean_coherent_v1",phase8_role_aware_pmf_cal_v1+monotone_inactive_global_v1,pre_close,2026-05-23T20:47:49Z,d1ddc807#phase10c,bd27ab4a-bccb-407a-a984-d77d1d286e8a,ok,0.0,high,full,current_phase8,unknown,projected,derived_from_projected_minutes,28,0.0168
OG Anunoby,18,NYK,CLE,False,21713899,pa,starter,"stat_grid:component_convolution_mean_coherent_v1+components[pts:pmf_sim_v1+role_aware_pmf_cal_v1:starter+monotone_pit_cdf_v1,ast:pmf_sim_v1+role_aware_pmf_cal_v1:starter+monotone_pit_cdf_v1]+prior_combo[joint_sampler_v1+joint_combo_pmf_v1+role_aware_pmf_cal_v1:starter+monotone_pit_cdf_v1]+stat_grid_final_component_convolution_mean_coherent_v1",phase8_role_aware_pmf_cal_v1+monotone_inactive_global_v1,pre_close,2026-05-23T20:47:49Z,d1ddc807#phase10c,bd27ab4a-bccb-407a-a984-d77d1d286e8a,ok,0.0,high,full,current_phase8,unknown,projected,derived_from_projected_minutes,29,0.0136
OG Anunoby,18,NYK,CLE,False,21713899,pa,starter,"stat_grid:component_convolution_mean_coherent_v1+components[pts:pmf_sim_v1+role_aware_pmf_cal_v1:starter+monotone_pit_cdf_v1,ast:pmf_sim_v1+role_aware_pmf_cal_v1:starter+monotone_pit_cdf_v1]+prior_combo[joint_sampler_v1+joint_combo_pmf_v1+role_aware_pmf_cal_v1:starter+monotone_pit_cdf_v1]+stat_grid_final_component_convolution_mean_coherent_v1",phase8_role_aware_pmf_cal_v1+monotone_inactive_global_v1,pre_close,2026-05-23T20:47:49Z,d1ddc807#phase10c,bd27ab4a-bccb-407a-a984-d77d1d286e8a,ok,0.0,high,full,current_phase8,unknown,projected,derived_from_projected_minutes,30,0.0104
OG Anunoby,18,NYK,CLE,False,21713899,pa,starter,"stat_grid:component_convolution_mean_coherent_v1+components[pts:pmf_sim_v1+role_aware_pmf_cal_v1:starter+monotone_pit_cdf_v1,ast:pmf_sim_v1+role_aware_pmf_cal_v1:starter+monotone_pit_cdf_v1]+prior_combo[joint_sampler_v1+joint_combo_pmf_v1+role_aware_pmf_cal_v1:starter+monotone_pit_cdf_v1]+stat_grid_final_component_convolution_mean_coherent_v1",phase8_role_aware_pmf_cal_v1+monotone_inactive_global_v1,pre_close,2026-05-23T20:47:49Z,d1ddc807#phase10c,bd27ab4a-bccb-407a-a984-d77d1d286e8a,ok,0.0,high,full,current_phase8,unknown,projected,derived_from_projected_minutes,31,0.0078
OG Anunoby,18,NYK,CLE,False,21713899,pa,starter,"stat_grid:component_convolution_mean_coherent_v1+components[pts:pmf_sim_v1+role_aware_pmf_cal_v1:starter+monotone_pit_cdf_v1,ast:pmf_sim_v1+role_aware_pmf_cal_v1:starter+monotone_pit_cdf_v1]+prior_combo[joint_sampler_v1+joint_combo_pmf_v1+role_aware_pmf_cal_v1:starter+monotone_pit_cdf_v1]+stat_grid_final_component_convolution_mean_coherent_v1",phase8_role_aware_pmf_cal_v1+monotone_inactive_global_v1,pre_close,2026-05-23T20:47:49Z,d1ddc807#phase10c,bd27ab4a-bccb-407a-a984-d77d1d286e8a,ok,0.0,high,full,current_phase8,unknown,projected,derived_from_projected_minutes,32,0.0064
OG Anunoby,18,NYK,CLE,False,21713899,pa,starter,"stat_grid:component_convolution_mean_coherent_v1+components[pts:pmf_sim_v1+role_aware_pmf_cal_v1:starter+monotone_pit_cdf_v1,ast:pmf_sim_v1+role_aware_pmf_cal_v1:starter+monotone_pit_cdf_v1]+prior_combo[joint_sampler_v1+joint_combo_pmf_v1+role_aware_pmf_cal_v1:starter+monotone_pit_cdf_v1]+stat_grid_final_component_convolution_mean_coherent_v1",phase8_role_aware_pmf_cal_v1+monotone_inactive_global_v1,pre_close,2026-05-23T20:47:49Z,d1ddc807#phase10c,bd27ab4a-bccb-407a-a984-d77d1d286e8a,ok,0.0,high,full,current_phase8,unknown,projected,derived_from_projected_minutes,33,0.0058
OG Anunoby,18,NYK,CLE,False,21713899,pa,starter,"stat_grid:component_convolution_mean_coherent_v1+components[pts:pmf_sim_v1+role_aware_pmf_cal_v1:starter+monotone_pit_cdf_v1,ast:pmf_sim_v1+role_aware_pmf_cal_v1:starter+monotone_pit_cdf_v1]+prior_combo[joint_sampler_v1+joint_combo_pmf_v1+role_aware_pmf_cal_v1:starter+monotone_pit_cdf_v1]+stat_grid_final_component_convolution_mean_coherent_v1",phase8_role_aware_pmf_cal_v1+monotone_inactive_global_v1,pre_close,2026-05-23T20:47:49Z,d1ddc807#phase10c,bd27ab4a-bccb-407a-a984-d77d1d286e8a,ok,0.0,high,full,current_phase8,unknown,projected,derived_from_projected_minutes,34,0.0052
OG Anunoby,18,NYK,CLE,False,21713899,pa,starter,"stat_grid:component_convolution_mean_coherent_v1+components[pts:pmf_sim_v1+role_aware_pmf_cal_v1:starter+monotone_pit_cdf_v1,ast:pmf_sim_v1+role_aware_pmf_cal_v1:starter+monotone_pit_cdf_v1]+prior_combo[joint_sampler_v1+joint_combo_pmf_v1+role_aware_pmf_cal_v1:starter+monotone_pit_cdf_v1]+stat_grid_final_component_convolution_mean_coherent_v1",phase8_role_aware_pmf_cal_v1+monotone_inactive_global_v1,pre_close,2026-05-23T20:47:49Z,d1ddc807#phase10c,bd27ab4a-bccb-407a-a984-d77d1d286e8a,ok,0.0,high,full,current_phase8,unknown,projected,derived_from_projected_minutes,35,0.0042
OG Anunoby,18,NYK,CLE,False,21713899,pa,starter,"stat_grid:component_convolution_mean_coherent_v1+components[pts:pmf_sim_v1+role_aware_pmf_cal_v1:starter+monotone_pit_cdf_v1,ast:pmf_sim_v1+role_aware_pmf_cal_v1:starter+monotone_pit_cdf_v1]+prior_combo[joint_sampler_v1+joint_combo_pmf_v1+role_aware_pmf_cal_v1:starter+monotone_pit_cdf_v1]+stat_grid_final_component_convolution_mean_coherent_v1",phase8_role_aware_pmf_cal_v1+monotone_inactive_global_v1,pre_close,2026-05-23T20:47:49Z,d1ddc807#phase10c,bd27ab4a-bccb-407a-a984-d77d1d286e8a,ok,0.0,high,full,current_phase8,unknown,projected,derived_from_projected_minutes,36,0.0031
OG Anunoby,18,NYK,CLE,False,21713899,pa,starter,"stat_grid:component_convolution_mean_coherent_v1+components[pts:pmf_sim_v1+role_aware_pmf_cal_v1:starter+monotone_pit_cdf_v1,ast:pmf_sim_v1+role_aware_pmf_cal_v1:starter+monotone_pit_cdf_v1]+prior_combo[joint_sampler_v1+joint_combo_pmf_v1+role_aware_pmf_cal_v1:starter+monotone_pit_cdf_v1]+stat_grid_final_component_convolution_mean_coherent_v1",phase8_role_aware_pmf_cal_v1+monotone_inactive_global_v1,pre_close,2026-05-23T20:47:49Z,d1ddc807#phase10c,bd27ab4a-bccb-407a-a984-d77d1d286e8a,ok,0.0,high,full,current_phase8,unknown,projected,derived_from_projected_minutes,37,0.002
OG Anunoby,18,NYK,CLE,False,21713899,pa,starter,"stat_grid:component_convolution_mean_coherent_v1+components[pts:pmf_sim_v1+role_aware_pmf_cal_v1:starter+monotone_pit_cdf_v1,ast:pmf_sim_v1+role_aware_pmf_cal_v1:starter+monotone_pit_cdf_v1]+prior_combo[joint_sampler_v1+joint_combo_pmf_v1+role_aware_pmf_cal_v1:starter+monotone_pit_cdf_v1]+stat_grid_final_component_convolution_mean_coherent_v1",phase8_role_aware_pmf_cal_v1+monotone_inactive_global_v1,pre_close,2026-05-23T20:47:49Z,d1ddc807#phase10c,bd27ab4a-bccb-407a-a984-d77d1d286e8a,ok,0.0,high,full,current_phase8,unknown,projected,derived_from_projected_minutes,38,0.0012
OG Anunoby,18,NYK,CLE,False,21713899,pa,starter,"stat_grid:component_convolution_mean_coherent_v1+components[pts:pmf_sim_v1+role_aware_pmf_cal_v1:starter+monotone_pit_cdf_v1,ast:pmf_sim_v1+role_aware_pmf_cal_v1:starter+monotone_pit_cdf_v1]+prior_combo[joint_sampler_v1+joint_combo_pmf_v1+role_aware_pmf_cal_v1:starter+monotone_pit_cdf_v1]+stat_grid_final_component_convolution_mean_coherent_v1",phase8_role_aware_pmf_cal_v1+monotone_inactive_global_v1,pre_close,2026-05-23T20:47:49Z,d1ddc807#phase10c,bd27ab4a-bccb-407a-a984-d77d1d286e8a,ok,0.0,high,full,current_phase8,unknown,projected,derived_from_projected_minutes,39,0.0007
OG Anunoby,18,NYK,CLE,False,21713899,pa,starter,"stat_grid:component_convolution_mean_coherent_v1+components[pts:pmf_sim_v1+role_aware_pmf_cal_v1:starter+monotone_pit_cdf_v1,ast:pmf_sim_v1+role_aware_pmf_cal_v1:starter+monotone_pit_cdf_v1]+prior_combo[joint_sampler_v1+joint_combo_pmf_v1+role_aware_pmf_cal_v1:starter+monotone_pit_cdf_v1]+stat_grid_final_component_convolution_mean_coherent_v1",phase8_role_aware_pmf_cal_v1+monotone_inactive_global_v1,pre_close,2026-05-23T20:47:49Z,d1ddc807#phase10c,bd27ab4a-bccb-407a-a984-d77d1d286e8a,ok,0.0,high,full,current_phase8,unknown,projected,derived_from_projected_minutes,40,0.0004
OG Anunoby,18,NYK,CLE,False,21713899,pa,starter,"stat_grid:component_convolution_mean_coherent_v1+components[pts:pmf_sim_v1+role_aware_pmf_cal_v1:starter+monotone_pit_cdf_v1,ast:pmf_sim_v1+role_aware_pmf_cal_v1:starter+monotone_pit_cdf_v1]+prior_combo[joint_sampler_v1+joint_combo_pmf_v1+role_aware_pmf_cal_v1:starter+monotone_pit_cdf_v1]+stat_grid_final_component_convolution_mean_coherent_v1",phase8_role_aware_pmf_cal_v1+monotone_inactive_global_v1,pre_close,2026-05-23T20:47:49Z,d1ddc807#phase10c,bd27ab4a-bccb-407a-a984-d77d1d286e8a,ok,0.0,high,full,current_phase8,unknown,projected,derived_from_projected_minutes,41,0.0002
OG Anunoby,18,NYK,CLE,False,21713899,pa,starter,"stat_grid:component_convolution_mean_coherent_v1+components[pts:pmf_sim_v1+role_aware_pmf_cal_v1:starter+monotone_pit_cdf_v1,ast:pmf_sim_v1+role_aware_pmf_cal_v1:starter+monotone_pit_cdf_v1]+prior_combo[joint_sampler_v1+joint_combo_pmf_v1+role_aware_pmf_cal_v1:starter+monotone_pit_cdf_v1]+stat_grid_final_component_convolution_mean_coherent_v1",phase8_role_aware_pmf_cal_v1+monotone_inactive_global_v1,pre_close,2026-05-23T20:47:49Z,d1ddc807#phase10c,bd27ab4a-bccb-407a-a984-d77d1d286e8a,ok,0.0,high,full,current_phase8,unknown,projected,derived_from_projected_minutes,42,0.0002
OG Anunoby,18,NYK,CLE,False,21713899,pa,starter,"stat_grid:component_convolution_mean_coherent_v1+components[pts:pmf_sim_v1+role_aware_pmf_cal_v1:starter+monotone_pit_cdf_v1,ast:pmf_sim_v1+role_aware_pmf_cal_v1:starter+monotone_pit_cdf_v1]+prior_combo[joint_sampler_v1+joint_combo_pmf_v1+role_aware_pmf_cal_v1:starter+monotone_pit_cdf_v1]+stat_grid_final_component_convolution_mean_coherent_v1",phase8_role_aware_pmf_cal_v1+monotone_inactive_global_v1,pre_close,2026-05-23T20:47:49Z,d1ddc807#phase10c,bd27ab4a-bccb-407a-a984-d77d1d286e8a,ok,0.0,high,full,current_phase8,unknown,projected,derived_from_projected_minutes,43,0.0002
OG Anunoby,18,NYK,CLE,False,21713899,pa,starter,"stat_grid:component_convolution_mean_coherent_v1+components[pts:pmf_sim_v1+role_aware_pmf_cal_v1:starter+monotone_pit_cdf_v1,ast:pmf_sim_v1+role_aware_pmf_cal_v1:starter+monotone_pit_cdf_v1]+prior_combo[joint_sampler_v1+joint_combo_pmf_v1+role_aware_pmf_cal_v1:starter+monotone_pit_cdf_v1]+stat_grid_final_component_convolution_mean_coherent_v1",phase8_role_aware_pmf_cal_v1+monotone_inactive_global_v1,pre_close,2026-05-23T20:47:49Z,d1ddc807#phase10c,bd27ab4a-bccb-407a-a984-d77d1d286e8a,ok,0.0,high,full,current_phase8,unknown,projected,derived_from_projected_minutes,44,0.0001
OG Anunoby,18,NYK,CLE,False,21713899,pa,starter,"stat_grid:component_convolution_mean_coherent_v1+components[pts:pmf_sim_v1+role_aware_pmf_cal_v1:starter+monotone_pit_cdf_v1,ast:pmf_sim_v1+role_aware_pmf_cal_v1:starter+monotone_pit_cdf_v1]+prior_combo[joint_sampler_v1+joint_combo_pmf_v1+role_aware_pmf_cal_v1:starter+monotone_pit_cdf_v1]+stat_grid_final_component_convolution_mean_coherent_v1",phase8_role_aware_pmf_cal_v1+monotone_inactive_global_v1,pre_close,2026-05-23T20:47:49Z,d1ddc807#phase10c,bd27ab4a-bccb-407a-a984-d77d1d286e8a,ok,0.0,high,full,current_phase8,unknown,projected,derived_from_projected_minutes,45,0.0001
OG Anunoby,18,NYK,CLE,False,21713899,pa,starter,"stat_grid:component_convolution_mean_coherent_v1+components[pts:pmf_sim_v1+role_aware_pmf_cal_v1:starter+monotone_pit_cdf_v1,ast:pmf_sim_v1+role_aware_pmf_cal_v1:starter+monotone_pit_cdf_v1]+prior_combo[joint_sampler_v1+joint_combo_pmf_v1+role_aware_pmf_cal_v1:starter+monotone_pit_cdf_v1]+stat_grid_final_component_convolution_mean_coherent_v1",phase8_role_aware_pmf_cal_v1+monotone_inactive_global_v1,pre_close,2026-05-23T20:47:49Z,d1ddc807#phase10c,bd27ab4a-bccb-407a-a984-d77d1d286e8a,ok,0.0,high,full,current_phase8,unknown,projected,derived_from_projected_minutes,46,0.0
OG Anunoby,18,NYK,CLE,False,21713899,pa,starter,"stat_grid:component_convolution_mean_coherent_v1+components[pts:pmf_sim_v1+role_aware_pmf_cal_v1:starter+monotone_pit_cdf_v1,ast:pmf_sim_v1+role_aware_pmf_cal_v1:starter+monotone_pit_cdf_v1]+prior_combo[joint_sampler_v1+joint_combo_pmf_v1+role_aware_pmf_cal_v1:starter+monotone_pit_cdf_v1]+stat_grid_final_component_convolution_mean_coherent_v1",phase8_role_aware_pmf_cal_v1+monotone_inactive_global_v1,pre_close,2026-05-23T20:47:49Z,d1ddc807#phase10c,bd27ab4a-bccb-407a-a984-d77d1d286e8a,ok,0.0,high,full,current_phase8,unknown,projected,derived_from_projected_minutes,47,0.0
OG Anunoby,18,NYK,CLE,False,21713899,pa,starter,"stat_grid:component_convolution_mean_coherent_v1+components[pts:pmf_sim_v1+role_aware_pmf_cal_v1:starter+monotone_pit_cdf_v1,ast:pmf_sim_v1+role_aware_pmf_cal_v1:starter+monotone_pit_cdf_v1]+prior_combo[joint_sampler_v1+joint_combo_pmf_v1+role_aware_pmf_cal_v1:starter+monotone_pit_cdf_v1]+stat_grid_final_component_convolution_mean_coherent_v1",phase8_role_aware_pmf_cal_v1+monotone_inactive_global_v1,pre_close,2026-05-23T20:47:49Z,d1ddc807#phase10c,bd27ab4a-bccb-407a-a984-d77d1d286e8a,ok,0.0,high,full,current_phase8,unknown,projected,derived_from_projected_minutes,48,0.0
OG Anunoby,18,NYK,CLE,False,21713899,pa,starter,"stat_grid:component_convolution_mean_coherent_v1+components[pts:pmf_sim_v1+role_aware_pmf_cal_v1:starter+monotone_pit_cdf_v1,ast:pmf_sim_v1+role_aware_pmf_cal_v1:starter+monotone_pit_cdf_v1]+prior_combo[joint_sampler_v1+joint_combo_pmf_v1+role_aware_pmf_cal_v1:starter+monotone_pit_cdf_v1]+stat_grid_final_component_convolution_mean_coherent_v1",phase8_role_aware_pmf_cal_v1+monotone_inactive_global_v1,pre_close,2026-05-23T20:47:49Z,d1ddc807#phase10c,bd27ab4a-bccb-407a-a984-d77d1d286e8a,ok,0.0,high,full,current_phase8,unknown,projected,derived_from_projected_minutes,49,0.0
OG Anunoby,18,NYK,CLE,False,21713899,pa,starter,"stat_grid:component_convolution_mean_coherent_v1+components[pts:pmf_sim_v1+role_aware_pmf_cal_v1:starter+monotone_pit_cdf_v1,ast:pmf_sim_v1+role_aware_pmf_cal_v1:starter+monotone_pit_cdf_v1]+prior_combo[joint_sampler_v1+joint_combo_pmf_v1+role_aware_pmf_cal_v1:starter+monotone_pit_cdf_v1]+stat_grid_final_component_convolution_mean_coherent_v1",phase8_role_aware_pmf_cal_v1+monotone_inactive_global_v1,pre_close,2026-05-23T20:47:49Z,d1ddc807#phase10c,bd27ab4a-bccb-407a-a984-d77d1d286e8a,ok,0.0,high,full,current_phase8,unknown,projected,derived_from_projected_minutes,50,0.0
OG Anunoby,18,NYK,CLE,False,21713899,pa,starter,"stat_grid:component_convolution_mean_coherent_v1+components[pts:pmf_sim_v1+role_aware_pmf_cal_v1:starter+monotone_pit_cdf_v1,ast:pmf_sim_v1+role_aware_pmf_cal_v1:starter+monotone_pit_cdf_v1]+prior_combo[joint_sampler_v1+joint_combo_pmf_v1+role_aware_pmf_cal_v1:starter+monotone_pit_cdf_v1]+stat_grid_final_component_convolution_mean_coherent_v1",phase8_role_aware_pmf_cal_v1+monotone_inactive_global_v1,pre_close,2026-05-23T20:47:49Z,d1ddc807#phase10c,bd27ab4a-bccb-407a-a984-d77d1d286e8a,ok,0.0,high,full,current_phase8,unknown,projected,derived_from_projected_minutes,51,0.0
OG Anunoby,18,NYK,CLE,False,21713899,pa,starter,"stat_grid:component_convolution_mean_coherent_v1+components[pts:pmf_sim_v1+role_aware_pmf_cal_v1:starter+monotone_pit_cdf_v1,ast:pmf_sim_v1+role_aware_pmf_cal_v1:starter+monotone_pit_cdf_v1]+prior_combo[joint_sampler_v1+joint_combo_pmf_v1+role_aware_pmf_cal_v1:starter+monotone_pit_cdf_v1]+stat_grid_final_component_convolution_mean_coherent_v1",phase8_role_aware_pmf_cal_v1+monotone_inactive_global_v1,pre_close,2026-05-23T20:47:49Z,d1ddc807#phase10c,bd27ab4a-bccb-407a-a984-d77d1d286e8a,ok,0.0,high,full,current_phase8,unknown,projected,derived_from_projected_minutes,52,0.0
OG Anunoby,18,NYK,CLE,False,21713899,pa,starter,"stat_grid:component_convolution_mean_coherent_v1+components[pts:pmf_sim_v1+role_aware_pmf_cal_v1:starter+monotone_pit_cdf_v1,ast:pmf_sim_v1+role_aware_pmf_cal_v1:starter+monotone_pit_cdf_v1]+prior_combo[joint_sampler_v1+joint_combo_pmf_v1+role_aware_pmf_cal_v1:starter+monotone_pit_cdf_v1]+stat_grid_final_component_convolution_mean_coherent_v1",phase8_role_aware_pmf_cal_v1+monotone_inactive_global_v1,pre_close,2026-05-23T20:47:49Z,d1ddc807#phase10c,bd27ab4a-bccb-407a-a984-d77d1d286e8a,ok,0.0,high,full,current_phase8,unknown,projected,derived_from_projected_minutes,53,0.0
OG Anunoby,18,NYK,CLE,False,21713899,pa,starter,"stat_grid:component_convolution_mean_coherent_v1+components[pts:pmf_sim_v1+role_aware_pmf_cal_v1:starter+monotone_pit_cdf_v1,ast:pmf_sim_v1+role_aware_pmf_cal_v1:starter+monotone_pit_cdf_v1]+prior_combo[joint_sampler_v1+joint_combo_pmf_v1+role_aware_pmf_cal_v1:starter+monotone_pit_cdf_v1]+stat_grid_final_component_convolution_mean_coherent_v1",phase8_role_aware_pmf_cal_v1+monotone_inactive_global_v1,pre_close,2026-05-23T20:47:49Z,d1ddc807#phase10c,bd27ab4a-bccb-407a-a984-d77d1d286e8a,ok,0.0,high,full,current_phase8,unknown,projected,derived_from_projected_minutes,54,0.0
OG Anunoby,18,NYK,CLE,False,21713899,pa,starter,"stat_grid:component_convolution_mean_coherent_v1+components[pts:pmf_sim_v1+role_aware_pmf_cal_v1:starter+monotone_pit_cdf_v1,ast:pmf_sim_v1+role_aware_pmf_cal_v1:starter+monotone_pit_cdf_v1]+prior_combo[joint_sampler_v1+joint_combo_pmf_v1+role_aware_pmf_cal_v1:starter+monotone_pit_cdf_v1]+stat_grid_final_component_convolution_mean_coherent_v1",phase8_role_aware_pmf_cal_v1+monotone_inactive_global_v1,pre_close,2026-05-23T20:47:49Z,d1ddc807#phase10c,bd27ab4a-bccb-407a-a984-d77d1d286e8a,ok,0.0,high,full,current_phase8,unknown,projected,derived_from_projected_minutes,55,0.0
OG Anunoby,18,NYK,CLE,False,21713899,pa,starter,"stat_grid:component_convolution_mean_coherent_v1+components[pts:pmf_sim_v1+role_aware_pmf_cal_v1:starter+monotone_pit_cdf_v1,ast:pmf_sim_v1+role_aware_pmf_cal_v1:starter+monotone_pit_cdf_v1]+prior_combo[joint_sampler_v1+joint_combo_pmf_v1+role_aware_pmf_cal_v1:starter+monotone_pit_cdf_v1]+stat_grid_final_component_convolution_mean_coherent_v1",phase8_role_aware_pmf_cal_v1+monotone_inactive_global_v1,pre_close,2026-05-23T20:47:49Z,d1ddc807#phase10c,bd27ab4a-bccb-407a-a984-d77d1d286e8a,ok,0.0,high,full,current_phase8,unknown,projected,derived_from_projected_minutes,56,0.0
OG Anunoby,18,NYK,CLE,False,21713899,pa,starter,"stat_grid:component_convolution_mean_coherent_v1+components[pts:pmf_sim_v1+role_aware_pmf_cal_v1:starter+monotone_pit_cdf_v1,ast:pmf_sim_v1+role_aware_pmf_cal_v1:starter+monotone_pit_cdf_v1]+prior_combo[joint_sampler_v1+joint_combo_pmf_v1+role_aware_pmf_cal_v1:starter+monotone_pit_cdf_v1]+stat_grid_final_component_convolution_mean_coherent_v1",phase8_role_aware_pmf_cal_v1+monotone_inactive_global_v1,pre_close,2026-05-23T20:47:49Z,d1ddc807#phase10c,bd27ab4a-bccb-407a-a984-d77d1d286e8a,ok,0.0,high,full,current_phase8,unknown,projected,derived_from_projected_minutes,57,0.0
OG Anunoby,18,NYK,CLE,False,21713899,pa,starter,"stat_grid:component_convolution_mean_coherent_v1+components[pts:pmf_sim_v1+role_aware_pmf_cal_v1:starter+monotone_pit_cdf_v1,ast:pmf_sim_v1+role_aware_pmf_cal_v1:starter+monotone_pit_cdf_v1]+prior_combo[joint_sampler_v1+joint_combo_pmf_v1+role_aware_pmf_cal_v1:starter+monotone_pit_cdf_v1]+stat_grid_final_component_convolution_mean_coherent_v1",phase8_role_aware_pmf_cal_v1+monotone_inactive_global_v1,pre_close,2026-05-23T20:47:49Z,d1ddc807#phase10c,bd27ab4a-bccb-407a-a984-d77d1d286e8a,ok,0.0,high,full,current_phase8,unknown,projected,derived_from_projected_minutes,58,0.0
OG Anunoby,18,NYK,CLE,False,21713899,pa,starter,"stat_grid:component_convolution_mean_coherent_v1+components[pts:pmf_sim_v1+role_aware_pmf_cal_v1:starter+monotone_pit_cdf_v1,ast:pmf_sim_v1+role_aware_pmf_cal_v1:starter+monotone_pit_cdf_v1]+prior_combo[joint_sampler_v1+joint_combo_pmf_v1+role_aware_pmf_cal_v1:starter+monotone_pit_cdf_v1]+stat_grid_final_component_convolution_mean_coherent_v1",phase8_role_aware_pmf_cal_v1+monotone_inactive_global_v1,pre_close,2026-05-23T20:47:49Z,d1ddc807#phase10c,bd27ab4a-bccb-407a-a984-d77d1d286e8a,ok,0.0,high,full,current_phase8,unknown,projected,derived_from_projected_minutes,59,0.0
OG Anunoby,18,NYK,CLE,False,21713899,pa,starter,"stat_grid:component_convolution_mean_coherent_v1+components[pts:pmf_sim_v1+role_aware_pmf_cal_v1:starter+monotone_pit_cdf_v1,ast:pmf_sim_v1+role_aware_pmf_cal_v1:starter+monotone_pit_cdf_v1]+prior_combo[joint_sampler_v1+joint_combo_pmf_v1+role_aware_pmf_cal_v1:starter+monotone_pit_cdf_v1]+stat_grid_final_component_convolution_mean_coherent_v1",phase8_role_aware_pmf_cal_v1+monotone_inactive_global_v1,pre_close,2026-05-23T20:47:49Z,d1ddc807#phase10c,bd27ab4a-bccb-407a-a984-d77d1d286e8a,ok,0.0,high,full,current_phase8,unknown,projected,derived_from_projected_minutes,60,0.0
OG Anunoby,18,NYK,CLE,False,21713899,pa,starter,"stat_grid:component_convolution_mean_coherent_v1+components[pts:pmf_sim_v1+role_aware_pmf_cal_v1:starter+monotone_pit_cdf_v1,ast:pmf_sim_v1+role_aware_pmf_cal_v1:starter+monotone_pit_cdf_v1]+prior_combo[joint_sampler_v1+joint_combo_pmf_v1+role_aware_pmf_cal_v1:starter+monotone_pit_cdf_v1]+stat_grid_final_component_convolution_mean_coherent_v1",phase8_role_aware_pmf_cal_v1+monotone_inactive_global_v1,pre_close,2026-05-23T20:47:49Z,d1ddc807#phase10c,bd27ab4a-bccb-407a-a984-d77d1d286e8a,ok,0.0,high,full,current_phase8,unknown,projected,derived_from_projected_minutes,61,0.0
OG Anunoby,18,NYK,CLE,False,21713899,pa,starter,"stat_grid:component_convolution_mean_coherent_v1+components[pts:pmf_sim_v1+role_aware_pmf_cal_v1:starter+monotone_pit_cdf_v1,ast:pmf_sim_v1+role_aware_pmf_cal_v1:starter+monotone_pit_cdf_v1]+prior_combo[joint_sampler_v1+joint_combo_pmf_v1+role_aware_pmf_cal_v1:starter+monotone_pit_cdf_v1]+stat_grid_final_component_convolution_mean_coherent_v1",phase8_role_aware_pmf_cal_v1+monotone_inactive_global_v1,pre_close,2026-05-23T20:47:49Z,d1ddc807#phase10c,bd27ab4a-bccb-407a-a984-d77d1d286e8a,ok,0.0,high,full,current_phase8,unknown,projected,derived_from_projected_minutes,62,0.0
OG Anunoby,18,NYK,CLE,False,21713899,pa,starter,"stat_grid:component_convolution_mean_coherent_v1+components[pts:pmf_sim_v1+role_aware_pmf_cal_v1:starter+monotone_pit_cdf_v1,ast:pmf_sim_v1+role_aware_pmf_cal_v1:starter+monotone_pit_cdf_v1]+prior_combo[joint_sampler_v1+joint_combo_pmf_v1+role_aware_pmf_cal_v1:starter+monotone_pit_cdf_v1]+stat_grid_final_component_convolution_mean_coherent_v1",phase8_role_aware_pmf_cal_v1+monotone_inactive_global_v1,pre_close,2026-05-23T20:47:49Z,d1ddc807#phase10c,bd27ab4a-bccb-407a-a984-d77d1d286e8a,ok,0.0,high,full,current_phase8,unknown,projected,derived_from_projected_minutes,63,0.0
OG Anunoby,18,NYK,CLE,False,21713899,pa,starter,"stat_grid:component_convolution_mean_coherent_v1+components[pts:pmf_sim_v1+role_aware_pmf_cal_v1:starter+monotone_pit_cdf_v1,ast:pmf_sim_v1+role_aware_pmf_cal_v1:starter+monotone_pit_cdf_v1]+prior_combo[joint_sampler_v1+joint_combo_pmf_v1+role_aware_pmf_cal_v1:starter+monotone_pit_cdf_v1]+stat_grid_final_component_convolution_mean_coherent_v1",phase8_role_aware_pmf_cal_v1+monotone_inactive_global_v1,pre_close,2026-05-23T20:47:49Z,d1ddc807#phase10c,bd27ab4a-bccb-407a-a984-d77d1d286e8a,ok,0.0,high,full,current_phase8,unknown,projected,derived_from_projected_minutes,64,0.0
OG Anunoby,18,NYK,CLE,False,21713899,pa,starter,"stat_grid:component_convolution_mean_coherent_v1+components[pts:pmf_sim_v1+role_aware_pmf_cal_v1:starter+monotone_pit_cdf_v1,ast:pmf_sim_v1+role_aware_pmf_cal_v1:starter+monotone_pit_cdf_v1]+prior_combo[joint_sampler_v1+joint_combo_pmf_v1+role_aware_pmf_cal_v1:starter+monotone_pit_cdf_v1]+stat_grid_final_component_convolution_mean_coherent_v1",phase8_role_aware_pmf_cal_v1+monotone_inactive_global_v1,pre_close,2026-05-23T20:47:49Z,d1ddc807#phase10c,bd27ab4a-bccb-407a-a984-d77d1d286e8a,ok,0.0,high,full,current_phase8,unknown,projected,derived_from_projected_minutes,65,0.0
OG Anunoby,18,NYK,CLE,False,21713899,pa,starter,"stat_grid:component_convolution_mean_coherent_v1+components[pts:pmf_sim_v1+role_aware_pmf_cal_v1:starter+monotone_pit_cdf_v1,ast:pmf_sim_v1+role_aware_pmf_cal_v1:starter+monotone_pit_cdf_v1]+prior_combo[joint_sampler_v1+joint_combo_pmf_v1+role_aware_pmf_cal_v1:starter+monotone_pit_cdf_v1]+stat_grid_final_component_convolution_mean_coherent_v1",phase8_role_aware_pmf_cal_v1+monotone_inactive_global_v1,pre_close,2026-05-23T20:47:49Z,d1ddc807#phase10c,bd27ab4a-bccb-407a-a984-d77d1d286e8a,ok,0.0,high,full,current_phase8,unknown,projected,derived_from_projected_minutes,66,0.0
OG Anunoby,18,NYK,CLE,False,21713899,pa,starter,"stat_grid:component_convolution_mean_coherent_v1+components[pts:pmf_sim_v1+role_aware_pmf_cal_v1:starter+monotone_pit_cdf_v1,ast:pmf_sim_v1+role_aware_pmf_cal_v1:starter+monotone_pit_cdf_v1]+prior_combo[joint_sampler_v1+joint_combo_pmf_v1+role_aware_pmf_cal_v1:starter+monotone_pit_cdf_v1]+stat_grid_final_component_convolution_mean_coherent_v1",phase8_role_aware_pmf_cal_v1+monotone_inactive_global_v1,pre_close,2026-05-23T20:47:49Z,d1ddc807#phase10c,bd27ab4a-bccb-407a-a984-d77d1d286e8a,ok,0.0,high,full,current_phase8,unknown,projected,derived_from_projected_minutes,67,0.0
OG Anunoby,18,NYK,CLE,False,21713899,pa,starter,"stat_grid:component_convolution_mean_coherent_v1+components[pts:pmf_sim_v1+role_aware_pmf_cal_v1:starter+monotone_pit_cdf_v1,ast:pmf_sim_v1+role_aware_pmf_cal_v1:starter+monotone_pit_cdf_v1]+prior_combo[joint_sampler_v1+joint_combo_pmf_v1+role_aware_pmf_cal_v1:starter+monotone_pit_cdf_v1]+stat_grid_final_component_convolution_mean_coherent_v1",phase8_role_aware_pmf_cal_v1+monotone_inactive_global_v1,pre_close,2026-05-23T20:47:49Z,d1ddc807#phase10c,bd27ab4a-bccb-407a-a984-d77d1d286e8a,ok,0.0,high,full,current_phase8,unknown,projected,derived_from_projected_minutes,68,0.0
OG Anunoby,18,NYK,CLE,False,21713899,pa,starter,"stat_grid:component_convolution_mean_coherent_v1+components[pts:pmf_sim_v1+role_aware_pmf_cal_v1:starter+monotone_pit_cdf_v1,ast:pmf_sim_v1+role_aware_pmf_cal_v1:starter+monotone_pit_cdf_v1]+prior_combo[joint_sampler_v1+joint_combo_pmf_v1+role_aware_pmf_cal_v1:starter+monotone_pit_cdf_v1]+stat_grid_final_component_convolution_mean_coherent_v1",phase8_role_aware_pmf_cal_v1+monotone_inactive_global_v1,pre_close,2026-05-23T20:47:49Z,d1ddc807#phase10c,bd27ab4a-bccb-407a-a984-d77d1d286e8a,ok,0.0,high,full,current_phase8,unknown,projected,derived_from_projected_minutes,69,0.0
OG Anunoby,18,NYK,CLE,False,21713899,pa,starter,"stat_grid:component_convolution_mean_coherent_v1+components[pts:pmf_sim_v1+role_aware_pmf_cal_v1:starter+monotone_pit_cdf_v1,ast:pmf_sim_v1+role_aware_pmf_cal_v1:starter+monotone_pit_cdf_v1]+prior_combo[joint_sampler_v1+joint_combo_pmf_v1+role_aware_pmf_cal_v1:starter+monotone_pit_cdf_v1]+stat_grid_final_component_convolution_mean_coherent_v1",phase8_role_aware_pmf_cal_v1+monotone_inactive_global_v1,pre_close,2026-05-23T20:47:49Z,d1ddc807#phase10c,bd27ab4a-bccb-407a-a984-d77d1d286e8a,ok,0.0,high,full,current_phase8,unknown,projected,derived_from_projected_minutes,70,0.0
OG Anunoby,18,NYK,CLE,False,21713899,pa,starter,"stat_grid:component_convolution_mean_coherent_v1+components[pts:pmf_sim_v1+role_aware_pmf_cal_v1:starter+monotone_pit_cdf_v1,ast:pmf_sim_v1+role_aware_pmf_cal_v1:starter+monotone_pit_cdf_v1]+prior_combo[joint_sampler_v1+joint_combo_pmf_v1+role_aware_pmf_cal_v1:starter+monotone_pit_cdf_v1]+stat_grid_final_component_convolution_mean_coherent_v1",phase8_role_aware_pmf_cal_v1+monotone_inactive_global_v1,pre_close,2026-05-23T20:47:49Z,d1ddc807#phase10c,bd27ab4a-bccb-407a-a984-d77d1d286e8a,ok,0.0,high,full,current_phase8,unknown,projected,derived_from_projected_minutes,71,0.0
OG Anunoby,18,NYK,CLE,False,21713899,pa,starter,"stat_grid:component_convolution_mean_coherent_v1+components[pts:pmf_sim_v1+role_aware_pmf_cal_v1:starter+monotone_pit_cdf_v1,ast:pmf_sim_v1+role_aware_pmf_cal_v1:starter+monotone_pit_cdf_v1]+prior_combo[joint_sampler_v1+joint_combo_pmf_v1+role_aware_pmf_cal_v1:starter+monotone_pit_cdf_v1]+stat_grid_final_component_convolution_mean_coherent_v1",phase8_role_aware_pmf_cal_v1+monotone_inactive_global_v1,pre_close,2026-05-23T20:47:49Z,d1ddc807#phase10c,bd27ab4a-bccb-407a-a984-d77d1d286e8a,ok,0.0,high,full,current_phase8,unknown,projected,derived_from_projected_minutes,72,0.0
OG Anunoby,18,NYK,CLE,False,21713899,pa,starter,"stat_grid:component_convolution_mean_coherent_v1+components[pts:pmf_sim_v1+role_aware_pmf_cal_v1:starter+monotone_pit_cdf_v1,ast:pmf_sim_v1+role_aware_pmf_cal_v1:starter+monotone_pit_cdf_v1]+prior_combo[joint_sampler_v1+joint_combo_pmf_v1+role_aware_pmf_cal_v1:starter+monotone_pit_cdf_v1]+stat_grid_final_component_convolution_mean_coherent_v1",phase8_role_aware_pmf_cal_v1+monotone_inactive_global_v1,pre_close,2026-05-23T20:47:49Z,d1ddc807#phase10c,bd27ab4a-bccb-407a-a984-d77d1d286e8a,ok,0.0,high,full,current_phase8,unknown,projected,derived_from_projected_minutes,73,0.0
OG Anunoby,18,NYK,CLE,False,21713899,pa,starter,"stat_grid:component_convolution_mean_coherent_v1+components[pts:pmf_sim_v1+role_aware_pmf_cal_v1:starter+monotone_pit_cdf_v1,ast:pmf_sim_v1+role_aware_pmf_cal_v1:starter+monotone_pit_cdf_v1]+prior_combo[joint_sampler_v1+joint_combo_pmf_v1+role_aware_pmf_cal_v1:starter+monotone_pit_cdf_v1]+stat_grid_final_component_convolution_mean_coherent_v1",phase8_role_aware_pmf_cal_v1+monotone_inactive_global_v1,pre_close,2026-05-23T20:47:49Z,d1ddc807#phase10c,bd27ab4a-bccb-407a-a984-d77d1d286e8a,ok,0.0,high,full,current_phase8,unknown,projected,derived_from_projected_minutes,74,0.0
OG Anunoby,18,NYK,CLE,False,21713899,pa,starter,"stat_grid:component_convolution_mean_coherent_v1+components[pts:pmf_sim_v1+role_aware_pmf_cal_v1:starter+monotone_pit_cdf_v1,ast:pmf_sim_v1+role_aware_pmf_cal_v1:starter+monotone_pit_cdf_v1]+prior_combo[joint_sampler_v1+joint_combo_pmf_v1+role_aware_pmf_cal_v1:starter+monotone_pit_cdf_v1]+stat_grid_final_component_convolution_mean_coherent_v1",phase8_role_aware_pmf_cal_v1+monotone_inactive_global_v1,pre_close,2026-05-23T20:47:49Z,d1ddc807#phase10c,bd27ab4a-bccb-407a-a984-d77d1d286e8a,ok,0.0,high,full,current_phase8,unknown,projected,derived_from_projected_minutes,75,0.0
OG Anunoby,18,NYK,CLE,False,21713899,pa,starter,"stat_grid:component_convolution_mean_coherent_v1+components[pts:pmf_sim_v1+role_aware_pmf_cal_v1:starter+monotone_pit_cdf_v1,ast:pmf_sim_v1+role_aware_pmf_cal_v1:starter+monotone_pit_cdf_v1]+prior_combo[joint_sampler_v1+joint_combo_pmf_v1+role_aware_pmf_cal_v1:starter+monotone_pit_cdf_v1]+stat_grid_final_component_convolution_mean_coherent_v1",phase8_role_aware_pmf_cal_v1+monotone_inactive_global_v1,pre_close,2026-05-23T20:47:49Z,d1ddc807#phase10c,bd27ab4a-bccb-407a-a984-d77d1d286e8a,ok,0.0,high,full,current_phase8,unknown,projected,derived_from_projected_minutes,76,0.0
OG Anunoby,18,NYK,CLE,False,21713899,pa,starter,"stat_grid:component_convolution_mean_coherent_v1+components[pts:pmf_sim_v1+role_aware_pmf_cal_v1:starter+monotone_pit_cdf_v1,ast:pmf_sim_v1+role_aware_pmf_cal_v1:starter+monotone_pit_cdf_v1]+prior_combo[joint_sampler_v1+joint_combo_pmf_v1+role_aware_pmf_cal_v1:starter+monotone_pit_cdf_v1]+stat_grid_final_component_convolution_mean_coherent_v1",phase8_role_aware_pmf_cal_v1+monotone_inactive_global_v1,pre_close,2026-05-23T20:47:49Z,d1ddc807#phase10c,bd27ab4a-bccb-407a-a984-d77d1d286e8a,ok,0.0,high,full,current_phase8,unknown,projected,derived_from_projected_minutes,77,0.0
OG Anunoby,18,NYK,CLE,False,21713899,pa,starter,"stat_grid:component_convolution_mean_coherent_v1+components[pts:pmf_sim_v1+role_aware_pmf_cal_v1:starter+monotone_pit_cdf_v1,ast:pmf_sim_v1+role_aware_pmf_cal_v1:starter+monotone_pit_cdf_v1]+prior_combo[joint_sampler_v1+joint_combo_pmf_v1+role_aware_pmf_cal_v1:starter+monotone_pit_cdf_v1]+stat_grid_final_component_convolution_mean_coherent_v1",phase8_role_aware_pmf_cal_v1+monotone_inactive_global_v1,pre_close,2026-05-23T20:47:49Z,d1ddc807#phase10c,bd27ab4a-bccb-407a-a984-d77d1d286e8a,ok,0.0,high,full,current_phase8,unknown,projected,derived_from_projected_minutes,78,0.0
OG Anunoby,18,NYK,CLE,False,21713899,pa,starter,"stat_grid:component_convolution_mean_coherent_v1+components[pts:pmf_sim_v1+role_aware_pmf_cal_v1:starter+monotone_pit_cdf_v1,ast:pmf_sim_v1+role_aware_pmf_cal_v1:starter+monotone_pit_cdf_v1]+prior_combo[joint_sampler_v1+joint_combo_pmf_v1+role_aware_pmf_cal_v1:starter+monotone_pit_cdf_v1]+stat_grid_final_component_convolution_mean_coherent_v1",phase8_role_aware_pmf_cal_v1+monotone_inactive_global_v1,pre_close,2026-05-23T20:47:49Z,d1ddc807#phase10c,bd27ab4a-bccb-407a-a984-d77d1d286e8a,ok,0.0,high,full,current_phase8,unknown,projected,derived_from_projected_minutes,79,0.0
OG Anunoby,18,NYK,CLE,False,21713899,pa,starter,"stat_grid:component_convolution_mean_coherent_v1+components[pts:pmf_sim_v1+role_aware_pmf_cal_v1:starter+monotone_pit_cdf_v1,ast:pmf_sim_v1+role_aware_pmf_cal_v1:starter+monotone_pit_cdf_v1]+prior_combo[joint_sampler_v1+joint_combo_pmf_v1+role_aware_pmf_cal_v1:starter+monotone_pit_cdf_v1]+stat_grid_final_component_convolution_mean_coherent_v1",phase8_role_aware_pmf_cal_v1+monotone_inactive_global_v1,pre_close,2026-05-23T20:47:49Z,d1ddc807#phase10c,bd27ab4a-bccb-407a-a984-d77d1d286e8a,ok,0.0,high,full,current_phase8,unknown,projected,derived_from_projected_minutes,80,0.0
OG Anunoby,18,NYK,CLE,False,21713899,pa,starter,"stat_grid:component_convolution_mean_coherent_v1+components[pts:pmf_sim_v1+role_aware_pmf_cal_v1:starter+monotone_pit_cdf_v1,ast:pmf_sim_v1+role_aware_pmf_cal_v1:starter+monotone_pit_cdf_v1]+prior_combo[joint_sampler_v1+joint_combo_pmf_v1+role_aware_pmf_cal_v1:starter+monotone_pit_cdf_v1]+stat_grid_final_component_convolution_mean_coherent_v1",phase8_role_aware_pmf_cal_v1+monotone_inactive_global_v1,pre_close,2026-05-23T20:47:49Z,d1ddc807#phase10c,bd27ab4a-bccb-407a-a984-d77d1d286e8a,ok,0.0,high,full,current_phase8,unknown,projected,derived_from_projected_minutes,81,0.0
OG Anunoby,18,NYK,CLE,False,21713899,pa,starter,"stat_grid:component_convolution_mean_coherent_v1+components[pts:pmf_sim_v1+role_aware_pmf_cal_v1:starter+monotone_pit_cdf_v1,ast:pmf_sim_v1+role_aware_pmf_cal_v1:starter+monotone_pit_cdf_v1]+prior_combo[joint_sampler_v1+joint_combo_pmf_v1+role_aware_pmf_cal_v1:starter+monotone_pit_cdf_v1]+stat_grid_final_component_convolution_mean_coherent_v1",phase8_role_aware_pmf_cal_v1+monotone_inactive_global_v1,pre_close,2026-05-23T20:47:49Z,d1ddc807#phase10c,bd27ab4a-bccb-407a-a984-d77d1d286e8a,ok,0.0,high,full,current_phase8,unknown,projected,derived_from_projected_minutes,82,0.0
OG Anunoby,18,NYK,CLE,False,21713899,pa,starter,"stat_grid:component_convolution_mean_coherent_v1+components[pts:pmf_sim_v1+role_aware_pmf_cal_v1:starter+monotone_pit_cdf_v1,ast:pmf_sim_v1+role_aware_pmf_cal_v1:starter+monotone_pit_cdf_v1]+prior_combo[joint_sampler_v1+joint_combo_pmf_v1+role_aware_pmf_cal_v1:starter+monotone_pit_cdf_v1]+stat_grid_final_component_convolution_mean_coherent_v1",phase8_role_aware_pmf_cal_v1+monotone_inactive_global_v1,pre_close,2026-05-23T20:47:49Z,d1ddc807#phase10c,bd27ab4a-bccb-407a-a984-d77d1d286e8a,ok,0.0,high,full,current_phase8,unknown,projected,derived_from_projected_minutes,83,0.0
OG Anunoby,18,NYK,CLE,False,21713899,pa,starter,"stat_grid:component_convolution_mean_coherent_v1+components[pts:pmf_sim_v1+role_aware_pmf_cal_v1:starter+monotone_pit_cdf_v1,ast:pmf_sim_v1+role_aware_pmf_cal_v1:starter+monotone_pit_cdf_v1]+prior_combo[joint_sampler_v1+joint_combo_pmf_v1+role_aware_pmf_cal_v1:starter+monotone_pit_cdf_v1]+stat_grid_final_component_convolution_mean_coherent_v1",phase8_role_aware_pmf_cal_v1+monotone_inactive_global_v1,pre_close,2026-05-23T20:47:49Z,d1ddc807#phase10c,bd27ab4a-bccb-407a-a984-d77d1d286e8a,ok,0.0,high,full,current_phase8,unknown,projected,derived_from_projected_minutes,84,0.0
OG Anunoby,18,NYK,CLE,False,21713899,pa,starter,"stat_grid:component_convolution_mean_coherent_v1+components[pts:pmf_sim_v1+role_aware_pmf_cal_v1:starter+monotone_pit_cdf_v1,ast:pmf_sim_v1+role_aware_pmf_cal_v1:starter+monotone_pit_cdf_v1]+prior_combo[joint_sampler_v1+joint_combo_pmf_v1+role_aware_pmf_cal_v1:starter+monotone_pit_cdf_v1]+stat_grid_final_component_convolution_mean_coherent_v1",phase8_role_aware_pmf_cal_v1+monotone_inactive_global_v1,pre_close,2026-05-23T20:47:49Z,d1ddc807#phase10c,bd27ab4a-bccb-407a-a984-d77d1d286e8a,ok,0.0,high,full,current_phase8,unknown,projected,derived_from_projected_minutes,85,0.0
OG Anunoby,18,NYK,CLE,False,21713899,pa,starter,"stat_grid:component_convolution_mean_coherent_v1+components[pts:pmf_sim_v1+role_aware_pmf_cal_v1:starter+monotone_pit_cdf_v1,ast:pmf_sim_v1+role_aware_pmf_cal_v1:starter+monotone_pit_cdf_v1]+prior_combo[joint_sampler_v1+joint_combo_pmf_v1+role_aware_pmf_cal_v1:starter+monotone_pit_cdf_v1]+stat_grid_final_component_convolution_mean_coherent_v1",phase8_role_aware_pmf_cal_v1+monotone_inactive_global_v1,pre_close,2026-05-23T20:47:49Z,d1ddc807#phase10c,bd27ab4a-bccb-407a-a984-d77d1d286e8a,ok,0.0,high,full,current_phase8,unknown,projected,derived_from_projected_minutes,86,0.0
OG Anunoby,18,NYK,CLE,False,21713899,pa,starter,"stat_grid:component_convolution_mean_coherent_v1+components[pts:pmf_sim_v1+role_aware_pmf_cal_v1:starter+monotone_pit_cdf_v1,ast:pmf_sim_v1+role_aware_pmf_cal_v1:starter+monotone_pit_cdf_v1]+prior_combo[joint_sampler_v1+joint_combo_pmf_v1+role_aware_pmf_cal_v1:starter+monotone_pit_cdf_v1]+stat_grid_final_component_convolution_mean_coherent_v1",phase8_role_aware_pmf_cal_v1+monotone_inactive_global_v1,pre_close,2026-05-23T20:47:49Z,d1ddc807#phase10c,bd27ab4a-bccb-407a-a984-d77d1d286e8a,ok,0.0,high,full,current_phase8,unknown,projected,derived_from_projected_minutes,87,0.0
OG Anunoby,18,NYK,CLE,False,21713899,pa,starter,"stat_grid:component_convolution_mean_coherent_v1+components[pts:pmf_sim_v1+role_aware_pmf_cal_v1:starter+monotone_pit_cdf_v1,ast:pmf_sim_v1+role_aware_pmf_cal_v1:starter+monotone_pit_cdf_v1]+prior_combo[joint_sampler_v1+joint_combo_pmf_v1+role_aware_pmf_cal_v1:starter+monotone_pit_cdf_v1]+stat_grid_final_component_convolution_mean_coherent_v1",phase8_role_aware_pmf_cal_v1+monotone_inactive_global_v1,pre_close,2026-05-23T20:47:49Z,d1ddc807#phase10c,bd27ab4a-bccb-407a-a984-d77d1d286e8a,ok,0.0,high,full,current_phase8,unknown,projected,derived_from_projected_minutes,88,0.0
OG Anunoby,18,NYK,CLE,False,21713899,pa,starter,"stat_grid:component_convolution_mean_coherent_v1+components[pts:pmf_sim_v1+role_aware_pmf_cal_v1:starter+monotone_pit_cdf_v1,ast:pmf_sim_v1+role_aware_pmf_cal_v1:starter+monotone_pit_cdf_v1]+prior_combo[joint_sampler_v1+joint_combo_pmf_v1+role_aware_pmf_cal_v1:starter+monotone_pit_cdf_v1]+stat_grid_final_component_convolution_mean_coherent_v1",phase8_role_aware_pmf_cal_v1+monotone_inactive_global_v1,pre_close,2026-05-23T20:47:49Z,d1ddc807#phase10c,bd27ab4a-bccb-407a-a984-d77d1d286e8a,ok,0.0,high,full,current_phase8,unknown,projected,derived_from_projected_minutes,89,0.0
OG Anunoby,18,NYK,CLE,False,21713899,pa,starter,"stat_grid:component_convolution_mean_coherent_v1+components[pts:pmf_sim_v1+role_aware_pmf_cal_v1:starter+monotone_pit_cdf_v1,ast:pmf_sim_v1+role_aware_pmf_cal_v1:starter+monotone_pit_cdf_v1]+prior_combo[joint_sampler_v1+joint_combo_pmf_v1+role_aware_pmf_cal_v1:starter+monotone_pit_cdf_v1]+stat_grid_final_component_convolution_mean_coherent_v1",phase8_role_aware_pmf_cal_v1+monotone_inactive_global_v1,pre_close,2026-05-23T20:47:49Z,d1ddc807#phase10c,bd27ab4a-bccb-407a-a984-d77d1d286e8a,ok,0.0,high,full,current_phase8,unknown,projected,derived_from_projected_minutes,90,0.0
OG Anunoby,18,NYK,CLE,False,21713899,pa,starter,"stat_grid:component_convolution_mean_coherent_v1+components[pts:pmf_sim_v1+role_aware_pmf_cal_v1:starter+monotone_pit_cdf_v1,ast:pmf_sim_v1+role_aware_pmf_cal_v1:starter+monotone_pit_cdf_v1]+prior_combo[joint_sampler_v1+joint_combo_pmf_v1+role_aware_pmf_cal_v1:starter+monotone_pit_cdf_v1]+stat_grid_final_component_convolution_mean_coherent_v1",phase8_role_aware_pmf_cal_v1+monotone_inactive_global_v1,pre_close,2026-05-23T20:47:49Z,d1ddc807#phase10c,bd27ab4a-bccb-407a-a984-d77d1d286e8a,ok,0.0,high,full,current_phase8,unknown,projected,derived_from_projected_minutes,91,0.0
OG Anunoby,18,NYK,CLE,False,21713899,pa,starter,"stat_grid:component_convolution_mean_coherent_v1+components[pts:pmf_sim_v1+role_aware_pmf_cal_v1:starter+monotone_pit_cdf_v1,ast:pmf_sim_v1+role_aware_pmf_cal_v1:starter+monotone_pit_cdf_v1]+prior_combo[joint_sampler_v1+joint_combo_pmf_v1+role_aware_pmf_cal_v1:starter+monotone_pit_cdf_v1]+stat_grid_final_component_convolution_mean_coherent_v1",phase8_role_aware_pmf_cal_v1+monotone_inactive_global_v1,pre_close,2026-05-23T20:47:49Z,d1ddc807#phase10c,bd27ab4a-bccb-407a-a984-d77d1d286e8a,ok,0.0,high,full,current_phase8,unknown,projected,derived_from_projected_minutes,92,0.0
OG Anunoby,18,NYK,CLE,False,21713899,pa,starter,"stat_grid:component_convolution_mean_coherent_v1+components[pts:pmf_sim_v1+role_aware_pmf_cal_v1:starter+monotone_pit_cdf_v1,ast:pmf_sim_v1+role_aware_pmf_cal_v1:starter+monotone_pit_cdf_v1]+prior_combo[joint_sampler_v1+joint_combo_pmf_v1+role_aware_pmf_cal_v1:starter+monotone_pit_cdf_v1]+stat_grid_final_component_convolution_mean_coherent_v1",phase8_role_aware_pmf_cal_v1+monotone_inactive_global_v1,pre_close,2026-05-23T20:47:49Z,d1ddc807#phase10c,bd27ab4a-bccb-407a-a984-d77d1d286e8a,ok,0.0,high,full,current_phase8,unknown,projected,derived_from_projected_minutes,93,0.0
OG Anunoby,18,NYK,CLE,False,21713899,pa,starter,"stat_grid:component_convolution_mean_coherent_v1+components[pts:pmf_sim_v1+role_aware_pmf_cal_v1:starter+monotone_pit_cdf_v1,ast:pmf_sim_v1+role_aware_pmf_cal_v1:starter+monotone_pit_cdf_v1]+prior_combo[joint_sampler_v1+joint_combo_pmf_v1+role_aware_pmf_cal_v1:starter+monotone_pit_cdf_v1]+stat_grid_final_component_convolution_mean_coherent_v1",phase8_role_aware_pmf_cal_v1+monotone_inactive_global_v1,pre_close,2026-05-23T20:47:49Z,d1ddc807#phase10c,bd27ab4a-bccb-407a-a984-d77d1d286e8a,ok,0.0,high,full,current_phase8,unknown,projected,derived_from_projected_minutes,94,0.0
OG Anunoby,18,NYK,CLE,False,21713899,pa,starter,"stat_grid:component_convolution_mean_coherent_v1+components[pts:pmf_sim_v1+role_aware_pmf_cal_v1:starter+monotone_pit_cdf_v1,ast:pmf_sim_v1+role_aware_pmf_cal_v1:starter+monotone_pit_cdf_v1]+prior_combo[joint_sampler_v1+joint_combo_pmf_v1+role_aware_pmf_cal_v1:starter+monotone_pit_cdf_v1]+stat_grid_final_component_convolution_mean_coherent_v1",phase8_role_aware_pmf_cal_v1+monotone_inactive_global_v1,pre_close,2026-05-23T20:47:49Z,d1ddc807#phase10c,bd27ab4a-bccb-407a-a984-d77d1d286e8a,ok,0.0,high,full,current_phase8,unknown,projected,derived_from_projected_minutes,95,0.0
OG Anunoby,18,NYK,CLE,False,21713899,pa,starter,"stat_grid:component_convolution_mean_coherent_v1+components[pts:pmf_sim_v1+role_aware_pmf_cal_v1:starter+monotone_pit_cdf_v1,ast:pmf_sim_v1+role_aware_pmf_cal_v1:starter+monotone_pit_cdf_v1]+prior_combo[joint_sampler_v1+joint_combo_pmf_v1+role_aware_pmf_cal_v1:starter+monotone_pit_cdf_v1]+stat_grid_final_component_convolution_mean_coherent_v1",phase8_role_aware_pmf_cal_v1+monotone_inactive_global_v1,pre_close,2026-05-23T20:47:49Z,d1ddc807#phase10c,bd27ab4a-bccb-407a-a984-d77d1d286e8a,ok,0.0,high,full,current_phase8,unknown,projected,derived_from_projected_minutes,96,0.0
OG Anunoby,18,NYK,CLE,False,21713899,pa,starter,"stat_grid:component_convolution_mean_coherent_v1+components[pts:pmf_sim_v1+role_aware_pmf_cal_v1:starter+monotone_pit_cdf_v1,ast:pmf_sim_v1+role_aware_pmf_cal_v1:starter+monotone_pit_cdf_v1]+prior_combo[joint_sampler_v1+joint_combo_pmf_v1+role_aware_pmf_cal_v1:starter+monotone_pit_cdf_v1]+stat_grid_final_component_convolution_mean_coherent_v1",phase8_role_aware_pmf_cal_v1+monotone_inactive_global_v1,pre_close,2026-05-23T20:47:49Z,d1ddc807#phase10c,bd27ab4a-bccb-407a-a984-d77d1d286e8a,ok,0.0,high,full,current_phase8,unknown,projected,derived_from_projected_minutes,97,0.0
OG Anunoby,18,NYK,CLE,False,21713899,pa,starter,"stat_grid:component_convolution_mean_coherent_v1+components[pts:pmf_sim_v1+role_aware_pmf_cal_v1:starter+monotone_pit_cdf_v1,ast:pmf_sim_v1+role_aware_pmf_cal_v1:starter+monotone_pit_cdf_v1]+prior_combo[joint_sampler_v1+joint_combo_pmf_v1+role_aware_pmf_cal_v1:starter+monotone_pit_cdf_v1]+stat_grid_final_component_convolution_mean_coherent_v1",phase8_role_aware_pmf_cal_v1+monotone_inactive_global_v1,pre_close,2026-05-23T20:47:49Z,d1ddc807#phase10c,bd27ab4a-bccb-407a-a984-d77d1d286e8a,ok,0.0,high,full,current_phase8,unknown,projected,derived_from_projected_minutes,98,0.0
OG Anunoby,18,NYK,CLE,False,21713899,pa,starter,"stat_grid:component_convolution_mean_coherent_v1+components[pts:pmf_sim_v1+role_aware_pmf_cal_v1:starter+monotone_pit_cdf_v1,ast:pmf_sim_v1+role_aware_pmf_cal_v1:starter+monotone_pit_cdf_v1]+prior_combo[joint_sampler_v1+joint_combo_pmf_v1+role_aware_pmf_cal_v1:starter+monotone_pit_cdf_v1]+stat_grid_final_component_convolution_mean_coherent_v1",phase8_role_aware_pmf_cal_v1+monotone_inactive_global_v1,pre_close,2026-05-23T20:47:49Z,d1ddc807#phase10c,bd27ab4a-bccb-407a-a984-d77d1d286e8a,ok,0.0,high,full,current_phase8,unknown,projected,derived_from_projected_minutes,99,0.0
OG Anunoby,18,NYK,CLE,False,21713899,pa,starter,"stat_grid:component_convolution_mean_coherent_v1+components[pts:pmf_sim_v1+role_aware_pmf_cal_v1:starter+monotone_pit_cdf_v1,ast:pmf_sim_v1+role_aware_pmf_cal_v1:starter+monotone_pit_cdf_v1]+prior_combo[joint_sampler_v1+joint_combo_pmf_v1+role_aware_pmf_cal_v1:starter+monotone_pit_cdf_v1]+stat_grid_final_component_convolution_mean_coherent_v1",phase8_role_aware_pmf_cal_v1+monotone_inactive_global_v1,pre_close,2026-05-23T20:47:49Z,d1ddc807#phase10c,bd27ab4a-bccb-407a-a984-d77d1d286e8a,ok,0.0,high,full,current_phase8,unknown,projected,derived_from_projected_minutes,100,0.0
OG Anunoby,18,NYK,CLE,False,21713899,pa,starter,"stat_grid:component_convolution_mean_coherent_v1+components[pts:pmf_sim_v1+role_aware_pmf_cal_v1:starter+monotone_pit_cdf_v1,ast:pmf_sim_v1+role_aware_pmf_cal_v1:starter+monotone_pit_cdf_v1]+prior_combo[joint_sampler_v1+joint_combo_pmf_v1+role_aware_pmf_cal_v1:starter+monotone_pit_cdf_v1]+stat_grid_final_component_convolution_mean_coherent_v1",phase8_role_aware_pmf_cal_v1+monotone_inactive_global_v1,pre_close,2026-05-23T20:47:49Z,d1ddc807#phase10c,bd27ab4a-bccb-407a-a984-d77d1d286e8a,ok,0.0,high,full,current_phase8,unknown,projected,derived_from_projected_minutes,101,0.0
OG Anunoby,18,NYK,CLE,False,21713899,pr,starter,"stat_grid:component_convolution_mean_coherent_v1+components[pts:pmf_sim_v1+role_aware_pmf_cal_v1:starter+monotone_pit_cdf_v1,reb:pmf_sim_v1+role_aware_pmf_cal_v1:starter+monotone_pit_cdf_v1]+prior_combo[joint_sampler_v1+joint_combo_pmf_v1+role_aware_pmf_cal_v1:starter+monotone_pit_cdf_v1]+stat_grid_final_component_convolution_mean_coherent_v1",phase8_role_aware_pmf_cal_v1+monotone_inactive_global_v1,pre_close,2026-05-23T20:47:49Z,d1ddc807#phase10c,bd27ab4a-bccb-407a-a984-d77d1d286e8a,ok,0.0,high,full,current_phase8,unknown,projected,derived_from_projected_minutes,0,0.0
OG Anunoby,18,NYK,CLE,False,21713899,pr,starter,"stat_grid:component_convolution_mean_coherent_v1+components[pts:pmf_sim_v1+role_aware_pmf_cal_v1:starter+monotone_pit_cdf_v1,reb:pmf_sim_v1+role_aware_pmf_cal_v1:starter+monotone_pit_cdf_v1]+prior_combo[joint_sampler_v1+joint_combo_pmf_v1+role_aware_pmf_cal_v1:starter+monotone_pit_cdf_v1]+stat_grid_final_component_convolution_mean_coherent_v1",phase8_role_aware_pmf_cal_v1+monotone_inactive_global_v1,pre_close,2026-05-23T20:47:49Z,d1ddc807#phase10c,bd27ab4a-bccb-407a-a984-d77d1d286e8a,ok,0.0,high,full,current_phase8,unknown,projected,derived_from_projected_minutes,1,0.0
OG Anunoby,18,NYK,CLE,False,21713899,pr,starter,"stat_grid:component_convolution_mean_coherent_v1+components[pts:pmf_sim_v1+role_aware_pmf_cal_v1:starter+monotone_pit_cdf_v1,reb:pmf_sim_v1+role_aware_pmf_cal_v1:starter+monotone_pit_cdf_v1]+prior_combo[joint_sampler_v1+joint_combo_pmf_v1+role_aware_pmf_cal_v1:starter+monotone_pit_cdf_v1]+stat_grid_final_component_convolution_mean_coherent_v1",phase8_role_aware_pmf_cal_v1+monotone_inactive_global_v1,pre_close,2026-05-23T20:47:49Z,d1ddc807#phase10c,bd27ab4a-bccb-407a-a984-d77d1d286e8a,ok,0.0,high,full,current_phase8,unknown,projected,derived_from_projected_minutes,2,0.0
OG Anunoby,18,NYK,CLE,False,21713899,pr,starter,"stat_grid:component_convolution_mean_coherent_v1+components[pts:pmf_sim_v1+role_aware_pmf_cal_v1:starter+monotone_pit_cdf_v1,reb:pmf_sim_v1+role_aware_pmf_cal_v1:starter+monotone_pit_cdf_v1]+prior_combo[joint_sampler_v1+joint_combo_pmf_v1+role_aware_pmf_cal_v1:starter+monotone_pit_cdf_v1]+stat_grid_final_component_convolution_mean_coherent_v1",phase8_role_aware_pmf_cal_v1+monotone_inactive_global_v1,pre_close,2026-05-23T20:47:49Z,d1ddc807#phase10c,bd27ab4a-bccb-407a-a984-d77d1d286e8a,ok,0.0,high,full,current_phase8,unknown,projected,derived_from_projected_minutes,3,0.0001
OG Anunoby,18,NYK,CLE,False,21713899,pr,starter,"stat_grid:component_convolution_mean_coherent_v1+components[pts:pmf_sim_v1+role_aware_pmf_cal_v1:starter+monotone_pit_cdf_v1,reb:pmf_sim_v1+role_aware_pmf_cal_v1:starter+monotone_pit_cdf_v1]+prior_combo[joint_sampler_v1+joint_combo_pmf_v1+role_aware_pmf_cal_v1:starter+monotone_pit_cdf_v1]+stat_grid_final_component_convolution_mean_coherent_v1",phase8_role_aware_pmf_cal_v1+monotone_inactive_global_v1,pre_close,2026-05-23T20:47:49Z,d1ddc807#phase10c,bd27ab4a-bccb-407a-a984-d77d1d286e8a,ok,0.0,high,full,current_phase8,unknown,projected,derived_from_projected_minutes,4,0.0002
OG Anunoby,18,NYK,CLE,False,21713899,pr,starter,"stat_grid:component_convolution_mean_coherent_v1+components[pts:pmf_sim_v1+role_aware_pmf_cal_v1:starter+monotone_pit_cdf_v1,reb:pmf_sim_v1+role_aware_pmf_cal_v1:starter+monotone_pit_cdf_v1]+prior_combo[joint_sampler_v1+joint_combo_pmf_v1+role_aware_pmf_cal_v1:starter+monotone_pit_cdf_v1]+stat_grid_final_component_convolution_mean_coherent_v1",phase8_role_aware_pmf_cal_v1+monotone_inactive_global_v1,pre_close,2026-05-23T20:47:49Z,d1ddc807#phase10c,bd27ab4a-bccb-407a-a984-d77d1d286e8a,ok,0.0,high,full,current_phase8,unknown,projected,derived_from_projected_minutes,5,0.0004
OG Anunoby,18,NYK,CLE,False,21713899,pr,starter,"stat_grid:component_convolution_mean_coherent_v1+components[pts:pmf_sim_v1+role_aware_pmf_cal_v1:starter+monotone_pit_cdf_v1,reb:pmf_sim_v1+role_aware_pmf_cal_v1:starter+monotone_pit_cdf_v1]+prior_combo[joint_sampler_v1+joint_combo_pmf_v1+role_aware_pmf_cal_v1:starter+monotone_pit_cdf_v1]+stat_grid_final_component_convolution_mean_coherent_v1",phase8_role_aware_pmf_cal_v1+monotone_inactive_global_v1,pre_close,2026-05-23T20:47:49Z,d1ddc807#phase10c,bd27ab4a-bccb-407a-a984-d77d1d286e8a,ok,0.0,high,full,current_phase8,unknown,projected,derived_from_projected_minutes,6,0.0009
OG Anunoby,18,NYK,CLE,False,21713899,pr,starter,"stat_grid:component_convolution_mean_coherent_v1+components[pts:pmf_sim_v1+role_aware_pmf_cal_v1:starter+monotone_pit_cdf_v1,reb:pmf_sim_v1+role_aware_pmf_cal_v1:starter+monotone_pit_cdf_v1]+prior_combo[joint_sampler_v1+joint_combo_pmf_v1+role_aware_pmf_cal_v1:starter+monotone_pit_cdf_v1]+stat_grid_final_component_convolution_mean_coherent_v1",phase8_role_aware_pmf_cal_v1+monotone_inactive_global_v1,pre_close,2026-05-23T20:47:49Z,d1ddc807#phase10c,bd27ab4a-bccb-407a-a984-d77d1d286e8a,ok,0.0,high,full,current_phase8,unknown,projected,derived_from_projected_minutes,7,0.0016
OG Anunoby,18,NYK,CLE,False,21713899,pr,starter,"stat_grid:component_convolution_mean_coherent_v1+components[pts:pmf_sim_v1+role_aware_pmf_cal_v1:starter+monotone_pit_cdf_v1,reb:pmf_sim_v1+role_aware_pmf_cal_v1:starter+monotone_pit_cdf_v1]+prior_combo[joint_sampler_v1+joint_combo_pmf_v1+role_aware_pmf_cal_v1:starter+monotone_pit_cdf_v1]+stat_grid_final_component_convolution_mean_coherent_v1",phase8_role_aware_pmf_cal_v1+monotone_inactive_global_v1,pre_close,2026-05-23T20:47:49Z,d1ddc807#phase10c,bd27ab4a-bccb-407a-a984-d77d1d286e8a,ok,0.0,high,full,current_phase8,unknown,projected,derived_from_projected_minutes,8,0.0026
OG Anunoby,18,NYK,CLE,False,21713899,pr,starter,"stat_grid:component_convolution_mean_coherent_v1+components[pts:pmf_sim_v1+role_aware_pmf_cal_v1:starter+monotone_pit_cdf_v1,reb:pmf_sim_v1+role_aware_pmf_cal_v1:starter+monotone_pit_cdf_v1]+prior_combo[joint_sampler_v1+joint_combo_pmf_v1+role_aware_pmf_cal_v1:starter+monotone_pit_cdf_v1]+stat_grid_final_component_convolution_mean_coherent_v1",phase8_role_aware_pmf_cal_v1+monotone_inactive_global_v1,pre_close,2026-05-23T20:47:49Z,d1ddc807#phase10c,bd27ab4a-bccb-407a-a984-d77d1d286e8a,ok,0.0,high,full,current_phase8,unknown,projected,derived_from_projected_minutes,9,0.0042
OG Anunoby,18,NYK,CLE,False,21713899,pr,starter,"stat_grid:component_convolution_mean_coherent_v1+components[pts:pmf_sim_v1+role_aware_pmf_cal_v1:starter+monotone_pit_cdf_v1,reb:pmf_sim_v1+role_aware_pmf_cal_v1:starter+monotone_pit_cdf_v1]+prior_combo[joint_sampler_v1+joint_combo_pmf_v1+role_aware_pmf_cal_v1:starter+monotone_pit_cdf_v1]+stat_grid_final_component_convolution_mean_coherent_v1",phase8_role_aware_pmf_cal_v1+monotone_inactive_global_v1,pre_close,2026-05-23T20:47:49Z,d1ddc807#phase10c,bd27ab4a-bccb-407a-a984-d77d1d286e8a,ok,0.0,high,full,current_phase8,unknown,projected,derived_from_projected_minutes,10,0.0062
OG Anunoby,18,NYK,CLE,False,21713899,pr,starter,"stat_grid:component_convolution_mean_coherent_v1+components[pts:pmf_sim_v1+role_aware_pmf_cal_v1:starter+monotone_pit_cdf_v1,reb:pmf_sim_v1+role_aware_pmf_cal_v1:starter+monotone_pit_cdf_v1]+prior_combo[joint_sampler_v1+joint_combo_pmf_v1+role_aware_pmf_cal_v1:starter+monotone_pit_cdf_v1]+stat_grid_final_component_convolution_mean_coherent_v1",phase8_role_aware_pmf_cal_v1+monotone_inactive_global_v1,pre_close,2026-05-23T20:47:49Z,d1ddc807#phase10c,bd27ab4a-bccb-407a-a984-d77d1d286e8a,ok,0.0,high,full,current_phase8,unknown,projected,derived_from_projected_minutes,11,0.0092
OG Anunoby,18,NYK,CLE,False,21713899,pr,starter,"stat_grid:component_convolution_mean_coherent_v1+components[pts:pmf_sim_v1+role_aware_pmf_cal_v1:starter+monotone_pit_cdf_v1,reb:pmf_sim_v1+role_aware_pmf_cal_v1:starter+monotone_pit_cdf_v1]+prior_combo[joint_sampler_v1+joint_combo_pmf_v1+role_aware_pmf_cal_v1:starter+monotone_pit_cdf_v1]+stat_grid_final_component_convolution_mean_coherent_v1",phase8_role_aware_pmf_cal_v1+monotone_inactive_global_v1,pre_close,2026-05-23T20:47:49Z,d1ddc807#phase10c,bd27ab4a-bccb-407a-a984-d77d1d286e8a,ok,0.0,high,full,current_phase8,unknown,projected,derived_from_projected_minutes,12,0.0126
OG Anunoby,18,NYK,CLE,False,21713899,pr,starter,"stat_grid:component_convolution_mean_coherent_v1+components[pts:pmf_sim_v1+role_aware_pmf_cal_v1:starter+monotone_pit_cdf_v1,reb:pmf_sim_v1+role_aware_pmf_cal_v1:starter+monotone_pit_cdf_v1]+prior_combo[joint_sampler_v1+joint_combo_pmf_v1+role_aware_pmf_cal_v1:starter+monotone_pit_cdf_v1]+stat_grid_final_component_convolution_mean_coherent_v1",phase8_role_aware_pmf_cal_v1+monotone_inactive_global_v1,pre_close,2026-05-23T20:47:49Z,d1ddc807#phase10c,bd27ab4a-bccb-407a-a984-d77d1d286e8a,ok,0.0,high,full,current_phase8,unknown,projected,derived_from_projected_minutes,13,0.0166
OG Anunoby,18,NYK,CLE,False,21713899,pr,starter,"stat_grid:component_convolution_mean_coherent_v1+components[pts:pmf_sim_v1+role_aware_pmf_cal_v1:starter+monotone_pit_cdf_v1,reb:pmf_sim_v1+role_aware_pmf_cal_v1:starter+monotone_pit_cdf_v1]+prior_combo[joint_sampler_v1+joint_combo_pmf_v1+role_aware_pmf_cal_v1:starter+monotone_pit_cdf_v1]+stat_grid_final_component_convolution_mean_coherent_v1",phase8_role_aware_pmf_cal_v1+monotone_inactive_global_v1,pre_close,2026-05-23T20:47:49Z,d1ddc807#phase10c,bd27ab4a-bccb-407a-a984-d77d1d286e8a,ok,0.0,high,full,current_phase8,unknown,projected,derived_from_projected_minutes,14,0.0213
OG Anunoby,18,NYK,CLE,False,21713899,pr,starter,"stat_grid:component_convolution_mean_coherent_v1+components[pts:pmf_sim_v1+role_aware_pmf_cal_v1:starter+monotone_pit_cdf_v1,reb:pmf_sim_v1+role_aware_pmf_cal_v1:starter+monotone_pit_cdf_v1]+prior_combo[joint_sampler_v1+joint_combo_pmf_v1+role_aware_pmf_cal_v1:starter+monotone_pit_cdf_v1]+stat_grid_final_component_convolution_mean_coherent_v1",phase8_role_aware_pmf_cal_v1+monotone_inactive_global_v1,pre_close,2026-05-23T20:47:49Z,d1ddc807#phase10c,bd27ab4a-bccb-407a-a984-d77d1d286e8a,ok,0.0,high,full,current_phase8,unknown,projected,derived_from_projected_minutes,15,0.026
OG Anunoby,18,NYK,CLE,False,21713899,pr,starter,"stat_grid:component_convolution_mean_coherent_v1+components[pts:pmf_sim_v1+role_aware_pmf_cal_v1:starter+monotone_pit_cdf_v1,reb:pmf_sim_v1+role_aware_pmf_cal_v1:starter+monotone_pit_cdf_v1]+prior_combo[joint_sampler_v1+joint_combo_pmf_v1+role_aware_pmf_cal_v1:starter+monotone_pit_cdf_v1]+stat_grid_final_component_convolution_mean_coherent_v1",phase8_role_aware_pmf_cal_v1+monotone_inactive_global_v1,pre_close,2026-05-23T20:47:49Z,d1ddc807#phase10c,bd27ab4a-bccb-407a-a984-d77d1d286e8a,ok,0.0,high,full,current_phase8,unknown,projected,derived_from_projected_minutes,16,0.0314
OG Anunoby,18,NYK,CLE,False,21713899,pr,starter,"stat_grid:component_convolution_mean_coherent_v1+components[pts:pmf_sim_v1+role_aware_pmf_cal_v1:starter+monotone_pit_cdf_v1,reb:pmf_sim_v1+role_aware_pmf_cal_v1:starter+monotone_pit_cdf_v1]+prior_combo[joint_sampler_v1+joint_combo_pmf_v1+role_aware_pmf_cal_v1:starter+monotone_pit_cdf_v1]+stat_grid_final_component_convolution_mean_coherent_v1",phase8_role_aware_pmf_cal_v1+monotone_inactive_global_v1,pre_close,2026-05-23T20:47:49Z,d1ddc807#phase10c,bd27ab4a-bccb-407a-a984-d77d1d286e8a,ok,0.0,high,full,current_phase8,unknown,projected,derived_from_projected_minutes,17,0.0374
OG Anunoby,18,NYK,CLE,False,21713899,pr,starter,"stat_grid:component_convolution_mean_coherent_v1+components[pts:pmf_sim_v1+role_aware_pmf_cal_v1:starter+monotone_pit_cdf_v1,reb:pmf_sim_v1+role_aware_pmf_cal_v1:starter+monotone_pit_cdf_v1]+prior_combo[joint_sampler_v1+joint_combo_pmf_v1+role_aware_pmf_cal_v1:starter+monotone_pit_cdf_v1]+stat_grid_final_component_convolution_mean_coherent_v1",phase8_role_aware_pmf_cal_v1+monotone_inactive_global_v1,pre_close,2026-05-23T20:47:49Z,d1ddc807#phase10c,bd27ab4a-bccb-407a-a984-d77d1d286e8a,ok,0.0,high,full,current_phase8,unknown,projected,derived_from_projected_minutes,18,0.0441
OG Anunoby,18,NYK,CLE,False,21713899,pr,starter,"stat_grid:component_convolution_mean_coherent_v1+components[pts:pmf_sim_v1+role_aware_pmf_cal_v1:starter+monotone_pit_cdf_v1,reb:pmf_sim_v1+role_aware_pmf_cal_v1:starter+monotone_pit_cdf_v1]+prior_combo[joint_sampler_v1+joint_combo_pmf_v1+role_aware_pmf_cal_v1:starter+monotone_pit_cdf_v1]+stat_grid_final_component_convolution_mean_coherent_v1",phase8_role_aware_pmf_cal_v1+monotone_inactive_global_v1,pre_close,2026-05-23T20:47:49Z,d1ddc807#phase10c,bd27ab4a-bccb-407a-a984-d77d1d286e8a,ok,0.0,high,full,current_phase8,unknown,projected,derived_from_projected_minutes,19,0.0505
OG Anunoby,18,NYK,CLE,False,21713899,pr,starter,"stat_grid:component_convolution_mean_coherent_v1+components[pts:pmf_sim_v1+role_aware_pmf_cal_v1:starter+monotone_pit_cdf_v1,reb:pmf_sim_v1+role_aware_pmf_cal_v1:starter+monotone_pit_cdf_v1]+prior_combo[joint_sampler_v1+joint_combo_pmf_v1+role_aware_pmf_cal_v1:starter+monotone_pit_cdf_v1]+stat_grid_final_component_convolution_mean_coherent_v1",phase8_role_aware_pmf_cal_v1+monotone_inactive_global_v1,pre_close,2026-05-23T20:47:49Z,d1ddc807#phase10c,bd27ab4a-bccb-407a-a984-d77d1d286e8a,ok,0.0,high,full,current_phase8,unknown,projected,derived_from_projected_minutes,20,0.056
OG Anunoby,18,NYK,CLE,False,21713899,pr,starter,"stat_grid:component_convolution_mean_coherent_v1+components[pts:pmf_sim_v1+role_aware_pmf_cal_v1:starter+monotone_pit_cdf_v1,reb:pmf_sim_v1+role_aware_pmf_cal_v1:starter+monotone_pit_cdf_v1]+prior_combo[joint_sampler_v1+joint_combo_pmf_v1+role_aware_pmf_cal_v1:starter+monotone_pit_cdf_v1]+stat_grid_final_component_convolution_mean_coherent_v1",phase8_role_aware_pmf_cal_v1+monotone_inactive_global_v1,pre_close,2026-05-23T20:47:49Z,d1ddc807#phase10c,bd27ab4a-bccb-407a-a984-d77d1d286e8a,ok,0.0,high,full,current_phase8,unknown,projected,derived_from_projected_minutes,21,0.0609
OG Anunoby,18,NYK,CLE,False,21713899,pr,starter,"stat_grid:component_convolution_mean_coherent_v1+components[pts:pmf_sim_v1+role_aware_pmf_cal_v1:starter+monotone_pit_cdf_v1,reb:pmf_sim_v1+role_aware_pmf_cal_v1:starter+monotone_pit_cdf_v1]+prior_combo[joint_sampler_v1+joint_combo_pmf_v1+role_aware_pmf_cal_v1:starter+monotone_pit_cdf_v1]+stat_grid_final_component_convolution_mean_coherent_v1",phase8_role_aware_pmf_cal_v1+monotone_inactive_global_v1,pre_close,2026-05-23T20:47:49Z,d1ddc807#phase10c,bd27ab4a-bccb-407a-a984-d77d1d286e8a,ok,0.0,high,full,current_phase8,unknown,projected,derived_from_projected_minutes,22,0.0646
OG Anunoby,18,NYK,CLE,False,21713899,pr,starter,"stat_grid:component_convolution_mean_coherent_v1+components[pts:pmf_sim_v1+role_aware_pmf_cal_v1:starter+monotone_pit_cdf_v1,reb:pmf_sim_v1+role_aware_pmf_cal_v1:starter+monotone_pit_cdf_v1]+prior_combo[joint_sampler_v1+joint_combo_pmf_v1+role_aware_pmf_cal_v1:starter+monotone_pit_cdf_v1]+stat_grid_final_component_convolution_mean_coherent_v1",phase8_role_aware_pmf_cal_v1+monotone_inactive_global_v1,pre_close,2026-05-23T20:47:49Z,d1ddc807#phase10c,bd27ab4a-bccb-407a-a984-d77d1d286e8a,ok,0.0,high,full,current_phase8,unknown,projected,derived_from_projected_minutes,23,0.0666
OG Anunoby,18,NYK,CLE,False,21713899,pr,starter,"stat_grid:component_convolution_mean_coherent_v1+components[pts:pmf_sim_v1+role_aware_pmf_cal_v1:starter+monotone_pit_cdf_v1,reb:pmf_sim_v1+role_aware_pmf_cal_v1:starter+monotone_pit_cdf_v1]+prior_combo[joint_sampler_v1+joint_combo_pmf_v1+role_aware_pmf_cal_v1:starter+monotone_pit_cdf_v1]+stat_grid_final_component_convolution_mean_coherent_v1",phase8_role_aware_pmf_cal_v1+monotone_inactive_global_v1,pre_close,2026-05-23T20:47:49Z,d1ddc807#phase10c,bd27ab4a-bccb-407a-a984-d77d1d286e8a,ok,0.0,high,full,current_phase8,unknown,projected,derived_from_projected_minutes,24,0.0668
OG Anunoby,18,NYK,CLE,False,21713899,pr,starter,"stat_grid:component_convolution_mean_coherent_v1+components[pts:pmf_sim_v1+role_aware_pmf_cal_v1:starter+monotone_pit_cdf_v1,reb:pmf_sim_v1+role_aware_pmf_cal_v1:starter+monotone_pit_cdf_v1]+prior_combo[joint_sampler_v1+joint_combo_pmf_v1+role_aware_pmf_cal_v1:starter+monotone_pit_cdf_v1]+stat_grid_final_component_convolution_mean_coherent_v1",phase8_role_aware_pmf_cal_v1+monotone_inactive_global_v1,pre_close,2026-05-23T20:47:49Z,d1ddc807#phase10c,bd27ab4a-bccb-407a-a984-d77d1d286e8a,ok,0.0,high,full,current_phase8,unknown,projected,derived_from_projected_minutes,25,0.0635
OG Anunoby,18,NYK,CLE,False,21713899,pr,starter,"stat_grid:component_convolution_mean_coherent_v1+components[pts:pmf_sim_v1+role_aware_pmf_cal_v1:starter+monotone_pit_cdf_v1,reb:pmf_sim_v1+role_aware_pmf_cal_v1:starter+monotone_pit_cdf_v1]+prior_combo[joint_sampler_v1+joint_combo_pmf_v1+role_aware_pmf_cal_v1:starter+monotone_pit_cdf_v1]+stat_grid_final_component_convolution_mean_coherent_v1",phase8_role_aware_pmf_cal_v1+monotone_inactive_global_v1,pre_close,2026-05-23T20:47:49Z,d1ddc807#phase10c,bd27ab4a-bccb-407a-a984-d77d1d286e8a,ok,0.0,high,full,current_phase8,unknown,projected,derived_from_projected_minutes,26,0.0573
OG Anunoby,18,NYK,CLE,False,21713899,pr,starter,"stat_grid:component_convolution_mean_coherent_v1+components[pts:pmf_sim_v1+role_aware_pmf_cal_v1:starter+monotone_pit_cdf_v1,reb:pmf_sim_v1+role_aware_pmf_cal_v1:starter+monotone_pit_cdf_v1]+prior_combo[joint_sampler_v1+joint_combo_pmf_v1+role_aware_pmf_cal_v1:starter+monotone_pit_cdf_v1]+stat_grid_final_component_convolution_mean_coherent_v1",phase8_role_aware_pmf_cal_v1+monotone_inactive_global_v1,pre_close,2026-05-23T20:47:49Z,d1ddc807#phase10c,bd27ab4a-bccb-407a-a984-d77d1d286e8a,ok,0.0,high,full,current_phase8,unknown,projected,derived_from_projected_minutes,27,0.0517
OG Anunoby,18,NYK,CLE,False,21713899,pr,starter,"stat_grid:component_convolution_mean_coherent_v1+components[pts:pmf_sim_v1+role_aware_pmf_cal_v1:starter+monotone_pit_cdf_v1,reb:pmf_sim_v1+role_aware_pmf_cal_v1:starter+monotone_pit_cdf_v1]+prior_combo[joint_sampler_v1+joint_combo_pmf_v1+role_aware_pmf_cal_v1:starter+monotone_pit_cdf_v1]+stat_grid_final_component_convolution_mean_coherent_v1",phase8_role_aware_pmf_cal_v1+monotone_inactive_global_v1,pre_close,2026-05-23T20:47:49Z,d1ddc807#phase10c,bd27ab4a-bccb-407a-a984-d77d1d286e8a,ok,0.0,high,full,current_phase8,unknown,projected,derived_from_projected_minutes,28,0.0466
OG Anunoby,18,NYK,CLE,False,21713899,pr,starter,"stat_grid:component_convolution_mean_coherent_v1+components[pts:pmf_sim_v1+role_aware_pmf_cal_v1:starter+monotone_pit_cdf_v1,reb:pmf_sim_v1+role_aware_pmf_cal_v1:starter+monotone_pit_cdf_v1]+prior_combo[joint_sampler_v1+joint_combo_pmf_v1+role_aware_pmf_cal_v1:starter+monotone_pit_cdf_v1]+stat_grid_final_component_convolution_mean_coherent_v1",phase8_role_aware_pmf_cal_v1+monotone_inactive_global_v1,pre_close,2026-05-23T20:47:49Z,d1ddc807#phase10c,bd27ab4a-bccb-407a-a984-d77d1d286e8a,ok,0.0,high,full,current_phase8,unknown,projected,derived_from_projected_minutes,29,0.0405
OG Anunoby,18,NYK,CLE,False,21713899,pr,starter,"stat_grid:component_convolution_mean_coherent_v1+components[pts:pmf_sim_v1+role_aware_pmf_cal_v1:starter+monotone_pit_cdf_v1,reb:pmf_sim_v1+role_aware_pmf_cal_v1:starter+monotone_pit_cdf_v1]+prior_combo[joint_sampler_v1+joint_combo_pmf_v1+role_aware_pmf_cal_v1:starter+monotone_pit_cdf_v1]+stat_grid_final_component_convolution_mean_coherent_v1",phase8_role_aware_pmf_cal_v1+monotone_inactive_global_v1,pre_close,2026-05-23T20:47:49Z,d1ddc807#phase10c,bd27ab4a-bccb-407a-a984-d77d1d286e8a,ok,0.0,high,full,current_phase8,unknown,projected,derived_from_projected_minutes,30,0.0342
OG Anunoby,18,NYK,CLE,False,21713899,pr,starter,"stat_grid:component_convolution_mean_coherent_v1+components[pts:pmf_sim_v1+role_aware_pmf_cal_v1:starter+monotone_pit_cdf_v1,reb:pmf_sim_v1+role_aware_pmf_cal_v1:starter+monotone_pit_cdf_v1]+prior_combo[joint_sampler_v1+joint_combo_pmf_v1+role_aware_pmf_cal_v1:starter+monotone_pit_cdf_v1]+stat_grid_final_component_convolution_mean_coherent_v1",phase8_role_aware_pmf_cal_v1+monotone_inactive_global_v1,pre_close,2026-05-23T20:47:49Z,d1ddc807#phase10c,bd27ab4a-bccb-407a-a984-d77d1d286e8a,ok,0.0,high,full,current_phase8,unknown,projected,derived_from_projected_minutes,31,0.0273
OG Anunoby,18,NYK,CLE,False,21713899,pr,starter,"stat_grid:component_convolution_mean_coherent_v1+components[pts:pmf_sim_v1+role_aware_pmf_cal_v1:starter+monotone_pit_cdf_v1,reb:pmf_sim_v1+role_aware_pmf_cal_v1:starter+monotone_pit_cdf_v1]+prior_combo[joint_sampler_v1+joint_combo_pmf_v1+role_aware_pmf_cal_v1:starter+monotone_pit_cdf_v1]+stat_grid_final_component_convolution_mean_coherent_v1",phase8_role_aware_pmf_cal_v1+monotone_inactive_global_v1,pre_close,2026-05-23T20:47:49Z,d1ddc807#phase10c,bd27ab4a-bccb-407a-a984-d77d1d286e8a,ok,0.0,high,full,current_phase8,unknown,projected,derived_from_projected_minutes,32,0.0213
OG Anunoby,18,NYK,CLE,False,21713899,pr,starter,"stat_grid:component_convolution_mean_coherent_v1+components[pts:pmf_sim_v1+role_aware_pmf_cal_v1:starter+monotone_pit_cdf_v1,reb:pmf_sim_v1+role_aware_pmf_cal_v1:starter+monotone_pit_cdf_v1]+prior_combo[joint_sampler_v1+joint_combo_pmf_v1+role_aware_pmf_cal_v1:starter+monotone_pit_cdf_v1]+stat_grid_final_component_convolution_mean_coherent_v1",phase8_role_aware_pmf_cal_v1+monotone_inactive_global_v1,pre_close,2026-05-23T20:47:49Z,d1ddc807#phase10c,bd27ab4a-bccb-407a-a984-d77d1d286e8a,ok,0.0,high,full,current_phase8,unknown,projected,derived_from_projected_minutes,33,0.0168
OG Anunoby,18,NYK,CLE,False,21713899,pr,starter,"stat_grid:component_convolution_mean_coherent_v1+components[pts:pmf_sim_v1+role_aware_pmf_cal_v1:starter+monotone_pit_cdf_v1,reb:pmf_sim_v1+role_aware_pmf_cal_v1:starter+monotone_pit_cdf_v1]+prior_combo[joint_sampler_v1+joint_combo_pmf_v1+role_aware_pmf_cal_v1:starter+monotone_pit_cdf_v1]+stat_grid_final_component_convolution_mean_coherent_v1",phase8_role_aware_pmf_cal_v1+monotone_inactive_global_v1,pre_close,2026-05-23T20:47:49Z,d1ddc807#phase10c,bd27ab4a-bccb-407a-a984-d77d1d286e8a,ok,0.0,high,full,current_phase8,unknown,projected,derived_from_projected_minutes,34,0.0131
OG Anunoby,18,NYK,CLE,False,21713899,pr,starter,"stat_grid:component_convolution_mean_coherent_v1+components[pts:pmf_sim_v1+role_aware_pmf_cal_v1:starter+monotone_pit_cdf_v1,reb:pmf_sim_v1+role_aware_pmf_cal_v1:starter+monotone_pit_cdf_v1]+prior_combo[joint_sampler_v1+joint_combo_pmf_v1+role_aware_pmf_cal_v1:starter+monotone_pit_cdf_v1]+stat_grid_final_component_convolution_mean_coherent_v1",phase8_role_aware_pmf_cal_v1+monotone_inactive_global_v1,pre_close,2026-05-23T20:47:49Z,d1ddc807#phase10c,bd27ab4a-bccb-407a-a984-d77d1d286e8a,ok,0.0,high,full,current_phase8,unknown,projected,derived_from_projected_minutes,35,0.0104
OG Anunoby,18,NYK,CLE,False,21713899,pr,starter,"stat_grid:component_convolution_mean_coherent_v1+components[pts:pmf_sim_v1+role_aware_pmf_cal_v1:starter+monotone_pit_cdf_v1,reb:pmf_sim_v1+role_aware_pmf_cal_v1:starter+monotone_pit_cdf_v1]+prior_combo[joint_sampler_v1+joint_combo_pmf_v1+role_aware_pmf_cal_v1:starter+monotone_pit_cdf_v1]+stat_grid_final_component_convolution_mean_coherent_v1",phase8_role_aware_pmf_cal_v1+monotone_inactive_global_v1,pre_close,2026-05-23T20:47:49Z,d1ddc807#phase10c,bd27ab4a-bccb-407a-a984-d77d1d286e8a,ok,0.0,high,full,current_phase8,unknown,projected,derived_from_projected_minutes,36,0.0082
OG Anunoby,18,NYK,CLE,False,21713899,pr,starter,"stat_grid:component_convolution_mean_coherent_v1+components[pts:pmf_sim_v1+role_aware_pmf_cal_v1:starter+monotone_pit_cdf_v1,reb:pmf_sim_v1+role_aware_pmf_cal_v1:starter+monotone_pit_cdf_v1]+prior_combo[joint_sampler_v1+joint_combo_pmf_v1+role_aware_pmf_cal_v1:starter+monotone_pit_cdf_v1]+stat_grid_final_component_convolution_mean_coherent_v1",phase8_role_aware_pmf_cal_v1+monotone_inactive_global_v1,pre_close,2026-05-23T20:47:49Z,d1ddc807#phase10c,bd27ab4a-bccb-407a-a984-d77d1d286e8a,ok,0.0,high,full,current_phase8,unknown,projected,derived_from_projected_minutes,37,0.0067
OG Anunoby,18,NYK,CLE,False,21713899,pr,starter,"stat_grid:component_convolution_mean_coherent_v1+components[pts:pmf_sim_v1+role_aware_pmf_cal_v1:starter+monotone_pit_cdf_v1,reb:pmf_sim_v1+role_aware_pmf_cal_v1:starter+monotone_pit_cdf_v1]+prior_combo[joint_sampler_v1+joint_combo_pmf_v1+role_aware_pmf_cal_v1:starter+monotone_pit_cdf_v1]+stat_grid_final_component_convolution_mean_coherent_v1",phase8_role_aware_pmf_cal_v1+monotone_inactive_global_v1,pre_close,2026-05-23T20:47:49Z,d1ddc807#phase10c,bd27ab4a-bccb-407a-a984-d77d1d286e8a,ok,0.0,high,full,current_phase8,unknown,projected,derived_from_projected_minutes,38,0.0056
OG Anunoby,18,NYK,CLE,False,21713899,pr,starter,"stat_grid:component_convolution_mean_coherent_v1+components[pts:pmf_sim_v1+role_aware_pmf_cal_v1:starter+monotone_pit_cdf_v1,reb:pmf_sim_v1+role_aware_pmf_cal_v1:starter+monotone_pit_cdf_v1]+prior_combo[joint_sampler_v1+joint_combo_pmf_v1+role_aware_pmf_cal_v1:starter+monotone_pit_cdf_v1]+stat_grid_final_component_convolution_mean_coherent_v1",phase8_role_aware_pmf_cal_v1+monotone_inactive_global_v1,pre_close,2026-05-23T20:47:49Z,d1ddc807#phase10c,bd27ab4a-bccb-407a-a984-d77d1d286e8a,ok,0.0,high,full,current_phase8,unknown,projected,derived_from_projected_minutes,39,0.0046
OG Anunoby,18,NYK,CLE,False,21713899,pr,starter,"stat_grid:component_convolution_mean_coherent_v1+components[pts:pmf_sim_v1+role_aware_pmf_cal_v1:starter+monotone_pit_cdf_v1,reb:pmf_sim_v1+role_aware_pmf_cal_v1:starter+monotone_pit_cdf_v1]+prior_combo[joint_sampler_v1+joint_combo_pmf_v1+role_aware_pmf_cal_v1:starter+monotone_pit_cdf_v1]+stat_grid_final_component_convolution_mean_coherent_v1",phase8_role_aware_pmf_cal_v1+monotone_inactive_global_v1,pre_close,2026-05-23T20:47:49Z,d1ddc807#phase10c,bd27ab4a-bccb-407a-a984-d77d1d286e8a,ok,0.0,high,full,current_phase8,unknown,projected,derived_from_projected_minutes,40,0.0037
OG Anunoby,18,NYK,CLE,False,21713899,pr,starter,"stat_grid:component_convolution_mean_coherent_v1+components[pts:pmf_sim_v1+role_aware_pmf_cal_v1:starter+monotone_pit_cdf_v1,reb:pmf_sim_v1+role_aware_pmf_cal_v1:starter+monotone_pit_cdf_v1]+prior_combo[joint_sampler_v1+joint_combo_pmf_v1+role_aware_pmf_cal_v1:starter+monotone_pit_cdf_v1]+stat_grid_final_component_convolution_mean_coherent_v1",phase8_role_aware_pmf_cal_v1+monotone_inactive_global_v1,pre_close,2026-05-23T20:47:49Z,d1ddc807#phase10c,bd27ab4a-bccb-407a-a984-d77d1d286e8a,ok,0.0,high,full,current_phase8,unknown,projected,derived_from_projected_minutes,41,0.0028
OG Anunoby,18,NYK,CLE,False,21713899,pr,starter,"stat_grid:component_convolution_mean_coherent_v1+components[pts:pmf_sim_v1+role_aware_pmf_cal_v1:starter+monotone_pit_cdf_v1,reb:pmf_sim_v1+role_aware_pmf_cal_v1:starter+monotone_pit_cdf_v1]+prior_combo[joint_sampler_v1+joint_combo_pmf_v1+role_aware_pmf_cal_v1:starter+monotone_pit_cdf_v1]+stat_grid_final_component_convolution_mean_coherent_v1",phase8_role_aware_pmf_cal_v1+monotone_inactive_global_v1,pre_close,2026-05-23T20:47:49Z,d1ddc807#phase10c,bd27ab4a-bccb-407a-a984-d77d1d286e8a,ok,0.0,high,full,current_phase8,unknown,projected,derived_from_projected_minutes,42,0.0019
OG Anunoby,18,NYK,CLE,False,21713899,pr,starter,"stat_grid:component_convolution_mean_coherent_v1+components[pts:pmf_sim_v1+role_aware_pmf_cal_v1:starter+monotone_pit_cdf_v1,reb:pmf_sim_v1+role_aware_pmf_cal_v1:starter+monotone_pit_cdf_v1]+prior_combo[joint_sampler_v1+joint_combo_pmf_v1+role_aware_pmf_cal_v1:starter+monotone_pit_cdf_v1]+stat_grid_final_component_convolution_mean_coherent_v1",phase8_role_aware_pmf_cal_v1+monotone_inactive_global_v1,pre_close,2026-05-23T20:47:49Z,d1ddc807#phase10c,bd27ab4a-bccb-407a-a984-d77d1d286e8a,ok,0.0,high,full,current_phase8,unknown,projected,derived_from_projected_minutes,43,0.0013
OG Anunoby,18,NYK,CLE,False,21713899,pr,starter,"stat_grid:component_convolution_mean_coherent_v1+components[pts:pmf_sim_v1+role_aware_pmf_cal_v1:starter+monotone_pit_cdf_v1,reb:pmf_sim_v1+role_aware_pmf_cal_v1:starter+monotone_pit_cdf_v1]+prior_combo[joint_sampler_v1+joint_combo_pmf_v1+role_aware_pmf_cal_v1:starter+monotone_pit_cdf_v1]+stat_grid_final_component_convolution_mean_coherent_v1",phase8_role_aware_pmf_cal_v1+monotone_inactive_global_v1,pre_close,2026-05-23T20:47:49Z,d1ddc807#phase10c,bd27ab4a-bccb-407a-a984-d77d1d286e8a,ok,0.0,high,full,current_phase8,unknown,projected,derived_from_projected_minutes,44,0.0008
OG Anunoby,18,NYK,CLE,False,21713899,pr,starter,"stat_grid:component_convolution_mean_coherent_v1+components[pts:pmf_sim_v1+role_aware_pmf_cal_v1:starter+monotone_pit_cdf_v1,reb:pmf_sim_v1+role_aware_pmf_cal_v1:starter+monotone_pit_cdf_v1]+prior_combo[joint_sampler_v1+joint_combo_pmf_v1+role_aware_pmf_cal_v1:starter+monotone_pit_cdf_v1]+stat_grid_final_component_convolution_mean_coherent_v1",phase8_role_aware_pmf_cal_v1+monotone_inactive_global_v1,pre_close,2026-05-23T20:47:49Z,d1ddc807#phase10c,bd27ab4a-bccb-407a-a984-d77d1d286e8a,ok,0.0,high,full,current_phase8,unknown,projected,derived_from_projected_minutes,45,0.0005
OG Anunoby,18,NYK,CLE,False,21713899,pr,starter,"stat_grid:component_convolution_mean_coherent_v1+components[pts:pmf_sim_v1+role_aware_pmf_cal_v1:starter+monotone_pit_cdf_v1,reb:pmf_sim_v1+role_aware_pmf_cal_v1:starter+monotone_pit_cdf_v1]+prior_combo[joint_sampler_v1+joint_combo_pmf_v1+role_aware_pmf_cal_v1:starter+monotone_pit_cdf_v1]+stat_grid_final_component_convolution_mean_coherent_v1",phase8_role_aware_pmf_cal_v1+monotone_inactive_global_v1,pre_close,2026-05-23T20:47:49Z,d1ddc807#phase10c,bd27ab4a-bccb-407a-a984-d77d1d286e8a,ok,0.0,high,full,current_phase8,unknown,projected,derived_from_projected_minutes,46,0.0003
OG Anunoby,18,NYK,CLE,False,21713899,pr,starter,"stat_grid:component_convolution_mean_coherent_v1+components[pts:pmf_sim_v1+role_aware_pmf_cal_v1:starter+monotone_pit_cdf_v1,reb:pmf_sim_v1+role_aware_pmf_cal_v1:starter+monotone_pit_cdf_v1]+prior_combo[joint_sampler_v1+joint_combo_pmf_v1+role_aware_pmf_cal_v1:starter+monotone_pit_cdf_v1]+stat_grid_final_component_convolution_mean_coherent_v1",phase8_role_aware_pmf_cal_v1+monotone_inactive_global_v1,pre_close,2026-05-23T20:47:49Z,d1ddc807#phase10c,bd27ab4a-bccb-407a-a984-d77d1d286e8a,ok,0.0,high,full,current_phase8,unknown,projected,derived_from_projected_minutes,47,0.0002
OG Anunoby,18,NYK,CLE,False,21713899,pr,starter,"stat_grid:component_convolution_mean_coherent_v1+components[pts:pmf_sim_v1+role_aware_pmf_cal_v1:starter+monotone_pit_cdf_v1,reb:pmf_sim_v1+role_aware_pmf_cal_v1:starter+monotone_pit_cdf_v1]+prior_combo[joint_sampler_v1+joint_combo_pmf_v1+role_aware_pmf_cal_v1:starter+monotone_pit_cdf_v1]+stat_grid_final_component_convolution_mean_coherent_v1",phase8_role_aware_pmf_cal_v1+monotone_inactive_global_v1,pre_close,2026-05-23T20:47:49Z,d1ddc807#phase10c,bd27ab4a-bccb-407a-a984-d77d1d286e8a,ok,0.0,high,full,current_phase8,unknown,projected,derived_from_projected_minutes,48,0.0002
OG Anunoby,18,NYK,CLE,False,21713899,pr,starter,"stat_grid:component_convolution_mean_coherent_v1+components[pts:pmf_sim_v1+role_aware_pmf_cal_v1:starter+monotone_pit_cdf_v1,reb:pmf_sim_v1+role_aware_pmf_cal_v1:starter+monotone_pit_cdf_v1]+prior_combo[joint_sampler_v1+joint_combo_pmf_v1+role_aware_pmf_cal_v1:starter+monotone_pit_cdf_v1]+stat_grid_final_component_convolution_mean_coherent_v1",phase8_role_aware_pmf_cal_v1+monotone_inactive_global_v1,pre_close,2026-05-23T20:47:49Z,d1ddc807#phase10c,bd27ab4a-bccb-407a-a984-d77d1d286e8a,ok,0.0,high,full,current_phase8,unknown,projected,derived_from_projected_minutes,49,0.0001
OG Anunoby,18,NYK,CLE,False,21713899,pr,starter,"stat_grid:component_convolution_mean_coherent_v1+components[pts:pmf_sim_v1+role_aware_pmf_cal_v1:starter+monotone_pit_cdf_v1,reb:pmf_sim_v1+role_aware_pmf_cal_v1:starter+monotone_pit_cdf_v1]+prior_combo[joint_sampler_v1+joint_combo_pmf_v1+role_aware_pmf_cal_v1:starter+monotone_pit_cdf_v1]+stat_grid_final_component_convolution_mean_coherent_v1",phase8_role_aware_pmf_cal_v1+monotone_inactive_global_v1,pre_close,2026-05-23T20:47:49Z,d1ddc807#phase10c,bd27ab4a-bccb-407a-a984-d77d1d286e8a,ok,0.0,high,full,current_phase8,unknown,projected,derived_from_projected_minutes,50,0.0001
OG Anunoby,18,NYK,CLE,False,21713899,pr,starter,"stat_grid:component_convolution_mean_coherent_v1+components[pts:pmf_sim_v1+role_aware_pmf_cal_v1:starter+monotone_pit_cdf_v1,reb:pmf_sim_v1+role_aware_pmf_cal_v1:starter+monotone_pit_cdf_v1]+prior_combo[joint_sampler_v1+joint_combo_pmf_v1+role_aware_pmf_cal_v1:starter+monotone_pit_cdf_v1]+stat_grid_final_component_convolution_mean_coherent_v1",phase8_role_aware_pmf_cal_v1+monotone_inactive_global_v1,pre_close,2026-05-23T20:47:49Z,d1ddc807#phase10c,bd27ab4a-bccb-407a-a984-d77d1d286e8a,ok,0.0,high,full,current_phase8,unknown,projected,derived_from_projected_minutes,51,0.0001
OG Anunoby,18,NYK,CLE,False,21713899,pr,starter,"stat_grid:component_convolution_mean_coherent_v1+components[pts:pmf_sim_v1+role_aware_pmf_cal_v1:starter+monotone_pit_cdf_v1,reb:pmf_sim_v1+role_aware_pmf_cal_v1:starter+monotone_pit_cdf_v1]+prior_combo[joint_sampler_v1+joint_combo_pmf_v1+role_aware_pmf_cal_v1:starter+monotone_pit_cdf_v1]+stat_grid_final_component_convolution_mean_coherent_v1",phase8_role_aware_pmf_cal_v1+monotone_inactive_global_v1,pre_close,2026-05-23T20:47:49Z,d1ddc807#phase10c,bd27ab4a-bccb-407a-a984-d77d1d286e8a,ok,0.0,high,full,current_phase8,unknown,projected,derived_from_projected_minutes,52,0.0
OG Anunoby,18,NYK,CLE,False,21713899,pr,starter,"stat_grid:component_convolution_mean_coherent_v1+components[pts:pmf_sim_v1+role_aware_pmf_cal_v1:starter+monotone_pit_cdf_v1,reb:pmf_sim_v1+role_aware_pmf_cal_v1:starter+monotone_pit_cdf_v1]+prior_combo[joint_sampler_v1+joint_combo_pmf_v1+role_aware_pmf_cal_v1:starter+monotone_pit_cdf_v1]+stat_grid_final_component_convolution_mean_coherent_v1",phase8_role_aware_pmf_cal_v1+monotone_inactive_global_v1,pre_close,2026-05-23T20:47:49Z,d1ddc807#phase10c,bd27ab4a-bccb-407a-a984-d77d1d286e8a,ok,0.0,high,full,current_phase8,unknown,projected,derived_from_projected_minutes,53,0.0
OG Anunoby,18,NYK,CLE,False,21713899,pr,starter,"stat_grid:component_convolution_mean_coherent_v1+components[pts:pmf_sim_v1+role_aware_pmf_cal_v1:starter+monotone_pit_cdf_v1,reb:pmf_sim_v1+role_aware_pmf_cal_v1:starter+monotone_pit_cdf_v1]+prior_combo[joint_sampler_v1+joint_combo_pmf_v1+role_aware_pmf_cal_v1:starter+monotone_pit_cdf_v1]+stat_grid_final_component_convolution_mean_coherent_v1",phase8_role_aware_pmf_cal_v1+monotone_inactive_global_v1,pre_close,2026-05-23T20:47:49Z,d1ddc807#phase10c,bd27ab4a-bccb-407a-a984-d77d1d286e8a,ok,0.0,high,full,current_phase8,unknown,projected,derived_from_projected_minutes,54,0.0
OG Anunoby,18,NYK,CLE,False,21713899,pr,starter,"stat_grid:component_convolution_mean_coherent_v1+components[pts:pmf_sim_v1+role_aware_pmf_cal_v1:starter+monotone_pit_cdf_v1,reb:pmf_sim_v1+role_aware_pmf_cal_v1:starter+monotone_pit_cdf_v1]+prior_combo[joint_sampler_v1+joint_combo_pmf_v1+role_aware_pmf_cal_v1:starter+monotone_pit_cdf_v1]+stat_grid_final_component_convolution_mean_coherent_v1",phase8_role_aware_pmf_cal_v1+monotone_inactive_global_v1,pre_close,2026-05-23T20:47:49Z,d1ddc807#phase10c,bd27ab4a-bccb-407a-a984-d77d1d286e8a,ok,0.0,high,full,current_phase8,unknown,projected,derived_from_projected_minutes,55,0.0
OG Anunoby,18,NYK,CLE,False,21713899,pr,starter,"stat_grid:component_convolution_mean_coherent_v1+components[pts:pmf_sim_v1+role_aware_pmf_cal_v1:starter+monotone_pit_cdf_v1,reb:pmf_sim_v1+role_aware_pmf_cal_v1:starter+monotone_pit_cdf_v1]+prior_combo[joint_sampler_v1+joint_combo_pmf_v1+role_aware_pmf_cal_v1:starter+monotone_pit_cdf_v1]+stat_grid_final_component_convolution_mean_coherent_v1",phase8_role_aware_pmf_cal_v1+monotone_inactive_global_v1,pre_close,2026-05-23T20:47:49Z,d1ddc807#phase10c,bd27ab4a-bccb-407a-a984-d77d1d286e8a,ok,0.0,high,full,current_phase8,unknown,projected,derived_from_projected_minutes,56,0.0
OG Anunoby,18,NYK,CLE,False,21713899,pr,starter,"stat_grid:component_convolution_mean_coherent_v1+components[pts:pmf_sim_v1+role_aware_pmf_cal_v1:starter+monotone_pit_cdf_v1,reb:pmf_sim_v1+role_aware_pmf_cal_v1:starter+monotone_pit_cdf_v1]+prior_combo[joint_sampler_v1+joint_combo_pmf_v1+role_aware_pmf_cal_v1:starter+monotone_pit_cdf_v1]+stat_grid_final_component_convolution_mean_coherent_v1",phase8_role_aware_pmf_cal_v1+monotone_inactive_global_v1,pre_close,2026-05-23T20:47:49Z,d1ddc807#phase10c,bd27ab4a-bccb-407a-a984-d77d1d286e8a,ok,0.0,high,full,current_phase8,unknown,projected,derived_from_projected_minutes,57,0.0
OG Anunoby,18,NYK,CLE,False,21713899,pr,starter,"stat_grid:component_convolution_mean_coherent_v1+components[pts:pmf_sim_v1+role_aware_pmf_cal_v1:starter+monotone_pit_cdf_v1,reb:pmf_sim_v1+role_aware_pmf_cal_v1:starter+monotone_pit_cdf_v1]+prior_combo[joint_sampler_v1+joint_combo_pmf_v1+role_aware_pmf_cal_v1:starter+monotone_pit_cdf_v1]+stat_grid_final_component_convolution_mean_coherent_v1",phase8_role_aware_pmf_cal_v1+monotone_inactive_global_v1,pre_close,2026-05-23T20:47:49Z,d1ddc807#phase10c,bd27ab4a-bccb-407a-a984-d77d1d286e8a,ok,0.0,high,full,current_phase8,unknown,projected,derived_from_projected_minutes,58,0.0
OG Anunoby,18,NYK,CLE,False,21713899,pr,starter,"stat_grid:component_convolution_mean_coherent_v1+components[pts:pmf_sim_v1+role_aware_pmf_cal_v1:starter+monotone_pit_cdf_v1,reb:pmf_sim_v1+role_aware_pmf_cal_v1:starter+monotone_pit_cdf_v1]+prior_combo[joint_sampler_v1+joint_combo_pmf_v1+role_aware_pmf_cal_v1:starter+monotone_pit_cdf_v1]+stat_grid_final_component_convolution_mean_coherent_v1",phase8_role_aware_pmf_cal_v1+monotone_inactive_global_v1,pre_close,2026-05-23T20:47:49Z,d1ddc807#phase10c,bd27ab4a-bccb-407a-a984-d77d1d286e8a,ok,0.0,high,full,current_phase8,unknown,projected,derived_from_projected_minutes,59,0.0
OG Anunoby,18,NYK,CLE,False,21713899,pr,starter,"stat_grid:component_convolution_mean_coherent_v1+components[pts:pmf_sim_v1+role_aware_pmf_cal_v1:starter+monotone_pit_cdf_v1,reb:pmf_sim_v1+role_aware_pmf_cal_v1:starter+monotone_pit_cdf_v1]+prior_combo[joint_sampler_v1+joint_combo_pmf_v1+role_aware_pmf_cal_v1:starter+monotone_pit_cdf_v1]+stat_grid_final_component_convolution_mean_coherent_v1",phase8_role_aware_pmf_cal_v1+monotone_inactive_global_v1,pre_close,2026-05-23T20:47:49Z,d1ddc807#phase10c,bd27ab4a-bccb-407a-a984-d77d1d286e8a,ok,0.0,high,full,current_phase8,unknown,projected,derived_from_projected_minutes,60,0.0
OG Anunoby,18,NYK,CLE,False,21713899,pr,starter,"stat_grid:component_convolution_mean_coherent_v1+components[pts:pmf_sim_v1+role_aware_pmf_cal_v1:starter+monotone_pit_cdf_v1,reb:pmf_sim_v1+role_aware_pmf_cal_v1:starter+monotone_pit_cdf_v1]+prior_combo[joint_sampler_v1+joint_combo_pmf_v1+role_aware_pmf_cal_v1:starter+monotone_pit_cdf_v1]+stat_grid_final_component_convolution_mean_coherent_v1",phase8_role_aware_pmf_cal_v1+monotone_inactive_global_v1,pre_close,2026-05-23T20:47:49Z,d1ddc807#phase10c,bd27ab4a-bccb-407a-a984-d77d1d286e8a,ok,0.0,high,full,current_phase8,unknown,projected,derived_from_projected_minutes,61,0.0
OG Anunoby,18,NYK,CLE,False,21713899,pr,starter,"stat_grid:component_convolution_mean_coherent_v1+components[pts:pmf_sim_v1+role_aware_pmf_cal_v1:starter+monotone_pit_cdf_v1,reb:pmf_sim_v1+role_aware_pmf_cal_v1:starter+monotone_pit_cdf_v1]+prior_combo[joint_sampler_v1+joint_combo_pmf_v1+role_aware_pmf_cal_v1:starter+monotone_pit_cdf_v1]+stat_grid_final_component_convolution_mean_coherent_v1",phase8_role_aware_pmf_cal_v1+monotone_inactive_global_v1,pre_close,2026-05-23T20:47:49Z,d1ddc807#phase10c,bd27ab4a-bccb-407a-a984-d77d1d286e8a,ok,0.0,high,full,current_phase8,unknown,projected,derived_from_projected_minutes,62,0.0
OG Anunoby,18,NYK,CLE,False,21713899,pr,starter,"stat_grid:component_convolution_mean_coherent_v1+components[pts:pmf_sim_v1+role_aware_pmf_cal_v1:starter+monotone_pit_cdf_v1,reb:pmf_sim_v1+role_aware_pmf_cal_v1:starter+monotone_pit_cdf_v1]+prior_combo[joint_sampler_v1+joint_combo_pmf_v1+role_aware_pmf_cal_v1:starter+monotone_pit_cdf_v1]+stat_grid_final_component_convolution_mean_coherent_v1",phase8_role_aware_pmf_cal_v1+monotone_inactive_global_v1,pre_close,2026-05-23T20:47:49Z,d1ddc807#phase10c,bd27ab4a-bccb-407a-a984-d77d1d286e8a,ok,0.0,high,full,current_phase8,unknown,projected,derived_from_projected_minutes,63,0.0
OG Anunoby,18,NYK,CLE,False,21713899,pr,starter,"stat_grid:component_convolution_mean_coherent_v1+components[pts:pmf_sim_v1+role_aware_pmf_cal_v1:starter+monotone_pit_cdf_v1,reb:pmf_sim_v1+role_aware_pmf_cal_v1:starter+monotone_pit_cdf_v1]+prior_combo[joint_sampler_v1+joint_combo_pmf_v1+role_aware_pmf_cal_v1:starter+monotone_pit_cdf_v1]+stat_grid_final_component_convolution_mean_coherent_v1",phase8_role_aware_pmf_cal_v1+monotone_inactive_global_v1,pre_close,2026-05-23T20:47:49Z,d1ddc807#phase10c,bd27ab4a-bccb-407a-a984-d77d1d286e8a,ok,0.0,high,full,current_phase8,unknown,projected,derived_from_projected_minutes,64,0.0
OG Anunoby,18,NYK,CLE,False,21713899,pr,starter,"stat_grid:component_convolution_mean_coherent_v1+components[pts:pmf_sim_v1+role_aware_pmf_cal_v1:starter+monotone_pit_cdf_v1,reb:pmf_sim_v1+role_aware_pmf_cal_v1:starter+monotone_pit_cdf_v1]+prior_combo[joint_sampler_v1+joint_combo_pmf_v1+role_aware_pmf_cal_v1:starter+monotone_pit_cdf_v1]+stat_grid_final_component_convolution_mean_coherent_v1",phase8_role_aware_pmf_cal_v1+monotone_inactive_global_v1,pre_close,2026-05-23T20:47:49Z,d1ddc807#phase10c,bd27ab4a-bccb-407a-a984-d77d1d286e8a,ok,0.0,high,full,current_phase8,unknown,projected,derived_from_projected_minutes,65,0.0
OG Anunoby,18,NYK,CLE,False,21713899,pr,starter,"stat_grid:component_convolution_mean_coherent_v1+components[pts:pmf_sim_v1+role_aware_pmf_cal_v1:starter+monotone_pit_cdf_v1,reb:pmf_sim_v1+role_aware_pmf_cal_v1:starter+monotone_pit_cdf_v1]+prior_combo[joint_sampler_v1+joint_combo_pmf_v1+role_aware_pmf_cal_v1:starter+monotone_pit_cdf_v1]+stat_grid_final_component_convolution_mean_coherent_v1",phase8_role_aware_pmf_cal_v1+monotone_inactive_global_v1,pre_close,2026-05-23T20:47:49Z,d1ddc807#phase10c,bd27ab4a-bccb-407a-a984-d77d1d286e8a,ok,0.0,high,full,current_phase8,unknown,projected,derived_from_projected_minutes,66,0.0
OG Anunoby,18,NYK,CLE,False,21713899,pr,starter,"stat_grid:component_convolution_mean_coherent_v1+components[pts:pmf_sim_v1+role_aware_pmf_cal_v1:starter+monotone_pit_cdf_v1,reb:pmf_sim_v1+role_aware_pmf_cal_v1:starter+monotone_pit_cdf_v1]+prior_combo[joint_sampler_v1+joint_combo_pmf_v1+role_aware_pmf_cal_v1:starter+monotone_pit_cdf_v1]+stat_grid_final_component_convolution_mean_coherent_v1",phase8_role_aware_pmf_cal_v1+monotone_inactive_global_v1,pre_close,2026-05-23T20:47:49Z,d1ddc807#phase10c,bd27ab4a-bccb-407a-a984-d77d1d286e8a,ok,0.0,high,full,current_phase8,unknown,projected,derived_from_projected_minutes,67,0.0
OG Anunoby,18,NYK,CLE,False,21713899,pr,starter,"stat_grid:component_convolution_mean_coherent_v1+components[pts:pmf_sim_v1+role_aware_pmf_cal_v1:starter+monotone_pit_cdf_v1,reb:pmf_sim_v1+role_aware_pmf_cal_v1:starter+monotone_pit_cdf_v1]+prior_combo[joint_sampler_v1+joint_combo_pmf_v1+role_aware_pmf_cal_v1:starter+monotone_pit_cdf_v1]+stat_grid_final_component_convolution_mean_coherent_v1",phase8_role_aware_pmf_cal_v1+monotone_inactive_global_v1,pre_close,2026-05-23T20:47:49Z,d1ddc807#phase10c,bd27ab4a-bccb-407a-a984-d77d1d286e8a,ok,0.0,high,full,current_phase8,unknown,projected,derived_from_projected_minutes,68,0.0
OG Anunoby,18,NYK,CLE,False,21713899,pr,starter,"stat_grid:component_convolution_mean_coherent_v1+components[pts:pmf_sim_v1+role_aware_pmf_cal_v1:starter+monotone_pit_cdf_v1,reb:pmf_sim_v1+role_aware_pmf_cal_v1:starter+monotone_pit_cdf_v1]+prior_combo[joint_sampler_v1+joint_combo_pmf_v1+role_aware_pmf_cal_v1:starter+monotone_pit_cdf_v1]+stat_grid_final_component_convolution_mean_coherent_v1",phase8_role_aware_pmf_cal_v1+monotone_inactive_global_v1,pre_close,2026-05-23T20:47:49Z,d1ddc807#phase10c,bd27ab4a-bccb-407a-a984-d77d1d286e8a,ok,0.0,high,full,current_phase8,unknown,projected,derived_from_projected_minutes,69,0.0
OG Anunoby,18,NYK,CLE,False,21713899,pr,starter,"stat_grid:component_convolution_mean_coherent_v1+components[pts:pmf_sim_v1+role_aware_pmf_cal_v1:starter+monotone_pit_cdf_v1,reb:pmf_sim_v1+role_aware_pmf_cal_v1:starter+monotone_pit_cdf_v1]+prior_combo[joint_sampler_v1+joint_combo_pmf_v1+role_aware_pmf_cal_v1:starter+monotone_pit_cdf_v1]+stat_grid_final_component_convolution_mean_coherent_v1",phase8_role_aware_pmf_cal_v1+monotone_inactive_global_v1,pre_close,2026-05-23T20:47:49Z,d1ddc807#phase10c,bd27ab4a-bccb-407a-a984-d77d1d286e8a,ok,0.0,high,full,current_phase8,unknown,projected,derived_from_projected_minutes,70,0.0
OG Anunoby,18,NYK,CLE,False,21713899,pr,starter,"stat_grid:component_convolution_mean_coherent_v1+components[pts:pmf_sim_v1+role_aware_pmf_cal_v1:starter+monotone_pit_cdf_v1,reb:pmf_sim_v1+role_aware_pmf_cal_v1:starter+monotone_pit_cdf_v1]+prior_combo[joint_sampler_v1+joint_combo_pmf_v1+role_aware_pmf_cal_v1:starter+monotone_pit_cdf_v1]+stat_grid_final_component_convolution_mean_coherent_v1",phase8_role_aware_pmf_cal_v1+monotone_inactive_global_v1,pre_close,2026-05-23T20:47:49Z,d1ddc807#phase10c,bd27ab4a-bccb-407a-a984-d77d1d286e8a,ok,0.0,high,full,current_phase8,unknown,projected,derived_from_projected_minutes,71,0.0
OG Anunoby,18,NYK,CLE,False,21713899,pr,starter,"stat_grid:component_convolution_mean_coherent_v1+components[pts:pmf_sim_v1+role_aware_pmf_cal_v1:starter+monotone_pit_cdf_v1,reb:pmf_sim_v1+role_aware_pmf_cal_v1:starter+monotone_pit_cdf_v1]+prior_combo[joint_sampler_v1+joint_combo_pmf_v1+role_aware_pmf_cal_v1:starter+monotone_pit_cdf_v1]+stat_grid_final_component_convolution_mean_coherent_v1",phase8_role_aware_pmf_cal_v1+monotone_inactive_global_v1,pre_close,2026-05-23T20:47:49Z,d1ddc807#phase10c,bd27ab4a-bccb-407a-a984-d77d1d286e8a,ok,0.0,high,full,current_phase8,unknown,projected,derived_from_projected_minutes,72,0.0
OG Anunoby,18,NYK,CLE,False,21713899,pr,starter,"stat_grid:component_convolution_mean_coherent_v1+components[pts:pmf_sim_v1+role_aware_pmf_cal_v1:starter+monotone_pit_cdf_v1,reb:pmf_sim_v1+role_aware_pmf_cal_v1:starter+monotone_pit_cdf_v1]+prior_combo[joint_sampler_v1+joint_combo_pmf_v1+role_aware_pmf_cal_v1:starter+monotone_pit_cdf_v1]+stat_grid_final_component_convolution_mean_coherent_v1",phase8_role_aware_pmf_cal_v1+monotone_inactive_global_v1,pre_close,2026-05-23T20:47:49Z,d1ddc807#phase10c,bd27ab4a-bccb-407a-a984-d77d1d286e8a,ok,0.0,high,full,current_phase8,unknown,projected,derived_from_projected_minutes,73,0.0
OG Anunoby,18,NYK,CLE,False,21713899,pr,starter,"stat_grid:component_convolution_mean_coherent_v1+components[pts:pmf_sim_v1+role_aware_pmf_cal_v1:starter+monotone_pit_cdf_v1,reb:pmf_sim_v1+role_aware_pmf_cal_v1:starter+monotone_pit_cdf_v1]+prior_combo[joint_sampler_v1+joint_combo_pmf_v1+role_aware_pmf_cal_v1:starter+monotone_pit_cdf_v1]+stat_grid_final_component_convolution_mean_coherent_v1",phase8_role_aware_pmf_cal_v1+monotone_inactive_global_v1,pre_close,2026-05-23T20:47:49Z,d1ddc807#phase10c,bd27ab4a-bccb-407a-a984-d77d1d286e8a,ok,0.0,high,full,current_phase8,unknown,projected,derived_from_projected_minutes,74,0.0
OG Anunoby,18,NYK,CLE,False,21713899,pr,starter,"stat_grid:component_convolution_mean_coherent_v1+components[pts:pmf_sim_v1+role_aware_pmf_cal_v1:starter+monotone_pit_cdf_v1,reb:pmf_sim_v1+role_aware_pmf_cal_v1:starter+monotone_pit_cdf_v1]+prior_combo[joint_sampler_v1+joint_combo_pmf_v1+role_aware_pmf_cal_v1:starter+monotone_pit_cdf_v1]+stat_grid_final_component_convolution_mean_coherent_v1",phase8_role_aware_pmf_cal_v1+monotone_inactive_global_v1,pre_close,2026-05-23T20:47:49Z,d1ddc807#phase10c,bd27ab4a-bccb-407a-a984-d77d1d286e8a,ok,0.0,high,full,current_phase8,unknown,projected,derived_from_projected_minutes,75,0.0
OG Anunoby,18,NYK,CLE,False,21713899,pr,starter,"stat_grid:component_convolution_mean_coherent_v1+components[pts:pmf_sim_v1+role_aware_pmf_cal_v1:starter+monotone_pit_cdf_v1,reb:pmf_sim_v1+role_aware_pmf_cal_v1:starter+monotone_pit_cdf_v1]+prior_combo[joint_sampler_v1+joint_combo_pmf_v1+role_aware_pmf_cal_v1:starter+monotone_pit_cdf_v1]+stat_grid_final_component_convolution_mean_coherent_v1",phase8_role_aware_pmf_cal_v1+monotone_inactive_global_v1,pre_close,2026-05-23T20:47:49Z,d1ddc807#phase10c,bd27ab4a-bccb-407a-a984-d77d1d286e8a,ok,0.0,high,full,current_phase8,unknown,projected,derived_from_projected_minutes,76,0.0
OG Anunoby,18,NYK,CLE,False,21713899,pr,starter,"stat_grid:component_convolution_mean_coherent_v1+components[pts:pmf_sim_v1+role_aware_pmf_cal_v1:starter+monotone_pit_cdf_v1,reb:pmf_sim_v1+role_aware_pmf_cal_v1:starter+monotone_pit_cdf_v1]+prior_combo[joint_sampler_v1+joint_combo_pmf_v1+role_aware_pmf_cal_v1:starter+monotone_pit_cdf_v1]+stat_grid_final_component_convolution_mean_coherent_v1",phase8_role_aware_pmf_cal_v1+monotone_inactive_global_v1,pre_close,2026-05-23T20:47:49Z,d1ddc807#phase10c,bd27ab4a-bccb-407a-a984-d77d1d286e8a,ok,0.0,high,full,current_phase8,unknown,projected,derived_from_projected_minutes,77,0.0
OG Anunoby,18,NYK,CLE,False,21713899,pr,starter,"stat_grid:component_convolution_mean_coherent_v1+components[pts:pmf_sim_v1+role_aware_pmf_cal_v1:starter+monotone_pit_cdf_v1,reb:pmf_sim_v1+role_aware_pmf_cal_v1:starter+monotone_pit_cdf_v1]+prior_combo[joint_sampler_v1+joint_combo_pmf_v1+role_aware_pmf_cal_v1:starter+monotone_pit_cdf_v1]+stat_grid_final_component_convolution_mean_coherent_v1",phase8_role_aware_pmf_cal_v1+monotone_inactive_global_v1,pre_close,2026-05-23T20:47:49Z,d1ddc807#phase10c,bd27ab4a-bccb-407a-a984-d77d1d286e8a,ok,0.0,high,full,current_phase8,unknown,projected,derived_from_projected_minutes,78,0.0
OG Anunoby,18,NYK,CLE,False,21713899,pr,starter,"stat_grid:component_convolution_mean_coherent_v1+components[pts:pmf_sim_v1+role_aware_pmf_cal_v1:starter+monotone_pit_cdf_v1,reb:pmf_sim_v1+role_aware_pmf_cal_v1:starter+monotone_pit_cdf_v1]+prior_combo[joint_sampler_v1+joint_combo_pmf_v1+role_aware_pmf_cal_v1:starter+monotone_pit_cdf_v1]+stat_grid_final_component_convolution_mean_coherent_v1",phase8_role_aware_pmf_cal_v1+monotone_inactive_global_v1,pre_close,2026-05-23T20:47:49Z,d1ddc807#phase10c,bd27ab4a-bccb-407a-a984-d77d1d286e8a,ok,0.0,high,full,current_phase8,unknown,projected,derived_from_projected_minutes,79,0.0
OG Anunoby,18,NYK,CLE,False,21713899,pr,starter,"stat_grid:component_convolution_mean_coherent_v1+components[pts:pmf_sim_v1+role_aware_pmf_cal_v1:starter+monotone_pit_cdf_v1,reb:pmf_sim_v1+role_aware_pmf_cal_v1:starter+monotone_pit_cdf_v1]+prior_combo[joint_sampler_v1+joint_combo_pmf_v1+role_aware_pmf_cal_v1:starter+monotone_pit_cdf_v1]+stat_grid_final_component_convolution_mean_coherent_v1",phase8_role_aware_pmf_cal_v1+monotone_inactive_global_v1,pre_close,2026-05-23T20:47:49Z,d1ddc807#phase10c,bd27ab4a-bccb-407a-a984-d77d1d286e8a,ok,0.0,high,full,current_phase8,unknown,projected,derived_from_projected_minutes,80,0.0
OG Anunoby,18,NYK,CLE,False,21713899,pr,starter,"stat_grid:component_convolution_mean_coherent_v1+components[pts:pmf_sim_v1+role_aware_pmf_cal_v1:starter+monotone_pit_cdf_v1,reb:pmf_sim_v1+role_aware_pmf_cal_v1:starter+monotone_pit_cdf_v1]+prior_combo[joint_sampler_v1+joint_combo_pmf_v1+role_aware_pmf_cal_v1:starter+monotone_pit_cdf_v1]+stat_grid_final_component_convolution_mean_coherent_v1",phase8_role_aware_pmf_cal_v1+monotone_inactive_global_v1,pre_close,2026-05-23T20:47:49Z,d1ddc807#phase10c,bd27ab4a-bccb-407a-a984-d77d1d286e8a,ok,0.0,high,full,current_phase8,unknown,projected,derived_from_projected_minutes,81,0.0
OG Anunoby,18,NYK,CLE,False,21713899,pr,starter,"stat_grid:component_convolution_mean_coherent_v1+components[pts:pmf_sim_v1+role_aware_pmf_cal_v1:starter+monotone_pit_cdf_v1,reb:pmf_sim_v1+role_aware_pmf_cal_v1:starter+monotone_pit_cdf_v1]+prior_combo[joint_sampler_v1+joint_combo_pmf_v1+role_aware_pmf_cal_v1:starter+monotone_pit_cdf_v1]+stat_grid_final_component_convolution_mean_coherent_v1",phase8_role_aware_pmf_cal_v1+monotone_inactive_global_v1,pre_close,2026-05-23T20:47:49Z,d1ddc807#phase10c,bd27ab4a-bccb-407a-a984-d77d1d286e8a,ok,0.0,high,full,current_phase8,unknown,projected,derived_from_projected_minutes,82,0.0
OG Anunoby,18,NYK,CLE,False,21713899,pr,starter,"stat_grid:component_convolution_mean_coherent_v1+components[pts:pmf_sim_v1+role_aware_pmf_cal_v1:starter+monotone_pit_cdf_v1,reb:pmf_sim_v1+role_aware_pmf_cal_v1:starter+monotone_pit_cdf_v1]+prior_combo[joint_sampler_v1+joint_combo_pmf_v1+role_aware_pmf_cal_v1:starter+monotone_pit_cdf_v1]+stat_grid_final_component_convolution_mean_coherent_v1",phase8_role_aware_pmf_cal_v1+monotone_inactive_global_v1,pre_close,2026-05-23T20:47:49Z,d1ddc807#phase10c,bd27ab4a-bccb-407a-a984-d77d1d286e8a,ok,0.0,high,full,current_phase8,unknown,projected,derived_from_projected_minutes,83,0.0
OG Anunoby,18,NYK,CLE,False,21713899,pr,starter,"stat_grid:component_convolution_mean_coherent_v1+components[pts:pmf_sim_v1+role_aware_pmf_cal_v1:starter+monotone_pit_cdf_v1,reb:pmf_sim_v1+role_aware_pmf_cal_v1:starter+monotone_pit_cdf_v1]+prior_combo[joint_sampler_v1+joint_combo_pmf_v1+role_aware_pmf_cal_v1:starter+monotone_pit_cdf_v1]+stat_grid_final_component_convolution_mean_coherent_v1",phase8_role_aware_pmf_cal_v1+monotone_inactive_global_v1,pre_close,2026-05-23T20:47:49Z,d1ddc807#phase10c,bd27ab4a-bccb-407a-a984-d77d1d286e8a,ok,0.0,high,full,current_phase8,unknown,projected,derived_from_projected_minutes,84,0.0
OG Anunoby,18,NYK,CLE,False,21713899,pr,starter,"stat_grid:component_convolution_mean_coherent_v1+components[pts:pmf_sim_v1+role_aware_pmf_cal_v1:starter+monotone_pit_cdf_v1,reb:pmf_sim_v1+role_aware_pmf_cal_v1:starter+monotone_pit_cdf_v1]+prior_combo[joint_sampler_v1+joint_combo_pmf_v1+role_aware_pmf_cal_v1:starter+monotone_pit_cdf_v1]+stat_grid_final_component_convolution_mean_coherent_v1",phase8_role_aware_pmf_cal_v1+monotone_inactive_global_v1,pre_close,2026-05-23T20:47:49Z,d1ddc807#phase10c,bd27ab4a-bccb-407a-a984-d77d1d286e8a,ok,0.0,high,full,current_phase8,unknown,projected,derived_from_projected_minutes,85,0.0
OG Anunoby,18,NYK,CLE,False,21713899,pr,starter,"stat_grid:component_convolution_mean_coherent_v1+components[pts:pmf_sim_v1+role_aware_pmf_cal_v1:starter+monotone_pit_cdf_v1,reb:pmf_sim_v1+role_aware_pmf_cal_v1:starter+monotone_pit_cdf_v1]+prior_combo[joint_sampler_v1+joint_combo_pmf_v1+role_aware_pmf_cal_v1:starter+monotone_pit_cdf_v1]+stat_grid_final_component_convolution_mean_coherent_v1",phase8_role_aware_pmf_cal_v1+monotone_inactive_global_v1,pre_close,2026-05-23T20:47:49Z,d1ddc807#phase10c,bd27ab4a-bccb-407a-a984-d77d1d286e8a,ok,0.0,high,full,current_phase8,unknown,projected,derived_from_projected_minutes,86,0.0
OG Anunoby,18,NYK,CLE,False,21713899,pr,starter,"stat_grid:component_convolution_mean_coherent_v1+components[pts:pmf_sim_v1+role_aware_pmf_cal_v1:starter+monotone_pit_cdf_v1,reb:pmf_sim_v1+role_aware_pmf_cal_v1:starter+monotone_pit_cdf_v1]+prior_combo[joint_sampler_v1+joint_combo_pmf_v1+role_aware_pmf_cal_v1:starter+monotone_pit_cdf_v1]+stat_grid_final_component_convolution_mean_coherent_v1",phase8_role_aware_pmf_cal_v1+monotone_inactive_global_v1,pre_close,2026-05-23T20:47:49Z,d1ddc807#phase10c,bd27ab4a-bccb-407a-a984-d77d1d286e8a,ok,0.0,high,full,current_phase8,unknown,projected,derived_from_projected_minutes,87,0.0
OG Anunoby,18,NYK,CLE,False,21713899,pr,starter,"stat_grid:component_convolution_mean_coherent_v1+components[pts:pmf_sim_v1+role_aware_pmf_cal_v1:starter+monotone_pit_cdf_v1,reb:pmf_sim_v1+role_aware_pmf_cal_v1:starter+monotone_pit_cdf_v1]+prior_combo[joint_sampler_v1+joint_combo_pmf_v1+role_aware_pmf_cal_v1:starter+monotone_pit_cdf_v1]+stat_grid_final_component_convolution_mean_coherent_v1",phase8_role_aware_pmf_cal_v1+monotone_inactive_global_v1,pre_close,2026-05-23T20:47:49Z,d1ddc807#phase10c,bd27ab4a-bccb-407a-a984-d77d1d286e8a,ok,0.0,high,full,current_phase8,unknown,projected,derived_from_projected_minutes,88,0.0
OG Anunoby,18,NYK,CLE,False,21713899,pr,starter,"stat_grid:component_convolution_mean_coherent_v1+components[pts:pmf_sim_v1+role_aware_pmf_cal_v1:starter+monotone_pit_cdf_v1,reb:pmf_sim_v1+role_aware_pmf_cal_v1:starter+monotone_pit_cdf_v1]+prior_combo[joint_sampler_v1+joint_combo_pmf_v1+role_aware_pmf_cal_v1:starter+monotone_pit_cdf_v1]+stat_grid_final_component_convolution_mean_coherent_v1",phase8_role_aware_pmf_cal_v1+monotone_inactive_global_v1,pre_close,2026-05-23T20:47:49Z,d1ddc807#phase10c,bd27ab4a-bccb-407a-a984-d77d1d286e8a,ok,0.0,high,full,current_phase8,unknown,projected,derived_from_projected_minutes,89,0.0
OG Anunoby,18,NYK,CLE,False,21713899,pr,starter,"stat_grid:component_convolution_mean_coherent_v1+components[pts:pmf_sim_v1+role_aware_pmf_cal_v1:starter+monotone_pit_cdf_v1,reb:pmf_sim_v1+role_aware_pmf_cal_v1:starter+monotone_pit_cdf_v1]+prior_combo[joint_sampler_v1+joint_combo_pmf_v1+role_aware_pmf_cal_v1:starter+monotone_pit_cdf_v1]+stat_grid_final_component_convolution_mean_coherent_v1",phase8_role_aware_pmf_cal_v1+monotone_inactive_global_v1,pre_close,2026-05-23T20:47:49Z,d1ddc807#phase10c,bd27ab4a-bccb-407a-a984-d77d1d286e8a,ok,0.0,high,full,current_phase8,unknown,projected,derived_from_projected_minutes,90,0.0
OG Anunoby,18,NYK,CLE,False,21713899,pr,starter,"stat_grid:component_convolution_mean_coherent_v1+components[pts:pmf_sim_v1+role_aware_pmf_cal_v1:starter+monotone_pit_cdf_v1,reb:pmf_sim_v1+role_aware_pmf_cal_v1:starter+monotone_pit_cdf_v1]+prior_combo[joint_sampler_v1+joint_combo_pmf_v1+role_aware_pmf_cal_v1:starter+monotone_pit_cdf_v1]+stat_grid_final_component_convolution_mean_coherent_v1",phase8_role_aware_pmf_cal_v1+monotone_inactive_global_v1,pre_close,2026-05-23T20:47:49Z,d1ddc807#phase10c,bd27ab4a-bccb-407a-a984-d77d1d286e8a,ok,0.0,high,full,current_phase8,unknown,projected,derived_from_projected_minutes,91,0.0
OG Anunoby,18,NYK,CLE,False,21713899,pr,starter,"stat_grid:component_convolution_mean_coherent_v1+components[pts:pmf_sim_v1+role_aware_pmf_cal_v1:starter+monotone_pit_cdf_v1,reb:pmf_sim_v1+role_aware_pmf_cal_v1:starter+monotone_pit_cdf_v1]+prior_combo[joint_sampler_v1+joint_combo_pmf_v1+role_aware_pmf_cal_v1:starter+monotone_pit_cdf_v1]+stat_grid_final_component_convolution_mean_coherent_v1",phase8_role_aware_pmf_cal_v1+monotone_inactive_global_v1,pre_close,2026-05-23T20:47:49Z,d1ddc807#phase10c,bd27ab4a-bccb-407a-a984-d77d1d286e8a,ok,0.0,high,full,current_phase8,unknown,projected,derived_from_projected_minutes,92,0.0
OG Anunoby,18,NYK,CLE,False,21713899,pr,starter,"stat_grid:component_convolution_mean_coherent_v1+components[pts:pmf_sim_v1+role_aware_pmf_cal_v1:starter+monotone_pit_cdf_v1,reb:pmf_sim_v1+role_aware_pmf_cal_v1:starter+monotone_pit_cdf_v1]+prior_combo[joint_sampler_v1+joint_combo_pmf_v1+role_aware_pmf_cal_v1:starter+monotone_pit_cdf_v1]+stat_grid_final_component_convolution_mean_coherent_v1",phase8_role_aware_pmf_cal_v1+monotone_inactive_global_v1,pre_close,2026-05-23T20:47:49Z,d1ddc807#phase10c,bd27ab4a-bccb-407a-a984-d77d1d286e8a,ok,0.0,high,full,current_phase8,unknown,projected,derived_from_projected_minutes,93,0.0
OG Anunoby,18,NYK,CLE,False,21713899,pr,starter,"stat_grid:component_convolution_mean_coherent_v1+components[pts:pmf_sim_v1+role_aware_pmf_cal_v1:starter+monotone_pit_cdf_v1,reb:pmf_sim_v1+role_aware_pmf_cal_v1:starter+monotone_pit_cdf_v1]+prior_combo[joint_sampler_v1+joint_combo_pmf_v1+role_aware_pmf_cal_v1:starter+monotone_pit_cdf_v1]+stat_grid_final_component_convolution_mean_coherent_v1",phase8_role_aware_pmf_cal_v1+monotone_inactive_global_v1,pre_close,2026-05-23T20:47:49Z,d1ddc807#phase10c,bd27ab4a-bccb-407a-a984-d77d1d286e8a,ok,0.0,high,full,current_phase8,unknown,projected,derived_from_projected_minutes,94,0.0
OG Anunoby,18,NYK,CLE,False,21713899,pr,starter,"stat_grid:component_convolution_mean_coherent_v1+components[pts:pmf_sim_v1+role_aware_pmf_cal_v1:starter+monotone_pit_cdf_v1,reb:pmf_sim_v1+role_aware_pmf_cal_v1:starter+monotone_pit_cdf_v1]+prior_combo[joint_sampler_v1+joint_combo_pmf_v1+role_aware_pmf_cal_v1:starter+monotone_pit_cdf_v1]+stat_grid_final_component_convolution_mean_coherent_v1",phase8_role_aware_pmf_cal_v1+monotone_inactive_global_v1,pre_close,2026-05-23T20:47:49Z,d1ddc807#phase10c,bd27ab4a-bccb-407a-a984-d77d1d286e8a,ok,0.0,high,full,current_phase8,unknown,projected,derived_from_projected_minutes,95,0.0
OG Anunoby,18,NYK,CLE,False,21713899,pr,starter,"stat_grid:component_convolution_mean_coherent_v1+components[pts:pmf_sim_v1+role_aware_pmf_cal_v1:starter+monotone_pit_cdf_v1,reb:pmf_sim_v1+role_aware_pmf_cal_v1:starter+monotone_pit_cdf_v1]+prior_combo[joint_sampler_v1+joint_combo_pmf_v1+role_aware_pmf_cal_v1:starter+monotone_pit_cdf_v1]+stat_grid_final_component_convolution_mean_coherent_v1",phase8_role_aware_pmf_cal_v1+monotone_inactive_global_v1,pre_close,2026-05-23T20:47:49Z,d1ddc807#phase10c,bd27ab4a-bccb-407a-a984-d77d1d286e8a,ok,0.0,high,full,current_phase8,unknown,projected,derived_from_projected_minutes,96,0.0
OG Anunoby,18,NYK,CLE,False,21713899,pr,starter,"stat_grid:component_convolution_mean_coherent_v1+components[pts:pmf_sim_v1+role_aware_pmf_cal_v1:starter+monotone_pit_cdf_v1,reb:pmf_sim_v1+role_aware_pmf_cal_v1:starter+monotone_pit_cdf_v1]+prior_combo[joint_sampler_v1+joint_combo_pmf_v1+role_aware_pmf_cal_v1:starter+monotone_pit_cdf_v1]+stat_grid_final_component_convolution_mean_coherent_v1",phase8_role_aware_pmf_cal_v1+monotone_inactive_global_v1,pre_close,2026-05-23T20:47:49Z,d1ddc807#phase10c,bd27ab4a-bccb-407a-a984-d77d1d286e8a,ok,0.0,high,full,current_phase8,unknown,projected,derived_from_projected_minutes,97,0.0
OG Anunoby,18,NYK,CLE,False,21713899,pr,starter,"stat_grid:component_convolution_mean_coherent_v1+components[pts:pmf_sim_v1+role_aware_pmf_cal_v1:starter+monotone_pit_cdf_v1,reb:pmf_sim_v1+role_aware_pmf_cal_v1:starter+monotone_pit_cdf_v1]+prior_combo[joint_sampler_v1+joint_combo_pmf_v1+role_aware_pmf_cal_v1:starter+monotone_pit_cdf_v1]+stat_grid_final_component_convolution_mean_coherent_v1",phase8_role_aware_pmf_cal_v1+monotone_inactive_global_v1,pre_close,2026-05-23T20:47:49Z,d1ddc807#phase10c,bd27ab4a-bccb-407a-a984-d77d1d286e8a,ok,0.0,high,full,current_phase8,unknown,projected,derived_from_projected_minutes,98,0.0
OG Anunoby,18,NYK,CLE,False,21713899,pr,starter,"stat_grid:component_convolution_mean_coherent_v1+components[pts:pmf_sim_v1+role_aware_pmf_cal_v1:starter+monotone_pit_cdf_v1,reb:pmf_sim_v1+role_aware_pmf_cal_v1:starter+monotone_pit_cdf_v1]+prior_combo[joint_sampler_v1+joint_combo_pmf_v1+role_aware_pmf_cal_v1:starter+monotone_pit_cdf_v1]+stat_grid_final_component_convolution_mean_coherent_v1",phase8_role_aware_pmf_cal_v1+monotone_inactive_global_v1,pre_close,2026-05-23T20:47:49Z,d1ddc807#phase10c,bd27ab4a-bccb-407a-a984-d77d1d286e8a,ok,0.0,high,full,current_phase8,unknown,projected,derived_from_projected_minutes,99,0.0
OG Anunoby,18,NYK,CLE,False,21713899,pr,starter,"stat_grid:component_convolution_mean_coherent_v1+components[pts:pmf_sim_v1+role_aware_pmf_cal_v1:starter+monotone_pit_cdf_v1,reb:pmf_sim_v1+role_aware_pmf_cal_v1:starter+monotone_pit_cdf_v1]+prior_combo[joint_sampler_v1+joint_combo_pmf_v1+role_aware_pmf_cal_v1:starter+monotone_pit_cdf_v1]+stat_grid_final_component_convolution_mean_coherent_v1",phase8_role_aware_pmf_cal_v1+monotone_inactive_global_v1,pre_close,2026-05-23T20:47:49Z,d1ddc807#phase10c,bd27ab4a-bccb-407a-a984-d77d1d286e8a,ok,0.0,high,full,current_phase8,unknown,projected,derived_from_projected_minutes,100,0.0
OG Anunoby,18,NYK,CLE,False,21713899,pr,starter,"stat_grid:component_convolution_mean_coherent_v1+components[pts:pmf_sim_v1+role_aware_pmf_cal_v1:starter+monotone_pit_cdf_v1,reb:pmf_sim_v1+role_aware_pmf_cal_v1:starter+monotone_pit_cdf_v1]+prior_combo[joint_sampler_v1+joint_combo_pmf_v1+role_aware_pmf_cal_v1:starter+monotone_pit_cdf_v1]+stat_grid_final_component_convolution_mean_coherent_v1",phase8_role_aware_pmf_cal_v1+monotone_inactive_global_v1,pre_close,2026-05-23T20:47:49Z,d1ddc807#phase10c,bd27ab4a-bccb-407a-a984-d77d1d286e8a,ok,0.0,high,full,current_phase8,unknown,projected,derived_from_projected_minutes,101,0.0
OG Anunoby,18,NYK,CLE,False,21713899,pr,starter,"stat_grid:component_convolution_mean_coherent_v1+components[pts:pmf_sim_v1+role_aware_pmf_cal_v1:starter+monotone_pit_cdf_v1,reb:pmf_sim_v1+role_aware_pmf_cal_v1:starter+monotone_pit_cdf_v1]+prior_combo[joint_sampler_v1+joint_combo_pmf_v1+role_aware_pmf_cal_v1:starter+monotone_pit_cdf_v1]+stat_grid_final_component_convolution_mean_coherent_v1",phase8_role_aware_pmf_cal_v1+monotone_inactive_global_v1,pre_close,2026-05-23T20:47:49Z,d1ddc807#phase10c,bd27ab4a-bccb-407a-a984-d77d1d286e8a,ok,0.0,high,full,current_phase8,unknown,projected,derived_from_projected_minutes,102,0.0
OG Anunoby,18,NYK,CLE,False,21713899,pr,starter,"stat_grid:component_convolution_mean_coherent_v1+components[pts:pmf_sim_v1+role_aware_pmf_cal_v1:starter+monotone_pit_cdf_v1,reb:pmf_sim_v1+role_aware_pmf_cal_v1:starter+monotone_pit_cdf_v1]+prior_combo[joint_sampler_v1+joint_combo_pmf_v1+role_aware_pmf_cal_v1:starter+monotone_pit_cdf_v1]+stat_grid_final_component_convolution_mean_coherent_v1",phase8_role_aware_pmf_cal_v1+monotone_inactive_global_v1,pre_close,2026-05-23T20:47:49Z,d1ddc807#phase10c,bd27ab4a-bccb-407a-a984-d77d1d286e8a,ok,0.0,high,full,current_phase8,unknown,projected,derived_from_projected_minutes,103,0.0
OG Anunoby,18,NYK,CLE,False,21713899,pr,starter,"stat_grid:component_convolution_mean_coherent_v1+components[pts:pmf_sim_v1+role_aware_pmf_cal_v1:starter+monotone_pit_cdf_v1,reb:pmf_sim_v1+role_aware_pmf_cal_v1:starter+monotone_pit_cdf_v1]+prior_combo[joint_sampler_v1+joint_combo_pmf_v1+role_aware_pmf_cal_v1:starter+monotone_pit_cdf_v1]+stat_grid_final_component_convolution_mean_coherent_v1",phase8_role_aware_pmf_cal_v1+monotone_inactive_global_v1,pre_close,2026-05-23T20:47:49Z,d1ddc807#phase10c,bd27ab4a-bccb-407a-a984-d77d1d286e8a,ok,0.0,high,full,current_phase8,unknown,projected,derived_from_projected_minutes,104,0.0
OG Anunoby,18,NYK,CLE,False,21713899,pr,starter,"stat_grid:component_convolution_mean_coherent_v1+components[pts:pmf_sim_v1+role_aware_pmf_cal_v1:starter+monotone_pit_cdf_v1,reb:pmf_sim_v1+role_aware_pmf_cal_v1:starter+monotone_pit_cdf_v1]+prior_combo[joint_sampler_v1+joint_combo_pmf_v1+role_aware_pmf_cal_v1:starter+monotone_pit_cdf_v1]+stat_grid_final_component_convolution_mean_coherent_v1",phase8_role_aware_pmf_cal_v1+monotone_inactive_global_v1,pre_close,2026-05-23T20:47:49Z,d1ddc807#phase10c,bd27ab4a-bccb-407a-a984-d77d1d286e8a,ok,0.0,high,full,current_phase8,unknown,projected,derived_from_projected_minutes,105,0.0
OG Anunoby,18,NYK,CLE,False,21713899,pr,starter,"stat_grid:component_convolution_mean_coherent_v1+components[pts:pmf_sim_v1+role_aware_pmf_cal_v1:starter+monotone_pit_cdf_v1,reb:pmf_sim_v1+role_aware_pmf_cal_v1:starter+monotone_pit_cdf_v1]+prior_combo[joint_sampler_v1+joint_combo_pmf_v1+role_aware_pmf_cal_v1:starter+monotone_pit_cdf_v1]+stat_grid_final_component_convolution_mean_coherent_v1",phase8_role_aware_pmf_cal_v1+monotone_inactive_global_v1,pre_close,2026-05-23T20:47:49Z,d1ddc807#phase10c,bd27ab4a-bccb-407a-a984-d77d1d286e8a,ok,0.0,high,full,current_phase8,unknown,projected,derived_from_projected_minutes,106,0.0
OG Anunoby,18,NYK,CLE,False,21713899,pr,starter,"stat_grid:component_convolution_mean_coherent_v1+components[pts:pmf_sim_v1+role_aware_pmf_cal_v1:starter+monotone_pit_cdf_v1,reb:pmf_sim_v1+role_aware_pmf_cal_v1:starter+monotone_pit_cdf_v1]+prior_combo[joint_sampler_v1+joint_combo_pmf_v1+role_aware_pmf_cal_v1:starter+monotone_pit_cdf_v1]+stat_grid_final_component_convolution_mean_coherent_v1",phase8_role_aware_pmf_cal_v1+monotone_inactive_global_v1,pre_close,2026-05-23T20:47:49Z,d1ddc807#phase10c,bd27ab4a-bccb-407a-a984-d77d1d286e8a,ok,0.0,high,full,current_phase8,unknown,projected,derived_from_projected_minutes,107,0.0
OG Anunoby,18,NYK,CLE,False,21713899,pr,starter,"stat_grid:component_convolution_mean_coherent_v1+components[pts:pmf_sim_v1+role_aware_pmf_cal_v1:starter+monotone_pit_cdf_v1,reb:pmf_sim_v1+role_aware_pmf_cal_v1:starter+monotone_pit_cdf_v1]+prior_combo[joint_sampler_v1+joint_combo_pmf_v1+role_aware_pmf_cal_v1:starter+monotone_pit_cdf_v1]+stat_grid_final_component_convolution_mean_coherent_v1",phase8_role_aware_pmf_cal_v1+monotone_inactive_global_v1,pre_close,2026-05-23T20:47:49Z,d1ddc807#phase10c,bd27ab4a-bccb-407a-a984-d77d1d286e8a,ok,0.0,high,full,current_phase8,unknown,projected,derived_from_projected_minutes,108,0.0
OG Anunoby,18,NYK,CLE,False,21713899,pr,starter,"stat_grid:component_convolution_mean_coherent_v1+components[pts:pmf_sim_v1+role_aware_pmf_cal_v1:starter+monotone_pit_cdf_v1,reb:pmf_sim_v1+role_aware_pmf_cal_v1:starter+monotone_pit_cdf_v1]+prior_combo[joint_sampler_v1+joint_combo_pmf_v1+role_aware_pmf_cal_v1:starter+monotone_pit_cdf_v1]+stat_grid_final_component_convolution_mean_coherent_v1",phase8_role_aware_pmf_cal_v1+monotone_inactive_global_v1,pre_close,2026-05-23T20:47:49Z,d1ddc807#phase10c,bd27ab4a-bccb-407a-a984-d77d1d286e8a,ok,0.0,high,full,current_phase8,unknown,projected,derived_from_projected_minutes,109,0.0
OG Anunoby,18,NYK,CLE,False,21713899,pr,starter,"stat_grid:component_convolution_mean_coherent_v1+components[pts:pmf_sim_v1+role_aware_pmf_cal_v1:starter+monotone_pit_cdf_v1,reb:pmf_sim_v1+role_aware_pmf_cal_v1:starter+monotone_pit_cdf_v1]+prior_combo[joint_sampler_v1+joint_combo_pmf_v1+role_aware_pmf_cal_v1:starter+monotone_pit_cdf_v1]+stat_grid_final_component_convolution_mean_coherent_v1",phase8_role_aware_pmf_cal_v1+monotone_inactive_global_v1,pre_close,2026-05-23T20:47:49Z,d1ddc807#phase10c,bd27ab4a-bccb-407a-a984-d77d1d286e8a,ok,0.0,high,full,current_phase8,unknown,projected,derived_from_projected_minutes,110,0.0
OG Anunoby,18,NYK,CLE,False,21713899,ra,starter,"stat_grid:component_convolution_mean_coherent_v1+components[reb:pmf_sim_v1+role_aware_pmf_cal_v1:starter+monotone_pit_cdf_v1,ast:pmf_sim_v1+role_aware_pmf_cal_v1:starter+monotone_pit_cdf_v1]+prior_combo[joint_sampler_v1+joint_combo_pmf_v1+role_aware_pmf_cal_v1:starter+monotone_pit_cdf_v1]+stat_grid_final_component_convolution_mean_coherent_v1",phase8_role_aware_pmf_cal_v1+monotone_inactive_global_v1,pre_close,2026-05-23T20:47:49Z,d1ddc807#phase10c,bd27ab4a-bccb-407a-a984-d77d1d286e8a,ok,0.0,high,full,current_phase8,unknown,projected,derived_from_projected_minutes,0,0.0002
OG Anunoby,18,NYK,CLE,False,21713899,ra,starter,"stat_grid:component_convolution_mean_coherent_v1+components[reb:pmf_sim_v1+role_aware_pmf_cal_v1:starter+monotone_pit_cdf_v1,ast:pmf_sim_v1+role_aware_pmf_cal_v1:starter+monotone_pit_cdf_v1]+prior_combo[joint_sampler_v1+joint_combo_pmf_v1+role_aware_pmf_cal_v1:starter+monotone_pit_cdf_v1]+stat_grid_final_component_convolution_mean_coherent_v1",phase8_role_aware_pmf_cal_v1+monotone_inactive_global_v1,pre_close,2026-05-23T20:47:49Z,d1ddc807#phase10c,bd27ab4a-bccb-407a-a984-d77d1d286e8a,ok,0.0,high,full,current_phase8,unknown,projected,derived_from_projected_minutes,1,0.0012
OG Anunoby,18,NYK,CLE,False,21713899,ra,starter,"stat_grid:component_convolution_mean_coherent_v1+components[reb:pmf_sim_v1+role_aware_pmf_cal_v1:starter+monotone_pit_cdf_v1,ast:pmf_sim_v1+role_aware_pmf_cal_v1:starter+monotone_pit_cdf_v1]+prior_combo[joint_sampler_v1+joint_combo_pmf_v1+role_aware_pmf_cal_v1:starter+monotone_pit_cdf_v1]+stat_grid_final_component_convolution_mean_coherent_v1",phase8_role_aware_pmf_cal_v1+monotone_inactive_global_v1,pre_close,2026-05-23T20:47:49Z,d1ddc807#phase10c,bd27ab4a-bccb-407a-a984-d77d1d286e8a,ok,0.0,high,full,current_phase8,unknown,projected,derived_from_projected_minutes,2,0.0039
OG Anunoby,18,NYK,CLE,False,21713899,ra,starter,"stat_grid:component_convolution_mean_coherent_v1+components[reb:pmf_sim_v1+role_aware_pmf_cal_v1:starter+monotone_pit_cdf_v1,ast:pmf_sim_v1+role_aware_pmf_cal_v1:starter+monotone_pit_cdf_v1]+prior_combo[joint_sampler_v1+joint_combo_pmf_v1+role_aware_pmf_cal_v1:starter+monotone_pit_cdf_v1]+stat_grid_final_component_convolution_mean_coherent_v1",phase8_role_aware_pmf_cal_v1+monotone_inactive_global_v1,pre_close,2026-05-23T20:47:49Z,d1ddc807#phase10c,bd27ab4a-bccb-407a-a984-d77d1d286e8a,ok,0.0,high,full,current_phase8,unknown,projected,derived_from_projected_minutes,3,0.0096
OG Anunoby,18,NYK,CLE,False,21713899,ra,starter,"stat_grid:component_convolution_mean_coherent_v1+components[reb:pmf_sim_v1+role_aware_pmf_cal_v1:starter+monotone_pit_cdf_v1,ast:pmf_sim_v1+role_aware_pmf_cal_v1:starter+monotone_pit_cdf_v1]+prior_combo[joint_sampler_v1+joint_combo_pmf_v1+role_aware_pmf_cal_v1:starter+monotone_pit_cdf_v1]+stat_grid_final_component_convolution_mean_coherent_v1",phase8_role_aware_pmf_cal_v1+monotone_inactive_global_v1,pre_close,2026-05-23T20:47:49Z,d1ddc807#phase10c,bd27ab4a-bccb-407a-a984-d77d1d286e8a,ok,0.0,high,full,current_phase8,unknown,projected,derived_from_projected_minutes,4,0.0247
OG Anunoby,18,NYK,CLE,False,21713899,ra,starter,"stat_grid:component_convolution_mean_coherent_v1+components[reb:pmf_sim_v1+role_aware_pmf_cal_v1:starter+monotone_pit_cdf_v1,ast:pmf_sim_v1+role_aware_pmf_cal_v1:starter+monotone_pit_cdf_v1]+prior_combo[joint_sampler_v1+joint_combo_pmf_v1+role_aware_pmf_cal_v1:starter+monotone_pit_cdf_v1]+stat_grid_final_component_convolution_mean_coherent_v1",phase8_role_aware_pmf_cal_v1+monotone_inactive_global_v1,pre_close,2026-05-23T20:47:49Z,d1ddc807#phase10c,bd27ab4a-bccb-407a-a984-d77d1d286e8a,ok,0.0,high,full,current_phase8,unknown,projected,derived_from_projected_minutes,5,0.0547
OG Anunoby,18,NYK,CLE,False,21713899,ra,starter,"stat_grid:component_convolution_mean_coherent_v1+components[reb:pmf_sim_v1+role_aware_pmf_cal_v1:starter+monotone_pit_cdf_v1,ast:pmf_sim_v1+role_aware_pmf_cal_v1:starter+monotone_pit_cdf_v1]+prior_combo[joint_sampler_v1+joint_combo_pmf_v1+role_aware_pmf_cal_v1:starter+monotone_pit_cdf_v1]+stat_grid_final_component_convolution_mean_coherent_v1",phase8_role_aware_pmf_cal_v1+monotone_inactive_global_v1,pre_close,2026-05-23T20:47:49Z,d1ddc807#phase10c,bd27ab4a-bccb-407a-a984-d77d1d286e8a,ok,0.0,high,full,current_phase8,unknown,projected,derived_from_projected_minutes,6,0.0952
OG Anunoby,18,NYK,CLE,False,21713899,ra,starter,"stat_grid:component_convolution_mean_coherent_v1+components[reb:pmf_sim_v1+role_aware_pmf_cal_v1:starter+monotone_pit_cdf_v1,ast:pmf_sim_v1+role_aware_pmf_cal_v1:starter+monotone_pit_cdf_v1]+prior_combo[joint_sampler_v1+joint_combo_pmf_v1+role_aware_pmf_cal_v1:starter+monotone_pit_cdf_v1]+stat_grid_final_component_convolution_mean_coherent_v1",phase8_role_aware_pmf_cal_v1+monotone_inactive_global_v1,pre_close,2026-05-23T20:47:49Z,d1ddc807#phase10c,bd27ab4a-bccb-407a-a984-d77d1d286e8a,ok,0.0,high,full,current_phase8,unknown,projected,derived_from_projected_minutes,7,0.1421
OG Anunoby,18,NYK,CLE,False,21713899,ra,starter,"stat_grid:component_convolution_mean_coherent_v1+components[reb:pmf_sim_v1+role_aware_pmf_cal_v1:starter+monotone_pit_cdf_v1,ast:pmf_sim_v1+role_aware_pmf_cal_v1:starter+monotone_pit_cdf_v1]+prior_combo[joint_sampler_v1+joint_combo_pmf_v1+role_aware_pmf_cal_v1:starter+monotone_pit_cdf_v1]+stat_grid_final_component_convolution_mean_coherent_v1",phase8_role_aware_pmf_cal_v1+monotone_inactive_global_v1,pre_close,2026-05-23T20:47:49Z,d1ddc807#phase10c,bd27ab4a-bccb-407a-a984-d77d1d286e8a,ok,0.0,high,full,current_phase8,unknown,projected,derived_from_projected_minutes,8,0.1778
OG Anunoby,18,NYK,CLE,False,21713899,ra,starter,"stat_grid:component_convolution_mean_coherent_v1+components[reb:pmf_sim_v1+role_aware_pmf_cal_v1:starter+monotone_pit_cdf_v1,ast:pmf_sim_v1+role_aware_pmf_cal_v1:starter+monotone_pit_cdf_v1]+prior_combo[joint_sampler_v1+joint_combo_pmf_v1+role_aware_pmf_cal_v1:starter+monotone_pit_cdf_v1]+stat_grid_final_component_convolution_mean_coherent_v1",phase8_role_aware_pmf_cal_v1+monotone_inactive_global_v1,pre_close,2026-05-23T20:47:49Z,d1ddc807#phase10c,bd27ab4a-bccb-407a-a984-d77d1d286e8a,ok,0.0,high,full,current_phase8,unknown,projected,derived_from_projected_minutes,9,0.1757
OG Anunoby,18,NYK,CLE,False,21713899,ra,starter,"stat_grid:component_convolution_mean_coherent_v1+components[reb:pmf_sim_v1+role_aware_pmf_cal_v1:starter+monotone_pit_cdf_v1,ast:pmf_sim_v1+role_aware_pmf_cal_v1:starter+monotone_pit_cdf_v1]+prior_combo[joint_sampler_v1+joint_combo_pmf_v1+role_aware_pmf_cal_v1:starter+monotone_pit_cdf_v1]+stat_grid_final_component_convolution_mean_coherent_v1",phase8_role_aware_pmf_cal_v1+monotone_inactive_global_v1,pre_close,2026-05-23T20:47:49Z,d1ddc807#phase10c,bd27ab4a-bccb-407a-a984-d77d1d286e8a,ok,0.0,high,full,current_phase8,unknown,projected,derived_from_projected_minutes,10,0.1388
OG Anunoby,18,NYK,CLE,False,21713899,ra,starter,"stat_grid:component_convolution_mean_coherent_v1+components[reb:pmf_sim_v1+role_aware_pmf_cal_v1:starter+monotone_pit_cdf_v1,ast:pmf_sim_v1+role_aware_pmf_cal_v1:starter+monotone_pit_cdf_v1]+prior_combo[joint_sampler_v1+joint_combo_pmf_v1+role_aware_pmf_cal_v1:starter+monotone_pit_cdf_v1]+stat_grid_final_component_convolution_mean_coherent_v1",phase8_role_aware_pmf_cal_v1+monotone_inactive_global_v1,pre_close,2026-05-23T20:47:49Z,d1ddc807#phase10c,bd27ab4a-bccb-407a-a984-d77d1d286e8a,ok,0.0,high,full,current_phase8,unknown,projected,derived_from_projected_minutes,11,0.0906
OG Anunoby,18,NYK,CLE,False,21713899,ra,starter,"stat_grid:component_convolution_mean_coherent_v1+components[reb:pmf_sim_v1+role_aware_pmf_cal_v1:starter+monotone_pit_cdf_v1,ast:pmf_sim_v1+role_aware_pmf_cal_v1:starter+monotone_pit_cdf_v1]+prior_combo[joint_sampler_v1+joint_combo_pmf_v1+role_aware_pmf_cal_v1:starter+monotone_pit_cdf_v1]+stat_grid_final_component_convolution_mean_coherent_v1",phase8_role_aware_pmf_cal_v1+monotone_inactive_global_v1,pre_close,2026-05-23T20:47:49Z,d1ddc807#phase10c,bd27ab4a-bccb-407a-a984-d77d1d286e8a,ok,0.0,high,full,current_phase8,unknown,projected,derived_from_projected_minutes,12,0.0493
OG Anunoby,18,NYK,CLE,False,21713899,ra,starter,"stat_grid:component_convolution_mean_coherent_v1+components[reb:pmf_sim_v1+role_aware_pmf_cal_v1:starter+monotone_pit_cdf_v1,ast:pmf_sim_v1+role_aware_pmf_cal_v1:starter+monotone_pit_cdf_v1]+prior_combo[joint_sampler_v1+joint_combo_pmf_v1+role_aware_pmf_cal_v1:starter+monotone_pit_cdf_v1]+stat_grid_final_component_convolution_mean_coherent_v1",phase8_role_aware_pmf_cal_v1+monotone_inactive_global_v1,pre_close,2026-05-23T20:47:49Z,d1ddc807#phase10c,bd27ab4a-bccb-407a-a984-d77d1d286e8a,ok,0.0,high,full,current_phase8,unknown,projected,derived_from_projected_minutes,13,0.0221
OG Anunoby,18,NYK,CLE,False,21713899,ra,starter,"stat_grid:component_convolution_mean_coherent_v1+components[reb:pmf_sim_v1+role_aware_pmf_cal_v1:starter+monotone_pit_cdf_v1,ast:pmf_sim_v1+role_aware_pmf_cal_v1:starter+monotone_pit_cdf_v1]+prior_combo[joint_sampler_v1+joint_combo_pmf_v1+role_aware_pmf_cal_v1:starter+monotone_pit_cdf_v1]+stat_grid_final_component_convolution_mean_coherent_v1",phase8_role_aware_pmf_cal_v1+monotone_inactive_global_v1,pre_close,2026-05-23T20:47:49Z,d1ddc807#phase10c,bd27ab4a-bccb-407a-a984-d77d1d286e8a,ok,0.0,high,full,current_phase8,unknown,projected,derived_from_projected_minutes,14,0.0089
OG Anunoby,18,NYK,CLE,False,21713899,ra,starter,"stat_grid:component_convolution_mean_coherent_v1+components[reb:pmf_sim_v1+role_aware_pmf_cal_v1:starter+monotone_pit_cdf_v1,ast:pmf_sim_v1+role_aware_pmf_cal_v1:starter+monotone_pit_cdf_v1]+prior_combo[joint_sampler_v1+joint_combo_pmf_v1+role_aware_pmf_cal_v1:starter+monotone_pit_cdf_v1]+stat_grid_final_component_convolution_mean_coherent_v1",phase8_role_aware_pmf_cal_v1+monotone_inactive_global_v1,pre_close,2026-05-23T20:47:49Z,d1ddc807#phase10c,bd27ab4a-bccb-407a-a984-d77d1d286e8a,ok,0.0,high,full,current_phase8,unknown,projected,derived_from_projected_minutes,15,0.0035
OG Anunoby,18,NYK,CLE,False,21713899,ra,starter,"stat_grid:component_convolution_mean_coherent_v1+components[reb:pmf_sim_v1+role_aware_pmf_cal_v1:starter+monotone_pit_cdf_v1,ast:pmf_sim_v1+role_aware_pmf_cal_v1:starter+monotone_pit_cdf_v1]+prior_combo[joint_sampler_v1+joint_combo_pmf_v1+role_aware_pmf_cal_v1:starter+monotone_pit_cdf_v1]+stat_grid_final_component_convolution_mean_coherent_v1",phase8_role_aware_pmf_cal_v1+monotone_inactive_global_v1,pre_close,2026-05-23T20:47:49Z,d1ddc807#phase10c,bd27ab4a-bccb-407a-a984-d77d1d286e8a,ok,0.0,high,full,current_phase8,unknown,projected,derived_from_projected_minutes,16,0.0013
OG Anunoby,18,NYK,CLE,False,21713899,ra,starter,"stat_grid:component_convolution_mean_coherent_v1+components[reb:pmf_sim_v1+role_aware_pmf_cal_v1:starter+monotone_pit_cdf_v1,ast:pmf_sim_v1+role_aware_pmf_cal_v1:starter+monotone_pit_cdf_v1]+prior_combo[joint_sampler_v1+joint_combo_pmf_v1+role_aware_pmf_cal_v1:starter+monotone_pit_cdf_v1]+stat_grid_final_component_convolution_mean_coherent_v1",phase8_role_aware_pmf_cal_v1+monotone_inactive_global_v1,pre_close,2026-05-23T20:47:49Z,d1ddc807#phase10c,bd27ab4a-bccb-407a-a984-d77d1d286e8a,ok,0.0,high,full,current_phase8,unknown,projected,derived_from_projected_minutes,17,0.0004
OG Anunoby,18,NYK,CLE,False,21713899,ra,starter,"stat_grid:component_convolution_mean_coherent_v1+components[reb:pmf_sim_v1+role_aware_pmf_cal_v1:starter+monotone_pit_cdf_v1,ast:pmf_sim_v1+role_aware_pmf_cal_v1:starter+monotone_pit_cdf_v1]+prior_combo[joint_sampler_v1+joint_combo_pmf_v1+role_aware_pmf_cal_v1:starter+monotone_pit_cdf_v1]+stat_grid_final_component_convolution_mean_coherent_v1",phase8_role_aware_pmf_cal_v1+monotone_inactive_global_v1,pre_close,2026-05-23T20:47:49Z,d1ddc807#phase10c,bd27ab4a-bccb-407a-a984-d77d1d286e8a,ok,0.0,high,full,current_phase8,unknown,projected,derived_from_projected_minutes,18,0.0001
OG Anunoby,18,NYK,CLE,False,21713899,ra,starter,"stat_grid:component_convolution_mean_coherent_v1+components[reb:pmf_sim_v1+role_aware_pmf_cal_v1:starter+monotone_pit_cdf_v1,ast:pmf_sim_v1+role_aware_pmf_cal_v1:starter+monotone_pit_cdf_v1]+prior_combo[joint_sampler_v1+joint_combo_pmf_v1+role_aware_pmf_cal_v1:starter+monotone_pit_cdf_v1]+stat_grid_final_component_convolution_mean_coherent_v1",phase8_role_aware_pmf_cal_v1+monotone_inactive_global_v1,pre_close,2026-05-23T20:47:49Z,d1ddc807#phase10c,bd27ab4a-bccb-407a-a984-d77d1d286e8a,ok,0.0,high,full,current_phase8,unknown,projected,derived_from_projected_minutes,19,0.0
OG Anunoby,18,NYK,CLE,False,21713899,ra,starter,"stat_grid:component_convolution_mean_coherent_v1+components[reb:pmf_sim_v1+role_aware_pmf_cal_v1:starter+monotone_pit_cdf_v1,ast:pmf_sim_v1+role_aware_pmf_cal_v1:starter+monotone_pit_cdf_v1]+prior_combo[joint_sampler_v1+joint_combo_pmf_v1+role_aware_pmf_cal_v1:starter+monotone_pit_cdf_v1]+stat_grid_final_component_convolution_mean_coherent_v1",phase8_role_aware_pmf_cal_v1+monotone_inactive_global_v1,pre_close,2026-05-23T20:47:49Z,d1ddc807#phase10c,bd27ab4a-bccb-407a-a984-d77d1d286e8a,ok,0.0,high,full,current_phase8,unknown,projected,derived_from_projected_minutes,20,0.0
OG Anunoby,18,NYK,CLE,False,21713899,ra,starter,"stat_grid:component_convolution_mean_coherent_v1+components[reb:pmf_sim_v1+role_aware_pmf_cal_v1:starter+monotone_pit_cdf_v1,ast:pmf_sim_v1+role_aware_pmf_cal_v1:starter+monotone_pit_cdf_v1]+prior_combo[joint_sampler_v1+joint_combo_pmf_v1+role_aware_pmf_cal_v1:starter+monotone_pit_cdf_v1]+stat_grid_final_component_convolution_mean_coherent_v1",phase8_role_aware_pmf_cal_v1+monotone_inactive_global_v1,pre_close,2026-05-23T20:47:49Z,d1ddc807#phase10c,bd27ab4a-bccb-407a-a984-d77d1d286e8a,ok,0.0,high,full,current_phase8,unknown,projected,derived_from_projected_minutes,21,0.0
OG Anunoby,18,NYK,CLE,False,21713899,ra,starter,"stat_grid:component_convolution_mean_coherent_v1+components[reb:pmf_sim_v1+role_aware_pmf_cal_v1:starter+monotone_pit_cdf_v1,ast:pmf_sim_v1+role_aware_pmf_cal_v1:starter+monotone_pit_cdf_v1]+prior_combo[joint_sampler_v1+joint_combo_pmf_v1+role_aware_pmf_cal_v1:starter+monotone_pit_cdf_v1]+stat_grid_final_component_convolution_mean_coherent_v1",phase8_role_aware_pmf_cal_v1+monotone_inactive_global_v1,pre_close,2026-05-23T20:47:49Z,d1ddc807#phase10c,bd27ab4a-bccb-407a-a984-d77d1d286e8a,ok,0.0,high,full,current_phase8,unknown,projected,derived_from_projected_minutes,22,0.0
OG Anunoby,18,NYK,CLE,False,21713899,ra,starter,"stat_grid:component_convolution_mean_coherent_v1+components[reb:pmf_sim_v1+role_aware_pmf_cal_v1:starter+monotone_pit_cdf_v1,ast:pmf_sim_v1+role_aware_pmf_cal_v1:starter+monotone_pit_cdf_v1]+prior_combo[joint_sampler_v1+joint_combo_pmf_v1+role_aware_pmf_cal_v1:starter+monotone_pit_cdf_v1]+stat_grid_final_component_convolution_mean_coherent_v1",phase8_role_aware_pmf_cal_v1+monotone_inactive_global_v1,pre_close,2026-05-23T20:47:49Z,d1ddc807#phase10c,bd27ab4a-bccb-407a-a984-d77d1d286e8a,ok,0.0,high,full,current_phase8,unknown,projected,derived_from_projected_minutes,23,0.0
OG Anunoby,18,NYK,CLE,False,21713899,ra,starter,"stat_grid:component_convolution_mean_coherent_v1+components[reb:pmf_sim_v1+role_aware_pmf_cal_v1:starter+monotone_pit_cdf_v1,ast:pmf_sim_v1+role_aware_pmf_cal_v1:starter+monotone_pit_cdf_v1]+prior_combo[joint_sampler_v1+joint_combo_pmf_v1+role_aware_pmf_cal_v1:starter+monotone_pit_cdf_v1]+stat_grid_final_component_convolution_mean_coherent_v1",phase8_role_aware_pmf_cal_v1+monotone_inactive_global_v1,pre_close,2026-05-23T20:47:49Z,d1ddc807#phase10c,bd27ab4a-bccb-407a-a984-d77d1d286e8a,ok,0.0,high,full,current_phase8,unknown,projected,derived_from_projected_minutes,24,0.0
OG Anunoby,18,NYK,CLE,False,21713899,ra,starter,"stat_grid:component_convolution_mean_coherent_v1+components[reb:pmf_sim_v1+role_aware_pmf_cal_v1:starter+monotone_pit_cdf_v1,ast:pmf_sim_v1+role_aware_pmf_cal_v1:starter+monotone_pit_cdf_v1]+prior_combo[joint_sampler_v1+joint_combo_pmf_v1+role_aware_pmf_cal_v1:starter+monotone_pit_cdf_v1]+stat_grid_final_component_convolution_mean_coherent_v1",phase8_role_aware_pmf_cal_v1+monotone_inactive_global_v1,pre_close,2026-05-23T20:47:49Z,d1ddc807#phase10c,bd27ab4a-bccb-407a-a984-d77d1d286e8a,ok,0.0,high,full,current_phase8,unknown,projected,derived_from_projected_minutes,25,0.0
OG Anunoby,18,NYK,CLE,False,21713899,ra,starter,"stat_grid:component_convolution_mean_coherent_v1+components[reb:pmf_sim_v1+role_aware_pmf_cal_v1:starter+monotone_pit_cdf_v1,ast:pmf_sim_v1+role_aware_pmf_cal_v1:starter+monotone_pit_cdf_v1]+prior_combo[joint_sampler_v1+joint_combo_pmf_v1+role_aware_pmf_cal_v1:starter+monotone_pit_cdf_v1]+stat_grid_final_component_convolution_mean_coherent_v1",phase8_role_aware_pmf_cal_v1+monotone_inactive_global_v1,pre_close,2026-05-23T20:47:49Z,d1ddc807#phase10c,bd27ab4a-bccb-407a-a984-d77d1d286e8a,ok,0.0,high,full,current_phase8,unknown,projected,derived_from_projected_minutes,26,0.0
OG Anunoby,18,NYK,CLE,False,21713899,ra,starter,"stat_grid:component_convolution_mean_coherent_v1+components[reb:pmf_sim_v1+role_aware_pmf_cal_v1:starter+monotone_pit_cdf_v1,ast:pmf_sim_v1+role_aware_pmf_cal_v1:starter+monotone_pit_cdf_v1]+prior_combo[joint_sampler_v1+joint_combo_pmf_v1+role_aware_pmf_cal_v1:starter+monotone_pit_cdf_v1]+stat_grid_final_component_convolution_mean_coherent_v1",phase8_role_aware_pmf_cal_v1+monotone_inactive_global_v1,pre_close,2026-05-23T20:47:49Z,d1ddc807#phase10c,bd27ab4a-bccb-407a-a984-d77d1d286e8a,ok,0.0,high,full,current_phase8,unknown,projected,derived_from_projected_minutes,27,0.0
OG Anunoby,18,NYK,CLE,False,21713899,ra,starter,"stat_grid:component_convolution_mean_coherent_v1+components[reb:pmf_sim_v1+role_aware_pmf_cal_v1:starter+monotone_pit_cdf_v1,ast:pmf_sim_v1+role_aware_pmf_cal_v1:starter+monotone_pit_cdf_v1]+prior_combo[joint_sampler_v1+joint_combo_pmf_v1+role_aware_pmf_cal_v1:starter+monotone_pit_cdf_v1]+stat_grid_final_component_convolution_mean_coherent_v1",phase8_role_aware_pmf_cal_v1+monotone_inactive_global_v1,pre_close,2026-05-23T20:47:49Z,d1ddc807#phase10c,bd27ab4a-bccb-407a-a984-d77d1d286e8a,ok,0.0,high,full,current_phase8,unknown,projected,derived_from_projected_minutes,28,0.0
OG Anunoby,18,NYK,CLE,False,21713899,ra,starter,"stat_grid:component_convolution_mean_coherent_v1+components[reb:pmf_sim_v1+role_aware_pmf_cal_v1:starter+monotone_pit_cdf_v1,ast:pmf_sim_v1+role_aware_pmf_cal_v1:starter+monotone_pit_cdf_v1]+prior_combo[joint_sampler_v1+joint_combo_pmf_v1+role_aware_pmf_cal_v1:starter+monotone_pit_cdf_v1]+stat_grid_final_component_convolution_mean_coherent_v1",phase8_role_aware_pmf_cal_v1+monotone_inactive_global_v1,pre_close,2026-05-23T20:47:49Z,d1ddc807#phase10c,bd27ab4a-bccb-407a-a984-d77d1d286e8a,ok,0.0,high,full,current_phase8,unknown,projected,derived_from_projected_minutes,29,0.0
OG Anunoby,18,NYK,CLE,False,21713899,ra,starter,"stat_grid:component_convolution_mean_coherent_v1+components[reb:pmf_sim_v1+role_aware_pmf_cal_v1:starter+monotone_pit_cdf_v1,ast:pmf_sim_v1+role_aware_pmf_cal_v1:starter+monotone_pit_cdf_v1]+prior_combo[joint_sampler_v1+joint_combo_pmf_v1+role_aware_pmf_cal_v1:starter+monotone_pit_cdf_v1]+stat_grid_final_component_convolution_mean_coherent_v1",phase8_role_aware_pmf_cal_v1+monotone_inactive_global_v1,pre_close,2026-05-23T20:47:49Z,d1ddc807#phase10c,bd27ab4a-bccb-407a-a984-d77d1d286e8a,ok,0.0,high,full,current_phase8,unknown,projected,derived_from_projected_minutes,30,0.0
OG Anunoby,18,NYK,CLE,False,21713899,ra,starter,"stat_grid:component_convolution_mean_coherent_v1+components[reb:pmf_sim_v1+role_aware_pmf_cal_v1:starter+monotone_pit_cdf_v1,ast:pmf_sim_v1+role_aware_pmf_cal_v1:starter+monotone_pit_cdf_v1]+prior_combo[joint_sampler_v1+joint_combo_pmf_v1+role_aware_pmf_cal_v1:starter+monotone_pit_cdf_v1]+stat_grid_final_component_convolution_mean_coherent_v1",phase8_role_aware_pmf_cal_v1+monotone_inactive_global_v1,pre_close,2026-05-23T20:47:49Z,d1ddc807#phase10c,bd27ab4a-bccb-407a-a984-d77d1d286e8a,ok,0.0,high,full,current_phase8,unknown,projected,derived_from_projected_minutes,31,0.0
OG Anunoby,18,NYK,CLE,False,21713899,ra,starter,"stat_grid:component_convolution_mean_coherent_v1+components[reb:pmf_sim_v1+role_aware_pmf_cal_v1:starter+monotone_pit_cdf_v1,ast:pmf_sim_v1+role_aware_pmf_cal_v1:starter+monotone_pit_cdf_v1]+prior_combo[joint_sampler_v1+joint_combo_pmf_v1+role_aware_pmf_cal_v1:starter+monotone_pit_cdf_v1]+stat_grid_final_component_convolution_mean_coherent_v1",phase8_role_aware_pmf_cal_v1+monotone_inactive_global_v1,pre_close,2026-05-23T20:47:49Z,d1ddc807#phase10c,bd27ab4a-bccb-407a-a984-d77d1d286e8a,ok,0.0,high,full,current_phase8,unknown,projected,derived_from_projected_minutes,32,0.0
OG Anunoby,18,NYK,CLE,False,21713899,ra,starter,"stat_grid:component_convolution_mean_coherent_v1+components[reb:pmf_sim_v1+role_aware_pmf_cal_v1:starter+monotone_pit_cdf_v1,ast:pmf_sim_v1+role_aware_pmf_cal_v1:starter+monotone_pit_cdf_v1]+prior_combo[joint_sampler_v1+joint_combo_pmf_v1+role_aware_pmf_cal_v1:starter+monotone_pit_cdf_v1]+stat_grid_final_component_convolution_mean_coherent_v1",phase8_role_aware_pmf_cal_v1+monotone_inactive_global_v1,pre_close,2026-05-23T20:47:49Z,d1ddc807#phase10c,bd27ab4a-bccb-407a-a984-d77d1d286e8a,ok,0.0,high,full,current_phase8,unknown,projected,derived_from_projected_minutes,33,0.0
OG Anunoby,18,NYK,CLE,False,21713899,ra,starter,"stat_grid:component_convolution_mean_coherent_v1+components[reb:pmf_sim_v1+role_aware_pmf_cal_v1:starter+monotone_pit_cdf_v1,ast:pmf_sim_v1+role_aware_pmf_cal_v1:starter+monotone_pit_cdf_v1]+prior_combo[joint_sampler_v1+joint_combo_pmf_v1+role_aware_pmf_cal_v1:starter+monotone_pit_cdf_v1]+stat_grid_final_component_convolution_mean_coherent_v1",phase8_role_aware_pmf_cal_v1+monotone_inactive_global_v1,pre_close,2026-05-23T20:47:49Z,d1ddc807#phase10c,bd27ab4a-bccb-407a-a984-d77d1d286e8a,ok,0.0,high,full,current_phase8,unknown,projected,derived_from_projected_minutes,34,0.0
OG Anunoby,18,NYK,CLE,False,21713899,ra,starter,"stat_grid:component_convolution_mean_coherent_v1+components[reb:pmf_sim_v1+role_aware_pmf_cal_v1:starter+monotone_pit_cdf_v1,ast:pmf_sim_v1+role_aware_pmf_cal_v1:starter+monotone_pit_cdf_v1]+prior_combo[joint_sampler_v1+joint_combo_pmf_v1+role_aware_pmf_cal_v1:starter+monotone_pit_cdf_v1]+stat_grid_final_component_convolution_mean_coherent_v1",phase8_role_aware_pmf_cal_v1+monotone_inactive_global_v1,pre_close,2026-05-23T20:47:49Z,d1ddc807#phase10c,bd27ab4a-bccb-407a-a984-d77d1d286e8a,ok,0.0,high,full,current_phase8,unknown,projected,derived_from_projected_minutes,35,0.0
OG Anunoby,18,NYK,CLE,False,21713899,ra,starter,"stat_grid:component_convolution_mean_coherent_v1+components[reb:pmf_sim_v1+role_aware_pmf_cal_v1:starter+monotone_pit_cdf_v1,ast:pmf_sim_v1+role_aware_pmf_cal_v1:starter+monotone_pit_cdf_v1]+prior_combo[joint_sampler_v1+joint_combo_pmf_v1+role_aware_pmf_cal_v1:starter+monotone_pit_cdf_v1]+stat_grid_final_component_convolution_mean_coherent_v1",phase8_role_aware_pmf_cal_v1+monotone_inactive_global_v1,pre_close,2026-05-23T20:47:49Z,d1ddc807#phase10c,bd27ab4a-bccb-407a-a984-d77d1d286e8a,ok,0.0,high,full,current_phase8,unknown,projected,derived_from_projected_minutes,36,0.0
OG Anunoby,18,NYK,CLE,False,21713899,ra,starter,"stat_grid:component_convolution_mean_coherent_v1+components[reb:pmf_sim_v1+role_aware_pmf_cal_v1:starter+monotone_pit_cdf_v1,ast:pmf_sim_v1+role_aware_pmf_cal_v1:starter+monotone_pit_cdf_v1]+prior_combo[joint_sampler_v1+joint_combo_pmf_v1+role_aware_pmf_cal_v1:starter+monotone_pit_cdf_v1]+stat_grid_final_component_convolution_mean_coherent_v1",phase8_role_aware_pmf_cal_v1+monotone_inactive_global_v1,pre_close,2026-05-23T20:47:49Z,d1ddc807#phase10c,bd27ab4a-bccb-407a-a984-d77d1d286e8a,ok,0.0,high,full,current_phase8,unknown,projected,derived_from_projected_minutes,37,0.0
OG Anunoby,18,NYK,CLE,False,21713899,ra,starter,"stat_grid:component_convolution_mean_coherent_v1+components[reb:pmf_sim_v1+role_aware_pmf_cal_v1:starter+monotone_pit_cdf_v1,ast:pmf_sim_v1+role_aware_pmf_cal_v1:starter+monotone_pit_cdf_v1]+prior_combo[joint_sampler_v1+joint_combo_pmf_v1+role_aware_pmf_cal_v1:starter+monotone_pit_cdf_v1]+stat_grid_final_component_convolution_mean_coherent_v1",phase8_role_aware_pmf_cal_v1+monotone_inactive_global_v1,pre_close,2026-05-23T20:47:49Z,d1ddc807#phase10c,bd27ab4a-bccb-407a-a984-d77d1d286e8a,ok,0.0,high,full,current_phase8,unknown,projected,derived_from_projected_minutes,38,0.0
OG Anunoby,18,NYK,CLE,False,21713899,ra,starter,"stat_grid:component_convolution_mean_coherent_v1+components[reb:pmf_sim_v1+role_aware_pmf_cal_v1:starter+monotone_pit_cdf_v1,ast:pmf_sim_v1+role_aware_pmf_cal_v1:starter+monotone_pit_cdf_v1]+prior_combo[joint_sampler_v1+joint_combo_pmf_v1+role_aware_pmf_cal_v1:starter+monotone_pit_cdf_v1]+stat_grid_final_component_convolution_mean_coherent_v1",phase8_role_aware_pmf_cal_v1+monotone_inactive_global_v1,pre_close,2026-05-23T20:47:49Z,d1ddc807#phase10c,bd27ab4a-bccb-407a-a984-d77d1d286e8a,ok,0.0,high,full,current_phase8,unknown,projected,derived_from_projected_minutes,39,0.0
OG Anunoby,18,NYK,CLE,False,21713899,ra,starter,"stat_grid:component_convolution_mean_coherent_v1+components[reb:pmf_sim_v1+role_aware_pmf_cal_v1:starter+monotone_pit_cdf_v1,ast:pmf_sim_v1+role_aware_pmf_cal_v1:starter+monotone_pit_cdf_v1]+prior_combo[joint_sampler_v1+joint_combo_pmf_v1+role_aware_pmf_cal_v1:starter+monotone_pit_cdf_v1]+stat_grid_final_component_convolution_mean_coherent_v1",phase8_role_aware_pmf_cal_v1+monotone_inactive_global_v1,pre_close,2026-05-23T20:47:49Z,d1ddc807#phase10c,bd27ab4a-bccb-407a-a984-d77d1d286e8a,ok,0.0,high,full,current_phase8,unknown,projected,derived_from_projected_minutes,40,0.0
OG Anunoby,18,NYK,CLE,False,21713899,ra,starter,"stat_grid:component_convolution_mean_coherent_v1+components[reb:pmf_sim_v1+role_aware_pmf_cal_v1:starter+monotone_pit_cdf_v1,ast:pmf_sim_v1+role_aware_pmf_cal_v1:starter+monotone_pit_cdf_v1]+prior_combo[joint_sampler_v1+joint_combo_pmf_v1+role_aware_pmf_cal_v1:starter+monotone_pit_cdf_v1]+stat_grid_final_component_convolution_mean_coherent_v1",phase8_role_aware_pmf_cal_v1+monotone_inactive_global_v1,pre_close,2026-05-23T20:47:49Z,d1ddc807#phase10c,bd27ab4a-bccb-407a-a984-d77d1d286e8a,ok,0.0,high,full,current_phase8,unknown,projected,derived_from_projected_minutes,41,0.0
OG Anunoby,18,NYK,CLE,False,21713899,ra,starter,"stat_grid:component_convolution_mean_coherent_v1+components[reb:pmf_sim_v1+role_aware_pmf_cal_v1:starter+monotone_pit_cdf_v1,ast:pmf_sim_v1+role_aware_pmf_cal_v1:starter+monotone_pit_cdf_v1]+prior_combo[joint_sampler_v1+joint_combo_pmf_v1+role_aware_pmf_cal_v1:starter+monotone_pit_cdf_v1]+stat_grid_final_component_convolution_mean_coherent_v1",phase8_role_aware_pmf_cal_v1+monotone_inactive_global_v1,pre_close,2026-05-23T20:47:49Z,d1ddc807#phase10c,bd27ab4a-bccb-407a-a984-d77d1d286e8a,ok,0.0,high,full,current_phase8,unknown,projected,derived_from_projected_minutes,42,0.0
OG Anunoby,18,NYK,CLE,False,21713899,ra,starter,"stat_grid:component_convolution_mean_coherent_v1+components[reb:pmf_sim_v1+role_aware_pmf_cal_v1:starter+monotone_pit_cdf_v1,ast:pmf_sim_v1+role_aware_pmf_cal_v1:starter+monotone_pit_cdf_v1]+prior_combo[joint_sampler_v1+joint_combo_pmf_v1+role_aware_pmf_cal_v1:starter+monotone_pit_cdf_v1]+stat_grid_final_component_convolution_mean_coherent_v1",phase8_role_aware_pmf_cal_v1+monotone_inactive_global_v1,pre_close,2026-05-23T20:47:49Z,d1ddc807#phase10c,bd27ab4a-bccb-407a-a984-d77d1d286e8a,ok,0.0,high,full,current_phase8,unknown,projected,derived_from_projected_minutes,43,0.0
OG Anunoby,18,NYK,CLE,False,21713899,ra,starter,"stat_grid:component_convolution_mean_coherent_v1+components[reb:pmf_sim_v1+role_aware_pmf_cal_v1:starter+monotone_pit_cdf_v1,ast:pmf_sim_v1+role_aware_pmf_cal_v1:starter+monotone_pit_cdf_v1]+prior_combo[joint_sampler_v1+joint_combo_pmf_v1+role_aware_pmf_cal_v1:starter+monotone_pit_cdf_v1]+stat_grid_final_component_convolution_mean_coherent_v1",phase8_role_aware_pmf_cal_v1+monotone_inactive_global_v1,pre_close,2026-05-23T20:47:49Z,d1ddc807#phase10c,bd27ab4a-bccb-407a-a984-d77d1d286e8a,ok,0.0,high,full,current_phase8,unknown,projected,derived_from_projected_minutes,44,0.0
OG Anunoby,18,NYK,CLE,False,21713899,ra,starter,"stat_grid:component_convolution_mean_coherent_v1+components[reb:pmf_sim_v1+role_aware_pmf_cal_v1:starter+monotone_pit_cdf_v1,ast:pmf_sim_v1+role_aware_pmf_cal_v1:starter+monotone_pit_cdf_v1]+prior_combo[joint_sampler_v1+joint_combo_pmf_v1+role_aware_pmf_cal_v1:starter+monotone_pit_cdf_v1]+stat_grid_final_component_convolution_mean_coherent_v1",phase8_role_aware_pmf_cal_v1+monotone_inactive_global_v1,pre_close,2026-05-23T20:47:49Z,d1ddc807#phase10c,bd27ab4a-bccb-407a-a984-d77d1d286e8a,ok,0.0,high,full,current_phase8,unknown,projected,derived_from_projected_minutes,45,0.0
OG Anunoby,18,NYK,CLE,False,21713899,ra,starter,"stat_grid:component_convolution_mean_coherent_v1+components[reb:pmf_sim_v1+role_aware_pmf_cal_v1:starter+monotone_pit_cdf_v1,ast:pmf_sim_v1+role_aware_pmf_cal_v1:starter+monotone_pit_cdf_v1]+prior_combo[joint_sampler_v1+joint_combo_pmf_v1+role_aware_pmf_cal_v1:starter+monotone_pit_cdf_v1]+stat_grid_final_component_convolution_mean_coherent_v1",phase8_role_aware_pmf_cal_v1+monotone_inactive_global_v1,pre_close,2026-05-23T20:47:49Z,d1ddc807#phase10c,bd27ab4a-bccb-407a-a984-d77d1d286e8a,ok,0.0,high,full,current_phase8,unknown,projected,derived_from_projected_minutes,46,0.0
OG Anunoby,18,NYK,CLE,False,21713899,ra,starter,"stat_grid:component_convolution_mean_coherent_v1+components[reb:pmf_sim_v1+role_aware_pmf_cal_v1:starter+monotone_pit_cdf_v1,ast:pmf_sim_v1+role_aware_pmf_cal_v1:starter+monotone_pit_cdf_v1]+prior_combo[joint_sampler_v1+joint_combo_pmf_v1+role_aware_pmf_cal_v1:starter+monotone_pit_cdf_v1]+stat_grid_final_component_convolution_mean_coherent_v1",phase8_role_aware_pmf_cal_v1+monotone_inactive_global_v1,pre_close,2026-05-23T20:47:49Z,d1ddc807#phase10c,bd27ab4a-bccb-407a-a984-d77d1d286e8a,ok,0.0,high,full,current_phase8,unknown,projected,derived_from_projected_minutes,47,0.0
OG Anunoby,18,NYK,CLE,False,21713899,ra,starter,"stat_grid:component_convolution_mean_coherent_v1+components[reb:pmf_sim_v1+role_aware_pmf_cal_v1:starter+monotone_pit_cdf_v1,ast:pmf_sim_v1+role_aware_pmf_cal_v1:starter+monotone_pit_cdf_v1]+prior_combo[joint_sampler_v1+joint_combo_pmf_v1+role_aware_pmf_cal_v1:starter+monotone_pit_cdf_v1]+stat_grid_final_component_convolution_mean_coherent_v1",phase8_role_aware_pmf_cal_v1+monotone_inactive_global_v1,pre_close,2026-05-23T20:47:49Z,d1ddc807#phase10c,bd27ab4a-bccb-407a-a984-d77d1d286e8a,ok,0.0,high,full,current_phase8,unknown,projected,derived_from_projected_minutes,48,0.0
OG Anunoby,18,NYK,CLE,False,21713899,ra,starter,"stat_grid:component_convolution_mean_coherent_v1+components[reb:pmf_sim_v1+role_aware_pmf_cal_v1:starter+monotone_pit_cdf_v1,ast:pmf_sim_v1+role_aware_pmf_cal_v1:starter+monotone_pit_cdf_v1]+prior_combo[joint_sampler_v1+joint_combo_pmf_v1+role_aware_pmf_cal_v1:starter+monotone_pit_cdf_v1]+stat_grid_final_component_convolution_mean_coherent_v1",phase8_role_aware_pmf_cal_v1+monotone_inactive_global_v1,pre_close,2026-05-23T20:47:49Z,d1ddc807#phase10c,bd27ab4a-bccb-407a-a984-d77d1d286e8a,ok,0.0,high,full,current_phase8,unknown,projected,derived_from_projected_minutes,49,0.0
OG Anunoby,18,NYK,CLE,False,21713899,ra,starter,"stat_grid:component_convolution_mean_coherent_v1+components[reb:pmf_sim_v1+role_aware_pmf_cal_v1:starter+monotone_pit_cdf_v1,ast:pmf_sim_v1+role_aware_pmf_cal_v1:starter+monotone_pit_cdf_v1]+prior_combo[joint_sampler_v1+joint_combo_pmf_v1+role_aware_pmf_cal_v1:starter+monotone_pit_cdf_v1]+stat_grid_final_component_convolution_mean_coherent_v1",phase8_role_aware_pmf_cal_v1+monotone_inactive_global_v1,pre_close,2026-05-23T20:47:49Z,d1ddc807#phase10c,bd27ab4a-bccb-407a-a984-d77d1d286e8a,ok,0.0,high,full,current_phase8,unknown,projected,derived_from_projected_minutes,50,0.0
OG Anunoby,18,NYK,CLE,False,21713899,ra,starter,"stat_grid:component_convolution_mean_coherent_v1+components[reb:pmf_sim_v1+role_aware_pmf_cal_v1:starter+monotone_pit_cdf_v1,ast:pmf_sim_v1+role_aware_pmf_cal_v1:starter+monotone_pit_cdf_v1]+prior_combo[joint_sampler_v1+joint_combo_pmf_v1+role_aware_pmf_cal_v1:starter+monotone_pit_cdf_v1]+stat_grid_final_component_convolution_mean_coherent_v1",phase8_role_aware_pmf_cal_v1+monotone_inactive_global_v1,pre_close,2026-05-23T20:47:49Z,d1ddc807#phase10c,bd27ab4a-bccb-407a-a984-d77d1d286e8a,ok,0.0,high,full,current_phase8,unknown,projected,derived_from_projected_minutes,51,0.0
OG Anunoby,18,NYK,CLE,False,21713899,pra,starter,"stat_grid:component_convolution_mean_coherent_v1+components[pts:pmf_sim_v1+role_aware_pmf_cal_v1:starter+monotone_pit_cdf_v1,reb:pmf_sim_v1+role_aware_pmf_cal_v1:starter+monotone_pit_cdf_v1,ast:pmf_sim_v1+role_aware_pmf_cal_v1:starter+monotone_pit_cdf_v1]+prior_combo[joint_sampler_v1+joint_combo_pmf_v1+role_aware_pmf_cal_v1:starter+monotone_pit_cdf_v1]+stat_grid_final_component_convolution_mean_coherent_v1",phase8_role_aware_pmf_cal_v1+monotone_inactive_global_v1,pre_close,2026-05-23T20:47:49Z,d1ddc807#phase10c,bd27ab4a-bccb-407a-a984-d77d1d286e8a,ok,0.0,high,full,current_phase8,unknown,projected,derived_from_projected_minutes,0,0.0
OG Anunoby,18,NYK,CLE,False,21713899,pra,starter,"stat_grid:component_convolution_mean_coherent_v1+components[pts:pmf_sim_v1+role_aware_pmf_cal_v1:starter+monotone_pit_cdf_v1,reb:pmf_sim_v1+role_aware_pmf_cal_v1:starter+monotone_pit_cdf_v1,ast:pmf_sim_v1+role_aware_pmf_cal_v1:starter+monotone_pit_cdf_v1]+prior_combo[joint_sampler_v1+joint_combo_pmf_v1+role_aware_pmf_cal_v1:starter+monotone_pit_cdf_v1]+stat_grid_final_component_convolution_mean_coherent_v1",phase8_role_aware_pmf_cal_v1+monotone_inactive_global_v1,pre_close,2026-05-23T20:47:49Z,d1ddc807#phase10c,bd27ab4a-bccb-407a-a984-d77d1d286e8a,ok,0.0,high,full,current_phase8,unknown,projected,derived_from_projected_minutes,1,0.0
OG Anunoby,18,NYK,CLE,False,21713899,pra,starter,"stat_grid:component_convolution_mean_coherent_v1+components[pts:pmf_sim_v1+role_aware_pmf_cal_v1:starter+monotone_pit_cdf_v1,reb:pmf_sim_v1+role_aware_pmf_cal_v1:starter+monotone_pit_cdf_v1,ast:pmf_sim_v1+role_aware_pmf_cal_v1:starter+monotone_pit_cdf_v1]+prior_combo[joint_sampler_v1+joint_combo_pmf_v1+role_aware_pmf_cal_v1:starter+monotone_pit_cdf_v1]+stat_grid_final_component_convolution_mean_coherent_v1",phase8_role_aware_pmf_cal_v1+monotone_inactive_global_v1,pre_close,2026-05-23T20:47:49Z,d1ddc807#phase10c,bd27ab4a-bccb-407a-a984-d77d1d286e8a,ok,0.0,high,full,current_phase8,unknown,projected,derived_from_projected_minutes,2,0.0
OG Anunoby,18,NYK,CLE,False,21713899,pra,starter,"stat_grid:component_convolution_mean_coherent_v1+components[pts:pmf_sim_v1+role_aware_pmf_cal_v1:starter+monotone_pit_cdf_v1,reb:pmf_sim_v1+role_aware_pmf_cal_v1:starter+monotone_pit_cdf_v1,ast:pmf_sim_v1+role_aware_pmf_cal_v1:starter+monotone_pit_cdf_v1]+prior_combo[joint_sampler_v1+joint_combo_pmf_v1+role_aware_pmf_cal_v1:starter+monotone_pit_cdf_v1]+stat_grid_final_component_convolution_mean_coherent_v1",phase8_role_aware_pmf_cal_v1+monotone_inactive_global_v1,pre_close,2026-05-23T20:47:49Z,d1ddc807#phase10c,bd27ab4a-bccb-407a-a984-d77d1d286e8a,ok,0.0,high,full,current_phase8,unknown,projected,derived_from_projected_minutes,3,0.0
OG Anunoby,18,NYK,CLE,False,21713899,pra,starter,"stat_grid:component_convolution_mean_coherent_v1+components[pts:pmf_sim_v1+role_aware_pmf_cal_v1:starter+monotone_pit_cdf_v1,reb:pmf_sim_v1+role_aware_pmf_cal_v1:starter+monotone_pit_cdf_v1,ast:pmf_sim_v1+role_aware_pmf_cal_v1:starter+monotone_pit_cdf_v1]+prior_combo[joint_sampler_v1+joint_combo_pmf_v1+role_aware_pmf_cal_v1:starter+monotone_pit_cdf_v1]+stat_grid_final_component_convolution_mean_coherent_v1",phase8_role_aware_pmf_cal_v1+monotone_inactive_global_v1,pre_close,2026-05-23T20:47:49Z,d1ddc807#phase10c,bd27ab4a-bccb-407a-a984-d77d1d286e8a,ok,0.0,high,full,current_phase8,unknown,projected,derived_from_projected_minutes,4,0.0001
OG Anunoby,18,NYK,CLE,False,21713899,pra,starter,"stat_grid:component_convolution_mean_coherent_v1+components[pts:pmf_sim_v1+role_aware_pmf_cal_v1:starter+monotone_pit_cdf_v1,reb:pmf_sim_v1+role_aware_pmf_cal_v1:starter+monotone_pit_cdf_v1,ast:pmf_sim_v1+role_aware_pmf_cal_v1:starter+monotone_pit_cdf_v1]+prior_combo[joint_sampler_v1+joint_combo_pmf_v1+role_aware_pmf_cal_v1:starter+monotone_pit_cdf_v1]+stat_grid_final_component_convolution_mean_coherent_v1",phase8_role_aware_pmf_cal_v1+monotone_inactive_global_v1,pre_close,2026-05-23T20:47:49Z,d1ddc807#phase10c,bd27ab4a-bccb-407a-a984-d77d1d286e8a,ok,0.0,high,full,current_phase8,unknown,projected,derived_from_projected_minutes,5,0.0001
OG Anunoby,18,NYK,CLE,False,21713899,pra,starter,"stat_grid:component_convolution_mean_coherent_v1+components[pts:pmf_sim_v1+role_aware_pmf_cal_v1:starter+monotone_pit_cdf_v1,reb:pmf_sim_v1+role_aware_pmf_cal_v1:starter+monotone_pit_cdf_v1,ast:pmf_sim_v1+role_aware_pmf_cal_v1:starter+monotone_pit_cdf_v1]+prior_combo[joint_sampler_v1+joint_combo_pmf_v1+role_aware_pmf_cal_v1:starter+monotone_pit_cdf_v1]+stat_grid_final_component_convolution_mean_coherent_v1",phase8_role_aware_pmf_cal_v1+monotone_inactive_global_v1,pre_close,2026-05-23T20:47:49Z,d1ddc807#phase10c,bd27ab4a-bccb-407a-a984-d77d1d286e8a,ok,0.0,high,full,current_phase8,unknown,projected,derived_from_projected_minutes,6,0.0003
OG Anunoby,18,NYK,CLE,False,21713899,pra,starter,"stat_grid:component_convolution_mean_coherent_v1+components[pts:pmf_sim_v1+role_aware_pmf_cal_v1:starter+monotone_pit_cdf_v1,reb:pmf_sim_v1+role_aware_pmf_cal_v1:starter+monotone_pit_cdf_v1,ast:pmf_sim_v1+role_aware_pmf_cal_v1:starter+monotone_pit_cdf_v1]+prior_combo[joint_sampler_v1+joint_combo_pmf_v1+role_aware_pmf_cal_v1:starter+monotone_pit_cdf_v1]+stat_grid_final_component_convolution_mean_coherent_v1",phase8_role_aware_pmf_cal_v1+monotone_inactive_global_v1,pre_close,2026-05-23T20:47:49Z,d1ddc807#phase10c,bd27ab4a-bccb-407a-a984-d77d1d286e8a,ok,0.0,high,full,current_phase8,unknown,projected,derived_from_projected_minutes,7,0.0006
OG Anunoby,18,NYK,CLE,False,21713899,pra,starter,"stat_grid:component_convolution_mean_coherent_v1+components[pts:pmf_sim_v1+role_aware_pmf_cal_v1:starter+monotone_pit_cdf_v1,reb:pmf_sim_v1+role_aware_pmf_cal_v1:starter+monotone_pit_cdf_v1,ast:pmf_sim_v1+role_aware_pmf_cal_v1:starter+monotone_pit_cdf_v1]+prior_combo[joint_sampler_v1+joint_combo_pmf_v1+role_aware_pmf_cal_v1:starter+monotone_pit_cdf_v1]+stat_grid_final_component_convolution_mean_coherent_v1",phase8_role_aware_pmf_cal_v1+monotone_inactive_global_v1,pre_close,2026-05-23T20:47:49Z,d1ddc807#phase10c,bd27ab4a-bccb-407a-a984-d77d1d286e8a,ok,0.0,high,full,current_phase8,unknown,projected,derived_from_projected_minutes,8,0.001
OG Anunoby,18,NYK,CLE,False,21713899,pra,starter,"stat_grid:component_convolution_mean_coherent_v1+components[pts:pmf_sim_v1+role_aware_pmf_cal_v1:starter+monotone_pit_cdf_v1,reb:pmf_sim_v1+role_aware_pmf_cal_v1:starter+monotone_pit_cdf_v1,ast:pmf_sim_v1+role_aware_pmf_cal_v1:starter+monotone_pit_cdf_v1]+prior_combo[joint_sampler_v1+joint_combo_pmf_v1+role_aware_pmf_cal_v1:starter+monotone_pit_cdf_v1]+stat_grid_final_component_convolution_mean_coherent_v1",phase8_role_aware_pmf_cal_v1+monotone_inactive_global_v1,pre_close,2026-05-23T20:47:49Z,d1ddc807#phase10c,bd27ab4a-bccb-407a-a984-d77d1d286e8a,ok,0.0,high,full,current_phase8,unknown,projected,derived_from_projected_minutes,9,0.0018
OG Anunoby,18,NYK,CLE,False,21713899,pra,starter,"stat_grid:component_convolution_mean_coherent_v1+components[pts:pmf_sim_v1+role_aware_pmf_cal_v1:starter+monotone_pit_cdf_v1,reb:pmf_sim_v1+role_aware_pmf_cal_v1:starter+monotone_pit_cdf_v1,ast:pmf_sim_v1+role_aware_pmf_cal_v1:starter+monotone_pit_cdf_v1]+prior_combo[joint_sampler_v1+joint_combo_pmf_v1+role_aware_pmf_cal_v1:starter+monotone_pit_cdf_v1]+stat_grid_final_component_convolution_mean_coherent_v1",phase8_role_aware_pmf_cal_v1+monotone_inactive_global_v1,pre_close,2026-05-23T20:47:49Z,d1ddc807#phase10c,bd27ab4a-bccb-407a-a984-d77d1d286e8a,ok,0.0,high,full,current_phase8,unknown,projected,derived_from_projected_minutes,10,0.0029
OG Anunoby,18,NYK,CLE,False,21713899,pra,starter,"stat_grid:component_convolution_mean_coherent_v1+components[pts:pmf_sim_v1+role_aware_pmf_cal_v1:starter+monotone_pit_cdf_v1,reb:pmf_sim_v1+role_aware_pmf_cal_v1:starter+monotone_pit_cdf_v1,ast:pmf_sim_v1+role_aware_pmf_cal_v1:starter+monotone_pit_cdf_v1]+prior_combo[joint_sampler_v1+joint_combo_pmf_v1+role_aware_pmf_cal_v1:starter+monotone_pit_cdf_v1]+stat_grid_final_component_convolution_mean_coherent_v1",phase8_role_aware_pmf_cal_v1+monotone_inactive_global_v1,pre_close,2026-05-23T20:47:49Z,d1ddc807#phase10c,bd27ab4a-bccb-407a-a984-d77d1d286e8a,ok,0.0,high,full,current_phase8,unknown,projected,derived_from_projected_minutes,11,0.0045
OG Anunoby,18,NYK,CLE,False,21713899,pra,starter,"stat_grid:component_convolution_mean_coherent_v1+components[pts:pmf_sim_v1+role_aware_pmf_cal_v1:starter+monotone_pit_cdf_v1,reb:pmf_sim_v1+role_aware_pmf_cal_v1:starter+monotone_pit_cdf_v1,ast:pmf_sim_v1+role_aware_pmf_cal_v1:starter+monotone_pit_cdf_v1]+prior_combo[joint_sampler_v1+joint_combo_pmf_v1+role_aware_pmf_cal_v1:starter+monotone_pit_cdf_v1]+stat_grid_final_component_convolution_mean_coherent_v1",phase8_role_aware_pmf_cal_v1+monotone_inactive_global_v1,pre_close,2026-05-23T20:47:49Z,d1ddc807#phase10c,bd27ab4a-bccb-407a-a984-d77d1d286e8a,ok,0.0,high,full,current_phase8,unknown,projected,derived_from_projected_minutes,12,0.0067
OG Anunoby,18,NYK,CLE,False,21713899,pra,starter,"stat_grid:component_convolution_mean_coherent_v1+components[pts:pmf_sim_v1+role_aware_pmf_cal_v1:starter+monotone_pit_cdf_v1,reb:pmf_sim_v1+role_aware_pmf_cal_v1:starter+monotone_pit_cdf_v1,ast:pmf_sim_v1+role_aware_pmf_cal_v1:starter+monotone_pit_cdf_v1]+prior_combo[joint_sampler_v1+joint_combo_pmf_v1+role_aware_pmf_cal_v1:starter+monotone_pit_cdf_v1]+stat_grid_final_component_convolution_mean_coherent_v1",phase8_role_aware_pmf_cal_v1+monotone_inactive_global_v1,pre_close,2026-05-23T20:47:49Z,d1ddc807#phase10c,bd27ab4a-bccb-407a-a984-d77d1d286e8a,ok,0.0,high,full,current_phase8,unknown,projected,derived_from_projected_minutes,13,0.0096
OG Anunoby,18,NYK,CLE,False,21713899,pra,starter,"stat_grid:component_convolution_mean_coherent_v1+components[pts:pmf_sim_v1+role_aware_pmf_cal_v1:starter+monotone_pit_cdf_v1,reb:pmf_sim_v1+role_aware_pmf_cal_v1:starter+monotone_pit_cdf_v1,ast:pmf_sim_v1+role_aware_pmf_cal_v1:starter+monotone_pit_cdf_v1]+prior_combo[joint_sampler_v1+joint_combo_pmf_v1+role_aware_pmf_cal_v1:starter+monotone_pit_cdf_v1]+stat_grid_final_component_convolution_mean_coherent_v1",phase8_role_aware_pmf_cal_v1+monotone_inactive_global_v1,pre_close,2026-05-23T20:47:49Z,d1ddc807#phase10c,bd27ab4a-bccb-407a-a984-d77d1d286e8a,ok,0.0,high,full,current_phase8,unknown,projected,derived_from_projected_minutes,14,0.0131
OG Anunoby,18,NYK,CLE,False,21713899,pra,starter,"stat_grid:component_convolution_mean_coherent_v1+components[pts:pmf_sim_v1+role_aware_pmf_cal_v1:starter+monotone_pit_cdf_v1,reb:pmf_sim_v1+role_aware_pmf_cal_v1:starter+monotone_pit_cdf_v1,ast:pmf_sim_v1+role_aware_pmf_cal_v1:starter+monotone_pit_cdf_v1]+prior_combo[joint_sampler_v1+joint_combo_pmf_v1+role_aware_pmf_cal_v1:starter+monotone_pit_cdf_v1]+stat_grid_final_component_convolution_mean_coherent_v1",phase8_role_aware_pmf_cal_v1+monotone_inactive_global_v1,pre_close,2026-05-23T20:47:49Z,d1ddc807#phase10c,bd27ab4a-bccb-407a-a984-d77d1d286e8a,ok,0.0,high,full,current_phase8,unknown,projected,derived_from_projected_minutes,15,0.0171
OG Anunoby,18,NYK,CLE,False,21713899,pra,starter,"stat_grid:component_convolution_mean_coherent_v1+components[pts:pmf_sim_v1+role_aware_pmf_cal_v1:starter+monotone_pit_cdf_v1,reb:pmf_sim_v1+role_aware_pmf_cal_v1:starter+monotone_pit_cdf_v1,ast:pmf_sim_v1+role_aware_pmf_cal_v1:starter+monotone_pit_cdf_v1]+prior_combo[joint_sampler_v1+joint_combo_pmf_v1+role_aware_pmf_cal_v1:starter+monotone_pit_cdf_v1]+stat_grid_final_component_convolution_mean_coherent_v1",phase8_role_aware_pmf_cal_v1+monotone_inactive_global_v1,pre_close,2026-05-23T20:47:49Z,d1ddc807#phase10c,bd27ab4a-bccb-407a-a984-d77d1d286e8a,ok,0.0,high,full,current_phase8,unknown,projected,derived_from_projected_minutes,16,0.0216
OG Anunoby,18,NYK,CLE,False,21713899,pra,starter,"stat_grid:component_convolution_mean_coherent_v1+components[pts:pmf_sim_v1+role_aware_pmf_cal_v1:starter+monotone_pit_cdf_v1,reb:pmf_sim_v1+role_aware_pmf_cal_v1:starter+monotone_pit_cdf_v1,ast:pmf_sim_v1+role_aware_pmf_cal_v1:starter+monotone_pit_cdf_v1]+prior_combo[joint_sampler_v1+joint_combo_pmf_v1+role_aware_pmf_cal_v1:starter+monotone_pit_cdf_v1]+stat_grid_final_component_convolution_mean_coherent_v1",phase8_role_aware_pmf_cal_v1+monotone_inactive_global_v1,pre_close,2026-05-23T20:47:49Z,d1ddc807#phase10c,bd27ab4a-bccb-407a-a984-d77d1d286e8a,ok,0.0,high,full,current_phase8,unknown,projected,derived_from_projected_minutes,17,0.0266
OG Anunoby,18,NYK,CLE,False,21713899,pra,starter,"stat_grid:component_convolution_mean_coherent_v1+components[pts:pmf_sim_v1+role_aware_pmf_cal_v1:starter+monotone_pit_cdf_v1,reb:pmf_sim_v1+role_aware_pmf_cal_v1:starter+monotone_pit_cdf_v1,ast:pmf_sim_v1+role_aware_pmf_cal_v1:starter+monotone_pit_cdf_v1]+prior_combo[joint_sampler_v1+joint_combo_pmf_v1+role_aware_pmf_cal_v1:starter+monotone_pit_cdf_v1]+stat_grid_final_component_convolution_mean_coherent_v1",phase8_role_aware_pmf_cal_v1+monotone_inactive_global_v1,pre_close,2026-05-23T20:47:49Z,d1ddc807#phase10c,bd27ab4a-bccb-407a-a984-d77d1d286e8a,ok,0.0,high,full,current_phase8,unknown,projected,derived_from_projected_minutes,18,0.032
OG Anunoby,18,NYK,CLE,False,21713899,pra,starter,"stat_grid:component_convolution_mean_coherent_v1+components[pts:pmf_sim_v1+role_aware_pmf_cal_v1:starter+monotone_pit_cdf_v1,reb:pmf_sim_v1+role_aware_pmf_cal_v1:starter+monotone_pit_cdf_v1,ast:pmf_sim_v1+role_aware_pmf_cal_v1:starter+monotone_pit_cdf_v1]+prior_combo[joint_sampler_v1+joint_combo_pmf_v1+role_aware_pmf_cal_v1:starter+monotone_pit_cdf_v1]+stat_grid_final_component_convolution_mean_coherent_v1",phase8_role_aware_pmf_cal_v1+monotone_inactive_global_v1,pre_close,2026-05-23T20:47:49Z,d1ddc807#phase10c,bd27ab4a-bccb-407a-a984-d77d1d286e8a,ok,0.0,high,full,current_phase8,unknown,projected,derived_from_projected_minutes,19,0.038
OG Anunoby,18,NYK,CLE,False,21713899,pra,starter,"stat_grid:component_convolution_mean_coherent_v1+components[pts:pmf_sim_v1+role_aware_pmf_cal_v1:starter+monotone_pit_cdf_v1,reb:pmf_sim_v1+role_aware_pmf_cal_v1:starter+monotone_pit_cdf_v1,ast:pmf_sim_v1+role_aware_pmf_cal_v1:starter+monotone_pit_cdf_v1]+prior_combo[joint_sampler_v1+joint_combo_pmf_v1+role_aware_pmf_cal_v1:starter+monotone_pit_cdf_v1]+stat_grid_final_component_convolution_mean_coherent_v1",phase8_role_aware_pmf_cal_v1+monotone_inactive_global_v1,pre_close,2026-05-23T20:47:49Z,d1ddc807#phase10c,bd27ab4a-bccb-407a-a984-d77d1d286e8a,ok,0.0,high,full,current_phase8,unknown,projected,derived_from_projected_minutes,20,0.0444
OG Anunoby,18,NYK,CLE,False,21713899,pra,starter,"stat_grid:component_convolution_mean_coherent_v1+components[pts:pmf_sim_v1+role_aware_pmf_cal_v1:starter+monotone_pit_cdf_v1,reb:pmf_sim_v1+role_aware_pmf_cal_v1:starter+monotone_pit_cdf_v1,ast:pmf_sim_v1+role_aware_pmf_cal_v1:starter+monotone_pit_cdf_v1]+prior_combo[joint_sampler_v1+joint_combo_pmf_v1+role_aware_pmf_cal_v1:starter+monotone_pit_cdf_v1]+stat_grid_final_component_convolution_mean_coherent_v1",phase8_role_aware_pmf_cal_v1+monotone_inactive_global_v1,pre_close,2026-05-23T20:47:49Z,d1ddc807#phase10c,bd27ab4a-bccb-407a-a984-d77d1d286e8a,ok,0.0,high,full,current_phase8,unknown,projected,derived_from_projected_minutes,21,0.0505
OG Anunoby,18,NYK,CLE,False,21713899,pra,starter,"stat_grid:component_convolution_mean_coherent_v1+components[pts:pmf_sim_v1+role_aware_pmf_cal_v1:starter+monotone_pit_cdf_v1,reb:pmf_sim_v1+role_aware_pmf_cal_v1:starter+monotone_pit_cdf_v1,ast:pmf_sim_v1+role_aware_pmf_cal_v1:starter+monotone_pit_cdf_v1]+prior_combo[joint_sampler_v1+joint_combo_pmf_v1+role_aware_pmf_cal_v1:starter+monotone_pit_cdf_v1]+stat_grid_final_component_convolution_mean_coherent_v1",phase8_role_aware_pmf_cal_v1+monotone_inactive_global_v1,pre_close,2026-05-23T20:47:49Z,d1ddc807#phase10c,bd27ab4a-bccb-407a-a984-d77d1d286e8a,ok,0.0,high,full,current_phase8,unknown,projected,derived_from_projected_minutes,22,0.0559
OG Anunoby,18,NYK,CLE,False,21713899,pra,starter,"stat_grid:component_convolution_mean_coherent_v1+components[pts:pmf_sim_v1+role_aware_pmf_cal_v1:starter+monotone_pit_cdf_v1,reb:pmf_sim_v1+role_aware_pmf_cal_v1:starter+monotone_pit_cdf_v1,ast:pmf_sim_v1+role_aware_pmf_cal_v1:starter+monotone_pit_cdf_v1]+prior_combo[joint_sampler_v1+joint_combo_pmf_v1+role_aware_pmf_cal_v1:starter+monotone_pit_cdf_v1]+stat_grid_final_component_convolution_mean_coherent_v1",phase8_role_aware_pmf_cal_v1+monotone_inactive_global_v1,pre_close,2026-05-23T20:47:49Z,d1ddc807#phase10c,bd27ab4a-bccb-407a-a984-d77d1d286e8a,ok,0.0,high,full,current_phase8,unknown,projected,derived_from_projected_minutes,23,0.0605
OG Anunoby,18,NYK,CLE,False,21713899,pra,starter,"stat_grid:component_convolution_mean_coherent_v1+components[pts:pmf_sim_v1+role_aware_pmf_cal_v1:starter+monotone_pit_cdf_v1,reb:pmf_sim_v1+role_aware_pmf_cal_v1:starter+monotone_pit_cdf_v1,ast:pmf_sim_v1+role_aware_pmf_cal_v1:starter+monotone_pit_cdf_v1]+prior_combo[joint_sampler_v1+joint_combo_pmf_v1+role_aware_pmf_cal_v1:starter+monotone_pit_cdf_v1]+stat_grid_final_component_convolution_mean_coherent_v1",phase8_role_aware_pmf_cal_v1+monotone_inactive_global_v1,pre_close,2026-05-23T20:47:49Z,d1ddc807#phase10c,bd27ab4a-bccb-407a-a984-d77d1d286e8a,ok,0.0,high,full,current_phase8,unknown,projected,derived_from_projected_minutes,24,0.0639
OG Anunoby,18,NYK,CLE,False,21713899,pra,starter,"stat_grid:component_convolution_mean_coherent_v1+components[pts:pmf_sim_v1+role_aware_pmf_cal_v1:starter+monotone_pit_cdf_v1,reb:pmf_sim_v1+role_aware_pmf_cal_v1:starter+monotone_pit_cdf_v1,ast:pmf_sim_v1+role_aware_pmf_cal_v1:starter+monotone_pit_cdf_v1]+prior_combo[joint_sampler_v1+joint_combo_pmf_v1+role_aware_pmf_cal_v1:starter+monotone_pit_cdf_v1]+stat_grid_final_component_convolution_mean_coherent_v1",phase8_role_aware_pmf_cal_v1+monotone_inactive_global_v1,pre_close,2026-05-23T20:47:49Z,d1ddc807#phase10c,bd27ab4a-bccb-407a-a984-d77d1d286e8a,ok,0.0,high,full,current_phase8,unknown,projected,derived_from_projected_minutes,25,0.0657
OG Anunoby,18,NYK,CLE,False,21713899,pra,starter,"stat_grid:component_convolution_mean_coherent_v1+components[pts:pmf_sim_v1+role_aware_pmf_cal_v1:starter+monotone_pit_cdf_v1,reb:pmf_sim_v1+role_aware_pmf_cal_v1:starter+monotone_pit_cdf_v1,ast:pmf_sim_v1+role_aware_pmf_cal_v1:starter+monotone_pit_cdf_v1]+prior_combo[joint_sampler_v1+joint_combo_pmf_v1+role_aware_pmf_cal_v1:starter+monotone_pit_cdf_v1]+stat_grid_final_component_convolution_mean_coherent_v1",phase8_role_aware_pmf_cal_v1+monotone_inactive_global_v1,pre_close,2026-05-23T20:47:49Z,d1ddc807#phase10c,bd27ab4a-bccb-407a-a984-d77d1d286e8a,ok,0.0,high,full,current_phase8,unknown,projected,derived_from_projected_minutes,26,0.0651
OG Anunoby,18,NYK,CLE,False,21713899,pra,starter,"stat_grid:component_convolution_mean_coherent_v1+components[pts:pmf_sim_v1+role_aware_pmf_cal_v1:starter+monotone_pit_cdf_v1,reb:pmf_sim_v1+role_aware_pmf_cal_v1:starter+monotone_pit_cdf_v1,ast:pmf_sim_v1+role_aware_pmf_cal_v1:starter+monotone_pit_cdf_v1]+prior_combo[joint_sampler_v1+joint_combo_pmf_v1+role_aware_pmf_cal_v1:starter+monotone_pit_cdf_v1]+stat_grid_final_component_convolution_mean_coherent_v1",phase8_role_aware_pmf_cal_v1+monotone_inactive_global_v1,pre_close,2026-05-23T20:47:49Z,d1ddc807#phase10c,bd27ab4a-bccb-407a-a984-d77d1d286e8a,ok,0.0,high,full,current_phase8,unknown,projected,derived_from_projected_minutes,27,0.0619
OG Anunoby,18,NYK,CLE,False,21713899,pra,starter,"stat_grid:component_convolution_mean_coherent_v1+components[pts:pmf_sim_v1+role_aware_pmf_cal_v1:starter+monotone_pit_cdf_v1,reb:pmf_sim_v1+role_aware_pmf_cal_v1:starter+monotone_pit_cdf_v1,ast:pmf_sim_v1+role_aware_pmf_cal_v1:starter+monotone_pit_cdf_v1]+prior_combo[joint_sampler_v1+joint_combo_pmf_v1+role_aware_pmf_cal_v1:starter+monotone_pit_cdf_v1]+stat_grid_final_component_convolution_mean_coherent_v1",phase8_role_aware_pmf_cal_v1+monotone_inactive_global_v1,pre_close,2026-05-23T20:47:49Z,d1ddc807#phase10c,bd27ab4a-bccb-407a-a984-d77d1d286e8a,ok,0.0,high,full,current_phase8,unknown,projected,derived_from_projected_minutes,28,0.057
OG Anunoby,18,NYK,CLE,False,21713899,pra,starter,"stat_grid:component_convolution_mean_coherent_v1+components[pts:pmf_sim_v1+role_aware_pmf_cal_v1:starter+monotone_pit_cdf_v1,reb:pmf_sim_v1+role_aware_pmf_cal_v1:starter+monotone_pit_cdf_v1,ast:pmf_sim_v1+role_aware_pmf_cal_v1:starter+monotone_pit_cdf_v1]+prior_combo[joint_sampler_v1+joint_combo_pmf_v1+role_aware_pmf_cal_v1:starter+monotone_pit_cdf_v1]+stat_grid_final_component_convolution_mean_coherent_v1",phase8_role_aware_pmf_cal_v1+monotone_inactive_global_v1,pre_close,2026-05-23T20:47:49Z,d1ddc807#phase10c,bd27ab4a-bccb-407a-a984-d77d1d286e8a,ok,0.0,high,full,current_phase8,unknown,projected,derived_from_projected_minutes,29,0.0515
OG Anunoby,18,NYK,CLE,False,21713899,pra,starter,"stat_grid:component_convolution_mean_coherent_v1+components[pts:pmf_sim_v1+role_aware_pmf_cal_v1:starter+monotone_pit_cdf_v1,reb:pmf_sim_v1+role_aware_pmf_cal_v1:starter+monotone_pit_cdf_v1,ast:pmf_sim_v1+role_aware_pmf_cal_v1:starter+monotone_pit_cdf_v1]+prior_combo[joint_sampler_v1+joint_combo_pmf_v1+role_aware_pmf_cal_v1:starter+monotone_pit_cdf_v1]+stat_grid_final_component_convolution_mean_coherent_v1",phase8_role_aware_pmf_cal_v1+monotone_inactive_global_v1,pre_close,2026-05-23T20:47:49Z,d1ddc807#phase10c,bd27ab4a-bccb-407a-a984-d77d1d286e8a,ok,0.0,high,full,current_phase8,unknown,projected,derived_from_projected_minutes,30,0.0459
OG Anunoby,18,NYK,CLE,False,21713899,pra,starter,"stat_grid:component_convolution_mean_coherent_v1+components[pts:pmf_sim_v1+role_aware_pmf_cal_v1:starter+monotone_pit_cdf_v1,reb:pmf_sim_v1+role_aware_pmf_cal_v1:starter+monotone_pit_cdf_v1,ast:pmf_sim_v1+role_aware_pmf_cal_v1:starter+monotone_pit_cdf_v1]+prior_combo[joint_sampler_v1+joint_combo_pmf_v1+role_aware_pmf_cal_v1:starter+monotone_pit_cdf_v1]+stat_grid_final_component_convolution_mean_coherent_v1",phase8_role_aware_pmf_cal_v1+monotone_inactive_global_v1,pre_close,2026-05-23T20:47:49Z,d1ddc807#phase10c,bd27ab4a-bccb-407a-a984-d77d1d286e8a,ok,0.0,high,full,current_phase8,unknown,projected,derived_from_projected_minutes,31,0.04
OG Anunoby,18,NYK,CLE,False,21713899,pra,starter,"stat_grid:component_convolution_mean_coherent_v1+components[pts:pmf_sim_v1+role_aware_pmf_cal_v1:starter+monotone_pit_cdf_v1,reb:pmf_sim_v1+role_aware_pmf_cal_v1:starter+monotone_pit_cdf_v1,ast:pmf_sim_v1+role_aware_pmf_cal_v1:starter+monotone_pit_cdf_v1]+prior_combo[joint_sampler_v1+joint_combo_pmf_v1+role_aware_pmf_cal_v1:starter+monotone_pit_cdf_v1]+stat_grid_final_component_convolution_mean_coherent_v1",phase8_role_aware_pmf_cal_v1+monotone_inactive_global_v1,pre_close,2026-05-23T20:47:49Z,d1ddc807#phase10c,bd27ab4a-bccb-407a-a984-d77d1d286e8a,ok,0.0,high,full,current_phase8,unknown,projected,derived_from_projected_minutes,32,0.0336
OG Anunoby,18,NYK,CLE,False,21713899,pra,starter,"stat_grid:component_convolution_mean_coherent_v1+components[pts:pmf_sim_v1+role_aware_pmf_cal_v1:starter+monotone_pit_cdf_v1,reb:pmf_sim_v1+role_aware_pmf_cal_v1:starter+monotone_pit_cdf_v1,ast:pmf_sim_v1+role_aware_pmf_cal_v1:starter+monotone_pit_cdf_v1]+prior_combo[joint_sampler_v1+joint_combo_pmf_v1+role_aware_pmf_cal_v1:starter+monotone_pit_cdf_v1]+stat_grid_final_component_convolution_mean_coherent_v1",phase8_role_aware_pmf_cal_v1+monotone_inactive_global_v1,pre_close,2026-05-23T20:47:49Z,d1ddc807#phase10c,bd27ab4a-bccb-407a-a984-d77d1d286e8a,ok,0.0,high,full,current_phase8,unknown,projected,derived_from_projected_minutes,33,0.0273
OG Anunoby,18,NYK,CLE,False,21713899,pra,starter,"stat_grid:component_convolution_mean_coherent_v1+components[pts:pmf_sim_v1+role_aware_pmf_cal_v1:starter+monotone_pit_cdf_v1,reb:pmf_sim_v1+role_aware_pmf_cal_v1:starter+monotone_pit_cdf_v1,ast:pmf_sim_v1+role_aware_pmf_cal_v1:starter+monotone_pit_cdf_v1]+prior_combo[joint_sampler_v1+joint_combo_pmf_v1+role_aware_pmf_cal_v1:starter+monotone_pit_cdf_v1]+stat_grid_final_component_convolution_mean_coherent_v1",phase8_role_aware_pmf_cal_v1+monotone_inactive_global_v1,pre_close,2026-05-23T20:47:49Z,d1ddc807#phase10c,bd27ab4a-bccb-407a-a984-d77d1d286e8a,ok,0.0,high,full,current_phase8,unknown,projected,derived_from_projected_minutes,34,0.0217
OG Anunoby,18,NYK,CLE,False,21713899,pra,starter,"stat_grid:component_convolution_mean_coherent_v1+components[pts:pmf_sim_v1+role_aware_pmf_cal_v1:starter+monotone_pit_cdf_v1,reb:pmf_sim_v1+role_aware_pmf_cal_v1:starter+monotone_pit_cdf_v1,ast:pmf_sim_v1+role_aware_pmf_cal_v1:starter+monotone_pit_cdf_v1]+prior_combo[joint_sampler_v1+joint_combo_pmf_v1+role_aware_pmf_cal_v1:starter+monotone_pit_cdf_v1]+stat_grid_final_component_convolution_mean_coherent_v1",phase8_role_aware_pmf_cal_v1+monotone_inactive_global_v1,pre_close,2026-05-23T20:47:49Z,d1ddc807#phase10c,bd27ab4a-bccb-407a-a984-d77d1d286e8a,ok,0.0,high,full,current_phase8,unknown,projected,derived_from_projected_minutes,35,0.017
OG Anunoby,18,NYK,CLE,False,21713899,pra,starter,"stat_grid:component_convolution_mean_coherent_v1+components[pts:pmf_sim_v1+role_aware_pmf_cal_v1:starter+monotone_pit_cdf_v1,reb:pmf_sim_v1+role_aware_pmf_cal_v1:starter+monotone_pit_cdf_v1,ast:pmf_sim_v1+role_aware_pmf_cal_v1:starter+monotone_pit_cdf_v1]+prior_combo[joint_sampler_v1+joint_combo_pmf_v1+role_aware_pmf_cal_v1:starter+monotone_pit_cdf_v1]+stat_grid_final_component_convolution_mean_coherent_v1",phase8_role_aware_pmf_cal_v1+monotone_inactive_global_v1,pre_close,2026-05-23T20:47:49Z,d1ddc807#phase10c,bd27ab4a-bccb-407a-a984-d77d1d286e8a,ok,0.0,high,full,current_phase8,unknown,projected,derived_from_projected_minutes,36,0.0134
OG Anunoby,18,NYK,CLE,False,21713899,pra,starter,"stat_grid:component_convolution_mean_coherent_v1+components[pts:pmf_sim_v1+role_aware_pmf_cal_v1:starter+monotone_pit_cdf_v1,reb:pmf_sim_v1+role_aware_pmf_cal_v1:starter+monotone_pit_cdf_v1,ast:pmf_sim_v1+role_aware_pmf_cal_v1:starter+monotone_pit_cdf_v1]+prior_combo[joint_sampler_v1+joint_combo_pmf_v1+role_aware_pmf_cal_v1:starter+monotone_pit_cdf_v1]+stat_grid_final_component_convolution_mean_coherent_v1",phase8_role_aware_pmf_cal_v1+monotone_inactive_global_v1,pre_close,2026-05-23T20:47:49Z,d1ddc807#phase10c,bd27ab4a-bccb-407a-a984-d77d1d286e8a,ok,0.0,high,full,current_phase8,unknown,projected,derived_from_projected_minutes,37,0.0106
OG Anunoby,18,NYK,CLE,False,21713899,pra,starter,"stat_grid:component_convolution_mean_coherent_v1+components[pts:pmf_sim_v1+role_aware_pmf_cal_v1:starter+monotone_pit_cdf_v1,reb:pmf_sim_v1+role_aware_pmf_cal_v1:starter+monotone_pit_cdf_v1,ast:pmf_sim_v1+role_aware_pmf_cal_v1:starter+monotone_pit_cdf_v1]+prior_combo[joint_sampler_v1+joint_combo_pmf_v1+role_aware_pmf_cal_v1:starter+monotone_pit_cdf_v1]+stat_grid_final_component_convolution_mean_coherent_v1",phase8_role_aware_pmf_cal_v1+monotone_inactive_global_v1,pre_close,2026-05-23T20:47:49Z,d1ddc807#phase10c,bd27ab4a-bccb-407a-a984-d77d1d286e8a,ok,0.0,high,full,current_phase8,unknown,projected,derived_from_projected_minutes,38,0.0084
OG Anunoby,18,NYK,CLE,False,21713899,pra,starter,"stat_grid:component_convolution_mean_coherent_v1+components[pts:pmf_sim_v1+role_aware_pmf_cal_v1:starter+monotone_pit_cdf_v1,reb:pmf_sim_v1+role_aware_pmf_cal_v1:starter+monotone_pit_cdf_v1,ast:pmf_sim_v1+role_aware_pmf_cal_v1:starter+monotone_pit_cdf_v1]+prior_combo[joint_sampler_v1+joint_combo_pmf_v1+role_aware_pmf_cal_v1:starter+monotone_pit_cdf_v1]+stat_grid_final_component_convolution_mean_coherent_v1",phase8_role_aware_pmf_cal_v1+monotone_inactive_global_v1,pre_close,2026-05-23T20:47:49Z,d1ddc807#phase10c,bd27ab4a-bccb-407a-a984-d77d1d286e8a,ok,0.0,high,full,current_phase8,unknown,projected,derived_from_projected_minutes,39,0.0069
OG Anunoby,18,NYK,CLE,False,21713899,pra,starter,"stat_grid:component_convolution_mean_coherent_v1+components[pts:pmf_sim_v1+role_aware_pmf_cal_v1:starter+monotone_pit_cdf_v1,reb:pmf_sim_v1+role_aware_pmf_cal_v1:starter+monotone_pit_cdf_v1,ast:pmf_sim_v1+role_aware_pmf_cal_v1:starter+monotone_pit_cdf_v1]+prior_combo[joint_sampler_v1+joint_combo_pmf_v1+role_aware_pmf_cal_v1:starter+monotone_pit_cdf_v1]+stat_grid_final_component_convolution_mean_coherent_v1",phase8_role_aware_pmf_cal_v1+monotone_inactive_global_v1,pre_close,2026-05-23T20:47:49Z,d1ddc807#phase10c,bd27ab4a-bccb-407a-a984-d77d1d286e8a,ok,0.0,high,full,current_phase8,unknown,projected,derived_from_projected_minutes,40,0.0056
OG Anunoby,18,NYK,CLE,False,21713899,pra,starter,"stat_grid:component_convolution_mean_coherent_v1+components[pts:pmf_sim_v1+role_aware_pmf_cal_v1:starter+monotone_pit_cdf_v1,reb:pmf_sim_v1+role_aware_pmf_cal_v1:starter+monotone_pit_cdf_v1,ast:pmf_sim_v1+role_aware_pmf_cal_v1:starter+monotone_pit_cdf_v1]+prior_combo[joint_sampler_v1+joint_combo_pmf_v1+role_aware_pmf_cal_v1:starter+monotone_pit_cdf_v1]+stat_grid_final_component_convolution_mean_coherent_v1",phase8_role_aware_pmf_cal_v1+monotone_inactive_global_v1,pre_close,2026-05-23T20:47:49Z,d1ddc807#phase10c,bd27ab4a-bccb-407a-a984-d77d1d286e8a,ok,0.0,high,full,current_phase8,unknown,projected,derived_from_projected_minutes,41,0.0046
OG Anunoby,18,NYK,CLE,False,21713899,pra,starter,"stat_grid:component_convolution_mean_coherent_v1+components[pts:pmf_sim_v1+role_aware_pmf_cal_v1:starter+monotone_pit_cdf_v1,reb:pmf_sim_v1+role_aware_pmf_cal_v1:starter+monotone_pit_cdf_v1,ast:pmf_sim_v1+role_aware_pmf_cal_v1:starter+monotone_pit_cdf_v1]+prior_combo[joint_sampler_v1+joint_combo_pmf_v1+role_aware_pmf_cal_v1:starter+monotone_pit_cdf_v1]+stat_grid_final_component_convolution_mean_coherent_v1",phase8_role_aware_pmf_cal_v1+monotone_inactive_global_v1,pre_close,2026-05-23T20:47:49Z,d1ddc807#phase10c,bd27ab4a-bccb-407a-a984-d77d1d286e8a,ok,0.0,high,full,current_phase8,unknown,projected,derived_from_projected_minutes,42,0.0037
OG Anunoby,18,NYK,CLE,False,21713899,pra,starter,"stat_grid:component_convolution_mean_coherent_v1+components[pts:pmf_sim_v1+role_aware_pmf_cal_v1:starter+monotone_pit_cdf_v1,reb:pmf_sim_v1+role_aware_pmf_cal_v1:starter+monotone_pit_cdf_v1,ast:pmf_sim_v1+role_aware_pmf_cal_v1:starter+monotone_pit_cdf_v1]+prior_combo[joint_sampler_v1+joint_combo_pmf_v1+role_aware_pmf_cal_v1:starter+monotone_pit_cdf_v1]+stat_grid_final_component_convolution_mean_coherent_v1",phase8_role_aware_pmf_cal_v1+monotone_inactive_global_v1,pre_close,2026-05-23T20:47:49Z,d1ddc807#phase10c,bd27ab4a-bccb-407a-a984-d77d1d286e8a,ok,0.0,high,full,current_phase8,unknown,projected,derived_from_projected_minutes,43,0.0028
OG Anunoby,18,NYK,CLE,False,21713899,pra,starter,"stat_grid:component_convolution_mean_coherent_v1+components[pts:pmf_sim_v1+role_aware_pmf_cal_v1:starter+monotone_pit_cdf_v1,reb:pmf_sim_v1+role_aware_pmf_cal_v1:starter+monotone_pit_cdf_v1,ast:pmf_sim_v1+role_aware_pmf_cal_v1:starter+monotone_pit_cdf_v1]+prior_combo[joint_sampler_v1+joint_combo_pmf_v1+role_aware_pmf_cal_v1:starter+monotone_pit_cdf_v1]+stat_grid_final_component_convolution_mean_coherent_v1",phase8_role_aware_pmf_cal_v1+monotone_inactive_global_v1,pre_close,2026-05-23T20:47:49Z,d1ddc807#phase10c,bd27ab4a-bccb-407a-a984-d77d1d286e8a,ok,0.0,high,full,current_phase8,unknown,projected,derived_from_projected_minutes,44,0.002
OG Anunoby,18,NYK,CLE,False,21713899,pra,starter,"stat_grid:component_convolution_mean_coherent_v1+components[pts:pmf_sim_v1+role_aware_pmf_cal_v1:starter+monotone_pit_cdf_v1,reb:pmf_sim_v1+role_aware_pmf_cal_v1:starter+monotone_pit_cdf_v1,ast:pmf_sim_v1+role_aware_pmf_cal_v1:starter+monotone_pit_cdf_v1]+prior_combo[joint_sampler_v1+joint_combo_pmf_v1+role_aware_pmf_cal_v1:starter+monotone_pit_cdf_v1]+stat_grid_final_component_convolution_mean_coherent_v1",phase8_role_aware_pmf_cal_v1+monotone_inactive_global_v1,pre_close,2026-05-23T20:47:49Z,d1ddc807#phase10c,bd27ab4a-bccb-407a-a984-d77d1d286e8a,ok,0.0,high,full,current_phase8,unknown,projected,derived_from_projected_minutes,45,0.0013
OG Anunoby,18,NYK,CLE,False,21713899,pra,starter,"stat_grid:component_convolution_mean_coherent_v1+components[pts:pmf_sim_v1+role_aware_pmf_cal_v1:starter+monotone_pit_cdf_v1,reb:pmf_sim_v1+role_aware_pmf_cal_v1:starter+monotone_pit_cdf_v1,ast:pmf_sim_v1+role_aware_pmf_cal_v1:starter+monotone_pit_cdf_v1]+prior_combo[joint_sampler_v1+joint_combo_pmf_v1+role_aware_pmf_cal_v1:starter+monotone_pit_cdf_v1]+stat_grid_final_component_convolution_mean_coherent_v1",phase8_role_aware_pmf_cal_v1+monotone_inactive_global_v1,pre_close,2026-05-23T20:47:49Z,d1ddc807#phase10c,bd27ab4a-bccb-407a-a984-d77d1d286e8a,ok,0.0,high,full,current_phase8,unknown,projected,derived_from_projected_minutes,46,0.0009
OG Anunoby,18,NYK,CLE,False,21713899,pra,starter,"stat_grid:component_convolution_mean_coherent_v1+components[pts:pmf_sim_v1+role_aware_pmf_cal_v1:starter+monotone_pit_cdf_v1,reb:pmf_sim_v1+role_aware_pmf_cal_v1:starter+monotone_pit_cdf_v1,ast:pmf_sim_v1+role_aware_pmf_cal_v1:starter+monotone_pit_cdf_v1]+prior_combo[joint_sampler_v1+joint_combo_pmf_v1+role_aware_pmf_cal_v1:starter+monotone_pit_cdf_v1]+stat_grid_final_component_convolution_mean_coherent_v1",phase8_role_aware_pmf_cal_v1+monotone_inactive_global_v1,pre_close,2026-05-23T20:47:49Z,d1ddc807#phase10c,bd27ab4a-bccb-407a-a984-d77d1d286e8a,ok,0.0,high,full,current_phase8,unknown,projected,derived_from_projected_minutes,47,0.0005
OG Anunoby,18,NYK,CLE,False,21713899,pra,starter,"stat_grid:component_convolution_mean_coherent_v1+components[pts:pmf_sim_v1+role_aware_pmf_cal_v1:starter+monotone_pit_cdf_v1,reb:pmf_sim_v1+role_aware_pmf_cal_v1:starter+monotone_pit_cdf_v1,ast:pmf_sim_v1+role_aware_pmf_cal_v1:starter+monotone_pit_cdf_v1]+prior_combo[joint_sampler_v1+joint_combo_pmf_v1+role_aware_pmf_cal_v1:starter+monotone_pit_cdf_v1]+stat_grid_final_component_convolution_mean_coherent_v1",phase8_role_aware_pmf_cal_v1+monotone_inactive_global_v1,pre_close,2026-05-23T20:47:49Z,d1ddc807#phase10c,bd27ab4a-bccb-407a-a984-d77d1d286e8a,ok,0.0,high,full,current_phase8,unknown,projected,derived_from_projected_minutes,48,0.0003
OG Anunoby,18,NYK,CLE,False,21713899,pra,starter,"stat_grid:component_convolution_mean_coherent_v1+components[pts:pmf_sim_v1+role_aware_pmf_cal_v1:starter+monotone_pit_cdf_v1,reb:pmf_sim_v1+role_aware_pmf_cal_v1:starter+monotone_pit_cdf_v1,ast:pmf_sim_v1+role_aware_pmf_cal_v1:starter+monotone_pit_cdf_v1]+prior_combo[joint_sampler_v1+joint_combo_pmf_v1+role_aware_pmf_cal_v1:starter+monotone_pit_cdf_v1]+stat_grid_final_component_convolution_mean_coherent_v1",phase8_role_aware_pmf_cal_v1+monotone_inactive_global_v1,pre_close,2026-05-23T20:47:49Z,d1ddc807#phase10c,bd27ab4a-bccb-407a-a984-d77d1d286e8a,ok,0.0,high,full,current_phase8,unknown,projected,derived_from_projected_minutes,49,0.0002
OG Anunoby,18,NYK,CLE,False,21713899,pra,starter,"stat_grid:component_convolution_mean_coherent_v1+components[pts:pmf_sim_v1+role_aware_pmf_cal_v1:starter+monotone_pit_cdf_v1,reb:pmf_sim_v1+role_aware_pmf_cal_v1:starter+monotone_pit_cdf_v1,ast:pmf_sim_v1+role_aware_pmf_cal_v1:starter+monotone_pit_cdf_v1]+prior_combo[joint_sampler_v1+joint_combo_pmf_v1+role_aware_pmf_cal_v1:starter+monotone_pit_cdf_v1]+stat_grid_final_component_convolution_mean_coherent_v1",phase8_role_aware_pmf_cal_v1+monotone_inactive_global_v1,pre_close,2026-05-23T20:47:49Z,d1ddc807#phase10c,bd27ab4a-bccb-407a-a984-d77d1d286e8a,ok,0.0,high,full,current_phase8,unknown,projected,derived_from_projected_minutes,50,0.0002
OG Anunoby,18,NYK,CLE,False,21713899,pra,starter,"stat_grid:component_convolution_mean_coherent_v1+components[pts:pmf_sim_v1+role_aware_pmf_cal_v1:starter+monotone_pit_cdf_v1,reb:pmf_sim_v1+role_aware_pmf_cal_v1:starter+monotone_pit_cdf_v1,ast:pmf_sim_v1+role_aware_pmf_cal_v1:starter+monotone_pit_cdf_v1]+prior_combo[joint_sampler_v1+joint_combo_pmf_v1+role_aware_pmf_cal_v1:starter+monotone_pit_cdf_v1]+stat_grid_final_component_convolution_mean_coherent_v1",phase8_role_aware_pmf_cal_v1+monotone_inactive_global_v1,pre_close,2026-05-23T20:47:49Z,d1ddc807#phase10c,bd27ab4a-bccb-407a-a984-d77d1d286e8a,ok,0.0,high,full,current_phase8,unknown,projected,derived_from_projected_minutes,51,0.0001
OG Anunoby,18,NYK,CLE,False,21713899,pra,starter,"stat_grid:component_convolution_mean_coherent_v1+components[pts:pmf_sim_v1+role_aware_pmf_cal_v1:starter+monotone_pit_cdf_v1,reb:pmf_sim_v1+role_aware_pmf_cal_v1:starter+monotone_pit_cdf_v1,ast:pmf_sim_v1+role_aware_pmf_cal_v1:starter+monotone_pit_cdf_v1]+prior_combo[joint_sampler_v1+joint_combo_pmf_v1+role_aware_pmf_cal_v1:starter+monotone_pit_cdf_v1]+stat_grid_final_component_convolution_mean_coherent_v1",phase8_role_aware_pmf_cal_v1+monotone_inactive_global_v1,pre_close,2026-05-23T20:47:49Z,d1ddc807#phase10c,bd27ab4a-bccb-407a-a984-d77d1d286e8a,ok,0.0,high,full,current_phase8,unknown,projected,derived_from_projected_minutes,52,0.0001
OG Anunoby,18,NYK,CLE,False,21713899,pra,starter,"stat_grid:component_convolution_mean_coherent_v1+components[pts:pmf_sim_v1+role_aware_pmf_cal_v1:starter+monotone_pit_cdf_v1,reb:pmf_sim_v1+role_aware_pmf_cal_v1:starter+monotone_pit_cdf_v1,ast:pmf_sim_v1+role_aware_pmf_cal_v1:starter+monotone_pit_cdf_v1]+prior_combo[joint_sampler_v1+joint_combo_pmf_v1+role_aware_pmf_cal_v1:starter+monotone_pit_cdf_v1]+stat_grid_final_component_convolution_mean_coherent_v1",phase8_role_aware_pmf_cal_v1+monotone_inactive_global_v1,pre_close,2026-05-23T20:47:49Z,d1ddc807#phase10c,bd27ab4a-bccb-407a-a984-d77d1d286e8a,ok,0.0,high,full,current_phase8,unknown,projected,derived_from_projected_minutes,53,0.0001
OG Anunoby,18,NYK,CLE,False,21713899,pra,starter,"stat_grid:component_convolution_mean_coherent_v1+components[pts:pmf_sim_v1+role_aware_pmf_cal_v1:starter+monotone_pit_cdf_v1,reb:pmf_sim_v1+role_aware_pmf_cal_v1:starter+monotone_pit_cdf_v1,ast:pmf_sim_v1+role_aware_pmf_cal_v1:starter+monotone_pit_cdf_v1]+prior_combo[joint_sampler_v1+joint_combo_pmf_v1+role_aware_pmf_cal_v1:starter+monotone_pit_cdf_v1]+stat_grid_final_component_convolution_mean_coherent_v1",phase8_role_aware_pmf_cal_v1+monotone_inactive_global_v1,pre_close,2026-05-23T20:47:49Z,d1ddc807#phase10c,bd27ab4a-bccb-407a-a984-d77d1d286e8a,ok,0.0,high,full,current_phase8,unknown,projected,derived_from_projected_minutes,54,0.0
OG Anunoby,18,NYK,CLE,False,21713899,pra,starter,"stat_grid:component_convolution_mean_coherent_v1+components[pts:pmf_sim_v1+role_aware_pmf_cal_v1:starter+monotone_pit_cdf_v1,reb:pmf_sim_v1+role_aware_pmf_cal_v1:starter+monotone_pit_cdf_v1,ast:pmf_sim_v1+role_aware_pmf_cal_v1:starter+monotone_pit_cdf_v1]+prior_combo[joint_sampler_v1+joint_combo_pmf_v1+role_aware_pmf_cal_v1:starter+monotone_pit_cdf_v1]+stat_grid_final_component_convolution_mean_coherent_v1",phase8_role_aware_pmf_cal_v1+monotone_inactive_global_v1,pre_close,2026-05-23T20:47:49Z,d1ddc807#phase10c,bd27ab4a-bccb-407a-a984-d77d1d286e8a,ok,0.0,high,full,current_phase8,unknown,projected,derived_from_projected_minutes,55,0.0
OG Anunoby,18,NYK,CLE,False,21713899,pra,starter,"stat_grid:component_convolution_mean_coherent_v1+components[pts:pmf_sim_v1+role_aware_pmf_cal_v1:starter+monotone_pit_cdf_v1,reb:pmf_sim_v1+role_aware_pmf_cal_v1:starter+monotone_pit_cdf_v1,ast:pmf_sim_v1+role_aware_pmf_cal_v1:starter+monotone_pit_cdf_v1]+prior_combo[joint_sampler_v1+joint_combo_pmf_v1+role_aware_pmf_cal_v1:starter+monotone_pit_cdf_v1]+stat_grid_final_component_convolution_mean_coherent_v1",phase8_role_aware_pmf_cal_v1+monotone_inactive_global_v1,pre_close,2026-05-23T20:47:49Z,d1ddc807#phase10c,bd27ab4a-bccb-407a-a984-d77d1d286e8a,ok,0.0,high,full,current_phase8,unknown,projected,derived_from_projected_minutes,56,0.0
OG Anunoby,18,NYK,CLE,False,21713899,pra,starter,"stat_grid:component_convolution_mean_coherent_v1+components[pts:pmf_sim_v1+role_aware_pmf_cal_v1:starter+monotone_pit_cdf_v1,reb:pmf_sim_v1+role_aware_pmf_cal_v1:starter+monotone_pit_cdf_v1,ast:pmf_sim_v1+role_aware_pmf_cal_v1:starter+monotone_pit_cdf_v1]+prior_combo[joint_sampler_v1+joint_combo_pmf_v1+role_aware_pmf_cal_v1:starter+monotone_pit_cdf_v1]+stat_grid_final_component_convolution_mean_coherent_v1",phase8_role_aware_pmf_cal_v1+monotone_inactive_global_v1,pre_close,2026-05-23T20:47:49Z,d1ddc807#phase10c,bd27ab4a-bccb-407a-a984-d77d1d286e8a,ok,0.0,high,full,current_phase8,unknown,projected,derived_from_projected_minutes,57,0.0
OG Anunoby,18,NYK,CLE,False,21713899,pra,starter,"stat_grid:component_convolution_mean_coherent_v1+components[pts:pmf_sim_v1+role_aware_pmf_cal_v1:starter+monotone_pit_cdf_v1,reb:pmf_sim_v1+role_aware_pmf_cal_v1:starter+monotone_pit_cdf_v1,ast:pmf_sim_v1+role_aware_pmf_cal_v1:starter+monotone_pit_cdf_v1]+prior_combo[joint_sampler_v1+joint_combo_pmf_v1+role_aware_pmf_cal_v1:starter+monotone_pit_cdf_v1]+stat_grid_final_component_convolution_mean_coherent_v1",phase8_role_aware_pmf_cal_v1+monotone_inactive_global_v1,pre_close,2026-05-23T20:47:49Z,d1ddc807#phase10c,bd27ab4a-bccb-407a-a984-d77d1d286e8a,ok,0.0,high,full,current_phase8,unknown,projected,derived_from_projected_minutes,58,0.0
OG Anunoby,18,NYK,CLE,False,21713899,pra,starter,"stat_grid:component_convolution_mean_coherent_v1+components[pts:pmf_sim_v1+role_aware_pmf_cal_v1:starter+monotone_pit_cdf_v1,reb:pmf_sim_v1+role_aware_pmf_cal_v1:starter+monotone_pit_cdf_v1,ast:pmf_sim_v1+role_aware_pmf_cal_v1:starter+monotone_pit_cdf_v1]+prior_combo[joint_sampler_v1+joint_combo_pmf_v1+role_aware_pmf_cal_v1:starter+monotone_pit_cdf_v1]+stat_grid_final_component_convolution_mean_coherent_v1",phase8_role_aware_pmf_cal_v1+monotone_inactive_global_v1,pre_close,2026-05-23T20:47:49Z,d1ddc807#phase10c,bd27ab4a-bccb-407a-a984-d77d1d286e8a,ok,0.0,high,full,current_phase8,unknown,projected,derived_from_projected_minutes,59,0.0
OG Anunoby,18,NYK,CLE,False,21713899,pra,starter,"stat_grid:component_convolution_mean_coherent_v1+components[pts:pmf_sim_v1+role_aware_pmf_cal_v1:starter+monotone_pit_cdf_v1,reb:pmf_sim_v1+role_aware_pmf_cal_v1:starter+monotone_pit_cdf_v1,ast:pmf_sim_v1+role_aware_pmf_cal_v1:starter+monotone_pit_cdf_v1]+prior_combo[joint_sampler_v1+joint_combo_pmf_v1+role_aware_pmf_cal_v1:starter+monotone_pit_cdf_v1]+stat_grid_final_component_convolution_mean_coherent_v1",phase8_role_aware_pmf_cal_v1+monotone_inactive_global_v1,pre_close,2026-05-23T20:47:49Z,d1ddc807#phase10c,bd27ab4a-bccb-407a-a984-d77d1d286e8a,ok,0.0,high,full,current_phase8,unknown,projected,derived_from_projected_minutes,60,0.0
OG Anunoby,18,NYK,CLE,False,21713899,pra,starter,"stat_grid:component_convolution_mean_coherent_v1+components[pts:pmf_sim_v1+role_aware_pmf_cal_v1:starter+monotone_pit_cdf_v1,reb:pmf_sim_v1+role_aware_pmf_cal_v1:starter+monotone_pit_cdf_v1,ast:pmf_sim_v1+role_aware_pmf_cal_v1:starter+monotone_pit_cdf_v1]+prior_combo[joint_sampler_v1+joint_combo_pmf_v1+role_aware_pmf_cal_v1:starter+monotone_pit_cdf_v1]+stat_grid_final_component_convolution_mean_coherent_v1",phase8_role_aware_pmf_cal_v1+monotone_inactive_global_v1,pre_close,2026-05-23T20:47:49Z,d1ddc807#phase10c,bd27ab4a-bccb-407a-a984-d77d1d286e8a,ok,0.0,high,full,current_phase8,unknown,projected,derived_from_projected_minutes,61,0.0
OG Anunoby,18,NYK,CLE,False,21713899,pra,starter,"stat_grid:component_convolution_mean_coherent_v1+components[pts:pmf_sim_v1+role_aware_pmf_cal_v1:starter+monotone_pit_cdf_v1,reb:pmf_sim_v1+role_aware_pmf_cal_v1:starter+monotone_pit_cdf_v1,ast:pmf_sim_v1+role_aware_pmf_cal_v1:starter+monotone_pit_cdf_v1]+prior_combo[joint_sampler_v1+joint_combo_pmf_v1+role_aware_pmf_cal_v1:starter+monotone_pit_cdf_v1]+stat_grid_final_component_convolution_mean_coherent_v1",phase8_role_aware_pmf_cal_v1+monotone_inactive_global_v1,pre_close,2026-05-23T20:47:49Z,d1ddc807#phase10c,bd27ab4a-bccb-407a-a984-d77d1d286e8a,ok,0.0,high,full,current_phase8,unknown,projected,derived_from_projected_minutes,62,0.0
OG Anunoby,18,NYK,CLE,False,21713899,pra,starter,"stat_grid:component_convolution_mean_coherent_v1+components[pts:pmf_sim_v1+role_aware_pmf_cal_v1:starter+monotone_pit_cdf_v1,reb:pmf_sim_v1+role_aware_pmf_cal_v1:starter+monotone_pit_cdf_v1,ast:pmf_sim_v1+role_aware_pmf_cal_v1:starter+monotone_pit_cdf_v1]+prior_combo[joint_sampler_v1+joint_combo_pmf_v1+role_aware_pmf_cal_v1:starter+monotone_pit_cdf_v1]+stat_grid_final_component_convolution_mean_coherent_v1",phase8_role_aware_pmf_cal_v1+monotone_inactive_global_v1,pre_close,2026-05-23T20:47:49Z,d1ddc807#phase10c,bd27ab4a-bccb-407a-a984-d77d1d286e8a,ok,0.0,high,full,current_phase8,unknown,projected,derived_from_projected_minutes,63,0.0
