player_name,player_id,team,opponent,is_home,game_id,stat,role_bucket,pmf_source,calibration_source,snapshot_type,snapshot_time_utc,model_version,pipeline_run_id,pmf_valid,pmf_sum_error,calibration_confidence,market_coverage_status,tov_status,injury_freshness_status,lineup_freshness_status,role_freshness_status,k,p_k
Julian Champagnie,38017649,SAS,NYK,False,21716136,ast,starter,stat_grid:pmf_sim_v1+role_aware_pmf_cal_v1:starter+monotone_pit_cdf_v1,phase8_role_aware_pmf_cal_v1+monotone_inactive_global_v1,pre_close,2026-06-08T20:24:41Z,2a55ede2#phase10c,123a4575-1c87-47c7-b3d9-8e48b45fa2bc,ok,0.0,high,full,current_phase8,fallback_used,projected,derived_from_projected_minutes,6,0.0
Julian Champagnie,38017649,SAS,NYK,False,21716136,ast,starter,stat_grid:pmf_sim_v1+role_aware_pmf_cal_v1:starter+monotone_pit_cdf_v1,phase8_role_aware_pmf_cal_v1+monotone_inactive_global_v1,pre_close,2026-06-08T20:24:41Z,2a55ede2#phase10c,123a4575-1c87-47c7-b3d9-8e48b45fa2bc,ok,0.0,high,full,current_phase8,fallback_used,projected,derived_from_projected_minutes,7,0.0
Julian Champagnie,38017649,SAS,NYK,False,21716136,ast,starter,stat_grid:pmf_sim_v1+role_aware_pmf_cal_v1:starter+monotone_pit_cdf_v1,phase8_role_aware_pmf_cal_v1+monotone_inactive_global_v1,pre_close,2026-06-08T20:24:41Z,2a55ede2#phase10c,123a4575-1c87-47c7-b3d9-8e48b45fa2bc,ok,0.0,high,full,current_phase8,fallback_used,projected,derived_from_projected_minutes,8,0.0
Julian Champagnie,38017649,SAS,NYK,False,21716136,ast,starter,stat_grid:pmf_sim_v1+role_aware_pmf_cal_v1:starter+monotone_pit_cdf_v1,phase8_role_aware_pmf_cal_v1+monotone_inactive_global_v1,pre_close,2026-06-08T20:24:41Z,2a55ede2#phase10c,123a4575-1c87-47c7-b3d9-8e48b45fa2bc,ok,0.0,high,full,current_phase8,fallback_used,projected,derived_from_projected_minutes,9,0.0
Julian Champagnie,38017649,SAS,NYK,False,21716136,ast,starter,stat_grid:pmf_sim_v1+role_aware_pmf_cal_v1:starter+monotone_pit_cdf_v1,phase8_role_aware_pmf_cal_v1+monotone_inactive_global_v1,pre_close,2026-06-08T20:24:41Z,2a55ede2#phase10c,123a4575-1c87-47c7-b3d9-8e48b45fa2bc,ok,0.0,high,full,current_phase8,fallback_used,projected,derived_from_projected_minutes,10,0.0
Julian Champagnie,38017649,SAS,NYK,False,21716136,ast,starter,stat_grid:pmf_sim_v1+role_aware_pmf_cal_v1:starter+monotone_pit_cdf_v1,phase8_role_aware_pmf_cal_v1+monotone_inactive_global_v1,pre_close,2026-06-08T20:24:41Z,2a55ede2#phase10c,123a4575-1c87-47c7-b3d9-8e48b45fa2bc,ok,0.0,high,full,current_phase8,fallback_used,projected,derived_from_projected_minutes,11,0.0
Julian Champagnie,38017649,SAS,NYK,False,21716136,ast,starter,stat_grid:pmf_sim_v1+role_aware_pmf_cal_v1:starter+monotone_pit_cdf_v1,phase8_role_aware_pmf_cal_v1+monotone_inactive_global_v1,pre_close,2026-06-08T20:24:41Z,2a55ede2#phase10c,123a4575-1c87-47c7-b3d9-8e48b45fa2bc,ok,0.0,high,full,current_phase8,fallback_used,projected,derived_from_projected_minutes,12,0.0
Julian Champagnie,38017649,SAS,NYK,False,21716136,ast,starter,stat_grid:pmf_sim_v1+role_aware_pmf_cal_v1:starter+monotone_pit_cdf_v1,phase8_role_aware_pmf_cal_v1+monotone_inactive_global_v1,pre_close,2026-06-08T20:24:41Z,2a55ede2#phase10c,123a4575-1c87-47c7-b3d9-8e48b45fa2bc,ok,0.0,high,full,current_phase8,fallback_used,projected,derived_from_projected_minutes,13,0.0
Julian Champagnie,38017649,SAS,NYK,False,21716136,ast,starter,stat_grid:pmf_sim_v1+role_aware_pmf_cal_v1:starter+monotone_pit_cdf_v1,phase8_role_aware_pmf_cal_v1+monotone_inactive_global_v1,pre_close,2026-06-08T20:24:41Z,2a55ede2#phase10c,123a4575-1c87-47c7-b3d9-8e48b45fa2bc,ok,0.0,high,full,current_phase8,fallback_used,projected,derived_from_projected_minutes,14,0.0
Julian Champagnie,38017649,SAS,NYK,False,21716136,ast,starter,stat_grid:pmf_sim_v1+role_aware_pmf_cal_v1:starter+monotone_pit_cdf_v1,phase8_role_aware_pmf_cal_v1+monotone_inactive_global_v1,pre_close,2026-06-08T20:24:41Z,2a55ede2#phase10c,123a4575-1c87-47c7-b3d9-8e48b45fa2bc,ok,0.0,high,full,current_phase8,fallback_used,projected,derived_from_projected_minutes,15,0.0
Julian Champagnie,38017649,SAS,NYK,False,21716136,ast,starter,stat_grid:pmf_sim_v1+role_aware_pmf_cal_v1:starter+monotone_pit_cdf_v1,phase8_role_aware_pmf_cal_v1+monotone_inactive_global_v1,pre_close,2026-06-08T20:24:41Z,2a55ede2#phase10c,123a4575-1c87-47c7-b3d9-8e48b45fa2bc,ok,0.0,high,full,current_phase8,fallback_used,projected,derived_from_projected_minutes,16,0.0
Julian Champagnie,38017649,SAS,NYK,False,21716136,ast,starter,stat_grid:pmf_sim_v1+role_aware_pmf_cal_v1:starter+monotone_pit_cdf_v1,phase8_role_aware_pmf_cal_v1+monotone_inactive_global_v1,pre_close,2026-06-08T20:24:41Z,2a55ede2#phase10c,123a4575-1c87-47c7-b3d9-8e48b45fa2bc,ok,0.0,high,full,current_phase8,fallback_used,projected,derived_from_projected_minutes,17,0.0
Julian Champagnie,38017649,SAS,NYK,False,21716136,ast,starter,stat_grid:pmf_sim_v1+role_aware_pmf_cal_v1:starter+monotone_pit_cdf_v1,phase8_role_aware_pmf_cal_v1+monotone_inactive_global_v1,pre_close,2026-06-08T20:24:41Z,2a55ede2#phase10c,123a4575-1c87-47c7-b3d9-8e48b45fa2bc,ok,0.0,high,full,current_phase8,fallback_used,projected,derived_from_projected_minutes,18,0.0
Julian Champagnie,38017649,SAS,NYK,False,21716136,ast,starter,stat_grid:pmf_sim_v1+role_aware_pmf_cal_v1:starter+monotone_pit_cdf_v1,phase8_role_aware_pmf_cal_v1+monotone_inactive_global_v1,pre_close,2026-06-08T20:24:41Z,2a55ede2#phase10c,123a4575-1c87-47c7-b3d9-8e48b45fa2bc,ok,0.0,high,full,current_phase8,fallback_used,projected,derived_from_projected_minutes,19,0.0
Julian Champagnie,38017649,SAS,NYK,False,21716136,ast,starter,stat_grid:pmf_sim_v1+role_aware_pmf_cal_v1:starter+monotone_pit_cdf_v1,phase8_role_aware_pmf_cal_v1+monotone_inactive_global_v1,pre_close,2026-06-08T20:24:41Z,2a55ede2#phase10c,123a4575-1c87-47c7-b3d9-8e48b45fa2bc,ok,0.0,high,full,current_phase8,fallback_used,projected,derived_from_projected_minutes,20,0.0
Julian Champagnie,38017649,SAS,NYK,False,21716136,ast,starter,stat_grid:pmf_sim_v1+role_aware_pmf_cal_v1:starter+monotone_pit_cdf_v1,phase8_role_aware_pmf_cal_v1+monotone_inactive_global_v1,pre_close,2026-06-08T20:24:41Z,2a55ede2#phase10c,123a4575-1c87-47c7-b3d9-8e48b45fa2bc,ok,0.0,high,full,current_phase8,fallback_used,projected,derived_from_projected_minutes,21,0.0
Julian Champagnie,38017649,SAS,NYK,False,21716136,ast,starter,stat_grid:pmf_sim_v1+role_aware_pmf_cal_v1:starter+monotone_pit_cdf_v1,phase8_role_aware_pmf_cal_v1+monotone_inactive_global_v1,pre_close,2026-06-08T20:24:41Z,2a55ede2#phase10c,123a4575-1c87-47c7-b3d9-8e48b45fa2bc,ok,0.0,high,full,current_phase8,fallback_used,projected,derived_from_projected_minutes,22,0.0
Julian Champagnie,38017649,SAS,NYK,False,21716136,ast,starter,stat_grid:pmf_sim_v1+role_aware_pmf_cal_v1:starter+monotone_pit_cdf_v1,phase8_role_aware_pmf_cal_v1+monotone_inactive_global_v1,pre_close,2026-06-08T20:24:41Z,2a55ede2#phase10c,123a4575-1c87-47c7-b3d9-8e48b45fa2bc,ok,0.0,high,full,current_phase8,fallback_used,projected,derived_from_projected_minutes,23,0.0
Julian Champagnie,38017649,SAS,NYK,False,21716136,ast,starter,stat_grid:pmf_sim_v1+role_aware_pmf_cal_v1:starter+monotone_pit_cdf_v1,phase8_role_aware_pmf_cal_v1+monotone_inactive_global_v1,pre_close,2026-06-08T20:24:41Z,2a55ede2#phase10c,123a4575-1c87-47c7-b3d9-8e48b45fa2bc,ok,0.0,high,full,current_phase8,fallback_used,projected,derived_from_projected_minutes,24,0.0
Julian Champagnie,38017649,SAS,NYK,False,21716136,ast,starter,stat_grid:pmf_sim_v1+role_aware_pmf_cal_v1:starter+monotone_pit_cdf_v1,phase8_role_aware_pmf_cal_v1+monotone_inactive_global_v1,pre_close,2026-06-08T20:24:41Z,2a55ede2#phase10c,123a4575-1c87-47c7-b3d9-8e48b45fa2bc,ok,0.0,high,full,current_phase8,fallback_used,projected,derived_from_projected_minutes,25,0.0
Julian Champagnie,38017649,SAS,NYK,False,21716136,fg3m,starter,stat_grid:fg3m_hurdle_v1+role_aware_pmf_cal_v1:starter+monotone_pit_cdf_v1+sparse_hurdle_guarded,phase8_role_aware_pmf_cal_v1+monotone_inactive_global_v1,pre_close,2026-06-08T20:24:41Z,2a55ede2#phase10c,123a4575-1c87-47c7-b3d9-8e48b45fa2bc,ok,0.0,high,full,current_phase8,fallback_used,projected,derived_from_projected_minutes,0,0.4009
Julian Champagnie,38017649,SAS,NYK,False,21716136,fg3m,starter,stat_grid:fg3m_hurdle_v1+role_aware_pmf_cal_v1:starter+monotone_pit_cdf_v1+sparse_hurdle_guarded,phase8_role_aware_pmf_cal_v1+monotone_inactive_global_v1,pre_close,2026-06-08T20:24:41Z,2a55ede2#phase10c,123a4575-1c87-47c7-b3d9-8e48b45fa2bc,ok,0.0,high,full,current_phase8,fallback_used,projected,derived_from_projected_minutes,1,0.0851
Julian Champagnie,38017649,SAS,NYK,False,21716136,fg3m,starter,stat_grid:fg3m_hurdle_v1+role_aware_pmf_cal_v1:starter+monotone_pit_cdf_v1+sparse_hurdle_guarded,phase8_role_aware_pmf_cal_v1+monotone_inactive_global_v1,pre_close,2026-06-08T20:24:41Z,2a55ede2#phase10c,123a4575-1c87-47c7-b3d9-8e48b45fa2bc,ok,0.0,high,full,current_phase8,fallback_used,projected,derived_from_projected_minutes,2,0.1048
Julian Champagnie,38017649,SAS,NYK,False,21716136,fg3m,starter,stat_grid:fg3m_hurdle_v1+role_aware_pmf_cal_v1:starter+monotone_pit_cdf_v1+sparse_hurdle_guarded,phase8_role_aware_pmf_cal_v1+monotone_inactive_global_v1,pre_close,2026-06-08T20:24:41Z,2a55ede2#phase10c,123a4575-1c87-47c7-b3d9-8e48b45fa2bc,ok,0.0,high,full,current_phase8,fallback_used,projected,derived_from_projected_minutes,3,0.1367
Julian Champagnie,38017649,SAS,NYK,False,21716136,fg3m,starter,stat_grid:fg3m_hurdle_v1+role_aware_pmf_cal_v1:starter+monotone_pit_cdf_v1+sparse_hurdle_guarded,phase8_role_aware_pmf_cal_v1+monotone_inactive_global_v1,pre_close,2026-06-08T20:24:41Z,2a55ede2#phase10c,123a4575-1c87-47c7-b3d9-8e48b45fa2bc,ok,0.0,high,full,current_phase8,fallback_used,projected,derived_from_projected_minutes,4,0.1084
Julian Champagnie,38017649,SAS,NYK,False,21716136,fg3m,starter,stat_grid:fg3m_hurdle_v1+role_aware_pmf_cal_v1:starter+monotone_pit_cdf_v1+sparse_hurdle_guarded,phase8_role_aware_pmf_cal_v1+monotone_inactive_global_v1,pre_close,2026-06-08T20:24:41Z,2a55ede2#phase10c,123a4575-1c87-47c7-b3d9-8e48b45fa2bc,ok,0.0,high,full,current_phase8,fallback_used,projected,derived_from_projected_minutes,5,0.0408
Julian Champagnie,38017649,SAS,NYK,False,21716136,fg3m,starter,stat_grid:fg3m_hurdle_v1+role_aware_pmf_cal_v1:starter+monotone_pit_cdf_v1+sparse_hurdle_guarded,phase8_role_aware_pmf_cal_v1+monotone_inactive_global_v1,pre_close,2026-06-08T20:24:41Z,2a55ede2#phase10c,123a4575-1c87-47c7-b3d9-8e48b45fa2bc,ok,0.0,high,full,current_phase8,fallback_used,projected,derived_from_projected_minutes,6,0.1234
Julian Champagnie,38017649,SAS,NYK,False,21716136,fg3m,starter,stat_grid:fg3m_hurdle_v1+role_aware_pmf_cal_v1:starter+monotone_pit_cdf_v1+sparse_hurdle_guarded,phase8_role_aware_pmf_cal_v1+monotone_inactive_global_v1,pre_close,2026-06-08T20:24:41Z,2a55ede2#phase10c,123a4575-1c87-47c7-b3d9-8e48b45fa2bc,ok,0.0,high,full,current_phase8,fallback_used,projected,derived_from_projected_minutes,7,0.0
Julian Champagnie,38017649,SAS,NYK,False,21716136,fg3m,starter,stat_grid:fg3m_hurdle_v1+role_aware_pmf_cal_v1:starter+monotone_pit_cdf_v1+sparse_hurdle_guarded,phase8_role_aware_pmf_cal_v1+monotone_inactive_global_v1,pre_close,2026-06-08T20:24:41Z,2a55ede2#phase10c,123a4575-1c87-47c7-b3d9-8e48b45fa2bc,ok,0.0,high,full,current_phase8,fallback_used,projected,derived_from_projected_minutes,8,0.0
Julian Champagnie,38017649,SAS,NYK,False,21716136,fg3m,starter,stat_grid:fg3m_hurdle_v1+role_aware_pmf_cal_v1:starter+monotone_pit_cdf_v1+sparse_hurdle_guarded,phase8_role_aware_pmf_cal_v1+monotone_inactive_global_v1,pre_close,2026-06-08T20:24:41Z,2a55ede2#phase10c,123a4575-1c87-47c7-b3d9-8e48b45fa2bc,ok,0.0,high,full,current_phase8,fallback_used,projected,derived_from_projected_minutes,9,0.0
Julian Champagnie,38017649,SAS,NYK,False,21716136,fg3m,starter,stat_grid:fg3m_hurdle_v1+role_aware_pmf_cal_v1:starter+monotone_pit_cdf_v1+sparse_hurdle_guarded,phase8_role_aware_pmf_cal_v1+monotone_inactive_global_v1,pre_close,2026-06-08T20:24:41Z,2a55ede2#phase10c,123a4575-1c87-47c7-b3d9-8e48b45fa2bc,ok,0.0,high,full,current_phase8,fallback_used,projected,derived_from_projected_minutes,10,0.0
Julian Champagnie,38017649,SAS,NYK,False,21716136,fg3m,starter,stat_grid:fg3m_hurdle_v1+role_aware_pmf_cal_v1:starter+monotone_pit_cdf_v1+sparse_hurdle_guarded,phase8_role_aware_pmf_cal_v1+monotone_inactive_global_v1,pre_close,2026-06-08T20:24:41Z,2a55ede2#phase10c,123a4575-1c87-47c7-b3d9-8e48b45fa2bc,ok,0.0,high,full,current_phase8,fallback_used,projected,derived_from_projected_minutes,11,0.0
Julian Champagnie,38017649,SAS,NYK,False,21716136,fg3m,starter,stat_grid:fg3m_hurdle_v1+role_aware_pmf_cal_v1:starter+monotone_pit_cdf_v1+sparse_hurdle_guarded,phase8_role_aware_pmf_cal_v1+monotone_inactive_global_v1,pre_close,2026-06-08T20:24:41Z,2a55ede2#phase10c,123a4575-1c87-47c7-b3d9-8e48b45fa2bc,ok,0.0,high,full,current_phase8,fallback_used,projected,derived_from_projected_minutes,12,0.0
Julian Champagnie,38017649,SAS,NYK,False,21716136,fg3m,starter,stat_grid:fg3m_hurdle_v1+role_aware_pmf_cal_v1:starter+monotone_pit_cdf_v1+sparse_hurdle_guarded,phase8_role_aware_pmf_cal_v1+monotone_inactive_global_v1,pre_close,2026-06-08T20:24:41Z,2a55ede2#phase10c,123a4575-1c87-47c7-b3d9-8e48b45fa2bc,ok,0.0,high,full,current_phase8,fallback_used,projected,derived_from_projected_minutes,13,0.0
Julian Champagnie,38017649,SAS,NYK,False,21716136,fg3m,starter,stat_grid:fg3m_hurdle_v1+role_aware_pmf_cal_v1:starter+monotone_pit_cdf_v1+sparse_hurdle_guarded,phase8_role_aware_pmf_cal_v1+monotone_inactive_global_v1,pre_close,2026-06-08T20:24:41Z,2a55ede2#phase10c,123a4575-1c87-47c7-b3d9-8e48b45fa2bc,ok,0.0,high,full,current_phase8,fallback_used,projected,derived_from_projected_minutes,14,0.0
Julian Champagnie,38017649,SAS,NYK,False,21716136,fg3m,starter,stat_grid:fg3m_hurdle_v1+role_aware_pmf_cal_v1:starter+monotone_pit_cdf_v1+sparse_hurdle_guarded,phase8_role_aware_pmf_cal_v1+monotone_inactive_global_v1,pre_close,2026-06-08T20:24:41Z,2a55ede2#phase10c,123a4575-1c87-47c7-b3d9-8e48b45fa2bc,ok,0.0,high,full,current_phase8,fallback_used,projected,derived_from_projected_minutes,15,0.0
Julian Champagnie,38017649,SAS,NYK,False,21716136,fg3m,starter,stat_grid:fg3m_hurdle_v1+role_aware_pmf_cal_v1:starter+monotone_pit_cdf_v1+sparse_hurdle_guarded,phase8_role_aware_pmf_cal_v1+monotone_inactive_global_v1,pre_close,2026-06-08T20:24:41Z,2a55ede2#phase10c,123a4575-1c87-47c7-b3d9-8e48b45fa2bc,ok,0.0,high,full,current_phase8,fallback_used,projected,derived_from_projected_minutes,16,0.0
Julian Champagnie,38017649,SAS,NYK,False,21716136,fg3m,starter,stat_grid:fg3m_hurdle_v1+role_aware_pmf_cal_v1:starter+monotone_pit_cdf_v1+sparse_hurdle_guarded,phase8_role_aware_pmf_cal_v1+monotone_inactive_global_v1,pre_close,2026-06-08T20:24:41Z,2a55ede2#phase10c,123a4575-1c87-47c7-b3d9-8e48b45fa2bc,ok,0.0,high,full,current_phase8,fallback_used,projected,derived_from_projected_minutes,17,0.0
Julian Champagnie,38017649,SAS,NYK,False,21716136,fg3m,starter,stat_grid:fg3m_hurdle_v1+role_aware_pmf_cal_v1:starter+monotone_pit_cdf_v1+sparse_hurdle_guarded,phase8_role_aware_pmf_cal_v1+monotone_inactive_global_v1,pre_close,2026-06-08T20:24:41Z,2a55ede2#phase10c,123a4575-1c87-47c7-b3d9-8e48b45fa2bc,ok,0.0,high,full,current_phase8,fallback_used,projected,derived_from_projected_minutes,18,0.0
Julian Champagnie,38017649,SAS,NYK,False,21716136,fg3m,starter,stat_grid:fg3m_hurdle_v1+role_aware_pmf_cal_v1:starter+monotone_pit_cdf_v1+sparse_hurdle_guarded,phase8_role_aware_pmf_cal_v1+monotone_inactive_global_v1,pre_close,2026-06-08T20:24:41Z,2a55ede2#phase10c,123a4575-1c87-47c7-b3d9-8e48b45fa2bc,ok,0.0,high,full,current_phase8,fallback_used,projected,derived_from_projected_minutes,19,0.0
Julian Champagnie,38017649,SAS,NYK,False,21716136,fg3m,starter,stat_grid:fg3m_hurdle_v1+role_aware_pmf_cal_v1:starter+monotone_pit_cdf_v1+sparse_hurdle_guarded,phase8_role_aware_pmf_cal_v1+monotone_inactive_global_v1,pre_close,2026-06-08T20:24:41Z,2a55ede2#phase10c,123a4575-1c87-47c7-b3d9-8e48b45fa2bc,ok,0.0,high,full,current_phase8,fallback_used,projected,derived_from_projected_minutes,20,0.0
Julian Champagnie,38017649,SAS,NYK,False,21716136,tov,starter,stat_grid:pmf_sim_v1+role_aware_pmf_cal_v1:starter+monotone_pit_cdf_v1+sparse_hurdle_guarded,phase8_role_aware_pmf_cal_v1+monotone_inactive_global_v1,pre_close,2026-06-08T20:24:41Z,2a55ede2#phase10c,123a4575-1c87-47c7-b3d9-8e48b45fa2bc,ok,0.0,high,full,current_phase8,fallback_used,projected,derived_from_projected_minutes,0,0.1247
Julian Champagnie,38017649,SAS,NYK,False,21716136,tov,starter,stat_grid:pmf_sim_v1+role_aware_pmf_cal_v1:starter+monotone_pit_cdf_v1+sparse_hurdle_guarded,phase8_role_aware_pmf_cal_v1+monotone_inactive_global_v1,pre_close,2026-06-08T20:24:41Z,2a55ede2#phase10c,123a4575-1c87-47c7-b3d9-8e48b45fa2bc,ok,0.0,high,full,current_phase8,fallback_used,projected,derived_from_projected_minutes,1,0.719
Julian Champagnie,38017649,SAS,NYK,False,21716136,tov,starter,stat_grid:pmf_sim_v1+role_aware_pmf_cal_v1:starter+monotone_pit_cdf_v1+sparse_hurdle_guarded,phase8_role_aware_pmf_cal_v1+monotone_inactive_global_v1,pre_close,2026-06-08T20:24:41Z,2a55ede2#phase10c,123a4575-1c87-47c7-b3d9-8e48b45fa2bc,ok,0.0,high,full,current_phase8,fallback_used,projected,derived_from_projected_minutes,2,0.1426
Julian Champagnie,38017649,SAS,NYK,False,21716136,tov,starter,stat_grid:pmf_sim_v1+role_aware_pmf_cal_v1:starter+monotone_pit_cdf_v1+sparse_hurdle_guarded,phase8_role_aware_pmf_cal_v1+monotone_inactive_global_v1,pre_close,2026-06-08T20:24:41Z,2a55ede2#phase10c,123a4575-1c87-47c7-b3d9-8e48b45fa2bc,ok,0.0,high,full,current_phase8,fallback_used,projected,derived_from_projected_minutes,3,0.0131
Julian Champagnie,38017649,SAS,NYK,False,21716136,tov,starter,stat_grid:pmf_sim_v1+role_aware_pmf_cal_v1:starter+monotone_pit_cdf_v1+sparse_hurdle_guarded,phase8_role_aware_pmf_cal_v1+monotone_inactive_global_v1,pre_close,2026-06-08T20:24:41Z,2a55ede2#phase10c,123a4575-1c87-47c7-b3d9-8e48b45fa2bc,ok,0.0,high,full,current_phase8,fallback_used,projected,derived_from_projected_minutes,4,0.0006
Julian Champagnie,38017649,SAS,NYK,False,21716136,tov,starter,stat_grid:pmf_sim_v1+role_aware_pmf_cal_v1:starter+monotone_pit_cdf_v1+sparse_hurdle_guarded,phase8_role_aware_pmf_cal_v1+monotone_inactive_global_v1,pre_close,2026-06-08T20:24:41Z,2a55ede2#phase10c,123a4575-1c87-47c7-b3d9-8e48b45fa2bc,ok,0.0,high,full,current_phase8,fallback_used,projected,derived_from_projected_minutes,5,0.0
Julian Champagnie,38017649,SAS,NYK,False,21716136,tov,starter,stat_grid:pmf_sim_v1+role_aware_pmf_cal_v1:starter+monotone_pit_cdf_v1+sparse_hurdle_guarded,phase8_role_aware_pmf_cal_v1+monotone_inactive_global_v1,pre_close,2026-06-08T20:24:41Z,2a55ede2#phase10c,123a4575-1c87-47c7-b3d9-8e48b45fa2bc,ok,0.0,high,full,current_phase8,fallback_used,projected,derived_from_projected_minutes,6,0.0
Julian Champagnie,38017649,SAS,NYK,False,21716136,tov,starter,stat_grid:pmf_sim_v1+role_aware_pmf_cal_v1:starter+monotone_pit_cdf_v1+sparse_hurdle_guarded,phase8_role_aware_pmf_cal_v1+monotone_inactive_global_v1,pre_close,2026-06-08T20:24:41Z,2a55ede2#phase10c,123a4575-1c87-47c7-b3d9-8e48b45fa2bc,ok,0.0,high,full,current_phase8,fallback_used,projected,derived_from_projected_minutes,7,0.0
Julian Champagnie,38017649,SAS,NYK,False,21716136,tov,starter,stat_grid:pmf_sim_v1+role_aware_pmf_cal_v1:starter+monotone_pit_cdf_v1+sparse_hurdle_guarded,phase8_role_aware_pmf_cal_v1+monotone_inactive_global_v1,pre_close,2026-06-08T20:24:41Z,2a55ede2#phase10c,123a4575-1c87-47c7-b3d9-8e48b45fa2bc,ok,0.0,high,full,current_phase8,fallback_used,projected,derived_from_projected_minutes,8,0.0
Julian Champagnie,38017649,SAS,NYK,False,21716136,tov,starter,stat_grid:pmf_sim_v1+role_aware_pmf_cal_v1:starter+monotone_pit_cdf_v1+sparse_hurdle_guarded,phase8_role_aware_pmf_cal_v1+monotone_inactive_global_v1,pre_close,2026-06-08T20:24:41Z,2a55ede2#phase10c,123a4575-1c87-47c7-b3d9-8e48b45fa2bc,ok,0.0,high,full,current_phase8,fallback_used,projected,derived_from_projected_minutes,9,0.0
Julian Champagnie,38017649,SAS,NYK,False,21716136,tov,starter,stat_grid:pmf_sim_v1+role_aware_pmf_cal_v1:starter+monotone_pit_cdf_v1+sparse_hurdle_guarded,phase8_role_aware_pmf_cal_v1+monotone_inactive_global_v1,pre_close,2026-06-08T20:24:41Z,2a55ede2#phase10c,123a4575-1c87-47c7-b3d9-8e48b45fa2bc,ok,0.0,high,full,current_phase8,fallback_used,projected,derived_from_projected_minutes,10,0.0
Julian Champagnie,38017649,SAS,NYK,False,21716136,tov,starter,stat_grid:pmf_sim_v1+role_aware_pmf_cal_v1:starter+monotone_pit_cdf_v1+sparse_hurdle_guarded,phase8_role_aware_pmf_cal_v1+monotone_inactive_global_v1,pre_close,2026-06-08T20:24:41Z,2a55ede2#phase10c,123a4575-1c87-47c7-b3d9-8e48b45fa2bc,ok,0.0,high,full,current_phase8,fallback_used,projected,derived_from_projected_minutes,11,0.0
Julian Champagnie,38017649,SAS,NYK,False,21716136,tov,starter,stat_grid:pmf_sim_v1+role_aware_pmf_cal_v1:starter+monotone_pit_cdf_v1+sparse_hurdle_guarded,phase8_role_aware_pmf_cal_v1+monotone_inactive_global_v1,pre_close,2026-06-08T20:24:41Z,2a55ede2#phase10c,123a4575-1c87-47c7-b3d9-8e48b45fa2bc,ok,0.0,high,full,current_phase8,fallback_used,projected,derived_from_projected_minutes,12,0.0
Julian Champagnie,38017649,SAS,NYK,False,21716136,tov,starter,stat_grid:pmf_sim_v1+role_aware_pmf_cal_v1:starter+monotone_pit_cdf_v1+sparse_hurdle_guarded,phase8_role_aware_pmf_cal_v1+monotone_inactive_global_v1,pre_close,2026-06-08T20:24:41Z,2a55ede2#phase10c,123a4575-1c87-47c7-b3d9-8e48b45fa2bc,ok,0.0,high,full,current_phase8,fallback_used,projected,derived_from_projected_minutes,13,0.0
Julian Champagnie,38017649,SAS,NYK,False,21716136,tov,starter,stat_grid:pmf_sim_v1+role_aware_pmf_cal_v1:starter+monotone_pit_cdf_v1+sparse_hurdle_guarded,phase8_role_aware_pmf_cal_v1+monotone_inactive_global_v1,pre_close,2026-06-08T20:24:41Z,2a55ede2#phase10c,123a4575-1c87-47c7-b3d9-8e48b45fa2bc,ok,0.0,high,full,current_phase8,fallback_used,projected,derived_from_projected_minutes,14,0.0
Julian Champagnie,38017649,SAS,NYK,False,21716136,tov,starter,stat_grid:pmf_sim_v1+role_aware_pmf_cal_v1:starter+monotone_pit_cdf_v1+sparse_hurdle_guarded,phase8_role_aware_pmf_cal_v1+monotone_inactive_global_v1,pre_close,2026-06-08T20:24:41Z,2a55ede2#phase10c,123a4575-1c87-47c7-b3d9-8e48b45fa2bc,ok,0.0,high,full,current_phase8,fallback_used,projected,derived_from_projected_minutes,15,0.0
Julian Champagnie,38017649,SAS,NYK,False,21716136,tov,starter,stat_grid:pmf_sim_v1+role_aware_pmf_cal_v1:starter+monotone_pit_cdf_v1+sparse_hurdle_guarded,phase8_role_aware_pmf_cal_v1+monotone_inactive_global_v1,pre_close,2026-06-08T20:24:41Z,2a55ede2#phase10c,123a4575-1c87-47c7-b3d9-8e48b45fa2bc,ok,0.0,high,full,current_phase8,fallback_used,projected,derived_from_projected_minutes,16,0.0
Julian Champagnie,38017649,SAS,NYK,False,21716136,tov,starter,stat_grid:pmf_sim_v1+role_aware_pmf_cal_v1:starter+monotone_pit_cdf_v1+sparse_hurdle_guarded,phase8_role_aware_pmf_cal_v1+monotone_inactive_global_v1,pre_close,2026-06-08T20:24:41Z,2a55ede2#phase10c,123a4575-1c87-47c7-b3d9-8e48b45fa2bc,ok,0.0,high,full,current_phase8,fallback_used,projected,derived_from_projected_minutes,17,0.0
Julian Champagnie,38017649,SAS,NYK,False,21716136,tov,starter,stat_grid:pmf_sim_v1+role_aware_pmf_cal_v1:starter+monotone_pit_cdf_v1+sparse_hurdle_guarded,phase8_role_aware_pmf_cal_v1+monotone_inactive_global_v1,pre_close,2026-06-08T20:24:41Z,2a55ede2#phase10c,123a4575-1c87-47c7-b3d9-8e48b45fa2bc,ok,0.0,high,full,current_phase8,fallback_used,projected,derived_from_projected_minutes,18,0.0
Julian Champagnie,38017649,SAS,NYK,False,21716136,tov,starter,stat_grid:pmf_sim_v1+role_aware_pmf_cal_v1:starter+monotone_pit_cdf_v1+sparse_hurdle_guarded,phase8_role_aware_pmf_cal_v1+monotone_inactive_global_v1,pre_close,2026-06-08T20:24:41Z,2a55ede2#phase10c,123a4575-1c87-47c7-b3d9-8e48b45fa2bc,ok,0.0,high,full,current_phase8,fallback_used,projected,derived_from_projected_minutes,19,0.0
Julian Champagnie,38017649,SAS,NYK,False,21716136,tov,starter,stat_grid:pmf_sim_v1+role_aware_pmf_cal_v1:starter+monotone_pit_cdf_v1+sparse_hurdle_guarded,phase8_role_aware_pmf_cal_v1+monotone_inactive_global_v1,pre_close,2026-06-08T20:24:41Z,2a55ede2#phase10c,123a4575-1c87-47c7-b3d9-8e48b45fa2bc,ok,0.0,high,full,current_phase8,fallback_used,projected,derived_from_projected_minutes,20,0.0
Julian Champagnie,38017649,SAS,NYK,False,21716136,stl,starter,stat_grid:hurdle_v1+role_aware_pmf_cal_v1:starter+monotone_pit_cdf_v1+sparse_hurdle_guarded,phase8_role_aware_pmf_cal_v1+monotone_inactive_global_v1,pre_close,2026-06-08T20:24:41Z,2a55ede2#phase10c,123a4575-1c87-47c7-b3d9-8e48b45fa2bc,ok,0.0,high,full,current_phase8,fallback_used,projected,derived_from_projected_minutes,0,0.6337
Julian Champagnie,38017649,SAS,NYK,False,21716136,stl,starter,stat_grid:hurdle_v1+role_aware_pmf_cal_v1:starter+monotone_pit_cdf_v1+sparse_hurdle_guarded,phase8_role_aware_pmf_cal_v1+monotone_inactive_global_v1,pre_close,2026-06-08T20:24:41Z,2a55ede2#phase10c,123a4575-1c87-47c7-b3d9-8e48b45fa2bc,ok,0.0,high,full,current_phase8,fallback_used,projected,derived_from_projected_minutes,1,0.22
Julian Champagnie,38017649,SAS,NYK,False,21716136,stl,starter,stat_grid:hurdle_v1+role_aware_pmf_cal_v1:starter+monotone_pit_cdf_v1+sparse_hurdle_guarded,phase8_role_aware_pmf_cal_v1+monotone_inactive_global_v1,pre_close,2026-06-08T20:24:41Z,2a55ede2#phase10c,123a4575-1c87-47c7-b3d9-8e48b45fa2bc,ok,0.0,high,full,current_phase8,fallback_used,projected,derived_from_projected_minutes,2,0.1019
Julian Champagnie,38017649,SAS,NYK,False,21716136,stl,starter,stat_grid:hurdle_v1+role_aware_pmf_cal_v1:starter+monotone_pit_cdf_v1+sparse_hurdle_guarded,phase8_role_aware_pmf_cal_v1+monotone_inactive_global_v1,pre_close,2026-06-08T20:24:41Z,2a55ede2#phase10c,123a4575-1c87-47c7-b3d9-8e48b45fa2bc,ok,0.0,high,full,current_phase8,fallback_used,projected,derived_from_projected_minutes,3,0.0238
Julian Champagnie,38017649,SAS,NYK,False,21716136,stl,starter,stat_grid:hurdle_v1+role_aware_pmf_cal_v1:starter+monotone_pit_cdf_v1+sparse_hurdle_guarded,phase8_role_aware_pmf_cal_v1+monotone_inactive_global_v1,pre_close,2026-06-08T20:24:41Z,2a55ede2#phase10c,123a4575-1c87-47c7-b3d9-8e48b45fa2bc,ok,0.0,high,full,current_phase8,fallback_used,projected,derived_from_projected_minutes,4,0.0206
Julian Champagnie,38017649,SAS,NYK,False,21716136,stl,starter,stat_grid:hurdle_v1+role_aware_pmf_cal_v1:starter+monotone_pit_cdf_v1+sparse_hurdle_guarded,phase8_role_aware_pmf_cal_v1+monotone_inactive_global_v1,pre_close,2026-06-08T20:24:41Z,2a55ede2#phase10c,123a4575-1c87-47c7-b3d9-8e48b45fa2bc,ok,0.0,high,full,current_phase8,fallback_used,projected,derived_from_projected_minutes,5,0.0
Julian Champagnie,38017649,SAS,NYK,False,21716136,stl,starter,stat_grid:hurdle_v1+role_aware_pmf_cal_v1:starter+monotone_pit_cdf_v1+sparse_hurdle_guarded,phase8_role_aware_pmf_cal_v1+monotone_inactive_global_v1,pre_close,2026-06-08T20:24:41Z,2a55ede2#phase10c,123a4575-1c87-47c7-b3d9-8e48b45fa2bc,ok,0.0,high,full,current_phase8,fallback_used,projected,derived_from_projected_minutes,6,0.0
Julian Champagnie,38017649,SAS,NYK,False,21716136,stl,starter,stat_grid:hurdle_v1+role_aware_pmf_cal_v1:starter+monotone_pit_cdf_v1+sparse_hurdle_guarded,phase8_role_aware_pmf_cal_v1+monotone_inactive_global_v1,pre_close,2026-06-08T20:24:41Z,2a55ede2#phase10c,123a4575-1c87-47c7-b3d9-8e48b45fa2bc,ok,0.0,high,full,current_phase8,fallback_used,projected,derived_from_projected_minutes,7,0.0
Julian Champagnie,38017649,SAS,NYK,False,21716136,stl,starter,stat_grid:hurdle_v1+role_aware_pmf_cal_v1:starter+monotone_pit_cdf_v1+sparse_hurdle_guarded,phase8_role_aware_pmf_cal_v1+monotone_inactive_global_v1,pre_close,2026-06-08T20:24:41Z,2a55ede2#phase10c,123a4575-1c87-47c7-b3d9-8e48b45fa2bc,ok,0.0,high,full,current_phase8,fallback_used,projected,derived_from_projected_minutes,8,0.0
Julian Champagnie,38017649,SAS,NYK,False,21716136,stl,starter,stat_grid:hurdle_v1+role_aware_pmf_cal_v1:starter+monotone_pit_cdf_v1+sparse_hurdle_guarded,phase8_role_aware_pmf_cal_v1+monotone_inactive_global_v1,pre_close,2026-06-08T20:24:41Z,2a55ede2#phase10c,123a4575-1c87-47c7-b3d9-8e48b45fa2bc,ok,0.0,high,full,current_phase8,fallback_used,projected,derived_from_projected_minutes,9,0.0
Julian Champagnie,38017649,SAS,NYK,False,21716136,stl,starter,stat_grid:hurdle_v1+role_aware_pmf_cal_v1:starter+monotone_pit_cdf_v1+sparse_hurdle_guarded,phase8_role_aware_pmf_cal_v1+monotone_inactive_global_v1,pre_close,2026-06-08T20:24:41Z,2a55ede2#phase10c,123a4575-1c87-47c7-b3d9-8e48b45fa2bc,ok,0.0,high,full,current_phase8,fallback_used,projected,derived_from_projected_minutes,10,0.0
Julian Champagnie,38017649,SAS,NYK,False,21716136,stl,starter,stat_grid:hurdle_v1+role_aware_pmf_cal_v1:starter+monotone_pit_cdf_v1+sparse_hurdle_guarded,phase8_role_aware_pmf_cal_v1+monotone_inactive_global_v1,pre_close,2026-06-08T20:24:41Z,2a55ede2#phase10c,123a4575-1c87-47c7-b3d9-8e48b45fa2bc,ok,0.0,high,full,current_phase8,fallback_used,projected,derived_from_projected_minutes,11,0.0
Julian Champagnie,38017649,SAS,NYK,False,21716136,stl,starter,stat_grid:hurdle_v1+role_aware_pmf_cal_v1:starter+monotone_pit_cdf_v1+sparse_hurdle_guarded,phase8_role_aware_pmf_cal_v1+monotone_inactive_global_v1,pre_close,2026-06-08T20:24:41Z,2a55ede2#phase10c,123a4575-1c87-47c7-b3d9-8e48b45fa2bc,ok,0.0,high,full,current_phase8,fallback_used,projected,derived_from_projected_minutes,12,0.0
Julian Champagnie,38017649,SAS,NYK,False,21716136,stl,starter,stat_grid:hurdle_v1+role_aware_pmf_cal_v1:starter+monotone_pit_cdf_v1+sparse_hurdle_guarded,phase8_role_aware_pmf_cal_v1+monotone_inactive_global_v1,pre_close,2026-06-08T20:24:41Z,2a55ede2#phase10c,123a4575-1c87-47c7-b3d9-8e48b45fa2bc,ok,0.0,high,full,current_phase8,fallback_used,projected,derived_from_projected_minutes,13,0.0
Julian Champagnie,38017649,SAS,NYK,False,21716136,stl,starter,stat_grid:hurdle_v1+role_aware_pmf_cal_v1:starter+monotone_pit_cdf_v1+sparse_hurdle_guarded,phase8_role_aware_pmf_cal_v1+monotone_inactive_global_v1,pre_close,2026-06-08T20:24:41Z,2a55ede2#phase10c,123a4575-1c87-47c7-b3d9-8e48b45fa2bc,ok,0.0,high,full,current_phase8,fallback_used,projected,derived_from_projected_minutes,14,0.0
Julian Champagnie,38017649,SAS,NYK,False,21716136,stl,starter,stat_grid:hurdle_v1+role_aware_pmf_cal_v1:starter+monotone_pit_cdf_v1+sparse_hurdle_guarded,phase8_role_aware_pmf_cal_v1+monotone_inactive_global_v1,pre_close,2026-06-08T20:24:41Z,2a55ede2#phase10c,123a4575-1c87-47c7-b3d9-8e48b45fa2bc,ok,0.0,high,full,current_phase8,fallback_used,projected,derived_from_projected_minutes,15,0.0
Julian Champagnie,38017649,SAS,NYK,False,21716136,stl,starter,stat_grid:hurdle_v1+role_aware_pmf_cal_v1:starter+monotone_pit_cdf_v1+sparse_hurdle_guarded,phase8_role_aware_pmf_cal_v1+monotone_inactive_global_v1,pre_close,2026-06-08T20:24:41Z,2a55ede2#phase10c,123a4575-1c87-47c7-b3d9-8e48b45fa2bc,ok,0.0,high,full,current_phase8,fallback_used,projected,derived_from_projected_minutes,16,0.0
Julian Champagnie,38017649,SAS,NYK,False,21716136,stl,starter,stat_grid:hurdle_v1+role_aware_pmf_cal_v1:starter+monotone_pit_cdf_v1+sparse_hurdle_guarded,phase8_role_aware_pmf_cal_v1+monotone_inactive_global_v1,pre_close,2026-06-08T20:24:41Z,2a55ede2#phase10c,123a4575-1c87-47c7-b3d9-8e48b45fa2bc,ok,0.0,high,full,current_phase8,fallback_used,projected,derived_from_projected_minutes,17,0.0
Julian Champagnie,38017649,SAS,NYK,False,21716136,stl,starter,stat_grid:hurdle_v1+role_aware_pmf_cal_v1:starter+monotone_pit_cdf_v1+sparse_hurdle_guarded,phase8_role_aware_pmf_cal_v1+monotone_inactive_global_v1,pre_close,2026-06-08T20:24:41Z,2a55ede2#phase10c,123a4575-1c87-47c7-b3d9-8e48b45fa2bc,ok,0.0,high,full,current_phase8,fallback_used,projected,derived_from_projected_minutes,18,0.0
Julian Champagnie,38017649,SAS,NYK,False,21716136,stl,starter,stat_grid:hurdle_v1+role_aware_pmf_cal_v1:starter+monotone_pit_cdf_v1+sparse_hurdle_guarded,phase8_role_aware_pmf_cal_v1+monotone_inactive_global_v1,pre_close,2026-06-08T20:24:41Z,2a55ede2#phase10c,123a4575-1c87-47c7-b3d9-8e48b45fa2bc,ok,0.0,high,full,current_phase8,fallback_used,projected,derived_from_projected_minutes,19,0.0
Julian Champagnie,38017649,SAS,NYK,False,21716136,stl,starter,stat_grid:hurdle_v1+role_aware_pmf_cal_v1:starter+monotone_pit_cdf_v1+sparse_hurdle_guarded,phase8_role_aware_pmf_cal_v1+monotone_inactive_global_v1,pre_close,2026-06-08T20:24:41Z,2a55ede2#phase10c,123a4575-1c87-47c7-b3d9-8e48b45fa2bc,ok,0.0,high,full,current_phase8,fallback_used,projected,derived_from_projected_minutes,20,0.0
Julian Champagnie,38017649,SAS,NYK,False,21716136,blk,starter,stat_grid:hurdle_v1+role_aware_pmf_cal_v1:starter+monotone_pit_cdf_v1+sparse_hurdle_guarded,phase8_role_aware_pmf_cal_v1+monotone_inactive_global_v1,pre_close,2026-06-08T20:24:41Z,2a55ede2#phase10c,123a4575-1c87-47c7-b3d9-8e48b45fa2bc,ok,0.0,high,full,current_phase8,fallback_used,projected,derived_from_projected_minutes,0,0.7786
Julian Champagnie,38017649,SAS,NYK,False,21716136,blk,starter,stat_grid:hurdle_v1+role_aware_pmf_cal_v1:starter+monotone_pit_cdf_v1+sparse_hurdle_guarded,phase8_role_aware_pmf_cal_v1+monotone_inactive_global_v1,pre_close,2026-06-08T20:24:41Z,2a55ede2#phase10c,123a4575-1c87-47c7-b3d9-8e48b45fa2bc,ok,0.0,high,full,current_phase8,fallback_used,projected,derived_from_projected_minutes,1,0.0993
Julian Champagnie,38017649,SAS,NYK,False,21716136,blk,starter,stat_grid:hurdle_v1+role_aware_pmf_cal_v1:starter+monotone_pit_cdf_v1+sparse_hurdle_guarded,phase8_role_aware_pmf_cal_v1+monotone_inactive_global_v1,pre_close,2026-06-08T20:24:41Z,2a55ede2#phase10c,123a4575-1c87-47c7-b3d9-8e48b45fa2bc,ok,0.0,high,full,current_phase8,fallback_used,projected,derived_from_projected_minutes,2,0.079
Julian Champagnie,38017649,SAS,NYK,False,21716136,blk,starter,stat_grid:hurdle_v1+role_aware_pmf_cal_v1:starter+monotone_pit_cdf_v1+sparse_hurdle_guarded,phase8_role_aware_pmf_cal_v1+monotone_inactive_global_v1,pre_close,2026-06-08T20:24:41Z,2a55ede2#phase10c,123a4575-1c87-47c7-b3d9-8e48b45fa2bc,ok,0.0,high,full,current_phase8,fallback_used,projected,derived_from_projected_minutes,3,0.0217
Julian Champagnie,38017649,SAS,NYK,False,21716136,blk,starter,stat_grid:hurdle_v1+role_aware_pmf_cal_v1:starter+monotone_pit_cdf_v1+sparse_hurdle_guarded,phase8_role_aware_pmf_cal_v1+monotone_inactive_global_v1,pre_close,2026-06-08T20:24:41Z,2a55ede2#phase10c,123a4575-1c87-47c7-b3d9-8e48b45fa2bc,ok,0.0,high,full,current_phase8,fallback_used,projected,derived_from_projected_minutes,4,0.0215
Julian Champagnie,38017649,SAS,NYK,False,21716136,blk,starter,stat_grid:hurdle_v1+role_aware_pmf_cal_v1:starter+monotone_pit_cdf_v1+sparse_hurdle_guarded,phase8_role_aware_pmf_cal_v1+monotone_inactive_global_v1,pre_close,2026-06-08T20:24:41Z,2a55ede2#phase10c,123a4575-1c87-47c7-b3d9-8e48b45fa2bc,ok,0.0,high,full,current_phase8,fallback_used,projected,derived_from_projected_minutes,5,0.0
Julian Champagnie,38017649,SAS,NYK,False,21716136,blk,starter,stat_grid:hurdle_v1+role_aware_pmf_cal_v1:starter+monotone_pit_cdf_v1+sparse_hurdle_guarded,phase8_role_aware_pmf_cal_v1+monotone_inactive_global_v1,pre_close,2026-06-08T20:24:41Z,2a55ede2#phase10c,123a4575-1c87-47c7-b3d9-8e48b45fa2bc,ok,0.0,high,full,current_phase8,fallback_used,projected,derived_from_projected_minutes,6,0.0
Julian Champagnie,38017649,SAS,NYK,False,21716136,blk,starter,stat_grid:hurdle_v1+role_aware_pmf_cal_v1:starter+monotone_pit_cdf_v1+sparse_hurdle_guarded,phase8_role_aware_pmf_cal_v1+monotone_inactive_global_v1,pre_close,2026-06-08T20:24:41Z,2a55ede2#phase10c,123a4575-1c87-47c7-b3d9-8e48b45fa2bc,ok,0.0,high,full,current_phase8,fallback_used,projected,derived_from_projected_minutes,7,0.0
Julian Champagnie,38017649,SAS,NYK,False,21716136,blk,starter,stat_grid:hurdle_v1+role_aware_pmf_cal_v1:starter+monotone_pit_cdf_v1+sparse_hurdle_guarded,phase8_role_aware_pmf_cal_v1+monotone_inactive_global_v1,pre_close,2026-06-08T20:24:41Z,2a55ede2#phase10c,123a4575-1c87-47c7-b3d9-8e48b45fa2bc,ok,0.0,high,full,current_phase8,fallback_used,projected,derived_from_projected_minutes,8,0.0
Julian Champagnie,38017649,SAS,NYK,False,21716136,blk,starter,stat_grid:hurdle_v1+role_aware_pmf_cal_v1:starter+monotone_pit_cdf_v1+sparse_hurdle_guarded,phase8_role_aware_pmf_cal_v1+monotone_inactive_global_v1,pre_close,2026-06-08T20:24:41Z,2a55ede2#phase10c,123a4575-1c87-47c7-b3d9-8e48b45fa2bc,ok,0.0,high,full,current_phase8,fallback_used,projected,derived_from_projected_minutes,9,0.0
Julian Champagnie,38017649,SAS,NYK,False,21716136,blk,starter,stat_grid:hurdle_v1+role_aware_pmf_cal_v1:starter+monotone_pit_cdf_v1+sparse_hurdle_guarded,phase8_role_aware_pmf_cal_v1+monotone_inactive_global_v1,pre_close,2026-06-08T20:24:41Z,2a55ede2#phase10c,123a4575-1c87-47c7-b3d9-8e48b45fa2bc,ok,0.0,high,full,current_phase8,fallback_used,projected,derived_from_projected_minutes,10,0.0
Julian Champagnie,38017649,SAS,NYK,False,21716136,blk,starter,stat_grid:hurdle_v1+role_aware_pmf_cal_v1:starter+monotone_pit_cdf_v1+sparse_hurdle_guarded,phase8_role_aware_pmf_cal_v1+monotone_inactive_global_v1,pre_close,2026-06-08T20:24:41Z,2a55ede2#phase10c,123a4575-1c87-47c7-b3d9-8e48b45fa2bc,ok,0.0,high,full,current_phase8,fallback_used,projected,derived_from_projected_minutes,11,0.0
Julian Champagnie,38017649,SAS,NYK,False,21716136,blk,starter,stat_grid:hurdle_v1+role_aware_pmf_cal_v1:starter+monotone_pit_cdf_v1+sparse_hurdle_guarded,phase8_role_aware_pmf_cal_v1+monotone_inactive_global_v1,pre_close,2026-06-08T20:24:41Z,2a55ede2#phase10c,123a4575-1c87-47c7-b3d9-8e48b45fa2bc,ok,0.0,high,full,current_phase8,fallback_used,projected,derived_from_projected_minutes,12,0.0
Julian Champagnie,38017649,SAS,NYK,False,21716136,blk,starter,stat_grid:hurdle_v1+role_aware_pmf_cal_v1:starter+monotone_pit_cdf_v1+sparse_hurdle_guarded,phase8_role_aware_pmf_cal_v1+monotone_inactive_global_v1,pre_close,2026-06-08T20:24:41Z,2a55ede2#phase10c,123a4575-1c87-47c7-b3d9-8e48b45fa2bc,ok,0.0,high,full,current_phase8,fallback_used,projected,derived_from_projected_minutes,13,0.0
Julian Champagnie,38017649,SAS,NYK,False,21716136,blk,starter,stat_grid:hurdle_v1+role_aware_pmf_cal_v1:starter+monotone_pit_cdf_v1+sparse_hurdle_guarded,phase8_role_aware_pmf_cal_v1+monotone_inactive_global_v1,pre_close,2026-06-08T20:24:41Z,2a55ede2#phase10c,123a4575-1c87-47c7-b3d9-8e48b45fa2bc,ok,0.0,high,full,current_phase8,fallback_used,projected,derived_from_projected_minutes,14,0.0
Julian Champagnie,38017649,SAS,NYK,False,21716136,blk,starter,stat_grid:hurdle_v1+role_aware_pmf_cal_v1:starter+monotone_pit_cdf_v1+sparse_hurdle_guarded,phase8_role_aware_pmf_cal_v1+monotone_inactive_global_v1,pre_close,2026-06-08T20:24:41Z,2a55ede2#phase10c,123a4575-1c87-47c7-b3d9-8e48b45fa2bc,ok,0.0,high,full,current_phase8,fallback_used,projected,derived_from_projected_minutes,15,0.0
Julian Champagnie,38017649,SAS,NYK,False,21716136,blk,starter,stat_grid:hurdle_v1+role_aware_pmf_cal_v1:starter+monotone_pit_cdf_v1+sparse_hurdle_guarded,phase8_role_aware_pmf_cal_v1+monotone_inactive_global_v1,pre_close,2026-06-08T20:24:41Z,2a55ede2#phase10c,123a4575-1c87-47c7-b3d9-8e48b45fa2bc,ok,0.0,high,full,current_phase8,fallback_used,projected,derived_from_projected_minutes,16,0.0
Julian Champagnie,38017649,SAS,NYK,False,21716136,blk,starter,stat_grid:hurdle_v1+role_aware_pmf_cal_v1:starter+monotone_pit_cdf_v1+sparse_hurdle_guarded,phase8_role_aware_pmf_cal_v1+monotone_inactive_global_v1,pre_close,2026-06-08T20:24:41Z,2a55ede2#phase10c,123a4575-1c87-47c7-b3d9-8e48b45fa2bc,ok,0.0,high,full,current_phase8,fallback_used,projected,derived_from_projected_minutes,17,0.0
Julian Champagnie,38017649,SAS,NYK,False,21716136,blk,starter,stat_grid:hurdle_v1+role_aware_pmf_cal_v1:starter+monotone_pit_cdf_v1+sparse_hurdle_guarded,phase8_role_aware_pmf_cal_v1+monotone_inactive_global_v1,pre_close,2026-06-08T20:24:41Z,2a55ede2#phase10c,123a4575-1c87-47c7-b3d9-8e48b45fa2bc,ok,0.0,high,full,current_phase8,fallback_used,projected,derived_from_projected_minutes,18,0.0
Julian Champagnie,38017649,SAS,NYK,False,21716136,blk,starter,stat_grid:hurdle_v1+role_aware_pmf_cal_v1:starter+monotone_pit_cdf_v1+sparse_hurdle_guarded,phase8_role_aware_pmf_cal_v1+monotone_inactive_global_v1,pre_close,2026-06-08T20:24:41Z,2a55ede2#phase10c,123a4575-1c87-47c7-b3d9-8e48b45fa2bc,ok,0.0,high,full,current_phase8,fallback_used,projected,derived_from_projected_minutes,19,0.0
Julian Champagnie,38017649,SAS,NYK,False,21716136,blk,starter,stat_grid:hurdle_v1+role_aware_pmf_cal_v1:starter+monotone_pit_cdf_v1+sparse_hurdle_guarded,phase8_role_aware_pmf_cal_v1+monotone_inactive_global_v1,pre_close,2026-06-08T20:24:41Z,2a55ede2#phase10c,123a4575-1c87-47c7-b3d9-8e48b45fa2bc,ok,0.0,high,full,current_phase8,fallback_used,projected,derived_from_projected_minutes,20,0.0
Julian Champagnie,38017649,SAS,NYK,False,21716136,stocks,starter,"stat_grid:component_convolution_mean_coherent_v1+components[stl:hurdle_v1+role_aware_pmf_cal_v1:starter+monotone_pit_cdf_v1+sparse_hurdle_guarded,blk:hurdle_v1+role_aware_pmf_cal_v1:starter+monotone_pit_cdf_v1+sparse_hurdle_guarded]+prior_combo[joint_sampler_v1+joint_combo_pmf_v1+role_aware_pmf_cal_v1:starter+monotone_pit_cdf_v1+sparse_hurdle_guarded]+stat_grid_final_component_convolution_mean_coherent_v1",phase8_role_aware_pmf_cal_v1+monotone_inactive_global_v1,pre_close,2026-06-08T20:24:41Z,2a55ede2#phase10c,123a4575-1c87-47c7-b3d9-8e48b45fa2bc,ok,0.0,high,full,current_phase8,fallback_used,projected,derived_from_projected_minutes,0,0.4934
Julian Champagnie,38017649,SAS,NYK,False,21716136,stocks,starter,"stat_grid:component_convolution_mean_coherent_v1+components[stl:hurdle_v1+role_aware_pmf_cal_v1:starter+monotone_pit_cdf_v1+sparse_hurdle_guarded,blk:hurdle_v1+role_aware_pmf_cal_v1:starter+monotone_pit_cdf_v1+sparse_hurdle_guarded]+prior_combo[joint_sampler_v1+joint_combo_pmf_v1+role_aware_pmf_cal_v1:starter+monotone_pit_cdf_v1+sparse_hurdle_guarded]+stat_grid_final_component_convolution_mean_coherent_v1",phase8_role_aware_pmf_cal_v1+monotone_inactive_global_v1,pre_close,2026-06-08T20:24:41Z,2a55ede2#phase10c,123a4575-1c87-47c7-b3d9-8e48b45fa2bc,ok,0.0,high,full,current_phase8,fallback_used,projected,derived_from_projected_minutes,1,0.2343
Julian Champagnie,38017649,SAS,NYK,False,21716136,stocks,starter,"stat_grid:component_convolution_mean_coherent_v1+components[stl:hurdle_v1+role_aware_pmf_cal_v1:starter+monotone_pit_cdf_v1+sparse_hurdle_guarded,blk:hurdle_v1+role_aware_pmf_cal_v1:starter+monotone_pit_cdf_v1+sparse_hurdle_guarded]+prior_combo[joint_sampler_v1+joint_combo_pmf_v1+role_aware_pmf_cal_v1:starter+monotone_pit_cdf_v1+sparse_hurdle_guarded]+stat_grid_final_component_convolution_mean_coherent_v1",phase8_role_aware_pmf_cal_v1+monotone_inactive_global_v1,pre_close,2026-06-08T20:24:41Z,2a55ede2#phase10c,123a4575-1c87-47c7-b3d9-8e48b45fa2bc,ok,0.0,high,full,current_phase8,fallback_used,projected,derived_from_projected_minutes,2,0.1402
Julian Champagnie,38017649,SAS,NYK,False,21716136,stocks,starter,"stat_grid:component_convolution_mean_coherent_v1+components[stl:hurdle_v1+role_aware_pmf_cal_v1:starter+monotone_pit_cdf_v1+sparse_hurdle_guarded,blk:hurdle_v1+role_aware_pmf_cal_v1:starter+monotone_pit_cdf_v1+sparse_hurdle_guarded]+prior_combo[joint_sampler_v1+joint_combo_pmf_v1+role_aware_pmf_cal_v1:starter+monotone_pit_cdf_v1+sparse_hurdle_guarded]+stat_grid_final_component_convolution_mean_coherent_v1",phase8_role_aware_pmf_cal_v1+monotone_inactive_global_v1,pre_close,2026-06-08T20:24:41Z,2a55ede2#phase10c,123a4575-1c87-47c7-b3d9-8e48b45fa2bc,ok,0.0,high,full,current_phase8,fallback_used,projected,derived_from_projected_minutes,3,0.057
Julian Champagnie,38017649,SAS,NYK,False,21716136,stocks,starter,"stat_grid:component_convolution_mean_coherent_v1+components[stl:hurdle_v1+role_aware_pmf_cal_v1:starter+monotone_pit_cdf_v1+sparse_hurdle_guarded,blk:hurdle_v1+role_aware_pmf_cal_v1:starter+monotone_pit_cdf_v1+sparse_hurdle_guarded]+prior_combo[joint_sampler_v1+joint_combo_pmf_v1+role_aware_pmf_cal_v1:starter+monotone_pit_cdf_v1+sparse_hurdle_guarded]+stat_grid_final_component_convolution_mean_coherent_v1",phase8_role_aware_pmf_cal_v1+monotone_inactive_global_v1,pre_close,2026-06-08T20:24:41Z,2a55ede2#phase10c,123a4575-1c87-47c7-b3d9-8e48b45fa2bc,ok,0.0,high,full,current_phase8,fallback_used,projected,derived_from_projected_minutes,4,0.0556
Julian Champagnie,38017649,SAS,NYK,False,21716136,stocks,starter,"stat_grid:component_convolution_mean_coherent_v1+components[stl:hurdle_v1+role_aware_pmf_cal_v1:starter+monotone_pit_cdf_v1+sparse_hurdle_guarded,blk:hurdle_v1+role_aware_pmf_cal_v1:starter+monotone_pit_cdf_v1+sparse_hurdle_guarded]+prior_combo[joint_sampler_v1+joint_combo_pmf_v1+role_aware_pmf_cal_v1:starter+monotone_pit_cdf_v1+sparse_hurdle_guarded]+stat_grid_final_component_convolution_mean_coherent_v1",phase8_role_aware_pmf_cal_v1+monotone_inactive_global_v1,pre_close,2026-06-08T20:24:41Z,2a55ede2#phase10c,123a4575-1c87-47c7-b3d9-8e48b45fa2bc,ok,0.0,high,full,current_phase8,fallback_used,projected,derived_from_projected_minutes,5,0.0122
Julian Champagnie,38017649,SAS,NYK,False,21716136,stocks,starter,"stat_grid:component_convolution_mean_coherent_v1+components[stl:hurdle_v1+role_aware_pmf_cal_v1:starter+monotone_pit_cdf_v1+sparse_hurdle_guarded,blk:hurdle_v1+role_aware_pmf_cal_v1:starter+monotone_pit_cdf_v1+sparse_hurdle_guarded]+prior_combo[joint_sampler_v1+joint_combo_pmf_v1+role_aware_pmf_cal_v1:starter+monotone_pit_cdf_v1+sparse_hurdle_guarded]+stat_grid_final_component_convolution_mean_coherent_v1",phase8_role_aware_pmf_cal_v1+monotone_inactive_global_v1,pre_close,2026-06-08T20:24:41Z,2a55ede2#phase10c,123a4575-1c87-47c7-b3d9-8e48b45fa2bc,ok,0.0,high,full,current_phase8,fallback_used,projected,derived_from_projected_minutes,6,0.0053
Julian Champagnie,38017649,SAS,NYK,False,21716136,stocks,starter,"stat_grid:component_convolution_mean_coherent_v1+components[stl:hurdle_v1+role_aware_pmf_cal_v1:starter+monotone_pit_cdf_v1+sparse_hurdle_guarded,blk:hurdle_v1+role_aware_pmf_cal_v1:starter+monotone_pit_cdf_v1+sparse_hurdle_guarded]+prior_combo[joint_sampler_v1+joint_combo_pmf_v1+role_aware_pmf_cal_v1:starter+monotone_pit_cdf_v1+sparse_hurdle_guarded]+stat_grid_final_component_convolution_mean_coherent_v1",phase8_role_aware_pmf_cal_v1+monotone_inactive_global_v1,pre_close,2026-06-08T20:24:41Z,2a55ede2#phase10c,123a4575-1c87-47c7-b3d9-8e48b45fa2bc,ok,0.0,high,full,current_phase8,fallback_used,projected,derived_from_projected_minutes,7,0.0013
Julian Champagnie,38017649,SAS,NYK,False,21716136,stocks,starter,"stat_grid:component_convolution_mean_coherent_v1+components[stl:hurdle_v1+role_aware_pmf_cal_v1:starter+monotone_pit_cdf_v1+sparse_hurdle_guarded,blk:hurdle_v1+role_aware_pmf_cal_v1:starter+monotone_pit_cdf_v1+sparse_hurdle_guarded]+prior_combo[joint_sampler_v1+joint_combo_pmf_v1+role_aware_pmf_cal_v1:starter+monotone_pit_cdf_v1+sparse_hurdle_guarded]+stat_grid_final_component_convolution_mean_coherent_v1",phase8_role_aware_pmf_cal_v1+monotone_inactive_global_v1,pre_close,2026-06-08T20:24:41Z,2a55ede2#phase10c,123a4575-1c87-47c7-b3d9-8e48b45fa2bc,ok,0.0,high,full,current_phase8,fallback_used,projected,derived_from_projected_minutes,8,0.0008
Julian Champagnie,38017649,SAS,NYK,False,21716136,stocks,starter,"stat_grid:component_convolution_mean_coherent_v1+components[stl:hurdle_v1+role_aware_pmf_cal_v1:starter+monotone_pit_cdf_v1+sparse_hurdle_guarded,blk:hurdle_v1+role_aware_pmf_cal_v1:starter+monotone_pit_cdf_v1+sparse_hurdle_guarded]+prior_combo[joint_sampler_v1+joint_combo_pmf_v1+role_aware_pmf_cal_v1:starter+monotone_pit_cdf_v1+sparse_hurdle_guarded]+stat_grid_final_component_convolution_mean_coherent_v1",phase8_role_aware_pmf_cal_v1+monotone_inactive_global_v1,pre_close,2026-06-08T20:24:41Z,2a55ede2#phase10c,123a4575-1c87-47c7-b3d9-8e48b45fa2bc,ok,0.0,high,full,current_phase8,fallback_used,projected,derived_from_projected_minutes,9,0.0
Julian Champagnie,38017649,SAS,NYK,False,21716136,stocks,starter,"stat_grid:component_convolution_mean_coherent_v1+components[stl:hurdle_v1+role_aware_pmf_cal_v1:starter+monotone_pit_cdf_v1+sparse_hurdle_guarded,blk:hurdle_v1+role_aware_pmf_cal_v1:starter+monotone_pit_cdf_v1+sparse_hurdle_guarded]+prior_combo[joint_sampler_v1+joint_combo_pmf_v1+role_aware_pmf_cal_v1:starter+monotone_pit_cdf_v1+sparse_hurdle_guarded]+stat_grid_final_component_convolution_mean_coherent_v1",phase8_role_aware_pmf_cal_v1+monotone_inactive_global_v1,pre_close,2026-06-08T20:24:41Z,2a55ede2#phase10c,123a4575-1c87-47c7-b3d9-8e48b45fa2bc,ok,0.0,high,full,current_phase8,fallback_used,projected,derived_from_projected_minutes,10,0.0
Julian Champagnie,38017649,SAS,NYK,False,21716136,stocks,starter,"stat_grid:component_convolution_mean_coherent_v1+components[stl:hurdle_v1+role_aware_pmf_cal_v1:starter+monotone_pit_cdf_v1+sparse_hurdle_guarded,blk:hurdle_v1+role_aware_pmf_cal_v1:starter+monotone_pit_cdf_v1+sparse_hurdle_guarded]+prior_combo[joint_sampler_v1+joint_combo_pmf_v1+role_aware_pmf_cal_v1:starter+monotone_pit_cdf_v1+sparse_hurdle_guarded]+stat_grid_final_component_convolution_mean_coherent_v1",phase8_role_aware_pmf_cal_v1+monotone_inactive_global_v1,pre_close,2026-06-08T20:24:41Z,2a55ede2#phase10c,123a4575-1c87-47c7-b3d9-8e48b45fa2bc,ok,0.0,high,full,current_phase8,fallback_used,projected,derived_from_projected_minutes,11,0.0
Julian Champagnie,38017649,SAS,NYK,False,21716136,stocks,starter,"stat_grid:component_convolution_mean_coherent_v1+components[stl:hurdle_v1+role_aware_pmf_cal_v1:starter+monotone_pit_cdf_v1+sparse_hurdle_guarded,blk:hurdle_v1+role_aware_pmf_cal_v1:starter+monotone_pit_cdf_v1+sparse_hurdle_guarded]+prior_combo[joint_sampler_v1+joint_combo_pmf_v1+role_aware_pmf_cal_v1:starter+monotone_pit_cdf_v1+sparse_hurdle_guarded]+stat_grid_final_component_convolution_mean_coherent_v1",phase8_role_aware_pmf_cal_v1+monotone_inactive_global_v1,pre_close,2026-06-08T20:24:41Z,2a55ede2#phase10c,123a4575-1c87-47c7-b3d9-8e48b45fa2bc,ok,0.0,high,full,current_phase8,fallback_used,projected,derived_from_projected_minutes,12,0.0
Julian Champagnie,38017649,SAS,NYK,False,21716136,stocks,starter,"stat_grid:component_convolution_mean_coherent_v1+components[stl:hurdle_v1+role_aware_pmf_cal_v1:starter+monotone_pit_cdf_v1+sparse_hurdle_guarded,blk:hurdle_v1+role_aware_pmf_cal_v1:starter+monotone_pit_cdf_v1+sparse_hurdle_guarded]+prior_combo[joint_sampler_v1+joint_combo_pmf_v1+role_aware_pmf_cal_v1:starter+monotone_pit_cdf_v1+sparse_hurdle_guarded]+stat_grid_final_component_convolution_mean_coherent_v1",phase8_role_aware_pmf_cal_v1+monotone_inactive_global_v1,pre_close,2026-06-08T20:24:41Z,2a55ede2#phase10c,123a4575-1c87-47c7-b3d9-8e48b45fa2bc,ok,0.0,high,full,current_phase8,fallback_used,projected,derived_from_projected_minutes,13,0.0
Julian Champagnie,38017649,SAS,NYK,False,21716136,stocks,starter,"stat_grid:component_convolution_mean_coherent_v1+components[stl:hurdle_v1+role_aware_pmf_cal_v1:starter+monotone_pit_cdf_v1+sparse_hurdle_guarded,blk:hurdle_v1+role_aware_pmf_cal_v1:starter+monotone_pit_cdf_v1+sparse_hurdle_guarded]+prior_combo[joint_sampler_v1+joint_combo_pmf_v1+role_aware_pmf_cal_v1:starter+monotone_pit_cdf_v1+sparse_hurdle_guarded]+stat_grid_final_component_convolution_mean_coherent_v1",phase8_role_aware_pmf_cal_v1+monotone_inactive_global_v1,pre_close,2026-06-08T20:24:41Z,2a55ede2#phase10c,123a4575-1c87-47c7-b3d9-8e48b45fa2bc,ok,0.0,high,full,current_phase8,fallback_used,projected,derived_from_projected_minutes,14,0.0
Julian Champagnie,38017649,SAS,NYK,False,21716136,stocks,starter,"stat_grid:component_convolution_mean_coherent_v1+components[stl:hurdle_v1+role_aware_pmf_cal_v1:starter+monotone_pit_cdf_v1+sparse_hurdle_guarded,blk:hurdle_v1+role_aware_pmf_cal_v1:starter+monotone_pit_cdf_v1+sparse_hurdle_guarded]+prior_combo[joint_sampler_v1+joint_combo_pmf_v1+role_aware_pmf_cal_v1:starter+monotone_pit_cdf_v1+sparse_hurdle_guarded]+stat_grid_final_component_convolution_mean_coherent_v1",phase8_role_aware_pmf_cal_v1+monotone_inactive_global_v1,pre_close,2026-06-08T20:24:41Z,2a55ede2#phase10c,123a4575-1c87-47c7-b3d9-8e48b45fa2bc,ok,0.0,high,full,current_phase8,fallback_used,projected,derived_from_projected_minutes,15,0.0
Julian Champagnie,38017649,SAS,NYK,False,21716136,stocks,starter,"stat_grid:component_convolution_mean_coherent_v1+components[stl:hurdle_v1+role_aware_pmf_cal_v1:starter+monotone_pit_cdf_v1+sparse_hurdle_guarded,blk:hurdle_v1+role_aware_pmf_cal_v1:starter+monotone_pit_cdf_v1+sparse_hurdle_guarded]+prior_combo[joint_sampler_v1+joint_combo_pmf_v1+role_aware_pmf_cal_v1:starter+monotone_pit_cdf_v1+sparse_hurdle_guarded]+stat_grid_final_component_convolution_mean_coherent_v1",phase8_role_aware_pmf_cal_v1+monotone_inactive_global_v1,pre_close,2026-06-08T20:24:41Z,2a55ede2#phase10c,123a4575-1c87-47c7-b3d9-8e48b45fa2bc,ok,0.0,high,full,current_phase8,fallback_used,projected,derived_from_projected_minutes,16,0.0
Julian Champagnie,38017649,SAS,NYK,False,21716136,stocks,starter,"stat_grid:component_convolution_mean_coherent_v1+components[stl:hurdle_v1+role_aware_pmf_cal_v1:starter+monotone_pit_cdf_v1+sparse_hurdle_guarded,blk:hurdle_v1+role_aware_pmf_cal_v1:starter+monotone_pit_cdf_v1+sparse_hurdle_guarded]+prior_combo[joint_sampler_v1+joint_combo_pmf_v1+role_aware_pmf_cal_v1:starter+monotone_pit_cdf_v1+sparse_hurdle_guarded]+stat_grid_final_component_convolution_mean_coherent_v1",phase8_role_aware_pmf_cal_v1+monotone_inactive_global_v1,pre_close,2026-06-08T20:24:41Z,2a55ede2#phase10c,123a4575-1c87-47c7-b3d9-8e48b45fa2bc,ok,0.0,high,full,current_phase8,fallback_used,projected,derived_from_projected_minutes,17,0.0
Julian Champagnie,38017649,SAS,NYK,False,21716136,stocks,starter,"stat_grid:component_convolution_mean_coherent_v1+components[stl:hurdle_v1+role_aware_pmf_cal_v1:starter+monotone_pit_cdf_v1+sparse_hurdle_guarded,blk:hurdle_v1+role_aware_pmf_cal_v1:starter+monotone_pit_cdf_v1+sparse_hurdle_guarded]+prior_combo[joint_sampler_v1+joint_combo_pmf_v1+role_aware_pmf_cal_v1:starter+monotone_pit_cdf_v1+sparse_hurdle_guarded]+stat_grid_final_component_convolution_mean_coherent_v1",phase8_role_aware_pmf_cal_v1+monotone_inactive_global_v1,pre_close,2026-06-08T20:24:41Z,2a55ede2#phase10c,123a4575-1c87-47c7-b3d9-8e48b45fa2bc,ok,0.0,high,full,current_phase8,fallback_used,projected,derived_from_projected_minutes,18,0.0
Julian Champagnie,38017649,SAS,NYK,False,21716136,stocks,starter,"stat_grid:component_convolution_mean_coherent_v1+components[stl:hurdle_v1+role_aware_pmf_cal_v1:starter+monotone_pit_cdf_v1+sparse_hurdle_guarded,blk:hurdle_v1+role_aware_pmf_cal_v1:starter+monotone_pit_cdf_v1+sparse_hurdle_guarded]+prior_combo[joint_sampler_v1+joint_combo_pmf_v1+role_aware_pmf_cal_v1:starter+monotone_pit_cdf_v1+sparse_hurdle_guarded]+stat_grid_final_component_convolution_mean_coherent_v1",phase8_role_aware_pmf_cal_v1+monotone_inactive_global_v1,pre_close,2026-06-08T20:24:41Z,2a55ede2#phase10c,123a4575-1c87-47c7-b3d9-8e48b45fa2bc,ok,0.0,high,full,current_phase8,fallback_used,projected,derived_from_projected_minutes,19,0.0
Julian Champagnie,38017649,SAS,NYK,False,21716136,stocks,starter,"stat_grid:component_convolution_mean_coherent_v1+components[stl:hurdle_v1+role_aware_pmf_cal_v1:starter+monotone_pit_cdf_v1+sparse_hurdle_guarded,blk:hurdle_v1+role_aware_pmf_cal_v1:starter+monotone_pit_cdf_v1+sparse_hurdle_guarded]+prior_combo[joint_sampler_v1+joint_combo_pmf_v1+role_aware_pmf_cal_v1:starter+monotone_pit_cdf_v1+sparse_hurdle_guarded]+stat_grid_final_component_convolution_mean_coherent_v1",phase8_role_aware_pmf_cal_v1+monotone_inactive_global_v1,pre_close,2026-06-08T20:24:41Z,2a55ede2#phase10c,123a4575-1c87-47c7-b3d9-8e48b45fa2bc,ok,0.0,high,full,current_phase8,fallback_used,projected,derived_from_projected_minutes,20,0.0
Julian Champagnie,38017649,SAS,NYK,False,21716136,pa,starter,"stat_grid:component_convolution_mean_coherent_v1+components[pts:pmf_sim_v1+role_aware_pmf_cal_v1:starter+monotone_pit_cdf_v1,ast:pmf_sim_v1+role_aware_pmf_cal_v1:starter+monotone_pit_cdf_v1]+prior_combo[joint_sampler_v1+joint_combo_pmf_v1+role_aware_pmf_cal_v1:starter+monotone_pit_cdf_v1]+stat_grid_final_component_convolution_mean_coherent_v1",phase8_role_aware_pmf_cal_v1+monotone_inactive_global_v1,pre_close,2026-06-08T20:24:41Z,2a55ede2#phase10c,123a4575-1c87-47c7-b3d9-8e48b45fa2bc,ok,0.0,high,full,current_phase8,fallback_used,projected,derived_from_projected_minutes,0,0.0004
Julian Champagnie,38017649,SAS,NYK,False,21716136,pa,starter,"stat_grid:component_convolution_mean_coherent_v1+components[pts:pmf_sim_v1+role_aware_pmf_cal_v1:starter+monotone_pit_cdf_v1,ast:pmf_sim_v1+role_aware_pmf_cal_v1:starter+monotone_pit_cdf_v1]+prior_combo[joint_sampler_v1+joint_combo_pmf_v1+role_aware_pmf_cal_v1:starter+monotone_pit_cdf_v1]+stat_grid_final_component_convolution_mean_coherent_v1",phase8_role_aware_pmf_cal_v1+monotone_inactive_global_v1,pre_close,2026-06-08T20:24:41Z,2a55ede2#phase10c,123a4575-1c87-47c7-b3d9-8e48b45fa2bc,ok,0.0,high,full,current_phase8,fallback_used,projected,derived_from_projected_minutes,1,0.0034
Julian Champagnie,38017649,SAS,NYK,False,21716136,pa,starter,"stat_grid:component_convolution_mean_coherent_v1+components[pts:pmf_sim_v1+role_aware_pmf_cal_v1:starter+monotone_pit_cdf_v1,ast:pmf_sim_v1+role_aware_pmf_cal_v1:starter+monotone_pit_cdf_v1]+prior_combo[joint_sampler_v1+joint_combo_pmf_v1+role_aware_pmf_cal_v1:starter+monotone_pit_cdf_v1]+stat_grid_final_component_convolution_mean_coherent_v1",phase8_role_aware_pmf_cal_v1+monotone_inactive_global_v1,pre_close,2026-06-08T20:24:41Z,2a55ede2#phase10c,123a4575-1c87-47c7-b3d9-8e48b45fa2bc,ok,0.0,high,full,current_phase8,fallback_used,projected,derived_from_projected_minutes,2,0.01
Julian Champagnie,38017649,SAS,NYK,False,21716136,pa,starter,"stat_grid:component_convolution_mean_coherent_v1+components[pts:pmf_sim_v1+role_aware_pmf_cal_v1:starter+monotone_pit_cdf_v1,ast:pmf_sim_v1+role_aware_pmf_cal_v1:starter+monotone_pit_cdf_v1]+prior_combo[joint_sampler_v1+joint_combo_pmf_v1+role_aware_pmf_cal_v1:starter+monotone_pit_cdf_v1]+stat_grid_final_component_convolution_mean_coherent_v1",phase8_role_aware_pmf_cal_v1+monotone_inactive_global_v1,pre_close,2026-06-08T20:24:41Z,2a55ede2#phase10c,123a4575-1c87-47c7-b3d9-8e48b45fa2bc,ok,0.0,high,full,current_phase8,fallback_used,projected,derived_from_projected_minutes,3,0.0202
Julian Champagnie,38017649,SAS,NYK,False,21716136,pa,starter,"stat_grid:component_convolution_mean_coherent_v1+components[pts:pmf_sim_v1+role_aware_pmf_cal_v1:starter+monotone_pit_cdf_v1,ast:pmf_sim_v1+role_aware_pmf_cal_v1:starter+monotone_pit_cdf_v1]+prior_combo[joint_sampler_v1+joint_combo_pmf_v1+role_aware_pmf_cal_v1:starter+monotone_pit_cdf_v1]+stat_grid_final_component_convolution_mean_coherent_v1",phase8_role_aware_pmf_cal_v1+monotone_inactive_global_v1,pre_close,2026-06-08T20:24:41Z,2a55ede2#phase10c,123a4575-1c87-47c7-b3d9-8e48b45fa2bc,ok,0.0,high,full,current_phase8,fallback_used,projected,derived_from_projected_minutes,4,0.0334
Julian Champagnie,38017649,SAS,NYK,False,21716136,pa,starter,"stat_grid:component_convolution_mean_coherent_v1+components[pts:pmf_sim_v1+role_aware_pmf_cal_v1:starter+monotone_pit_cdf_v1,ast:pmf_sim_v1+role_aware_pmf_cal_v1:starter+monotone_pit_cdf_v1]+prior_combo[joint_sampler_v1+joint_combo_pmf_v1+role_aware_pmf_cal_v1:starter+monotone_pit_cdf_v1]+stat_grid_final_component_convolution_mean_coherent_v1",phase8_role_aware_pmf_cal_v1+monotone_inactive_global_v1,pre_close,2026-06-08T20:24:41Z,2a55ede2#phase10c,123a4575-1c87-47c7-b3d9-8e48b45fa2bc,ok,0.0,high,full,current_phase8,fallback_used,projected,derived_from_projected_minutes,5,0.0455
Julian Champagnie,38017649,SAS,NYK,False,21716136,pa,starter,"stat_grid:component_convolution_mean_coherent_v1+components[pts:pmf_sim_v1+role_aware_pmf_cal_v1:starter+monotone_pit_cdf_v1,ast:pmf_sim_v1+role_aware_pmf_cal_v1:starter+monotone_pit_cdf_v1]+prior_combo[joint_sampler_v1+joint_combo_pmf_v1+role_aware_pmf_cal_v1:starter+monotone_pit_cdf_v1]+stat_grid_final_component_convolution_mean_coherent_v1",phase8_role_aware_pmf_cal_v1+monotone_inactive_global_v1,pre_close,2026-06-08T20:24:41Z,2a55ede2#phase10c,123a4575-1c87-47c7-b3d9-8e48b45fa2bc,ok,0.0,high,full,current_phase8,fallback_used,projected,derived_from_projected_minutes,6,0.0563
Julian Champagnie,38017649,SAS,NYK,False,21716136,pa,starter,"stat_grid:component_convolution_mean_coherent_v1+components[pts:pmf_sim_v1+role_aware_pmf_cal_v1:starter+monotone_pit_cdf_v1,ast:pmf_sim_v1+role_aware_pmf_cal_v1:starter+monotone_pit_cdf_v1]+prior_combo[joint_sampler_v1+joint_combo_pmf_v1+role_aware_pmf_cal_v1:starter+monotone_pit_cdf_v1]+stat_grid_final_component_convolution_mean_coherent_v1",phase8_role_aware_pmf_cal_v1+monotone_inactive_global_v1,pre_close,2026-06-08T20:24:41Z,2a55ede2#phase10c,123a4575-1c87-47c7-b3d9-8e48b45fa2bc,ok,0.0,high,full,current_phase8,fallback_used,projected,derived_from_projected_minutes,7,0.0734
Julian Champagnie,38017649,SAS,NYK,False,21716136,pa,starter,"stat_grid:component_convolution_mean_coherent_v1+components[pts:pmf_sim_v1+role_aware_pmf_cal_v1:starter+monotone_pit_cdf_v1,ast:pmf_sim_v1+role_aware_pmf_cal_v1:starter+monotone_pit_cdf_v1]+prior_combo[joint_sampler_v1+joint_combo_pmf_v1+role_aware_pmf_cal_v1:starter+monotone_pit_cdf_v1]+stat_grid_final_component_convolution_mean_coherent_v1",phase8_role_aware_pmf_cal_v1+monotone_inactive_global_v1,pre_close,2026-06-08T20:24:41Z,2a55ede2#phase10c,123a4575-1c87-47c7-b3d9-8e48b45fa2bc,ok,0.0,high,full,current_phase8,fallback_used,projected,derived_from_projected_minutes,8,0.0765
Julian Champagnie,38017649,SAS,NYK,False,21716136,pa,starter,"stat_grid:component_convolution_mean_coherent_v1+components[pts:pmf_sim_v1+role_aware_pmf_cal_v1:starter+monotone_pit_cdf_v1,ast:pmf_sim_v1+role_aware_pmf_cal_v1:starter+monotone_pit_cdf_v1]+prior_combo[joint_sampler_v1+joint_combo_pmf_v1+role_aware_pmf_cal_v1:starter+monotone_pit_cdf_v1]+stat_grid_final_component_convolution_mean_coherent_v1",phase8_role_aware_pmf_cal_v1+monotone_inactive_global_v1,pre_close,2026-06-08T20:24:41Z,2a55ede2#phase10c,123a4575-1c87-47c7-b3d9-8e48b45fa2bc,ok,0.0,high,full,current_phase8,fallback_used,projected,derived_from_projected_minutes,9,0.0773
Julian Champagnie,38017649,SAS,NYK,False,21716136,pa,starter,"stat_grid:component_convolution_mean_coherent_v1+components[pts:pmf_sim_v1+role_aware_pmf_cal_v1:starter+monotone_pit_cdf_v1,ast:pmf_sim_v1+role_aware_pmf_cal_v1:starter+monotone_pit_cdf_v1]+prior_combo[joint_sampler_v1+joint_combo_pmf_v1+role_aware_pmf_cal_v1:starter+monotone_pit_cdf_v1]+stat_grid_final_component_convolution_mean_coherent_v1",phase8_role_aware_pmf_cal_v1+monotone_inactive_global_v1,pre_close,2026-06-08T20:24:41Z,2a55ede2#phase10c,123a4575-1c87-47c7-b3d9-8e48b45fa2bc,ok,0.0,high,full,current_phase8,fallback_used,projected,derived_from_projected_minutes,10,0.0838
Julian Champagnie,38017649,SAS,NYK,False,21716136,pa,starter,"stat_grid:component_convolution_mean_coherent_v1+components[pts:pmf_sim_v1+role_aware_pmf_cal_v1:starter+monotone_pit_cdf_v1,ast:pmf_sim_v1+role_aware_pmf_cal_v1:starter+monotone_pit_cdf_v1]+prior_combo[joint_sampler_v1+joint_combo_pmf_v1+role_aware_pmf_cal_v1:starter+monotone_pit_cdf_v1]+stat_grid_final_component_convolution_mean_coherent_v1",phase8_role_aware_pmf_cal_v1+monotone_inactive_global_v1,pre_close,2026-06-08T20:24:41Z,2a55ede2#phase10c,123a4575-1c87-47c7-b3d9-8e48b45fa2bc,ok,0.0,high,full,current_phase8,fallback_used,projected,derived_from_projected_minutes,11,0.0948
Julian Champagnie,38017649,SAS,NYK,False,21716136,pa,starter,"stat_grid:component_convolution_mean_coherent_v1+components[pts:pmf_sim_v1+role_aware_pmf_cal_v1:starter+monotone_pit_cdf_v1,ast:pmf_sim_v1+role_aware_pmf_cal_v1:starter+monotone_pit_cdf_v1]+prior_combo[joint_sampler_v1+joint_combo_pmf_v1+role_aware_pmf_cal_v1:starter+monotone_pit_cdf_v1]+stat_grid_final_component_convolution_mean_coherent_v1",phase8_role_aware_pmf_cal_v1+monotone_inactive_global_v1,pre_close,2026-06-08T20:24:41Z,2a55ede2#phase10c,123a4575-1c87-47c7-b3d9-8e48b45fa2bc,ok,0.0,high,full,current_phase8,fallback_used,projected,derived_from_projected_minutes,12,0.0849
Julian Champagnie,38017649,SAS,NYK,False,21716136,pa,starter,"stat_grid:component_convolution_mean_coherent_v1+components[pts:pmf_sim_v1+role_aware_pmf_cal_v1:starter+monotone_pit_cdf_v1,ast:pmf_sim_v1+role_aware_pmf_cal_v1:starter+monotone_pit_cdf_v1]+prior_combo[joint_sampler_v1+joint_combo_pmf_v1+role_aware_pmf_cal_v1:starter+monotone_pit_cdf_v1]+stat_grid_final_component_convolution_mean_coherent_v1",phase8_role_aware_pmf_cal_v1+monotone_inactive_global_v1,pre_close,2026-06-08T20:24:41Z,2a55ede2#phase10c,123a4575-1c87-47c7-b3d9-8e48b45fa2bc,ok,0.0,high,full,current_phase8,fallback_used,projected,derived_from_projected_minutes,13,0.0675
Julian Champagnie,38017649,SAS,NYK,False,21716136,pa,starter,"stat_grid:component_convolution_mean_coherent_v1+components[pts:pmf_sim_v1+role_aware_pmf_cal_v1:starter+monotone_pit_cdf_v1,ast:pmf_sim_v1+role_aware_pmf_cal_v1:starter+monotone_pit_cdf_v1]+prior_combo[joint_sampler_v1+joint_combo_pmf_v1+role_aware_pmf_cal_v1:starter+monotone_pit_cdf_v1]+stat_grid_final_component_convolution_mean_coherent_v1",phase8_role_aware_pmf_cal_v1+monotone_inactive_global_v1,pre_close,2026-06-08T20:24:41Z,2a55ede2#phase10c,123a4575-1c87-47c7-b3d9-8e48b45fa2bc,ok,0.0,high,full,current_phase8,fallback_used,projected,derived_from_projected_minutes,14,0.0567
Julian Champagnie,38017649,SAS,NYK,False,21716136,pa,starter,"stat_grid:component_convolution_mean_coherent_v1+components[pts:pmf_sim_v1+role_aware_pmf_cal_v1:starter+monotone_pit_cdf_v1,ast:pmf_sim_v1+role_aware_pmf_cal_v1:starter+monotone_pit_cdf_v1]+prior_combo[joint_sampler_v1+joint_combo_pmf_v1+role_aware_pmf_cal_v1:starter+monotone_pit_cdf_v1]+stat_grid_final_component_convolution_mean_coherent_v1",phase8_role_aware_pmf_cal_v1+monotone_inactive_global_v1,pre_close,2026-06-08T20:24:41Z,2a55ede2#phase10c,123a4575-1c87-47c7-b3d9-8e48b45fa2bc,ok,0.0,high,full,current_phase8,fallback_used,projected,derived_from_projected_minutes,15,0.0504
Julian Champagnie,38017649,SAS,NYK,False,21716136,pa,starter,"stat_grid:component_convolution_mean_coherent_v1+components[pts:pmf_sim_v1+role_aware_pmf_cal_v1:starter+monotone_pit_cdf_v1,ast:pmf_sim_v1+role_aware_pmf_cal_v1:starter+monotone_pit_cdf_v1]+prior_combo[joint_sampler_v1+joint_combo_pmf_v1+role_aware_pmf_cal_v1:starter+monotone_pit_cdf_v1]+stat_grid_final_component_convolution_mean_coherent_v1",phase8_role_aware_pmf_cal_v1+monotone_inactive_global_v1,pre_close,2026-06-08T20:24:41Z,2a55ede2#phase10c,123a4575-1c87-47c7-b3d9-8e48b45fa2bc,ok,0.0,high,full,current_phase8,fallback_used,projected,derived_from_projected_minutes,16,0.0428
Julian Champagnie,38017649,SAS,NYK,False,21716136,pa,starter,"stat_grid:component_convolution_mean_coherent_v1+components[pts:pmf_sim_v1+role_aware_pmf_cal_v1:starter+monotone_pit_cdf_v1,ast:pmf_sim_v1+role_aware_pmf_cal_v1:starter+monotone_pit_cdf_v1]+prior_combo[joint_sampler_v1+joint_combo_pmf_v1+role_aware_pmf_cal_v1:starter+monotone_pit_cdf_v1]+stat_grid_final_component_convolution_mean_coherent_v1",phase8_role_aware_pmf_cal_v1+monotone_inactive_global_v1,pre_close,2026-06-08T20:24:41Z,2a55ede2#phase10c,123a4575-1c87-47c7-b3d9-8e48b45fa2bc,ok,0.0,high,full,current_phase8,fallback_used,projected,derived_from_projected_minutes,17,0.0291
Julian Champagnie,38017649,SAS,NYK,False,21716136,pa,starter,"stat_grid:component_convolution_mean_coherent_v1+components[pts:pmf_sim_v1+role_aware_pmf_cal_v1:starter+monotone_pit_cdf_v1,ast:pmf_sim_v1+role_aware_pmf_cal_v1:starter+monotone_pit_cdf_v1]+prior_combo[joint_sampler_v1+joint_combo_pmf_v1+role_aware_pmf_cal_v1:starter+monotone_pit_cdf_v1]+stat_grid_final_component_convolution_mean_coherent_v1",phase8_role_aware_pmf_cal_v1+monotone_inactive_global_v1,pre_close,2026-06-08T20:24:41Z,2a55ede2#phase10c,123a4575-1c87-47c7-b3d9-8e48b45fa2bc,ok,0.0,high,full,current_phase8,fallback_used,projected,derived_from_projected_minutes,18,0.0201
Julian Champagnie,38017649,SAS,NYK,False,21716136,pa,starter,"stat_grid:component_convolution_mean_coherent_v1+components[pts:pmf_sim_v1+role_aware_pmf_cal_v1:starter+monotone_pit_cdf_v1,ast:pmf_sim_v1+role_aware_pmf_cal_v1:starter+monotone_pit_cdf_v1]+prior_combo[joint_sampler_v1+joint_combo_pmf_v1+role_aware_pmf_cal_v1:starter+monotone_pit_cdf_v1]+stat_grid_final_component_convolution_mean_coherent_v1",phase8_role_aware_pmf_cal_v1+monotone_inactive_global_v1,pre_close,2026-06-08T20:24:41Z,2a55ede2#phase10c,123a4575-1c87-47c7-b3d9-8e48b45fa2bc,ok,0.0,high,full,current_phase8,fallback_used,projected,derived_from_projected_minutes,19,0.0167
Julian Champagnie,38017649,SAS,NYK,False,21716136,pa,starter,"stat_grid:component_convolution_mean_coherent_v1+components[pts:pmf_sim_v1+role_aware_pmf_cal_v1:starter+monotone_pit_cdf_v1,ast:pmf_sim_v1+role_aware_pmf_cal_v1:starter+monotone_pit_cdf_v1]+prior_combo[joint_sampler_v1+joint_combo_pmf_v1+role_aware_pmf_cal_v1:starter+monotone_pit_cdf_v1]+stat_grid_final_component_convolution_mean_coherent_v1",phase8_role_aware_pmf_cal_v1+monotone_inactive_global_v1,pre_close,2026-06-08T20:24:41Z,2a55ede2#phase10c,123a4575-1c87-47c7-b3d9-8e48b45fa2bc,ok,0.0,high,full,current_phase8,fallback_used,projected,derived_from_projected_minutes,20,0.0113
Julian Champagnie,38017649,SAS,NYK,False,21716136,pa,starter,"stat_grid:component_convolution_mean_coherent_v1+components[pts:pmf_sim_v1+role_aware_pmf_cal_v1:starter+monotone_pit_cdf_v1,ast:pmf_sim_v1+role_aware_pmf_cal_v1:starter+monotone_pit_cdf_v1]+prior_combo[joint_sampler_v1+joint_combo_pmf_v1+role_aware_pmf_cal_v1:starter+monotone_pit_cdf_v1]+stat_grid_final_component_convolution_mean_coherent_v1",phase8_role_aware_pmf_cal_v1+monotone_inactive_global_v1,pre_close,2026-06-08T20:24:41Z,2a55ede2#phase10c,123a4575-1c87-47c7-b3d9-8e48b45fa2bc,ok,0.0,high,full,current_phase8,fallback_used,projected,derived_from_projected_minutes,21,0.0089
Julian Champagnie,38017649,SAS,NYK,False,21716136,pa,starter,"stat_grid:component_convolution_mean_coherent_v1+components[pts:pmf_sim_v1+role_aware_pmf_cal_v1:starter+monotone_pit_cdf_v1,ast:pmf_sim_v1+role_aware_pmf_cal_v1:starter+monotone_pit_cdf_v1]+prior_combo[joint_sampler_v1+joint_combo_pmf_v1+role_aware_pmf_cal_v1:starter+monotone_pit_cdf_v1]+stat_grid_final_component_convolution_mean_coherent_v1",phase8_role_aware_pmf_cal_v1+monotone_inactive_global_v1,pre_close,2026-06-08T20:24:41Z,2a55ede2#phase10c,123a4575-1c87-47c7-b3d9-8e48b45fa2bc,ok,0.0,high,full,current_phase8,fallback_used,projected,derived_from_projected_minutes,22,0.0079
Julian Champagnie,38017649,SAS,NYK,False,21716136,pa,starter,"stat_grid:component_convolution_mean_coherent_v1+components[pts:pmf_sim_v1+role_aware_pmf_cal_v1:starter+monotone_pit_cdf_v1,ast:pmf_sim_v1+role_aware_pmf_cal_v1:starter+monotone_pit_cdf_v1]+prior_combo[joint_sampler_v1+joint_combo_pmf_v1+role_aware_pmf_cal_v1:starter+monotone_pit_cdf_v1]+stat_grid_final_component_convolution_mean_coherent_v1",phase8_role_aware_pmf_cal_v1+monotone_inactive_global_v1,pre_close,2026-06-08T20:24:41Z,2a55ede2#phase10c,123a4575-1c87-47c7-b3d9-8e48b45fa2bc,ok,0.0,high,full,current_phase8,fallback_used,projected,derived_from_projected_minutes,23,0.007
Julian Champagnie,38017649,SAS,NYK,False,21716136,pa,starter,"stat_grid:component_convolution_mean_coherent_v1+components[pts:pmf_sim_v1+role_aware_pmf_cal_v1:starter+monotone_pit_cdf_v1,ast:pmf_sim_v1+role_aware_pmf_cal_v1:starter+monotone_pit_cdf_v1]+prior_combo[joint_sampler_v1+joint_combo_pmf_v1+role_aware_pmf_cal_v1:starter+monotone_pit_cdf_v1]+stat_grid_final_component_convolution_mean_coherent_v1",phase8_role_aware_pmf_cal_v1+monotone_inactive_global_v1,pre_close,2026-06-08T20:24:41Z,2a55ede2#phase10c,123a4575-1c87-47c7-b3d9-8e48b45fa2bc,ok,0.0,high,full,current_phase8,fallback_used,projected,derived_from_projected_minutes,24,0.0055
Julian Champagnie,38017649,SAS,NYK,False,21716136,pa,starter,"stat_grid:component_convolution_mean_coherent_v1+components[pts:pmf_sim_v1+role_aware_pmf_cal_v1:starter+monotone_pit_cdf_v1,ast:pmf_sim_v1+role_aware_pmf_cal_v1:starter+monotone_pit_cdf_v1]+prior_combo[joint_sampler_v1+joint_combo_pmf_v1+role_aware_pmf_cal_v1:starter+monotone_pit_cdf_v1]+stat_grid_final_component_convolution_mean_coherent_v1",phase8_role_aware_pmf_cal_v1+monotone_inactive_global_v1,pre_close,2026-06-08T20:24:41Z,2a55ede2#phase10c,123a4575-1c87-47c7-b3d9-8e48b45fa2bc,ok,0.0,high,full,current_phase8,fallback_used,projected,derived_from_projected_minutes,25,0.0043
Julian Champagnie,38017649,SAS,NYK,False,21716136,pa,starter,"stat_grid:component_convolution_mean_coherent_v1+components[pts:pmf_sim_v1+role_aware_pmf_cal_v1:starter+monotone_pit_cdf_v1,ast:pmf_sim_v1+role_aware_pmf_cal_v1:starter+monotone_pit_cdf_v1]+prior_combo[joint_sampler_v1+joint_combo_pmf_v1+role_aware_pmf_cal_v1:starter+monotone_pit_cdf_v1]+stat_grid_final_component_convolution_mean_coherent_v1",phase8_role_aware_pmf_cal_v1+monotone_inactive_global_v1,pre_close,2026-06-08T20:24:41Z,2a55ede2#phase10c,123a4575-1c87-47c7-b3d9-8e48b45fa2bc,ok,0.0,high,full,current_phase8,fallback_used,projected,derived_from_projected_minutes,26,0.0036
Julian Champagnie,38017649,SAS,NYK,False,21716136,pa,starter,"stat_grid:component_convolution_mean_coherent_v1+components[pts:pmf_sim_v1+role_aware_pmf_cal_v1:starter+monotone_pit_cdf_v1,ast:pmf_sim_v1+role_aware_pmf_cal_v1:starter+monotone_pit_cdf_v1]+prior_combo[joint_sampler_v1+joint_combo_pmf_v1+role_aware_pmf_cal_v1:starter+monotone_pit_cdf_v1]+stat_grid_final_component_convolution_mean_coherent_v1",phase8_role_aware_pmf_cal_v1+monotone_inactive_global_v1,pre_close,2026-06-08T20:24:41Z,2a55ede2#phase10c,123a4575-1c87-47c7-b3d9-8e48b45fa2bc,ok,0.0,high,full,current_phase8,fallback_used,projected,derived_from_projected_minutes,27,0.003
Julian Champagnie,38017649,SAS,NYK,False,21716136,pa,starter,"stat_grid:component_convolution_mean_coherent_v1+components[pts:pmf_sim_v1+role_aware_pmf_cal_v1:starter+monotone_pit_cdf_v1,ast:pmf_sim_v1+role_aware_pmf_cal_v1:starter+monotone_pit_cdf_v1]+prior_combo[joint_sampler_v1+joint_combo_pmf_v1+role_aware_pmf_cal_v1:starter+monotone_pit_cdf_v1]+stat_grid_final_component_convolution_mean_coherent_v1",phase8_role_aware_pmf_cal_v1+monotone_inactive_global_v1,pre_close,2026-06-08T20:24:41Z,2a55ede2#phase10c,123a4575-1c87-47c7-b3d9-8e48b45fa2bc,ok,0.0,high,full,current_phase8,fallback_used,projected,derived_from_projected_minutes,28,0.002
Julian Champagnie,38017649,SAS,NYK,False,21716136,pa,starter,"stat_grid:component_convolution_mean_coherent_v1+components[pts:pmf_sim_v1+role_aware_pmf_cal_v1:starter+monotone_pit_cdf_v1,ast:pmf_sim_v1+role_aware_pmf_cal_v1:starter+monotone_pit_cdf_v1]+prior_combo[joint_sampler_v1+joint_combo_pmf_v1+role_aware_pmf_cal_v1:starter+monotone_pit_cdf_v1]+stat_grid_final_component_convolution_mean_coherent_v1",phase8_role_aware_pmf_cal_v1+monotone_inactive_global_v1,pre_close,2026-06-08T20:24:41Z,2a55ede2#phase10c,123a4575-1c87-47c7-b3d9-8e48b45fa2bc,ok,0.0,high,full,current_phase8,fallback_used,projected,derived_from_projected_minutes,29,0.0009
Julian Champagnie,38017649,SAS,NYK,False,21716136,pa,starter,"stat_grid:component_convolution_mean_coherent_v1+components[pts:pmf_sim_v1+role_aware_pmf_cal_v1:starter+monotone_pit_cdf_v1,ast:pmf_sim_v1+role_aware_pmf_cal_v1:starter+monotone_pit_cdf_v1]+prior_combo[joint_sampler_v1+joint_combo_pmf_v1+role_aware_pmf_cal_v1:starter+monotone_pit_cdf_v1]+stat_grid_final_component_convolution_mean_coherent_v1",phase8_role_aware_pmf_cal_v1+monotone_inactive_global_v1,pre_close,2026-06-08T20:24:41Z,2a55ede2#phase10c,123a4575-1c87-47c7-b3d9-8e48b45fa2bc,ok,0.0,high,full,current_phase8,fallback_used,projected,derived_from_projected_minutes,30,0.0007
Julian Champagnie,38017649,SAS,NYK,False,21716136,pa,starter,"stat_grid:component_convolution_mean_coherent_v1+components[pts:pmf_sim_v1+role_aware_pmf_cal_v1:starter+monotone_pit_cdf_v1,ast:pmf_sim_v1+role_aware_pmf_cal_v1:starter+monotone_pit_cdf_v1]+prior_combo[joint_sampler_v1+joint_combo_pmf_v1+role_aware_pmf_cal_v1:starter+monotone_pit_cdf_v1]+stat_grid_final_component_convolution_mean_coherent_v1",phase8_role_aware_pmf_cal_v1+monotone_inactive_global_v1,pre_close,2026-06-08T20:24:41Z,2a55ede2#phase10c,123a4575-1c87-47c7-b3d9-8e48b45fa2bc,ok,0.0,high,full,current_phase8,fallback_used,projected,derived_from_projected_minutes,31,0.0004
Julian Champagnie,38017649,SAS,NYK,False,21716136,pa,starter,"stat_grid:component_convolution_mean_coherent_v1+components[pts:pmf_sim_v1+role_aware_pmf_cal_v1:starter+monotone_pit_cdf_v1,ast:pmf_sim_v1+role_aware_pmf_cal_v1:starter+monotone_pit_cdf_v1]+prior_combo[joint_sampler_v1+joint_combo_pmf_v1+role_aware_pmf_cal_v1:starter+monotone_pit_cdf_v1]+stat_grid_final_component_convolution_mean_coherent_v1",phase8_role_aware_pmf_cal_v1+monotone_inactive_global_v1,pre_close,2026-06-08T20:24:41Z,2a55ede2#phase10c,123a4575-1c87-47c7-b3d9-8e48b45fa2bc,ok,0.0,high,full,current_phase8,fallback_used,projected,derived_from_projected_minutes,32,0.0002
Julian Champagnie,38017649,SAS,NYK,False,21716136,pa,starter,"stat_grid:component_convolution_mean_coherent_v1+components[pts:pmf_sim_v1+role_aware_pmf_cal_v1:starter+monotone_pit_cdf_v1,ast:pmf_sim_v1+role_aware_pmf_cal_v1:starter+monotone_pit_cdf_v1]+prior_combo[joint_sampler_v1+joint_combo_pmf_v1+role_aware_pmf_cal_v1:starter+monotone_pit_cdf_v1]+stat_grid_final_component_convolution_mean_coherent_v1",phase8_role_aware_pmf_cal_v1+monotone_inactive_global_v1,pre_close,2026-06-08T20:24:41Z,2a55ede2#phase10c,123a4575-1c87-47c7-b3d9-8e48b45fa2bc,ok,0.0,high,full,current_phase8,fallback_used,projected,derived_from_projected_minutes,33,0.0002
Julian Champagnie,38017649,SAS,NYK,False,21716136,pa,starter,"stat_grid:component_convolution_mean_coherent_v1+components[pts:pmf_sim_v1+role_aware_pmf_cal_v1:starter+monotone_pit_cdf_v1,ast:pmf_sim_v1+role_aware_pmf_cal_v1:starter+monotone_pit_cdf_v1]+prior_combo[joint_sampler_v1+joint_combo_pmf_v1+role_aware_pmf_cal_v1:starter+monotone_pit_cdf_v1]+stat_grid_final_component_convolution_mean_coherent_v1",phase8_role_aware_pmf_cal_v1+monotone_inactive_global_v1,pre_close,2026-06-08T20:24:41Z,2a55ede2#phase10c,123a4575-1c87-47c7-b3d9-8e48b45fa2bc,ok,0.0,high,full,current_phase8,fallback_used,projected,derived_from_projected_minutes,34,0.0001
Julian Champagnie,38017649,SAS,NYK,False,21716136,pa,starter,"stat_grid:component_convolution_mean_coherent_v1+components[pts:pmf_sim_v1+role_aware_pmf_cal_v1:starter+monotone_pit_cdf_v1,ast:pmf_sim_v1+role_aware_pmf_cal_v1:starter+monotone_pit_cdf_v1]+prior_combo[joint_sampler_v1+joint_combo_pmf_v1+role_aware_pmf_cal_v1:starter+monotone_pit_cdf_v1]+stat_grid_final_component_convolution_mean_coherent_v1",phase8_role_aware_pmf_cal_v1+monotone_inactive_global_v1,pre_close,2026-06-08T20:24:41Z,2a55ede2#phase10c,123a4575-1c87-47c7-b3d9-8e48b45fa2bc,ok,0.0,high,full,current_phase8,fallback_used,projected,derived_from_projected_minutes,35,0.0001
Julian Champagnie,38017649,SAS,NYK,False,21716136,pa,starter,"stat_grid:component_convolution_mean_coherent_v1+components[pts:pmf_sim_v1+role_aware_pmf_cal_v1:starter+monotone_pit_cdf_v1,ast:pmf_sim_v1+role_aware_pmf_cal_v1:starter+monotone_pit_cdf_v1]+prior_combo[joint_sampler_v1+joint_combo_pmf_v1+role_aware_pmf_cal_v1:starter+monotone_pit_cdf_v1]+stat_grid_final_component_convolution_mean_coherent_v1",phase8_role_aware_pmf_cal_v1+monotone_inactive_global_v1,pre_close,2026-06-08T20:24:41Z,2a55ede2#phase10c,123a4575-1c87-47c7-b3d9-8e48b45fa2bc,ok,0.0,high,full,current_phase8,fallback_used,projected,derived_from_projected_minutes,36,0.0002
Julian Champagnie,38017649,SAS,NYK,False,21716136,pa,starter,"stat_grid:component_convolution_mean_coherent_v1+components[pts:pmf_sim_v1+role_aware_pmf_cal_v1:starter+monotone_pit_cdf_v1,ast:pmf_sim_v1+role_aware_pmf_cal_v1:starter+monotone_pit_cdf_v1]+prior_combo[joint_sampler_v1+joint_combo_pmf_v1+role_aware_pmf_cal_v1:starter+monotone_pit_cdf_v1]+stat_grid_final_component_convolution_mean_coherent_v1",phase8_role_aware_pmf_cal_v1+monotone_inactive_global_v1,pre_close,2026-06-08T20:24:41Z,2a55ede2#phase10c,123a4575-1c87-47c7-b3d9-8e48b45fa2bc,ok,0.0,high,full,current_phase8,fallback_used,projected,derived_from_projected_minutes,37,0.0001
Julian Champagnie,38017649,SAS,NYK,False,21716136,pa,starter,"stat_grid:component_convolution_mean_coherent_v1+components[pts:pmf_sim_v1+role_aware_pmf_cal_v1:starter+monotone_pit_cdf_v1,ast:pmf_sim_v1+role_aware_pmf_cal_v1:starter+monotone_pit_cdf_v1]+prior_combo[joint_sampler_v1+joint_combo_pmf_v1+role_aware_pmf_cal_v1:starter+monotone_pit_cdf_v1]+stat_grid_final_component_convolution_mean_coherent_v1",phase8_role_aware_pmf_cal_v1+monotone_inactive_global_v1,pre_close,2026-06-08T20:24:41Z,2a55ede2#phase10c,123a4575-1c87-47c7-b3d9-8e48b45fa2bc,ok,0.0,high,full,current_phase8,fallback_used,projected,derived_from_projected_minutes,38,0.0001
Julian Champagnie,38017649,SAS,NYK,False,21716136,pa,starter,"stat_grid:component_convolution_mean_coherent_v1+components[pts:pmf_sim_v1+role_aware_pmf_cal_v1:starter+monotone_pit_cdf_v1,ast:pmf_sim_v1+role_aware_pmf_cal_v1:starter+monotone_pit_cdf_v1]+prior_combo[joint_sampler_v1+joint_combo_pmf_v1+role_aware_pmf_cal_v1:starter+monotone_pit_cdf_v1]+stat_grid_final_component_convolution_mean_coherent_v1",phase8_role_aware_pmf_cal_v1+monotone_inactive_global_v1,pre_close,2026-06-08T20:24:41Z,2a55ede2#phase10c,123a4575-1c87-47c7-b3d9-8e48b45fa2bc,ok,0.0,high,full,current_phase8,fallback_used,projected,derived_from_projected_minutes,39,0.0
Julian Champagnie,38017649,SAS,NYK,False,21716136,pa,starter,"stat_grid:component_convolution_mean_coherent_v1+components[pts:pmf_sim_v1+role_aware_pmf_cal_v1:starter+monotone_pit_cdf_v1,ast:pmf_sim_v1+role_aware_pmf_cal_v1:starter+monotone_pit_cdf_v1]+prior_combo[joint_sampler_v1+joint_combo_pmf_v1+role_aware_pmf_cal_v1:starter+monotone_pit_cdf_v1]+stat_grid_final_component_convolution_mean_coherent_v1",phase8_role_aware_pmf_cal_v1+monotone_inactive_global_v1,pre_close,2026-06-08T20:24:41Z,2a55ede2#phase10c,123a4575-1c87-47c7-b3d9-8e48b45fa2bc,ok,0.0,high,full,current_phase8,fallback_used,projected,derived_from_projected_minutes,40,0.0
Julian Champagnie,38017649,SAS,NYK,False,21716136,pa,starter,"stat_grid:component_convolution_mean_coherent_v1+components[pts:pmf_sim_v1+role_aware_pmf_cal_v1:starter+monotone_pit_cdf_v1,ast:pmf_sim_v1+role_aware_pmf_cal_v1:starter+monotone_pit_cdf_v1]+prior_combo[joint_sampler_v1+joint_combo_pmf_v1+role_aware_pmf_cal_v1:starter+monotone_pit_cdf_v1]+stat_grid_final_component_convolution_mean_coherent_v1",phase8_role_aware_pmf_cal_v1+monotone_inactive_global_v1,pre_close,2026-06-08T20:24:41Z,2a55ede2#phase10c,123a4575-1c87-47c7-b3d9-8e48b45fa2bc,ok,0.0,high,full,current_phase8,fallback_used,projected,derived_from_projected_minutes,41,0.0
Julian Champagnie,38017649,SAS,NYK,False,21716136,pa,starter,"stat_grid:component_convolution_mean_coherent_v1+components[pts:pmf_sim_v1+role_aware_pmf_cal_v1:starter+monotone_pit_cdf_v1,ast:pmf_sim_v1+role_aware_pmf_cal_v1:starter+monotone_pit_cdf_v1]+prior_combo[joint_sampler_v1+joint_combo_pmf_v1+role_aware_pmf_cal_v1:starter+monotone_pit_cdf_v1]+stat_grid_final_component_convolution_mean_coherent_v1",phase8_role_aware_pmf_cal_v1+monotone_inactive_global_v1,pre_close,2026-06-08T20:24:41Z,2a55ede2#phase10c,123a4575-1c87-47c7-b3d9-8e48b45fa2bc,ok,0.0,high,full,current_phase8,fallback_used,projected,derived_from_projected_minutes,42,0.0
Julian Champagnie,38017649,SAS,NYK,False,21716136,pa,starter,"stat_grid:component_convolution_mean_coherent_v1+components[pts:pmf_sim_v1+role_aware_pmf_cal_v1:starter+monotone_pit_cdf_v1,ast:pmf_sim_v1+role_aware_pmf_cal_v1:starter+monotone_pit_cdf_v1]+prior_combo[joint_sampler_v1+joint_combo_pmf_v1+role_aware_pmf_cal_v1:starter+monotone_pit_cdf_v1]+stat_grid_final_component_convolution_mean_coherent_v1",phase8_role_aware_pmf_cal_v1+monotone_inactive_global_v1,pre_close,2026-06-08T20:24:41Z,2a55ede2#phase10c,123a4575-1c87-47c7-b3d9-8e48b45fa2bc,ok,0.0,high,full,current_phase8,fallback_used,projected,derived_from_projected_minutes,43,0.0
Julian Champagnie,38017649,SAS,NYK,False,21716136,pa,starter,"stat_grid:component_convolution_mean_coherent_v1+components[pts:pmf_sim_v1+role_aware_pmf_cal_v1:starter+monotone_pit_cdf_v1,ast:pmf_sim_v1+role_aware_pmf_cal_v1:starter+monotone_pit_cdf_v1]+prior_combo[joint_sampler_v1+joint_combo_pmf_v1+role_aware_pmf_cal_v1:starter+monotone_pit_cdf_v1]+stat_grid_final_component_convolution_mean_coherent_v1",phase8_role_aware_pmf_cal_v1+monotone_inactive_global_v1,pre_close,2026-06-08T20:24:41Z,2a55ede2#phase10c,123a4575-1c87-47c7-b3d9-8e48b45fa2bc,ok,0.0,high,full,current_phase8,fallback_used,projected,derived_from_projected_minutes,44,0.0
Julian Champagnie,38017649,SAS,NYK,False,21716136,pa,starter,"stat_grid:component_convolution_mean_coherent_v1+components[pts:pmf_sim_v1+role_aware_pmf_cal_v1:starter+monotone_pit_cdf_v1,ast:pmf_sim_v1+role_aware_pmf_cal_v1:starter+monotone_pit_cdf_v1]+prior_combo[joint_sampler_v1+joint_combo_pmf_v1+role_aware_pmf_cal_v1:starter+monotone_pit_cdf_v1]+stat_grid_final_component_convolution_mean_coherent_v1",phase8_role_aware_pmf_cal_v1+monotone_inactive_global_v1,pre_close,2026-06-08T20:24:41Z,2a55ede2#phase10c,123a4575-1c87-47c7-b3d9-8e48b45fa2bc,ok,0.0,high,full,current_phase8,fallback_used,projected,derived_from_projected_minutes,45,0.0
Julian Champagnie,38017649,SAS,NYK,False,21716136,pa,starter,"stat_grid:component_convolution_mean_coherent_v1+components[pts:pmf_sim_v1+role_aware_pmf_cal_v1:starter+monotone_pit_cdf_v1,ast:pmf_sim_v1+role_aware_pmf_cal_v1:starter+monotone_pit_cdf_v1]+prior_combo[joint_sampler_v1+joint_combo_pmf_v1+role_aware_pmf_cal_v1:starter+monotone_pit_cdf_v1]+stat_grid_final_component_convolution_mean_coherent_v1",phase8_role_aware_pmf_cal_v1+monotone_inactive_global_v1,pre_close,2026-06-08T20:24:41Z,2a55ede2#phase10c,123a4575-1c87-47c7-b3d9-8e48b45fa2bc,ok,0.0,high,full,current_phase8,fallback_used,projected,derived_from_projected_minutes,46,0.0
Julian Champagnie,38017649,SAS,NYK,False,21716136,pa,starter,"stat_grid:component_convolution_mean_coherent_v1+components[pts:pmf_sim_v1+role_aware_pmf_cal_v1:starter+monotone_pit_cdf_v1,ast:pmf_sim_v1+role_aware_pmf_cal_v1:starter+monotone_pit_cdf_v1]+prior_combo[joint_sampler_v1+joint_combo_pmf_v1+role_aware_pmf_cal_v1:starter+monotone_pit_cdf_v1]+stat_grid_final_component_convolution_mean_coherent_v1",phase8_role_aware_pmf_cal_v1+monotone_inactive_global_v1,pre_close,2026-06-08T20:24:41Z,2a55ede2#phase10c,123a4575-1c87-47c7-b3d9-8e48b45fa2bc,ok,0.0,high,full,current_phase8,fallback_used,projected,derived_from_projected_minutes,47,0.0
Julian Champagnie,38017649,SAS,NYK,False,21716136,pa,starter,"stat_grid:component_convolution_mean_coherent_v1+components[pts:pmf_sim_v1+role_aware_pmf_cal_v1:starter+monotone_pit_cdf_v1,ast:pmf_sim_v1+role_aware_pmf_cal_v1:starter+monotone_pit_cdf_v1]+prior_combo[joint_sampler_v1+joint_combo_pmf_v1+role_aware_pmf_cal_v1:starter+monotone_pit_cdf_v1]+stat_grid_final_component_convolution_mean_coherent_v1",phase8_role_aware_pmf_cal_v1+monotone_inactive_global_v1,pre_close,2026-06-08T20:24:41Z,2a55ede2#phase10c,123a4575-1c87-47c7-b3d9-8e48b45fa2bc,ok,0.0,high,full,current_phase8,fallback_used,projected,derived_from_projected_minutes,48,0.0
Julian Champagnie,38017649,SAS,NYK,False,21716136,pa,starter,"stat_grid:component_convolution_mean_coherent_v1+components[pts:pmf_sim_v1+role_aware_pmf_cal_v1:starter+monotone_pit_cdf_v1,ast:pmf_sim_v1+role_aware_pmf_cal_v1:starter+monotone_pit_cdf_v1]+prior_combo[joint_sampler_v1+joint_combo_pmf_v1+role_aware_pmf_cal_v1:starter+monotone_pit_cdf_v1]+stat_grid_final_component_convolution_mean_coherent_v1",phase8_role_aware_pmf_cal_v1+monotone_inactive_global_v1,pre_close,2026-06-08T20:24:41Z,2a55ede2#phase10c,123a4575-1c87-47c7-b3d9-8e48b45fa2bc,ok,0.0,high,full,current_phase8,fallback_used,projected,derived_from_projected_minutes,49,0.0
Julian Champagnie,38017649,SAS,NYK,False,21716136,pa,starter,"stat_grid:component_convolution_mean_coherent_v1+components[pts:pmf_sim_v1+role_aware_pmf_cal_v1:starter+monotone_pit_cdf_v1,ast:pmf_sim_v1+role_aware_pmf_cal_v1:starter+monotone_pit_cdf_v1]+prior_combo[joint_sampler_v1+joint_combo_pmf_v1+role_aware_pmf_cal_v1:starter+monotone_pit_cdf_v1]+stat_grid_final_component_convolution_mean_coherent_v1",phase8_role_aware_pmf_cal_v1+monotone_inactive_global_v1,pre_close,2026-06-08T20:24:41Z,2a55ede2#phase10c,123a4575-1c87-47c7-b3d9-8e48b45fa2bc,ok,0.0,high,full,current_phase8,fallback_used,projected,derived_from_projected_minutes,50,0.0
Julian Champagnie,38017649,SAS,NYK,False,21716136,pa,starter,"stat_grid:component_convolution_mean_coherent_v1+components[pts:pmf_sim_v1+role_aware_pmf_cal_v1:starter+monotone_pit_cdf_v1,ast:pmf_sim_v1+role_aware_pmf_cal_v1:starter+monotone_pit_cdf_v1]+prior_combo[joint_sampler_v1+joint_combo_pmf_v1+role_aware_pmf_cal_v1:starter+monotone_pit_cdf_v1]+stat_grid_final_component_convolution_mean_coherent_v1",phase8_role_aware_pmf_cal_v1+monotone_inactive_global_v1,pre_close,2026-06-08T20:24:41Z,2a55ede2#phase10c,123a4575-1c87-47c7-b3d9-8e48b45fa2bc,ok,0.0,high,full,current_phase8,fallback_used,projected,derived_from_projected_minutes,51,0.0
Julian Champagnie,38017649,SAS,NYK,False,21716136,pa,starter,"stat_grid:component_convolution_mean_coherent_v1+components[pts:pmf_sim_v1+role_aware_pmf_cal_v1:starter+monotone_pit_cdf_v1,ast:pmf_sim_v1+role_aware_pmf_cal_v1:starter+monotone_pit_cdf_v1]+prior_combo[joint_sampler_v1+joint_combo_pmf_v1+role_aware_pmf_cal_v1:starter+monotone_pit_cdf_v1]+stat_grid_final_component_convolution_mean_coherent_v1",phase8_role_aware_pmf_cal_v1+monotone_inactive_global_v1,pre_close,2026-06-08T20:24:41Z,2a55ede2#phase10c,123a4575-1c87-47c7-b3d9-8e48b45fa2bc,ok,0.0,high,full,current_phase8,fallback_used,projected,derived_from_projected_minutes,52,0.0
Julian Champagnie,38017649,SAS,NYK,False,21716136,pa,starter,"stat_grid:component_convolution_mean_coherent_v1+components[pts:pmf_sim_v1+role_aware_pmf_cal_v1:starter+monotone_pit_cdf_v1,ast:pmf_sim_v1+role_aware_pmf_cal_v1:starter+monotone_pit_cdf_v1]+prior_combo[joint_sampler_v1+joint_combo_pmf_v1+role_aware_pmf_cal_v1:starter+monotone_pit_cdf_v1]+stat_grid_final_component_convolution_mean_coherent_v1",phase8_role_aware_pmf_cal_v1+monotone_inactive_global_v1,pre_close,2026-06-08T20:24:41Z,2a55ede2#phase10c,123a4575-1c87-47c7-b3d9-8e48b45fa2bc,ok,0.0,high,full,current_phase8,fallback_used,projected,derived_from_projected_minutes,53,0.0
Julian Champagnie,38017649,SAS,NYK,False,21716136,pa,starter,"stat_grid:component_convolution_mean_coherent_v1+components[pts:pmf_sim_v1+role_aware_pmf_cal_v1:starter+monotone_pit_cdf_v1,ast:pmf_sim_v1+role_aware_pmf_cal_v1:starter+monotone_pit_cdf_v1]+prior_combo[joint_sampler_v1+joint_combo_pmf_v1+role_aware_pmf_cal_v1:starter+monotone_pit_cdf_v1]+stat_grid_final_component_convolution_mean_coherent_v1",phase8_role_aware_pmf_cal_v1+monotone_inactive_global_v1,pre_close,2026-06-08T20:24:41Z,2a55ede2#phase10c,123a4575-1c87-47c7-b3d9-8e48b45fa2bc,ok,0.0,high,full,current_phase8,fallback_used,projected,derived_from_projected_minutes,54,0.0
Julian Champagnie,38017649,SAS,NYK,False,21716136,pa,starter,"stat_grid:component_convolution_mean_coherent_v1+components[pts:pmf_sim_v1+role_aware_pmf_cal_v1:starter+monotone_pit_cdf_v1,ast:pmf_sim_v1+role_aware_pmf_cal_v1:starter+monotone_pit_cdf_v1]+prior_combo[joint_sampler_v1+joint_combo_pmf_v1+role_aware_pmf_cal_v1:starter+monotone_pit_cdf_v1]+stat_grid_final_component_convolution_mean_coherent_v1",phase8_role_aware_pmf_cal_v1+monotone_inactive_global_v1,pre_close,2026-06-08T20:24:41Z,2a55ede2#phase10c,123a4575-1c87-47c7-b3d9-8e48b45fa2bc,ok,0.0,high,full,current_phase8,fallback_used,projected,derived_from_projected_minutes,55,0.0
Julian Champagnie,38017649,SAS,NYK,False,21716136,pa,starter,"stat_grid:component_convolution_mean_coherent_v1+components[pts:pmf_sim_v1+role_aware_pmf_cal_v1:starter+monotone_pit_cdf_v1,ast:pmf_sim_v1+role_aware_pmf_cal_v1:starter+monotone_pit_cdf_v1]+prior_combo[joint_sampler_v1+joint_combo_pmf_v1+role_aware_pmf_cal_v1:starter+monotone_pit_cdf_v1]+stat_grid_final_component_convolution_mean_coherent_v1",phase8_role_aware_pmf_cal_v1+monotone_inactive_global_v1,pre_close,2026-06-08T20:24:41Z,2a55ede2#phase10c,123a4575-1c87-47c7-b3d9-8e48b45fa2bc,ok,0.0,high,full,current_phase8,fallback_used,projected,derived_from_projected_minutes,56,0.0
Julian Champagnie,38017649,SAS,NYK,False,21716136,pa,starter,"stat_grid:component_convolution_mean_coherent_v1+components[pts:pmf_sim_v1+role_aware_pmf_cal_v1:starter+monotone_pit_cdf_v1,ast:pmf_sim_v1+role_aware_pmf_cal_v1:starter+monotone_pit_cdf_v1]+prior_combo[joint_sampler_v1+joint_combo_pmf_v1+role_aware_pmf_cal_v1:starter+monotone_pit_cdf_v1]+stat_grid_final_component_convolution_mean_coherent_v1",phase8_role_aware_pmf_cal_v1+monotone_inactive_global_v1,pre_close,2026-06-08T20:24:41Z,2a55ede2#phase10c,123a4575-1c87-47c7-b3d9-8e48b45fa2bc,ok,0.0,high,full,current_phase8,fallback_used,projected,derived_from_projected_minutes,57,0.0
Julian Champagnie,38017649,SAS,NYK,False,21716136,pa,starter,"stat_grid:component_convolution_mean_coherent_v1+components[pts:pmf_sim_v1+role_aware_pmf_cal_v1:starter+monotone_pit_cdf_v1,ast:pmf_sim_v1+role_aware_pmf_cal_v1:starter+monotone_pit_cdf_v1]+prior_combo[joint_sampler_v1+joint_combo_pmf_v1+role_aware_pmf_cal_v1:starter+monotone_pit_cdf_v1]+stat_grid_final_component_convolution_mean_coherent_v1",phase8_role_aware_pmf_cal_v1+monotone_inactive_global_v1,pre_close,2026-06-08T20:24:41Z,2a55ede2#phase10c,123a4575-1c87-47c7-b3d9-8e48b45fa2bc,ok,0.0,high,full,current_phase8,fallback_used,projected,derived_from_projected_minutes,58,0.0
Julian Champagnie,38017649,SAS,NYK,False,21716136,pa,starter,"stat_grid:component_convolution_mean_coherent_v1+components[pts:pmf_sim_v1+role_aware_pmf_cal_v1:starter+monotone_pit_cdf_v1,ast:pmf_sim_v1+role_aware_pmf_cal_v1:starter+monotone_pit_cdf_v1]+prior_combo[joint_sampler_v1+joint_combo_pmf_v1+role_aware_pmf_cal_v1:starter+monotone_pit_cdf_v1]+stat_grid_final_component_convolution_mean_coherent_v1",phase8_role_aware_pmf_cal_v1+monotone_inactive_global_v1,pre_close,2026-06-08T20:24:41Z,2a55ede2#phase10c,123a4575-1c87-47c7-b3d9-8e48b45fa2bc,ok,0.0,high,full,current_phase8,fallback_used,projected,derived_from_projected_minutes,59,0.0
Julian Champagnie,38017649,SAS,NYK,False,21716136,pa,starter,"stat_grid:component_convolution_mean_coherent_v1+components[pts:pmf_sim_v1+role_aware_pmf_cal_v1:starter+monotone_pit_cdf_v1,ast:pmf_sim_v1+role_aware_pmf_cal_v1:starter+monotone_pit_cdf_v1]+prior_combo[joint_sampler_v1+joint_combo_pmf_v1+role_aware_pmf_cal_v1:starter+monotone_pit_cdf_v1]+stat_grid_final_component_convolution_mean_coherent_v1",phase8_role_aware_pmf_cal_v1+monotone_inactive_global_v1,pre_close,2026-06-08T20:24:41Z,2a55ede2#phase10c,123a4575-1c87-47c7-b3d9-8e48b45fa2bc,ok,0.0,high,full,current_phase8,fallback_used,projected,derived_from_projected_minutes,60,0.0
Julian Champagnie,38017649,SAS,NYK,False,21716136,pa,starter,"stat_grid:component_convolution_mean_coherent_v1+components[pts:pmf_sim_v1+role_aware_pmf_cal_v1:starter+monotone_pit_cdf_v1,ast:pmf_sim_v1+role_aware_pmf_cal_v1:starter+monotone_pit_cdf_v1]+prior_combo[joint_sampler_v1+joint_combo_pmf_v1+role_aware_pmf_cal_v1:starter+monotone_pit_cdf_v1]+stat_grid_final_component_convolution_mean_coherent_v1",phase8_role_aware_pmf_cal_v1+monotone_inactive_global_v1,pre_close,2026-06-08T20:24:41Z,2a55ede2#phase10c,123a4575-1c87-47c7-b3d9-8e48b45fa2bc,ok,0.0,high,full,current_phase8,fallback_used,projected,derived_from_projected_minutes,61,0.0
Julian Champagnie,38017649,SAS,NYK,False,21716136,pa,starter,"stat_grid:component_convolution_mean_coherent_v1+components[pts:pmf_sim_v1+role_aware_pmf_cal_v1:starter+monotone_pit_cdf_v1,ast:pmf_sim_v1+role_aware_pmf_cal_v1:starter+monotone_pit_cdf_v1]+prior_combo[joint_sampler_v1+joint_combo_pmf_v1+role_aware_pmf_cal_v1:starter+monotone_pit_cdf_v1]+stat_grid_final_component_convolution_mean_coherent_v1",phase8_role_aware_pmf_cal_v1+monotone_inactive_global_v1,pre_close,2026-06-08T20:24:41Z,2a55ede2#phase10c,123a4575-1c87-47c7-b3d9-8e48b45fa2bc,ok,0.0,high,full,current_phase8,fallback_used,projected,derived_from_projected_minutes,62,0.0
Julian Champagnie,38017649,SAS,NYK,False,21716136,pa,starter,"stat_grid:component_convolution_mean_coherent_v1+components[pts:pmf_sim_v1+role_aware_pmf_cal_v1:starter+monotone_pit_cdf_v1,ast:pmf_sim_v1+role_aware_pmf_cal_v1:starter+monotone_pit_cdf_v1]+prior_combo[joint_sampler_v1+joint_combo_pmf_v1+role_aware_pmf_cal_v1:starter+monotone_pit_cdf_v1]+stat_grid_final_component_convolution_mean_coherent_v1",phase8_role_aware_pmf_cal_v1+monotone_inactive_global_v1,pre_close,2026-06-08T20:24:41Z,2a55ede2#phase10c,123a4575-1c87-47c7-b3d9-8e48b45fa2bc,ok,0.0,high,full,current_phase8,fallback_used,projected,derived_from_projected_minutes,63,0.0
Julian Champagnie,38017649,SAS,NYK,False,21716136,pa,starter,"stat_grid:component_convolution_mean_coherent_v1+components[pts:pmf_sim_v1+role_aware_pmf_cal_v1:starter+monotone_pit_cdf_v1,ast:pmf_sim_v1+role_aware_pmf_cal_v1:starter+monotone_pit_cdf_v1]+prior_combo[joint_sampler_v1+joint_combo_pmf_v1+role_aware_pmf_cal_v1:starter+monotone_pit_cdf_v1]+stat_grid_final_component_convolution_mean_coherent_v1",phase8_role_aware_pmf_cal_v1+monotone_inactive_global_v1,pre_close,2026-06-08T20:24:41Z,2a55ede2#phase10c,123a4575-1c87-47c7-b3d9-8e48b45fa2bc,ok,0.0,high,full,current_phase8,fallback_used,projected,derived_from_projected_minutes,64,0.0
Julian Champagnie,38017649,SAS,NYK,False,21716136,pa,starter,"stat_grid:component_convolution_mean_coherent_v1+components[pts:pmf_sim_v1+role_aware_pmf_cal_v1:starter+monotone_pit_cdf_v1,ast:pmf_sim_v1+role_aware_pmf_cal_v1:starter+monotone_pit_cdf_v1]+prior_combo[joint_sampler_v1+joint_combo_pmf_v1+role_aware_pmf_cal_v1:starter+monotone_pit_cdf_v1]+stat_grid_final_component_convolution_mean_coherent_v1",phase8_role_aware_pmf_cal_v1+monotone_inactive_global_v1,pre_close,2026-06-08T20:24:41Z,2a55ede2#phase10c,123a4575-1c87-47c7-b3d9-8e48b45fa2bc,ok,0.0,high,full,current_phase8,fallback_used,projected,derived_from_projected_minutes,65,0.0
Julian Champagnie,38017649,SAS,NYK,False,21716136,pa,starter,"stat_grid:component_convolution_mean_coherent_v1+components[pts:pmf_sim_v1+role_aware_pmf_cal_v1:starter+monotone_pit_cdf_v1,ast:pmf_sim_v1+role_aware_pmf_cal_v1:starter+monotone_pit_cdf_v1]+prior_combo[joint_sampler_v1+joint_combo_pmf_v1+role_aware_pmf_cal_v1:starter+monotone_pit_cdf_v1]+stat_grid_final_component_convolution_mean_coherent_v1",phase8_role_aware_pmf_cal_v1+monotone_inactive_global_v1,pre_close,2026-06-08T20:24:41Z,2a55ede2#phase10c,123a4575-1c87-47c7-b3d9-8e48b45fa2bc,ok,0.0,high,full,current_phase8,fallback_used,projected,derived_from_projected_minutes,66,0.0
Julian Champagnie,38017649,SAS,NYK,False,21716136,pa,starter,"stat_grid:component_convolution_mean_coherent_v1+components[pts:pmf_sim_v1+role_aware_pmf_cal_v1:starter+monotone_pit_cdf_v1,ast:pmf_sim_v1+role_aware_pmf_cal_v1:starter+monotone_pit_cdf_v1]+prior_combo[joint_sampler_v1+joint_combo_pmf_v1+role_aware_pmf_cal_v1:starter+monotone_pit_cdf_v1]+stat_grid_final_component_convolution_mean_coherent_v1",phase8_role_aware_pmf_cal_v1+monotone_inactive_global_v1,pre_close,2026-06-08T20:24:41Z,2a55ede2#phase10c,123a4575-1c87-47c7-b3d9-8e48b45fa2bc,ok,0.0,high,full,current_phase8,fallback_used,projected,derived_from_projected_minutes,67,0.0
Julian Champagnie,38017649,SAS,NYK,False,21716136,pa,starter,"stat_grid:component_convolution_mean_coherent_v1+components[pts:pmf_sim_v1+role_aware_pmf_cal_v1:starter+monotone_pit_cdf_v1,ast:pmf_sim_v1+role_aware_pmf_cal_v1:starter+monotone_pit_cdf_v1]+prior_combo[joint_sampler_v1+joint_combo_pmf_v1+role_aware_pmf_cal_v1:starter+monotone_pit_cdf_v1]+stat_grid_final_component_convolution_mean_coherent_v1",phase8_role_aware_pmf_cal_v1+monotone_inactive_global_v1,pre_close,2026-06-08T20:24:41Z,2a55ede2#phase10c,123a4575-1c87-47c7-b3d9-8e48b45fa2bc,ok,0.0,high,full,current_phase8,fallback_used,projected,derived_from_projected_minutes,68,0.0
Julian Champagnie,38017649,SAS,NYK,False,21716136,pa,starter,"stat_grid:component_convolution_mean_coherent_v1+components[pts:pmf_sim_v1+role_aware_pmf_cal_v1:starter+monotone_pit_cdf_v1,ast:pmf_sim_v1+role_aware_pmf_cal_v1:starter+monotone_pit_cdf_v1]+prior_combo[joint_sampler_v1+joint_combo_pmf_v1+role_aware_pmf_cal_v1:starter+monotone_pit_cdf_v1]+stat_grid_final_component_convolution_mean_coherent_v1",phase8_role_aware_pmf_cal_v1+monotone_inactive_global_v1,pre_close,2026-06-08T20:24:41Z,2a55ede2#phase10c,123a4575-1c87-47c7-b3d9-8e48b45fa2bc,ok,0.0,high,full,current_phase8,fallback_used,projected,derived_from_projected_minutes,69,0.0
Julian Champagnie,38017649,SAS,NYK,False,21716136,pa,starter,"stat_grid:component_convolution_mean_coherent_v1+components[pts:pmf_sim_v1+role_aware_pmf_cal_v1:starter+monotone_pit_cdf_v1,ast:pmf_sim_v1+role_aware_pmf_cal_v1:starter+monotone_pit_cdf_v1]+prior_combo[joint_sampler_v1+joint_combo_pmf_v1+role_aware_pmf_cal_v1:starter+monotone_pit_cdf_v1]+stat_grid_final_component_convolution_mean_coherent_v1",phase8_role_aware_pmf_cal_v1+monotone_inactive_global_v1,pre_close,2026-06-08T20:24:41Z,2a55ede2#phase10c,123a4575-1c87-47c7-b3d9-8e48b45fa2bc,ok,0.0,high,full,current_phase8,fallback_used,projected,derived_from_projected_minutes,70,0.0
Julian Champagnie,38017649,SAS,NYK,False,21716136,pa,starter,"stat_grid:component_convolution_mean_coherent_v1+components[pts:pmf_sim_v1+role_aware_pmf_cal_v1:starter+monotone_pit_cdf_v1,ast:pmf_sim_v1+role_aware_pmf_cal_v1:starter+monotone_pit_cdf_v1]+prior_combo[joint_sampler_v1+joint_combo_pmf_v1+role_aware_pmf_cal_v1:starter+monotone_pit_cdf_v1]+stat_grid_final_component_convolution_mean_coherent_v1",phase8_role_aware_pmf_cal_v1+monotone_inactive_global_v1,pre_close,2026-06-08T20:24:41Z,2a55ede2#phase10c,123a4575-1c87-47c7-b3d9-8e48b45fa2bc,ok,0.0,high,full,current_phase8,fallback_used,projected,derived_from_projected_minutes,71,0.0
Julian Champagnie,38017649,SAS,NYK,False,21716136,pa,starter,"stat_grid:component_convolution_mean_coherent_v1+components[pts:pmf_sim_v1+role_aware_pmf_cal_v1:starter+monotone_pit_cdf_v1,ast:pmf_sim_v1+role_aware_pmf_cal_v1:starter+monotone_pit_cdf_v1]+prior_combo[joint_sampler_v1+joint_combo_pmf_v1+role_aware_pmf_cal_v1:starter+monotone_pit_cdf_v1]+stat_grid_final_component_convolution_mean_coherent_v1",phase8_role_aware_pmf_cal_v1+monotone_inactive_global_v1,pre_close,2026-06-08T20:24:41Z,2a55ede2#phase10c,123a4575-1c87-47c7-b3d9-8e48b45fa2bc,ok,0.0,high,full,current_phase8,fallback_used,projected,derived_from_projected_minutes,72,0.0
Julian Champagnie,38017649,SAS,NYK,False,21716136,pa,starter,"stat_grid:component_convolution_mean_coherent_v1+components[pts:pmf_sim_v1+role_aware_pmf_cal_v1:starter+monotone_pit_cdf_v1,ast:pmf_sim_v1+role_aware_pmf_cal_v1:starter+monotone_pit_cdf_v1]+prior_combo[joint_sampler_v1+joint_combo_pmf_v1+role_aware_pmf_cal_v1:starter+monotone_pit_cdf_v1]+stat_grid_final_component_convolution_mean_coherent_v1",phase8_role_aware_pmf_cal_v1+monotone_inactive_global_v1,pre_close,2026-06-08T20:24:41Z,2a55ede2#phase10c,123a4575-1c87-47c7-b3d9-8e48b45fa2bc,ok,0.0,high,full,current_phase8,fallback_used,projected,derived_from_projected_minutes,73,0.0
Julian Champagnie,38017649,SAS,NYK,False,21716136,pa,starter,"stat_grid:component_convolution_mean_coherent_v1+components[pts:pmf_sim_v1+role_aware_pmf_cal_v1:starter+monotone_pit_cdf_v1,ast:pmf_sim_v1+role_aware_pmf_cal_v1:starter+monotone_pit_cdf_v1]+prior_combo[joint_sampler_v1+joint_combo_pmf_v1+role_aware_pmf_cal_v1:starter+monotone_pit_cdf_v1]+stat_grid_final_component_convolution_mean_coherent_v1",phase8_role_aware_pmf_cal_v1+monotone_inactive_global_v1,pre_close,2026-06-08T20:24:41Z,2a55ede2#phase10c,123a4575-1c87-47c7-b3d9-8e48b45fa2bc,ok,0.0,high,full,current_phase8,fallback_used,projected,derived_from_projected_minutes,74,0.0
Julian Champagnie,38017649,SAS,NYK,False,21716136,pa,starter,"stat_grid:component_convolution_mean_coherent_v1+components[pts:pmf_sim_v1+role_aware_pmf_cal_v1:starter+monotone_pit_cdf_v1,ast:pmf_sim_v1+role_aware_pmf_cal_v1:starter+monotone_pit_cdf_v1]+prior_combo[joint_sampler_v1+joint_combo_pmf_v1+role_aware_pmf_cal_v1:starter+monotone_pit_cdf_v1]+stat_grid_final_component_convolution_mean_coherent_v1",phase8_role_aware_pmf_cal_v1+monotone_inactive_global_v1,pre_close,2026-06-08T20:24:41Z,2a55ede2#phase10c,123a4575-1c87-47c7-b3d9-8e48b45fa2bc,ok,0.0,high,full,current_phase8,fallback_used,projected,derived_from_projected_minutes,75,0.0
Julian Champagnie,38017649,SAS,NYK,False,21716136,pa,starter,"stat_grid:component_convolution_mean_coherent_v1+components[pts:pmf_sim_v1+role_aware_pmf_cal_v1:starter+monotone_pit_cdf_v1,ast:pmf_sim_v1+role_aware_pmf_cal_v1:starter+monotone_pit_cdf_v1]+prior_combo[joint_sampler_v1+joint_combo_pmf_v1+role_aware_pmf_cal_v1:starter+monotone_pit_cdf_v1]+stat_grid_final_component_convolution_mean_coherent_v1",phase8_role_aware_pmf_cal_v1+monotone_inactive_global_v1,pre_close,2026-06-08T20:24:41Z,2a55ede2#phase10c,123a4575-1c87-47c7-b3d9-8e48b45fa2bc,ok,0.0,high,full,current_phase8,fallback_used,projected,derived_from_projected_minutes,76,0.0
Julian Champagnie,38017649,SAS,NYK,False,21716136,pa,starter,"stat_grid:component_convolution_mean_coherent_v1+components[pts:pmf_sim_v1+role_aware_pmf_cal_v1:starter+monotone_pit_cdf_v1,ast:pmf_sim_v1+role_aware_pmf_cal_v1:starter+monotone_pit_cdf_v1]+prior_combo[joint_sampler_v1+joint_combo_pmf_v1+role_aware_pmf_cal_v1:starter+monotone_pit_cdf_v1]+stat_grid_final_component_convolution_mean_coherent_v1",phase8_role_aware_pmf_cal_v1+monotone_inactive_global_v1,pre_close,2026-06-08T20:24:41Z,2a55ede2#phase10c,123a4575-1c87-47c7-b3d9-8e48b45fa2bc,ok,0.0,high,full,current_phase8,fallback_used,projected,derived_from_projected_minutes,77,0.0
Julian Champagnie,38017649,SAS,NYK,False,21716136,pa,starter,"stat_grid:component_convolution_mean_coherent_v1+components[pts:pmf_sim_v1+role_aware_pmf_cal_v1:starter+monotone_pit_cdf_v1,ast:pmf_sim_v1+role_aware_pmf_cal_v1:starter+monotone_pit_cdf_v1]+prior_combo[joint_sampler_v1+joint_combo_pmf_v1+role_aware_pmf_cal_v1:starter+monotone_pit_cdf_v1]+stat_grid_final_component_convolution_mean_coherent_v1",phase8_role_aware_pmf_cal_v1+monotone_inactive_global_v1,pre_close,2026-06-08T20:24:41Z,2a55ede2#phase10c,123a4575-1c87-47c7-b3d9-8e48b45fa2bc,ok,0.0,high,full,current_phase8,fallback_used,projected,derived_from_projected_minutes,78,0.0
Julian Champagnie,38017649,SAS,NYK,False,21716136,pa,starter,"stat_grid:component_convolution_mean_coherent_v1+components[pts:pmf_sim_v1+role_aware_pmf_cal_v1:starter+monotone_pit_cdf_v1,ast:pmf_sim_v1+role_aware_pmf_cal_v1:starter+monotone_pit_cdf_v1]+prior_combo[joint_sampler_v1+joint_combo_pmf_v1+role_aware_pmf_cal_v1:starter+monotone_pit_cdf_v1]+stat_grid_final_component_convolution_mean_coherent_v1",phase8_role_aware_pmf_cal_v1+monotone_inactive_global_v1,pre_close,2026-06-08T20:24:41Z,2a55ede2#phase10c,123a4575-1c87-47c7-b3d9-8e48b45fa2bc,ok,0.0,high,full,current_phase8,fallback_used,projected,derived_from_projected_minutes,79,0.0
Julian Champagnie,38017649,SAS,NYK,False,21716136,pa,starter,"stat_grid:component_convolution_mean_coherent_v1+components[pts:pmf_sim_v1+role_aware_pmf_cal_v1:starter+monotone_pit_cdf_v1,ast:pmf_sim_v1+role_aware_pmf_cal_v1:starter+monotone_pit_cdf_v1]+prior_combo[joint_sampler_v1+joint_combo_pmf_v1+role_aware_pmf_cal_v1:starter+monotone_pit_cdf_v1]+stat_grid_final_component_convolution_mean_coherent_v1",phase8_role_aware_pmf_cal_v1+monotone_inactive_global_v1,pre_close,2026-06-08T20:24:41Z,2a55ede2#phase10c,123a4575-1c87-47c7-b3d9-8e48b45fa2bc,ok,0.0,high,full,current_phase8,fallback_used,projected,derived_from_projected_minutes,80,0.0
Julian Champagnie,38017649,SAS,NYK,False,21716136,pa,starter,"stat_grid:component_convolution_mean_coherent_v1+components[pts:pmf_sim_v1+role_aware_pmf_cal_v1:starter+monotone_pit_cdf_v1,ast:pmf_sim_v1+role_aware_pmf_cal_v1:starter+monotone_pit_cdf_v1]+prior_combo[joint_sampler_v1+joint_combo_pmf_v1+role_aware_pmf_cal_v1:starter+monotone_pit_cdf_v1]+stat_grid_final_component_convolution_mean_coherent_v1",phase8_role_aware_pmf_cal_v1+monotone_inactive_global_v1,pre_close,2026-06-08T20:24:41Z,2a55ede2#phase10c,123a4575-1c87-47c7-b3d9-8e48b45fa2bc,ok,0.0,high,full,current_phase8,fallback_used,projected,derived_from_projected_minutes,81,0.0
Julian Champagnie,38017649,SAS,NYK,False,21716136,pa,starter,"stat_grid:component_convolution_mean_coherent_v1+components[pts:pmf_sim_v1+role_aware_pmf_cal_v1:starter+monotone_pit_cdf_v1,ast:pmf_sim_v1+role_aware_pmf_cal_v1:starter+monotone_pit_cdf_v1]+prior_combo[joint_sampler_v1+joint_combo_pmf_v1+role_aware_pmf_cal_v1:starter+monotone_pit_cdf_v1]+stat_grid_final_component_convolution_mean_coherent_v1",phase8_role_aware_pmf_cal_v1+monotone_inactive_global_v1,pre_close,2026-06-08T20:24:41Z,2a55ede2#phase10c,123a4575-1c87-47c7-b3d9-8e48b45fa2bc,ok,0.0,high,full,current_phase8,fallback_used,projected,derived_from_projected_minutes,82,0.0
Julian Champagnie,38017649,SAS,NYK,False,21716136,pa,starter,"stat_grid:component_convolution_mean_coherent_v1+components[pts:pmf_sim_v1+role_aware_pmf_cal_v1:starter+monotone_pit_cdf_v1,ast:pmf_sim_v1+role_aware_pmf_cal_v1:starter+monotone_pit_cdf_v1]+prior_combo[joint_sampler_v1+joint_combo_pmf_v1+role_aware_pmf_cal_v1:starter+monotone_pit_cdf_v1]+stat_grid_final_component_convolution_mean_coherent_v1",phase8_role_aware_pmf_cal_v1+monotone_inactive_global_v1,pre_close,2026-06-08T20:24:41Z,2a55ede2#phase10c,123a4575-1c87-47c7-b3d9-8e48b45fa2bc,ok,0.0,high,full,current_phase8,fallback_used,projected,derived_from_projected_minutes,83,0.0
Julian Champagnie,38017649,SAS,NYK,False,21716136,pa,starter,"stat_grid:component_convolution_mean_coherent_v1+components[pts:pmf_sim_v1+role_aware_pmf_cal_v1:starter+monotone_pit_cdf_v1,ast:pmf_sim_v1+role_aware_pmf_cal_v1:starter+monotone_pit_cdf_v1]+prior_combo[joint_sampler_v1+joint_combo_pmf_v1+role_aware_pmf_cal_v1:starter+monotone_pit_cdf_v1]+stat_grid_final_component_convolution_mean_coherent_v1",phase8_role_aware_pmf_cal_v1+monotone_inactive_global_v1,pre_close,2026-06-08T20:24:41Z,2a55ede2#phase10c,123a4575-1c87-47c7-b3d9-8e48b45fa2bc,ok,0.0,high,full,current_phase8,fallback_used,projected,derived_from_projected_minutes,84,0.0
Julian Champagnie,38017649,SAS,NYK,False,21716136,pa,starter,"stat_grid:component_convolution_mean_coherent_v1+components[pts:pmf_sim_v1+role_aware_pmf_cal_v1:starter+monotone_pit_cdf_v1,ast:pmf_sim_v1+role_aware_pmf_cal_v1:starter+monotone_pit_cdf_v1]+prior_combo[joint_sampler_v1+joint_combo_pmf_v1+role_aware_pmf_cal_v1:starter+monotone_pit_cdf_v1]+stat_grid_final_component_convolution_mean_coherent_v1",phase8_role_aware_pmf_cal_v1+monotone_inactive_global_v1,pre_close,2026-06-08T20:24:41Z,2a55ede2#phase10c,123a4575-1c87-47c7-b3d9-8e48b45fa2bc,ok,0.0,high,full,current_phase8,fallback_used,projected,derived_from_projected_minutes,85,0.0
Julian Champagnie,38017649,SAS,NYK,False,21716136,pa,starter,"stat_grid:component_convolution_mean_coherent_v1+components[pts:pmf_sim_v1+role_aware_pmf_cal_v1:starter+monotone_pit_cdf_v1,ast:pmf_sim_v1+role_aware_pmf_cal_v1:starter+monotone_pit_cdf_v1]+prior_combo[joint_sampler_v1+joint_combo_pmf_v1+role_aware_pmf_cal_v1:starter+monotone_pit_cdf_v1]+stat_grid_final_component_convolution_mean_coherent_v1",phase8_role_aware_pmf_cal_v1+monotone_inactive_global_v1,pre_close,2026-06-08T20:24:41Z,2a55ede2#phase10c,123a4575-1c87-47c7-b3d9-8e48b45fa2bc,ok,0.0,high,full,current_phase8,fallback_used,projected,derived_from_projected_minutes,86,0.0
Julian Champagnie,38017649,SAS,NYK,False,21716136,pa,starter,"stat_grid:component_convolution_mean_coherent_v1+components[pts:pmf_sim_v1+role_aware_pmf_cal_v1:starter+monotone_pit_cdf_v1,ast:pmf_sim_v1+role_aware_pmf_cal_v1:starter+monotone_pit_cdf_v1]+prior_combo[joint_sampler_v1+joint_combo_pmf_v1+role_aware_pmf_cal_v1:starter+monotone_pit_cdf_v1]+stat_grid_final_component_convolution_mean_coherent_v1",phase8_role_aware_pmf_cal_v1+monotone_inactive_global_v1,pre_close,2026-06-08T20:24:41Z,2a55ede2#phase10c,123a4575-1c87-47c7-b3d9-8e48b45fa2bc,ok,0.0,high,full,current_phase8,fallback_used,projected,derived_from_projected_minutes,87,0.0
Julian Champagnie,38017649,SAS,NYK,False,21716136,pa,starter,"stat_grid:component_convolution_mean_coherent_v1+components[pts:pmf_sim_v1+role_aware_pmf_cal_v1:starter+monotone_pit_cdf_v1,ast:pmf_sim_v1+role_aware_pmf_cal_v1:starter+monotone_pit_cdf_v1]+prior_combo[joint_sampler_v1+joint_combo_pmf_v1+role_aware_pmf_cal_v1:starter+monotone_pit_cdf_v1]+stat_grid_final_component_convolution_mean_coherent_v1",phase8_role_aware_pmf_cal_v1+monotone_inactive_global_v1,pre_close,2026-06-08T20:24:41Z,2a55ede2#phase10c,123a4575-1c87-47c7-b3d9-8e48b45fa2bc,ok,0.0,high,full,current_phase8,fallback_used,projected,derived_from_projected_minutes,88,0.0
Julian Champagnie,38017649,SAS,NYK,False,21716136,pa,starter,"stat_grid:component_convolution_mean_coherent_v1+components[pts:pmf_sim_v1+role_aware_pmf_cal_v1:starter+monotone_pit_cdf_v1,ast:pmf_sim_v1+role_aware_pmf_cal_v1:starter+monotone_pit_cdf_v1]+prior_combo[joint_sampler_v1+joint_combo_pmf_v1+role_aware_pmf_cal_v1:starter+monotone_pit_cdf_v1]+stat_grid_final_component_convolution_mean_coherent_v1",phase8_role_aware_pmf_cal_v1+monotone_inactive_global_v1,pre_close,2026-06-08T20:24:41Z,2a55ede2#phase10c,123a4575-1c87-47c7-b3d9-8e48b45fa2bc,ok,0.0,high,full,current_phase8,fallback_used,projected,derived_from_projected_minutes,89,0.0
Julian Champagnie,38017649,SAS,NYK,False,21716136,pa,starter,"stat_grid:component_convolution_mean_coherent_v1+components[pts:pmf_sim_v1+role_aware_pmf_cal_v1:starter+monotone_pit_cdf_v1,ast:pmf_sim_v1+role_aware_pmf_cal_v1:starter+monotone_pit_cdf_v1]+prior_combo[joint_sampler_v1+joint_combo_pmf_v1+role_aware_pmf_cal_v1:starter+monotone_pit_cdf_v1]+stat_grid_final_component_convolution_mean_coherent_v1",phase8_role_aware_pmf_cal_v1+monotone_inactive_global_v1,pre_close,2026-06-08T20:24:41Z,2a55ede2#phase10c,123a4575-1c87-47c7-b3d9-8e48b45fa2bc,ok,0.0,high,full,current_phase8,fallback_used,projected,derived_from_projected_minutes,90,0.0
Julian Champagnie,38017649,SAS,NYK,False,21716136,pa,starter,"stat_grid:component_convolution_mean_coherent_v1+components[pts:pmf_sim_v1+role_aware_pmf_cal_v1:starter+monotone_pit_cdf_v1,ast:pmf_sim_v1+role_aware_pmf_cal_v1:starter+monotone_pit_cdf_v1]+prior_combo[joint_sampler_v1+joint_combo_pmf_v1+role_aware_pmf_cal_v1:starter+monotone_pit_cdf_v1]+stat_grid_final_component_convolution_mean_coherent_v1",phase8_role_aware_pmf_cal_v1+monotone_inactive_global_v1,pre_close,2026-06-08T20:24:41Z,2a55ede2#phase10c,123a4575-1c87-47c7-b3d9-8e48b45fa2bc,ok,0.0,high,full,current_phase8,fallback_used,projected,derived_from_projected_minutes,91,0.0
Julian Champagnie,38017649,SAS,NYK,False,21716136,pa,starter,"stat_grid:component_convolution_mean_coherent_v1+components[pts:pmf_sim_v1+role_aware_pmf_cal_v1:starter+monotone_pit_cdf_v1,ast:pmf_sim_v1+role_aware_pmf_cal_v1:starter+monotone_pit_cdf_v1]+prior_combo[joint_sampler_v1+joint_combo_pmf_v1+role_aware_pmf_cal_v1:starter+monotone_pit_cdf_v1]+stat_grid_final_component_convolution_mean_coherent_v1",phase8_role_aware_pmf_cal_v1+monotone_inactive_global_v1,pre_close,2026-06-08T20:24:41Z,2a55ede2#phase10c,123a4575-1c87-47c7-b3d9-8e48b45fa2bc,ok,0.0,high,full,current_phase8,fallback_used,projected,derived_from_projected_minutes,92,0.0
Julian Champagnie,38017649,SAS,NYK,False,21716136,pa,starter,"stat_grid:component_convolution_mean_coherent_v1+components[pts:pmf_sim_v1+role_aware_pmf_cal_v1:starter+monotone_pit_cdf_v1,ast:pmf_sim_v1+role_aware_pmf_cal_v1:starter+monotone_pit_cdf_v1]+prior_combo[joint_sampler_v1+joint_combo_pmf_v1+role_aware_pmf_cal_v1:starter+monotone_pit_cdf_v1]+stat_grid_final_component_convolution_mean_coherent_v1",phase8_role_aware_pmf_cal_v1+monotone_inactive_global_v1,pre_close,2026-06-08T20:24:41Z,2a55ede2#phase10c,123a4575-1c87-47c7-b3d9-8e48b45fa2bc,ok,0.0,high,full,current_phase8,fallback_used,projected,derived_from_projected_minutes,93,0.0
Julian Champagnie,38017649,SAS,NYK,False,21716136,pa,starter,"stat_grid:component_convolution_mean_coherent_v1+components[pts:pmf_sim_v1+role_aware_pmf_cal_v1:starter+monotone_pit_cdf_v1,ast:pmf_sim_v1+role_aware_pmf_cal_v1:starter+monotone_pit_cdf_v1]+prior_combo[joint_sampler_v1+joint_combo_pmf_v1+role_aware_pmf_cal_v1:starter+monotone_pit_cdf_v1]+stat_grid_final_component_convolution_mean_coherent_v1",phase8_role_aware_pmf_cal_v1+monotone_inactive_global_v1,pre_close,2026-06-08T20:24:41Z,2a55ede2#phase10c,123a4575-1c87-47c7-b3d9-8e48b45fa2bc,ok,0.0,high,full,current_phase8,fallback_used,projected,derived_from_projected_minutes,94,0.0
Julian Champagnie,38017649,SAS,NYK,False,21716136,pa,starter,"stat_grid:component_convolution_mean_coherent_v1+components[pts:pmf_sim_v1+role_aware_pmf_cal_v1:starter+monotone_pit_cdf_v1,ast:pmf_sim_v1+role_aware_pmf_cal_v1:starter+monotone_pit_cdf_v1]+prior_combo[joint_sampler_v1+joint_combo_pmf_v1+role_aware_pmf_cal_v1:starter+monotone_pit_cdf_v1]+stat_grid_final_component_convolution_mean_coherent_v1",phase8_role_aware_pmf_cal_v1+monotone_inactive_global_v1,pre_close,2026-06-08T20:24:41Z,2a55ede2#phase10c,123a4575-1c87-47c7-b3d9-8e48b45fa2bc,ok,0.0,high,full,current_phase8,fallback_used,projected,derived_from_projected_minutes,95,0.0
Julian Champagnie,38017649,SAS,NYK,False,21716136,pa,starter,"stat_grid:component_convolution_mean_coherent_v1+components[pts:pmf_sim_v1+role_aware_pmf_cal_v1:starter+monotone_pit_cdf_v1,ast:pmf_sim_v1+role_aware_pmf_cal_v1:starter+monotone_pit_cdf_v1]+prior_combo[joint_sampler_v1+joint_combo_pmf_v1+role_aware_pmf_cal_v1:starter+monotone_pit_cdf_v1]+stat_grid_final_component_convolution_mean_coherent_v1",phase8_role_aware_pmf_cal_v1+monotone_inactive_global_v1,pre_close,2026-06-08T20:24:41Z,2a55ede2#phase10c,123a4575-1c87-47c7-b3d9-8e48b45fa2bc,ok,0.0,high,full,current_phase8,fallback_used,projected,derived_from_projected_minutes,96,0.0
Julian Champagnie,38017649,SAS,NYK,False,21716136,pa,starter,"stat_grid:component_convolution_mean_coherent_v1+components[pts:pmf_sim_v1+role_aware_pmf_cal_v1:starter+monotone_pit_cdf_v1,ast:pmf_sim_v1+role_aware_pmf_cal_v1:starter+monotone_pit_cdf_v1]+prior_combo[joint_sampler_v1+joint_combo_pmf_v1+role_aware_pmf_cal_v1:starter+monotone_pit_cdf_v1]+stat_grid_final_component_convolution_mean_coherent_v1",phase8_role_aware_pmf_cal_v1+monotone_inactive_global_v1,pre_close,2026-06-08T20:24:41Z,2a55ede2#phase10c,123a4575-1c87-47c7-b3d9-8e48b45fa2bc,ok,0.0,high,full,current_phase8,fallback_used,projected,derived_from_projected_minutes,97,0.0
Julian Champagnie,38017649,SAS,NYK,False,21716136,pr,starter,"stat_grid:component_convolution_mean_coherent_v1+components[pts:pmf_sim_v1+role_aware_pmf_cal_v1:starter+monotone_pit_cdf_v1,reb:pmf_sim_v1+role_aware_pmf_cal_v1:starter+monotone_pit_cdf_v1]+prior_combo[joint_sampler_v1+joint_combo_pmf_v1+role_aware_pmf_cal_v1:starter+monotone_pit_cdf_v1]+stat_grid_final_component_convolution_mean_coherent_v1",phase8_role_aware_pmf_cal_v1+monotone_inactive_global_v1,pre_close,2026-06-08T20:24:41Z,2a55ede2#phase10c,123a4575-1c87-47c7-b3d9-8e48b45fa2bc,ok,0.0,high,full,current_phase8,fallback_used,projected,derived_from_projected_minutes,0,0.0
Julian Champagnie,38017649,SAS,NYK,False,21716136,pr,starter,"stat_grid:component_convolution_mean_coherent_v1+components[pts:pmf_sim_v1+role_aware_pmf_cal_v1:starter+monotone_pit_cdf_v1,reb:pmf_sim_v1+role_aware_pmf_cal_v1:starter+monotone_pit_cdf_v1]+prior_combo[joint_sampler_v1+joint_combo_pmf_v1+role_aware_pmf_cal_v1:starter+monotone_pit_cdf_v1]+stat_grid_final_component_convolution_mean_coherent_v1",phase8_role_aware_pmf_cal_v1+monotone_inactive_global_v1,pre_close,2026-06-08T20:24:41Z,2a55ede2#phase10c,123a4575-1c87-47c7-b3d9-8e48b45fa2bc,ok,0.0,high,full,current_phase8,fallback_used,projected,derived_from_projected_minutes,1,0.0001
Julian Champagnie,38017649,SAS,NYK,False,21716136,pr,starter,"stat_grid:component_convolution_mean_coherent_v1+components[pts:pmf_sim_v1+role_aware_pmf_cal_v1:starter+monotone_pit_cdf_v1,reb:pmf_sim_v1+role_aware_pmf_cal_v1:starter+monotone_pit_cdf_v1]+prior_combo[joint_sampler_v1+joint_combo_pmf_v1+role_aware_pmf_cal_v1:starter+monotone_pit_cdf_v1]+stat_grid_final_component_convolution_mean_coherent_v1",phase8_role_aware_pmf_cal_v1+monotone_inactive_global_v1,pre_close,2026-06-08T20:24:41Z,2a55ede2#phase10c,123a4575-1c87-47c7-b3d9-8e48b45fa2bc,ok,0.0,high,full,current_phase8,fallback_used,projected,derived_from_projected_minutes,2,0.0004
Julian Champagnie,38017649,SAS,NYK,False,21716136,pr,starter,"stat_grid:component_convolution_mean_coherent_v1+components[pts:pmf_sim_v1+role_aware_pmf_cal_v1:starter+monotone_pit_cdf_v1,reb:pmf_sim_v1+role_aware_pmf_cal_v1:starter+monotone_pit_cdf_v1]+prior_combo[joint_sampler_v1+joint_combo_pmf_v1+role_aware_pmf_cal_v1:starter+monotone_pit_cdf_v1]+stat_grid_final_component_convolution_mean_coherent_v1",phase8_role_aware_pmf_cal_v1+monotone_inactive_global_v1,pre_close,2026-06-08T20:24:41Z,2a55ede2#phase10c,123a4575-1c87-47c7-b3d9-8e48b45fa2bc,ok,0.0,high,full,current_phase8,fallback_used,projected,derived_from_projected_minutes,3,0.0014
Julian Champagnie,38017649,SAS,NYK,False,21716136,pr,starter,"stat_grid:component_convolution_mean_coherent_v1+components[pts:pmf_sim_v1+role_aware_pmf_cal_v1:starter+monotone_pit_cdf_v1,reb:pmf_sim_v1+role_aware_pmf_cal_v1:starter+monotone_pit_cdf_v1]+prior_combo[joint_sampler_v1+joint_combo_pmf_v1+role_aware_pmf_cal_v1:starter+monotone_pit_cdf_v1]+stat_grid_final_component_convolution_mean_coherent_v1",phase8_role_aware_pmf_cal_v1+monotone_inactive_global_v1,pre_close,2026-06-08T20:24:41Z,2a55ede2#phase10c,123a4575-1c87-47c7-b3d9-8e48b45fa2bc,ok,0.0,high,full,current_phase8,fallback_used,projected,derived_from_projected_minutes,4,0.0038
Julian Champagnie,38017649,SAS,NYK,False,21716136,pr,starter,"stat_grid:component_convolution_mean_coherent_v1+components[pts:pmf_sim_v1+role_aware_pmf_cal_v1:starter+monotone_pit_cdf_v1,reb:pmf_sim_v1+role_aware_pmf_cal_v1:starter+monotone_pit_cdf_v1]+prior_combo[joint_sampler_v1+joint_combo_pmf_v1+role_aware_pmf_cal_v1:starter+monotone_pit_cdf_v1]+stat_grid_final_component_convolution_mean_coherent_v1",phase8_role_aware_pmf_cal_v1+monotone_inactive_global_v1,pre_close,2026-06-08T20:24:41Z,2a55ede2#phase10c,123a4575-1c87-47c7-b3d9-8e48b45fa2bc,ok,0.0,high,full,current_phase8,fallback_used,projected,derived_from_projected_minutes,5,0.0082
Julian Champagnie,38017649,SAS,NYK,False,21716136,pr,starter,"stat_grid:component_convolution_mean_coherent_v1+components[pts:pmf_sim_v1+role_aware_pmf_cal_v1:starter+monotone_pit_cdf_v1,reb:pmf_sim_v1+role_aware_pmf_cal_v1:starter+monotone_pit_cdf_v1]+prior_combo[joint_sampler_v1+joint_combo_pmf_v1+role_aware_pmf_cal_v1:starter+monotone_pit_cdf_v1]+stat_grid_final_component_convolution_mean_coherent_v1",phase8_role_aware_pmf_cal_v1+monotone_inactive_global_v1,pre_close,2026-06-08T20:24:41Z,2a55ede2#phase10c,123a4575-1c87-47c7-b3d9-8e48b45fa2bc,ok,0.0,high,full,current_phase8,fallback_used,projected,derived_from_projected_minutes,6,0.0149
Julian Champagnie,38017649,SAS,NYK,False,21716136,pr,starter,"stat_grid:component_convolution_mean_coherent_v1+components[pts:pmf_sim_v1+role_aware_pmf_cal_v1:starter+monotone_pit_cdf_v1,reb:pmf_sim_v1+role_aware_pmf_cal_v1:starter+monotone_pit_cdf_v1]+prior_combo[joint_sampler_v1+joint_combo_pmf_v1+role_aware_pmf_cal_v1:starter+monotone_pit_cdf_v1]+stat_grid_final_component_convolution_mean_coherent_v1",phase8_role_aware_pmf_cal_v1+monotone_inactive_global_v1,pre_close,2026-06-08T20:24:41Z,2a55ede2#phase10c,123a4575-1c87-47c7-b3d9-8e48b45fa2bc,ok,0.0,high,full,current_phase8,fallback_used,projected,derived_from_projected_minutes,7,0.0238
Julian Champagnie,38017649,SAS,NYK,False,21716136,pr,starter,"stat_grid:component_convolution_mean_coherent_v1+components[pts:pmf_sim_v1+role_aware_pmf_cal_v1:starter+monotone_pit_cdf_v1,reb:pmf_sim_v1+role_aware_pmf_cal_v1:starter+monotone_pit_cdf_v1]+prior_combo[joint_sampler_v1+joint_combo_pmf_v1+role_aware_pmf_cal_v1:starter+monotone_pit_cdf_v1]+stat_grid_final_component_convolution_mean_coherent_v1",phase8_role_aware_pmf_cal_v1+monotone_inactive_global_v1,pre_close,2026-06-08T20:24:41Z,2a55ede2#phase10c,123a4575-1c87-47c7-b3d9-8e48b45fa2bc,ok,0.0,high,full,current_phase8,fallback_used,projected,derived_from_projected_minutes,8,0.0342
Julian Champagnie,38017649,SAS,NYK,False,21716136,pr,starter,"stat_grid:component_convolution_mean_coherent_v1+components[pts:pmf_sim_v1+role_aware_pmf_cal_v1:starter+monotone_pit_cdf_v1,reb:pmf_sim_v1+role_aware_pmf_cal_v1:starter+monotone_pit_cdf_v1]+prior_combo[joint_sampler_v1+joint_combo_pmf_v1+role_aware_pmf_cal_v1:starter+monotone_pit_cdf_v1]+stat_grid_final_component_convolution_mean_coherent_v1",phase8_role_aware_pmf_cal_v1+monotone_inactive_global_v1,pre_close,2026-06-08T20:24:41Z,2a55ede2#phase10c,123a4575-1c87-47c7-b3d9-8e48b45fa2bc,ok,0.0,high,full,current_phase8,fallback_used,projected,derived_from_projected_minutes,9,0.0455
Julian Champagnie,38017649,SAS,NYK,False,21716136,pr,starter,"stat_grid:component_convolution_mean_coherent_v1+components[pts:pmf_sim_v1+role_aware_pmf_cal_v1:starter+monotone_pit_cdf_v1,reb:pmf_sim_v1+role_aware_pmf_cal_v1:starter+monotone_pit_cdf_v1]+prior_combo[joint_sampler_v1+joint_combo_pmf_v1+role_aware_pmf_cal_v1:starter+monotone_pit_cdf_v1]+stat_grid_final_component_convolution_mean_coherent_v1",phase8_role_aware_pmf_cal_v1+monotone_inactive_global_v1,pre_close,2026-06-08T20:24:41Z,2a55ede2#phase10c,123a4575-1c87-47c7-b3d9-8e48b45fa2bc,ok,0.0,high,full,current_phase8,fallback_used,projected,derived_from_projected_minutes,10,0.0561
Julian Champagnie,38017649,SAS,NYK,False,21716136,pr,starter,"stat_grid:component_convolution_mean_coherent_v1+components[pts:pmf_sim_v1+role_aware_pmf_cal_v1:starter+monotone_pit_cdf_v1,reb:pmf_sim_v1+role_aware_pmf_cal_v1:starter+monotone_pit_cdf_v1]+prior_combo[joint_sampler_v1+joint_combo_pmf_v1+role_aware_pmf_cal_v1:starter+monotone_pit_cdf_v1]+stat_grid_final_component_convolution_mean_coherent_v1",phase8_role_aware_pmf_cal_v1+monotone_inactive_global_v1,pre_close,2026-06-08T20:24:41Z,2a55ede2#phase10c,123a4575-1c87-47c7-b3d9-8e48b45fa2bc,ok,0.0,high,full,current_phase8,fallback_used,projected,derived_from_projected_minutes,11,0.0659
Julian Champagnie,38017649,SAS,NYK,False,21716136,pr,starter,"stat_grid:component_convolution_mean_coherent_v1+components[pts:pmf_sim_v1+role_aware_pmf_cal_v1:starter+monotone_pit_cdf_v1,reb:pmf_sim_v1+role_aware_pmf_cal_v1:starter+monotone_pit_cdf_v1]+prior_combo[joint_sampler_v1+joint_combo_pmf_v1+role_aware_pmf_cal_v1:starter+monotone_pit_cdf_v1]+stat_grid_final_component_convolution_mean_coherent_v1",phase8_role_aware_pmf_cal_v1+monotone_inactive_global_v1,pre_close,2026-06-08T20:24:41Z,2a55ede2#phase10c,123a4575-1c87-47c7-b3d9-8e48b45fa2bc,ok,0.0,high,full,current_phase8,fallback_used,projected,derived_from_projected_minutes,12,0.0721
Julian Champagnie,38017649,SAS,NYK,False,21716136,pr,starter,"stat_grid:component_convolution_mean_coherent_v1+components[pts:pmf_sim_v1+role_aware_pmf_cal_v1:starter+monotone_pit_cdf_v1,reb:pmf_sim_v1+role_aware_pmf_cal_v1:starter+monotone_pit_cdf_v1]+prior_combo[joint_sampler_v1+joint_combo_pmf_v1+role_aware_pmf_cal_v1:starter+monotone_pit_cdf_v1]+stat_grid_final_component_convolution_mean_coherent_v1",phase8_role_aware_pmf_cal_v1+monotone_inactive_global_v1,pre_close,2026-06-08T20:24:41Z,2a55ede2#phase10c,123a4575-1c87-47c7-b3d9-8e48b45fa2bc,ok,0.0,high,full,current_phase8,fallback_used,projected,derived_from_projected_minutes,13,0.0787
Julian Champagnie,38017649,SAS,NYK,False,21716136,pr,starter,"stat_grid:component_convolution_mean_coherent_v1+components[pts:pmf_sim_v1+role_aware_pmf_cal_v1:starter+monotone_pit_cdf_v1,reb:pmf_sim_v1+role_aware_pmf_cal_v1:starter+monotone_pit_cdf_v1]+prior_combo[joint_sampler_v1+joint_combo_pmf_v1+role_aware_pmf_cal_v1:starter+monotone_pit_cdf_v1]+stat_grid_final_component_convolution_mean_coherent_v1",phase8_role_aware_pmf_cal_v1+monotone_inactive_global_v1,pre_close,2026-06-08T20:24:41Z,2a55ede2#phase10c,123a4575-1c87-47c7-b3d9-8e48b45fa2bc,ok,0.0,high,full,current_phase8,fallback_used,projected,derived_from_projected_minutes,14,0.0818
Julian Champagnie,38017649,SAS,NYK,False,21716136,pr,starter,"stat_grid:component_convolution_mean_coherent_v1+components[pts:pmf_sim_v1+role_aware_pmf_cal_v1:starter+monotone_pit_cdf_v1,reb:pmf_sim_v1+role_aware_pmf_cal_v1:starter+monotone_pit_cdf_v1]+prior_combo[joint_sampler_v1+joint_combo_pmf_v1+role_aware_pmf_cal_v1:starter+monotone_pit_cdf_v1]+stat_grid_final_component_convolution_mean_coherent_v1",phase8_role_aware_pmf_cal_v1+monotone_inactive_global_v1,pre_close,2026-06-08T20:24:41Z,2a55ede2#phase10c,123a4575-1c87-47c7-b3d9-8e48b45fa2bc,ok,0.0,high,full,current_phase8,fallback_used,projected,derived_from_projected_minutes,15,0.0809
Julian Champagnie,38017649,SAS,NYK,False,21716136,pr,starter,"stat_grid:component_convolution_mean_coherent_v1+components[pts:pmf_sim_v1+role_aware_pmf_cal_v1:starter+monotone_pit_cdf_v1,reb:pmf_sim_v1+role_aware_pmf_cal_v1:starter+monotone_pit_cdf_v1]+prior_combo[joint_sampler_v1+joint_combo_pmf_v1+role_aware_pmf_cal_v1:starter+monotone_pit_cdf_v1]+stat_grid_final_component_convolution_mean_coherent_v1",phase8_role_aware_pmf_cal_v1+monotone_inactive_global_v1,pre_close,2026-06-08T20:24:41Z,2a55ede2#phase10c,123a4575-1c87-47c7-b3d9-8e48b45fa2bc,ok,0.0,high,full,current_phase8,fallback_used,projected,derived_from_projected_minutes,16,0.075
Julian Champagnie,38017649,SAS,NYK,False,21716136,pr,starter,"stat_grid:component_convolution_mean_coherent_v1+components[pts:pmf_sim_v1+role_aware_pmf_cal_v1:starter+monotone_pit_cdf_v1,reb:pmf_sim_v1+role_aware_pmf_cal_v1:starter+monotone_pit_cdf_v1]+prior_combo[joint_sampler_v1+joint_combo_pmf_v1+role_aware_pmf_cal_v1:starter+monotone_pit_cdf_v1]+stat_grid_final_component_convolution_mean_coherent_v1",phase8_role_aware_pmf_cal_v1+monotone_inactive_global_v1,pre_close,2026-06-08T20:24:41Z,2a55ede2#phase10c,123a4575-1c87-47c7-b3d9-8e48b45fa2bc,ok,0.0,high,full,current_phase8,fallback_used,projected,derived_from_projected_minutes,17,0.0684
Julian Champagnie,38017649,SAS,NYK,False,21716136,pr,starter,"stat_grid:component_convolution_mean_coherent_v1+components[pts:pmf_sim_v1+role_aware_pmf_cal_v1:starter+monotone_pit_cdf_v1,reb:pmf_sim_v1+role_aware_pmf_cal_v1:starter+monotone_pit_cdf_v1]+prior_combo[joint_sampler_v1+joint_combo_pmf_v1+role_aware_pmf_cal_v1:starter+monotone_pit_cdf_v1]+stat_grid_final_component_convolution_mean_coherent_v1",phase8_role_aware_pmf_cal_v1+monotone_inactive_global_v1,pre_close,2026-06-08T20:24:41Z,2a55ede2#phase10c,123a4575-1c87-47c7-b3d9-8e48b45fa2bc,ok,0.0,high,full,current_phase8,fallback_used,projected,derived_from_projected_minutes,18,0.06
Julian Champagnie,38017649,SAS,NYK,False,21716136,pr,starter,"stat_grid:component_convolution_mean_coherent_v1+components[pts:pmf_sim_v1+role_aware_pmf_cal_v1:starter+monotone_pit_cdf_v1,reb:pmf_sim_v1+role_aware_pmf_cal_v1:starter+monotone_pit_cdf_v1]+prior_combo[joint_sampler_v1+joint_combo_pmf_v1+role_aware_pmf_cal_v1:starter+monotone_pit_cdf_v1]+stat_grid_final_component_convolution_mean_coherent_v1",phase8_role_aware_pmf_cal_v1+monotone_inactive_global_v1,pre_close,2026-06-08T20:24:41Z,2a55ede2#phase10c,123a4575-1c87-47c7-b3d9-8e48b45fa2bc,ok,0.0,high,full,current_phase8,fallback_used,projected,derived_from_projected_minutes,19,0.0499
Julian Champagnie,38017649,SAS,NYK,False,21716136,pr,starter,"stat_grid:component_convolution_mean_coherent_v1+components[pts:pmf_sim_v1+role_aware_pmf_cal_v1:starter+monotone_pit_cdf_v1,reb:pmf_sim_v1+role_aware_pmf_cal_v1:starter+monotone_pit_cdf_v1]+prior_combo[joint_sampler_v1+joint_combo_pmf_v1+role_aware_pmf_cal_v1:starter+monotone_pit_cdf_v1]+stat_grid_final_component_convolution_mean_coherent_v1",phase8_role_aware_pmf_cal_v1+monotone_inactive_global_v1,pre_close,2026-06-08T20:24:41Z,2a55ede2#phase10c,123a4575-1c87-47c7-b3d9-8e48b45fa2bc,ok,0.0,high,full,current_phase8,fallback_used,projected,derived_from_projected_minutes,20,0.0403
Julian Champagnie,38017649,SAS,NYK,False,21716136,pr,starter,"stat_grid:component_convolution_mean_coherent_v1+components[pts:pmf_sim_v1+role_aware_pmf_cal_v1:starter+monotone_pit_cdf_v1,reb:pmf_sim_v1+role_aware_pmf_cal_v1:starter+monotone_pit_cdf_v1]+prior_combo[joint_sampler_v1+joint_combo_pmf_v1+role_aware_pmf_cal_v1:starter+monotone_pit_cdf_v1]+stat_grid_final_component_convolution_mean_coherent_v1",phase8_role_aware_pmf_cal_v1+monotone_inactive_global_v1,pre_close,2026-06-08T20:24:41Z,2a55ede2#phase10c,123a4575-1c87-47c7-b3d9-8e48b45fa2bc,ok,0.0,high,full,current_phase8,fallback_used,projected,derived_from_projected_minutes,21,0.0316
Julian Champagnie,38017649,SAS,NYK,False,21716136,pr,starter,"stat_grid:component_convolution_mean_coherent_v1+components[pts:pmf_sim_v1+role_aware_pmf_cal_v1:starter+monotone_pit_cdf_v1,reb:pmf_sim_v1+role_aware_pmf_cal_v1:starter+monotone_pit_cdf_v1]+prior_combo[joint_sampler_v1+joint_combo_pmf_v1+role_aware_pmf_cal_v1:starter+monotone_pit_cdf_v1]+stat_grid_final_component_convolution_mean_coherent_v1",phase8_role_aware_pmf_cal_v1+monotone_inactive_global_v1,pre_close,2026-06-08T20:24:41Z,2a55ede2#phase10c,123a4575-1c87-47c7-b3d9-8e48b45fa2bc,ok,0.0,high,full,current_phase8,fallback_used,projected,derived_from_projected_minutes,22,0.0246
Julian Champagnie,38017649,SAS,NYK,False,21716136,pr,starter,"stat_grid:component_convolution_mean_coherent_v1+components[pts:pmf_sim_v1+role_aware_pmf_cal_v1:starter+monotone_pit_cdf_v1,reb:pmf_sim_v1+role_aware_pmf_cal_v1:starter+monotone_pit_cdf_v1]+prior_combo[joint_sampler_v1+joint_combo_pmf_v1+role_aware_pmf_cal_v1:starter+monotone_pit_cdf_v1]+stat_grid_final_component_convolution_mean_coherent_v1",phase8_role_aware_pmf_cal_v1+monotone_inactive_global_v1,pre_close,2026-06-08T20:24:41Z,2a55ede2#phase10c,123a4575-1c87-47c7-b3d9-8e48b45fa2bc,ok,0.0,high,full,current_phase8,fallback_used,projected,derived_from_projected_minutes,23,0.0186
Julian Champagnie,38017649,SAS,NYK,False,21716136,pr,starter,"stat_grid:component_convolution_mean_coherent_v1+components[pts:pmf_sim_v1+role_aware_pmf_cal_v1:starter+monotone_pit_cdf_v1,reb:pmf_sim_v1+role_aware_pmf_cal_v1:starter+monotone_pit_cdf_v1]+prior_combo[joint_sampler_v1+joint_combo_pmf_v1+role_aware_pmf_cal_v1:starter+monotone_pit_cdf_v1]+stat_grid_final_component_convolution_mean_coherent_v1",phase8_role_aware_pmf_cal_v1+monotone_inactive_global_v1,pre_close,2026-06-08T20:24:41Z,2a55ede2#phase10c,123a4575-1c87-47c7-b3d9-8e48b45fa2bc,ok,0.0,high,full,current_phase8,fallback_used,projected,derived_from_projected_minutes,24,0.0136
Julian Champagnie,38017649,SAS,NYK,False,21716136,pr,starter,"stat_grid:component_convolution_mean_coherent_v1+components[pts:pmf_sim_v1+role_aware_pmf_cal_v1:starter+monotone_pit_cdf_v1,reb:pmf_sim_v1+role_aware_pmf_cal_v1:starter+monotone_pit_cdf_v1]+prior_combo[joint_sampler_v1+joint_combo_pmf_v1+role_aware_pmf_cal_v1:starter+monotone_pit_cdf_v1]+stat_grid_final_component_convolution_mean_coherent_v1",phase8_role_aware_pmf_cal_v1+monotone_inactive_global_v1,pre_close,2026-06-08T20:24:41Z,2a55ede2#phase10c,123a4575-1c87-47c7-b3d9-8e48b45fa2bc,ok,0.0,high,full,current_phase8,fallback_used,projected,derived_from_projected_minutes,25,0.0109
Julian Champagnie,38017649,SAS,NYK,False,21716136,pr,starter,"stat_grid:component_convolution_mean_coherent_v1+components[pts:pmf_sim_v1+role_aware_pmf_cal_v1:starter+monotone_pit_cdf_v1,reb:pmf_sim_v1+role_aware_pmf_cal_v1:starter+monotone_pit_cdf_v1]+prior_combo[joint_sampler_v1+joint_combo_pmf_v1+role_aware_pmf_cal_v1:starter+monotone_pit_cdf_v1]+stat_grid_final_component_convolution_mean_coherent_v1",phase8_role_aware_pmf_cal_v1+monotone_inactive_global_v1,pre_close,2026-06-08T20:24:41Z,2a55ede2#phase10c,123a4575-1c87-47c7-b3d9-8e48b45fa2bc,ok,0.0,high,full,current_phase8,fallback_used,projected,derived_from_projected_minutes,26,0.0087
Julian Champagnie,38017649,SAS,NYK,False,21716136,pr,starter,"stat_grid:component_convolution_mean_coherent_v1+components[pts:pmf_sim_v1+role_aware_pmf_cal_v1:starter+monotone_pit_cdf_v1,reb:pmf_sim_v1+role_aware_pmf_cal_v1:starter+monotone_pit_cdf_v1]+prior_combo[joint_sampler_v1+joint_combo_pmf_v1+role_aware_pmf_cal_v1:starter+monotone_pit_cdf_v1]+stat_grid_final_component_convolution_mean_coherent_v1",phase8_role_aware_pmf_cal_v1+monotone_inactive_global_v1,pre_close,2026-06-08T20:24:41Z,2a55ede2#phase10c,123a4575-1c87-47c7-b3d9-8e48b45fa2bc,ok,0.0,high,full,current_phase8,fallback_used,projected,derived_from_projected_minutes,27,0.007
Julian Champagnie,38017649,SAS,NYK,False,21716136,pr,starter,"stat_grid:component_convolution_mean_coherent_v1+components[pts:pmf_sim_v1+role_aware_pmf_cal_v1:starter+monotone_pit_cdf_v1,reb:pmf_sim_v1+role_aware_pmf_cal_v1:starter+monotone_pit_cdf_v1]+prior_combo[joint_sampler_v1+joint_combo_pmf_v1+role_aware_pmf_cal_v1:starter+monotone_pit_cdf_v1]+stat_grid_final_component_convolution_mean_coherent_v1",phase8_role_aware_pmf_cal_v1+monotone_inactive_global_v1,pre_close,2026-06-08T20:24:41Z,2a55ede2#phase10c,123a4575-1c87-47c7-b3d9-8e48b45fa2bc,ok,0.0,high,full,current_phase8,fallback_used,projected,derived_from_projected_minutes,28,0.0057
Julian Champagnie,38017649,SAS,NYK,False,21716136,pr,starter,"stat_grid:component_convolution_mean_coherent_v1+components[pts:pmf_sim_v1+role_aware_pmf_cal_v1:starter+monotone_pit_cdf_v1,reb:pmf_sim_v1+role_aware_pmf_cal_v1:starter+monotone_pit_cdf_v1]+prior_combo[joint_sampler_v1+joint_combo_pmf_v1+role_aware_pmf_cal_v1:starter+monotone_pit_cdf_v1]+stat_grid_final_component_convolution_mean_coherent_v1",phase8_role_aware_pmf_cal_v1+monotone_inactive_global_v1,pre_close,2026-06-08T20:24:41Z,2a55ede2#phase10c,123a4575-1c87-47c7-b3d9-8e48b45fa2bc,ok,0.0,high,full,current_phase8,fallback_used,projected,derived_from_projected_minutes,29,0.0047
Julian Champagnie,38017649,SAS,NYK,False,21716136,pr,starter,"stat_grid:component_convolution_mean_coherent_v1+components[pts:pmf_sim_v1+role_aware_pmf_cal_v1:starter+monotone_pit_cdf_v1,reb:pmf_sim_v1+role_aware_pmf_cal_v1:starter+monotone_pit_cdf_v1]+prior_combo[joint_sampler_v1+joint_combo_pmf_v1+role_aware_pmf_cal_v1:starter+monotone_pit_cdf_v1]+stat_grid_final_component_convolution_mean_coherent_v1",phase8_role_aware_pmf_cal_v1+monotone_inactive_global_v1,pre_close,2026-06-08T20:24:41Z,2a55ede2#phase10c,123a4575-1c87-47c7-b3d9-8e48b45fa2bc,ok,0.0,high,full,current_phase8,fallback_used,projected,derived_from_projected_minutes,30,0.0038
Julian Champagnie,38017649,SAS,NYK,False,21716136,pr,starter,"stat_grid:component_convolution_mean_coherent_v1+components[pts:pmf_sim_v1+role_aware_pmf_cal_v1:starter+monotone_pit_cdf_v1,reb:pmf_sim_v1+role_aware_pmf_cal_v1:starter+monotone_pit_cdf_v1]+prior_combo[joint_sampler_v1+joint_combo_pmf_v1+role_aware_pmf_cal_v1:starter+monotone_pit_cdf_v1]+stat_grid_final_component_convolution_mean_coherent_v1",phase8_role_aware_pmf_cal_v1+monotone_inactive_global_v1,pre_close,2026-06-08T20:24:41Z,2a55ede2#phase10c,123a4575-1c87-47c7-b3d9-8e48b45fa2bc,ok,0.0,high,full,current_phase8,fallback_used,projected,derived_from_projected_minutes,31,0.0029
Julian Champagnie,38017649,SAS,NYK,False,21716136,pr,starter,"stat_grid:component_convolution_mean_coherent_v1+components[pts:pmf_sim_v1+role_aware_pmf_cal_v1:starter+monotone_pit_cdf_v1,reb:pmf_sim_v1+role_aware_pmf_cal_v1:starter+monotone_pit_cdf_v1]+prior_combo[joint_sampler_v1+joint_combo_pmf_v1+role_aware_pmf_cal_v1:starter+monotone_pit_cdf_v1]+stat_grid_final_component_convolution_mean_coherent_v1",phase8_role_aware_pmf_cal_v1+monotone_inactive_global_v1,pre_close,2026-06-08T20:24:41Z,2a55ede2#phase10c,123a4575-1c87-47c7-b3d9-8e48b45fa2bc,ok,0.0,high,full,current_phase8,fallback_used,projected,derived_from_projected_minutes,32,0.0021
Julian Champagnie,38017649,SAS,NYK,False,21716136,pr,starter,"stat_grid:component_convolution_mean_coherent_v1+components[pts:pmf_sim_v1+role_aware_pmf_cal_v1:starter+monotone_pit_cdf_v1,reb:pmf_sim_v1+role_aware_pmf_cal_v1:starter+monotone_pit_cdf_v1]+prior_combo[joint_sampler_v1+joint_combo_pmf_v1+role_aware_pmf_cal_v1:starter+monotone_pit_cdf_v1]+stat_grid_final_component_convolution_mean_coherent_v1",phase8_role_aware_pmf_cal_v1+monotone_inactive_global_v1,pre_close,2026-06-08T20:24:41Z,2a55ede2#phase10c,123a4575-1c87-47c7-b3d9-8e48b45fa2bc,ok,0.0,high,full,current_phase8,fallback_used,projected,derived_from_projected_minutes,33,0.0014
Julian Champagnie,38017649,SAS,NYK,False,21716136,pr,starter,"stat_grid:component_convolution_mean_coherent_v1+components[pts:pmf_sim_v1+role_aware_pmf_cal_v1:starter+monotone_pit_cdf_v1,reb:pmf_sim_v1+role_aware_pmf_cal_v1:starter+monotone_pit_cdf_v1]+prior_combo[joint_sampler_v1+joint_combo_pmf_v1+role_aware_pmf_cal_v1:starter+monotone_pit_cdf_v1]+stat_grid_final_component_convolution_mean_coherent_v1",phase8_role_aware_pmf_cal_v1+monotone_inactive_global_v1,pre_close,2026-06-08T20:24:41Z,2a55ede2#phase10c,123a4575-1c87-47c7-b3d9-8e48b45fa2bc,ok,0.0,high,full,current_phase8,fallback_used,projected,derived_from_projected_minutes,34,0.001
Julian Champagnie,38017649,SAS,NYK,False,21716136,pr,starter,"stat_grid:component_convolution_mean_coherent_v1+components[pts:pmf_sim_v1+role_aware_pmf_cal_v1:starter+monotone_pit_cdf_v1,reb:pmf_sim_v1+role_aware_pmf_cal_v1:starter+monotone_pit_cdf_v1]+prior_combo[joint_sampler_v1+joint_combo_pmf_v1+role_aware_pmf_cal_v1:starter+monotone_pit_cdf_v1]+stat_grid_final_component_convolution_mean_coherent_v1",phase8_role_aware_pmf_cal_v1+monotone_inactive_global_v1,pre_close,2026-06-08T20:24:41Z,2a55ede2#phase10c,123a4575-1c87-47c7-b3d9-8e48b45fa2bc,ok,0.0,high,full,current_phase8,fallback_used,projected,derived_from_projected_minutes,35,0.0006
Julian Champagnie,38017649,SAS,NYK,False,21716136,pr,starter,"stat_grid:component_convolution_mean_coherent_v1+components[pts:pmf_sim_v1+role_aware_pmf_cal_v1:starter+monotone_pit_cdf_v1,reb:pmf_sim_v1+role_aware_pmf_cal_v1:starter+monotone_pit_cdf_v1]+prior_combo[joint_sampler_v1+joint_combo_pmf_v1+role_aware_pmf_cal_v1:starter+monotone_pit_cdf_v1]+stat_grid_final_component_convolution_mean_coherent_v1",phase8_role_aware_pmf_cal_v1+monotone_inactive_global_v1,pre_close,2026-06-08T20:24:41Z,2a55ede2#phase10c,123a4575-1c87-47c7-b3d9-8e48b45fa2bc,ok,0.0,high,full,current_phase8,fallback_used,projected,derived_from_projected_minutes,36,0.0004
Julian Champagnie,38017649,SAS,NYK,False,21716136,pr,starter,"stat_grid:component_convolution_mean_coherent_v1+components[pts:pmf_sim_v1+role_aware_pmf_cal_v1:starter+monotone_pit_cdf_v1,reb:pmf_sim_v1+role_aware_pmf_cal_v1:starter+monotone_pit_cdf_v1]+prior_combo[joint_sampler_v1+joint_combo_pmf_v1+role_aware_pmf_cal_v1:starter+monotone_pit_cdf_v1]+stat_grid_final_component_convolution_mean_coherent_v1",phase8_role_aware_pmf_cal_v1+monotone_inactive_global_v1,pre_close,2026-06-08T20:24:41Z,2a55ede2#phase10c,123a4575-1c87-47c7-b3d9-8e48b45fa2bc,ok,0.0,high,full,current_phase8,fallback_used,projected,derived_from_projected_minutes,37,0.0003
Julian Champagnie,38017649,SAS,NYK,False,21716136,pr,starter,"stat_grid:component_convolution_mean_coherent_v1+components[pts:pmf_sim_v1+role_aware_pmf_cal_v1:starter+monotone_pit_cdf_v1,reb:pmf_sim_v1+role_aware_pmf_cal_v1:starter+monotone_pit_cdf_v1]+prior_combo[joint_sampler_v1+joint_combo_pmf_v1+role_aware_pmf_cal_v1:starter+monotone_pit_cdf_v1]+stat_grid_final_component_convolution_mean_coherent_v1",phase8_role_aware_pmf_cal_v1+monotone_inactive_global_v1,pre_close,2026-06-08T20:24:41Z,2a55ede2#phase10c,123a4575-1c87-47c7-b3d9-8e48b45fa2bc,ok,0.0,high,full,current_phase8,fallback_used,projected,derived_from_projected_minutes,38,0.0002
Julian Champagnie,38017649,SAS,NYK,False,21716136,pr,starter,"stat_grid:component_convolution_mean_coherent_v1+components[pts:pmf_sim_v1+role_aware_pmf_cal_v1:starter+monotone_pit_cdf_v1,reb:pmf_sim_v1+role_aware_pmf_cal_v1:starter+monotone_pit_cdf_v1]+prior_combo[joint_sampler_v1+joint_combo_pmf_v1+role_aware_pmf_cal_v1:starter+monotone_pit_cdf_v1]+stat_grid_final_component_convolution_mean_coherent_v1",phase8_role_aware_pmf_cal_v1+monotone_inactive_global_v1,pre_close,2026-06-08T20:24:41Z,2a55ede2#phase10c,123a4575-1c87-47c7-b3d9-8e48b45fa2bc,ok,0.0,high,full,current_phase8,fallback_used,projected,derived_from_projected_minutes,39,0.0001
Julian Champagnie,38017649,SAS,NYK,False,21716136,pr,starter,"stat_grid:component_convolution_mean_coherent_v1+components[pts:pmf_sim_v1+role_aware_pmf_cal_v1:starter+monotone_pit_cdf_v1,reb:pmf_sim_v1+role_aware_pmf_cal_v1:starter+monotone_pit_cdf_v1]+prior_combo[joint_sampler_v1+joint_combo_pmf_v1+role_aware_pmf_cal_v1:starter+monotone_pit_cdf_v1]+stat_grid_final_component_convolution_mean_coherent_v1",phase8_role_aware_pmf_cal_v1+monotone_inactive_global_v1,pre_close,2026-06-08T20:24:41Z,2a55ede2#phase10c,123a4575-1c87-47c7-b3d9-8e48b45fa2bc,ok,0.0,high,full,current_phase8,fallback_used,projected,derived_from_projected_minutes,40,0.0001
Julian Champagnie,38017649,SAS,NYK,False,21716136,pr,starter,"stat_grid:component_convolution_mean_coherent_v1+components[pts:pmf_sim_v1+role_aware_pmf_cal_v1:starter+monotone_pit_cdf_v1,reb:pmf_sim_v1+role_aware_pmf_cal_v1:starter+monotone_pit_cdf_v1]+prior_combo[joint_sampler_v1+joint_combo_pmf_v1+role_aware_pmf_cal_v1:starter+monotone_pit_cdf_v1]+stat_grid_final_component_convolution_mean_coherent_v1",phase8_role_aware_pmf_cal_v1+monotone_inactive_global_v1,pre_close,2026-06-08T20:24:41Z,2a55ede2#phase10c,123a4575-1c87-47c7-b3d9-8e48b45fa2bc,ok,0.0,high,full,current_phase8,fallback_used,projected,derived_from_projected_minutes,41,0.0001
Julian Champagnie,38017649,SAS,NYK,False,21716136,pr,starter,"stat_grid:component_convolution_mean_coherent_v1+components[pts:pmf_sim_v1+role_aware_pmf_cal_v1:starter+monotone_pit_cdf_v1,reb:pmf_sim_v1+role_aware_pmf_cal_v1:starter+monotone_pit_cdf_v1]+prior_combo[joint_sampler_v1+joint_combo_pmf_v1+role_aware_pmf_cal_v1:starter+monotone_pit_cdf_v1]+stat_grid_final_component_convolution_mean_coherent_v1",phase8_role_aware_pmf_cal_v1+monotone_inactive_global_v1,pre_close,2026-06-08T20:24:41Z,2a55ede2#phase10c,123a4575-1c87-47c7-b3d9-8e48b45fa2bc,ok,0.0,high,full,current_phase8,fallback_used,projected,derived_from_projected_minutes,42,0.0001
Julian Champagnie,38017649,SAS,NYK,False,21716136,pr,starter,"stat_grid:component_convolution_mean_coherent_v1+components[pts:pmf_sim_v1+role_aware_pmf_cal_v1:starter+monotone_pit_cdf_v1,reb:pmf_sim_v1+role_aware_pmf_cal_v1:starter+monotone_pit_cdf_v1]+prior_combo[joint_sampler_v1+joint_combo_pmf_v1+role_aware_pmf_cal_v1:starter+monotone_pit_cdf_v1]+stat_grid_final_component_convolution_mean_coherent_v1",phase8_role_aware_pmf_cal_v1+monotone_inactive_global_v1,pre_close,2026-06-08T20:24:41Z,2a55ede2#phase10c,123a4575-1c87-47c7-b3d9-8e48b45fa2bc,ok,0.0,high,full,current_phase8,fallback_used,projected,derived_from_projected_minutes,43,0.0001
Julian Champagnie,38017649,SAS,NYK,False,21716136,pr,starter,"stat_grid:component_convolution_mean_coherent_v1+components[pts:pmf_sim_v1+role_aware_pmf_cal_v1:starter+monotone_pit_cdf_v1,reb:pmf_sim_v1+role_aware_pmf_cal_v1:starter+monotone_pit_cdf_v1]+prior_combo[joint_sampler_v1+joint_combo_pmf_v1+role_aware_pmf_cal_v1:starter+monotone_pit_cdf_v1]+stat_grid_final_component_convolution_mean_coherent_v1",phase8_role_aware_pmf_cal_v1+monotone_inactive_global_v1,pre_close,2026-06-08T20:24:41Z,2a55ede2#phase10c,123a4575-1c87-47c7-b3d9-8e48b45fa2bc,ok,0.0,high,full,current_phase8,fallback_used,projected,derived_from_projected_minutes,44,0.0
Julian Champagnie,38017649,SAS,NYK,False,21716136,pr,starter,"stat_grid:component_convolution_mean_coherent_v1+components[pts:pmf_sim_v1+role_aware_pmf_cal_v1:starter+monotone_pit_cdf_v1,reb:pmf_sim_v1+role_aware_pmf_cal_v1:starter+monotone_pit_cdf_v1]+prior_combo[joint_sampler_v1+joint_combo_pmf_v1+role_aware_pmf_cal_v1:starter+monotone_pit_cdf_v1]+stat_grid_final_component_convolution_mean_coherent_v1",phase8_role_aware_pmf_cal_v1+monotone_inactive_global_v1,pre_close,2026-06-08T20:24:41Z,2a55ede2#phase10c,123a4575-1c87-47c7-b3d9-8e48b45fa2bc,ok,0.0,high,full,current_phase8,fallback_used,projected,derived_from_projected_minutes,45,0.0
Julian Champagnie,38017649,SAS,NYK,False,21716136,pr,starter,"stat_grid:component_convolution_mean_coherent_v1+components[pts:pmf_sim_v1+role_aware_pmf_cal_v1:starter+monotone_pit_cdf_v1,reb:pmf_sim_v1+role_aware_pmf_cal_v1:starter+monotone_pit_cdf_v1]+prior_combo[joint_sampler_v1+joint_combo_pmf_v1+role_aware_pmf_cal_v1:starter+monotone_pit_cdf_v1]+stat_grid_final_component_convolution_mean_coherent_v1",phase8_role_aware_pmf_cal_v1+monotone_inactive_global_v1,pre_close,2026-06-08T20:24:41Z,2a55ede2#phase10c,123a4575-1c87-47c7-b3d9-8e48b45fa2bc,ok,0.0,high,full,current_phase8,fallback_used,projected,derived_from_projected_minutes,46,0.0
Julian Champagnie,38017649,SAS,NYK,False,21716136,pr,starter,"stat_grid:component_convolution_mean_coherent_v1+components[pts:pmf_sim_v1+role_aware_pmf_cal_v1:starter+monotone_pit_cdf_v1,reb:pmf_sim_v1+role_aware_pmf_cal_v1:starter+monotone_pit_cdf_v1]+prior_combo[joint_sampler_v1+joint_combo_pmf_v1+role_aware_pmf_cal_v1:starter+monotone_pit_cdf_v1]+stat_grid_final_component_convolution_mean_coherent_v1",phase8_role_aware_pmf_cal_v1+monotone_inactive_global_v1,pre_close,2026-06-08T20:24:41Z,2a55ede2#phase10c,123a4575-1c87-47c7-b3d9-8e48b45fa2bc,ok,0.0,high,full,current_phase8,fallback_used,projected,derived_from_projected_minutes,47,0.0
Julian Champagnie,38017649,SAS,NYK,False,21716136,pr,starter,"stat_grid:component_convolution_mean_coherent_v1+components[pts:pmf_sim_v1+role_aware_pmf_cal_v1:starter+monotone_pit_cdf_v1,reb:pmf_sim_v1+role_aware_pmf_cal_v1:starter+monotone_pit_cdf_v1]+prior_combo[joint_sampler_v1+joint_combo_pmf_v1+role_aware_pmf_cal_v1:starter+monotone_pit_cdf_v1]+stat_grid_final_component_convolution_mean_coherent_v1",phase8_role_aware_pmf_cal_v1+monotone_inactive_global_v1,pre_close,2026-06-08T20:24:41Z,2a55ede2#phase10c,123a4575-1c87-47c7-b3d9-8e48b45fa2bc,ok,0.0,high,full,current_phase8,fallback_used,projected,derived_from_projected_minutes,48,0.0
Julian Champagnie,38017649,SAS,NYK,False,21716136,pr,starter,"stat_grid:component_convolution_mean_coherent_v1+components[pts:pmf_sim_v1+role_aware_pmf_cal_v1:starter+monotone_pit_cdf_v1,reb:pmf_sim_v1+role_aware_pmf_cal_v1:starter+monotone_pit_cdf_v1]+prior_combo[joint_sampler_v1+joint_combo_pmf_v1+role_aware_pmf_cal_v1:starter+monotone_pit_cdf_v1]+stat_grid_final_component_convolution_mean_coherent_v1",phase8_role_aware_pmf_cal_v1+monotone_inactive_global_v1,pre_close,2026-06-08T20:24:41Z,2a55ede2#phase10c,123a4575-1c87-47c7-b3d9-8e48b45fa2bc,ok,0.0,high,full,current_phase8,fallback_used,projected,derived_from_projected_minutes,49,0.0
Julian Champagnie,38017649,SAS,NYK,False,21716136,pr,starter,"stat_grid:component_convolution_mean_coherent_v1+components[pts:pmf_sim_v1+role_aware_pmf_cal_v1:starter+monotone_pit_cdf_v1,reb:pmf_sim_v1+role_aware_pmf_cal_v1:starter+monotone_pit_cdf_v1]+prior_combo[joint_sampler_v1+joint_combo_pmf_v1+role_aware_pmf_cal_v1:starter+monotone_pit_cdf_v1]+stat_grid_final_component_convolution_mean_coherent_v1",phase8_role_aware_pmf_cal_v1+monotone_inactive_global_v1,pre_close,2026-06-08T20:24:41Z,2a55ede2#phase10c,123a4575-1c87-47c7-b3d9-8e48b45fa2bc,ok,0.0,high,full,current_phase8,fallback_used,projected,derived_from_projected_minutes,50,0.0
Julian Champagnie,38017649,SAS,NYK,False,21716136,pr,starter,"stat_grid:component_convolution_mean_coherent_v1+components[pts:pmf_sim_v1+role_aware_pmf_cal_v1:starter+monotone_pit_cdf_v1,reb:pmf_sim_v1+role_aware_pmf_cal_v1:starter+monotone_pit_cdf_v1]+prior_combo[joint_sampler_v1+joint_combo_pmf_v1+role_aware_pmf_cal_v1:starter+monotone_pit_cdf_v1]+stat_grid_final_component_convolution_mean_coherent_v1",phase8_role_aware_pmf_cal_v1+monotone_inactive_global_v1,pre_close,2026-06-08T20:24:41Z,2a55ede2#phase10c,123a4575-1c87-47c7-b3d9-8e48b45fa2bc,ok,0.0,high,full,current_phase8,fallback_used,projected,derived_from_projected_minutes,51,0.0
Julian Champagnie,38017649,SAS,NYK,False,21716136,pr,starter,"stat_grid:component_convolution_mean_coherent_v1+components[pts:pmf_sim_v1+role_aware_pmf_cal_v1:starter+monotone_pit_cdf_v1,reb:pmf_sim_v1+role_aware_pmf_cal_v1:starter+monotone_pit_cdf_v1]+prior_combo[joint_sampler_v1+joint_combo_pmf_v1+role_aware_pmf_cal_v1:starter+monotone_pit_cdf_v1]+stat_grid_final_component_convolution_mean_coherent_v1",phase8_role_aware_pmf_cal_v1+monotone_inactive_global_v1,pre_close,2026-06-08T20:24:41Z,2a55ede2#phase10c,123a4575-1c87-47c7-b3d9-8e48b45fa2bc,ok,0.0,high,full,current_phase8,fallback_used,projected,derived_from_projected_minutes,52,0.0
Julian Champagnie,38017649,SAS,NYK,False,21716136,pr,starter,"stat_grid:component_convolution_mean_coherent_v1+components[pts:pmf_sim_v1+role_aware_pmf_cal_v1:starter+monotone_pit_cdf_v1,reb:pmf_sim_v1+role_aware_pmf_cal_v1:starter+monotone_pit_cdf_v1]+prior_combo[joint_sampler_v1+joint_combo_pmf_v1+role_aware_pmf_cal_v1:starter+monotone_pit_cdf_v1]+stat_grid_final_component_convolution_mean_coherent_v1",phase8_role_aware_pmf_cal_v1+monotone_inactive_global_v1,pre_close,2026-06-08T20:24:41Z,2a55ede2#phase10c,123a4575-1c87-47c7-b3d9-8e48b45fa2bc,ok,0.0,high,full,current_phase8,fallback_used,projected,derived_from_projected_minutes,53,0.0
Julian Champagnie,38017649,SAS,NYK,False,21716136,pr,starter,"stat_grid:component_convolution_mean_coherent_v1+components[pts:pmf_sim_v1+role_aware_pmf_cal_v1:starter+monotone_pit_cdf_v1,reb:pmf_sim_v1+role_aware_pmf_cal_v1:starter+monotone_pit_cdf_v1]+prior_combo[joint_sampler_v1+joint_combo_pmf_v1+role_aware_pmf_cal_v1:starter+monotone_pit_cdf_v1]+stat_grid_final_component_convolution_mean_coherent_v1",phase8_role_aware_pmf_cal_v1+monotone_inactive_global_v1,pre_close,2026-06-08T20:24:41Z,2a55ede2#phase10c,123a4575-1c87-47c7-b3d9-8e48b45fa2bc,ok,0.0,high,full,current_phase8,fallback_used,projected,derived_from_projected_minutes,54,0.0
Julian Champagnie,38017649,SAS,NYK,False,21716136,pr,starter,"stat_grid:component_convolution_mean_coherent_v1+components[pts:pmf_sim_v1+role_aware_pmf_cal_v1:starter+monotone_pit_cdf_v1,reb:pmf_sim_v1+role_aware_pmf_cal_v1:starter+monotone_pit_cdf_v1]+prior_combo[joint_sampler_v1+joint_combo_pmf_v1+role_aware_pmf_cal_v1:starter+monotone_pit_cdf_v1]+stat_grid_final_component_convolution_mean_coherent_v1",phase8_role_aware_pmf_cal_v1+monotone_inactive_global_v1,pre_close,2026-06-08T20:24:41Z,2a55ede2#phase10c,123a4575-1c87-47c7-b3d9-8e48b45fa2bc,ok,0.0,high,full,current_phase8,fallback_used,projected,derived_from_projected_minutes,55,0.0
Julian Champagnie,38017649,SAS,NYK,False,21716136,pr,starter,"stat_grid:component_convolution_mean_coherent_v1+components[pts:pmf_sim_v1+role_aware_pmf_cal_v1:starter+monotone_pit_cdf_v1,reb:pmf_sim_v1+role_aware_pmf_cal_v1:starter+monotone_pit_cdf_v1]+prior_combo[joint_sampler_v1+joint_combo_pmf_v1+role_aware_pmf_cal_v1:starter+monotone_pit_cdf_v1]+stat_grid_final_component_convolution_mean_coherent_v1",phase8_role_aware_pmf_cal_v1+monotone_inactive_global_v1,pre_close,2026-06-08T20:24:41Z,2a55ede2#phase10c,123a4575-1c87-47c7-b3d9-8e48b45fa2bc,ok,0.0,high,full,current_phase8,fallback_used,projected,derived_from_projected_minutes,56,0.0
Julian Champagnie,38017649,SAS,NYK,False,21716136,pr,starter,"stat_grid:component_convolution_mean_coherent_v1+components[pts:pmf_sim_v1+role_aware_pmf_cal_v1:starter+monotone_pit_cdf_v1,reb:pmf_sim_v1+role_aware_pmf_cal_v1:starter+monotone_pit_cdf_v1]+prior_combo[joint_sampler_v1+joint_combo_pmf_v1+role_aware_pmf_cal_v1:starter+monotone_pit_cdf_v1]+stat_grid_final_component_convolution_mean_coherent_v1",phase8_role_aware_pmf_cal_v1+monotone_inactive_global_v1,pre_close,2026-06-08T20:24:41Z,2a55ede2#phase10c,123a4575-1c87-47c7-b3d9-8e48b45fa2bc,ok,0.0,high,full,current_phase8,fallback_used,projected,derived_from_projected_minutes,57,0.0
Julian Champagnie,38017649,SAS,NYK,False,21716136,pr,starter,"stat_grid:component_convolution_mean_coherent_v1+components[pts:pmf_sim_v1+role_aware_pmf_cal_v1:starter+monotone_pit_cdf_v1,reb:pmf_sim_v1+role_aware_pmf_cal_v1:starter+monotone_pit_cdf_v1]+prior_combo[joint_sampler_v1+joint_combo_pmf_v1+role_aware_pmf_cal_v1:starter+monotone_pit_cdf_v1]+stat_grid_final_component_convolution_mean_coherent_v1",phase8_role_aware_pmf_cal_v1+monotone_inactive_global_v1,pre_close,2026-06-08T20:24:41Z,2a55ede2#phase10c,123a4575-1c87-47c7-b3d9-8e48b45fa2bc,ok,0.0,high,full,current_phase8,fallback_used,projected,derived_from_projected_minutes,58,0.0
Julian Champagnie,38017649,SAS,NYK,False,21716136,pr,starter,"stat_grid:component_convolution_mean_coherent_v1+components[pts:pmf_sim_v1+role_aware_pmf_cal_v1:starter+monotone_pit_cdf_v1,reb:pmf_sim_v1+role_aware_pmf_cal_v1:starter+monotone_pit_cdf_v1]+prior_combo[joint_sampler_v1+joint_combo_pmf_v1+role_aware_pmf_cal_v1:starter+monotone_pit_cdf_v1]+stat_grid_final_component_convolution_mean_coherent_v1",phase8_role_aware_pmf_cal_v1+monotone_inactive_global_v1,pre_close,2026-06-08T20:24:41Z,2a55ede2#phase10c,123a4575-1c87-47c7-b3d9-8e48b45fa2bc,ok,0.0,high,full,current_phase8,fallback_used,projected,derived_from_projected_minutes,59,0.0
Julian Champagnie,38017649,SAS,NYK,False,21716136,pr,starter,"stat_grid:component_convolution_mean_coherent_v1+components[pts:pmf_sim_v1+role_aware_pmf_cal_v1:starter+monotone_pit_cdf_v1,reb:pmf_sim_v1+role_aware_pmf_cal_v1:starter+monotone_pit_cdf_v1]+prior_combo[joint_sampler_v1+joint_combo_pmf_v1+role_aware_pmf_cal_v1:starter+monotone_pit_cdf_v1]+stat_grid_final_component_convolution_mean_coherent_v1",phase8_role_aware_pmf_cal_v1+monotone_inactive_global_v1,pre_close,2026-06-08T20:24:41Z,2a55ede2#phase10c,123a4575-1c87-47c7-b3d9-8e48b45fa2bc,ok,0.0,high,full,current_phase8,fallback_used,projected,derived_from_projected_minutes,60,0.0
Julian Champagnie,38017649,SAS,NYK,False,21716136,pr,starter,"stat_grid:component_convolution_mean_coherent_v1+components[pts:pmf_sim_v1+role_aware_pmf_cal_v1:starter+monotone_pit_cdf_v1,reb:pmf_sim_v1+role_aware_pmf_cal_v1:starter+monotone_pit_cdf_v1]+prior_combo[joint_sampler_v1+joint_combo_pmf_v1+role_aware_pmf_cal_v1:starter+monotone_pit_cdf_v1]+stat_grid_final_component_convolution_mean_coherent_v1",phase8_role_aware_pmf_cal_v1+monotone_inactive_global_v1,pre_close,2026-06-08T20:24:41Z,2a55ede2#phase10c,123a4575-1c87-47c7-b3d9-8e48b45fa2bc,ok,0.0,high,full,current_phase8,fallback_used,projected,derived_from_projected_minutes,61,0.0
Julian Champagnie,38017649,SAS,NYK,False,21716136,pr,starter,"stat_grid:component_convolution_mean_coherent_v1+components[pts:pmf_sim_v1+role_aware_pmf_cal_v1:starter+monotone_pit_cdf_v1,reb:pmf_sim_v1+role_aware_pmf_cal_v1:starter+monotone_pit_cdf_v1]+prior_combo[joint_sampler_v1+joint_combo_pmf_v1+role_aware_pmf_cal_v1:starter+monotone_pit_cdf_v1]+stat_grid_final_component_convolution_mean_coherent_v1",phase8_role_aware_pmf_cal_v1+monotone_inactive_global_v1,pre_close,2026-06-08T20:24:41Z,2a55ede2#phase10c,123a4575-1c87-47c7-b3d9-8e48b45fa2bc,ok,0.0,high,full,current_phase8,fallback_used,projected,derived_from_projected_minutes,62,0.0
Julian Champagnie,38017649,SAS,NYK,False,21716136,pr,starter,"stat_grid:component_convolution_mean_coherent_v1+components[pts:pmf_sim_v1+role_aware_pmf_cal_v1:starter+monotone_pit_cdf_v1,reb:pmf_sim_v1+role_aware_pmf_cal_v1:starter+monotone_pit_cdf_v1]+prior_combo[joint_sampler_v1+joint_combo_pmf_v1+role_aware_pmf_cal_v1:starter+monotone_pit_cdf_v1]+stat_grid_final_component_convolution_mean_coherent_v1",phase8_role_aware_pmf_cal_v1+monotone_inactive_global_v1,pre_close,2026-06-08T20:24:41Z,2a55ede2#phase10c,123a4575-1c87-47c7-b3d9-8e48b45fa2bc,ok,0.0,high,full,current_phase8,fallback_used,projected,derived_from_projected_minutes,63,0.0
Julian Champagnie,38017649,SAS,NYK,False,21716136,pr,starter,"stat_grid:component_convolution_mean_coherent_v1+components[pts:pmf_sim_v1+role_aware_pmf_cal_v1:starter+monotone_pit_cdf_v1,reb:pmf_sim_v1+role_aware_pmf_cal_v1:starter+monotone_pit_cdf_v1]+prior_combo[joint_sampler_v1+joint_combo_pmf_v1+role_aware_pmf_cal_v1:starter+monotone_pit_cdf_v1]+stat_grid_final_component_convolution_mean_coherent_v1",phase8_role_aware_pmf_cal_v1+monotone_inactive_global_v1,pre_close,2026-06-08T20:24:41Z,2a55ede2#phase10c,123a4575-1c87-47c7-b3d9-8e48b45fa2bc,ok,0.0,high,full,current_phase8,fallback_used,projected,derived_from_projected_minutes,64,0.0
Julian Champagnie,38017649,SAS,NYK,False,21716136,pr,starter,"stat_grid:component_convolution_mean_coherent_v1+components[pts:pmf_sim_v1+role_aware_pmf_cal_v1:starter+monotone_pit_cdf_v1,reb:pmf_sim_v1+role_aware_pmf_cal_v1:starter+monotone_pit_cdf_v1]+prior_combo[joint_sampler_v1+joint_combo_pmf_v1+role_aware_pmf_cal_v1:starter+monotone_pit_cdf_v1]+stat_grid_final_component_convolution_mean_coherent_v1",phase8_role_aware_pmf_cal_v1+monotone_inactive_global_v1,pre_close,2026-06-08T20:24:41Z,2a55ede2#phase10c,123a4575-1c87-47c7-b3d9-8e48b45fa2bc,ok,0.0,high,full,current_phase8,fallback_used,projected,derived_from_projected_minutes,65,0.0
Julian Champagnie,38017649,SAS,NYK,False,21716136,pr,starter,"stat_grid:component_convolution_mean_coherent_v1+components[pts:pmf_sim_v1+role_aware_pmf_cal_v1:starter+monotone_pit_cdf_v1,reb:pmf_sim_v1+role_aware_pmf_cal_v1:starter+monotone_pit_cdf_v1]+prior_combo[joint_sampler_v1+joint_combo_pmf_v1+role_aware_pmf_cal_v1:starter+monotone_pit_cdf_v1]+stat_grid_final_component_convolution_mean_coherent_v1",phase8_role_aware_pmf_cal_v1+monotone_inactive_global_v1,pre_close,2026-06-08T20:24:41Z,2a55ede2#phase10c,123a4575-1c87-47c7-b3d9-8e48b45fa2bc,ok,0.0,high,full,current_phase8,fallback_used,projected,derived_from_projected_minutes,66,0.0
Julian Champagnie,38017649,SAS,NYK,False,21716136,pr,starter,"stat_grid:component_convolution_mean_coherent_v1+components[pts:pmf_sim_v1+role_aware_pmf_cal_v1:starter+monotone_pit_cdf_v1,reb:pmf_sim_v1+role_aware_pmf_cal_v1:starter+monotone_pit_cdf_v1]+prior_combo[joint_sampler_v1+joint_combo_pmf_v1+role_aware_pmf_cal_v1:starter+monotone_pit_cdf_v1]+stat_grid_final_component_convolution_mean_coherent_v1",phase8_role_aware_pmf_cal_v1+monotone_inactive_global_v1,pre_close,2026-06-08T20:24:41Z,2a55ede2#phase10c,123a4575-1c87-47c7-b3d9-8e48b45fa2bc,ok,0.0,high,full,current_phase8,fallback_used,projected,derived_from_projected_minutes,67,0.0
Julian Champagnie,38017649,SAS,NYK,False,21716136,pr,starter,"stat_grid:component_convolution_mean_coherent_v1+components[pts:pmf_sim_v1+role_aware_pmf_cal_v1:starter+monotone_pit_cdf_v1,reb:pmf_sim_v1+role_aware_pmf_cal_v1:starter+monotone_pit_cdf_v1]+prior_combo[joint_sampler_v1+joint_combo_pmf_v1+role_aware_pmf_cal_v1:starter+monotone_pit_cdf_v1]+stat_grid_final_component_convolution_mean_coherent_v1",phase8_role_aware_pmf_cal_v1+monotone_inactive_global_v1,pre_close,2026-06-08T20:24:41Z,2a55ede2#phase10c,123a4575-1c87-47c7-b3d9-8e48b45fa2bc,ok,0.0,high,full,current_phase8,fallback_used,projected,derived_from_projected_minutes,68,0.0
Julian Champagnie,38017649,SAS,NYK,False,21716136,pr,starter,"stat_grid:component_convolution_mean_coherent_v1+components[pts:pmf_sim_v1+role_aware_pmf_cal_v1:starter+monotone_pit_cdf_v1,reb:pmf_sim_v1+role_aware_pmf_cal_v1:starter+monotone_pit_cdf_v1]+prior_combo[joint_sampler_v1+joint_combo_pmf_v1+role_aware_pmf_cal_v1:starter+monotone_pit_cdf_v1]+stat_grid_final_component_convolution_mean_coherent_v1",phase8_role_aware_pmf_cal_v1+monotone_inactive_global_v1,pre_close,2026-06-08T20:24:41Z,2a55ede2#phase10c,123a4575-1c87-47c7-b3d9-8e48b45fa2bc,ok,0.0,high,full,current_phase8,fallback_used,projected,derived_from_projected_minutes,69,0.0
Julian Champagnie,38017649,SAS,NYK,False,21716136,pr,starter,"stat_grid:component_convolution_mean_coherent_v1+components[pts:pmf_sim_v1+role_aware_pmf_cal_v1:starter+monotone_pit_cdf_v1,reb:pmf_sim_v1+role_aware_pmf_cal_v1:starter+monotone_pit_cdf_v1]+prior_combo[joint_sampler_v1+joint_combo_pmf_v1+role_aware_pmf_cal_v1:starter+monotone_pit_cdf_v1]+stat_grid_final_component_convolution_mean_coherent_v1",phase8_role_aware_pmf_cal_v1+monotone_inactive_global_v1,pre_close,2026-06-08T20:24:41Z,2a55ede2#phase10c,123a4575-1c87-47c7-b3d9-8e48b45fa2bc,ok,0.0,high,full,current_phase8,fallback_used,projected,derived_from_projected_minutes,70,0.0
Julian Champagnie,38017649,SAS,NYK,False,21716136,pr,starter,"stat_grid:component_convolution_mean_coherent_v1+components[pts:pmf_sim_v1+role_aware_pmf_cal_v1:starter+monotone_pit_cdf_v1,reb:pmf_sim_v1+role_aware_pmf_cal_v1:starter+monotone_pit_cdf_v1]+prior_combo[joint_sampler_v1+joint_combo_pmf_v1+role_aware_pmf_cal_v1:starter+monotone_pit_cdf_v1]+stat_grid_final_component_convolution_mean_coherent_v1",phase8_role_aware_pmf_cal_v1+monotone_inactive_global_v1,pre_close,2026-06-08T20:24:41Z,2a55ede2#phase10c,123a4575-1c87-47c7-b3d9-8e48b45fa2bc,ok,0.0,high,full,current_phase8,fallback_used,projected,derived_from_projected_minutes,71,0.0
Julian Champagnie,38017649,SAS,NYK,False,21716136,pr,starter,"stat_grid:component_convolution_mean_coherent_v1+components[pts:pmf_sim_v1+role_aware_pmf_cal_v1:starter+monotone_pit_cdf_v1,reb:pmf_sim_v1+role_aware_pmf_cal_v1:starter+monotone_pit_cdf_v1]+prior_combo[joint_sampler_v1+joint_combo_pmf_v1+role_aware_pmf_cal_v1:starter+monotone_pit_cdf_v1]+stat_grid_final_component_convolution_mean_coherent_v1",phase8_role_aware_pmf_cal_v1+monotone_inactive_global_v1,pre_close,2026-06-08T20:24:41Z,2a55ede2#phase10c,123a4575-1c87-47c7-b3d9-8e48b45fa2bc,ok,0.0,high,full,current_phase8,fallback_used,projected,derived_from_projected_minutes,72,0.0
Julian Champagnie,38017649,SAS,NYK,False,21716136,pr,starter,"stat_grid:component_convolution_mean_coherent_v1+components[pts:pmf_sim_v1+role_aware_pmf_cal_v1:starter+monotone_pit_cdf_v1,reb:pmf_sim_v1+role_aware_pmf_cal_v1:starter+monotone_pit_cdf_v1]+prior_combo[joint_sampler_v1+joint_combo_pmf_v1+role_aware_pmf_cal_v1:starter+monotone_pit_cdf_v1]+stat_grid_final_component_convolution_mean_coherent_v1",phase8_role_aware_pmf_cal_v1+monotone_inactive_global_v1,pre_close,2026-06-08T20:24:41Z,2a55ede2#phase10c,123a4575-1c87-47c7-b3d9-8e48b45fa2bc,ok,0.0,high,full,current_phase8,fallback_used,projected,derived_from_projected_minutes,73,0.0
Julian Champagnie,38017649,SAS,NYK,False,21716136,pr,starter,"stat_grid:component_convolution_mean_coherent_v1+components[pts:pmf_sim_v1+role_aware_pmf_cal_v1:starter+monotone_pit_cdf_v1,reb:pmf_sim_v1+role_aware_pmf_cal_v1:starter+monotone_pit_cdf_v1]+prior_combo[joint_sampler_v1+joint_combo_pmf_v1+role_aware_pmf_cal_v1:starter+monotone_pit_cdf_v1]+stat_grid_final_component_convolution_mean_coherent_v1",phase8_role_aware_pmf_cal_v1+monotone_inactive_global_v1,pre_close,2026-06-08T20:24:41Z,2a55ede2#phase10c,123a4575-1c87-47c7-b3d9-8e48b45fa2bc,ok,0.0,high,full,current_phase8,fallback_used,projected,derived_from_projected_minutes,74,0.0
Julian Champagnie,38017649,SAS,NYK,False,21716136,pr,starter,"stat_grid:component_convolution_mean_coherent_v1+components[pts:pmf_sim_v1+role_aware_pmf_cal_v1:starter+monotone_pit_cdf_v1,reb:pmf_sim_v1+role_aware_pmf_cal_v1:starter+monotone_pit_cdf_v1]+prior_combo[joint_sampler_v1+joint_combo_pmf_v1+role_aware_pmf_cal_v1:starter+monotone_pit_cdf_v1]+stat_grid_final_component_convolution_mean_coherent_v1",phase8_role_aware_pmf_cal_v1+monotone_inactive_global_v1,pre_close,2026-06-08T20:24:41Z,2a55ede2#phase10c,123a4575-1c87-47c7-b3d9-8e48b45fa2bc,ok,0.0,high,full,current_phase8,fallback_used,projected,derived_from_projected_minutes,75,0.0
Julian Champagnie,38017649,SAS,NYK,False,21716136,pr,starter,"stat_grid:component_convolution_mean_coherent_v1+components[pts:pmf_sim_v1+role_aware_pmf_cal_v1:starter+monotone_pit_cdf_v1,reb:pmf_sim_v1+role_aware_pmf_cal_v1:starter+monotone_pit_cdf_v1]+prior_combo[joint_sampler_v1+joint_combo_pmf_v1+role_aware_pmf_cal_v1:starter+monotone_pit_cdf_v1]+stat_grid_final_component_convolution_mean_coherent_v1",phase8_role_aware_pmf_cal_v1+monotone_inactive_global_v1,pre_close,2026-06-08T20:24:41Z,2a55ede2#phase10c,123a4575-1c87-47c7-b3d9-8e48b45fa2bc,ok,0.0,high,full,current_phase8,fallback_used,projected,derived_from_projected_minutes,76,0.0
Julian Champagnie,38017649,SAS,NYK,False,21716136,pr,starter,"stat_grid:component_convolution_mean_coherent_v1+components[pts:pmf_sim_v1+role_aware_pmf_cal_v1:starter+monotone_pit_cdf_v1,reb:pmf_sim_v1+role_aware_pmf_cal_v1:starter+monotone_pit_cdf_v1]+prior_combo[joint_sampler_v1+joint_combo_pmf_v1+role_aware_pmf_cal_v1:starter+monotone_pit_cdf_v1]+stat_grid_final_component_convolution_mean_coherent_v1",phase8_role_aware_pmf_cal_v1+monotone_inactive_global_v1,pre_close,2026-06-08T20:24:41Z,2a55ede2#phase10c,123a4575-1c87-47c7-b3d9-8e48b45fa2bc,ok,0.0,high,full,current_phase8,fallback_used,projected,derived_from_projected_minutes,77,0.0
Julian Champagnie,38017649,SAS,NYK,False,21716136,pr,starter,"stat_grid:component_convolution_mean_coherent_v1+components[pts:pmf_sim_v1+role_aware_pmf_cal_v1:starter+monotone_pit_cdf_v1,reb:pmf_sim_v1+role_aware_pmf_cal_v1:starter+monotone_pit_cdf_v1]+prior_combo[joint_sampler_v1+joint_combo_pmf_v1+role_aware_pmf_cal_v1:starter+monotone_pit_cdf_v1]+stat_grid_final_component_convolution_mean_coherent_v1",phase8_role_aware_pmf_cal_v1+monotone_inactive_global_v1,pre_close,2026-06-08T20:24:41Z,2a55ede2#phase10c,123a4575-1c87-47c7-b3d9-8e48b45fa2bc,ok,0.0,high,full,current_phase8,fallback_used,projected,derived_from_projected_minutes,78,0.0
Julian Champagnie,38017649,SAS,NYK,False,21716136,pr,starter,"stat_grid:component_convolution_mean_coherent_v1+components[pts:pmf_sim_v1+role_aware_pmf_cal_v1:starter+monotone_pit_cdf_v1,reb:pmf_sim_v1+role_aware_pmf_cal_v1:starter+monotone_pit_cdf_v1]+prior_combo[joint_sampler_v1+joint_combo_pmf_v1+role_aware_pmf_cal_v1:starter+monotone_pit_cdf_v1]+stat_grid_final_component_convolution_mean_coherent_v1",phase8_role_aware_pmf_cal_v1+monotone_inactive_global_v1,pre_close,2026-06-08T20:24:41Z,2a55ede2#phase10c,123a4575-1c87-47c7-b3d9-8e48b45fa2bc,ok,0.0,high,full,current_phase8,fallback_used,projected,derived_from_projected_minutes,79,0.0
Julian Champagnie,38017649,SAS,NYK,False,21716136,pr,starter,"stat_grid:component_convolution_mean_coherent_v1+components[pts:pmf_sim_v1+role_aware_pmf_cal_v1:starter+monotone_pit_cdf_v1,reb:pmf_sim_v1+role_aware_pmf_cal_v1:starter+monotone_pit_cdf_v1]+prior_combo[joint_sampler_v1+joint_combo_pmf_v1+role_aware_pmf_cal_v1:starter+monotone_pit_cdf_v1]+stat_grid_final_component_convolution_mean_coherent_v1",phase8_role_aware_pmf_cal_v1+monotone_inactive_global_v1,pre_close,2026-06-08T20:24:41Z,2a55ede2#phase10c,123a4575-1c87-47c7-b3d9-8e48b45fa2bc,ok,0.0,high,full,current_phase8,fallback_used,projected,derived_from_projected_minutes,80,0.0
Julian Champagnie,38017649,SAS,NYK,False,21716136,pr,starter,"stat_grid:component_convolution_mean_coherent_v1+components[pts:pmf_sim_v1+role_aware_pmf_cal_v1:starter+monotone_pit_cdf_v1,reb:pmf_sim_v1+role_aware_pmf_cal_v1:starter+monotone_pit_cdf_v1]+prior_combo[joint_sampler_v1+joint_combo_pmf_v1+role_aware_pmf_cal_v1:starter+monotone_pit_cdf_v1]+stat_grid_final_component_convolution_mean_coherent_v1",phase8_role_aware_pmf_cal_v1+monotone_inactive_global_v1,pre_close,2026-06-08T20:24:41Z,2a55ede2#phase10c,123a4575-1c87-47c7-b3d9-8e48b45fa2bc,ok,0.0,high,full,current_phase8,fallback_used,projected,derived_from_projected_minutes,81,0.0
Julian Champagnie,38017649,SAS,NYK,False,21716136,pr,starter,"stat_grid:component_convolution_mean_coherent_v1+components[pts:pmf_sim_v1+role_aware_pmf_cal_v1:starter+monotone_pit_cdf_v1,reb:pmf_sim_v1+role_aware_pmf_cal_v1:starter+monotone_pit_cdf_v1]+prior_combo[joint_sampler_v1+joint_combo_pmf_v1+role_aware_pmf_cal_v1:starter+monotone_pit_cdf_v1]+stat_grid_final_component_convolution_mean_coherent_v1",phase8_role_aware_pmf_cal_v1+monotone_inactive_global_v1,pre_close,2026-06-08T20:24:41Z,2a55ede2#phase10c,123a4575-1c87-47c7-b3d9-8e48b45fa2bc,ok,0.0,high,full,current_phase8,fallback_used,projected,derived_from_projected_minutes,82,0.0
Julian Champagnie,38017649,SAS,NYK,False,21716136,pr,starter,"stat_grid:component_convolution_mean_coherent_v1+components[pts:pmf_sim_v1+role_aware_pmf_cal_v1:starter+monotone_pit_cdf_v1,reb:pmf_sim_v1+role_aware_pmf_cal_v1:starter+monotone_pit_cdf_v1]+prior_combo[joint_sampler_v1+joint_combo_pmf_v1+role_aware_pmf_cal_v1:starter+monotone_pit_cdf_v1]+stat_grid_final_component_convolution_mean_coherent_v1",phase8_role_aware_pmf_cal_v1+monotone_inactive_global_v1,pre_close,2026-06-08T20:24:41Z,2a55ede2#phase10c,123a4575-1c87-47c7-b3d9-8e48b45fa2bc,ok,0.0,high,full,current_phase8,fallback_used,projected,derived_from_projected_minutes,83,0.0
Julian Champagnie,38017649,SAS,NYK,False,21716136,pr,starter,"stat_grid:component_convolution_mean_coherent_v1+components[pts:pmf_sim_v1+role_aware_pmf_cal_v1:starter+monotone_pit_cdf_v1,reb:pmf_sim_v1+role_aware_pmf_cal_v1:starter+monotone_pit_cdf_v1]+prior_combo[joint_sampler_v1+joint_combo_pmf_v1+role_aware_pmf_cal_v1:starter+monotone_pit_cdf_v1]+stat_grid_final_component_convolution_mean_coherent_v1",phase8_role_aware_pmf_cal_v1+monotone_inactive_global_v1,pre_close,2026-06-08T20:24:41Z,2a55ede2#phase10c,123a4575-1c87-47c7-b3d9-8e48b45fa2bc,ok,0.0,high,full,current_phase8,fallback_used,projected,derived_from_projected_minutes,84,0.0
Julian Champagnie,38017649,SAS,NYK,False,21716136,pr,starter,"stat_grid:component_convolution_mean_coherent_v1+components[pts:pmf_sim_v1+role_aware_pmf_cal_v1:starter+monotone_pit_cdf_v1,reb:pmf_sim_v1+role_aware_pmf_cal_v1:starter+monotone_pit_cdf_v1]+prior_combo[joint_sampler_v1+joint_combo_pmf_v1+role_aware_pmf_cal_v1:starter+monotone_pit_cdf_v1]+stat_grid_final_component_convolution_mean_coherent_v1",phase8_role_aware_pmf_cal_v1+monotone_inactive_global_v1,pre_close,2026-06-08T20:24:41Z,2a55ede2#phase10c,123a4575-1c87-47c7-b3d9-8e48b45fa2bc,ok,0.0,high,full,current_phase8,fallback_used,projected,derived_from_projected_minutes,85,0.0
Julian Champagnie,38017649,SAS,NYK,False,21716136,pr,starter,"stat_grid:component_convolution_mean_coherent_v1+components[pts:pmf_sim_v1+role_aware_pmf_cal_v1:starter+monotone_pit_cdf_v1,reb:pmf_sim_v1+role_aware_pmf_cal_v1:starter+monotone_pit_cdf_v1]+prior_combo[joint_sampler_v1+joint_combo_pmf_v1+role_aware_pmf_cal_v1:starter+monotone_pit_cdf_v1]+stat_grid_final_component_convolution_mean_coherent_v1",phase8_role_aware_pmf_cal_v1+monotone_inactive_global_v1,pre_close,2026-06-08T20:24:41Z,2a55ede2#phase10c,123a4575-1c87-47c7-b3d9-8e48b45fa2bc,ok,0.0,high,full,current_phase8,fallback_used,projected,derived_from_projected_minutes,86,0.0
Julian Champagnie,38017649,SAS,NYK,False,21716136,pr,starter,"stat_grid:component_convolution_mean_coherent_v1+components[pts:pmf_sim_v1+role_aware_pmf_cal_v1:starter+monotone_pit_cdf_v1,reb:pmf_sim_v1+role_aware_pmf_cal_v1:starter+monotone_pit_cdf_v1]+prior_combo[joint_sampler_v1+joint_combo_pmf_v1+role_aware_pmf_cal_v1:starter+monotone_pit_cdf_v1]+stat_grid_final_component_convolution_mean_coherent_v1",phase8_role_aware_pmf_cal_v1+monotone_inactive_global_v1,pre_close,2026-06-08T20:24:41Z,2a55ede2#phase10c,123a4575-1c87-47c7-b3d9-8e48b45fa2bc,ok,0.0,high,full,current_phase8,fallback_used,projected,derived_from_projected_minutes,87,0.0
Julian Champagnie,38017649,SAS,NYK,False,21716136,pr,starter,"stat_grid:component_convolution_mean_coherent_v1+components[pts:pmf_sim_v1+role_aware_pmf_cal_v1:starter+monotone_pit_cdf_v1,reb:pmf_sim_v1+role_aware_pmf_cal_v1:starter+monotone_pit_cdf_v1]+prior_combo[joint_sampler_v1+joint_combo_pmf_v1+role_aware_pmf_cal_v1:starter+monotone_pit_cdf_v1]+stat_grid_final_component_convolution_mean_coherent_v1",phase8_role_aware_pmf_cal_v1+monotone_inactive_global_v1,pre_close,2026-06-08T20:24:41Z,2a55ede2#phase10c,123a4575-1c87-47c7-b3d9-8e48b45fa2bc,ok,0.0,high,full,current_phase8,fallback_used,projected,derived_from_projected_minutes,88,0.0
Julian Champagnie,38017649,SAS,NYK,False,21716136,pr,starter,"stat_grid:component_convolution_mean_coherent_v1+components[pts:pmf_sim_v1+role_aware_pmf_cal_v1:starter+monotone_pit_cdf_v1,reb:pmf_sim_v1+role_aware_pmf_cal_v1:starter+monotone_pit_cdf_v1]+prior_combo[joint_sampler_v1+joint_combo_pmf_v1+role_aware_pmf_cal_v1:starter+monotone_pit_cdf_v1]+stat_grid_final_component_convolution_mean_coherent_v1",phase8_role_aware_pmf_cal_v1+monotone_inactive_global_v1,pre_close,2026-06-08T20:24:41Z,2a55ede2#phase10c,123a4575-1c87-47c7-b3d9-8e48b45fa2bc,ok,0.0,high,full,current_phase8,fallback_used,projected,derived_from_projected_minutes,89,0.0
Julian Champagnie,38017649,SAS,NYK,False,21716136,pr,starter,"stat_grid:component_convolution_mean_coherent_v1+components[pts:pmf_sim_v1+role_aware_pmf_cal_v1:starter+monotone_pit_cdf_v1,reb:pmf_sim_v1+role_aware_pmf_cal_v1:starter+monotone_pit_cdf_v1]+prior_combo[joint_sampler_v1+joint_combo_pmf_v1+role_aware_pmf_cal_v1:starter+monotone_pit_cdf_v1]+stat_grid_final_component_convolution_mean_coherent_v1",phase8_role_aware_pmf_cal_v1+monotone_inactive_global_v1,pre_close,2026-06-08T20:24:41Z,2a55ede2#phase10c,123a4575-1c87-47c7-b3d9-8e48b45fa2bc,ok,0.0,high,full,current_phase8,fallback_used,projected,derived_from_projected_minutes,90,0.0
Julian Champagnie,38017649,SAS,NYK,False,21716136,pr,starter,"stat_grid:component_convolution_mean_coherent_v1+components[pts:pmf_sim_v1+role_aware_pmf_cal_v1:starter+monotone_pit_cdf_v1,reb:pmf_sim_v1+role_aware_pmf_cal_v1:starter+monotone_pit_cdf_v1]+prior_combo[joint_sampler_v1+joint_combo_pmf_v1+role_aware_pmf_cal_v1:starter+monotone_pit_cdf_v1]+stat_grid_final_component_convolution_mean_coherent_v1",phase8_role_aware_pmf_cal_v1+monotone_inactive_global_v1,pre_close,2026-06-08T20:24:41Z,2a55ede2#phase10c,123a4575-1c87-47c7-b3d9-8e48b45fa2bc,ok,0.0,high,full,current_phase8,fallback_used,projected,derived_from_projected_minutes,91,0.0
Julian Champagnie,38017649,SAS,NYK,False,21716136,pr,starter,"stat_grid:component_convolution_mean_coherent_v1+components[pts:pmf_sim_v1+role_aware_pmf_cal_v1:starter+monotone_pit_cdf_v1,reb:pmf_sim_v1+role_aware_pmf_cal_v1:starter+monotone_pit_cdf_v1]+prior_combo[joint_sampler_v1+joint_combo_pmf_v1+role_aware_pmf_cal_v1:starter+monotone_pit_cdf_v1]+stat_grid_final_component_convolution_mean_coherent_v1",phase8_role_aware_pmf_cal_v1+monotone_inactive_global_v1,pre_close,2026-06-08T20:24:41Z,2a55ede2#phase10c,123a4575-1c87-47c7-b3d9-8e48b45fa2bc,ok,0.0,high,full,current_phase8,fallback_used,projected,derived_from_projected_minutes,92,0.0
Julian Champagnie,38017649,SAS,NYK,False,21716136,pr,starter,"stat_grid:component_convolution_mean_coherent_v1+components[pts:pmf_sim_v1+role_aware_pmf_cal_v1:starter+monotone_pit_cdf_v1,reb:pmf_sim_v1+role_aware_pmf_cal_v1:starter+monotone_pit_cdf_v1]+prior_combo[joint_sampler_v1+joint_combo_pmf_v1+role_aware_pmf_cal_v1:starter+monotone_pit_cdf_v1]+stat_grid_final_component_convolution_mean_coherent_v1",phase8_role_aware_pmf_cal_v1+monotone_inactive_global_v1,pre_close,2026-06-08T20:24:41Z,2a55ede2#phase10c,123a4575-1c87-47c7-b3d9-8e48b45fa2bc,ok,0.0,high,full,current_phase8,fallback_used,projected,derived_from_projected_minutes,93,0.0
Julian Champagnie,38017649,SAS,NYK,False,21716136,pr,starter,"stat_grid:component_convolution_mean_coherent_v1+components[pts:pmf_sim_v1+role_aware_pmf_cal_v1:starter+monotone_pit_cdf_v1,reb:pmf_sim_v1+role_aware_pmf_cal_v1:starter+monotone_pit_cdf_v1]+prior_combo[joint_sampler_v1+joint_combo_pmf_v1+role_aware_pmf_cal_v1:starter+monotone_pit_cdf_v1]+stat_grid_final_component_convolution_mean_coherent_v1",phase8_role_aware_pmf_cal_v1+monotone_inactive_global_v1,pre_close,2026-06-08T20:24:41Z,2a55ede2#phase10c,123a4575-1c87-47c7-b3d9-8e48b45fa2bc,ok,0.0,high,full,current_phase8,fallback_used,projected,derived_from_projected_minutes,94,0.0
Julian Champagnie,38017649,SAS,NYK,False,21716136,pr,starter,"stat_grid:component_convolution_mean_coherent_v1+components[pts:pmf_sim_v1+role_aware_pmf_cal_v1:starter+monotone_pit_cdf_v1,reb:pmf_sim_v1+role_aware_pmf_cal_v1:starter+monotone_pit_cdf_v1]+prior_combo[joint_sampler_v1+joint_combo_pmf_v1+role_aware_pmf_cal_v1:starter+monotone_pit_cdf_v1]+stat_grid_final_component_convolution_mean_coherent_v1",phase8_role_aware_pmf_cal_v1+monotone_inactive_global_v1,pre_close,2026-06-08T20:24:41Z,2a55ede2#phase10c,123a4575-1c87-47c7-b3d9-8e48b45fa2bc,ok,0.0,high,full,current_phase8,fallback_used,projected,derived_from_projected_minutes,95,0.0
Julian Champagnie,38017649,SAS,NYK,False,21716136,pr,starter,"stat_grid:component_convolution_mean_coherent_v1+components[pts:pmf_sim_v1+role_aware_pmf_cal_v1:starter+monotone_pit_cdf_v1,reb:pmf_sim_v1+role_aware_pmf_cal_v1:starter+monotone_pit_cdf_v1]+prior_combo[joint_sampler_v1+joint_combo_pmf_v1+role_aware_pmf_cal_v1:starter+monotone_pit_cdf_v1]+stat_grid_final_component_convolution_mean_coherent_v1",phase8_role_aware_pmf_cal_v1+monotone_inactive_global_v1,pre_close,2026-06-08T20:24:41Z,2a55ede2#phase10c,123a4575-1c87-47c7-b3d9-8e48b45fa2bc,ok,0.0,high,full,current_phase8,fallback_used,projected,derived_from_projected_minutes,96,0.0
Julian Champagnie,38017649,SAS,NYK,False,21716136,pr,starter,"stat_grid:component_convolution_mean_coherent_v1+components[pts:pmf_sim_v1+role_aware_pmf_cal_v1:starter+monotone_pit_cdf_v1,reb:pmf_sim_v1+role_aware_pmf_cal_v1:starter+monotone_pit_cdf_v1]+prior_combo[joint_sampler_v1+joint_combo_pmf_v1+role_aware_pmf_cal_v1:starter+monotone_pit_cdf_v1]+stat_grid_final_component_convolution_mean_coherent_v1",phase8_role_aware_pmf_cal_v1+monotone_inactive_global_v1,pre_close,2026-06-08T20:24:41Z,2a55ede2#phase10c,123a4575-1c87-47c7-b3d9-8e48b45fa2bc,ok,0.0,high,full,current_phase8,fallback_used,projected,derived_from_projected_minutes,97,0.0
Julian Champagnie,38017649,SAS,NYK,False,21716136,pr,starter,"stat_grid:component_convolution_mean_coherent_v1+components[pts:pmf_sim_v1+role_aware_pmf_cal_v1:starter+monotone_pit_cdf_v1,reb:pmf_sim_v1+role_aware_pmf_cal_v1:starter+monotone_pit_cdf_v1]+prior_combo[joint_sampler_v1+joint_combo_pmf_v1+role_aware_pmf_cal_v1:starter+monotone_pit_cdf_v1]+stat_grid_final_component_convolution_mean_coherent_v1",phase8_role_aware_pmf_cal_v1+monotone_inactive_global_v1,pre_close,2026-06-08T20:24:41Z,2a55ede2#phase10c,123a4575-1c87-47c7-b3d9-8e48b45fa2bc,ok,0.0,high,full,current_phase8,fallback_used,projected,derived_from_projected_minutes,98,0.0
Julian Champagnie,38017649,SAS,NYK,False,21716136,pr,starter,"stat_grid:component_convolution_mean_coherent_v1+components[pts:pmf_sim_v1+role_aware_pmf_cal_v1:starter+monotone_pit_cdf_v1,reb:pmf_sim_v1+role_aware_pmf_cal_v1:starter+monotone_pit_cdf_v1]+prior_combo[joint_sampler_v1+joint_combo_pmf_v1+role_aware_pmf_cal_v1:starter+monotone_pit_cdf_v1]+stat_grid_final_component_convolution_mean_coherent_v1",phase8_role_aware_pmf_cal_v1+monotone_inactive_global_v1,pre_close,2026-06-08T20:24:41Z,2a55ede2#phase10c,123a4575-1c87-47c7-b3d9-8e48b45fa2bc,ok,0.0,high,full,current_phase8,fallback_used,projected,derived_from_projected_minutes,99,0.0
Julian Champagnie,38017649,SAS,NYK,False,21716136,pr,starter,"stat_grid:component_convolution_mean_coherent_v1+components[pts:pmf_sim_v1+role_aware_pmf_cal_v1:starter+monotone_pit_cdf_v1,reb:pmf_sim_v1+role_aware_pmf_cal_v1:starter+monotone_pit_cdf_v1]+prior_combo[joint_sampler_v1+joint_combo_pmf_v1+role_aware_pmf_cal_v1:starter+monotone_pit_cdf_v1]+stat_grid_final_component_convolution_mean_coherent_v1",phase8_role_aware_pmf_cal_v1+monotone_inactive_global_v1,pre_close,2026-06-08T20:24:41Z,2a55ede2#phase10c,123a4575-1c87-47c7-b3d9-8e48b45fa2bc,ok,0.0,high,full,current_phase8,fallback_used,projected,derived_from_projected_minutes,100,0.0
Julian Champagnie,38017649,SAS,NYK,False,21716136,pr,starter,"stat_grid:component_convolution_mean_coherent_v1+components[pts:pmf_sim_v1+role_aware_pmf_cal_v1:starter+monotone_pit_cdf_v1,reb:pmf_sim_v1+role_aware_pmf_cal_v1:starter+monotone_pit_cdf_v1]+prior_combo[joint_sampler_v1+joint_combo_pmf_v1+role_aware_pmf_cal_v1:starter+monotone_pit_cdf_v1]+stat_grid_final_component_convolution_mean_coherent_v1",phase8_role_aware_pmf_cal_v1+monotone_inactive_global_v1,pre_close,2026-06-08T20:24:41Z,2a55ede2#phase10c,123a4575-1c87-47c7-b3d9-8e48b45fa2bc,ok,0.0,high,full,current_phase8,fallback_used,projected,derived_from_projected_minutes,101,0.0
Julian Champagnie,38017649,SAS,NYK,False,21716136,pr,starter,"stat_grid:component_convolution_mean_coherent_v1+components[pts:pmf_sim_v1+role_aware_pmf_cal_v1:starter+monotone_pit_cdf_v1,reb:pmf_sim_v1+role_aware_pmf_cal_v1:starter+monotone_pit_cdf_v1]+prior_combo[joint_sampler_v1+joint_combo_pmf_v1+role_aware_pmf_cal_v1:starter+monotone_pit_cdf_v1]+stat_grid_final_component_convolution_mean_coherent_v1",phase8_role_aware_pmf_cal_v1+monotone_inactive_global_v1,pre_close,2026-06-08T20:24:41Z,2a55ede2#phase10c,123a4575-1c87-47c7-b3d9-8e48b45fa2bc,ok,0.0,high,full,current_phase8,fallback_used,projected,derived_from_projected_minutes,102,0.0
Julian Champagnie,38017649,SAS,NYK,False,21716136,pr,starter,"stat_grid:component_convolution_mean_coherent_v1+components[pts:pmf_sim_v1+role_aware_pmf_cal_v1:starter+monotone_pit_cdf_v1,reb:pmf_sim_v1+role_aware_pmf_cal_v1:starter+monotone_pit_cdf_v1]+prior_combo[joint_sampler_v1+joint_combo_pmf_v1+role_aware_pmf_cal_v1:starter+monotone_pit_cdf_v1]+stat_grid_final_component_convolution_mean_coherent_v1",phase8_role_aware_pmf_cal_v1+monotone_inactive_global_v1,pre_close,2026-06-08T20:24:41Z,2a55ede2#phase10c,123a4575-1c87-47c7-b3d9-8e48b45fa2bc,ok,0.0,high,full,current_phase8,fallback_used,projected,derived_from_projected_minutes,103,0.0
Julian Champagnie,38017649,SAS,NYK,False,21716136,pr,starter,"stat_grid:component_convolution_mean_coherent_v1+components[pts:pmf_sim_v1+role_aware_pmf_cal_v1:starter+monotone_pit_cdf_v1,reb:pmf_sim_v1+role_aware_pmf_cal_v1:starter+monotone_pit_cdf_v1]+prior_combo[joint_sampler_v1+joint_combo_pmf_v1+role_aware_pmf_cal_v1:starter+monotone_pit_cdf_v1]+stat_grid_final_component_convolution_mean_coherent_v1",phase8_role_aware_pmf_cal_v1+monotone_inactive_global_v1,pre_close,2026-06-08T20:24:41Z,2a55ede2#phase10c,123a4575-1c87-47c7-b3d9-8e48b45fa2bc,ok,0.0,high,full,current_phase8,fallback_used,projected,derived_from_projected_minutes,104,0.0
Julian Champagnie,38017649,SAS,NYK,False,21716136,pr,starter,"stat_grid:component_convolution_mean_coherent_v1+components[pts:pmf_sim_v1+role_aware_pmf_cal_v1:starter+monotone_pit_cdf_v1,reb:pmf_sim_v1+role_aware_pmf_cal_v1:starter+monotone_pit_cdf_v1]+prior_combo[joint_sampler_v1+joint_combo_pmf_v1+role_aware_pmf_cal_v1:starter+monotone_pit_cdf_v1]+stat_grid_final_component_convolution_mean_coherent_v1",phase8_role_aware_pmf_cal_v1+monotone_inactive_global_v1,pre_close,2026-06-08T20:24:41Z,2a55ede2#phase10c,123a4575-1c87-47c7-b3d9-8e48b45fa2bc,ok,0.0,high,full,current_phase8,fallback_used,projected,derived_from_projected_minutes,105,0.0
Julian Champagnie,38017649,SAS,NYK,False,21716136,pr,starter,"stat_grid:component_convolution_mean_coherent_v1+components[pts:pmf_sim_v1+role_aware_pmf_cal_v1:starter+monotone_pit_cdf_v1,reb:pmf_sim_v1+role_aware_pmf_cal_v1:starter+monotone_pit_cdf_v1]+prior_combo[joint_sampler_v1+joint_combo_pmf_v1+role_aware_pmf_cal_v1:starter+monotone_pit_cdf_v1]+stat_grid_final_component_convolution_mean_coherent_v1",phase8_role_aware_pmf_cal_v1+monotone_inactive_global_v1,pre_close,2026-06-08T20:24:41Z,2a55ede2#phase10c,123a4575-1c87-47c7-b3d9-8e48b45fa2bc,ok,0.0,high,full,current_phase8,fallback_used,projected,derived_from_projected_minutes,106,0.0
Julian Champagnie,38017649,SAS,NYK,False,21716136,pr,starter,"stat_grid:component_convolution_mean_coherent_v1+components[pts:pmf_sim_v1+role_aware_pmf_cal_v1:starter+monotone_pit_cdf_v1,reb:pmf_sim_v1+role_aware_pmf_cal_v1:starter+monotone_pit_cdf_v1]+prior_combo[joint_sampler_v1+joint_combo_pmf_v1+role_aware_pmf_cal_v1:starter+monotone_pit_cdf_v1]+stat_grid_final_component_convolution_mean_coherent_v1",phase8_role_aware_pmf_cal_v1+monotone_inactive_global_v1,pre_close,2026-06-08T20:24:41Z,2a55ede2#phase10c,123a4575-1c87-47c7-b3d9-8e48b45fa2bc,ok,0.0,high,full,current_phase8,fallback_used,projected,derived_from_projected_minutes,107,0.0
Julian Champagnie,38017649,SAS,NYK,False,21716136,pr,starter,"stat_grid:component_convolution_mean_coherent_v1+components[pts:pmf_sim_v1+role_aware_pmf_cal_v1:starter+monotone_pit_cdf_v1,reb:pmf_sim_v1+role_aware_pmf_cal_v1:starter+monotone_pit_cdf_v1]+prior_combo[joint_sampler_v1+joint_combo_pmf_v1+role_aware_pmf_cal_v1:starter+monotone_pit_cdf_v1]+stat_grid_final_component_convolution_mean_coherent_v1",phase8_role_aware_pmf_cal_v1+monotone_inactive_global_v1,pre_close,2026-06-08T20:24:41Z,2a55ede2#phase10c,123a4575-1c87-47c7-b3d9-8e48b45fa2bc,ok,0.0,high,full,current_phase8,fallback_used,projected,derived_from_projected_minutes,108,0.0
Julian Champagnie,38017649,SAS,NYK,False,21716136,pr,starter,"stat_grid:component_convolution_mean_coherent_v1+components[pts:pmf_sim_v1+role_aware_pmf_cal_v1:starter+monotone_pit_cdf_v1,reb:pmf_sim_v1+role_aware_pmf_cal_v1:starter+monotone_pit_cdf_v1]+prior_combo[joint_sampler_v1+joint_combo_pmf_v1+role_aware_pmf_cal_v1:starter+monotone_pit_cdf_v1]+stat_grid_final_component_convolution_mean_coherent_v1",phase8_role_aware_pmf_cal_v1+monotone_inactive_global_v1,pre_close,2026-06-08T20:24:41Z,2a55ede2#phase10c,123a4575-1c87-47c7-b3d9-8e48b45fa2bc,ok,0.0,high,full,current_phase8,fallback_used,projected,derived_from_projected_minutes,109,0.0
Julian Champagnie,38017649,SAS,NYK,False,21716136,pr,starter,"stat_grid:component_convolution_mean_coherent_v1+components[pts:pmf_sim_v1+role_aware_pmf_cal_v1:starter+monotone_pit_cdf_v1,reb:pmf_sim_v1+role_aware_pmf_cal_v1:starter+monotone_pit_cdf_v1]+prior_combo[joint_sampler_v1+joint_combo_pmf_v1+role_aware_pmf_cal_v1:starter+monotone_pit_cdf_v1]+stat_grid_final_component_convolution_mean_coherent_v1",phase8_role_aware_pmf_cal_v1+monotone_inactive_global_v1,pre_close,2026-06-08T20:24:41Z,2a55ede2#phase10c,123a4575-1c87-47c7-b3d9-8e48b45fa2bc,ok,0.0,high,full,current_phase8,fallback_used,projected,derived_from_projected_minutes,110,0.0
Julian Champagnie,38017649,SAS,NYK,False,21716136,ra,starter,"stat_grid:component_convolution_mean_coherent_v1+components[reb:pmf_sim_v1+role_aware_pmf_cal_v1:starter+monotone_pit_cdf_v1,ast:pmf_sim_v1+role_aware_pmf_cal_v1:starter+monotone_pit_cdf_v1]+prior_combo[joint_sampler_v1+joint_combo_pmf_v1+role_aware_pmf_cal_v1:starter+monotone_pit_cdf_v1]+stat_grid_final_component_convolution_mean_coherent_v1",phase8_role_aware_pmf_cal_v1+monotone_inactive_global_v1,pre_close,2026-06-08T20:24:41Z,2a55ede2#phase10c,123a4575-1c87-47c7-b3d9-8e48b45fa2bc,ok,0.0,high,full,current_phase8,fallback_used,projected,derived_from_projected_minutes,0,0.0005
Julian Champagnie,38017649,SAS,NYK,False,21716136,ra,starter,"stat_grid:component_convolution_mean_coherent_v1+components[reb:pmf_sim_v1+role_aware_pmf_cal_v1:starter+monotone_pit_cdf_v1,ast:pmf_sim_v1+role_aware_pmf_cal_v1:starter+monotone_pit_cdf_v1]+prior_combo[joint_sampler_v1+joint_combo_pmf_v1+role_aware_pmf_cal_v1:starter+monotone_pit_cdf_v1]+stat_grid_final_component_convolution_mean_coherent_v1",phase8_role_aware_pmf_cal_v1+monotone_inactive_global_v1,pre_close,2026-06-08T20:24:41Z,2a55ede2#phase10c,123a4575-1c87-47c7-b3d9-8e48b45fa2bc,ok,0.0,high,full,current_phase8,fallback_used,projected,derived_from_projected_minutes,1,0.0038
Julian Champagnie,38017649,SAS,NYK,False,21716136,ra,starter,"stat_grid:component_convolution_mean_coherent_v1+components[reb:pmf_sim_v1+role_aware_pmf_cal_v1:starter+monotone_pit_cdf_v1,ast:pmf_sim_v1+role_aware_pmf_cal_v1:starter+monotone_pit_cdf_v1]+prior_combo[joint_sampler_v1+joint_combo_pmf_v1+role_aware_pmf_cal_v1:starter+monotone_pit_cdf_v1]+stat_grid_final_component_convolution_mean_coherent_v1",phase8_role_aware_pmf_cal_v1+monotone_inactive_global_v1,pre_close,2026-06-08T20:24:41Z,2a55ede2#phase10c,123a4575-1c87-47c7-b3d9-8e48b45fa2bc,ok,0.0,high,full,current_phase8,fallback_used,projected,derived_from_projected_minutes,2,0.0133
Julian Champagnie,38017649,SAS,NYK,False,21716136,ra,starter,"stat_grid:component_convolution_mean_coherent_v1+components[reb:pmf_sim_v1+role_aware_pmf_cal_v1:starter+monotone_pit_cdf_v1,ast:pmf_sim_v1+role_aware_pmf_cal_v1:starter+monotone_pit_cdf_v1]+prior_combo[joint_sampler_v1+joint_combo_pmf_v1+role_aware_pmf_cal_v1:starter+monotone_pit_cdf_v1]+stat_grid_final_component_convolution_mean_coherent_v1",phase8_role_aware_pmf_cal_v1+monotone_inactive_global_v1,pre_close,2026-06-08T20:24:41Z,2a55ede2#phase10c,123a4575-1c87-47c7-b3d9-8e48b45fa2bc,ok,0.0,high,full,current_phase8,fallback_used,projected,derived_from_projected_minutes,3,0.0402
Julian Champagnie,38017649,SAS,NYK,False,21716136,ra,starter,"stat_grid:component_convolution_mean_coherent_v1+components[reb:pmf_sim_v1+role_aware_pmf_cal_v1:starter+monotone_pit_cdf_v1,ast:pmf_sim_v1+role_aware_pmf_cal_v1:starter+monotone_pit_cdf_v1]+prior_combo[joint_sampler_v1+joint_combo_pmf_v1+role_aware_pmf_cal_v1:starter+monotone_pit_cdf_v1]+stat_grid_final_component_convolution_mean_coherent_v1",phase8_role_aware_pmf_cal_v1+monotone_inactive_global_v1,pre_close,2026-06-08T20:24:41Z,2a55ede2#phase10c,123a4575-1c87-47c7-b3d9-8e48b45fa2bc,ok,0.0,high,full,current_phase8,fallback_used,projected,derived_from_projected_minutes,4,0.0943
Julian Champagnie,38017649,SAS,NYK,False,21716136,ra,starter,"stat_grid:component_convolution_mean_coherent_v1+components[reb:pmf_sim_v1+role_aware_pmf_cal_v1:starter+monotone_pit_cdf_v1,ast:pmf_sim_v1+role_aware_pmf_cal_v1:starter+monotone_pit_cdf_v1]+prior_combo[joint_sampler_v1+joint_combo_pmf_v1+role_aware_pmf_cal_v1:starter+monotone_pit_cdf_v1]+stat_grid_final_component_convolution_mean_coherent_v1",phase8_role_aware_pmf_cal_v1+monotone_inactive_global_v1,pre_close,2026-06-08T20:24:41Z,2a55ede2#phase10c,123a4575-1c87-47c7-b3d9-8e48b45fa2bc,ok,0.0,high,full,current_phase8,fallback_used,projected,derived_from_projected_minutes,5,0.1536
Julian Champagnie,38017649,SAS,NYK,False,21716136,ra,starter,"stat_grid:component_convolution_mean_coherent_v1+components[reb:pmf_sim_v1+role_aware_pmf_cal_v1:starter+monotone_pit_cdf_v1,ast:pmf_sim_v1+role_aware_pmf_cal_v1:starter+monotone_pit_cdf_v1]+prior_combo[joint_sampler_v1+joint_combo_pmf_v1+role_aware_pmf_cal_v1:starter+monotone_pit_cdf_v1]+stat_grid_final_component_convolution_mean_coherent_v1",phase8_role_aware_pmf_cal_v1+monotone_inactive_global_v1,pre_close,2026-06-08T20:24:41Z,2a55ede2#phase10c,123a4575-1c87-47c7-b3d9-8e48b45fa2bc,ok,0.0,high,full,current_phase8,fallback_used,projected,derived_from_projected_minutes,6,0.1927
Julian Champagnie,38017649,SAS,NYK,False,21716136,ra,starter,"stat_grid:component_convolution_mean_coherent_v1+components[reb:pmf_sim_v1+role_aware_pmf_cal_v1:starter+monotone_pit_cdf_v1,ast:pmf_sim_v1+role_aware_pmf_cal_v1:starter+monotone_pit_cdf_v1]+prior_combo[joint_sampler_v1+joint_combo_pmf_v1+role_aware_pmf_cal_v1:starter+monotone_pit_cdf_v1]+stat_grid_final_component_convolution_mean_coherent_v1",phase8_role_aware_pmf_cal_v1+monotone_inactive_global_v1,pre_close,2026-06-08T20:24:41Z,2a55ede2#phase10c,123a4575-1c87-47c7-b3d9-8e48b45fa2bc,ok,0.0,high,full,current_phase8,fallback_used,projected,derived_from_projected_minutes,7,0.1721
Julian Champagnie,38017649,SAS,NYK,False,21716136,ra,starter,"stat_grid:component_convolution_mean_coherent_v1+components[reb:pmf_sim_v1+role_aware_pmf_cal_v1:starter+monotone_pit_cdf_v1,ast:pmf_sim_v1+role_aware_pmf_cal_v1:starter+monotone_pit_cdf_v1]+prior_combo[joint_sampler_v1+joint_combo_pmf_v1+role_aware_pmf_cal_v1:starter+monotone_pit_cdf_v1]+stat_grid_final_component_convolution_mean_coherent_v1",phase8_role_aware_pmf_cal_v1+monotone_inactive_global_v1,pre_close,2026-06-08T20:24:41Z,2a55ede2#phase10c,123a4575-1c87-47c7-b3d9-8e48b45fa2bc,ok,0.0,high,full,current_phase8,fallback_used,projected,derived_from_projected_minutes,8,0.1428
Julian Champagnie,38017649,SAS,NYK,False,21716136,ra,starter,"stat_grid:component_convolution_mean_coherent_v1+components[reb:pmf_sim_v1+role_aware_pmf_cal_v1:starter+monotone_pit_cdf_v1,ast:pmf_sim_v1+role_aware_pmf_cal_v1:starter+monotone_pit_cdf_v1]+prior_combo[joint_sampler_v1+joint_combo_pmf_v1+role_aware_pmf_cal_v1:starter+monotone_pit_cdf_v1]+stat_grid_final_component_convolution_mean_coherent_v1",phase8_role_aware_pmf_cal_v1+monotone_inactive_global_v1,pre_close,2026-06-08T20:24:41Z,2a55ede2#phase10c,123a4575-1c87-47c7-b3d9-8e48b45fa2bc,ok,0.0,high,full,current_phase8,fallback_used,projected,derived_from_projected_minutes,9,0.1028
Julian Champagnie,38017649,SAS,NYK,False,21716136,ra,starter,"stat_grid:component_convolution_mean_coherent_v1+components[reb:pmf_sim_v1+role_aware_pmf_cal_v1:starter+monotone_pit_cdf_v1,ast:pmf_sim_v1+role_aware_pmf_cal_v1:starter+monotone_pit_cdf_v1]+prior_combo[joint_sampler_v1+joint_combo_pmf_v1+role_aware_pmf_cal_v1:starter+monotone_pit_cdf_v1]+stat_grid_final_component_convolution_mean_coherent_v1",phase8_role_aware_pmf_cal_v1+monotone_inactive_global_v1,pre_close,2026-06-08T20:24:41Z,2a55ede2#phase10c,123a4575-1c87-47c7-b3d9-8e48b45fa2bc,ok,0.0,high,full,current_phase8,fallback_used,projected,derived_from_projected_minutes,10,0.0527
Julian Champagnie,38017649,SAS,NYK,False,21716136,ra,starter,"stat_grid:component_convolution_mean_coherent_v1+components[reb:pmf_sim_v1+role_aware_pmf_cal_v1:starter+monotone_pit_cdf_v1,ast:pmf_sim_v1+role_aware_pmf_cal_v1:starter+monotone_pit_cdf_v1]+prior_combo[joint_sampler_v1+joint_combo_pmf_v1+role_aware_pmf_cal_v1:starter+monotone_pit_cdf_v1]+stat_grid_final_component_convolution_mean_coherent_v1",phase8_role_aware_pmf_cal_v1+monotone_inactive_global_v1,pre_close,2026-06-08T20:24:41Z,2a55ede2#phase10c,123a4575-1c87-47c7-b3d9-8e48b45fa2bc,ok,0.0,high,full,current_phase8,fallback_used,projected,derived_from_projected_minutes,11,0.0205
Julian Champagnie,38017649,SAS,NYK,False,21716136,ra,starter,"stat_grid:component_convolution_mean_coherent_v1+components[reb:pmf_sim_v1+role_aware_pmf_cal_v1:starter+monotone_pit_cdf_v1,ast:pmf_sim_v1+role_aware_pmf_cal_v1:starter+monotone_pit_cdf_v1]+prior_combo[joint_sampler_v1+joint_combo_pmf_v1+role_aware_pmf_cal_v1:starter+monotone_pit_cdf_v1]+stat_grid_final_component_convolution_mean_coherent_v1",phase8_role_aware_pmf_cal_v1+monotone_inactive_global_v1,pre_close,2026-06-08T20:24:41Z,2a55ede2#phase10c,123a4575-1c87-47c7-b3d9-8e48b45fa2bc,ok,0.0,high,full,current_phase8,fallback_used,projected,derived_from_projected_minutes,12,0.0071
Julian Champagnie,38017649,SAS,NYK,False,21716136,ra,starter,"stat_grid:component_convolution_mean_coherent_v1+components[reb:pmf_sim_v1+role_aware_pmf_cal_v1:starter+monotone_pit_cdf_v1,ast:pmf_sim_v1+role_aware_pmf_cal_v1:starter+monotone_pit_cdf_v1]+prior_combo[joint_sampler_v1+joint_combo_pmf_v1+role_aware_pmf_cal_v1:starter+monotone_pit_cdf_v1]+stat_grid_final_component_convolution_mean_coherent_v1",phase8_role_aware_pmf_cal_v1+monotone_inactive_global_v1,pre_close,2026-06-08T20:24:41Z,2a55ede2#phase10c,123a4575-1c87-47c7-b3d9-8e48b45fa2bc,ok,0.0,high,full,current_phase8,fallback_used,projected,derived_from_projected_minutes,13,0.0024
Julian Champagnie,38017649,SAS,NYK,False,21716136,ra,starter,"stat_grid:component_convolution_mean_coherent_v1+components[reb:pmf_sim_v1+role_aware_pmf_cal_v1:starter+monotone_pit_cdf_v1,ast:pmf_sim_v1+role_aware_pmf_cal_v1:starter+monotone_pit_cdf_v1]+prior_combo[joint_sampler_v1+joint_combo_pmf_v1+role_aware_pmf_cal_v1:starter+monotone_pit_cdf_v1]+stat_grid_final_component_convolution_mean_coherent_v1",phase8_role_aware_pmf_cal_v1+monotone_inactive_global_v1,pre_close,2026-06-08T20:24:41Z,2a55ede2#phase10c,123a4575-1c87-47c7-b3d9-8e48b45fa2bc,ok,0.0,high,full,current_phase8,fallback_used,projected,derived_from_projected_minutes,14,0.0009
Julian Champagnie,38017649,SAS,NYK,False,21716136,ra,starter,"stat_grid:component_convolution_mean_coherent_v1+components[reb:pmf_sim_v1+role_aware_pmf_cal_v1:starter+monotone_pit_cdf_v1,ast:pmf_sim_v1+role_aware_pmf_cal_v1:starter+monotone_pit_cdf_v1]+prior_combo[joint_sampler_v1+joint_combo_pmf_v1+role_aware_pmf_cal_v1:starter+monotone_pit_cdf_v1]+stat_grid_final_component_convolution_mean_coherent_v1",phase8_role_aware_pmf_cal_v1+monotone_inactive_global_v1,pre_close,2026-06-08T20:24:41Z,2a55ede2#phase10c,123a4575-1c87-47c7-b3d9-8e48b45fa2bc,ok,0.0,high,full,current_phase8,fallback_used,projected,derived_from_projected_minutes,15,0.0003
Julian Champagnie,38017649,SAS,NYK,False,21716136,ra,starter,"stat_grid:component_convolution_mean_coherent_v1+components[reb:pmf_sim_v1+role_aware_pmf_cal_v1:starter+monotone_pit_cdf_v1,ast:pmf_sim_v1+role_aware_pmf_cal_v1:starter+monotone_pit_cdf_v1]+prior_combo[joint_sampler_v1+joint_combo_pmf_v1+role_aware_pmf_cal_v1:starter+monotone_pit_cdf_v1]+stat_grid_final_component_convolution_mean_coherent_v1",phase8_role_aware_pmf_cal_v1+monotone_inactive_global_v1,pre_close,2026-06-08T20:24:41Z,2a55ede2#phase10c,123a4575-1c87-47c7-b3d9-8e48b45fa2bc,ok,0.0,high,full,current_phase8,fallback_used,projected,derived_from_projected_minutes,16,0.0001
Julian Champagnie,38017649,SAS,NYK,False,21716136,ra,starter,"stat_grid:component_convolution_mean_coherent_v1+components[reb:pmf_sim_v1+role_aware_pmf_cal_v1:starter+monotone_pit_cdf_v1,ast:pmf_sim_v1+role_aware_pmf_cal_v1:starter+monotone_pit_cdf_v1]+prior_combo[joint_sampler_v1+joint_combo_pmf_v1+role_aware_pmf_cal_v1:starter+monotone_pit_cdf_v1]+stat_grid_final_component_convolution_mean_coherent_v1",phase8_role_aware_pmf_cal_v1+monotone_inactive_global_v1,pre_close,2026-06-08T20:24:41Z,2a55ede2#phase10c,123a4575-1c87-47c7-b3d9-8e48b45fa2bc,ok,0.0,high,full,current_phase8,fallback_used,projected,derived_from_projected_minutes,17,0.0
Julian Champagnie,38017649,SAS,NYK,False,21716136,ra,starter,"stat_grid:component_convolution_mean_coherent_v1+components[reb:pmf_sim_v1+role_aware_pmf_cal_v1:starter+monotone_pit_cdf_v1,ast:pmf_sim_v1+role_aware_pmf_cal_v1:starter+monotone_pit_cdf_v1]+prior_combo[joint_sampler_v1+joint_combo_pmf_v1+role_aware_pmf_cal_v1:starter+monotone_pit_cdf_v1]+stat_grid_final_component_convolution_mean_coherent_v1",phase8_role_aware_pmf_cal_v1+monotone_inactive_global_v1,pre_close,2026-06-08T20:24:41Z,2a55ede2#phase10c,123a4575-1c87-47c7-b3d9-8e48b45fa2bc,ok,0.0,high,full,current_phase8,fallback_used,projected,derived_from_projected_minutes,18,0.0
Julian Champagnie,38017649,SAS,NYK,False,21716136,ra,starter,"stat_grid:component_convolution_mean_coherent_v1+components[reb:pmf_sim_v1+role_aware_pmf_cal_v1:starter+monotone_pit_cdf_v1,ast:pmf_sim_v1+role_aware_pmf_cal_v1:starter+monotone_pit_cdf_v1]+prior_combo[joint_sampler_v1+joint_combo_pmf_v1+role_aware_pmf_cal_v1:starter+monotone_pit_cdf_v1]+stat_grid_final_component_convolution_mean_coherent_v1",phase8_role_aware_pmf_cal_v1+monotone_inactive_global_v1,pre_close,2026-06-08T20:24:41Z,2a55ede2#phase10c,123a4575-1c87-47c7-b3d9-8e48b45fa2bc,ok,0.0,high,full,current_phase8,fallback_used,projected,derived_from_projected_minutes,19,0.0
Julian Champagnie,38017649,SAS,NYK,False,21716136,ra,starter,"stat_grid:component_convolution_mean_coherent_v1+components[reb:pmf_sim_v1+role_aware_pmf_cal_v1:starter+monotone_pit_cdf_v1,ast:pmf_sim_v1+role_aware_pmf_cal_v1:starter+monotone_pit_cdf_v1]+prior_combo[joint_sampler_v1+joint_combo_pmf_v1+role_aware_pmf_cal_v1:starter+monotone_pit_cdf_v1]+stat_grid_final_component_convolution_mean_coherent_v1",phase8_role_aware_pmf_cal_v1+monotone_inactive_global_v1,pre_close,2026-06-08T20:24:41Z,2a55ede2#phase10c,123a4575-1c87-47c7-b3d9-8e48b45fa2bc,ok,0.0,high,full,current_phase8,fallback_used,projected,derived_from_projected_minutes,20,0.0
Julian Champagnie,38017649,SAS,NYK,False,21716136,ra,starter,"stat_grid:component_convolution_mean_coherent_v1+components[reb:pmf_sim_v1+role_aware_pmf_cal_v1:starter+monotone_pit_cdf_v1,ast:pmf_sim_v1+role_aware_pmf_cal_v1:starter+monotone_pit_cdf_v1]+prior_combo[joint_sampler_v1+joint_combo_pmf_v1+role_aware_pmf_cal_v1:starter+monotone_pit_cdf_v1]+stat_grid_final_component_convolution_mean_coherent_v1",phase8_role_aware_pmf_cal_v1+monotone_inactive_global_v1,pre_close,2026-06-08T20:24:41Z,2a55ede2#phase10c,123a4575-1c87-47c7-b3d9-8e48b45fa2bc,ok,0.0,high,full,current_phase8,fallback_used,projected,derived_from_projected_minutes,21,0.0
Julian Champagnie,38017649,SAS,NYK,False,21716136,ra,starter,"stat_grid:component_convolution_mean_coherent_v1+components[reb:pmf_sim_v1+role_aware_pmf_cal_v1:starter+monotone_pit_cdf_v1,ast:pmf_sim_v1+role_aware_pmf_cal_v1:starter+monotone_pit_cdf_v1]+prior_combo[joint_sampler_v1+joint_combo_pmf_v1+role_aware_pmf_cal_v1:starter+monotone_pit_cdf_v1]+stat_grid_final_component_convolution_mean_coherent_v1",phase8_role_aware_pmf_cal_v1+monotone_inactive_global_v1,pre_close,2026-06-08T20:24:41Z,2a55ede2#phase10c,123a4575-1c87-47c7-b3d9-8e48b45fa2bc,ok,0.0,high,full,current_phase8,fallback_used,projected,derived_from_projected_minutes,22,0.0
Julian Champagnie,38017649,SAS,NYK,False,21716136,ra,starter,"stat_grid:component_convolution_mean_coherent_v1+components[reb:pmf_sim_v1+role_aware_pmf_cal_v1:starter+monotone_pit_cdf_v1,ast:pmf_sim_v1+role_aware_pmf_cal_v1:starter+monotone_pit_cdf_v1]+prior_combo[joint_sampler_v1+joint_combo_pmf_v1+role_aware_pmf_cal_v1:starter+monotone_pit_cdf_v1]+stat_grid_final_component_convolution_mean_coherent_v1",phase8_role_aware_pmf_cal_v1+monotone_inactive_global_v1,pre_close,2026-06-08T20:24:41Z,2a55ede2#phase10c,123a4575-1c87-47c7-b3d9-8e48b45fa2bc,ok,0.0,high,full,current_phase8,fallback_used,projected,derived_from_projected_minutes,23,0.0
Julian Champagnie,38017649,SAS,NYK,False,21716136,ra,starter,"stat_grid:component_convolution_mean_coherent_v1+components[reb:pmf_sim_v1+role_aware_pmf_cal_v1:starter+monotone_pit_cdf_v1,ast:pmf_sim_v1+role_aware_pmf_cal_v1:starter+monotone_pit_cdf_v1]+prior_combo[joint_sampler_v1+joint_combo_pmf_v1+role_aware_pmf_cal_v1:starter+monotone_pit_cdf_v1]+stat_grid_final_component_convolution_mean_coherent_v1",phase8_role_aware_pmf_cal_v1+monotone_inactive_global_v1,pre_close,2026-06-08T20:24:41Z,2a55ede2#phase10c,123a4575-1c87-47c7-b3d9-8e48b45fa2bc,ok,0.0,high,full,current_phase8,fallback_used,projected,derived_from_projected_minutes,24,0.0
Julian Champagnie,38017649,SAS,NYK,False,21716136,ra,starter,"stat_grid:component_convolution_mean_coherent_v1+components[reb:pmf_sim_v1+role_aware_pmf_cal_v1:starter+monotone_pit_cdf_v1,ast:pmf_sim_v1+role_aware_pmf_cal_v1:starter+monotone_pit_cdf_v1]+prior_combo[joint_sampler_v1+joint_combo_pmf_v1+role_aware_pmf_cal_v1:starter+monotone_pit_cdf_v1]+stat_grid_final_component_convolution_mean_coherent_v1",phase8_role_aware_pmf_cal_v1+monotone_inactive_global_v1,pre_close,2026-06-08T20:24:41Z,2a55ede2#phase10c,123a4575-1c87-47c7-b3d9-8e48b45fa2bc,ok,0.0,high,full,current_phase8,fallback_used,projected,derived_from_projected_minutes,25,0.0
Julian Champagnie,38017649,SAS,NYK,False,21716136,ra,starter,"stat_grid:component_convolution_mean_coherent_v1+components[reb:pmf_sim_v1+role_aware_pmf_cal_v1:starter+monotone_pit_cdf_v1,ast:pmf_sim_v1+role_aware_pmf_cal_v1:starter+monotone_pit_cdf_v1]+prior_combo[joint_sampler_v1+joint_combo_pmf_v1+role_aware_pmf_cal_v1:starter+monotone_pit_cdf_v1]+stat_grid_final_component_convolution_mean_coherent_v1",phase8_role_aware_pmf_cal_v1+monotone_inactive_global_v1,pre_close,2026-06-08T20:24:41Z,2a55ede2#phase10c,123a4575-1c87-47c7-b3d9-8e48b45fa2bc,ok,0.0,high,full,current_phase8,fallback_used,projected,derived_from_projected_minutes,26,0.0
Julian Champagnie,38017649,SAS,NYK,False,21716136,ra,starter,"stat_grid:component_convolution_mean_coherent_v1+components[reb:pmf_sim_v1+role_aware_pmf_cal_v1:starter+monotone_pit_cdf_v1,ast:pmf_sim_v1+role_aware_pmf_cal_v1:starter+monotone_pit_cdf_v1]+prior_combo[joint_sampler_v1+joint_combo_pmf_v1+role_aware_pmf_cal_v1:starter+monotone_pit_cdf_v1]+stat_grid_final_component_convolution_mean_coherent_v1",phase8_role_aware_pmf_cal_v1+monotone_inactive_global_v1,pre_close,2026-06-08T20:24:41Z,2a55ede2#phase10c,123a4575-1c87-47c7-b3d9-8e48b45fa2bc,ok,0.0,high,full,current_phase8,fallback_used,projected,derived_from_projected_minutes,27,0.0
Julian Champagnie,38017649,SAS,NYK,False,21716136,ra,starter,"stat_grid:component_convolution_mean_coherent_v1+components[reb:pmf_sim_v1+role_aware_pmf_cal_v1:starter+monotone_pit_cdf_v1,ast:pmf_sim_v1+role_aware_pmf_cal_v1:starter+monotone_pit_cdf_v1]+prior_combo[joint_sampler_v1+joint_combo_pmf_v1+role_aware_pmf_cal_v1:starter+monotone_pit_cdf_v1]+stat_grid_final_component_convolution_mean_coherent_v1",phase8_role_aware_pmf_cal_v1+monotone_inactive_global_v1,pre_close,2026-06-08T20:24:41Z,2a55ede2#phase10c,123a4575-1c87-47c7-b3d9-8e48b45fa2bc,ok,0.0,high,full,current_phase8,fallback_used,projected,derived_from_projected_minutes,28,0.0
Julian Champagnie,38017649,SAS,NYK,False,21716136,ra,starter,"stat_grid:component_convolution_mean_coherent_v1+components[reb:pmf_sim_v1+role_aware_pmf_cal_v1:starter+monotone_pit_cdf_v1,ast:pmf_sim_v1+role_aware_pmf_cal_v1:starter+monotone_pit_cdf_v1]+prior_combo[joint_sampler_v1+joint_combo_pmf_v1+role_aware_pmf_cal_v1:starter+monotone_pit_cdf_v1]+stat_grid_final_component_convolution_mean_coherent_v1",phase8_role_aware_pmf_cal_v1+monotone_inactive_global_v1,pre_close,2026-06-08T20:24:41Z,2a55ede2#phase10c,123a4575-1c87-47c7-b3d9-8e48b45fa2bc,ok,0.0,high,full,current_phase8,fallback_used,projected,derived_from_projected_minutes,29,0.0
Julian Champagnie,38017649,SAS,NYK,False,21716136,ra,starter,"stat_grid:component_convolution_mean_coherent_v1+components[reb:pmf_sim_v1+role_aware_pmf_cal_v1:starter+monotone_pit_cdf_v1,ast:pmf_sim_v1+role_aware_pmf_cal_v1:starter+monotone_pit_cdf_v1]+prior_combo[joint_sampler_v1+joint_combo_pmf_v1+role_aware_pmf_cal_v1:starter+monotone_pit_cdf_v1]+stat_grid_final_component_convolution_mean_coherent_v1",phase8_role_aware_pmf_cal_v1+monotone_inactive_global_v1,pre_close,2026-06-08T20:24:41Z,2a55ede2#phase10c,123a4575-1c87-47c7-b3d9-8e48b45fa2bc,ok,0.0,high,full,current_phase8,fallback_used,projected,derived_from_projected_minutes,30,0.0
Julian Champagnie,38017649,SAS,NYK,False,21716136,ra,starter,"stat_grid:component_convolution_mean_coherent_v1+components[reb:pmf_sim_v1+role_aware_pmf_cal_v1:starter+monotone_pit_cdf_v1,ast:pmf_sim_v1+role_aware_pmf_cal_v1:starter+monotone_pit_cdf_v1]+prior_combo[joint_sampler_v1+joint_combo_pmf_v1+role_aware_pmf_cal_v1:starter+monotone_pit_cdf_v1]+stat_grid_final_component_convolution_mean_coherent_v1",phase8_role_aware_pmf_cal_v1+monotone_inactive_global_v1,pre_close,2026-06-08T20:24:41Z,2a55ede2#phase10c,123a4575-1c87-47c7-b3d9-8e48b45fa2bc,ok,0.0,high,full,current_phase8,fallback_used,projected,derived_from_projected_minutes,31,0.0
Julian Champagnie,38017649,SAS,NYK,False,21716136,ra,starter,"stat_grid:component_convolution_mean_coherent_v1+components[reb:pmf_sim_v1+role_aware_pmf_cal_v1:starter+monotone_pit_cdf_v1,ast:pmf_sim_v1+role_aware_pmf_cal_v1:starter+monotone_pit_cdf_v1]+prior_combo[joint_sampler_v1+joint_combo_pmf_v1+role_aware_pmf_cal_v1:starter+monotone_pit_cdf_v1]+stat_grid_final_component_convolution_mean_coherent_v1",phase8_role_aware_pmf_cal_v1+monotone_inactive_global_v1,pre_close,2026-06-08T20:24:41Z,2a55ede2#phase10c,123a4575-1c87-47c7-b3d9-8e48b45fa2bc,ok,0.0,high,full,current_phase8,fallback_used,projected,derived_from_projected_minutes,32,0.0
Julian Champagnie,38017649,SAS,NYK,False,21716136,ra,starter,"stat_grid:component_convolution_mean_coherent_v1+components[reb:pmf_sim_v1+role_aware_pmf_cal_v1:starter+monotone_pit_cdf_v1,ast:pmf_sim_v1+role_aware_pmf_cal_v1:starter+monotone_pit_cdf_v1]+prior_combo[joint_sampler_v1+joint_combo_pmf_v1+role_aware_pmf_cal_v1:starter+monotone_pit_cdf_v1]+stat_grid_final_component_convolution_mean_coherent_v1",phase8_role_aware_pmf_cal_v1+monotone_inactive_global_v1,pre_close,2026-06-08T20:24:41Z,2a55ede2#phase10c,123a4575-1c87-47c7-b3d9-8e48b45fa2bc,ok,0.0,high,full,current_phase8,fallback_used,projected,derived_from_projected_minutes,33,0.0
Julian Champagnie,38017649,SAS,NYK,False,21716136,ra,starter,"stat_grid:component_convolution_mean_coherent_v1+components[reb:pmf_sim_v1+role_aware_pmf_cal_v1:starter+monotone_pit_cdf_v1,ast:pmf_sim_v1+role_aware_pmf_cal_v1:starter+monotone_pit_cdf_v1]+prior_combo[joint_sampler_v1+joint_combo_pmf_v1+role_aware_pmf_cal_v1:starter+monotone_pit_cdf_v1]+stat_grid_final_component_convolution_mean_coherent_v1",phase8_role_aware_pmf_cal_v1+monotone_inactive_global_v1,pre_close,2026-06-08T20:24:41Z,2a55ede2#phase10c,123a4575-1c87-47c7-b3d9-8e48b45fa2bc,ok,0.0,high,full,current_phase8,fallback_used,projected,derived_from_projected_minutes,34,0.0
Julian Champagnie,38017649,SAS,NYK,False,21716136,ra,starter,"stat_grid:component_convolution_mean_coherent_v1+components[reb:pmf_sim_v1+role_aware_pmf_cal_v1:starter+monotone_pit_cdf_v1,ast:pmf_sim_v1+role_aware_pmf_cal_v1:starter+monotone_pit_cdf_v1]+prior_combo[joint_sampler_v1+joint_combo_pmf_v1+role_aware_pmf_cal_v1:starter+monotone_pit_cdf_v1]+stat_grid_final_component_convolution_mean_coherent_v1",phase8_role_aware_pmf_cal_v1+monotone_inactive_global_v1,pre_close,2026-06-08T20:24:41Z,2a55ede2#phase10c,123a4575-1c87-47c7-b3d9-8e48b45fa2bc,ok,0.0,high,full,current_phase8,fallback_used,projected,derived_from_projected_minutes,35,0.0
Julian Champagnie,38017649,SAS,NYK,False,21716136,ra,starter,"stat_grid:component_convolution_mean_coherent_v1+components[reb:pmf_sim_v1+role_aware_pmf_cal_v1:starter+monotone_pit_cdf_v1,ast:pmf_sim_v1+role_aware_pmf_cal_v1:starter+monotone_pit_cdf_v1]+prior_combo[joint_sampler_v1+joint_combo_pmf_v1+role_aware_pmf_cal_v1:starter+monotone_pit_cdf_v1]+stat_grid_final_component_convolution_mean_coherent_v1",phase8_role_aware_pmf_cal_v1+monotone_inactive_global_v1,pre_close,2026-06-08T20:24:41Z,2a55ede2#phase10c,123a4575-1c87-47c7-b3d9-8e48b45fa2bc,ok,0.0,high,full,current_phase8,fallback_used,projected,derived_from_projected_minutes,36,0.0
Julian Champagnie,38017649,SAS,NYK,False,21716136,ra,starter,"stat_grid:component_convolution_mean_coherent_v1+components[reb:pmf_sim_v1+role_aware_pmf_cal_v1:starter+monotone_pit_cdf_v1,ast:pmf_sim_v1+role_aware_pmf_cal_v1:starter+monotone_pit_cdf_v1]+prior_combo[joint_sampler_v1+joint_combo_pmf_v1+role_aware_pmf_cal_v1:starter+monotone_pit_cdf_v1]+stat_grid_final_component_convolution_mean_coherent_v1",phase8_role_aware_pmf_cal_v1+monotone_inactive_global_v1,pre_close,2026-06-08T20:24:41Z,2a55ede2#phase10c,123a4575-1c87-47c7-b3d9-8e48b45fa2bc,ok,0.0,high,full,current_phase8,fallback_used,projected,derived_from_projected_minutes,37,0.0
Julian Champagnie,38017649,SAS,NYK,False,21716136,ra,starter,"stat_grid:component_convolution_mean_coherent_v1+components[reb:pmf_sim_v1+role_aware_pmf_cal_v1:starter+monotone_pit_cdf_v1,ast:pmf_sim_v1+role_aware_pmf_cal_v1:starter+monotone_pit_cdf_v1]+prior_combo[joint_sampler_v1+joint_combo_pmf_v1+role_aware_pmf_cal_v1:starter+monotone_pit_cdf_v1]+stat_grid_final_component_convolution_mean_coherent_v1",phase8_role_aware_pmf_cal_v1+monotone_inactive_global_v1,pre_close,2026-06-08T20:24:41Z,2a55ede2#phase10c,123a4575-1c87-47c7-b3d9-8e48b45fa2bc,ok,0.0,high,full,current_phase8,fallback_used,projected,derived_from_projected_minutes,38,0.0
Julian Champagnie,38017649,SAS,NYK,False,21716136,ra,starter,"stat_grid:component_convolution_mean_coherent_v1+components[reb:pmf_sim_v1+role_aware_pmf_cal_v1:starter+monotone_pit_cdf_v1,ast:pmf_sim_v1+role_aware_pmf_cal_v1:starter+monotone_pit_cdf_v1]+prior_combo[joint_sampler_v1+joint_combo_pmf_v1+role_aware_pmf_cal_v1:starter+monotone_pit_cdf_v1]+stat_grid_final_component_convolution_mean_coherent_v1",phase8_role_aware_pmf_cal_v1+monotone_inactive_global_v1,pre_close,2026-06-08T20:24:41Z,2a55ede2#phase10c,123a4575-1c87-47c7-b3d9-8e48b45fa2bc,ok,0.0,high,full,current_phase8,fallback_used,projected,derived_from_projected_minutes,39,0.0
Julian Champagnie,38017649,SAS,NYK,False,21716136,ra,starter,"stat_grid:component_convolution_mean_coherent_v1+components[reb:pmf_sim_v1+role_aware_pmf_cal_v1:starter+monotone_pit_cdf_v1,ast:pmf_sim_v1+role_aware_pmf_cal_v1:starter+monotone_pit_cdf_v1]+prior_combo[joint_sampler_v1+joint_combo_pmf_v1+role_aware_pmf_cal_v1:starter+monotone_pit_cdf_v1]+stat_grid_final_component_convolution_mean_coherent_v1",phase8_role_aware_pmf_cal_v1+monotone_inactive_global_v1,pre_close,2026-06-08T20:24:41Z,2a55ede2#phase10c,123a4575-1c87-47c7-b3d9-8e48b45fa2bc,ok,0.0,high,full,current_phase8,fallback_used,projected,derived_from_projected_minutes,40,0.0
Julian Champagnie,38017649,SAS,NYK,False,21716136,ra,starter,"stat_grid:component_convolution_mean_coherent_v1+components[reb:pmf_sim_v1+role_aware_pmf_cal_v1:starter+monotone_pit_cdf_v1,ast:pmf_sim_v1+role_aware_pmf_cal_v1:starter+monotone_pit_cdf_v1]+prior_combo[joint_sampler_v1+joint_combo_pmf_v1+role_aware_pmf_cal_v1:starter+monotone_pit_cdf_v1]+stat_grid_final_component_convolution_mean_coherent_v1",phase8_role_aware_pmf_cal_v1+monotone_inactive_global_v1,pre_close,2026-06-08T20:24:41Z,2a55ede2#phase10c,123a4575-1c87-47c7-b3d9-8e48b45fa2bc,ok,0.0,high,full,current_phase8,fallback_used,projected,derived_from_projected_minutes,41,0.0
Julian Champagnie,38017649,SAS,NYK,False,21716136,ra,starter,"stat_grid:component_convolution_mean_coherent_v1+components[reb:pmf_sim_v1+role_aware_pmf_cal_v1:starter+monotone_pit_cdf_v1,ast:pmf_sim_v1+role_aware_pmf_cal_v1:starter+monotone_pit_cdf_v1]+prior_combo[joint_sampler_v1+joint_combo_pmf_v1+role_aware_pmf_cal_v1:starter+monotone_pit_cdf_v1]+stat_grid_final_component_convolution_mean_coherent_v1",phase8_role_aware_pmf_cal_v1+monotone_inactive_global_v1,pre_close,2026-06-08T20:24:41Z,2a55ede2#phase10c,123a4575-1c87-47c7-b3d9-8e48b45fa2bc,ok,0.0,high,full,current_phase8,fallback_used,projected,derived_from_projected_minutes,42,0.0
Julian Champagnie,38017649,SAS,NYK,False,21716136,ra,starter,"stat_grid:component_convolution_mean_coherent_v1+components[reb:pmf_sim_v1+role_aware_pmf_cal_v1:starter+monotone_pit_cdf_v1,ast:pmf_sim_v1+role_aware_pmf_cal_v1:starter+monotone_pit_cdf_v1]+prior_combo[joint_sampler_v1+joint_combo_pmf_v1+role_aware_pmf_cal_v1:starter+monotone_pit_cdf_v1]+stat_grid_final_component_convolution_mean_coherent_v1",phase8_role_aware_pmf_cal_v1+monotone_inactive_global_v1,pre_close,2026-06-08T20:24:41Z,2a55ede2#phase10c,123a4575-1c87-47c7-b3d9-8e48b45fa2bc,ok,0.0,high,full,current_phase8,fallback_used,projected,derived_from_projected_minutes,43,0.0
Julian Champagnie,38017649,SAS,NYK,False,21716136,ra,starter,"stat_grid:component_convolution_mean_coherent_v1+components[reb:pmf_sim_v1+role_aware_pmf_cal_v1:starter+monotone_pit_cdf_v1,ast:pmf_sim_v1+role_aware_pmf_cal_v1:starter+monotone_pit_cdf_v1]+prior_combo[joint_sampler_v1+joint_combo_pmf_v1+role_aware_pmf_cal_v1:starter+monotone_pit_cdf_v1]+stat_grid_final_component_convolution_mean_coherent_v1",phase8_role_aware_pmf_cal_v1+monotone_inactive_global_v1,pre_close,2026-06-08T20:24:41Z,2a55ede2#phase10c,123a4575-1c87-47c7-b3d9-8e48b45fa2bc,ok,0.0,high,full,current_phase8,fallback_used,projected,derived_from_projected_minutes,44,0.0
Julian Champagnie,38017649,SAS,NYK,False,21716136,ra,starter,"stat_grid:component_convolution_mean_coherent_v1+components[reb:pmf_sim_v1+role_aware_pmf_cal_v1:starter+monotone_pit_cdf_v1,ast:pmf_sim_v1+role_aware_pmf_cal_v1:starter+monotone_pit_cdf_v1]+prior_combo[joint_sampler_v1+joint_combo_pmf_v1+role_aware_pmf_cal_v1:starter+monotone_pit_cdf_v1]+stat_grid_final_component_convolution_mean_coherent_v1",phase8_role_aware_pmf_cal_v1+monotone_inactive_global_v1,pre_close,2026-06-08T20:24:41Z,2a55ede2#phase10c,123a4575-1c87-47c7-b3d9-8e48b45fa2bc,ok,0.0,high,full,current_phase8,fallback_used,projected,derived_from_projected_minutes,45,0.0
Julian Champagnie,38017649,SAS,NYK,False,21716136,ra,starter,"stat_grid:component_convolution_mean_coherent_v1+components[reb:pmf_sim_v1+role_aware_pmf_cal_v1:starter+monotone_pit_cdf_v1,ast:pmf_sim_v1+role_aware_pmf_cal_v1:starter+monotone_pit_cdf_v1]+prior_combo[joint_sampler_v1+joint_combo_pmf_v1+role_aware_pmf_cal_v1:starter+monotone_pit_cdf_v1]+stat_grid_final_component_convolution_mean_coherent_v1",phase8_role_aware_pmf_cal_v1+monotone_inactive_global_v1,pre_close,2026-06-08T20:24:41Z,2a55ede2#phase10c,123a4575-1c87-47c7-b3d9-8e48b45fa2bc,ok,0.0,high,full,current_phase8,fallback_used,projected,derived_from_projected_minutes,46,0.0
Julian Champagnie,38017649,SAS,NYK,False,21716136,ra,starter,"stat_grid:component_convolution_mean_coherent_v1+components[reb:pmf_sim_v1+role_aware_pmf_cal_v1:starter+monotone_pit_cdf_v1,ast:pmf_sim_v1+role_aware_pmf_cal_v1:starter+monotone_pit_cdf_v1]+prior_combo[joint_sampler_v1+joint_combo_pmf_v1+role_aware_pmf_cal_v1:starter+monotone_pit_cdf_v1]+stat_grid_final_component_convolution_mean_coherent_v1",phase8_role_aware_pmf_cal_v1+monotone_inactive_global_v1,pre_close,2026-06-08T20:24:41Z,2a55ede2#phase10c,123a4575-1c87-47c7-b3d9-8e48b45fa2bc,ok,0.0,high,full,current_phase8,fallback_used,projected,derived_from_projected_minutes,47,0.0
Julian Champagnie,38017649,SAS,NYK,False,21716136,pra,starter,"stat_grid:component_convolution_mean_coherent_v1+components[pts:pmf_sim_v1+role_aware_pmf_cal_v1:starter+monotone_pit_cdf_v1,reb:pmf_sim_v1+role_aware_pmf_cal_v1:starter+monotone_pit_cdf_v1,ast:pmf_sim_v1+role_aware_pmf_cal_v1:starter+monotone_pit_cdf_v1]+prior_combo[joint_sampler_v1+joint_combo_pmf_v1+role_aware_pmf_cal_v1:starter+monotone_pit_cdf_v1]+stat_grid_final_component_convolution_mean_coherent_v1",phase8_role_aware_pmf_cal_v1+monotone_inactive_global_v1,pre_close,2026-06-08T20:24:41Z,2a55ede2#phase10c,123a4575-1c87-47c7-b3d9-8e48b45fa2bc,ok,0.0,high,full,current_phase8,fallback_used,projected,derived_from_projected_minutes,0,0.0
Julian Champagnie,38017649,SAS,NYK,False,21716136,pra,starter,"stat_grid:component_convolution_mean_coherent_v1+components[pts:pmf_sim_v1+role_aware_pmf_cal_v1:starter+monotone_pit_cdf_v1,reb:pmf_sim_v1+role_aware_pmf_cal_v1:starter+monotone_pit_cdf_v1,ast:pmf_sim_v1+role_aware_pmf_cal_v1:starter+monotone_pit_cdf_v1]+prior_combo[joint_sampler_v1+joint_combo_pmf_v1+role_aware_pmf_cal_v1:starter+monotone_pit_cdf_v1]+stat_grid_final_component_convolution_mean_coherent_v1",phase8_role_aware_pmf_cal_v1+monotone_inactive_global_v1,pre_close,2026-06-08T20:24:41Z,2a55ede2#phase10c,123a4575-1c87-47c7-b3d9-8e48b45fa2bc,ok,0.0,high,full,current_phase8,fallback_used,projected,derived_from_projected_minutes,1,0.0
Julian Champagnie,38017649,SAS,NYK,False,21716136,pra,starter,"stat_grid:component_convolution_mean_coherent_v1+components[pts:pmf_sim_v1+role_aware_pmf_cal_v1:starter+monotone_pit_cdf_v1,reb:pmf_sim_v1+role_aware_pmf_cal_v1:starter+monotone_pit_cdf_v1,ast:pmf_sim_v1+role_aware_pmf_cal_v1:starter+monotone_pit_cdf_v1]+prior_combo[joint_sampler_v1+joint_combo_pmf_v1+role_aware_pmf_cal_v1:starter+monotone_pit_cdf_v1]+stat_grid_final_component_convolution_mean_coherent_v1",phase8_role_aware_pmf_cal_v1+monotone_inactive_global_v1,pre_close,2026-06-08T20:24:41Z,2a55ede2#phase10c,123a4575-1c87-47c7-b3d9-8e48b45fa2bc,ok,0.0,high,full,current_phase8,fallback_used,projected,derived_from_projected_minutes,2,0.0001
Julian Champagnie,38017649,SAS,NYK,False,21716136,pra,starter,"stat_grid:component_convolution_mean_coherent_v1+components[pts:pmf_sim_v1+role_aware_pmf_cal_v1:starter+monotone_pit_cdf_v1,reb:pmf_sim_v1+role_aware_pmf_cal_v1:starter+monotone_pit_cdf_v1,ast:pmf_sim_v1+role_aware_pmf_cal_v1:starter+monotone_pit_cdf_v1]+prior_combo[joint_sampler_v1+joint_combo_pmf_v1+role_aware_pmf_cal_v1:starter+monotone_pit_cdf_v1]+stat_grid_final_component_convolution_mean_coherent_v1",phase8_role_aware_pmf_cal_v1+monotone_inactive_global_v1,pre_close,2026-06-08T20:24:41Z,2a55ede2#phase10c,123a4575-1c87-47c7-b3d9-8e48b45fa2bc,ok,0.0,high,full,current_phase8,fallback_used,projected,derived_from_projected_minutes,3,0.0004
Julian Champagnie,38017649,SAS,NYK,False,21716136,pra,starter,"stat_grid:component_convolution_mean_coherent_v1+components[pts:pmf_sim_v1+role_aware_pmf_cal_v1:starter+monotone_pit_cdf_v1,reb:pmf_sim_v1+role_aware_pmf_cal_v1:starter+monotone_pit_cdf_v1,ast:pmf_sim_v1+role_aware_pmf_cal_v1:starter+monotone_pit_cdf_v1]+prior_combo[joint_sampler_v1+joint_combo_pmf_v1+role_aware_pmf_cal_v1:starter+monotone_pit_cdf_v1]+stat_grid_final_component_convolution_mean_coherent_v1",phase8_role_aware_pmf_cal_v1+monotone_inactive_global_v1,pre_close,2026-06-08T20:24:41Z,2a55ede2#phase10c,123a4575-1c87-47c7-b3d9-8e48b45fa2bc,ok,0.0,high,full,current_phase8,fallback_used,projected,derived_from_projected_minutes,4,0.0013
Julian Champagnie,38017649,SAS,NYK,False,21716136,pra,starter,"stat_grid:component_convolution_mean_coherent_v1+components[pts:pmf_sim_v1+role_aware_pmf_cal_v1:starter+monotone_pit_cdf_v1,reb:pmf_sim_v1+role_aware_pmf_cal_v1:starter+monotone_pit_cdf_v1,ast:pmf_sim_v1+role_aware_pmf_cal_v1:starter+monotone_pit_cdf_v1]+prior_combo[joint_sampler_v1+joint_combo_pmf_v1+role_aware_pmf_cal_v1:starter+monotone_pit_cdf_v1]+stat_grid_final_component_convolution_mean_coherent_v1",phase8_role_aware_pmf_cal_v1+monotone_inactive_global_v1,pre_close,2026-06-08T20:24:41Z,2a55ede2#phase10c,123a4575-1c87-47c7-b3d9-8e48b45fa2bc,ok,0.0,high,full,current_phase8,fallback_used,projected,derived_from_projected_minutes,5,0.0034
Julian Champagnie,38017649,SAS,NYK,False,21716136,pra,starter,"stat_grid:component_convolution_mean_coherent_v1+components[pts:pmf_sim_v1+role_aware_pmf_cal_v1:starter+monotone_pit_cdf_v1,reb:pmf_sim_v1+role_aware_pmf_cal_v1:starter+monotone_pit_cdf_v1,ast:pmf_sim_v1+role_aware_pmf_cal_v1:starter+monotone_pit_cdf_v1]+prior_combo[joint_sampler_v1+joint_combo_pmf_v1+role_aware_pmf_cal_v1:starter+monotone_pit_cdf_v1]+stat_grid_final_component_convolution_mean_coherent_v1",phase8_role_aware_pmf_cal_v1+monotone_inactive_global_v1,pre_close,2026-06-08T20:24:41Z,2a55ede2#phase10c,123a4575-1c87-47c7-b3d9-8e48b45fa2bc,ok,0.0,high,full,current_phase8,fallback_used,projected,derived_from_projected_minutes,6,0.0072
Julian Champagnie,38017649,SAS,NYK,False,21716136,pra,starter,"stat_grid:component_convolution_mean_coherent_v1+components[pts:pmf_sim_v1+role_aware_pmf_cal_v1:starter+monotone_pit_cdf_v1,reb:pmf_sim_v1+role_aware_pmf_cal_v1:starter+monotone_pit_cdf_v1,ast:pmf_sim_v1+role_aware_pmf_cal_v1:starter+monotone_pit_cdf_v1]+prior_combo[joint_sampler_v1+joint_combo_pmf_v1+role_aware_pmf_cal_v1:starter+monotone_pit_cdf_v1]+stat_grid_final_component_convolution_mean_coherent_v1",phase8_role_aware_pmf_cal_v1+monotone_inactive_global_v1,pre_close,2026-06-08T20:24:41Z,2a55ede2#phase10c,123a4575-1c87-47c7-b3d9-8e48b45fa2bc,ok,0.0,high,full,current_phase8,fallback_used,projected,derived_from_projected_minutes,7,0.0132
Julian Champagnie,38017649,SAS,NYK,False,21716136,pra,starter,"stat_grid:component_convolution_mean_coherent_v1+components[pts:pmf_sim_v1+role_aware_pmf_cal_v1:starter+monotone_pit_cdf_v1,reb:pmf_sim_v1+role_aware_pmf_cal_v1:starter+monotone_pit_cdf_v1,ast:pmf_sim_v1+role_aware_pmf_cal_v1:starter+monotone_pit_cdf_v1]+prior_combo[joint_sampler_v1+joint_combo_pmf_v1+role_aware_pmf_cal_v1:starter+monotone_pit_cdf_v1]+stat_grid_final_component_convolution_mean_coherent_v1",phase8_role_aware_pmf_cal_v1+monotone_inactive_global_v1,pre_close,2026-06-08T20:24:41Z,2a55ede2#phase10c,123a4575-1c87-47c7-b3d9-8e48b45fa2bc,ok,0.0,high,full,current_phase8,fallback_used,projected,derived_from_projected_minutes,8,0.0213
Julian Champagnie,38017649,SAS,NYK,False,21716136,pra,starter,"stat_grid:component_convolution_mean_coherent_v1+components[pts:pmf_sim_v1+role_aware_pmf_cal_v1:starter+monotone_pit_cdf_v1,reb:pmf_sim_v1+role_aware_pmf_cal_v1:starter+monotone_pit_cdf_v1,ast:pmf_sim_v1+role_aware_pmf_cal_v1:starter+monotone_pit_cdf_v1]+prior_combo[joint_sampler_v1+joint_combo_pmf_v1+role_aware_pmf_cal_v1:starter+monotone_pit_cdf_v1]+stat_grid_final_component_convolution_mean_coherent_v1",phase8_role_aware_pmf_cal_v1+monotone_inactive_global_v1,pre_close,2026-06-08T20:24:41Z,2a55ede2#phase10c,123a4575-1c87-47c7-b3d9-8e48b45fa2bc,ok,0.0,high,full,current_phase8,fallback_used,projected,derived_from_projected_minutes,9,0.0311
Julian Champagnie,38017649,SAS,NYK,False,21716136,pra,starter,"stat_grid:component_convolution_mean_coherent_v1+components[pts:pmf_sim_v1+role_aware_pmf_cal_v1:starter+monotone_pit_cdf_v1,reb:pmf_sim_v1+role_aware_pmf_cal_v1:starter+monotone_pit_cdf_v1,ast:pmf_sim_v1+role_aware_pmf_cal_v1:starter+monotone_pit_cdf_v1]+prior_combo[joint_sampler_v1+joint_combo_pmf_v1+role_aware_pmf_cal_v1:starter+monotone_pit_cdf_v1]+stat_grid_final_component_convolution_mean_coherent_v1",phase8_role_aware_pmf_cal_v1+monotone_inactive_global_v1,pre_close,2026-06-08T20:24:41Z,2a55ede2#phase10c,123a4575-1c87-47c7-b3d9-8e48b45fa2bc,ok,0.0,high,full,current_phase8,fallback_used,projected,derived_from_projected_minutes,10,0.042
Julian Champagnie,38017649,SAS,NYK,False,21716136,pra,starter,"stat_grid:component_convolution_mean_coherent_v1+components[pts:pmf_sim_v1+role_aware_pmf_cal_v1:starter+monotone_pit_cdf_v1,reb:pmf_sim_v1+role_aware_pmf_cal_v1:starter+monotone_pit_cdf_v1,ast:pmf_sim_v1+role_aware_pmf_cal_v1:starter+monotone_pit_cdf_v1]+prior_combo[joint_sampler_v1+joint_combo_pmf_v1+role_aware_pmf_cal_v1:starter+monotone_pit_cdf_v1]+stat_grid_final_component_convolution_mean_coherent_v1",phase8_role_aware_pmf_cal_v1+monotone_inactive_global_v1,pre_close,2026-06-08T20:24:41Z,2a55ede2#phase10c,123a4575-1c87-47c7-b3d9-8e48b45fa2bc,ok,0.0,high,full,current_phase8,fallback_used,projected,derived_from_projected_minutes,11,0.0527
Julian Champagnie,38017649,SAS,NYK,False,21716136,pra,starter,"stat_grid:component_convolution_mean_coherent_v1+components[pts:pmf_sim_v1+role_aware_pmf_cal_v1:starter+monotone_pit_cdf_v1,reb:pmf_sim_v1+role_aware_pmf_cal_v1:starter+monotone_pit_cdf_v1,ast:pmf_sim_v1+role_aware_pmf_cal_v1:starter+monotone_pit_cdf_v1]+prior_combo[joint_sampler_v1+joint_combo_pmf_v1+role_aware_pmf_cal_v1:starter+monotone_pit_cdf_v1]+stat_grid_final_component_convolution_mean_coherent_v1",phase8_role_aware_pmf_cal_v1+monotone_inactive_global_v1,pre_close,2026-06-08T20:24:41Z,2a55ede2#phase10c,123a4575-1c87-47c7-b3d9-8e48b45fa2bc,ok,0.0,high,full,current_phase8,fallback_used,projected,derived_from_projected_minutes,12,0.0624
Julian Champagnie,38017649,SAS,NYK,False,21716136,pra,starter,"stat_grid:component_convolution_mean_coherent_v1+components[pts:pmf_sim_v1+role_aware_pmf_cal_v1:starter+monotone_pit_cdf_v1,reb:pmf_sim_v1+role_aware_pmf_cal_v1:starter+monotone_pit_cdf_v1,ast:pmf_sim_v1+role_aware_pmf_cal_v1:starter+monotone_pit_cdf_v1]+prior_combo[joint_sampler_v1+joint_combo_pmf_v1+role_aware_pmf_cal_v1:starter+monotone_pit_cdf_v1]+stat_grid_final_component_convolution_mean_coherent_v1",phase8_role_aware_pmf_cal_v1+monotone_inactive_global_v1,pre_close,2026-06-08T20:24:41Z,2a55ede2#phase10c,123a4575-1c87-47c7-b3d9-8e48b45fa2bc,ok,0.0,high,full,current_phase8,fallback_used,projected,derived_from_projected_minutes,13,0.07
Julian Champagnie,38017649,SAS,NYK,False,21716136,pra,starter,"stat_grid:component_convolution_mean_coherent_v1+components[pts:pmf_sim_v1+role_aware_pmf_cal_v1:starter+monotone_pit_cdf_v1,reb:pmf_sim_v1+role_aware_pmf_cal_v1:starter+monotone_pit_cdf_v1,ast:pmf_sim_v1+role_aware_pmf_cal_v1:starter+monotone_pit_cdf_v1]+prior_combo[joint_sampler_v1+joint_combo_pmf_v1+role_aware_pmf_cal_v1:starter+monotone_pit_cdf_v1]+stat_grid_final_component_convolution_mean_coherent_v1",phase8_role_aware_pmf_cal_v1+monotone_inactive_global_v1,pre_close,2026-06-08T20:24:41Z,2a55ede2#phase10c,123a4575-1c87-47c7-b3d9-8e48b45fa2bc,ok,0.0,high,full,current_phase8,fallback_used,projected,derived_from_projected_minutes,14,0.0762
Julian Champagnie,38017649,SAS,NYK,False,21716136,pra,starter,"stat_grid:component_convolution_mean_coherent_v1+components[pts:pmf_sim_v1+role_aware_pmf_cal_v1:starter+monotone_pit_cdf_v1,reb:pmf_sim_v1+role_aware_pmf_cal_v1:starter+monotone_pit_cdf_v1,ast:pmf_sim_v1+role_aware_pmf_cal_v1:starter+monotone_pit_cdf_v1]+prior_combo[joint_sampler_v1+joint_combo_pmf_v1+role_aware_pmf_cal_v1:starter+monotone_pit_cdf_v1]+stat_grid_final_component_convolution_mean_coherent_v1",phase8_role_aware_pmf_cal_v1+monotone_inactive_global_v1,pre_close,2026-06-08T20:24:41Z,2a55ede2#phase10c,123a4575-1c87-47c7-b3d9-8e48b45fa2bc,ok,0.0,high,full,current_phase8,fallback_used,projected,derived_from_projected_minutes,15,0.0801
Julian Champagnie,38017649,SAS,NYK,False,21716136,pra,starter,"stat_grid:component_convolution_mean_coherent_v1+components[pts:pmf_sim_v1+role_aware_pmf_cal_v1:starter+monotone_pit_cdf_v1,reb:pmf_sim_v1+role_aware_pmf_cal_v1:starter+monotone_pit_cdf_v1,ast:pmf_sim_v1+role_aware_pmf_cal_v1:starter+monotone_pit_cdf_v1]+prior_combo[joint_sampler_v1+joint_combo_pmf_v1+role_aware_pmf_cal_v1:starter+monotone_pit_cdf_v1]+stat_grid_final_component_convolution_mean_coherent_v1",phase8_role_aware_pmf_cal_v1+monotone_inactive_global_v1,pre_close,2026-06-08T20:24:41Z,2a55ede2#phase10c,123a4575-1c87-47c7-b3d9-8e48b45fa2bc,ok,0.0,high,full,current_phase8,fallback_used,projected,derived_from_projected_minutes,16,0.0803
Julian Champagnie,38017649,SAS,NYK,False,21716136,pra,starter,"stat_grid:component_convolution_mean_coherent_v1+components[pts:pmf_sim_v1+role_aware_pmf_cal_v1:starter+monotone_pit_cdf_v1,reb:pmf_sim_v1+role_aware_pmf_cal_v1:starter+monotone_pit_cdf_v1,ast:pmf_sim_v1+role_aware_pmf_cal_v1:starter+monotone_pit_cdf_v1]+prior_combo[joint_sampler_v1+joint_combo_pmf_v1+role_aware_pmf_cal_v1:starter+monotone_pit_cdf_v1]+stat_grid_final_component_convolution_mean_coherent_v1",phase8_role_aware_pmf_cal_v1+monotone_inactive_global_v1,pre_close,2026-06-08T20:24:41Z,2a55ede2#phase10c,123a4575-1c87-47c7-b3d9-8e48b45fa2bc,ok,0.0,high,full,current_phase8,fallback_used,projected,derived_from_projected_minutes,17,0.0764
Julian Champagnie,38017649,SAS,NYK,False,21716136,pra,starter,"stat_grid:component_convolution_mean_coherent_v1+components[pts:pmf_sim_v1+role_aware_pmf_cal_v1:starter+monotone_pit_cdf_v1,reb:pmf_sim_v1+role_aware_pmf_cal_v1:starter+monotone_pit_cdf_v1,ast:pmf_sim_v1+role_aware_pmf_cal_v1:starter+monotone_pit_cdf_v1]+prior_combo[joint_sampler_v1+joint_combo_pmf_v1+role_aware_pmf_cal_v1:starter+monotone_pit_cdf_v1]+stat_grid_final_component_convolution_mean_coherent_v1",phase8_role_aware_pmf_cal_v1+monotone_inactive_global_v1,pre_close,2026-06-08T20:24:41Z,2a55ede2#phase10c,123a4575-1c87-47c7-b3d9-8e48b45fa2bc,ok,0.0,high,full,current_phase8,fallback_used,projected,derived_from_projected_minutes,18,0.0702
Julian Champagnie,38017649,SAS,NYK,False,21716136,pra,starter,"stat_grid:component_convolution_mean_coherent_v1+components[pts:pmf_sim_v1+role_aware_pmf_cal_v1:starter+monotone_pit_cdf_v1,reb:pmf_sim_v1+role_aware_pmf_cal_v1:starter+monotone_pit_cdf_v1,ast:pmf_sim_v1+role_aware_pmf_cal_v1:starter+monotone_pit_cdf_v1]+prior_combo[joint_sampler_v1+joint_combo_pmf_v1+role_aware_pmf_cal_v1:starter+monotone_pit_cdf_v1]+stat_grid_final_component_convolution_mean_coherent_v1",phase8_role_aware_pmf_cal_v1+monotone_inactive_global_v1,pre_close,2026-06-08T20:24:41Z,2a55ede2#phase10c,123a4575-1c87-47c7-b3d9-8e48b45fa2bc,ok,0.0,high,full,current_phase8,fallback_used,projected,derived_from_projected_minutes,19,0.0623
Julian Champagnie,38017649,SAS,NYK,False,21716136,pra,starter,"stat_grid:component_convolution_mean_coherent_v1+components[pts:pmf_sim_v1+role_aware_pmf_cal_v1:starter+monotone_pit_cdf_v1,reb:pmf_sim_v1+role_aware_pmf_cal_v1:starter+monotone_pit_cdf_v1,ast:pmf_sim_v1+role_aware_pmf_cal_v1:starter+monotone_pit_cdf_v1]+prior_combo[joint_sampler_v1+joint_combo_pmf_v1+role_aware_pmf_cal_v1:starter+monotone_pit_cdf_v1]+stat_grid_final_component_convolution_mean_coherent_v1",phase8_role_aware_pmf_cal_v1+monotone_inactive_global_v1,pre_close,2026-06-08T20:24:41Z,2a55ede2#phase10c,123a4575-1c87-47c7-b3d9-8e48b45fa2bc,ok,0.0,high,full,current_phase8,fallback_used,projected,derived_from_projected_minutes,20,0.053
Julian Champagnie,38017649,SAS,NYK,False,21716136,pra,starter,"stat_grid:component_convolution_mean_coherent_v1+components[pts:pmf_sim_v1+role_aware_pmf_cal_v1:starter+monotone_pit_cdf_v1,reb:pmf_sim_v1+role_aware_pmf_cal_v1:starter+monotone_pit_cdf_v1,ast:pmf_sim_v1+role_aware_pmf_cal_v1:starter+monotone_pit_cdf_v1]+prior_combo[joint_sampler_v1+joint_combo_pmf_v1+role_aware_pmf_cal_v1:starter+monotone_pit_cdf_v1]+stat_grid_final_component_convolution_mean_coherent_v1",phase8_role_aware_pmf_cal_v1+monotone_inactive_global_v1,pre_close,2026-06-08T20:24:41Z,2a55ede2#phase10c,123a4575-1c87-47c7-b3d9-8e48b45fa2bc,ok,0.0,high,full,current_phase8,fallback_used,projected,derived_from_projected_minutes,21,0.0434
Julian Champagnie,38017649,SAS,NYK,False,21716136,pra,starter,"stat_grid:component_convolution_mean_coherent_v1+components[pts:pmf_sim_v1+role_aware_pmf_cal_v1:starter+monotone_pit_cdf_v1,reb:pmf_sim_v1+role_aware_pmf_cal_v1:starter+monotone_pit_cdf_v1,ast:pmf_sim_v1+role_aware_pmf_cal_v1:starter+monotone_pit_cdf_v1]+prior_combo[joint_sampler_v1+joint_combo_pmf_v1+role_aware_pmf_cal_v1:starter+monotone_pit_cdf_v1]+stat_grid_final_component_convolution_mean_coherent_v1",phase8_role_aware_pmf_cal_v1+monotone_inactive_global_v1,pre_close,2026-06-08T20:24:41Z,2a55ede2#phase10c,123a4575-1c87-47c7-b3d9-8e48b45fa2bc,ok,0.0,high,full,current_phase8,fallback_used,projected,derived_from_projected_minutes,22,0.0346
Julian Champagnie,38017649,SAS,NYK,False,21716136,pra,starter,"stat_grid:component_convolution_mean_coherent_v1+components[pts:pmf_sim_v1+role_aware_pmf_cal_v1:starter+monotone_pit_cdf_v1,reb:pmf_sim_v1+role_aware_pmf_cal_v1:starter+monotone_pit_cdf_v1,ast:pmf_sim_v1+role_aware_pmf_cal_v1:starter+monotone_pit_cdf_v1]+prior_combo[joint_sampler_v1+joint_combo_pmf_v1+role_aware_pmf_cal_v1:starter+monotone_pit_cdf_v1]+stat_grid_final_component_convolution_mean_coherent_v1",phase8_role_aware_pmf_cal_v1+monotone_inactive_global_v1,pre_close,2026-06-08T20:24:41Z,2a55ede2#phase10c,123a4575-1c87-47c7-b3d9-8e48b45fa2bc,ok,0.0,high,full,current_phase8,fallback_used,projected,derived_from_projected_minutes,23,0.027
Julian Champagnie,38017649,SAS,NYK,False,21716136,pra,starter,"stat_grid:component_convolution_mean_coherent_v1+components[pts:pmf_sim_v1+role_aware_pmf_cal_v1:starter+monotone_pit_cdf_v1,reb:pmf_sim_v1+role_aware_pmf_cal_v1:starter+monotone_pit_cdf_v1,ast:pmf_sim_v1+role_aware_pmf_cal_v1:starter+monotone_pit_cdf_v1]+prior_combo[joint_sampler_v1+joint_combo_pmf_v1+role_aware_pmf_cal_v1:starter+monotone_pit_cdf_v1]+stat_grid_final_component_convolution_mean_coherent_v1",phase8_role_aware_pmf_cal_v1+monotone_inactive_global_v1,pre_close,2026-06-08T20:24:41Z,2a55ede2#phase10c,123a4575-1c87-47c7-b3d9-8e48b45fa2bc,ok,0.0,high,full,current_phase8,fallback_used,projected,derived_from_projected_minutes,24,0.0207
Julian Champagnie,38017649,SAS,NYK,False,21716136,pra,starter,"stat_grid:component_convolution_mean_coherent_v1+components[pts:pmf_sim_v1+role_aware_pmf_cal_v1:starter+monotone_pit_cdf_v1,reb:pmf_sim_v1+role_aware_pmf_cal_v1:starter+monotone_pit_cdf_v1,ast:pmf_sim_v1+role_aware_pmf_cal_v1:starter+monotone_pit_cdf_v1]+prior_combo[joint_sampler_v1+joint_combo_pmf_v1+role_aware_pmf_cal_v1:starter+monotone_pit_cdf_v1]+stat_grid_final_component_convolution_mean_coherent_v1",phase8_role_aware_pmf_cal_v1+monotone_inactive_global_v1,pre_close,2026-06-08T20:24:41Z,2a55ede2#phase10c,123a4575-1c87-47c7-b3d9-8e48b45fa2bc,ok,0.0,high,full,current_phase8,fallback_used,projected,derived_from_projected_minutes,25,0.0155
Julian Champagnie,38017649,SAS,NYK,False,21716136,pra,starter,"stat_grid:component_convolution_mean_coherent_v1+components[pts:pmf_sim_v1+role_aware_pmf_cal_v1:starter+monotone_pit_cdf_v1,reb:pmf_sim_v1+role_aware_pmf_cal_v1:starter+monotone_pit_cdf_v1,ast:pmf_sim_v1+role_aware_pmf_cal_v1:starter+monotone_pit_cdf_v1]+prior_combo[joint_sampler_v1+joint_combo_pmf_v1+role_aware_pmf_cal_v1:starter+monotone_pit_cdf_v1]+stat_grid_final_component_convolution_mean_coherent_v1",phase8_role_aware_pmf_cal_v1+monotone_inactive_global_v1,pre_close,2026-06-08T20:24:41Z,2a55ede2#phase10c,123a4575-1c87-47c7-b3d9-8e48b45fa2bc,ok,0.0,high,full,current_phase8,fallback_used,projected,derived_from_projected_minutes,26,0.012
Julian Champagnie,38017649,SAS,NYK,False,21716136,pra,starter,"stat_grid:component_convolution_mean_coherent_v1+components[pts:pmf_sim_v1+role_aware_pmf_cal_v1:starter+monotone_pit_cdf_v1,reb:pmf_sim_v1+role_aware_pmf_cal_v1:starter+monotone_pit_cdf_v1,ast:pmf_sim_v1+role_aware_pmf_cal_v1:starter+monotone_pit_cdf_v1]+prior_combo[joint_sampler_v1+joint_combo_pmf_v1+role_aware_pmf_cal_v1:starter+monotone_pit_cdf_v1]+stat_grid_final_component_convolution_mean_coherent_v1",phase8_role_aware_pmf_cal_v1+monotone_inactive_global_v1,pre_close,2026-06-08T20:24:41Z,2a55ede2#phase10c,123a4575-1c87-47c7-b3d9-8e48b45fa2bc,ok,0.0,high,full,current_phase8,fallback_used,projected,derived_from_projected_minutes,27,0.0095
Julian Champagnie,38017649,SAS,NYK,False,21716136,pra,starter,"stat_grid:component_convolution_mean_coherent_v1+components[pts:pmf_sim_v1+role_aware_pmf_cal_v1:starter+monotone_pit_cdf_v1,reb:pmf_sim_v1+role_aware_pmf_cal_v1:starter+monotone_pit_cdf_v1,ast:pmf_sim_v1+role_aware_pmf_cal_v1:starter+monotone_pit_cdf_v1]+prior_combo[joint_sampler_v1+joint_combo_pmf_v1+role_aware_pmf_cal_v1:starter+monotone_pit_cdf_v1]+stat_grid_final_component_convolution_mean_coherent_v1",phase8_role_aware_pmf_cal_v1+monotone_inactive_global_v1,pre_close,2026-06-08T20:24:41Z,2a55ede2#phase10c,123a4575-1c87-47c7-b3d9-8e48b45fa2bc,ok,0.0,high,full,current_phase8,fallback_used,projected,derived_from_projected_minutes,28,0.0076
Julian Champagnie,38017649,SAS,NYK,False,21716136,pra,starter,"stat_grid:component_convolution_mean_coherent_v1+components[pts:pmf_sim_v1+role_aware_pmf_cal_v1:starter+monotone_pit_cdf_v1,reb:pmf_sim_v1+role_aware_pmf_cal_v1:starter+monotone_pit_cdf_v1,ast:pmf_sim_v1+role_aware_pmf_cal_v1:starter+monotone_pit_cdf_v1]+prior_combo[joint_sampler_v1+joint_combo_pmf_v1+role_aware_pmf_cal_v1:starter+monotone_pit_cdf_v1]+stat_grid_final_component_convolution_mean_coherent_v1",phase8_role_aware_pmf_cal_v1+monotone_inactive_global_v1,pre_close,2026-06-08T20:24:41Z,2a55ede2#phase10c,123a4575-1c87-47c7-b3d9-8e48b45fa2bc,ok,0.0,high,full,current_phase8,fallback_used,projected,derived_from_projected_minutes,29,0.0062
Julian Champagnie,38017649,SAS,NYK,False,21716136,pra,starter,"stat_grid:component_convolution_mean_coherent_v1+components[pts:pmf_sim_v1+role_aware_pmf_cal_v1:starter+monotone_pit_cdf_v1,reb:pmf_sim_v1+role_aware_pmf_cal_v1:starter+monotone_pit_cdf_v1,ast:pmf_sim_v1+role_aware_pmf_cal_v1:starter+monotone_pit_cdf_v1]+prior_combo[joint_sampler_v1+joint_combo_pmf_v1+role_aware_pmf_cal_v1:starter+monotone_pit_cdf_v1]+stat_grid_final_component_convolution_mean_coherent_v1",phase8_role_aware_pmf_cal_v1+monotone_inactive_global_v1,pre_close,2026-06-08T20:24:41Z,2a55ede2#phase10c,123a4575-1c87-47c7-b3d9-8e48b45fa2bc,ok,0.0,high,full,current_phase8,fallback_used,projected,derived_from_projected_minutes,30,0.0051
Julian Champagnie,38017649,SAS,NYK,False,21716136,pra,starter,"stat_grid:component_convolution_mean_coherent_v1+components[pts:pmf_sim_v1+role_aware_pmf_cal_v1:starter+monotone_pit_cdf_v1,reb:pmf_sim_v1+role_aware_pmf_cal_v1:starter+monotone_pit_cdf_v1,ast:pmf_sim_v1+role_aware_pmf_cal_v1:starter+monotone_pit_cdf_v1]+prior_combo[joint_sampler_v1+joint_combo_pmf_v1+role_aware_pmf_cal_v1:starter+monotone_pit_cdf_v1]+stat_grid_final_component_convolution_mean_coherent_v1",phase8_role_aware_pmf_cal_v1+monotone_inactive_global_v1,pre_close,2026-06-08T20:24:41Z,2a55ede2#phase10c,123a4575-1c87-47c7-b3d9-8e48b45fa2bc,ok,0.0,high,full,current_phase8,fallback_used,projected,derived_from_projected_minutes,31,0.0041
Julian Champagnie,38017649,SAS,NYK,False,21716136,pra,starter,"stat_grid:component_convolution_mean_coherent_v1+components[pts:pmf_sim_v1+role_aware_pmf_cal_v1:starter+monotone_pit_cdf_v1,reb:pmf_sim_v1+role_aware_pmf_cal_v1:starter+monotone_pit_cdf_v1,ast:pmf_sim_v1+role_aware_pmf_cal_v1:starter+monotone_pit_cdf_v1]+prior_combo[joint_sampler_v1+joint_combo_pmf_v1+role_aware_pmf_cal_v1:starter+monotone_pit_cdf_v1]+stat_grid_final_component_convolution_mean_coherent_v1",phase8_role_aware_pmf_cal_v1+monotone_inactive_global_v1,pre_close,2026-06-08T20:24:41Z,2a55ede2#phase10c,123a4575-1c87-47c7-b3d9-8e48b45fa2bc,ok,0.0,high,full,current_phase8,fallback_used,projected,derived_from_projected_minutes,32,0.0032
Julian Champagnie,38017649,SAS,NYK,False,21716136,pra,starter,"stat_grid:component_convolution_mean_coherent_v1+components[pts:pmf_sim_v1+role_aware_pmf_cal_v1:starter+monotone_pit_cdf_v1,reb:pmf_sim_v1+role_aware_pmf_cal_v1:starter+monotone_pit_cdf_v1,ast:pmf_sim_v1+role_aware_pmf_cal_v1:starter+monotone_pit_cdf_v1]+prior_combo[joint_sampler_v1+joint_combo_pmf_v1+role_aware_pmf_cal_v1:starter+monotone_pit_cdf_v1]+stat_grid_final_component_convolution_mean_coherent_v1",phase8_role_aware_pmf_cal_v1+monotone_inactive_global_v1,pre_close,2026-06-08T20:24:41Z,2a55ede2#phase10c,123a4575-1c87-47c7-b3d9-8e48b45fa2bc,ok,0.0,high,full,current_phase8,fallback_used,projected,derived_from_projected_minutes,33,0.0023
Julian Champagnie,38017649,SAS,NYK,False,21716136,pra,starter,"stat_grid:component_convolution_mean_coherent_v1+components[pts:pmf_sim_v1+role_aware_pmf_cal_v1:starter+monotone_pit_cdf_v1,reb:pmf_sim_v1+role_aware_pmf_cal_v1:starter+monotone_pit_cdf_v1,ast:pmf_sim_v1+role_aware_pmf_cal_v1:starter+monotone_pit_cdf_v1]+prior_combo[joint_sampler_v1+joint_combo_pmf_v1+role_aware_pmf_cal_v1:starter+monotone_pit_cdf_v1]+stat_grid_final_component_convolution_mean_coherent_v1",phase8_role_aware_pmf_cal_v1+monotone_inactive_global_v1,pre_close,2026-06-08T20:24:41Z,2a55ede2#phase10c,123a4575-1c87-47c7-b3d9-8e48b45fa2bc,ok,0.0,high,full,current_phase8,fallback_used,projected,derived_from_projected_minutes,34,0.0017
Julian Champagnie,38017649,SAS,NYK,False,21716136,pra,starter,"stat_grid:component_convolution_mean_coherent_v1+components[pts:pmf_sim_v1+role_aware_pmf_cal_v1:starter+monotone_pit_cdf_v1,reb:pmf_sim_v1+role_aware_pmf_cal_v1:starter+monotone_pit_cdf_v1,ast:pmf_sim_v1+role_aware_pmf_cal_v1:starter+monotone_pit_cdf_v1]+prior_combo[joint_sampler_v1+joint_combo_pmf_v1+role_aware_pmf_cal_v1:starter+monotone_pit_cdf_v1]+stat_grid_final_component_convolution_mean_coherent_v1",phase8_role_aware_pmf_cal_v1+monotone_inactive_global_v1,pre_close,2026-06-08T20:24:41Z,2a55ede2#phase10c,123a4575-1c87-47c7-b3d9-8e48b45fa2bc,ok,0.0,high,full,current_phase8,fallback_used,projected,derived_from_projected_minutes,35,0.0011
Julian Champagnie,38017649,SAS,NYK,False,21716136,pra,starter,"stat_grid:component_convolution_mean_coherent_v1+components[pts:pmf_sim_v1+role_aware_pmf_cal_v1:starter+monotone_pit_cdf_v1,reb:pmf_sim_v1+role_aware_pmf_cal_v1:starter+monotone_pit_cdf_v1,ast:pmf_sim_v1+role_aware_pmf_cal_v1:starter+monotone_pit_cdf_v1]+prior_combo[joint_sampler_v1+joint_combo_pmf_v1+role_aware_pmf_cal_v1:starter+monotone_pit_cdf_v1]+stat_grid_final_component_convolution_mean_coherent_v1",phase8_role_aware_pmf_cal_v1+monotone_inactive_global_v1,pre_close,2026-06-08T20:24:41Z,2a55ede2#phase10c,123a4575-1c87-47c7-b3d9-8e48b45fa2bc,ok,0.0,high,full,current_phase8,fallback_used,projected,derived_from_projected_minutes,36,0.0007
Julian Champagnie,38017649,SAS,NYK,False,21716136,pra,starter,"stat_grid:component_convolution_mean_coherent_v1+components[pts:pmf_sim_v1+role_aware_pmf_cal_v1:starter+monotone_pit_cdf_v1,reb:pmf_sim_v1+role_aware_pmf_cal_v1:starter+monotone_pit_cdf_v1,ast:pmf_sim_v1+role_aware_pmf_cal_v1:starter+monotone_pit_cdf_v1]+prior_combo[joint_sampler_v1+joint_combo_pmf_v1+role_aware_pmf_cal_v1:starter+monotone_pit_cdf_v1]+stat_grid_final_component_convolution_mean_coherent_v1",phase8_role_aware_pmf_cal_v1+monotone_inactive_global_v1,pre_close,2026-06-08T20:24:41Z,2a55ede2#phase10c,123a4575-1c87-47c7-b3d9-8e48b45fa2bc,ok,0.0,high,full,current_phase8,fallback_used,projected,derived_from_projected_minutes,37,0.0005
Julian Champagnie,38017649,SAS,NYK,False,21716136,pra,starter,"stat_grid:component_convolution_mean_coherent_v1+components[pts:pmf_sim_v1+role_aware_pmf_cal_v1:starter+monotone_pit_cdf_v1,reb:pmf_sim_v1+role_aware_pmf_cal_v1:starter+monotone_pit_cdf_v1,ast:pmf_sim_v1+role_aware_pmf_cal_v1:starter+monotone_pit_cdf_v1]+prior_combo[joint_sampler_v1+joint_combo_pmf_v1+role_aware_pmf_cal_v1:starter+monotone_pit_cdf_v1]+stat_grid_final_component_convolution_mean_coherent_v1",phase8_role_aware_pmf_cal_v1+monotone_inactive_global_v1,pre_close,2026-06-08T20:24:41Z,2a55ede2#phase10c,123a4575-1c87-47c7-b3d9-8e48b45fa2bc,ok,0.0,high,full,current_phase8,fallback_used,projected,derived_from_projected_minutes,38,0.0003
Julian Champagnie,38017649,SAS,NYK,False,21716136,pra,starter,"stat_grid:component_convolution_mean_coherent_v1+components[pts:pmf_sim_v1+role_aware_pmf_cal_v1:starter+monotone_pit_cdf_v1,reb:pmf_sim_v1+role_aware_pmf_cal_v1:starter+monotone_pit_cdf_v1,ast:pmf_sim_v1+role_aware_pmf_cal_v1:starter+monotone_pit_cdf_v1]+prior_combo[joint_sampler_v1+joint_combo_pmf_v1+role_aware_pmf_cal_v1:starter+monotone_pit_cdf_v1]+stat_grid_final_component_convolution_mean_coherent_v1",phase8_role_aware_pmf_cal_v1+monotone_inactive_global_v1,pre_close,2026-06-08T20:24:41Z,2a55ede2#phase10c,123a4575-1c87-47c7-b3d9-8e48b45fa2bc,ok,0.0,high,full,current_phase8,fallback_used,projected,derived_from_projected_minutes,39,0.0002
Julian Champagnie,38017649,SAS,NYK,False,21716136,pra,starter,"stat_grid:component_convolution_mean_coherent_v1+components[pts:pmf_sim_v1+role_aware_pmf_cal_v1:starter+monotone_pit_cdf_v1,reb:pmf_sim_v1+role_aware_pmf_cal_v1:starter+monotone_pit_cdf_v1,ast:pmf_sim_v1+role_aware_pmf_cal_v1:starter+monotone_pit_cdf_v1]+prior_combo[joint_sampler_v1+joint_combo_pmf_v1+role_aware_pmf_cal_v1:starter+monotone_pit_cdf_v1]+stat_grid_final_component_convolution_mean_coherent_v1",phase8_role_aware_pmf_cal_v1+monotone_inactive_global_v1,pre_close,2026-06-08T20:24:41Z,2a55ede2#phase10c,123a4575-1c87-47c7-b3d9-8e48b45fa2bc,ok,0.0,high,full,current_phase8,fallback_used,projected,derived_from_projected_minutes,40,0.0002
Julian Champagnie,38017649,SAS,NYK,False,21716136,pra,starter,"stat_grid:component_convolution_mean_coherent_v1+components[pts:pmf_sim_v1+role_aware_pmf_cal_v1:starter+monotone_pit_cdf_v1,reb:pmf_sim_v1+role_aware_pmf_cal_v1:starter+monotone_pit_cdf_v1,ast:pmf_sim_v1+role_aware_pmf_cal_v1:starter+monotone_pit_cdf_v1]+prior_combo[joint_sampler_v1+joint_combo_pmf_v1+role_aware_pmf_cal_v1:starter+monotone_pit_cdf_v1]+stat_grid_final_component_convolution_mean_coherent_v1",phase8_role_aware_pmf_cal_v1+monotone_inactive_global_v1,pre_close,2026-06-08T20:24:41Z,2a55ede2#phase10c,123a4575-1c87-47c7-b3d9-8e48b45fa2bc,ok,0.0,high,full,current_phase8,fallback_used,projected,derived_from_projected_minutes,41,0.0001
Julian Champagnie,38017649,SAS,NYK,False,21716136,pra,starter,"stat_grid:component_convolution_mean_coherent_v1+components[pts:pmf_sim_v1+role_aware_pmf_cal_v1:starter+monotone_pit_cdf_v1,reb:pmf_sim_v1+role_aware_pmf_cal_v1:starter+monotone_pit_cdf_v1,ast:pmf_sim_v1+role_aware_pmf_cal_v1:starter+monotone_pit_cdf_v1]+prior_combo[joint_sampler_v1+joint_combo_pmf_v1+role_aware_pmf_cal_v1:starter+monotone_pit_cdf_v1]+stat_grid_final_component_convolution_mean_coherent_v1",phase8_role_aware_pmf_cal_v1+monotone_inactive_global_v1,pre_close,2026-06-08T20:24:41Z,2a55ede2#phase10c,123a4575-1c87-47c7-b3d9-8e48b45fa2bc,ok,0.0,high,full,current_phase8,fallback_used,projected,derived_from_projected_minutes,42,0.0001
Julian Champagnie,38017649,SAS,NYK,False,21716136,pra,starter,"stat_grid:component_convolution_mean_coherent_v1+components[pts:pmf_sim_v1+role_aware_pmf_cal_v1:starter+monotone_pit_cdf_v1,reb:pmf_sim_v1+role_aware_pmf_cal_v1:starter+monotone_pit_cdf_v1,ast:pmf_sim_v1+role_aware_pmf_cal_v1:starter+monotone_pit_cdf_v1]+prior_combo[joint_sampler_v1+joint_combo_pmf_v1+role_aware_pmf_cal_v1:starter+monotone_pit_cdf_v1]+stat_grid_final_component_convolution_mean_coherent_v1",phase8_role_aware_pmf_cal_v1+monotone_inactive_global_v1,pre_close,2026-06-08T20:24:41Z,2a55ede2#phase10c,123a4575-1c87-47c7-b3d9-8e48b45fa2bc,ok,0.0,high,full,current_phase8,fallback_used,projected,derived_from_projected_minutes,43,0.0001
Julian Champagnie,38017649,SAS,NYK,False,21716136,pra,starter,"stat_grid:component_convolution_mean_coherent_v1+components[pts:pmf_sim_v1+role_aware_pmf_cal_v1:starter+monotone_pit_cdf_v1,reb:pmf_sim_v1+role_aware_pmf_cal_v1:starter+monotone_pit_cdf_v1,ast:pmf_sim_v1+role_aware_pmf_cal_v1:starter+monotone_pit_cdf_v1]+prior_combo[joint_sampler_v1+joint_combo_pmf_v1+role_aware_pmf_cal_v1:starter+monotone_pit_cdf_v1]+stat_grid_final_component_convolution_mean_coherent_v1",phase8_role_aware_pmf_cal_v1+monotone_inactive_global_v1,pre_close,2026-06-08T20:24:41Z,2a55ede2#phase10c,123a4575-1c87-47c7-b3d9-8e48b45fa2bc,ok,0.0,high,full,current_phase8,fallback_used,projected,derived_from_projected_minutes,44,0.0001
Julian Champagnie,38017649,SAS,NYK,False,21716136,pra,starter,"stat_grid:component_convolution_mean_coherent_v1+components[pts:pmf_sim_v1+role_aware_pmf_cal_v1:starter+monotone_pit_cdf_v1,reb:pmf_sim_v1+role_aware_pmf_cal_v1:starter+monotone_pit_cdf_v1,ast:pmf_sim_v1+role_aware_pmf_cal_v1:starter+monotone_pit_cdf_v1]+prior_combo[joint_sampler_v1+joint_combo_pmf_v1+role_aware_pmf_cal_v1:starter+monotone_pit_cdf_v1]+stat_grid_final_component_convolution_mean_coherent_v1",phase8_role_aware_pmf_cal_v1+monotone_inactive_global_v1,pre_close,2026-06-08T20:24:41Z,2a55ede2#phase10c,123a4575-1c87-47c7-b3d9-8e48b45fa2bc,ok,0.0,high,full,current_phase8,fallback_used,projected,derived_from_projected_minutes,45,0.0
Julian Champagnie,38017649,SAS,NYK,False,21716136,pra,starter,"stat_grid:component_convolution_mean_coherent_v1+components[pts:pmf_sim_v1+role_aware_pmf_cal_v1:starter+monotone_pit_cdf_v1,reb:pmf_sim_v1+role_aware_pmf_cal_v1:starter+monotone_pit_cdf_v1,ast:pmf_sim_v1+role_aware_pmf_cal_v1:starter+monotone_pit_cdf_v1]+prior_combo[joint_sampler_v1+joint_combo_pmf_v1+role_aware_pmf_cal_v1:starter+monotone_pit_cdf_v1]+stat_grid_final_component_convolution_mean_coherent_v1",phase8_role_aware_pmf_cal_v1+monotone_inactive_global_v1,pre_close,2026-06-08T20:24:41Z,2a55ede2#phase10c,123a4575-1c87-47c7-b3d9-8e48b45fa2bc,ok,0.0,high,full,current_phase8,fallback_used,projected,derived_from_projected_minutes,46,0.0
Julian Champagnie,38017649,SAS,NYK,False,21716136,pra,starter,"stat_grid:component_convolution_mean_coherent_v1+components[pts:pmf_sim_v1+role_aware_pmf_cal_v1:starter+monotone_pit_cdf_v1,reb:pmf_sim_v1+role_aware_pmf_cal_v1:starter+monotone_pit_cdf_v1,ast:pmf_sim_v1+role_aware_pmf_cal_v1:starter+monotone_pit_cdf_v1]+prior_combo[joint_sampler_v1+joint_combo_pmf_v1+role_aware_pmf_cal_v1:starter+monotone_pit_cdf_v1]+stat_grid_final_component_convolution_mean_coherent_v1",phase8_role_aware_pmf_cal_v1+monotone_inactive_global_v1,pre_close,2026-06-08T20:24:41Z,2a55ede2#phase10c,123a4575-1c87-47c7-b3d9-8e48b45fa2bc,ok,0.0,high,full,current_phase8,fallback_used,projected,derived_from_projected_minutes,47,0.0
Julian Champagnie,38017649,SAS,NYK,False,21716136,pra,starter,"stat_grid:component_convolution_mean_coherent_v1+components[pts:pmf_sim_v1+role_aware_pmf_cal_v1:starter+monotone_pit_cdf_v1,reb:pmf_sim_v1+role_aware_pmf_cal_v1:starter+monotone_pit_cdf_v1,ast:pmf_sim_v1+role_aware_pmf_cal_v1:starter+monotone_pit_cdf_v1]+prior_combo[joint_sampler_v1+joint_combo_pmf_v1+role_aware_pmf_cal_v1:starter+monotone_pit_cdf_v1]+stat_grid_final_component_convolution_mean_coherent_v1",phase8_role_aware_pmf_cal_v1+monotone_inactive_global_v1,pre_close,2026-06-08T20:24:41Z,2a55ede2#phase10c,123a4575-1c87-47c7-b3d9-8e48b45fa2bc,ok,0.0,high,full,current_phase8,fallback_used,projected,derived_from_projected_minutes,48,0.0
Julian Champagnie,38017649,SAS,NYK,False,21716136,pra,starter,"stat_grid:component_convolution_mean_coherent_v1+components[pts:pmf_sim_v1+role_aware_pmf_cal_v1:starter+monotone_pit_cdf_v1,reb:pmf_sim_v1+role_aware_pmf_cal_v1:starter+monotone_pit_cdf_v1,ast:pmf_sim_v1+role_aware_pmf_cal_v1:starter+monotone_pit_cdf_v1]+prior_combo[joint_sampler_v1+joint_combo_pmf_v1+role_aware_pmf_cal_v1:starter+monotone_pit_cdf_v1]+stat_grid_final_component_convolution_mean_coherent_v1",phase8_role_aware_pmf_cal_v1+monotone_inactive_global_v1,pre_close,2026-06-08T20:24:41Z,2a55ede2#phase10c,123a4575-1c87-47c7-b3d9-8e48b45fa2bc,ok,0.0,high,full,current_phase8,fallback_used,projected,derived_from_projected_minutes,49,0.0
Julian Champagnie,38017649,SAS,NYK,False,21716136,pra,starter,"stat_grid:component_convolution_mean_coherent_v1+components[pts:pmf_sim_v1+role_aware_pmf_cal_v1:starter+monotone_pit_cdf_v1,reb:pmf_sim_v1+role_aware_pmf_cal_v1:starter+monotone_pit_cdf_v1,ast:pmf_sim_v1+role_aware_pmf_cal_v1:starter+monotone_pit_cdf_v1]+prior_combo[joint_sampler_v1+joint_combo_pmf_v1+role_aware_pmf_cal_v1:starter+monotone_pit_cdf_v1]+stat_grid_final_component_convolution_mean_coherent_v1",phase8_role_aware_pmf_cal_v1+monotone_inactive_global_v1,pre_close,2026-06-08T20:24:41Z,2a55ede2#phase10c,123a4575-1c87-47c7-b3d9-8e48b45fa2bc,ok,0.0,high,full,current_phase8,fallback_used,projected,derived_from_projected_minutes,50,0.0
Julian Champagnie,38017649,SAS,NYK,False,21716136,pra,starter,"stat_grid:component_convolution_mean_coherent_v1+components[pts:pmf_sim_v1+role_aware_pmf_cal_v1:starter+monotone_pit_cdf_v1,reb:pmf_sim_v1+role_aware_pmf_cal_v1:starter+monotone_pit_cdf_v1,ast:pmf_sim_v1+role_aware_pmf_cal_v1:starter+monotone_pit_cdf_v1]+prior_combo[joint_sampler_v1+joint_combo_pmf_v1+role_aware_pmf_cal_v1:starter+monotone_pit_cdf_v1]+stat_grid_final_component_convolution_mean_coherent_v1",phase8_role_aware_pmf_cal_v1+monotone_inactive_global_v1,pre_close,2026-06-08T20:24:41Z,2a55ede2#phase10c,123a4575-1c87-47c7-b3d9-8e48b45fa2bc,ok,0.0,high,full,current_phase8,fallback_used,projected,derived_from_projected_minutes,51,0.0
Julian Champagnie,38017649,SAS,NYK,False,21716136,pra,starter,"stat_grid:component_convolution_mean_coherent_v1+components[pts:pmf_sim_v1+role_aware_pmf_cal_v1:starter+monotone_pit_cdf_v1,reb:pmf_sim_v1+role_aware_pmf_cal_v1:starter+monotone_pit_cdf_v1,ast:pmf_sim_v1+role_aware_pmf_cal_v1:starter+monotone_pit_cdf_v1]+prior_combo[joint_sampler_v1+joint_combo_pmf_v1+role_aware_pmf_cal_v1:starter+monotone_pit_cdf_v1]+stat_grid_final_component_convolution_mean_coherent_v1",phase8_role_aware_pmf_cal_v1+monotone_inactive_global_v1,pre_close,2026-06-08T20:24:41Z,2a55ede2#phase10c,123a4575-1c87-47c7-b3d9-8e48b45fa2bc,ok,0.0,high,full,current_phase8,fallback_used,projected,derived_from_projected_minutes,52,0.0
Julian Champagnie,38017649,SAS,NYK,False,21716136,pra,starter,"stat_grid:component_convolution_mean_coherent_v1+components[pts:pmf_sim_v1+role_aware_pmf_cal_v1:starter+monotone_pit_cdf_v1,reb:pmf_sim_v1+role_aware_pmf_cal_v1:starter+monotone_pit_cdf_v1,ast:pmf_sim_v1+role_aware_pmf_cal_v1:starter+monotone_pit_cdf_v1]+prior_combo[joint_sampler_v1+joint_combo_pmf_v1+role_aware_pmf_cal_v1:starter+monotone_pit_cdf_v1]+stat_grid_final_component_convolution_mean_coherent_v1",phase8_role_aware_pmf_cal_v1+monotone_inactive_global_v1,pre_close,2026-06-08T20:24:41Z,2a55ede2#phase10c,123a4575-1c87-47c7-b3d9-8e48b45fa2bc,ok,0.0,high,full,current_phase8,fallback_used,projected,derived_from_projected_minutes,53,0.0
Julian Champagnie,38017649,SAS,NYK,False,21716136,pra,starter,"stat_grid:component_convolution_mean_coherent_v1+components[pts:pmf_sim_v1+role_aware_pmf_cal_v1:starter+monotone_pit_cdf_v1,reb:pmf_sim_v1+role_aware_pmf_cal_v1:starter+monotone_pit_cdf_v1,ast:pmf_sim_v1+role_aware_pmf_cal_v1:starter+monotone_pit_cdf_v1]+prior_combo[joint_sampler_v1+joint_combo_pmf_v1+role_aware_pmf_cal_v1:starter+monotone_pit_cdf_v1]+stat_grid_final_component_convolution_mean_coherent_v1",phase8_role_aware_pmf_cal_v1+monotone_inactive_global_v1,pre_close,2026-06-08T20:24:41Z,2a55ede2#phase10c,123a4575-1c87-47c7-b3d9-8e48b45fa2bc,ok,0.0,high,full,current_phase8,fallback_used,projected,derived_from_projected_minutes,54,0.0
Julian Champagnie,38017649,SAS,NYK,False,21716136,pra,starter,"stat_grid:component_convolution_mean_coherent_v1+components[pts:pmf_sim_v1+role_aware_pmf_cal_v1:starter+monotone_pit_cdf_v1,reb:pmf_sim_v1+role_aware_pmf_cal_v1:starter+monotone_pit_cdf_v1,ast:pmf_sim_v1+role_aware_pmf_cal_v1:starter+monotone_pit_cdf_v1]+prior_combo[joint_sampler_v1+joint_combo_pmf_v1+role_aware_pmf_cal_v1:starter+monotone_pit_cdf_v1]+stat_grid_final_component_convolution_mean_coherent_v1",phase8_role_aware_pmf_cal_v1+monotone_inactive_global_v1,pre_close,2026-06-08T20:24:41Z,2a55ede2#phase10c,123a4575-1c87-47c7-b3d9-8e48b45fa2bc,ok,0.0,high,full,current_phase8,fallback_used,projected,derived_from_projected_minutes,55,0.0
Julian Champagnie,38017649,SAS,NYK,False,21716136,pra,starter,"stat_grid:component_convolution_mean_coherent_v1+components[pts:pmf_sim_v1+role_aware_pmf_cal_v1:starter+monotone_pit_cdf_v1,reb:pmf_sim_v1+role_aware_pmf_cal_v1:starter+monotone_pit_cdf_v1,ast:pmf_sim_v1+role_aware_pmf_cal_v1:starter+monotone_pit_cdf_v1]+prior_combo[joint_sampler_v1+joint_combo_pmf_v1+role_aware_pmf_cal_v1:starter+monotone_pit_cdf_v1]+stat_grid_final_component_convolution_mean_coherent_v1",phase8_role_aware_pmf_cal_v1+monotone_inactive_global_v1,pre_close,2026-06-08T20:24:41Z,2a55ede2#phase10c,123a4575-1c87-47c7-b3d9-8e48b45fa2bc,ok,0.0,high,full,current_phase8,fallback_used,projected,derived_from_projected_minutes,56,0.0
Julian Champagnie,38017649,SAS,NYK,False,21716136,pra,starter,"stat_grid:component_convolution_mean_coherent_v1+components[pts:pmf_sim_v1+role_aware_pmf_cal_v1:starter+monotone_pit_cdf_v1,reb:pmf_sim_v1+role_aware_pmf_cal_v1:starter+monotone_pit_cdf_v1,ast:pmf_sim_v1+role_aware_pmf_cal_v1:starter+monotone_pit_cdf_v1]+prior_combo[joint_sampler_v1+joint_combo_pmf_v1+role_aware_pmf_cal_v1:starter+monotone_pit_cdf_v1]+stat_grid_final_component_convolution_mean_coherent_v1",phase8_role_aware_pmf_cal_v1+monotone_inactive_global_v1,pre_close,2026-06-08T20:24:41Z,2a55ede2#phase10c,123a4575-1c87-47c7-b3d9-8e48b45fa2bc,ok,0.0,high,full,current_phase8,fallback_used,projected,derived_from_projected_minutes,57,0.0
Julian Champagnie,38017649,SAS,NYK,False,21716136,pra,starter,"stat_grid:component_convolution_mean_coherent_v1+components[pts:pmf_sim_v1+role_aware_pmf_cal_v1:starter+monotone_pit_cdf_v1,reb:pmf_sim_v1+role_aware_pmf_cal_v1:starter+monotone_pit_cdf_v1,ast:pmf_sim_v1+role_aware_pmf_cal_v1:starter+monotone_pit_cdf_v1]+prior_combo[joint_sampler_v1+joint_combo_pmf_v1+role_aware_pmf_cal_v1:starter+monotone_pit_cdf_v1]+stat_grid_final_component_convolution_mean_coherent_v1",phase8_role_aware_pmf_cal_v1+monotone_inactive_global_v1,pre_close,2026-06-08T20:24:41Z,2a55ede2#phase10c,123a4575-1c87-47c7-b3d9-8e48b45fa2bc,ok,0.0,high,full,current_phase8,fallback_used,projected,derived_from_projected_minutes,58,0.0
Julian Champagnie,38017649,SAS,NYK,False,21716136,pra,starter,"stat_grid:component_convolution_mean_coherent_v1+components[pts:pmf_sim_v1+role_aware_pmf_cal_v1:starter+monotone_pit_cdf_v1,reb:pmf_sim_v1+role_aware_pmf_cal_v1:starter+monotone_pit_cdf_v1,ast:pmf_sim_v1+role_aware_pmf_cal_v1:starter+monotone_pit_cdf_v1]+prior_combo[joint_sampler_v1+joint_combo_pmf_v1+role_aware_pmf_cal_v1:starter+monotone_pit_cdf_v1]+stat_grid_final_component_convolution_mean_coherent_v1",phase8_role_aware_pmf_cal_v1+monotone_inactive_global_v1,pre_close,2026-06-08T20:24:41Z,2a55ede2#phase10c,123a4575-1c87-47c7-b3d9-8e48b45fa2bc,ok,0.0,high,full,current_phase8,fallback_used,projected,derived_from_projected_minutes,59,0.0
Julian Champagnie,38017649,SAS,NYK,False,21716136,pra,starter,"stat_grid:component_convolution_mean_coherent_v1+components[pts:pmf_sim_v1+role_aware_pmf_cal_v1:starter+monotone_pit_cdf_v1,reb:pmf_sim_v1+role_aware_pmf_cal_v1:starter+monotone_pit_cdf_v1,ast:pmf_sim_v1+role_aware_pmf_cal_v1:starter+monotone_pit_cdf_v1]+prior_combo[joint_sampler_v1+joint_combo_pmf_v1+role_aware_pmf_cal_v1:starter+monotone_pit_cdf_v1]+stat_grid_final_component_convolution_mean_coherent_v1",phase8_role_aware_pmf_cal_v1+monotone_inactive_global_v1,pre_close,2026-06-08T20:24:41Z,2a55ede2#phase10c,123a4575-1c87-47c7-b3d9-8e48b45fa2bc,ok,0.0,high,full,current_phase8,fallback_used,projected,derived_from_projected_minutes,60,0.0
Julian Champagnie,38017649,SAS,NYK,False,21716136,pra,starter,"stat_grid:component_convolution_mean_coherent_v1+components[pts:pmf_sim_v1+role_aware_pmf_cal_v1:starter+monotone_pit_cdf_v1,reb:pmf_sim_v1+role_aware_pmf_cal_v1:starter+monotone_pit_cdf_v1,ast:pmf_sim_v1+role_aware_pmf_cal_v1:starter+monotone_pit_cdf_v1]+prior_combo[joint_sampler_v1+joint_combo_pmf_v1+role_aware_pmf_cal_v1:starter+monotone_pit_cdf_v1]+stat_grid_final_component_convolution_mean_coherent_v1",phase8_role_aware_pmf_cal_v1+monotone_inactive_global_v1,pre_close,2026-06-08T20:24:41Z,2a55ede2#phase10c,123a4575-1c87-47c7-b3d9-8e48b45fa2bc,ok,0.0,high,full,current_phase8,fallback_used,projected,derived_from_projected_minutes,61,0.0
Julian Champagnie,38017649,SAS,NYK,False,21716136,pra,starter,"stat_grid:component_convolution_mean_coherent_v1+components[pts:pmf_sim_v1+role_aware_pmf_cal_v1:starter+monotone_pit_cdf_v1,reb:pmf_sim_v1+role_aware_pmf_cal_v1:starter+monotone_pit_cdf_v1,ast:pmf_sim_v1+role_aware_pmf_cal_v1:starter+monotone_pit_cdf_v1]+prior_combo[joint_sampler_v1+joint_combo_pmf_v1+role_aware_pmf_cal_v1:starter+monotone_pit_cdf_v1]+stat_grid_final_component_convolution_mean_coherent_v1",phase8_role_aware_pmf_cal_v1+monotone_inactive_global_v1,pre_close,2026-06-08T20:24:41Z,2a55ede2#phase10c,123a4575-1c87-47c7-b3d9-8e48b45fa2bc,ok,0.0,high,full,current_phase8,fallback_used,projected,derived_from_projected_minutes,62,0.0
Julian Champagnie,38017649,SAS,NYK,False,21716136,pra,starter,"stat_grid:component_convolution_mean_coherent_v1+components[pts:pmf_sim_v1+role_aware_pmf_cal_v1:starter+monotone_pit_cdf_v1,reb:pmf_sim_v1+role_aware_pmf_cal_v1:starter+monotone_pit_cdf_v1,ast:pmf_sim_v1+role_aware_pmf_cal_v1:starter+monotone_pit_cdf_v1]+prior_combo[joint_sampler_v1+joint_combo_pmf_v1+role_aware_pmf_cal_v1:starter+monotone_pit_cdf_v1]+stat_grid_final_component_convolution_mean_coherent_v1",phase8_role_aware_pmf_cal_v1+monotone_inactive_global_v1,pre_close,2026-06-08T20:24:41Z,2a55ede2#phase10c,123a4575-1c87-47c7-b3d9-8e48b45fa2bc,ok,0.0,high,full,current_phase8,fallback_used,projected,derived_from_projected_minutes,63,0.0
Julian Champagnie,38017649,SAS,NYK,False,21716136,pra,starter,"stat_grid:component_convolution_mean_coherent_v1+components[pts:pmf_sim_v1+role_aware_pmf_cal_v1:starter+monotone_pit_cdf_v1,reb:pmf_sim_v1+role_aware_pmf_cal_v1:starter+monotone_pit_cdf_v1,ast:pmf_sim_v1+role_aware_pmf_cal_v1:starter+monotone_pit_cdf_v1]+prior_combo[joint_sampler_v1+joint_combo_pmf_v1+role_aware_pmf_cal_v1:starter+monotone_pit_cdf_v1]+stat_grid_final_component_convolution_mean_coherent_v1",phase8_role_aware_pmf_cal_v1+monotone_inactive_global_v1,pre_close,2026-06-08T20:24:41Z,2a55ede2#phase10c,123a4575-1c87-47c7-b3d9-8e48b45fa2bc,ok,0.0,high,full,current_phase8,fallback_used,projected,derived_from_projected_minutes,64,0.0
Julian Champagnie,38017649,SAS,NYK,False,21716136,pra,starter,"stat_grid:component_convolution_mean_coherent_v1+components[pts:pmf_sim_v1+role_aware_pmf_cal_v1:starter+monotone_pit_cdf_v1,reb:pmf_sim_v1+role_aware_pmf_cal_v1:starter+monotone_pit_cdf_v1,ast:pmf_sim_v1+role_aware_pmf_cal_v1:starter+monotone_pit_cdf_v1]+prior_combo[joint_sampler_v1+joint_combo_pmf_v1+role_aware_pmf_cal_v1:starter+monotone_pit_cdf_v1]+stat_grid_final_component_convolution_mean_coherent_v1",phase8_role_aware_pmf_cal_v1+monotone_inactive_global_v1,pre_close,2026-06-08T20:24:41Z,2a55ede2#phase10c,123a4575-1c87-47c7-b3d9-8e48b45fa2bc,ok,0.0,high,full,current_phase8,fallback_used,projected,derived_from_projected_minutes,65,0.0
Julian Champagnie,38017649,SAS,NYK,False,21716136,pra,starter,"stat_grid:component_convolution_mean_coherent_v1+components[pts:pmf_sim_v1+role_aware_pmf_cal_v1:starter+monotone_pit_cdf_v1,reb:pmf_sim_v1+role_aware_pmf_cal_v1:starter+monotone_pit_cdf_v1,ast:pmf_sim_v1+role_aware_pmf_cal_v1:starter+monotone_pit_cdf_v1]+prior_combo[joint_sampler_v1+joint_combo_pmf_v1+role_aware_pmf_cal_v1:starter+monotone_pit_cdf_v1]+stat_grid_final_component_convolution_mean_coherent_v1",phase8_role_aware_pmf_cal_v1+monotone_inactive_global_v1,pre_close,2026-06-08T20:24:41Z,2a55ede2#phase10c,123a4575-1c87-47c7-b3d9-8e48b45fa2bc,ok,0.0,high,full,current_phase8,fallback_used,projected,derived_from_projected_minutes,66,0.0
Julian Champagnie,38017649,SAS,NYK,False,21716136,pra,starter,"stat_grid:component_convolution_mean_coherent_v1+components[pts:pmf_sim_v1+role_aware_pmf_cal_v1:starter+monotone_pit_cdf_v1,reb:pmf_sim_v1+role_aware_pmf_cal_v1:starter+monotone_pit_cdf_v1,ast:pmf_sim_v1+role_aware_pmf_cal_v1:starter+monotone_pit_cdf_v1]+prior_combo[joint_sampler_v1+joint_combo_pmf_v1+role_aware_pmf_cal_v1:starter+monotone_pit_cdf_v1]+stat_grid_final_component_convolution_mean_coherent_v1",phase8_role_aware_pmf_cal_v1+monotone_inactive_global_v1,pre_close,2026-06-08T20:24:41Z,2a55ede2#phase10c,123a4575-1c87-47c7-b3d9-8e48b45fa2bc,ok,0.0,high,full,current_phase8,fallback_used,projected,derived_from_projected_minutes,67,0.0
Julian Champagnie,38017649,SAS,NYK,False,21716136,pra,starter,"stat_grid:component_convolution_mean_coherent_v1+components[pts:pmf_sim_v1+role_aware_pmf_cal_v1:starter+monotone_pit_cdf_v1,reb:pmf_sim_v1+role_aware_pmf_cal_v1:starter+monotone_pit_cdf_v1,ast:pmf_sim_v1+role_aware_pmf_cal_v1:starter+monotone_pit_cdf_v1]+prior_combo[joint_sampler_v1+joint_combo_pmf_v1+role_aware_pmf_cal_v1:starter+monotone_pit_cdf_v1]+stat_grid_final_component_convolution_mean_coherent_v1",phase8_role_aware_pmf_cal_v1+monotone_inactive_global_v1,pre_close,2026-06-08T20:24:41Z,2a55ede2#phase10c,123a4575-1c87-47c7-b3d9-8e48b45fa2bc,ok,0.0,high,full,current_phase8,fallback_used,projected,derived_from_projected_minutes,68,0.0
Julian Champagnie,38017649,SAS,NYK,False,21716136,pra,starter,"stat_grid:component_convolution_mean_coherent_v1+components[pts:pmf_sim_v1+role_aware_pmf_cal_v1:starter+monotone_pit_cdf_v1,reb:pmf_sim_v1+role_aware_pmf_cal_v1:starter+monotone_pit_cdf_v1,ast:pmf_sim_v1+role_aware_pmf_cal_v1:starter+monotone_pit_cdf_v1]+prior_combo[joint_sampler_v1+joint_combo_pmf_v1+role_aware_pmf_cal_v1:starter+monotone_pit_cdf_v1]+stat_grid_final_component_convolution_mean_coherent_v1",phase8_role_aware_pmf_cal_v1+monotone_inactive_global_v1,pre_close,2026-06-08T20:24:41Z,2a55ede2#phase10c,123a4575-1c87-47c7-b3d9-8e48b45fa2bc,ok,0.0,high,full,current_phase8,fallback_used,projected,derived_from_projected_minutes,69,0.0
Julian Champagnie,38017649,SAS,NYK,False,21716136,pra,starter,"stat_grid:component_convolution_mean_coherent_v1+components[pts:pmf_sim_v1+role_aware_pmf_cal_v1:starter+monotone_pit_cdf_v1,reb:pmf_sim_v1+role_aware_pmf_cal_v1:starter+monotone_pit_cdf_v1,ast:pmf_sim_v1+role_aware_pmf_cal_v1:starter+monotone_pit_cdf_v1]+prior_combo[joint_sampler_v1+joint_combo_pmf_v1+role_aware_pmf_cal_v1:starter+monotone_pit_cdf_v1]+stat_grid_final_component_convolution_mean_coherent_v1",phase8_role_aware_pmf_cal_v1+monotone_inactive_global_v1,pre_close,2026-06-08T20:24:41Z,2a55ede2#phase10c,123a4575-1c87-47c7-b3d9-8e48b45fa2bc,ok,0.0,high,full,current_phase8,fallback_used,projected,derived_from_projected_minutes,70,0.0
Julian Champagnie,38017649,SAS,NYK,False,21716136,pra,starter,"stat_grid:component_convolution_mean_coherent_v1+components[pts:pmf_sim_v1+role_aware_pmf_cal_v1:starter+monotone_pit_cdf_v1,reb:pmf_sim_v1+role_aware_pmf_cal_v1:starter+monotone_pit_cdf_v1,ast:pmf_sim_v1+role_aware_pmf_cal_v1:starter+monotone_pit_cdf_v1]+prior_combo[joint_sampler_v1+joint_combo_pmf_v1+role_aware_pmf_cal_v1:starter+monotone_pit_cdf_v1]+stat_grid_final_component_convolution_mean_coherent_v1",phase8_role_aware_pmf_cal_v1+monotone_inactive_global_v1,pre_close,2026-06-08T20:24:41Z,2a55ede2#phase10c,123a4575-1c87-47c7-b3d9-8e48b45fa2bc,ok,0.0,high,full,current_phase8,fallback_used,projected,derived_from_projected_minutes,71,0.0
Julian Champagnie,38017649,SAS,NYK,False,21716136,pra,starter,"stat_grid:component_convolution_mean_coherent_v1+components[pts:pmf_sim_v1+role_aware_pmf_cal_v1:starter+monotone_pit_cdf_v1,reb:pmf_sim_v1+role_aware_pmf_cal_v1:starter+monotone_pit_cdf_v1,ast:pmf_sim_v1+role_aware_pmf_cal_v1:starter+monotone_pit_cdf_v1]+prior_combo[joint_sampler_v1+joint_combo_pmf_v1+role_aware_pmf_cal_v1:starter+monotone_pit_cdf_v1]+stat_grid_final_component_convolution_mean_coherent_v1",phase8_role_aware_pmf_cal_v1+monotone_inactive_global_v1,pre_close,2026-06-08T20:24:41Z,2a55ede2#phase10c,123a4575-1c87-47c7-b3d9-8e48b45fa2bc,ok,0.0,high,full,current_phase8,fallback_used,projected,derived_from_projected_minutes,72,0.0
Julian Champagnie,38017649,SAS,NYK,False,21716136,pra,starter,"stat_grid:component_convolution_mean_coherent_v1+components[pts:pmf_sim_v1+role_aware_pmf_cal_v1:starter+monotone_pit_cdf_v1,reb:pmf_sim_v1+role_aware_pmf_cal_v1:starter+monotone_pit_cdf_v1,ast:pmf_sim_v1+role_aware_pmf_cal_v1:starter+monotone_pit_cdf_v1]+prior_combo[joint_sampler_v1+joint_combo_pmf_v1+role_aware_pmf_cal_v1:starter+monotone_pit_cdf_v1]+stat_grid_final_component_convolution_mean_coherent_v1",phase8_role_aware_pmf_cal_v1+monotone_inactive_global_v1,pre_close,2026-06-08T20:24:41Z,2a55ede2#phase10c,123a4575-1c87-47c7-b3d9-8e48b45fa2bc,ok,0.0,high,full,current_phase8,fallback_used,projected,derived_from_projected_minutes,73,0.0
Julian Champagnie,38017649,SAS,NYK,False,21716136,pra,starter,"stat_grid:component_convolution_mean_coherent_v1+components[pts:pmf_sim_v1+role_aware_pmf_cal_v1:starter+monotone_pit_cdf_v1,reb:pmf_sim_v1+role_aware_pmf_cal_v1:starter+monotone_pit_cdf_v1,ast:pmf_sim_v1+role_aware_pmf_cal_v1:starter+monotone_pit_cdf_v1]+prior_combo[joint_sampler_v1+joint_combo_pmf_v1+role_aware_pmf_cal_v1:starter+monotone_pit_cdf_v1]+stat_grid_final_component_convolution_mean_coherent_v1",phase8_role_aware_pmf_cal_v1+monotone_inactive_global_v1,pre_close,2026-06-08T20:24:41Z,2a55ede2#phase10c,123a4575-1c87-47c7-b3d9-8e48b45fa2bc,ok,0.0,high,full,current_phase8,fallback_used,projected,derived_from_projected_minutes,74,0.0
Julian Champagnie,38017649,SAS,NYK,False,21716136,pra,starter,"stat_grid:component_convolution_mean_coherent_v1+components[pts:pmf_sim_v1+role_aware_pmf_cal_v1:starter+monotone_pit_cdf_v1,reb:pmf_sim_v1+role_aware_pmf_cal_v1:starter+monotone_pit_cdf_v1,ast:pmf_sim_v1+role_aware_pmf_cal_v1:starter+monotone_pit_cdf_v1]+prior_combo[joint_sampler_v1+joint_combo_pmf_v1+role_aware_pmf_cal_v1:starter+monotone_pit_cdf_v1]+stat_grid_final_component_convolution_mean_coherent_v1",phase8_role_aware_pmf_cal_v1+monotone_inactive_global_v1,pre_close,2026-06-08T20:24:41Z,2a55ede2#phase10c,123a4575-1c87-47c7-b3d9-8e48b45fa2bc,ok,0.0,high,full,current_phase8,fallback_used,projected,derived_from_projected_minutes,75,0.0
Julian Champagnie,38017649,SAS,NYK,False,21716136,pra,starter,"stat_grid:component_convolution_mean_coherent_v1+components[pts:pmf_sim_v1+role_aware_pmf_cal_v1:starter+monotone_pit_cdf_v1,reb:pmf_sim_v1+role_aware_pmf_cal_v1:starter+monotone_pit_cdf_v1,ast:pmf_sim_v1+role_aware_pmf_cal_v1:starter+monotone_pit_cdf_v1]+prior_combo[joint_sampler_v1+joint_combo_pmf_v1+role_aware_pmf_cal_v1:starter+monotone_pit_cdf_v1]+stat_grid_final_component_convolution_mean_coherent_v1",phase8_role_aware_pmf_cal_v1+monotone_inactive_global_v1,pre_close,2026-06-08T20:24:41Z,2a55ede2#phase10c,123a4575-1c87-47c7-b3d9-8e48b45fa2bc,ok,0.0,high,full,current_phase8,fallback_used,projected,derived_from_projected_minutes,76,0.0
Julian Champagnie,38017649,SAS,NYK,False,21716136,pra,starter,"stat_grid:component_convolution_mean_coherent_v1+components[pts:pmf_sim_v1+role_aware_pmf_cal_v1:starter+monotone_pit_cdf_v1,reb:pmf_sim_v1+role_aware_pmf_cal_v1:starter+monotone_pit_cdf_v1,ast:pmf_sim_v1+role_aware_pmf_cal_v1:starter+monotone_pit_cdf_v1]+prior_combo[joint_sampler_v1+joint_combo_pmf_v1+role_aware_pmf_cal_v1:starter+monotone_pit_cdf_v1]+stat_grid_final_component_convolution_mean_coherent_v1",phase8_role_aware_pmf_cal_v1+monotone_inactive_global_v1,pre_close,2026-06-08T20:24:41Z,2a55ede2#phase10c,123a4575-1c87-47c7-b3d9-8e48b45fa2bc,ok,0.0,high,full,current_phase8,fallback_used,projected,derived_from_projected_minutes,77,0.0
Julian Champagnie,38017649,SAS,NYK,False,21716136,pra,starter,"stat_grid:component_convolution_mean_coherent_v1+components[pts:pmf_sim_v1+role_aware_pmf_cal_v1:starter+monotone_pit_cdf_v1,reb:pmf_sim_v1+role_aware_pmf_cal_v1:starter+monotone_pit_cdf_v1,ast:pmf_sim_v1+role_aware_pmf_cal_v1:starter+monotone_pit_cdf_v1]+prior_combo[joint_sampler_v1+joint_combo_pmf_v1+role_aware_pmf_cal_v1:starter+monotone_pit_cdf_v1]+stat_grid_final_component_convolution_mean_coherent_v1",phase8_role_aware_pmf_cal_v1+monotone_inactive_global_v1,pre_close,2026-06-08T20:24:41Z,2a55ede2#phase10c,123a4575-1c87-47c7-b3d9-8e48b45fa2bc,ok,0.0,high,full,current_phase8,fallback_used,projected,derived_from_projected_minutes,78,0.0
Julian Champagnie,38017649,SAS,NYK,False,21716136,pra,starter,"stat_grid:component_convolution_mean_coherent_v1+components[pts:pmf_sim_v1+role_aware_pmf_cal_v1:starter+monotone_pit_cdf_v1,reb:pmf_sim_v1+role_aware_pmf_cal_v1:starter+monotone_pit_cdf_v1,ast:pmf_sim_v1+role_aware_pmf_cal_v1:starter+monotone_pit_cdf_v1]+prior_combo[joint_sampler_v1+joint_combo_pmf_v1+role_aware_pmf_cal_v1:starter+monotone_pit_cdf_v1]+stat_grid_final_component_convolution_mean_coherent_v1",phase8_role_aware_pmf_cal_v1+monotone_inactive_global_v1,pre_close,2026-06-08T20:24:41Z,2a55ede2#phase10c,123a4575-1c87-47c7-b3d9-8e48b45fa2bc,ok,0.0,high,full,current_phase8,fallback_used,projected,derived_from_projected_minutes,79,0.0
Julian Champagnie,38017649,SAS,NYK,False,21716136,pra,starter,"stat_grid:component_convolution_mean_coherent_v1+components[pts:pmf_sim_v1+role_aware_pmf_cal_v1:starter+monotone_pit_cdf_v1,reb:pmf_sim_v1+role_aware_pmf_cal_v1:starter+monotone_pit_cdf_v1,ast:pmf_sim_v1+role_aware_pmf_cal_v1:starter+monotone_pit_cdf_v1]+prior_combo[joint_sampler_v1+joint_combo_pmf_v1+role_aware_pmf_cal_v1:starter+monotone_pit_cdf_v1]+stat_grid_final_component_convolution_mean_coherent_v1",phase8_role_aware_pmf_cal_v1+monotone_inactive_global_v1,pre_close,2026-06-08T20:24:41Z,2a55ede2#phase10c,123a4575-1c87-47c7-b3d9-8e48b45fa2bc,ok,0.0,high,full,current_phase8,fallback_used,projected,derived_from_projected_minutes,80,0.0
Julian Champagnie,38017649,SAS,NYK,False,21716136,pra,starter,"stat_grid:component_convolution_mean_coherent_v1+components[pts:pmf_sim_v1+role_aware_pmf_cal_v1:starter+monotone_pit_cdf_v1,reb:pmf_sim_v1+role_aware_pmf_cal_v1:starter+monotone_pit_cdf_v1,ast:pmf_sim_v1+role_aware_pmf_cal_v1:starter+monotone_pit_cdf_v1]+prior_combo[joint_sampler_v1+joint_combo_pmf_v1+role_aware_pmf_cal_v1:starter+monotone_pit_cdf_v1]+stat_grid_final_component_convolution_mean_coherent_v1",phase8_role_aware_pmf_cal_v1+monotone_inactive_global_v1,pre_close,2026-06-08T20:24:41Z,2a55ede2#phase10c,123a4575-1c87-47c7-b3d9-8e48b45fa2bc,ok,0.0,high,full,current_phase8,fallback_used,projected,derived_from_projected_minutes,81,0.0
Julian Champagnie,38017649,SAS,NYK,False,21716136,pra,starter,"stat_grid:component_convolution_mean_coherent_v1+components[pts:pmf_sim_v1+role_aware_pmf_cal_v1:starter+monotone_pit_cdf_v1,reb:pmf_sim_v1+role_aware_pmf_cal_v1:starter+monotone_pit_cdf_v1,ast:pmf_sim_v1+role_aware_pmf_cal_v1:starter+monotone_pit_cdf_v1]+prior_combo[joint_sampler_v1+joint_combo_pmf_v1+role_aware_pmf_cal_v1:starter+monotone_pit_cdf_v1]+stat_grid_final_component_convolution_mean_coherent_v1",phase8_role_aware_pmf_cal_v1+monotone_inactive_global_v1,pre_close,2026-06-08T20:24:41Z,2a55ede2#phase10c,123a4575-1c87-47c7-b3d9-8e48b45fa2bc,ok,0.0,high,full,current_phase8,fallback_used,projected,derived_from_projected_minutes,82,0.0
Julian Champagnie,38017649,SAS,NYK,False,21716136,pra,starter,"stat_grid:component_convolution_mean_coherent_v1+components[pts:pmf_sim_v1+role_aware_pmf_cal_v1:starter+monotone_pit_cdf_v1,reb:pmf_sim_v1+role_aware_pmf_cal_v1:starter+monotone_pit_cdf_v1,ast:pmf_sim_v1+role_aware_pmf_cal_v1:starter+monotone_pit_cdf_v1]+prior_combo[joint_sampler_v1+joint_combo_pmf_v1+role_aware_pmf_cal_v1:starter+monotone_pit_cdf_v1]+stat_grid_final_component_convolution_mean_coherent_v1",phase8_role_aware_pmf_cal_v1+monotone_inactive_global_v1,pre_close,2026-06-08T20:24:41Z,2a55ede2#phase10c,123a4575-1c87-47c7-b3d9-8e48b45fa2bc,ok,0.0,high,full,current_phase8,fallback_used,projected,derived_from_projected_minutes,83,0.0
Julian Champagnie,38017649,SAS,NYK,False,21716136,pra,starter,"stat_grid:component_convolution_mean_coherent_v1+components[pts:pmf_sim_v1+role_aware_pmf_cal_v1:starter+monotone_pit_cdf_v1,reb:pmf_sim_v1+role_aware_pmf_cal_v1:starter+monotone_pit_cdf_v1,ast:pmf_sim_v1+role_aware_pmf_cal_v1:starter+monotone_pit_cdf_v1]+prior_combo[joint_sampler_v1+joint_combo_pmf_v1+role_aware_pmf_cal_v1:starter+monotone_pit_cdf_v1]+stat_grid_final_component_convolution_mean_coherent_v1",phase8_role_aware_pmf_cal_v1+monotone_inactive_global_v1,pre_close,2026-06-08T20:24:41Z,2a55ede2#phase10c,123a4575-1c87-47c7-b3d9-8e48b45fa2bc,ok,0.0,high,full,current_phase8,fallback_used,projected,derived_from_projected_minutes,84,0.0
Julian Champagnie,38017649,SAS,NYK,False,21716136,pra,starter,"stat_grid:component_convolution_mean_coherent_v1+components[pts:pmf_sim_v1+role_aware_pmf_cal_v1:starter+monotone_pit_cdf_v1,reb:pmf_sim_v1+role_aware_pmf_cal_v1:starter+monotone_pit_cdf_v1,ast:pmf_sim_v1+role_aware_pmf_cal_v1:starter+monotone_pit_cdf_v1]+prior_combo[joint_sampler_v1+joint_combo_pmf_v1+role_aware_pmf_cal_v1:starter+monotone_pit_cdf_v1]+stat_grid_final_component_convolution_mean_coherent_v1",phase8_role_aware_pmf_cal_v1+monotone_inactive_global_v1,pre_close,2026-06-08T20:24:41Z,2a55ede2#phase10c,123a4575-1c87-47c7-b3d9-8e48b45fa2bc,ok,0.0,high,full,current_phase8,fallback_used,projected,derived_from_projected_minutes,85,0.0
Julian Champagnie,38017649,SAS,NYK,False,21716136,pra,starter,"stat_grid:component_convolution_mean_coherent_v1+components[pts:pmf_sim_v1+role_aware_pmf_cal_v1:starter+monotone_pit_cdf_v1,reb:pmf_sim_v1+role_aware_pmf_cal_v1:starter+monotone_pit_cdf_v1,ast:pmf_sim_v1+role_aware_pmf_cal_v1:starter+monotone_pit_cdf_v1]+prior_combo[joint_sampler_v1+joint_combo_pmf_v1+role_aware_pmf_cal_v1:starter+monotone_pit_cdf_v1]+stat_grid_final_component_convolution_mean_coherent_v1",phase8_role_aware_pmf_cal_v1+monotone_inactive_global_v1,pre_close,2026-06-08T20:24:41Z,2a55ede2#phase10c,123a4575-1c87-47c7-b3d9-8e48b45fa2bc,ok,0.0,high,full,current_phase8,fallback_used,projected,derived_from_projected_minutes,86,0.0
Julian Champagnie,38017649,SAS,NYK,False,21716136,pra,starter,"stat_grid:component_convolution_mean_coherent_v1+components[pts:pmf_sim_v1+role_aware_pmf_cal_v1:starter+monotone_pit_cdf_v1,reb:pmf_sim_v1+role_aware_pmf_cal_v1:starter+monotone_pit_cdf_v1,ast:pmf_sim_v1+role_aware_pmf_cal_v1:starter+monotone_pit_cdf_v1]+prior_combo[joint_sampler_v1+joint_combo_pmf_v1+role_aware_pmf_cal_v1:starter+monotone_pit_cdf_v1]+stat_grid_final_component_convolution_mean_coherent_v1",phase8_role_aware_pmf_cal_v1+monotone_inactive_global_v1,pre_close,2026-06-08T20:24:41Z,2a55ede2#phase10c,123a4575-1c87-47c7-b3d9-8e48b45fa2bc,ok,0.0,high,full,current_phase8,fallback_used,projected,derived_from_projected_minutes,87,0.0
Julian Champagnie,38017649,SAS,NYK,False,21716136,pra,starter,"stat_grid:component_convolution_mean_coherent_v1+components[pts:pmf_sim_v1+role_aware_pmf_cal_v1:starter+monotone_pit_cdf_v1,reb:pmf_sim_v1+role_aware_pmf_cal_v1:starter+monotone_pit_cdf_v1,ast:pmf_sim_v1+role_aware_pmf_cal_v1:starter+monotone_pit_cdf_v1]+prior_combo[joint_sampler_v1+joint_combo_pmf_v1+role_aware_pmf_cal_v1:starter+monotone_pit_cdf_v1]+stat_grid_final_component_convolution_mean_coherent_v1",phase8_role_aware_pmf_cal_v1+monotone_inactive_global_v1,pre_close,2026-06-08T20:24:41Z,2a55ede2#phase10c,123a4575-1c87-47c7-b3d9-8e48b45fa2bc,ok,0.0,high,full,current_phase8,fallback_used,projected,derived_from_projected_minutes,88,0.0
Julian Champagnie,38017649,SAS,NYK,False,21716136,pra,starter,"stat_grid:component_convolution_mean_coherent_v1+components[pts:pmf_sim_v1+role_aware_pmf_cal_v1:starter+monotone_pit_cdf_v1,reb:pmf_sim_v1+role_aware_pmf_cal_v1:starter+monotone_pit_cdf_v1,ast:pmf_sim_v1+role_aware_pmf_cal_v1:starter+monotone_pit_cdf_v1]+prior_combo[joint_sampler_v1+joint_combo_pmf_v1+role_aware_pmf_cal_v1:starter+monotone_pit_cdf_v1]+stat_grid_final_component_convolution_mean_coherent_v1",phase8_role_aware_pmf_cal_v1+monotone_inactive_global_v1,pre_close,2026-06-08T20:24:41Z,2a55ede2#phase10c,123a4575-1c87-47c7-b3d9-8e48b45fa2bc,ok,0.0,high,full,current_phase8,fallback_used,projected,derived_from_projected_minutes,89,0.0
Julian Champagnie,38017649,SAS,NYK,False,21716136,pra,starter,"stat_grid:component_convolution_mean_coherent_v1+components[pts:pmf_sim_v1+role_aware_pmf_cal_v1:starter+monotone_pit_cdf_v1,reb:pmf_sim_v1+role_aware_pmf_cal_v1:starter+monotone_pit_cdf_v1,ast:pmf_sim_v1+role_aware_pmf_cal_v1:starter+monotone_pit_cdf_v1]+prior_combo[joint_sampler_v1+joint_combo_pmf_v1+role_aware_pmf_cal_v1:starter+monotone_pit_cdf_v1]+stat_grid_final_component_convolution_mean_coherent_v1",phase8_role_aware_pmf_cal_v1+monotone_inactive_global_v1,pre_close,2026-06-08T20:24:41Z,2a55ede2#phase10c,123a4575-1c87-47c7-b3d9-8e48b45fa2bc,ok,0.0,high,full,current_phase8,fallback_used,projected,derived_from_projected_minutes,90,0.0
Julian Champagnie,38017649,SAS,NYK,False,21716136,pra,starter,"stat_grid:component_convolution_mean_coherent_v1+components[pts:pmf_sim_v1+role_aware_pmf_cal_v1:starter+monotone_pit_cdf_v1,reb:pmf_sim_v1+role_aware_pmf_cal_v1:starter+monotone_pit_cdf_v1,ast:pmf_sim_v1+role_aware_pmf_cal_v1:starter+monotone_pit_cdf_v1]+prior_combo[joint_sampler_v1+joint_combo_pmf_v1+role_aware_pmf_cal_v1:starter+monotone_pit_cdf_v1]+stat_grid_final_component_convolution_mean_coherent_v1",phase8_role_aware_pmf_cal_v1+monotone_inactive_global_v1,pre_close,2026-06-08T20:24:41Z,2a55ede2#phase10c,123a4575-1c87-47c7-b3d9-8e48b45fa2bc,ok,0.0,high,full,current_phase8,fallback_used,projected,derived_from_projected_minutes,91,0.0
Julian Champagnie,38017649,SAS,NYK,False,21716136,pra,starter,"stat_grid:component_convolution_mean_coherent_v1+components[pts:pmf_sim_v1+role_aware_pmf_cal_v1:starter+monotone_pit_cdf_v1,reb:pmf_sim_v1+role_aware_pmf_cal_v1:starter+monotone_pit_cdf_v1,ast:pmf_sim_v1+role_aware_pmf_cal_v1:starter+monotone_pit_cdf_v1]+prior_combo[joint_sampler_v1+joint_combo_pmf_v1+role_aware_pmf_cal_v1:starter+monotone_pit_cdf_v1]+stat_grid_final_component_convolution_mean_coherent_v1",phase8_role_aware_pmf_cal_v1+monotone_inactive_global_v1,pre_close,2026-06-08T20:24:41Z,2a55ede2#phase10c,123a4575-1c87-47c7-b3d9-8e48b45fa2bc,ok,0.0,high,full,current_phase8,fallback_used,projected,derived_from_projected_minutes,92,0.0
Julian Champagnie,38017649,SAS,NYK,False,21716136,pra,starter,"stat_grid:component_convolution_mean_coherent_v1+components[pts:pmf_sim_v1+role_aware_pmf_cal_v1:starter+monotone_pit_cdf_v1,reb:pmf_sim_v1+role_aware_pmf_cal_v1:starter+monotone_pit_cdf_v1,ast:pmf_sim_v1+role_aware_pmf_cal_v1:starter+monotone_pit_cdf_v1]+prior_combo[joint_sampler_v1+joint_combo_pmf_v1+role_aware_pmf_cal_v1:starter+monotone_pit_cdf_v1]+stat_grid_final_component_convolution_mean_coherent_v1",phase8_role_aware_pmf_cal_v1+monotone_inactive_global_v1,pre_close,2026-06-08T20:24:41Z,2a55ede2#phase10c,123a4575-1c87-47c7-b3d9-8e48b45fa2bc,ok,0.0,high,full,current_phase8,fallback_used,projected,derived_from_projected_minutes,93,0.0
Julian Champagnie,38017649,SAS,NYK,False,21716136,pra,starter,"stat_grid:component_convolution_mean_coherent_v1+components[pts:pmf_sim_v1+role_aware_pmf_cal_v1:starter+monotone_pit_cdf_v1,reb:pmf_sim_v1+role_aware_pmf_cal_v1:starter+monotone_pit_cdf_v1,ast:pmf_sim_v1+role_aware_pmf_cal_v1:starter+monotone_pit_cdf_v1]+prior_combo[joint_sampler_v1+joint_combo_pmf_v1+role_aware_pmf_cal_v1:starter+monotone_pit_cdf_v1]+stat_grid_final_component_convolution_mean_coherent_v1",phase8_role_aware_pmf_cal_v1+monotone_inactive_global_v1,pre_close,2026-06-08T20:24:41Z,2a55ede2#phase10c,123a4575-1c87-47c7-b3d9-8e48b45fa2bc,ok,0.0,high,full,current_phase8,fallback_used,projected,derived_from_projected_minutes,94,0.0
Julian Champagnie,38017649,SAS,NYK,False,21716136,pra,starter,"stat_grid:component_convolution_mean_coherent_v1+components[pts:pmf_sim_v1+role_aware_pmf_cal_v1:starter+monotone_pit_cdf_v1,reb:pmf_sim_v1+role_aware_pmf_cal_v1:starter+monotone_pit_cdf_v1,ast:pmf_sim_v1+role_aware_pmf_cal_v1:starter+monotone_pit_cdf_v1]+prior_combo[joint_sampler_v1+joint_combo_pmf_v1+role_aware_pmf_cal_v1:starter+monotone_pit_cdf_v1]+stat_grid_final_component_convolution_mean_coherent_v1",phase8_role_aware_pmf_cal_v1+monotone_inactive_global_v1,pre_close,2026-06-08T20:24:41Z,2a55ede2#phase10c,123a4575-1c87-47c7-b3d9-8e48b45fa2bc,ok,0.0,high,full,current_phase8,fallback_used,projected,derived_from_projected_minutes,95,0.0
Julian Champagnie,38017649,SAS,NYK,False,21716136,pra,starter,"stat_grid:component_convolution_mean_coherent_v1+components[pts:pmf_sim_v1+role_aware_pmf_cal_v1:starter+monotone_pit_cdf_v1,reb:pmf_sim_v1+role_aware_pmf_cal_v1:starter+monotone_pit_cdf_v1,ast:pmf_sim_v1+role_aware_pmf_cal_v1:starter+monotone_pit_cdf_v1]+prior_combo[joint_sampler_v1+joint_combo_pmf_v1+role_aware_pmf_cal_v1:starter+monotone_pit_cdf_v1]+stat_grid_final_component_convolution_mean_coherent_v1",phase8_role_aware_pmf_cal_v1+monotone_inactive_global_v1,pre_close,2026-06-08T20:24:41Z,2a55ede2#phase10c,123a4575-1c87-47c7-b3d9-8e48b45fa2bc,ok,0.0,high,full,current_phase8,fallback_used,projected,derived_from_projected_minutes,96,0.0
Julian Champagnie,38017649,SAS,NYK,False,21716136,pra,starter,"stat_grid:component_convolution_mean_coherent_v1+components[pts:pmf_sim_v1+role_aware_pmf_cal_v1:starter+monotone_pit_cdf_v1,reb:pmf_sim_v1+role_aware_pmf_cal_v1:starter+monotone_pit_cdf_v1,ast:pmf_sim_v1+role_aware_pmf_cal_v1:starter+monotone_pit_cdf_v1]+prior_combo[joint_sampler_v1+joint_combo_pmf_v1+role_aware_pmf_cal_v1:starter+monotone_pit_cdf_v1]+stat_grid_final_component_convolution_mean_coherent_v1",phase8_role_aware_pmf_cal_v1+monotone_inactive_global_v1,pre_close,2026-06-08T20:24:41Z,2a55ede2#phase10c,123a4575-1c87-47c7-b3d9-8e48b45fa2bc,ok,0.0,high,full,current_phase8,fallback_used,projected,derived_from_projected_minutes,97,0.0
Julian Champagnie,38017649,SAS,NYK,False,21716136,pra,starter,"stat_grid:component_convolution_mean_coherent_v1+components[pts:pmf_sim_v1+role_aware_pmf_cal_v1:starter+monotone_pit_cdf_v1,reb:pmf_sim_v1+role_aware_pmf_cal_v1:starter+monotone_pit_cdf_v1,ast:pmf_sim_v1+role_aware_pmf_cal_v1:starter+monotone_pit_cdf_v1]+prior_combo[joint_sampler_v1+joint_combo_pmf_v1+role_aware_pmf_cal_v1:starter+monotone_pit_cdf_v1]+stat_grid_final_component_convolution_mean_coherent_v1",phase8_role_aware_pmf_cal_v1+monotone_inactive_global_v1,pre_close,2026-06-08T20:24:41Z,2a55ede2#phase10c,123a4575-1c87-47c7-b3d9-8e48b45fa2bc,ok,0.0,high,full,current_phase8,fallback_used,projected,derived_from_projected_minutes,98,0.0
Julian Champagnie,38017649,SAS,NYK,False,21716136,pra,starter,"stat_grid:component_convolution_mean_coherent_v1+components[pts:pmf_sim_v1+role_aware_pmf_cal_v1:starter+monotone_pit_cdf_v1,reb:pmf_sim_v1+role_aware_pmf_cal_v1:starter+monotone_pit_cdf_v1,ast:pmf_sim_v1+role_aware_pmf_cal_v1:starter+monotone_pit_cdf_v1]+prior_combo[joint_sampler_v1+joint_combo_pmf_v1+role_aware_pmf_cal_v1:starter+monotone_pit_cdf_v1]+stat_grid_final_component_convolution_mean_coherent_v1",phase8_role_aware_pmf_cal_v1+monotone_inactive_global_v1,pre_close,2026-06-08T20:24:41Z,2a55ede2#phase10c,123a4575-1c87-47c7-b3d9-8e48b45fa2bc,ok,0.0,high,full,current_phase8,fallback_used,projected,derived_from_projected_minutes,99,0.0
Julian Champagnie,38017649,SAS,NYK,False,21716136,pra,starter,"stat_grid:component_convolution_mean_coherent_v1+components[pts:pmf_sim_v1+role_aware_pmf_cal_v1:starter+monotone_pit_cdf_v1,reb:pmf_sim_v1+role_aware_pmf_cal_v1:starter+monotone_pit_cdf_v1,ast:pmf_sim_v1+role_aware_pmf_cal_v1:starter+monotone_pit_cdf_v1]+prior_combo[joint_sampler_v1+joint_combo_pmf_v1+role_aware_pmf_cal_v1:starter+monotone_pit_cdf_v1]+stat_grid_final_component_convolution_mean_coherent_v1",phase8_role_aware_pmf_cal_v1+monotone_inactive_global_v1,pre_close,2026-06-08T20:24:41Z,2a55ede2#phase10c,123a4575-1c87-47c7-b3d9-8e48b45fa2bc,ok,0.0,high,full,current_phase8,fallback_used,projected,derived_from_projected_minutes,100,0.0
Julian Champagnie,38017649,SAS,NYK,False,21716136,pra,starter,"stat_grid:component_convolution_mean_coherent_v1+components[pts:pmf_sim_v1+role_aware_pmf_cal_v1:starter+monotone_pit_cdf_v1,reb:pmf_sim_v1+role_aware_pmf_cal_v1:starter+monotone_pit_cdf_v1,ast:pmf_sim_v1+role_aware_pmf_cal_v1:starter+monotone_pit_cdf_v1]+prior_combo[joint_sampler_v1+joint_combo_pmf_v1+role_aware_pmf_cal_v1:starter+monotone_pit_cdf_v1]+stat_grid_final_component_convolution_mean_coherent_v1",phase8_role_aware_pmf_cal_v1+monotone_inactive_global_v1,pre_close,2026-06-08T20:24:41Z,2a55ede2#phase10c,123a4575-1c87-47c7-b3d9-8e48b45fa2bc,ok,0.0,high,full,current_phase8,fallback_used,projected,derived_from_projected_minutes,101,0.0
Julian Champagnie,38017649,SAS,NYK,False,21716136,pra,starter,"stat_grid:component_convolution_mean_coherent_v1+components[pts:pmf_sim_v1+role_aware_pmf_cal_v1:starter+monotone_pit_cdf_v1,reb:pmf_sim_v1+role_aware_pmf_cal_v1:starter+monotone_pit_cdf_v1,ast:pmf_sim_v1+role_aware_pmf_cal_v1:starter+monotone_pit_cdf_v1]+prior_combo[joint_sampler_v1+joint_combo_pmf_v1+role_aware_pmf_cal_v1:starter+monotone_pit_cdf_v1]+stat_grid_final_component_convolution_mean_coherent_v1",phase8_role_aware_pmf_cal_v1+monotone_inactive_global_v1,pre_close,2026-06-08T20:24:41Z,2a55ede2#phase10c,123a4575-1c87-47c7-b3d9-8e48b45fa2bc,ok,0.0,high,full,current_phase8,fallback_used,projected,derived_from_projected_minutes,102,0.0
Julian Champagnie,38017649,SAS,NYK,False,21716136,pra,starter,"stat_grid:component_convolution_mean_coherent_v1+components[pts:pmf_sim_v1+role_aware_pmf_cal_v1:starter+monotone_pit_cdf_v1,reb:pmf_sim_v1+role_aware_pmf_cal_v1:starter+monotone_pit_cdf_v1,ast:pmf_sim_v1+role_aware_pmf_cal_v1:starter+monotone_pit_cdf_v1]+prior_combo[joint_sampler_v1+joint_combo_pmf_v1+role_aware_pmf_cal_v1:starter+monotone_pit_cdf_v1]+stat_grid_final_component_convolution_mean_coherent_v1",phase8_role_aware_pmf_cal_v1+monotone_inactive_global_v1,pre_close,2026-06-08T20:24:41Z,2a55ede2#phase10c,123a4575-1c87-47c7-b3d9-8e48b45fa2bc,ok,0.0,high,full,current_phase8,fallback_used,projected,derived_from_projected_minutes,103,0.0
Julian Champagnie,38017649,SAS,NYK,False,21716136,pra,starter,"stat_grid:component_convolution_mean_coherent_v1+components[pts:pmf_sim_v1+role_aware_pmf_cal_v1:starter+monotone_pit_cdf_v1,reb:pmf_sim_v1+role_aware_pmf_cal_v1:starter+monotone_pit_cdf_v1,ast:pmf_sim_v1+role_aware_pmf_cal_v1:starter+monotone_pit_cdf_v1]+prior_combo[joint_sampler_v1+joint_combo_pmf_v1+role_aware_pmf_cal_v1:starter+monotone_pit_cdf_v1]+stat_grid_final_component_convolution_mean_coherent_v1",phase8_role_aware_pmf_cal_v1+monotone_inactive_global_v1,pre_close,2026-06-08T20:24:41Z,2a55ede2#phase10c,123a4575-1c87-47c7-b3d9-8e48b45fa2bc,ok,0.0,high,full,current_phase8,fallback_used,projected,derived_from_projected_minutes,104,0.0
Julian Champagnie,38017649,SAS,NYK,False,21716136,pra,starter,"stat_grid:component_convolution_mean_coherent_v1+components[pts:pmf_sim_v1+role_aware_pmf_cal_v1:starter+monotone_pit_cdf_v1,reb:pmf_sim_v1+role_aware_pmf_cal_v1:starter+monotone_pit_cdf_v1,ast:pmf_sim_v1+role_aware_pmf_cal_v1:starter+monotone_pit_cdf_v1]+prior_combo[joint_sampler_v1+joint_combo_pmf_v1+role_aware_pmf_cal_v1:starter+monotone_pit_cdf_v1]+stat_grid_final_component_convolution_mean_coherent_v1",phase8_role_aware_pmf_cal_v1+monotone_inactive_global_v1,pre_close,2026-06-08T20:24:41Z,2a55ede2#phase10c,123a4575-1c87-47c7-b3d9-8e48b45fa2bc,ok,0.0,high,full,current_phase8,fallback_used,projected,derived_from_projected_minutes,105,0.0
Julian Champagnie,38017649,SAS,NYK,False,21716136,pra,starter,"stat_grid:component_convolution_mean_coherent_v1+components[pts:pmf_sim_v1+role_aware_pmf_cal_v1:starter+monotone_pit_cdf_v1,reb:pmf_sim_v1+role_aware_pmf_cal_v1:starter+monotone_pit_cdf_v1,ast:pmf_sim_v1+role_aware_pmf_cal_v1:starter+monotone_pit_cdf_v1]+prior_combo[joint_sampler_v1+joint_combo_pmf_v1+role_aware_pmf_cal_v1:starter+monotone_pit_cdf_v1]+stat_grid_final_component_convolution_mean_coherent_v1",phase8_role_aware_pmf_cal_v1+monotone_inactive_global_v1,pre_close,2026-06-08T20:24:41Z,2a55ede2#phase10c,123a4575-1c87-47c7-b3d9-8e48b45fa2bc,ok,0.0,high,full,current_phase8,fallback_used,projected,derived_from_projected_minutes,106,0.0
Julian Champagnie,38017649,SAS,NYK,False,21716136,pra,starter,"stat_grid:component_convolution_mean_coherent_v1+components[pts:pmf_sim_v1+role_aware_pmf_cal_v1:starter+monotone_pit_cdf_v1,reb:pmf_sim_v1+role_aware_pmf_cal_v1:starter+monotone_pit_cdf_v1,ast:pmf_sim_v1+role_aware_pmf_cal_v1:starter+monotone_pit_cdf_v1]+prior_combo[joint_sampler_v1+joint_combo_pmf_v1+role_aware_pmf_cal_v1:starter+monotone_pit_cdf_v1]+stat_grid_final_component_convolution_mean_coherent_v1",phase8_role_aware_pmf_cal_v1+monotone_inactive_global_v1,pre_close,2026-06-08T20:24:41Z,2a55ede2#phase10c,123a4575-1c87-47c7-b3d9-8e48b45fa2bc,ok,0.0,high,full,current_phase8,fallback_used,projected,derived_from_projected_minutes,107,0.0
Julian Champagnie,38017649,SAS,NYK,False,21716136,pra,starter,"stat_grid:component_convolution_mean_coherent_v1+components[pts:pmf_sim_v1+role_aware_pmf_cal_v1:starter+monotone_pit_cdf_v1,reb:pmf_sim_v1+role_aware_pmf_cal_v1:starter+monotone_pit_cdf_v1,ast:pmf_sim_v1+role_aware_pmf_cal_v1:starter+monotone_pit_cdf_v1]+prior_combo[joint_sampler_v1+joint_combo_pmf_v1+role_aware_pmf_cal_v1:starter+monotone_pit_cdf_v1]+stat_grid_final_component_convolution_mean_coherent_v1",phase8_role_aware_pmf_cal_v1+monotone_inactive_global_v1,pre_close,2026-06-08T20:24:41Z,2a55ede2#phase10c,123a4575-1c87-47c7-b3d9-8e48b45fa2bc,ok,0.0,high,full,current_phase8,fallback_used,projected,derived_from_projected_minutes,108,0.0
Julian Champagnie,38017649,SAS,NYK,False,21716136,pra,starter,"stat_grid:component_convolution_mean_coherent_v1+components[pts:pmf_sim_v1+role_aware_pmf_cal_v1:starter+monotone_pit_cdf_v1,reb:pmf_sim_v1+role_aware_pmf_cal_v1:starter+monotone_pit_cdf_v1,ast:pmf_sim_v1+role_aware_pmf_cal_v1:starter+monotone_pit_cdf_v1]+prior_combo[joint_sampler_v1+joint_combo_pmf_v1+role_aware_pmf_cal_v1:starter+monotone_pit_cdf_v1]+stat_grid_final_component_convolution_mean_coherent_v1",phase8_role_aware_pmf_cal_v1+monotone_inactive_global_v1,pre_close,2026-06-08T20:24:41Z,2a55ede2#phase10c,123a4575-1c87-47c7-b3d9-8e48b45fa2bc,ok,0.0,high,full,current_phase8,fallback_used,projected,derived_from_projected_minutes,109,0.0
Julian Champagnie,38017649,SAS,NYK,False,21716136,pra,starter,"stat_grid:component_convolution_mean_coherent_v1+components[pts:pmf_sim_v1+role_aware_pmf_cal_v1:starter+monotone_pit_cdf_v1,reb:pmf_sim_v1+role_aware_pmf_cal_v1:starter+monotone_pit_cdf_v1,ast:pmf_sim_v1+role_aware_pmf_cal_v1:starter+monotone_pit_cdf_v1]+prior_combo[joint_sampler_v1+joint_combo_pmf_v1+role_aware_pmf_cal_v1:starter+monotone_pit_cdf_v1]+stat_grid_final_component_convolution_mean_coherent_v1",phase8_role_aware_pmf_cal_v1+monotone_inactive_global_v1,pre_close,2026-06-08T20:24:41Z,2a55ede2#phase10c,123a4575-1c87-47c7-b3d9-8e48b45fa2bc,ok,0.0,high,full,current_phase8,fallback_used,projected,derived_from_projected_minutes,110,0.0
Julian Champagnie,38017649,SAS,NYK,False,21716136,pra,starter,"stat_grid:component_convolution_mean_coherent_v1+components[pts:pmf_sim_v1+role_aware_pmf_cal_v1:starter+monotone_pit_cdf_v1,reb:pmf_sim_v1+role_aware_pmf_cal_v1:starter+monotone_pit_cdf_v1,ast:pmf_sim_v1+role_aware_pmf_cal_v1:starter+monotone_pit_cdf_v1]+prior_combo[joint_sampler_v1+joint_combo_pmf_v1+role_aware_pmf_cal_v1:starter+monotone_pit_cdf_v1]+stat_grid_final_component_convolution_mean_coherent_v1",phase8_role_aware_pmf_cal_v1+monotone_inactive_global_v1,pre_close,2026-06-08T20:24:41Z,2a55ede2#phase10c,123a4575-1c87-47c7-b3d9-8e48b45fa2bc,ok,0.0,high,full,current_phase8,fallback_used,projected,derived_from_projected_minutes,111,0.0
Julian Champagnie,38017649,SAS,NYK,False,21716136,pra,starter,"stat_grid:component_convolution_mean_coherent_v1+components[pts:pmf_sim_v1+role_aware_pmf_cal_v1:starter+monotone_pit_cdf_v1,reb:pmf_sim_v1+role_aware_pmf_cal_v1:starter+monotone_pit_cdf_v1,ast:pmf_sim_v1+role_aware_pmf_cal_v1:starter+monotone_pit_cdf_v1]+prior_combo[joint_sampler_v1+joint_combo_pmf_v1+role_aware_pmf_cal_v1:starter+monotone_pit_cdf_v1]+stat_grid_final_component_convolution_mean_coherent_v1",phase8_role_aware_pmf_cal_v1+monotone_inactive_global_v1,pre_close,2026-06-08T20:24:41Z,2a55ede2#phase10c,123a4575-1c87-47c7-b3d9-8e48b45fa2bc,ok,0.0,high,full,current_phase8,fallback_used,projected,derived_from_projected_minutes,112,0.0
Julian Champagnie,38017649,SAS,NYK,False,21716136,pra,starter,"stat_grid:component_convolution_mean_coherent_v1+components[pts:pmf_sim_v1+role_aware_pmf_cal_v1:starter+monotone_pit_cdf_v1,reb:pmf_sim_v1+role_aware_pmf_cal_v1:starter+monotone_pit_cdf_v1,ast:pmf_sim_v1+role_aware_pmf_cal_v1:starter+monotone_pit_cdf_v1]+prior_combo[joint_sampler_v1+joint_combo_pmf_v1+role_aware_pmf_cal_v1:starter+monotone_pit_cdf_v1]+stat_grid_final_component_convolution_mean_coherent_v1",phase8_role_aware_pmf_cal_v1+monotone_inactive_global_v1,pre_close,2026-06-08T20:24:41Z,2a55ede2#phase10c,123a4575-1c87-47c7-b3d9-8e48b45fa2bc,ok,0.0,high,full,current_phase8,fallback_used,projected,derived_from_projected_minutes,113,0.0
Julian Champagnie,38017649,SAS,NYK,False,21716136,pra,starter,"stat_grid:component_convolution_mean_coherent_v1+components[pts:pmf_sim_v1+role_aware_pmf_cal_v1:starter+monotone_pit_cdf_v1,reb:pmf_sim_v1+role_aware_pmf_cal_v1:starter+monotone_pit_cdf_v1,ast:pmf_sim_v1+role_aware_pmf_cal_v1:starter+monotone_pit_cdf_v1]+prior_combo[joint_sampler_v1+joint_combo_pmf_v1+role_aware_pmf_cal_v1:starter+monotone_pit_cdf_v1]+stat_grid_final_component_convolution_mean_coherent_v1",phase8_role_aware_pmf_cal_v1+monotone_inactive_global_v1,pre_close,2026-06-08T20:24:41Z,2a55ede2#phase10c,123a4575-1c87-47c7-b3d9-8e48b45fa2bc,ok,0.0,high,full,current_phase8,fallback_used,projected,derived_from_projected_minutes,114,0.0
Julian Champagnie,38017649,SAS,NYK,False,21716136,pra,starter,"stat_grid:component_convolution_mean_coherent_v1+components[pts:pmf_sim_v1+role_aware_pmf_cal_v1:starter+monotone_pit_cdf_v1,reb:pmf_sim_v1+role_aware_pmf_cal_v1:starter+monotone_pit_cdf_v1,ast:pmf_sim_v1+role_aware_pmf_cal_v1:starter+monotone_pit_cdf_v1]+prior_combo[joint_sampler_v1+joint_combo_pmf_v1+role_aware_pmf_cal_v1:starter+monotone_pit_cdf_v1]+stat_grid_final_component_convolution_mean_coherent_v1",phase8_role_aware_pmf_cal_v1+monotone_inactive_global_v1,pre_close,2026-06-08T20:24:41Z,2a55ede2#phase10c,123a4575-1c87-47c7-b3d9-8e48b45fa2bc,ok,0.0,high,full,current_phase8,fallback_used,projected,derived_from_projected_minutes,115,0.0
Julian Champagnie,38017649,SAS,NYK,False,21716136,pra,starter,"stat_grid:component_convolution_mean_coherent_v1+components[pts:pmf_sim_v1+role_aware_pmf_cal_v1:starter+monotone_pit_cdf_v1,reb:pmf_sim_v1+role_aware_pmf_cal_v1:starter+monotone_pit_cdf_v1,ast:pmf_sim_v1+role_aware_pmf_cal_v1:starter+monotone_pit_cdf_v1]+prior_combo[joint_sampler_v1+joint_combo_pmf_v1+role_aware_pmf_cal_v1:starter+monotone_pit_cdf_v1]+stat_grid_final_component_convolution_mean_coherent_v1",phase8_role_aware_pmf_cal_v1+monotone_inactive_global_v1,pre_close,2026-06-08T20:24:41Z,2a55ede2#phase10c,123a4575-1c87-47c7-b3d9-8e48b45fa2bc,ok,0.0,high,full,current_phase8,fallback_used,projected,derived_from_projected_minutes,116,0.0
Julian Champagnie,38017649,SAS,NYK,False,21716136,pra,starter,"stat_grid:component_convolution_mean_coherent_v1+components[pts:pmf_sim_v1+role_aware_pmf_cal_v1:starter+monotone_pit_cdf_v1,reb:pmf_sim_v1+role_aware_pmf_cal_v1:starter+monotone_pit_cdf_v1,ast:pmf_sim_v1+role_aware_pmf_cal_v1:starter+monotone_pit_cdf_v1]+prior_combo[joint_sampler_v1+joint_combo_pmf_v1+role_aware_pmf_cal_v1:starter+monotone_pit_cdf_v1]+stat_grid_final_component_convolution_mean_coherent_v1",phase8_role_aware_pmf_cal_v1+monotone_inactive_global_v1,pre_close,2026-06-08T20:24:41Z,2a55ede2#phase10c,123a4575-1c87-47c7-b3d9-8e48b45fa2bc,ok,0.0,high,full,current_phase8,fallback_used,projected,derived_from_projected_minutes,117,0.0
Julian Champagnie,38017649,SAS,NYK,False,21716136,pra,starter,"stat_grid:component_convolution_mean_coherent_v1+components[pts:pmf_sim_v1+role_aware_pmf_cal_v1:starter+monotone_pit_cdf_v1,reb:pmf_sim_v1+role_aware_pmf_cal_v1:starter+monotone_pit_cdf_v1,ast:pmf_sim_v1+role_aware_pmf_cal_v1:starter+monotone_pit_cdf_v1]+prior_combo[joint_sampler_v1+joint_combo_pmf_v1+role_aware_pmf_cal_v1:starter+monotone_pit_cdf_v1]+stat_grid_final_component_convolution_mean_coherent_v1",phase8_role_aware_pmf_cal_v1+monotone_inactive_global_v1,pre_close,2026-06-08T20:24:41Z,2a55ede2#phase10c,123a4575-1c87-47c7-b3d9-8e48b45fa2bc,ok,0.0,high,full,current_phase8,fallback_used,projected,derived_from_projected_minutes,118,0.0
Julian Champagnie,38017649,SAS,NYK,False,21716136,pra,starter,"stat_grid:component_convolution_mean_coherent_v1+components[pts:pmf_sim_v1+role_aware_pmf_cal_v1:starter+monotone_pit_cdf_v1,reb:pmf_sim_v1+role_aware_pmf_cal_v1:starter+monotone_pit_cdf_v1,ast:pmf_sim_v1+role_aware_pmf_cal_v1:starter+monotone_pit_cdf_v1]+prior_combo[joint_sampler_v1+joint_combo_pmf_v1+role_aware_pmf_cal_v1:starter+monotone_pit_cdf_v1]+stat_grid_final_component_convolution_mean_coherent_v1",phase8_role_aware_pmf_cal_v1+monotone_inactive_global_v1,pre_close,2026-06-08T20:24:41Z,2a55ede2#phase10c,123a4575-1c87-47c7-b3d9-8e48b45fa2bc,ok,0.0,high,full,current_phase8,fallback_used,projected,derived_from_projected_minutes,119,0.0
Julian Champagnie,38017649,SAS,NYK,False,21716136,pra,starter,"stat_grid:component_convolution_mean_coherent_v1+components[pts:pmf_sim_v1+role_aware_pmf_cal_v1:starter+monotone_pit_cdf_v1,reb:pmf_sim_v1+role_aware_pmf_cal_v1:starter+monotone_pit_cdf_v1,ast:pmf_sim_v1+role_aware_pmf_cal_v1:starter+monotone_pit_cdf_v1]+prior_combo[joint_sampler_v1+joint_combo_pmf_v1+role_aware_pmf_cal_v1:starter+monotone_pit_cdf_v1]+stat_grid_final_component_convolution_mean_coherent_v1",phase8_role_aware_pmf_cal_v1+monotone_inactive_global_v1,pre_close,2026-06-08T20:24:41Z,2a55ede2#phase10c,123a4575-1c87-47c7-b3d9-8e48b45fa2bc,ok,0.0,high,full,current_phase8,fallback_used,projected,derived_from_projected_minutes,120,0.0
Julian Champagnie,38017649,SAS,NYK,False,21716136,pra,starter,"stat_grid:component_convolution_mean_coherent_v1+components[pts:pmf_sim_v1+role_aware_pmf_cal_v1:starter+monotone_pit_cdf_v1,reb:pmf_sim_v1+role_aware_pmf_cal_v1:starter+monotone_pit_cdf_v1,ast:pmf_sim_v1+role_aware_pmf_cal_v1:starter+monotone_pit_cdf_v1]+prior_combo[joint_sampler_v1+joint_combo_pmf_v1+role_aware_pmf_cal_v1:starter+monotone_pit_cdf_v1]+stat_grid_final_component_convolution_mean_coherent_v1",phase8_role_aware_pmf_cal_v1+monotone_inactive_global_v1,pre_close,2026-06-08T20:24:41Z,2a55ede2#phase10c,123a4575-1c87-47c7-b3d9-8e48b45fa2bc,ok,0.0,high,full,current_phase8,fallback_used,projected,derived_from_projected_minutes,121,0.0
Julian Champagnie,38017649,SAS,NYK,False,21716136,pra,starter,"stat_grid:component_convolution_mean_coherent_v1+components[pts:pmf_sim_v1+role_aware_pmf_cal_v1:starter+monotone_pit_cdf_v1,reb:pmf_sim_v1+role_aware_pmf_cal_v1:starter+monotone_pit_cdf_v1,ast:pmf_sim_v1+role_aware_pmf_cal_v1:starter+monotone_pit_cdf_v1]+prior_combo[joint_sampler_v1+joint_combo_pmf_v1+role_aware_pmf_cal_v1:starter+monotone_pit_cdf_v1]+stat_grid_final_component_convolution_mean_coherent_v1",phase8_role_aware_pmf_cal_v1+monotone_inactive_global_v1,pre_close,2026-06-08T20:24:41Z,2a55ede2#phase10c,123a4575-1c87-47c7-b3d9-8e48b45fa2bc,ok,0.0,high,full,current_phase8,fallback_used,projected,derived_from_projected_minutes,122,0.0
Julian Champagnie,38017649,SAS,NYK,False,21716136,pra,starter,"stat_grid:component_convolution_mean_coherent_v1+components[pts:pmf_sim_v1+role_aware_pmf_cal_v1:starter+monotone_pit_cdf_v1,reb:pmf_sim_v1+role_aware_pmf_cal_v1:starter+monotone_pit_cdf_v1,ast:pmf_sim_v1+role_aware_pmf_cal_v1:starter+monotone_pit_cdf_v1]+prior_combo[joint_sampler_v1+joint_combo_pmf_v1+role_aware_pmf_cal_v1:starter+monotone_pit_cdf_v1]+stat_grid_final_component_convolution_mean_coherent_v1",phase8_role_aware_pmf_cal_v1+monotone_inactive_global_v1,pre_close,2026-06-08T20:24:41Z,2a55ede2#phase10c,123a4575-1c87-47c7-b3d9-8e48b45fa2bc,ok,0.0,high,full,current_phase8,fallback_used,projected,derived_from_projected_minutes,123,0.0
Julian Champagnie,38017649,SAS,NYK,False,21716136,pra,starter,"stat_grid:component_convolution_mean_coherent_v1+components[pts:pmf_sim_v1+role_aware_pmf_cal_v1:starter+monotone_pit_cdf_v1,reb:pmf_sim_v1+role_aware_pmf_cal_v1:starter+monotone_pit_cdf_v1,ast:pmf_sim_v1+role_aware_pmf_cal_v1:starter+monotone_pit_cdf_v1]+prior_combo[joint_sampler_v1+joint_combo_pmf_v1+role_aware_pmf_cal_v1:starter+monotone_pit_cdf_v1]+stat_grid_final_component_convolution_mean_coherent_v1",phase8_role_aware_pmf_cal_v1+monotone_inactive_global_v1,pre_close,2026-06-08T20:24:41Z,2a55ede2#phase10c,123a4575-1c87-47c7-b3d9-8e48b45fa2bc,ok,0.0,high,full,current_phase8,fallback_used,projected,derived_from_projected_minutes,124,0.0
Julian Champagnie,38017649,SAS,NYK,False,21716136,pra,starter,"stat_grid:component_convolution_mean_coherent_v1+components[pts:pmf_sim_v1+role_aware_pmf_cal_v1:starter+monotone_pit_cdf_v1,reb:pmf_sim_v1+role_aware_pmf_cal_v1:starter+monotone_pit_cdf_v1,ast:pmf_sim_v1+role_aware_pmf_cal_v1:starter+monotone_pit_cdf_v1]+prior_combo[joint_sampler_v1+joint_combo_pmf_v1+role_aware_pmf_cal_v1:starter+monotone_pit_cdf_v1]+stat_grid_final_component_convolution_mean_coherent_v1",phase8_role_aware_pmf_cal_v1+monotone_inactive_global_v1,pre_close,2026-06-08T20:24:41Z,2a55ede2#phase10c,123a4575-1c87-47c7-b3d9-8e48b45fa2bc,ok,0.0,high,full,current_phase8,fallback_used,projected,derived_from_projected_minutes,125,0.0
Julian Champagnie,38017649,SAS,NYK,False,21716136,pra,starter,"stat_grid:component_convolution_mean_coherent_v1+components[pts:pmf_sim_v1+role_aware_pmf_cal_v1:starter+monotone_pit_cdf_v1,reb:pmf_sim_v1+role_aware_pmf_cal_v1:starter+monotone_pit_cdf_v1,ast:pmf_sim_v1+role_aware_pmf_cal_v1:starter+monotone_pit_cdf_v1]+prior_combo[joint_sampler_v1+joint_combo_pmf_v1+role_aware_pmf_cal_v1:starter+monotone_pit_cdf_v1]+stat_grid_final_component_convolution_mean_coherent_v1",phase8_role_aware_pmf_cal_v1+monotone_inactive_global_v1,pre_close,2026-06-08T20:24:41Z,2a55ede2#phase10c,123a4575-1c87-47c7-b3d9-8e48b45fa2bc,ok,0.0,high,full,current_phase8,fallback_used,projected,derived_from_projected_minutes,126,0.0
Julian Champagnie,38017649,SAS,NYK,False,21716136,pra,starter,"stat_grid:component_convolution_mean_coherent_v1+components[pts:pmf_sim_v1+role_aware_pmf_cal_v1:starter+monotone_pit_cdf_v1,reb:pmf_sim_v1+role_aware_pmf_cal_v1:starter+monotone_pit_cdf_v1,ast:pmf_sim_v1+role_aware_pmf_cal_v1:starter+monotone_pit_cdf_v1]+prior_combo[joint_sampler_v1+joint_combo_pmf_v1+role_aware_pmf_cal_v1:starter+monotone_pit_cdf_v1]+stat_grid_final_component_convolution_mean_coherent_v1",phase8_role_aware_pmf_cal_v1+monotone_inactive_global_v1,pre_close,2026-06-08T20:24:41Z,2a55ede2#phase10c,123a4575-1c87-47c7-b3d9-8e48b45fa2bc,ok,0.0,high,full,current_phase8,fallback_used,projected,derived_from_projected_minutes,127,0.0
Victor Wembanyama,56677822,SAS,NYK,False,21716136,pts,starter,stat_grid:pmf_sim_v1+role_aware_pmf_cal_v1:starter+monotone_pit_cdf_v1,phase8_role_aware_pmf_cal_v1+monotone_inactive_global_v1,pre_close,2026-06-08T20:24:41Z,2a55ede2#phase10c,123a4575-1c87-47c7-b3d9-8e48b45fa2bc,ok,0.0,high,full,current_phase8,fallback_used,projected,derived_from_projected_minutes,0,0.0001
Victor Wembanyama,56677822,SAS,NYK,False,21716136,pts,starter,stat_grid:pmf_sim_v1+role_aware_pmf_cal_v1:starter+monotone_pit_cdf_v1,phase8_role_aware_pmf_cal_v1+monotone_inactive_global_v1,pre_close,2026-06-08T20:24:41Z,2a55ede2#phase10c,123a4575-1c87-47c7-b3d9-8e48b45fa2bc,ok,0.0,high,full,current_phase8,fallback_used,projected,derived_from_projected_minutes,1,0.0011
Victor Wembanyama,56677822,SAS,NYK,False,21716136,pts,starter,stat_grid:pmf_sim_v1+role_aware_pmf_cal_v1:starter+monotone_pit_cdf_v1,phase8_role_aware_pmf_cal_v1+monotone_inactive_global_v1,pre_close,2026-06-08T20:24:41Z,2a55ede2#phase10c,123a4575-1c87-47c7-b3d9-8e48b45fa2bc,ok,0.0,high,full,current_phase8,fallback_used,projected,derived_from_projected_minutes,2,0.0002
Victor Wembanyama,56677822,SAS,NYK,False,21716136,pts,starter,stat_grid:pmf_sim_v1+role_aware_pmf_cal_v1:starter+monotone_pit_cdf_v1,phase8_role_aware_pmf_cal_v1+monotone_inactive_global_v1,pre_close,2026-06-08T20:24:41Z,2a55ede2#phase10c,123a4575-1c87-47c7-b3d9-8e48b45fa2bc,ok,0.0,high,full,current_phase8,fallback_used,projected,derived_from_projected_minutes,3,0.0006
Victor Wembanyama,56677822,SAS,NYK,False,21716136,pts,starter,stat_grid:pmf_sim_v1+role_aware_pmf_cal_v1:starter+monotone_pit_cdf_v1,phase8_role_aware_pmf_cal_v1+monotone_inactive_global_v1,pre_close,2026-06-08T20:24:41Z,2a55ede2#phase10c,123a4575-1c87-47c7-b3d9-8e48b45fa2bc,ok,0.0,high,full,current_phase8,fallback_used,projected,derived_from_projected_minutes,4,0.001
Victor Wembanyama,56677822,SAS,NYK,False,21716136,pts,starter,stat_grid:pmf_sim_v1+role_aware_pmf_cal_v1:starter+monotone_pit_cdf_v1,phase8_role_aware_pmf_cal_v1+monotone_inactive_global_v1,pre_close,2026-06-08T20:24:41Z,2a55ede2#phase10c,123a4575-1c87-47c7-b3d9-8e48b45fa2bc,ok,0.0,high,full,current_phase8,fallback_used,projected,derived_from_projected_minutes,5,0.0016
Victor Wembanyama,56677822,SAS,NYK,False,21716136,pts,starter,stat_grid:pmf_sim_v1+role_aware_pmf_cal_v1:starter+monotone_pit_cdf_v1,phase8_role_aware_pmf_cal_v1+monotone_inactive_global_v1,pre_close,2026-06-08T20:24:41Z,2a55ede2#phase10c,123a4575-1c87-47c7-b3d9-8e48b45fa2bc,ok,0.0,high,full,current_phase8,fallback_used,projected,derived_from_projected_minutes,6,0.0024
Victor Wembanyama,56677822,SAS,NYK,False,21716136,pts,starter,stat_grid:pmf_sim_v1+role_aware_pmf_cal_v1:starter+monotone_pit_cdf_v1,phase8_role_aware_pmf_cal_v1+monotone_inactive_global_v1,pre_close,2026-06-08T20:24:41Z,2a55ede2#phase10c,123a4575-1c87-47c7-b3d9-8e48b45fa2bc,ok,0.0,high,full,current_phase8,fallback_used,projected,derived_from_projected_minutes,7,0.004
Victor Wembanyama,56677822,SAS,NYK,False,21716136,pts,starter,stat_grid:pmf_sim_v1+role_aware_pmf_cal_v1:starter+monotone_pit_cdf_v1,phase8_role_aware_pmf_cal_v1+monotone_inactive_global_v1,pre_close,2026-06-08T20:24:41Z,2a55ede2#phase10c,123a4575-1c87-47c7-b3d9-8e48b45fa2bc,ok,0.0,high,full,current_phase8,fallback_used,projected,derived_from_projected_minutes,8,0.0047
Victor Wembanyama,56677822,SAS,NYK,False,21716136,pts,starter,stat_grid:pmf_sim_v1+role_aware_pmf_cal_v1:starter+monotone_pit_cdf_v1,phase8_role_aware_pmf_cal_v1+monotone_inactive_global_v1,pre_close,2026-06-08T20:24:41Z,2a55ede2#phase10c,123a4575-1c87-47c7-b3d9-8e48b45fa2bc,ok,0.0,high,full,current_phase8,fallback_used,projected,derived_from_projected_minutes,9,0.0057
Victor Wembanyama,56677822,SAS,NYK,False,21716136,pts,starter,stat_grid:pmf_sim_v1+role_aware_pmf_cal_v1:starter+monotone_pit_cdf_v1,phase8_role_aware_pmf_cal_v1+monotone_inactive_global_v1,pre_close,2026-06-08T20:24:41Z,2a55ede2#phase10c,123a4575-1c87-47c7-b3d9-8e48b45fa2bc,ok,0.0,high,full,current_phase8,fallback_used,projected,derived_from_projected_minutes,10,0.0068
Victor Wembanyama,56677822,SAS,NYK,False,21716136,pts,starter,stat_grid:pmf_sim_v1+role_aware_pmf_cal_v1:starter+monotone_pit_cdf_v1,phase8_role_aware_pmf_cal_v1+monotone_inactive_global_v1,pre_close,2026-06-08T20:24:41Z,2a55ede2#phase10c,123a4575-1c87-47c7-b3d9-8e48b45fa2bc,ok,0.0,high,full,current_phase8,fallback_used,projected,derived_from_projected_minutes,11,0.0105
Victor Wembanyama,56677822,SAS,NYK,False,21716136,pts,starter,stat_grid:pmf_sim_v1+role_aware_pmf_cal_v1:starter+monotone_pit_cdf_v1,phase8_role_aware_pmf_cal_v1+monotone_inactive_global_v1,pre_close,2026-06-08T20:24:41Z,2a55ede2#phase10c,123a4575-1c87-47c7-b3d9-8e48b45fa2bc,ok,0.0,high,full,current_phase8,fallback_used,projected,derived_from_projected_minutes,12,0.0163
Victor Wembanyama,56677822,SAS,NYK,False,21716136,pts,starter,stat_grid:pmf_sim_v1+role_aware_pmf_cal_v1:starter+monotone_pit_cdf_v1,phase8_role_aware_pmf_cal_v1+monotone_inactive_global_v1,pre_close,2026-06-08T20:24:41Z,2a55ede2#phase10c,123a4575-1c87-47c7-b3d9-8e48b45fa2bc,ok,0.0,high,full,current_phase8,fallback_used,projected,derived_from_projected_minutes,13,0.0175
Victor Wembanyama,56677822,SAS,NYK,False,21716136,pts,starter,stat_grid:pmf_sim_v1+role_aware_pmf_cal_v1:starter+monotone_pit_cdf_v1,phase8_role_aware_pmf_cal_v1+monotone_inactive_global_v1,pre_close,2026-06-08T20:24:41Z,2a55ede2#phase10c,123a4575-1c87-47c7-b3d9-8e48b45fa2bc,ok,0.0,high,full,current_phase8,fallback_used,projected,derived_from_projected_minutes,14,0.0216
Victor Wembanyama,56677822,SAS,NYK,False,21716136,pts,starter,stat_grid:pmf_sim_v1+role_aware_pmf_cal_v1:starter+monotone_pit_cdf_v1,phase8_role_aware_pmf_cal_v1+monotone_inactive_global_v1,pre_close,2026-06-08T20:24:41Z,2a55ede2#phase10c,123a4575-1c87-47c7-b3d9-8e48b45fa2bc,ok,0.0,high,full,current_phase8,fallback_used,projected,derived_from_projected_minutes,15,0.0222
Victor Wembanyama,56677822,SAS,NYK,False,21716136,pts,starter,stat_grid:pmf_sim_v1+role_aware_pmf_cal_v1:starter+monotone_pit_cdf_v1,phase8_role_aware_pmf_cal_v1+monotone_inactive_global_v1,pre_close,2026-06-08T20:24:41Z,2a55ede2#phase10c,123a4575-1c87-47c7-b3d9-8e48b45fa2bc,ok,0.0,high,full,current_phase8,fallback_used,projected,derived_from_projected_minutes,16,0.0298
Victor Wembanyama,56677822,SAS,NYK,False,21716136,pts,starter,stat_grid:pmf_sim_v1+role_aware_pmf_cal_v1:starter+monotone_pit_cdf_v1,phase8_role_aware_pmf_cal_v1+monotone_inactive_global_v1,pre_close,2026-06-08T20:24:41Z,2a55ede2#phase10c,123a4575-1c87-47c7-b3d9-8e48b45fa2bc,ok,0.0,high,full,current_phase8,fallback_used,projected,derived_from_projected_minutes,17,0.0292
Victor Wembanyama,56677822,SAS,NYK,False,21716136,pts,starter,stat_grid:pmf_sim_v1+role_aware_pmf_cal_v1:starter+monotone_pit_cdf_v1,phase8_role_aware_pmf_cal_v1+monotone_inactive_global_v1,pre_close,2026-06-08T20:24:41Z,2a55ede2#phase10c,123a4575-1c87-47c7-b3d9-8e48b45fa2bc,ok,0.0,high,full,current_phase8,fallback_used,projected,derived_from_projected_minutes,18,0.0451
Victor Wembanyama,56677822,SAS,NYK,False,21716136,pts,starter,stat_grid:pmf_sim_v1+role_aware_pmf_cal_v1:starter+monotone_pit_cdf_v1,phase8_role_aware_pmf_cal_v1+monotone_inactive_global_v1,pre_close,2026-06-08T20:24:41Z,2a55ede2#phase10c,123a4575-1c87-47c7-b3d9-8e48b45fa2bc,ok,0.0,high,full,current_phase8,fallback_used,projected,derived_from_projected_minutes,19,0.0432
Victor Wembanyama,56677822,SAS,NYK,False,21716136,pts,starter,stat_grid:pmf_sim_v1+role_aware_pmf_cal_v1:starter+monotone_pit_cdf_v1,phase8_role_aware_pmf_cal_v1+monotone_inactive_global_v1,pre_close,2026-06-08T20:24:41Z,2a55ede2#phase10c,123a4575-1c87-47c7-b3d9-8e48b45fa2bc,ok,0.0,high,full,current_phase8,fallback_used,projected,derived_from_projected_minutes,20,0.0465
Victor Wembanyama,56677822,SAS,NYK,False,21716136,pts,starter,stat_grid:pmf_sim_v1+role_aware_pmf_cal_v1:starter+monotone_pit_cdf_v1,phase8_role_aware_pmf_cal_v1+monotone_inactive_global_v1,pre_close,2026-06-08T20:24:41Z,2a55ede2#phase10c,123a4575-1c87-47c7-b3d9-8e48b45fa2bc,ok,0.0,high,full,current_phase8,fallback_used,projected,derived_from_projected_minutes,21,0.0524
Victor Wembanyama,56677822,SAS,NYK,False,21716136,pts,starter,stat_grid:pmf_sim_v1+role_aware_pmf_cal_v1:starter+monotone_pit_cdf_v1,phase8_role_aware_pmf_cal_v1+monotone_inactive_global_v1,pre_close,2026-06-08T20:24:41Z,2a55ede2#phase10c,123a4575-1c87-47c7-b3d9-8e48b45fa2bc,ok,0.0,high,full,current_phase8,fallback_used,projected,derived_from_projected_minutes,22,0.0475
Victor Wembanyama,56677822,SAS,NYK,False,21716136,pts,starter,stat_grid:pmf_sim_v1+role_aware_pmf_cal_v1:starter+monotone_pit_cdf_v1,phase8_role_aware_pmf_cal_v1+monotone_inactive_global_v1,pre_close,2026-06-08T20:24:41Z,2a55ede2#phase10c,123a4575-1c87-47c7-b3d9-8e48b45fa2bc,ok,0.0,high,full,current_phase8,fallback_used,projected,derived_from_projected_minutes,23,0.0572
Victor Wembanyama,56677822,SAS,NYK,False,21716136,pts,starter,stat_grid:pmf_sim_v1+role_aware_pmf_cal_v1:starter+monotone_pit_cdf_v1,phase8_role_aware_pmf_cal_v1+monotone_inactive_global_v1,pre_close,2026-06-08T20:24:41Z,2a55ede2#phase10c,123a4575-1c87-47c7-b3d9-8e48b45fa2bc,ok,0.0,high,full,current_phase8,fallback_used,projected,derived_from_projected_minutes,24,0.0731
Victor Wembanyama,56677822,SAS,NYK,False,21716136,pts,starter,stat_grid:pmf_sim_v1+role_aware_pmf_cal_v1:starter+monotone_pit_cdf_v1,phase8_role_aware_pmf_cal_v1+monotone_inactive_global_v1,pre_close,2026-06-08T20:24:41Z,2a55ede2#phase10c,123a4575-1c87-47c7-b3d9-8e48b45fa2bc,ok,0.0,high,full,current_phase8,fallback_used,projected,derived_from_projected_minutes,25,0.0751
Victor Wembanyama,56677822,SAS,NYK,False,21716136,pts,starter,stat_grid:pmf_sim_v1+role_aware_pmf_cal_v1:starter+monotone_pit_cdf_v1,phase8_role_aware_pmf_cal_v1+monotone_inactive_global_v1,pre_close,2026-06-08T20:24:41Z,2a55ede2#phase10c,123a4575-1c87-47c7-b3d9-8e48b45fa2bc,ok,0.0,high,full,current_phase8,fallback_used,projected,derived_from_projected_minutes,26,0.0527
Victor Wembanyama,56677822,SAS,NYK,False,21716136,pts,starter,stat_grid:pmf_sim_v1+role_aware_pmf_cal_v1:starter+monotone_pit_cdf_v1,phase8_role_aware_pmf_cal_v1+monotone_inactive_global_v1,pre_close,2026-06-08T20:24:41Z,2a55ede2#phase10c,123a4575-1c87-47c7-b3d9-8e48b45fa2bc,ok,0.0,high,full,current_phase8,fallback_used,projected,derived_from_projected_minutes,27,0.043
Victor Wembanyama,56677822,SAS,NYK,False,21716136,pts,starter,stat_grid:pmf_sim_v1+role_aware_pmf_cal_v1:starter+monotone_pit_cdf_v1,phase8_role_aware_pmf_cal_v1+monotone_inactive_global_v1,pre_close,2026-06-08T20:24:41Z,2a55ede2#phase10c,123a4575-1c87-47c7-b3d9-8e48b45fa2bc,ok,0.0,high,full,current_phase8,fallback_used,projected,derived_from_projected_minutes,28,0.0498
Victor Wembanyama,56677822,SAS,NYK,False,21716136,pts,starter,stat_grid:pmf_sim_v1+role_aware_pmf_cal_v1:starter+monotone_pit_cdf_v1,phase8_role_aware_pmf_cal_v1+monotone_inactive_global_v1,pre_close,2026-06-08T20:24:41Z,2a55ede2#phase10c,123a4575-1c87-47c7-b3d9-8e48b45fa2bc,ok,0.0,high,full,current_phase8,fallback_used,projected,derived_from_projected_minutes,29,0.0375
Victor Wembanyama,56677822,SAS,NYK,False,21716136,pts,starter,stat_grid:pmf_sim_v1+role_aware_pmf_cal_v1:starter+monotone_pit_cdf_v1,phase8_role_aware_pmf_cal_v1+monotone_inactive_global_v1,pre_close,2026-06-08T20:24:41Z,2a55ede2#phase10c,123a4575-1c87-47c7-b3d9-8e48b45fa2bc,ok,0.0,high,full,current_phase8,fallback_used,projected,derived_from_projected_minutes,30,0.0428
Victor Wembanyama,56677822,SAS,NYK,False,21716136,pts,starter,stat_grid:pmf_sim_v1+role_aware_pmf_cal_v1:starter+monotone_pit_cdf_v1,phase8_role_aware_pmf_cal_v1+monotone_inactive_global_v1,pre_close,2026-06-08T20:24:41Z,2a55ede2#phase10c,123a4575-1c87-47c7-b3d9-8e48b45fa2bc,ok,0.0,high,full,current_phase8,fallback_used,projected,derived_from_projected_minutes,31,0.0362
Victor Wembanyama,56677822,SAS,NYK,False,21716136,pts,starter,stat_grid:pmf_sim_v1+role_aware_pmf_cal_v1:starter+monotone_pit_cdf_v1,phase8_role_aware_pmf_cal_v1+monotone_inactive_global_v1,pre_close,2026-06-08T20:24:41Z,2a55ede2#phase10c,123a4575-1c87-47c7-b3d9-8e48b45fa2bc,ok,0.0,high,full,current_phase8,fallback_used,projected,derived_from_projected_minutes,32,0.0196
Victor Wembanyama,56677822,SAS,NYK,False,21716136,pts,starter,stat_grid:pmf_sim_v1+role_aware_pmf_cal_v1:starter+monotone_pit_cdf_v1,phase8_role_aware_pmf_cal_v1+monotone_inactive_global_v1,pre_close,2026-06-08T20:24:41Z,2a55ede2#phase10c,123a4575-1c87-47c7-b3d9-8e48b45fa2bc,ok,0.0,high,full,current_phase8,fallback_used,projected,derived_from_projected_minutes,33,0.0149
Victor Wembanyama,56677822,SAS,NYK,False,21716136,pts,starter,stat_grid:pmf_sim_v1+role_aware_pmf_cal_v1:starter+monotone_pit_cdf_v1,phase8_role_aware_pmf_cal_v1+monotone_inactive_global_v1,pre_close,2026-06-08T20:24:41Z,2a55ede2#phase10c,123a4575-1c87-47c7-b3d9-8e48b45fa2bc,ok,0.0,high,full,current_phase8,fallback_used,projected,derived_from_projected_minutes,34,0.019
Victor Wembanyama,56677822,SAS,NYK,False,21716136,pts,starter,stat_grid:pmf_sim_v1+role_aware_pmf_cal_v1:starter+monotone_pit_cdf_v1,phase8_role_aware_pmf_cal_v1+monotone_inactive_global_v1,pre_close,2026-06-08T20:24:41Z,2a55ede2#phase10c,123a4575-1c87-47c7-b3d9-8e48b45fa2bc,ok,0.0,high,full,current_phase8,fallback_used,projected,derived_from_projected_minutes,35,0.012
Victor Wembanyama,56677822,SAS,NYK,False,21716136,pts,starter,stat_grid:pmf_sim_v1+role_aware_pmf_cal_v1:starter+monotone_pit_cdf_v1,phase8_role_aware_pmf_cal_v1+monotone_inactive_global_v1,pre_close,2026-06-08T20:24:41Z,2a55ede2#phase10c,123a4575-1c87-47c7-b3d9-8e48b45fa2bc,ok,0.0,high,full,current_phase8,fallback_used,projected,derived_from_projected_minutes,36,0.0074
Victor Wembanyama,56677822,SAS,NYK,False,21716136,pts,starter,stat_grid:pmf_sim_v1+role_aware_pmf_cal_v1:starter+monotone_pit_cdf_v1,phase8_role_aware_pmf_cal_v1+monotone_inactive_global_v1,pre_close,2026-06-08T20:24:41Z,2a55ede2#phase10c,123a4575-1c87-47c7-b3d9-8e48b45fa2bc,ok,0.0,high,full,current_phase8,fallback_used,projected,derived_from_projected_minutes,37,0.0087
Victor Wembanyama,56677822,SAS,NYK,False,21716136,pts,starter,stat_grid:pmf_sim_v1+role_aware_pmf_cal_v1:starter+monotone_pit_cdf_v1,phase8_role_aware_pmf_cal_v1+monotone_inactive_global_v1,pre_close,2026-06-08T20:24:41Z,2a55ede2#phase10c,123a4575-1c87-47c7-b3d9-8e48b45fa2bc,ok,0.0,high,full,current_phase8,fallback_used,projected,derived_from_projected_minutes,38,0.0067
Victor Wembanyama,56677822,SAS,NYK,False,21716136,pts,starter,stat_grid:pmf_sim_v1+role_aware_pmf_cal_v1:starter+monotone_pit_cdf_v1,phase8_role_aware_pmf_cal_v1+monotone_inactive_global_v1,pre_close,2026-06-08T20:24:41Z,2a55ede2#phase10c,123a4575-1c87-47c7-b3d9-8e48b45fa2bc,ok,0.0,high,full,current_phase8,fallback_used,projected,derived_from_projected_minutes,39,0.0052
Victor Wembanyama,56677822,SAS,NYK,False,21716136,pts,starter,stat_grid:pmf_sim_v1+role_aware_pmf_cal_v1:starter+monotone_pit_cdf_v1,phase8_role_aware_pmf_cal_v1+monotone_inactive_global_v1,pre_close,2026-06-08T20:24:41Z,2a55ede2#phase10c,123a4575-1c87-47c7-b3d9-8e48b45fa2bc,ok,0.0,high,full,current_phase8,fallback_used,projected,derived_from_projected_minutes,40,0.0065
Victor Wembanyama,56677822,SAS,NYK,False,21716136,pts,starter,stat_grid:pmf_sim_v1+role_aware_pmf_cal_v1:starter+monotone_pit_cdf_v1,phase8_role_aware_pmf_cal_v1+monotone_inactive_global_v1,pre_close,2026-06-08T20:24:41Z,2a55ede2#phase10c,123a4575-1c87-47c7-b3d9-8e48b45fa2bc,ok,0.0,high,full,current_phase8,fallback_used,projected,derived_from_projected_minutes,41,0.0052
Victor Wembanyama,56677822,SAS,NYK,False,21716136,pts,starter,stat_grid:pmf_sim_v1+role_aware_pmf_cal_v1:starter+monotone_pit_cdf_v1,phase8_role_aware_pmf_cal_v1+monotone_inactive_global_v1,pre_close,2026-06-08T20:24:41Z,2a55ede2#phase10c,123a4575-1c87-47c7-b3d9-8e48b45fa2bc,ok,0.0,high,full,current_phase8,fallback_used,projected,derived_from_projected_minutes,42,0.0034
Victor Wembanyama,56677822,SAS,NYK,False,21716136,pts,starter,stat_grid:pmf_sim_v1+role_aware_pmf_cal_v1:starter+monotone_pit_cdf_v1,phase8_role_aware_pmf_cal_v1+monotone_inactive_global_v1,pre_close,2026-06-08T20:24:41Z,2a55ede2#phase10c,123a4575-1c87-47c7-b3d9-8e48b45fa2bc,ok,0.0,high,full,current_phase8,fallback_used,projected,derived_from_projected_minutes,43,0.0026
Victor Wembanyama,56677822,SAS,NYK,False,21716136,pts,starter,stat_grid:pmf_sim_v1+role_aware_pmf_cal_v1:starter+monotone_pit_cdf_v1,phase8_role_aware_pmf_cal_v1+monotone_inactive_global_v1,pre_close,2026-06-08T20:24:41Z,2a55ede2#phase10c,123a4575-1c87-47c7-b3d9-8e48b45fa2bc,ok,0.0,high,full,current_phase8,fallback_used,projected,derived_from_projected_minutes,44,0.0038
Victor Wembanyama,56677822,SAS,NYK,False,21716136,pts,starter,stat_grid:pmf_sim_v1+role_aware_pmf_cal_v1:starter+monotone_pit_cdf_v1,phase8_role_aware_pmf_cal_v1+monotone_inactive_global_v1,pre_close,2026-06-08T20:24:41Z,2a55ede2#phase10c,123a4575-1c87-47c7-b3d9-8e48b45fa2bc,ok,0.0,high,full,current_phase8,fallback_used,projected,derived_from_projected_minutes,45,0.0028
Victor Wembanyama,56677822,SAS,NYK,False,21716136,pts,starter,stat_grid:pmf_sim_v1+role_aware_pmf_cal_v1:starter+monotone_pit_cdf_v1,phase8_role_aware_pmf_cal_v1+monotone_inactive_global_v1,pre_close,2026-06-08T20:24:41Z,2a55ede2#phase10c,123a4575-1c87-47c7-b3d9-8e48b45fa2bc,ok,0.0,high,full,current_phase8,fallback_used,projected,derived_from_projected_minutes,46,0.0016
Victor Wembanyama,56677822,SAS,NYK,False,21716136,pts,starter,stat_grid:pmf_sim_v1+role_aware_pmf_cal_v1:starter+monotone_pit_cdf_v1,phase8_role_aware_pmf_cal_v1+monotone_inactive_global_v1,pre_close,2026-06-08T20:24:41Z,2a55ede2#phase10c,123a4575-1c87-47c7-b3d9-8e48b45fa2bc,ok,0.0,high,full,current_phase8,fallback_used,projected,derived_from_projected_minutes,47,0.0002
Victor Wembanyama,56677822,SAS,NYK,False,21716136,pts,starter,stat_grid:pmf_sim_v1+role_aware_pmf_cal_v1:starter+monotone_pit_cdf_v1,phase8_role_aware_pmf_cal_v1+monotone_inactive_global_v1,pre_close,2026-06-08T20:24:41Z,2a55ede2#phase10c,123a4575-1c87-47c7-b3d9-8e48b45fa2bc,ok,0.0,high,full,current_phase8,fallback_used,projected,derived_from_projected_minutes,48,0.0004
Victor Wembanyama,56677822,SAS,NYK,False,21716136,pts,starter,stat_grid:pmf_sim_v1+role_aware_pmf_cal_v1:starter+monotone_pit_cdf_v1,phase8_role_aware_pmf_cal_v1+monotone_inactive_global_v1,pre_close,2026-06-08T20:24:41Z,2a55ede2#phase10c,123a4575-1c87-47c7-b3d9-8e48b45fa2bc,ok,0.0,high,full,current_phase8,fallback_used,projected,derived_from_projected_minutes,49,0.0008
Victor Wembanyama,56677822,SAS,NYK,False,21716136,pts,starter,stat_grid:pmf_sim_v1+role_aware_pmf_cal_v1:starter+monotone_pit_cdf_v1,phase8_role_aware_pmf_cal_v1+monotone_inactive_global_v1,pre_close,2026-06-08T20:24:41Z,2a55ede2#phase10c,123a4575-1c87-47c7-b3d9-8e48b45fa2bc,ok,0.0,high,full,current_phase8,fallback_used,projected,derived_from_projected_minutes,50,0.0002
Victor Wembanyama,56677822,SAS,NYK,False,21716136,pts,starter,stat_grid:pmf_sim_v1+role_aware_pmf_cal_v1:starter+monotone_pit_cdf_v1,phase8_role_aware_pmf_cal_v1+monotone_inactive_global_v1,pre_close,2026-06-08T20:24:41Z,2a55ede2#phase10c,123a4575-1c87-47c7-b3d9-8e48b45fa2bc,ok,0.0,high,full,current_phase8,fallback_used,projected,derived_from_projected_minutes,51,0.0001
Victor Wembanyama,56677822,SAS,NYK,False,21716136,pts,starter,stat_grid:pmf_sim_v1+role_aware_pmf_cal_v1:starter+monotone_pit_cdf_v1,phase8_role_aware_pmf_cal_v1+monotone_inactive_global_v1,pre_close,2026-06-08T20:24:41Z,2a55ede2#phase10c,123a4575-1c87-47c7-b3d9-8e48b45fa2bc,ok,0.0,high,full,current_phase8,fallback_used,projected,derived_from_projected_minutes,52,0.0001
Victor Wembanyama,56677822,SAS,NYK,False,21716136,pts,starter,stat_grid:pmf_sim_v1+role_aware_pmf_cal_v1:starter+monotone_pit_cdf_v1,phase8_role_aware_pmf_cal_v1+monotone_inactive_global_v1,pre_close,2026-06-08T20:24:41Z,2a55ede2#phase10c,123a4575-1c87-47c7-b3d9-8e48b45fa2bc,ok,0.0,high,full,current_phase8,fallback_used,projected,derived_from_projected_minutes,53,0.0001
Victor Wembanyama,56677822,SAS,NYK,False,21716136,pts,starter,stat_grid:pmf_sim_v1+role_aware_pmf_cal_v1:starter+monotone_pit_cdf_v1,phase8_role_aware_pmf_cal_v1+monotone_inactive_global_v1,pre_close,2026-06-08T20:24:41Z,2a55ede2#phase10c,123a4575-1c87-47c7-b3d9-8e48b45fa2bc,ok,0.0,high,full,current_phase8,fallback_used,projected,derived_from_projected_minutes,54,0.0002
Victor Wembanyama,56677822,SAS,NYK,False,21716136,pts,starter,stat_grid:pmf_sim_v1+role_aware_pmf_cal_v1:starter+monotone_pit_cdf_v1,phase8_role_aware_pmf_cal_v1+monotone_inactive_global_v1,pre_close,2026-06-08T20:24:41Z,2a55ede2#phase10c,123a4575-1c87-47c7-b3d9-8e48b45fa2bc,ok,0.0,high,full,current_phase8,fallback_used,projected,derived_from_projected_minutes,55,0.0001
Victor Wembanyama,56677822,SAS,NYK,False,21716136,pts,starter,stat_grid:pmf_sim_v1+role_aware_pmf_cal_v1:starter+monotone_pit_cdf_v1,phase8_role_aware_pmf_cal_v1+monotone_inactive_global_v1,pre_close,2026-06-08T20:24:41Z,2a55ede2#phase10c,123a4575-1c87-47c7-b3d9-8e48b45fa2bc,ok,0.0,high,full,current_phase8,fallback_used,projected,derived_from_projected_minutes,56,0.0001
Victor Wembanyama,56677822,SAS,NYK,False,21716136,pts,starter,stat_grid:pmf_sim_v1+role_aware_pmf_cal_v1:starter+monotone_pit_cdf_v1,phase8_role_aware_pmf_cal_v1+monotone_inactive_global_v1,pre_close,2026-06-08T20:24:41Z,2a55ede2#phase10c,123a4575-1c87-47c7-b3d9-8e48b45fa2bc,ok,0.0,high,full,current_phase8,fallback_used,projected,derived_from_projected_minutes,57,0.0003
Victor Wembanyama,56677822,SAS,NYK,False,21716136,pts,starter,stat_grid:pmf_sim_v1+role_aware_pmf_cal_v1:starter+monotone_pit_cdf_v1,phase8_role_aware_pmf_cal_v1+monotone_inactive_global_v1,pre_close,2026-06-08T20:24:41Z,2a55ede2#phase10c,123a4575-1c87-47c7-b3d9-8e48b45fa2bc,ok,0.0,high,full,current_phase8,fallback_used,projected,derived_from_projected_minutes,58,0.0001
Victor Wembanyama,56677822,SAS,NYK,False,21716136,pts,starter,stat_grid:pmf_sim_v1+role_aware_pmf_cal_v1:starter+monotone_pit_cdf_v1,phase8_role_aware_pmf_cal_v1+monotone_inactive_global_v1,pre_close,2026-06-08T20:24:41Z,2a55ede2#phase10c,123a4575-1c87-47c7-b3d9-8e48b45fa2bc,ok,0.0,high,full,current_phase8,fallback_used,projected,derived_from_projected_minutes,59,0.0001
Victor Wembanyama,56677822,SAS,NYK,False,21716136,pts,starter,stat_grid:pmf_sim_v1+role_aware_pmf_cal_v1:starter+monotone_pit_cdf_v1,phase8_role_aware_pmf_cal_v1+monotone_inactive_global_v1,pre_close,2026-06-08T20:24:41Z,2a55ede2#phase10c,123a4575-1c87-47c7-b3d9-8e48b45fa2bc,ok,0.0,high,full,current_phase8,fallback_used,projected,derived_from_projected_minutes,60,0.0
Victor Wembanyama,56677822,SAS,NYK,False,21716136,pts,starter,stat_grid:pmf_sim_v1+role_aware_pmf_cal_v1:starter+monotone_pit_cdf_v1,phase8_role_aware_pmf_cal_v1+monotone_inactive_global_v1,pre_close,2026-06-08T20:24:41Z,2a55ede2#phase10c,123a4575-1c87-47c7-b3d9-8e48b45fa2bc,ok,0.0,high,full,current_phase8,fallback_used,projected,derived_from_projected_minutes,61,0.0
Victor Wembanyama,56677822,SAS,NYK,False,21716136,pts,starter,stat_grid:pmf_sim_v1+role_aware_pmf_cal_v1:starter+monotone_pit_cdf_v1,phase8_role_aware_pmf_cal_v1+monotone_inactive_global_v1,pre_close,2026-06-08T20:24:41Z,2a55ede2#phase10c,123a4575-1c87-47c7-b3d9-8e48b45fa2bc,ok,0.0,high,full,current_phase8,fallback_used,projected,derived_from_projected_minutes,62,0.0001
Victor Wembanyama,56677822,SAS,NYK,False,21716136,pts,starter,stat_grid:pmf_sim_v1+role_aware_pmf_cal_v1:starter+monotone_pit_cdf_v1,phase8_role_aware_pmf_cal_v1+monotone_inactive_global_v1,pre_close,2026-06-08T20:24:41Z,2a55ede2#phase10c,123a4575-1c87-47c7-b3d9-8e48b45fa2bc,ok,0.0,high,full,current_phase8,fallback_used,projected,derived_from_projected_minutes,63,0.0
Victor Wembanyama,56677822,SAS,NYK,False,21716136,pts,starter,stat_grid:pmf_sim_v1+role_aware_pmf_cal_v1:starter+monotone_pit_cdf_v1,phase8_role_aware_pmf_cal_v1+monotone_inactive_global_v1,pre_close,2026-06-08T20:24:41Z,2a55ede2#phase10c,123a4575-1c87-47c7-b3d9-8e48b45fa2bc,ok,0.0,high,full,current_phase8,fallback_used,projected,derived_from_projected_minutes,64,0.0
Victor Wembanyama,56677822,SAS,NYK,False,21716136,pts,starter,stat_grid:pmf_sim_v1+role_aware_pmf_cal_v1:starter+monotone_pit_cdf_v1,phase8_role_aware_pmf_cal_v1+monotone_inactive_global_v1,pre_close,2026-06-08T20:24:41Z,2a55ede2#phase10c,123a4575-1c87-47c7-b3d9-8e48b45fa2bc,ok,0.0,high,full,current_phase8,fallback_used,projected,derived_from_projected_minutes,65,0.0
Victor Wembanyama,56677822,SAS,NYK,False,21716136,pts,starter,stat_grid:pmf_sim_v1+role_aware_pmf_cal_v1:starter+monotone_pit_cdf_v1,phase8_role_aware_pmf_cal_v1+monotone_inactive_global_v1,pre_close,2026-06-08T20:24:41Z,2a55ede2#phase10c,123a4575-1c87-47c7-b3d9-8e48b45fa2bc,ok,0.0,high,full,current_phase8,fallback_used,projected,derived_from_projected_minutes,66,0.0
Victor Wembanyama,56677822,SAS,NYK,False,21716136,pts,starter,stat_grid:pmf_sim_v1+role_aware_pmf_cal_v1:starter+monotone_pit_cdf_v1,phase8_role_aware_pmf_cal_v1+monotone_inactive_global_v1,pre_close,2026-06-08T20:24:41Z,2a55ede2#phase10c,123a4575-1c87-47c7-b3d9-8e48b45fa2bc,ok,0.0,high,full,current_phase8,fallback_used,projected,derived_from_projected_minutes,67,0.0
Victor Wembanyama,56677822,SAS,NYK,False,21716136,pts,starter,stat_grid:pmf_sim_v1+role_aware_pmf_cal_v1:starter+monotone_pit_cdf_v1,phase8_role_aware_pmf_cal_v1+monotone_inactive_global_v1,pre_close,2026-06-08T20:24:41Z,2a55ede2#phase10c,123a4575-1c87-47c7-b3d9-8e48b45fa2bc,ok,0.0,high,full,current_phase8,fallback_used,projected,derived_from_projected_minutes,68,0.0
Victor Wembanyama,56677822,SAS,NYK,False,21716136,pts,starter,stat_grid:pmf_sim_v1+role_aware_pmf_cal_v1:starter+monotone_pit_cdf_v1,phase8_role_aware_pmf_cal_v1+monotone_inactive_global_v1,pre_close,2026-06-08T20:24:41Z,2a55ede2#phase10c,123a4575-1c87-47c7-b3d9-8e48b45fa2bc,ok,0.0,high,full,current_phase8,fallback_used,projected,derived_from_projected_minutes,69,0.0001
Victor Wembanyama,56677822,SAS,NYK,False,21716136,pts,starter,stat_grid:pmf_sim_v1+role_aware_pmf_cal_v1:starter+monotone_pit_cdf_v1,phase8_role_aware_pmf_cal_v1+monotone_inactive_global_v1,pre_close,2026-06-08T20:24:41Z,2a55ede2#phase10c,123a4575-1c87-47c7-b3d9-8e48b45fa2bc,ok,0.0,high,full,current_phase8,fallback_used,projected,derived_from_projected_minutes,70,0.0
Victor Wembanyama,56677822,SAS,NYK,False,21716136,pts,starter,stat_grid:pmf_sim_v1+role_aware_pmf_cal_v1:starter+monotone_pit_cdf_v1,phase8_role_aware_pmf_cal_v1+monotone_inactive_global_v1,pre_close,2026-06-08T20:24:41Z,2a55ede2#phase10c,123a4575-1c87-47c7-b3d9-8e48b45fa2bc,ok,0.0,high,full,current_phase8,fallback_used,projected,derived_from_projected_minutes,71,0.0
Victor Wembanyama,56677822,SAS,NYK,False,21716136,pts,starter,stat_grid:pmf_sim_v1+role_aware_pmf_cal_v1:starter+monotone_pit_cdf_v1,phase8_role_aware_pmf_cal_v1+monotone_inactive_global_v1,pre_close,2026-06-08T20:24:41Z,2a55ede2#phase10c,123a4575-1c87-47c7-b3d9-8e48b45fa2bc,ok,0.0,high,full,current_phase8,fallback_used,projected,derived_from_projected_minutes,72,0.0
Victor Wembanyama,56677822,SAS,NYK,False,21716136,pts,starter,stat_grid:pmf_sim_v1+role_aware_pmf_cal_v1:starter+monotone_pit_cdf_v1,phase8_role_aware_pmf_cal_v1+monotone_inactive_global_v1,pre_close,2026-06-08T20:24:41Z,2a55ede2#phase10c,123a4575-1c87-47c7-b3d9-8e48b45fa2bc,ok,0.0,high,full,current_phase8,fallback_used,projected,derived_from_projected_minutes,73,0.0
Victor Wembanyama,56677822,SAS,NYK,False,21716136,pts,starter,stat_grid:pmf_sim_v1+role_aware_pmf_cal_v1:starter+monotone_pit_cdf_v1,phase8_role_aware_pmf_cal_v1+monotone_inactive_global_v1,pre_close,2026-06-08T20:24:41Z,2a55ede2#phase10c,123a4575-1c87-47c7-b3d9-8e48b45fa2bc,ok,0.0,high,full,current_phase8,fallback_used,projected,derived_from_projected_minutes,74,0.0
Victor Wembanyama,56677822,SAS,NYK,False,21716136,pts,starter,stat_grid:pmf_sim_v1+role_aware_pmf_cal_v1:starter+monotone_pit_cdf_v1,phase8_role_aware_pmf_cal_v1+monotone_inactive_global_v1,pre_close,2026-06-08T20:24:41Z,2a55ede2#phase10c,123a4575-1c87-47c7-b3d9-8e48b45fa2bc,ok,0.0,high,full,current_phase8,fallback_used,projected,derived_from_projected_minutes,75,0.0
Victor Wembanyama,56677822,SAS,NYK,False,21716136,pts,starter,stat_grid:pmf_sim_v1+role_aware_pmf_cal_v1:starter+monotone_pit_cdf_v1,phase8_role_aware_pmf_cal_v1+monotone_inactive_global_v1,pre_close,2026-06-08T20:24:41Z,2a55ede2#phase10c,123a4575-1c87-47c7-b3d9-8e48b45fa2bc,ok,0.0,high,full,current_phase8,fallback_used,projected,derived_from_projected_minutes,76,0.0
Victor Wembanyama,56677822,SAS,NYK,False,21716136,pts,starter,stat_grid:pmf_sim_v1+role_aware_pmf_cal_v1:starter+monotone_pit_cdf_v1,phase8_role_aware_pmf_cal_v1+monotone_inactive_global_v1,pre_close,2026-06-08T20:24:41Z,2a55ede2#phase10c,123a4575-1c87-47c7-b3d9-8e48b45fa2bc,ok,0.0,high,full,current_phase8,fallback_used,projected,derived_from_projected_minutes,77,0.0
Victor Wembanyama,56677822,SAS,NYK,False,21716136,pts,starter,stat_grid:pmf_sim_v1+role_aware_pmf_cal_v1:starter+monotone_pit_cdf_v1,phase8_role_aware_pmf_cal_v1+monotone_inactive_global_v1,pre_close,2026-06-08T20:24:41Z,2a55ede2#phase10c,123a4575-1c87-47c7-b3d9-8e48b45fa2bc,ok,0.0,high,full,current_phase8,fallback_used,projected,derived_from_projected_minutes,78,0.0
Victor Wembanyama,56677822,SAS,NYK,False,21716136,pts,starter,stat_grid:pmf_sim_v1+role_aware_pmf_cal_v1:starter+monotone_pit_cdf_v1,phase8_role_aware_pmf_cal_v1+monotone_inactive_global_v1,pre_close,2026-06-08T20:24:41Z,2a55ede2#phase10c,123a4575-1c87-47c7-b3d9-8e48b45fa2bc,ok,0.0,high,full,current_phase8,fallback_used,projected,derived_from_projected_minutes,79,0.0
Victor Wembanyama,56677822,SAS,NYK,False,21716136,pts,starter,stat_grid:pmf_sim_v1+role_aware_pmf_cal_v1:starter+monotone_pit_cdf_v1,phase8_role_aware_pmf_cal_v1+monotone_inactive_global_v1,pre_close,2026-06-08T20:24:41Z,2a55ede2#phase10c,123a4575-1c87-47c7-b3d9-8e48b45fa2bc,ok,0.0,high,full,current_phase8,fallback_used,projected,derived_from_projected_minutes,80,0.0
