snapshot_type,snapshot_time_utc,delivery_date,game_id,player_id,player_name,team,opponent,is_home,stat,pmf_json,pmf_mean,mean,median,mode,p0,p_ge_1,p_ge_2,p_ge_3,p_ge_4,p_ge_5,p_ge_6,p_ge_7,p_ge_8,p_ge_9,p_ge_10,p_ge_11,p_ge_12,p_ge_13,p_ge_14,p_ge_15,p_ge_16,p_ge_17,p_ge_18,p_ge_19,p_ge_20,model_version,pmf_source,calibration_source,role_bucket,role_source,calibration_confidence,minutes_mean,minutes_q50,minutes_p10,minutes_p50,minutes_p90,minutes_std,p_inactive_used,rotation_probability,starter_probability,projected_role,player_game_eligible,eligibility_reason,has_current_market_line,sportsbook,book,market_key,line,market_line,p_over,over_price_american,under_price_american,market_no_vig_over_prob,market_no_vig_under_prob,model_p_under,fair_over_odds_american,fair_under_odds_american,edge,edge_over,edge_under,market_snapshot_time_utc,market_coverage_status,finality_status,finality_blocker_codes,injury_freshness_status,lineup_freshness_status,role_freshness_status,odds_freshness_status,outcomes_freshness_status,tov_status,pmf_valid,pmf_sum_error,expected_lineup_status,official_lineup_status,lineup_source,injury_context_source,injury_report_fetched_at_utc
morning,2026-05-23T16:11:19Z,2026-05-23,21713899,73,Jalen Brunson,NYK,CLE,False,blk,"{""0"": 0.8372943792685056, ""1"": 0.1471827215614499, ""2"": 0.00011991479882021466, ""3"": 0.000710050810800939, ""4"": 0.0017924766379815757, ""5"": 0.0028355687724827697, ""6"": 0.0018672636416692723, ""7"": 0.0014722337589930113, ""8"": 0.0016146532036804605, ""9"": 0.0011122007199119899, ""10"": 0.003998536825704119}",0.2553,0.2553,0,0,0.8373,0.1627,0.0155,0.0154,0.0147,0.0129,0.0101,0.0082,0.0067,0.0051,0.004,0.0,0.0,0.0,0.0,0.0,0.0,0.0,0.0,0.0,0.0,2497aaec#phase10c,stat_grid:hurdle_v1+role_aware_pmf_cal_v1:starter+monotone_pit_cdf_v1+sparse_hurdle_guarded,phase8_role_aware_pmf_cal_v1+monotone_inactive_global_v1,starter,projected_minutes,high,33.0744,36.1936,16.0432,36.1936,39.7743,9.7677,0.05,0.9451,0.7415,starter,True,current_market_line,True,betmgm,betmgm,player_blk_over_under,0.5,0.5,0.1627,450.0,-800.0,0.1698,0.8302,0.8373,515.0,-515.0,-0.0071,-0.0071,0.0071,2026-05-23T16:10:08.926317Z,full,provisional,"injury_very_stale,lineup_unconfirmed",unknown,projected,derived_from_projected_minutes,ok,finals_pending,current_phase8,ok,0.0,projected,not_available_yet,bdl_lineup_freshness_manifest,bdl_injuries_only,2026-05-23T16:10:27Z
morning,2026-05-23T16:11:19Z,2026-05-23,21713899,73,Jalen Brunson,NYK,CLE,False,stocks,"{""0"": 0.4395345307327005, ""1"": 0.35726622273467545, ""2"": 0.15071692980542808, ""3"": 0.022134450068570857, ""4"": 0.003946103528142138, ""5"": 0.006060336212141575, ""6"": 0.004167218795047442, ""7"": 0.0030355363784064985, ""8"": 0.0028094771958229146, ""9"": 0.0021179709247826314, ""10"": 0.005555584831888603, ""11"": 0.001983056509224898, ""12"": 0.0005095271590539626, ""13"": 4.00588168593615e-05, ""14"": 2.9360127808530723e-05, ""15"": 3.319468472028672e-05, ""16"": 1.7278187400736452e-05, ""17"": 1.2356589423292345e-05, ""18"": 1.1087016677958636e-05, ""19"": 6.564676076533263e-06, ""20"": 1.3155025147722194e-05}",0.945,0.945,1,0,0.4395,0.5605,0.2032,0.0525,0.0303,0.0264,0.0203,0.0162,0.0131,0.0103,0.0082,0.0027,0.0007,0.0002,0.0001,0.0001,0.0001,0.0,0.0,0.0,0.0,2497aaec#phase10c,"stat_grid:component_convolution_mean_coherent_v1+components[stl:hurdle_v1+role_aware_pmf_cal_v1:starter+monotone_pit_cdf_v1+sparse_hurdle_guarded,blk:hurdle_v1+role_aware_pmf_cal_v1:starter+monotone_pit_cdf_v1+sparse_hurdle_guarded]+prior_combo[joint_sampler_v1+joint_combo_pmf_v1+role_aware_pmf_cal_v1:starter+monotone_pit_cdf_v1+sparse_hurdle_guarded]+stat_grid_final_component_convolution_mean_coherent_v1",phase8_role_aware_pmf_cal_v1+monotone_inactive_global_v1,starter,projected_minutes,high,33.0744,36.1936,16.0432,36.1936,39.7743,9.7677,0.05,0.9451,0.7415,starter,True,current_market_line,True,,,player_stocks_over_under,,,,,,,,,,,,,,,no_market,provisional,"injury_very_stale,lineup_unconfirmed",unknown,projected,derived_from_projected_minutes,ok,finals_pending,current_phase8,ok,0.0,projected,not_available_yet,bdl_lineup_freshness_manifest,bdl_injuries_only,2026-05-23T16:10:27Z
morning,2026-05-23T16:11:19Z,2026-05-23,21713899,73,Jalen Brunson,NYK,CLE,False,pa,"{""0"": 1.949987660460057e-06, ""1"": 3.4817642385714494e-06, ""2"": 5.711833650401169e-06, ""3"": 1.917892563163353e-05, ""4"": 4.8807043633715085e-05, ""5"": 0.0001060152498215108, ""6"": 0.00019482744918525, ""7"": 0.00029978117750270654, ""8"": 0.00041657932292306235, ""9"": 0.0005659543654861258, ""10"": 0.0007832444624944422, ""11"": 0.0010551896720418957, ""12"": 0.0014754891144305002, ""13"": 0.002041648846738887, ""14"": 0.0027472139567725927, ""15"": 0.0036858610781862777, ""16"": 0.004780862144162672, ""17"": 0.006153299589652085, ""18"": 0.007810119822429966, ""19"": 0.009910178419499956, ""20"": 0.012144434945640839, ""21"": 0.014581223409751601, ""22"": 0.01700244817156259, ""23"": 0.019676538202895118, ""24"": 0.022826233420950217, ""25"": 0.02676307812596421, ""26"": 0.031550503104428126, ""27"": 0.03666923200601027, ""28"": 0.041219944092718286, ""29"": 0.04492077934648063, ""30"": 0.04778367000179058, ""31"": 0.04981392394056593, ""32"": 0.052198063212312636, ""33"": 0.05370469068084109, ""34"": 0.053889157798977114, ""35"": 0.05149058744476018, ""36"": 0.048320213898964466, ""37"": 0.04347770146006227, ""38"": 0.04004359350594278, ""39"": 0.036891885588162886, ""40"": 0.03395969045677136, ""41"": 0.029826953849718677, ""42"": 0.02512219044399599, ""43"": 0.020347961038105808, ""44"": 0.016420084273860373, ""45"": 0.013588997371790007, ""46"": 0.011528534270655647, ""47"": 0.009953028709810829, ""48"": 0.008486521644567504, ""49"": 0.007080214011701584, ""50"": 0.006208379564456927, ""51"": 0.005616623970892076, ""52"": 0.005164602747794283, ""53"": 0.004568617950445601, ""54"": 0.004027281340266697, ""55"": 0.0031699696009647956, ""56"": 0.0023373825768134527, ""57"": 0.0016745352503038911, ""58"": 0.0011567754777587057, ""59"": 0.000722531060485997, ""60"": 0.0004637944766652392, ""61"": 0.0003044210390044087, ""62"": 0.00020103006175169004, ""63"": 0.00016298484676645708, ""64"": 0.00014932771482134872, ""65"": 0.00013705674251845846, ""66"": 0.00010898448912597162, ""67"": 8.431540394411035e-05, ""68"": 5.2606248801368245e-05, ""69"": 3.569924753449447e-05, ""70"": 2.9894846786790476e-05, ""71"": 3.086985357162641e-05, ""72"": 3.314553652180958e-05, ""73"": 3.313939369974989e-05, ""74"": 2.985240144832686e-05, ""75"": 2.430088559914161e-05, ""76"": 1.8180733016223812e-05, ""77"": 1.1531772363429781e-05, ""78"": 7.990913552856437e-06, ""79"": 5.3457059287489624e-06, ""80"": 3.60436505404355e-06, ""81"": 1.962046072647538e-06, ""82"": 1.4010657133652131e-06, ""83"": 1.426029066790993e-06, ""84"": 2.1675623215028917e-06, ""85"": 4.21751345509563e-06, ""86"": 5.998774507762828e-06, ""87"": 6.961540482985041e-06, ""88"": 5.837150963599039e-06, ""89"": 4.631292130032514e-06, ""90"": 2.1247132298657763e-06, ""91"": 6.690021051021876e-07, ""92"": 2.278691434824189e-07, ""93"": 8.810433046235052e-08, ""94"": 3.1988728179944654e-08, ""95"": 5.4281144355670515e-09, ""96"": 7.390218475384421e-10, ""97"": 2.2338566559197161e-10, ""98"": 5.739215698118762e-11, ""99"": 1.83070604778823e-11, ""100"": 5.89654799623082e-12, ""101"": 8.099017989217864e-13, ""102"": 2.2936476202520824e-13, ""103"": 2.084689042715326e-14, ""104"": 7.057233756680524e-15, ""105"": 3.2701145526231055e-15}",33.4628,33.4628,33,34,0.0,1.0,1.0,1.0,1.0,0.9999,0.9998,0.9996,0.9993,0.9989,0.9983,0.9976,0.9965,0.995,0.993,0.9902,0.9865,0.9818,0.9756,0.9678,0.9579,2497aaec#phase10c,"stat_grid:component_convolution_mean_coherent_v1+components[pts:pmf_sim_v1+role_aware_pmf_cal_v1:starter+monotone_pit_cdf_v1,ast:pmf_sim_v1+role_aware_pmf_cal_v1:starter+monotone_pit_cdf_v1]+prior_combo[joint_sampler_v1+joint_combo_pmf_v1+role_aware_pmf_cal_v1:starter+monotone_pit_cdf_v1]+stat_grid_final_component_convolution_mean_coherent_v1",phase8_role_aware_pmf_cal_v1+monotone_inactive_global_v1,starter,projected_minutes,high,33.0744,36.1936,16.0432,36.1936,39.7743,9.7677,0.05,0.9451,0.7415,starter,True,current_market_line,True,bovada,bovada,player_pa_over_under,32.5,32.5,0.5407,-150.0,115.0,0.5633,0.4367,0.4593,-118.0,118.0,-0.0226,-0.0226,0.0226,2026-05-23T16:10:08.926317Z,full,provisional,"injury_very_stale,lineup_unconfirmed",unknown,projected,derived_from_projected_minutes,ok,finals_pending,current_phase8,ok,0.0,projected,not_available_yet,bdl_lineup_freshness_manifest,bdl_injuries_only,2026-05-23T16:10:27Z
morning,2026-05-23T16:11:19Z,2026-05-23,21713899,73,Jalen Brunson,NYK,CLE,False,pa,"{""0"": 1.949987660460057e-06, ""1"": 3.4817642385714494e-06, ""2"": 5.711833650401169e-06, ""3"": 1.917892563163353e-05, ""4"": 4.8807043633715085e-05, ""5"": 0.0001060152498215108, ""6"": 0.00019482744918525, ""7"": 0.00029978117750270654, ""8"": 0.00041657932292306235, ""9"": 0.0005659543654861258, ""10"": 0.0007832444624944422, ""11"": 0.0010551896720418957, ""12"": 0.0014754891144305002, ""13"": 0.002041648846738887, ""14"": 0.0027472139567725927, ""15"": 0.0036858610781862777, ""16"": 0.004780862144162672, ""17"": 0.006153299589652085, ""18"": 0.007810119822429966, ""19"": 0.009910178419499956, ""20"": 0.012144434945640839, ""21"": 0.014581223409751601, ""22"": 0.01700244817156259, ""23"": 0.019676538202895118, ""24"": 0.022826233420950217, ""25"": 0.02676307812596421, ""26"": 0.031550503104428126, ""27"": 0.03666923200601027, ""28"": 0.041219944092718286, ""29"": 0.04492077934648063, ""30"": 0.04778367000179058, ""31"": 0.04981392394056593, ""32"": 0.052198063212312636, ""33"": 0.05370469068084109, ""34"": 0.053889157798977114, ""35"": 0.05149058744476018, ""36"": 0.048320213898964466, ""37"": 0.04347770146006227, ""38"": 0.04004359350594278, ""39"": 0.036891885588162886, ""40"": 0.03395969045677136, ""41"": 0.029826953849718677, ""42"": 0.02512219044399599, ""43"": 0.020347961038105808, ""44"": 0.016420084273860373, ""45"": 0.013588997371790007, ""46"": 0.011528534270655647, ""47"": 0.009953028709810829, ""48"": 0.008486521644567504, ""49"": 0.007080214011701584, ""50"": 0.006208379564456927, ""51"": 0.005616623970892076, ""52"": 0.005164602747794283, ""53"": 0.004568617950445601, ""54"": 0.004027281340266697, ""55"": 0.0031699696009647956, ""56"": 0.0023373825768134527, ""57"": 0.0016745352503038911, ""58"": 0.0011567754777587057, ""59"": 0.000722531060485997, ""60"": 0.0004637944766652392, ""61"": 0.0003044210390044087, ""62"": 0.00020103006175169004, ""63"": 0.00016298484676645708, ""64"": 0.00014932771482134872, ""65"": 0.00013705674251845846, ""66"": 0.00010898448912597162, ""67"": 8.431540394411035e-05, ""68"": 5.2606248801368245e-05, ""69"": 3.569924753449447e-05, ""70"": 2.9894846786790476e-05, ""71"": 3.086985357162641e-05, ""72"": 3.314553652180958e-05, ""73"": 3.313939369974989e-05, ""74"": 2.985240144832686e-05, ""75"": 2.430088559914161e-05, ""76"": 1.8180733016223812e-05, ""77"": 1.1531772363429781e-05, ""78"": 7.990913552856437e-06, ""79"": 5.3457059287489624e-06, ""80"": 3.60436505404355e-06, ""81"": 1.962046072647538e-06, ""82"": 1.4010657133652131e-06, ""83"": 1.426029066790993e-06, ""84"": 2.1675623215028917e-06, ""85"": 4.21751345509563e-06, ""86"": 5.998774507762828e-06, ""87"": 6.961540482985041e-06, ""88"": 5.837150963599039e-06, ""89"": 4.631292130032514e-06, ""90"": 2.1247132298657763e-06, ""91"": 6.690021051021876e-07, ""92"": 2.278691434824189e-07, ""93"": 8.810433046235052e-08, ""94"": 3.1988728179944654e-08, ""95"": 5.4281144355670515e-09, ""96"": 7.390218475384421e-10, ""97"": 2.2338566559197161e-10, ""98"": 5.739215698118762e-11, ""99"": 1.83070604778823e-11, ""100"": 5.89654799623082e-12, ""101"": 8.099017989217864e-13, ""102"": 2.2936476202520824e-13, ""103"": 2.084689042715326e-14, ""104"": 7.057233756680524e-15, ""105"": 3.2701145526231055e-15}",33.4628,33.4628,33,34,0.0,1.0,1.0,1.0,1.0,0.9999,0.9998,0.9996,0.9993,0.9989,0.9983,0.9976,0.9965,0.995,0.993,0.9902,0.9865,0.9818,0.9756,0.9678,0.9579,2497aaec#phase10c,"stat_grid:component_convolution_mean_coherent_v1+components[pts:pmf_sim_v1+role_aware_pmf_cal_v1:starter+monotone_pit_cdf_v1,ast:pmf_sim_v1+role_aware_pmf_cal_v1:starter+monotone_pit_cdf_v1]+prior_combo[joint_sampler_v1+joint_combo_pmf_v1+role_aware_pmf_cal_v1:starter+monotone_pit_cdf_v1]+stat_grid_final_component_convolution_mean_coherent_v1",phase8_role_aware_pmf_cal_v1+monotone_inactive_global_v1,starter,projected_minutes,high,33.0744,36.1936,16.0432,36.1936,39.7743,9.7677,0.05,0.9451,0.7415,starter,True,current_market_line,True,bovada,bovada,player_pa_over_under,34.5,34.5,0.4332,-105.0,-125.0,0.4797,0.5203,0.5668,131.0,-131.0,-0.0465,-0.0465,0.0465,2026-05-23T16:10:08.926317Z,full,provisional,"injury_very_stale,lineup_unconfirmed",unknown,projected,derived_from_projected_minutes,ok,finals_pending,current_phase8,ok,0.0,projected,not_available_yet,bdl_lineup_freshness_manifest,bdl_injuries_only,2026-05-23T16:10:27Z
morning,2026-05-23T16:11:19Z,2026-05-23,21713899,73,Jalen Brunson,NYK,CLE,False,pa,"{""0"": 1.949987660460057e-06, ""1"": 3.4817642385714494e-06, ""2"": 5.711833650401169e-06, ""3"": 1.917892563163353e-05, ""4"": 4.8807043633715085e-05, ""5"": 0.0001060152498215108, ""6"": 0.00019482744918525, ""7"": 0.00029978117750270654, ""8"": 0.00041657932292306235, ""9"": 0.0005659543654861258, ""10"": 0.0007832444624944422, ""11"": 0.0010551896720418957, ""12"": 0.0014754891144305002, ""13"": 0.002041648846738887, ""14"": 0.0027472139567725927, ""15"": 0.0036858610781862777, ""16"": 0.004780862144162672, ""17"": 0.006153299589652085, ""18"": 0.007810119822429966, ""19"": 0.009910178419499956, ""20"": 0.012144434945640839, ""21"": 0.014581223409751601, ""22"": 0.01700244817156259, ""23"": 0.019676538202895118, ""24"": 0.022826233420950217, ""25"": 0.02676307812596421, ""26"": 0.031550503104428126, ""27"": 0.03666923200601027, ""28"": 0.041219944092718286, ""29"": 0.04492077934648063, ""30"": 0.04778367000179058, ""31"": 0.04981392394056593, ""32"": 0.052198063212312636, ""33"": 0.05370469068084109, ""34"": 0.053889157798977114, ""35"": 0.05149058744476018, ""36"": 0.048320213898964466, ""37"": 0.04347770146006227, ""38"": 0.04004359350594278, ""39"": 0.036891885588162886, ""40"": 0.03395969045677136, ""41"": 0.029826953849718677, ""42"": 0.02512219044399599, ""43"": 0.020347961038105808, ""44"": 0.016420084273860373, ""45"": 0.013588997371790007, ""46"": 0.011528534270655647, ""47"": 0.009953028709810829, ""48"": 0.008486521644567504, ""49"": 0.007080214011701584, ""50"": 0.006208379564456927, ""51"": 0.005616623970892076, ""52"": 0.005164602747794283, ""53"": 0.004568617950445601, ""54"": 0.004027281340266697, ""55"": 0.0031699696009647956, ""56"": 0.0023373825768134527, ""57"": 0.0016745352503038911, ""58"": 0.0011567754777587057, ""59"": 0.000722531060485997, ""60"": 0.0004637944766652392, ""61"": 0.0003044210390044087, ""62"": 0.00020103006175169004, ""63"": 0.00016298484676645708, ""64"": 0.00014932771482134872, ""65"": 0.00013705674251845846, ""66"": 0.00010898448912597162, ""67"": 8.431540394411035e-05, ""68"": 5.2606248801368245e-05, ""69"": 3.569924753449447e-05, ""70"": 2.9894846786790476e-05, ""71"": 3.086985357162641e-05, ""72"": 3.314553652180958e-05, ""73"": 3.313939369974989e-05, ""74"": 2.985240144832686e-05, ""75"": 2.430088559914161e-05, ""76"": 1.8180733016223812e-05, ""77"": 1.1531772363429781e-05, ""78"": 7.990913552856437e-06, ""79"": 5.3457059287489624e-06, ""80"": 3.60436505404355e-06, ""81"": 1.962046072647538e-06, ""82"": 1.4010657133652131e-06, ""83"": 1.426029066790993e-06, ""84"": 2.1675623215028917e-06, ""85"": 4.21751345509563e-06, ""86"": 5.998774507762828e-06, ""87"": 6.961540482985041e-06, ""88"": 5.837150963599039e-06, ""89"": 4.631292130032514e-06, ""90"": 2.1247132298657763e-06, ""91"": 6.690021051021876e-07, ""92"": 2.278691434824189e-07, ""93"": 8.810433046235052e-08, ""94"": 3.1988728179944654e-08, ""95"": 5.4281144355670515e-09, ""96"": 7.390218475384421e-10, ""97"": 2.2338566559197161e-10, ""98"": 5.739215698118762e-11, ""99"": 1.83070604778823e-11, ""100"": 5.89654799623082e-12, ""101"": 8.099017989217864e-13, ""102"": 2.2936476202520824e-13, ""103"": 2.084689042715326e-14, ""104"": 7.057233756680524e-15, ""105"": 3.2701145526231055e-15}",33.4628,33.4628,33,34,0.0,1.0,1.0,1.0,1.0,0.9999,0.9998,0.9996,0.9993,0.9989,0.9983,0.9976,0.9965,0.995,0.993,0.9902,0.9865,0.9818,0.9756,0.9678,0.9579,2497aaec#phase10c,"stat_grid:component_convolution_mean_coherent_v1+components[pts:pmf_sim_v1+role_aware_pmf_cal_v1:starter+monotone_pit_cdf_v1,ast:pmf_sim_v1+role_aware_pmf_cal_v1:starter+monotone_pit_cdf_v1]+prior_combo[joint_sampler_v1+joint_combo_pmf_v1+role_aware_pmf_cal_v1:starter+monotone_pit_cdf_v1]+stat_grid_final_component_convolution_mean_coherent_v1",phase8_role_aware_pmf_cal_v1+monotone_inactive_global_v1,starter,projected_minutes,high,33.0744,36.1936,16.0432,36.1936,39.7743,9.7677,0.05,0.9451,0.7415,starter,True,current_market_line,True,bovada,bovada,player_pa_over_under,33.5,33.5,0.487,-125.0,-105.0,0.5203,0.4797,0.513,105.0,-105.0,-0.0333,-0.0333,0.0333,2026-05-23T16:10:08.926317Z,full,provisional,"injury_very_stale,lineup_unconfirmed",unknown,projected,derived_from_projected_minutes,ok,finals_pending,current_phase8,ok,0.0,projected,not_available_yet,bdl_lineup_freshness_manifest,bdl_injuries_only,2026-05-23T16:10:27Z
morning,2026-05-23T16:11:19Z,2026-05-23,21713899,73,Jalen Brunson,NYK,CLE,False,pa,"{""0"": 1.949987660460057e-06, ""1"": 3.4817642385714494e-06, ""2"": 5.711833650401169e-06, ""3"": 1.917892563163353e-05, ""4"": 4.8807043633715085e-05, ""5"": 0.0001060152498215108, ""6"": 0.00019482744918525, ""7"": 0.00029978117750270654, ""8"": 0.00041657932292306235, ""9"": 0.0005659543654861258, ""10"": 0.0007832444624944422, ""11"": 0.0010551896720418957, ""12"": 0.0014754891144305002, ""13"": 0.002041648846738887, ""14"": 0.0027472139567725927, ""15"": 0.0036858610781862777, ""16"": 0.004780862144162672, ""17"": 0.006153299589652085, ""18"": 0.007810119822429966, ""19"": 0.009910178419499956, ""20"": 0.012144434945640839, ""21"": 0.014581223409751601, ""22"": 0.01700244817156259, ""23"": 0.019676538202895118, ""24"": 0.022826233420950217, ""25"": 0.02676307812596421, ""26"": 0.031550503104428126, ""27"": 0.03666923200601027, ""28"": 0.041219944092718286, ""29"": 0.04492077934648063, ""30"": 0.04778367000179058, ""31"": 0.04981392394056593, ""32"": 0.052198063212312636, ""33"": 0.05370469068084109, ""34"": 0.053889157798977114, ""35"": 0.05149058744476018, ""36"": 0.048320213898964466, ""37"": 0.04347770146006227, ""38"": 0.04004359350594278, ""39"": 0.036891885588162886, ""40"": 0.03395969045677136, ""41"": 0.029826953849718677, ""42"": 0.02512219044399599, ""43"": 0.020347961038105808, ""44"": 0.016420084273860373, ""45"": 0.013588997371790007, ""46"": 0.011528534270655647, ""47"": 0.009953028709810829, ""48"": 0.008486521644567504, ""49"": 0.007080214011701584, ""50"": 0.006208379564456927, ""51"": 0.005616623970892076, ""52"": 0.005164602747794283, ""53"": 0.004568617950445601, ""54"": 0.004027281340266697, ""55"": 0.0031699696009647956, ""56"": 0.0023373825768134527, ""57"": 0.0016745352503038911, ""58"": 0.0011567754777587057, ""59"": 0.000722531060485997, ""60"": 0.0004637944766652392, ""61"": 0.0003044210390044087, ""62"": 0.00020103006175169004, ""63"": 0.00016298484676645708, ""64"": 0.00014932771482134872, ""65"": 0.00013705674251845846, ""66"": 0.00010898448912597162, ""67"": 8.431540394411035e-05, ""68"": 5.2606248801368245e-05, ""69"": 3.569924753449447e-05, ""70"": 2.9894846786790476e-05, ""71"": 3.086985357162641e-05, ""72"": 3.314553652180958e-05, ""73"": 3.313939369974989e-05, ""74"": 2.985240144832686e-05, ""75"": 2.430088559914161e-05, ""76"": 1.8180733016223812e-05, ""77"": 1.1531772363429781e-05, ""78"": 7.990913552856437e-06, ""79"": 5.3457059287489624e-06, ""80"": 3.60436505404355e-06, ""81"": 1.962046072647538e-06, ""82"": 1.4010657133652131e-06, ""83"": 1.426029066790993e-06, ""84"": 2.1675623215028917e-06, ""85"": 4.21751345509563e-06, ""86"": 5.998774507762828e-06, ""87"": 6.961540482985041e-06, ""88"": 5.837150963599039e-06, ""89"": 4.631292130032514e-06, ""90"": 2.1247132298657763e-06, ""91"": 6.690021051021876e-07, ""92"": 2.278691434824189e-07, ""93"": 8.810433046235052e-08, ""94"": 3.1988728179944654e-08, ""95"": 5.4281144355670515e-09, ""96"": 7.390218475384421e-10, ""97"": 2.2338566559197161e-10, ""98"": 5.739215698118762e-11, ""99"": 1.83070604778823e-11, ""100"": 5.89654799623082e-12, ""101"": 8.099017989217864e-13, ""102"": 2.2936476202520824e-13, ""103"": 2.084689042715326e-14, ""104"": 7.057233756680524e-15, ""105"": 3.2701145526231055e-15}",33.4628,33.4628,33,34,0.0,1.0,1.0,1.0,1.0,0.9999,0.9998,0.9996,0.9993,0.9989,0.9983,0.9976,0.9965,0.995,0.993,0.9902,0.9865,0.9818,0.9756,0.9678,0.9579,2497aaec#phase10c,"stat_grid:component_convolution_mean_coherent_v1+components[pts:pmf_sim_v1+role_aware_pmf_cal_v1:starter+monotone_pit_cdf_v1,ast:pmf_sim_v1+role_aware_pmf_cal_v1:starter+monotone_pit_cdf_v1]+prior_combo[joint_sampler_v1+joint_combo_pmf_v1+role_aware_pmf_cal_v1:starter+monotone_pit_cdf_v1]+stat_grid_final_component_convolution_mean_coherent_v1",phase8_role_aware_pmf_cal_v1+monotone_inactive_global_v1,starter,projected_minutes,high,33.0744,36.1936,16.0432,36.1936,39.7743,9.7677,0.05,0.9451,0.7415,starter,True,current_market_line,True,betmgm,betmgm,player_pa_over_under,34.5,34.5,0.4332,-110.0,-120.0,0.4899,0.5101,0.5668,131.0,-131.0,-0.0567,-0.0567,0.0567,2026-05-23T16:10:08.926317Z,full,provisional,"injury_very_stale,lineup_unconfirmed",unknown,projected,derived_from_projected_minutes,ok,finals_pending,current_phase8,ok,0.0,projected,not_available_yet,bdl_lineup_freshness_manifest,bdl_injuries_only,2026-05-23T16:10:27Z
morning,2026-05-23T16:11:19Z,2026-05-23,21713899,73,Jalen Brunson,NYK,CLE,False,pa,"{""0"": 1.949987660460057e-06, ""1"": 3.4817642385714494e-06, ""2"": 5.711833650401169e-06, ""3"": 1.917892563163353e-05, ""4"": 4.8807043633715085e-05, ""5"": 0.0001060152498215108, ""6"": 0.00019482744918525, ""7"": 0.00029978117750270654, ""8"": 0.00041657932292306235, ""9"": 0.0005659543654861258, ""10"": 0.0007832444624944422, ""11"": 0.0010551896720418957, ""12"": 0.0014754891144305002, ""13"": 0.002041648846738887, ""14"": 0.0027472139567725927, ""15"": 0.0036858610781862777, ""16"": 0.004780862144162672, ""17"": 0.006153299589652085, ""18"": 0.007810119822429966, ""19"": 0.009910178419499956, ""20"": 0.012144434945640839, ""21"": 0.014581223409751601, ""22"": 0.01700244817156259, ""23"": 0.019676538202895118, ""24"": 0.022826233420950217, ""25"": 0.02676307812596421, ""26"": 0.031550503104428126, ""27"": 0.03666923200601027, ""28"": 0.041219944092718286, ""29"": 0.04492077934648063, ""30"": 0.04778367000179058, ""31"": 0.04981392394056593, ""32"": 0.052198063212312636, ""33"": 0.05370469068084109, ""34"": 0.053889157798977114, ""35"": 0.05149058744476018, ""36"": 0.048320213898964466, ""37"": 0.04347770146006227, ""38"": 0.04004359350594278, ""39"": 0.036891885588162886, ""40"": 0.03395969045677136, ""41"": 0.029826953849718677, ""42"": 0.02512219044399599, ""43"": 0.020347961038105808, ""44"": 0.016420084273860373, ""45"": 0.013588997371790007, ""46"": 0.011528534270655647, ""47"": 0.009953028709810829, ""48"": 0.008486521644567504, ""49"": 0.007080214011701584, ""50"": 0.006208379564456927, ""51"": 0.005616623970892076, ""52"": 0.005164602747794283, ""53"": 0.004568617950445601, ""54"": 0.004027281340266697, ""55"": 0.0031699696009647956, ""56"": 0.0023373825768134527, ""57"": 0.0016745352503038911, ""58"": 0.0011567754777587057, ""59"": 0.000722531060485997, ""60"": 0.0004637944766652392, ""61"": 0.0003044210390044087, ""62"": 0.00020103006175169004, ""63"": 0.00016298484676645708, ""64"": 0.00014932771482134872, ""65"": 0.00013705674251845846, ""66"": 0.00010898448912597162, ""67"": 8.431540394411035e-05, ""68"": 5.2606248801368245e-05, ""69"": 3.569924753449447e-05, ""70"": 2.9894846786790476e-05, ""71"": 3.086985357162641e-05, ""72"": 3.314553652180958e-05, ""73"": 3.313939369974989e-05, ""74"": 2.985240144832686e-05, ""75"": 2.430088559914161e-05, ""76"": 1.8180733016223812e-05, ""77"": 1.1531772363429781e-05, ""78"": 7.990913552856437e-06, ""79"": 5.3457059287489624e-06, ""80"": 3.60436505404355e-06, ""81"": 1.962046072647538e-06, ""82"": 1.4010657133652131e-06, ""83"": 1.426029066790993e-06, ""84"": 2.1675623215028917e-06, ""85"": 4.21751345509563e-06, ""86"": 5.998774507762828e-06, ""87"": 6.961540482985041e-06, ""88"": 5.837150963599039e-06, ""89"": 4.631292130032514e-06, ""90"": 2.1247132298657763e-06, ""91"": 6.690021051021876e-07, ""92"": 2.278691434824189e-07, ""93"": 8.810433046235052e-08, ""94"": 3.1988728179944654e-08, ""95"": 5.4281144355670515e-09, ""96"": 7.390218475384421e-10, ""97"": 2.2338566559197161e-10, ""98"": 5.739215698118762e-11, ""99"": 1.83070604778823e-11, ""100"": 5.89654799623082e-12, ""101"": 8.099017989217864e-13, ""102"": 2.2936476202520824e-13, ""103"": 2.084689042715326e-14, ""104"": 7.057233756680524e-15, ""105"": 3.2701145526231055e-15}",33.4628,33.4628,33,34,0.0,1.0,1.0,1.0,1.0,0.9999,0.9998,0.9996,0.9993,0.9989,0.9983,0.9976,0.9965,0.995,0.993,0.9902,0.9865,0.9818,0.9756,0.9678,0.9579,2497aaec#phase10c,"stat_grid:component_convolution_mean_coherent_v1+components[pts:pmf_sim_v1+role_aware_pmf_cal_v1:starter+monotone_pit_cdf_v1,ast:pmf_sim_v1+role_aware_pmf_cal_v1:starter+monotone_pit_cdf_v1]+prior_combo[joint_sampler_v1+joint_combo_pmf_v1+role_aware_pmf_cal_v1:starter+monotone_pit_cdf_v1]+stat_grid_final_component_convolution_mean_coherent_v1",phase8_role_aware_pmf_cal_v1+monotone_inactive_global_v1,starter,projected_minutes,high,33.0744,36.1936,16.0432,36.1936,39.7743,9.7677,0.05,0.9451,0.7415,starter,True,current_market_line,True,fanduel,fanduel,player_pa_over_under,37.5,37.5,0.2899,174.0,-240.0,0.3408,0.6592,0.7101,245.0,-245.0,-0.051,-0.051,0.051,2026-05-23T16:10:08.926317Z,full,provisional,"injury_very_stale,lineup_unconfirmed",unknown,projected,derived_from_projected_minutes,ok,finals_pending,current_phase8,ok,0.0,projected,not_available_yet,bdl_lineup_freshness_manifest,bdl_injuries_only,2026-05-23T16:10:27Z
morning,2026-05-23T16:11:19Z,2026-05-23,21713899,73,Jalen Brunson,NYK,CLE,False,pa,"{""0"": 1.949987660460057e-06, ""1"": 3.4817642385714494e-06, ""2"": 5.711833650401169e-06, ""3"": 1.917892563163353e-05, ""4"": 4.8807043633715085e-05, ""5"": 0.0001060152498215108, ""6"": 0.00019482744918525, ""7"": 0.00029978117750270654, ""8"": 0.00041657932292306235, ""9"": 0.0005659543654861258, ""10"": 0.0007832444624944422, ""11"": 0.0010551896720418957, ""12"": 0.0014754891144305002, ""13"": 0.002041648846738887, ""14"": 0.0027472139567725927, ""15"": 0.0036858610781862777, ""16"": 0.004780862144162672, ""17"": 0.006153299589652085, ""18"": 0.007810119822429966, ""19"": 0.009910178419499956, ""20"": 0.012144434945640839, ""21"": 0.014581223409751601, ""22"": 0.01700244817156259, ""23"": 0.019676538202895118, ""24"": 0.022826233420950217, ""25"": 0.02676307812596421, ""26"": 0.031550503104428126, ""27"": 0.03666923200601027, ""28"": 0.041219944092718286, ""29"": 0.04492077934648063, ""30"": 0.04778367000179058, ""31"": 0.04981392394056593, ""32"": 0.052198063212312636, ""33"": 0.05370469068084109, ""34"": 0.053889157798977114, ""35"": 0.05149058744476018, ""36"": 0.048320213898964466, ""37"": 0.04347770146006227, ""38"": 0.04004359350594278, ""39"": 0.036891885588162886, ""40"": 0.03395969045677136, ""41"": 0.029826953849718677, ""42"": 0.02512219044399599, ""43"": 0.020347961038105808, ""44"": 0.016420084273860373, ""45"": 0.013588997371790007, ""46"": 0.011528534270655647, ""47"": 0.009953028709810829, ""48"": 0.008486521644567504, ""49"": 0.007080214011701584, ""50"": 0.006208379564456927, ""51"": 0.005616623970892076, ""52"": 0.005164602747794283, ""53"": 0.004568617950445601, ""54"": 0.004027281340266697, ""55"": 0.0031699696009647956, ""56"": 0.0023373825768134527, ""57"": 0.0016745352503038911, ""58"": 0.0011567754777587057, ""59"": 0.000722531060485997, ""60"": 0.0004637944766652392, ""61"": 0.0003044210390044087, ""62"": 0.00020103006175169004, ""63"": 0.00016298484676645708, ""64"": 0.00014932771482134872, ""65"": 0.00013705674251845846, ""66"": 0.00010898448912597162, ""67"": 8.431540394411035e-05, ""68"": 5.2606248801368245e-05, ""69"": 3.569924753449447e-05, ""70"": 2.9894846786790476e-05, ""71"": 3.086985357162641e-05, ""72"": 3.314553652180958e-05, ""73"": 3.313939369974989e-05, ""74"": 2.985240144832686e-05, ""75"": 2.430088559914161e-05, ""76"": 1.8180733016223812e-05, ""77"": 1.1531772363429781e-05, ""78"": 7.990913552856437e-06, ""79"": 5.3457059287489624e-06, ""80"": 3.60436505404355e-06, ""81"": 1.962046072647538e-06, ""82"": 1.4010657133652131e-06, ""83"": 1.426029066790993e-06, ""84"": 2.1675623215028917e-06, ""85"": 4.21751345509563e-06, ""86"": 5.998774507762828e-06, ""87"": 6.961540482985041e-06, ""88"": 5.837150963599039e-06, ""89"": 4.631292130032514e-06, ""90"": 2.1247132298657763e-06, ""91"": 6.690021051021876e-07, ""92"": 2.278691434824189e-07, ""93"": 8.810433046235052e-08, ""94"": 3.1988728179944654e-08, ""95"": 5.4281144355670515e-09, ""96"": 7.390218475384421e-10, ""97"": 2.2338566559197161e-10, ""98"": 5.739215698118762e-11, ""99"": 1.83070604778823e-11, ""100"": 5.89654799623082e-12, ""101"": 8.099017989217864e-13, ""102"": 2.2936476202520824e-13, ""103"": 2.084689042715326e-14, ""104"": 7.057233756680524e-15, ""105"": 3.2701145526231055e-15}",33.4628,33.4628,33,34,0.0,1.0,1.0,1.0,1.0,0.9999,0.9998,0.9996,0.9993,0.9989,0.9983,0.9976,0.9965,0.995,0.993,0.9902,0.9865,0.9818,0.9756,0.9678,0.9579,2497aaec#phase10c,"stat_grid:component_convolution_mean_coherent_v1+components[pts:pmf_sim_v1+role_aware_pmf_cal_v1:starter+monotone_pit_cdf_v1,ast:pmf_sim_v1+role_aware_pmf_cal_v1:starter+monotone_pit_cdf_v1]+prior_combo[joint_sampler_v1+joint_combo_pmf_v1+role_aware_pmf_cal_v1:starter+monotone_pit_cdf_v1]+stat_grid_final_component_convolution_mean_coherent_v1",phase8_role_aware_pmf_cal_v1+monotone_inactive_global_v1,starter,projected_minutes,high,33.0744,36.1936,16.0432,36.1936,39.7743,9.7677,0.05,0.9451,0.7415,starter,True,current_market_line,True,fanduel,fanduel,player_pa_over_under,38.5,38.5,0.2498,205.0,-290.0,0.306,0.694,0.7502,300.0,-300.0,-0.0562,-0.0562,0.0562,2026-05-23T16:10:08.926317Z,full,provisional,"injury_very_stale,lineup_unconfirmed",unknown,projected,derived_from_projected_minutes,ok,finals_pending,current_phase8,ok,0.0,projected,not_available_yet,bdl_lineup_freshness_manifest,bdl_injuries_only,2026-05-23T16:10:27Z
morning,2026-05-23T16:11:19Z,2026-05-23,21713899,73,Jalen Brunson,NYK,CLE,False,pa,"{""0"": 1.949987660460057e-06, ""1"": 3.4817642385714494e-06, ""2"": 5.711833650401169e-06, ""3"": 1.917892563163353e-05, ""4"": 4.8807043633715085e-05, ""5"": 0.0001060152498215108, ""6"": 0.00019482744918525, ""7"": 0.00029978117750270654, ""8"": 0.00041657932292306235, ""9"": 0.0005659543654861258, ""10"": 0.0007832444624944422, ""11"": 0.0010551896720418957, ""12"": 0.0014754891144305002, ""13"": 0.002041648846738887, ""14"": 0.0027472139567725927, ""15"": 0.0036858610781862777, ""16"": 0.004780862144162672, ""17"": 0.006153299589652085, ""18"": 0.007810119822429966, ""19"": 0.009910178419499956, ""20"": 0.012144434945640839, ""21"": 0.014581223409751601, ""22"": 0.01700244817156259, ""23"": 0.019676538202895118, ""24"": 0.022826233420950217, ""25"": 0.02676307812596421, ""26"": 0.031550503104428126, ""27"": 0.03666923200601027, ""28"": 0.041219944092718286, ""29"": 0.04492077934648063, ""30"": 0.04778367000179058, ""31"": 0.04981392394056593, ""32"": 0.052198063212312636, ""33"": 0.05370469068084109, ""34"": 0.053889157798977114, ""35"": 0.05149058744476018, ""36"": 0.048320213898964466, ""37"": 0.04347770146006227, ""38"": 0.04004359350594278, ""39"": 0.036891885588162886, ""40"": 0.03395969045677136, ""41"": 0.029826953849718677, ""42"": 0.02512219044399599, ""43"": 0.020347961038105808, ""44"": 0.016420084273860373, ""45"": 0.013588997371790007, ""46"": 0.011528534270655647, ""47"": 0.009953028709810829, ""48"": 0.008486521644567504, ""49"": 0.007080214011701584, ""50"": 0.006208379564456927, ""51"": 0.005616623970892076, ""52"": 0.005164602747794283, ""53"": 0.004568617950445601, ""54"": 0.004027281340266697, ""55"": 0.0031699696009647956, ""56"": 0.0023373825768134527, ""57"": 0.0016745352503038911, ""58"": 0.0011567754777587057, ""59"": 0.000722531060485997, ""60"": 0.0004637944766652392, ""61"": 0.0003044210390044087, ""62"": 0.00020103006175169004, ""63"": 0.00016298484676645708, ""64"": 0.00014932771482134872, ""65"": 0.00013705674251845846, ""66"": 0.00010898448912597162, ""67"": 8.431540394411035e-05, ""68"": 5.2606248801368245e-05, ""69"": 3.569924753449447e-05, ""70"": 2.9894846786790476e-05, ""71"": 3.086985357162641e-05, ""72"": 3.314553652180958e-05, ""73"": 3.313939369974989e-05, ""74"": 2.985240144832686e-05, ""75"": 2.430088559914161e-05, ""76"": 1.8180733016223812e-05, ""77"": 1.1531772363429781e-05, ""78"": 7.990913552856437e-06, ""79"": 5.3457059287489624e-06, ""80"": 3.60436505404355e-06, ""81"": 1.962046072647538e-06, ""82"": 1.4010657133652131e-06, ""83"": 1.426029066790993e-06, ""84"": 2.1675623215028917e-06, ""85"": 4.21751345509563e-06, ""86"": 5.998774507762828e-06, ""87"": 6.961540482985041e-06, ""88"": 5.837150963599039e-06, ""89"": 4.631292130032514e-06, ""90"": 2.1247132298657763e-06, ""91"": 6.690021051021876e-07, ""92"": 2.278691434824189e-07, ""93"": 8.810433046235052e-08, ""94"": 3.1988728179944654e-08, ""95"": 5.4281144355670515e-09, ""96"": 7.390218475384421e-10, ""97"": 2.2338566559197161e-10, ""98"": 5.739215698118762e-11, ""99"": 1.83070604778823e-11, ""100"": 5.89654799623082e-12, ""101"": 8.099017989217864e-13, ""102"": 2.2936476202520824e-13, ""103"": 2.084689042715326e-14, ""104"": 7.057233756680524e-15, ""105"": 3.2701145526231055e-15}",33.4628,33.4628,33,34,0.0,1.0,1.0,1.0,1.0,0.9999,0.9998,0.9996,0.9993,0.9989,0.9983,0.9976,0.9965,0.995,0.993,0.9902,0.9865,0.9818,0.9756,0.9678,0.9579,2497aaec#phase10c,"stat_grid:component_convolution_mean_coherent_v1+components[pts:pmf_sim_v1+role_aware_pmf_cal_v1:starter+monotone_pit_cdf_v1,ast:pmf_sim_v1+role_aware_pmf_cal_v1:starter+monotone_pit_cdf_v1]+prior_combo[joint_sampler_v1+joint_combo_pmf_v1+role_aware_pmf_cal_v1:starter+monotone_pit_cdf_v1]+stat_grid_final_component_convolution_mean_coherent_v1",phase8_role_aware_pmf_cal_v1+monotone_inactive_global_v1,starter,projected_minutes,high,33.0744,36.1936,16.0432,36.1936,39.7743,9.7677,0.05,0.9451,0.7415,starter,True,current_market_line,True,fanduel,fanduel,player_pa_over_under,39.5,39.5,0.2129,240.0,-350.0,0.2744,0.7256,0.7871,370.0,-370.0,-0.0615,-0.0615,0.0615,2026-05-23T16:10:08.926317Z,full,provisional,"injury_very_stale,lineup_unconfirmed",unknown,projected,derived_from_projected_minutes,ok,finals_pending,current_phase8,ok,0.0,projected,not_available_yet,bdl_lineup_freshness_manifest,bdl_injuries_only,2026-05-23T16:10:27Z
morning,2026-05-23T16:11:19Z,2026-05-23,21713899,73,Jalen Brunson,NYK,CLE,False,pa,"{""0"": 1.949987660460057e-06, ""1"": 3.4817642385714494e-06, ""2"": 5.711833650401169e-06, ""3"": 1.917892563163353e-05, ""4"": 4.8807043633715085e-05, ""5"": 0.0001060152498215108, ""6"": 0.00019482744918525, ""7"": 0.00029978117750270654, ""8"": 0.00041657932292306235, ""9"": 0.0005659543654861258, ""10"": 0.0007832444624944422, ""11"": 0.0010551896720418957, ""12"": 0.0014754891144305002, ""13"": 0.002041648846738887, ""14"": 0.0027472139567725927, ""15"": 0.0036858610781862777, ""16"": 0.004780862144162672, ""17"": 0.006153299589652085, ""18"": 0.007810119822429966, ""19"": 0.009910178419499956, ""20"": 0.012144434945640839, ""21"": 0.014581223409751601, ""22"": 0.01700244817156259, ""23"": 0.019676538202895118, ""24"": 0.022826233420950217, ""25"": 0.02676307812596421, ""26"": 0.031550503104428126, ""27"": 0.03666923200601027, ""28"": 0.041219944092718286, ""29"": 0.04492077934648063, ""30"": 0.04778367000179058, ""31"": 0.04981392394056593, ""32"": 0.052198063212312636, ""33"": 0.05370469068084109, ""34"": 0.053889157798977114, ""35"": 0.05149058744476018, ""36"": 0.048320213898964466, ""37"": 0.04347770146006227, ""38"": 0.04004359350594278, ""39"": 0.036891885588162886, ""40"": 0.03395969045677136, ""41"": 0.029826953849718677, ""42"": 0.02512219044399599, ""43"": 0.020347961038105808, ""44"": 0.016420084273860373, ""45"": 0.013588997371790007, ""46"": 0.011528534270655647, ""47"": 0.009953028709810829, ""48"": 0.008486521644567504, ""49"": 0.007080214011701584, ""50"": 0.006208379564456927, ""51"": 0.005616623970892076, ""52"": 0.005164602747794283, ""53"": 0.004568617950445601, ""54"": 0.004027281340266697, ""55"": 0.0031699696009647956, ""56"": 0.0023373825768134527, ""57"": 0.0016745352503038911, ""58"": 0.0011567754777587057, ""59"": 0.000722531060485997, ""60"": 0.0004637944766652392, ""61"": 0.0003044210390044087, ""62"": 0.00020103006175169004, ""63"": 0.00016298484676645708, ""64"": 0.00014932771482134872, ""65"": 0.00013705674251845846, ""66"": 0.00010898448912597162, ""67"": 8.431540394411035e-05, ""68"": 5.2606248801368245e-05, ""69"": 3.569924753449447e-05, ""70"": 2.9894846786790476e-05, ""71"": 3.086985357162641e-05, ""72"": 3.314553652180958e-05, ""73"": 3.313939369974989e-05, ""74"": 2.985240144832686e-05, ""75"": 2.430088559914161e-05, ""76"": 1.8180733016223812e-05, ""77"": 1.1531772363429781e-05, ""78"": 7.990913552856437e-06, ""79"": 5.3457059287489624e-06, ""80"": 3.60436505404355e-06, ""81"": 1.962046072647538e-06, ""82"": 1.4010657133652131e-06, ""83"": 1.426029066790993e-06, ""84"": 2.1675623215028917e-06, ""85"": 4.21751345509563e-06, ""86"": 5.998774507762828e-06, ""87"": 6.961540482985041e-06, ""88"": 5.837150963599039e-06, ""89"": 4.631292130032514e-06, ""90"": 2.1247132298657763e-06, ""91"": 6.690021051021876e-07, ""92"": 2.278691434824189e-07, ""93"": 8.810433046235052e-08, ""94"": 3.1988728179944654e-08, ""95"": 5.4281144355670515e-09, ""96"": 7.390218475384421e-10, ""97"": 2.2338566559197161e-10, ""98"": 5.739215698118762e-11, ""99"": 1.83070604778823e-11, ""100"": 5.89654799623082e-12, ""101"": 8.099017989217864e-13, ""102"": 2.2936476202520824e-13, ""103"": 2.084689042715326e-14, ""104"": 7.057233756680524e-15, ""105"": 3.2701145526231055e-15}",33.4628,33.4628,33,34,0.0,1.0,1.0,1.0,1.0,0.9999,0.9998,0.9996,0.9993,0.9989,0.9983,0.9976,0.9965,0.995,0.993,0.9902,0.9865,0.9818,0.9756,0.9678,0.9579,2497aaec#phase10c,"stat_grid:component_convolution_mean_coherent_v1+components[pts:pmf_sim_v1+role_aware_pmf_cal_v1:starter+monotone_pit_cdf_v1,ast:pmf_sim_v1+role_aware_pmf_cal_v1:starter+monotone_pit_cdf_v1]+prior_combo[joint_sampler_v1+joint_combo_pmf_v1+role_aware_pmf_cal_v1:starter+monotone_pit_cdf_v1]+stat_grid_final_component_convolution_mean_coherent_v1",phase8_role_aware_pmf_cal_v1+monotone_inactive_global_v1,starter,projected_minutes,high,33.0744,36.1936,16.0432,36.1936,39.7743,9.7677,0.05,0.9451,0.7415,starter,True,current_market_line,True,fanduel,fanduel,player_pa_over_under,40.5,40.5,0.179,300.0,-450.0,0.234,0.766,0.821,459.0,-459.0,-0.0551,-0.0551,0.0551,2026-05-23T16:10:08.926317Z,full,provisional,"injury_very_stale,lineup_unconfirmed",unknown,projected,derived_from_projected_minutes,ok,finals_pending,current_phase8,ok,0.0,projected,not_available_yet,bdl_lineup_freshness_manifest,bdl_injuries_only,2026-05-23T16:10:27Z
morning,2026-05-23T16:11:19Z,2026-05-23,21713899,73,Jalen Brunson,NYK,CLE,False,pa,"{""0"": 1.949987660460057e-06, ""1"": 3.4817642385714494e-06, ""2"": 5.711833650401169e-06, ""3"": 1.917892563163353e-05, ""4"": 4.8807043633715085e-05, ""5"": 0.0001060152498215108, ""6"": 0.00019482744918525, ""7"": 0.00029978117750270654, ""8"": 0.00041657932292306235, ""9"": 0.0005659543654861258, ""10"": 0.0007832444624944422, ""11"": 0.0010551896720418957, ""12"": 0.0014754891144305002, ""13"": 0.002041648846738887, ""14"": 0.0027472139567725927, ""15"": 0.0036858610781862777, ""16"": 0.004780862144162672, ""17"": 0.006153299589652085, ""18"": 0.007810119822429966, ""19"": 0.009910178419499956, ""20"": 0.012144434945640839, ""21"": 0.014581223409751601, ""22"": 0.01700244817156259, ""23"": 0.019676538202895118, ""24"": 0.022826233420950217, ""25"": 0.02676307812596421, ""26"": 0.031550503104428126, ""27"": 0.03666923200601027, ""28"": 0.041219944092718286, ""29"": 0.04492077934648063, ""30"": 0.04778367000179058, ""31"": 0.04981392394056593, ""32"": 0.052198063212312636, ""33"": 0.05370469068084109, ""34"": 0.053889157798977114, ""35"": 0.05149058744476018, ""36"": 0.048320213898964466, ""37"": 0.04347770146006227, ""38"": 0.04004359350594278, ""39"": 0.036891885588162886, ""40"": 0.03395969045677136, ""41"": 0.029826953849718677, ""42"": 0.02512219044399599, ""43"": 0.020347961038105808, ""44"": 0.016420084273860373, ""45"": 0.013588997371790007, ""46"": 0.011528534270655647, ""47"": 0.009953028709810829, ""48"": 0.008486521644567504, ""49"": 0.007080214011701584, ""50"": 0.006208379564456927, ""51"": 0.005616623970892076, ""52"": 0.005164602747794283, ""53"": 0.004568617950445601, ""54"": 0.004027281340266697, ""55"": 0.0031699696009647956, ""56"": 0.0023373825768134527, ""57"": 0.0016745352503038911, ""58"": 0.0011567754777587057, ""59"": 0.000722531060485997, ""60"": 0.0004637944766652392, ""61"": 0.0003044210390044087, ""62"": 0.00020103006175169004, ""63"": 0.00016298484676645708, ""64"": 0.00014932771482134872, ""65"": 0.00013705674251845846, ""66"": 0.00010898448912597162, ""67"": 8.431540394411035e-05, ""68"": 5.2606248801368245e-05, ""69"": 3.569924753449447e-05, ""70"": 2.9894846786790476e-05, ""71"": 3.086985357162641e-05, ""72"": 3.314553652180958e-05, ""73"": 3.313939369974989e-05, ""74"": 2.985240144832686e-05, ""75"": 2.430088559914161e-05, ""76"": 1.8180733016223812e-05, ""77"": 1.1531772363429781e-05, ""78"": 7.990913552856437e-06, ""79"": 5.3457059287489624e-06, ""80"": 3.60436505404355e-06, ""81"": 1.962046072647538e-06, ""82"": 1.4010657133652131e-06, ""83"": 1.426029066790993e-06, ""84"": 2.1675623215028917e-06, ""85"": 4.21751345509563e-06, ""86"": 5.998774507762828e-06, ""87"": 6.961540482985041e-06, ""88"": 5.837150963599039e-06, ""89"": 4.631292130032514e-06, ""90"": 2.1247132298657763e-06, ""91"": 6.690021051021876e-07, ""92"": 2.278691434824189e-07, ""93"": 8.810433046235052e-08, ""94"": 3.1988728179944654e-08, ""95"": 5.4281144355670515e-09, ""96"": 7.390218475384421e-10, ""97"": 2.2338566559197161e-10, ""98"": 5.739215698118762e-11, ""99"": 1.83070604778823e-11, ""100"": 5.89654799623082e-12, ""101"": 8.099017989217864e-13, ""102"": 2.2936476202520824e-13, ""103"": 2.084689042715326e-14, ""104"": 7.057233756680524e-15, ""105"": 3.2701145526231055e-15}",33.4628,33.4628,33,34,0.0,1.0,1.0,1.0,1.0,0.9999,0.9998,0.9996,0.9993,0.9989,0.9983,0.9976,0.9965,0.995,0.993,0.9902,0.9865,0.9818,0.9756,0.9678,0.9579,2497aaec#phase10c,"stat_grid:component_convolution_mean_coherent_v1+components[pts:pmf_sim_v1+role_aware_pmf_cal_v1:starter+monotone_pit_cdf_v1,ast:pmf_sim_v1+role_aware_pmf_cal_v1:starter+monotone_pit_cdf_v1]+prior_combo[joint_sampler_v1+joint_combo_pmf_v1+role_aware_pmf_cal_v1:starter+monotone_pit_cdf_v1]+stat_grid_final_component_convolution_mean_coherent_v1",phase8_role_aware_pmf_cal_v1+monotone_inactive_global_v1,starter,projected_minutes,high,33.0744,36.1936,16.0432,36.1936,39.7743,9.7677,0.05,0.9451,0.7415,starter,True,current_market_line,True,fanduel,fanduel,player_pa_over_under,41.5,41.5,0.1491,360.0,-580.0,0.2031,0.7969,0.8509,571.0,-571.0,-0.054,-0.054,0.054,2026-05-23T16:10:08.926317Z,full,provisional,"injury_very_stale,lineup_unconfirmed",unknown,projected,derived_from_projected_minutes,ok,finals_pending,current_phase8,ok,0.0,projected,not_available_yet,bdl_lineup_freshness_manifest,bdl_injuries_only,2026-05-23T16:10:27Z
morning,2026-05-23T16:11:19Z,2026-05-23,21713899,73,Jalen Brunson,NYK,CLE,False,pa,"{""0"": 1.949987660460057e-06, ""1"": 3.4817642385714494e-06, ""2"": 5.711833650401169e-06, ""3"": 1.917892563163353e-05, ""4"": 4.8807043633715085e-05, ""5"": 0.0001060152498215108, ""6"": 0.00019482744918525, ""7"": 0.00029978117750270654, ""8"": 0.00041657932292306235, ""9"": 0.0005659543654861258, ""10"": 0.0007832444624944422, ""11"": 0.0010551896720418957, ""12"": 0.0014754891144305002, ""13"": 0.002041648846738887, ""14"": 0.0027472139567725927, ""15"": 0.0036858610781862777, ""16"": 0.004780862144162672, ""17"": 0.006153299589652085, ""18"": 0.007810119822429966, ""19"": 0.009910178419499956, ""20"": 0.012144434945640839, ""21"": 0.014581223409751601, ""22"": 0.01700244817156259, ""23"": 0.019676538202895118, ""24"": 0.022826233420950217, ""25"": 0.02676307812596421, ""26"": 0.031550503104428126, ""27"": 0.03666923200601027, ""28"": 0.041219944092718286, ""29"": 0.04492077934648063, ""30"": 0.04778367000179058, ""31"": 0.04981392394056593, ""32"": 0.052198063212312636, ""33"": 0.05370469068084109, ""34"": 0.053889157798977114, ""35"": 0.05149058744476018, ""36"": 0.048320213898964466, ""37"": 0.04347770146006227, ""38"": 0.04004359350594278, ""39"": 0.036891885588162886, ""40"": 0.03395969045677136, ""41"": 0.029826953849718677, ""42"": 0.02512219044399599, ""43"": 0.020347961038105808, ""44"": 0.016420084273860373, ""45"": 0.013588997371790007, ""46"": 0.011528534270655647, ""47"": 0.009953028709810829, ""48"": 0.008486521644567504, ""49"": 0.007080214011701584, ""50"": 0.006208379564456927, ""51"": 0.005616623970892076, ""52"": 0.005164602747794283, ""53"": 0.004568617950445601, ""54"": 0.004027281340266697, ""55"": 0.0031699696009647956, ""56"": 0.0023373825768134527, ""57"": 0.0016745352503038911, ""58"": 0.0011567754777587057, ""59"": 0.000722531060485997, ""60"": 0.0004637944766652392, ""61"": 0.0003044210390044087, ""62"": 0.00020103006175169004, ""63"": 0.00016298484676645708, ""64"": 0.00014932771482134872, ""65"": 0.00013705674251845846, ""66"": 0.00010898448912597162, ""67"": 8.431540394411035e-05, ""68"": 5.2606248801368245e-05, ""69"": 3.569924753449447e-05, ""70"": 2.9894846786790476e-05, ""71"": 3.086985357162641e-05, ""72"": 3.314553652180958e-05, ""73"": 3.313939369974989e-05, ""74"": 2.985240144832686e-05, ""75"": 2.430088559914161e-05, ""76"": 1.8180733016223812e-05, ""77"": 1.1531772363429781e-05, ""78"": 7.990913552856437e-06, ""79"": 5.3457059287489624e-06, ""80"": 3.60436505404355e-06, ""81"": 1.962046072647538e-06, ""82"": 1.4010657133652131e-06, ""83"": 1.426029066790993e-06, ""84"": 2.1675623215028917e-06, ""85"": 4.21751345509563e-06, ""86"": 5.998774507762828e-06, ""87"": 6.961540482985041e-06, ""88"": 5.837150963599039e-06, ""89"": 4.631292130032514e-06, ""90"": 2.1247132298657763e-06, ""91"": 6.690021051021876e-07, ""92"": 2.278691434824189e-07, ""93"": 8.810433046235052e-08, ""94"": 3.1988728179944654e-08, ""95"": 5.4281144355670515e-09, ""96"": 7.390218475384421e-10, ""97"": 2.2338566559197161e-10, ""98"": 5.739215698118762e-11, ""99"": 1.83070604778823e-11, ""100"": 5.89654799623082e-12, ""101"": 8.099017989217864e-13, ""102"": 2.2936476202520824e-13, ""103"": 2.084689042715326e-14, ""104"": 7.057233756680524e-15, ""105"": 3.2701145526231055e-15}",33.4628,33.4628,33,34,0.0,1.0,1.0,1.0,1.0,0.9999,0.9998,0.9996,0.9993,0.9989,0.9983,0.9976,0.9965,0.995,0.993,0.9902,0.9865,0.9818,0.9756,0.9678,0.9579,2497aaec#phase10c,"stat_grid:component_convolution_mean_coherent_v1+components[pts:pmf_sim_v1+role_aware_pmf_cal_v1:starter+monotone_pit_cdf_v1,ast:pmf_sim_v1+role_aware_pmf_cal_v1:starter+monotone_pit_cdf_v1]+prior_combo[joint_sampler_v1+joint_combo_pmf_v1+role_aware_pmf_cal_v1:starter+monotone_pit_cdf_v1]+stat_grid_final_component_convolution_mean_coherent_v1",phase8_role_aware_pmf_cal_v1+monotone_inactive_global_v1,starter,projected_minutes,high,33.0744,36.1936,16.0432,36.1936,39.7743,9.7677,0.05,0.9451,0.7415,starter,True,current_market_line,True,fanduel,fanduel,player_pa_over_under,42.5,42.5,0.124,410.0,-700.0,0.1831,0.8169,0.876,706.0,-706.0,-0.059,-0.059,0.059,2026-05-23T16:10:08.926317Z,full,provisional,"injury_very_stale,lineup_unconfirmed",unknown,projected,derived_from_projected_minutes,ok,finals_pending,current_phase8,ok,0.0,projected,not_available_yet,bdl_lineup_freshness_manifest,bdl_injuries_only,2026-05-23T16:10:27Z
morning,2026-05-23T16:11:19Z,2026-05-23,21713899,73,Jalen Brunson,NYK,CLE,False,pa,"{""0"": 1.949987660460057e-06, ""1"": 3.4817642385714494e-06, ""2"": 5.711833650401169e-06, ""3"": 1.917892563163353e-05, ""4"": 4.8807043633715085e-05, ""5"": 0.0001060152498215108, ""6"": 0.00019482744918525, ""7"": 0.00029978117750270654, ""8"": 0.00041657932292306235, ""9"": 0.0005659543654861258, ""10"": 0.0007832444624944422, ""11"": 0.0010551896720418957, ""12"": 0.0014754891144305002, ""13"": 0.002041648846738887, ""14"": 0.0027472139567725927, ""15"": 0.0036858610781862777, ""16"": 0.004780862144162672, ""17"": 0.006153299589652085, ""18"": 0.007810119822429966, ""19"": 0.009910178419499956, ""20"": 0.012144434945640839, ""21"": 0.014581223409751601, ""22"": 0.01700244817156259, ""23"": 0.019676538202895118, ""24"": 0.022826233420950217, ""25"": 0.02676307812596421, ""26"": 0.031550503104428126, ""27"": 0.03666923200601027, ""28"": 0.041219944092718286, ""29"": 0.04492077934648063, ""30"": 0.04778367000179058, ""31"": 0.04981392394056593, ""32"": 0.052198063212312636, ""33"": 0.05370469068084109, ""34"": 0.053889157798977114, ""35"": 0.05149058744476018, ""36"": 0.048320213898964466, ""37"": 0.04347770146006227, ""38"": 0.04004359350594278, ""39"": 0.036891885588162886, ""40"": 0.03395969045677136, ""41"": 0.029826953849718677, ""42"": 0.02512219044399599, ""43"": 0.020347961038105808, ""44"": 0.016420084273860373, ""45"": 0.013588997371790007, ""46"": 0.011528534270655647, ""47"": 0.009953028709810829, ""48"": 0.008486521644567504, ""49"": 0.007080214011701584, ""50"": 0.006208379564456927, ""51"": 0.005616623970892076, ""52"": 0.005164602747794283, ""53"": 0.004568617950445601, ""54"": 0.004027281340266697, ""55"": 0.0031699696009647956, ""56"": 0.0023373825768134527, ""57"": 0.0016745352503038911, ""58"": 0.0011567754777587057, ""59"": 0.000722531060485997, ""60"": 0.0004637944766652392, ""61"": 0.0003044210390044087, ""62"": 0.00020103006175169004, ""63"": 0.00016298484676645708, ""64"": 0.00014932771482134872, ""65"": 0.00013705674251845846, ""66"": 0.00010898448912597162, ""67"": 8.431540394411035e-05, ""68"": 5.2606248801368245e-05, ""69"": 3.569924753449447e-05, ""70"": 2.9894846786790476e-05, ""71"": 3.086985357162641e-05, ""72"": 3.314553652180958e-05, ""73"": 3.313939369974989e-05, ""74"": 2.985240144832686e-05, ""75"": 2.430088559914161e-05, ""76"": 1.8180733016223812e-05, ""77"": 1.1531772363429781e-05, ""78"": 7.990913552856437e-06, ""79"": 5.3457059287489624e-06, ""80"": 3.60436505404355e-06, ""81"": 1.962046072647538e-06, ""82"": 1.4010657133652131e-06, ""83"": 1.426029066790993e-06, ""84"": 2.1675623215028917e-06, ""85"": 4.21751345509563e-06, ""86"": 5.998774507762828e-06, ""87"": 6.961540482985041e-06, ""88"": 5.837150963599039e-06, ""89"": 4.631292130032514e-06, ""90"": 2.1247132298657763e-06, ""91"": 6.690021051021876e-07, ""92"": 2.278691434824189e-07, ""93"": 8.810433046235052e-08, ""94"": 3.1988728179944654e-08, ""95"": 5.4281144355670515e-09, ""96"": 7.390218475384421e-10, ""97"": 2.2338566559197161e-10, ""98"": 5.739215698118762e-11, ""99"": 1.83070604778823e-11, ""100"": 5.89654799623082e-12, ""101"": 8.099017989217864e-13, ""102"": 2.2936476202520824e-13, ""103"": 2.084689042715326e-14, ""104"": 7.057233756680524e-15, ""105"": 3.2701145526231055e-15}",33.4628,33.4628,33,34,0.0,1.0,1.0,1.0,1.0,0.9999,0.9998,0.9996,0.9993,0.9989,0.9983,0.9976,0.9965,0.995,0.993,0.9902,0.9865,0.9818,0.9756,0.9678,0.9579,2497aaec#phase10c,"stat_grid:component_convolution_mean_coherent_v1+components[pts:pmf_sim_v1+role_aware_pmf_cal_v1:starter+monotone_pit_cdf_v1,ast:pmf_sim_v1+role_aware_pmf_cal_v1:starter+monotone_pit_cdf_v1]+prior_combo[joint_sampler_v1+joint_combo_pmf_v1+role_aware_pmf_cal_v1:starter+monotone_pit_cdf_v1]+stat_grid_final_component_convolution_mean_coherent_v1",phase8_role_aware_pmf_cal_v1+monotone_inactive_global_v1,starter,projected_minutes,high,33.0744,36.1936,16.0432,36.1936,39.7743,9.7677,0.05,0.9451,0.7415,starter,True,current_market_line,True,fanduel,fanduel,player_pa_over_under,36.5,36.5,0.3333,146.0,-198.0,0.3796,0.6204,0.6667,200.0,-200.0,-0.0462,-0.0462,0.0462,2026-05-23T16:10:08.926317Z,full,provisional,"injury_very_stale,lineup_unconfirmed",unknown,projected,derived_from_projected_minutes,ok,finals_pending,current_phase8,ok,0.0,projected,not_available_yet,bdl_lineup_freshness_manifest,bdl_injuries_only,2026-05-23T16:10:27Z
morning,2026-05-23T16:11:19Z,2026-05-23,21713899,73,Jalen Brunson,NYK,CLE,False,pa,"{""0"": 1.949987660460057e-06, ""1"": 3.4817642385714494e-06, ""2"": 5.711833650401169e-06, ""3"": 1.917892563163353e-05, ""4"": 4.8807043633715085e-05, ""5"": 0.0001060152498215108, ""6"": 0.00019482744918525, ""7"": 0.00029978117750270654, ""8"": 0.00041657932292306235, ""9"": 0.0005659543654861258, ""10"": 0.0007832444624944422, ""11"": 0.0010551896720418957, ""12"": 0.0014754891144305002, ""13"": 0.002041648846738887, ""14"": 0.0027472139567725927, ""15"": 0.0036858610781862777, ""16"": 0.004780862144162672, ""17"": 0.006153299589652085, ""18"": 0.007810119822429966, ""19"": 0.009910178419499956, ""20"": 0.012144434945640839, ""21"": 0.014581223409751601, ""22"": 0.01700244817156259, ""23"": 0.019676538202895118, ""24"": 0.022826233420950217, ""25"": 0.02676307812596421, ""26"": 0.031550503104428126, ""27"": 0.03666923200601027, ""28"": 0.041219944092718286, ""29"": 0.04492077934648063, ""30"": 0.04778367000179058, ""31"": 0.04981392394056593, ""32"": 0.052198063212312636, ""33"": 0.05370469068084109, ""34"": 0.053889157798977114, ""35"": 0.05149058744476018, ""36"": 0.048320213898964466, ""37"": 0.04347770146006227, ""38"": 0.04004359350594278, ""39"": 0.036891885588162886, ""40"": 0.03395969045677136, ""41"": 0.029826953849718677, ""42"": 0.02512219044399599, ""43"": 0.020347961038105808, ""44"": 0.016420084273860373, ""45"": 0.013588997371790007, ""46"": 0.011528534270655647, ""47"": 0.009953028709810829, ""48"": 0.008486521644567504, ""49"": 0.007080214011701584, ""50"": 0.006208379564456927, ""51"": 0.005616623970892076, ""52"": 0.005164602747794283, ""53"": 0.004568617950445601, ""54"": 0.004027281340266697, ""55"": 0.0031699696009647956, ""56"": 0.0023373825768134527, ""57"": 0.0016745352503038911, ""58"": 0.0011567754777587057, ""59"": 0.000722531060485997, ""60"": 0.0004637944766652392, ""61"": 0.0003044210390044087, ""62"": 0.00020103006175169004, ""63"": 0.00016298484676645708, ""64"": 0.00014932771482134872, ""65"": 0.00013705674251845846, ""66"": 0.00010898448912597162, ""67"": 8.431540394411035e-05, ""68"": 5.2606248801368245e-05, ""69"": 3.569924753449447e-05, ""70"": 2.9894846786790476e-05, ""71"": 3.086985357162641e-05, ""72"": 3.314553652180958e-05, ""73"": 3.313939369974989e-05, ""74"": 2.985240144832686e-05, ""75"": 2.430088559914161e-05, ""76"": 1.8180733016223812e-05, ""77"": 1.1531772363429781e-05, ""78"": 7.990913552856437e-06, ""79"": 5.3457059287489624e-06, ""80"": 3.60436505404355e-06, ""81"": 1.962046072647538e-06, ""82"": 1.4010657133652131e-06, ""83"": 1.426029066790993e-06, ""84"": 2.1675623215028917e-06, ""85"": 4.21751345509563e-06, ""86"": 5.998774507762828e-06, ""87"": 6.961540482985041e-06, ""88"": 5.837150963599039e-06, ""89"": 4.631292130032514e-06, ""90"": 2.1247132298657763e-06, ""91"": 6.690021051021876e-07, ""92"": 2.278691434824189e-07, ""93"": 8.810433046235052e-08, ""94"": 3.1988728179944654e-08, ""95"": 5.4281144355670515e-09, ""96"": 7.390218475384421e-10, ""97"": 2.2338566559197161e-10, ""98"": 5.739215698118762e-11, ""99"": 1.83070604778823e-11, ""100"": 5.89654799623082e-12, ""101"": 8.099017989217864e-13, ""102"": 2.2936476202520824e-13, ""103"": 2.084689042715326e-14, ""104"": 7.057233756680524e-15, ""105"": 3.2701145526231055e-15}",33.4628,33.4628,33,34,0.0,1.0,1.0,1.0,1.0,0.9999,0.9998,0.9996,0.9993,0.9989,0.9983,0.9976,0.9965,0.995,0.993,0.9902,0.9865,0.9818,0.9756,0.9678,0.9579,2497aaec#phase10c,"stat_grid:component_convolution_mean_coherent_v1+components[pts:pmf_sim_v1+role_aware_pmf_cal_v1:starter+monotone_pit_cdf_v1,ast:pmf_sim_v1+role_aware_pmf_cal_v1:starter+monotone_pit_cdf_v1]+prior_combo[joint_sampler_v1+joint_combo_pmf_v1+role_aware_pmf_cal_v1:starter+monotone_pit_cdf_v1]+stat_grid_final_component_convolution_mean_coherent_v1",phase8_role_aware_pmf_cal_v1+monotone_inactive_global_v1,starter,projected_minutes,high,33.0744,36.1936,16.0432,36.1936,39.7743,9.7677,0.05,0.9451,0.7415,starter,True,current_market_line,True,fanduel,fanduel,player_pa_over_under,35.5,35.5,0.3817,120.0,-160.0,0.4248,0.5752,0.6183,162.0,-162.0,-0.0432,-0.0432,0.0432,2026-05-23T16:10:08.926317Z,full,provisional,"injury_very_stale,lineup_unconfirmed",unknown,projected,derived_from_projected_minutes,ok,finals_pending,current_phase8,ok,0.0,projected,not_available_yet,bdl_lineup_freshness_manifest,bdl_injuries_only,2026-05-23T16:10:27Z
morning,2026-05-23T16:11:19Z,2026-05-23,21713899,73,Jalen Brunson,NYK,CLE,False,pa,"{""0"": 1.949987660460057e-06, ""1"": 3.4817642385714494e-06, ""2"": 5.711833650401169e-06, ""3"": 1.917892563163353e-05, ""4"": 4.8807043633715085e-05, ""5"": 0.0001060152498215108, ""6"": 0.00019482744918525, ""7"": 0.00029978117750270654, ""8"": 0.00041657932292306235, ""9"": 0.0005659543654861258, ""10"": 0.0007832444624944422, ""11"": 0.0010551896720418957, ""12"": 0.0014754891144305002, ""13"": 0.002041648846738887, ""14"": 0.0027472139567725927, ""15"": 0.0036858610781862777, ""16"": 0.004780862144162672, ""17"": 0.006153299589652085, ""18"": 0.007810119822429966, ""19"": 0.009910178419499956, ""20"": 0.012144434945640839, ""21"": 0.014581223409751601, ""22"": 0.01700244817156259, ""23"": 0.019676538202895118, ""24"": 0.022826233420950217, ""25"": 0.02676307812596421, ""26"": 0.031550503104428126, ""27"": 0.03666923200601027, ""28"": 0.041219944092718286, ""29"": 0.04492077934648063, ""30"": 0.04778367000179058, ""31"": 0.04981392394056593, ""32"": 0.052198063212312636, ""33"": 0.05370469068084109, ""34"": 0.053889157798977114, ""35"": 0.05149058744476018, ""36"": 0.048320213898964466, ""37"": 0.04347770146006227, ""38"": 0.04004359350594278, ""39"": 0.036891885588162886, ""40"": 0.03395969045677136, ""41"": 0.029826953849718677, ""42"": 0.02512219044399599, ""43"": 0.020347961038105808, ""44"": 0.016420084273860373, ""45"": 0.013588997371790007, ""46"": 0.011528534270655647, ""47"": 0.009953028709810829, ""48"": 0.008486521644567504, ""49"": 0.007080214011701584, ""50"": 0.006208379564456927, ""51"": 0.005616623970892076, ""52"": 0.005164602747794283, ""53"": 0.004568617950445601, ""54"": 0.004027281340266697, ""55"": 0.0031699696009647956, ""56"": 0.0023373825768134527, ""57"": 0.0016745352503038911, ""58"": 0.0011567754777587057, ""59"": 0.000722531060485997, ""60"": 0.0004637944766652392, ""61"": 0.0003044210390044087, ""62"": 0.00020103006175169004, ""63"": 0.00016298484676645708, ""64"": 0.00014932771482134872, ""65"": 0.00013705674251845846, ""66"": 0.00010898448912597162, ""67"": 8.431540394411035e-05, ""68"": 5.2606248801368245e-05, ""69"": 3.569924753449447e-05, ""70"": 2.9894846786790476e-05, ""71"": 3.086985357162641e-05, ""72"": 3.314553652180958e-05, ""73"": 3.313939369974989e-05, ""74"": 2.985240144832686e-05, ""75"": 2.430088559914161e-05, ""76"": 1.8180733016223812e-05, ""77"": 1.1531772363429781e-05, ""78"": 7.990913552856437e-06, ""79"": 5.3457059287489624e-06, ""80"": 3.60436505404355e-06, ""81"": 1.962046072647538e-06, ""82"": 1.4010657133652131e-06, ""83"": 1.426029066790993e-06, ""84"": 2.1675623215028917e-06, ""85"": 4.21751345509563e-06, ""86"": 5.998774507762828e-06, ""87"": 6.961540482985041e-06, ""88"": 5.837150963599039e-06, ""89"": 4.631292130032514e-06, ""90"": 2.1247132298657763e-06, ""91"": 6.690021051021876e-07, ""92"": 2.278691434824189e-07, ""93"": 8.810433046235052e-08, ""94"": 3.1988728179944654e-08, ""95"": 5.4281144355670515e-09, ""96"": 7.390218475384421e-10, ""97"": 2.2338566559197161e-10, ""98"": 5.739215698118762e-11, ""99"": 1.83070604778823e-11, ""100"": 5.89654799623082e-12, ""101"": 8.099017989217864e-13, ""102"": 2.2936476202520824e-13, ""103"": 2.084689042715326e-14, ""104"": 7.057233756680524e-15, ""105"": 3.2701145526231055e-15}",33.4628,33.4628,33,34,0.0,1.0,1.0,1.0,1.0,0.9999,0.9998,0.9996,0.9993,0.9989,0.9983,0.9976,0.9965,0.995,0.993,0.9902,0.9865,0.9818,0.9756,0.9678,0.9579,2497aaec#phase10c,"stat_grid:component_convolution_mean_coherent_v1+components[pts:pmf_sim_v1+role_aware_pmf_cal_v1:starter+monotone_pit_cdf_v1,ast:pmf_sim_v1+role_aware_pmf_cal_v1:starter+monotone_pit_cdf_v1]+prior_combo[joint_sampler_v1+joint_combo_pmf_v1+role_aware_pmf_cal_v1:starter+monotone_pit_cdf_v1]+stat_grid_final_component_convolution_mean_coherent_v1",phase8_role_aware_pmf_cal_v1+monotone_inactive_global_v1,starter,projected_minutes,high,33.0744,36.1936,16.0432,36.1936,39.7743,9.7677,0.05,0.9451,0.7415,starter,True,current_market_line,True,fanduel,fanduel,player_pa_over_under,33.5,33.5,0.487,-125.0,-106.0,0.5192,0.4808,0.513,105.0,-105.0,-0.0321,-0.0321,0.0321,2026-05-23T16:10:08.926317Z,full,provisional,"injury_very_stale,lineup_unconfirmed",unknown,projected,derived_from_projected_minutes,ok,finals_pending,current_phase8,ok,0.0,projected,not_available_yet,bdl_lineup_freshness_manifest,bdl_injuries_only,2026-05-23T16:10:27Z
morning,2026-05-23T16:11:19Z,2026-05-23,21713899,73,Jalen Brunson,NYK,CLE,False,pa,"{""0"": 1.949987660460057e-06, ""1"": 3.4817642385714494e-06, ""2"": 5.711833650401169e-06, ""3"": 1.917892563163353e-05, ""4"": 4.8807043633715085e-05, ""5"": 0.0001060152498215108, ""6"": 0.00019482744918525, ""7"": 0.00029978117750270654, ""8"": 0.00041657932292306235, ""9"": 0.0005659543654861258, ""10"": 0.0007832444624944422, ""11"": 0.0010551896720418957, ""12"": 0.0014754891144305002, ""13"": 0.002041648846738887, ""14"": 0.0027472139567725927, ""15"": 0.0036858610781862777, ""16"": 0.004780862144162672, ""17"": 0.006153299589652085, ""18"": 0.007810119822429966, ""19"": 0.009910178419499956, ""20"": 0.012144434945640839, ""21"": 0.014581223409751601, ""22"": 0.01700244817156259, ""23"": 0.019676538202895118, ""24"": 0.022826233420950217, ""25"": 0.02676307812596421, ""26"": 0.031550503104428126, ""27"": 0.03666923200601027, ""28"": 0.041219944092718286, ""29"": 0.04492077934648063, ""30"": 0.04778367000179058, ""31"": 0.04981392394056593, ""32"": 0.052198063212312636, ""33"": 0.05370469068084109, ""34"": 0.053889157798977114, ""35"": 0.05149058744476018, ""36"": 0.048320213898964466, ""37"": 0.04347770146006227, ""38"": 0.04004359350594278, ""39"": 0.036891885588162886, ""40"": 0.03395969045677136, ""41"": 0.029826953849718677, ""42"": 0.02512219044399599, ""43"": 0.020347961038105808, ""44"": 0.016420084273860373, ""45"": 0.013588997371790007, ""46"": 0.011528534270655647, ""47"": 0.009953028709810829, ""48"": 0.008486521644567504, ""49"": 0.007080214011701584, ""50"": 0.006208379564456927, ""51"": 0.005616623970892076, ""52"": 0.005164602747794283, ""53"": 0.004568617950445601, ""54"": 0.004027281340266697, ""55"": 0.0031699696009647956, ""56"": 0.0023373825768134527, ""57"": 0.0016745352503038911, ""58"": 0.0011567754777587057, ""59"": 0.000722531060485997, ""60"": 0.0004637944766652392, ""61"": 0.0003044210390044087, ""62"": 0.00020103006175169004, ""63"": 0.00016298484676645708, ""64"": 0.00014932771482134872, ""65"": 0.00013705674251845846, ""66"": 0.00010898448912597162, ""67"": 8.431540394411035e-05, ""68"": 5.2606248801368245e-05, ""69"": 3.569924753449447e-05, ""70"": 2.9894846786790476e-05, ""71"": 3.086985357162641e-05, ""72"": 3.314553652180958e-05, ""73"": 3.313939369974989e-05, ""74"": 2.985240144832686e-05, ""75"": 2.430088559914161e-05, ""76"": 1.8180733016223812e-05, ""77"": 1.1531772363429781e-05, ""78"": 7.990913552856437e-06, ""79"": 5.3457059287489624e-06, ""80"": 3.60436505404355e-06, ""81"": 1.962046072647538e-06, ""82"": 1.4010657133652131e-06, ""83"": 1.426029066790993e-06, ""84"": 2.1675623215028917e-06, ""85"": 4.21751345509563e-06, ""86"": 5.998774507762828e-06, ""87"": 6.961540482985041e-06, ""88"": 5.837150963599039e-06, ""89"": 4.631292130032514e-06, ""90"": 2.1247132298657763e-06, ""91"": 6.690021051021876e-07, ""92"": 2.278691434824189e-07, ""93"": 8.810433046235052e-08, ""94"": 3.1988728179944654e-08, ""95"": 5.4281144355670515e-09, ""96"": 7.390218475384421e-10, ""97"": 2.2338566559197161e-10, ""98"": 5.739215698118762e-11, ""99"": 1.83070604778823e-11, ""100"": 5.89654799623082e-12, ""101"": 8.099017989217864e-13, ""102"": 2.2936476202520824e-13, ""103"": 2.084689042715326e-14, ""104"": 7.057233756680524e-15, ""105"": 3.2701145526231055e-15}",33.4628,33.4628,33,34,0.0,1.0,1.0,1.0,1.0,0.9999,0.9998,0.9996,0.9993,0.9989,0.9983,0.9976,0.9965,0.995,0.993,0.9902,0.9865,0.9818,0.9756,0.9678,0.9579,2497aaec#phase10c,"stat_grid:component_convolution_mean_coherent_v1+components[pts:pmf_sim_v1+role_aware_pmf_cal_v1:starter+monotone_pit_cdf_v1,ast:pmf_sim_v1+role_aware_pmf_cal_v1:starter+monotone_pit_cdf_v1]+prior_combo[joint_sampler_v1+joint_combo_pmf_v1+role_aware_pmf_cal_v1:starter+monotone_pit_cdf_v1]+stat_grid_final_component_convolution_mean_coherent_v1",phase8_role_aware_pmf_cal_v1+monotone_inactive_global_v1,starter,projected_minutes,high,33.0744,36.1936,16.0432,36.1936,39.7743,9.7677,0.05,0.9451,0.7415,starter,True,current_market_line,True,fanduel,fanduel,player_pa_over_under,26.5,26.5,0.8134,-580.0,360.0,0.7969,0.2031,0.1866,-436.0,436.0,0.0165,0.0165,-0.0165,2026-05-23T16:10:08.926317Z,full,provisional,"injury_very_stale,lineup_unconfirmed",unknown,projected,derived_from_projected_minutes,ok,finals_pending,current_phase8,ok,0.0,projected,not_available_yet,bdl_lineup_freshness_manifest,bdl_injuries_only,2026-05-23T16:10:27Z
morning,2026-05-23T16:11:19Z,2026-05-23,21713899,73,Jalen Brunson,NYK,CLE,False,pa,"{""0"": 1.949987660460057e-06, ""1"": 3.4817642385714494e-06, ""2"": 5.711833650401169e-06, ""3"": 1.917892563163353e-05, ""4"": 4.8807043633715085e-05, ""5"": 0.0001060152498215108, ""6"": 0.00019482744918525, ""7"": 0.00029978117750270654, ""8"": 0.00041657932292306235, ""9"": 0.0005659543654861258, ""10"": 0.0007832444624944422, ""11"": 0.0010551896720418957, ""12"": 0.0014754891144305002, ""13"": 0.002041648846738887, ""14"": 0.0027472139567725927, ""15"": 0.0036858610781862777, ""16"": 0.004780862144162672, ""17"": 0.006153299589652085, ""18"": 0.007810119822429966, ""19"": 0.009910178419499956, ""20"": 0.012144434945640839, ""21"": 0.014581223409751601, ""22"": 0.01700244817156259, ""23"": 0.019676538202895118, ""24"": 0.022826233420950217, ""25"": 0.02676307812596421, ""26"": 0.031550503104428126, ""27"": 0.03666923200601027, ""28"": 0.041219944092718286, ""29"": 0.04492077934648063, ""30"": 0.04778367000179058, ""31"": 0.04981392394056593, ""32"": 0.052198063212312636, ""33"": 0.05370469068084109, ""34"": 0.053889157798977114, ""35"": 0.05149058744476018, ""36"": 0.048320213898964466, ""37"": 0.04347770146006227, ""38"": 0.04004359350594278, ""39"": 0.036891885588162886, ""40"": 0.03395969045677136, ""41"": 0.029826953849718677, ""42"": 0.02512219044399599, ""43"": 0.020347961038105808, ""44"": 0.016420084273860373, ""45"": 0.013588997371790007, ""46"": 0.011528534270655647, ""47"": 0.009953028709810829, ""48"": 0.008486521644567504, ""49"": 0.007080214011701584, ""50"": 0.006208379564456927, ""51"": 0.005616623970892076, ""52"": 0.005164602747794283, ""53"": 0.004568617950445601, ""54"": 0.004027281340266697, ""55"": 0.0031699696009647956, ""56"": 0.0023373825768134527, ""57"": 0.0016745352503038911, ""58"": 0.0011567754777587057, ""59"": 0.000722531060485997, ""60"": 0.0004637944766652392, ""61"": 0.0003044210390044087, ""62"": 0.00020103006175169004, ""63"": 0.00016298484676645708, ""64"": 0.00014932771482134872, ""65"": 0.00013705674251845846, ""66"": 0.00010898448912597162, ""67"": 8.431540394411035e-05, ""68"": 5.2606248801368245e-05, ""69"": 3.569924753449447e-05, ""70"": 2.9894846786790476e-05, ""71"": 3.086985357162641e-05, ""72"": 3.314553652180958e-05, ""73"": 3.313939369974989e-05, ""74"": 2.985240144832686e-05, ""75"": 2.430088559914161e-05, ""76"": 1.8180733016223812e-05, ""77"": 1.1531772363429781e-05, ""78"": 7.990913552856437e-06, ""79"": 5.3457059287489624e-06, ""80"": 3.60436505404355e-06, ""81"": 1.962046072647538e-06, ""82"": 1.4010657133652131e-06, ""83"": 1.426029066790993e-06, ""84"": 2.1675623215028917e-06, ""85"": 4.21751345509563e-06, ""86"": 5.998774507762828e-06, ""87"": 6.961540482985041e-06, ""88"": 5.837150963599039e-06, ""89"": 4.631292130032514e-06, ""90"": 2.1247132298657763e-06, ""91"": 6.690021051021876e-07, ""92"": 2.278691434824189e-07, ""93"": 8.810433046235052e-08, ""94"": 3.1988728179944654e-08, ""95"": 5.4281144355670515e-09, ""96"": 7.390218475384421e-10, ""97"": 2.2338566559197161e-10, ""98"": 5.739215698118762e-11, ""99"": 1.83070604778823e-11, ""100"": 5.89654799623082e-12, ""101"": 8.099017989217864e-13, ""102"": 2.2936476202520824e-13, ""103"": 2.084689042715326e-14, ""104"": 7.057233756680524e-15, ""105"": 3.2701145526231055e-15}",33.4628,33.4628,33,34,0.0,1.0,1.0,1.0,1.0,0.9999,0.9998,0.9996,0.9993,0.9989,0.9983,0.9976,0.9965,0.995,0.993,0.9902,0.9865,0.9818,0.9756,0.9678,0.9579,2497aaec#phase10c,"stat_grid:component_convolution_mean_coherent_v1+components[pts:pmf_sim_v1+role_aware_pmf_cal_v1:starter+monotone_pit_cdf_v1,ast:pmf_sim_v1+role_aware_pmf_cal_v1:starter+monotone_pit_cdf_v1]+prior_combo[joint_sampler_v1+joint_combo_pmf_v1+role_aware_pmf_cal_v1:starter+monotone_pit_cdf_v1]+stat_grid_final_component_convolution_mean_coherent_v1",phase8_role_aware_pmf_cal_v1+monotone_inactive_global_v1,starter,projected_minutes,high,33.0744,36.1936,16.0432,36.1936,39.7743,9.7677,0.05,0.9451,0.7415,starter,True,current_market_line,True,fanduel,fanduel,player_pa_over_under,27.5,27.5,0.7767,-440.0,290.0,0.7606,0.2394,0.2233,-348.0,348.0,0.016,0.016,-0.016,2026-05-23T16:10:08.926317Z,full,provisional,"injury_very_stale,lineup_unconfirmed",unknown,projected,derived_from_projected_minutes,ok,finals_pending,current_phase8,ok,0.0,projected,not_available_yet,bdl_lineup_freshness_manifest,bdl_injuries_only,2026-05-23T16:10:27Z
morning,2026-05-23T16:11:19Z,2026-05-23,21713899,73,Jalen Brunson,NYK,CLE,False,pa,"{""0"": 1.949987660460057e-06, ""1"": 3.4817642385714494e-06, ""2"": 5.711833650401169e-06, ""3"": 1.917892563163353e-05, ""4"": 4.8807043633715085e-05, ""5"": 0.0001060152498215108, ""6"": 0.00019482744918525, ""7"": 0.00029978117750270654, ""8"": 0.00041657932292306235, ""9"": 0.0005659543654861258, ""10"": 0.0007832444624944422, ""11"": 0.0010551896720418957, ""12"": 0.0014754891144305002, ""13"": 0.002041648846738887, ""14"": 0.0027472139567725927, ""15"": 0.0036858610781862777, ""16"": 0.004780862144162672, ""17"": 0.006153299589652085, ""18"": 0.007810119822429966, ""19"": 0.009910178419499956, ""20"": 0.012144434945640839, ""21"": 0.014581223409751601, ""22"": 0.01700244817156259, ""23"": 0.019676538202895118, ""24"": 0.022826233420950217, ""25"": 0.02676307812596421, ""26"": 0.031550503104428126, ""27"": 0.03666923200601027, ""28"": 0.041219944092718286, ""29"": 0.04492077934648063, ""30"": 0.04778367000179058, ""31"": 0.04981392394056593, ""32"": 0.052198063212312636, ""33"": 0.05370469068084109, ""34"": 0.053889157798977114, ""35"": 0.05149058744476018, ""36"": 0.048320213898964466, ""37"": 0.04347770146006227, ""38"": 0.04004359350594278, ""39"": 0.036891885588162886, ""40"": 0.03395969045677136, ""41"": 0.029826953849718677, ""42"": 0.02512219044399599, ""43"": 0.020347961038105808, ""44"": 0.016420084273860373, ""45"": 0.013588997371790007, ""46"": 0.011528534270655647, ""47"": 0.009953028709810829, ""48"": 0.008486521644567504, ""49"": 0.007080214011701584, ""50"": 0.006208379564456927, ""51"": 0.005616623970892076, ""52"": 0.005164602747794283, ""53"": 0.004568617950445601, ""54"": 0.004027281340266697, ""55"": 0.0031699696009647956, ""56"": 0.0023373825768134527, ""57"": 0.0016745352503038911, ""58"": 0.0011567754777587057, ""59"": 0.000722531060485997, ""60"": 0.0004637944766652392, ""61"": 0.0003044210390044087, ""62"": 0.00020103006175169004, ""63"": 0.00016298484676645708, ""64"": 0.00014932771482134872, ""65"": 0.00013705674251845846, ""66"": 0.00010898448912597162, ""67"": 8.431540394411035e-05, ""68"": 5.2606248801368245e-05, ""69"": 3.569924753449447e-05, ""70"": 2.9894846786790476e-05, ""71"": 3.086985357162641e-05, ""72"": 3.314553652180958e-05, ""73"": 3.313939369974989e-05, ""74"": 2.985240144832686e-05, ""75"": 2.430088559914161e-05, ""76"": 1.8180733016223812e-05, ""77"": 1.1531772363429781e-05, ""78"": 7.990913552856437e-06, ""79"": 5.3457059287489624e-06, ""80"": 3.60436505404355e-06, ""81"": 1.962046072647538e-06, ""82"": 1.4010657133652131e-06, ""83"": 1.426029066790993e-06, ""84"": 2.1675623215028917e-06, ""85"": 4.21751345509563e-06, ""86"": 5.998774507762828e-06, ""87"": 6.961540482985041e-06, ""88"": 5.837150963599039e-06, ""89"": 4.631292130032514e-06, ""90"": 2.1247132298657763e-06, ""91"": 6.690021051021876e-07, ""92"": 2.278691434824189e-07, ""93"": 8.810433046235052e-08, ""94"": 3.1988728179944654e-08, ""95"": 5.4281144355670515e-09, ""96"": 7.390218475384421e-10, ""97"": 2.2338566559197161e-10, ""98"": 5.739215698118762e-11, ""99"": 1.83070604778823e-11, ""100"": 5.89654799623082e-12, ""101"": 8.099017989217864e-13, ""102"": 2.2936476202520824e-13, ""103"": 2.084689042715326e-14, ""104"": 7.057233756680524e-15, ""105"": 3.2701145526231055e-15}",33.4628,33.4628,33,34,0.0,1.0,1.0,1.0,1.0,0.9999,0.9998,0.9996,0.9993,0.9989,0.9983,0.9976,0.9965,0.995,0.993,0.9902,0.9865,0.9818,0.9756,0.9678,0.9579,2497aaec#phase10c,"stat_grid:component_convolution_mean_coherent_v1+components[pts:pmf_sim_v1+role_aware_pmf_cal_v1:starter+monotone_pit_cdf_v1,ast:pmf_sim_v1+role_aware_pmf_cal_v1:starter+monotone_pit_cdf_v1]+prior_combo[joint_sampler_v1+joint_combo_pmf_v1+role_aware_pmf_cal_v1:starter+monotone_pit_cdf_v1]+stat_grid_final_component_convolution_mean_coherent_v1",phase8_role_aware_pmf_cal_v1+monotone_inactive_global_v1,starter,projected_minutes,high,33.0744,36.1936,16.0432,36.1936,39.7743,9.7677,0.05,0.9451,0.7415,starter,True,current_market_line,True,fanduel,fanduel,player_pa_over_under,28.5,28.5,0.7355,-350.0,240.0,0.7256,0.2744,0.2645,-278.0,278.0,0.0099,0.0099,-0.0099,2026-05-23T16:10:08.926317Z,full,provisional,"injury_very_stale,lineup_unconfirmed",unknown,projected,derived_from_projected_minutes,ok,finals_pending,current_phase8,ok,0.0,projected,not_available_yet,bdl_lineup_freshness_manifest,bdl_injuries_only,2026-05-23T16:10:27Z
morning,2026-05-23T16:11:19Z,2026-05-23,21713899,73,Jalen Brunson,NYK,CLE,False,pa,"{""0"": 1.949987660460057e-06, ""1"": 3.4817642385714494e-06, ""2"": 5.711833650401169e-06, ""3"": 1.917892563163353e-05, ""4"": 4.8807043633715085e-05, ""5"": 0.0001060152498215108, ""6"": 0.00019482744918525, ""7"": 0.00029978117750270654, ""8"": 0.00041657932292306235, ""9"": 0.0005659543654861258, ""10"": 0.0007832444624944422, ""11"": 0.0010551896720418957, ""12"": 0.0014754891144305002, ""13"": 0.002041648846738887, ""14"": 0.0027472139567725927, ""15"": 0.0036858610781862777, ""16"": 0.004780862144162672, ""17"": 0.006153299589652085, ""18"": 0.007810119822429966, ""19"": 0.009910178419499956, ""20"": 0.012144434945640839, ""21"": 0.014581223409751601, ""22"": 0.01700244817156259, ""23"": 0.019676538202895118, ""24"": 0.022826233420950217, ""25"": 0.02676307812596421, ""26"": 0.031550503104428126, ""27"": 0.03666923200601027, ""28"": 0.041219944092718286, ""29"": 0.04492077934648063, ""30"": 0.04778367000179058, ""31"": 0.04981392394056593, ""32"": 0.052198063212312636, ""33"": 0.05370469068084109, ""34"": 0.053889157798977114, ""35"": 0.05149058744476018, ""36"": 0.048320213898964466, ""37"": 0.04347770146006227, ""38"": 0.04004359350594278, ""39"": 0.036891885588162886, ""40"": 0.03395969045677136, ""41"": 0.029826953849718677, ""42"": 0.02512219044399599, ""43"": 0.020347961038105808, ""44"": 0.016420084273860373, ""45"": 0.013588997371790007, ""46"": 0.011528534270655647, ""47"": 0.009953028709810829, ""48"": 0.008486521644567504, ""49"": 0.007080214011701584, ""50"": 0.006208379564456927, ""51"": 0.005616623970892076, ""52"": 0.005164602747794283, ""53"": 0.004568617950445601, ""54"": 0.004027281340266697, ""55"": 0.0031699696009647956, ""56"": 0.0023373825768134527, ""57"": 0.0016745352503038911, ""58"": 0.0011567754777587057, ""59"": 0.000722531060485997, ""60"": 0.0004637944766652392, ""61"": 0.0003044210390044087, ""62"": 0.00020103006175169004, ""63"": 0.00016298484676645708, ""64"": 0.00014932771482134872, ""65"": 0.00013705674251845846, ""66"": 0.00010898448912597162, ""67"": 8.431540394411035e-05, ""68"": 5.2606248801368245e-05, ""69"": 3.569924753449447e-05, ""70"": 2.9894846786790476e-05, ""71"": 3.086985357162641e-05, ""72"": 3.314553652180958e-05, ""73"": 3.313939369974989e-05, ""74"": 2.985240144832686e-05, ""75"": 2.430088559914161e-05, ""76"": 1.8180733016223812e-05, ""77"": 1.1531772363429781e-05, ""78"": 7.990913552856437e-06, ""79"": 5.3457059287489624e-06, ""80"": 3.60436505404355e-06, ""81"": 1.962046072647538e-06, ""82"": 1.4010657133652131e-06, ""83"": 1.426029066790993e-06, ""84"": 2.1675623215028917e-06, ""85"": 4.21751345509563e-06, ""86"": 5.998774507762828e-06, ""87"": 6.961540482985041e-06, ""88"": 5.837150963599039e-06, ""89"": 4.631292130032514e-06, ""90"": 2.1247132298657763e-06, ""91"": 6.690021051021876e-07, ""92"": 2.278691434824189e-07, ""93"": 8.810433046235052e-08, ""94"": 3.1988728179944654e-08, ""95"": 5.4281144355670515e-09, ""96"": 7.390218475384421e-10, ""97"": 2.2338566559197161e-10, ""98"": 5.739215698118762e-11, ""99"": 1.83070604778823e-11, ""100"": 5.89654799623082e-12, ""101"": 8.099017989217864e-13, ""102"": 2.2936476202520824e-13, ""103"": 2.084689042715326e-14, ""104"": 7.057233756680524e-15, ""105"": 3.2701145526231055e-15}",33.4628,33.4628,33,34,0.0,1.0,1.0,1.0,1.0,0.9999,0.9998,0.9996,0.9993,0.9989,0.9983,0.9976,0.9965,0.995,0.993,0.9902,0.9865,0.9818,0.9756,0.9678,0.9579,2497aaec#phase10c,"stat_grid:component_convolution_mean_coherent_v1+components[pts:pmf_sim_v1+role_aware_pmf_cal_v1:starter+monotone_pit_cdf_v1,ast:pmf_sim_v1+role_aware_pmf_cal_v1:starter+monotone_pit_cdf_v1]+prior_combo[joint_sampler_v1+joint_combo_pmf_v1+role_aware_pmf_cal_v1:starter+monotone_pit_cdf_v1]+stat_grid_final_component_convolution_mean_coherent_v1",phase8_role_aware_pmf_cal_v1+monotone_inactive_global_v1,starter,projected_minutes,high,33.0744,36.1936,16.0432,36.1936,39.7743,9.7677,0.05,0.9451,0.7415,starter,True,current_market_line,True,fanduel,fanduel,player_pa_over_under,29.5,29.5,0.6905,-290.0,205.0,0.694,0.306,0.3095,-223.0,223.0,-0.0035,-0.0035,0.0035,2026-05-23T16:10:08.926317Z,full,provisional,"injury_very_stale,lineup_unconfirmed",unknown,projected,derived_from_projected_minutes,ok,finals_pending,current_phase8,ok,0.0,projected,not_available_yet,bdl_lineup_freshness_manifest,bdl_injuries_only,2026-05-23T16:10:27Z
morning,2026-05-23T16:11:19Z,2026-05-23,21713899,73,Jalen Brunson,NYK,CLE,False,pa,"{""0"": 1.949987660460057e-06, ""1"": 3.4817642385714494e-06, ""2"": 5.711833650401169e-06, ""3"": 1.917892563163353e-05, ""4"": 4.8807043633715085e-05, ""5"": 0.0001060152498215108, ""6"": 0.00019482744918525, ""7"": 0.00029978117750270654, ""8"": 0.00041657932292306235, ""9"": 0.0005659543654861258, ""10"": 0.0007832444624944422, ""11"": 0.0010551896720418957, ""12"": 0.0014754891144305002, ""13"": 0.002041648846738887, ""14"": 0.0027472139567725927, ""15"": 0.0036858610781862777, ""16"": 0.004780862144162672, ""17"": 0.006153299589652085, ""18"": 0.007810119822429966, ""19"": 0.009910178419499956, ""20"": 0.012144434945640839, ""21"": 0.014581223409751601, ""22"": 0.01700244817156259, ""23"": 0.019676538202895118, ""24"": 0.022826233420950217, ""25"": 0.02676307812596421, ""26"": 0.031550503104428126, ""27"": 0.03666923200601027, ""28"": 0.041219944092718286, ""29"": 0.04492077934648063, ""30"": 0.04778367000179058, ""31"": 0.04981392394056593, ""32"": 0.052198063212312636, ""33"": 0.05370469068084109, ""34"": 0.053889157798977114, ""35"": 0.05149058744476018, ""36"": 0.048320213898964466, ""37"": 0.04347770146006227, ""38"": 0.04004359350594278, ""39"": 0.036891885588162886, ""40"": 0.03395969045677136, ""41"": 0.029826953849718677, ""42"": 0.02512219044399599, ""43"": 0.020347961038105808, ""44"": 0.016420084273860373, ""45"": 0.013588997371790007, ""46"": 0.011528534270655647, ""47"": 0.009953028709810829, ""48"": 0.008486521644567504, ""49"": 0.007080214011701584, ""50"": 0.006208379564456927, ""51"": 0.005616623970892076, ""52"": 0.005164602747794283, ""53"": 0.004568617950445601, ""54"": 0.004027281340266697, ""55"": 0.0031699696009647956, ""56"": 0.0023373825768134527, ""57"": 0.0016745352503038911, ""58"": 0.0011567754777587057, ""59"": 0.000722531060485997, ""60"": 0.0004637944766652392, ""61"": 0.0003044210390044087, ""62"": 0.00020103006175169004, ""63"": 0.00016298484676645708, ""64"": 0.00014932771482134872, ""65"": 0.00013705674251845846, ""66"": 0.00010898448912597162, ""67"": 8.431540394411035e-05, ""68"": 5.2606248801368245e-05, ""69"": 3.569924753449447e-05, ""70"": 2.9894846786790476e-05, ""71"": 3.086985357162641e-05, ""72"": 3.314553652180958e-05, ""73"": 3.313939369974989e-05, ""74"": 2.985240144832686e-05, ""75"": 2.430088559914161e-05, ""76"": 1.8180733016223812e-05, ""77"": 1.1531772363429781e-05, ""78"": 7.990913552856437e-06, ""79"": 5.3457059287489624e-06, ""80"": 3.60436505404355e-06, ""81"": 1.962046072647538e-06, ""82"": 1.4010657133652131e-06, ""83"": 1.426029066790993e-06, ""84"": 2.1675623215028917e-06, ""85"": 4.21751345509563e-06, ""86"": 5.998774507762828e-06, ""87"": 6.961540482985041e-06, ""88"": 5.837150963599039e-06, ""89"": 4.631292130032514e-06, ""90"": 2.1247132298657763e-06, ""91"": 6.690021051021876e-07, ""92"": 2.278691434824189e-07, ""93"": 8.810433046235052e-08, ""94"": 3.1988728179944654e-08, ""95"": 5.4281144355670515e-09, ""96"": 7.390218475384421e-10, ""97"": 2.2338566559197161e-10, ""98"": 5.739215698118762e-11, ""99"": 1.83070604778823e-11, ""100"": 5.89654799623082e-12, ""101"": 8.099017989217864e-13, ""102"": 2.2936476202520824e-13, ""103"": 2.084689042715326e-14, ""104"": 7.057233756680524e-15, ""105"": 3.2701145526231055e-15}",33.4628,33.4628,33,34,0.0,1.0,1.0,1.0,1.0,0.9999,0.9998,0.9996,0.9993,0.9989,0.9983,0.9976,0.9965,0.995,0.993,0.9902,0.9865,0.9818,0.9756,0.9678,0.9579,2497aaec#phase10c,"stat_grid:component_convolution_mean_coherent_v1+components[pts:pmf_sim_v1+role_aware_pmf_cal_v1:starter+monotone_pit_cdf_v1,ast:pmf_sim_v1+role_aware_pmf_cal_v1:starter+monotone_pit_cdf_v1]+prior_combo[joint_sampler_v1+joint_combo_pmf_v1+role_aware_pmf_cal_v1:starter+monotone_pit_cdf_v1]+stat_grid_final_component_convolution_mean_coherent_v1",phase8_role_aware_pmf_cal_v1+monotone_inactive_global_v1,starter,projected_minutes,high,33.0744,36.1936,16.0432,36.1936,39.7743,9.7677,0.05,0.9451,0.7415,starter,True,current_market_line,True,fanduel,fanduel,player_pa_over_under,30.5,30.5,0.6428,-235.0,172.0,0.6561,0.3439,0.3572,-180.0,180.0,-0.0134,-0.0134,0.0134,2026-05-23T16:10:08.926317Z,full,provisional,"injury_very_stale,lineup_unconfirmed",unknown,projected,derived_from_projected_minutes,ok,finals_pending,current_phase8,ok,0.0,projected,not_available_yet,bdl_lineup_freshness_manifest,bdl_injuries_only,2026-05-23T16:10:27Z
morning,2026-05-23T16:11:19Z,2026-05-23,21713899,73,Jalen Brunson,NYK,CLE,False,pa,"{""0"": 1.949987660460057e-06, ""1"": 3.4817642385714494e-06, ""2"": 5.711833650401169e-06, ""3"": 1.917892563163353e-05, ""4"": 4.8807043633715085e-05, ""5"": 0.0001060152498215108, ""6"": 0.00019482744918525, ""7"": 0.00029978117750270654, ""8"": 0.00041657932292306235, ""9"": 0.0005659543654861258, ""10"": 0.0007832444624944422, ""11"": 0.0010551896720418957, ""12"": 0.0014754891144305002, ""13"": 0.002041648846738887, ""14"": 0.0027472139567725927, ""15"": 0.0036858610781862777, ""16"": 0.004780862144162672, ""17"": 0.006153299589652085, ""18"": 0.007810119822429966, ""19"": 0.009910178419499956, ""20"": 0.012144434945640839, ""21"": 0.014581223409751601, ""22"": 0.01700244817156259, ""23"": 0.019676538202895118, ""24"": 0.022826233420950217, ""25"": 0.02676307812596421, ""26"": 0.031550503104428126, ""27"": 0.03666923200601027, ""28"": 0.041219944092718286, ""29"": 0.04492077934648063, ""30"": 0.04778367000179058, ""31"": 0.04981392394056593, ""32"": 0.052198063212312636, ""33"": 0.05370469068084109, ""34"": 0.053889157798977114, ""35"": 0.05149058744476018, ""36"": 0.048320213898964466, ""37"": 0.04347770146006227, ""38"": 0.04004359350594278, ""39"": 0.036891885588162886, ""40"": 0.03395969045677136, ""41"": 0.029826953849718677, ""42"": 0.02512219044399599, ""43"": 0.020347961038105808, ""44"": 0.016420084273860373, ""45"": 0.013588997371790007, ""46"": 0.011528534270655647, ""47"": 0.009953028709810829, ""48"": 0.008486521644567504, ""49"": 0.007080214011701584, ""50"": 0.006208379564456927, ""51"": 0.005616623970892076, ""52"": 0.005164602747794283, ""53"": 0.004568617950445601, ""54"": 0.004027281340266697, ""55"": 0.0031699696009647956, ""56"": 0.0023373825768134527, ""57"": 0.0016745352503038911, ""58"": 0.0011567754777587057, ""59"": 0.000722531060485997, ""60"": 0.0004637944766652392, ""61"": 0.0003044210390044087, ""62"": 0.00020103006175169004, ""63"": 0.00016298484676645708, ""64"": 0.00014932771482134872, ""65"": 0.00013705674251845846, ""66"": 0.00010898448912597162, ""67"": 8.431540394411035e-05, ""68"": 5.2606248801368245e-05, ""69"": 3.569924753449447e-05, ""70"": 2.9894846786790476e-05, ""71"": 3.086985357162641e-05, ""72"": 3.314553652180958e-05, ""73"": 3.313939369974989e-05, ""74"": 2.985240144832686e-05, ""75"": 2.430088559914161e-05, ""76"": 1.8180733016223812e-05, ""77"": 1.1531772363429781e-05, ""78"": 7.990913552856437e-06, ""79"": 5.3457059287489624e-06, ""80"": 3.60436505404355e-06, ""81"": 1.962046072647538e-06, ""82"": 1.4010657133652131e-06, ""83"": 1.426029066790993e-06, ""84"": 2.1675623215028917e-06, ""85"": 4.21751345509563e-06, ""86"": 5.998774507762828e-06, ""87"": 6.961540482985041e-06, ""88"": 5.837150963599039e-06, ""89"": 4.631292130032514e-06, ""90"": 2.1247132298657763e-06, ""91"": 6.690021051021876e-07, ""92"": 2.278691434824189e-07, ""93"": 8.810433046235052e-08, ""94"": 3.1988728179944654e-08, ""95"": 5.4281144355670515e-09, ""96"": 7.390218475384421e-10, ""97"": 2.2338566559197161e-10, ""98"": 5.739215698118762e-11, ""99"": 1.83070604778823e-11, ""100"": 5.89654799623082e-12, ""101"": 8.099017989217864e-13, ""102"": 2.2936476202520824e-13, ""103"": 2.084689042715326e-14, ""104"": 7.057233756680524e-15, ""105"": 3.2701145526231055e-15}",33.4628,33.4628,33,34,0.0,1.0,1.0,1.0,1.0,0.9999,0.9998,0.9996,0.9993,0.9989,0.9983,0.9976,0.9965,0.995,0.993,0.9902,0.9865,0.9818,0.9756,0.9678,0.9579,2497aaec#phase10c,"stat_grid:component_convolution_mean_coherent_v1+components[pts:pmf_sim_v1+role_aware_pmf_cal_v1:starter+monotone_pit_cdf_v1,ast:pmf_sim_v1+role_aware_pmf_cal_v1:starter+monotone_pit_cdf_v1]+prior_combo[joint_sampler_v1+joint_combo_pmf_v1+role_aware_pmf_cal_v1:starter+monotone_pit_cdf_v1]+stat_grid_final_component_convolution_mean_coherent_v1",phase8_role_aware_pmf_cal_v1+monotone_inactive_global_v1,starter,projected_minutes,high,33.0744,36.1936,16.0432,36.1936,39.7743,9.7677,0.05,0.9451,0.7415,starter,True,current_market_line,True,fanduel,fanduel,player_pa_over_under,31.5,31.5,0.5929,-188.0,140.0,0.6104,0.3896,0.4071,-146.0,146.0,-0.0174,-0.0174,0.0174,2026-05-23T16:10:08.926317Z,full,provisional,"injury_very_stale,lineup_unconfirmed",unknown,projected,derived_from_projected_minutes,ok,finals_pending,current_phase8,ok,0.0,projected,not_available_yet,bdl_lineup_freshness_manifest,bdl_injuries_only,2026-05-23T16:10:27Z
morning,2026-05-23T16:11:19Z,2026-05-23,21713899,73,Jalen Brunson,NYK,CLE,False,pa,"{""0"": 1.949987660460057e-06, ""1"": 3.4817642385714494e-06, ""2"": 5.711833650401169e-06, ""3"": 1.917892563163353e-05, ""4"": 4.8807043633715085e-05, ""5"": 0.0001060152498215108, ""6"": 0.00019482744918525, ""7"": 0.00029978117750270654, ""8"": 0.00041657932292306235, ""9"": 0.0005659543654861258, ""10"": 0.0007832444624944422, ""11"": 0.0010551896720418957, ""12"": 0.0014754891144305002, ""13"": 0.002041648846738887, ""14"": 0.0027472139567725927, ""15"": 0.0036858610781862777, ""16"": 0.004780862144162672, ""17"": 0.006153299589652085, ""18"": 0.007810119822429966, ""19"": 0.009910178419499956, ""20"": 0.012144434945640839, ""21"": 0.014581223409751601, ""22"": 0.01700244817156259, ""23"": 0.019676538202895118, ""24"": 0.022826233420950217, ""25"": 0.02676307812596421, ""26"": 0.031550503104428126, ""27"": 0.03666923200601027, ""28"": 0.041219944092718286, ""29"": 0.04492077934648063, ""30"": 0.04778367000179058, ""31"": 0.04981392394056593, ""32"": 0.052198063212312636, ""33"": 0.05370469068084109, ""34"": 0.053889157798977114, ""35"": 0.05149058744476018, ""36"": 0.048320213898964466, ""37"": 0.04347770146006227, ""38"": 0.04004359350594278, ""39"": 0.036891885588162886, ""40"": 0.03395969045677136, ""41"": 0.029826953849718677, ""42"": 0.02512219044399599, ""43"": 0.020347961038105808, ""44"": 0.016420084273860373, ""45"": 0.013588997371790007, ""46"": 0.011528534270655647, ""47"": 0.009953028709810829, ""48"": 0.008486521644567504, ""49"": 0.007080214011701584, ""50"": 0.006208379564456927, ""51"": 0.005616623970892076, ""52"": 0.005164602747794283, ""53"": 0.004568617950445601, ""54"": 0.004027281340266697, ""55"": 0.0031699696009647956, ""56"": 0.0023373825768134527, ""57"": 0.0016745352503038911, ""58"": 0.0011567754777587057, ""59"": 0.000722531060485997, ""60"": 0.0004637944766652392, ""61"": 0.0003044210390044087, ""62"": 0.00020103006175169004, ""63"": 0.00016298484676645708, ""64"": 0.00014932771482134872, ""65"": 0.00013705674251845846, ""66"": 0.00010898448912597162, ""67"": 8.431540394411035e-05, ""68"": 5.2606248801368245e-05, ""69"": 3.569924753449447e-05, ""70"": 2.9894846786790476e-05, ""71"": 3.086985357162641e-05, ""72"": 3.314553652180958e-05, ""73"": 3.313939369974989e-05, ""74"": 2.985240144832686e-05, ""75"": 2.430088559914161e-05, ""76"": 1.8180733016223812e-05, ""77"": 1.1531772363429781e-05, ""78"": 7.990913552856437e-06, ""79"": 5.3457059287489624e-06, ""80"": 3.60436505404355e-06, ""81"": 1.962046072647538e-06, ""82"": 1.4010657133652131e-06, ""83"": 1.426029066790993e-06, ""84"": 2.1675623215028917e-06, ""85"": 4.21751345509563e-06, ""86"": 5.998774507762828e-06, ""87"": 6.961540482985041e-06, ""88"": 5.837150963599039e-06, ""89"": 4.631292130032514e-06, ""90"": 2.1247132298657763e-06, ""91"": 6.690021051021876e-07, ""92"": 2.278691434824189e-07, ""93"": 8.810433046235052e-08, ""94"": 3.1988728179944654e-08, ""95"": 5.4281144355670515e-09, ""96"": 7.390218475384421e-10, ""97"": 2.2338566559197161e-10, ""98"": 5.739215698118762e-11, ""99"": 1.83070604778823e-11, ""100"": 5.89654799623082e-12, ""101"": 8.099017989217864e-13, ""102"": 2.2936476202520824e-13, ""103"": 2.084689042715326e-14, ""104"": 7.057233756680524e-15, ""105"": 3.2701145526231055e-15}",33.4628,33.4628,33,34,0.0,1.0,1.0,1.0,1.0,0.9999,0.9998,0.9996,0.9993,0.9989,0.9983,0.9976,0.9965,0.995,0.993,0.9902,0.9865,0.9818,0.9756,0.9678,0.9579,2497aaec#phase10c,"stat_grid:component_convolution_mean_coherent_v1+components[pts:pmf_sim_v1+role_aware_pmf_cal_v1:starter+monotone_pit_cdf_v1,ast:pmf_sim_v1+role_aware_pmf_cal_v1:starter+monotone_pit_cdf_v1]+prior_combo[joint_sampler_v1+joint_combo_pmf_v1+role_aware_pmf_cal_v1:starter+monotone_pit_cdf_v1]+stat_grid_final_component_convolution_mean_coherent_v1",phase8_role_aware_pmf_cal_v1+monotone_inactive_global_v1,starter,projected_minutes,high,33.0744,36.1936,16.0432,36.1936,39.7743,9.7677,0.05,0.9451,0.7415,starter,True,current_market_line,True,fanduel,fanduel,player_pa_over_under,32.5,32.5,0.5407,-154.0,116.0,0.567,0.433,0.4593,-118.0,118.0,-0.0263,-0.0263,0.0263,2026-05-23T16:10:08.926317Z,full,provisional,"injury_very_stale,lineup_unconfirmed",unknown,projected,derived_from_projected_minutes,ok,finals_pending,current_phase8,ok,0.0,projected,not_available_yet,bdl_lineup_freshness_manifest,bdl_injuries_only,2026-05-23T16:10:27Z
morning,2026-05-23T16:11:19Z,2026-05-23,21713899,73,Jalen Brunson,NYK,CLE,False,pa,"{""0"": 1.949987660460057e-06, ""1"": 3.4817642385714494e-06, ""2"": 5.711833650401169e-06, ""3"": 1.917892563163353e-05, ""4"": 4.8807043633715085e-05, ""5"": 0.0001060152498215108, ""6"": 0.00019482744918525, ""7"": 0.00029978117750270654, ""8"": 0.00041657932292306235, ""9"": 0.0005659543654861258, ""10"": 0.0007832444624944422, ""11"": 0.0010551896720418957, ""12"": 0.0014754891144305002, ""13"": 0.002041648846738887, ""14"": 0.0027472139567725927, ""15"": 0.0036858610781862777, ""16"": 0.004780862144162672, ""17"": 0.006153299589652085, ""18"": 0.007810119822429966, ""19"": 0.009910178419499956, ""20"": 0.012144434945640839, ""21"": 0.014581223409751601, ""22"": 0.01700244817156259, ""23"": 0.019676538202895118, ""24"": 0.022826233420950217, ""25"": 0.02676307812596421, ""26"": 0.031550503104428126, ""27"": 0.03666923200601027, ""28"": 0.041219944092718286, ""29"": 0.04492077934648063, ""30"": 0.04778367000179058, ""31"": 0.04981392394056593, ""32"": 0.052198063212312636, ""33"": 0.05370469068084109, ""34"": 0.053889157798977114, ""35"": 0.05149058744476018, ""36"": 0.048320213898964466, ""37"": 0.04347770146006227, ""38"": 0.04004359350594278, ""39"": 0.036891885588162886, ""40"": 0.03395969045677136, ""41"": 0.029826953849718677, ""42"": 0.02512219044399599, ""43"": 0.020347961038105808, ""44"": 0.016420084273860373, ""45"": 0.013588997371790007, ""46"": 0.011528534270655647, ""47"": 0.009953028709810829, ""48"": 0.008486521644567504, ""49"": 0.007080214011701584, ""50"": 0.006208379564456927, ""51"": 0.005616623970892076, ""52"": 0.005164602747794283, ""53"": 0.004568617950445601, ""54"": 0.004027281340266697, ""55"": 0.0031699696009647956, ""56"": 0.0023373825768134527, ""57"": 0.0016745352503038911, ""58"": 0.0011567754777587057, ""59"": 0.000722531060485997, ""60"": 0.0004637944766652392, ""61"": 0.0003044210390044087, ""62"": 0.00020103006175169004, ""63"": 0.00016298484676645708, ""64"": 0.00014932771482134872, ""65"": 0.00013705674251845846, ""66"": 0.00010898448912597162, ""67"": 8.431540394411035e-05, ""68"": 5.2606248801368245e-05, ""69"": 3.569924753449447e-05, ""70"": 2.9894846786790476e-05, ""71"": 3.086985357162641e-05, ""72"": 3.314553652180958e-05, ""73"": 3.313939369974989e-05, ""74"": 2.985240144832686e-05, ""75"": 2.430088559914161e-05, ""76"": 1.8180733016223812e-05, ""77"": 1.1531772363429781e-05, ""78"": 7.990913552856437e-06, ""79"": 5.3457059287489624e-06, ""80"": 3.60436505404355e-06, ""81"": 1.962046072647538e-06, ""82"": 1.4010657133652131e-06, ""83"": 1.426029066790993e-06, ""84"": 2.1675623215028917e-06, ""85"": 4.21751345509563e-06, ""86"": 5.998774507762828e-06, ""87"": 6.961540482985041e-06, ""88"": 5.837150963599039e-06, ""89"": 4.631292130032514e-06, ""90"": 2.1247132298657763e-06, ""91"": 6.690021051021876e-07, ""92"": 2.278691434824189e-07, ""93"": 8.810433046235052e-08, ""94"": 3.1988728179944654e-08, ""95"": 5.4281144355670515e-09, ""96"": 7.390218475384421e-10, ""97"": 2.2338566559197161e-10, ""98"": 5.739215698118762e-11, ""99"": 1.83070604778823e-11, ""100"": 5.89654799623082e-12, ""101"": 8.099017989217864e-13, ""102"": 2.2936476202520824e-13, ""103"": 2.084689042715326e-14, ""104"": 7.057233756680524e-15, ""105"": 3.2701145526231055e-15}",33.4628,33.4628,33,34,0.0,1.0,1.0,1.0,1.0,0.9999,0.9998,0.9996,0.9993,0.9989,0.9983,0.9976,0.9965,0.995,0.993,0.9902,0.9865,0.9818,0.9756,0.9678,0.9579,2497aaec#phase10c,"stat_grid:component_convolution_mean_coherent_v1+components[pts:pmf_sim_v1+role_aware_pmf_cal_v1:starter+monotone_pit_cdf_v1,ast:pmf_sim_v1+role_aware_pmf_cal_v1:starter+monotone_pit_cdf_v1]+prior_combo[joint_sampler_v1+joint_combo_pmf_v1+role_aware_pmf_cal_v1:starter+monotone_pit_cdf_v1]+stat_grid_final_component_convolution_mean_coherent_v1",phase8_role_aware_pmf_cal_v1+monotone_inactive_global_v1,starter,projected_minutes,high,33.0744,36.1936,16.0432,36.1936,39.7743,9.7677,0.05,0.9451,0.7415,starter,True,current_market_line,True,fanduel,fanduel,player_pa_over_under,25.5,25.5,0.8449,-750.0,430.0,0.8238,0.1762,0.1551,-545.0,545.0,0.0211,0.0211,-0.0211,2026-05-23T16:10:08.926317Z,full,provisional,"injury_very_stale,lineup_unconfirmed",unknown,projected,derived_from_projected_minutes,ok,finals_pending,current_phase8,ok,0.0,projected,not_available_yet,bdl_lineup_freshness_manifest,bdl_injuries_only,2026-05-23T16:10:27Z
morning,2026-05-23T16:11:19Z,2026-05-23,21713899,73,Jalen Brunson,NYK,CLE,False,pa,"{""0"": 1.949987660460057e-06, ""1"": 3.4817642385714494e-06, ""2"": 5.711833650401169e-06, ""3"": 1.917892563163353e-05, ""4"": 4.8807043633715085e-05, ""5"": 0.0001060152498215108, ""6"": 0.00019482744918525, ""7"": 0.00029978117750270654, ""8"": 0.00041657932292306235, ""9"": 0.0005659543654861258, ""10"": 0.0007832444624944422, ""11"": 0.0010551896720418957, ""12"": 0.0014754891144305002, ""13"": 0.002041648846738887, ""14"": 0.0027472139567725927, ""15"": 0.0036858610781862777, ""16"": 0.004780862144162672, ""17"": 0.006153299589652085, ""18"": 0.007810119822429966, ""19"": 0.009910178419499956, ""20"": 0.012144434945640839, ""21"": 0.014581223409751601, ""22"": 0.01700244817156259, ""23"": 0.019676538202895118, ""24"": 0.022826233420950217, ""25"": 0.02676307812596421, ""26"": 0.031550503104428126, ""27"": 0.03666923200601027, ""28"": 0.041219944092718286, ""29"": 0.04492077934648063, ""30"": 0.04778367000179058, ""31"": 0.04981392394056593, ""32"": 0.052198063212312636, ""33"": 0.05370469068084109, ""34"": 0.053889157798977114, ""35"": 0.05149058744476018, ""36"": 0.048320213898964466, ""37"": 0.04347770146006227, ""38"": 0.04004359350594278, ""39"": 0.036891885588162886, ""40"": 0.03395969045677136, ""41"": 0.029826953849718677, ""42"": 0.02512219044399599, ""43"": 0.020347961038105808, ""44"": 0.016420084273860373, ""45"": 0.013588997371790007, ""46"": 0.011528534270655647, ""47"": 0.009953028709810829, ""48"": 0.008486521644567504, ""49"": 0.007080214011701584, ""50"": 0.006208379564456927, ""51"": 0.005616623970892076, ""52"": 0.005164602747794283, ""53"": 0.004568617950445601, ""54"": 0.004027281340266697, ""55"": 0.0031699696009647956, ""56"": 0.0023373825768134527, ""57"": 0.0016745352503038911, ""58"": 0.0011567754777587057, ""59"": 0.000722531060485997, ""60"": 0.0004637944766652392, ""61"": 0.0003044210390044087, ""62"": 0.00020103006175169004, ""63"": 0.00016298484676645708, ""64"": 0.00014932771482134872, ""65"": 0.00013705674251845846, ""66"": 0.00010898448912597162, ""67"": 8.431540394411035e-05, ""68"": 5.2606248801368245e-05, ""69"": 3.569924753449447e-05, ""70"": 2.9894846786790476e-05, ""71"": 3.086985357162641e-05, ""72"": 3.314553652180958e-05, ""73"": 3.313939369974989e-05, ""74"": 2.985240144832686e-05, ""75"": 2.430088559914161e-05, ""76"": 1.8180733016223812e-05, ""77"": 1.1531772363429781e-05, ""78"": 7.990913552856437e-06, ""79"": 5.3457059287489624e-06, ""80"": 3.60436505404355e-06, ""81"": 1.962046072647538e-06, ""82"": 1.4010657133652131e-06, ""83"": 1.426029066790993e-06, ""84"": 2.1675623215028917e-06, ""85"": 4.21751345509563e-06, ""86"": 5.998774507762828e-06, ""87"": 6.961540482985041e-06, ""88"": 5.837150963599039e-06, ""89"": 4.631292130032514e-06, ""90"": 2.1247132298657763e-06, ""91"": 6.690021051021876e-07, ""92"": 2.278691434824189e-07, ""93"": 8.810433046235052e-08, ""94"": 3.1988728179944654e-08, ""95"": 5.4281144355670515e-09, ""96"": 7.390218475384421e-10, ""97"": 2.2338566559197161e-10, ""98"": 5.739215698118762e-11, ""99"": 1.83070604778823e-11, ""100"": 5.89654799623082e-12, ""101"": 8.099017989217864e-13, ""102"": 2.2936476202520824e-13, ""103"": 2.084689042715326e-14, ""104"": 7.057233756680524e-15, ""105"": 3.2701145526231055e-15}",33.4628,33.4628,33,34,0.0,1.0,1.0,1.0,1.0,0.9999,0.9998,0.9996,0.9993,0.9989,0.9983,0.9976,0.9965,0.995,0.993,0.9902,0.9865,0.9818,0.9756,0.9678,0.9579,2497aaec#phase10c,"stat_grid:component_convolution_mean_coherent_v1+components[pts:pmf_sim_v1+role_aware_pmf_cal_v1:starter+monotone_pit_cdf_v1,ast:pmf_sim_v1+role_aware_pmf_cal_v1:starter+monotone_pit_cdf_v1]+prior_combo[joint_sampler_v1+joint_combo_pmf_v1+role_aware_pmf_cal_v1:starter+monotone_pit_cdf_v1]+stat_grid_final_component_convolution_mean_coherent_v1",phase8_role_aware_pmf_cal_v1+monotone_inactive_global_v1,starter,projected_minutes,high,33.0744,36.1936,16.0432,36.1936,39.7743,9.7677,0.05,0.9451,0.7415,starter,True,current_market_line,True,fanduel,fanduel,player_pa_over_under,34.5,34.5,0.4332,100.0,-132.0,0.4677,0.5323,0.5668,131.0,-131.0,-0.0346,-0.0346,0.0346,2026-05-23T16:10:08.926317Z,full,provisional,"injury_very_stale,lineup_unconfirmed",unknown,projected,derived_from_projected_minutes,ok,finals_pending,current_phase8,ok,0.0,projected,not_available_yet,bdl_lineup_freshness_manifest,bdl_injuries_only,2026-05-23T16:10:27Z
morning,2026-05-23T16:11:19Z,2026-05-23,21713899,73,Jalen Brunson,NYK,CLE,False,pa,"{""0"": 1.949987660460057e-06, ""1"": 3.4817642385714494e-06, ""2"": 5.711833650401169e-06, ""3"": 1.917892563163353e-05, ""4"": 4.8807043633715085e-05, ""5"": 0.0001060152498215108, ""6"": 0.00019482744918525, ""7"": 0.00029978117750270654, ""8"": 0.00041657932292306235, ""9"": 0.0005659543654861258, ""10"": 0.0007832444624944422, ""11"": 0.0010551896720418957, ""12"": 0.0014754891144305002, ""13"": 0.002041648846738887, ""14"": 0.0027472139567725927, ""15"": 0.0036858610781862777, ""16"": 0.004780862144162672, ""17"": 0.006153299589652085, ""18"": 0.007810119822429966, ""19"": 0.009910178419499956, ""20"": 0.012144434945640839, ""21"": 0.014581223409751601, ""22"": 0.01700244817156259, ""23"": 0.019676538202895118, ""24"": 0.022826233420950217, ""25"": 0.02676307812596421, ""26"": 0.031550503104428126, ""27"": 0.03666923200601027, ""28"": 0.041219944092718286, ""29"": 0.04492077934648063, ""30"": 0.04778367000179058, ""31"": 0.04981392394056593, ""32"": 0.052198063212312636, ""33"": 0.05370469068084109, ""34"": 0.053889157798977114, ""35"": 0.05149058744476018, ""36"": 0.048320213898964466, ""37"": 0.04347770146006227, ""38"": 0.04004359350594278, ""39"": 0.036891885588162886, ""40"": 0.03395969045677136, ""41"": 0.029826953849718677, ""42"": 0.02512219044399599, ""43"": 0.020347961038105808, ""44"": 0.016420084273860373, ""45"": 0.013588997371790007, ""46"": 0.011528534270655647, ""47"": 0.009953028709810829, ""48"": 0.008486521644567504, ""49"": 0.007080214011701584, ""50"": 0.006208379564456927, ""51"": 0.005616623970892076, ""52"": 0.005164602747794283, ""53"": 0.004568617950445601, ""54"": 0.004027281340266697, ""55"": 0.0031699696009647956, ""56"": 0.0023373825768134527, ""57"": 0.0016745352503038911, ""58"": 0.0011567754777587057, ""59"": 0.000722531060485997, ""60"": 0.0004637944766652392, ""61"": 0.0003044210390044087, ""62"": 0.00020103006175169004, ""63"": 0.00016298484676645708, ""64"": 0.00014932771482134872, ""65"": 0.00013705674251845846, ""66"": 0.00010898448912597162, ""67"": 8.431540394411035e-05, ""68"": 5.2606248801368245e-05, ""69"": 3.569924753449447e-05, ""70"": 2.9894846786790476e-05, ""71"": 3.086985357162641e-05, ""72"": 3.314553652180958e-05, ""73"": 3.313939369974989e-05, ""74"": 2.985240144832686e-05, ""75"": 2.430088559914161e-05, ""76"": 1.8180733016223812e-05, ""77"": 1.1531772363429781e-05, ""78"": 7.990913552856437e-06, ""79"": 5.3457059287489624e-06, ""80"": 3.60436505404355e-06, ""81"": 1.962046072647538e-06, ""82"": 1.4010657133652131e-06, ""83"": 1.426029066790993e-06, ""84"": 2.1675623215028917e-06, ""85"": 4.21751345509563e-06, ""86"": 5.998774507762828e-06, ""87"": 6.961540482985041e-06, ""88"": 5.837150963599039e-06, ""89"": 4.631292130032514e-06, ""90"": 2.1247132298657763e-06, ""91"": 6.690021051021876e-07, ""92"": 2.278691434824189e-07, ""93"": 8.810433046235052e-08, ""94"": 3.1988728179944654e-08, ""95"": 5.4281144355670515e-09, ""96"": 7.390218475384421e-10, ""97"": 2.2338566559197161e-10, ""98"": 5.739215698118762e-11, ""99"": 1.83070604778823e-11, ""100"": 5.89654799623082e-12, ""101"": 8.099017989217864e-13, ""102"": 2.2936476202520824e-13, ""103"": 2.084689042715326e-14, ""104"": 7.057233756680524e-15, ""105"": 3.2701145526231055e-15}",33.4628,33.4628,33,34,0.0,1.0,1.0,1.0,1.0,0.9999,0.9998,0.9996,0.9993,0.9989,0.9983,0.9976,0.9965,0.995,0.993,0.9902,0.9865,0.9818,0.9756,0.9678,0.9579,2497aaec#phase10c,"stat_grid:component_convolution_mean_coherent_v1+components[pts:pmf_sim_v1+role_aware_pmf_cal_v1:starter+monotone_pit_cdf_v1,ast:pmf_sim_v1+role_aware_pmf_cal_v1:starter+monotone_pit_cdf_v1]+prior_combo[joint_sampler_v1+joint_combo_pmf_v1+role_aware_pmf_cal_v1:starter+monotone_pit_cdf_v1]+stat_grid_final_component_convolution_mean_coherent_v1",phase8_role_aware_pmf_cal_v1+monotone_inactive_global_v1,starter,projected_minutes,high,33.0744,36.1936,16.0432,36.1936,39.7743,9.7677,0.05,0.9451,0.7415,starter,True,current_market_line,True,draftkings,draftkings,player_pa_over_under,34.5,34.5,0.4332,-107.0,-122.0,0.4847,0.5153,0.5668,131.0,-131.0,-0.0515,-0.0515,0.0515,2026-05-23T16:10:08.926317Z,full,provisional,"injury_very_stale,lineup_unconfirmed",unknown,projected,derived_from_projected_minutes,ok,finals_pending,current_phase8,ok,0.0,projected,not_available_yet,bdl_lineup_freshness_manifest,bdl_injuries_only,2026-05-23T16:10:27Z
morning,2026-05-23T16:11:19Z,2026-05-23,21713899,73,Jalen Brunson,NYK,CLE,False,pa,"{""0"": 1.949987660460057e-06, ""1"": 3.4817642385714494e-06, ""2"": 5.711833650401169e-06, ""3"": 1.917892563163353e-05, ""4"": 4.8807043633715085e-05, ""5"": 0.0001060152498215108, ""6"": 0.00019482744918525, ""7"": 0.00029978117750270654, ""8"": 0.00041657932292306235, ""9"": 0.0005659543654861258, ""10"": 0.0007832444624944422, ""11"": 0.0010551896720418957, ""12"": 0.0014754891144305002, ""13"": 0.002041648846738887, ""14"": 0.0027472139567725927, ""15"": 0.0036858610781862777, ""16"": 0.004780862144162672, ""17"": 0.006153299589652085, ""18"": 0.007810119822429966, ""19"": 0.009910178419499956, ""20"": 0.012144434945640839, ""21"": 0.014581223409751601, ""22"": 0.01700244817156259, ""23"": 0.019676538202895118, ""24"": 0.022826233420950217, ""25"": 0.02676307812596421, ""26"": 0.031550503104428126, ""27"": 0.03666923200601027, ""28"": 0.041219944092718286, ""29"": 0.04492077934648063, ""30"": 0.04778367000179058, ""31"": 0.04981392394056593, ""32"": 0.052198063212312636, ""33"": 0.05370469068084109, ""34"": 0.053889157798977114, ""35"": 0.05149058744476018, ""36"": 0.048320213898964466, ""37"": 0.04347770146006227, ""38"": 0.04004359350594278, ""39"": 0.036891885588162886, ""40"": 0.03395969045677136, ""41"": 0.029826953849718677, ""42"": 0.02512219044399599, ""43"": 0.020347961038105808, ""44"": 0.016420084273860373, ""45"": 0.013588997371790007, ""46"": 0.011528534270655647, ""47"": 0.009953028709810829, ""48"": 0.008486521644567504, ""49"": 0.007080214011701584, ""50"": 0.006208379564456927, ""51"": 0.005616623970892076, ""52"": 0.005164602747794283, ""53"": 0.004568617950445601, ""54"": 0.004027281340266697, ""55"": 0.0031699696009647956, ""56"": 0.0023373825768134527, ""57"": 0.0016745352503038911, ""58"": 0.0011567754777587057, ""59"": 0.000722531060485997, ""60"": 0.0004637944766652392, ""61"": 0.0003044210390044087, ""62"": 0.00020103006175169004, ""63"": 0.00016298484676645708, ""64"": 0.00014932771482134872, ""65"": 0.00013705674251845846, ""66"": 0.00010898448912597162, ""67"": 8.431540394411035e-05, ""68"": 5.2606248801368245e-05, ""69"": 3.569924753449447e-05, ""70"": 2.9894846786790476e-05, ""71"": 3.086985357162641e-05, ""72"": 3.314553652180958e-05, ""73"": 3.313939369974989e-05, ""74"": 2.985240144832686e-05, ""75"": 2.430088559914161e-05, ""76"": 1.8180733016223812e-05, ""77"": 1.1531772363429781e-05, ""78"": 7.990913552856437e-06, ""79"": 5.3457059287489624e-06, ""80"": 3.60436505404355e-06, ""81"": 1.962046072647538e-06, ""82"": 1.4010657133652131e-06, ""83"": 1.426029066790993e-06, ""84"": 2.1675623215028917e-06, ""85"": 4.21751345509563e-06, ""86"": 5.998774507762828e-06, ""87"": 6.961540482985041e-06, ""88"": 5.837150963599039e-06, ""89"": 4.631292130032514e-06, ""90"": 2.1247132298657763e-06, ""91"": 6.690021051021876e-07, ""92"": 2.278691434824189e-07, ""93"": 8.810433046235052e-08, ""94"": 3.1988728179944654e-08, ""95"": 5.4281144355670515e-09, ""96"": 7.390218475384421e-10, ""97"": 2.2338566559197161e-10, ""98"": 5.739215698118762e-11, ""99"": 1.83070604778823e-11, ""100"": 5.89654799623082e-12, ""101"": 8.099017989217864e-13, ""102"": 2.2936476202520824e-13, ""103"": 2.084689042715326e-14, ""104"": 7.057233756680524e-15, ""105"": 3.2701145526231055e-15}",33.4628,33.4628,33,34,0.0,1.0,1.0,1.0,1.0,0.9999,0.9998,0.9996,0.9993,0.9989,0.9983,0.9976,0.9965,0.995,0.993,0.9902,0.9865,0.9818,0.9756,0.9678,0.9579,2497aaec#phase10c,"stat_grid:component_convolution_mean_coherent_v1+components[pts:pmf_sim_v1+role_aware_pmf_cal_v1:starter+monotone_pit_cdf_v1,ast:pmf_sim_v1+role_aware_pmf_cal_v1:starter+monotone_pit_cdf_v1]+prior_combo[joint_sampler_v1+joint_combo_pmf_v1+role_aware_pmf_cal_v1:starter+monotone_pit_cdf_v1]+stat_grid_final_component_convolution_mean_coherent_v1",phase8_role_aware_pmf_cal_v1+monotone_inactive_global_v1,starter,projected_minutes,high,33.0744,36.1936,16.0432,36.1936,39.7743,9.7677,0.05,0.9451,0.7415,starter,True,current_market_line,True,espnbet,espnbet,player_pa_over_under,34.5,34.5,0.4332,-105.0,-125.0,0.4797,0.5203,0.5668,131.0,-131.0,-0.0465,-0.0465,0.0465,2026-05-23T16:10:08.926317Z,full,provisional,"injury_very_stale,lineup_unconfirmed",unknown,projected,derived_from_projected_minutes,ok,finals_pending,current_phase8,ok,0.0,projected,not_available_yet,bdl_lineup_freshness_manifest,bdl_injuries_only,2026-05-23T16:10:27Z
morning,2026-05-23T16:11:19Z,2026-05-23,21713899,73,Jalen Brunson,NYK,CLE,False,pa,"{""0"": 1.949987660460057e-06, ""1"": 3.4817642385714494e-06, ""2"": 5.711833650401169e-06, ""3"": 1.917892563163353e-05, ""4"": 4.8807043633715085e-05, ""5"": 0.0001060152498215108, ""6"": 0.00019482744918525, ""7"": 0.00029978117750270654, ""8"": 0.00041657932292306235, ""9"": 0.0005659543654861258, ""10"": 0.0007832444624944422, ""11"": 0.0010551896720418957, ""12"": 0.0014754891144305002, ""13"": 0.002041648846738887, ""14"": 0.0027472139567725927, ""15"": 0.0036858610781862777, ""16"": 0.004780862144162672, ""17"": 0.006153299589652085, ""18"": 0.007810119822429966, ""19"": 0.009910178419499956, ""20"": 0.012144434945640839, ""21"": 0.014581223409751601, ""22"": 0.01700244817156259, ""23"": 0.019676538202895118, ""24"": 0.022826233420950217, ""25"": 0.02676307812596421, ""26"": 0.031550503104428126, ""27"": 0.03666923200601027, ""28"": 0.041219944092718286, ""29"": 0.04492077934648063, ""30"": 0.04778367000179058, ""31"": 0.04981392394056593, ""32"": 0.052198063212312636, ""33"": 0.05370469068084109, ""34"": 0.053889157798977114, ""35"": 0.05149058744476018, ""36"": 0.048320213898964466, ""37"": 0.04347770146006227, ""38"": 0.04004359350594278, ""39"": 0.036891885588162886, ""40"": 0.03395969045677136, ""41"": 0.029826953849718677, ""42"": 0.02512219044399599, ""43"": 0.020347961038105808, ""44"": 0.016420084273860373, ""45"": 0.013588997371790007, ""46"": 0.011528534270655647, ""47"": 0.009953028709810829, ""48"": 0.008486521644567504, ""49"": 0.007080214011701584, ""50"": 0.006208379564456927, ""51"": 0.005616623970892076, ""52"": 0.005164602747794283, ""53"": 0.004568617950445601, ""54"": 0.004027281340266697, ""55"": 0.0031699696009647956, ""56"": 0.0023373825768134527, ""57"": 0.0016745352503038911, ""58"": 0.0011567754777587057, ""59"": 0.000722531060485997, ""60"": 0.0004637944766652392, ""61"": 0.0003044210390044087, ""62"": 0.00020103006175169004, ""63"": 0.00016298484676645708, ""64"": 0.00014932771482134872, ""65"": 0.00013705674251845846, ""66"": 0.00010898448912597162, ""67"": 8.431540394411035e-05, ""68"": 5.2606248801368245e-05, ""69"": 3.569924753449447e-05, ""70"": 2.9894846786790476e-05, ""71"": 3.086985357162641e-05, ""72"": 3.314553652180958e-05, ""73"": 3.313939369974989e-05, ""74"": 2.985240144832686e-05, ""75"": 2.430088559914161e-05, ""76"": 1.8180733016223812e-05, ""77"": 1.1531772363429781e-05, ""78"": 7.990913552856437e-06, ""79"": 5.3457059287489624e-06, ""80"": 3.60436505404355e-06, ""81"": 1.962046072647538e-06, ""82"": 1.4010657133652131e-06, ""83"": 1.426029066790993e-06, ""84"": 2.1675623215028917e-06, ""85"": 4.21751345509563e-06, ""86"": 5.998774507762828e-06, ""87"": 6.961540482985041e-06, ""88"": 5.837150963599039e-06, ""89"": 4.631292130032514e-06, ""90"": 2.1247132298657763e-06, ""91"": 6.690021051021876e-07, ""92"": 2.278691434824189e-07, ""93"": 8.810433046235052e-08, ""94"": 3.1988728179944654e-08, ""95"": 5.4281144355670515e-09, ""96"": 7.390218475384421e-10, ""97"": 2.2338566559197161e-10, ""98"": 5.739215698118762e-11, ""99"": 1.83070604778823e-11, ""100"": 5.89654799623082e-12, ""101"": 8.099017989217864e-13, ""102"": 2.2936476202520824e-13, ""103"": 2.084689042715326e-14, ""104"": 7.057233756680524e-15, ""105"": 3.2701145526231055e-15}",33.4628,33.4628,33,34,0.0,1.0,1.0,1.0,1.0,0.9999,0.9998,0.9996,0.9993,0.9989,0.9983,0.9976,0.9965,0.995,0.993,0.9902,0.9865,0.9818,0.9756,0.9678,0.9579,2497aaec#phase10c,"stat_grid:component_convolution_mean_coherent_v1+components[pts:pmf_sim_v1+role_aware_pmf_cal_v1:starter+monotone_pit_cdf_v1,ast:pmf_sim_v1+role_aware_pmf_cal_v1:starter+monotone_pit_cdf_v1]+prior_combo[joint_sampler_v1+joint_combo_pmf_v1+role_aware_pmf_cal_v1:starter+monotone_pit_cdf_v1]+stat_grid_final_component_convolution_mean_coherent_v1",phase8_role_aware_pmf_cal_v1+monotone_inactive_global_v1,starter,projected_minutes,high,33.0744,36.1936,16.0432,36.1936,39.7743,9.7677,0.05,0.9451,0.7415,starter,True,current_market_line,True,hardrockbet_az,hardrockbet_az,player_pa_over_under,34.5,34.5,0.4332,-110.0,-120.0,0.4899,0.5101,0.5668,131.0,-131.0,-0.0567,-0.0567,0.0567,2026-05-23T16:10:08.926317Z,full,provisional,"injury_very_stale,lineup_unconfirmed",unknown,projected,derived_from_projected_minutes,ok,finals_pending,current_phase8,ok,0.0,projected,not_available_yet,bdl_lineup_freshness_manifest,bdl_injuries_only,2026-05-23T16:10:27Z
morning,2026-05-23T16:11:19Z,2026-05-23,21713899,73,Jalen Brunson,NYK,CLE,False,pa,"{""0"": 1.949987660460057e-06, ""1"": 3.4817642385714494e-06, ""2"": 5.711833650401169e-06, ""3"": 1.917892563163353e-05, ""4"": 4.8807043633715085e-05, ""5"": 0.0001060152498215108, ""6"": 0.00019482744918525, ""7"": 0.00029978117750270654, ""8"": 0.00041657932292306235, ""9"": 0.0005659543654861258, ""10"": 0.0007832444624944422, ""11"": 0.0010551896720418957, ""12"": 0.0014754891144305002, ""13"": 0.002041648846738887, ""14"": 0.0027472139567725927, ""15"": 0.0036858610781862777, ""16"": 0.004780862144162672, ""17"": 0.006153299589652085, ""18"": 0.007810119822429966, ""19"": 0.009910178419499956, ""20"": 0.012144434945640839, ""21"": 0.014581223409751601, ""22"": 0.01700244817156259, ""23"": 0.019676538202895118, ""24"": 0.022826233420950217, ""25"": 0.02676307812596421, ""26"": 0.031550503104428126, ""27"": 0.03666923200601027, ""28"": 0.041219944092718286, ""29"": 0.04492077934648063, ""30"": 0.04778367000179058, ""31"": 0.04981392394056593, ""32"": 0.052198063212312636, ""33"": 0.05370469068084109, ""34"": 0.053889157798977114, ""35"": 0.05149058744476018, ""36"": 0.048320213898964466, ""37"": 0.04347770146006227, ""38"": 0.04004359350594278, ""39"": 0.036891885588162886, ""40"": 0.03395969045677136, ""41"": 0.029826953849718677, ""42"": 0.02512219044399599, ""43"": 0.020347961038105808, ""44"": 0.016420084273860373, ""45"": 0.013588997371790007, ""46"": 0.011528534270655647, ""47"": 0.009953028709810829, ""48"": 0.008486521644567504, ""49"": 0.007080214011701584, ""50"": 0.006208379564456927, ""51"": 0.005616623970892076, ""52"": 0.005164602747794283, ""53"": 0.004568617950445601, ""54"": 0.004027281340266697, ""55"": 0.0031699696009647956, ""56"": 0.0023373825768134527, ""57"": 0.0016745352503038911, ""58"": 0.0011567754777587057, ""59"": 0.000722531060485997, ""60"": 0.0004637944766652392, ""61"": 0.0003044210390044087, ""62"": 0.00020103006175169004, ""63"": 0.00016298484676645708, ""64"": 0.00014932771482134872, ""65"": 0.00013705674251845846, ""66"": 0.00010898448912597162, ""67"": 8.431540394411035e-05, ""68"": 5.2606248801368245e-05, ""69"": 3.569924753449447e-05, ""70"": 2.9894846786790476e-05, ""71"": 3.086985357162641e-05, ""72"": 3.314553652180958e-05, ""73"": 3.313939369974989e-05, ""74"": 2.985240144832686e-05, ""75"": 2.430088559914161e-05, ""76"": 1.8180733016223812e-05, ""77"": 1.1531772363429781e-05, ""78"": 7.990913552856437e-06, ""79"": 5.3457059287489624e-06, ""80"": 3.60436505404355e-06, ""81"": 1.962046072647538e-06, ""82"": 1.4010657133652131e-06, ""83"": 1.426029066790993e-06, ""84"": 2.1675623215028917e-06, ""85"": 4.21751345509563e-06, ""86"": 5.998774507762828e-06, ""87"": 6.961540482985041e-06, ""88"": 5.837150963599039e-06, ""89"": 4.631292130032514e-06, ""90"": 2.1247132298657763e-06, ""91"": 6.690021051021876e-07, ""92"": 2.278691434824189e-07, ""93"": 8.810433046235052e-08, ""94"": 3.1988728179944654e-08, ""95"": 5.4281144355670515e-09, ""96"": 7.390218475384421e-10, ""97"": 2.2338566559197161e-10, ""98"": 5.739215698118762e-11, ""99"": 1.83070604778823e-11, ""100"": 5.89654799623082e-12, ""101"": 8.099017989217864e-13, ""102"": 2.2936476202520824e-13, ""103"": 2.084689042715326e-14, ""104"": 7.057233756680524e-15, ""105"": 3.2701145526231055e-15}",33.4628,33.4628,33,34,0.0,1.0,1.0,1.0,1.0,0.9999,0.9998,0.9996,0.9993,0.9989,0.9983,0.9976,0.9965,0.995,0.993,0.9902,0.9865,0.9818,0.9756,0.9678,0.9579,2497aaec#phase10c,"stat_grid:component_convolution_mean_coherent_v1+components[pts:pmf_sim_v1+role_aware_pmf_cal_v1:starter+monotone_pit_cdf_v1,ast:pmf_sim_v1+role_aware_pmf_cal_v1:starter+monotone_pit_cdf_v1]+prior_combo[joint_sampler_v1+joint_combo_pmf_v1+role_aware_pmf_cal_v1:starter+monotone_pit_cdf_v1]+stat_grid_final_component_convolution_mean_coherent_v1",phase8_role_aware_pmf_cal_v1+monotone_inactive_global_v1,starter,projected_minutes,high,33.0744,36.1936,16.0432,36.1936,39.7743,9.7677,0.05,0.9451,0.7415,starter,True,current_market_line,True,hardrockbet_fl,hardrockbet_fl,player_pa_over_under,34.5,34.5,0.4332,-110.0,-120.0,0.4899,0.5101,0.5668,131.0,-131.0,-0.0567,-0.0567,0.0567,2026-05-23T16:10:08.926317Z,full,provisional,"injury_very_stale,lineup_unconfirmed",unknown,projected,derived_from_projected_minutes,ok,finals_pending,current_phase8,ok,0.0,projected,not_available_yet,bdl_lineup_freshness_manifest,bdl_injuries_only,2026-05-23T16:10:27Z
morning,2026-05-23T16:11:19Z,2026-05-23,21713899,73,Jalen Brunson,NYK,CLE,False,pa,"{""0"": 1.949987660460057e-06, ""1"": 3.4817642385714494e-06, ""2"": 5.711833650401169e-06, ""3"": 1.917892563163353e-05, ""4"": 4.8807043633715085e-05, ""5"": 0.0001060152498215108, ""6"": 0.00019482744918525, ""7"": 0.00029978117750270654, ""8"": 0.00041657932292306235, ""9"": 0.0005659543654861258, ""10"": 0.0007832444624944422, ""11"": 0.0010551896720418957, ""12"": 0.0014754891144305002, ""13"": 0.002041648846738887, ""14"": 0.0027472139567725927, ""15"": 0.0036858610781862777, ""16"": 0.004780862144162672, ""17"": 0.006153299589652085, ""18"": 0.007810119822429966, ""19"": 0.009910178419499956, ""20"": 0.012144434945640839, ""21"": 0.014581223409751601, ""22"": 0.01700244817156259, ""23"": 0.019676538202895118, ""24"": 0.022826233420950217, ""25"": 0.02676307812596421, ""26"": 0.031550503104428126, ""27"": 0.03666923200601027, ""28"": 0.041219944092718286, ""29"": 0.04492077934648063, ""30"": 0.04778367000179058, ""31"": 0.04981392394056593, ""32"": 0.052198063212312636, ""33"": 0.05370469068084109, ""34"": 0.053889157798977114, ""35"": 0.05149058744476018, ""36"": 0.048320213898964466, ""37"": 0.04347770146006227, ""38"": 0.04004359350594278, ""39"": 0.036891885588162886, ""40"": 0.03395969045677136, ""41"": 0.029826953849718677, ""42"": 0.02512219044399599, ""43"": 0.020347961038105808, ""44"": 0.016420084273860373, ""45"": 0.013588997371790007, ""46"": 0.011528534270655647, ""47"": 0.009953028709810829, ""48"": 0.008486521644567504, ""49"": 0.007080214011701584, ""50"": 0.006208379564456927, ""51"": 0.005616623970892076, ""52"": 0.005164602747794283, ""53"": 0.004568617950445601, ""54"": 0.004027281340266697, ""55"": 0.0031699696009647956, ""56"": 0.0023373825768134527, ""57"": 0.0016745352503038911, ""58"": 0.0011567754777587057, ""59"": 0.000722531060485997, ""60"": 0.0004637944766652392, ""61"": 0.0003044210390044087, ""62"": 0.00020103006175169004, ""63"": 0.00016298484676645708, ""64"": 0.00014932771482134872, ""65"": 0.00013705674251845846, ""66"": 0.00010898448912597162, ""67"": 8.431540394411035e-05, ""68"": 5.2606248801368245e-05, ""69"": 3.569924753449447e-05, ""70"": 2.9894846786790476e-05, ""71"": 3.086985357162641e-05, ""72"": 3.314553652180958e-05, ""73"": 3.313939369974989e-05, ""74"": 2.985240144832686e-05, ""75"": 2.430088559914161e-05, ""76"": 1.8180733016223812e-05, ""77"": 1.1531772363429781e-05, ""78"": 7.990913552856437e-06, ""79"": 5.3457059287489624e-06, ""80"": 3.60436505404355e-06, ""81"": 1.962046072647538e-06, ""82"": 1.4010657133652131e-06, ""83"": 1.426029066790993e-06, ""84"": 2.1675623215028917e-06, ""85"": 4.21751345509563e-06, ""86"": 5.998774507762828e-06, ""87"": 6.961540482985041e-06, ""88"": 5.837150963599039e-06, ""89"": 4.631292130032514e-06, ""90"": 2.1247132298657763e-06, ""91"": 6.690021051021876e-07, ""92"": 2.278691434824189e-07, ""93"": 8.810433046235052e-08, ""94"": 3.1988728179944654e-08, ""95"": 5.4281144355670515e-09, ""96"": 7.390218475384421e-10, ""97"": 2.2338566559197161e-10, ""98"": 5.739215698118762e-11, ""99"": 1.83070604778823e-11, ""100"": 5.89654799623082e-12, ""101"": 8.099017989217864e-13, ""102"": 2.2936476202520824e-13, ""103"": 2.084689042715326e-14, ""104"": 7.057233756680524e-15, ""105"": 3.2701145526231055e-15}",33.4628,33.4628,33,34,0.0,1.0,1.0,1.0,1.0,0.9999,0.9998,0.9996,0.9993,0.9989,0.9983,0.9976,0.9965,0.995,0.993,0.9902,0.9865,0.9818,0.9756,0.9678,0.9579,2497aaec#phase10c,"stat_grid:component_convolution_mean_coherent_v1+components[pts:pmf_sim_v1+role_aware_pmf_cal_v1:starter+monotone_pit_cdf_v1,ast:pmf_sim_v1+role_aware_pmf_cal_v1:starter+monotone_pit_cdf_v1]+prior_combo[joint_sampler_v1+joint_combo_pmf_v1+role_aware_pmf_cal_v1:starter+monotone_pit_cdf_v1]+stat_grid_final_component_convolution_mean_coherent_v1",phase8_role_aware_pmf_cal_v1+monotone_inactive_global_v1,starter,projected_minutes,high,33.0744,36.1936,16.0432,36.1936,39.7743,9.7677,0.05,0.9451,0.7415,starter,True,current_market_line,True,fliff,fliff,player_pa_over_under,34.5,34.5,0.4332,-115.0,-130.0,0.4862,0.5138,0.5668,131.0,-131.0,-0.0531,-0.0531,0.0531,2026-05-23T16:10:08.926317Z,full,provisional,"injury_very_stale,lineup_unconfirmed",unknown,projected,derived_from_projected_minutes,ok,finals_pending,current_phase8,ok,0.0,projected,not_available_yet,bdl_lineup_freshness_manifest,bdl_injuries_only,2026-05-23T16:10:27Z
morning,2026-05-23T16:11:19Z,2026-05-23,21713899,73,Jalen Brunson,NYK,CLE,False,pa,"{""0"": 1.949987660460057e-06, ""1"": 3.4817642385714494e-06, ""2"": 5.711833650401169e-06, ""3"": 1.917892563163353e-05, ""4"": 4.8807043633715085e-05, ""5"": 0.0001060152498215108, ""6"": 0.00019482744918525, ""7"": 0.00029978117750270654, ""8"": 0.00041657932292306235, ""9"": 0.0005659543654861258, ""10"": 0.0007832444624944422, ""11"": 0.0010551896720418957, ""12"": 0.0014754891144305002, ""13"": 0.002041648846738887, ""14"": 0.0027472139567725927, ""15"": 0.0036858610781862777, ""16"": 0.004780862144162672, ""17"": 0.006153299589652085, ""18"": 0.007810119822429966, ""19"": 0.009910178419499956, ""20"": 0.012144434945640839, ""21"": 0.014581223409751601, ""22"": 0.01700244817156259, ""23"": 0.019676538202895118, ""24"": 0.022826233420950217, ""25"": 0.02676307812596421, ""26"": 0.031550503104428126, ""27"": 0.03666923200601027, ""28"": 0.041219944092718286, ""29"": 0.04492077934648063, ""30"": 0.04778367000179058, ""31"": 0.04981392394056593, ""32"": 0.052198063212312636, ""33"": 0.05370469068084109, ""34"": 0.053889157798977114, ""35"": 0.05149058744476018, ""36"": 0.048320213898964466, ""37"": 0.04347770146006227, ""38"": 0.04004359350594278, ""39"": 0.036891885588162886, ""40"": 0.03395969045677136, ""41"": 0.029826953849718677, ""42"": 0.02512219044399599, ""43"": 0.020347961038105808, ""44"": 0.016420084273860373, ""45"": 0.013588997371790007, ""46"": 0.011528534270655647, ""47"": 0.009953028709810829, ""48"": 0.008486521644567504, ""49"": 0.007080214011701584, ""50"": 0.006208379564456927, ""51"": 0.005616623970892076, ""52"": 0.005164602747794283, ""53"": 0.004568617950445601, ""54"": 0.004027281340266697, ""55"": 0.0031699696009647956, ""56"": 0.0023373825768134527, ""57"": 0.0016745352503038911, ""58"": 0.0011567754777587057, ""59"": 0.000722531060485997, ""60"": 0.0004637944766652392, ""61"": 0.0003044210390044087, ""62"": 0.00020103006175169004, ""63"": 0.00016298484676645708, ""64"": 0.00014932771482134872, ""65"": 0.00013705674251845846, ""66"": 0.00010898448912597162, ""67"": 8.431540394411035e-05, ""68"": 5.2606248801368245e-05, ""69"": 3.569924753449447e-05, ""70"": 2.9894846786790476e-05, ""71"": 3.086985357162641e-05, ""72"": 3.314553652180958e-05, ""73"": 3.313939369974989e-05, ""74"": 2.985240144832686e-05, ""75"": 2.430088559914161e-05, ""76"": 1.8180733016223812e-05, ""77"": 1.1531772363429781e-05, ""78"": 7.990913552856437e-06, ""79"": 5.3457059287489624e-06, ""80"": 3.60436505404355e-06, ""81"": 1.962046072647538e-06, ""82"": 1.4010657133652131e-06, ""83"": 1.426029066790993e-06, ""84"": 2.1675623215028917e-06, ""85"": 4.21751345509563e-06, ""86"": 5.998774507762828e-06, ""87"": 6.961540482985041e-06, ""88"": 5.837150963599039e-06, ""89"": 4.631292130032514e-06, ""90"": 2.1247132298657763e-06, ""91"": 6.690021051021876e-07, ""92"": 2.278691434824189e-07, ""93"": 8.810433046235052e-08, ""94"": 3.1988728179944654e-08, ""95"": 5.4281144355670515e-09, ""96"": 7.390218475384421e-10, ""97"": 2.2338566559197161e-10, ""98"": 5.739215698118762e-11, ""99"": 1.83070604778823e-11, ""100"": 5.89654799623082e-12, ""101"": 8.099017989217864e-13, ""102"": 2.2936476202520824e-13, ""103"": 2.084689042715326e-14, ""104"": 7.057233756680524e-15, ""105"": 3.2701145526231055e-15}",33.4628,33.4628,33,34,0.0,1.0,1.0,1.0,1.0,0.9999,0.9998,0.9996,0.9993,0.9989,0.9983,0.9976,0.9965,0.995,0.993,0.9902,0.9865,0.9818,0.9756,0.9678,0.9579,2497aaec#phase10c,"stat_grid:component_convolution_mean_coherent_v1+components[pts:pmf_sim_v1+role_aware_pmf_cal_v1:starter+monotone_pit_cdf_v1,ast:pmf_sim_v1+role_aware_pmf_cal_v1:starter+monotone_pit_cdf_v1]+prior_combo[joint_sampler_v1+joint_combo_pmf_v1+role_aware_pmf_cal_v1:starter+monotone_pit_cdf_v1]+stat_grid_final_component_convolution_mean_coherent_v1",phase8_role_aware_pmf_cal_v1+monotone_inactive_global_v1,starter,projected_minutes,high,33.0744,36.1936,16.0432,36.1936,39.7743,9.7677,0.05,0.9451,0.7415,starter,True,current_market_line,True,hardrockbet,hardrockbet,player_pa_over_under,34.5,34.5,0.4332,-110.0,-120.0,0.4899,0.5101,0.5668,131.0,-131.0,-0.0567,-0.0567,0.0567,2026-05-23T16:10:08.926317Z,full,provisional,"injury_very_stale,lineup_unconfirmed",unknown,projected,derived_from_projected_minutes,ok,finals_pending,current_phase8,ok,0.0,projected,not_available_yet,bdl_lineup_freshness_manifest,bdl_injuries_only,2026-05-23T16:10:27Z
morning,2026-05-23T16:11:19Z,2026-05-23,21713899,73,Jalen Brunson,NYK,CLE,False,pr,"{""0"": 5.007420083085538e-06, ""1"": 3.857525663381987e-05, ""2"": 0.00012175301542970683, ""3"": 0.00025775978718124167, ""4"": 0.0003795724882539888, ""5"": 0.000443490376267847, ""6"": 0.0005622130668003218, ""7"": 0.0008179102253229958, ""8"": 0.0011809820630235483, ""9"": 0.0016406844449227671, ""10"": 0.0022137645486047823, ""11"": 0.003051711846018265, ""12"": 0.00410988887058877, ""13"": 0.005412128448634557, ""14"": 0.006642782245623361, ""15"": 0.008523248433524571, ""16"": 0.01117881691067565, ""17"": 0.013842455745269752, ""18"": 0.016052844636763194, ""19"": 0.01798391469370166, ""20"": 0.020441373467076203, ""21"": 0.024156558597802642, ""22"": 0.029143723845590698, ""23"": 0.03485357896139753, ""24"": 0.04081923660440641, ""25"": 0.045075388787555855, ""26"": 0.04764364394465146, ""27"": 0.04880613360914019, ""28"": 0.050621968835605956, ""29"": 0.054228822674594966, ""30"": 0.0581702763529345, ""31"": 0.055587630967104056, ""32"": 0.049661936593605696, ""33"": 0.043653181560279294, ""34"": 0.04003506294009132, ""35"": 0.038370455220648116, ""36"": 0.036697056136658426, ""37"": 0.03306044354085259, ""38"": 0.02697492335429192, ""39"": 0.020728912540915113, ""40"": 0.016152192883577526, ""41"": 0.013846386204827086, ""42"": 0.012244565637409803, ""43"": 0.010392619771715642, ""44"": 0.008771724825231635, ""45"": 0.007254436839175327, ""46"": 0.006018848250997567, ""47"": 0.005409819481413262, ""48"": 0.005600801295001062, ""49"": 0.005227741113729088, ""50"": 0.004282249902117315, ""51"": 0.0034458914752887432, ""52"": 0.0025906463736318297, ""53"": 0.0017383863756945542, ""54"": 0.0011492803256089586, ""55"": 0.0007669396101164861, ""56"": 0.0004484447542347856, ""57"": 0.00026182161312847434, ""58"": 0.0001715149591710356, ""59"": 0.00014731279800980594, ""60"": 0.00015232676754289737, ""61"": 0.00016729215609474746, ""62"": 0.0001347813406275369, ""63"": 8.331510755191987e-05, ""64"": 4.810807639054769e-05, ""65"": 2.8573803033061294e-05, ""66"": 2.5681155733622718e-05, ""67"": 2.816449815812198e-05, ""68"": 3.346761775246936e-05, ""69"": 3.840786729742727e-05, ""70"": 3.69963813725799e-05, ""71"": 2.6424696352085884e-05, ""72"": 1.7955630917416354e-05, ""73"": 1.2420059759187195e-05, ""74"": 8.136722817116778e-06, ""75"": 5.321621263657868e-06, ""76"": 3.5490810016023667e-06, ""77"": 2.1218618897177165e-06, ""78"": 8.992264562008105e-07, ""79"": 3.5659887404026477e-07, ""80"": 4.794043479051638e-07, ""81"": 2.5498637501601146e-06, ""82"": 5.904712781199649e-06, ""83"": 1.019269296458271e-05, ""84"": 8.565137676721721e-06, ""85"": 4.275947214881217e-06, ""86"": 1.8181240582427751e-06, ""87"": 3.7215059283574256e-07, ""88"": 8.12305476731778e-08, ""89"": 2.2039784831831877e-08, ""90"": 7.235608895354943e-10, ""91"": 1.1867435530114394e-10, ""92"": 3.2200981717884515e-11, ""93"": 2.132956457626752e-12, ""94"": 2.0526524967489424e-13, ""95"": 1.2817330012542262e-14, ""96"": 8.385537553997639e-16, ""97"": 2.485944550005e-311, ""98"": 2.64973268834e-312, ""99"": 2.4011706189e-313, ""100"": 1.8499257977e-314, ""101"": 1.211702286e-315, ""102"": 6.7475775e-317, ""103"": 3.194554e-318, ""104"": 1.2858e-319, ""105"": 4.4e-321, ""106"": 1.3e-322, ""107"": 5e-324}",29.8517,29.8517,30,30,0.0,1.0,1.0,0.9998,0.9996,0.9992,0.9988,0.9982,0.9974,0.9962,0.9946,0.9923,0.9893,0.9852,0.9798,0.9731,0.9646,0.9534,0.9396,0.9235,0.9055,2497aaec#phase10c,"stat_grid:component_convolution_mean_coherent_v1+components[pts:pmf_sim_v1+role_aware_pmf_cal_v1:starter+monotone_pit_cdf_v1,reb:pmf_sim_v1+role_aware_pmf_cal_v1:starter+monotone_pit_cdf_v1]+prior_combo[joint_sampler_v1+joint_combo_pmf_v1+role_aware_pmf_cal_v1:starter+monotone_pit_cdf_v1]+stat_grid_final_component_convolution_mean_coherent_v1",phase8_role_aware_pmf_cal_v1+monotone_inactive_global_v1,starter,projected_minutes,high,33.0744,36.1936,16.0432,36.1936,39.7743,9.7677,0.05,0.9451,0.7415,starter,True,current_market_line,True,bovada,bovada,player_pr_over_under,28.5,28.5,0.564,-150.0,115.0,0.5633,0.4367,0.436,-129.0,129.0,0.0007,0.0007,-0.0007,2026-05-23T16:10:08.926317Z,full,provisional,"injury_very_stale,lineup_unconfirmed",unknown,projected,derived_from_projected_minutes,ok,finals_pending,current_phase8,ok,0.0,projected,not_available_yet,bdl_lineup_freshness_manifest,bdl_injuries_only,2026-05-23T16:10:27Z
morning,2026-05-23T16:11:19Z,2026-05-23,21713899,73,Jalen Brunson,NYK,CLE,False,pr,"{""0"": 5.007420083085538e-06, ""1"": 3.857525663381987e-05, ""2"": 0.00012175301542970683, ""3"": 0.00025775978718124167, ""4"": 0.0003795724882539888, ""5"": 0.000443490376267847, ""6"": 0.0005622130668003218, ""7"": 0.0008179102253229958, ""8"": 0.0011809820630235483, ""9"": 0.0016406844449227671, ""10"": 0.0022137645486047823, ""11"": 0.003051711846018265, ""12"": 0.00410988887058877, ""13"": 0.005412128448634557, ""14"": 0.006642782245623361, ""15"": 0.008523248433524571, ""16"": 0.01117881691067565, ""17"": 0.013842455745269752, ""18"": 0.016052844636763194, ""19"": 0.01798391469370166, ""20"": 0.020441373467076203, ""21"": 0.024156558597802642, ""22"": 0.029143723845590698, ""23"": 0.03485357896139753, ""24"": 0.04081923660440641, ""25"": 0.045075388787555855, ""26"": 0.04764364394465146, ""27"": 0.04880613360914019, ""28"": 0.050621968835605956, ""29"": 0.054228822674594966, ""30"": 0.0581702763529345, ""31"": 0.055587630967104056, ""32"": 0.049661936593605696, ""33"": 0.043653181560279294, ""34"": 0.04003506294009132, ""35"": 0.038370455220648116, ""36"": 0.036697056136658426, ""37"": 0.03306044354085259, ""38"": 0.02697492335429192, ""39"": 0.020728912540915113, ""40"": 0.016152192883577526, ""41"": 0.013846386204827086, ""42"": 0.012244565637409803, ""43"": 0.010392619771715642, ""44"": 0.008771724825231635, ""45"": 0.007254436839175327, ""46"": 0.006018848250997567, ""47"": 0.005409819481413262, ""48"": 0.005600801295001062, ""49"": 0.005227741113729088, ""50"": 0.004282249902117315, ""51"": 0.0034458914752887432, ""52"": 0.0025906463736318297, ""53"": 0.0017383863756945542, ""54"": 0.0011492803256089586, ""55"": 0.0007669396101164861, ""56"": 0.0004484447542347856, ""57"": 0.00026182161312847434, ""58"": 0.0001715149591710356, ""59"": 0.00014731279800980594, ""60"": 0.00015232676754289737, ""61"": 0.00016729215609474746, ""62"": 0.0001347813406275369, ""63"": 8.331510755191987e-05, ""64"": 4.810807639054769e-05, ""65"": 2.8573803033061294e-05, ""66"": 2.5681155733622718e-05, ""67"": 2.816449815812198e-05, ""68"": 3.346761775246936e-05, ""69"": 3.840786729742727e-05, ""70"": 3.69963813725799e-05, ""71"": 2.6424696352085884e-05, ""72"": 1.7955630917416354e-05, ""73"": 1.2420059759187195e-05, ""74"": 8.136722817116778e-06, ""75"": 5.321621263657868e-06, ""76"": 3.5490810016023667e-06, ""77"": 2.1218618897177165e-06, ""78"": 8.992264562008105e-07, ""79"": 3.5659887404026477e-07, ""80"": 4.794043479051638e-07, ""81"": 2.5498637501601146e-06, ""82"": 5.904712781199649e-06, ""83"": 1.019269296458271e-05, ""84"": 8.565137676721721e-06, ""85"": 4.275947214881217e-06, ""86"": 1.8181240582427751e-06, ""87"": 3.7215059283574256e-07, ""88"": 8.12305476731778e-08, ""89"": 2.2039784831831877e-08, ""90"": 7.235608895354943e-10, ""91"": 1.1867435530114394e-10, ""92"": 3.2200981717884515e-11, ""93"": 2.132956457626752e-12, ""94"": 2.0526524967489424e-13, ""95"": 1.2817330012542262e-14, ""96"": 8.385537553997639e-16, ""97"": 2.485944550005e-311, ""98"": 2.64973268834e-312, ""99"": 2.4011706189e-313, ""100"": 1.8499257977e-314, ""101"": 1.211702286e-315, ""102"": 6.7475775e-317, ""103"": 3.194554e-318, ""104"": 1.2858e-319, ""105"": 4.4e-321, ""106"": 1.3e-322, ""107"": 5e-324}",29.8517,29.8517,30,30,0.0,1.0,1.0,0.9998,0.9996,0.9992,0.9988,0.9982,0.9974,0.9962,0.9946,0.9923,0.9893,0.9852,0.9798,0.9731,0.9646,0.9534,0.9396,0.9235,0.9055,2497aaec#phase10c,"stat_grid:component_convolution_mean_coherent_v1+components[pts:pmf_sim_v1+role_aware_pmf_cal_v1:starter+monotone_pit_cdf_v1,reb:pmf_sim_v1+role_aware_pmf_cal_v1:starter+monotone_pit_cdf_v1]+prior_combo[joint_sampler_v1+joint_combo_pmf_v1+role_aware_pmf_cal_v1:starter+monotone_pit_cdf_v1]+stat_grid_final_component_convolution_mean_coherent_v1",phase8_role_aware_pmf_cal_v1+monotone_inactive_global_v1,starter,projected_minutes,high,33.0744,36.1936,16.0432,36.1936,39.7743,9.7677,0.05,0.9451,0.7415,starter,True,current_market_line,True,bovada,bovada,player_pr_over_under,29.5,29.5,0.5098,-125.0,-105.0,0.5203,0.4797,0.4902,-104.0,104.0,-0.0106,-0.0106,0.0106,2026-05-23T16:10:08.926317Z,full,provisional,"injury_very_stale,lineup_unconfirmed",unknown,projected,derived_from_projected_minutes,ok,finals_pending,current_phase8,ok,0.0,projected,not_available_yet,bdl_lineup_freshness_manifest,bdl_injuries_only,2026-05-23T16:10:27Z
morning,2026-05-23T16:11:19Z,2026-05-23,21713899,73,Jalen Brunson,NYK,CLE,False,pr,"{""0"": 5.007420083085538e-06, ""1"": 3.857525663381987e-05, ""2"": 0.00012175301542970683, ""3"": 0.00025775978718124167, ""4"": 0.0003795724882539888, ""5"": 0.000443490376267847, ""6"": 0.0005622130668003218, ""7"": 0.0008179102253229958, ""8"": 0.0011809820630235483, ""9"": 0.0016406844449227671, ""10"": 0.0022137645486047823, ""11"": 0.003051711846018265, ""12"": 0.00410988887058877, ""13"": 0.005412128448634557, ""14"": 0.006642782245623361, ""15"": 0.008523248433524571, ""16"": 0.01117881691067565, ""17"": 0.013842455745269752, ""18"": 0.016052844636763194, ""19"": 0.01798391469370166, ""20"": 0.020441373467076203, ""21"": 0.024156558597802642, ""22"": 0.029143723845590698, ""23"": 0.03485357896139753, ""24"": 0.04081923660440641, ""25"": 0.045075388787555855, ""26"": 0.04764364394465146, ""27"": 0.04880613360914019, ""28"": 0.050621968835605956, ""29"": 0.054228822674594966, ""30"": 0.0581702763529345, ""31"": 0.055587630967104056, ""32"": 0.049661936593605696, ""33"": 0.043653181560279294, ""34"": 0.04003506294009132, ""35"": 0.038370455220648116, ""36"": 0.036697056136658426, ""37"": 0.03306044354085259, ""38"": 0.02697492335429192, ""39"": 0.020728912540915113, ""40"": 0.016152192883577526, ""41"": 0.013846386204827086, ""42"": 0.012244565637409803, ""43"": 0.010392619771715642, ""44"": 0.008771724825231635, ""45"": 0.007254436839175327, ""46"": 0.006018848250997567, ""47"": 0.005409819481413262, ""48"": 0.005600801295001062, ""49"": 0.005227741113729088, ""50"": 0.004282249902117315, ""51"": 0.0034458914752887432, ""52"": 0.0025906463736318297, ""53"": 0.0017383863756945542, ""54"": 0.0011492803256089586, ""55"": 0.0007669396101164861, ""56"": 0.0004484447542347856, ""57"": 0.00026182161312847434, ""58"": 0.0001715149591710356, ""59"": 0.00014731279800980594, ""60"": 0.00015232676754289737, ""61"": 0.00016729215609474746, ""62"": 0.0001347813406275369, ""63"": 8.331510755191987e-05, ""64"": 4.810807639054769e-05, ""65"": 2.8573803033061294e-05, ""66"": 2.5681155733622718e-05, ""67"": 2.816449815812198e-05, ""68"": 3.346761775246936e-05, ""69"": 3.840786729742727e-05, ""70"": 3.69963813725799e-05, ""71"": 2.6424696352085884e-05, ""72"": 1.7955630917416354e-05, ""73"": 1.2420059759187195e-05, ""74"": 8.136722817116778e-06, ""75"": 5.321621263657868e-06, ""76"": 3.5490810016023667e-06, ""77"": 2.1218618897177165e-06, ""78"": 8.992264562008105e-07, ""79"": 3.5659887404026477e-07, ""80"": 4.794043479051638e-07, ""81"": 2.5498637501601146e-06, ""82"": 5.904712781199649e-06, ""83"": 1.019269296458271e-05, ""84"": 8.565137676721721e-06, ""85"": 4.275947214881217e-06, ""86"": 1.8181240582427751e-06, ""87"": 3.7215059283574256e-07, ""88"": 8.12305476731778e-08, ""89"": 2.2039784831831877e-08, ""90"": 7.235608895354943e-10, ""91"": 1.1867435530114394e-10, ""92"": 3.2200981717884515e-11, ""93"": 2.132956457626752e-12, ""94"": 2.0526524967489424e-13, ""95"": 1.2817330012542262e-14, ""96"": 8.385537553997639e-16, ""97"": 2.485944550005e-311, ""98"": 2.64973268834e-312, ""99"": 2.4011706189e-313, ""100"": 1.8499257977e-314, ""101"": 1.211702286e-315, ""102"": 6.7475775e-317, ""103"": 3.194554e-318, ""104"": 1.2858e-319, ""105"": 4.4e-321, ""106"": 1.3e-322, ""107"": 5e-324}",29.8517,29.8517,30,30,0.0,1.0,1.0,0.9998,0.9996,0.9992,0.9988,0.9982,0.9974,0.9962,0.9946,0.9923,0.9893,0.9852,0.9798,0.9731,0.9646,0.9534,0.9396,0.9235,0.9055,2497aaec#phase10c,"stat_grid:component_convolution_mean_coherent_v1+components[pts:pmf_sim_v1+role_aware_pmf_cal_v1:starter+monotone_pit_cdf_v1,reb:pmf_sim_v1+role_aware_pmf_cal_v1:starter+monotone_pit_cdf_v1]+prior_combo[joint_sampler_v1+joint_combo_pmf_v1+role_aware_pmf_cal_v1:starter+monotone_pit_cdf_v1]+stat_grid_final_component_convolution_mean_coherent_v1",phase8_role_aware_pmf_cal_v1+monotone_inactive_global_v1,starter,projected_minutes,high,33.0744,36.1936,16.0432,36.1936,39.7743,9.7677,0.05,0.9451,0.7415,starter,True,current_market_line,True,bovada,bovada,player_pr_over_under,30.5,30.5,0.4516,-105.0,-125.0,0.4797,0.5203,0.5484,121.0,-121.0,-0.0281,-0.0281,0.0281,2026-05-23T16:10:08.926317Z,full,provisional,"injury_very_stale,lineup_unconfirmed",unknown,projected,derived_from_projected_minutes,ok,finals_pending,current_phase8,ok,0.0,projected,not_available_yet,bdl_lineup_freshness_manifest,bdl_injuries_only,2026-05-23T16:10:27Z
morning,2026-05-23T16:11:19Z,2026-05-23,21713899,73,Jalen Brunson,NYK,CLE,False,pr,"{""0"": 5.007420083085538e-06, ""1"": 3.857525663381987e-05, ""2"": 0.00012175301542970683, ""3"": 0.00025775978718124167, ""4"": 0.0003795724882539888, ""5"": 0.000443490376267847, ""6"": 0.0005622130668003218, ""7"": 0.0008179102253229958, ""8"": 0.0011809820630235483, ""9"": 0.0016406844449227671, ""10"": 0.0022137645486047823, ""11"": 0.003051711846018265, ""12"": 0.00410988887058877, ""13"": 0.005412128448634557, ""14"": 0.006642782245623361, ""15"": 0.008523248433524571, ""16"": 0.01117881691067565, ""17"": 0.013842455745269752, ""18"": 0.016052844636763194, ""19"": 0.01798391469370166, ""20"": 0.020441373467076203, ""21"": 0.024156558597802642, ""22"": 0.029143723845590698, ""23"": 0.03485357896139753, ""24"": 0.04081923660440641, ""25"": 0.045075388787555855, ""26"": 0.04764364394465146, ""27"": 0.04880613360914019, ""28"": 0.050621968835605956, ""29"": 0.054228822674594966, ""30"": 0.0581702763529345, ""31"": 0.055587630967104056, ""32"": 0.049661936593605696, ""33"": 0.043653181560279294, ""34"": 0.04003506294009132, ""35"": 0.038370455220648116, ""36"": 0.036697056136658426, ""37"": 0.03306044354085259, ""38"": 0.02697492335429192, ""39"": 0.020728912540915113, ""40"": 0.016152192883577526, ""41"": 0.013846386204827086, ""42"": 0.012244565637409803, ""43"": 0.010392619771715642, ""44"": 0.008771724825231635, ""45"": 0.007254436839175327, ""46"": 0.006018848250997567, ""47"": 0.005409819481413262, ""48"": 0.005600801295001062, ""49"": 0.005227741113729088, ""50"": 0.004282249902117315, ""51"": 0.0034458914752887432, ""52"": 0.0025906463736318297, ""53"": 0.0017383863756945542, ""54"": 0.0011492803256089586, ""55"": 0.0007669396101164861, ""56"": 0.0004484447542347856, ""57"": 0.00026182161312847434, ""58"": 0.0001715149591710356, ""59"": 0.00014731279800980594, ""60"": 0.00015232676754289737, ""61"": 0.00016729215609474746, ""62"": 0.0001347813406275369, ""63"": 8.331510755191987e-05, ""64"": 4.810807639054769e-05, ""65"": 2.8573803033061294e-05, ""66"": 2.5681155733622718e-05, ""67"": 2.816449815812198e-05, ""68"": 3.346761775246936e-05, ""69"": 3.840786729742727e-05, ""70"": 3.69963813725799e-05, ""71"": 2.6424696352085884e-05, ""72"": 1.7955630917416354e-05, ""73"": 1.2420059759187195e-05, ""74"": 8.136722817116778e-06, ""75"": 5.321621263657868e-06, ""76"": 3.5490810016023667e-06, ""77"": 2.1218618897177165e-06, ""78"": 8.992264562008105e-07, ""79"": 3.5659887404026477e-07, ""80"": 4.794043479051638e-07, ""81"": 2.5498637501601146e-06, ""82"": 5.904712781199649e-06, ""83"": 1.019269296458271e-05, ""84"": 8.565137676721721e-06, ""85"": 4.275947214881217e-06, ""86"": 1.8181240582427751e-06, ""87"": 3.7215059283574256e-07, ""88"": 8.12305476731778e-08, ""89"": 2.2039784831831877e-08, ""90"": 7.235608895354943e-10, ""91"": 1.1867435530114394e-10, ""92"": 3.2200981717884515e-11, ""93"": 2.132956457626752e-12, ""94"": 2.0526524967489424e-13, ""95"": 1.2817330012542262e-14, ""96"": 8.385537553997639e-16, ""97"": 2.485944550005e-311, ""98"": 2.64973268834e-312, ""99"": 2.4011706189e-313, ""100"": 1.8499257977e-314, ""101"": 1.211702286e-315, ""102"": 6.7475775e-317, ""103"": 3.194554e-318, ""104"": 1.2858e-319, ""105"": 4.4e-321, ""106"": 1.3e-322, ""107"": 5e-324}",29.8517,29.8517,30,30,0.0,1.0,1.0,0.9998,0.9996,0.9992,0.9988,0.9982,0.9974,0.9962,0.9946,0.9923,0.9893,0.9852,0.9798,0.9731,0.9646,0.9534,0.9396,0.9235,0.9055,2497aaec#phase10c,"stat_grid:component_convolution_mean_coherent_v1+components[pts:pmf_sim_v1+role_aware_pmf_cal_v1:starter+monotone_pit_cdf_v1,reb:pmf_sim_v1+role_aware_pmf_cal_v1:starter+monotone_pit_cdf_v1]+prior_combo[joint_sampler_v1+joint_combo_pmf_v1+role_aware_pmf_cal_v1:starter+monotone_pit_cdf_v1]+stat_grid_final_component_convolution_mean_coherent_v1",phase8_role_aware_pmf_cal_v1+monotone_inactive_global_v1,starter,projected_minutes,high,33.0744,36.1936,16.0432,36.1936,39.7743,9.7677,0.05,0.9451,0.7415,starter,True,current_market_line,True,betmgm,betmgm,player_pr_over_under,30.5,30.5,0.4516,-105.0,-125.0,0.4797,0.5203,0.5484,121.0,-121.0,-0.0281,-0.0281,0.0281,2026-05-23T16:10:08.926317Z,full,provisional,"injury_very_stale,lineup_unconfirmed",unknown,projected,derived_from_projected_minutes,ok,finals_pending,current_phase8,ok,0.0,projected,not_available_yet,bdl_lineup_freshness_manifest,bdl_injuries_only,2026-05-23T16:10:27Z
morning,2026-05-23T16:11:19Z,2026-05-23,21713899,73,Jalen Brunson,NYK,CLE,False,pr,"{""0"": 5.007420083085538e-06, ""1"": 3.857525663381987e-05, ""2"": 0.00012175301542970683, ""3"": 0.00025775978718124167, ""4"": 0.0003795724882539888, ""5"": 0.000443490376267847, ""6"": 0.0005622130668003218, ""7"": 0.0008179102253229958, ""8"": 0.0011809820630235483, ""9"": 0.0016406844449227671, ""10"": 0.0022137645486047823, ""11"": 0.003051711846018265, ""12"": 0.00410988887058877, ""13"": 0.005412128448634557, ""14"": 0.006642782245623361, ""15"": 0.008523248433524571, ""16"": 0.01117881691067565, ""17"": 0.013842455745269752, ""18"": 0.016052844636763194, ""19"": 0.01798391469370166, ""20"": 0.020441373467076203, ""21"": 0.024156558597802642, ""22"": 0.029143723845590698, ""23"": 0.03485357896139753, ""24"": 0.04081923660440641, ""25"": 0.045075388787555855, ""26"": 0.04764364394465146, ""27"": 0.04880613360914019, ""28"": 0.050621968835605956, ""29"": 0.054228822674594966, ""30"": 0.0581702763529345, ""31"": 0.055587630967104056, ""32"": 0.049661936593605696, ""33"": 0.043653181560279294, ""34"": 0.04003506294009132, ""35"": 0.038370455220648116, ""36"": 0.036697056136658426, ""37"": 0.03306044354085259, ""38"": 0.02697492335429192, ""39"": 0.020728912540915113, ""40"": 0.016152192883577526, ""41"": 0.013846386204827086, ""42"": 0.012244565637409803, ""43"": 0.010392619771715642, ""44"": 0.008771724825231635, ""45"": 0.007254436839175327, ""46"": 0.006018848250997567, ""47"": 0.005409819481413262, ""48"": 0.005600801295001062, ""49"": 0.005227741113729088, ""50"": 0.004282249902117315, ""51"": 0.0034458914752887432, ""52"": 0.0025906463736318297, ""53"": 0.0017383863756945542, ""54"": 0.0011492803256089586, ""55"": 0.0007669396101164861, ""56"": 0.0004484447542347856, ""57"": 0.00026182161312847434, ""58"": 0.0001715149591710356, ""59"": 0.00014731279800980594, ""60"": 0.00015232676754289737, ""61"": 0.00016729215609474746, ""62"": 0.0001347813406275369, ""63"": 8.331510755191987e-05, ""64"": 4.810807639054769e-05, ""65"": 2.8573803033061294e-05, ""66"": 2.5681155733622718e-05, ""67"": 2.816449815812198e-05, ""68"": 3.346761775246936e-05, ""69"": 3.840786729742727e-05, ""70"": 3.69963813725799e-05, ""71"": 2.6424696352085884e-05, ""72"": 1.7955630917416354e-05, ""73"": 1.2420059759187195e-05, ""74"": 8.136722817116778e-06, ""75"": 5.321621263657868e-06, ""76"": 3.5490810016023667e-06, ""77"": 2.1218618897177165e-06, ""78"": 8.992264562008105e-07, ""79"": 3.5659887404026477e-07, ""80"": 4.794043479051638e-07, ""81"": 2.5498637501601146e-06, ""82"": 5.904712781199649e-06, ""83"": 1.019269296458271e-05, ""84"": 8.565137676721721e-06, ""85"": 4.275947214881217e-06, ""86"": 1.8181240582427751e-06, ""87"": 3.7215059283574256e-07, ""88"": 8.12305476731778e-08, ""89"": 2.2039784831831877e-08, ""90"": 7.235608895354943e-10, ""91"": 1.1867435530114394e-10, ""92"": 3.2200981717884515e-11, ""93"": 2.132956457626752e-12, ""94"": 2.0526524967489424e-13, ""95"": 1.2817330012542262e-14, ""96"": 8.385537553997639e-16, ""97"": 2.485944550005e-311, ""98"": 2.64973268834e-312, ""99"": 2.4011706189e-313, ""100"": 1.8499257977e-314, ""101"": 1.211702286e-315, ""102"": 6.7475775e-317, ""103"": 3.194554e-318, ""104"": 1.2858e-319, ""105"": 4.4e-321, ""106"": 1.3e-322, ""107"": 5e-324}",29.8517,29.8517,30,30,0.0,1.0,1.0,0.9998,0.9996,0.9992,0.9988,0.9982,0.9974,0.9962,0.9946,0.9923,0.9893,0.9852,0.9798,0.9731,0.9646,0.9534,0.9396,0.9235,0.9055,2497aaec#phase10c,"stat_grid:component_convolution_mean_coherent_v1+components[pts:pmf_sim_v1+role_aware_pmf_cal_v1:starter+monotone_pit_cdf_v1,reb:pmf_sim_v1+role_aware_pmf_cal_v1:starter+monotone_pit_cdf_v1]+prior_combo[joint_sampler_v1+joint_combo_pmf_v1+role_aware_pmf_cal_v1:starter+monotone_pit_cdf_v1]+stat_grid_final_component_convolution_mean_coherent_v1",phase8_role_aware_pmf_cal_v1+monotone_inactive_global_v1,starter,projected_minutes,high,33.0744,36.1936,16.0432,36.1936,39.7743,9.7677,0.05,0.9451,0.7415,starter,True,current_market_line,True,fanduel,fanduel,player_pr_over_under,29.5,29.5,0.5098,-118.0,-112.0,0.5061,0.4939,0.4902,-104.0,104.0,0.0037,0.0037,-0.0037,2026-05-23T16:10:08.926317Z,full,provisional,"injury_very_stale,lineup_unconfirmed",unknown,projected,derived_from_projected_minutes,ok,finals_pending,current_phase8,ok,0.0,projected,not_available_yet,bdl_lineup_freshness_manifest,bdl_injuries_only,2026-05-23T16:10:27Z
morning,2026-05-23T16:11:19Z,2026-05-23,21713899,73,Jalen Brunson,NYK,CLE,False,pr,"{""0"": 5.007420083085538e-06, ""1"": 3.857525663381987e-05, ""2"": 0.00012175301542970683, ""3"": 0.00025775978718124167, ""4"": 0.0003795724882539888, ""5"": 0.000443490376267847, ""6"": 0.0005622130668003218, ""7"": 0.0008179102253229958, ""8"": 0.0011809820630235483, ""9"": 0.0016406844449227671, ""10"": 0.0022137645486047823, ""11"": 0.003051711846018265, ""12"": 0.00410988887058877, ""13"": 0.005412128448634557, ""14"": 0.006642782245623361, ""15"": 0.008523248433524571, ""16"": 0.01117881691067565, ""17"": 0.013842455745269752, ""18"": 0.016052844636763194, ""19"": 0.01798391469370166, ""20"": 0.020441373467076203, ""21"": 0.024156558597802642, ""22"": 0.029143723845590698, ""23"": 0.03485357896139753, ""24"": 0.04081923660440641, ""25"": 0.045075388787555855, ""26"": 0.04764364394465146, ""27"": 0.04880613360914019, ""28"": 0.050621968835605956, ""29"": 0.054228822674594966, ""30"": 0.0581702763529345, ""31"": 0.055587630967104056, ""32"": 0.049661936593605696, ""33"": 0.043653181560279294, ""34"": 0.04003506294009132, ""35"": 0.038370455220648116, ""36"": 0.036697056136658426, ""37"": 0.03306044354085259, ""38"": 0.02697492335429192, ""39"": 0.020728912540915113, ""40"": 0.016152192883577526, ""41"": 0.013846386204827086, ""42"": 0.012244565637409803, ""43"": 0.010392619771715642, ""44"": 0.008771724825231635, ""45"": 0.007254436839175327, ""46"": 0.006018848250997567, ""47"": 0.005409819481413262, ""48"": 0.005600801295001062, ""49"": 0.005227741113729088, ""50"": 0.004282249902117315, ""51"": 0.0034458914752887432, ""52"": 0.0025906463736318297, ""53"": 0.0017383863756945542, ""54"": 0.0011492803256089586, ""55"": 0.0007669396101164861, ""56"": 0.0004484447542347856, ""57"": 0.00026182161312847434, ""58"": 0.0001715149591710356, ""59"": 0.00014731279800980594, ""60"": 0.00015232676754289737, ""61"": 0.00016729215609474746, ""62"": 0.0001347813406275369, ""63"": 8.331510755191987e-05, ""64"": 4.810807639054769e-05, ""65"": 2.8573803033061294e-05, ""66"": 2.5681155733622718e-05, ""67"": 2.816449815812198e-05, ""68"": 3.346761775246936e-05, ""69"": 3.840786729742727e-05, ""70"": 3.69963813725799e-05, ""71"": 2.6424696352085884e-05, ""72"": 1.7955630917416354e-05, ""73"": 1.2420059759187195e-05, ""74"": 8.136722817116778e-06, ""75"": 5.321621263657868e-06, ""76"": 3.5490810016023667e-06, ""77"": 2.1218618897177165e-06, ""78"": 8.992264562008105e-07, ""79"": 3.5659887404026477e-07, ""80"": 4.794043479051638e-07, ""81"": 2.5498637501601146e-06, ""82"": 5.904712781199649e-06, ""83"": 1.019269296458271e-05, ""84"": 8.565137676721721e-06, ""85"": 4.275947214881217e-06, ""86"": 1.8181240582427751e-06, ""87"": 3.7215059283574256e-07, ""88"": 8.12305476731778e-08, ""89"": 2.2039784831831877e-08, ""90"": 7.235608895354943e-10, ""91"": 1.1867435530114394e-10, ""92"": 3.2200981717884515e-11, ""93"": 2.132956457626752e-12, ""94"": 2.0526524967489424e-13, ""95"": 1.2817330012542262e-14, ""96"": 8.385537553997639e-16, ""97"": 2.485944550005e-311, ""98"": 2.64973268834e-312, ""99"": 2.4011706189e-313, ""100"": 1.8499257977e-314, ""101"": 1.211702286e-315, ""102"": 6.7475775e-317, ""103"": 3.194554e-318, ""104"": 1.2858e-319, ""105"": 4.4e-321, ""106"": 1.3e-322, ""107"": 5e-324}",29.8517,29.8517,30,30,0.0,1.0,1.0,0.9998,0.9996,0.9992,0.9988,0.9982,0.9974,0.9962,0.9946,0.9923,0.9893,0.9852,0.9798,0.9731,0.9646,0.9534,0.9396,0.9235,0.9055,2497aaec#phase10c,"stat_grid:component_convolution_mean_coherent_v1+components[pts:pmf_sim_v1+role_aware_pmf_cal_v1:starter+monotone_pit_cdf_v1,reb:pmf_sim_v1+role_aware_pmf_cal_v1:starter+monotone_pit_cdf_v1]+prior_combo[joint_sampler_v1+joint_combo_pmf_v1+role_aware_pmf_cal_v1:starter+monotone_pit_cdf_v1]+stat_grid_final_component_convolution_mean_coherent_v1",phase8_role_aware_pmf_cal_v1+monotone_inactive_global_v1,starter,projected_minutes,high,33.0744,36.1936,16.0432,36.1936,39.7743,9.7677,0.05,0.9451,0.7415,starter,True,current_market_line,True,fanduel,fanduel,player_pr_over_under,21.5,21.5,0.8609,-750.0,430.0,0.8238,0.1762,0.1391,-619.0,619.0,0.0371,0.0371,-0.0371,2026-05-23T16:10:08.926317Z,full,provisional,"injury_very_stale,lineup_unconfirmed",unknown,projected,derived_from_projected_minutes,ok,finals_pending,current_phase8,ok,0.0,projected,not_available_yet,bdl_lineup_freshness_manifest,bdl_injuries_only,2026-05-23T16:10:27Z
morning,2026-05-23T16:11:19Z,2026-05-23,21713899,73,Jalen Brunson,NYK,CLE,False,pr,"{""0"": 5.007420083085538e-06, ""1"": 3.857525663381987e-05, ""2"": 0.00012175301542970683, ""3"": 0.00025775978718124167, ""4"": 0.0003795724882539888, ""5"": 0.000443490376267847, ""6"": 0.0005622130668003218, ""7"": 0.0008179102253229958, ""8"": 0.0011809820630235483, ""9"": 0.0016406844449227671, ""10"": 0.0022137645486047823, ""11"": 0.003051711846018265, ""12"": 0.00410988887058877, ""13"": 0.005412128448634557, ""14"": 0.006642782245623361, ""15"": 0.008523248433524571, ""16"": 0.01117881691067565, ""17"": 0.013842455745269752, ""18"": 0.016052844636763194, ""19"": 0.01798391469370166, ""20"": 0.020441373467076203, ""21"": 0.024156558597802642, ""22"": 0.029143723845590698, ""23"": 0.03485357896139753, ""24"": 0.04081923660440641, ""25"": 0.045075388787555855, ""26"": 0.04764364394465146, ""27"": 0.04880613360914019, ""28"": 0.050621968835605956, ""29"": 0.054228822674594966, ""30"": 0.0581702763529345, ""31"": 0.055587630967104056, ""32"": 0.049661936593605696, ""33"": 0.043653181560279294, ""34"": 0.04003506294009132, ""35"": 0.038370455220648116, ""36"": 0.036697056136658426, ""37"": 0.03306044354085259, ""38"": 0.02697492335429192, ""39"": 0.020728912540915113, ""40"": 0.016152192883577526, ""41"": 0.013846386204827086, ""42"": 0.012244565637409803, ""43"": 0.010392619771715642, ""44"": 0.008771724825231635, ""45"": 0.007254436839175327, ""46"": 0.006018848250997567, ""47"": 0.005409819481413262, ""48"": 0.005600801295001062, ""49"": 0.005227741113729088, ""50"": 0.004282249902117315, ""51"": 0.0034458914752887432, ""52"": 0.0025906463736318297, ""53"": 0.0017383863756945542, ""54"": 0.0011492803256089586, ""55"": 0.0007669396101164861, ""56"": 0.0004484447542347856, ""57"": 0.00026182161312847434, ""58"": 0.0001715149591710356, ""59"": 0.00014731279800980594, ""60"": 0.00015232676754289737, ""61"": 0.00016729215609474746, ""62"": 0.0001347813406275369, ""63"": 8.331510755191987e-05, ""64"": 4.810807639054769e-05, ""65"": 2.8573803033061294e-05, ""66"": 2.5681155733622718e-05, ""67"": 2.816449815812198e-05, ""68"": 3.346761775246936e-05, ""69"": 3.840786729742727e-05, ""70"": 3.69963813725799e-05, ""71"": 2.6424696352085884e-05, ""72"": 1.7955630917416354e-05, ""73"": 1.2420059759187195e-05, ""74"": 8.136722817116778e-06, ""75"": 5.321621263657868e-06, ""76"": 3.5490810016023667e-06, ""77"": 2.1218618897177165e-06, ""78"": 8.992264562008105e-07, ""79"": 3.5659887404026477e-07, ""80"": 4.794043479051638e-07, ""81"": 2.5498637501601146e-06, ""82"": 5.904712781199649e-06, ""83"": 1.019269296458271e-05, ""84"": 8.565137676721721e-06, ""85"": 4.275947214881217e-06, ""86"": 1.8181240582427751e-06, ""87"": 3.7215059283574256e-07, ""88"": 8.12305476731778e-08, ""89"": 2.2039784831831877e-08, ""90"": 7.235608895354943e-10, ""91"": 1.1867435530114394e-10, ""92"": 3.2200981717884515e-11, ""93"": 2.132956457626752e-12, ""94"": 2.0526524967489424e-13, ""95"": 1.2817330012542262e-14, ""96"": 8.385537553997639e-16, ""97"": 2.485944550005e-311, ""98"": 2.64973268834e-312, ""99"": 2.4011706189e-313, ""100"": 1.8499257977e-314, ""101"": 1.211702286e-315, ""102"": 6.7475775e-317, ""103"": 3.194554e-318, ""104"": 1.2858e-319, ""105"": 4.4e-321, ""106"": 1.3e-322, ""107"": 5e-324}",29.8517,29.8517,30,30,0.0,1.0,1.0,0.9998,0.9996,0.9992,0.9988,0.9982,0.9974,0.9962,0.9946,0.9923,0.9893,0.9852,0.9798,0.9731,0.9646,0.9534,0.9396,0.9235,0.9055,2497aaec#phase10c,"stat_grid:component_convolution_mean_coherent_v1+components[pts:pmf_sim_v1+role_aware_pmf_cal_v1:starter+monotone_pit_cdf_v1,reb:pmf_sim_v1+role_aware_pmf_cal_v1:starter+monotone_pit_cdf_v1]+prior_combo[joint_sampler_v1+joint_combo_pmf_v1+role_aware_pmf_cal_v1:starter+monotone_pit_cdf_v1]+stat_grid_final_component_convolution_mean_coherent_v1",phase8_role_aware_pmf_cal_v1+monotone_inactive_global_v1,starter,projected_minutes,high,33.0744,36.1936,16.0432,36.1936,39.7743,9.7677,0.05,0.9451,0.7415,starter,True,current_market_line,True,fanduel,fanduel,player_pr_over_under,22.5,22.5,0.8318,-580.0,360.0,0.7969,0.2031,0.1682,-495.0,495.0,0.0349,0.0349,-0.0349,2026-05-23T16:10:08.926317Z,full,provisional,"injury_very_stale,lineup_unconfirmed",unknown,projected,derived_from_projected_minutes,ok,finals_pending,current_phase8,ok,0.0,projected,not_available_yet,bdl_lineup_freshness_manifest,bdl_injuries_only,2026-05-23T16:10:27Z
morning,2026-05-23T16:11:19Z,2026-05-23,21713899,73,Jalen Brunson,NYK,CLE,False,pr,"{""0"": 5.007420083085538e-06, ""1"": 3.857525663381987e-05, ""2"": 0.00012175301542970683, ""3"": 0.00025775978718124167, ""4"": 0.0003795724882539888, ""5"": 0.000443490376267847, ""6"": 0.0005622130668003218, ""7"": 0.0008179102253229958, ""8"": 0.0011809820630235483, ""9"": 0.0016406844449227671, ""10"": 0.0022137645486047823, ""11"": 0.003051711846018265, ""12"": 0.00410988887058877, ""13"": 0.005412128448634557, ""14"": 0.006642782245623361, ""15"": 0.008523248433524571, ""16"": 0.01117881691067565, ""17"": 0.013842455745269752, ""18"": 0.016052844636763194, ""19"": 0.01798391469370166, ""20"": 0.020441373467076203, ""21"": 0.024156558597802642, ""22"": 0.029143723845590698, ""23"": 0.03485357896139753, ""24"": 0.04081923660440641, ""25"": 0.045075388787555855, ""26"": 0.04764364394465146, ""27"": 0.04880613360914019, ""28"": 0.050621968835605956, ""29"": 0.054228822674594966, ""30"": 0.0581702763529345, ""31"": 0.055587630967104056, ""32"": 0.049661936593605696, ""33"": 0.043653181560279294, ""34"": 0.04003506294009132, ""35"": 0.038370455220648116, ""36"": 0.036697056136658426, ""37"": 0.03306044354085259, ""38"": 0.02697492335429192, ""39"": 0.020728912540915113, ""40"": 0.016152192883577526, ""41"": 0.013846386204827086, ""42"": 0.012244565637409803, ""43"": 0.010392619771715642, ""44"": 0.008771724825231635, ""45"": 0.007254436839175327, ""46"": 0.006018848250997567, ""47"": 0.005409819481413262, ""48"": 0.005600801295001062, ""49"": 0.005227741113729088, ""50"": 0.004282249902117315, ""51"": 0.0034458914752887432, ""52"": 0.0025906463736318297, ""53"": 0.0017383863756945542, ""54"": 0.0011492803256089586, ""55"": 0.0007669396101164861, ""56"": 0.0004484447542347856, ""57"": 0.00026182161312847434, ""58"": 0.0001715149591710356, ""59"": 0.00014731279800980594, ""60"": 0.00015232676754289737, ""61"": 0.00016729215609474746, ""62"": 0.0001347813406275369, ""63"": 8.331510755191987e-05, ""64"": 4.810807639054769e-05, ""65"": 2.8573803033061294e-05, ""66"": 2.5681155733622718e-05, ""67"": 2.816449815812198e-05, ""68"": 3.346761775246936e-05, ""69"": 3.840786729742727e-05, ""70"": 3.69963813725799e-05, ""71"": 2.6424696352085884e-05, ""72"": 1.7955630917416354e-05, ""73"": 1.2420059759187195e-05, ""74"": 8.136722817116778e-06, ""75"": 5.321621263657868e-06, ""76"": 3.5490810016023667e-06, ""77"": 2.1218618897177165e-06, ""78"": 8.992264562008105e-07, ""79"": 3.5659887404026477e-07, ""80"": 4.794043479051638e-07, ""81"": 2.5498637501601146e-06, ""82"": 5.904712781199649e-06, ""83"": 1.019269296458271e-05, ""84"": 8.565137676721721e-06, ""85"": 4.275947214881217e-06, ""86"": 1.8181240582427751e-06, ""87"": 3.7215059283574256e-07, ""88"": 8.12305476731778e-08, ""89"": 2.2039784831831877e-08, ""90"": 7.235608895354943e-10, ""91"": 1.1867435530114394e-10, ""92"": 3.2200981717884515e-11, ""93"": 2.132956457626752e-12, ""94"": 2.0526524967489424e-13, ""95"": 1.2817330012542262e-14, ""96"": 8.385537553997639e-16, ""97"": 2.485944550005e-311, ""98"": 2.64973268834e-312, ""99"": 2.4011706189e-313, ""100"": 1.8499257977e-314, ""101"": 1.211702286e-315, ""102"": 6.7475775e-317, ""103"": 3.194554e-318, ""104"": 1.2858e-319, ""105"": 4.4e-321, ""106"": 1.3e-322, ""107"": 5e-324}",29.8517,29.8517,30,30,0.0,1.0,1.0,0.9998,0.9996,0.9992,0.9988,0.9982,0.9974,0.9962,0.9946,0.9923,0.9893,0.9852,0.9798,0.9731,0.9646,0.9534,0.9396,0.9235,0.9055,2497aaec#phase10c,"stat_grid:component_convolution_mean_coherent_v1+components[pts:pmf_sim_v1+role_aware_pmf_cal_v1:starter+monotone_pit_cdf_v1,reb:pmf_sim_v1+role_aware_pmf_cal_v1:starter+monotone_pit_cdf_v1]+prior_combo[joint_sampler_v1+joint_combo_pmf_v1+role_aware_pmf_cal_v1:starter+monotone_pit_cdf_v1]+stat_grid_final_component_convolution_mean_coherent_v1",phase8_role_aware_pmf_cal_v1+monotone_inactive_global_v1,starter,projected_minutes,high,33.0744,36.1936,16.0432,36.1936,39.7743,9.7677,0.05,0.9451,0.7415,starter,True,current_market_line,True,fanduel,fanduel,player_pr_over_under,23.5,23.5,0.7969,-440.0,290.0,0.7606,0.2394,0.2031,-392.0,392.0,0.0363,0.0363,-0.0363,2026-05-23T16:10:08.926317Z,full,provisional,"injury_very_stale,lineup_unconfirmed",unknown,projected,derived_from_projected_minutes,ok,finals_pending,current_phase8,ok,0.0,projected,not_available_yet,bdl_lineup_freshness_manifest,bdl_injuries_only,2026-05-23T16:10:27Z
morning,2026-05-23T16:11:19Z,2026-05-23,21713899,73,Jalen Brunson,NYK,CLE,False,pr,"{""0"": 5.007420083085538e-06, ""1"": 3.857525663381987e-05, ""2"": 0.00012175301542970683, ""3"": 0.00025775978718124167, ""4"": 0.0003795724882539888, ""5"": 0.000443490376267847, ""6"": 0.0005622130668003218, ""7"": 0.0008179102253229958, ""8"": 0.0011809820630235483, ""9"": 0.0016406844449227671, ""10"": 0.0022137645486047823, ""11"": 0.003051711846018265, ""12"": 0.00410988887058877, ""13"": 0.005412128448634557, ""14"": 0.006642782245623361, ""15"": 0.008523248433524571, ""16"": 0.01117881691067565, ""17"": 0.013842455745269752, ""18"": 0.016052844636763194, ""19"": 0.01798391469370166, ""20"": 0.020441373467076203, ""21"": 0.024156558597802642, ""22"": 0.029143723845590698, ""23"": 0.03485357896139753, ""24"": 0.04081923660440641, ""25"": 0.045075388787555855, ""26"": 0.04764364394465146, ""27"": 0.04880613360914019, ""28"": 0.050621968835605956, ""29"": 0.054228822674594966, ""30"": 0.0581702763529345, ""31"": 0.055587630967104056, ""32"": 0.049661936593605696, ""33"": 0.043653181560279294, ""34"": 0.04003506294009132, ""35"": 0.038370455220648116, ""36"": 0.036697056136658426, ""37"": 0.03306044354085259, ""38"": 0.02697492335429192, ""39"": 0.020728912540915113, ""40"": 0.016152192883577526, ""41"": 0.013846386204827086, ""42"": 0.012244565637409803, ""43"": 0.010392619771715642, ""44"": 0.008771724825231635, ""45"": 0.007254436839175327, ""46"": 0.006018848250997567, ""47"": 0.005409819481413262, ""48"": 0.005600801295001062, ""49"": 0.005227741113729088, ""50"": 0.004282249902117315, ""51"": 0.0034458914752887432, ""52"": 0.0025906463736318297, ""53"": 0.0017383863756945542, ""54"": 0.0011492803256089586, ""55"": 0.0007669396101164861, ""56"": 0.0004484447542347856, ""57"": 0.00026182161312847434, ""58"": 0.0001715149591710356, ""59"": 0.00014731279800980594, ""60"": 0.00015232676754289737, ""61"": 0.00016729215609474746, ""62"": 0.0001347813406275369, ""63"": 8.331510755191987e-05, ""64"": 4.810807639054769e-05, ""65"": 2.8573803033061294e-05, ""66"": 2.5681155733622718e-05, ""67"": 2.816449815812198e-05, ""68"": 3.346761775246936e-05, ""69"": 3.840786729742727e-05, ""70"": 3.69963813725799e-05, ""71"": 2.6424696352085884e-05, ""72"": 1.7955630917416354e-05, ""73"": 1.2420059759187195e-05, ""74"": 8.136722817116778e-06, ""75"": 5.321621263657868e-06, ""76"": 3.5490810016023667e-06, ""77"": 2.1218618897177165e-06, ""78"": 8.992264562008105e-07, ""79"": 3.5659887404026477e-07, ""80"": 4.794043479051638e-07, ""81"": 2.5498637501601146e-06, ""82"": 5.904712781199649e-06, ""83"": 1.019269296458271e-05, ""84"": 8.565137676721721e-06, ""85"": 4.275947214881217e-06, ""86"": 1.8181240582427751e-06, ""87"": 3.7215059283574256e-07, ""88"": 8.12305476731778e-08, ""89"": 2.2039784831831877e-08, ""90"": 7.235608895354943e-10, ""91"": 1.1867435530114394e-10, ""92"": 3.2200981717884515e-11, ""93"": 2.132956457626752e-12, ""94"": 2.0526524967489424e-13, ""95"": 1.2817330012542262e-14, ""96"": 8.385537553997639e-16, ""97"": 2.485944550005e-311, ""98"": 2.64973268834e-312, ""99"": 2.4011706189e-313, ""100"": 1.8499257977e-314, ""101"": 1.211702286e-315, ""102"": 6.7475775e-317, ""103"": 3.194554e-318, ""104"": 1.2858e-319, ""105"": 4.4e-321, ""106"": 1.3e-322, ""107"": 5e-324}",29.8517,29.8517,30,30,0.0,1.0,1.0,0.9998,0.9996,0.9992,0.9988,0.9982,0.9974,0.9962,0.9946,0.9923,0.9893,0.9852,0.9798,0.9731,0.9646,0.9534,0.9396,0.9235,0.9055,2497aaec#phase10c,"stat_grid:component_convolution_mean_coherent_v1+components[pts:pmf_sim_v1+role_aware_pmf_cal_v1:starter+monotone_pit_cdf_v1,reb:pmf_sim_v1+role_aware_pmf_cal_v1:starter+monotone_pit_cdf_v1]+prior_combo[joint_sampler_v1+joint_combo_pmf_v1+role_aware_pmf_cal_v1:starter+monotone_pit_cdf_v1]+stat_grid_final_component_convolution_mean_coherent_v1",phase8_role_aware_pmf_cal_v1+monotone_inactive_global_v1,starter,projected_minutes,high,33.0744,36.1936,16.0432,36.1936,39.7743,9.7677,0.05,0.9451,0.7415,starter,True,current_market_line,True,fanduel,fanduel,player_pr_over_under,24.5,24.5,0.7561,-340.0,235.0,0.7213,0.2787,0.2439,-310.0,310.0,0.0348,0.0348,-0.0348,2026-05-23T16:10:08.926317Z,full,provisional,"injury_very_stale,lineup_unconfirmed",unknown,projected,derived_from_projected_minutes,ok,finals_pending,current_phase8,ok,0.0,projected,not_available_yet,bdl_lineup_freshness_manifest,bdl_injuries_only,2026-05-23T16:10:27Z
morning,2026-05-23T16:11:19Z,2026-05-23,21713899,73,Jalen Brunson,NYK,CLE,False,pr,"{""0"": 5.007420083085538e-06, ""1"": 3.857525663381987e-05, ""2"": 0.00012175301542970683, ""3"": 0.00025775978718124167, ""4"": 0.0003795724882539888, ""5"": 0.000443490376267847, ""6"": 0.0005622130668003218, ""7"": 0.0008179102253229958, ""8"": 0.0011809820630235483, ""9"": 0.0016406844449227671, ""10"": 0.0022137645486047823, ""11"": 0.003051711846018265, ""12"": 0.00410988887058877, ""13"": 0.005412128448634557, ""14"": 0.006642782245623361, ""15"": 0.008523248433524571, ""16"": 0.01117881691067565, ""17"": 0.013842455745269752, ""18"": 0.016052844636763194, ""19"": 0.01798391469370166, ""20"": 0.020441373467076203, ""21"": 0.024156558597802642, ""22"": 0.029143723845590698, ""23"": 0.03485357896139753, ""24"": 0.04081923660440641, ""25"": 0.045075388787555855, ""26"": 0.04764364394465146, ""27"": 0.04880613360914019, ""28"": 0.050621968835605956, ""29"": 0.054228822674594966, ""30"": 0.0581702763529345, ""31"": 0.055587630967104056, ""32"": 0.049661936593605696, ""33"": 0.043653181560279294, ""34"": 0.04003506294009132, ""35"": 0.038370455220648116, ""36"": 0.036697056136658426, ""37"": 0.03306044354085259, ""38"": 0.02697492335429192, ""39"": 0.020728912540915113, ""40"": 0.016152192883577526, ""41"": 0.013846386204827086, ""42"": 0.012244565637409803, ""43"": 0.010392619771715642, ""44"": 0.008771724825231635, ""45"": 0.007254436839175327, ""46"": 0.006018848250997567, ""47"": 0.005409819481413262, ""48"": 0.005600801295001062, ""49"": 0.005227741113729088, ""50"": 0.004282249902117315, ""51"": 0.0034458914752887432, ""52"": 0.0025906463736318297, ""53"": 0.0017383863756945542, ""54"": 0.0011492803256089586, ""55"": 0.0007669396101164861, ""56"": 0.0004484447542347856, ""57"": 0.00026182161312847434, ""58"": 0.0001715149591710356, ""59"": 0.00014731279800980594, ""60"": 0.00015232676754289737, ""61"": 0.00016729215609474746, ""62"": 0.0001347813406275369, ""63"": 8.331510755191987e-05, ""64"": 4.810807639054769e-05, ""65"": 2.8573803033061294e-05, ""66"": 2.5681155733622718e-05, ""67"": 2.816449815812198e-05, ""68"": 3.346761775246936e-05, ""69"": 3.840786729742727e-05, ""70"": 3.69963813725799e-05, ""71"": 2.6424696352085884e-05, ""72"": 1.7955630917416354e-05, ""73"": 1.2420059759187195e-05, ""74"": 8.136722817116778e-06, ""75"": 5.321621263657868e-06, ""76"": 3.5490810016023667e-06, ""77"": 2.1218618897177165e-06, ""78"": 8.992264562008105e-07, ""79"": 3.5659887404026477e-07, ""80"": 4.794043479051638e-07, ""81"": 2.5498637501601146e-06, ""82"": 5.904712781199649e-06, ""83"": 1.019269296458271e-05, ""84"": 8.565137676721721e-06, ""85"": 4.275947214881217e-06, ""86"": 1.8181240582427751e-06, ""87"": 3.7215059283574256e-07, ""88"": 8.12305476731778e-08, ""89"": 2.2039784831831877e-08, ""90"": 7.235608895354943e-10, ""91"": 1.1867435530114394e-10, ""92"": 3.2200981717884515e-11, ""93"": 2.132956457626752e-12, ""94"": 2.0526524967489424e-13, ""95"": 1.2817330012542262e-14, ""96"": 8.385537553997639e-16, ""97"": 2.485944550005e-311, ""98"": 2.64973268834e-312, ""99"": 2.4011706189e-313, ""100"": 1.8499257977e-314, ""101"": 1.211702286e-315, ""102"": 6.7475775e-317, ""103"": 3.194554e-318, ""104"": 1.2858e-319, ""105"": 4.4e-321, ""106"": 1.3e-322, ""107"": 5e-324}",29.8517,29.8517,30,30,0.0,1.0,1.0,0.9998,0.9996,0.9992,0.9988,0.9982,0.9974,0.9962,0.9946,0.9923,0.9893,0.9852,0.9798,0.9731,0.9646,0.9534,0.9396,0.9235,0.9055,2497aaec#phase10c,"stat_grid:component_convolution_mean_coherent_v1+components[pts:pmf_sim_v1+role_aware_pmf_cal_v1:starter+monotone_pit_cdf_v1,reb:pmf_sim_v1+role_aware_pmf_cal_v1:starter+monotone_pit_cdf_v1]+prior_combo[joint_sampler_v1+joint_combo_pmf_v1+role_aware_pmf_cal_v1:starter+monotone_pit_cdf_v1]+stat_grid_final_component_convolution_mean_coherent_v1",phase8_role_aware_pmf_cal_v1+monotone_inactive_global_v1,starter,projected_minutes,high,33.0744,36.1936,16.0432,36.1936,39.7743,9.7677,0.05,0.9451,0.7415,starter,True,current_market_line,True,fanduel,fanduel,player_pr_over_under,25.5,25.5,0.7111,-275.0,198.0,0.6861,0.3139,0.2889,-246.0,246.0,0.025,0.025,-0.025,2026-05-23T16:10:08.926317Z,full,provisional,"injury_very_stale,lineup_unconfirmed",unknown,projected,derived_from_projected_minutes,ok,finals_pending,current_phase8,ok,0.0,projected,not_available_yet,bdl_lineup_freshness_manifest,bdl_injuries_only,2026-05-23T16:10:27Z
morning,2026-05-23T16:11:19Z,2026-05-23,21713899,73,Jalen Brunson,NYK,CLE,False,pr,"{""0"": 5.007420083085538e-06, ""1"": 3.857525663381987e-05, ""2"": 0.00012175301542970683, ""3"": 0.00025775978718124167, ""4"": 0.0003795724882539888, ""5"": 0.000443490376267847, ""6"": 0.0005622130668003218, ""7"": 0.0008179102253229958, ""8"": 0.0011809820630235483, ""9"": 0.0016406844449227671, ""10"": 0.0022137645486047823, ""11"": 0.003051711846018265, ""12"": 0.00410988887058877, ""13"": 0.005412128448634557, ""14"": 0.006642782245623361, ""15"": 0.008523248433524571, ""16"": 0.01117881691067565, ""17"": 0.013842455745269752, ""18"": 0.016052844636763194, ""19"": 0.01798391469370166, ""20"": 0.020441373467076203, ""21"": 0.024156558597802642, ""22"": 0.029143723845590698, ""23"": 0.03485357896139753, ""24"": 0.04081923660440641, ""25"": 0.045075388787555855, ""26"": 0.04764364394465146, ""27"": 0.04880613360914019, ""28"": 0.050621968835605956, ""29"": 0.054228822674594966, ""30"": 0.0581702763529345, ""31"": 0.055587630967104056, ""32"": 0.049661936593605696, ""33"": 0.043653181560279294, ""34"": 0.04003506294009132, ""35"": 0.038370455220648116, ""36"": 0.036697056136658426, ""37"": 0.03306044354085259, ""38"": 0.02697492335429192, ""39"": 0.020728912540915113, ""40"": 0.016152192883577526, ""41"": 0.013846386204827086, ""42"": 0.012244565637409803, ""43"": 0.010392619771715642, ""44"": 0.008771724825231635, ""45"": 0.007254436839175327, ""46"": 0.006018848250997567, ""47"": 0.005409819481413262, ""48"": 0.005600801295001062, ""49"": 0.005227741113729088, ""50"": 0.004282249902117315, ""51"": 0.0034458914752887432, ""52"": 0.0025906463736318297, ""53"": 0.0017383863756945542, ""54"": 0.0011492803256089586, ""55"": 0.0007669396101164861, ""56"": 0.0004484447542347856, ""57"": 0.00026182161312847434, ""58"": 0.0001715149591710356, ""59"": 0.00014731279800980594, ""60"": 0.00015232676754289737, ""61"": 0.00016729215609474746, ""62"": 0.0001347813406275369, ""63"": 8.331510755191987e-05, ""64"": 4.810807639054769e-05, ""65"": 2.8573803033061294e-05, ""66"": 2.5681155733622718e-05, ""67"": 2.816449815812198e-05, ""68"": 3.346761775246936e-05, ""69"": 3.840786729742727e-05, ""70"": 3.69963813725799e-05, ""71"": 2.6424696352085884e-05, ""72"": 1.7955630917416354e-05, ""73"": 1.2420059759187195e-05, ""74"": 8.136722817116778e-06, ""75"": 5.321621263657868e-06, ""76"": 3.5490810016023667e-06, ""77"": 2.1218618897177165e-06, ""78"": 8.992264562008105e-07, ""79"": 3.5659887404026477e-07, ""80"": 4.794043479051638e-07, ""81"": 2.5498637501601146e-06, ""82"": 5.904712781199649e-06, ""83"": 1.019269296458271e-05, ""84"": 8.565137676721721e-06, ""85"": 4.275947214881217e-06, ""86"": 1.8181240582427751e-06, ""87"": 3.7215059283574256e-07, ""88"": 8.12305476731778e-08, ""89"": 2.2039784831831877e-08, ""90"": 7.235608895354943e-10, ""91"": 1.1867435530114394e-10, ""92"": 3.2200981717884515e-11, ""93"": 2.132956457626752e-12, ""94"": 2.0526524967489424e-13, ""95"": 1.2817330012542262e-14, ""96"": 8.385537553997639e-16, ""97"": 2.485944550005e-311, ""98"": 2.64973268834e-312, ""99"": 2.4011706189e-313, ""100"": 1.8499257977e-314, ""101"": 1.211702286e-315, ""102"": 6.7475775e-317, ""103"": 3.194554e-318, ""104"": 1.2858e-319, ""105"": 4.4e-321, ""106"": 1.3e-322, ""107"": 5e-324}",29.8517,29.8517,30,30,0.0,1.0,1.0,0.9998,0.9996,0.9992,0.9988,0.9982,0.9974,0.9962,0.9946,0.9923,0.9893,0.9852,0.9798,0.9731,0.9646,0.9534,0.9396,0.9235,0.9055,2497aaec#phase10c,"stat_grid:component_convolution_mean_coherent_v1+components[pts:pmf_sim_v1+role_aware_pmf_cal_v1:starter+monotone_pit_cdf_v1,reb:pmf_sim_v1+role_aware_pmf_cal_v1:starter+monotone_pit_cdf_v1]+prior_combo[joint_sampler_v1+joint_combo_pmf_v1+role_aware_pmf_cal_v1:starter+monotone_pit_cdf_v1]+stat_grid_final_component_convolution_mean_coherent_v1",phase8_role_aware_pmf_cal_v1+monotone_inactive_global_v1,starter,projected_minutes,high,33.0744,36.1936,16.0432,36.1936,39.7743,9.7677,0.05,0.9451,0.7415,starter,True,current_market_line,True,fanduel,fanduel,player_pr_over_under,27.5,27.5,0.6146,-180.0,134.0,0.6007,0.3993,0.3854,-159.0,159.0,0.0139,0.0139,-0.0139,2026-05-23T16:10:08.926317Z,full,provisional,"injury_very_stale,lineup_unconfirmed",unknown,projected,derived_from_projected_minutes,ok,finals_pending,current_phase8,ok,0.0,projected,not_available_yet,bdl_lineup_freshness_manifest,bdl_injuries_only,2026-05-23T16:10:27Z
morning,2026-05-23T16:11:19Z,2026-05-23,21713899,73,Jalen Brunson,NYK,CLE,False,pr,"{""0"": 5.007420083085538e-06, ""1"": 3.857525663381987e-05, ""2"": 0.00012175301542970683, ""3"": 0.00025775978718124167, ""4"": 0.0003795724882539888, ""5"": 0.000443490376267847, ""6"": 0.0005622130668003218, ""7"": 0.0008179102253229958, ""8"": 0.0011809820630235483, ""9"": 0.0016406844449227671, ""10"": 0.0022137645486047823, ""11"": 0.003051711846018265, ""12"": 0.00410988887058877, ""13"": 0.005412128448634557, ""14"": 0.006642782245623361, ""15"": 0.008523248433524571, ""16"": 0.01117881691067565, ""17"": 0.013842455745269752, ""18"": 0.016052844636763194, ""19"": 0.01798391469370166, ""20"": 0.020441373467076203, ""21"": 0.024156558597802642, ""22"": 0.029143723845590698, ""23"": 0.03485357896139753, ""24"": 0.04081923660440641, ""25"": 0.045075388787555855, ""26"": 0.04764364394465146, ""27"": 0.04880613360914019, ""28"": 0.050621968835605956, ""29"": 0.054228822674594966, ""30"": 0.0581702763529345, ""31"": 0.055587630967104056, ""32"": 0.049661936593605696, ""33"": 0.043653181560279294, ""34"": 0.04003506294009132, ""35"": 0.038370455220648116, ""36"": 0.036697056136658426, ""37"": 0.03306044354085259, ""38"": 0.02697492335429192, ""39"": 0.020728912540915113, ""40"": 0.016152192883577526, ""41"": 0.013846386204827086, ""42"": 0.012244565637409803, ""43"": 0.010392619771715642, ""44"": 0.008771724825231635, ""45"": 0.007254436839175327, ""46"": 0.006018848250997567, ""47"": 0.005409819481413262, ""48"": 0.005600801295001062, ""49"": 0.005227741113729088, ""50"": 0.004282249902117315, ""51"": 0.0034458914752887432, ""52"": 0.0025906463736318297, ""53"": 0.0017383863756945542, ""54"": 0.0011492803256089586, ""55"": 0.0007669396101164861, ""56"": 0.0004484447542347856, ""57"": 0.00026182161312847434, ""58"": 0.0001715149591710356, ""59"": 0.00014731279800980594, ""60"": 0.00015232676754289737, ""61"": 0.00016729215609474746, ""62"": 0.0001347813406275369, ""63"": 8.331510755191987e-05, ""64"": 4.810807639054769e-05, ""65"": 2.8573803033061294e-05, ""66"": 2.5681155733622718e-05, ""67"": 2.816449815812198e-05, ""68"": 3.346761775246936e-05, ""69"": 3.840786729742727e-05, ""70"": 3.69963813725799e-05, ""71"": 2.6424696352085884e-05, ""72"": 1.7955630917416354e-05, ""73"": 1.2420059759187195e-05, ""74"": 8.136722817116778e-06, ""75"": 5.321621263657868e-06, ""76"": 3.5490810016023667e-06, ""77"": 2.1218618897177165e-06, ""78"": 8.992264562008105e-07, ""79"": 3.5659887404026477e-07, ""80"": 4.794043479051638e-07, ""81"": 2.5498637501601146e-06, ""82"": 5.904712781199649e-06, ""83"": 1.019269296458271e-05, ""84"": 8.565137676721721e-06, ""85"": 4.275947214881217e-06, ""86"": 1.8181240582427751e-06, ""87"": 3.7215059283574256e-07, ""88"": 8.12305476731778e-08, ""89"": 2.2039784831831877e-08, ""90"": 7.235608895354943e-10, ""91"": 1.1867435530114394e-10, ""92"": 3.2200981717884515e-11, ""93"": 2.132956457626752e-12, ""94"": 2.0526524967489424e-13, ""95"": 1.2817330012542262e-14, ""96"": 8.385537553997639e-16, ""97"": 2.485944550005e-311, ""98"": 2.64973268834e-312, ""99"": 2.4011706189e-313, ""100"": 1.8499257977e-314, ""101"": 1.211702286e-315, ""102"": 6.7475775e-317, ""103"": 3.194554e-318, ""104"": 1.2858e-319, ""105"": 4.4e-321, ""106"": 1.3e-322, ""107"": 5e-324}",29.8517,29.8517,30,30,0.0,1.0,1.0,0.9998,0.9996,0.9992,0.9988,0.9982,0.9974,0.9962,0.9946,0.9923,0.9893,0.9852,0.9798,0.9731,0.9646,0.9534,0.9396,0.9235,0.9055,2497aaec#phase10c,"stat_grid:component_convolution_mean_coherent_v1+components[pts:pmf_sim_v1+role_aware_pmf_cal_v1:starter+monotone_pit_cdf_v1,reb:pmf_sim_v1+role_aware_pmf_cal_v1:starter+monotone_pit_cdf_v1]+prior_combo[joint_sampler_v1+joint_combo_pmf_v1+role_aware_pmf_cal_v1:starter+monotone_pit_cdf_v1]+stat_grid_final_component_convolution_mean_coherent_v1",phase8_role_aware_pmf_cal_v1+monotone_inactive_global_v1,starter,projected_minutes,high,33.0744,36.1936,16.0432,36.1936,39.7743,9.7677,0.05,0.9451,0.7415,starter,True,current_market_line,True,fanduel,fanduel,player_pr_over_under,28.5,28.5,0.564,-146.0,110.0,0.5548,0.4452,0.436,-129.0,129.0,0.0091,0.0091,-0.0091,2026-05-23T16:10:08.926317Z,full,provisional,"injury_very_stale,lineup_unconfirmed",unknown,projected,derived_from_projected_minutes,ok,finals_pending,current_phase8,ok,0.0,projected,not_available_yet,bdl_lineup_freshness_manifest,bdl_injuries_only,2026-05-23T16:10:27Z
morning,2026-05-23T16:11:19Z,2026-05-23,21713899,73,Jalen Brunson,NYK,CLE,False,pr,"{""0"": 5.007420083085538e-06, ""1"": 3.857525663381987e-05, ""2"": 0.00012175301542970683, ""3"": 0.00025775978718124167, ""4"": 0.0003795724882539888, ""5"": 0.000443490376267847, ""6"": 0.0005622130668003218, ""7"": 0.0008179102253229958, ""8"": 0.0011809820630235483, ""9"": 0.0016406844449227671, ""10"": 0.0022137645486047823, ""11"": 0.003051711846018265, ""12"": 0.00410988887058877, ""13"": 0.005412128448634557, ""14"": 0.006642782245623361, ""15"": 0.008523248433524571, ""16"": 0.01117881691067565, ""17"": 0.013842455745269752, ""18"": 0.016052844636763194, ""19"": 0.01798391469370166, ""20"": 0.020441373467076203, ""21"": 0.024156558597802642, ""22"": 0.029143723845590698, ""23"": 0.03485357896139753, ""24"": 0.04081923660440641, ""25"": 0.045075388787555855, ""26"": 0.04764364394465146, ""27"": 0.04880613360914019, ""28"": 0.050621968835605956, ""29"": 0.054228822674594966, ""30"": 0.0581702763529345, ""31"": 0.055587630967104056, ""32"": 0.049661936593605696, ""33"": 0.043653181560279294, ""34"": 0.04003506294009132, ""35"": 0.038370455220648116, ""36"": 0.036697056136658426, ""37"": 0.03306044354085259, ""38"": 0.02697492335429192, ""39"": 0.020728912540915113, ""40"": 0.016152192883577526, ""41"": 0.013846386204827086, ""42"": 0.012244565637409803, ""43"": 0.010392619771715642, ""44"": 0.008771724825231635, ""45"": 0.007254436839175327, ""46"": 0.006018848250997567, ""47"": 0.005409819481413262, ""48"": 0.005600801295001062, ""49"": 0.005227741113729088, ""50"": 0.004282249902117315, ""51"": 0.0034458914752887432, ""52"": 0.0025906463736318297, ""53"": 0.0017383863756945542, ""54"": 0.0011492803256089586, ""55"": 0.0007669396101164861, ""56"": 0.0004484447542347856, ""57"": 0.00026182161312847434, ""58"": 0.0001715149591710356, ""59"": 0.00014731279800980594, ""60"": 0.00015232676754289737, ""61"": 0.00016729215609474746, ""62"": 0.0001347813406275369, ""63"": 8.331510755191987e-05, ""64"": 4.810807639054769e-05, ""65"": 2.8573803033061294e-05, ""66"": 2.5681155733622718e-05, ""67"": 2.816449815812198e-05, ""68"": 3.346761775246936e-05, ""69"": 3.840786729742727e-05, ""70"": 3.69963813725799e-05, ""71"": 2.6424696352085884e-05, ""72"": 1.7955630917416354e-05, ""73"": 1.2420059759187195e-05, ""74"": 8.136722817116778e-06, ""75"": 5.321621263657868e-06, ""76"": 3.5490810016023667e-06, ""77"": 2.1218618897177165e-06, ""78"": 8.992264562008105e-07, ""79"": 3.5659887404026477e-07, ""80"": 4.794043479051638e-07, ""81"": 2.5498637501601146e-06, ""82"": 5.904712781199649e-06, ""83"": 1.019269296458271e-05, ""84"": 8.565137676721721e-06, ""85"": 4.275947214881217e-06, ""86"": 1.8181240582427751e-06, ""87"": 3.7215059283574256e-07, ""88"": 8.12305476731778e-08, ""89"": 2.2039784831831877e-08, ""90"": 7.235608895354943e-10, ""91"": 1.1867435530114394e-10, ""92"": 3.2200981717884515e-11, ""93"": 2.132956457626752e-12, ""94"": 2.0526524967489424e-13, ""95"": 1.2817330012542262e-14, ""96"": 8.385537553997639e-16, ""97"": 2.485944550005e-311, ""98"": 2.64973268834e-312, ""99"": 2.4011706189e-313, ""100"": 1.8499257977e-314, ""101"": 1.211702286e-315, ""102"": 6.7475775e-317, ""103"": 3.194554e-318, ""104"": 1.2858e-319, ""105"": 4.4e-321, ""106"": 1.3e-322, ""107"": 5e-324}",29.8517,29.8517,30,30,0.0,1.0,1.0,0.9998,0.9996,0.9992,0.9988,0.9982,0.9974,0.9962,0.9946,0.9923,0.9893,0.9852,0.9798,0.9731,0.9646,0.9534,0.9396,0.9235,0.9055,2497aaec#phase10c,"stat_grid:component_convolution_mean_coherent_v1+components[pts:pmf_sim_v1+role_aware_pmf_cal_v1:starter+monotone_pit_cdf_v1,reb:pmf_sim_v1+role_aware_pmf_cal_v1:starter+monotone_pit_cdf_v1]+prior_combo[joint_sampler_v1+joint_combo_pmf_v1+role_aware_pmf_cal_v1:starter+monotone_pit_cdf_v1]+stat_grid_final_component_convolution_mean_coherent_v1",phase8_role_aware_pmf_cal_v1+monotone_inactive_global_v1,starter,projected_minutes,high,33.0744,36.1936,16.0432,36.1936,39.7743,9.7677,0.05,0.9451,0.7415,starter,True,current_market_line,True,fanduel,fanduel,player_pr_over_under,30.5,30.5,0.4516,104.0,-138.0,0.4581,0.5419,0.5484,121.0,-121.0,-0.0065,-0.0065,0.0065,2026-05-23T16:10:08.926317Z,full,provisional,"injury_very_stale,lineup_unconfirmed",unknown,projected,derived_from_projected_minutes,ok,finals_pending,current_phase8,ok,0.0,projected,not_available_yet,bdl_lineup_freshness_manifest,bdl_injuries_only,2026-05-23T16:10:27Z
morning,2026-05-23T16:11:19Z,2026-05-23,21713899,73,Jalen Brunson,NYK,CLE,False,pr,"{""0"": 5.007420083085538e-06, ""1"": 3.857525663381987e-05, ""2"": 0.00012175301542970683, ""3"": 0.00025775978718124167, ""4"": 0.0003795724882539888, ""5"": 0.000443490376267847, ""6"": 0.0005622130668003218, ""7"": 0.0008179102253229958, ""8"": 0.0011809820630235483, ""9"": 0.0016406844449227671, ""10"": 0.0022137645486047823, ""11"": 0.003051711846018265, ""12"": 0.00410988887058877, ""13"": 0.005412128448634557, ""14"": 0.006642782245623361, ""15"": 0.008523248433524571, ""16"": 0.01117881691067565, ""17"": 0.013842455745269752, ""18"": 0.016052844636763194, ""19"": 0.01798391469370166, ""20"": 0.020441373467076203, ""21"": 0.024156558597802642, ""22"": 0.029143723845590698, ""23"": 0.03485357896139753, ""24"": 0.04081923660440641, ""25"": 0.045075388787555855, ""26"": 0.04764364394465146, ""27"": 0.04880613360914019, ""28"": 0.050621968835605956, ""29"": 0.054228822674594966, ""30"": 0.0581702763529345, ""31"": 0.055587630967104056, ""32"": 0.049661936593605696, ""33"": 0.043653181560279294, ""34"": 0.04003506294009132, ""35"": 0.038370455220648116, ""36"": 0.036697056136658426, ""37"": 0.03306044354085259, ""38"": 0.02697492335429192, ""39"": 0.020728912540915113, ""40"": 0.016152192883577526, ""41"": 0.013846386204827086, ""42"": 0.012244565637409803, ""43"": 0.010392619771715642, ""44"": 0.008771724825231635, ""45"": 0.007254436839175327, ""46"": 0.006018848250997567, ""47"": 0.005409819481413262, ""48"": 0.005600801295001062, ""49"": 0.005227741113729088, ""50"": 0.004282249902117315, ""51"": 0.0034458914752887432, ""52"": 0.0025906463736318297, ""53"": 0.0017383863756945542, ""54"": 0.0011492803256089586, ""55"": 0.0007669396101164861, ""56"": 0.0004484447542347856, ""57"": 0.00026182161312847434, ""58"": 0.0001715149591710356, ""59"": 0.00014731279800980594, ""60"": 0.00015232676754289737, ""61"": 0.00016729215609474746, ""62"": 0.0001347813406275369, ""63"": 8.331510755191987e-05, ""64"": 4.810807639054769e-05, ""65"": 2.8573803033061294e-05, ""66"": 2.5681155733622718e-05, ""67"": 2.816449815812198e-05, ""68"": 3.346761775246936e-05, ""69"": 3.840786729742727e-05, ""70"": 3.69963813725799e-05, ""71"": 2.6424696352085884e-05, ""72"": 1.7955630917416354e-05, ""73"": 1.2420059759187195e-05, ""74"": 8.136722817116778e-06, ""75"": 5.321621263657868e-06, ""76"": 3.5490810016023667e-06, ""77"": 2.1218618897177165e-06, ""78"": 8.992264562008105e-07, ""79"": 3.5659887404026477e-07, ""80"": 4.794043479051638e-07, ""81"": 2.5498637501601146e-06, ""82"": 5.904712781199649e-06, ""83"": 1.019269296458271e-05, ""84"": 8.565137676721721e-06, ""85"": 4.275947214881217e-06, ""86"": 1.8181240582427751e-06, ""87"": 3.7215059283574256e-07, ""88"": 8.12305476731778e-08, ""89"": 2.2039784831831877e-08, ""90"": 7.235608895354943e-10, ""91"": 1.1867435530114394e-10, ""92"": 3.2200981717884515e-11, ""93"": 2.132956457626752e-12, ""94"": 2.0526524967489424e-13, ""95"": 1.2817330012542262e-14, ""96"": 8.385537553997639e-16, ""97"": 2.485944550005e-311, ""98"": 2.64973268834e-312, ""99"": 2.4011706189e-313, ""100"": 1.8499257977e-314, ""101"": 1.211702286e-315, ""102"": 6.7475775e-317, ""103"": 3.194554e-318, ""104"": 1.2858e-319, ""105"": 4.4e-321, ""106"": 1.3e-322, ""107"": 5e-324}",29.8517,29.8517,30,30,0.0,1.0,1.0,0.9998,0.9996,0.9992,0.9988,0.9982,0.9974,0.9962,0.9946,0.9923,0.9893,0.9852,0.9798,0.9731,0.9646,0.9534,0.9396,0.9235,0.9055,2497aaec#phase10c,"stat_grid:component_convolution_mean_coherent_v1+components[pts:pmf_sim_v1+role_aware_pmf_cal_v1:starter+monotone_pit_cdf_v1,reb:pmf_sim_v1+role_aware_pmf_cal_v1:starter+monotone_pit_cdf_v1]+prior_combo[joint_sampler_v1+joint_combo_pmf_v1+role_aware_pmf_cal_v1:starter+monotone_pit_cdf_v1]+stat_grid_final_component_convolution_mean_coherent_v1",phase8_role_aware_pmf_cal_v1+monotone_inactive_global_v1,starter,projected_minutes,high,33.0744,36.1936,16.0432,36.1936,39.7743,9.7677,0.05,0.9451,0.7415,starter,True,current_market_line,True,fanduel,fanduel,player_pr_over_under,31.5,31.5,0.396,128.0,-172.0,0.4095,0.5905,0.604,153.0,-153.0,-0.0135,-0.0135,0.0135,2026-05-23T16:10:08.926317Z,full,provisional,"injury_very_stale,lineup_unconfirmed",unknown,projected,derived_from_projected_minutes,ok,finals_pending,current_phase8,ok,0.0,projected,not_available_yet,bdl_lineup_freshness_manifest,bdl_injuries_only,2026-05-23T16:10:27Z
morning,2026-05-23T16:11:19Z,2026-05-23,21713899,73,Jalen Brunson,NYK,CLE,False,pr,"{""0"": 5.007420083085538e-06, ""1"": 3.857525663381987e-05, ""2"": 0.00012175301542970683, ""3"": 0.00025775978718124167, ""4"": 0.0003795724882539888, ""5"": 0.000443490376267847, ""6"": 0.0005622130668003218, ""7"": 0.0008179102253229958, ""8"": 0.0011809820630235483, ""9"": 0.0016406844449227671, ""10"": 0.0022137645486047823, ""11"": 0.003051711846018265, ""12"": 0.00410988887058877, ""13"": 0.005412128448634557, ""14"": 0.006642782245623361, ""15"": 0.008523248433524571, ""16"": 0.01117881691067565, ""17"": 0.013842455745269752, ""18"": 0.016052844636763194, ""19"": 0.01798391469370166, ""20"": 0.020441373467076203, ""21"": 0.024156558597802642, ""22"": 0.029143723845590698, ""23"": 0.03485357896139753, ""24"": 0.04081923660440641, ""25"": 0.045075388787555855, ""26"": 0.04764364394465146, ""27"": 0.04880613360914019, ""28"": 0.050621968835605956, ""29"": 0.054228822674594966, ""30"": 0.0581702763529345, ""31"": 0.055587630967104056, ""32"": 0.049661936593605696, ""33"": 0.043653181560279294, ""34"": 0.04003506294009132, ""35"": 0.038370455220648116, ""36"": 0.036697056136658426, ""37"": 0.03306044354085259, ""38"": 0.02697492335429192, ""39"": 0.020728912540915113, ""40"": 0.016152192883577526, ""41"": 0.013846386204827086, ""42"": 0.012244565637409803, ""43"": 0.010392619771715642, ""44"": 0.008771724825231635, ""45"": 0.007254436839175327, ""46"": 0.006018848250997567, ""47"": 0.005409819481413262, ""48"": 0.005600801295001062, ""49"": 0.005227741113729088, ""50"": 0.004282249902117315, ""51"": 0.0034458914752887432, ""52"": 0.0025906463736318297, ""53"": 0.0017383863756945542, ""54"": 0.0011492803256089586, ""55"": 0.0007669396101164861, ""56"": 0.0004484447542347856, ""57"": 0.00026182161312847434, ""58"": 0.0001715149591710356, ""59"": 0.00014731279800980594, ""60"": 0.00015232676754289737, ""61"": 0.00016729215609474746, ""62"": 0.0001347813406275369, ""63"": 8.331510755191987e-05, ""64"": 4.810807639054769e-05, ""65"": 2.8573803033061294e-05, ""66"": 2.5681155733622718e-05, ""67"": 2.816449815812198e-05, ""68"": 3.346761775246936e-05, ""69"": 3.840786729742727e-05, ""70"": 3.69963813725799e-05, ""71"": 2.6424696352085884e-05, ""72"": 1.7955630917416354e-05, ""73"": 1.2420059759187195e-05, ""74"": 8.136722817116778e-06, ""75"": 5.321621263657868e-06, ""76"": 3.5490810016023667e-06, ""77"": 2.1218618897177165e-06, ""78"": 8.992264562008105e-07, ""79"": 3.5659887404026477e-07, ""80"": 4.794043479051638e-07, ""81"": 2.5498637501601146e-06, ""82"": 5.904712781199649e-06, ""83"": 1.019269296458271e-05, ""84"": 8.565137676721721e-06, ""85"": 4.275947214881217e-06, ""86"": 1.8181240582427751e-06, ""87"": 3.7215059283574256e-07, ""88"": 8.12305476731778e-08, ""89"": 2.2039784831831877e-08, ""90"": 7.235608895354943e-10, ""91"": 1.1867435530114394e-10, ""92"": 3.2200981717884515e-11, ""93"": 2.132956457626752e-12, ""94"": 2.0526524967489424e-13, ""95"": 1.2817330012542262e-14, ""96"": 8.385537553997639e-16, ""97"": 2.485944550005e-311, ""98"": 2.64973268834e-312, ""99"": 2.4011706189e-313, ""100"": 1.8499257977e-314, ""101"": 1.211702286e-315, ""102"": 6.7475775e-317, ""103"": 3.194554e-318, ""104"": 1.2858e-319, ""105"": 4.4e-321, ""106"": 1.3e-322, ""107"": 5e-324}",29.8517,29.8517,30,30,0.0,1.0,1.0,0.9998,0.9996,0.9992,0.9988,0.9982,0.9974,0.9962,0.9946,0.9923,0.9893,0.9852,0.9798,0.9731,0.9646,0.9534,0.9396,0.9235,0.9055,2497aaec#phase10c,"stat_grid:component_convolution_mean_coherent_v1+components[pts:pmf_sim_v1+role_aware_pmf_cal_v1:starter+monotone_pit_cdf_v1,reb:pmf_sim_v1+role_aware_pmf_cal_v1:starter+monotone_pit_cdf_v1]+prior_combo[joint_sampler_v1+joint_combo_pmf_v1+role_aware_pmf_cal_v1:starter+monotone_pit_cdf_v1]+stat_grid_final_component_convolution_mean_coherent_v1",phase8_role_aware_pmf_cal_v1+monotone_inactive_global_v1,starter,projected_minutes,high,33.0744,36.1936,16.0432,36.1936,39.7743,9.7677,0.05,0.9451,0.7415,starter,True,current_market_line,True,fanduel,fanduel,player_pr_over_under,32.5,32.5,0.3463,154.0,-210.0,0.3676,0.6324,0.6537,189.0,-189.0,-0.0212,-0.0212,0.0212,2026-05-23T16:10:08.926317Z,full,provisional,"injury_very_stale,lineup_unconfirmed",unknown,projected,derived_from_projected_minutes,ok,finals_pending,current_phase8,ok,0.0,projected,not_available_yet,bdl_lineup_freshness_manifest,bdl_injuries_only,2026-05-23T16:10:27Z
morning,2026-05-23T16:11:19Z,2026-05-23,21713899,73,Jalen Brunson,NYK,CLE,False,pr,"{""0"": 5.007420083085538e-06, ""1"": 3.857525663381987e-05, ""2"": 0.00012175301542970683, ""3"": 0.00025775978718124167, ""4"": 0.0003795724882539888, ""5"": 0.000443490376267847, ""6"": 0.0005622130668003218, ""7"": 0.0008179102253229958, ""8"": 0.0011809820630235483, ""9"": 0.0016406844449227671, ""10"": 0.0022137645486047823, ""11"": 0.003051711846018265, ""12"": 0.00410988887058877, ""13"": 0.005412128448634557, ""14"": 0.006642782245623361, ""15"": 0.008523248433524571, ""16"": 0.01117881691067565, ""17"": 0.013842455745269752, ""18"": 0.016052844636763194, ""19"": 0.01798391469370166, ""20"": 0.020441373467076203, ""21"": 0.024156558597802642, ""22"": 0.029143723845590698, ""23"": 0.03485357896139753, ""24"": 0.04081923660440641, ""25"": 0.045075388787555855, ""26"": 0.04764364394465146, ""27"": 0.04880613360914019, ""28"": 0.050621968835605956, ""29"": 0.054228822674594966, ""30"": 0.0581702763529345, ""31"": 0.055587630967104056, ""32"": 0.049661936593605696, ""33"": 0.043653181560279294, ""34"": 0.04003506294009132, ""35"": 0.038370455220648116, ""36"": 0.036697056136658426, ""37"": 0.03306044354085259, ""38"": 0.02697492335429192, ""39"": 0.020728912540915113, ""40"": 0.016152192883577526, ""41"": 0.013846386204827086, ""42"": 0.012244565637409803, ""43"": 0.010392619771715642, ""44"": 0.008771724825231635, ""45"": 0.007254436839175327, ""46"": 0.006018848250997567, ""47"": 0.005409819481413262, ""48"": 0.005600801295001062, ""49"": 0.005227741113729088, ""50"": 0.004282249902117315, ""51"": 0.0034458914752887432, ""52"": 0.0025906463736318297, ""53"": 0.0017383863756945542, ""54"": 0.0011492803256089586, ""55"": 0.0007669396101164861, ""56"": 0.0004484447542347856, ""57"": 0.00026182161312847434, ""58"": 0.0001715149591710356, ""59"": 0.00014731279800980594, ""60"": 0.00015232676754289737, ""61"": 0.00016729215609474746, ""62"": 0.0001347813406275369, ""63"": 8.331510755191987e-05, ""64"": 4.810807639054769e-05, ""65"": 2.8573803033061294e-05, ""66"": 2.5681155733622718e-05, ""67"": 2.816449815812198e-05, ""68"": 3.346761775246936e-05, ""69"": 3.840786729742727e-05, ""70"": 3.69963813725799e-05, ""71"": 2.6424696352085884e-05, ""72"": 1.7955630917416354e-05, ""73"": 1.2420059759187195e-05, ""74"": 8.136722817116778e-06, ""75"": 5.321621263657868e-06, ""76"": 3.5490810016023667e-06, ""77"": 2.1218618897177165e-06, ""78"": 8.992264562008105e-07, ""79"": 3.5659887404026477e-07, ""80"": 4.794043479051638e-07, ""81"": 2.5498637501601146e-06, ""82"": 5.904712781199649e-06, ""83"": 1.019269296458271e-05, ""84"": 8.565137676721721e-06, ""85"": 4.275947214881217e-06, ""86"": 1.8181240582427751e-06, ""87"": 3.7215059283574256e-07, ""88"": 8.12305476731778e-08, ""89"": 2.2039784831831877e-08, ""90"": 7.235608895354943e-10, ""91"": 1.1867435530114394e-10, ""92"": 3.2200981717884515e-11, ""93"": 2.132956457626752e-12, ""94"": 2.0526524967489424e-13, ""95"": 1.2817330012542262e-14, ""96"": 8.385537553997639e-16, ""97"": 2.485944550005e-311, ""98"": 2.64973268834e-312, ""99"": 2.4011706189e-313, ""100"": 1.8499257977e-314, ""101"": 1.211702286e-315, ""102"": 6.7475775e-317, ""103"": 3.194554e-318, ""104"": 1.2858e-319, ""105"": 4.4e-321, ""106"": 1.3e-322, ""107"": 5e-324}",29.8517,29.8517,30,30,0.0,1.0,1.0,0.9998,0.9996,0.9992,0.9988,0.9982,0.9974,0.9962,0.9946,0.9923,0.9893,0.9852,0.9798,0.9731,0.9646,0.9534,0.9396,0.9235,0.9055,2497aaec#phase10c,"stat_grid:component_convolution_mean_coherent_v1+components[pts:pmf_sim_v1+role_aware_pmf_cal_v1:starter+monotone_pit_cdf_v1,reb:pmf_sim_v1+role_aware_pmf_cal_v1:starter+monotone_pit_cdf_v1]+prior_combo[joint_sampler_v1+joint_combo_pmf_v1+role_aware_pmf_cal_v1:starter+monotone_pit_cdf_v1]+stat_grid_final_component_convolution_mean_coherent_v1",phase8_role_aware_pmf_cal_v1+monotone_inactive_global_v1,starter,projected_minutes,high,33.0744,36.1936,16.0432,36.1936,39.7743,9.7677,0.05,0.9451,0.7415,starter,True,current_market_line,True,fanduel,fanduel,player_pr_over_under,33.5,33.5,0.3027,182.0,-250.0,0.3318,0.6682,0.6973,230.0,-230.0,-0.0291,-0.0291,0.0291,2026-05-23T16:10:08.926317Z,full,provisional,"injury_very_stale,lineup_unconfirmed",unknown,projected,derived_from_projected_minutes,ok,finals_pending,current_phase8,ok,0.0,projected,not_available_yet,bdl_lineup_freshness_manifest,bdl_injuries_only,2026-05-23T16:10:27Z
morning,2026-05-23T16:11:19Z,2026-05-23,21713899,73,Jalen Brunson,NYK,CLE,False,pr,"{""0"": 5.007420083085538e-06, ""1"": 3.857525663381987e-05, ""2"": 0.00012175301542970683, ""3"": 0.00025775978718124167, ""4"": 0.0003795724882539888, ""5"": 0.000443490376267847, ""6"": 0.0005622130668003218, ""7"": 0.0008179102253229958, ""8"": 0.0011809820630235483, ""9"": 0.0016406844449227671, ""10"": 0.0022137645486047823, ""11"": 0.003051711846018265, ""12"": 0.00410988887058877, ""13"": 0.005412128448634557, ""14"": 0.006642782245623361, ""15"": 0.008523248433524571, ""16"": 0.01117881691067565, ""17"": 0.013842455745269752, ""18"": 0.016052844636763194, ""19"": 0.01798391469370166, ""20"": 0.020441373467076203, ""21"": 0.024156558597802642, ""22"": 0.029143723845590698, ""23"": 0.03485357896139753, ""24"": 0.04081923660440641, ""25"": 0.045075388787555855, ""26"": 0.04764364394465146, ""27"": 0.04880613360914019, ""28"": 0.050621968835605956, ""29"": 0.054228822674594966, ""30"": 0.0581702763529345, ""31"": 0.055587630967104056, ""32"": 0.049661936593605696, ""33"": 0.043653181560279294, ""34"": 0.04003506294009132, ""35"": 0.038370455220648116, ""36"": 0.036697056136658426, ""37"": 0.03306044354085259, ""38"": 0.02697492335429192, ""39"": 0.020728912540915113, ""40"": 0.016152192883577526, ""41"": 0.013846386204827086, ""42"": 0.012244565637409803, ""43"": 0.010392619771715642, ""44"": 0.008771724825231635, ""45"": 0.007254436839175327, ""46"": 0.006018848250997567, ""47"": 0.005409819481413262, ""48"": 0.005600801295001062, ""49"": 0.005227741113729088, ""50"": 0.004282249902117315, ""51"": 0.0034458914752887432, ""52"": 0.0025906463736318297, ""53"": 0.0017383863756945542, ""54"": 0.0011492803256089586, ""55"": 0.0007669396101164861, ""56"": 0.0004484447542347856, ""57"": 0.00026182161312847434, ""58"": 0.0001715149591710356, ""59"": 0.00014731279800980594, ""60"": 0.00015232676754289737, ""61"": 0.00016729215609474746, ""62"": 0.0001347813406275369, ""63"": 8.331510755191987e-05, ""64"": 4.810807639054769e-05, ""65"": 2.8573803033061294e-05, ""66"": 2.5681155733622718e-05, ""67"": 2.816449815812198e-05, ""68"": 3.346761775246936e-05, ""69"": 3.840786729742727e-05, ""70"": 3.69963813725799e-05, ""71"": 2.6424696352085884e-05, ""72"": 1.7955630917416354e-05, ""73"": 1.2420059759187195e-05, ""74"": 8.136722817116778e-06, ""75"": 5.321621263657868e-06, ""76"": 3.5490810016023667e-06, ""77"": 2.1218618897177165e-06, ""78"": 8.992264562008105e-07, ""79"": 3.5659887404026477e-07, ""80"": 4.794043479051638e-07, ""81"": 2.5498637501601146e-06, ""82"": 5.904712781199649e-06, ""83"": 1.019269296458271e-05, ""84"": 8.565137676721721e-06, ""85"": 4.275947214881217e-06, ""86"": 1.8181240582427751e-06, ""87"": 3.7215059283574256e-07, ""88"": 8.12305476731778e-08, ""89"": 2.2039784831831877e-08, ""90"": 7.235608895354943e-10, ""91"": 1.1867435530114394e-10, ""92"": 3.2200981717884515e-11, ""93"": 2.132956457626752e-12, ""94"": 2.0526524967489424e-13, ""95"": 1.2817330012542262e-14, ""96"": 8.385537553997639e-16, ""97"": 2.485944550005e-311, ""98"": 2.64973268834e-312, ""99"": 2.4011706189e-313, ""100"": 1.8499257977e-314, ""101"": 1.211702286e-315, ""102"": 6.7475775e-317, ""103"": 3.194554e-318, ""104"": 1.2858e-319, ""105"": 4.4e-321, ""106"": 1.3e-322, ""107"": 5e-324}",29.8517,29.8517,30,30,0.0,1.0,1.0,0.9998,0.9996,0.9992,0.9988,0.9982,0.9974,0.9962,0.9946,0.9923,0.9893,0.9852,0.9798,0.9731,0.9646,0.9534,0.9396,0.9235,0.9055,2497aaec#phase10c,"stat_grid:component_convolution_mean_coherent_v1+components[pts:pmf_sim_v1+role_aware_pmf_cal_v1:starter+monotone_pit_cdf_v1,reb:pmf_sim_v1+role_aware_pmf_cal_v1:starter+monotone_pit_cdf_v1]+prior_combo[joint_sampler_v1+joint_combo_pmf_v1+role_aware_pmf_cal_v1:starter+monotone_pit_cdf_v1]+stat_grid_final_component_convolution_mean_coherent_v1",phase8_role_aware_pmf_cal_v1+monotone_inactive_global_v1,starter,projected_minutes,high,33.0744,36.1936,16.0432,36.1936,39.7743,9.7677,0.05,0.9451,0.7415,starter,True,current_market_line,True,fanduel,fanduel,player_pr_over_under,34.5,34.5,0.2626,220.0,-310.0,0.2924,0.7076,0.7374,281.0,-281.0,-0.0298,-0.0298,0.0298,2026-05-23T16:10:08.926317Z,full,provisional,"injury_very_stale,lineup_unconfirmed",unknown,projected,derived_from_projected_minutes,ok,finals_pending,current_phase8,ok,0.0,projected,not_available_yet,bdl_lineup_freshness_manifest,bdl_injuries_only,2026-05-23T16:10:27Z
morning,2026-05-23T16:11:19Z,2026-05-23,21713899,73,Jalen Brunson,NYK,CLE,False,pr,"{""0"": 5.007420083085538e-06, ""1"": 3.857525663381987e-05, ""2"": 0.00012175301542970683, ""3"": 0.00025775978718124167, ""4"": 0.0003795724882539888, ""5"": 0.000443490376267847, ""6"": 0.0005622130668003218, ""7"": 0.0008179102253229958, ""8"": 0.0011809820630235483, ""9"": 0.0016406844449227671, ""10"": 0.0022137645486047823, ""11"": 0.003051711846018265, ""12"": 0.00410988887058877, ""13"": 0.005412128448634557, ""14"": 0.006642782245623361, ""15"": 0.008523248433524571, ""16"": 0.01117881691067565, ""17"": 0.013842455745269752, ""18"": 0.016052844636763194, ""19"": 0.01798391469370166, ""20"": 0.020441373467076203, ""21"": 0.024156558597802642, ""22"": 0.029143723845590698, ""23"": 0.03485357896139753, ""24"": 0.04081923660440641, ""25"": 0.045075388787555855, ""26"": 0.04764364394465146, ""27"": 0.04880613360914019, ""28"": 0.050621968835605956, ""29"": 0.054228822674594966, ""30"": 0.0581702763529345, ""31"": 0.055587630967104056, ""32"": 0.049661936593605696, ""33"": 0.043653181560279294, ""34"": 0.04003506294009132, ""35"": 0.038370455220648116, ""36"": 0.036697056136658426, ""37"": 0.03306044354085259, ""38"": 0.02697492335429192, ""39"": 0.020728912540915113, ""40"": 0.016152192883577526, ""41"": 0.013846386204827086, ""42"": 0.012244565637409803, ""43"": 0.010392619771715642, ""44"": 0.008771724825231635, ""45"": 0.007254436839175327, ""46"": 0.006018848250997567, ""47"": 0.005409819481413262, ""48"": 0.005600801295001062, ""49"": 0.005227741113729088, ""50"": 0.004282249902117315, ""51"": 0.0034458914752887432, ""52"": 0.0025906463736318297, ""53"": 0.0017383863756945542, ""54"": 0.0011492803256089586, ""55"": 0.0007669396101164861, ""56"": 0.0004484447542347856, ""57"": 0.00026182161312847434, ""58"": 0.0001715149591710356, ""59"": 0.00014731279800980594, ""60"": 0.00015232676754289737, ""61"": 0.00016729215609474746, ""62"": 0.0001347813406275369, ""63"": 8.331510755191987e-05, ""64"": 4.810807639054769e-05, ""65"": 2.8573803033061294e-05, ""66"": 2.5681155733622718e-05, ""67"": 2.816449815812198e-05, ""68"": 3.346761775246936e-05, ""69"": 3.840786729742727e-05, ""70"": 3.69963813725799e-05, ""71"": 2.6424696352085884e-05, ""72"": 1.7955630917416354e-05, ""73"": 1.2420059759187195e-05, ""74"": 8.136722817116778e-06, ""75"": 5.321621263657868e-06, ""76"": 3.5490810016023667e-06, ""77"": 2.1218618897177165e-06, ""78"": 8.992264562008105e-07, ""79"": 3.5659887404026477e-07, ""80"": 4.794043479051638e-07, ""81"": 2.5498637501601146e-06, ""82"": 5.904712781199649e-06, ""83"": 1.019269296458271e-05, ""84"": 8.565137676721721e-06, ""85"": 4.275947214881217e-06, ""86"": 1.8181240582427751e-06, ""87"": 3.7215059283574256e-07, ""88"": 8.12305476731778e-08, ""89"": 2.2039784831831877e-08, ""90"": 7.235608895354943e-10, ""91"": 1.1867435530114394e-10, ""92"": 3.2200981717884515e-11, ""93"": 2.132956457626752e-12, ""94"": 2.0526524967489424e-13, ""95"": 1.2817330012542262e-14, ""96"": 8.385537553997639e-16, ""97"": 2.485944550005e-311, ""98"": 2.64973268834e-312, ""99"": 2.4011706189e-313, ""100"": 1.8499257977e-314, ""101"": 1.211702286e-315, ""102"": 6.7475775e-317, ""103"": 3.194554e-318, ""104"": 1.2858e-319, ""105"": 4.4e-321, ""106"": 1.3e-322, ""107"": 5e-324}",29.8517,29.8517,30,30,0.0,1.0,1.0,0.9998,0.9996,0.9992,0.9988,0.9982,0.9974,0.9962,0.9946,0.9923,0.9893,0.9852,0.9798,0.9731,0.9646,0.9534,0.9396,0.9235,0.9055,2497aaec#phase10c,"stat_grid:component_convolution_mean_coherent_v1+components[pts:pmf_sim_v1+role_aware_pmf_cal_v1:starter+monotone_pit_cdf_v1,reb:pmf_sim_v1+role_aware_pmf_cal_v1:starter+monotone_pit_cdf_v1]+prior_combo[joint_sampler_v1+joint_combo_pmf_v1+role_aware_pmf_cal_v1:starter+monotone_pit_cdf_v1]+stat_grid_final_component_convolution_mean_coherent_v1",phase8_role_aware_pmf_cal_v1+monotone_inactive_global_v1,starter,projected_minutes,high,33.0744,36.1936,16.0432,36.1936,39.7743,9.7677,0.05,0.9451,0.7415,starter,True,current_market_line,True,fanduel,fanduel,player_pr_over_under,35.5,35.5,0.2243,265.0,-390.0,0.2561,0.7439,0.7757,346.0,-346.0,-0.0318,-0.0318,0.0318,2026-05-23T16:10:08.926317Z,full,provisional,"injury_very_stale,lineup_unconfirmed",unknown,projected,derived_from_projected_minutes,ok,finals_pending,current_phase8,ok,0.0,projected,not_available_yet,bdl_lineup_freshness_manifest,bdl_injuries_only,2026-05-23T16:10:27Z
morning,2026-05-23T16:11:19Z,2026-05-23,21713899,73,Jalen Brunson,NYK,CLE,False,pr,"{""0"": 5.007420083085538e-06, ""1"": 3.857525663381987e-05, ""2"": 0.00012175301542970683, ""3"": 0.00025775978718124167, ""4"": 0.0003795724882539888, ""5"": 0.000443490376267847, ""6"": 0.0005622130668003218, ""7"": 0.0008179102253229958, ""8"": 0.0011809820630235483, ""9"": 0.0016406844449227671, ""10"": 0.0022137645486047823, ""11"": 0.003051711846018265, ""12"": 0.00410988887058877, ""13"": 0.005412128448634557, ""14"": 0.006642782245623361, ""15"": 0.008523248433524571, ""16"": 0.01117881691067565, ""17"": 0.013842455745269752, ""18"": 0.016052844636763194, ""19"": 0.01798391469370166, ""20"": 0.020441373467076203, ""21"": 0.024156558597802642, ""22"": 0.029143723845590698, ""23"": 0.03485357896139753, ""24"": 0.04081923660440641, ""25"": 0.045075388787555855, ""26"": 0.04764364394465146, ""27"": 0.04880613360914019, ""28"": 0.050621968835605956, ""29"": 0.054228822674594966, ""30"": 0.0581702763529345, ""31"": 0.055587630967104056, ""32"": 0.049661936593605696, ""33"": 0.043653181560279294, ""34"": 0.04003506294009132, ""35"": 0.038370455220648116, ""36"": 0.036697056136658426, ""37"": 0.03306044354085259, ""38"": 0.02697492335429192, ""39"": 0.020728912540915113, ""40"": 0.016152192883577526, ""41"": 0.013846386204827086, ""42"": 0.012244565637409803, ""43"": 0.010392619771715642, ""44"": 0.008771724825231635, ""45"": 0.007254436839175327, ""46"": 0.006018848250997567, ""47"": 0.005409819481413262, ""48"": 0.005600801295001062, ""49"": 0.005227741113729088, ""50"": 0.004282249902117315, ""51"": 0.0034458914752887432, ""52"": 0.0025906463736318297, ""53"": 0.0017383863756945542, ""54"": 0.0011492803256089586, ""55"": 0.0007669396101164861, ""56"": 0.0004484447542347856, ""57"": 0.00026182161312847434, ""58"": 0.0001715149591710356, ""59"": 0.00014731279800980594, ""60"": 0.00015232676754289737, ""61"": 0.00016729215609474746, ""62"": 0.0001347813406275369, ""63"": 8.331510755191987e-05, ""64"": 4.810807639054769e-05, ""65"": 2.8573803033061294e-05, ""66"": 2.5681155733622718e-05, ""67"": 2.816449815812198e-05, ""68"": 3.346761775246936e-05, ""69"": 3.840786729742727e-05, ""70"": 3.69963813725799e-05, ""71"": 2.6424696352085884e-05, ""72"": 1.7955630917416354e-05, ""73"": 1.2420059759187195e-05, ""74"": 8.136722817116778e-06, ""75"": 5.321621263657868e-06, ""76"": 3.5490810016023667e-06, ""77"": 2.1218618897177165e-06, ""78"": 8.992264562008105e-07, ""79"": 3.5659887404026477e-07, ""80"": 4.794043479051638e-07, ""81"": 2.5498637501601146e-06, ""82"": 5.904712781199649e-06, ""83"": 1.019269296458271e-05, ""84"": 8.565137676721721e-06, ""85"": 4.275947214881217e-06, ""86"": 1.8181240582427751e-06, ""87"": 3.7215059283574256e-07, ""88"": 8.12305476731778e-08, ""89"": 2.2039784831831877e-08, ""90"": 7.235608895354943e-10, ""91"": 1.1867435530114394e-10, ""92"": 3.2200981717884515e-11, ""93"": 2.132956457626752e-12, ""94"": 2.0526524967489424e-13, ""95"": 1.2817330012542262e-14, ""96"": 8.385537553997639e-16, ""97"": 2.485944550005e-311, ""98"": 2.64973268834e-312, ""99"": 2.4011706189e-313, ""100"": 1.8499257977e-314, ""101"": 1.211702286e-315, ""102"": 6.7475775e-317, ""103"": 3.194554e-318, ""104"": 1.2858e-319, ""105"": 4.4e-321, ""106"": 1.3e-322, ""107"": 5e-324}",29.8517,29.8517,30,30,0.0,1.0,1.0,0.9998,0.9996,0.9992,0.9988,0.9982,0.9974,0.9962,0.9946,0.9923,0.9893,0.9852,0.9798,0.9731,0.9646,0.9534,0.9396,0.9235,0.9055,2497aaec#phase10c,"stat_grid:component_convolution_mean_coherent_v1+components[pts:pmf_sim_v1+role_aware_pmf_cal_v1:starter+monotone_pit_cdf_v1,reb:pmf_sim_v1+role_aware_pmf_cal_v1:starter+monotone_pit_cdf_v1]+prior_combo[joint_sampler_v1+joint_combo_pmf_v1+role_aware_pmf_cal_v1:starter+monotone_pit_cdf_v1]+stat_grid_final_component_convolution_mean_coherent_v1",phase8_role_aware_pmf_cal_v1+monotone_inactive_global_v1,starter,projected_minutes,high,33.0744,36.1936,16.0432,36.1936,39.7743,9.7677,0.05,0.9451,0.7415,starter,True,current_market_line,True,fanduel,fanduel,player_pr_over_under,36.5,36.5,0.1876,310.0,-470.0,0.2283,0.7717,0.8124,433.0,-433.0,-0.0407,-0.0407,0.0407,2026-05-23T16:10:08.926317Z,full,provisional,"injury_very_stale,lineup_unconfirmed",unknown,projected,derived_from_projected_minutes,ok,finals_pending,current_phase8,ok,0.0,projected,not_available_yet,bdl_lineup_freshness_manifest,bdl_injuries_only,2026-05-23T16:10:27Z
morning,2026-05-23T16:11:19Z,2026-05-23,21713899,73,Jalen Brunson,NYK,CLE,False,pr,"{""0"": 5.007420083085538e-06, ""1"": 3.857525663381987e-05, ""2"": 0.00012175301542970683, ""3"": 0.00025775978718124167, ""4"": 0.0003795724882539888, ""5"": 0.000443490376267847, ""6"": 0.0005622130668003218, ""7"": 0.0008179102253229958, ""8"": 0.0011809820630235483, ""9"": 0.0016406844449227671, ""10"": 0.0022137645486047823, ""11"": 0.003051711846018265, ""12"": 0.00410988887058877, ""13"": 0.005412128448634557, ""14"": 0.006642782245623361, ""15"": 0.008523248433524571, ""16"": 0.01117881691067565, ""17"": 0.013842455745269752, ""18"": 0.016052844636763194, ""19"": 0.01798391469370166, ""20"": 0.020441373467076203, ""21"": 0.024156558597802642, ""22"": 0.029143723845590698, ""23"": 0.03485357896139753, ""24"": 0.04081923660440641, ""25"": 0.045075388787555855, ""26"": 0.04764364394465146, ""27"": 0.04880613360914019, ""28"": 0.050621968835605956, ""29"": 0.054228822674594966, ""30"": 0.0581702763529345, ""31"": 0.055587630967104056, ""32"": 0.049661936593605696, ""33"": 0.043653181560279294, ""34"": 0.04003506294009132, ""35"": 0.038370455220648116, ""36"": 0.036697056136658426, ""37"": 0.03306044354085259, ""38"": 0.02697492335429192, ""39"": 0.020728912540915113, ""40"": 0.016152192883577526, ""41"": 0.013846386204827086, ""42"": 0.012244565637409803, ""43"": 0.010392619771715642, ""44"": 0.008771724825231635, ""45"": 0.007254436839175327, ""46"": 0.006018848250997567, ""47"": 0.005409819481413262, ""48"": 0.005600801295001062, ""49"": 0.005227741113729088, ""50"": 0.004282249902117315, ""51"": 0.0034458914752887432, ""52"": 0.0025906463736318297, ""53"": 0.0017383863756945542, ""54"": 0.0011492803256089586, ""55"": 0.0007669396101164861, ""56"": 0.0004484447542347856, ""57"": 0.00026182161312847434, ""58"": 0.0001715149591710356, ""59"": 0.00014731279800980594, ""60"": 0.00015232676754289737, ""61"": 0.00016729215609474746, ""62"": 0.0001347813406275369, ""63"": 8.331510755191987e-05, ""64"": 4.810807639054769e-05, ""65"": 2.8573803033061294e-05, ""66"": 2.5681155733622718e-05, ""67"": 2.816449815812198e-05, ""68"": 3.346761775246936e-05, ""69"": 3.840786729742727e-05, ""70"": 3.69963813725799e-05, ""71"": 2.6424696352085884e-05, ""72"": 1.7955630917416354e-05, ""73"": 1.2420059759187195e-05, ""74"": 8.136722817116778e-06, ""75"": 5.321621263657868e-06, ""76"": 3.5490810016023667e-06, ""77"": 2.1218618897177165e-06, ""78"": 8.992264562008105e-07, ""79"": 3.5659887404026477e-07, ""80"": 4.794043479051638e-07, ""81"": 2.5498637501601146e-06, ""82"": 5.904712781199649e-06, ""83"": 1.019269296458271e-05, ""84"": 8.565137676721721e-06, ""85"": 4.275947214881217e-06, ""86"": 1.8181240582427751e-06, ""87"": 3.7215059283574256e-07, ""88"": 8.12305476731778e-08, ""89"": 2.2039784831831877e-08, ""90"": 7.235608895354943e-10, ""91"": 1.1867435530114394e-10, ""92"": 3.2200981717884515e-11, ""93"": 2.132956457626752e-12, ""94"": 2.0526524967489424e-13, ""95"": 1.2817330012542262e-14, ""96"": 8.385537553997639e-16, ""97"": 2.485944550005e-311, ""98"": 2.64973268834e-312, ""99"": 2.4011706189e-313, ""100"": 1.8499257977e-314, ""101"": 1.211702286e-315, ""102"": 6.7475775e-317, ""103"": 3.194554e-318, ""104"": 1.2858e-319, ""105"": 4.4e-321, ""106"": 1.3e-322, ""107"": 5e-324}",29.8517,29.8517,30,30,0.0,1.0,1.0,0.9998,0.9996,0.9992,0.9988,0.9982,0.9974,0.9962,0.9946,0.9923,0.9893,0.9852,0.9798,0.9731,0.9646,0.9534,0.9396,0.9235,0.9055,2497aaec#phase10c,"stat_grid:component_convolution_mean_coherent_v1+components[pts:pmf_sim_v1+role_aware_pmf_cal_v1:starter+monotone_pit_cdf_v1,reb:pmf_sim_v1+role_aware_pmf_cal_v1:starter+monotone_pit_cdf_v1]+prior_combo[joint_sampler_v1+joint_combo_pmf_v1+role_aware_pmf_cal_v1:starter+monotone_pit_cdf_v1]+stat_grid_final_component_convolution_mean_coherent_v1",phase8_role_aware_pmf_cal_v1+monotone_inactive_global_v1,starter,projected_minutes,high,33.0744,36.1936,16.0432,36.1936,39.7743,9.7677,0.05,0.9451,0.7415,starter,True,current_market_line,True,fanduel,fanduel,player_pr_over_under,37.5,37.5,0.1545,370.0,-600.0,0.1989,0.8011,0.8455,547.0,-547.0,-0.0443,-0.0443,0.0443,2026-05-23T16:10:08.926317Z,full,provisional,"injury_very_stale,lineup_unconfirmed",unknown,projected,derived_from_projected_minutes,ok,finals_pending,current_phase8,ok,0.0,projected,not_available_yet,bdl_lineup_freshness_manifest,bdl_injuries_only,2026-05-23T16:10:27Z
morning,2026-05-23T16:11:19Z,2026-05-23,21713899,73,Jalen Brunson,NYK,CLE,False,pr,"{""0"": 5.007420083085538e-06, ""1"": 3.857525663381987e-05, ""2"": 0.00012175301542970683, ""3"": 0.00025775978718124167, ""4"": 0.0003795724882539888, ""5"": 0.000443490376267847, ""6"": 0.0005622130668003218, ""7"": 0.0008179102253229958, ""8"": 0.0011809820630235483, ""9"": 0.0016406844449227671, ""10"": 0.0022137645486047823, ""11"": 0.003051711846018265, ""12"": 0.00410988887058877, ""13"": 0.005412128448634557, ""14"": 0.006642782245623361, ""15"": 0.008523248433524571, ""16"": 0.01117881691067565, ""17"": 0.013842455745269752, ""18"": 0.016052844636763194, ""19"": 0.01798391469370166, ""20"": 0.020441373467076203, ""21"": 0.024156558597802642, ""22"": 0.029143723845590698, ""23"": 0.03485357896139753, ""24"": 0.04081923660440641, ""25"": 0.045075388787555855, ""26"": 0.04764364394465146, ""27"": 0.04880613360914019, ""28"": 0.050621968835605956, ""29"": 0.054228822674594966, ""30"": 0.0581702763529345, ""31"": 0.055587630967104056, ""32"": 0.049661936593605696, ""33"": 0.043653181560279294, ""34"": 0.04003506294009132, ""35"": 0.038370455220648116, ""36"": 0.036697056136658426, ""37"": 0.03306044354085259, ""38"": 0.02697492335429192, ""39"": 0.020728912540915113, ""40"": 0.016152192883577526, ""41"": 0.013846386204827086, ""42"": 0.012244565637409803, ""43"": 0.010392619771715642, ""44"": 0.008771724825231635, ""45"": 0.007254436839175327, ""46"": 0.006018848250997567, ""47"": 0.005409819481413262, ""48"": 0.005600801295001062, ""49"": 0.005227741113729088, ""50"": 0.004282249902117315, ""51"": 0.0034458914752887432, ""52"": 0.0025906463736318297, ""53"": 0.0017383863756945542, ""54"": 0.0011492803256089586, ""55"": 0.0007669396101164861, ""56"": 0.0004484447542347856, ""57"": 0.00026182161312847434, ""58"": 0.0001715149591710356, ""59"": 0.00014731279800980594, ""60"": 0.00015232676754289737, ""61"": 0.00016729215609474746, ""62"": 0.0001347813406275369, ""63"": 8.331510755191987e-05, ""64"": 4.810807639054769e-05, ""65"": 2.8573803033061294e-05, ""66"": 2.5681155733622718e-05, ""67"": 2.816449815812198e-05, ""68"": 3.346761775246936e-05, ""69"": 3.840786729742727e-05, ""70"": 3.69963813725799e-05, ""71"": 2.6424696352085884e-05, ""72"": 1.7955630917416354e-05, ""73"": 1.2420059759187195e-05, ""74"": 8.136722817116778e-06, ""75"": 5.321621263657868e-06, ""76"": 3.5490810016023667e-06, ""77"": 2.1218618897177165e-06, ""78"": 8.992264562008105e-07, ""79"": 3.5659887404026477e-07, ""80"": 4.794043479051638e-07, ""81"": 2.5498637501601146e-06, ""82"": 5.904712781199649e-06, ""83"": 1.019269296458271e-05, ""84"": 8.565137676721721e-06, ""85"": 4.275947214881217e-06, ""86"": 1.8181240582427751e-06, ""87"": 3.7215059283574256e-07, ""88"": 8.12305476731778e-08, ""89"": 2.2039784831831877e-08, ""90"": 7.235608895354943e-10, ""91"": 1.1867435530114394e-10, ""92"": 3.2200981717884515e-11, ""93"": 2.132956457626752e-12, ""94"": 2.0526524967489424e-13, ""95"": 1.2817330012542262e-14, ""96"": 8.385537553997639e-16, ""97"": 2.485944550005e-311, ""98"": 2.64973268834e-312, ""99"": 2.4011706189e-313, ""100"": 1.8499257977e-314, ""101"": 1.211702286e-315, ""102"": 6.7475775e-317, ""103"": 3.194554e-318, ""104"": 1.2858e-319, ""105"": 4.4e-321, ""106"": 1.3e-322, ""107"": 5e-324}",29.8517,29.8517,30,30,0.0,1.0,1.0,0.9998,0.9996,0.9992,0.9988,0.9982,0.9974,0.9962,0.9946,0.9923,0.9893,0.9852,0.9798,0.9731,0.9646,0.9534,0.9396,0.9235,0.9055,2497aaec#phase10c,"stat_grid:component_convolution_mean_coherent_v1+components[pts:pmf_sim_v1+role_aware_pmf_cal_v1:starter+monotone_pit_cdf_v1,reb:pmf_sim_v1+role_aware_pmf_cal_v1:starter+monotone_pit_cdf_v1]+prior_combo[joint_sampler_v1+joint_combo_pmf_v1+role_aware_pmf_cal_v1:starter+monotone_pit_cdf_v1]+stat_grid_final_component_convolution_mean_coherent_v1",phase8_role_aware_pmf_cal_v1+monotone_inactive_global_v1,starter,projected_minutes,high,33.0744,36.1936,16.0432,36.1936,39.7743,9.7677,0.05,0.9451,0.7415,starter,True,current_market_line,True,fanduel,fanduel,player_pr_over_under,38.5,38.5,0.1275,450.0,-800.0,0.1698,0.8302,0.8725,684.0,-684.0,-0.0423,-0.0423,0.0423,2026-05-23T16:10:08.926317Z,full,provisional,"injury_very_stale,lineup_unconfirmed",unknown,projected,derived_from_projected_minutes,ok,finals_pending,current_phase8,ok,0.0,projected,not_available_yet,bdl_lineup_freshness_manifest,bdl_injuries_only,2026-05-23T16:10:27Z
morning,2026-05-23T16:11:19Z,2026-05-23,21713899,73,Jalen Brunson,NYK,CLE,False,pr,"{""0"": 5.007420083085538e-06, ""1"": 3.857525663381987e-05, ""2"": 0.00012175301542970683, ""3"": 0.00025775978718124167, ""4"": 0.0003795724882539888, ""5"": 0.000443490376267847, ""6"": 0.0005622130668003218, ""7"": 0.0008179102253229958, ""8"": 0.0011809820630235483, ""9"": 0.0016406844449227671, ""10"": 0.0022137645486047823, ""11"": 0.003051711846018265, ""12"": 0.00410988887058877, ""13"": 0.005412128448634557, ""14"": 0.006642782245623361, ""15"": 0.008523248433524571, ""16"": 0.01117881691067565, ""17"": 0.013842455745269752, ""18"": 0.016052844636763194, ""19"": 0.01798391469370166, ""20"": 0.020441373467076203, ""21"": 0.024156558597802642, ""22"": 0.029143723845590698, ""23"": 0.03485357896139753, ""24"": 0.04081923660440641, ""25"": 0.045075388787555855, ""26"": 0.04764364394465146, ""27"": 0.04880613360914019, ""28"": 0.050621968835605956, ""29"": 0.054228822674594966, ""30"": 0.0581702763529345, ""31"": 0.055587630967104056, ""32"": 0.049661936593605696, ""33"": 0.043653181560279294, ""34"": 0.04003506294009132, ""35"": 0.038370455220648116, ""36"": 0.036697056136658426, ""37"": 0.03306044354085259, ""38"": 0.02697492335429192, ""39"": 0.020728912540915113, ""40"": 0.016152192883577526, ""41"": 0.013846386204827086, ""42"": 0.012244565637409803, ""43"": 0.010392619771715642, ""44"": 0.008771724825231635, ""45"": 0.007254436839175327, ""46"": 0.006018848250997567, ""47"": 0.005409819481413262, ""48"": 0.005600801295001062, ""49"": 0.005227741113729088, ""50"": 0.004282249902117315, ""51"": 0.0034458914752887432, ""52"": 0.0025906463736318297, ""53"": 0.0017383863756945542, ""54"": 0.0011492803256089586, ""55"": 0.0007669396101164861, ""56"": 0.0004484447542347856, ""57"": 0.00026182161312847434, ""58"": 0.0001715149591710356, ""59"": 0.00014731279800980594, ""60"": 0.00015232676754289737, ""61"": 0.00016729215609474746, ""62"": 0.0001347813406275369, ""63"": 8.331510755191987e-05, ""64"": 4.810807639054769e-05, ""65"": 2.8573803033061294e-05, ""66"": 2.5681155733622718e-05, ""67"": 2.816449815812198e-05, ""68"": 3.346761775246936e-05, ""69"": 3.840786729742727e-05, ""70"": 3.69963813725799e-05, ""71"": 2.6424696352085884e-05, ""72"": 1.7955630917416354e-05, ""73"": 1.2420059759187195e-05, ""74"": 8.136722817116778e-06, ""75"": 5.321621263657868e-06, ""76"": 3.5490810016023667e-06, ""77"": 2.1218618897177165e-06, ""78"": 8.992264562008105e-07, ""79"": 3.5659887404026477e-07, ""80"": 4.794043479051638e-07, ""81"": 2.5498637501601146e-06, ""82"": 5.904712781199649e-06, ""83"": 1.019269296458271e-05, ""84"": 8.565137676721721e-06, ""85"": 4.275947214881217e-06, ""86"": 1.8181240582427751e-06, ""87"": 3.7215059283574256e-07, ""88"": 8.12305476731778e-08, ""89"": 2.2039784831831877e-08, ""90"": 7.235608895354943e-10, ""91"": 1.1867435530114394e-10, ""92"": 3.2200981717884515e-11, ""93"": 2.132956457626752e-12, ""94"": 2.0526524967489424e-13, ""95"": 1.2817330012542262e-14, ""96"": 8.385537553997639e-16, ""97"": 2.485944550005e-311, ""98"": 2.64973268834e-312, ""99"": 2.4011706189e-313, ""100"": 1.8499257977e-314, ""101"": 1.211702286e-315, ""102"": 6.7475775e-317, ""103"": 3.194554e-318, ""104"": 1.2858e-319, ""105"": 4.4e-321, ""106"": 1.3e-322, ""107"": 5e-324}",29.8517,29.8517,30,30,0.0,1.0,1.0,0.9998,0.9996,0.9992,0.9988,0.9982,0.9974,0.9962,0.9946,0.9923,0.9893,0.9852,0.9798,0.9731,0.9646,0.9534,0.9396,0.9235,0.9055,2497aaec#phase10c,"stat_grid:component_convolution_mean_coherent_v1+components[pts:pmf_sim_v1+role_aware_pmf_cal_v1:starter+monotone_pit_cdf_v1,reb:pmf_sim_v1+role_aware_pmf_cal_v1:starter+monotone_pit_cdf_v1]+prior_combo[joint_sampler_v1+joint_combo_pmf_v1+role_aware_pmf_cal_v1:starter+monotone_pit_cdf_v1]+stat_grid_final_component_convolution_mean_coherent_v1",phase8_role_aware_pmf_cal_v1+monotone_inactive_global_v1,starter,projected_minutes,high,33.0744,36.1936,16.0432,36.1936,39.7743,9.7677,0.05,0.9451,0.7415,starter,True,current_market_line,True,fanduel,fanduel,player_pr_over_under,26.5,26.5,0.6634,-225.0,162.0,0.6446,0.3554,0.3366,-197.0,197.0,0.0188,0.0188,-0.0188,2026-05-23T16:10:08.926317Z,full,provisional,"injury_very_stale,lineup_unconfirmed",unknown,projected,derived_from_projected_minutes,ok,finals_pending,current_phase8,ok,0.0,projected,not_available_yet,bdl_lineup_freshness_manifest,bdl_injuries_only,2026-05-23T16:10:27Z
morning,2026-05-23T16:11:19Z,2026-05-23,21713899,73,Jalen Brunson,NYK,CLE,False,pr,"{""0"": 5.007420083085538e-06, ""1"": 3.857525663381987e-05, ""2"": 0.00012175301542970683, ""3"": 0.00025775978718124167, ""4"": 0.0003795724882539888, ""5"": 0.000443490376267847, ""6"": 0.0005622130668003218, ""7"": 0.0008179102253229958, ""8"": 0.0011809820630235483, ""9"": 0.0016406844449227671, ""10"": 0.0022137645486047823, ""11"": 0.003051711846018265, ""12"": 0.00410988887058877, ""13"": 0.005412128448634557, ""14"": 0.006642782245623361, ""15"": 0.008523248433524571, ""16"": 0.01117881691067565, ""17"": 0.013842455745269752, ""18"": 0.016052844636763194, ""19"": 0.01798391469370166, ""20"": 0.020441373467076203, ""21"": 0.024156558597802642, ""22"": 0.029143723845590698, ""23"": 0.03485357896139753, ""24"": 0.04081923660440641, ""25"": 0.045075388787555855, ""26"": 0.04764364394465146, ""27"": 0.04880613360914019, ""28"": 0.050621968835605956, ""29"": 0.054228822674594966, ""30"": 0.0581702763529345, ""31"": 0.055587630967104056, ""32"": 0.049661936593605696, ""33"": 0.043653181560279294, ""34"": 0.04003506294009132, ""35"": 0.038370455220648116, ""36"": 0.036697056136658426, ""37"": 0.03306044354085259, ""38"": 0.02697492335429192, ""39"": 0.020728912540915113, ""40"": 0.016152192883577526, ""41"": 0.013846386204827086, ""42"": 0.012244565637409803, ""43"": 0.010392619771715642, ""44"": 0.008771724825231635, ""45"": 0.007254436839175327, ""46"": 0.006018848250997567, ""47"": 0.005409819481413262, ""48"": 0.005600801295001062, ""49"": 0.005227741113729088, ""50"": 0.004282249902117315, ""51"": 0.0034458914752887432, ""52"": 0.0025906463736318297, ""53"": 0.0017383863756945542, ""54"": 0.0011492803256089586, ""55"": 0.0007669396101164861, ""56"": 0.0004484447542347856, ""57"": 0.00026182161312847434, ""58"": 0.0001715149591710356, ""59"": 0.00014731279800980594, ""60"": 0.00015232676754289737, ""61"": 0.00016729215609474746, ""62"": 0.0001347813406275369, ""63"": 8.331510755191987e-05, ""64"": 4.810807639054769e-05, ""65"": 2.8573803033061294e-05, ""66"": 2.5681155733622718e-05, ""67"": 2.816449815812198e-05, ""68"": 3.346761775246936e-05, ""69"": 3.840786729742727e-05, ""70"": 3.69963813725799e-05, ""71"": 2.6424696352085884e-05, ""72"": 1.7955630917416354e-05, ""73"": 1.2420059759187195e-05, ""74"": 8.136722817116778e-06, ""75"": 5.321621263657868e-06, ""76"": 3.5490810016023667e-06, ""77"": 2.1218618897177165e-06, ""78"": 8.992264562008105e-07, ""79"": 3.5659887404026477e-07, ""80"": 4.794043479051638e-07, ""81"": 2.5498637501601146e-06, ""82"": 5.904712781199649e-06, ""83"": 1.019269296458271e-05, ""84"": 8.565137676721721e-06, ""85"": 4.275947214881217e-06, ""86"": 1.8181240582427751e-06, ""87"": 3.7215059283574256e-07, ""88"": 8.12305476731778e-08, ""89"": 2.2039784831831877e-08, ""90"": 7.235608895354943e-10, ""91"": 1.1867435530114394e-10, ""92"": 3.2200981717884515e-11, ""93"": 2.132956457626752e-12, ""94"": 2.0526524967489424e-13, ""95"": 1.2817330012542262e-14, ""96"": 8.385537553997639e-16, ""97"": 2.485944550005e-311, ""98"": 2.64973268834e-312, ""99"": 2.4011706189e-313, ""100"": 1.8499257977e-314, ""101"": 1.211702286e-315, ""102"": 6.7475775e-317, ""103"": 3.194554e-318, ""104"": 1.2858e-319, ""105"": 4.4e-321, ""106"": 1.3e-322, ""107"": 5e-324}",29.8517,29.8517,30,30,0.0,1.0,1.0,0.9998,0.9996,0.9992,0.9988,0.9982,0.9974,0.9962,0.9946,0.9923,0.9893,0.9852,0.9798,0.9731,0.9646,0.9534,0.9396,0.9235,0.9055,2497aaec#phase10c,"stat_grid:component_convolution_mean_coherent_v1+components[pts:pmf_sim_v1+role_aware_pmf_cal_v1:starter+monotone_pit_cdf_v1,reb:pmf_sim_v1+role_aware_pmf_cal_v1:starter+monotone_pit_cdf_v1]+prior_combo[joint_sampler_v1+joint_combo_pmf_v1+role_aware_pmf_cal_v1:starter+monotone_pit_cdf_v1]+stat_grid_final_component_convolution_mean_coherent_v1",phase8_role_aware_pmf_cal_v1+monotone_inactive_global_v1,starter,projected_minutes,high,33.0744,36.1936,16.0432,36.1936,39.7743,9.7677,0.05,0.9451,0.7415,starter,True,current_market_line,True,draftkings,draftkings,player_pr_over_under,30.5,30.5,0.4516,-106.0,-124.0,0.4817,0.5183,0.5484,121.0,-121.0,-0.0302,-0.0302,0.0302,2026-05-23T16:10:08.926317Z,full,provisional,"injury_very_stale,lineup_unconfirmed",unknown,projected,derived_from_projected_minutes,ok,finals_pending,current_phase8,ok,0.0,projected,not_available_yet,bdl_lineup_freshness_manifest,bdl_injuries_only,2026-05-23T16:10:27Z
morning,2026-05-23T16:11:19Z,2026-05-23,21713899,73,Jalen Brunson,NYK,CLE,False,pr,"{""0"": 5.007420083085538e-06, ""1"": 3.857525663381987e-05, ""2"": 0.00012175301542970683, ""3"": 0.00025775978718124167, ""4"": 0.0003795724882539888, ""5"": 0.000443490376267847, ""6"": 0.0005622130668003218, ""7"": 0.0008179102253229958, ""8"": 0.0011809820630235483, ""9"": 0.0016406844449227671, ""10"": 0.0022137645486047823, ""11"": 0.003051711846018265, ""12"": 0.00410988887058877, ""13"": 0.005412128448634557, ""14"": 0.006642782245623361, ""15"": 0.008523248433524571, ""16"": 0.01117881691067565, ""17"": 0.013842455745269752, ""18"": 0.016052844636763194, ""19"": 0.01798391469370166, ""20"": 0.020441373467076203, ""21"": 0.024156558597802642, ""22"": 0.029143723845590698, ""23"": 0.03485357896139753, ""24"": 0.04081923660440641, ""25"": 0.045075388787555855, ""26"": 0.04764364394465146, ""27"": 0.04880613360914019, ""28"": 0.050621968835605956, ""29"": 0.054228822674594966, ""30"": 0.0581702763529345, ""31"": 0.055587630967104056, ""32"": 0.049661936593605696, ""33"": 0.043653181560279294, ""34"": 0.04003506294009132, ""35"": 0.038370455220648116, ""36"": 0.036697056136658426, ""37"": 0.03306044354085259, ""38"": 0.02697492335429192, ""39"": 0.020728912540915113, ""40"": 0.016152192883577526, ""41"": 0.013846386204827086, ""42"": 0.012244565637409803, ""43"": 0.010392619771715642, ""44"": 0.008771724825231635, ""45"": 0.007254436839175327, ""46"": 0.006018848250997567, ""47"": 0.005409819481413262, ""48"": 0.005600801295001062, ""49"": 0.005227741113729088, ""50"": 0.004282249902117315, ""51"": 0.0034458914752887432, ""52"": 0.0025906463736318297, ""53"": 0.0017383863756945542, ""54"": 0.0011492803256089586, ""55"": 0.0007669396101164861, ""56"": 0.0004484447542347856, ""57"": 0.00026182161312847434, ""58"": 0.0001715149591710356, ""59"": 0.00014731279800980594, ""60"": 0.00015232676754289737, ""61"": 0.00016729215609474746, ""62"": 0.0001347813406275369, ""63"": 8.331510755191987e-05, ""64"": 4.810807639054769e-05, ""65"": 2.8573803033061294e-05, ""66"": 2.5681155733622718e-05, ""67"": 2.816449815812198e-05, ""68"": 3.346761775246936e-05, ""69"": 3.840786729742727e-05, ""70"": 3.69963813725799e-05, ""71"": 2.6424696352085884e-05, ""72"": 1.7955630917416354e-05, ""73"": 1.2420059759187195e-05, ""74"": 8.136722817116778e-06, ""75"": 5.321621263657868e-06, ""76"": 3.5490810016023667e-06, ""77"": 2.1218618897177165e-06, ""78"": 8.992264562008105e-07, ""79"": 3.5659887404026477e-07, ""80"": 4.794043479051638e-07, ""81"": 2.5498637501601146e-06, ""82"": 5.904712781199649e-06, ""83"": 1.019269296458271e-05, ""84"": 8.565137676721721e-06, ""85"": 4.275947214881217e-06, ""86"": 1.8181240582427751e-06, ""87"": 3.7215059283574256e-07, ""88"": 8.12305476731778e-08, ""89"": 2.2039784831831877e-08, ""90"": 7.235608895354943e-10, ""91"": 1.1867435530114394e-10, ""92"": 3.2200981717884515e-11, ""93"": 2.132956457626752e-12, ""94"": 2.0526524967489424e-13, ""95"": 1.2817330012542262e-14, ""96"": 8.385537553997639e-16, ""97"": 2.485944550005e-311, ""98"": 2.64973268834e-312, ""99"": 2.4011706189e-313, ""100"": 1.8499257977e-314, ""101"": 1.211702286e-315, ""102"": 6.7475775e-317, ""103"": 3.194554e-318, ""104"": 1.2858e-319, ""105"": 4.4e-321, ""106"": 1.3e-322, ""107"": 5e-324}",29.8517,29.8517,30,30,0.0,1.0,1.0,0.9998,0.9996,0.9992,0.9988,0.9982,0.9974,0.9962,0.9946,0.9923,0.9893,0.9852,0.9798,0.9731,0.9646,0.9534,0.9396,0.9235,0.9055,2497aaec#phase10c,"stat_grid:component_convolution_mean_coherent_v1+components[pts:pmf_sim_v1+role_aware_pmf_cal_v1:starter+monotone_pit_cdf_v1,reb:pmf_sim_v1+role_aware_pmf_cal_v1:starter+monotone_pit_cdf_v1]+prior_combo[joint_sampler_v1+joint_combo_pmf_v1+role_aware_pmf_cal_v1:starter+monotone_pit_cdf_v1]+stat_grid_final_component_convolution_mean_coherent_v1",phase8_role_aware_pmf_cal_v1+monotone_inactive_global_v1,starter,projected_minutes,high,33.0744,36.1936,16.0432,36.1936,39.7743,9.7677,0.05,0.9451,0.7415,starter,True,current_market_line,True,espnbet,espnbet,player_pr_over_under,29.5,29.5,0.5098,-120.0,-110.0,0.5101,0.4899,0.4902,-104.0,104.0,-0.0004,-0.0004,0.0004,2026-05-23T16:10:08.926317Z,full,provisional,"injury_very_stale,lineup_unconfirmed",unknown,projected,derived_from_projected_minutes,ok,finals_pending,current_phase8,ok,0.0,projected,not_available_yet,bdl_lineup_freshness_manifest,bdl_injuries_only,2026-05-23T16:10:27Z
morning,2026-05-23T16:11:19Z,2026-05-23,21713899,73,Jalen Brunson,NYK,CLE,False,pr,"{""0"": 5.007420083085538e-06, ""1"": 3.857525663381987e-05, ""2"": 0.00012175301542970683, ""3"": 0.00025775978718124167, ""4"": 0.0003795724882539888, ""5"": 0.000443490376267847, ""6"": 0.0005622130668003218, ""7"": 0.0008179102253229958, ""8"": 0.0011809820630235483, ""9"": 0.0016406844449227671, ""10"": 0.0022137645486047823, ""11"": 0.003051711846018265, ""12"": 0.00410988887058877, ""13"": 0.005412128448634557, ""14"": 0.006642782245623361, ""15"": 0.008523248433524571, ""16"": 0.01117881691067565, ""17"": 0.013842455745269752, ""18"": 0.016052844636763194, ""19"": 0.01798391469370166, ""20"": 0.020441373467076203, ""21"": 0.024156558597802642, ""22"": 0.029143723845590698, ""23"": 0.03485357896139753, ""24"": 0.04081923660440641, ""25"": 0.045075388787555855, ""26"": 0.04764364394465146, ""27"": 0.04880613360914019, ""28"": 0.050621968835605956, ""29"": 0.054228822674594966, ""30"": 0.0581702763529345, ""31"": 0.055587630967104056, ""32"": 0.049661936593605696, ""33"": 0.043653181560279294, ""34"": 0.04003506294009132, ""35"": 0.038370455220648116, ""36"": 0.036697056136658426, ""37"": 0.03306044354085259, ""38"": 0.02697492335429192, ""39"": 0.020728912540915113, ""40"": 0.016152192883577526, ""41"": 0.013846386204827086, ""42"": 0.012244565637409803, ""43"": 0.010392619771715642, ""44"": 0.008771724825231635, ""45"": 0.007254436839175327, ""46"": 0.006018848250997567, ""47"": 0.005409819481413262, ""48"": 0.005600801295001062, ""49"": 0.005227741113729088, ""50"": 0.004282249902117315, ""51"": 0.0034458914752887432, ""52"": 0.0025906463736318297, ""53"": 0.0017383863756945542, ""54"": 0.0011492803256089586, ""55"": 0.0007669396101164861, ""56"": 0.0004484447542347856, ""57"": 0.00026182161312847434, ""58"": 0.0001715149591710356, ""59"": 0.00014731279800980594, ""60"": 0.00015232676754289737, ""61"": 0.00016729215609474746, ""62"": 0.0001347813406275369, ""63"": 8.331510755191987e-05, ""64"": 4.810807639054769e-05, ""65"": 2.8573803033061294e-05, ""66"": 2.5681155733622718e-05, ""67"": 2.816449815812198e-05, ""68"": 3.346761775246936e-05, ""69"": 3.840786729742727e-05, ""70"": 3.69963813725799e-05, ""71"": 2.6424696352085884e-05, ""72"": 1.7955630917416354e-05, ""73"": 1.2420059759187195e-05, ""74"": 8.136722817116778e-06, ""75"": 5.321621263657868e-06, ""76"": 3.5490810016023667e-06, ""77"": 2.1218618897177165e-06, ""78"": 8.992264562008105e-07, ""79"": 3.5659887404026477e-07, ""80"": 4.794043479051638e-07, ""81"": 2.5498637501601146e-06, ""82"": 5.904712781199649e-06, ""83"": 1.019269296458271e-05, ""84"": 8.565137676721721e-06, ""85"": 4.275947214881217e-06, ""86"": 1.8181240582427751e-06, ""87"": 3.7215059283574256e-07, ""88"": 8.12305476731778e-08, ""89"": 2.2039784831831877e-08, ""90"": 7.235608895354943e-10, ""91"": 1.1867435530114394e-10, ""92"": 3.2200981717884515e-11, ""93"": 2.132956457626752e-12, ""94"": 2.0526524967489424e-13, ""95"": 1.2817330012542262e-14, ""96"": 8.385537553997639e-16, ""97"": 2.485944550005e-311, ""98"": 2.64973268834e-312, ""99"": 2.4011706189e-313, ""100"": 1.8499257977e-314, ""101"": 1.211702286e-315, ""102"": 6.7475775e-317, ""103"": 3.194554e-318, ""104"": 1.2858e-319, ""105"": 4.4e-321, ""106"": 1.3e-322, ""107"": 5e-324}",29.8517,29.8517,30,30,0.0,1.0,1.0,0.9998,0.9996,0.9992,0.9988,0.9982,0.9974,0.9962,0.9946,0.9923,0.9893,0.9852,0.9798,0.9731,0.9646,0.9534,0.9396,0.9235,0.9055,2497aaec#phase10c,"stat_grid:component_convolution_mean_coherent_v1+components[pts:pmf_sim_v1+role_aware_pmf_cal_v1:starter+monotone_pit_cdf_v1,reb:pmf_sim_v1+role_aware_pmf_cal_v1:starter+monotone_pit_cdf_v1]+prior_combo[joint_sampler_v1+joint_combo_pmf_v1+role_aware_pmf_cal_v1:starter+monotone_pit_cdf_v1]+stat_grid_final_component_convolution_mean_coherent_v1",phase8_role_aware_pmf_cal_v1+monotone_inactive_global_v1,starter,projected_minutes,high,33.0744,36.1936,16.0432,36.1936,39.7743,9.7677,0.05,0.9451,0.7415,starter,True,current_market_line,True,hardrockbet_az,hardrockbet_az,player_pr_over_under,29.5,29.5,0.5098,-125.0,-105.0,0.5203,0.4797,0.4902,-104.0,104.0,-0.0106,-0.0106,0.0106,2026-05-23T16:10:08.926317Z,full,provisional,"injury_very_stale,lineup_unconfirmed",unknown,projected,derived_from_projected_minutes,ok,finals_pending,current_phase8,ok,0.0,projected,not_available_yet,bdl_lineup_freshness_manifest,bdl_injuries_only,2026-05-23T16:10:27Z
morning,2026-05-23T16:11:19Z,2026-05-23,21713899,73,Jalen Brunson,NYK,CLE,False,pr,"{""0"": 5.007420083085538e-06, ""1"": 3.857525663381987e-05, ""2"": 0.00012175301542970683, ""3"": 0.00025775978718124167, ""4"": 0.0003795724882539888, ""5"": 0.000443490376267847, ""6"": 0.0005622130668003218, ""7"": 0.0008179102253229958, ""8"": 0.0011809820630235483, ""9"": 0.0016406844449227671, ""10"": 0.0022137645486047823, ""11"": 0.003051711846018265, ""12"": 0.00410988887058877, ""13"": 0.005412128448634557, ""14"": 0.006642782245623361, ""15"": 0.008523248433524571, ""16"": 0.01117881691067565, ""17"": 0.013842455745269752, ""18"": 0.016052844636763194, ""19"": 0.01798391469370166, ""20"": 0.020441373467076203, ""21"": 0.024156558597802642, ""22"": 0.029143723845590698, ""23"": 0.03485357896139753, ""24"": 0.04081923660440641, ""25"": 0.045075388787555855, ""26"": 0.04764364394465146, ""27"": 0.04880613360914019, ""28"": 0.050621968835605956, ""29"": 0.054228822674594966, ""30"": 0.0581702763529345, ""31"": 0.055587630967104056, ""32"": 0.049661936593605696, ""33"": 0.043653181560279294, ""34"": 0.04003506294009132, ""35"": 0.038370455220648116, ""36"": 0.036697056136658426, ""37"": 0.03306044354085259, ""38"": 0.02697492335429192, ""39"": 0.020728912540915113, ""40"": 0.016152192883577526, ""41"": 0.013846386204827086, ""42"": 0.012244565637409803, ""43"": 0.010392619771715642, ""44"": 0.008771724825231635, ""45"": 0.007254436839175327, ""46"": 0.006018848250997567, ""47"": 0.005409819481413262, ""48"": 0.005600801295001062, ""49"": 0.005227741113729088, ""50"": 0.004282249902117315, ""51"": 0.0034458914752887432, ""52"": 0.0025906463736318297, ""53"": 0.0017383863756945542, ""54"": 0.0011492803256089586, ""55"": 0.0007669396101164861, ""56"": 0.0004484447542347856, ""57"": 0.00026182161312847434, ""58"": 0.0001715149591710356, ""59"": 0.00014731279800980594, ""60"": 0.00015232676754289737, ""61"": 0.00016729215609474746, ""62"": 0.0001347813406275369, ""63"": 8.331510755191987e-05, ""64"": 4.810807639054769e-05, ""65"": 2.8573803033061294e-05, ""66"": 2.5681155733622718e-05, ""67"": 2.816449815812198e-05, ""68"": 3.346761775246936e-05, ""69"": 3.840786729742727e-05, ""70"": 3.69963813725799e-05, ""71"": 2.6424696352085884e-05, ""72"": 1.7955630917416354e-05, ""73"": 1.2420059759187195e-05, ""74"": 8.136722817116778e-06, ""75"": 5.321621263657868e-06, ""76"": 3.5490810016023667e-06, ""77"": 2.1218618897177165e-06, ""78"": 8.992264562008105e-07, ""79"": 3.5659887404026477e-07, ""80"": 4.794043479051638e-07, ""81"": 2.5498637501601146e-06, ""82"": 5.904712781199649e-06, ""83"": 1.019269296458271e-05, ""84"": 8.565137676721721e-06, ""85"": 4.275947214881217e-06, ""86"": 1.8181240582427751e-06, ""87"": 3.7215059283574256e-07, ""88"": 8.12305476731778e-08, ""89"": 2.2039784831831877e-08, ""90"": 7.235608895354943e-10, ""91"": 1.1867435530114394e-10, ""92"": 3.2200981717884515e-11, ""93"": 2.132956457626752e-12, ""94"": 2.0526524967489424e-13, ""95"": 1.2817330012542262e-14, ""96"": 8.385537553997639e-16, ""97"": 2.485944550005e-311, ""98"": 2.64973268834e-312, ""99"": 2.4011706189e-313, ""100"": 1.8499257977e-314, ""101"": 1.211702286e-315, ""102"": 6.7475775e-317, ""103"": 3.194554e-318, ""104"": 1.2858e-319, ""105"": 4.4e-321, ""106"": 1.3e-322, ""107"": 5e-324}",29.8517,29.8517,30,30,0.0,1.0,1.0,0.9998,0.9996,0.9992,0.9988,0.9982,0.9974,0.9962,0.9946,0.9923,0.9893,0.9852,0.9798,0.9731,0.9646,0.9534,0.9396,0.9235,0.9055,2497aaec#phase10c,"stat_grid:component_convolution_mean_coherent_v1+components[pts:pmf_sim_v1+role_aware_pmf_cal_v1:starter+monotone_pit_cdf_v1,reb:pmf_sim_v1+role_aware_pmf_cal_v1:starter+monotone_pit_cdf_v1]+prior_combo[joint_sampler_v1+joint_combo_pmf_v1+role_aware_pmf_cal_v1:starter+monotone_pit_cdf_v1]+stat_grid_final_component_convolution_mean_coherent_v1",phase8_role_aware_pmf_cal_v1+monotone_inactive_global_v1,starter,projected_minutes,high,33.0744,36.1936,16.0432,36.1936,39.7743,9.7677,0.05,0.9451,0.7415,starter,True,current_market_line,True,hardrockbet_fl,hardrockbet_fl,player_pr_over_under,29.5,29.5,0.5098,-125.0,-105.0,0.5203,0.4797,0.4902,-104.0,104.0,-0.0106,-0.0106,0.0106,2026-05-23T16:10:08.926317Z,full,provisional,"injury_very_stale,lineup_unconfirmed",unknown,projected,derived_from_projected_minutes,ok,finals_pending,current_phase8,ok,0.0,projected,not_available_yet,bdl_lineup_freshness_manifest,bdl_injuries_only,2026-05-23T16:10:27Z
morning,2026-05-23T16:11:19Z,2026-05-23,21713899,73,Jalen Brunson,NYK,CLE,False,pr,"{""0"": 5.007420083085538e-06, ""1"": 3.857525663381987e-05, ""2"": 0.00012175301542970683, ""3"": 0.00025775978718124167, ""4"": 0.0003795724882539888, ""5"": 0.000443490376267847, ""6"": 0.0005622130668003218, ""7"": 0.0008179102253229958, ""8"": 0.0011809820630235483, ""9"": 0.0016406844449227671, ""10"": 0.0022137645486047823, ""11"": 0.003051711846018265, ""12"": 0.00410988887058877, ""13"": 0.005412128448634557, ""14"": 0.006642782245623361, ""15"": 0.008523248433524571, ""16"": 0.01117881691067565, ""17"": 0.013842455745269752, ""18"": 0.016052844636763194, ""19"": 0.01798391469370166, ""20"": 0.020441373467076203, ""21"": 0.024156558597802642, ""22"": 0.029143723845590698, ""23"": 0.03485357896139753, ""24"": 0.04081923660440641, ""25"": 0.045075388787555855, ""26"": 0.04764364394465146, ""27"": 0.04880613360914019, ""28"": 0.050621968835605956, ""29"": 0.054228822674594966, ""30"": 0.0581702763529345, ""31"": 0.055587630967104056, ""32"": 0.049661936593605696, ""33"": 0.043653181560279294, ""34"": 0.04003506294009132, ""35"": 0.038370455220648116, ""36"": 0.036697056136658426, ""37"": 0.03306044354085259, ""38"": 0.02697492335429192, ""39"": 0.020728912540915113, ""40"": 0.016152192883577526, ""41"": 0.013846386204827086, ""42"": 0.012244565637409803, ""43"": 0.010392619771715642, ""44"": 0.008771724825231635, ""45"": 0.007254436839175327, ""46"": 0.006018848250997567, ""47"": 0.005409819481413262, ""48"": 0.005600801295001062, ""49"": 0.005227741113729088, ""50"": 0.004282249902117315, ""51"": 0.0034458914752887432, ""52"": 0.0025906463736318297, ""53"": 0.0017383863756945542, ""54"": 0.0011492803256089586, ""55"": 0.0007669396101164861, ""56"": 0.0004484447542347856, ""57"": 0.00026182161312847434, ""58"": 0.0001715149591710356, ""59"": 0.00014731279800980594, ""60"": 0.00015232676754289737, ""61"": 0.00016729215609474746, ""62"": 0.0001347813406275369, ""63"": 8.331510755191987e-05, ""64"": 4.810807639054769e-05, ""65"": 2.8573803033061294e-05, ""66"": 2.5681155733622718e-05, ""67"": 2.816449815812198e-05, ""68"": 3.346761775246936e-05, ""69"": 3.840786729742727e-05, ""70"": 3.69963813725799e-05, ""71"": 2.6424696352085884e-05, ""72"": 1.7955630917416354e-05, ""73"": 1.2420059759187195e-05, ""74"": 8.136722817116778e-06, ""75"": 5.321621263657868e-06, ""76"": 3.5490810016023667e-06, ""77"": 2.1218618897177165e-06, ""78"": 8.992264562008105e-07, ""79"": 3.5659887404026477e-07, ""80"": 4.794043479051638e-07, ""81"": 2.5498637501601146e-06, ""82"": 5.904712781199649e-06, ""83"": 1.019269296458271e-05, ""84"": 8.565137676721721e-06, ""85"": 4.275947214881217e-06, ""86"": 1.8181240582427751e-06, ""87"": 3.7215059283574256e-07, ""88"": 8.12305476731778e-08, ""89"": 2.2039784831831877e-08, ""90"": 7.235608895354943e-10, ""91"": 1.1867435530114394e-10, ""92"": 3.2200981717884515e-11, ""93"": 2.132956457626752e-12, ""94"": 2.0526524967489424e-13, ""95"": 1.2817330012542262e-14, ""96"": 8.385537553997639e-16, ""97"": 2.485944550005e-311, ""98"": 2.64973268834e-312, ""99"": 2.4011706189e-313, ""100"": 1.8499257977e-314, ""101"": 1.211702286e-315, ""102"": 6.7475775e-317, ""103"": 3.194554e-318, ""104"": 1.2858e-319, ""105"": 4.4e-321, ""106"": 1.3e-322, ""107"": 5e-324}",29.8517,29.8517,30,30,0.0,1.0,1.0,0.9998,0.9996,0.9992,0.9988,0.9982,0.9974,0.9962,0.9946,0.9923,0.9893,0.9852,0.9798,0.9731,0.9646,0.9534,0.9396,0.9235,0.9055,2497aaec#phase10c,"stat_grid:component_convolution_mean_coherent_v1+components[pts:pmf_sim_v1+role_aware_pmf_cal_v1:starter+monotone_pit_cdf_v1,reb:pmf_sim_v1+role_aware_pmf_cal_v1:starter+monotone_pit_cdf_v1]+prior_combo[joint_sampler_v1+joint_combo_pmf_v1+role_aware_pmf_cal_v1:starter+monotone_pit_cdf_v1]+stat_grid_final_component_convolution_mean_coherent_v1",phase8_role_aware_pmf_cal_v1+monotone_inactive_global_v1,starter,projected_minutes,high,33.0744,36.1936,16.0432,36.1936,39.7743,9.7677,0.05,0.9451,0.7415,starter,True,current_market_line,True,fliff,fliff,player_pr_over_under,29.5,29.5,0.5098,-130.0,-115.0,0.5138,0.4862,0.4902,-104.0,104.0,-0.004,-0.004,0.004,2026-05-23T16:10:08.926317Z,full,provisional,"injury_very_stale,lineup_unconfirmed",unknown,projected,derived_from_projected_minutes,ok,finals_pending,current_phase8,ok,0.0,projected,not_available_yet,bdl_lineup_freshness_manifest,bdl_injuries_only,2026-05-23T16:10:27Z
morning,2026-05-23T16:11:19Z,2026-05-23,21713899,73,Jalen Brunson,NYK,CLE,False,pr,"{""0"": 5.007420083085538e-06, ""1"": 3.857525663381987e-05, ""2"": 0.00012175301542970683, ""3"": 0.00025775978718124167, ""4"": 0.0003795724882539888, ""5"": 0.000443490376267847, ""6"": 0.0005622130668003218, ""7"": 0.0008179102253229958, ""8"": 0.0011809820630235483, ""9"": 0.0016406844449227671, ""10"": 0.0022137645486047823, ""11"": 0.003051711846018265, ""12"": 0.00410988887058877, ""13"": 0.005412128448634557, ""14"": 0.006642782245623361, ""15"": 0.008523248433524571, ""16"": 0.01117881691067565, ""17"": 0.013842455745269752, ""18"": 0.016052844636763194, ""19"": 0.01798391469370166, ""20"": 0.020441373467076203, ""21"": 0.024156558597802642, ""22"": 0.029143723845590698, ""23"": 0.03485357896139753, ""24"": 0.04081923660440641, ""25"": 0.045075388787555855, ""26"": 0.04764364394465146, ""27"": 0.04880613360914019, ""28"": 0.050621968835605956, ""29"": 0.054228822674594966, ""30"": 0.0581702763529345, ""31"": 0.055587630967104056, ""32"": 0.049661936593605696, ""33"": 0.043653181560279294, ""34"": 0.04003506294009132, ""35"": 0.038370455220648116, ""36"": 0.036697056136658426, ""37"": 0.03306044354085259, ""38"": 0.02697492335429192, ""39"": 0.020728912540915113, ""40"": 0.016152192883577526, ""41"": 0.013846386204827086, ""42"": 0.012244565637409803, ""43"": 0.010392619771715642, ""44"": 0.008771724825231635, ""45"": 0.007254436839175327, ""46"": 0.006018848250997567, ""47"": 0.005409819481413262, ""48"": 0.005600801295001062, ""49"": 0.005227741113729088, ""50"": 0.004282249902117315, ""51"": 0.0034458914752887432, ""52"": 0.0025906463736318297, ""53"": 0.0017383863756945542, ""54"": 0.0011492803256089586, ""55"": 0.0007669396101164861, ""56"": 0.0004484447542347856, ""57"": 0.00026182161312847434, ""58"": 0.0001715149591710356, ""59"": 0.00014731279800980594, ""60"": 0.00015232676754289737, ""61"": 0.00016729215609474746, ""62"": 0.0001347813406275369, ""63"": 8.331510755191987e-05, ""64"": 4.810807639054769e-05, ""65"": 2.8573803033061294e-05, ""66"": 2.5681155733622718e-05, ""67"": 2.816449815812198e-05, ""68"": 3.346761775246936e-05, ""69"": 3.840786729742727e-05, ""70"": 3.69963813725799e-05, ""71"": 2.6424696352085884e-05, ""72"": 1.7955630917416354e-05, ""73"": 1.2420059759187195e-05, ""74"": 8.136722817116778e-06, ""75"": 5.321621263657868e-06, ""76"": 3.5490810016023667e-06, ""77"": 2.1218618897177165e-06, ""78"": 8.992264562008105e-07, ""79"": 3.5659887404026477e-07, ""80"": 4.794043479051638e-07, ""81"": 2.5498637501601146e-06, ""82"": 5.904712781199649e-06, ""83"": 1.019269296458271e-05, ""84"": 8.565137676721721e-06, ""85"": 4.275947214881217e-06, ""86"": 1.8181240582427751e-06, ""87"": 3.7215059283574256e-07, ""88"": 8.12305476731778e-08, ""89"": 2.2039784831831877e-08, ""90"": 7.235608895354943e-10, ""91"": 1.1867435530114394e-10, ""92"": 3.2200981717884515e-11, ""93"": 2.132956457626752e-12, ""94"": 2.0526524967489424e-13, ""95"": 1.2817330012542262e-14, ""96"": 8.385537553997639e-16, ""97"": 2.485944550005e-311, ""98"": 2.64973268834e-312, ""99"": 2.4011706189e-313, ""100"": 1.8499257977e-314, ""101"": 1.211702286e-315, ""102"": 6.7475775e-317, ""103"": 3.194554e-318, ""104"": 1.2858e-319, ""105"": 4.4e-321, ""106"": 1.3e-322, ""107"": 5e-324}",29.8517,29.8517,30,30,0.0,1.0,1.0,0.9998,0.9996,0.9992,0.9988,0.9982,0.9974,0.9962,0.9946,0.9923,0.9893,0.9852,0.9798,0.9731,0.9646,0.9534,0.9396,0.9235,0.9055,2497aaec#phase10c,"stat_grid:component_convolution_mean_coherent_v1+components[pts:pmf_sim_v1+role_aware_pmf_cal_v1:starter+monotone_pit_cdf_v1,reb:pmf_sim_v1+role_aware_pmf_cal_v1:starter+monotone_pit_cdf_v1]+prior_combo[joint_sampler_v1+joint_combo_pmf_v1+role_aware_pmf_cal_v1:starter+monotone_pit_cdf_v1]+stat_grid_final_component_convolution_mean_coherent_v1",phase8_role_aware_pmf_cal_v1+monotone_inactive_global_v1,starter,projected_minutes,high,33.0744,36.1936,16.0432,36.1936,39.7743,9.7677,0.05,0.9451,0.7415,starter,True,current_market_line,True,hardrockbet,hardrockbet,player_pr_over_under,29.5,29.5,0.5098,-125.0,-105.0,0.5203,0.4797,0.4902,-104.0,104.0,-0.0106,-0.0106,0.0106,2026-05-23T16:10:08.926317Z,full,provisional,"injury_very_stale,lineup_unconfirmed",unknown,projected,derived_from_projected_minutes,ok,finals_pending,current_phase8,ok,0.0,projected,not_available_yet,bdl_lineup_freshness_manifest,bdl_injuries_only,2026-05-23T16:10:27Z
morning,2026-05-23T16:11:19Z,2026-05-23,21713899,73,Jalen Brunson,NYK,CLE,False,ra,"{""0"": 5.5022434096713636e-05, ""1"": 0.00036114829386084174, ""2"": 0.0010091808486984886, ""3"": 0.0025848911082606047, ""4"": 0.0057935986384321896, ""5"": 0.014028740537756025, ""6"": 0.03206284645784972, ""7"": 0.06213601003401116, ""8"": 0.10243010159649613, ""9"": 0.14115348861616042, ""10"": 0.1636002012449953, ""11"": 0.1593275082265142, ""12"": 0.1317832361457066, ""13"": 0.09086667243133624, ""14"": 0.051541843072732255, ""15"": 0.024865907238888374, ""16"": 0.010390593277355612, ""17"": 0.00394555044364788, ""18"": 0.0014167470493636413, ""19"": 0.00046482190272266986, ""20"": 0.00013592036973105392, ""21"": 3.480154095628056e-05, ""22"": 8.477499145709496e-06, ""23"": 2.0664201840454765e-06, ""24"": 4.697434350018408e-07, ""25"": 1.1555807091448324e-07, ""26"": 3.020212666994385e-08, ""27"": 7.008895445149657e-09, ""28"": 1.6231174820381356e-09, ""29"": 3.491175619704164e-10, ""30"": 6.857438230522317e-11, ""31"": 1.4883918298835383e-11, ""32"": 2.3604307816602942e-12, ""33"": 4.340775621656374e-13, ""34"": 7.730554584681679e-14, ""35"": 3.958087798268444e-15, ""36"": 6.185517522629501e-16, ""37"": 1.098454311345408e-16, ""38"": 7.608265461173877e-18, ""39"": 6.673515112827658e-19, ""40"": 4.096727936111035e-20, ""41"": 2.3486180352656317e-21, ""42"": 9.480232e-317, ""43"": 9.50626e-318, ""44"": 8.22165e-319, ""45"": 6.1076e-320, ""46"": 3.893e-321, ""47"": 2.08e-322, ""48"": 1e-323}",10.3378,10.3378,10,10,0.0001,0.9999,0.9996,0.9986,0.996,0.9902,0.9762,0.9441,0.882,0.7795,0.6384,0.4748,0.3155,0.1837,0.0928,0.0413,0.0164,0.006,0.0021,0.0006,0.0002,2497aaec#phase10c,"stat_grid:component_convolution_mean_coherent_v1+components[reb:pmf_sim_v1+role_aware_pmf_cal_v1:starter+monotone_pit_cdf_v1,ast:pmf_sim_v1+role_aware_pmf_cal_v1:starter+monotone_pit_cdf_v1]+prior_combo[joint_sampler_v1+joint_combo_pmf_v1+role_aware_pmf_cal_v1:starter+monotone_pit_cdf_v1]+stat_grid_final_component_convolution_mean_coherent_v1",phase8_role_aware_pmf_cal_v1+monotone_inactive_global_v1,starter,projected_minutes,high,33.0744,36.1936,16.0432,36.1936,39.7743,9.7677,0.05,0.9451,0.7415,starter,True,current_market_line,True,fanduel,fanduel,player_ra_over_under,7.5,7.5,0.882,-580.0,360.0,0.7969,0.2031,0.118,-747.0,747.0,0.0851,0.0851,-0.0851,2026-05-23T16:10:08.926317Z,full,provisional,"injury_very_stale,lineup_unconfirmed",unknown,projected,derived_from_projected_minutes,ok,finals_pending,current_phase8,ok,0.0,projected,not_available_yet,bdl_lineup_freshness_manifest,bdl_injuries_only,2026-05-23T16:10:27Z
morning,2026-05-23T16:11:19Z,2026-05-23,21713899,73,Jalen Brunson,NYK,CLE,False,ra,"{""0"": 5.5022434096713636e-05, ""1"": 0.00036114829386084174, ""2"": 0.0010091808486984886, ""3"": 0.0025848911082606047, ""4"": 0.0057935986384321896, ""5"": 0.014028740537756025, ""6"": 0.03206284645784972, ""7"": 0.06213601003401116, ""8"": 0.10243010159649613, ""9"": 0.14115348861616042, ""10"": 0.1636002012449953, ""11"": 0.1593275082265142, ""12"": 0.1317832361457066, ""13"": 0.09086667243133624, ""14"": 0.051541843072732255, ""15"": 0.024865907238888374, ""16"": 0.010390593277355612, ""17"": 0.00394555044364788, ""18"": 0.0014167470493636413, ""19"": 0.00046482190272266986, ""20"": 0.00013592036973105392, ""21"": 3.480154095628056e-05, ""22"": 8.477499145709496e-06, ""23"": 2.0664201840454765e-06, ""24"": 4.697434350018408e-07, ""25"": 1.1555807091448324e-07, ""26"": 3.020212666994385e-08, ""27"": 7.008895445149657e-09, ""28"": 1.6231174820381356e-09, ""29"": 3.491175619704164e-10, ""30"": 6.857438230522317e-11, ""31"": 1.4883918298835383e-11, ""32"": 2.3604307816602942e-12, ""33"": 4.340775621656374e-13, ""34"": 7.730554584681679e-14, ""35"": 3.958087798268444e-15, ""36"": 6.185517522629501e-16, ""37"": 1.098454311345408e-16, ""38"": 7.608265461173877e-18, ""39"": 6.673515112827658e-19, ""40"": 4.096727936111035e-20, ""41"": 2.3486180352656317e-21, ""42"": 9.480232e-317, ""43"": 9.50626e-318, ""44"": 8.22165e-319, ""45"": 6.1076e-320, ""46"": 3.893e-321, ""47"": 2.08e-322, ""48"": 1e-323}",10.3378,10.3378,10,10,0.0001,0.9999,0.9996,0.9986,0.996,0.9902,0.9762,0.9441,0.882,0.7795,0.6384,0.4748,0.3155,0.1837,0.0928,0.0413,0.0164,0.006,0.0021,0.0006,0.0002,2497aaec#phase10c,"stat_grid:component_convolution_mean_coherent_v1+components[reb:pmf_sim_v1+role_aware_pmf_cal_v1:starter+monotone_pit_cdf_v1,ast:pmf_sim_v1+role_aware_pmf_cal_v1:starter+monotone_pit_cdf_v1]+prior_combo[joint_sampler_v1+joint_combo_pmf_v1+role_aware_pmf_cal_v1:starter+monotone_pit_cdf_v1]+stat_grid_final_component_convolution_mean_coherent_v1",phase8_role_aware_pmf_cal_v1+monotone_inactive_global_v1,starter,projected_minutes,high,33.0744,36.1936,16.0432,36.1936,39.7743,9.7677,0.05,0.9451,0.7415,starter,True,current_market_line,True,fanduel,fanduel,player_ra_over_under,8.5,8.5,0.7795,-300.0,210.0,0.6992,0.3008,0.2205,-354.0,354.0,0.0803,0.0803,-0.0803,2026-05-23T16:10:08.926317Z,full,provisional,"injury_very_stale,lineup_unconfirmed",unknown,projected,derived_from_projected_minutes,ok,finals_pending,current_phase8,ok,0.0,projected,not_available_yet,bdl_lineup_freshness_manifest,bdl_injuries_only,2026-05-23T16:10:27Z
morning,2026-05-23T16:11:19Z,2026-05-23,21713899,73,Jalen Brunson,NYK,CLE,False,ra,"{""0"": 5.5022434096713636e-05, ""1"": 0.00036114829386084174, ""2"": 0.0010091808486984886, ""3"": 0.0025848911082606047, ""4"": 0.0057935986384321896, ""5"": 0.014028740537756025, ""6"": 0.03206284645784972, ""7"": 0.06213601003401116, ""8"": 0.10243010159649613, ""9"": 0.14115348861616042, ""10"": 0.1636002012449953, ""11"": 0.1593275082265142, ""12"": 0.1317832361457066, ""13"": 0.09086667243133624, ""14"": 0.051541843072732255, ""15"": 0.024865907238888374, ""16"": 0.010390593277355612, ""17"": 0.00394555044364788, ""18"": 0.0014167470493636413, ""19"": 0.00046482190272266986, ""20"": 0.00013592036973105392, ""21"": 3.480154095628056e-05, ""22"": 8.477499145709496e-06, ""23"": 2.0664201840454765e-06, ""24"": 4.697434350018408e-07, ""25"": 1.1555807091448324e-07, ""26"": 3.020212666994385e-08, ""27"": 7.008895445149657e-09, ""28"": 1.6231174820381356e-09, ""29"": 3.491175619704164e-10, ""30"": 6.857438230522317e-11, ""31"": 1.4883918298835383e-11, ""32"": 2.3604307816602942e-12, ""33"": 4.340775621656374e-13, ""34"": 7.730554584681679e-14, ""35"": 3.958087798268444e-15, ""36"": 6.185517522629501e-16, ""37"": 1.098454311345408e-16, ""38"": 7.608265461173877e-18, ""39"": 6.673515112827658e-19, ""40"": 4.096727936111035e-20, ""41"": 2.3486180352656317e-21, ""42"": 9.480232e-317, ""43"": 9.50626e-318, ""44"": 8.22165e-319, ""45"": 6.1076e-320, ""46"": 3.893e-321, ""47"": 2.08e-322, ""48"": 1e-323}",10.3378,10.3378,10,10,0.0001,0.9999,0.9996,0.9986,0.996,0.9902,0.9762,0.9441,0.882,0.7795,0.6384,0.4748,0.3155,0.1837,0.0928,0.0413,0.0164,0.006,0.0021,0.0006,0.0002,2497aaec#phase10c,"stat_grid:component_convolution_mean_coherent_v1+components[reb:pmf_sim_v1+role_aware_pmf_cal_v1:starter+monotone_pit_cdf_v1,ast:pmf_sim_v1+role_aware_pmf_cal_v1:starter+monotone_pit_cdf_v1]+prior_combo[joint_sampler_v1+joint_combo_pmf_v1+role_aware_pmf_cal_v1:starter+monotone_pit_cdf_v1]+stat_grid_final_component_convolution_mean_coherent_v1",phase8_role_aware_pmf_cal_v1+monotone_inactive_global_v1,starter,projected_minutes,high,33.0744,36.1936,16.0432,36.1936,39.7743,9.7677,0.05,0.9451,0.7415,starter,True,current_market_line,True,fanduel,fanduel,player_ra_over_under,9.5,9.5,0.6384,-174.0,130.0,0.5936,0.4064,0.3616,-177.0,177.0,0.0448,0.0448,-0.0448,2026-05-23T16:10:08.926317Z,full,provisional,"injury_very_stale,lineup_unconfirmed",unknown,projected,derived_from_projected_minutes,ok,finals_pending,current_phase8,ok,0.0,projected,not_available_yet,bdl_lineup_freshness_manifest,bdl_injuries_only,2026-05-23T16:10:27Z
morning,2026-05-23T16:11:19Z,2026-05-23,21713899,73,Jalen Brunson,NYK,CLE,False,ra,"{""0"": 5.5022434096713636e-05, ""1"": 0.00036114829386084174, ""2"": 0.0010091808486984886, ""3"": 0.0025848911082606047, ""4"": 0.0057935986384321896, ""5"": 0.014028740537756025, ""6"": 0.03206284645784972, ""7"": 0.06213601003401116, ""8"": 0.10243010159649613, ""9"": 0.14115348861616042, ""10"": 0.1636002012449953, ""11"": 0.1593275082265142, ""12"": 0.1317832361457066, ""13"": 0.09086667243133624, ""14"": 0.051541843072732255, ""15"": 0.024865907238888374, ""16"": 0.010390593277355612, ""17"": 0.00394555044364788, ""18"": 0.0014167470493636413, ""19"": 0.00046482190272266986, ""20"": 0.00013592036973105392, ""21"": 3.480154095628056e-05, ""22"": 8.477499145709496e-06, ""23"": 2.0664201840454765e-06, ""24"": 4.697434350018408e-07, ""25"": 1.1555807091448324e-07, ""26"": 3.020212666994385e-08, ""27"": 7.008895445149657e-09, ""28"": 1.6231174820381356e-09, ""29"": 3.491175619704164e-10, ""30"": 6.857438230522317e-11, ""31"": 1.4883918298835383e-11, ""32"": 2.3604307816602942e-12, ""33"": 4.340775621656374e-13, ""34"": 7.730554584681679e-14, ""35"": 3.958087798268444e-15, ""36"": 6.185517522629501e-16, ""37"": 1.098454311345408e-16, ""38"": 7.608265461173877e-18, ""39"": 6.673515112827658e-19, ""40"": 4.096727936111035e-20, ""41"": 2.3486180352656317e-21, ""42"": 9.480232e-317, ""43"": 9.50626e-318, ""44"": 8.22165e-319, ""45"": 6.1076e-320, ""46"": 3.893e-321, ""47"": 2.08e-322, ""48"": 1e-323}",10.3378,10.3378,10,10,0.0001,0.9999,0.9996,0.9986,0.996,0.9902,0.9762,0.9441,0.882,0.7795,0.6384,0.4748,0.3155,0.1837,0.0928,0.0413,0.0164,0.006,0.0021,0.0006,0.0002,2497aaec#phase10c,"stat_grid:component_convolution_mean_coherent_v1+components[reb:pmf_sim_v1+role_aware_pmf_cal_v1:starter+monotone_pit_cdf_v1,ast:pmf_sim_v1+role_aware_pmf_cal_v1:starter+monotone_pit_cdf_v1]+prior_combo[joint_sampler_v1+joint_combo_pmf_v1+role_aware_pmf_cal_v1:starter+monotone_pit_cdf_v1]+stat_grid_final_component_convolution_mean_coherent_v1",phase8_role_aware_pmf_cal_v1+monotone_inactive_global_v1,starter,projected_minutes,high,33.0744,36.1936,16.0432,36.1936,39.7743,9.7677,0.05,0.9451,0.7415,starter,True,current_market_line,True,fanduel,fanduel,player_ra_over_under,10.5,10.5,0.4748,-102.0,-130.0,0.4718,0.5282,0.5252,111.0,-111.0,0.0029,0.0029,-0.0029,2026-05-23T16:10:08.926317Z,full,provisional,"injury_very_stale,lineup_unconfirmed",unknown,projected,derived_from_projected_minutes,ok,finals_pending,current_phase8,ok,0.0,projected,not_available_yet,bdl_lineup_freshness_manifest,bdl_injuries_only,2026-05-23T16:10:27Z
morning,2026-05-23T16:11:19Z,2026-05-23,21713899,73,Jalen Brunson,NYK,CLE,False,ra,"{""0"": 5.5022434096713636e-05, ""1"": 0.00036114829386084174, ""2"": 0.0010091808486984886, ""3"": 0.0025848911082606047, ""4"": 0.0057935986384321896, ""5"": 0.014028740537756025, ""6"": 0.03206284645784972, ""7"": 0.06213601003401116, ""8"": 0.10243010159649613, ""9"": 0.14115348861616042, ""10"": 0.1636002012449953, ""11"": 0.1593275082265142, ""12"": 0.1317832361457066, ""13"": 0.09086667243133624, ""14"": 0.051541843072732255, ""15"": 0.024865907238888374, ""16"": 0.010390593277355612, ""17"": 0.00394555044364788, ""18"": 0.0014167470493636413, ""19"": 0.00046482190272266986, ""20"": 0.00013592036973105392, ""21"": 3.480154095628056e-05, ""22"": 8.477499145709496e-06, ""23"": 2.0664201840454765e-06, ""24"": 4.697434350018408e-07, ""25"": 1.1555807091448324e-07, ""26"": 3.020212666994385e-08, ""27"": 7.008895445149657e-09, ""28"": 1.6231174820381356e-09, ""29"": 3.491175619704164e-10, ""30"": 6.857438230522317e-11, ""31"": 1.4883918298835383e-11, ""32"": 2.3604307816602942e-12, ""33"": 4.340775621656374e-13, ""34"": 7.730554584681679e-14, ""35"": 3.958087798268444e-15, ""36"": 6.185517522629501e-16, ""37"": 1.098454311345408e-16, ""38"": 7.608265461173877e-18, ""39"": 6.673515112827658e-19, ""40"": 4.096727936111035e-20, ""41"": 2.3486180352656317e-21, ""42"": 9.480232e-317, ""43"": 9.50626e-318, ""44"": 8.22165e-319, ""45"": 6.1076e-320, ""46"": 3.893e-321, ""47"": 2.08e-322, ""48"": 1e-323}",10.3378,10.3378,10,10,0.0001,0.9999,0.9996,0.9986,0.996,0.9902,0.9762,0.9441,0.882,0.7795,0.6384,0.4748,0.3155,0.1837,0.0928,0.0413,0.0164,0.006,0.0021,0.0006,0.0002,2497aaec#phase10c,"stat_grid:component_convolution_mean_coherent_v1+components[reb:pmf_sim_v1+role_aware_pmf_cal_v1:starter+monotone_pit_cdf_v1,ast:pmf_sim_v1+role_aware_pmf_cal_v1:starter+monotone_pit_cdf_v1]+prior_combo[joint_sampler_v1+joint_combo_pmf_v1+role_aware_pmf_cal_v1:starter+monotone_pit_cdf_v1]+stat_grid_final_component_convolution_mean_coherent_v1",phase8_role_aware_pmf_cal_v1+monotone_inactive_global_v1,starter,projected_minutes,high,33.0744,36.1936,16.0432,36.1936,39.7743,9.7677,0.05,0.9451,0.7415,starter,True,current_market_line,True,fanduel,fanduel,player_ra_over_under,11.5,11.5,0.3155,154.0,-210.0,0.3676,0.6324,0.6845,217.0,-217.0,-0.0521,-0.0521,0.0521,2026-05-23T16:10:08.926317Z,full,provisional,"injury_very_stale,lineup_unconfirmed",unknown,projected,derived_from_projected_minutes,ok,finals_pending,current_phase8,ok,0.0,projected,not_available_yet,bdl_lineup_freshness_manifest,bdl_injuries_only,2026-05-23T16:10:27Z
morning,2026-05-23T16:11:19Z,2026-05-23,21713899,73,Jalen Brunson,NYK,CLE,False,ra,"{""0"": 5.5022434096713636e-05, ""1"": 0.00036114829386084174, ""2"": 0.0010091808486984886, ""3"": 0.0025848911082606047, ""4"": 0.0057935986384321896, ""5"": 0.014028740537756025, ""6"": 0.03206284645784972, ""7"": 0.06213601003401116, ""8"": 0.10243010159649613, ""9"": 0.14115348861616042, ""10"": 0.1636002012449953, ""11"": 0.1593275082265142, ""12"": 0.1317832361457066, ""13"": 0.09086667243133624, ""14"": 0.051541843072732255, ""15"": 0.024865907238888374, ""16"": 0.010390593277355612, ""17"": 0.00394555044364788, ""18"": 0.0014167470493636413, ""19"": 0.00046482190272266986, ""20"": 0.00013592036973105392, ""21"": 3.480154095628056e-05, ""22"": 8.477499145709496e-06, ""23"": 2.0664201840454765e-06, ""24"": 4.697434350018408e-07, ""25"": 1.1555807091448324e-07, ""26"": 3.020212666994385e-08, ""27"": 7.008895445149657e-09, ""28"": 1.6231174820381356e-09, ""29"": 3.491175619704164e-10, ""30"": 6.857438230522317e-11, ""31"": 1.4883918298835383e-11, ""32"": 2.3604307816602942e-12, ""33"": 4.340775621656374e-13, ""34"": 7.730554584681679e-14, ""35"": 3.958087798268444e-15, ""36"": 6.185517522629501e-16, ""37"": 1.098454311345408e-16, ""38"": 7.608265461173877e-18, ""39"": 6.673515112827658e-19, ""40"": 4.096727936111035e-20, ""41"": 2.3486180352656317e-21, ""42"": 9.480232e-317, ""43"": 9.50626e-318, ""44"": 8.22165e-319, ""45"": 6.1076e-320, ""46"": 3.893e-321, ""47"": 2.08e-322, ""48"": 1e-323}",10.3378,10.3378,10,10,0.0001,0.9999,0.9996,0.9986,0.996,0.9902,0.9762,0.9441,0.882,0.7795,0.6384,0.4748,0.3155,0.1837,0.0928,0.0413,0.0164,0.006,0.0021,0.0006,0.0002,2497aaec#phase10c,"stat_grid:component_convolution_mean_coherent_v1+components[reb:pmf_sim_v1+role_aware_pmf_cal_v1:starter+monotone_pit_cdf_v1,ast:pmf_sim_v1+role_aware_pmf_cal_v1:starter+monotone_pit_cdf_v1]+prior_combo[joint_sampler_v1+joint_combo_pmf_v1+role_aware_pmf_cal_v1:starter+monotone_pit_cdf_v1]+stat_grid_final_component_convolution_mean_coherent_v1",phase8_role_aware_pmf_cal_v1+monotone_inactive_global_v1,starter,projected_minutes,high,33.0744,36.1936,16.0432,36.1936,39.7743,9.7677,0.05,0.9451,0.7415,starter,True,current_market_line,True,fanduel,fanduel,player_ra_over_under,12.5,12.5,0.1837,235.0,-340.0,0.2787,0.7213,0.8163,444.0,-444.0,-0.095,-0.095,0.095,2026-05-23T16:10:08.926317Z,full,provisional,"injury_very_stale,lineup_unconfirmed",unknown,projected,derived_from_projected_minutes,ok,finals_pending,current_phase8,ok,0.0,projected,not_available_yet,bdl_lineup_freshness_manifest,bdl_injuries_only,2026-05-23T16:10:27Z
morning,2026-05-23T16:11:19Z,2026-05-23,21713899,73,Jalen Brunson,NYK,CLE,False,ra,"{""0"": 5.5022434096713636e-05, ""1"": 0.00036114829386084174, ""2"": 0.0010091808486984886, ""3"": 0.0025848911082606047, ""4"": 0.0057935986384321896, ""5"": 0.014028740537756025, ""6"": 0.03206284645784972, ""7"": 0.06213601003401116, ""8"": 0.10243010159649613, ""9"": 0.14115348861616042, ""10"": 0.1636002012449953, ""11"": 0.1593275082265142, ""12"": 0.1317832361457066, ""13"": 0.09086667243133624, ""14"": 0.051541843072732255, ""15"": 0.024865907238888374, ""16"": 0.010390593277355612, ""17"": 0.00394555044364788, ""18"": 0.0014167470493636413, ""19"": 0.00046482190272266986, ""20"": 0.00013592036973105392, ""21"": 3.480154095628056e-05, ""22"": 8.477499145709496e-06, ""23"": 2.0664201840454765e-06, ""24"": 4.697434350018408e-07, ""25"": 1.1555807091448324e-07, ""26"": 3.020212666994385e-08, ""27"": 7.008895445149657e-09, ""28"": 1.6231174820381356e-09, ""29"": 3.491175619704164e-10, ""30"": 6.857438230522317e-11, ""31"": 1.4883918298835383e-11, ""32"": 2.3604307816602942e-12, ""33"": 4.340775621656374e-13, ""34"": 7.730554584681679e-14, ""35"": 3.958087798268444e-15, ""36"": 6.185517522629501e-16, ""37"": 1.098454311345408e-16, ""38"": 7.608265461173877e-18, ""39"": 6.673515112827658e-19, ""40"": 4.096727936111035e-20, ""41"": 2.3486180352656317e-21, ""42"": 9.480232e-317, ""43"": 9.50626e-318, ""44"": 8.22165e-319, ""45"": 6.1076e-320, ""46"": 3.893e-321, ""47"": 2.08e-322, ""48"": 1e-323}",10.3378,10.3378,10,10,0.0001,0.9999,0.9996,0.9986,0.996,0.9902,0.9762,0.9441,0.882,0.7795,0.6384,0.4748,0.3155,0.1837,0.0928,0.0413,0.0164,0.006,0.0021,0.0006,0.0002,2497aaec#phase10c,"stat_grid:component_convolution_mean_coherent_v1+components[reb:pmf_sim_v1+role_aware_pmf_cal_v1:starter+monotone_pit_cdf_v1,ast:pmf_sim_v1+role_aware_pmf_cal_v1:starter+monotone_pit_cdf_v1]+prior_combo[joint_sampler_v1+joint_combo_pmf_v1+role_aware_pmf_cal_v1:starter+monotone_pit_cdf_v1]+stat_grid_final_component_convolution_mean_coherent_v1",phase8_role_aware_pmf_cal_v1+monotone_inactive_global_v1,starter,projected_minutes,high,33.0744,36.1936,16.0432,36.1936,39.7743,9.7677,0.05,0.9451,0.7415,starter,True,current_market_line,True,fanduel,fanduel,player_ra_over_under,13.5,13.5,0.0928,360.0,-580.0,0.2031,0.7969,0.9072,978.0,-978.0,-0.1103,-0.1103,0.1103,2026-05-23T16:10:08.926317Z,full,provisional,"injury_very_stale,lineup_unconfirmed",unknown,projected,derived_from_projected_minutes,ok,finals_pending,current_phase8,ok,0.0,projected,not_available_yet,bdl_lineup_freshness_manifest,bdl_injuries_only,2026-05-23T16:10:27Z
morning,2026-05-23T16:11:19Z,2026-05-23,21713899,73,Jalen Brunson,NYK,CLE,False,ra,"{""0"": 5.5022434096713636e-05, ""1"": 0.00036114829386084174, ""2"": 0.0010091808486984886, ""3"": 0.0025848911082606047, ""4"": 0.0057935986384321896, ""5"": 0.014028740537756025, ""6"": 0.03206284645784972, ""7"": 0.06213601003401116, ""8"": 0.10243010159649613, ""9"": 0.14115348861616042, ""10"": 0.1636002012449953, ""11"": 0.1593275082265142, ""12"": 0.1317832361457066, ""13"": 0.09086667243133624, ""14"": 0.051541843072732255, ""15"": 0.024865907238888374, ""16"": 0.010390593277355612, ""17"": 0.00394555044364788, ""18"": 0.0014167470493636413, ""19"": 0.00046482190272266986, ""20"": 0.00013592036973105392, ""21"": 3.480154095628056e-05, ""22"": 8.477499145709496e-06, ""23"": 2.0664201840454765e-06, ""24"": 4.697434350018408e-07, ""25"": 1.1555807091448324e-07, ""26"": 3.020212666994385e-08, ""27"": 7.008895445149657e-09, ""28"": 1.6231174820381356e-09, ""29"": 3.491175619704164e-10, ""30"": 6.857438230522317e-11, ""31"": 1.4883918298835383e-11, ""32"": 2.3604307816602942e-12, ""33"": 4.340775621656374e-13, ""34"": 7.730554584681679e-14, ""35"": 3.958087798268444e-15, ""36"": 6.185517522629501e-16, ""37"": 1.098454311345408e-16, ""38"": 7.608265461173877e-18, ""39"": 6.673515112827658e-19, ""40"": 4.096727936111035e-20, ""41"": 2.3486180352656317e-21, ""42"": 9.480232e-317, ""43"": 9.50626e-318, ""44"": 8.22165e-319, ""45"": 6.1076e-320, ""46"": 3.893e-321, ""47"": 2.08e-322, ""48"": 1e-323}",10.3378,10.3378,10,10,0.0001,0.9999,0.9996,0.9986,0.996,0.9902,0.9762,0.9441,0.882,0.7795,0.6384,0.4748,0.3155,0.1837,0.0928,0.0413,0.0164,0.006,0.0021,0.0006,0.0002,2497aaec#phase10c,"stat_grid:component_convolution_mean_coherent_v1+components[reb:pmf_sim_v1+role_aware_pmf_cal_v1:starter+monotone_pit_cdf_v1,ast:pmf_sim_v1+role_aware_pmf_cal_v1:starter+monotone_pit_cdf_v1]+prior_combo[joint_sampler_v1+joint_combo_pmf_v1+role_aware_pmf_cal_v1:starter+monotone_pit_cdf_v1]+stat_grid_final_component_convolution_mean_coherent_v1",phase8_role_aware_pmf_cal_v1+monotone_inactive_global_v1,starter,projected_minutes,high,33.0744,36.1936,16.0432,36.1936,39.7743,9.7677,0.05,0.9451,0.7415,starter,True,current_market_line,True,bovada,bovada,player_ra_over_under,8.5,8.5,0.7795,-250.0,185.0,0.6706,0.3294,0.2205,-354.0,354.0,0.109,0.109,-0.109,2026-05-23T16:10:08.926317Z,full,provisional,"injury_very_stale,lineup_unconfirmed",unknown,projected,derived_from_projected_minutes,ok,finals_pending,current_phase8,ok,0.0,projected,not_available_yet,bdl_lineup_freshness_manifest,bdl_injuries_only,2026-05-23T16:10:27Z
morning,2026-05-23T16:11:19Z,2026-05-23,21713899,73,Jalen Brunson,NYK,CLE,False,ra,"{""0"": 5.5022434096713636e-05, ""1"": 0.00036114829386084174, ""2"": 0.0010091808486984886, ""3"": 0.0025848911082606047, ""4"": 0.0057935986384321896, ""5"": 0.014028740537756025, ""6"": 0.03206284645784972, ""7"": 0.06213601003401116, ""8"": 0.10243010159649613, ""9"": 0.14115348861616042, ""10"": 0.1636002012449953, ""11"": 0.1593275082265142, ""12"": 0.1317832361457066, ""13"": 0.09086667243133624, ""14"": 0.051541843072732255, ""15"": 0.024865907238888374, ""16"": 0.010390593277355612, ""17"": 0.00394555044364788, ""18"": 0.0014167470493636413, ""19"": 0.00046482190272266986, ""20"": 0.00013592036973105392, ""21"": 3.480154095628056e-05, ""22"": 8.477499145709496e-06, ""23"": 2.0664201840454765e-06, ""24"": 4.697434350018408e-07, ""25"": 1.1555807091448324e-07, ""26"": 3.020212666994385e-08, ""27"": 7.008895445149657e-09, ""28"": 1.6231174820381356e-09, ""29"": 3.491175619704164e-10, ""30"": 6.857438230522317e-11, ""31"": 1.4883918298835383e-11, ""32"": 2.3604307816602942e-12, ""33"": 4.340775621656374e-13, ""34"": 7.730554584681679e-14, ""35"": 3.958087798268444e-15, ""36"": 6.185517522629501e-16, ""37"": 1.098454311345408e-16, ""38"": 7.608265461173877e-18, ""39"": 6.673515112827658e-19, ""40"": 4.096727936111035e-20, ""41"": 2.3486180352656317e-21, ""42"": 9.480232e-317, ""43"": 9.50626e-318, ""44"": 8.22165e-319, ""45"": 6.1076e-320, ""46"": 3.893e-321, ""47"": 2.08e-322, ""48"": 1e-323}",10.3378,10.3378,10,10,0.0001,0.9999,0.9996,0.9986,0.996,0.9902,0.9762,0.9441,0.882,0.7795,0.6384,0.4748,0.3155,0.1837,0.0928,0.0413,0.0164,0.006,0.0021,0.0006,0.0002,2497aaec#phase10c,"stat_grid:component_convolution_mean_coherent_v1+components[reb:pmf_sim_v1+role_aware_pmf_cal_v1:starter+monotone_pit_cdf_v1,ast:pmf_sim_v1+role_aware_pmf_cal_v1:starter+monotone_pit_cdf_v1]+prior_combo[joint_sampler_v1+joint_combo_pmf_v1+role_aware_pmf_cal_v1:starter+monotone_pit_cdf_v1]+stat_grid_final_component_convolution_mean_coherent_v1",phase8_role_aware_pmf_cal_v1+monotone_inactive_global_v1,starter,projected_minutes,high,33.0744,36.1936,16.0432,36.1936,39.7743,9.7677,0.05,0.9451,0.7415,starter,True,current_market_line,True,bovada,bovada,player_ra_over_under,9.5,9.5,0.6384,-160.0,120.0,0.5752,0.4248,0.3616,-177.0,177.0,0.0632,0.0632,-0.0632,2026-05-23T16:10:08.926317Z,full,provisional,"injury_very_stale,lineup_unconfirmed",unknown,projected,derived_from_projected_minutes,ok,finals_pending,current_phase8,ok,0.0,projected,not_available_yet,bdl_lineup_freshness_manifest,bdl_injuries_only,2026-05-23T16:10:27Z
morning,2026-05-23T16:11:19Z,2026-05-23,21713899,73,Jalen Brunson,NYK,CLE,False,ra,"{""0"": 5.5022434096713636e-05, ""1"": 0.00036114829386084174, ""2"": 0.0010091808486984886, ""3"": 0.0025848911082606047, ""4"": 0.0057935986384321896, ""5"": 0.014028740537756025, ""6"": 0.03206284645784972, ""7"": 0.06213601003401116, ""8"": 0.10243010159649613, ""9"": 0.14115348861616042, ""10"": 0.1636002012449953, ""11"": 0.1593275082265142, ""12"": 0.1317832361457066, ""13"": 0.09086667243133624, ""14"": 0.051541843072732255, ""15"": 0.024865907238888374, ""16"": 0.010390593277355612, ""17"": 0.00394555044364788, ""18"": 0.0014167470493636413, ""19"": 0.00046482190272266986, ""20"": 0.00013592036973105392, ""21"": 3.480154095628056e-05, ""22"": 8.477499145709496e-06, ""23"": 2.0664201840454765e-06, ""24"": 4.697434350018408e-07, ""25"": 1.1555807091448324e-07, ""26"": 3.020212666994385e-08, ""27"": 7.008895445149657e-09, ""28"": 1.6231174820381356e-09, ""29"": 3.491175619704164e-10, ""30"": 6.857438230522317e-11, ""31"": 1.4883918298835383e-11, ""32"": 2.3604307816602942e-12, ""33"": 4.340775621656374e-13, ""34"": 7.730554584681679e-14, ""35"": 3.958087798268444e-15, ""36"": 6.185517522629501e-16, ""37"": 1.098454311345408e-16, ""38"": 7.608265461173877e-18, ""39"": 6.673515112827658e-19, ""40"": 4.096727936111035e-20, ""41"": 2.3486180352656317e-21, ""42"": 9.480232e-317, ""43"": 9.50626e-318, ""44"": 8.22165e-319, ""45"": 6.1076e-320, ""46"": 3.893e-321, ""47"": 2.08e-322, ""48"": 1e-323}",10.3378,10.3378,10,10,0.0001,0.9999,0.9996,0.9986,0.996,0.9902,0.9762,0.9441,0.882,0.7795,0.6384,0.4748,0.3155,0.1837,0.0928,0.0413,0.0164,0.006,0.0021,0.0006,0.0002,2497aaec#phase10c,"stat_grid:component_convolution_mean_coherent_v1+components[reb:pmf_sim_v1+role_aware_pmf_cal_v1:starter+monotone_pit_cdf_v1,ast:pmf_sim_v1+role_aware_pmf_cal_v1:starter+monotone_pit_cdf_v1]+prior_combo[joint_sampler_v1+joint_combo_pmf_v1+role_aware_pmf_cal_v1:starter+monotone_pit_cdf_v1]+stat_grid_final_component_convolution_mean_coherent_v1",phase8_role_aware_pmf_cal_v1+monotone_inactive_global_v1,starter,projected_minutes,high,33.0744,36.1936,16.0432,36.1936,39.7743,9.7677,0.05,0.9451,0.7415,starter,True,current_market_line,True,bovada,bovada,player_ra_over_under,10.5,10.5,0.4748,100.0,-130.0,0.4694,0.5306,0.5252,111.0,-111.0,0.0054,0.0054,-0.0054,2026-05-23T16:10:08.926317Z,full,provisional,"injury_very_stale,lineup_unconfirmed",unknown,projected,derived_from_projected_minutes,ok,finals_pending,current_phase8,ok,0.0,projected,not_available_yet,bdl_lineup_freshness_manifest,bdl_injuries_only,2026-05-23T16:10:27Z
morning,2026-05-23T16:11:19Z,2026-05-23,21713899,73,Jalen Brunson,NYK,CLE,False,ra,"{""0"": 5.5022434096713636e-05, ""1"": 0.00036114829386084174, ""2"": 0.0010091808486984886, ""3"": 0.0025848911082606047, ""4"": 0.0057935986384321896, ""5"": 0.014028740537756025, ""6"": 0.03206284645784972, ""7"": 0.06213601003401116, ""8"": 0.10243010159649613, ""9"": 0.14115348861616042, ""10"": 0.1636002012449953, ""11"": 0.1593275082265142, ""12"": 0.1317832361457066, ""13"": 0.09086667243133624, ""14"": 0.051541843072732255, ""15"": 0.024865907238888374, ""16"": 0.010390593277355612, ""17"": 0.00394555044364788, ""18"": 0.0014167470493636413, ""19"": 0.00046482190272266986, ""20"": 0.00013592036973105392, ""21"": 3.480154095628056e-05, ""22"": 8.477499145709496e-06, ""23"": 2.0664201840454765e-06, ""24"": 4.697434350018408e-07, ""25"": 1.1555807091448324e-07, ""26"": 3.020212666994385e-08, ""27"": 7.008895445149657e-09, ""28"": 1.6231174820381356e-09, ""29"": 3.491175619704164e-10, ""30"": 6.857438230522317e-11, ""31"": 1.4883918298835383e-11, ""32"": 2.3604307816602942e-12, ""33"": 4.340775621656374e-13, ""34"": 7.730554584681679e-14, ""35"": 3.958087798268444e-15, ""36"": 6.185517522629501e-16, ""37"": 1.098454311345408e-16, ""38"": 7.608265461173877e-18, ""39"": 6.673515112827658e-19, ""40"": 4.096727936111035e-20, ""41"": 2.3486180352656317e-21, ""42"": 9.480232e-317, ""43"": 9.50626e-318, ""44"": 8.22165e-319, ""45"": 6.1076e-320, ""46"": 3.893e-321, ""47"": 2.08e-322, ""48"": 1e-323}",10.3378,10.3378,10,10,0.0001,0.9999,0.9996,0.9986,0.996,0.9902,0.9762,0.9441,0.882,0.7795,0.6384,0.4748,0.3155,0.1837,0.0928,0.0413,0.0164,0.006,0.0021,0.0006,0.0002,2497aaec#phase10c,"stat_grid:component_convolution_mean_coherent_v1+components[reb:pmf_sim_v1+role_aware_pmf_cal_v1:starter+monotone_pit_cdf_v1,ast:pmf_sim_v1+role_aware_pmf_cal_v1:starter+monotone_pit_cdf_v1]+prior_combo[joint_sampler_v1+joint_combo_pmf_v1+role_aware_pmf_cal_v1:starter+monotone_pit_cdf_v1]+stat_grid_final_component_convolution_mean_coherent_v1",phase8_role_aware_pmf_cal_v1+monotone_inactive_global_v1,starter,projected_minutes,high,33.0744,36.1936,16.0432,36.1936,39.7743,9.7677,0.05,0.9451,0.7415,starter,True,current_market_line,True,betmgm,betmgm,player_ra_over_under,9.5,9.5,0.6384,-140.0,105.0,0.5446,0.4554,0.3616,-177.0,177.0,0.0938,0.0938,-0.0938,2026-05-23T16:10:08.926317Z,full,provisional,"injury_very_stale,lineup_unconfirmed",unknown,projected,derived_from_projected_minutes,ok,finals_pending,current_phase8,ok,0.0,projected,not_available_yet,bdl_lineup_freshness_manifest,bdl_injuries_only,2026-05-23T16:10:27Z
morning,2026-05-23T16:11:19Z,2026-05-23,21713899,73,Jalen Brunson,NYK,CLE,False,ra,"{""0"": 5.5022434096713636e-05, ""1"": 0.00036114829386084174, ""2"": 0.0010091808486984886, ""3"": 0.0025848911082606047, ""4"": 0.0057935986384321896, ""5"": 0.014028740537756025, ""6"": 0.03206284645784972, ""7"": 0.06213601003401116, ""8"": 0.10243010159649613, ""9"": 0.14115348861616042, ""10"": 0.1636002012449953, ""11"": 0.1593275082265142, ""12"": 0.1317832361457066, ""13"": 0.09086667243133624, ""14"": 0.051541843072732255, ""15"": 0.024865907238888374, ""16"": 0.010390593277355612, ""17"": 0.00394555044364788, ""18"": 0.0014167470493636413, ""19"": 0.00046482190272266986, ""20"": 0.00013592036973105392, ""21"": 3.480154095628056e-05, ""22"": 8.477499145709496e-06, ""23"": 2.0664201840454765e-06, ""24"": 4.697434350018408e-07, ""25"": 1.1555807091448324e-07, ""26"": 3.020212666994385e-08, ""27"": 7.008895445149657e-09, ""28"": 1.6231174820381356e-09, ""29"": 3.491175619704164e-10, ""30"": 6.857438230522317e-11, ""31"": 1.4883918298835383e-11, ""32"": 2.3604307816602942e-12, ""33"": 4.340775621656374e-13, ""34"": 7.730554584681679e-14, ""35"": 3.958087798268444e-15, ""36"": 6.185517522629501e-16, ""37"": 1.098454311345408e-16, ""38"": 7.608265461173877e-18, ""39"": 6.673515112827658e-19, ""40"": 4.096727936111035e-20, ""41"": 2.3486180352656317e-21, ""42"": 9.480232e-317, ""43"": 9.50626e-318, ""44"": 8.22165e-319, ""45"": 6.1076e-320, ""46"": 3.893e-321, ""47"": 2.08e-322, ""48"": 1e-323}",10.3378,10.3378,10,10,0.0001,0.9999,0.9996,0.9986,0.996,0.9902,0.9762,0.9441,0.882,0.7795,0.6384,0.4748,0.3155,0.1837,0.0928,0.0413,0.0164,0.006,0.0021,0.0006,0.0002,2497aaec#phase10c,"stat_grid:component_convolution_mean_coherent_v1+components[reb:pmf_sim_v1+role_aware_pmf_cal_v1:starter+monotone_pit_cdf_v1,ast:pmf_sim_v1+role_aware_pmf_cal_v1:starter+monotone_pit_cdf_v1]+prior_combo[joint_sampler_v1+joint_combo_pmf_v1+role_aware_pmf_cal_v1:starter+monotone_pit_cdf_v1]+stat_grid_final_component_convolution_mean_coherent_v1",phase8_role_aware_pmf_cal_v1+monotone_inactive_global_v1,starter,projected_minutes,high,33.0744,36.1936,16.0432,36.1936,39.7743,9.7677,0.05,0.9451,0.7415,starter,True,current_market_line,True,draftkings,draftkings,player_ra_over_under,10.5,10.5,0.4748,101.0,-133.0,0.4657,0.5343,0.5252,111.0,-111.0,0.0091,0.0091,-0.0091,2026-05-23T16:10:08.926317Z,full,provisional,"injury_very_stale,lineup_unconfirmed",unknown,projected,derived_from_projected_minutes,ok,finals_pending,current_phase8,ok,0.0,projected,not_available_yet,bdl_lineup_freshness_manifest,bdl_injuries_only,2026-05-23T16:10:27Z
morning,2026-05-23T16:11:19Z,2026-05-23,21713899,73,Jalen Brunson,NYK,CLE,False,ra,"{""0"": 5.5022434096713636e-05, ""1"": 0.00036114829386084174, ""2"": 0.0010091808486984886, ""3"": 0.0025848911082606047, ""4"": 0.0057935986384321896, ""5"": 0.014028740537756025, ""6"": 0.03206284645784972, ""7"": 0.06213601003401116, ""8"": 0.10243010159649613, ""9"": 0.14115348861616042, ""10"": 0.1636002012449953, ""11"": 0.1593275082265142, ""12"": 0.1317832361457066, ""13"": 0.09086667243133624, ""14"": 0.051541843072732255, ""15"": 0.024865907238888374, ""16"": 0.010390593277355612, ""17"": 0.00394555044364788, ""18"": 0.0014167470493636413, ""19"": 0.00046482190272266986, ""20"": 0.00013592036973105392, ""21"": 3.480154095628056e-05, ""22"": 8.477499145709496e-06, ""23"": 2.0664201840454765e-06, ""24"": 4.697434350018408e-07, ""25"": 1.1555807091448324e-07, ""26"": 3.020212666994385e-08, ""27"": 7.008895445149657e-09, ""28"": 1.6231174820381356e-09, ""29"": 3.491175619704164e-10, ""30"": 6.857438230522317e-11, ""31"": 1.4883918298835383e-11, ""32"": 2.3604307816602942e-12, ""33"": 4.340775621656374e-13, ""34"": 7.730554584681679e-14, ""35"": 3.958087798268444e-15, ""36"": 6.185517522629501e-16, ""37"": 1.098454311345408e-16, ""38"": 7.608265461173877e-18, ""39"": 6.673515112827658e-19, ""40"": 4.096727936111035e-20, ""41"": 2.3486180352656317e-21, ""42"": 9.480232e-317, ""43"": 9.50626e-318, ""44"": 8.22165e-319, ""45"": 6.1076e-320, ""46"": 3.893e-321, ""47"": 2.08e-322, ""48"": 1e-323}",10.3378,10.3378,10,10,0.0001,0.9999,0.9996,0.9986,0.996,0.9902,0.9762,0.9441,0.882,0.7795,0.6384,0.4748,0.3155,0.1837,0.0928,0.0413,0.0164,0.006,0.0021,0.0006,0.0002,2497aaec#phase10c,"stat_grid:component_convolution_mean_coherent_v1+components[reb:pmf_sim_v1+role_aware_pmf_cal_v1:starter+monotone_pit_cdf_v1,ast:pmf_sim_v1+role_aware_pmf_cal_v1:starter+monotone_pit_cdf_v1]+prior_combo[joint_sampler_v1+joint_combo_pmf_v1+role_aware_pmf_cal_v1:starter+monotone_pit_cdf_v1]+stat_grid_final_component_convolution_mean_coherent_v1",phase8_role_aware_pmf_cal_v1+monotone_inactive_global_v1,starter,projected_minutes,high,33.0744,36.1936,16.0432,36.1936,39.7743,9.7677,0.05,0.9451,0.7415,starter,True,current_market_line,True,hardrockbet_fl,hardrockbet_fl,player_ra_over_under,10.5,10.5,0.4748,100.0,-130.0,0.4694,0.5306,0.5252,111.0,-111.0,0.0054,0.0054,-0.0054,2026-05-23T16:10:08.926317Z,full,provisional,"injury_very_stale,lineup_unconfirmed",unknown,projected,derived_from_projected_minutes,ok,finals_pending,current_phase8,ok,0.0,projected,not_available_yet,bdl_lineup_freshness_manifest,bdl_injuries_only,2026-05-23T16:10:27Z
morning,2026-05-23T16:11:19Z,2026-05-23,21713899,73,Jalen Brunson,NYK,CLE,False,ra,"{""0"": 5.5022434096713636e-05, ""1"": 0.00036114829386084174, ""2"": 0.0010091808486984886, ""3"": 0.0025848911082606047, ""4"": 0.0057935986384321896, ""5"": 0.014028740537756025, ""6"": 0.03206284645784972, ""7"": 0.06213601003401116, ""8"": 0.10243010159649613, ""9"": 0.14115348861616042, ""10"": 0.1636002012449953, ""11"": 0.1593275082265142, ""12"": 0.1317832361457066, ""13"": 0.09086667243133624, ""14"": 0.051541843072732255, ""15"": 0.024865907238888374, ""16"": 0.010390593277355612, ""17"": 0.00394555044364788, ""18"": 0.0014167470493636413, ""19"": 0.00046482190272266986, ""20"": 0.00013592036973105392, ""21"": 3.480154095628056e-05, ""22"": 8.477499145709496e-06, ""23"": 2.0664201840454765e-06, ""24"": 4.697434350018408e-07, ""25"": 1.1555807091448324e-07, ""26"": 3.020212666994385e-08, ""27"": 7.008895445149657e-09, ""28"": 1.6231174820381356e-09, ""29"": 3.491175619704164e-10, ""30"": 6.857438230522317e-11, ""31"": 1.4883918298835383e-11, ""32"": 2.3604307816602942e-12, ""33"": 4.340775621656374e-13, ""34"": 7.730554584681679e-14, ""35"": 3.958087798268444e-15, ""36"": 6.185517522629501e-16, ""37"": 1.098454311345408e-16, ""38"": 7.608265461173877e-18, ""39"": 6.673515112827658e-19, ""40"": 4.096727936111035e-20, ""41"": 2.3486180352656317e-21, ""42"": 9.480232e-317, ""43"": 9.50626e-318, ""44"": 8.22165e-319, ""45"": 6.1076e-320, ""46"": 3.893e-321, ""47"": 2.08e-322, ""48"": 1e-323}",10.3378,10.3378,10,10,0.0001,0.9999,0.9996,0.9986,0.996,0.9902,0.9762,0.9441,0.882,0.7795,0.6384,0.4748,0.3155,0.1837,0.0928,0.0413,0.0164,0.006,0.0021,0.0006,0.0002,2497aaec#phase10c,"stat_grid:component_convolution_mean_coherent_v1+components[reb:pmf_sim_v1+role_aware_pmf_cal_v1:starter+monotone_pit_cdf_v1,ast:pmf_sim_v1+role_aware_pmf_cal_v1:starter+monotone_pit_cdf_v1]+prior_combo[joint_sampler_v1+joint_combo_pmf_v1+role_aware_pmf_cal_v1:starter+monotone_pit_cdf_v1]+stat_grid_final_component_convolution_mean_coherent_v1",phase8_role_aware_pmf_cal_v1+monotone_inactive_global_v1,starter,projected_minutes,high,33.0744,36.1936,16.0432,36.1936,39.7743,9.7677,0.05,0.9451,0.7415,starter,True,current_market_line,True,espnbet,espnbet,player_ra_over_under,10.5,10.5,0.4748,-105.0,-125.0,0.4797,0.5203,0.5252,111.0,-111.0,-0.0049,-0.0049,0.0049,2026-05-23T16:10:08.926317Z,full,provisional,"injury_very_stale,lineup_unconfirmed",unknown,projected,derived_from_projected_minutes,ok,finals_pending,current_phase8,ok,0.0,projected,not_available_yet,bdl_lineup_freshness_manifest,bdl_injuries_only,2026-05-23T16:10:27Z
morning,2026-05-23T16:11:19Z,2026-05-23,21713899,73,Jalen Brunson,NYK,CLE,False,ra,"{""0"": 5.5022434096713636e-05, ""1"": 0.00036114829386084174, ""2"": 0.0010091808486984886, ""3"": 0.0025848911082606047, ""4"": 0.0057935986384321896, ""5"": 0.014028740537756025, ""6"": 0.03206284645784972, ""7"": 0.06213601003401116, ""8"": 0.10243010159649613, ""9"": 0.14115348861616042, ""10"": 0.1636002012449953, ""11"": 0.1593275082265142, ""12"": 0.1317832361457066, ""13"": 0.09086667243133624, ""14"": 0.051541843072732255, ""15"": 0.024865907238888374, ""16"": 0.010390593277355612, ""17"": 0.00394555044364788, ""18"": 0.0014167470493636413, ""19"": 0.00046482190272266986, ""20"": 0.00013592036973105392, ""21"": 3.480154095628056e-05, ""22"": 8.477499145709496e-06, ""23"": 2.0664201840454765e-06, ""24"": 4.697434350018408e-07, ""25"": 1.1555807091448324e-07, ""26"": 3.020212666994385e-08, ""27"": 7.008895445149657e-09, ""28"": 1.6231174820381356e-09, ""29"": 3.491175619704164e-10, ""30"": 6.857438230522317e-11, ""31"": 1.4883918298835383e-11, ""32"": 2.3604307816602942e-12, ""33"": 4.340775621656374e-13, ""34"": 7.730554584681679e-14, ""35"": 3.958087798268444e-15, ""36"": 6.185517522629501e-16, ""37"": 1.098454311345408e-16, ""38"": 7.608265461173877e-18, ""39"": 6.673515112827658e-19, ""40"": 4.096727936111035e-20, ""41"": 2.3486180352656317e-21, ""42"": 9.480232e-317, ""43"": 9.50626e-318, ""44"": 8.22165e-319, ""45"": 6.1076e-320, ""46"": 3.893e-321, ""47"": 2.08e-322, ""48"": 1e-323}",10.3378,10.3378,10,10,0.0001,0.9999,0.9996,0.9986,0.996,0.9902,0.9762,0.9441,0.882,0.7795,0.6384,0.4748,0.3155,0.1837,0.0928,0.0413,0.0164,0.006,0.0021,0.0006,0.0002,2497aaec#phase10c,"stat_grid:component_convolution_mean_coherent_v1+components[reb:pmf_sim_v1+role_aware_pmf_cal_v1:starter+monotone_pit_cdf_v1,ast:pmf_sim_v1+role_aware_pmf_cal_v1:starter+monotone_pit_cdf_v1]+prior_combo[joint_sampler_v1+joint_combo_pmf_v1+role_aware_pmf_cal_v1:starter+monotone_pit_cdf_v1]+stat_grid_final_component_convolution_mean_coherent_v1",phase8_role_aware_pmf_cal_v1+monotone_inactive_global_v1,starter,projected_minutes,high,33.0744,36.1936,16.0432,36.1936,39.7743,9.7677,0.05,0.9451,0.7415,starter,True,current_market_line,True,hardrockbet_az,hardrockbet_az,player_ra_over_under,10.5,10.5,0.4748,100.0,-130.0,0.4694,0.5306,0.5252,111.0,-111.0,0.0054,0.0054,-0.0054,2026-05-23T16:10:08.926317Z,full,provisional,"injury_very_stale,lineup_unconfirmed",unknown,projected,derived_from_projected_minutes,ok,finals_pending,current_phase8,ok,0.0,projected,not_available_yet,bdl_lineup_freshness_manifest,bdl_injuries_only,2026-05-23T16:10:27Z
morning,2026-05-23T16:11:19Z,2026-05-23,21713899,73,Jalen Brunson,NYK,CLE,False,ra,"{""0"": 5.5022434096713636e-05, ""1"": 0.00036114829386084174, ""2"": 0.0010091808486984886, ""3"": 0.0025848911082606047, ""4"": 0.0057935986384321896, ""5"": 0.014028740537756025, ""6"": 0.03206284645784972, ""7"": 0.06213601003401116, ""8"": 0.10243010159649613, ""9"": 0.14115348861616042, ""10"": 0.1636002012449953, ""11"": 0.1593275082265142, ""12"": 0.1317832361457066, ""13"": 0.09086667243133624, ""14"": 0.051541843072732255, ""15"": 0.024865907238888374, ""16"": 0.010390593277355612, ""17"": 0.00394555044364788, ""18"": 0.0014167470493636413, ""19"": 0.00046482190272266986, ""20"": 0.00013592036973105392, ""21"": 3.480154095628056e-05, ""22"": 8.477499145709496e-06, ""23"": 2.0664201840454765e-06, ""24"": 4.697434350018408e-07, ""25"": 1.1555807091448324e-07, ""26"": 3.020212666994385e-08, ""27"": 7.008895445149657e-09, ""28"": 1.6231174820381356e-09, ""29"": 3.491175619704164e-10, ""30"": 6.857438230522317e-11, ""31"": 1.4883918298835383e-11, ""32"": 2.3604307816602942e-12, ""33"": 4.340775621656374e-13, ""34"": 7.730554584681679e-14, ""35"": 3.958087798268444e-15, ""36"": 6.185517522629501e-16, ""37"": 1.098454311345408e-16, ""38"": 7.608265461173877e-18, ""39"": 6.673515112827658e-19, ""40"": 4.096727936111035e-20, ""41"": 2.3486180352656317e-21, ""42"": 9.480232e-317, ""43"": 9.50626e-318, ""44"": 8.22165e-319, ""45"": 6.1076e-320, ""46"": 3.893e-321, ""47"": 2.08e-322, ""48"": 1e-323}",10.3378,10.3378,10,10,0.0001,0.9999,0.9996,0.9986,0.996,0.9902,0.9762,0.9441,0.882,0.7795,0.6384,0.4748,0.3155,0.1837,0.0928,0.0413,0.0164,0.006,0.0021,0.0006,0.0002,2497aaec#phase10c,"stat_grid:component_convolution_mean_coherent_v1+components[reb:pmf_sim_v1+role_aware_pmf_cal_v1:starter+monotone_pit_cdf_v1,ast:pmf_sim_v1+role_aware_pmf_cal_v1:starter+monotone_pit_cdf_v1]+prior_combo[joint_sampler_v1+joint_combo_pmf_v1+role_aware_pmf_cal_v1:starter+monotone_pit_cdf_v1]+stat_grid_final_component_convolution_mean_coherent_v1",phase8_role_aware_pmf_cal_v1+monotone_inactive_global_v1,starter,projected_minutes,high,33.0744,36.1936,16.0432,36.1936,39.7743,9.7677,0.05,0.9451,0.7415,starter,True,current_market_line,True,fliff,fliff,player_ra_over_under,10.5,10.5,0.4748,-105.0,-135.0,0.4713,0.5287,0.5252,111.0,-111.0,0.0034,0.0034,-0.0034,2026-05-23T16:10:08.926317Z,full,provisional,"injury_very_stale,lineup_unconfirmed",unknown,projected,derived_from_projected_minutes,ok,finals_pending,current_phase8,ok,0.0,projected,not_available_yet,bdl_lineup_freshness_manifest,bdl_injuries_only,2026-05-23T16:10:27Z
morning,2026-05-23T16:11:19Z,2026-05-23,21713899,73,Jalen Brunson,NYK,CLE,False,ra,"{""0"": 5.5022434096713636e-05, ""1"": 0.00036114829386084174, ""2"": 0.0010091808486984886, ""3"": 0.0025848911082606047, ""4"": 0.0057935986384321896, ""5"": 0.014028740537756025, ""6"": 0.03206284645784972, ""7"": 0.06213601003401116, ""8"": 0.10243010159649613, ""9"": 0.14115348861616042, ""10"": 0.1636002012449953, ""11"": 0.1593275082265142, ""12"": 0.1317832361457066, ""13"": 0.09086667243133624, ""14"": 0.051541843072732255, ""15"": 0.024865907238888374, ""16"": 0.010390593277355612, ""17"": 0.00394555044364788, ""18"": 0.0014167470493636413, ""19"": 0.00046482190272266986, ""20"": 0.00013592036973105392, ""21"": 3.480154095628056e-05, ""22"": 8.477499145709496e-06, ""23"": 2.0664201840454765e-06, ""24"": 4.697434350018408e-07, ""25"": 1.1555807091448324e-07, ""26"": 3.020212666994385e-08, ""27"": 7.008895445149657e-09, ""28"": 1.6231174820381356e-09, ""29"": 3.491175619704164e-10, ""30"": 6.857438230522317e-11, ""31"": 1.4883918298835383e-11, ""32"": 2.3604307816602942e-12, ""33"": 4.340775621656374e-13, ""34"": 7.730554584681679e-14, ""35"": 3.958087798268444e-15, ""36"": 6.185517522629501e-16, ""37"": 1.098454311345408e-16, ""38"": 7.608265461173877e-18, ""39"": 6.673515112827658e-19, ""40"": 4.096727936111035e-20, ""41"": 2.3486180352656317e-21, ""42"": 9.480232e-317, ""43"": 9.50626e-318, ""44"": 8.22165e-319, ""45"": 6.1076e-320, ""46"": 3.893e-321, ""47"": 2.08e-322, ""48"": 1e-323}",10.3378,10.3378,10,10,0.0001,0.9999,0.9996,0.9986,0.996,0.9902,0.9762,0.9441,0.882,0.7795,0.6384,0.4748,0.3155,0.1837,0.0928,0.0413,0.0164,0.006,0.0021,0.0006,0.0002,2497aaec#phase10c,"stat_grid:component_convolution_mean_coherent_v1+components[reb:pmf_sim_v1+role_aware_pmf_cal_v1:starter+monotone_pit_cdf_v1,ast:pmf_sim_v1+role_aware_pmf_cal_v1:starter+monotone_pit_cdf_v1]+prior_combo[joint_sampler_v1+joint_combo_pmf_v1+role_aware_pmf_cal_v1:starter+monotone_pit_cdf_v1]+stat_grid_final_component_convolution_mean_coherent_v1",phase8_role_aware_pmf_cal_v1+monotone_inactive_global_v1,starter,projected_minutes,high,33.0744,36.1936,16.0432,36.1936,39.7743,9.7677,0.05,0.9451,0.7415,starter,True,current_market_line,True,hardrockbet,hardrockbet,player_ra_over_under,10.5,10.5,0.4748,100.0,-130.0,0.4694,0.5306,0.5252,111.0,-111.0,0.0054,0.0054,-0.0054,2026-05-23T16:10:08.926317Z,full,provisional,"injury_very_stale,lineup_unconfirmed",unknown,projected,derived_from_projected_minutes,ok,finals_pending,current_phase8,ok,0.0,projected,not_available_yet,bdl_lineup_freshness_manifest,bdl_injuries_only,2026-05-23T16:10:27Z
morning,2026-05-23T16:11:19Z,2026-05-23,21713899,73,Jalen Brunson,NYK,CLE,False,pra,"{""0"": 2.31789012069375e-08, ""1"": 1.8604319984310594e-07, ""2"": 6.629208487619445e-07, ""3"": 1.8346181875920368e-06, ""4"": 4.516645288424033e-06, ""5"": 1.1013356376821951e-05, ""6"": 2.6300891308954166e-05, ""7"": 5.66113040111746e-05, ""8"": 0.00010743887807992279, ""9"": 0.00018128848999356443, ""10"": 0.0002775793684338744, ""11"": 0.0003983884390597003, ""12"": 0.0005534774980566464, ""13"": 0.0007619298920575338, ""14"": 0.0010467816207877097, ""15"": 0.0014383072334730972, ""16"": 0.0019645990637431965, ""17"": 0.0026464814825395123, ""18"": 0.00351072078535945, ""19"": 0.004581295602607783, ""20"": 0.0058959683845925745, ""21"": 0.007487847971410324, ""22"": 0.009367245331162382, ""23"": 0.011487302555344364, ""24"": 0.01379728135908856, ""25"": 0.016285930945737076, ""26"": 0.019034913501322036, ""27"": 0.02220365132096816, ""28"": 0.02592474948221374, ""29"": 0.03017523214248853, ""30"": 0.03469331563047011, ""31"": 0.039060288481602375, ""32"": 0.042925689201659734, ""33"": 0.04615813476864524, ""34"": 0.04878204009698252, ""35"": 0.05086756207317164, ""36"": 0.05219177064437754, ""37"": 0.052366919047908154, ""38"": 0.051096965309691815, ""39"": 0.04855756407514205, ""40"": 0.04518982246543201, ""41"": 0.04162353065999038, ""42"": 0.038154407167843366, ""43"": 0.034642827799744674, ""44"": 0.03082282078833269, ""45"": 0.026648378097328042, ""46"": 0.022413269883999613, ""47"": 0.018534010867851974, ""48"": 0.015312936376003155, ""49"": 0.012782488257760273, ""50"": 0.010798908724257516, ""51"": 0.009186230918010218, ""52"": 0.007849154159476436, ""53"": 0.006794602830438915, ""54"": 0.005992841651555122, ""55"": 0.005351354849741349, ""56"": 0.00475297782125174, ""57"": 0.004122539772327516, ""58"": 0.0034239174975911487, ""59"": 0.0026962474358430857, ""60"": 0.0020210670732710707, ""61"": 0.0014469680852651407, ""62"": 0.000991650468246078, ""63"": 0.0006584470237145915, ""64"": 0.00043355666112558145, ""65"": 0.00029178181321198887, ""66"": 0.00021079457549158696, ""67"": 0.00016706915370126284, ""68"": 0.000140023514725424, ""69"": 0.00011634372978285103, ""70"": 9.211673275387591e-05, ""71"": 6.86594187668206e-05, ""72"": 4.999046046618909e-05, ""73"": 3.8732482681647236e-05, ""74"": 3.377503913647455e-05, ""75"": 3.233895877836904e-05, ""76"": 3.1392442071558945e-05, ""77"": 2.9130855628529597e-05, ""78"": 2.516419614952008e-05, ""79"": 2.0115940230867776e-05, ""80"": 1.49062666748459e-05, ""81"": 1.048228590929823e-05, ""82"": 7.150543476270119e-06, ""83"": 4.7642841026689625e-06, ""84"": 3.1416582154906803e-06, ""85"": 2.2292346144530485e-06, ""86"": 2.0575220919025458e-06, ""87"": 2.5972657841312127e-06, ""88"": 3.7097207645865273e-06, ""89"": 4.906329874037731e-06, ""90"": 5.620410376095894e-06, ""91"": 5.4545684211560505e-06, ""92"": 4.506282982862849e-06, ""93"": 3.1058272494605293e-06, ""94"": 1.7614076586551298e-06, ""95"": 8.497180181349562e-07, ""96"": 3.5505732436501004e-07, ""97"": 1.3482140683593258e-07, ""98"": 4.841057187167286e-08, ""99"": 1.5883015071496548e-08, ""100"": 4.644401085899185e-09, ""101"": 1.1891678934689612e-09, ""102"": 2.8967564300785654e-10, ""103"": 7.060934033409925e-11, ""104"": 1.6051073568935137e-11, ""105"": 3.948596134113978e-12, ""106"": 1.0319993457974036e-12, ""107"": 2.394921089002444e-13, ""108"": 5.5461408867343815e-14, ""109"": 1.1929234626642974e-14, ""110"": 2.3431644725438098e-15, ""111"": 5.085785739930692e-16, ""112"": 8.065513705755849e-17, ""113"": 1.4832285839616715e-17, ""114"": 2.641504743691388e-18, ""115"": 1.352465404978605e-19, ""116"": 2.1135707158656585e-20, ""117"": 3.753381760996258e-21, ""118"": 2.5997189432313293e-22, ""119"": 2.2803178655232953e-23, ""120"": 1.3998382778733387e-24, ""121"": 8.025149526989238e-26, ""122"": 3.24e-321, ""123"": 3.2e-322, ""124"": 3e-323}",36.8262,36.8262,37,37,0.0,1.0,1.0,1.0,1.0,1.0,1.0,1.0,0.9999,0.9998,0.9996,0.9993,0.9989,0.9984,0.9976,0.9966,0.9951,0.9932,0.9905,0.987,0.9824,2497aaec#phase10c,"stat_grid:component_convolution_mean_coherent_v1+components[pts:pmf_sim_v1+role_aware_pmf_cal_v1:starter+monotone_pit_cdf_v1,reb:pmf_sim_v1+role_aware_pmf_cal_v1:starter+monotone_pit_cdf_v1,ast:pmf_sim_v1+role_aware_pmf_cal_v1:starter+monotone_pit_cdf_v1]+prior_combo[joint_sampler_v1+joint_combo_pmf_v1+role_aware_pmf_cal_v1:starter+monotone_pit_cdf_v1]+stat_grid_final_component_convolution_mean_coherent_v1",phase8_role_aware_pmf_cal_v1+monotone_inactive_global_v1,starter,projected_minutes,high,33.0744,36.1936,16.0432,36.1936,39.7743,9.7677,0.05,0.9451,0.7415,starter,True,current_market_line,True,fanduel,fanduel,player_pra_over_under,37.5,37.5,0.4537,-104.0,-128.0,0.4759,0.5241,0.5463,120.0,-120.0,-0.0222,-0.0222,0.0222,2026-05-23T16:10:08.926317Z,full,provisional,"injury_very_stale,lineup_unconfirmed",unknown,projected,derived_from_projected_minutes,ok,finals_pending,current_phase8,ok,0.0,projected,not_available_yet,bdl_lineup_freshness_manifest,bdl_injuries_only,2026-05-23T16:10:27Z
morning,2026-05-23T16:11:19Z,2026-05-23,21713899,73,Jalen Brunson,NYK,CLE,False,pra,"{""0"": 2.31789012069375e-08, ""1"": 1.8604319984310594e-07, ""2"": 6.629208487619445e-07, ""3"": 1.8346181875920368e-06, ""4"": 4.516645288424033e-06, ""5"": 1.1013356376821951e-05, ""6"": 2.6300891308954166e-05, ""7"": 5.66113040111746e-05, ""8"": 0.00010743887807992279, ""9"": 0.00018128848999356443, ""10"": 0.0002775793684338744, ""11"": 0.0003983884390597003, ""12"": 0.0005534774980566464, ""13"": 0.0007619298920575338, ""14"": 0.0010467816207877097, ""15"": 0.0014383072334730972, ""16"": 0.0019645990637431965, ""17"": 0.0026464814825395123, ""18"": 0.00351072078535945, ""19"": 0.004581295602607783, ""20"": 0.0058959683845925745, ""21"": 0.007487847971410324, ""22"": 0.009367245331162382, ""23"": 0.011487302555344364, ""24"": 0.01379728135908856, ""25"": 0.016285930945737076, ""26"": 0.019034913501322036, ""27"": 0.02220365132096816, ""28"": 0.02592474948221374, ""29"": 0.03017523214248853, ""30"": 0.03469331563047011, ""31"": 0.039060288481602375, ""32"": 0.042925689201659734, ""33"": 0.04615813476864524, ""34"": 0.04878204009698252, ""35"": 0.05086756207317164, ""36"": 0.05219177064437754, ""37"": 0.052366919047908154, ""38"": 0.051096965309691815, ""39"": 0.04855756407514205, ""40"": 0.04518982246543201, ""41"": 0.04162353065999038, ""42"": 0.038154407167843366, ""43"": 0.034642827799744674, ""44"": 0.03082282078833269, ""45"": 0.026648378097328042, ""46"": 0.022413269883999613, ""47"": 0.018534010867851974, ""48"": 0.015312936376003155, ""49"": 0.012782488257760273, ""50"": 0.010798908724257516, ""51"": 0.009186230918010218, ""52"": 0.007849154159476436, ""53"": 0.006794602830438915, ""54"": 0.005992841651555122, ""55"": 0.005351354849741349, ""56"": 0.00475297782125174, ""57"": 0.004122539772327516, ""58"": 0.0034239174975911487, ""59"": 0.0026962474358430857, ""60"": 0.0020210670732710707, ""61"": 0.0014469680852651407, ""62"": 0.000991650468246078, ""63"": 0.0006584470237145915, ""64"": 0.00043355666112558145, ""65"": 0.00029178181321198887, ""66"": 0.00021079457549158696, ""67"": 0.00016706915370126284, ""68"": 0.000140023514725424, ""69"": 0.00011634372978285103, ""70"": 9.211673275387591e-05, ""71"": 6.86594187668206e-05, ""72"": 4.999046046618909e-05, ""73"": 3.8732482681647236e-05, ""74"": 3.377503913647455e-05, ""75"": 3.233895877836904e-05, ""76"": 3.1392442071558945e-05, ""77"": 2.9130855628529597e-05, ""78"": 2.516419614952008e-05, ""79"": 2.0115940230867776e-05, ""80"": 1.49062666748459e-05, ""81"": 1.048228590929823e-05, ""82"": 7.150543476270119e-06, ""83"": 4.7642841026689625e-06, ""84"": 3.1416582154906803e-06, ""85"": 2.2292346144530485e-06, ""86"": 2.0575220919025458e-06, ""87"": 2.5972657841312127e-06, ""88"": 3.7097207645865273e-06, ""89"": 4.906329874037731e-06, ""90"": 5.620410376095894e-06, ""91"": 5.4545684211560505e-06, ""92"": 4.506282982862849e-06, ""93"": 3.1058272494605293e-06, ""94"": 1.7614076586551298e-06, ""95"": 8.497180181349562e-07, ""96"": 3.5505732436501004e-07, ""97"": 1.3482140683593258e-07, ""98"": 4.841057187167286e-08, ""99"": 1.5883015071496548e-08, ""100"": 4.644401085899185e-09, ""101"": 1.1891678934689612e-09, ""102"": 2.8967564300785654e-10, ""103"": 7.060934033409925e-11, ""104"": 1.6051073568935137e-11, ""105"": 3.948596134113978e-12, ""106"": 1.0319993457974036e-12, ""107"": 2.394921089002444e-13, ""108"": 5.5461408867343815e-14, ""109"": 1.1929234626642974e-14, ""110"": 2.3431644725438098e-15, ""111"": 5.085785739930692e-16, ""112"": 8.065513705755849e-17, ""113"": 1.4832285839616715e-17, ""114"": 2.641504743691388e-18, ""115"": 1.352465404978605e-19, ""116"": 2.1135707158656585e-20, ""117"": 3.753381760996258e-21, ""118"": 2.5997189432313293e-22, ""119"": 2.2803178655232953e-23, ""120"": 1.3998382778733387e-24, ""121"": 8.025149526989238e-26, ""122"": 3.24e-321, ""123"": 3.2e-322, ""124"": 3e-323}",36.8262,36.8262,37,37,0.0,1.0,1.0,1.0,1.0,1.0,1.0,1.0,0.9999,0.9998,0.9996,0.9993,0.9989,0.9984,0.9976,0.9966,0.9951,0.9932,0.9905,0.987,0.9824,2497aaec#phase10c,"stat_grid:component_convolution_mean_coherent_v1+components[pts:pmf_sim_v1+role_aware_pmf_cal_v1:starter+monotone_pit_cdf_v1,reb:pmf_sim_v1+role_aware_pmf_cal_v1:starter+monotone_pit_cdf_v1,ast:pmf_sim_v1+role_aware_pmf_cal_v1:starter+monotone_pit_cdf_v1]+prior_combo[joint_sampler_v1+joint_combo_pmf_v1+role_aware_pmf_cal_v1:starter+monotone_pit_cdf_v1]+stat_grid_final_component_convolution_mean_coherent_v1",phase8_role_aware_pmf_cal_v1+monotone_inactive_global_v1,starter,projected_minutes,high,33.0744,36.1936,16.0432,36.1936,39.7743,9.7677,0.05,0.9451,0.7415,starter,True,current_market_line,True,fanduel,fanduel,player_pra_over_under,34.5,34.5,0.6092,-192.0,142.0,0.6141,0.3859,0.3908,-156.0,156.0,-0.0049,-0.0049,0.0049,2026-05-23T16:10:08.926317Z,full,provisional,"injury_very_stale,lineup_unconfirmed",unknown,projected,derived_from_projected_minutes,ok,finals_pending,current_phase8,ok,0.0,projected,not_available_yet,bdl_lineup_freshness_manifest,bdl_injuries_only,2026-05-23T16:10:27Z
morning,2026-05-23T16:11:19Z,2026-05-23,21713899,73,Jalen Brunson,NYK,CLE,False,pra,"{""0"": 2.31789012069375e-08, ""1"": 1.8604319984310594e-07, ""2"": 6.629208487619445e-07, ""3"": 1.8346181875920368e-06, ""4"": 4.516645288424033e-06, ""5"": 1.1013356376821951e-05, ""6"": 2.6300891308954166e-05, ""7"": 5.66113040111746e-05, ""8"": 0.00010743887807992279, ""9"": 0.00018128848999356443, ""10"": 0.0002775793684338744, ""11"": 0.0003983884390597003, ""12"": 0.0005534774980566464, ""13"": 0.0007619298920575338, ""14"": 0.0010467816207877097, ""15"": 0.0014383072334730972, ""16"": 0.0019645990637431965, ""17"": 0.0026464814825395123, ""18"": 0.00351072078535945, ""19"": 0.004581295602607783, ""20"": 0.0058959683845925745, ""21"": 0.007487847971410324, ""22"": 0.009367245331162382, ""23"": 0.011487302555344364, ""24"": 0.01379728135908856, ""25"": 0.016285930945737076, ""26"": 0.019034913501322036, ""27"": 0.02220365132096816, ""28"": 0.02592474948221374, ""29"": 0.03017523214248853, ""30"": 0.03469331563047011, ""31"": 0.039060288481602375, ""32"": 0.042925689201659734, ""33"": 0.04615813476864524, ""34"": 0.04878204009698252, ""35"": 0.05086756207317164, ""36"": 0.05219177064437754, ""37"": 0.052366919047908154, ""38"": 0.051096965309691815, ""39"": 0.04855756407514205, ""40"": 0.04518982246543201, ""41"": 0.04162353065999038, ""42"": 0.038154407167843366, ""43"": 0.034642827799744674, ""44"": 0.03082282078833269, ""45"": 0.026648378097328042, ""46"": 0.022413269883999613, ""47"": 0.018534010867851974, ""48"": 0.015312936376003155, ""49"": 0.012782488257760273, ""50"": 0.010798908724257516, ""51"": 0.009186230918010218, ""52"": 0.007849154159476436, ""53"": 0.006794602830438915, ""54"": 0.005992841651555122, ""55"": 0.005351354849741349, ""56"": 0.00475297782125174, ""57"": 0.004122539772327516, ""58"": 0.0034239174975911487, ""59"": 0.0026962474358430857, ""60"": 0.0020210670732710707, ""61"": 0.0014469680852651407, ""62"": 0.000991650468246078, ""63"": 0.0006584470237145915, ""64"": 0.00043355666112558145, ""65"": 0.00029178181321198887, ""66"": 0.00021079457549158696, ""67"": 0.00016706915370126284, ""68"": 0.000140023514725424, ""69"": 0.00011634372978285103, ""70"": 9.211673275387591e-05, ""71"": 6.86594187668206e-05, ""72"": 4.999046046618909e-05, ""73"": 3.8732482681647236e-05, ""74"": 3.377503913647455e-05, ""75"": 3.233895877836904e-05, ""76"": 3.1392442071558945e-05, ""77"": 2.9130855628529597e-05, ""78"": 2.516419614952008e-05, ""79"": 2.0115940230867776e-05, ""80"": 1.49062666748459e-05, ""81"": 1.048228590929823e-05, ""82"": 7.150543476270119e-06, ""83"": 4.7642841026689625e-06, ""84"": 3.1416582154906803e-06, ""85"": 2.2292346144530485e-06, ""86"": 2.0575220919025458e-06, ""87"": 2.5972657841312127e-06, ""88"": 3.7097207645865273e-06, ""89"": 4.906329874037731e-06, ""90"": 5.620410376095894e-06, ""91"": 5.4545684211560505e-06, ""92"": 4.506282982862849e-06, ""93"": 3.1058272494605293e-06, ""94"": 1.7614076586551298e-06, ""95"": 8.497180181349562e-07, ""96"": 3.5505732436501004e-07, ""97"": 1.3482140683593258e-07, ""98"": 4.841057187167286e-08, ""99"": 1.5883015071496548e-08, ""100"": 4.644401085899185e-09, ""101"": 1.1891678934689612e-09, ""102"": 2.8967564300785654e-10, ""103"": 7.060934033409925e-11, ""104"": 1.6051073568935137e-11, ""105"": 3.948596134113978e-12, ""106"": 1.0319993457974036e-12, ""107"": 2.394921089002444e-13, ""108"": 5.5461408867343815e-14, ""109"": 1.1929234626642974e-14, ""110"": 2.3431644725438098e-15, ""111"": 5.085785739930692e-16, ""112"": 8.065513705755849e-17, ""113"": 1.4832285839616715e-17, ""114"": 2.641504743691388e-18, ""115"": 1.352465404978605e-19, ""116"": 2.1135707158656585e-20, ""117"": 3.753381760996258e-21, ""118"": 2.5997189432313293e-22, ""119"": 2.2803178655232953e-23, ""120"": 1.3998382778733387e-24, ""121"": 8.025149526989238e-26, ""122"": 3.24e-321, ""123"": 3.2e-322, ""124"": 3e-323}",36.8262,36.8262,37,37,0.0,1.0,1.0,1.0,1.0,1.0,1.0,1.0,0.9999,0.9998,0.9996,0.9993,0.9989,0.9984,0.9976,0.9966,0.9951,0.9932,0.9905,0.987,0.9824,2497aaec#phase10c,"stat_grid:component_convolution_mean_coherent_v1+components[pts:pmf_sim_v1+role_aware_pmf_cal_v1:starter+monotone_pit_cdf_v1,reb:pmf_sim_v1+role_aware_pmf_cal_v1:starter+monotone_pit_cdf_v1,ast:pmf_sim_v1+role_aware_pmf_cal_v1:starter+monotone_pit_cdf_v1]+prior_combo[joint_sampler_v1+joint_combo_pmf_v1+role_aware_pmf_cal_v1:starter+monotone_pit_cdf_v1]+stat_grid_final_component_convolution_mean_coherent_v1",phase8_role_aware_pmf_cal_v1+monotone_inactive_global_v1,starter,projected_minutes,high,33.0744,36.1936,16.0432,36.1936,39.7743,9.7677,0.05,0.9451,0.7415,starter,True,current_market_line,True,fanduel,fanduel,player_pra_over_under,35.5,35.5,0.5583,-158.0,118.0,0.5717,0.4283,0.4417,-126.0,126.0,-0.0135,-0.0135,0.0135,2026-05-23T16:10:08.926317Z,full,provisional,"injury_very_stale,lineup_unconfirmed",unknown,projected,derived_from_projected_minutes,ok,finals_pending,current_phase8,ok,0.0,projected,not_available_yet,bdl_lineup_freshness_manifest,bdl_injuries_only,2026-05-23T16:10:27Z
morning,2026-05-23T16:11:19Z,2026-05-23,21713899,73,Jalen Brunson,NYK,CLE,False,pra,"{""0"": 2.31789012069375e-08, ""1"": 1.8604319984310594e-07, ""2"": 6.629208487619445e-07, ""3"": 1.8346181875920368e-06, ""4"": 4.516645288424033e-06, ""5"": 1.1013356376821951e-05, ""6"": 2.6300891308954166e-05, ""7"": 5.66113040111746e-05, ""8"": 0.00010743887807992279, ""9"": 0.00018128848999356443, ""10"": 0.0002775793684338744, ""11"": 0.0003983884390597003, ""12"": 0.0005534774980566464, ""13"": 0.0007619298920575338, ""14"": 0.0010467816207877097, ""15"": 0.0014383072334730972, ""16"": 0.0019645990637431965, ""17"": 0.0026464814825395123, ""18"": 0.00351072078535945, ""19"": 0.004581295602607783, ""20"": 0.0058959683845925745, ""21"": 0.007487847971410324, ""22"": 0.009367245331162382, ""23"": 0.011487302555344364, ""24"": 0.01379728135908856, ""25"": 0.016285930945737076, ""26"": 0.019034913501322036, ""27"": 0.02220365132096816, ""28"": 0.02592474948221374, ""29"": 0.03017523214248853, ""30"": 0.03469331563047011, ""31"": 0.039060288481602375, ""32"": 0.042925689201659734, ""33"": 0.04615813476864524, ""34"": 0.04878204009698252, ""35"": 0.05086756207317164, ""36"": 0.05219177064437754, ""37"": 0.052366919047908154, ""38"": 0.051096965309691815, ""39"": 0.04855756407514205, ""40"": 0.04518982246543201, ""41"": 0.04162353065999038, ""42"": 0.038154407167843366, ""43"": 0.034642827799744674, ""44"": 0.03082282078833269, ""45"": 0.026648378097328042, ""46"": 0.022413269883999613, ""47"": 0.018534010867851974, ""48"": 0.015312936376003155, ""49"": 0.012782488257760273, ""50"": 0.010798908724257516, ""51"": 0.009186230918010218, ""52"": 0.007849154159476436, ""53"": 0.006794602830438915, ""54"": 0.005992841651555122, ""55"": 0.005351354849741349, ""56"": 0.00475297782125174, ""57"": 0.004122539772327516, ""58"": 0.0034239174975911487, ""59"": 0.0026962474358430857, ""60"": 0.0020210670732710707, ""61"": 0.0014469680852651407, ""62"": 0.000991650468246078, ""63"": 0.0006584470237145915, ""64"": 0.00043355666112558145, ""65"": 0.00029178181321198887, ""66"": 0.00021079457549158696, ""67"": 0.00016706915370126284, ""68"": 0.000140023514725424, ""69"": 0.00011634372978285103, ""70"": 9.211673275387591e-05, ""71"": 6.86594187668206e-05, ""72"": 4.999046046618909e-05, ""73"": 3.8732482681647236e-05, ""74"": 3.377503913647455e-05, ""75"": 3.233895877836904e-05, ""76"": 3.1392442071558945e-05, ""77"": 2.9130855628529597e-05, ""78"": 2.516419614952008e-05, ""79"": 2.0115940230867776e-05, ""80"": 1.49062666748459e-05, ""81"": 1.048228590929823e-05, ""82"": 7.150543476270119e-06, ""83"": 4.7642841026689625e-06, ""84"": 3.1416582154906803e-06, ""85"": 2.2292346144530485e-06, ""86"": 2.0575220919025458e-06, ""87"": 2.5972657841312127e-06, ""88"": 3.7097207645865273e-06, ""89"": 4.906329874037731e-06, ""90"": 5.620410376095894e-06, ""91"": 5.4545684211560505e-06, ""92"": 4.506282982862849e-06, ""93"": 3.1058272494605293e-06, ""94"": 1.7614076586551298e-06, ""95"": 8.497180181349562e-07, ""96"": 3.5505732436501004e-07, ""97"": 1.3482140683593258e-07, ""98"": 4.841057187167286e-08, ""99"": 1.5883015071496548e-08, ""100"": 4.644401085899185e-09, ""101"": 1.1891678934689612e-09, ""102"": 2.8967564300785654e-10, ""103"": 7.060934033409925e-11, ""104"": 1.6051073568935137e-11, ""105"": 3.948596134113978e-12, ""106"": 1.0319993457974036e-12, ""107"": 2.394921089002444e-13, ""108"": 5.5461408867343815e-14, ""109"": 1.1929234626642974e-14, ""110"": 2.3431644725438098e-15, ""111"": 5.085785739930692e-16, ""112"": 8.065513705755849e-17, ""113"": 1.4832285839616715e-17, ""114"": 2.641504743691388e-18, ""115"": 1.352465404978605e-19, ""116"": 2.1135707158656585e-20, ""117"": 3.753381760996258e-21, ""118"": 2.5997189432313293e-22, ""119"": 2.2803178655232953e-23, ""120"": 1.3998382778733387e-24, ""121"": 8.025149526989238e-26, ""122"": 3.24e-321, ""123"": 3.2e-322, ""124"": 3e-323}",36.8262,36.8262,37,37,0.0,1.0,1.0,1.0,1.0,1.0,1.0,1.0,0.9999,0.9998,0.9996,0.9993,0.9989,0.9984,0.9976,0.9966,0.9951,0.9932,0.9905,0.987,0.9824,2497aaec#phase10c,"stat_grid:component_convolution_mean_coherent_v1+components[pts:pmf_sim_v1+role_aware_pmf_cal_v1:starter+monotone_pit_cdf_v1,reb:pmf_sim_v1+role_aware_pmf_cal_v1:starter+monotone_pit_cdf_v1,ast:pmf_sim_v1+role_aware_pmf_cal_v1:starter+monotone_pit_cdf_v1]+prior_combo[joint_sampler_v1+joint_combo_pmf_v1+role_aware_pmf_cal_v1:starter+monotone_pit_cdf_v1]+stat_grid_final_component_convolution_mean_coherent_v1",phase8_role_aware_pmf_cal_v1+monotone_inactive_global_v1,starter,projected_minutes,high,33.0744,36.1936,16.0432,36.1936,39.7743,9.7677,0.05,0.9451,0.7415,starter,True,current_market_line,True,fanduel,fanduel,player_pra_over_under,36.5,36.5,0.5061,-130.0,-102.0,0.5282,0.4718,0.4939,-102.0,102.0,-0.0221,-0.0221,0.0221,2026-05-23T16:10:08.926317Z,full,provisional,"injury_very_stale,lineup_unconfirmed",unknown,projected,derived_from_projected_minutes,ok,finals_pending,current_phase8,ok,0.0,projected,not_available_yet,bdl_lineup_freshness_manifest,bdl_injuries_only,2026-05-23T16:10:27Z
morning,2026-05-23T16:11:19Z,2026-05-23,21713899,73,Jalen Brunson,NYK,CLE,False,pra,"{""0"": 2.31789012069375e-08, ""1"": 1.8604319984310594e-07, ""2"": 6.629208487619445e-07, ""3"": 1.8346181875920368e-06, ""4"": 4.516645288424033e-06, ""5"": 1.1013356376821951e-05, ""6"": 2.6300891308954166e-05, ""7"": 5.66113040111746e-05, ""8"": 0.00010743887807992279, ""9"": 0.00018128848999356443, ""10"": 0.0002775793684338744, ""11"": 0.0003983884390597003, ""12"": 0.0005534774980566464, ""13"": 0.0007619298920575338, ""14"": 0.0010467816207877097, ""15"": 0.0014383072334730972, ""16"": 0.0019645990637431965, ""17"": 0.0026464814825395123, ""18"": 0.00351072078535945, ""19"": 0.004581295602607783, ""20"": 0.0058959683845925745, ""21"": 0.007487847971410324, ""22"": 0.009367245331162382, ""23"": 0.011487302555344364, ""24"": 0.01379728135908856, ""25"": 0.016285930945737076, ""26"": 0.019034913501322036, ""27"": 0.02220365132096816, ""28"": 0.02592474948221374, ""29"": 0.03017523214248853, ""30"": 0.03469331563047011, ""31"": 0.039060288481602375, ""32"": 0.042925689201659734, ""33"": 0.04615813476864524, ""34"": 0.04878204009698252, ""35"": 0.05086756207317164, ""36"": 0.05219177064437754, ""37"": 0.052366919047908154, ""38"": 0.051096965309691815, ""39"": 0.04855756407514205, ""40"": 0.04518982246543201, ""41"": 0.04162353065999038, ""42"": 0.038154407167843366, ""43"": 0.034642827799744674, ""44"": 0.03082282078833269, ""45"": 0.026648378097328042, ""46"": 0.022413269883999613, ""47"": 0.018534010867851974, ""48"": 0.015312936376003155, ""49"": 0.012782488257760273, ""50"": 0.010798908724257516, ""51"": 0.009186230918010218, ""52"": 0.007849154159476436, ""53"": 0.006794602830438915, ""54"": 0.005992841651555122, ""55"": 0.005351354849741349, ""56"": 0.00475297782125174, ""57"": 0.004122539772327516, ""58"": 0.0034239174975911487, ""59"": 0.0026962474358430857, ""60"": 0.0020210670732710707, ""61"": 0.0014469680852651407, ""62"": 0.000991650468246078, ""63"": 0.0006584470237145915, ""64"": 0.00043355666112558145, ""65"": 0.00029178181321198887, ""66"": 0.00021079457549158696, ""67"": 0.00016706915370126284, ""68"": 0.000140023514725424, ""69"": 0.00011634372978285103, ""70"": 9.211673275387591e-05, ""71"": 6.86594187668206e-05, ""72"": 4.999046046618909e-05, ""73"": 3.8732482681647236e-05, ""74"": 3.377503913647455e-05, ""75"": 3.233895877836904e-05, ""76"": 3.1392442071558945e-05, ""77"": 2.9130855628529597e-05, ""78"": 2.516419614952008e-05, ""79"": 2.0115940230867776e-05, ""80"": 1.49062666748459e-05, ""81"": 1.048228590929823e-05, ""82"": 7.150543476270119e-06, ""83"": 4.7642841026689625e-06, ""84"": 3.1416582154906803e-06, ""85"": 2.2292346144530485e-06, ""86"": 2.0575220919025458e-06, ""87"": 2.5972657841312127e-06, ""88"": 3.7097207645865273e-06, ""89"": 4.906329874037731e-06, ""90"": 5.620410376095894e-06, ""91"": 5.4545684211560505e-06, ""92"": 4.506282982862849e-06, ""93"": 3.1058272494605293e-06, ""94"": 1.7614076586551298e-06, ""95"": 8.497180181349562e-07, ""96"": 3.5505732436501004e-07, ""97"": 1.3482140683593258e-07, ""98"": 4.841057187167286e-08, ""99"": 1.5883015071496548e-08, ""100"": 4.644401085899185e-09, ""101"": 1.1891678934689612e-09, ""102"": 2.8967564300785654e-10, ""103"": 7.060934033409925e-11, ""104"": 1.6051073568935137e-11, ""105"": 3.948596134113978e-12, ""106"": 1.0319993457974036e-12, ""107"": 2.394921089002444e-13, ""108"": 5.5461408867343815e-14, ""109"": 1.1929234626642974e-14, ""110"": 2.3431644725438098e-15, ""111"": 5.085785739930692e-16, ""112"": 8.065513705755849e-17, ""113"": 1.4832285839616715e-17, ""114"": 2.641504743691388e-18, ""115"": 1.352465404978605e-19, ""116"": 2.1135707158656585e-20, ""117"": 3.753381760996258e-21, ""118"": 2.5997189432313293e-22, ""119"": 2.2803178655232953e-23, ""120"": 1.3998382778733387e-24, ""121"": 8.025149526989238e-26, ""122"": 3.24e-321, ""123"": 3.2e-322, ""124"": 3e-323}",36.8262,36.8262,37,37,0.0,1.0,1.0,1.0,1.0,1.0,1.0,1.0,0.9999,0.9998,0.9996,0.9993,0.9989,0.9984,0.9976,0.9966,0.9951,0.9932,0.9905,0.987,0.9824,2497aaec#phase10c,"stat_grid:component_convolution_mean_coherent_v1+components[pts:pmf_sim_v1+role_aware_pmf_cal_v1:starter+monotone_pit_cdf_v1,reb:pmf_sim_v1+role_aware_pmf_cal_v1:starter+monotone_pit_cdf_v1,ast:pmf_sim_v1+role_aware_pmf_cal_v1:starter+monotone_pit_cdf_v1]+prior_combo[joint_sampler_v1+joint_combo_pmf_v1+role_aware_pmf_cal_v1:starter+monotone_pit_cdf_v1]+stat_grid_final_component_convolution_mean_coherent_v1",phase8_role_aware_pmf_cal_v1+monotone_inactive_global_v1,starter,projected_minutes,high,33.0744,36.1936,16.0432,36.1936,39.7743,9.7677,0.05,0.9451,0.7415,starter,True,current_market_line,True,fanduel,fanduel,player_pra_over_under,38.5,38.5,0.4026,116.0,-154.0,0.433,0.567,0.5974,148.0,-148.0,-0.0303,-0.0303,0.0303,2026-05-23T16:10:08.926317Z,full,provisional,"injury_very_stale,lineup_unconfirmed",unknown,projected,derived_from_projected_minutes,ok,finals_pending,current_phase8,ok,0.0,projected,not_available_yet,bdl_lineup_freshness_manifest,bdl_injuries_only,2026-05-23T16:10:27Z
morning,2026-05-23T16:11:19Z,2026-05-23,21713899,73,Jalen Brunson,NYK,CLE,False,pra,"{""0"": 2.31789012069375e-08, ""1"": 1.8604319984310594e-07, ""2"": 6.629208487619445e-07, ""3"": 1.8346181875920368e-06, ""4"": 4.516645288424033e-06, ""5"": 1.1013356376821951e-05, ""6"": 2.6300891308954166e-05, ""7"": 5.66113040111746e-05, ""8"": 0.00010743887807992279, ""9"": 0.00018128848999356443, ""10"": 0.0002775793684338744, ""11"": 0.0003983884390597003, ""12"": 0.0005534774980566464, ""13"": 0.0007619298920575338, ""14"": 0.0010467816207877097, ""15"": 0.0014383072334730972, ""16"": 0.0019645990637431965, ""17"": 0.0026464814825395123, ""18"": 0.00351072078535945, ""19"": 0.004581295602607783, ""20"": 0.0058959683845925745, ""21"": 0.007487847971410324, ""22"": 0.009367245331162382, ""23"": 0.011487302555344364, ""24"": 0.01379728135908856, ""25"": 0.016285930945737076, ""26"": 0.019034913501322036, ""27"": 0.02220365132096816, ""28"": 0.02592474948221374, ""29"": 0.03017523214248853, ""30"": 0.03469331563047011, ""31"": 0.039060288481602375, ""32"": 0.042925689201659734, ""33"": 0.04615813476864524, ""34"": 0.04878204009698252, ""35"": 0.05086756207317164, ""36"": 0.05219177064437754, ""37"": 0.052366919047908154, ""38"": 0.051096965309691815, ""39"": 0.04855756407514205, ""40"": 0.04518982246543201, ""41"": 0.04162353065999038, ""42"": 0.038154407167843366, ""43"": 0.034642827799744674, ""44"": 0.03082282078833269, ""45"": 0.026648378097328042, ""46"": 0.022413269883999613, ""47"": 0.018534010867851974, ""48"": 0.015312936376003155, ""49"": 0.012782488257760273, ""50"": 0.010798908724257516, ""51"": 0.009186230918010218, ""52"": 0.007849154159476436, ""53"": 0.006794602830438915, ""54"": 0.005992841651555122, ""55"": 0.005351354849741349, ""56"": 0.00475297782125174, ""57"": 0.004122539772327516, ""58"": 0.0034239174975911487, ""59"": 0.0026962474358430857, ""60"": 0.0020210670732710707, ""61"": 0.0014469680852651407, ""62"": 0.000991650468246078, ""63"": 0.0006584470237145915, ""64"": 0.00043355666112558145, ""65"": 0.00029178181321198887, ""66"": 0.00021079457549158696, ""67"": 0.00016706915370126284, ""68"": 0.000140023514725424, ""69"": 0.00011634372978285103, ""70"": 9.211673275387591e-05, ""71"": 6.86594187668206e-05, ""72"": 4.999046046618909e-05, ""73"": 3.8732482681647236e-05, ""74"": 3.377503913647455e-05, ""75"": 3.233895877836904e-05, ""76"": 3.1392442071558945e-05, ""77"": 2.9130855628529597e-05, ""78"": 2.516419614952008e-05, ""79"": 2.0115940230867776e-05, ""80"": 1.49062666748459e-05, ""81"": 1.048228590929823e-05, ""82"": 7.150543476270119e-06, ""83"": 4.7642841026689625e-06, ""84"": 3.1416582154906803e-06, ""85"": 2.2292346144530485e-06, ""86"": 2.0575220919025458e-06, ""87"": 2.5972657841312127e-06, ""88"": 3.7097207645865273e-06, ""89"": 4.906329874037731e-06, ""90"": 5.620410376095894e-06, ""91"": 5.4545684211560505e-06, ""92"": 4.506282982862849e-06, ""93"": 3.1058272494605293e-06, ""94"": 1.7614076586551298e-06, ""95"": 8.497180181349562e-07, ""96"": 3.5505732436501004e-07, ""97"": 1.3482140683593258e-07, ""98"": 4.841057187167286e-08, ""99"": 1.5883015071496548e-08, ""100"": 4.644401085899185e-09, ""101"": 1.1891678934689612e-09, ""102"": 2.8967564300785654e-10, ""103"": 7.060934033409925e-11, ""104"": 1.6051073568935137e-11, ""105"": 3.948596134113978e-12, ""106"": 1.0319993457974036e-12, ""107"": 2.394921089002444e-13, ""108"": 5.5461408867343815e-14, ""109"": 1.1929234626642974e-14, ""110"": 2.3431644725438098e-15, ""111"": 5.085785739930692e-16, ""112"": 8.065513705755849e-17, ""113"": 1.4832285839616715e-17, ""114"": 2.641504743691388e-18, ""115"": 1.352465404978605e-19, ""116"": 2.1135707158656585e-20, ""117"": 3.753381760996258e-21, ""118"": 2.5997189432313293e-22, ""119"": 2.2803178655232953e-23, ""120"": 1.3998382778733387e-24, ""121"": 8.025149526989238e-26, ""122"": 3.24e-321, ""123"": 3.2e-322, ""124"": 3e-323}",36.8262,36.8262,37,37,0.0,1.0,1.0,1.0,1.0,1.0,1.0,1.0,0.9999,0.9998,0.9996,0.9993,0.9989,0.9984,0.9976,0.9966,0.9951,0.9932,0.9905,0.987,0.9824,2497aaec#phase10c,"stat_grid:component_convolution_mean_coherent_v1+components[pts:pmf_sim_v1+role_aware_pmf_cal_v1:starter+monotone_pit_cdf_v1,reb:pmf_sim_v1+role_aware_pmf_cal_v1:starter+monotone_pit_cdf_v1,ast:pmf_sim_v1+role_aware_pmf_cal_v1:starter+monotone_pit_cdf_v1]+prior_combo[joint_sampler_v1+joint_combo_pmf_v1+role_aware_pmf_cal_v1:starter+monotone_pit_cdf_v1]+stat_grid_final_component_convolution_mean_coherent_v1",phase8_role_aware_pmf_cal_v1+monotone_inactive_global_v1,starter,projected_minutes,high,33.0744,36.1936,16.0432,36.1936,39.7743,9.7677,0.05,0.9451,0.7415,starter,True,current_market_line,True,fanduel,fanduel,player_pra_over_under,39.5,39.5,0.3541,138.0,-186.0,0.3925,0.6075,0.6459,182.0,-182.0,-0.0384,-0.0384,0.0384,2026-05-23T16:10:08.926317Z,full,provisional,"injury_very_stale,lineup_unconfirmed",unknown,projected,derived_from_projected_minutes,ok,finals_pending,current_phase8,ok,0.0,projected,not_available_yet,bdl_lineup_freshness_manifest,bdl_injuries_only,2026-05-23T16:10:27Z
morning,2026-05-23T16:11:19Z,2026-05-23,21713899,73,Jalen Brunson,NYK,CLE,False,pra,"{""0"": 2.31789012069375e-08, ""1"": 1.8604319984310594e-07, ""2"": 6.629208487619445e-07, ""3"": 1.8346181875920368e-06, ""4"": 4.516645288424033e-06, ""5"": 1.1013356376821951e-05, ""6"": 2.6300891308954166e-05, ""7"": 5.66113040111746e-05, ""8"": 0.00010743887807992279, ""9"": 0.00018128848999356443, ""10"": 0.0002775793684338744, ""11"": 0.0003983884390597003, ""12"": 0.0005534774980566464, ""13"": 0.0007619298920575338, ""14"": 0.0010467816207877097, ""15"": 0.0014383072334730972, ""16"": 0.0019645990637431965, ""17"": 0.0026464814825395123, ""18"": 0.00351072078535945, ""19"": 0.004581295602607783, ""20"": 0.0058959683845925745, ""21"": 0.007487847971410324, ""22"": 0.009367245331162382, ""23"": 0.011487302555344364, ""24"": 0.01379728135908856, ""25"": 0.016285930945737076, ""26"": 0.019034913501322036, ""27"": 0.02220365132096816, ""28"": 0.02592474948221374, ""29"": 0.03017523214248853, ""30"": 0.03469331563047011, ""31"": 0.039060288481602375, ""32"": 0.042925689201659734, ""33"": 0.04615813476864524, ""34"": 0.04878204009698252, ""35"": 0.05086756207317164, ""36"": 0.05219177064437754, ""37"": 0.052366919047908154, ""38"": 0.051096965309691815, ""39"": 0.04855756407514205, ""40"": 0.04518982246543201, ""41"": 0.04162353065999038, ""42"": 0.038154407167843366, ""43"": 0.034642827799744674, ""44"": 0.03082282078833269, ""45"": 0.026648378097328042, ""46"": 0.022413269883999613, ""47"": 0.018534010867851974, ""48"": 0.015312936376003155, ""49"": 0.012782488257760273, ""50"": 0.010798908724257516, ""51"": 0.009186230918010218, ""52"": 0.007849154159476436, ""53"": 0.006794602830438915, ""54"": 0.005992841651555122, ""55"": 0.005351354849741349, ""56"": 0.00475297782125174, ""57"": 0.004122539772327516, ""58"": 0.0034239174975911487, ""59"": 0.0026962474358430857, ""60"": 0.0020210670732710707, ""61"": 0.0014469680852651407, ""62"": 0.000991650468246078, ""63"": 0.0006584470237145915, ""64"": 0.00043355666112558145, ""65"": 0.00029178181321198887, ""66"": 0.00021079457549158696, ""67"": 0.00016706915370126284, ""68"": 0.000140023514725424, ""69"": 0.00011634372978285103, ""70"": 9.211673275387591e-05, ""71"": 6.86594187668206e-05, ""72"": 4.999046046618909e-05, ""73"": 3.8732482681647236e-05, ""74"": 3.377503913647455e-05, ""75"": 3.233895877836904e-05, ""76"": 3.1392442071558945e-05, ""77"": 2.9130855628529597e-05, ""78"": 2.516419614952008e-05, ""79"": 2.0115940230867776e-05, ""80"": 1.49062666748459e-05, ""81"": 1.048228590929823e-05, ""82"": 7.150543476270119e-06, ""83"": 4.7642841026689625e-06, ""84"": 3.1416582154906803e-06, ""85"": 2.2292346144530485e-06, ""86"": 2.0575220919025458e-06, ""87"": 2.5972657841312127e-06, ""88"": 3.7097207645865273e-06, ""89"": 4.906329874037731e-06, ""90"": 5.620410376095894e-06, ""91"": 5.4545684211560505e-06, ""92"": 4.506282982862849e-06, ""93"": 3.1058272494605293e-06, ""94"": 1.7614076586551298e-06, ""95"": 8.497180181349562e-07, ""96"": 3.5505732436501004e-07, ""97"": 1.3482140683593258e-07, ""98"": 4.841057187167286e-08, ""99"": 1.5883015071496548e-08, ""100"": 4.644401085899185e-09, ""101"": 1.1891678934689612e-09, ""102"": 2.8967564300785654e-10, ""103"": 7.060934033409925e-11, ""104"": 1.6051073568935137e-11, ""105"": 3.948596134113978e-12, ""106"": 1.0319993457974036e-12, ""107"": 2.394921089002444e-13, ""108"": 5.5461408867343815e-14, ""109"": 1.1929234626642974e-14, ""110"": 2.3431644725438098e-15, ""111"": 5.085785739930692e-16, ""112"": 8.065513705755849e-17, ""113"": 1.4832285839616715e-17, ""114"": 2.641504743691388e-18, ""115"": 1.352465404978605e-19, ""116"": 2.1135707158656585e-20, ""117"": 3.753381760996258e-21, ""118"": 2.5997189432313293e-22, ""119"": 2.2803178655232953e-23, ""120"": 1.3998382778733387e-24, ""121"": 8.025149526989238e-26, ""122"": 3.24e-321, ""123"": 3.2e-322, ""124"": 3e-323}",36.8262,36.8262,37,37,0.0,1.0,1.0,1.0,1.0,1.0,1.0,1.0,0.9999,0.9998,0.9996,0.9993,0.9989,0.9984,0.9976,0.9966,0.9951,0.9932,0.9905,0.987,0.9824,2497aaec#phase10c,"stat_grid:component_convolution_mean_coherent_v1+components[pts:pmf_sim_v1+role_aware_pmf_cal_v1:starter+monotone_pit_cdf_v1,reb:pmf_sim_v1+role_aware_pmf_cal_v1:starter+monotone_pit_cdf_v1,ast:pmf_sim_v1+role_aware_pmf_cal_v1:starter+monotone_pit_cdf_v1]+prior_combo[joint_sampler_v1+joint_combo_pmf_v1+role_aware_pmf_cal_v1:starter+monotone_pit_cdf_v1]+stat_grid_final_component_convolution_mean_coherent_v1",phase8_role_aware_pmf_cal_v1+monotone_inactive_global_v1,starter,projected_minutes,high,33.0744,36.1936,16.0432,36.1936,39.7743,9.7677,0.05,0.9451,0.7415,starter,True,current_market_line,True,fanduel,fanduel,player_pra_over_under,40.5,40.5,0.3089,164.0,-225.0,0.3536,0.6464,0.6911,224.0,-224.0,-0.0448,-0.0448,0.0448,2026-05-23T16:10:08.926317Z,full,provisional,"injury_very_stale,lineup_unconfirmed",unknown,projected,derived_from_projected_minutes,ok,finals_pending,current_phase8,ok,0.0,projected,not_available_yet,bdl_lineup_freshness_manifest,bdl_injuries_only,2026-05-23T16:10:27Z
morning,2026-05-23T16:11:19Z,2026-05-23,21713899,73,Jalen Brunson,NYK,CLE,False,pra,"{""0"": 2.31789012069375e-08, ""1"": 1.8604319984310594e-07, ""2"": 6.629208487619445e-07, ""3"": 1.8346181875920368e-06, ""4"": 4.516645288424033e-06, ""5"": 1.1013356376821951e-05, ""6"": 2.6300891308954166e-05, ""7"": 5.66113040111746e-05, ""8"": 0.00010743887807992279, ""9"": 0.00018128848999356443, ""10"": 0.0002775793684338744, ""11"": 0.0003983884390597003, ""12"": 0.0005534774980566464, ""13"": 0.0007619298920575338, ""14"": 0.0010467816207877097, ""15"": 0.0014383072334730972, ""16"": 0.0019645990637431965, ""17"": 0.0026464814825395123, ""18"": 0.00351072078535945, ""19"": 0.004581295602607783, ""20"": 0.0058959683845925745, ""21"": 0.007487847971410324, ""22"": 0.009367245331162382, ""23"": 0.011487302555344364, ""24"": 0.01379728135908856, ""25"": 0.016285930945737076, ""26"": 0.019034913501322036, ""27"": 0.02220365132096816, ""28"": 0.02592474948221374, ""29"": 0.03017523214248853, ""30"": 0.03469331563047011, ""31"": 0.039060288481602375, ""32"": 0.042925689201659734, ""33"": 0.04615813476864524, ""34"": 0.04878204009698252, ""35"": 0.05086756207317164, ""36"": 0.05219177064437754, ""37"": 0.052366919047908154, ""38"": 0.051096965309691815, ""39"": 0.04855756407514205, ""40"": 0.04518982246543201, ""41"": 0.04162353065999038, ""42"": 0.038154407167843366, ""43"": 0.034642827799744674, ""44"": 0.03082282078833269, ""45"": 0.026648378097328042, ""46"": 0.022413269883999613, ""47"": 0.018534010867851974, ""48"": 0.015312936376003155, ""49"": 0.012782488257760273, ""50"": 0.010798908724257516, ""51"": 0.009186230918010218, ""52"": 0.007849154159476436, ""53"": 0.006794602830438915, ""54"": 0.005992841651555122, ""55"": 0.005351354849741349, ""56"": 0.00475297782125174, ""57"": 0.004122539772327516, ""58"": 0.0034239174975911487, ""59"": 0.0026962474358430857, ""60"": 0.0020210670732710707, ""61"": 0.0014469680852651407, ""62"": 0.000991650468246078, ""63"": 0.0006584470237145915, ""64"": 0.00043355666112558145, ""65"": 0.00029178181321198887, ""66"": 0.00021079457549158696, ""67"": 0.00016706915370126284, ""68"": 0.000140023514725424, ""69"": 0.00011634372978285103, ""70"": 9.211673275387591e-05, ""71"": 6.86594187668206e-05, ""72"": 4.999046046618909e-05, ""73"": 3.8732482681647236e-05, ""74"": 3.377503913647455e-05, ""75"": 3.233895877836904e-05, ""76"": 3.1392442071558945e-05, ""77"": 2.9130855628529597e-05, ""78"": 2.516419614952008e-05, ""79"": 2.0115940230867776e-05, ""80"": 1.49062666748459e-05, ""81"": 1.048228590929823e-05, ""82"": 7.150543476270119e-06, ""83"": 4.7642841026689625e-06, ""84"": 3.1416582154906803e-06, ""85"": 2.2292346144530485e-06, ""86"": 2.0575220919025458e-06, ""87"": 2.5972657841312127e-06, ""88"": 3.7097207645865273e-06, ""89"": 4.906329874037731e-06, ""90"": 5.620410376095894e-06, ""91"": 5.4545684211560505e-06, ""92"": 4.506282982862849e-06, ""93"": 3.1058272494605293e-06, ""94"": 1.7614076586551298e-06, ""95"": 8.497180181349562e-07, ""96"": 3.5505732436501004e-07, ""97"": 1.3482140683593258e-07, ""98"": 4.841057187167286e-08, ""99"": 1.5883015071496548e-08, ""100"": 4.644401085899185e-09, ""101"": 1.1891678934689612e-09, ""102"": 2.8967564300785654e-10, ""103"": 7.060934033409925e-11, ""104"": 1.6051073568935137e-11, ""105"": 3.948596134113978e-12, ""106"": 1.0319993457974036e-12, ""107"": 2.394921089002444e-13, ""108"": 5.5461408867343815e-14, ""109"": 1.1929234626642974e-14, ""110"": 2.3431644725438098e-15, ""111"": 5.085785739930692e-16, ""112"": 8.065513705755849e-17, ""113"": 1.4832285839616715e-17, ""114"": 2.641504743691388e-18, ""115"": 1.352465404978605e-19, ""116"": 2.1135707158656585e-20, ""117"": 3.753381760996258e-21, ""118"": 2.5997189432313293e-22, ""119"": 2.2803178655232953e-23, ""120"": 1.3998382778733387e-24, ""121"": 8.025149526989238e-26, ""122"": 3.24e-321, ""123"": 3.2e-322, ""124"": 3e-323}",36.8262,36.8262,37,37,0.0,1.0,1.0,1.0,1.0,1.0,1.0,1.0,0.9999,0.9998,0.9996,0.9993,0.9989,0.9984,0.9976,0.9966,0.9951,0.9932,0.9905,0.987,0.9824,2497aaec#phase10c,"stat_grid:component_convolution_mean_coherent_v1+components[pts:pmf_sim_v1+role_aware_pmf_cal_v1:starter+monotone_pit_cdf_v1,reb:pmf_sim_v1+role_aware_pmf_cal_v1:starter+monotone_pit_cdf_v1,ast:pmf_sim_v1+role_aware_pmf_cal_v1:starter+monotone_pit_cdf_v1]+prior_combo[joint_sampler_v1+joint_combo_pmf_v1+role_aware_pmf_cal_v1:starter+monotone_pit_cdf_v1]+stat_grid_final_component_convolution_mean_coherent_v1",phase8_role_aware_pmf_cal_v1+monotone_inactive_global_v1,starter,projected_minutes,high,33.0744,36.1936,16.0432,36.1936,39.7743,9.7677,0.05,0.9451,0.7415,starter,True,current_market_line,True,fanduel,fanduel,player_pra_over_under,33.5,33.5,0.6579,-240.0,174.0,0.6592,0.3408,0.3421,-192.0,192.0,-0.0012,-0.0012,0.0012,2026-05-23T16:10:08.926317Z,full,provisional,"injury_very_stale,lineup_unconfirmed",unknown,projected,derived_from_projected_minutes,ok,finals_pending,current_phase8,ok,0.0,projected,not_available_yet,bdl_lineup_freshness_manifest,bdl_injuries_only,2026-05-23T16:10:27Z
