snapshot_type,snapshot_time_utc,delivery_date,game_id,player_id,player_name,team,opponent,is_home,stat,pmf_json,pmf_mean,mean,median,mode,p0,p_ge_1,p_ge_2,p_ge_3,p_ge_4,p_ge_5,p_ge_6,p_ge_7,p_ge_8,p_ge_9,p_ge_10,p_ge_11,p_ge_12,p_ge_13,p_ge_14,p_ge_15,p_ge_16,p_ge_17,p_ge_18,p_ge_19,p_ge_20,model_version,pmf_source,calibration_source,role_bucket,role_source,calibration_confidence,minutes_mean,minutes_q50,minutes_p10,minutes_p50,minutes_p90,minutes_std,p_inactive_used,rotation_probability,starter_probability,projected_role,player_game_eligible,eligibility_reason,has_current_market_line,sportsbook,book,market_key,line,market_line,p_over,over_price_american,under_price_american,market_no_vig_over_prob,market_no_vig_under_prob,model_p_under,fair_over_odds_american,fair_under_odds_american,edge,edge_over,edge_under,market_snapshot_time_utc,market_coverage_status,finality_status,finality_blocker_codes,injury_freshness_status,lineup_freshness_status,role_freshness_status,odds_freshness_status,outcomes_freshness_status,tov_status,pmf_valid,pmf_sum_error,expected_lineup_status,official_lineup_status,lineup_source,lineup_last_updated_utc,injury_context_source,injury_report_fetched_at_utc
morning,2026-05-28T23:09:49Z,2026-05-28,21713533,38017649,Julian Champagnie,SAS,OKC,True,pra,"{""0"": 1.2488722002864184e-05, ""1"": 6.572583624226773e-05, ""2"": 0.00020417226978891077, ""3"": 0.0005196282836880636, ""4"": 0.001199155496991096, ""5"": 0.0025418755969065752, ""6"": 0.004849484851392326, ""7"": 0.008175931106817611, ""8"": 0.012410710390321546, ""9"": 0.017350271541750978, ""10"": 0.02270657085365468, ""11"": 0.028285008549310306, ""12"": 0.03394727361468357, ""13"": 0.03946524155756653, ""14"": 0.04447742564027762, ""15"": 0.04872285355334594, ""16"": 0.05220462849072247, ""17"": 0.05486660531908805, ""18"": 0.05626439746668735, ""19"": 0.056130526057950526, ""20"": 0.05469267454471438, ""21"": 0.05239314299134328, ""22"": 0.04952166552365869, ""23"": 0.046151459232300567, ""24"": 0.042466699821965416, ""25"": 0.03877394171845571, ""26"": 0.03515103247091292, ""27"": 0.031460532312486716, ""28"": 0.02771377310270536, ""29"": 0.024137195111684096, ""30"": 0.02080220481997427, ""31"": 0.01759596488308196, ""32"": 0.014626795173301045, ""33"": 0.012156411174621752, ""34"": 0.010151037926214112, ""35"": 0.008438121270478579, ""36"": 0.006960205413391915, ""37"": 0.005657325190154072, ""38"": 0.00445739401063209, ""39"": 0.0033947166416732543, ""40"": 0.00253072366630731, ""41"": 0.0018499055189769471, ""42"": 0.0013145460384440344, ""43"": 0.0009107972315715664, ""44"": 0.0006165047328900997, ""45"": 0.0004008680891192208, ""46"": 0.00025023371961844403, ""47"": 0.00015798453150305924, ""48"": 0.00010937537484577531, ""49"": 8.736497536017269e-05, ""50"": 7.845044175725463e-05, ""51"": 7.506964677965942e-05, ""52"": 7.435721295358302e-05, ""53"": 7.32895031132952e-05, ""54"": 6.902544573800468e-05, ""55"": 6.350640167809603e-05, ""56"": 5.9334605674355916e-05, ""57"": 5.3075995080945434e-05, ""58"": 4.257271195758128e-05, ""59"": 3.1360079868735335e-05, ""60"": 2.181374360896733e-05, ""61"": 1.3590915988762954e-05, ""62"": 7.304167461137324e-06, ""63"": 3.6036550805113208e-06, ""64"": 1.7504713520354543e-06, ""65"": 8.052504292035733e-07, ""66"": 3.3184650591295463e-07, ""67"": 1.2406004051714072e-07, ""68"": 4.30115846610023e-08, ""69"": 1.3395099148663534e-08, ""70"": 3.732105489134842e-09, ""71"": 9.810633685865579e-10, ""72"": 2.427972508657795e-10, ""73"": 5.510756900502772e-11, ""74"": 1.189480841305527e-11, ""75"": 2.7754188458929514e-12, ""76"": 7.069023153430041e-13, ""77"": 1.718388005512652e-13, ""78"": 3.7879408120924335e-14, ""79"": 8.815934242580065e-15, ""80"": 2.1032007444973084e-15}",20.416,20.416,20,18,0.0,1.0,0.9999,0.9997,0.9992,0.998,0.9955,0.9906,0.9824,0.97,0.9527,0.93,0.9017,0.8677,0.8283,0.7838,0.7351,0.6829,0.628,0.5717,0.5156,12bafe90#phase10c,"stat_grid:component_convolution_mean_coherent_v1+components[pts:pmf_sim_v1+role_aware_pmf_cal_v1:core+monotone_pit_cdf_v1,reb:pmf_sim_v1+role_aware_pmf_cal_v1:core+monotone_pit_cdf_v1,ast:pmf_sim_v1+role_aware_pmf_cal_v1:core+monotone_pit_cdf_v1]+prior_combo[joint_sampler_v1+joint_combo_pmf_v1+role_aware_pmf_cal_v1:core+monotone_pit_cdf_v1]+stat_grid_final_component_convolution_mean_coherent_v1",phase8_role_aware_pmf_cal_v1+monotone_inactive_global_v1,core,projected_minutes,high,27.4443,30.0678,12.426,30.0678,36.656,9.8194,0.05,0.9304,0.4421,core,True,current_market_line,True,espnbet,espnbet,player_pra_over_under,16.5,16.5,0.6829,-125.0,-105.0,0.5203,0.4797,0.3171,-215.0,215.0,0.1626,0.1626,-0.1626,2026-05-28T23:08:42.830387Z,full,provisional,lineup_unconfirmed,latest_valid_report_selected,projected,derived_from_projected_minutes,ok,finals_pending,current_phase8,ok,0.0,projected,not_available_yet,bdl_lineup_freshness_manifest,2026-05-28T22:48:42Z,bdl_plus_nba_official,2026-05-28T23:09:00Z
morning,2026-05-28T23:09:49Z,2026-05-28,21713533,38017649,Julian Champagnie,SAS,OKC,True,pra,"{""0"": 1.2488722002864184e-05, ""1"": 6.572583624226773e-05, ""2"": 0.00020417226978891077, ""3"": 0.0005196282836880636, ""4"": 0.001199155496991096, ""5"": 0.0025418755969065752, ""6"": 0.004849484851392326, ""7"": 0.008175931106817611, ""8"": 0.012410710390321546, ""9"": 0.017350271541750978, ""10"": 0.02270657085365468, ""11"": 0.028285008549310306, ""12"": 0.03394727361468357, ""13"": 0.03946524155756653, ""14"": 0.04447742564027762, ""15"": 0.04872285355334594, ""16"": 0.05220462849072247, ""17"": 0.05486660531908805, ""18"": 0.05626439746668735, ""19"": 0.056130526057950526, ""20"": 0.05469267454471438, ""21"": 0.05239314299134328, ""22"": 0.04952166552365869, ""23"": 0.046151459232300567, ""24"": 0.042466699821965416, ""25"": 0.03877394171845571, ""26"": 0.03515103247091292, ""27"": 0.031460532312486716, ""28"": 0.02771377310270536, ""29"": 0.024137195111684096, ""30"": 0.02080220481997427, ""31"": 0.01759596488308196, ""32"": 0.014626795173301045, ""33"": 0.012156411174621752, ""34"": 0.010151037926214112, ""35"": 0.008438121270478579, ""36"": 0.006960205413391915, ""37"": 0.005657325190154072, ""38"": 0.00445739401063209, ""39"": 0.0033947166416732543, ""40"": 0.00253072366630731, ""41"": 0.0018499055189769471, ""42"": 0.0013145460384440344, ""43"": 0.0009107972315715664, ""44"": 0.0006165047328900997, ""45"": 0.0004008680891192208, ""46"": 0.00025023371961844403, ""47"": 0.00015798453150305924, ""48"": 0.00010937537484577531, ""49"": 8.736497536017269e-05, ""50"": 7.845044175725463e-05, ""51"": 7.506964677965942e-05, ""52"": 7.435721295358302e-05, ""53"": 7.32895031132952e-05, ""54"": 6.902544573800468e-05, ""55"": 6.350640167809603e-05, ""56"": 5.9334605674355916e-05, ""57"": 5.3075995080945434e-05, ""58"": 4.257271195758128e-05, ""59"": 3.1360079868735335e-05, ""60"": 2.181374360896733e-05, ""61"": 1.3590915988762954e-05, ""62"": 7.304167461137324e-06, ""63"": 3.6036550805113208e-06, ""64"": 1.7504713520354543e-06, ""65"": 8.052504292035733e-07, ""66"": 3.3184650591295463e-07, ""67"": 1.2406004051714072e-07, ""68"": 4.30115846610023e-08, ""69"": 1.3395099148663534e-08, ""70"": 3.732105489134842e-09, ""71"": 9.810633685865579e-10, ""72"": 2.427972508657795e-10, ""73"": 5.510756900502772e-11, ""74"": 1.189480841305527e-11, ""75"": 2.7754188458929514e-12, ""76"": 7.069023153430041e-13, ""77"": 1.718388005512652e-13, ""78"": 3.7879408120924335e-14, ""79"": 8.815934242580065e-15, ""80"": 2.1032007444973084e-15}",20.416,20.416,20,18,0.0,1.0,0.9999,0.9997,0.9992,0.998,0.9955,0.9906,0.9824,0.97,0.9527,0.93,0.9017,0.8677,0.8283,0.7838,0.7351,0.6829,0.628,0.5717,0.5156,12bafe90#phase10c,"stat_grid:component_convolution_mean_coherent_v1+components[pts:pmf_sim_v1+role_aware_pmf_cal_v1:core+monotone_pit_cdf_v1,reb:pmf_sim_v1+role_aware_pmf_cal_v1:core+monotone_pit_cdf_v1,ast:pmf_sim_v1+role_aware_pmf_cal_v1:core+monotone_pit_cdf_v1]+prior_combo[joint_sampler_v1+joint_combo_pmf_v1+role_aware_pmf_cal_v1:core+monotone_pit_cdf_v1]+stat_grid_final_component_convolution_mean_coherent_v1",phase8_role_aware_pmf_cal_v1+monotone_inactive_global_v1,core,projected_minutes,high,27.4443,30.0678,12.426,30.0678,36.656,9.8194,0.05,0.9304,0.4421,core,True,current_market_line,True,fliff,fliff,player_pra_over_under,17.5,17.5,0.628,-115.0,-130.0,0.4862,0.5138,0.372,-169.0,169.0,0.1418,0.1418,-0.1418,2026-05-28T23:08:42.830387Z,full,provisional,lineup_unconfirmed,latest_valid_report_selected,projected,derived_from_projected_minutes,ok,finals_pending,current_phase8,ok,0.0,projected,not_available_yet,bdl_lineup_freshness_manifest,2026-05-28T22:48:42Z,bdl_plus_nba_official,2026-05-28T23:09:00Z
morning,2026-05-28T23:09:49Z,2026-05-28,21713533,38017685,Chet Holmgren,OKC,SAS,False,pts,"{""0"": 0.009451809530403608, ""1"": 0.004263033958864464, ""2"": 0.007685746399724588, ""3"": 0.00918847933176419, ""4"": 0.02038114800207846, ""5"": 0.018012408937408488, ""6"": 0.021607896266373723, ""7"": 0.026838738371919017, ""8"": 0.03022055269036187, ""9"": 0.03554774311187161, ""10"": 0.04369219635130885, ""11"": 0.0541299028327055, ""12"": 0.05418805403311058, ""13"": 0.05270908268486166, ""14"": 0.0604901185089655, ""15"": 0.0626907860338819, ""16"": 0.06375539492625763, ""17"": 0.049731361955374656, ""18"": 0.051891483689680246, ""19"": 0.05723178757994326, ""20"": 0.04409656370743887, ""21"": 0.03767166522363406, ""22"": 0.04212813550668931, ""23"": 0.027110748002282956, ""24"": 0.026595413192048587, ""25"": 0.021892986633436272, ""26"": 0.013069181155461468, ""27"": 0.01008053310462551, ""28"": 0.013717321184830959, ""29"": 0.004239399367435759, ""30"": 0.009428004295667834, ""31"": 0.005317711057549192, ""32"": 0.0026519729424699817, ""33"": 0.0014062783926267822, ""34"": 0.002067492787936236, ""35"": 0.0022174979705232236, ""36"": 0.00022406201619224643, ""37"": 0.0005841490654949417, ""38"": 0.00011291612267264877, ""39"": 5.701457412228958e-05, ""40"": 4.386343102486224e-05, ""41"": 5.63564995201608e-05, ""42"": 7.43295686120192e-05, ""43"": 0.00046210472367766024, ""44"": 0.00016168919630900688, ""45"": 0.00023055486390275573, ""46"": 0.00035348607038412265, ""51"": 0.00011159690660938475, ""80"": 0.000129247239961104}",15.5079,15.5079,15,16,0.0095,0.9905,0.9863,0.9786,0.9694,0.949,0.931,0.9094,0.8826,0.8524,0.8168,0.7731,0.719,0.6648,0.6121,0.5516,0.4889,0.4251,0.3754,0.3235,0.2663,12bafe90#phase10c,stat_grid:pmf_sim_v1+role_aware_pmf_cal_v1:core+monotone_pit_cdf_v1,phase8_role_aware_pmf_cal_v1+monotone_inactive_global_v1,core,projected_minutes,high,27.4006,29.5281,13.1292,29.5281,35.1493,8.9924,0.05,0.9302,0.4395,core,True,current_market_line,True,fanduel,fanduel,player_pts_over_under,9.5,9.5,0.8168,-350.0,255.0,0.7341,0.2659,0.1832,-446.0,446.0,0.0827,0.0827,-0.0827,2026-05-28T23:08:42.830387Z,full,provisional,lineup_unconfirmed,latest_valid_report_selected,projected,derived_from_projected_minutes,ok,finals_pending,current_phase8,ok,0.0,projected,not_available_yet,bdl_lineup_freshness_manifest,2026-05-28T22:48:42Z,bdl_plus_nba_official,2026-05-28T23:09:00Z
morning,2026-05-28T23:09:49Z,2026-05-28,21713533,38017685,Chet Holmgren,OKC,SAS,False,pts,"{""0"": 0.009451809530403608, ""1"": 0.004263033958864464, ""2"": 0.007685746399724588, ""3"": 0.00918847933176419, ""4"": 0.02038114800207846, ""5"": 0.018012408937408488, ""6"": 0.021607896266373723, ""7"": 0.026838738371919017, ""8"": 0.03022055269036187, ""9"": 0.03554774311187161, ""10"": 0.04369219635130885, ""11"": 0.0541299028327055, ""12"": 0.05418805403311058, ""13"": 0.05270908268486166, ""14"": 0.0604901185089655, ""15"": 0.0626907860338819, ""16"": 0.06375539492625763, ""17"": 0.049731361955374656, ""18"": 0.051891483689680246, ""19"": 0.05723178757994326, ""20"": 0.04409656370743887, ""21"": 0.03767166522363406, ""22"": 0.04212813550668931, ""23"": 0.027110748002282956, ""24"": 0.026595413192048587, ""25"": 0.021892986633436272, ""26"": 0.013069181155461468, ""27"": 0.01008053310462551, ""28"": 0.013717321184830959, ""29"": 0.004239399367435759, ""30"": 0.009428004295667834, ""31"": 0.005317711057549192, ""32"": 0.0026519729424699817, ""33"": 0.0014062783926267822, ""34"": 0.002067492787936236, ""35"": 0.0022174979705232236, ""36"": 0.00022406201619224643, ""37"": 0.0005841490654949417, ""38"": 0.00011291612267264877, ""39"": 5.701457412228958e-05, ""40"": 4.386343102486224e-05, ""41"": 5.63564995201608e-05, ""42"": 7.43295686120192e-05, ""43"": 0.00046210472367766024, ""44"": 0.00016168919630900688, ""45"": 0.00023055486390275573, ""46"": 0.00035348607038412265, ""51"": 0.00011159690660938475, ""80"": 0.000129247239961104}",15.5079,15.5079,15,16,0.0095,0.9905,0.9863,0.9786,0.9694,0.949,0.931,0.9094,0.8826,0.8524,0.8168,0.7731,0.719,0.6648,0.6121,0.5516,0.4889,0.4251,0.3754,0.3235,0.2663,12bafe90#phase10c,stat_grid:pmf_sim_v1+role_aware_pmf_cal_v1:core+monotone_pit_cdf_v1,phase8_role_aware_pmf_cal_v1+monotone_inactive_global_v1,core,projected_minutes,high,27.4006,29.5281,13.1292,29.5281,35.1493,8.9924,0.05,0.9302,0.4395,core,True,current_market_line,True,fanduel,fanduel,player_pts_over_under,8.5,8.5,0.8524,-500.0,320.0,0.7778,0.2222,0.1476,-577.0,577.0,0.0746,0.0746,-0.0746,2026-05-28T23:08:42.830387Z,full,provisional,lineup_unconfirmed,latest_valid_report_selected,projected,derived_from_projected_minutes,ok,finals_pending,current_phase8,ok,0.0,projected,not_available_yet,bdl_lineup_freshness_manifest,2026-05-28T22:48:42Z,bdl_plus_nba_official,2026-05-28T23:09:00Z
morning,2026-05-28T23:09:49Z,2026-05-28,21713533,38017685,Chet Holmgren,OKC,SAS,False,pts,"{""0"": 0.009451809530403608, ""1"": 0.004263033958864464, ""2"": 0.007685746399724588, ""3"": 0.00918847933176419, ""4"": 0.02038114800207846, ""5"": 0.018012408937408488, ""6"": 0.021607896266373723, ""7"": 0.026838738371919017, ""8"": 0.03022055269036187, ""9"": 0.03554774311187161, ""10"": 0.04369219635130885, ""11"": 0.0541299028327055, ""12"": 0.05418805403311058, ""13"": 0.05270908268486166, ""14"": 0.0604901185089655, ""15"": 0.0626907860338819, ""16"": 0.06375539492625763, ""17"": 0.049731361955374656, ""18"": 0.051891483689680246, ""19"": 0.05723178757994326, ""20"": 0.04409656370743887, ""21"": 0.03767166522363406, ""22"": 0.04212813550668931, ""23"": 0.027110748002282956, ""24"": 0.026595413192048587, ""25"": 0.021892986633436272, ""26"": 0.013069181155461468, ""27"": 0.01008053310462551, ""28"": 0.013717321184830959, ""29"": 0.004239399367435759, ""30"": 0.009428004295667834, ""31"": 0.005317711057549192, ""32"": 0.0026519729424699817, ""33"": 0.0014062783926267822, ""34"": 0.002067492787936236, ""35"": 0.0022174979705232236, ""36"": 0.00022406201619224643, ""37"": 0.0005841490654949417, ""38"": 0.00011291612267264877, ""39"": 5.701457412228958e-05, ""40"": 4.386343102486224e-05, ""41"": 5.63564995201608e-05, ""42"": 7.43295686120192e-05, ""43"": 0.00046210472367766024, ""44"": 0.00016168919630900688, ""45"": 0.00023055486390275573, ""46"": 0.00035348607038412265, ""51"": 0.00011159690660938475, ""80"": 0.000129247239961104}",15.5079,15.5079,15,16,0.0095,0.9905,0.9863,0.9786,0.9694,0.949,0.931,0.9094,0.8826,0.8524,0.8168,0.7731,0.719,0.6648,0.6121,0.5516,0.4889,0.4251,0.3754,0.3235,0.2663,12bafe90#phase10c,stat_grid:pmf_sim_v1+role_aware_pmf_cal_v1:core+monotone_pit_cdf_v1,phase8_role_aware_pmf_cal_v1+monotone_inactive_global_v1,core,projected_minutes,high,27.4006,29.5281,13.1292,29.5281,35.1493,8.9924,0.05,0.9302,0.4395,core,True,current_market_line,True,fanduel,fanduel,player_pts_over_under,7.5,7.5,0.8826,-850.0,470.0,0.8361,0.1639,0.1174,-752.0,752.0,0.0465,0.0465,-0.0465,2026-05-28T23:08:42.830387Z,full,provisional,lineup_unconfirmed,latest_valid_report_selected,projected,derived_from_projected_minutes,ok,finals_pending,current_phase8,ok,0.0,projected,not_available_yet,bdl_lineup_freshness_manifest,2026-05-28T22:48:42Z,bdl_plus_nba_official,2026-05-28T23:09:00Z
morning,2026-05-28T23:09:49Z,2026-05-28,21713533,38017685,Chet Holmgren,OKC,SAS,False,pts,"{""0"": 0.009451809530403608, ""1"": 0.004263033958864464, ""2"": 0.007685746399724588, ""3"": 0.00918847933176419, ""4"": 0.02038114800207846, ""5"": 0.018012408937408488, ""6"": 0.021607896266373723, ""7"": 0.026838738371919017, ""8"": 0.03022055269036187, ""9"": 0.03554774311187161, ""10"": 0.04369219635130885, ""11"": 0.0541299028327055, ""12"": 0.05418805403311058, ""13"": 0.05270908268486166, ""14"": 0.0604901185089655, ""15"": 0.0626907860338819, ""16"": 0.06375539492625763, ""17"": 0.049731361955374656, ""18"": 0.051891483689680246, ""19"": 0.05723178757994326, ""20"": 0.04409656370743887, ""21"": 0.03767166522363406, ""22"": 0.04212813550668931, ""23"": 0.027110748002282956, ""24"": 0.026595413192048587, ""25"": 0.021892986633436272, ""26"": 0.013069181155461468, ""27"": 0.01008053310462551, ""28"": 0.013717321184830959, ""29"": 0.004239399367435759, ""30"": 0.009428004295667834, ""31"": 0.005317711057549192, ""32"": 0.0026519729424699817, ""33"": 0.0014062783926267822, ""34"": 0.002067492787936236, ""35"": 0.0022174979705232236, ""36"": 0.00022406201619224643, ""37"": 0.0005841490654949417, ""38"": 0.00011291612267264877, ""39"": 5.701457412228958e-05, ""40"": 4.386343102486224e-05, ""41"": 5.63564995201608e-05, ""42"": 7.43295686120192e-05, ""43"": 0.00046210472367766024, ""44"": 0.00016168919630900688, ""45"": 0.00023055486390275573, ""46"": 0.00035348607038412265, ""51"": 0.00011159690660938475, ""80"": 0.000129247239961104}",15.5079,15.5079,15,16,0.0095,0.9905,0.9863,0.9786,0.9694,0.949,0.931,0.9094,0.8826,0.8524,0.8168,0.7731,0.719,0.6648,0.6121,0.5516,0.4889,0.4251,0.3754,0.3235,0.2663,12bafe90#phase10c,stat_grid:pmf_sim_v1+role_aware_pmf_cal_v1:core+monotone_pit_cdf_v1,phase8_role_aware_pmf_cal_v1+monotone_inactive_global_v1,core,projected_minutes,high,27.4006,29.5281,13.1292,29.5281,35.1493,8.9924,0.05,0.9302,0.4395,core,True,current_market_line,True,fanduel,fanduel,player_pts_over_under,10.5,10.5,0.7731,-270.0,194.0,0.6821,0.3179,0.2269,-341.0,341.0,0.091,0.091,-0.091,2026-05-28T23:08:42.830387Z,full,provisional,lineup_unconfirmed,latest_valid_report_selected,projected,derived_from_projected_minutes,ok,finals_pending,current_phase8,ok,0.0,projected,not_available_yet,bdl_lineup_freshness_manifest,2026-05-28T22:48:42Z,bdl_plus_nba_official,2026-05-28T23:09:00Z
morning,2026-05-28T23:09:49Z,2026-05-28,21713533,38017685,Chet Holmgren,OKC,SAS,False,pts,"{""0"": 0.009451809530403608, ""1"": 0.004263033958864464, ""2"": 0.007685746399724588, ""3"": 0.00918847933176419, ""4"": 0.02038114800207846, ""5"": 0.018012408937408488, ""6"": 0.021607896266373723, ""7"": 0.026838738371919017, ""8"": 0.03022055269036187, ""9"": 0.03554774311187161, ""10"": 0.04369219635130885, ""11"": 0.0541299028327055, ""12"": 0.05418805403311058, ""13"": 0.05270908268486166, ""14"": 0.0604901185089655, ""15"": 0.0626907860338819, ""16"": 0.06375539492625763, ""17"": 0.049731361955374656, ""18"": 0.051891483689680246, ""19"": 0.05723178757994326, ""20"": 0.04409656370743887, ""21"": 0.03767166522363406, ""22"": 0.04212813550668931, ""23"": 0.027110748002282956, ""24"": 0.026595413192048587, ""25"": 0.021892986633436272, ""26"": 0.013069181155461468, ""27"": 0.01008053310462551, ""28"": 0.013717321184830959, ""29"": 0.004239399367435759, ""30"": 0.009428004295667834, ""31"": 0.005317711057549192, ""32"": 0.0026519729424699817, ""33"": 0.0014062783926267822, ""34"": 0.002067492787936236, ""35"": 0.0022174979705232236, ""36"": 0.00022406201619224643, ""37"": 0.0005841490654949417, ""38"": 0.00011291612267264877, ""39"": 5.701457412228958e-05, ""40"": 4.386343102486224e-05, ""41"": 5.63564995201608e-05, ""42"": 7.43295686120192e-05, ""43"": 0.00046210472367766024, ""44"": 0.00016168919630900688, ""45"": 0.00023055486390275573, ""46"": 0.00035348607038412265, ""51"": 0.00011159690660938475, ""80"": 0.000129247239961104}",15.5079,15.5079,15,16,0.0095,0.9905,0.9863,0.9786,0.9694,0.949,0.931,0.9094,0.8826,0.8524,0.8168,0.7731,0.719,0.6648,0.6121,0.5516,0.4889,0.4251,0.3754,0.3235,0.2663,12bafe90#phase10c,stat_grid:pmf_sim_v1+role_aware_pmf_cal_v1:core+monotone_pit_cdf_v1,phase8_role_aware_pmf_cal_v1+monotone_inactive_global_v1,core,projected_minutes,high,27.4006,29.5281,13.1292,29.5281,35.1493,8.9924,0.05,0.9302,0.4395,core,True,current_market_line,True,fanduel,fanduel,player_pts_over_under,11.5,11.5,0.719,-200.0,148.0,0.6231,0.3769,0.281,-256.0,256.0,0.0959,0.0959,-0.0959,2026-05-28T23:08:42.830387Z,full,provisional,lineup_unconfirmed,latest_valid_report_selected,projected,derived_from_projected_minutes,ok,finals_pending,current_phase8,ok,0.0,projected,not_available_yet,bdl_lineup_freshness_manifest,2026-05-28T22:48:42Z,bdl_plus_nba_official,2026-05-28T23:09:00Z
morning,2026-05-28T23:09:49Z,2026-05-28,21713533,38017685,Chet Holmgren,OKC,SAS,False,pts,"{""0"": 0.009451809530403608, ""1"": 0.004263033958864464, ""2"": 0.007685746399724588, ""3"": 0.00918847933176419, ""4"": 0.02038114800207846, ""5"": 0.018012408937408488, ""6"": 0.021607896266373723, ""7"": 0.026838738371919017, ""8"": 0.03022055269036187, ""9"": 0.03554774311187161, ""10"": 0.04369219635130885, ""11"": 0.0541299028327055, ""12"": 0.05418805403311058, ""13"": 0.05270908268486166, ""14"": 0.0604901185089655, ""15"": 0.0626907860338819, ""16"": 0.06375539492625763, ""17"": 0.049731361955374656, ""18"": 0.051891483689680246, ""19"": 0.05723178757994326, ""20"": 0.04409656370743887, ""21"": 0.03767166522363406, ""22"": 0.04212813550668931, ""23"": 0.027110748002282956, ""24"": 0.026595413192048587, ""25"": 0.021892986633436272, ""26"": 0.013069181155461468, ""27"": 0.01008053310462551, ""28"": 0.013717321184830959, ""29"": 0.004239399367435759, ""30"": 0.009428004295667834, ""31"": 0.005317711057549192, ""32"": 0.0026519729424699817, ""33"": 0.0014062783926267822, ""34"": 0.002067492787936236, ""35"": 0.0022174979705232236, ""36"": 0.00022406201619224643, ""37"": 0.0005841490654949417, ""38"": 0.00011291612267264877, ""39"": 5.701457412228958e-05, ""40"": 4.386343102486224e-05, ""41"": 5.63564995201608e-05, ""42"": 7.43295686120192e-05, ""43"": 0.00046210472367766024, ""44"": 0.00016168919630900688, ""45"": 0.00023055486390275573, ""46"": 0.00035348607038412265, ""51"": 0.00011159690660938475, ""80"": 0.000129247239961104}",15.5079,15.5079,15,16,0.0095,0.9905,0.9863,0.9786,0.9694,0.949,0.931,0.9094,0.8826,0.8524,0.8168,0.7731,0.719,0.6648,0.6121,0.5516,0.4889,0.4251,0.3754,0.3235,0.2663,12bafe90#phase10c,stat_grid:pmf_sim_v1+role_aware_pmf_cal_v1:core+monotone_pit_cdf_v1,phase8_role_aware_pmf_cal_v1+monotone_inactive_global_v1,core,projected_minutes,high,27.4006,29.5281,13.1292,29.5281,35.1493,8.9924,0.05,0.9302,0.4395,core,True,current_market_line,True,fanduel,fanduel,player_pts_over_under,12.5,12.5,0.6648,-146.0,110.0,0.5548,0.4452,0.3352,-198.0,198.0,0.11,0.11,-0.11,2026-05-28T23:08:42.830387Z,full,provisional,lineup_unconfirmed,latest_valid_report_selected,projected,derived_from_projected_minutes,ok,finals_pending,current_phase8,ok,0.0,projected,not_available_yet,bdl_lineup_freshness_manifest,2026-05-28T22:48:42Z,bdl_plus_nba_official,2026-05-28T23:09:00Z
morning,2026-05-28T23:09:49Z,2026-05-28,21713533,38017685,Chet Holmgren,OKC,SAS,False,pts,"{""0"": 0.009451809530403608, ""1"": 0.004263033958864464, ""2"": 0.007685746399724588, ""3"": 0.00918847933176419, ""4"": 0.02038114800207846, ""5"": 0.018012408937408488, ""6"": 0.021607896266373723, ""7"": 0.026838738371919017, ""8"": 0.03022055269036187, ""9"": 0.03554774311187161, ""10"": 0.04369219635130885, ""11"": 0.0541299028327055, ""12"": 0.05418805403311058, ""13"": 0.05270908268486166, ""14"": 0.0604901185089655, ""15"": 0.0626907860338819, ""16"": 0.06375539492625763, ""17"": 0.049731361955374656, ""18"": 0.051891483689680246, ""19"": 0.05723178757994326, ""20"": 0.04409656370743887, ""21"": 0.03767166522363406, ""22"": 0.04212813550668931, ""23"": 0.027110748002282956, ""24"": 0.026595413192048587, ""25"": 0.021892986633436272, ""26"": 0.013069181155461468, ""27"": 0.01008053310462551, ""28"": 0.013717321184830959, ""29"": 0.004239399367435759, ""30"": 0.009428004295667834, ""31"": 0.005317711057549192, ""32"": 0.0026519729424699817, ""33"": 0.0014062783926267822, ""34"": 0.002067492787936236, ""35"": 0.0022174979705232236, ""36"": 0.00022406201619224643, ""37"": 0.0005841490654949417, ""38"": 0.00011291612267264877, ""39"": 5.701457412228958e-05, ""40"": 4.386343102486224e-05, ""41"": 5.63564995201608e-05, ""42"": 7.43295686120192e-05, ""43"": 0.00046210472367766024, ""44"": 0.00016168919630900688, ""45"": 0.00023055486390275573, ""46"": 0.00035348607038412265, ""51"": 0.00011159690660938475, ""80"": 0.000129247239961104}",15.5079,15.5079,15,16,0.0095,0.9905,0.9863,0.9786,0.9694,0.949,0.931,0.9094,0.8826,0.8524,0.8168,0.7731,0.719,0.6648,0.6121,0.5516,0.4889,0.4251,0.3754,0.3235,0.2663,12bafe90#phase10c,stat_grid:pmf_sim_v1+role_aware_pmf_cal_v1:core+monotone_pit_cdf_v1,phase8_role_aware_pmf_cal_v1+monotone_inactive_global_v1,core,projected_minutes,high,27.4006,29.5281,13.1292,29.5281,35.1493,8.9924,0.05,0.9302,0.4395,core,True,current_market_line,True,fanduel,fanduel,player_pts_over_under,13.5,13.5,0.6121,-108.0,-122.0,0.4858,0.5142,0.3879,-158.0,158.0,0.1263,0.1263,-0.1263,2026-05-28T23:08:42.830387Z,full,provisional,lineup_unconfirmed,latest_valid_report_selected,projected,derived_from_projected_minutes,ok,finals_pending,current_phase8,ok,0.0,projected,not_available_yet,bdl_lineup_freshness_manifest,2026-05-28T22:48:42Z,bdl_plus_nba_official,2026-05-28T23:09:00Z
morning,2026-05-28T23:09:49Z,2026-05-28,21713533,38017685,Chet Holmgren,OKC,SAS,False,pts,"{""0"": 0.009451809530403608, ""1"": 0.004263033958864464, ""2"": 0.007685746399724588, ""3"": 0.00918847933176419, ""4"": 0.02038114800207846, ""5"": 0.018012408937408488, ""6"": 0.021607896266373723, ""7"": 0.026838738371919017, ""8"": 0.03022055269036187, ""9"": 0.03554774311187161, ""10"": 0.04369219635130885, ""11"": 0.0541299028327055, ""12"": 0.05418805403311058, ""13"": 0.05270908268486166, ""14"": 0.0604901185089655, ""15"": 0.0626907860338819, ""16"": 0.06375539492625763, ""17"": 0.049731361955374656, ""18"": 0.051891483689680246, ""19"": 0.05723178757994326, ""20"": 0.04409656370743887, ""21"": 0.03767166522363406, ""22"": 0.04212813550668931, ""23"": 0.027110748002282956, ""24"": 0.026595413192048587, ""25"": 0.021892986633436272, ""26"": 0.013069181155461468, ""27"": 0.01008053310462551, ""28"": 0.013717321184830959, ""29"": 0.004239399367435759, ""30"": 0.009428004295667834, ""31"": 0.005317711057549192, ""32"": 0.0026519729424699817, ""33"": 0.0014062783926267822, ""34"": 0.002067492787936236, ""35"": 0.0022174979705232236, ""36"": 0.00022406201619224643, ""37"": 0.0005841490654949417, ""38"": 0.00011291612267264877, ""39"": 5.701457412228958e-05, ""40"": 4.386343102486224e-05, ""41"": 5.63564995201608e-05, ""42"": 7.43295686120192e-05, ""43"": 0.00046210472367766024, ""44"": 0.00016168919630900688, ""45"": 0.00023055486390275573, ""46"": 0.00035348607038412265, ""51"": 0.00011159690660938475, ""80"": 0.000129247239961104}",15.5079,15.5079,15,16,0.0095,0.9905,0.9863,0.9786,0.9694,0.949,0.931,0.9094,0.8826,0.8524,0.8168,0.7731,0.719,0.6648,0.6121,0.5516,0.4889,0.4251,0.3754,0.3235,0.2663,12bafe90#phase10c,stat_grid:pmf_sim_v1+role_aware_pmf_cal_v1:core+monotone_pit_cdf_v1,phase8_role_aware_pmf_cal_v1+monotone_inactive_global_v1,core,projected_minutes,high,27.4006,29.5281,13.1292,29.5281,35.1493,8.9924,0.05,0.9302,0.4395,core,True,current_market_line,True,fanduel,fanduel,player_pts_over_under,18.5,18.5,0.3235,320.0,-500.0,0.2222,0.7778,0.6765,209.0,-209.0,0.1013,0.1013,-0.1013,2026-05-28T23:08:42.830387Z,full,provisional,lineup_unconfirmed,latest_valid_report_selected,projected,derived_from_projected_minutes,ok,finals_pending,current_phase8,ok,0.0,projected,not_available_yet,bdl_lineup_freshness_manifest,2026-05-28T22:48:42Z,bdl_plus_nba_official,2026-05-28T23:09:00Z
morning,2026-05-28T23:09:49Z,2026-05-28,21713533,38017685,Chet Holmgren,OKC,SAS,False,pts,"{""0"": 0.009451809530403608, ""1"": 0.004263033958864464, ""2"": 0.007685746399724588, ""3"": 0.00918847933176419, ""4"": 0.02038114800207846, ""5"": 0.018012408937408488, ""6"": 0.021607896266373723, ""7"": 0.026838738371919017, ""8"": 0.03022055269036187, ""9"": 0.03554774311187161, ""10"": 0.04369219635130885, ""11"": 0.0541299028327055, ""12"": 0.05418805403311058, ""13"": 0.05270908268486166, ""14"": 0.0604901185089655, ""15"": 0.0626907860338819, ""16"": 0.06375539492625763, ""17"": 0.049731361955374656, ""18"": 0.051891483689680246, ""19"": 0.05723178757994326, ""20"": 0.04409656370743887, ""21"": 0.03767166522363406, ""22"": 0.04212813550668931, ""23"": 0.027110748002282956, ""24"": 0.026595413192048587, ""25"": 0.021892986633436272, ""26"": 0.013069181155461468, ""27"": 0.01008053310462551, ""28"": 0.013717321184830959, ""29"": 0.004239399367435759, ""30"": 0.009428004295667834, ""31"": 0.005317711057549192, ""32"": 0.0026519729424699817, ""33"": 0.0014062783926267822, ""34"": 0.002067492787936236, ""35"": 0.0022174979705232236, ""36"": 0.00022406201619224643, ""37"": 0.0005841490654949417, ""38"": 0.00011291612267264877, ""39"": 5.701457412228958e-05, ""40"": 4.386343102486224e-05, ""41"": 5.63564995201608e-05, ""42"": 7.43295686120192e-05, ""43"": 0.00046210472367766024, ""44"": 0.00016168919630900688, ""45"": 0.00023055486390275573, ""46"": 0.00035348607038412265, ""51"": 0.00011159690660938475, ""80"": 0.000129247239961104}",15.5079,15.5079,15,16,0.0095,0.9905,0.9863,0.9786,0.9694,0.949,0.931,0.9094,0.8826,0.8524,0.8168,0.7731,0.719,0.6648,0.6121,0.5516,0.4889,0.4251,0.3754,0.3235,0.2663,12bafe90#phase10c,stat_grid:pmf_sim_v1+role_aware_pmf_cal_v1:core+monotone_pit_cdf_v1,phase8_role_aware_pmf_cal_v1+monotone_inactive_global_v1,core,projected_minutes,high,27.4006,29.5281,13.1292,29.5281,35.1493,8.9924,0.05,0.9302,0.4395,core,True,current_market_line,True,fanduel,fanduel,player_pts_over_under,17.5,17.5,0.3754,260.0,-380.0,0.2597,0.7403,0.6246,166.0,-166.0,0.1157,0.1157,-0.1157,2026-05-28T23:08:42.830387Z,full,provisional,lineup_unconfirmed,latest_valid_report_selected,projected,derived_from_projected_minutes,ok,finals_pending,current_phase8,ok,0.0,projected,not_available_yet,bdl_lineup_freshness_manifest,2026-05-28T22:48:42Z,bdl_plus_nba_official,2026-05-28T23:09:00Z
morning,2026-05-28T23:09:49Z,2026-05-28,21713533,38017685,Chet Holmgren,OKC,SAS,False,pts,"{""0"": 0.009451809530403608, ""1"": 0.004263033958864464, ""2"": 0.007685746399724588, ""3"": 0.00918847933176419, ""4"": 0.02038114800207846, ""5"": 0.018012408937408488, ""6"": 0.021607896266373723, ""7"": 0.026838738371919017, ""8"": 0.03022055269036187, ""9"": 0.03554774311187161, ""10"": 0.04369219635130885, ""11"": 0.0541299028327055, ""12"": 0.05418805403311058, ""13"": 0.05270908268486166, ""14"": 0.0604901185089655, ""15"": 0.0626907860338819, ""16"": 0.06375539492625763, ""17"": 0.049731361955374656, ""18"": 0.051891483689680246, ""19"": 0.05723178757994326, ""20"": 0.04409656370743887, ""21"": 0.03767166522363406, ""22"": 0.04212813550668931, ""23"": 0.027110748002282956, ""24"": 0.026595413192048587, ""25"": 0.021892986633436272, ""26"": 0.013069181155461468, ""27"": 0.01008053310462551, ""28"": 0.013717321184830959, ""29"": 0.004239399367435759, ""30"": 0.009428004295667834, ""31"": 0.005317711057549192, ""32"": 0.0026519729424699817, ""33"": 0.0014062783926267822, ""34"": 0.002067492787936236, ""35"": 0.0022174979705232236, ""36"": 0.00022406201619224643, ""37"": 0.0005841490654949417, ""38"": 0.00011291612267264877, ""39"": 5.701457412228958e-05, ""40"": 4.386343102486224e-05, ""41"": 5.63564995201608e-05, ""42"": 7.43295686120192e-05, ""43"": 0.00046210472367766024, ""44"": 0.00016168919630900688, ""45"": 0.00023055486390275573, ""46"": 0.00035348607038412265, ""51"": 0.00011159690660938475, ""80"": 0.000129247239961104}",15.5079,15.5079,15,16,0.0095,0.9905,0.9863,0.9786,0.9694,0.949,0.931,0.9094,0.8826,0.8524,0.8168,0.7731,0.719,0.6648,0.6121,0.5516,0.4889,0.4251,0.3754,0.3235,0.2663,12bafe90#phase10c,stat_grid:pmf_sim_v1+role_aware_pmf_cal_v1:core+monotone_pit_cdf_v1,phase8_role_aware_pmf_cal_v1+monotone_inactive_global_v1,core,projected_minutes,high,27.4006,29.5281,13.1292,29.5281,35.1493,8.9924,0.05,0.9302,0.4395,core,True,current_market_line,True,fanduel,fanduel,player_pts_over_under,16.5,16.5,0.4251,200.0,-280.0,0.3115,0.6885,0.5749,135.0,-135.0,0.1137,0.1137,-0.1137,2026-05-28T23:08:42.830387Z,full,provisional,lineup_unconfirmed,latest_valid_report_selected,projected,derived_from_projected_minutes,ok,finals_pending,current_phase8,ok,0.0,projected,not_available_yet,bdl_lineup_freshness_manifest,2026-05-28T22:48:42Z,bdl_plus_nba_official,2026-05-28T23:09:00Z
morning,2026-05-28T23:09:49Z,2026-05-28,21713533,38017685,Chet Holmgren,OKC,SAS,False,pts,"{""0"": 0.009451809530403608, ""1"": 0.004263033958864464, ""2"": 0.007685746399724588, ""3"": 0.00918847933176419, ""4"": 0.02038114800207846, ""5"": 0.018012408937408488, ""6"": 0.021607896266373723, ""7"": 0.026838738371919017, ""8"": 0.03022055269036187, ""9"": 0.03554774311187161, ""10"": 0.04369219635130885, ""11"": 0.0541299028327055, ""12"": 0.05418805403311058, ""13"": 0.05270908268486166, ""14"": 0.0604901185089655, ""15"": 0.0626907860338819, ""16"": 0.06375539492625763, ""17"": 0.049731361955374656, ""18"": 0.051891483689680246, ""19"": 0.05723178757994326, ""20"": 0.04409656370743887, ""21"": 0.03767166522363406, ""22"": 0.04212813550668931, ""23"": 0.027110748002282956, ""24"": 0.026595413192048587, ""25"": 0.021892986633436272, ""26"": 0.013069181155461468, ""27"": 0.01008053310462551, ""28"": 0.013717321184830959, ""29"": 0.004239399367435759, ""30"": 0.009428004295667834, ""31"": 0.005317711057549192, ""32"": 0.0026519729424699817, ""33"": 0.0014062783926267822, ""34"": 0.002067492787936236, ""35"": 0.0022174979705232236, ""36"": 0.00022406201619224643, ""37"": 0.0005841490654949417, ""38"": 0.00011291612267264877, ""39"": 5.701457412228958e-05, ""40"": 4.386343102486224e-05, ""41"": 5.63564995201608e-05, ""42"": 7.43295686120192e-05, ""43"": 0.00046210472367766024, ""44"": 0.00016168919630900688, ""45"": 0.00023055486390275573, ""46"": 0.00035348607038412265, ""51"": 0.00011159690660938475, ""80"": 0.000129247239961104}",15.5079,15.5079,15,16,0.0095,0.9905,0.9863,0.9786,0.9694,0.949,0.931,0.9094,0.8826,0.8524,0.8168,0.7731,0.719,0.6648,0.6121,0.5516,0.4889,0.4251,0.3754,0.3235,0.2663,12bafe90#phase10c,stat_grid:pmf_sim_v1+role_aware_pmf_cal_v1:core+monotone_pit_cdf_v1,phase8_role_aware_pmf_cal_v1+monotone_inactive_global_v1,core,projected_minutes,high,27.4006,29.5281,13.1292,29.5281,35.1493,8.9924,0.05,0.9302,0.4395,core,True,current_market_line,True,fanduel,fanduel,player_pts_over_under,15.5,15.5,0.4889,158.0,-215.0,0.3622,0.6378,0.5111,105.0,-105.0,0.1267,0.1267,-0.1267,2026-05-28T23:08:42.830387Z,full,provisional,lineup_unconfirmed,latest_valid_report_selected,projected,derived_from_projected_minutes,ok,finals_pending,current_phase8,ok,0.0,projected,not_available_yet,bdl_lineup_freshness_manifest,2026-05-28T22:48:42Z,bdl_plus_nba_official,2026-05-28T23:09:00Z
morning,2026-05-28T23:09:49Z,2026-05-28,21713533,38017685,Chet Holmgren,OKC,SAS,False,pts,"{""0"": 0.009451809530403608, ""1"": 0.004263033958864464, ""2"": 0.007685746399724588, ""3"": 0.00918847933176419, ""4"": 0.02038114800207846, ""5"": 0.018012408937408488, ""6"": 0.021607896266373723, ""7"": 0.026838738371919017, ""8"": 0.03022055269036187, ""9"": 0.03554774311187161, ""10"": 0.04369219635130885, ""11"": 0.0541299028327055, ""12"": 0.05418805403311058, ""13"": 0.05270908268486166, ""14"": 0.0604901185089655, ""15"": 0.0626907860338819, ""16"": 0.06375539492625763, ""17"": 0.049731361955374656, ""18"": 0.051891483689680246, ""19"": 0.05723178757994326, ""20"": 0.04409656370743887, ""21"": 0.03767166522363406, ""22"": 0.04212813550668931, ""23"": 0.027110748002282956, ""24"": 0.026595413192048587, ""25"": 0.021892986633436272, ""26"": 0.013069181155461468, ""27"": 0.01008053310462551, ""28"": 0.013717321184830959, ""29"": 0.004239399367435759, ""30"": 0.009428004295667834, ""31"": 0.005317711057549192, ""32"": 0.0026519729424699817, ""33"": 0.0014062783926267822, ""34"": 0.002067492787936236, ""35"": 0.0022174979705232236, ""36"": 0.00022406201619224643, ""37"": 0.0005841490654949417, ""38"": 0.00011291612267264877, ""39"": 5.701457412228958e-05, ""40"": 4.386343102486224e-05, ""41"": 5.63564995201608e-05, ""42"": 7.43295686120192e-05, ""43"": 0.00046210472367766024, ""44"": 0.00016168919630900688, ""45"": 0.00023055486390275573, ""46"": 0.00035348607038412265, ""51"": 0.00011159690660938475, ""80"": 0.000129247239961104}",15.5079,15.5079,15,16,0.0095,0.9905,0.9863,0.9786,0.9694,0.949,0.931,0.9094,0.8826,0.8524,0.8168,0.7731,0.719,0.6648,0.6121,0.5516,0.4889,0.4251,0.3754,0.3235,0.2663,12bafe90#phase10c,stat_grid:pmf_sim_v1+role_aware_pmf_cal_v1:core+monotone_pit_cdf_v1,phase8_role_aware_pmf_cal_v1+monotone_inactive_global_v1,core,projected_minutes,high,27.4006,29.5281,13.1292,29.5281,35.1493,8.9924,0.05,0.9302,0.4395,core,True,current_market_line,True,fanduel,fanduel,player_pts_over_under,14.5,14.5,0.5516,118.0,-158.0,0.4283,0.5717,0.4484,-123.0,123.0,0.1233,0.1233,-0.1233,2026-05-28T23:08:42.830387Z,full,provisional,lineup_unconfirmed,latest_valid_report_selected,projected,derived_from_projected_minutes,ok,finals_pending,current_phase8,ok,0.0,projected,not_available_yet,bdl_lineup_freshness_manifest,2026-05-28T22:48:42Z,bdl_plus_nba_official,2026-05-28T23:09:00Z
morning,2026-05-28T23:09:49Z,2026-05-28,21713533,38017685,Chet Holmgren,OKC,SAS,False,pts,"{""0"": 0.009451809530403608, ""1"": 0.004263033958864464, ""2"": 0.007685746399724588, ""3"": 0.00918847933176419, ""4"": 0.02038114800207846, ""5"": 0.018012408937408488, ""6"": 0.021607896266373723, ""7"": 0.026838738371919017, ""8"": 0.03022055269036187, ""9"": 0.03554774311187161, ""10"": 0.04369219635130885, ""11"": 0.0541299028327055, ""12"": 0.05418805403311058, ""13"": 0.05270908268486166, ""14"": 0.0604901185089655, ""15"": 0.0626907860338819, ""16"": 0.06375539492625763, ""17"": 0.049731361955374656, ""18"": 0.051891483689680246, ""19"": 0.05723178757994326, ""20"": 0.04409656370743887, ""21"": 0.03767166522363406, ""22"": 0.04212813550668931, ""23"": 0.027110748002282956, ""24"": 0.026595413192048587, ""25"": 0.021892986633436272, ""26"": 0.013069181155461468, ""27"": 0.01008053310462551, ""28"": 0.013717321184830959, ""29"": 0.004239399367435759, ""30"": 0.009428004295667834, ""31"": 0.005317711057549192, ""32"": 0.0026519729424699817, ""33"": 0.0014062783926267822, ""34"": 0.002067492787936236, ""35"": 0.0022174979705232236, ""36"": 0.00022406201619224643, ""37"": 0.0005841490654949417, ""38"": 0.00011291612267264877, ""39"": 5.701457412228958e-05, ""40"": 4.386343102486224e-05, ""41"": 5.63564995201608e-05, ""42"": 7.43295686120192e-05, ""43"": 0.00046210472367766024, ""44"": 0.00016168919630900688, ""45"": 0.00023055486390275573, ""46"": 0.00035348607038412265, ""51"": 0.00011159690660938475, ""80"": 0.000129247239961104}",15.5079,15.5079,15,16,0.0095,0.9905,0.9863,0.9786,0.9694,0.949,0.931,0.9094,0.8826,0.8524,0.8168,0.7731,0.719,0.6648,0.6121,0.5516,0.4889,0.4251,0.3754,0.3235,0.2663,12bafe90#phase10c,stat_grid:pmf_sim_v1+role_aware_pmf_cal_v1:core+monotone_pit_cdf_v1,phase8_role_aware_pmf_cal_v1+monotone_inactive_global_v1,core,projected_minutes,high,27.4006,29.5281,13.1292,29.5281,35.1493,8.9924,0.05,0.9302,0.4395,core,True,current_market_line,True,williamhill_us,williamhill_us,player_pts_over_under,13.5,13.5,0.6121,-110.0,-125.0,0.4853,0.5147,0.3879,-158.0,158.0,0.1268,0.1268,-0.1268,2026-05-28T23:08:42.830387Z,full,provisional,lineup_unconfirmed,latest_valid_report_selected,projected,derived_from_projected_minutes,ok,finals_pending,current_phase8,ok,0.0,projected,not_available_yet,bdl_lineup_freshness_manifest,2026-05-28T22:48:42Z,bdl_plus_nba_official,2026-05-28T23:09:00Z
morning,2026-05-28T23:09:49Z,2026-05-28,21713533,38017685,Chet Holmgren,OKC,SAS,False,pts,"{""0"": 0.009451809530403608, ""1"": 0.004263033958864464, ""2"": 0.007685746399724588, ""3"": 0.00918847933176419, ""4"": 0.02038114800207846, ""5"": 0.018012408937408488, ""6"": 0.021607896266373723, ""7"": 0.026838738371919017, ""8"": 0.03022055269036187, ""9"": 0.03554774311187161, ""10"": 0.04369219635130885, ""11"": 0.0541299028327055, ""12"": 0.05418805403311058, ""13"": 0.05270908268486166, ""14"": 0.0604901185089655, ""15"": 0.0626907860338819, ""16"": 0.06375539492625763, ""17"": 0.049731361955374656, ""18"": 0.051891483689680246, ""19"": 0.05723178757994326, ""20"": 0.04409656370743887, ""21"": 0.03767166522363406, ""22"": 0.04212813550668931, ""23"": 0.027110748002282956, ""24"": 0.026595413192048587, ""25"": 0.021892986633436272, ""26"": 0.013069181155461468, ""27"": 0.01008053310462551, ""28"": 0.013717321184830959, ""29"": 0.004239399367435759, ""30"": 0.009428004295667834, ""31"": 0.005317711057549192, ""32"": 0.0026519729424699817, ""33"": 0.0014062783926267822, ""34"": 0.002067492787936236, ""35"": 0.0022174979705232236, ""36"": 0.00022406201619224643, ""37"": 0.0005841490654949417, ""38"": 0.00011291612267264877, ""39"": 5.701457412228958e-05, ""40"": 4.386343102486224e-05, ""41"": 5.63564995201608e-05, ""42"": 7.43295686120192e-05, ""43"": 0.00046210472367766024, ""44"": 0.00016168919630900688, ""45"": 0.00023055486390275573, ""46"": 0.00035348607038412265, ""51"": 0.00011159690660938475, ""80"": 0.000129247239961104}",15.5079,15.5079,15,16,0.0095,0.9905,0.9863,0.9786,0.9694,0.949,0.931,0.9094,0.8826,0.8524,0.8168,0.7731,0.719,0.6648,0.6121,0.5516,0.4889,0.4251,0.3754,0.3235,0.2663,12bafe90#phase10c,stat_grid:pmf_sim_v1+role_aware_pmf_cal_v1:core+monotone_pit_cdf_v1,phase8_role_aware_pmf_cal_v1+monotone_inactive_global_v1,core,projected_minutes,high,27.4006,29.5281,13.1292,29.5281,35.1493,8.9924,0.05,0.9302,0.4395,core,True,current_market_line,True,bovada,bovada,player_pts_over_under,16.5,16.5,0.4251,190.0,-260.0,0.3232,0.6768,0.5749,135.0,-135.0,0.102,0.102,-0.102,2026-05-28T23:08:42.830387Z,full,provisional,lineup_unconfirmed,latest_valid_report_selected,projected,derived_from_projected_minutes,ok,finals_pending,current_phase8,ok,0.0,projected,not_available_yet,bdl_lineup_freshness_manifest,2026-05-28T22:48:42Z,bdl_plus_nba_official,2026-05-28T23:09:00Z
morning,2026-05-28T23:09:49Z,2026-05-28,21713533,38017685,Chet Holmgren,OKC,SAS,False,pts,"{""0"": 0.009451809530403608, ""1"": 0.004263033958864464, ""2"": 0.007685746399724588, ""3"": 0.00918847933176419, ""4"": 0.02038114800207846, ""5"": 0.018012408937408488, ""6"": 0.021607896266373723, ""7"": 0.026838738371919017, ""8"": 0.03022055269036187, ""9"": 0.03554774311187161, ""10"": 0.04369219635130885, ""11"": 0.0541299028327055, ""12"": 0.05418805403311058, ""13"": 0.05270908268486166, ""14"": 0.0604901185089655, ""15"": 0.0626907860338819, ""16"": 0.06375539492625763, ""17"": 0.049731361955374656, ""18"": 0.051891483689680246, ""19"": 0.05723178757994326, ""20"": 0.04409656370743887, ""21"": 0.03767166522363406, ""22"": 0.04212813550668931, ""23"": 0.027110748002282956, ""24"": 0.026595413192048587, ""25"": 0.021892986633436272, ""26"": 0.013069181155461468, ""27"": 0.01008053310462551, ""28"": 0.013717321184830959, ""29"": 0.004239399367435759, ""30"": 0.009428004295667834, ""31"": 0.005317711057549192, ""32"": 0.0026519729424699817, ""33"": 0.0014062783926267822, ""34"": 0.002067492787936236, ""35"": 0.0022174979705232236, ""36"": 0.00022406201619224643, ""37"": 0.0005841490654949417, ""38"": 0.00011291612267264877, ""39"": 5.701457412228958e-05, ""40"": 4.386343102486224e-05, ""41"": 5.63564995201608e-05, ""42"": 7.43295686120192e-05, ""43"": 0.00046210472367766024, ""44"": 0.00016168919630900688, ""45"": 0.00023055486390275573, ""46"": 0.00035348607038412265, ""51"": 0.00011159690660938475, ""80"": 0.000129247239961104}",15.5079,15.5079,15,16,0.0095,0.9905,0.9863,0.9786,0.9694,0.949,0.931,0.9094,0.8826,0.8524,0.8168,0.7731,0.719,0.6648,0.6121,0.5516,0.4889,0.4251,0.3754,0.3235,0.2663,12bafe90#phase10c,stat_grid:pmf_sim_v1+role_aware_pmf_cal_v1:core+monotone_pit_cdf_v1,phase8_role_aware_pmf_cal_v1+monotone_inactive_global_v1,core,projected_minutes,high,27.4006,29.5281,13.1292,29.5281,35.1493,8.9924,0.05,0.9302,0.4395,core,True,current_market_line,True,bovada,bovada,player_pts_over_under,15.5,15.5,0.4889,150.0,-200.0,0.375,0.625,0.5111,105.0,-105.0,0.1139,0.1139,-0.1139,2026-05-28T23:08:42.830387Z,full,provisional,lineup_unconfirmed,latest_valid_report_selected,projected,derived_from_projected_minutes,ok,finals_pending,current_phase8,ok,0.0,projected,not_available_yet,bdl_lineup_freshness_manifest,2026-05-28T22:48:42Z,bdl_plus_nba_official,2026-05-28T23:09:00Z
morning,2026-05-28T23:09:49Z,2026-05-28,21713533,38017685,Chet Holmgren,OKC,SAS,False,pts,"{""0"": 0.009451809530403608, ""1"": 0.004263033958864464, ""2"": 0.007685746399724588, ""3"": 0.00918847933176419, ""4"": 0.02038114800207846, ""5"": 0.018012408937408488, ""6"": 0.021607896266373723, ""7"": 0.026838738371919017, ""8"": 0.03022055269036187, ""9"": 0.03554774311187161, ""10"": 0.04369219635130885, ""11"": 0.0541299028327055, ""12"": 0.05418805403311058, ""13"": 0.05270908268486166, ""14"": 0.0604901185089655, ""15"": 0.0626907860338819, ""16"": 0.06375539492625763, ""17"": 0.049731361955374656, ""18"": 0.051891483689680246, ""19"": 0.05723178757994326, ""20"": 0.04409656370743887, ""21"": 0.03767166522363406, ""22"": 0.04212813550668931, ""23"": 0.027110748002282956, ""24"": 0.026595413192048587, ""25"": 0.021892986633436272, ""26"": 0.013069181155461468, ""27"": 0.01008053310462551, ""28"": 0.013717321184830959, ""29"": 0.004239399367435759, ""30"": 0.009428004295667834, ""31"": 0.005317711057549192, ""32"": 0.0026519729424699817, ""33"": 0.0014062783926267822, ""34"": 0.002067492787936236, ""35"": 0.0022174979705232236, ""36"": 0.00022406201619224643, ""37"": 0.0005841490654949417, ""38"": 0.00011291612267264877, ""39"": 5.701457412228958e-05, ""40"": 4.386343102486224e-05, ""41"": 5.63564995201608e-05, ""42"": 7.43295686120192e-05, ""43"": 0.00046210472367766024, ""44"": 0.00016168919630900688, ""45"": 0.00023055486390275573, ""46"": 0.00035348607038412265, ""51"": 0.00011159690660938475, ""80"": 0.000129247239961104}",15.5079,15.5079,15,16,0.0095,0.9905,0.9863,0.9786,0.9694,0.949,0.931,0.9094,0.8826,0.8524,0.8168,0.7731,0.719,0.6648,0.6121,0.5516,0.4889,0.4251,0.3754,0.3235,0.2663,12bafe90#phase10c,stat_grid:pmf_sim_v1+role_aware_pmf_cal_v1:core+monotone_pit_cdf_v1,phase8_role_aware_pmf_cal_v1+monotone_inactive_global_v1,core,projected_minutes,high,27.4006,29.5281,13.1292,29.5281,35.1493,8.9924,0.05,0.9302,0.4395,core,True,current_market_line,True,bovada,bovada,player_pts_over_under,14.5,14.5,0.5516,120.0,-160.0,0.4248,0.5752,0.4484,-123.0,123.0,0.1268,0.1268,-0.1268,2026-05-28T23:08:42.830387Z,full,provisional,lineup_unconfirmed,latest_valid_report_selected,projected,derived_from_projected_minutes,ok,finals_pending,current_phase8,ok,0.0,projected,not_available_yet,bdl_lineup_freshness_manifest,2026-05-28T22:48:42Z,bdl_plus_nba_official,2026-05-28T23:09:00Z
morning,2026-05-28T23:09:49Z,2026-05-28,21713533,38017685,Chet Holmgren,OKC,SAS,False,pts,"{""0"": 0.009451809530403608, ""1"": 0.004263033958864464, ""2"": 0.007685746399724588, ""3"": 0.00918847933176419, ""4"": 0.02038114800207846, ""5"": 0.018012408937408488, ""6"": 0.021607896266373723, ""7"": 0.026838738371919017, ""8"": 0.03022055269036187, ""9"": 0.03554774311187161, ""10"": 0.04369219635130885, ""11"": 0.0541299028327055, ""12"": 0.05418805403311058, ""13"": 0.05270908268486166, ""14"": 0.0604901185089655, ""15"": 0.0626907860338819, ""16"": 0.06375539492625763, ""17"": 0.049731361955374656, ""18"": 0.051891483689680246, ""19"": 0.05723178757994326, ""20"": 0.04409656370743887, ""21"": 0.03767166522363406, ""22"": 0.04212813550668931, ""23"": 0.027110748002282956, ""24"": 0.026595413192048587, ""25"": 0.021892986633436272, ""26"": 0.013069181155461468, ""27"": 0.01008053310462551, ""28"": 0.013717321184830959, ""29"": 0.004239399367435759, ""30"": 0.009428004295667834, ""31"": 0.005317711057549192, ""32"": 0.0026519729424699817, ""33"": 0.0014062783926267822, ""34"": 0.002067492787936236, ""35"": 0.0022174979705232236, ""36"": 0.00022406201619224643, ""37"": 0.0005841490654949417, ""38"": 0.00011291612267264877, ""39"": 5.701457412228958e-05, ""40"": 4.386343102486224e-05, ""41"": 5.63564995201608e-05, ""42"": 7.43295686120192e-05, ""43"": 0.00046210472367766024, ""44"": 0.00016168919630900688, ""45"": 0.00023055486390275573, ""46"": 0.00035348607038412265, ""51"": 0.00011159690660938475, ""80"": 0.000129247239961104}",15.5079,15.5079,15,16,0.0095,0.9905,0.9863,0.9786,0.9694,0.949,0.931,0.9094,0.8826,0.8524,0.8168,0.7731,0.719,0.6648,0.6121,0.5516,0.4889,0.4251,0.3754,0.3235,0.2663,12bafe90#phase10c,stat_grid:pmf_sim_v1+role_aware_pmf_cal_v1:core+monotone_pit_cdf_v1,phase8_role_aware_pmf_cal_v1+monotone_inactive_global_v1,core,projected_minutes,high,27.4006,29.5281,13.1292,29.5281,35.1493,8.9924,0.05,0.9302,0.4395,core,True,current_market_line,True,bovada,bovada,player_pts_over_under,13.5,13.5,0.6121,-110.0,-120.0,0.4899,0.5101,0.3879,-158.0,158.0,0.1222,0.1222,-0.1222,2026-05-28T23:08:42.830387Z,full,provisional,lineup_unconfirmed,latest_valid_report_selected,projected,derived_from_projected_minutes,ok,finals_pending,current_phase8,ok,0.0,projected,not_available_yet,bdl_lineup_freshness_manifest,2026-05-28T22:48:42Z,bdl_plus_nba_official,2026-05-28T23:09:00Z
morning,2026-05-28T23:09:49Z,2026-05-28,21713533,38017685,Chet Holmgren,OKC,SAS,False,pts,"{""0"": 0.009451809530403608, ""1"": 0.004263033958864464, ""2"": 0.007685746399724588, ""3"": 0.00918847933176419, ""4"": 0.02038114800207846, ""5"": 0.018012408937408488, ""6"": 0.021607896266373723, ""7"": 0.026838738371919017, ""8"": 0.03022055269036187, ""9"": 0.03554774311187161, ""10"": 0.04369219635130885, ""11"": 0.0541299028327055, ""12"": 0.05418805403311058, ""13"": 0.05270908268486166, ""14"": 0.0604901185089655, ""15"": 0.0626907860338819, ""16"": 0.06375539492625763, ""17"": 0.049731361955374656, ""18"": 0.051891483689680246, ""19"": 0.05723178757994326, ""20"": 0.04409656370743887, ""21"": 0.03767166522363406, ""22"": 0.04212813550668931, ""23"": 0.027110748002282956, ""24"": 0.026595413192048587, ""25"": 0.021892986633436272, ""26"": 0.013069181155461468, ""27"": 0.01008053310462551, ""28"": 0.013717321184830959, ""29"": 0.004239399367435759, ""30"": 0.009428004295667834, ""31"": 0.005317711057549192, ""32"": 0.0026519729424699817, ""33"": 0.0014062783926267822, ""34"": 0.002067492787936236, ""35"": 0.0022174979705232236, ""36"": 0.00022406201619224643, ""37"": 0.0005841490654949417, ""38"": 0.00011291612267264877, ""39"": 5.701457412228958e-05, ""40"": 4.386343102486224e-05, ""41"": 5.63564995201608e-05, ""42"": 7.43295686120192e-05, ""43"": 0.00046210472367766024, ""44"": 0.00016168919630900688, ""45"": 0.00023055486390275573, ""46"": 0.00035348607038412265, ""51"": 0.00011159690660938475, ""80"": 0.000129247239961104}",15.5079,15.5079,15,16,0.0095,0.9905,0.9863,0.9786,0.9694,0.949,0.931,0.9094,0.8826,0.8524,0.8168,0.7731,0.719,0.6648,0.6121,0.5516,0.4889,0.4251,0.3754,0.3235,0.2663,12bafe90#phase10c,stat_grid:pmf_sim_v1+role_aware_pmf_cal_v1:core+monotone_pit_cdf_v1,phase8_role_aware_pmf_cal_v1+monotone_inactive_global_v1,core,projected_minutes,high,27.4006,29.5281,13.1292,29.5281,35.1493,8.9924,0.05,0.9302,0.4395,core,True,current_market_line,True,bovada,bovada,player_pts_over_under,12.5,12.5,0.6648,-145.0,110.0,0.5541,0.4459,0.3352,-198.0,198.0,0.1107,0.1107,-0.1107,2026-05-28T23:08:42.830387Z,full,provisional,lineup_unconfirmed,latest_valid_report_selected,projected,derived_from_projected_minutes,ok,finals_pending,current_phase8,ok,0.0,projected,not_available_yet,bdl_lineup_freshness_manifest,2026-05-28T22:48:42Z,bdl_plus_nba_official,2026-05-28T23:09:00Z
morning,2026-05-28T23:09:49Z,2026-05-28,21713533,38017685,Chet Holmgren,OKC,SAS,False,pts,"{""0"": 0.009451809530403608, ""1"": 0.004263033958864464, ""2"": 0.007685746399724588, ""3"": 0.00918847933176419, ""4"": 0.02038114800207846, ""5"": 0.018012408937408488, ""6"": 0.021607896266373723, ""7"": 0.026838738371919017, ""8"": 0.03022055269036187, ""9"": 0.03554774311187161, ""10"": 0.04369219635130885, ""11"": 0.0541299028327055, ""12"": 0.05418805403311058, ""13"": 0.05270908268486166, ""14"": 0.0604901185089655, ""15"": 0.0626907860338819, ""16"": 0.06375539492625763, ""17"": 0.049731361955374656, ""18"": 0.051891483689680246, ""19"": 0.05723178757994326, ""20"": 0.04409656370743887, ""21"": 0.03767166522363406, ""22"": 0.04212813550668931, ""23"": 0.027110748002282956, ""24"": 0.026595413192048587, ""25"": 0.021892986633436272, ""26"": 0.013069181155461468, ""27"": 0.01008053310462551, ""28"": 0.013717321184830959, ""29"": 0.004239399367435759, ""30"": 0.009428004295667834, ""31"": 0.005317711057549192, ""32"": 0.0026519729424699817, ""33"": 0.0014062783926267822, ""34"": 0.002067492787936236, ""35"": 0.0022174979705232236, ""36"": 0.00022406201619224643, ""37"": 0.0005841490654949417, ""38"": 0.00011291612267264877, ""39"": 5.701457412228958e-05, ""40"": 4.386343102486224e-05, ""41"": 5.63564995201608e-05, ""42"": 7.43295686120192e-05, ""43"": 0.00046210472367766024, ""44"": 0.00016168919630900688, ""45"": 0.00023055486390275573, ""46"": 0.00035348607038412265, ""51"": 0.00011159690660938475, ""80"": 0.000129247239961104}",15.5079,15.5079,15,16,0.0095,0.9905,0.9863,0.9786,0.9694,0.949,0.931,0.9094,0.8826,0.8524,0.8168,0.7731,0.719,0.6648,0.6121,0.5516,0.4889,0.4251,0.3754,0.3235,0.2663,12bafe90#phase10c,stat_grid:pmf_sim_v1+role_aware_pmf_cal_v1:core+monotone_pit_cdf_v1,phase8_role_aware_pmf_cal_v1+monotone_inactive_global_v1,core,projected_minutes,high,27.4006,29.5281,13.1292,29.5281,35.1493,8.9924,0.05,0.9302,0.4395,core,True,current_market_line,True,bovada,bovada,player_pts_over_under,11.5,11.5,0.719,-190.0,145.0,0.6161,0.3839,0.281,-256.0,256.0,0.1028,0.1028,-0.1028,2026-05-28T23:08:42.830387Z,full,provisional,lineup_unconfirmed,latest_valid_report_selected,projected,derived_from_projected_minutes,ok,finals_pending,current_phase8,ok,0.0,projected,not_available_yet,bdl_lineup_freshness_manifest,2026-05-28T22:48:42Z,bdl_plus_nba_official,2026-05-28T23:09:00Z
morning,2026-05-28T23:09:49Z,2026-05-28,21713533,38017685,Chet Holmgren,OKC,SAS,False,pts,"{""0"": 0.009451809530403608, ""1"": 0.004263033958864464, ""2"": 0.007685746399724588, ""3"": 0.00918847933176419, ""4"": 0.02038114800207846, ""5"": 0.018012408937408488, ""6"": 0.021607896266373723, ""7"": 0.026838738371919017, ""8"": 0.03022055269036187, ""9"": 0.03554774311187161, ""10"": 0.04369219635130885, ""11"": 0.0541299028327055, ""12"": 0.05418805403311058, ""13"": 0.05270908268486166, ""14"": 0.0604901185089655, ""15"": 0.0626907860338819, ""16"": 0.06375539492625763, ""17"": 0.049731361955374656, ""18"": 0.051891483689680246, ""19"": 0.05723178757994326, ""20"": 0.04409656370743887, ""21"": 0.03767166522363406, ""22"": 0.04212813550668931, ""23"": 0.027110748002282956, ""24"": 0.026595413192048587, ""25"": 0.021892986633436272, ""26"": 0.013069181155461468, ""27"": 0.01008053310462551, ""28"": 0.013717321184830959, ""29"": 0.004239399367435759, ""30"": 0.009428004295667834, ""31"": 0.005317711057549192, ""32"": 0.0026519729424699817, ""33"": 0.0014062783926267822, ""34"": 0.002067492787936236, ""35"": 0.0022174979705232236, ""36"": 0.00022406201619224643, ""37"": 0.0005841490654949417, ""38"": 0.00011291612267264877, ""39"": 5.701457412228958e-05, ""40"": 4.386343102486224e-05, ""41"": 5.63564995201608e-05, ""42"": 7.43295686120192e-05, ""43"": 0.00046210472367766024, ""44"": 0.00016168919630900688, ""45"": 0.00023055486390275573, ""46"": 0.00035348607038412265, ""51"": 0.00011159690660938475, ""80"": 0.000129247239961104}",15.5079,15.5079,15,16,0.0095,0.9905,0.9863,0.9786,0.9694,0.949,0.931,0.9094,0.8826,0.8524,0.8168,0.7731,0.719,0.6648,0.6121,0.5516,0.4889,0.4251,0.3754,0.3235,0.2663,12bafe90#phase10c,stat_grid:pmf_sim_v1+role_aware_pmf_cal_v1:core+monotone_pit_cdf_v1,phase8_role_aware_pmf_cal_v1+monotone_inactive_global_v1,core,projected_minutes,high,27.4006,29.5281,13.1292,29.5281,35.1493,8.9924,0.05,0.9302,0.4395,core,True,current_market_line,True,bovada,bovada,player_pts_over_under,10.5,10.5,0.7731,-275.0,200.0,0.6875,0.3125,0.2269,-341.0,341.0,0.0856,0.0856,-0.0856,2026-05-28T23:08:42.830387Z,full,provisional,lineup_unconfirmed,latest_valid_report_selected,projected,derived_from_projected_minutes,ok,finals_pending,current_phase8,ok,0.0,projected,not_available_yet,bdl_lineup_freshness_manifest,2026-05-28T22:48:42Z,bdl_plus_nba_official,2026-05-28T23:09:00Z
morning,2026-05-28T23:09:49Z,2026-05-28,21713533,38017685,Chet Holmgren,OKC,SAS,False,pts,"{""0"": 0.009451809530403608, ""1"": 0.004263033958864464, ""2"": 0.007685746399724588, ""3"": 0.00918847933176419, ""4"": 0.02038114800207846, ""5"": 0.018012408937408488, ""6"": 0.021607896266373723, ""7"": 0.026838738371919017, ""8"": 0.03022055269036187, ""9"": 0.03554774311187161, ""10"": 0.04369219635130885, ""11"": 0.0541299028327055, ""12"": 0.05418805403311058, ""13"": 0.05270908268486166, ""14"": 0.0604901185089655, ""15"": 0.0626907860338819, ""16"": 0.06375539492625763, ""17"": 0.049731361955374656, ""18"": 0.051891483689680246, ""19"": 0.05723178757994326, ""20"": 0.04409656370743887, ""21"": 0.03767166522363406, ""22"": 0.04212813550668931, ""23"": 0.027110748002282956, ""24"": 0.026595413192048587, ""25"": 0.021892986633436272, ""26"": 0.013069181155461468, ""27"": 0.01008053310462551, ""28"": 0.013717321184830959, ""29"": 0.004239399367435759, ""30"": 0.009428004295667834, ""31"": 0.005317711057549192, ""32"": 0.0026519729424699817, ""33"": 0.0014062783926267822, ""34"": 0.002067492787936236, ""35"": 0.0022174979705232236, ""36"": 0.00022406201619224643, ""37"": 0.0005841490654949417, ""38"": 0.00011291612267264877, ""39"": 5.701457412228958e-05, ""40"": 4.386343102486224e-05, ""41"": 5.63564995201608e-05, ""42"": 7.43295686120192e-05, ""43"": 0.00046210472367766024, ""44"": 0.00016168919630900688, ""45"": 0.00023055486390275573, ""46"": 0.00035348607038412265, ""51"": 0.00011159690660938475, ""80"": 0.000129247239961104}",15.5079,15.5079,15,16,0.0095,0.9905,0.9863,0.9786,0.9694,0.949,0.931,0.9094,0.8826,0.8524,0.8168,0.7731,0.719,0.6648,0.6121,0.5516,0.4889,0.4251,0.3754,0.3235,0.2663,12bafe90#phase10c,stat_grid:pmf_sim_v1+role_aware_pmf_cal_v1:core+monotone_pit_cdf_v1,phase8_role_aware_pmf_cal_v1+monotone_inactive_global_v1,core,projected_minutes,high,27.4006,29.5281,13.1292,29.5281,35.1493,8.9924,0.05,0.9302,0.4395,core,True,current_market_line,True,betmgm,betmgm,player_pts_over_under,13.5,13.5,0.6121,-110.0,-120.0,0.4899,0.5101,0.3879,-158.0,158.0,0.1222,0.1222,-0.1222,2026-05-28T23:08:42.830387Z,full,provisional,lineup_unconfirmed,latest_valid_report_selected,projected,derived_from_projected_minutes,ok,finals_pending,current_phase8,ok,0.0,projected,not_available_yet,bdl_lineup_freshness_manifest,2026-05-28T22:48:42Z,bdl_plus_nba_official,2026-05-28T23:09:00Z
morning,2026-05-28T23:09:49Z,2026-05-28,21713533,38017685,Chet Holmgren,OKC,SAS,False,pts,"{""0"": 0.009451809530403608, ""1"": 0.004263033958864464, ""2"": 0.007685746399724588, ""3"": 0.00918847933176419, ""4"": 0.02038114800207846, ""5"": 0.018012408937408488, ""6"": 0.021607896266373723, ""7"": 0.026838738371919017, ""8"": 0.03022055269036187, ""9"": 0.03554774311187161, ""10"": 0.04369219635130885, ""11"": 0.0541299028327055, ""12"": 0.05418805403311058, ""13"": 0.05270908268486166, ""14"": 0.0604901185089655, ""15"": 0.0626907860338819, ""16"": 0.06375539492625763, ""17"": 0.049731361955374656, ""18"": 0.051891483689680246, ""19"": 0.05723178757994326, ""20"": 0.04409656370743887, ""21"": 0.03767166522363406, ""22"": 0.04212813550668931, ""23"": 0.027110748002282956, ""24"": 0.026595413192048587, ""25"": 0.021892986633436272, ""26"": 0.013069181155461468, ""27"": 0.01008053310462551, ""28"": 0.013717321184830959, ""29"": 0.004239399367435759, ""30"": 0.009428004295667834, ""31"": 0.005317711057549192, ""32"": 0.0026519729424699817, ""33"": 0.0014062783926267822, ""34"": 0.002067492787936236, ""35"": 0.0022174979705232236, ""36"": 0.00022406201619224643, ""37"": 0.0005841490654949417, ""38"": 0.00011291612267264877, ""39"": 5.701457412228958e-05, ""40"": 4.386343102486224e-05, ""41"": 5.63564995201608e-05, ""42"": 7.43295686120192e-05, ""43"": 0.00046210472367766024, ""44"": 0.00016168919630900688, ""45"": 0.00023055486390275573, ""46"": 0.00035348607038412265, ""51"": 0.00011159690660938475, ""80"": 0.000129247239961104}",15.5079,15.5079,15,16,0.0095,0.9905,0.9863,0.9786,0.9694,0.949,0.931,0.9094,0.8826,0.8524,0.8168,0.7731,0.719,0.6648,0.6121,0.5516,0.4889,0.4251,0.3754,0.3235,0.2663,12bafe90#phase10c,stat_grid:pmf_sim_v1+role_aware_pmf_cal_v1:core+monotone_pit_cdf_v1,phase8_role_aware_pmf_cal_v1+monotone_inactive_global_v1,core,projected_minutes,high,27.4006,29.5281,13.1292,29.5281,35.1493,8.9924,0.05,0.9302,0.4395,core,True,current_market_line,True,betrivers,betrivers,player_pts_over_under,14.5,14.5,0.5516,104.0,-141.0,0.4559,0.5441,0.4484,-123.0,123.0,0.0957,0.0957,-0.0957,2026-05-28T23:08:42.830387Z,full,provisional,lineup_unconfirmed,latest_valid_report_selected,projected,derived_from_projected_minutes,ok,finals_pending,current_phase8,ok,0.0,projected,not_available_yet,bdl_lineup_freshness_manifest,2026-05-28T22:48:42Z,bdl_plus_nba_official,2026-05-28T23:09:00Z
morning,2026-05-28T23:09:49Z,2026-05-28,21713533,38017685,Chet Holmgren,OKC,SAS,False,pts,"{""0"": 0.009451809530403608, ""1"": 0.004263033958864464, ""2"": 0.007685746399724588, ""3"": 0.00918847933176419, ""4"": 0.02038114800207846, ""5"": 0.018012408937408488, ""6"": 0.021607896266373723, ""7"": 0.026838738371919017, ""8"": 0.03022055269036187, ""9"": 0.03554774311187161, ""10"": 0.04369219635130885, ""11"": 0.0541299028327055, ""12"": 0.05418805403311058, ""13"": 0.05270908268486166, ""14"": 0.0604901185089655, ""15"": 0.0626907860338819, ""16"": 0.06375539492625763, ""17"": 0.049731361955374656, ""18"": 0.051891483689680246, ""19"": 0.05723178757994326, ""20"": 0.04409656370743887, ""21"": 0.03767166522363406, ""22"": 0.04212813550668931, ""23"": 0.027110748002282956, ""24"": 0.026595413192048587, ""25"": 0.021892986633436272, ""26"": 0.013069181155461468, ""27"": 0.01008053310462551, ""28"": 0.013717321184830959, ""29"": 0.004239399367435759, ""30"": 0.009428004295667834, ""31"": 0.005317711057549192, ""32"": 0.0026519729424699817, ""33"": 0.0014062783926267822, ""34"": 0.002067492787936236, ""35"": 0.0022174979705232236, ""36"": 0.00022406201619224643, ""37"": 0.0005841490654949417, ""38"": 0.00011291612267264877, ""39"": 5.701457412228958e-05, ""40"": 4.386343102486224e-05, ""41"": 5.63564995201608e-05, ""42"": 7.43295686120192e-05, ""43"": 0.00046210472367766024, ""44"": 0.00016168919630900688, ""45"": 0.00023055486390275573, ""46"": 0.00035348607038412265, ""51"": 0.00011159690660938475, ""80"": 0.000129247239961104}",15.5079,15.5079,15,16,0.0095,0.9905,0.9863,0.9786,0.9694,0.949,0.931,0.9094,0.8826,0.8524,0.8168,0.7731,0.719,0.6648,0.6121,0.5516,0.4889,0.4251,0.3754,0.3235,0.2663,12bafe90#phase10c,stat_grid:pmf_sim_v1+role_aware_pmf_cal_v1:core+monotone_pit_cdf_v1,phase8_role_aware_pmf_cal_v1+monotone_inactive_global_v1,core,projected_minutes,high,27.4006,29.5281,13.1292,29.5281,35.1493,8.9924,0.05,0.9302,0.4395,core,True,current_market_line,True,betrivers,betrivers,player_pts_over_under,13.5,13.5,0.6121,-129.0,-106.0,0.5226,0.4774,0.3879,-158.0,158.0,0.0895,0.0895,-0.0895,2026-05-28T23:08:42.830387Z,full,provisional,lineup_unconfirmed,latest_valid_report_selected,projected,derived_from_projected_minutes,ok,finals_pending,current_phase8,ok,0.0,projected,not_available_yet,bdl_lineup_freshness_manifest,2026-05-28T22:48:42Z,bdl_plus_nba_official,2026-05-28T23:09:00Z
morning,2026-05-28T23:09:49Z,2026-05-28,21713533,38017685,Chet Holmgren,OKC,SAS,False,pts,"{""0"": 0.009451809530403608, ""1"": 0.004263033958864464, ""2"": 0.007685746399724588, ""3"": 0.00918847933176419, ""4"": 0.02038114800207846, ""5"": 0.018012408937408488, ""6"": 0.021607896266373723, ""7"": 0.026838738371919017, ""8"": 0.03022055269036187, ""9"": 0.03554774311187161, ""10"": 0.04369219635130885, ""11"": 0.0541299028327055, ""12"": 0.05418805403311058, ""13"": 0.05270908268486166, ""14"": 0.0604901185089655, ""15"": 0.0626907860338819, ""16"": 0.06375539492625763, ""17"": 0.049731361955374656, ""18"": 0.051891483689680246, ""19"": 0.05723178757994326, ""20"": 0.04409656370743887, ""21"": 0.03767166522363406, ""22"": 0.04212813550668931, ""23"": 0.027110748002282956, ""24"": 0.026595413192048587, ""25"": 0.021892986633436272, ""26"": 0.013069181155461468, ""27"": 0.01008053310462551, ""28"": 0.013717321184830959, ""29"": 0.004239399367435759, ""30"": 0.009428004295667834, ""31"": 0.005317711057549192, ""32"": 0.0026519729424699817, ""33"": 0.0014062783926267822, ""34"": 0.002067492787936236, ""35"": 0.0022174979705232236, ""36"": 0.00022406201619224643, ""37"": 0.0005841490654949417, ""38"": 0.00011291612267264877, ""39"": 5.701457412228958e-05, ""40"": 4.386343102486224e-05, ""41"": 5.63564995201608e-05, ""42"": 7.43295686120192e-05, ""43"": 0.00046210472367766024, ""44"": 0.00016168919630900688, ""45"": 0.00023055486390275573, ""46"": 0.00035348607038412265, ""51"": 0.00011159690660938475, ""80"": 0.000129247239961104}",15.5079,15.5079,15,16,0.0095,0.9905,0.9863,0.9786,0.9694,0.949,0.931,0.9094,0.8826,0.8524,0.8168,0.7731,0.719,0.6648,0.6121,0.5516,0.4889,0.4251,0.3754,0.3235,0.2663,12bafe90#phase10c,stat_grid:pmf_sim_v1+role_aware_pmf_cal_v1:core+monotone_pit_cdf_v1,phase8_role_aware_pmf_cal_v1+monotone_inactive_global_v1,core,projected_minutes,high,27.4006,29.5281,13.1292,29.5281,35.1493,8.9924,0.05,0.9302,0.4395,core,True,current_market_line,True,draftkings,draftkings,player_pts_over_under,13.5,13.5,0.6121,-113.0,-112.0,0.501,0.499,0.3879,-158.0,158.0,0.111,0.111,-0.111,2026-05-28T23:08:42.830387Z,full,provisional,lineup_unconfirmed,latest_valid_report_selected,projected,derived_from_projected_minutes,ok,finals_pending,current_phase8,ok,0.0,projected,not_available_yet,bdl_lineup_freshness_manifest,2026-05-28T22:48:42Z,bdl_plus_nba_official,2026-05-28T23:09:00Z
morning,2026-05-28T23:09:49Z,2026-05-28,21713533,38017685,Chet Holmgren,OKC,SAS,False,pts,"{""0"": 0.009451809530403608, ""1"": 0.004263033958864464, ""2"": 0.007685746399724588, ""3"": 0.00918847933176419, ""4"": 0.02038114800207846, ""5"": 0.018012408937408488, ""6"": 0.021607896266373723, ""7"": 0.026838738371919017, ""8"": 0.03022055269036187, ""9"": 0.03554774311187161, ""10"": 0.04369219635130885, ""11"": 0.0541299028327055, ""12"": 0.05418805403311058, ""13"": 0.05270908268486166, ""14"": 0.0604901185089655, ""15"": 0.0626907860338819, ""16"": 0.06375539492625763, ""17"": 0.049731361955374656, ""18"": 0.051891483689680246, ""19"": 0.05723178757994326, ""20"": 0.04409656370743887, ""21"": 0.03767166522363406, ""22"": 0.04212813550668931, ""23"": 0.027110748002282956, ""24"": 0.026595413192048587, ""25"": 0.021892986633436272, ""26"": 0.013069181155461468, ""27"": 0.01008053310462551, ""28"": 0.013717321184830959, ""29"": 0.004239399367435759, ""30"": 0.009428004295667834, ""31"": 0.005317711057549192, ""32"": 0.0026519729424699817, ""33"": 0.0014062783926267822, ""34"": 0.002067492787936236, ""35"": 0.0022174979705232236, ""36"": 0.00022406201619224643, ""37"": 0.0005841490654949417, ""38"": 0.00011291612267264877, ""39"": 5.701457412228958e-05, ""40"": 4.386343102486224e-05, ""41"": 5.63564995201608e-05, ""42"": 7.43295686120192e-05, ""43"": 0.00046210472367766024, ""44"": 0.00016168919630900688, ""45"": 0.00023055486390275573, ""46"": 0.00035348607038412265, ""51"": 0.00011159690660938475, ""80"": 0.000129247239961104}",15.5079,15.5079,15,16,0.0095,0.9905,0.9863,0.9786,0.9694,0.949,0.931,0.9094,0.8826,0.8524,0.8168,0.7731,0.719,0.6648,0.6121,0.5516,0.4889,0.4251,0.3754,0.3235,0.2663,12bafe90#phase10c,stat_grid:pmf_sim_v1+role_aware_pmf_cal_v1:core+monotone_pit_cdf_v1,phase8_role_aware_pmf_cal_v1+monotone_inactive_global_v1,core,projected_minutes,high,27.4006,29.5281,13.1292,29.5281,35.1493,8.9924,0.05,0.9302,0.4395,core,True,current_market_line,True,hardrockbet_az,hardrockbet_az,player_pts_over_under,13.5,13.5,0.6121,-110.0,-120.0,0.4899,0.5101,0.3879,-158.0,158.0,0.1222,0.1222,-0.1222,2026-05-28T23:08:42.830387Z,full,provisional,lineup_unconfirmed,latest_valid_report_selected,projected,derived_from_projected_minutes,ok,finals_pending,current_phase8,ok,0.0,projected,not_available_yet,bdl_lineup_freshness_manifest,2026-05-28T22:48:42Z,bdl_plus_nba_official,2026-05-28T23:09:00Z
morning,2026-05-28T23:09:49Z,2026-05-28,21713533,38017685,Chet Holmgren,OKC,SAS,False,pts,"{""0"": 0.009451809530403608, ""1"": 0.004263033958864464, ""2"": 0.007685746399724588, ""3"": 0.00918847933176419, ""4"": 0.02038114800207846, ""5"": 0.018012408937408488, ""6"": 0.021607896266373723, ""7"": 0.026838738371919017, ""8"": 0.03022055269036187, ""9"": 0.03554774311187161, ""10"": 0.04369219635130885, ""11"": 0.0541299028327055, ""12"": 0.05418805403311058, ""13"": 0.05270908268486166, ""14"": 0.0604901185089655, ""15"": 0.0626907860338819, ""16"": 0.06375539492625763, ""17"": 0.049731361955374656, ""18"": 0.051891483689680246, ""19"": 0.05723178757994326, ""20"": 0.04409656370743887, ""21"": 0.03767166522363406, ""22"": 0.04212813550668931, ""23"": 0.027110748002282956, ""24"": 0.026595413192048587, ""25"": 0.021892986633436272, ""26"": 0.013069181155461468, ""27"": 0.01008053310462551, ""28"": 0.013717321184830959, ""29"": 0.004239399367435759, ""30"": 0.009428004295667834, ""31"": 0.005317711057549192, ""32"": 0.0026519729424699817, ""33"": 0.0014062783926267822, ""34"": 0.002067492787936236, ""35"": 0.0022174979705232236, ""36"": 0.00022406201619224643, ""37"": 0.0005841490654949417, ""38"": 0.00011291612267264877, ""39"": 5.701457412228958e-05, ""40"": 4.386343102486224e-05, ""41"": 5.63564995201608e-05, ""42"": 7.43295686120192e-05, ""43"": 0.00046210472367766024, ""44"": 0.00016168919630900688, ""45"": 0.00023055486390275573, ""46"": 0.00035348607038412265, ""51"": 0.00011159690660938475, ""80"": 0.000129247239961104}",15.5079,15.5079,15,16,0.0095,0.9905,0.9863,0.9786,0.9694,0.949,0.931,0.9094,0.8826,0.8524,0.8168,0.7731,0.719,0.6648,0.6121,0.5516,0.4889,0.4251,0.3754,0.3235,0.2663,12bafe90#phase10c,stat_grid:pmf_sim_v1+role_aware_pmf_cal_v1:core+monotone_pit_cdf_v1,phase8_role_aware_pmf_cal_v1+monotone_inactive_global_v1,core,projected_minutes,high,27.4006,29.5281,13.1292,29.5281,35.1493,8.9924,0.05,0.9302,0.4395,core,True,current_market_line,True,hardrockbet,hardrockbet,player_pts_over_under,13.5,13.5,0.6121,-110.0,-120.0,0.4899,0.5101,0.3879,-158.0,158.0,0.1222,0.1222,-0.1222,2026-05-28T23:08:42.830387Z,full,provisional,lineup_unconfirmed,latest_valid_report_selected,projected,derived_from_projected_minutes,ok,finals_pending,current_phase8,ok,0.0,projected,not_available_yet,bdl_lineup_freshness_manifest,2026-05-28T22:48:42Z,bdl_plus_nba_official,2026-05-28T23:09:00Z
morning,2026-05-28T23:09:49Z,2026-05-28,21713533,38017685,Chet Holmgren,OKC,SAS,False,pts,"{""0"": 0.009451809530403608, ""1"": 0.004263033958864464, ""2"": 0.007685746399724588, ""3"": 0.00918847933176419, ""4"": 0.02038114800207846, ""5"": 0.018012408937408488, ""6"": 0.021607896266373723, ""7"": 0.026838738371919017, ""8"": 0.03022055269036187, ""9"": 0.03554774311187161, ""10"": 0.04369219635130885, ""11"": 0.0541299028327055, ""12"": 0.05418805403311058, ""13"": 0.05270908268486166, ""14"": 0.0604901185089655, ""15"": 0.0626907860338819, ""16"": 0.06375539492625763, ""17"": 0.049731361955374656, ""18"": 0.051891483689680246, ""19"": 0.05723178757994326, ""20"": 0.04409656370743887, ""21"": 0.03767166522363406, ""22"": 0.04212813550668931, ""23"": 0.027110748002282956, ""24"": 0.026595413192048587, ""25"": 0.021892986633436272, ""26"": 0.013069181155461468, ""27"": 0.01008053310462551, ""28"": 0.013717321184830959, ""29"": 0.004239399367435759, ""30"": 0.009428004295667834, ""31"": 0.005317711057549192, ""32"": 0.0026519729424699817, ""33"": 0.0014062783926267822, ""34"": 0.002067492787936236, ""35"": 0.0022174979705232236, ""36"": 0.00022406201619224643, ""37"": 0.0005841490654949417, ""38"": 0.00011291612267264877, ""39"": 5.701457412228958e-05, ""40"": 4.386343102486224e-05, ""41"": 5.63564995201608e-05, ""42"": 7.43295686120192e-05, ""43"": 0.00046210472367766024, ""44"": 0.00016168919630900688, ""45"": 0.00023055486390275573, ""46"": 0.00035348607038412265, ""51"": 0.00011159690660938475, ""80"": 0.000129247239961104}",15.5079,15.5079,15,16,0.0095,0.9905,0.9863,0.9786,0.9694,0.949,0.931,0.9094,0.8826,0.8524,0.8168,0.7731,0.719,0.6648,0.6121,0.5516,0.4889,0.4251,0.3754,0.3235,0.2663,12bafe90#phase10c,stat_grid:pmf_sim_v1+role_aware_pmf_cal_v1:core+monotone_pit_cdf_v1,phase8_role_aware_pmf_cal_v1+monotone_inactive_global_v1,core,projected_minutes,high,27.4006,29.5281,13.1292,29.5281,35.1493,8.9924,0.05,0.9302,0.4395,core,True,current_market_line,True,rebet,rebet,player_pts_over_under,13.5,13.5,0.6121,-109.0,-116.0,0.4927,0.5073,0.3879,-158.0,158.0,0.1194,0.1194,-0.1194,2026-05-28T23:08:42.830387Z,full,provisional,lineup_unconfirmed,latest_valid_report_selected,projected,derived_from_projected_minutes,ok,finals_pending,current_phase8,ok,0.0,projected,not_available_yet,bdl_lineup_freshness_manifest,2026-05-28T22:48:42Z,bdl_plus_nba_official,2026-05-28T23:09:00Z
morning,2026-05-28T23:09:49Z,2026-05-28,21713533,38017685,Chet Holmgren,OKC,SAS,False,pts,"{""0"": 0.009451809530403608, ""1"": 0.004263033958864464, ""2"": 0.007685746399724588, ""3"": 0.00918847933176419, ""4"": 0.02038114800207846, ""5"": 0.018012408937408488, ""6"": 0.021607896266373723, ""7"": 0.026838738371919017, ""8"": 0.03022055269036187, ""9"": 0.03554774311187161, ""10"": 0.04369219635130885, ""11"": 0.0541299028327055, ""12"": 0.05418805403311058, ""13"": 0.05270908268486166, ""14"": 0.0604901185089655, ""15"": 0.0626907860338819, ""16"": 0.06375539492625763, ""17"": 0.049731361955374656, ""18"": 0.051891483689680246, ""19"": 0.05723178757994326, ""20"": 0.04409656370743887, ""21"": 0.03767166522363406, ""22"": 0.04212813550668931, ""23"": 0.027110748002282956, ""24"": 0.026595413192048587, ""25"": 0.021892986633436272, ""26"": 0.013069181155461468, ""27"": 0.01008053310462551, ""28"": 0.013717321184830959, ""29"": 0.004239399367435759, ""30"": 0.009428004295667834, ""31"": 0.005317711057549192, ""32"": 0.0026519729424699817, ""33"": 0.0014062783926267822, ""34"": 0.002067492787936236, ""35"": 0.0022174979705232236, ""36"": 0.00022406201619224643, ""37"": 0.0005841490654949417, ""38"": 0.00011291612267264877, ""39"": 5.701457412228958e-05, ""40"": 4.386343102486224e-05, ""41"": 5.63564995201608e-05, ""42"": 7.43295686120192e-05, ""43"": 0.00046210472367766024, ""44"": 0.00016168919630900688, ""45"": 0.00023055486390275573, ""46"": 0.00035348607038412265, ""51"": 0.00011159690660938475, ""80"": 0.000129247239961104}",15.5079,15.5079,15,16,0.0095,0.9905,0.9863,0.9786,0.9694,0.949,0.931,0.9094,0.8826,0.8524,0.8168,0.7731,0.719,0.6648,0.6121,0.5516,0.4889,0.4251,0.3754,0.3235,0.2663,12bafe90#phase10c,stat_grid:pmf_sim_v1+role_aware_pmf_cal_v1:core+monotone_pit_cdf_v1,phase8_role_aware_pmf_cal_v1+monotone_inactive_global_v1,core,projected_minutes,high,27.4006,29.5281,13.1292,29.5281,35.1493,8.9924,0.05,0.9302,0.4395,core,True,current_market_line,True,hardrockbet_fl,hardrockbet_fl,player_pts_over_under,13.5,13.5,0.6121,-110.0,-120.0,0.4899,0.5101,0.3879,-158.0,158.0,0.1222,0.1222,-0.1222,2026-05-28T23:08:42.830387Z,full,provisional,lineup_unconfirmed,latest_valid_report_selected,projected,derived_from_projected_minutes,ok,finals_pending,current_phase8,ok,0.0,projected,not_available_yet,bdl_lineup_freshness_manifest,2026-05-28T22:48:42Z,bdl_plus_nba_official,2026-05-28T23:09:00Z
morning,2026-05-28T23:09:49Z,2026-05-28,21713533,38017685,Chet Holmgren,OKC,SAS,False,pts,"{""0"": 0.009451809530403608, ""1"": 0.004263033958864464, ""2"": 0.007685746399724588, ""3"": 0.00918847933176419, ""4"": 0.02038114800207846, ""5"": 0.018012408937408488, ""6"": 0.021607896266373723, ""7"": 0.026838738371919017, ""8"": 0.03022055269036187, ""9"": 0.03554774311187161, ""10"": 0.04369219635130885, ""11"": 0.0541299028327055, ""12"": 0.05418805403311058, ""13"": 0.05270908268486166, ""14"": 0.0604901185089655, ""15"": 0.0626907860338819, ""16"": 0.06375539492625763, ""17"": 0.049731361955374656, ""18"": 0.051891483689680246, ""19"": 0.05723178757994326, ""20"": 0.04409656370743887, ""21"": 0.03767166522363406, ""22"": 0.04212813550668931, ""23"": 0.027110748002282956, ""24"": 0.026595413192048587, ""25"": 0.021892986633436272, ""26"": 0.013069181155461468, ""27"": 0.01008053310462551, ""28"": 0.013717321184830959, ""29"": 0.004239399367435759, ""30"": 0.009428004295667834, ""31"": 0.005317711057549192, ""32"": 0.0026519729424699817, ""33"": 0.0014062783926267822, ""34"": 0.002067492787936236, ""35"": 0.0022174979705232236, ""36"": 0.00022406201619224643, ""37"": 0.0005841490654949417, ""38"": 0.00011291612267264877, ""39"": 5.701457412228958e-05, ""40"": 4.386343102486224e-05, ""41"": 5.63564995201608e-05, ""42"": 7.43295686120192e-05, ""43"": 0.00046210472367766024, ""44"": 0.00016168919630900688, ""45"": 0.00023055486390275573, ""46"": 0.00035348607038412265, ""51"": 0.00011159690660938475, ""80"": 0.000129247239961104}",15.5079,15.5079,15,16,0.0095,0.9905,0.9863,0.9786,0.9694,0.949,0.931,0.9094,0.8826,0.8524,0.8168,0.7731,0.719,0.6648,0.6121,0.5516,0.4889,0.4251,0.3754,0.3235,0.2663,12bafe90#phase10c,stat_grid:pmf_sim_v1+role_aware_pmf_cal_v1:core+monotone_pit_cdf_v1,phase8_role_aware_pmf_cal_v1+monotone_inactive_global_v1,core,projected_minutes,high,27.4006,29.5281,13.1292,29.5281,35.1493,8.9924,0.05,0.9302,0.4395,core,True,current_market_line,True,espnbet,espnbet,player_pts_over_under,12.5,12.5,0.6648,-150.0,115.0,0.5633,0.4367,0.3352,-198.0,198.0,0.1015,0.1015,-0.1015,2026-05-28T23:08:42.830387Z,full,provisional,lineup_unconfirmed,latest_valid_report_selected,projected,derived_from_projected_minutes,ok,finals_pending,current_phase8,ok,0.0,projected,not_available_yet,bdl_lineup_freshness_manifest,2026-05-28T22:48:42Z,bdl_plus_nba_official,2026-05-28T23:09:00Z
morning,2026-05-28T23:09:49Z,2026-05-28,21713533,38017685,Chet Holmgren,OKC,SAS,False,pts,"{""0"": 0.009451809530403608, ""1"": 0.004263033958864464, ""2"": 0.007685746399724588, ""3"": 0.00918847933176419, ""4"": 0.02038114800207846, ""5"": 0.018012408937408488, ""6"": 0.021607896266373723, ""7"": 0.026838738371919017, ""8"": 0.03022055269036187, ""9"": 0.03554774311187161, ""10"": 0.04369219635130885, ""11"": 0.0541299028327055, ""12"": 0.05418805403311058, ""13"": 0.05270908268486166, ""14"": 0.0604901185089655, ""15"": 0.0626907860338819, ""16"": 0.06375539492625763, ""17"": 0.049731361955374656, ""18"": 0.051891483689680246, ""19"": 0.05723178757994326, ""20"": 0.04409656370743887, ""21"": 0.03767166522363406, ""22"": 0.04212813550668931, ""23"": 0.027110748002282956, ""24"": 0.026595413192048587, ""25"": 0.021892986633436272, ""26"": 0.013069181155461468, ""27"": 0.01008053310462551, ""28"": 0.013717321184830959, ""29"": 0.004239399367435759, ""30"": 0.009428004295667834, ""31"": 0.005317711057549192, ""32"": 0.0026519729424699817, ""33"": 0.0014062783926267822, ""34"": 0.002067492787936236, ""35"": 0.0022174979705232236, ""36"": 0.00022406201619224643, ""37"": 0.0005841490654949417, ""38"": 0.00011291612267264877, ""39"": 5.701457412228958e-05, ""40"": 4.386343102486224e-05, ""41"": 5.63564995201608e-05, ""42"": 7.43295686120192e-05, ""43"": 0.00046210472367766024, ""44"": 0.00016168919630900688, ""45"": 0.00023055486390275573, ""46"": 0.00035348607038412265, ""51"": 0.00011159690660938475, ""80"": 0.000129247239961104}",15.5079,15.5079,15,16,0.0095,0.9905,0.9863,0.9786,0.9694,0.949,0.931,0.9094,0.8826,0.8524,0.8168,0.7731,0.719,0.6648,0.6121,0.5516,0.4889,0.4251,0.3754,0.3235,0.2663,12bafe90#phase10c,stat_grid:pmf_sim_v1+role_aware_pmf_cal_v1:core+monotone_pit_cdf_v1,phase8_role_aware_pmf_cal_v1+monotone_inactive_global_v1,core,projected_minutes,high,27.4006,29.5281,13.1292,29.5281,35.1493,8.9924,0.05,0.9302,0.4395,core,True,current_market_line,True,espnbet,espnbet,player_pts_over_under,13.5,13.5,0.6121,-110.0,-120.0,0.4899,0.5101,0.3879,-158.0,158.0,0.1222,0.1222,-0.1222,2026-05-28T23:08:42.830387Z,full,provisional,lineup_unconfirmed,latest_valid_report_selected,projected,derived_from_projected_minutes,ok,finals_pending,current_phase8,ok,0.0,projected,not_available_yet,bdl_lineup_freshness_manifest,2026-05-28T22:48:42Z,bdl_plus_nba_official,2026-05-28T23:09:00Z
morning,2026-05-28T23:09:49Z,2026-05-28,21713533,38017685,Chet Holmgren,OKC,SAS,False,pts,"{""0"": 0.009451809530403608, ""1"": 0.004263033958864464, ""2"": 0.007685746399724588, ""3"": 0.00918847933176419, ""4"": 0.02038114800207846, ""5"": 0.018012408937408488, ""6"": 0.021607896266373723, ""7"": 0.026838738371919017, ""8"": 0.03022055269036187, ""9"": 0.03554774311187161, ""10"": 0.04369219635130885, ""11"": 0.0541299028327055, ""12"": 0.05418805403311058, ""13"": 0.05270908268486166, ""14"": 0.0604901185089655, ""15"": 0.0626907860338819, ""16"": 0.06375539492625763, ""17"": 0.049731361955374656, ""18"": 0.051891483689680246, ""19"": 0.05723178757994326, ""20"": 0.04409656370743887, ""21"": 0.03767166522363406, ""22"": 0.04212813550668931, ""23"": 0.027110748002282956, ""24"": 0.026595413192048587, ""25"": 0.021892986633436272, ""26"": 0.013069181155461468, ""27"": 0.01008053310462551, ""28"": 0.013717321184830959, ""29"": 0.004239399367435759, ""30"": 0.009428004295667834, ""31"": 0.005317711057549192, ""32"": 0.0026519729424699817, ""33"": 0.0014062783926267822, ""34"": 0.002067492787936236, ""35"": 0.0022174979705232236, ""36"": 0.00022406201619224643, ""37"": 0.0005841490654949417, ""38"": 0.00011291612267264877, ""39"": 5.701457412228958e-05, ""40"": 4.386343102486224e-05, ""41"": 5.63564995201608e-05, ""42"": 7.43295686120192e-05, ""43"": 0.00046210472367766024, ""44"": 0.00016168919630900688, ""45"": 0.00023055486390275573, ""46"": 0.00035348607038412265, ""51"": 0.00011159690660938475, ""80"": 0.000129247239961104}",15.5079,15.5079,15,16,0.0095,0.9905,0.9863,0.9786,0.9694,0.949,0.931,0.9094,0.8826,0.8524,0.8168,0.7731,0.719,0.6648,0.6121,0.5516,0.4889,0.4251,0.3754,0.3235,0.2663,12bafe90#phase10c,stat_grid:pmf_sim_v1+role_aware_pmf_cal_v1:core+monotone_pit_cdf_v1,phase8_role_aware_pmf_cal_v1+monotone_inactive_global_v1,core,projected_minutes,high,27.4006,29.5281,13.1292,29.5281,35.1493,8.9924,0.05,0.9302,0.4395,core,True,current_market_line,True,espnbet,espnbet,player_pts_over_under,14.5,14.5,0.5516,115.0,-150.0,0.4367,0.5633,0.4484,-123.0,123.0,0.1149,0.1149,-0.1149,2026-05-28T23:08:42.830387Z,full,provisional,lineup_unconfirmed,latest_valid_report_selected,projected,derived_from_projected_minutes,ok,finals_pending,current_phase8,ok,0.0,projected,not_available_yet,bdl_lineup_freshness_manifest,2026-05-28T22:48:42Z,bdl_plus_nba_official,2026-05-28T23:09:00Z
morning,2026-05-28T23:09:49Z,2026-05-28,21713533,38017685,Chet Holmgren,OKC,SAS,False,pts,"{""0"": 0.009451809530403608, ""1"": 0.004263033958864464, ""2"": 0.007685746399724588, ""3"": 0.00918847933176419, ""4"": 0.02038114800207846, ""5"": 0.018012408937408488, ""6"": 0.021607896266373723, ""7"": 0.026838738371919017, ""8"": 0.03022055269036187, ""9"": 0.03554774311187161, ""10"": 0.04369219635130885, ""11"": 0.0541299028327055, ""12"": 0.05418805403311058, ""13"": 0.05270908268486166, ""14"": 0.0604901185089655, ""15"": 0.0626907860338819, ""16"": 0.06375539492625763, ""17"": 0.049731361955374656, ""18"": 0.051891483689680246, ""19"": 0.05723178757994326, ""20"": 0.04409656370743887, ""21"": 0.03767166522363406, ""22"": 0.04212813550668931, ""23"": 0.027110748002282956, ""24"": 0.026595413192048587, ""25"": 0.021892986633436272, ""26"": 0.013069181155461468, ""27"": 0.01008053310462551, ""28"": 0.013717321184830959, ""29"": 0.004239399367435759, ""30"": 0.009428004295667834, ""31"": 0.005317711057549192, ""32"": 0.0026519729424699817, ""33"": 0.0014062783926267822, ""34"": 0.002067492787936236, ""35"": 0.0022174979705232236, ""36"": 0.00022406201619224643, ""37"": 0.0005841490654949417, ""38"": 0.00011291612267264877, ""39"": 5.701457412228958e-05, ""40"": 4.386343102486224e-05, ""41"": 5.63564995201608e-05, ""42"": 7.43295686120192e-05, ""43"": 0.00046210472367766024, ""44"": 0.00016168919630900688, ""45"": 0.00023055486390275573, ""46"": 0.00035348607038412265, ""51"": 0.00011159690660938475, ""80"": 0.000129247239961104}",15.5079,15.5079,15,16,0.0095,0.9905,0.9863,0.9786,0.9694,0.949,0.931,0.9094,0.8826,0.8524,0.8168,0.7731,0.719,0.6648,0.6121,0.5516,0.4889,0.4251,0.3754,0.3235,0.2663,12bafe90#phase10c,stat_grid:pmf_sim_v1+role_aware_pmf_cal_v1:core+monotone_pit_cdf_v1,phase8_role_aware_pmf_cal_v1+monotone_inactive_global_v1,core,projected_minutes,high,27.4006,29.5281,13.1292,29.5281,35.1493,8.9924,0.05,0.9302,0.4395,core,True,current_market_line,True,betparx,betparx,player_pts_over_under,14.5,14.5,0.5516,106.0,-141.0,0.4535,0.5465,0.4484,-123.0,123.0,0.0981,0.0981,-0.0981,2026-05-28T23:08:42.830387Z,full,provisional,lineup_unconfirmed,latest_valid_report_selected,projected,derived_from_projected_minutes,ok,finals_pending,current_phase8,ok,0.0,projected,not_available_yet,bdl_lineup_freshness_manifest,2026-05-28T22:48:42Z,bdl_plus_nba_official,2026-05-28T23:09:00Z
morning,2026-05-28T23:09:49Z,2026-05-28,21713533,38017685,Chet Holmgren,OKC,SAS,False,pts,"{""0"": 0.009451809530403608, ""1"": 0.004263033958864464, ""2"": 0.007685746399724588, ""3"": 0.00918847933176419, ""4"": 0.02038114800207846, ""5"": 0.018012408937408488, ""6"": 0.021607896266373723, ""7"": 0.026838738371919017, ""8"": 0.03022055269036187, ""9"": 0.03554774311187161, ""10"": 0.04369219635130885, ""11"": 0.0541299028327055, ""12"": 0.05418805403311058, ""13"": 0.05270908268486166, ""14"": 0.0604901185089655, ""15"": 0.0626907860338819, ""16"": 0.06375539492625763, ""17"": 0.049731361955374656, ""18"": 0.051891483689680246, ""19"": 0.05723178757994326, ""20"": 0.04409656370743887, ""21"": 0.03767166522363406, ""22"": 0.04212813550668931, ""23"": 0.027110748002282956, ""24"": 0.026595413192048587, ""25"": 0.021892986633436272, ""26"": 0.013069181155461468, ""27"": 0.01008053310462551, ""28"": 0.013717321184830959, ""29"": 0.004239399367435759, ""30"": 0.009428004295667834, ""31"": 0.005317711057549192, ""32"": 0.0026519729424699817, ""33"": 0.0014062783926267822, ""34"": 0.002067492787936236, ""35"": 0.0022174979705232236, ""36"": 0.00022406201619224643, ""37"": 0.0005841490654949417, ""38"": 0.00011291612267264877, ""39"": 5.701457412228958e-05, ""40"": 4.386343102486224e-05, ""41"": 5.63564995201608e-05, ""42"": 7.43295686120192e-05, ""43"": 0.00046210472367766024, ""44"": 0.00016168919630900688, ""45"": 0.00023055486390275573, ""46"": 0.00035348607038412265, ""51"": 0.00011159690660938475, ""80"": 0.000129247239961104}",15.5079,15.5079,15,16,0.0095,0.9905,0.9863,0.9786,0.9694,0.949,0.931,0.9094,0.8826,0.8524,0.8168,0.7731,0.719,0.6648,0.6121,0.5516,0.4889,0.4251,0.3754,0.3235,0.2663,12bafe90#phase10c,stat_grid:pmf_sim_v1+role_aware_pmf_cal_v1:core+monotone_pit_cdf_v1,phase8_role_aware_pmf_cal_v1+monotone_inactive_global_v1,core,projected_minutes,high,27.4006,29.5281,13.1292,29.5281,35.1493,8.9924,0.05,0.9302,0.4395,core,True,current_market_line,True,betparx,betparx,player_pts_over_under,13.5,13.5,0.6121,-127.0,-105.0,0.5221,0.4779,0.3879,-158.0,158.0,0.09,0.09,-0.09,2026-05-28T23:08:42.830387Z,full,provisional,lineup_unconfirmed,latest_valid_report_selected,projected,derived_from_projected_minutes,ok,finals_pending,current_phase8,ok,0.0,projected,not_available_yet,bdl_lineup_freshness_manifest,2026-05-28T22:48:42Z,bdl_plus_nba_official,2026-05-28T23:09:00Z
morning,2026-05-28T23:09:49Z,2026-05-28,21713533,38017685,Chet Holmgren,OKC,SAS,False,pts,"{""0"": 0.009451809530403608, ""1"": 0.004263033958864464, ""2"": 0.007685746399724588, ""3"": 0.00918847933176419, ""4"": 0.02038114800207846, ""5"": 0.018012408937408488, ""6"": 0.021607896266373723, ""7"": 0.026838738371919017, ""8"": 0.03022055269036187, ""9"": 0.03554774311187161, ""10"": 0.04369219635130885, ""11"": 0.0541299028327055, ""12"": 0.05418805403311058, ""13"": 0.05270908268486166, ""14"": 0.0604901185089655, ""15"": 0.0626907860338819, ""16"": 0.06375539492625763, ""17"": 0.049731361955374656, ""18"": 0.051891483689680246, ""19"": 0.05723178757994326, ""20"": 0.04409656370743887, ""21"": 0.03767166522363406, ""22"": 0.04212813550668931, ""23"": 0.027110748002282956, ""24"": 0.026595413192048587, ""25"": 0.021892986633436272, ""26"": 0.013069181155461468, ""27"": 0.01008053310462551, ""28"": 0.013717321184830959, ""29"": 0.004239399367435759, ""30"": 0.009428004295667834, ""31"": 0.005317711057549192, ""32"": 0.0026519729424699817, ""33"": 0.0014062783926267822, ""34"": 0.002067492787936236, ""35"": 0.0022174979705232236, ""36"": 0.00022406201619224643, ""37"": 0.0005841490654949417, ""38"": 0.00011291612267264877, ""39"": 5.701457412228958e-05, ""40"": 4.386343102486224e-05, ""41"": 5.63564995201608e-05, ""42"": 7.43295686120192e-05, ""43"": 0.00046210472367766024, ""44"": 0.00016168919630900688, ""45"": 0.00023055486390275573, ""46"": 0.00035348607038412265, ""51"": 0.00011159690660938475, ""80"": 0.000129247239961104}",15.5079,15.5079,15,16,0.0095,0.9905,0.9863,0.9786,0.9694,0.949,0.931,0.9094,0.8826,0.8524,0.8168,0.7731,0.719,0.6648,0.6121,0.5516,0.4889,0.4251,0.3754,0.3235,0.2663,12bafe90#phase10c,stat_grid:pmf_sim_v1+role_aware_pmf_cal_v1:core+monotone_pit_cdf_v1,phase8_role_aware_pmf_cal_v1+monotone_inactive_global_v1,core,projected_minutes,high,27.4006,29.5281,13.1292,29.5281,35.1493,8.9924,0.05,0.9302,0.4395,core,True,current_market_line,True,fliff,fliff,player_pts_over_under,13.5,13.5,0.6121,-115.0,-125.0,0.4905,0.5095,0.3879,-158.0,158.0,0.1216,0.1216,-0.1216,2026-05-28T23:08:42.830387Z,full,provisional,lineup_unconfirmed,latest_valid_report_selected,projected,derived_from_projected_minutes,ok,finals_pending,current_phase8,ok,0.0,projected,not_available_yet,bdl_lineup_freshness_manifest,2026-05-28T22:48:42Z,bdl_plus_nba_official,2026-05-28T23:09:00Z
morning,2026-05-28T23:09:49Z,2026-05-28,21713533,38017685,Chet Holmgren,OKC,SAS,False,reb,"{""0"": 0.00484359260376329, ""1"": 0.0014087849545216932, ""2"": 0.006411942800481301, ""3"": 0.009818338979759549, ""4"": 0.014771456771132884, ""5"": 0.029687716705774542, ""6"": 0.07858517565757635, ""7"": 0.10585033172911651, ""8"": 0.15212873667826513, ""9"": 0.18513156139808526, ""10"": 0.11109213734878083, ""11"": 0.1101290303605854, ""12"": 0.09118212791727791, ""13"": 0.048066679557750645, ""14"": 0.023599654412153327, ""15"": 0.013233473866574622, ""16"": 0.008148879418952931, ""17"": 0.003720161185919335, ""18"": 0.0011346085426966143, ""19"": 0.0007816963591573023, ""20"": 0.00019218563447878653, ""21"": 7.096783295084763e-05, ""22"": 6.476139010778518e-06, ""23"": 2.779115375629139e-06, ""24"": 7.427285142771745e-07, ""25"": 5.503124118008438e-07, ""26"": 1.0770875523792577e-07, ""27"": 6.205969606562446e-08, ""28"": 2.8773425631286253e-08, ""29"": 9.251064035196904e-09, ""30"": 3.195991631226452e-09}",9.1517,9.1517,9,9,0.0048,0.9952,0.9937,0.9873,0.9775,0.9627,0.9331,0.8545,0.7486,0.5965,0.4114,0.3003,0.1901,0.099,0.0509,0.0273,0.0141,0.0059,0.0022,0.0011,0.0003,12bafe90#phase10c,stat_grid:pmf_sim_v1+role_aware_pmf_cal_v1:core+monotone_pit_cdf_v1,phase8_role_aware_pmf_cal_v1+monotone_inactive_global_v1,core,projected_minutes,high,27.4006,29.5281,13.1292,29.5281,35.1493,8.9924,0.05,0.9302,0.4395,core,True,current_market_line,True,fanduel,fanduel,player_reb_over_under,7.5,7.5,0.7486,-114.0,-114.0,0.5,0.5,0.2514,-298.0,298.0,0.2486,0.2486,-0.2486,2026-05-28T23:08:42.830387Z,full,provisional,lineup_unconfirmed,latest_valid_report_selected,projected,derived_from_projected_minutes,ok,finals_pending,current_phase8,ok,0.0,projected,not_available_yet,bdl_lineup_freshness_manifest,2026-05-28T22:48:42Z,bdl_plus_nba_official,2026-05-28T23:09:00Z
morning,2026-05-28T23:09:49Z,2026-05-28,21713533,38017685,Chet Holmgren,OKC,SAS,False,reb,"{""0"": 0.00484359260376329, ""1"": 0.0014087849545216932, ""2"": 0.006411942800481301, ""3"": 0.009818338979759549, ""4"": 0.014771456771132884, ""5"": 0.029687716705774542, ""6"": 0.07858517565757635, ""7"": 0.10585033172911651, ""8"": 0.15212873667826513, ""9"": 0.18513156139808526, ""10"": 0.11109213734878083, ""11"": 0.1101290303605854, ""12"": 0.09118212791727791, ""13"": 0.048066679557750645, ""14"": 0.023599654412153327, ""15"": 0.013233473866574622, ""16"": 0.008148879418952931, ""17"": 0.003720161185919335, ""18"": 0.0011346085426966143, ""19"": 0.0007816963591573023, ""20"": 0.00019218563447878653, ""21"": 7.096783295084763e-05, ""22"": 6.476139010778518e-06, ""23"": 2.779115375629139e-06, ""24"": 7.427285142771745e-07, ""25"": 5.503124118008438e-07, ""26"": 1.0770875523792577e-07, ""27"": 6.205969606562446e-08, ""28"": 2.8773425631286253e-08, ""29"": 9.251064035196904e-09, ""30"": 3.195991631226452e-09}",9.1517,9.1517,9,9,0.0048,0.9952,0.9937,0.9873,0.9775,0.9627,0.9331,0.8545,0.7486,0.5965,0.4114,0.3003,0.1901,0.099,0.0509,0.0273,0.0141,0.0059,0.0022,0.0011,0.0003,12bafe90#phase10c,stat_grid:pmf_sim_v1+role_aware_pmf_cal_v1:core+monotone_pit_cdf_v1,phase8_role_aware_pmf_cal_v1+monotone_inactive_global_v1,core,projected_minutes,high,27.4006,29.5281,13.1292,29.5281,35.1493,8.9924,0.05,0.9302,0.4395,core,True,current_market_line,True,williamhill_us,williamhill_us,player_reb_over_under,7.5,7.5,0.7486,-137.0,102.0,0.5387,0.4613,0.2514,-298.0,298.0,0.2099,0.2099,-0.2099,2026-05-28T23:08:42.830387Z,full,provisional,lineup_unconfirmed,latest_valid_report_selected,projected,derived_from_projected_minutes,ok,finals_pending,current_phase8,ok,0.0,projected,not_available_yet,bdl_lineup_freshness_manifest,2026-05-28T22:48:42Z,bdl_plus_nba_official,2026-05-28T23:09:00Z
morning,2026-05-28T23:09:49Z,2026-05-28,21713533,38017685,Chet Holmgren,OKC,SAS,False,reb,"{""0"": 0.00484359260376329, ""1"": 0.0014087849545216932, ""2"": 0.006411942800481301, ""3"": 0.009818338979759549, ""4"": 0.014771456771132884, ""5"": 0.029687716705774542, ""6"": 0.07858517565757635, ""7"": 0.10585033172911651, ""8"": 0.15212873667826513, ""9"": 0.18513156139808526, ""10"": 0.11109213734878083, ""11"": 0.1101290303605854, ""12"": 0.09118212791727791, ""13"": 0.048066679557750645, ""14"": 0.023599654412153327, ""15"": 0.013233473866574622, ""16"": 0.008148879418952931, ""17"": 0.003720161185919335, ""18"": 0.0011346085426966143, ""19"": 0.0007816963591573023, ""20"": 0.00019218563447878653, ""21"": 7.096783295084763e-05, ""22"": 6.476139010778518e-06, ""23"": 2.779115375629139e-06, ""24"": 7.427285142771745e-07, ""25"": 5.503124118008438e-07, ""26"": 1.0770875523792577e-07, ""27"": 6.205969606562446e-08, ""28"": 2.8773425631286253e-08, ""29"": 9.251064035196904e-09, ""30"": 3.195991631226452e-09}",9.1517,9.1517,9,9,0.0048,0.9952,0.9937,0.9873,0.9775,0.9627,0.9331,0.8545,0.7486,0.5965,0.4114,0.3003,0.1901,0.099,0.0509,0.0273,0.0141,0.0059,0.0022,0.0011,0.0003,12bafe90#phase10c,stat_grid:pmf_sim_v1+role_aware_pmf_cal_v1:core+monotone_pit_cdf_v1,phase8_role_aware_pmf_cal_v1+monotone_inactive_global_v1,core,projected_minutes,high,27.4006,29.5281,13.1292,29.5281,35.1493,8.9924,0.05,0.9302,0.4395,core,True,current_market_line,True,fanduel,fanduel,player_reb_over_under,6.5,6.5,0.8545,-250.0,182.0,0.6682,0.3318,0.1455,-587.0,587.0,0.1862,0.1862,-0.1862,2026-05-28T23:08:42.830387Z,full,provisional,lineup_unconfirmed,latest_valid_report_selected,projected,derived_from_projected_minutes,ok,finals_pending,current_phase8,ok,0.0,projected,not_available_yet,bdl_lineup_freshness_manifest,2026-05-28T22:48:42Z,bdl_plus_nba_official,2026-05-28T23:09:00Z
morning,2026-05-28T23:09:49Z,2026-05-28,21713533,38017685,Chet Holmgren,OKC,SAS,False,reb,"{""0"": 0.00484359260376329, ""1"": 0.0014087849545216932, ""2"": 0.006411942800481301, ""3"": 0.009818338979759549, ""4"": 0.014771456771132884, ""5"": 0.029687716705774542, ""6"": 0.07858517565757635, ""7"": 0.10585033172911651, ""8"": 0.15212873667826513, ""9"": 0.18513156139808526, ""10"": 0.11109213734878083, ""11"": 0.1101290303605854, ""12"": 0.09118212791727791, ""13"": 0.048066679557750645, ""14"": 0.023599654412153327, ""15"": 0.013233473866574622, ""16"": 0.008148879418952931, ""17"": 0.003720161185919335, ""18"": 0.0011346085426966143, ""19"": 0.0007816963591573023, ""20"": 0.00019218563447878653, ""21"": 7.096783295084763e-05, ""22"": 6.476139010778518e-06, ""23"": 2.779115375629139e-06, ""24"": 7.427285142771745e-07, ""25"": 5.503124118008438e-07, ""26"": 1.0770875523792577e-07, ""27"": 6.205969606562446e-08, ""28"": 2.8773425631286253e-08, ""29"": 9.251064035196904e-09, ""30"": 3.195991631226452e-09}",9.1517,9.1517,9,9,0.0048,0.9952,0.9937,0.9873,0.9775,0.9627,0.9331,0.8545,0.7486,0.5965,0.4114,0.3003,0.1901,0.099,0.0509,0.0273,0.0141,0.0059,0.0022,0.0011,0.0003,12bafe90#phase10c,stat_grid:pmf_sim_v1+role_aware_pmf_cal_v1:core+monotone_pit_cdf_v1,phase8_role_aware_pmf_cal_v1+monotone_inactive_global_v1,core,projected_minutes,high,27.4006,29.5281,13.1292,29.5281,35.1493,8.9924,0.05,0.9302,0.4395,core,True,current_market_line,True,fanduel,fanduel,player_reb_over_under,5.5,5.5,0.9331,-460.0,310.0,0.7711,0.2289,0.0669,-1394.0,1394.0,0.162,0.162,-0.162,2026-05-28T23:08:42.830387Z,full,provisional,lineup_unconfirmed,latest_valid_report_selected,projected,derived_from_projected_minutes,ok,finals_pending,current_phase8,ok,0.0,projected,not_available_yet,bdl_lineup_freshness_manifest,2026-05-28T22:48:42Z,bdl_plus_nba_official,2026-05-28T23:09:00Z
morning,2026-05-28T23:09:49Z,2026-05-28,21713533,38017685,Chet Holmgren,OKC,SAS,False,reb,"{""0"": 0.00484359260376329, ""1"": 0.0014087849545216932, ""2"": 0.006411942800481301, ""3"": 0.009818338979759549, ""4"": 0.014771456771132884, ""5"": 0.029687716705774542, ""6"": 0.07858517565757635, ""7"": 0.10585033172911651, ""8"": 0.15212873667826513, ""9"": 0.18513156139808526, ""10"": 0.11109213734878083, ""11"": 0.1101290303605854, ""12"": 0.09118212791727791, ""13"": 0.048066679557750645, ""14"": 0.023599654412153327, ""15"": 0.013233473866574622, ""16"": 0.008148879418952931, ""17"": 0.003720161185919335, ""18"": 0.0011346085426966143, ""19"": 0.0007816963591573023, ""20"": 0.00019218563447878653, ""21"": 7.096783295084763e-05, ""22"": 6.476139010778518e-06, ""23"": 2.779115375629139e-06, ""24"": 7.427285142771745e-07, ""25"": 5.503124118008438e-07, ""26"": 1.0770875523792577e-07, ""27"": 6.205969606562446e-08, ""28"": 2.8773425631286253e-08, ""29"": 9.251064035196904e-09, ""30"": 3.195991631226452e-09}",9.1517,9.1517,9,9,0.0048,0.9952,0.9937,0.9873,0.9775,0.9627,0.9331,0.8545,0.7486,0.5965,0.4114,0.3003,0.1901,0.099,0.0509,0.0273,0.0141,0.0059,0.0022,0.0011,0.0003,12bafe90#phase10c,stat_grid:pmf_sim_v1+role_aware_pmf_cal_v1:core+monotone_pit_cdf_v1,phase8_role_aware_pmf_cal_v1+monotone_inactive_global_v1,core,projected_minutes,high,27.4006,29.5281,13.1292,29.5281,35.1493,8.9924,0.05,0.9302,0.4395,core,True,current_market_line,True,fanduel,fanduel,player_reb_over_under,10.5,10.5,0.3003,270.0,-400.0,0.2525,0.7475,0.6997,233.0,-233.0,0.0477,0.0477,-0.0477,2026-05-28T23:08:42.830387Z,full,provisional,lineup_unconfirmed,latest_valid_report_selected,projected,derived_from_projected_minutes,ok,finals_pending,current_phase8,ok,0.0,projected,not_available_yet,bdl_lineup_freshness_manifest,2026-05-28T22:48:42Z,bdl_plus_nba_official,2026-05-28T23:09:00Z
morning,2026-05-28T23:09:49Z,2026-05-28,21713533,38017685,Chet Holmgren,OKC,SAS,False,reb,"{""0"": 0.00484359260376329, ""1"": 0.0014087849545216932, ""2"": 0.006411942800481301, ""3"": 0.009818338979759549, ""4"": 0.014771456771132884, ""5"": 0.029687716705774542, ""6"": 0.07858517565757635, ""7"": 0.10585033172911651, ""8"": 0.15212873667826513, ""9"": 0.18513156139808526, ""10"": 0.11109213734878083, ""11"": 0.1101290303605854, ""12"": 0.09118212791727791, ""13"": 0.048066679557750645, ""14"": 0.023599654412153327, ""15"": 0.013233473866574622, ""16"": 0.008148879418952931, ""17"": 0.003720161185919335, ""18"": 0.0011346085426966143, ""19"": 0.0007816963591573023, ""20"": 0.00019218563447878653, ""21"": 7.096783295084763e-05, ""22"": 6.476139010778518e-06, ""23"": 2.779115375629139e-06, ""24"": 7.427285142771745e-07, ""25"": 5.503124118008438e-07, ""26"": 1.0770875523792577e-07, ""27"": 6.205969606562446e-08, ""28"": 2.8773425631286253e-08, ""29"": 9.251064035196904e-09, ""30"": 3.195991631226452e-09}",9.1517,9.1517,9,9,0.0048,0.9952,0.9937,0.9873,0.9775,0.9627,0.9331,0.8545,0.7486,0.5965,0.4114,0.3003,0.1901,0.099,0.0509,0.0273,0.0141,0.0059,0.0022,0.0011,0.0003,12bafe90#phase10c,stat_grid:pmf_sim_v1+role_aware_pmf_cal_v1:core+monotone_pit_cdf_v1,phase8_role_aware_pmf_cal_v1+monotone_inactive_global_v1,core,projected_minutes,high,27.4006,29.5281,13.1292,29.5281,35.1493,8.9924,0.05,0.9302,0.4395,core,True,current_market_line,True,fanduel,fanduel,player_reb_over_under,9.5,9.5,0.4114,176.0,-240.0,0.3392,0.6608,0.5886,143.0,-143.0,0.0722,0.0722,-0.0722,2026-05-28T23:08:42.830387Z,full,provisional,lineup_unconfirmed,latest_valid_report_selected,projected,derived_from_projected_minutes,ok,finals_pending,current_phase8,ok,0.0,projected,not_available_yet,bdl_lineup_freshness_manifest,2026-05-28T22:48:42Z,bdl_plus_nba_official,2026-05-28T23:09:00Z
morning,2026-05-28T23:09:49Z,2026-05-28,21713533,38017685,Chet Holmgren,OKC,SAS,False,reb,"{""0"": 0.00484359260376329, ""1"": 0.0014087849545216932, ""2"": 0.006411942800481301, ""3"": 0.009818338979759549, ""4"": 0.014771456771132884, ""5"": 0.029687716705774542, ""6"": 0.07858517565757635, ""7"": 0.10585033172911651, ""8"": 0.15212873667826513, ""9"": 0.18513156139808526, ""10"": 0.11109213734878083, ""11"": 0.1101290303605854, ""12"": 0.09118212791727791, ""13"": 0.048066679557750645, ""14"": 0.023599654412153327, ""15"": 0.013233473866574622, ""16"": 0.008148879418952931, ""17"": 0.003720161185919335, ""18"": 0.0011346085426966143, ""19"": 0.0007816963591573023, ""20"": 0.00019218563447878653, ""21"": 7.096783295084763e-05, ""22"": 6.476139010778518e-06, ""23"": 2.779115375629139e-06, ""24"": 7.427285142771745e-07, ""25"": 5.503124118008438e-07, ""26"": 1.0770875523792577e-07, ""27"": 6.205969606562446e-08, ""28"": 2.8773425631286253e-08, ""29"": 9.251064035196904e-09, ""30"": 3.195991631226452e-09}",9.1517,9.1517,9,9,0.0048,0.9952,0.9937,0.9873,0.9775,0.9627,0.9331,0.8545,0.7486,0.5965,0.4114,0.3003,0.1901,0.099,0.0509,0.0273,0.0141,0.0059,0.0022,0.0011,0.0003,12bafe90#phase10c,stat_grid:pmf_sim_v1+role_aware_pmf_cal_v1:core+monotone_pit_cdf_v1,phase8_role_aware_pmf_cal_v1+monotone_inactive_global_v1,core,projected_minutes,high,27.4006,29.5281,13.1292,29.5281,35.1493,8.9924,0.05,0.9302,0.4395,core,True,current_market_line,True,fanduel,fanduel,player_reb_over_under,8.5,8.5,0.5965,124.0,-166.0,0.417,0.583,0.4035,-148.0,148.0,0.1795,0.1795,-0.1795,2026-05-28T23:08:42.830387Z,full,provisional,lineup_unconfirmed,latest_valid_report_selected,projected,derived_from_projected_minutes,ok,finals_pending,current_phase8,ok,0.0,projected,not_available_yet,bdl_lineup_freshness_manifest,2026-05-28T22:48:42Z,bdl_plus_nba_official,2026-05-28T23:09:00Z
morning,2026-05-28T23:09:49Z,2026-05-28,21713533,38017685,Chet Holmgren,OKC,SAS,False,reb,"{""0"": 0.00484359260376329, ""1"": 0.0014087849545216932, ""2"": 0.006411942800481301, ""3"": 0.009818338979759549, ""4"": 0.014771456771132884, ""5"": 0.029687716705774542, ""6"": 0.07858517565757635, ""7"": 0.10585033172911651, ""8"": 0.15212873667826513, ""9"": 0.18513156139808526, ""10"": 0.11109213734878083, ""11"": 0.1101290303605854, ""12"": 0.09118212791727791, ""13"": 0.048066679557750645, ""14"": 0.023599654412153327, ""15"": 0.013233473866574622, ""16"": 0.008148879418952931, ""17"": 0.003720161185919335, ""18"": 0.0011346085426966143, ""19"": 0.0007816963591573023, ""20"": 0.00019218563447878653, ""21"": 7.096783295084763e-05, ""22"": 6.476139010778518e-06, ""23"": 2.779115375629139e-06, ""24"": 7.427285142771745e-07, ""25"": 5.503124118008438e-07, ""26"": 1.0770875523792577e-07, ""27"": 6.205969606562446e-08, ""28"": 2.8773425631286253e-08, ""29"": 9.251064035196904e-09, ""30"": 3.195991631226452e-09}",9.1517,9.1517,9,9,0.0048,0.9952,0.9937,0.9873,0.9775,0.9627,0.9331,0.8545,0.7486,0.5965,0.4114,0.3003,0.1901,0.099,0.0509,0.0273,0.0141,0.0059,0.0022,0.0011,0.0003,12bafe90#phase10c,stat_grid:pmf_sim_v1+role_aware_pmf_cal_v1:core+monotone_pit_cdf_v1,phase8_role_aware_pmf_cal_v1+monotone_inactive_global_v1,core,projected_minutes,high,27.4006,29.5281,13.1292,29.5281,35.1493,8.9924,0.05,0.9302,0.4395,core,True,current_market_line,True,betmgm,betmgm,player_reb_over_under,7.5,7.5,0.7486,-130.0,-105.0,0.5246,0.4754,0.2514,-298.0,298.0,0.224,0.224,-0.224,2026-05-28T23:08:42.830387Z,full,provisional,lineup_unconfirmed,latest_valid_report_selected,projected,derived_from_projected_minutes,ok,finals_pending,current_phase8,ok,0.0,projected,not_available_yet,bdl_lineup_freshness_manifest,2026-05-28T22:48:42Z,bdl_plus_nba_official,2026-05-28T23:09:00Z
morning,2026-05-28T23:09:49Z,2026-05-28,21713533,38017685,Chet Holmgren,OKC,SAS,False,reb,"{""0"": 0.00484359260376329, ""1"": 0.0014087849545216932, ""2"": 0.006411942800481301, ""3"": 0.009818338979759549, ""4"": 0.014771456771132884, ""5"": 0.029687716705774542, ""6"": 0.07858517565757635, ""7"": 0.10585033172911651, ""8"": 0.15212873667826513, ""9"": 0.18513156139808526, ""10"": 0.11109213734878083, ""11"": 0.1101290303605854, ""12"": 0.09118212791727791, ""13"": 0.048066679557750645, ""14"": 0.023599654412153327, ""15"": 0.013233473866574622, ""16"": 0.008148879418952931, ""17"": 0.003720161185919335, ""18"": 0.0011346085426966143, ""19"": 0.0007816963591573023, ""20"": 0.00019218563447878653, ""21"": 7.096783295084763e-05, ""22"": 6.476139010778518e-06, ""23"": 2.779115375629139e-06, ""24"": 7.427285142771745e-07, ""25"": 5.503124118008438e-07, ""26"": 1.0770875523792577e-07, ""27"": 6.205969606562446e-08, ""28"": 2.8773425631286253e-08, ""29"": 9.251064035196904e-09, ""30"": 3.195991631226452e-09}",9.1517,9.1517,9,9,0.0048,0.9952,0.9937,0.9873,0.9775,0.9627,0.9331,0.8545,0.7486,0.5965,0.4114,0.3003,0.1901,0.099,0.0509,0.0273,0.0141,0.0059,0.0022,0.0011,0.0003,12bafe90#phase10c,stat_grid:pmf_sim_v1+role_aware_pmf_cal_v1:core+monotone_pit_cdf_v1,phase8_role_aware_pmf_cal_v1+monotone_inactive_global_v1,core,projected_minutes,high,27.4006,29.5281,13.1292,29.5281,35.1493,8.9924,0.05,0.9302,0.4395,core,True,current_market_line,True,betrivers,betrivers,player_reb_over_under,7.5,7.5,0.7486,-143.0,105.0,0.5468,0.4532,0.2514,-298.0,298.0,0.2019,0.2019,-0.2019,2026-05-28T23:08:42.830387Z,full,provisional,lineup_unconfirmed,latest_valid_report_selected,projected,derived_from_projected_minutes,ok,finals_pending,current_phase8,ok,0.0,projected,not_available_yet,bdl_lineup_freshness_manifest,2026-05-28T22:48:42Z,bdl_plus_nba_official,2026-05-28T23:09:00Z
morning,2026-05-28T23:09:49Z,2026-05-28,21713533,38017685,Chet Holmgren,OKC,SAS,False,reb,"{""0"": 0.00484359260376329, ""1"": 0.0014087849545216932, ""2"": 0.006411942800481301, ""3"": 0.009818338979759549, ""4"": 0.014771456771132884, ""5"": 0.029687716705774542, ""6"": 0.07858517565757635, ""7"": 0.10585033172911651, ""8"": 0.15212873667826513, ""9"": 0.18513156139808526, ""10"": 0.11109213734878083, ""11"": 0.1101290303605854, ""12"": 0.09118212791727791, ""13"": 0.048066679557750645, ""14"": 0.023599654412153327, ""15"": 0.013233473866574622, ""16"": 0.008148879418952931, ""17"": 0.003720161185919335, ""18"": 0.0011346085426966143, ""19"": 0.0007816963591573023, ""20"": 0.00019218563447878653, ""21"": 7.096783295084763e-05, ""22"": 6.476139010778518e-06, ""23"": 2.779115375629139e-06, ""24"": 7.427285142771745e-07, ""25"": 5.503124118008438e-07, ""26"": 1.0770875523792577e-07, ""27"": 6.205969606562446e-08, ""28"": 2.8773425631286253e-08, ""29"": 9.251064035196904e-09, ""30"": 3.195991631226452e-09}",9.1517,9.1517,9,9,0.0048,0.9952,0.9937,0.9873,0.9775,0.9627,0.9331,0.8545,0.7486,0.5965,0.4114,0.3003,0.1901,0.099,0.0509,0.0273,0.0141,0.0059,0.0022,0.0011,0.0003,12bafe90#phase10c,stat_grid:pmf_sim_v1+role_aware_pmf_cal_v1:core+monotone_pit_cdf_v1,phase8_role_aware_pmf_cal_v1+monotone_inactive_global_v1,core,projected_minutes,high,27.4006,29.5281,13.1292,29.5281,35.1493,8.9924,0.05,0.9302,0.4395,core,True,current_market_line,True,draftkings,draftkings,player_reb_over_under,7.5,7.5,0.7486,-138.0,105.0,0.5431,0.4569,0.2514,-298.0,298.0,0.2055,0.2055,-0.2055,2026-05-28T23:08:42.830387Z,full,provisional,lineup_unconfirmed,latest_valid_report_selected,projected,derived_from_projected_minutes,ok,finals_pending,current_phase8,ok,0.0,projected,not_available_yet,bdl_lineup_freshness_manifest,2026-05-28T22:48:42Z,bdl_plus_nba_official,2026-05-28T23:09:00Z
morning,2026-05-28T23:09:49Z,2026-05-28,21713533,38017685,Chet Holmgren,OKC,SAS,False,reb,"{""0"": 0.00484359260376329, ""1"": 0.0014087849545216932, ""2"": 0.006411942800481301, ""3"": 0.009818338979759549, ""4"": 0.014771456771132884, ""5"": 0.029687716705774542, ""6"": 0.07858517565757635, ""7"": 0.10585033172911651, ""8"": 0.15212873667826513, ""9"": 0.18513156139808526, ""10"": 0.11109213734878083, ""11"": 0.1101290303605854, ""12"": 0.09118212791727791, ""13"": 0.048066679557750645, ""14"": 0.023599654412153327, ""15"": 0.013233473866574622, ""16"": 0.008148879418952931, ""17"": 0.003720161185919335, ""18"": 0.0011346085426966143, ""19"": 0.0007816963591573023, ""20"": 0.00019218563447878653, ""21"": 7.096783295084763e-05, ""22"": 6.476139010778518e-06, ""23"": 2.779115375629139e-06, ""24"": 7.427285142771745e-07, ""25"": 5.503124118008438e-07, ""26"": 1.0770875523792577e-07, ""27"": 6.205969606562446e-08, ""28"": 2.8773425631286253e-08, ""29"": 9.251064035196904e-09, ""30"": 3.195991631226452e-09}",9.1517,9.1517,9,9,0.0048,0.9952,0.9937,0.9873,0.9775,0.9627,0.9331,0.8545,0.7486,0.5965,0.4114,0.3003,0.1901,0.099,0.0509,0.0273,0.0141,0.0059,0.0022,0.0011,0.0003,12bafe90#phase10c,stat_grid:pmf_sim_v1+role_aware_pmf_cal_v1:core+monotone_pit_cdf_v1,phase8_role_aware_pmf_cal_v1+monotone_inactive_global_v1,core,projected_minutes,high,27.4006,29.5281,13.1292,29.5281,35.1493,8.9924,0.05,0.9302,0.4395,core,True,current_market_line,True,bovada,bovada,player_reb_over_under,6.5,6.5,0.8545,-240.0,175.0,0.66,0.34,0.1455,-587.0,587.0,0.1945,0.1945,-0.1945,2026-05-28T23:08:42.830387Z,full,provisional,lineup_unconfirmed,latest_valid_report_selected,projected,derived_from_projected_minutes,ok,finals_pending,current_phase8,ok,0.0,projected,not_available_yet,bdl_lineup_freshness_manifest,2026-05-28T22:48:42Z,bdl_plus_nba_official,2026-05-28T23:09:00Z
morning,2026-05-28T23:09:49Z,2026-05-28,21713533,38017685,Chet Holmgren,OKC,SAS,False,reb,"{""0"": 0.00484359260376329, ""1"": 0.0014087849545216932, ""2"": 0.006411942800481301, ""3"": 0.009818338979759549, ""4"": 0.014771456771132884, ""5"": 0.029687716705774542, ""6"": 0.07858517565757635, ""7"": 0.10585033172911651, ""8"": 0.15212873667826513, ""9"": 0.18513156139808526, ""10"": 0.11109213734878083, ""11"": 0.1101290303605854, ""12"": 0.09118212791727791, ""13"": 0.048066679557750645, ""14"": 0.023599654412153327, ""15"": 0.013233473866574622, ""16"": 0.008148879418952931, ""17"": 0.003720161185919335, ""18"": 0.0011346085426966143, ""19"": 0.0007816963591573023, ""20"": 0.00019218563447878653, ""21"": 7.096783295084763e-05, ""22"": 6.476139010778518e-06, ""23"": 2.779115375629139e-06, ""24"": 7.427285142771745e-07, ""25"": 5.503124118008438e-07, ""26"": 1.0770875523792577e-07, ""27"": 6.205969606562446e-08, ""28"": 2.8773425631286253e-08, ""29"": 9.251064035196904e-09, ""30"": 3.195991631226452e-09}",9.1517,9.1517,9,9,0.0048,0.9952,0.9937,0.9873,0.9775,0.9627,0.9331,0.8545,0.7486,0.5965,0.4114,0.3003,0.1901,0.099,0.0509,0.0273,0.0141,0.0059,0.0022,0.0011,0.0003,12bafe90#phase10c,stat_grid:pmf_sim_v1+role_aware_pmf_cal_v1:core+monotone_pit_cdf_v1,phase8_role_aware_pmf_cal_v1+monotone_inactive_global_v1,core,projected_minutes,high,27.4006,29.5281,13.1292,29.5281,35.1493,8.9924,0.05,0.9302,0.4395,core,True,current_market_line,True,bovada,bovada,player_reb_over_under,8.5,8.5,0.5965,120.0,-160.0,0.4248,0.5752,0.4035,-148.0,148.0,0.1717,0.1717,-0.1717,2026-05-28T23:08:42.830387Z,full,provisional,lineup_unconfirmed,latest_valid_report_selected,projected,derived_from_projected_minutes,ok,finals_pending,current_phase8,ok,0.0,projected,not_available_yet,bdl_lineup_freshness_manifest,2026-05-28T22:48:42Z,bdl_plus_nba_official,2026-05-28T23:09:00Z
morning,2026-05-28T23:09:49Z,2026-05-28,21713533,38017685,Chet Holmgren,OKC,SAS,False,reb,"{""0"": 0.00484359260376329, ""1"": 0.0014087849545216932, ""2"": 0.006411942800481301, ""3"": 0.009818338979759549, ""4"": 0.014771456771132884, ""5"": 0.029687716705774542, ""6"": 0.07858517565757635, ""7"": 0.10585033172911651, ""8"": 0.15212873667826513, ""9"": 0.18513156139808526, ""10"": 0.11109213734878083, ""11"": 0.1101290303605854, ""12"": 0.09118212791727791, ""13"": 0.048066679557750645, ""14"": 0.023599654412153327, ""15"": 0.013233473866574622, ""16"": 0.008148879418952931, ""17"": 0.003720161185919335, ""18"": 0.0011346085426966143, ""19"": 0.0007816963591573023, ""20"": 0.00019218563447878653, ""21"": 7.096783295084763e-05, ""22"": 6.476139010778518e-06, ""23"": 2.779115375629139e-06, ""24"": 7.427285142771745e-07, ""25"": 5.503124118008438e-07, ""26"": 1.0770875523792577e-07, ""27"": 6.205969606562446e-08, ""28"": 2.8773425631286253e-08, ""29"": 9.251064035196904e-09, ""30"": 3.195991631226452e-09}",9.1517,9.1517,9,9,0.0048,0.9952,0.9937,0.9873,0.9775,0.9627,0.9331,0.8545,0.7486,0.5965,0.4114,0.3003,0.1901,0.099,0.0509,0.0273,0.0141,0.0059,0.0022,0.0011,0.0003,12bafe90#phase10c,stat_grid:pmf_sim_v1+role_aware_pmf_cal_v1:core+monotone_pit_cdf_v1,phase8_role_aware_pmf_cal_v1+monotone_inactive_global_v1,core,projected_minutes,high,27.4006,29.5281,13.1292,29.5281,35.1493,8.9924,0.05,0.9302,0.4395,core,True,current_market_line,True,bovada,bovada,player_reb_over_under,7.5,7.5,0.7486,-135.0,105.0,0.5408,0.4592,0.2514,-298.0,298.0,0.2078,0.2078,-0.2078,2026-05-28T23:08:42.830387Z,full,provisional,lineup_unconfirmed,latest_valid_report_selected,projected,derived_from_projected_minutes,ok,finals_pending,current_phase8,ok,0.0,projected,not_available_yet,bdl_lineup_freshness_manifest,2026-05-28T22:48:42Z,bdl_plus_nba_official,2026-05-28T23:09:00Z
morning,2026-05-28T23:09:49Z,2026-05-28,21713533,38017685,Chet Holmgren,OKC,SAS,False,reb,"{""0"": 0.00484359260376329, ""1"": 0.0014087849545216932, ""2"": 0.006411942800481301, ""3"": 0.009818338979759549, ""4"": 0.014771456771132884, ""5"": 0.029687716705774542, ""6"": 0.07858517565757635, ""7"": 0.10585033172911651, ""8"": 0.15212873667826513, ""9"": 0.18513156139808526, ""10"": 0.11109213734878083, ""11"": 0.1101290303605854, ""12"": 0.09118212791727791, ""13"": 0.048066679557750645, ""14"": 0.023599654412153327, ""15"": 0.013233473866574622, ""16"": 0.008148879418952931, ""17"": 0.003720161185919335, ""18"": 0.0011346085426966143, ""19"": 0.0007816963591573023, ""20"": 0.00019218563447878653, ""21"": 7.096783295084763e-05, ""22"": 6.476139010778518e-06, ""23"": 2.779115375629139e-06, ""24"": 7.427285142771745e-07, ""25"": 5.503124118008438e-07, ""26"": 1.0770875523792577e-07, ""27"": 6.205969606562446e-08, ""28"": 2.8773425631286253e-08, ""29"": 9.251064035196904e-09, ""30"": 3.195991631226452e-09}",9.1517,9.1517,9,9,0.0048,0.9952,0.9937,0.9873,0.9775,0.9627,0.9331,0.8545,0.7486,0.5965,0.4114,0.3003,0.1901,0.099,0.0509,0.0273,0.0141,0.0059,0.0022,0.0011,0.0003,12bafe90#phase10c,stat_grid:pmf_sim_v1+role_aware_pmf_cal_v1:core+monotone_pit_cdf_v1,phase8_role_aware_pmf_cal_v1+monotone_inactive_global_v1,core,projected_minutes,high,27.4006,29.5281,13.1292,29.5281,35.1493,8.9924,0.05,0.9302,0.4395,core,True,current_market_line,True,bovada,bovada,player_reb_over_under,9.5,9.5,0.4114,200.0,-275.0,0.3125,0.6875,0.5886,143.0,-143.0,0.0989,0.0989,-0.0989,2026-05-28T23:08:42.830387Z,full,provisional,lineup_unconfirmed,latest_valid_report_selected,projected,derived_from_projected_minutes,ok,finals_pending,current_phase8,ok,0.0,projected,not_available_yet,bdl_lineup_freshness_manifest,2026-05-28T22:48:42Z,bdl_plus_nba_official,2026-05-28T23:09:00Z
morning,2026-05-28T23:09:49Z,2026-05-28,21713533,38017685,Chet Holmgren,OKC,SAS,False,reb,"{""0"": 0.00484359260376329, ""1"": 0.0014087849545216932, ""2"": 0.006411942800481301, ""3"": 0.009818338979759549, ""4"": 0.014771456771132884, ""5"": 0.029687716705774542, ""6"": 0.07858517565757635, ""7"": 0.10585033172911651, ""8"": 0.15212873667826513, ""9"": 0.18513156139808526, ""10"": 0.11109213734878083, ""11"": 0.1101290303605854, ""12"": 0.09118212791727791, ""13"": 0.048066679557750645, ""14"": 0.023599654412153327, ""15"": 0.013233473866574622, ""16"": 0.008148879418952931, ""17"": 0.003720161185919335, ""18"": 0.0011346085426966143, ""19"": 0.0007816963591573023, ""20"": 0.00019218563447878653, ""21"": 7.096783295084763e-05, ""22"": 6.476139010778518e-06, ""23"": 2.779115375629139e-06, ""24"": 7.427285142771745e-07, ""25"": 5.503124118008438e-07, ""26"": 1.0770875523792577e-07, ""27"": 6.205969606562446e-08, ""28"": 2.8773425631286253e-08, ""29"": 9.251064035196904e-09, ""30"": 3.195991631226452e-09}",9.1517,9.1517,9,9,0.0048,0.9952,0.9937,0.9873,0.9775,0.9627,0.9331,0.8545,0.7486,0.5965,0.4114,0.3003,0.1901,0.099,0.0509,0.0273,0.0141,0.0059,0.0022,0.0011,0.0003,12bafe90#phase10c,stat_grid:pmf_sim_v1+role_aware_pmf_cal_v1:core+monotone_pit_cdf_v1,phase8_role_aware_pmf_cal_v1+monotone_inactive_global_v1,core,projected_minutes,high,27.4006,29.5281,13.1292,29.5281,35.1493,8.9924,0.05,0.9302,0.4395,core,True,current_market_line,True,hardrockbet_az,hardrockbet_az,player_reb_over_under,7.5,7.5,0.7486,-140.0,110.0,0.5506,0.4494,0.2514,-298.0,298.0,0.1981,0.1981,-0.1981,2026-05-28T23:08:42.830387Z,full,provisional,lineup_unconfirmed,latest_valid_report_selected,projected,derived_from_projected_minutes,ok,finals_pending,current_phase8,ok,0.0,projected,not_available_yet,bdl_lineup_freshness_manifest,2026-05-28T22:48:42Z,bdl_plus_nba_official,2026-05-28T23:09:00Z
morning,2026-05-28T23:09:49Z,2026-05-28,21713533,38017685,Chet Holmgren,OKC,SAS,False,reb,"{""0"": 0.00484359260376329, ""1"": 0.0014087849545216932, ""2"": 0.006411942800481301, ""3"": 0.009818338979759549, ""4"": 0.014771456771132884, ""5"": 0.029687716705774542, ""6"": 0.07858517565757635, ""7"": 0.10585033172911651, ""8"": 0.15212873667826513, ""9"": 0.18513156139808526, ""10"": 0.11109213734878083, ""11"": 0.1101290303605854, ""12"": 0.09118212791727791, ""13"": 0.048066679557750645, ""14"": 0.023599654412153327, ""15"": 0.013233473866574622, ""16"": 0.008148879418952931, ""17"": 0.003720161185919335, ""18"": 0.0011346085426966143, ""19"": 0.0007816963591573023, ""20"": 0.00019218563447878653, ""21"": 7.096783295084763e-05, ""22"": 6.476139010778518e-06, ""23"": 2.779115375629139e-06, ""24"": 7.427285142771745e-07, ""25"": 5.503124118008438e-07, ""26"": 1.0770875523792577e-07, ""27"": 6.205969606562446e-08, ""28"": 2.8773425631286253e-08, ""29"": 9.251064035196904e-09, ""30"": 3.195991631226452e-09}",9.1517,9.1517,9,9,0.0048,0.9952,0.9937,0.9873,0.9775,0.9627,0.9331,0.8545,0.7486,0.5965,0.4114,0.3003,0.1901,0.099,0.0509,0.0273,0.0141,0.0059,0.0022,0.0011,0.0003,12bafe90#phase10c,stat_grid:pmf_sim_v1+role_aware_pmf_cal_v1:core+monotone_pit_cdf_v1,phase8_role_aware_pmf_cal_v1+monotone_inactive_global_v1,core,projected_minutes,high,27.4006,29.5281,13.1292,29.5281,35.1493,8.9924,0.05,0.9302,0.4395,core,True,current_market_line,True,hardrockbet,hardrockbet,player_reb_over_under,7.5,7.5,0.7486,-140.0,110.0,0.5506,0.4494,0.2514,-298.0,298.0,0.1981,0.1981,-0.1981,2026-05-28T23:08:42.830387Z,full,provisional,lineup_unconfirmed,latest_valid_report_selected,projected,derived_from_projected_minutes,ok,finals_pending,current_phase8,ok,0.0,projected,not_available_yet,bdl_lineup_freshness_manifest,2026-05-28T22:48:42Z,bdl_plus_nba_official,2026-05-28T23:09:00Z
morning,2026-05-28T23:09:49Z,2026-05-28,21713533,38017685,Chet Holmgren,OKC,SAS,False,reb,"{""0"": 0.00484359260376329, ""1"": 0.0014087849545216932, ""2"": 0.006411942800481301, ""3"": 0.009818338979759549, ""4"": 0.014771456771132884, ""5"": 0.029687716705774542, ""6"": 0.07858517565757635, ""7"": 0.10585033172911651, ""8"": 0.15212873667826513, ""9"": 0.18513156139808526, ""10"": 0.11109213734878083, ""11"": 0.1101290303605854, ""12"": 0.09118212791727791, ""13"": 0.048066679557750645, ""14"": 0.023599654412153327, ""15"": 0.013233473866574622, ""16"": 0.008148879418952931, ""17"": 0.003720161185919335, ""18"": 0.0011346085426966143, ""19"": 0.0007816963591573023, ""20"": 0.00019218563447878653, ""21"": 7.096783295084763e-05, ""22"": 6.476139010778518e-06, ""23"": 2.779115375629139e-06, ""24"": 7.427285142771745e-07, ""25"": 5.503124118008438e-07, ""26"": 1.0770875523792577e-07, ""27"": 6.205969606562446e-08, ""28"": 2.8773425631286253e-08, ""29"": 9.251064035196904e-09, ""30"": 3.195991631226452e-09}",9.1517,9.1517,9,9,0.0048,0.9952,0.9937,0.9873,0.9775,0.9627,0.9331,0.8545,0.7486,0.5965,0.4114,0.3003,0.1901,0.099,0.0509,0.0273,0.0141,0.0059,0.0022,0.0011,0.0003,12bafe90#phase10c,stat_grid:pmf_sim_v1+role_aware_pmf_cal_v1:core+monotone_pit_cdf_v1,phase8_role_aware_pmf_cal_v1+monotone_inactive_global_v1,core,projected_minutes,high,27.4006,29.5281,13.1292,29.5281,35.1493,8.9924,0.05,0.9302,0.4395,core,True,current_market_line,True,hardrockbet_fl,hardrockbet_fl,player_reb_over_under,7.5,7.5,0.7486,-140.0,110.0,0.5506,0.4494,0.2514,-298.0,298.0,0.1981,0.1981,-0.1981,2026-05-28T23:08:42.830387Z,full,provisional,lineup_unconfirmed,latest_valid_report_selected,projected,derived_from_projected_minutes,ok,finals_pending,current_phase8,ok,0.0,projected,not_available_yet,bdl_lineup_freshness_manifest,2026-05-28T22:48:42Z,bdl_plus_nba_official,2026-05-28T23:09:00Z
morning,2026-05-28T23:09:49Z,2026-05-28,21713533,38017685,Chet Holmgren,OKC,SAS,False,reb,"{""0"": 0.00484359260376329, ""1"": 0.0014087849545216932, ""2"": 0.006411942800481301, ""3"": 0.009818338979759549, ""4"": 0.014771456771132884, ""5"": 0.029687716705774542, ""6"": 0.07858517565757635, ""7"": 0.10585033172911651, ""8"": 0.15212873667826513, ""9"": 0.18513156139808526, ""10"": 0.11109213734878083, ""11"": 0.1101290303605854, ""12"": 0.09118212791727791, ""13"": 0.048066679557750645, ""14"": 0.023599654412153327, ""15"": 0.013233473866574622, ""16"": 0.008148879418952931, ""17"": 0.003720161185919335, ""18"": 0.0011346085426966143, ""19"": 0.0007816963591573023, ""20"": 0.00019218563447878653, ""21"": 7.096783295084763e-05, ""22"": 6.476139010778518e-06, ""23"": 2.779115375629139e-06, ""24"": 7.427285142771745e-07, ""25"": 5.503124118008438e-07, ""26"": 1.0770875523792577e-07, ""27"": 6.205969606562446e-08, ""28"": 2.8773425631286253e-08, ""29"": 9.251064035196904e-09, ""30"": 3.195991631226452e-09}",9.1517,9.1517,9,9,0.0048,0.9952,0.9937,0.9873,0.9775,0.9627,0.9331,0.8545,0.7486,0.5965,0.4114,0.3003,0.1901,0.099,0.0509,0.0273,0.0141,0.0059,0.0022,0.0011,0.0003,12bafe90#phase10c,stat_grid:pmf_sim_v1+role_aware_pmf_cal_v1:core+monotone_pit_cdf_v1,phase8_role_aware_pmf_cal_v1+monotone_inactive_global_v1,core,projected_minutes,high,27.4006,29.5281,13.1292,29.5281,35.1493,8.9924,0.05,0.9302,0.4395,core,True,current_market_line,True,rebet,rebet,player_reb_over_under,7.5,7.5,0.7486,-133.0,104.0,0.538,0.462,0.2514,-298.0,298.0,0.2106,0.2106,-0.2106,2026-05-28T23:08:42.830387Z,full,provisional,lineup_unconfirmed,latest_valid_report_selected,projected,derived_from_projected_minutes,ok,finals_pending,current_phase8,ok,0.0,projected,not_available_yet,bdl_lineup_freshness_manifest,2026-05-28T22:48:42Z,bdl_plus_nba_official,2026-05-28T23:09:00Z
morning,2026-05-28T23:09:49Z,2026-05-28,21713533,38017685,Chet Holmgren,OKC,SAS,False,reb,"{""0"": 0.00484359260376329, ""1"": 0.0014087849545216932, ""2"": 0.006411942800481301, ""3"": 0.009818338979759549, ""4"": 0.014771456771132884, ""5"": 0.029687716705774542, ""6"": 0.07858517565757635, ""7"": 0.10585033172911651, ""8"": 0.15212873667826513, ""9"": 0.18513156139808526, ""10"": 0.11109213734878083, ""11"": 0.1101290303605854, ""12"": 0.09118212791727791, ""13"": 0.048066679557750645, ""14"": 0.023599654412153327, ""15"": 0.013233473866574622, ""16"": 0.008148879418952931, ""17"": 0.003720161185919335, ""18"": 0.0011346085426966143, ""19"": 0.0007816963591573023, ""20"": 0.00019218563447878653, ""21"": 7.096783295084763e-05, ""22"": 6.476139010778518e-06, ""23"": 2.779115375629139e-06, ""24"": 7.427285142771745e-07, ""25"": 5.503124118008438e-07, ""26"": 1.0770875523792577e-07, ""27"": 6.205969606562446e-08, ""28"": 2.8773425631286253e-08, ""29"": 9.251064035196904e-09, ""30"": 3.195991631226452e-09}",9.1517,9.1517,9,9,0.0048,0.9952,0.9937,0.9873,0.9775,0.9627,0.9331,0.8545,0.7486,0.5965,0.4114,0.3003,0.1901,0.099,0.0509,0.0273,0.0141,0.0059,0.0022,0.0011,0.0003,12bafe90#phase10c,stat_grid:pmf_sim_v1+role_aware_pmf_cal_v1:core+monotone_pit_cdf_v1,phase8_role_aware_pmf_cal_v1+monotone_inactive_global_v1,core,projected_minutes,high,27.4006,29.5281,13.1292,29.5281,35.1493,8.9924,0.05,0.9302,0.4395,core,True,current_market_line,True,betparx,betparx,player_reb_over_under,7.5,7.5,0.7486,-141.0,107.0,0.5477,0.4523,0.2514,-298.0,298.0,0.2009,0.2009,-0.2009,2026-05-28T23:08:42.830387Z,full,provisional,lineup_unconfirmed,latest_valid_report_selected,projected,derived_from_projected_minutes,ok,finals_pending,current_phase8,ok,0.0,projected,not_available_yet,bdl_lineup_freshness_manifest,2026-05-28T22:48:42Z,bdl_plus_nba_official,2026-05-28T23:09:00Z
morning,2026-05-28T23:09:49Z,2026-05-28,21713533,38017685,Chet Holmgren,OKC,SAS,False,reb,"{""0"": 0.00484359260376329, ""1"": 0.0014087849545216932, ""2"": 0.006411942800481301, ""3"": 0.009818338979759549, ""4"": 0.014771456771132884, ""5"": 0.029687716705774542, ""6"": 0.07858517565757635, ""7"": 0.10585033172911651, ""8"": 0.15212873667826513, ""9"": 0.18513156139808526, ""10"": 0.11109213734878083, ""11"": 0.1101290303605854, ""12"": 0.09118212791727791, ""13"": 0.048066679557750645, ""14"": 0.023599654412153327, ""15"": 0.013233473866574622, ""16"": 0.008148879418952931, ""17"": 0.003720161185919335, ""18"": 0.0011346085426966143, ""19"": 0.0007816963591573023, ""20"": 0.00019218563447878653, ""21"": 7.096783295084763e-05, ""22"": 6.476139010778518e-06, ""23"": 2.779115375629139e-06, ""24"": 7.427285142771745e-07, ""25"": 5.503124118008438e-07, ""26"": 1.0770875523792577e-07, ""27"": 6.205969606562446e-08, ""28"": 2.8773425631286253e-08, ""29"": 9.251064035196904e-09, ""30"": 3.195991631226452e-09}",9.1517,9.1517,9,9,0.0048,0.9952,0.9937,0.9873,0.9775,0.9627,0.9331,0.8545,0.7486,0.5965,0.4114,0.3003,0.1901,0.099,0.0509,0.0273,0.0141,0.0059,0.0022,0.0011,0.0003,12bafe90#phase10c,stat_grid:pmf_sim_v1+role_aware_pmf_cal_v1:core+monotone_pit_cdf_v1,phase8_role_aware_pmf_cal_v1+monotone_inactive_global_v1,core,projected_minutes,high,27.4006,29.5281,13.1292,29.5281,35.1493,8.9924,0.05,0.9302,0.4395,core,True,current_market_line,True,espnbet,espnbet,player_reb_over_under,7.5,7.5,0.7486,-130.0,100.0,0.5306,0.4694,0.2514,-298.0,298.0,0.218,0.218,-0.218,2026-05-28T23:08:42.830387Z,full,provisional,lineup_unconfirmed,latest_valid_report_selected,projected,derived_from_projected_minutes,ok,finals_pending,current_phase8,ok,0.0,projected,not_available_yet,bdl_lineup_freshness_manifest,2026-05-28T22:48:42Z,bdl_plus_nba_official,2026-05-28T23:09:00Z
morning,2026-05-28T23:09:49Z,2026-05-28,21713533,38017685,Chet Holmgren,OKC,SAS,False,reb,"{""0"": 0.00484359260376329, ""1"": 0.0014087849545216932, ""2"": 0.006411942800481301, ""3"": 0.009818338979759549, ""4"": 0.014771456771132884, ""5"": 0.029687716705774542, ""6"": 0.07858517565757635, ""7"": 0.10585033172911651, ""8"": 0.15212873667826513, ""9"": 0.18513156139808526, ""10"": 0.11109213734878083, ""11"": 0.1101290303605854, ""12"": 0.09118212791727791, ""13"": 0.048066679557750645, ""14"": 0.023599654412153327, ""15"": 0.013233473866574622, ""16"": 0.008148879418952931, ""17"": 0.003720161185919335, ""18"": 0.0011346085426966143, ""19"": 0.0007816963591573023, ""20"": 0.00019218563447878653, ""21"": 7.096783295084763e-05, ""22"": 6.476139010778518e-06, ""23"": 2.779115375629139e-06, ""24"": 7.427285142771745e-07, ""25"": 5.503124118008438e-07, ""26"": 1.0770875523792577e-07, ""27"": 6.205969606562446e-08, ""28"": 2.8773425631286253e-08, ""29"": 9.251064035196904e-09, ""30"": 3.195991631226452e-09}",9.1517,9.1517,9,9,0.0048,0.9952,0.9937,0.9873,0.9775,0.9627,0.9331,0.8545,0.7486,0.5965,0.4114,0.3003,0.1901,0.099,0.0509,0.0273,0.0141,0.0059,0.0022,0.0011,0.0003,12bafe90#phase10c,stat_grid:pmf_sim_v1+role_aware_pmf_cal_v1:core+monotone_pit_cdf_v1,phase8_role_aware_pmf_cal_v1+monotone_inactive_global_v1,core,projected_minutes,high,27.4006,29.5281,13.1292,29.5281,35.1493,8.9924,0.05,0.9302,0.4395,core,True,current_market_line,True,espnbet,espnbet,player_reb_over_under,8.5,8.5,0.5965,120.0,-160.0,0.4248,0.5752,0.4035,-148.0,148.0,0.1717,0.1717,-0.1717,2026-05-28T23:08:42.830387Z,full,provisional,lineup_unconfirmed,latest_valid_report_selected,projected,derived_from_projected_minutes,ok,finals_pending,current_phase8,ok,0.0,projected,not_available_yet,bdl_lineup_freshness_manifest,2026-05-28T22:48:42Z,bdl_plus_nba_official,2026-05-28T23:09:00Z
morning,2026-05-28T23:09:49Z,2026-05-28,21713533,38017685,Chet Holmgren,OKC,SAS,False,reb,"{""0"": 0.00484359260376329, ""1"": 0.0014087849545216932, ""2"": 0.006411942800481301, ""3"": 0.009818338979759549, ""4"": 0.014771456771132884, ""5"": 0.029687716705774542, ""6"": 0.07858517565757635, ""7"": 0.10585033172911651, ""8"": 0.15212873667826513, ""9"": 0.18513156139808526, ""10"": 0.11109213734878083, ""11"": 0.1101290303605854, ""12"": 0.09118212791727791, ""13"": 0.048066679557750645, ""14"": 0.023599654412153327, ""15"": 0.013233473866574622, ""16"": 0.008148879418952931, ""17"": 0.003720161185919335, ""18"": 0.0011346085426966143, ""19"": 0.0007816963591573023, ""20"": 0.00019218563447878653, ""21"": 7.096783295084763e-05, ""22"": 6.476139010778518e-06, ""23"": 2.779115375629139e-06, ""24"": 7.427285142771745e-07, ""25"": 5.503124118008438e-07, ""26"": 1.0770875523792577e-07, ""27"": 6.205969606562446e-08, ""28"": 2.8773425631286253e-08, ""29"": 9.251064035196904e-09, ""30"": 3.195991631226452e-09}",9.1517,9.1517,9,9,0.0048,0.9952,0.9937,0.9873,0.9775,0.9627,0.9331,0.8545,0.7486,0.5965,0.4114,0.3003,0.1901,0.099,0.0509,0.0273,0.0141,0.0059,0.0022,0.0011,0.0003,12bafe90#phase10c,stat_grid:pmf_sim_v1+role_aware_pmf_cal_v1:core+monotone_pit_cdf_v1,phase8_role_aware_pmf_cal_v1+monotone_inactive_global_v1,core,projected_minutes,high,27.4006,29.5281,13.1292,29.5281,35.1493,8.9924,0.05,0.9302,0.4395,core,True,current_market_line,True,espnbet,espnbet,player_reb_over_under,9.5,9.5,0.4114,175.0,-240.0,0.34,0.66,0.5886,143.0,-143.0,0.0714,0.0714,-0.0714,2026-05-28T23:08:42.830387Z,full,provisional,lineup_unconfirmed,latest_valid_report_selected,projected,derived_from_projected_minutes,ok,finals_pending,current_phase8,ok,0.0,projected,not_available_yet,bdl_lineup_freshness_manifest,2026-05-28T22:48:42Z,bdl_plus_nba_official,2026-05-28T23:09:00Z
morning,2026-05-28T23:09:49Z,2026-05-28,21713533,38017685,Chet Holmgren,OKC,SAS,False,reb,"{""0"": 0.00484359260376329, ""1"": 0.0014087849545216932, ""2"": 0.006411942800481301, ""3"": 0.009818338979759549, ""4"": 0.014771456771132884, ""5"": 0.029687716705774542, ""6"": 0.07858517565757635, ""7"": 0.10585033172911651, ""8"": 0.15212873667826513, ""9"": 0.18513156139808526, ""10"": 0.11109213734878083, ""11"": 0.1101290303605854, ""12"": 0.09118212791727791, ""13"": 0.048066679557750645, ""14"": 0.023599654412153327, ""15"": 0.013233473866574622, ""16"": 0.008148879418952931, ""17"": 0.003720161185919335, ""18"": 0.0011346085426966143, ""19"": 0.0007816963591573023, ""20"": 0.00019218563447878653, ""21"": 7.096783295084763e-05, ""22"": 6.476139010778518e-06, ""23"": 2.779115375629139e-06, ""24"": 7.427285142771745e-07, ""25"": 5.503124118008438e-07, ""26"": 1.0770875523792577e-07, ""27"": 6.205969606562446e-08, ""28"": 2.8773425631286253e-08, ""29"": 9.251064035196904e-09, ""30"": 3.195991631226452e-09}",9.1517,9.1517,9,9,0.0048,0.9952,0.9937,0.9873,0.9775,0.9627,0.9331,0.8545,0.7486,0.5965,0.4114,0.3003,0.1901,0.099,0.0509,0.0273,0.0141,0.0059,0.0022,0.0011,0.0003,12bafe90#phase10c,stat_grid:pmf_sim_v1+role_aware_pmf_cal_v1:core+monotone_pit_cdf_v1,phase8_role_aware_pmf_cal_v1+monotone_inactive_global_v1,core,projected_minutes,high,27.4006,29.5281,13.1292,29.5281,35.1493,8.9924,0.05,0.9302,0.4395,core,True,current_market_line,True,fliff,fliff,player_reb_over_under,7.5,7.5,0.7486,-150.0,105.0,0.5516,0.4484,0.2514,-298.0,298.0,0.1971,0.1971,-0.1971,2026-05-28T23:08:42.830387Z,full,provisional,lineup_unconfirmed,latest_valid_report_selected,projected,derived_from_projected_minutes,ok,finals_pending,current_phase8,ok,0.0,projected,not_available_yet,bdl_lineup_freshness_manifest,2026-05-28T22:48:42Z,bdl_plus_nba_official,2026-05-28T23:09:00Z
morning,2026-05-28T23:09:49Z,2026-05-28,21713533,38017685,Chet Holmgren,OKC,SAS,False,ast,"{""0"": 0.11131271739739389, ""1"": 0.3250391810715185, ""2"": 0.3464581916728747, ""3"": 0.1714265594992675, ""4"": 0.03354325341805652, ""5"": 0.010330109091725085, ""6"": 0.001611368278645204, ""7"": 0.0002477979576592699, ""8"": 2.8032383379270772e-05, ""9"": 2.2862634071061777e-06, ""10"": 4.5448072197177946e-07, ""11"": 3.962778921446888e-08, ""12"": 4.283187933873313e-09, ""13"": 4.574373830669286e-09}",1.7297,1.7297,2,2,0.1113,0.8887,0.5636,0.2172,0.0458,0.0122,0.0019,0.0003,0.0,0.0,0.0,0.0,0.0,0.0,0.0,0.0,0.0,0.0,0.0,0.0,0.0,12bafe90#phase10c,stat_grid:pmf_sim_v1+role_aware_pmf_cal_v1:core+monotone_pit_cdf_v1,phase8_role_aware_pmf_cal_v1+monotone_inactive_global_v1,core,projected_minutes,high,27.4006,29.5281,13.1292,29.5281,35.1493,8.9924,0.05,0.9302,0.4395,core,True,current_market_line,True,bovada,bovada,player_ast_over_under,1.5,1.5,0.5636,155.0,-210.0,0.3666,0.6334,0.4364,-129.0,129.0,0.197,0.197,-0.197,2026-05-28T23:08:42.830387Z,full,provisional,lineup_unconfirmed,latest_valid_report_selected,projected,derived_from_projected_minutes,ok,finals_pending,current_phase8,ok,0.0,projected,not_available_yet,bdl_lineup_freshness_manifest,2026-05-28T22:48:42Z,bdl_plus_nba_official,2026-05-28T23:09:00Z
morning,2026-05-28T23:09:49Z,2026-05-28,21713533,38017685,Chet Holmgren,OKC,SAS,False,ast,"{""0"": 0.11131271739739389, ""1"": 0.3250391810715185, ""2"": 0.3464581916728747, ""3"": 0.1714265594992675, ""4"": 0.03354325341805652, ""5"": 0.010330109091725085, ""6"": 0.001611368278645204, ""7"": 0.0002477979576592699, ""8"": 2.8032383379270772e-05, ""9"": 2.2862634071061777e-06, ""10"": 4.5448072197177946e-07, ""11"": 3.962778921446888e-08, ""12"": 4.283187933873313e-09, ""13"": 4.574373830669286e-09}",1.7297,1.7297,2,2,0.1113,0.8887,0.5636,0.2172,0.0458,0.0122,0.0019,0.0003,0.0,0.0,0.0,0.0,0.0,0.0,0.0,0.0,0.0,0.0,0.0,0.0,0.0,12bafe90#phase10c,stat_grid:pmf_sim_v1+role_aware_pmf_cal_v1:core+monotone_pit_cdf_v1,phase8_role_aware_pmf_cal_v1+monotone_inactive_global_v1,core,projected_minutes,high,27.4006,29.5281,13.1292,29.5281,35.1493,8.9924,0.05,0.9302,0.4395,core,True,current_market_line,True,bovada,bovada,player_ast_over_under,0.5,0.5,0.8887,-290.0,210.0,0.6974,0.3026,0.1113,-798.0,798.0,0.1912,0.1912,-0.1912,2026-05-28T23:08:42.830387Z,full,provisional,lineup_unconfirmed,latest_valid_report_selected,projected,derived_from_projected_minutes,ok,finals_pending,current_phase8,ok,0.0,projected,not_available_yet,bdl_lineup_freshness_manifest,2026-05-28T22:48:42Z,bdl_plus_nba_official,2026-05-28T23:09:00Z
morning,2026-05-28T23:09:49Z,2026-05-28,21713533,38017685,Chet Holmgren,OKC,SAS,False,ast,"{""0"": 0.11131271739739389, ""1"": 0.3250391810715185, ""2"": 0.3464581916728747, ""3"": 0.1714265594992675, ""4"": 0.03354325341805652, ""5"": 0.010330109091725085, ""6"": 0.001611368278645204, ""7"": 0.0002477979576592699, ""8"": 2.8032383379270772e-05, ""9"": 2.2862634071061777e-06, ""10"": 4.5448072197177946e-07, ""11"": 3.962778921446888e-08, ""12"": 4.283187933873313e-09, ""13"": 4.574373830669286e-09}",1.7297,1.7297,2,2,0.1113,0.8887,0.5636,0.2172,0.0458,0.0122,0.0019,0.0003,0.0,0.0,0.0,0.0,0.0,0.0,0.0,0.0,0.0,0.0,0.0,0.0,0.0,12bafe90#phase10c,stat_grid:pmf_sim_v1+role_aware_pmf_cal_v1:core+monotone_pit_cdf_v1,phase8_role_aware_pmf_cal_v1+monotone_inactive_global_v1,core,projected_minutes,high,27.4006,29.5281,13.1292,29.5281,35.1493,8.9924,0.05,0.9302,0.4395,core,True,current_market_line,True,betmgm,betmgm,player_ast_over_under,1.5,1.5,0.5636,145.0,-200.0,0.3797,0.6203,0.4364,-129.0,129.0,0.1839,0.1839,-0.1839,2026-05-28T23:08:42.830387Z,full,provisional,lineup_unconfirmed,latest_valid_report_selected,projected,derived_from_projected_minutes,ok,finals_pending,current_phase8,ok,0.0,projected,not_available_yet,bdl_lineup_freshness_manifest,2026-05-28T22:48:42Z,bdl_plus_nba_official,2026-05-28T23:09:00Z
morning,2026-05-28T23:09:49Z,2026-05-28,21713533,38017685,Chet Holmgren,OKC,SAS,False,ast,"{""0"": 0.11131271739739389, ""1"": 0.3250391810715185, ""2"": 0.3464581916728747, ""3"": 0.1714265594992675, ""4"": 0.03354325341805652, ""5"": 0.010330109091725085, ""6"": 0.001611368278645204, ""7"": 0.0002477979576592699, ""8"": 2.8032383379270772e-05, ""9"": 2.2862634071061777e-06, ""10"": 4.5448072197177946e-07, ""11"": 3.962778921446888e-08, ""12"": 4.283187933873313e-09, ""13"": 4.574373830669286e-09}",1.7297,1.7297,2,2,0.1113,0.8887,0.5636,0.2172,0.0458,0.0122,0.0019,0.0003,0.0,0.0,0.0,0.0,0.0,0.0,0.0,0.0,0.0,0.0,0.0,0.0,0.0,12bafe90#phase10c,stat_grid:pmf_sim_v1+role_aware_pmf_cal_v1:core+monotone_pit_cdf_v1,phase8_role_aware_pmf_cal_v1+monotone_inactive_global_v1,core,projected_minutes,high,27.4006,29.5281,13.1292,29.5281,35.1493,8.9924,0.05,0.9302,0.4395,core,True,current_market_line,True,betrivers,betrivers,player_ast_over_under,1.5,1.5,0.5636,130.0,-180.0,0.4035,0.5965,0.4364,-129.0,129.0,0.1602,0.1602,-0.1602,2026-05-28T23:08:42.830387Z,full,provisional,lineup_unconfirmed,latest_valid_report_selected,projected,derived_from_projected_minutes,ok,finals_pending,current_phase8,ok,0.0,projected,not_available_yet,bdl_lineup_freshness_manifest,2026-05-28T22:48:42Z,bdl_plus_nba_official,2026-05-28T23:09:00Z
morning,2026-05-28T23:09:49Z,2026-05-28,21713533,38017685,Chet Holmgren,OKC,SAS,False,ast,"{""0"": 0.11131271739739389, ""1"": 0.3250391810715185, ""2"": 0.3464581916728747, ""3"": 0.1714265594992675, ""4"": 0.03354325341805652, ""5"": 0.010330109091725085, ""6"": 0.001611368278645204, ""7"": 0.0002477979576592699, ""8"": 2.8032383379270772e-05, ""9"": 2.2862634071061777e-06, ""10"": 4.5448072197177946e-07, ""11"": 3.962778921446888e-08, ""12"": 4.283187933873313e-09, ""13"": 4.574373830669286e-09}",1.7297,1.7297,2,2,0.1113,0.8887,0.5636,0.2172,0.0458,0.0122,0.0019,0.0003,0.0,0.0,0.0,0.0,0.0,0.0,0.0,0.0,0.0,0.0,0.0,0.0,0.0,12bafe90#phase10c,stat_grid:pmf_sim_v1+role_aware_pmf_cal_v1:core+monotone_pit_cdf_v1,phase8_role_aware_pmf_cal_v1+monotone_inactive_global_v1,core,projected_minutes,high,27.4006,29.5281,13.1292,29.5281,35.1493,8.9924,0.05,0.9302,0.4395,core,True,current_market_line,True,draftkings,draftkings,player_ast_over_under,1.5,1.5,0.5636,136.0,-180.0,0.3973,0.6027,0.4364,-129.0,129.0,0.1664,0.1664,-0.1664,2026-05-28T23:08:42.830387Z,full,provisional,lineup_unconfirmed,latest_valid_report_selected,projected,derived_from_projected_minutes,ok,finals_pending,current_phase8,ok,0.0,projected,not_available_yet,bdl_lineup_freshness_manifest,2026-05-28T22:48:42Z,bdl_plus_nba_official,2026-05-28T23:09:00Z
morning,2026-05-28T23:09:49Z,2026-05-28,21713533,38017685,Chet Holmgren,OKC,SAS,False,ast,"{""0"": 0.11131271739739389, ""1"": 0.3250391810715185, ""2"": 0.3464581916728747, ""3"": 0.1714265594992675, ""4"": 0.03354325341805652, ""5"": 0.010330109091725085, ""6"": 0.001611368278645204, ""7"": 0.0002477979576592699, ""8"": 2.8032383379270772e-05, ""9"": 2.2862634071061777e-06, ""10"": 4.5448072197177946e-07, ""11"": 3.962778921446888e-08, ""12"": 4.283187933873313e-09, ""13"": 4.574373830669286e-09}",1.7297,1.7297,2,2,0.1113,0.8887,0.5636,0.2172,0.0458,0.0122,0.0019,0.0003,0.0,0.0,0.0,0.0,0.0,0.0,0.0,0.0,0.0,0.0,0.0,0.0,0.0,12bafe90#phase10c,stat_grid:pmf_sim_v1+role_aware_pmf_cal_v1:core+monotone_pit_cdf_v1,phase8_role_aware_pmf_cal_v1+monotone_inactive_global_v1,core,projected_minutes,high,27.4006,29.5281,13.1292,29.5281,35.1493,8.9924,0.05,0.9302,0.4395,core,True,current_market_line,True,fanduel,fanduel,player_ast_over_under,1.5,1.5,0.5636,150.0,-194.0,0.3774,0.6226,0.4364,-129.0,129.0,0.1862,0.1862,-0.1862,2026-05-28T23:08:42.830387Z,full,provisional,lineup_unconfirmed,latest_valid_report_selected,projected,derived_from_projected_minutes,ok,finals_pending,current_phase8,ok,0.0,projected,not_available_yet,bdl_lineup_freshness_manifest,2026-05-28T22:48:42Z,bdl_plus_nba_official,2026-05-28T23:09:00Z
morning,2026-05-28T23:09:49Z,2026-05-28,21713533,38017685,Chet Holmgren,OKC,SAS,False,ast,"{""0"": 0.11131271739739389, ""1"": 0.3250391810715185, ""2"": 0.3464581916728747, ""3"": 0.1714265594992675, ""4"": 0.03354325341805652, ""5"": 0.010330109091725085, ""6"": 0.001611368278645204, ""7"": 0.0002477979576592699, ""8"": 2.8032383379270772e-05, ""9"": 2.2862634071061777e-06, ""10"": 4.5448072197177946e-07, ""11"": 3.962778921446888e-08, ""12"": 4.283187933873313e-09, ""13"": 4.574373830669286e-09}",1.7297,1.7297,2,2,0.1113,0.8887,0.5636,0.2172,0.0458,0.0122,0.0019,0.0003,0.0,0.0,0.0,0.0,0.0,0.0,0.0,0.0,0.0,0.0,0.0,0.0,0.0,12bafe90#phase10c,stat_grid:pmf_sim_v1+role_aware_pmf_cal_v1:core+monotone_pit_cdf_v1,phase8_role_aware_pmf_cal_v1+monotone_inactive_global_v1,core,projected_minutes,high,27.4006,29.5281,13.1292,29.5281,35.1493,8.9924,0.05,0.9302,0.4395,core,True,current_market_line,True,hardrockbet_az,hardrockbet_az,player_ast_over_under,1.5,1.5,0.5636,145.0,-185.0,0.386,0.614,0.4364,-129.0,129.0,0.1776,0.1776,-0.1776,2026-05-28T23:08:42.830387Z,full,provisional,lineup_unconfirmed,latest_valid_report_selected,projected,derived_from_projected_minutes,ok,finals_pending,current_phase8,ok,0.0,projected,not_available_yet,bdl_lineup_freshness_manifest,2026-05-28T22:48:42Z,bdl_plus_nba_official,2026-05-28T23:09:00Z
morning,2026-05-28T23:09:49Z,2026-05-28,21713533,38017685,Chet Holmgren,OKC,SAS,False,ast,"{""0"": 0.11131271739739389, ""1"": 0.3250391810715185, ""2"": 0.3464581916728747, ""3"": 0.1714265594992675, ""4"": 0.03354325341805652, ""5"": 0.010330109091725085, ""6"": 0.001611368278645204, ""7"": 0.0002477979576592699, ""8"": 2.8032383379270772e-05, ""9"": 2.2862634071061777e-06, ""10"": 4.5448072197177946e-07, ""11"": 3.962778921446888e-08, ""12"": 4.283187933873313e-09, ""13"": 4.574373830669286e-09}",1.7297,1.7297,2,2,0.1113,0.8887,0.5636,0.2172,0.0458,0.0122,0.0019,0.0003,0.0,0.0,0.0,0.0,0.0,0.0,0.0,0.0,0.0,0.0,0.0,0.0,0.0,12bafe90#phase10c,stat_grid:pmf_sim_v1+role_aware_pmf_cal_v1:core+monotone_pit_cdf_v1,phase8_role_aware_pmf_cal_v1+monotone_inactive_global_v1,core,projected_minutes,high,27.4006,29.5281,13.1292,29.5281,35.1493,8.9924,0.05,0.9302,0.4395,core,True,current_market_line,True,rebet,rebet,player_ast_over_under,1.5,1.5,0.5636,142.0,-183.0,0.3899,0.6101,0.4364,-129.0,129.0,0.1738,0.1738,-0.1738,2026-05-28T23:08:42.830387Z,full,provisional,lineup_unconfirmed,latest_valid_report_selected,projected,derived_from_projected_minutes,ok,finals_pending,current_phase8,ok,0.0,projected,not_available_yet,bdl_lineup_freshness_manifest,2026-05-28T22:48:42Z,bdl_plus_nba_official,2026-05-28T23:09:00Z
morning,2026-05-28T23:09:49Z,2026-05-28,21713533,38017685,Chet Holmgren,OKC,SAS,False,ast,"{""0"": 0.11131271739739389, ""1"": 0.3250391810715185, ""2"": 0.3464581916728747, ""3"": 0.1714265594992675, ""4"": 0.03354325341805652, ""5"": 0.010330109091725085, ""6"": 0.001611368278645204, ""7"": 0.0002477979576592699, ""8"": 2.8032383379270772e-05, ""9"": 2.2862634071061777e-06, ""10"": 4.5448072197177946e-07, ""11"": 3.962778921446888e-08, ""12"": 4.283187933873313e-09, ""13"": 4.574373830669286e-09}",1.7297,1.7297,2,2,0.1113,0.8887,0.5636,0.2172,0.0458,0.0122,0.0019,0.0003,0.0,0.0,0.0,0.0,0.0,0.0,0.0,0.0,0.0,0.0,0.0,0.0,0.0,12bafe90#phase10c,stat_grid:pmf_sim_v1+role_aware_pmf_cal_v1:core+monotone_pit_cdf_v1,phase8_role_aware_pmf_cal_v1+monotone_inactive_global_v1,core,projected_minutes,high,27.4006,29.5281,13.1292,29.5281,35.1493,8.9924,0.05,0.9302,0.4395,core,True,current_market_line,True,hardrockbet_fl,hardrockbet_fl,player_ast_over_under,1.5,1.5,0.5636,145.0,-185.0,0.386,0.614,0.4364,-129.0,129.0,0.1776,0.1776,-0.1776,2026-05-28T23:08:42.830387Z,full,provisional,lineup_unconfirmed,latest_valid_report_selected,projected,derived_from_projected_minutes,ok,finals_pending,current_phase8,ok,0.0,projected,not_available_yet,bdl_lineup_freshness_manifest,2026-05-28T22:48:42Z,bdl_plus_nba_official,2026-05-28T23:09:00Z
morning,2026-05-28T23:09:49Z,2026-05-28,21713533,38017685,Chet Holmgren,OKC,SAS,False,ast,"{""0"": 0.11131271739739389, ""1"": 0.3250391810715185, ""2"": 0.3464581916728747, ""3"": 0.1714265594992675, ""4"": 0.03354325341805652, ""5"": 0.010330109091725085, ""6"": 0.001611368278645204, ""7"": 0.0002477979576592699, ""8"": 2.8032383379270772e-05, ""9"": 2.2862634071061777e-06, ""10"": 4.5448072197177946e-07, ""11"": 3.962778921446888e-08, ""12"": 4.283187933873313e-09, ""13"": 4.574373830669286e-09}",1.7297,1.7297,2,2,0.1113,0.8887,0.5636,0.2172,0.0458,0.0122,0.0019,0.0003,0.0,0.0,0.0,0.0,0.0,0.0,0.0,0.0,0.0,0.0,0.0,0.0,0.0,12bafe90#phase10c,stat_grid:pmf_sim_v1+role_aware_pmf_cal_v1:core+monotone_pit_cdf_v1,phase8_role_aware_pmf_cal_v1+monotone_inactive_global_v1,core,projected_minutes,high,27.4006,29.5281,13.1292,29.5281,35.1493,8.9924,0.05,0.9302,0.4395,core,True,current_market_line,True,espnbet,espnbet,player_ast_over_under,0.5,0.5,0.8887,-350.0,240.0,0.7256,0.2744,0.1113,-798.0,798.0,0.1631,0.1631,-0.1631,2026-05-28T23:08:42.830387Z,full,provisional,lineup_unconfirmed,latest_valid_report_selected,projected,derived_from_projected_minutes,ok,finals_pending,current_phase8,ok,0.0,projected,not_available_yet,bdl_lineup_freshness_manifest,2026-05-28T22:48:42Z,bdl_plus_nba_official,2026-05-28T23:09:00Z
morning,2026-05-28T23:09:49Z,2026-05-28,21713533,38017685,Chet Holmgren,OKC,SAS,False,ast,"{""0"": 0.11131271739739389, ""1"": 0.3250391810715185, ""2"": 0.3464581916728747, ""3"": 0.1714265594992675, ""4"": 0.03354325341805652, ""5"": 0.010330109091725085, ""6"": 0.001611368278645204, ""7"": 0.0002477979576592699, ""8"": 2.8032383379270772e-05, ""9"": 2.2862634071061777e-06, ""10"": 4.5448072197177946e-07, ""11"": 3.962778921446888e-08, ""12"": 4.283187933873313e-09, ""13"": 4.574373830669286e-09}",1.7297,1.7297,2,2,0.1113,0.8887,0.5636,0.2172,0.0458,0.0122,0.0019,0.0003,0.0,0.0,0.0,0.0,0.0,0.0,0.0,0.0,0.0,0.0,0.0,0.0,0.0,12bafe90#phase10c,stat_grid:pmf_sim_v1+role_aware_pmf_cal_v1:core+monotone_pit_cdf_v1,phase8_role_aware_pmf_cal_v1+monotone_inactive_global_v1,core,projected_minutes,high,27.4006,29.5281,13.1292,29.5281,35.1493,8.9924,0.05,0.9302,0.4395,core,True,current_market_line,True,espnbet,espnbet,player_ast_over_under,1.5,1.5,0.5636,145.0,-195.0,0.3818,0.6182,0.4364,-129.0,129.0,0.1819,0.1819,-0.1819,2026-05-28T23:08:42.830387Z,full,provisional,lineup_unconfirmed,latest_valid_report_selected,projected,derived_from_projected_minutes,ok,finals_pending,current_phase8,ok,0.0,projected,not_available_yet,bdl_lineup_freshness_manifest,2026-05-28T22:48:42Z,bdl_plus_nba_official,2026-05-28T23:09:00Z
morning,2026-05-28T23:09:49Z,2026-05-28,21713533,38017685,Chet Holmgren,OKC,SAS,False,ast,"{""0"": 0.11131271739739389, ""1"": 0.3250391810715185, ""2"": 0.3464581916728747, ""3"": 0.1714265594992675, ""4"": 0.03354325341805652, ""5"": 0.010330109091725085, ""6"": 0.001611368278645204, ""7"": 0.0002477979576592699, ""8"": 2.8032383379270772e-05, ""9"": 2.2862634071061777e-06, ""10"": 4.5448072197177946e-07, ""11"": 3.962778921446888e-08, ""12"": 4.283187933873313e-09, ""13"": 4.574373830669286e-09}",1.7297,1.7297,2,2,0.1113,0.8887,0.5636,0.2172,0.0458,0.0122,0.0019,0.0003,0.0,0.0,0.0,0.0,0.0,0.0,0.0,0.0,0.0,0.0,0.0,0.0,0.0,12bafe90#phase10c,stat_grid:pmf_sim_v1+role_aware_pmf_cal_v1:core+monotone_pit_cdf_v1,phase8_role_aware_pmf_cal_v1+monotone_inactive_global_v1,core,projected_minutes,high,27.4006,29.5281,13.1292,29.5281,35.1493,8.9924,0.05,0.9302,0.4395,core,True,current_market_line,True,espnbet,espnbet,player_ast_over_under,2.5,2.5,0.2172,425.0,-800.0,0.1765,0.8235,0.7828,360.0,-360.0,0.0407,0.0407,-0.0407,2026-05-28T23:08:42.830387Z,full,provisional,lineup_unconfirmed,latest_valid_report_selected,projected,derived_from_projected_minutes,ok,finals_pending,current_phase8,ok,0.0,projected,not_available_yet,bdl_lineup_freshness_manifest,2026-05-28T22:48:42Z,bdl_plus_nba_official,2026-05-28T23:09:00Z
morning,2026-05-28T23:09:49Z,2026-05-28,21713533,38017685,Chet Holmgren,OKC,SAS,False,ast,"{""0"": 0.11131271739739389, ""1"": 0.3250391810715185, ""2"": 0.3464581916728747, ""3"": 0.1714265594992675, ""4"": 0.03354325341805652, ""5"": 0.010330109091725085, ""6"": 0.001611368278645204, ""7"": 0.0002477979576592699, ""8"": 2.8032383379270772e-05, ""9"": 2.2862634071061777e-06, ""10"": 4.5448072197177946e-07, ""11"": 3.962778921446888e-08, ""12"": 4.283187933873313e-09, ""13"": 4.574373830669286e-09}",1.7297,1.7297,2,2,0.1113,0.8887,0.5636,0.2172,0.0458,0.0122,0.0019,0.0003,0.0,0.0,0.0,0.0,0.0,0.0,0.0,0.0,0.0,0.0,0.0,0.0,0.0,12bafe90#phase10c,stat_grid:pmf_sim_v1+role_aware_pmf_cal_v1:core+monotone_pit_cdf_v1,phase8_role_aware_pmf_cal_v1+monotone_inactive_global_v1,core,projected_minutes,high,27.4006,29.5281,13.1292,29.5281,35.1493,8.9924,0.05,0.9302,0.4395,core,True,current_market_line,True,betparx,betparx,player_ast_over_under,1.5,1.5,0.5636,133.0,-180.0,0.4003,0.5997,0.4364,-129.0,129.0,0.1633,0.1633,-0.1633,2026-05-28T23:08:42.830387Z,full,provisional,lineup_unconfirmed,latest_valid_report_selected,projected,derived_from_projected_minutes,ok,finals_pending,current_phase8,ok,0.0,projected,not_available_yet,bdl_lineup_freshness_manifest,2026-05-28T22:48:42Z,bdl_plus_nba_official,2026-05-28T23:09:00Z
morning,2026-05-28T23:09:49Z,2026-05-28,21713533,38017685,Chet Holmgren,OKC,SAS,False,ast,"{""0"": 0.11131271739739389, ""1"": 0.3250391810715185, ""2"": 0.3464581916728747, ""3"": 0.1714265594992675, ""4"": 0.03354325341805652, ""5"": 0.010330109091725085, ""6"": 0.001611368278645204, ""7"": 0.0002477979576592699, ""8"": 2.8032383379270772e-05, ""9"": 2.2862634071061777e-06, ""10"": 4.5448072197177946e-07, ""11"": 3.962778921446888e-08, ""12"": 4.283187933873313e-09, ""13"": 4.574373830669286e-09}",1.7297,1.7297,2,2,0.1113,0.8887,0.5636,0.2172,0.0458,0.0122,0.0019,0.0003,0.0,0.0,0.0,0.0,0.0,0.0,0.0,0.0,0.0,0.0,0.0,0.0,0.0,12bafe90#phase10c,stat_grid:pmf_sim_v1+role_aware_pmf_cal_v1:core+monotone_pit_cdf_v1,phase8_role_aware_pmf_cal_v1+monotone_inactive_global_v1,core,projected_minutes,high,27.4006,29.5281,13.1292,29.5281,35.1493,8.9924,0.05,0.9302,0.4395,core,True,current_market_line,True,hardrockbet,hardrockbet,player_ast_over_under,1.5,1.5,0.5636,145.0,-185.0,0.386,0.614,0.4364,-129.0,129.0,0.1776,0.1776,-0.1776,2026-05-28T23:08:42.830387Z,full,provisional,lineup_unconfirmed,latest_valid_report_selected,projected,derived_from_projected_minutes,ok,finals_pending,current_phase8,ok,0.0,projected,not_available_yet,bdl_lineup_freshness_manifest,2026-05-28T22:48:42Z,bdl_plus_nba_official,2026-05-28T23:09:00Z
morning,2026-05-28T23:09:49Z,2026-05-28,21713533,38017685,Chet Holmgren,OKC,SAS,False,ast,"{""0"": 0.11131271739739389, ""1"": 0.3250391810715185, ""2"": 0.3464581916728747, ""3"": 0.1714265594992675, ""4"": 0.03354325341805652, ""5"": 0.010330109091725085, ""6"": 0.001611368278645204, ""7"": 0.0002477979576592699, ""8"": 2.8032383379270772e-05, ""9"": 2.2862634071061777e-06, ""10"": 4.5448072197177946e-07, ""11"": 3.962778921446888e-08, ""12"": 4.283187933873313e-09, ""13"": 4.574373830669286e-09}",1.7297,1.7297,2,2,0.1113,0.8887,0.5636,0.2172,0.0458,0.0122,0.0019,0.0003,0.0,0.0,0.0,0.0,0.0,0.0,0.0,0.0,0.0,0.0,0.0,0.0,0.0,12bafe90#phase10c,stat_grid:pmf_sim_v1+role_aware_pmf_cal_v1:core+monotone_pit_cdf_v1,phase8_role_aware_pmf_cal_v1+monotone_inactive_global_v1,core,projected_minutes,high,27.4006,29.5281,13.1292,29.5281,35.1493,8.9924,0.05,0.9302,0.4395,core,True,current_market_line,True,fliff,fliff,player_ast_over_under,1.5,1.5,0.5636,130.0,-190.0,0.3989,0.6011,0.4364,-129.0,129.0,0.1647,0.1647,-0.1647,2026-05-28T23:08:42.830387Z,full,provisional,lineup_unconfirmed,latest_valid_report_selected,projected,derived_from_projected_minutes,ok,finals_pending,current_phase8,ok,0.0,projected,not_available_yet,bdl_lineup_freshness_manifest,2026-05-28T22:48:42Z,bdl_plus_nba_official,2026-05-28T23:09:00Z
morning,2026-05-28T23:09:49Z,2026-05-28,21713533,38017685,Chet Holmgren,OKC,SAS,False,fg3m,"{""0"": 0.3713730548309836, ""1"": 0.36552169695625386, ""2"": 0.14924936378016632, ""3"": 0.11385588443259624}",1.0056,1.0056,1,0,0.3714,0.6286,0.2631,0.1139,0.0,0.0,0.0,0.0,0.0,0.0,0.0,0.0,0.0,0.0,0.0,0.0,0.0,0.0,0.0,0.0,0.0,12bafe90#phase10c,stat_grid:fg3m_hurdle_v1+role_aware_pmf_cal_v1:core+monotone_pit_cdf_v1+sparse_hurdle_guarded,phase8_role_aware_pmf_cal_v1+monotone_inactive_global_v1,core,projected_minutes,high,27.4006,29.5281,13.1292,29.5281,35.1493,8.9924,0.05,0.9302,0.4395,core,True,current_market_line,True,fanduel,fanduel,player_fg3m_over_under,1.5,1.5,0.2631,194.0,-270.0,0.3179,0.6821,0.7369,280.0,-280.0,-0.0548,-0.0548,0.0548,2026-05-28T23:08:42.830387Z,full,provisional,lineup_unconfirmed,latest_valid_report_selected,projected,derived_from_projected_minutes,ok,finals_pending,current_phase8,ok,0.0,projected,not_available_yet,bdl_lineup_freshness_manifest,2026-05-28T22:48:42Z,bdl_plus_nba_official,2026-05-28T23:09:00Z
morning,2026-05-28T23:09:49Z,2026-05-28,21713533,38017685,Chet Holmgren,OKC,SAS,False,fg3m,"{""0"": 0.3713730548309836, ""1"": 0.36552169695625386, ""2"": 0.14924936378016632, ""3"": 0.11385588443259624}",1.0056,1.0056,1,0,0.3714,0.6286,0.2631,0.1139,0.0,0.0,0.0,0.0,0.0,0.0,0.0,0.0,0.0,0.0,0.0,0.0,0.0,0.0,0.0,0.0,0.0,12bafe90#phase10c,stat_grid:fg3m_hurdle_v1+role_aware_pmf_cal_v1:core+monotone_pit_cdf_v1+sparse_hurdle_guarded,phase8_role_aware_pmf_cal_v1+monotone_inactive_global_v1,core,projected_minutes,high,27.4006,29.5281,13.1292,29.5281,35.1493,8.9924,0.05,0.9302,0.4395,core,True,current_market_line,True,fanduel,fanduel,player_fg3m_over_under,0.5,0.5,0.6286,-235.0,180.0,0.6626,0.3374,0.3714,-169.0,169.0,-0.034,-0.034,0.034,2026-05-28T23:08:42.830387Z,full,provisional,lineup_unconfirmed,latest_valid_report_selected,projected,derived_from_projected_minutes,ok,finals_pending,current_phase8,ok,0.0,projected,not_available_yet,bdl_lineup_freshness_manifest,2026-05-28T22:48:42Z,bdl_plus_nba_official,2026-05-28T23:09:00Z
morning,2026-05-28T23:09:49Z,2026-05-28,21713533,38017685,Chet Holmgren,OKC,SAS,False,fg3m,"{""0"": 0.3713730548309836, ""1"": 0.36552169695625386, ""2"": 0.14924936378016632, ""3"": 0.11385588443259624}",1.0056,1.0056,1,0,0.3714,0.6286,0.2631,0.1139,0.0,0.0,0.0,0.0,0.0,0.0,0.0,0.0,0.0,0.0,0.0,0.0,0.0,0.0,0.0,0.0,0.0,12bafe90#phase10c,stat_grid:fg3m_hurdle_v1+role_aware_pmf_cal_v1:core+monotone_pit_cdf_v1+sparse_hurdle_guarded,phase8_role_aware_pmf_cal_v1+monotone_inactive_global_v1,core,projected_minutes,high,27.4006,29.5281,13.1292,29.5281,35.1493,8.9924,0.05,0.9302,0.4395,core,True,current_market_line,True,fanduel,fanduel,player_fg3m_over_under,2.5,2.5,0.1139,630.0,-1400.0,0.128,0.872,0.8861,778.0,-778.0,-0.0141,-0.0141,0.0141,2026-05-28T23:08:42.830387Z,full,provisional,lineup_unconfirmed,latest_valid_report_selected,projected,derived_from_projected_minutes,ok,finals_pending,current_phase8,ok,0.0,projected,not_available_yet,bdl_lineup_freshness_manifest,2026-05-28T22:48:42Z,bdl_plus_nba_official,2026-05-28T23:09:00Z
morning,2026-05-28T23:09:49Z,2026-05-28,21713533,38017685,Chet Holmgren,OKC,SAS,False,fg3m,"{""0"": 0.3713730548309836, ""1"": 0.36552169695625386, ""2"": 0.14924936378016632, ""3"": 0.11385588443259624}",1.0056,1.0056,1,0,0.3714,0.6286,0.2631,0.1139,0.0,0.0,0.0,0.0,0.0,0.0,0.0,0.0,0.0,0.0,0.0,0.0,0.0,0.0,0.0,0.0,0.0,12bafe90#phase10c,stat_grid:fg3m_hurdle_v1+role_aware_pmf_cal_v1:core+monotone_pit_cdf_v1+sparse_hurdle_guarded,phase8_role_aware_pmf_cal_v1+monotone_inactive_global_v1,core,projected_minutes,high,27.4006,29.5281,13.1292,29.5281,35.1493,8.9924,0.05,0.9302,0.4395,core,True,current_market_line,True,betmgm,betmgm,player_fg3m_over_under,0.5,0.5,0.6286,-190.0,140.0,0.6113,0.3887,0.3714,-169.0,169.0,0.0174,0.0174,-0.0174,2026-05-28T23:08:42.830387Z,full,provisional,lineup_unconfirmed,latest_valid_report_selected,projected,derived_from_projected_minutes,ok,finals_pending,current_phase8,ok,0.0,projected,not_available_yet,bdl_lineup_freshness_manifest,2026-05-28T22:48:42Z,bdl_plus_nba_official,2026-05-28T23:09:00Z
morning,2026-05-28T23:09:49Z,2026-05-28,21713533,38017685,Chet Holmgren,OKC,SAS,False,fg3m,"{""0"": 0.3713730548309836, ""1"": 0.36552169695625386, ""2"": 0.14924936378016632, ""3"": 0.11385588443259624}",1.0056,1.0056,1,0,0.3714,0.6286,0.2631,0.1139,0.0,0.0,0.0,0.0,0.0,0.0,0.0,0.0,0.0,0.0,0.0,0.0,0.0,0.0,0.0,0.0,0.0,12bafe90#phase10c,stat_grid:fg3m_hurdle_v1+role_aware_pmf_cal_v1:core+monotone_pit_cdf_v1+sparse_hurdle_guarded,phase8_role_aware_pmf_cal_v1+monotone_inactive_global_v1,core,projected_minutes,high,27.4006,29.5281,13.1292,29.5281,35.1493,8.9924,0.05,0.9302,0.4395,core,True,current_market_line,True,betrivers,betrivers,player_fg3m_over_under,1.5,1.5,0.2631,190.0,-278.0,0.3192,0.6808,0.7369,280.0,-280.0,-0.0561,-0.0561,0.0561,2026-05-28T23:08:42.830387Z,full,provisional,lineup_unconfirmed,latest_valid_report_selected,projected,derived_from_projected_minutes,ok,finals_pending,current_phase8,ok,0.0,projected,not_available_yet,bdl_lineup_freshness_manifest,2026-05-28T22:48:42Z,bdl_plus_nba_official,2026-05-28T23:09:00Z
morning,2026-05-28T23:09:49Z,2026-05-28,21713533,38017685,Chet Holmgren,OKC,SAS,False,fg3m,"{""0"": 0.3713730548309836, ""1"": 0.36552169695625386, ""2"": 0.14924936378016632, ""3"": 0.11385588443259624}",1.0056,1.0056,1,0,0.3714,0.6286,0.2631,0.1139,0.0,0.0,0.0,0.0,0.0,0.0,0.0,0.0,0.0,0.0,0.0,0.0,0.0,0.0,0.0,0.0,0.0,12bafe90#phase10c,stat_grid:fg3m_hurdle_v1+role_aware_pmf_cal_v1:core+monotone_pit_cdf_v1+sparse_hurdle_guarded,phase8_role_aware_pmf_cal_v1+monotone_inactive_global_v1,core,projected_minutes,high,27.4006,29.5281,13.1292,29.5281,35.1493,8.9924,0.05,0.9302,0.4395,core,True,current_market_line,True,draftkings,draftkings,player_fg3m_over_under,0.5,0.5,0.6286,-235.0,176.0,0.6594,0.3406,0.3714,-169.0,169.0,-0.0308,-0.0308,0.0308,2026-05-28T23:08:42.830387Z,full,provisional,lineup_unconfirmed,latest_valid_report_selected,projected,derived_from_projected_minutes,ok,finals_pending,current_phase8,ok,0.0,projected,not_available_yet,bdl_lineup_freshness_manifest,2026-05-28T22:48:42Z,bdl_plus_nba_official,2026-05-28T23:09:00Z
morning,2026-05-28T23:09:49Z,2026-05-28,21713533,38017685,Chet Holmgren,OKC,SAS,False,fg3m,"{""0"": 0.3713730548309836, ""1"": 0.36552169695625386, ""2"": 0.14924936378016632, ""3"": 0.11385588443259624}",1.0056,1.0056,1,0,0.3714,0.6286,0.2631,0.1139,0.0,0.0,0.0,0.0,0.0,0.0,0.0,0.0,0.0,0.0,0.0,0.0,0.0,0.0,0.0,0.0,0.0,12bafe90#phase10c,stat_grid:fg3m_hurdle_v1+role_aware_pmf_cal_v1:core+monotone_pit_cdf_v1+sparse_hurdle_guarded,phase8_role_aware_pmf_cal_v1+monotone_inactive_global_v1,core,projected_minutes,high,27.4006,29.5281,13.1292,29.5281,35.1493,8.9924,0.05,0.9302,0.4395,core,True,current_market_line,True,bovada,bovada,player_fg3m_over_under,1.5,1.5,0.2631,190.0,-260.0,0.3232,0.6768,0.7369,280.0,-280.0,-0.0601,-0.0601,0.0601,2026-05-28T23:08:42.830387Z,full,provisional,lineup_unconfirmed,latest_valid_report_selected,projected,derived_from_projected_minutes,ok,finals_pending,current_phase8,ok,0.0,projected,not_available_yet,bdl_lineup_freshness_manifest,2026-05-28T22:48:42Z,bdl_plus_nba_official,2026-05-28T23:09:00Z
morning,2026-05-28T23:09:49Z,2026-05-28,21713533,38017685,Chet Holmgren,OKC,SAS,False,fg3m,"{""0"": 0.3713730548309836, ""1"": 0.36552169695625386, ""2"": 0.14924936378016632, ""3"": 0.11385588443259624}",1.0056,1.0056,1,0,0.3714,0.6286,0.2631,0.1139,0.0,0.0,0.0,0.0,0.0,0.0,0.0,0.0,0.0,0.0,0.0,0.0,0.0,0.0,0.0,0.0,0.0,12bafe90#phase10c,stat_grid:fg3m_hurdle_v1+role_aware_pmf_cal_v1:core+monotone_pit_cdf_v1+sparse_hurdle_guarded,phase8_role_aware_pmf_cal_v1+monotone_inactive_global_v1,core,projected_minutes,high,27.4006,29.5281,13.1292,29.5281,35.1493,8.9924,0.05,0.9302,0.4395,core,True,current_market_line,True,bovada,bovada,player_fg3m_over_under,0.5,0.5,0.6286,-240.0,175.0,0.66,0.34,0.3714,-169.0,169.0,-0.0314,-0.0314,0.0314,2026-05-28T23:08:42.830387Z,full,provisional,lineup_unconfirmed,latest_valid_report_selected,projected,derived_from_projected_minutes,ok,finals_pending,current_phase8,ok,0.0,projected,not_available_yet,bdl_lineup_freshness_manifest,2026-05-28T22:48:42Z,bdl_plus_nba_official,2026-05-28T23:09:00Z
morning,2026-05-28T23:09:49Z,2026-05-28,21713533,38017685,Chet Holmgren,OKC,SAS,False,fg3m,"{""0"": 0.3713730548309836, ""1"": 0.36552169695625386, ""2"": 0.14924936378016632, ""3"": 0.11385588443259624}",1.0056,1.0056,1,0,0.3714,0.6286,0.2631,0.1139,0.0,0.0,0.0,0.0,0.0,0.0,0.0,0.0,0.0,0.0,0.0,0.0,0.0,0.0,0.0,0.0,0.0,12bafe90#phase10c,stat_grid:fg3m_hurdle_v1+role_aware_pmf_cal_v1:core+monotone_pit_cdf_v1+sparse_hurdle_guarded,phase8_role_aware_pmf_cal_v1+monotone_inactive_global_v1,core,projected_minutes,high,27.4006,29.5281,13.1292,29.5281,35.1493,8.9924,0.05,0.9302,0.4395,core,True,current_market_line,True,hardrockbet,hardrockbet,player_fg3m_over_under,0.5,0.5,0.6286,-225.0,170.0,0.6515,0.3485,0.3714,-169.0,169.0,-0.0228,-0.0228,0.0228,2026-05-28T23:08:42.830387Z,full,provisional,lineup_unconfirmed,latest_valid_report_selected,projected,derived_from_projected_minutes,ok,finals_pending,current_phase8,ok,0.0,projected,not_available_yet,bdl_lineup_freshness_manifest,2026-05-28T22:48:42Z,bdl_plus_nba_official,2026-05-28T23:09:00Z
morning,2026-05-28T23:09:49Z,2026-05-28,21713533,38017685,Chet Holmgren,OKC,SAS,False,fg3m,"{""0"": 0.3713730548309836, ""1"": 0.36552169695625386, ""2"": 0.14924936378016632, ""3"": 0.11385588443259624}",1.0056,1.0056,1,0,0.3714,0.6286,0.2631,0.1139,0.0,0.0,0.0,0.0,0.0,0.0,0.0,0.0,0.0,0.0,0.0,0.0,0.0,0.0,0.0,0.0,0.0,12bafe90#phase10c,stat_grid:fg3m_hurdle_v1+role_aware_pmf_cal_v1:core+monotone_pit_cdf_v1+sparse_hurdle_guarded,phase8_role_aware_pmf_cal_v1+monotone_inactive_global_v1,core,projected_minutes,high,27.4006,29.5281,13.1292,29.5281,35.1493,8.9924,0.05,0.9302,0.4395,core,True,current_market_line,True,hardrockbet_fl,hardrockbet_fl,player_fg3m_over_under,0.5,0.5,0.6286,-225.0,170.0,0.6515,0.3485,0.3714,-169.0,169.0,-0.0228,-0.0228,0.0228,2026-05-28T23:08:42.830387Z,full,provisional,lineup_unconfirmed,latest_valid_report_selected,projected,derived_from_projected_minutes,ok,finals_pending,current_phase8,ok,0.0,projected,not_available_yet,bdl_lineup_freshness_manifest,2026-05-28T22:48:42Z,bdl_plus_nba_official,2026-05-28T23:09:00Z
morning,2026-05-28T23:09:49Z,2026-05-28,21713533,38017685,Chet Holmgren,OKC,SAS,False,fg3m,"{""0"": 0.3713730548309836, ""1"": 0.36552169695625386, ""2"": 0.14924936378016632, ""3"": 0.11385588443259624}",1.0056,1.0056,1,0,0.3714,0.6286,0.2631,0.1139,0.0,0.0,0.0,0.0,0.0,0.0,0.0,0.0,0.0,0.0,0.0,0.0,0.0,0.0,0.0,0.0,0.0,12bafe90#phase10c,stat_grid:fg3m_hurdle_v1+role_aware_pmf_cal_v1:core+monotone_pit_cdf_v1+sparse_hurdle_guarded,phase8_role_aware_pmf_cal_v1+monotone_inactive_global_v1,core,projected_minutes,high,27.4006,29.5281,13.1292,29.5281,35.1493,8.9924,0.05,0.9302,0.4395,core,True,current_market_line,True,rebet,rebet,player_fg3m_over_under,0.5,0.5,0.6286,-202.0,156.0,0.6313,0.3687,0.3714,-169.0,169.0,-0.0027,-0.0027,0.0027,2026-05-28T23:08:42.830387Z,full,provisional,lineup_unconfirmed,latest_valid_report_selected,projected,derived_from_projected_minutes,ok,finals_pending,current_phase8,ok,0.0,projected,not_available_yet,bdl_lineup_freshness_manifest,2026-05-28T22:48:42Z,bdl_plus_nba_official,2026-05-28T23:09:00Z
morning,2026-05-28T23:09:49Z,2026-05-28,21713533,38017685,Chet Holmgren,OKC,SAS,False,fg3m,"{""0"": 0.3713730548309836, ""1"": 0.36552169695625386, ""2"": 0.14924936378016632, ""3"": 0.11385588443259624}",1.0056,1.0056,1,0,0.3714,0.6286,0.2631,0.1139,0.0,0.0,0.0,0.0,0.0,0.0,0.0,0.0,0.0,0.0,0.0,0.0,0.0,0.0,0.0,0.0,0.0,12bafe90#phase10c,stat_grid:fg3m_hurdle_v1+role_aware_pmf_cal_v1:core+monotone_pit_cdf_v1+sparse_hurdle_guarded,phase8_role_aware_pmf_cal_v1+monotone_inactive_global_v1,core,projected_minutes,high,27.4006,29.5281,13.1292,29.5281,35.1493,8.9924,0.05,0.9302,0.4395,core,True,current_market_line,True,hardrockbet_az,hardrockbet_az,player_fg3m_over_under,0.5,0.5,0.6286,-225.0,170.0,0.6515,0.3485,0.3714,-169.0,169.0,-0.0228,-0.0228,0.0228,2026-05-28T23:08:42.830387Z,full,provisional,lineup_unconfirmed,latest_valid_report_selected,projected,derived_from_projected_minutes,ok,finals_pending,current_phase8,ok,0.0,projected,not_available_yet,bdl_lineup_freshness_manifest,2026-05-28T22:48:42Z,bdl_plus_nba_official,2026-05-28T23:09:00Z
morning,2026-05-28T23:09:49Z,2026-05-28,21713533,38017685,Chet Holmgren,OKC,SAS,False,fg3m,"{""0"": 0.3713730548309836, ""1"": 0.36552169695625386, ""2"": 0.14924936378016632, ""3"": 0.11385588443259624}",1.0056,1.0056,1,0,0.3714,0.6286,0.2631,0.1139,0.0,0.0,0.0,0.0,0.0,0.0,0.0,0.0,0.0,0.0,0.0,0.0,0.0,0.0,0.0,0.0,0.0,12bafe90#phase10c,stat_grid:fg3m_hurdle_v1+role_aware_pmf_cal_v1:core+monotone_pit_cdf_v1+sparse_hurdle_guarded,phase8_role_aware_pmf_cal_v1+monotone_inactive_global_v1,core,projected_minutes,high,27.4006,29.5281,13.1292,29.5281,35.1493,8.9924,0.05,0.9302,0.4395,core,True,current_market_line,True,betparx,betparx,player_fg3m_over_under,1.5,1.5,0.2631,200.0,-278.0,0.3119,0.6881,0.7369,280.0,-280.0,-0.0488,-0.0488,0.0488,2026-05-28T23:08:42.830387Z,full,provisional,lineup_unconfirmed,latest_valid_report_selected,projected,derived_from_projected_minutes,ok,finals_pending,current_phase8,ok,0.0,projected,not_available_yet,bdl_lineup_freshness_manifest,2026-05-28T22:48:42Z,bdl_plus_nba_official,2026-05-28T23:09:00Z
morning,2026-05-28T23:09:49Z,2026-05-28,21713533,38017685,Chet Holmgren,OKC,SAS,False,fg3m,"{""0"": 0.3713730548309836, ""1"": 0.36552169695625386, ""2"": 0.14924936378016632, ""3"": 0.11385588443259624}",1.0056,1.0056,1,0,0.3714,0.6286,0.2631,0.1139,0.0,0.0,0.0,0.0,0.0,0.0,0.0,0.0,0.0,0.0,0.0,0.0,0.0,0.0,0.0,0.0,0.0,12bafe90#phase10c,stat_grid:fg3m_hurdle_v1+role_aware_pmf_cal_v1:core+monotone_pit_cdf_v1+sparse_hurdle_guarded,phase8_role_aware_pmf_cal_v1+monotone_inactive_global_v1,core,projected_minutes,high,27.4006,29.5281,13.1292,29.5281,35.1493,8.9924,0.05,0.9302,0.4395,core,True,current_market_line,True,fliff,fliff,player_fg3m_over_under,0.5,0.5,0.6286,-230.0,155.0,0.6399,0.3601,0.3714,-169.0,169.0,-0.0113,-0.0113,0.0113,2026-05-28T23:08:42.830387Z,full,provisional,lineup_unconfirmed,latest_valid_report_selected,projected,derived_from_projected_minutes,ok,finals_pending,current_phase8,ok,0.0,projected,not_available_yet,bdl_lineup_freshness_manifest,2026-05-28T22:48:42Z,bdl_plus_nba_official,2026-05-28T23:09:00Z
morning,2026-05-28T23:09:49Z,2026-05-28,21713533,38017685,Chet Holmgren,OKC,SAS,False,fg3m,"{""0"": 0.3713730548309836, ""1"": 0.36552169695625386, ""2"": 0.14924936378016632, ""3"": 0.11385588443259624}",1.0056,1.0056,1,0,0.3714,0.6286,0.2631,0.1139,0.0,0.0,0.0,0.0,0.0,0.0,0.0,0.0,0.0,0.0,0.0,0.0,0.0,0.0,0.0,0.0,0.0,12bafe90#phase10c,stat_grid:fg3m_hurdle_v1+role_aware_pmf_cal_v1:core+monotone_pit_cdf_v1+sparse_hurdle_guarded,phase8_role_aware_pmf_cal_v1+monotone_inactive_global_v1,core,projected_minutes,high,27.4006,29.5281,13.1292,29.5281,35.1493,8.9924,0.05,0.9302,0.4395,core,True,current_market_line,True,espnbet,espnbet,player_fg3m_over_under,0.5,0.5,0.6286,-215.0,160.0,0.6396,0.3604,0.3714,-169.0,169.0,-0.011,-0.011,0.011,2026-05-28T23:08:42.830387Z,full,provisional,lineup_unconfirmed,latest_valid_report_selected,projected,derived_from_projected_minutes,ok,finals_pending,current_phase8,ok,0.0,projected,not_available_yet,bdl_lineup_freshness_manifest,2026-05-28T22:48:42Z,bdl_plus_nba_official,2026-05-28T23:09:00Z
morning,2026-05-28T23:09:49Z,2026-05-28,21713533,38017685,Chet Holmgren,OKC,SAS,False,fg3m,"{""0"": 0.3713730548309836, ""1"": 0.36552169695625386, ""2"": 0.14924936378016632, ""3"": 0.11385588443259624}",1.0056,1.0056,1,0,0.3714,0.6286,0.2631,0.1139,0.0,0.0,0.0,0.0,0.0,0.0,0.0,0.0,0.0,0.0,0.0,0.0,0.0,0.0,0.0,0.0,0.0,12bafe90#phase10c,stat_grid:fg3m_hurdle_v1+role_aware_pmf_cal_v1:core+monotone_pit_cdf_v1+sparse_hurdle_guarded,phase8_role_aware_pmf_cal_v1+monotone_inactive_global_v1,core,projected_minutes,high,27.4006,29.5281,13.1292,29.5281,35.1493,8.9924,0.05,0.9302,0.4395,core,True,current_market_line,True,espnbet,espnbet,player_fg3m_over_under,1.5,1.5,0.2631,200.0,-275.0,0.3125,0.6875,0.7369,280.0,-280.0,-0.0494,-0.0494,0.0494,2026-05-28T23:08:42.830387Z,full,provisional,lineup_unconfirmed,latest_valid_report_selected,projected,derived_from_projected_minutes,ok,finals_pending,current_phase8,ok,0.0,projected,not_available_yet,bdl_lineup_freshness_manifest,2026-05-28T22:48:42Z,bdl_plus_nba_official,2026-05-28T23:09:00Z
morning,2026-05-28T23:09:49Z,2026-05-28,21713533,38017685,Chet Holmgren,OKC,SAS,False,fg3m,"{""0"": 0.3713730548309836, ""1"": 0.36552169695625386, ""2"": 0.14924936378016632, ""3"": 0.11385588443259624}",1.0056,1.0056,1,0,0.3714,0.6286,0.2631,0.1139,0.0,0.0,0.0,0.0,0.0,0.0,0.0,0.0,0.0,0.0,0.0,0.0,0.0,0.0,0.0,0.0,0.0,12bafe90#phase10c,stat_grid:fg3m_hurdle_v1+role_aware_pmf_cal_v1:core+monotone_pit_cdf_v1+sparse_hurdle_guarded,phase8_role_aware_pmf_cal_v1+monotone_inactive_global_v1,core,projected_minutes,high,27.4006,29.5281,13.1292,29.5281,35.1493,8.9924,0.05,0.9302,0.4395,core,True,current_market_line,True,espnbet,espnbet,player_fg3m_over_under,2.5,2.5,0.1139,650.0,-1600.0,0.1241,0.8759,0.8861,778.0,-778.0,-0.0102,-0.0102,0.0102,2026-05-28T23:08:42.830387Z,full,provisional,lineup_unconfirmed,latest_valid_report_selected,projected,derived_from_projected_minutes,ok,finals_pending,current_phase8,ok,0.0,projected,not_available_yet,bdl_lineup_freshness_manifest,2026-05-28T22:48:42Z,bdl_plus_nba_official,2026-05-28T23:09:00Z
morning,2026-05-28T23:09:49Z,2026-05-28,21713533,38017685,Chet Holmgren,OKC,SAS,False,tov,"{""0"": 0.14999150208139692, ""1"": 0.4841899111768311, ""2"": 0.33783255338750035, ""3"": 0.027291096160796835, ""4"": 0.0006906089554603424, ""5"": 4.310733395213871e-06, ""6"": 1.739004821007532e-08, ""7"": 1.1431053643217933e-10, ""8"": 2.605033962002834e-13}",1.2445,1.2445,1,1,0.15,0.85,0.3658,0.028,0.0007,0.0,0.0,0.0,0.0,0.0,0.0,0.0,0.0,0.0,0.0,0.0,0.0,0.0,0.0,0.0,0.0,12bafe90#phase10c,stat_grid:pmf_sim_v1+role_aware_pmf_cal_v1:core+monotone_pit_cdf_v1+sparse_hurdle_guarded,phase8_role_aware_pmf_cal_v1+monotone_inactive_global_v1,core,projected_minutes,high,27.4006,29.5281,13.1292,29.5281,35.1493,8.9924,0.05,0.9302,0.4395,core,True,current_market_line,True,,,player_tov_over_under,,,,,,,,,,,,,,,no_market,provisional,lineup_unconfirmed,latest_valid_report_selected,projected,derived_from_projected_minutes,ok,finals_pending,current_phase8,ok,0.0,projected,not_available_yet,bdl_lineup_freshness_manifest,2026-05-28T22:48:42Z,bdl_plus_nba_official,2026-05-28T23:09:00Z
morning,2026-05-28T23:09:49Z,2026-05-28,21713533,38017685,Chet Holmgren,OKC,SAS,False,stl,"{""0"": 0.6298829532179647, ""1"": 0.2634659606109929, ""2"": 0.08677018758337518, ""3"": 0.014111872392753575, ""4"": 0.0057690261949136425}",0.5024,0.5024,0,0,0.6299,0.3701,0.1067,0.0199,0.0058,0.0,0.0,0.0,0.0,0.0,0.0,0.0,0.0,0.0,0.0,0.0,0.0,0.0,0.0,0.0,0.0,12bafe90#phase10c,stat_grid:hurdle_v1+role_aware_pmf_cal_v1:core+monotone_pit_cdf_v1+sparse_hurdle_guarded,phase8_role_aware_pmf_cal_v1+monotone_inactive_global_v1,core,projected_minutes,high,27.4006,29.5281,13.1292,29.5281,35.1493,8.9924,0.05,0.9302,0.4395,core,True,current_market_line,True,draftkings,draftkings,player_stl_over_under,0.5,0.5,0.3701,-160.0,121.0,0.5763,0.4237,0.6299,170.0,-170.0,-0.2062,-0.2062,0.2062,2026-05-28T23:08:42.830387Z,full,provisional,lineup_unconfirmed,latest_valid_report_selected,projected,derived_from_projected_minutes,ok,finals_pending,current_phase8,ok,0.0,projected,not_available_yet,bdl_lineup_freshness_manifest,2026-05-28T22:48:42Z,bdl_plus_nba_official,2026-05-28T23:09:00Z
morning,2026-05-28T23:09:49Z,2026-05-28,21713533,38017685,Chet Holmgren,OKC,SAS,False,stl,"{""0"": 0.6298829532179647, ""1"": 0.2634659606109929, ""2"": 0.08677018758337518, ""3"": 0.014111872392753575, ""4"": 0.0057690261949136425}",0.5024,0.5024,0,0,0.6299,0.3701,0.1067,0.0199,0.0058,0.0,0.0,0.0,0.0,0.0,0.0,0.0,0.0,0.0,0.0,0.0,0.0,0.0,0.0,0.0,0.0,12bafe90#phase10c,stat_grid:hurdle_v1+role_aware_pmf_cal_v1:core+monotone_pit_cdf_v1+sparse_hurdle_guarded,phase8_role_aware_pmf_cal_v1+monotone_inactive_global_v1,core,projected_minutes,high,27.4006,29.5281,13.1292,29.5281,35.1493,8.9924,0.05,0.9302,0.4395,core,True,current_market_line,True,bovada,bovada,player_stl_over_under,0.5,0.5,0.3701,-160.0,120.0,0.5752,0.4248,0.6299,170.0,-170.0,-0.205,-0.205,0.205,2026-05-28T23:08:42.830387Z,full,provisional,lineup_unconfirmed,latest_valid_report_selected,projected,derived_from_projected_minutes,ok,finals_pending,current_phase8,ok,0.0,projected,not_available_yet,bdl_lineup_freshness_manifest,2026-05-28T22:48:42Z,bdl_plus_nba_official,2026-05-28T23:09:00Z
morning,2026-05-28T23:09:49Z,2026-05-28,21713533,38017685,Chet Holmgren,OKC,SAS,False,stl,"{""0"": 0.6298829532179647, ""1"": 0.2634659606109929, ""2"": 0.08677018758337518, ""3"": 0.014111872392753575, ""4"": 0.0057690261949136425}",0.5024,0.5024,0,0,0.6299,0.3701,0.1067,0.0199,0.0058,0.0,0.0,0.0,0.0,0.0,0.0,0.0,0.0,0.0,0.0,0.0,0.0,0.0,0.0,0.0,0.0,12bafe90#phase10c,stat_grid:hurdle_v1+role_aware_pmf_cal_v1:core+monotone_pit_cdf_v1+sparse_hurdle_guarded,phase8_role_aware_pmf_cal_v1+monotone_inactive_global_v1,core,projected_minutes,high,27.4006,29.5281,13.1292,29.5281,35.1493,8.9924,0.05,0.9302,0.4395,core,True,current_market_line,True,hardrockbet,hardrockbet,player_stl_over_under,0.5,0.5,0.3701,-165.0,120.0,0.578,0.422,0.6299,170.0,-170.0,-0.2079,-0.2079,0.2079,2026-05-28T23:08:42.830387Z,full,provisional,lineup_unconfirmed,latest_valid_report_selected,projected,derived_from_projected_minutes,ok,finals_pending,current_phase8,ok,0.0,projected,not_available_yet,bdl_lineup_freshness_manifest,2026-05-28T22:48:42Z,bdl_plus_nba_official,2026-05-28T23:09:00Z
morning,2026-05-28T23:09:49Z,2026-05-28,21713533,38017685,Chet Holmgren,OKC,SAS,False,stl,"{""0"": 0.6298829532179647, ""1"": 0.2634659606109929, ""2"": 0.08677018758337518, ""3"": 0.014111872392753575, ""4"": 0.0057690261949136425}",0.5024,0.5024,0,0,0.6299,0.3701,0.1067,0.0199,0.0058,0.0,0.0,0.0,0.0,0.0,0.0,0.0,0.0,0.0,0.0,0.0,0.0,0.0,0.0,0.0,0.0,12bafe90#phase10c,stat_grid:hurdle_v1+role_aware_pmf_cal_v1:core+monotone_pit_cdf_v1+sparse_hurdle_guarded,phase8_role_aware_pmf_cal_v1+monotone_inactive_global_v1,core,projected_minutes,high,27.4006,29.5281,13.1292,29.5281,35.1493,8.9924,0.05,0.9302,0.4395,core,True,current_market_line,True,hardrockbet_fl,hardrockbet_fl,player_stl_over_under,0.5,0.5,0.3701,-165.0,120.0,0.578,0.422,0.6299,170.0,-170.0,-0.2079,-0.2079,0.2079,2026-05-28T23:08:42.830387Z,full,provisional,lineup_unconfirmed,latest_valid_report_selected,projected,derived_from_projected_minutes,ok,finals_pending,current_phase8,ok,0.0,projected,not_available_yet,bdl_lineup_freshness_manifest,2026-05-28T22:48:42Z,bdl_plus_nba_official,2026-05-28T23:09:00Z
morning,2026-05-28T23:09:49Z,2026-05-28,21713533,38017685,Chet Holmgren,OKC,SAS,False,stl,"{""0"": 0.6298829532179647, ""1"": 0.2634659606109929, ""2"": 0.08677018758337518, ""3"": 0.014111872392753575, ""4"": 0.0057690261949136425}",0.5024,0.5024,0,0,0.6299,0.3701,0.1067,0.0199,0.0058,0.0,0.0,0.0,0.0,0.0,0.0,0.0,0.0,0.0,0.0,0.0,0.0,0.0,0.0,0.0,0.0,12bafe90#phase10c,stat_grid:hurdle_v1+role_aware_pmf_cal_v1:core+monotone_pit_cdf_v1+sparse_hurdle_guarded,phase8_role_aware_pmf_cal_v1+monotone_inactive_global_v1,core,projected_minutes,high,27.4006,29.5281,13.1292,29.5281,35.1493,8.9924,0.05,0.9302,0.4395,core,True,current_market_line,True,hardrockbet_az,hardrockbet_az,player_stl_over_under,0.5,0.5,0.3701,-165.0,120.0,0.578,0.422,0.6299,170.0,-170.0,-0.2079,-0.2079,0.2079,2026-05-28T23:08:42.830387Z,full,provisional,lineup_unconfirmed,latest_valid_report_selected,projected,derived_from_projected_minutes,ok,finals_pending,current_phase8,ok,0.0,projected,not_available_yet,bdl_lineup_freshness_manifest,2026-05-28T22:48:42Z,bdl_plus_nba_official,2026-05-28T23:09:00Z
morning,2026-05-28T23:09:49Z,2026-05-28,21713533,38017685,Chet Holmgren,OKC,SAS,False,stl,"{""0"": 0.6298829532179647, ""1"": 0.2634659606109929, ""2"": 0.08677018758337518, ""3"": 0.014111872392753575, ""4"": 0.0057690261949136425}",0.5024,0.5024,0,0,0.6299,0.3701,0.1067,0.0199,0.0058,0.0,0.0,0.0,0.0,0.0,0.0,0.0,0.0,0.0,0.0,0.0,0.0,0.0,0.0,0.0,0.0,12bafe90#phase10c,stat_grid:hurdle_v1+role_aware_pmf_cal_v1:core+monotone_pit_cdf_v1+sparse_hurdle_guarded,phase8_role_aware_pmf_cal_v1+monotone_inactive_global_v1,core,projected_minutes,high,27.4006,29.5281,13.1292,29.5281,35.1493,8.9924,0.05,0.9302,0.4395,core,True,current_market_line,True,betparx,betparx,player_stl_over_under,0.5,0.5,0.3701,-195.0,145.0,0.6182,0.3818,0.6299,170.0,-170.0,-0.2481,-0.2481,0.2481,2026-05-28T23:08:42.830387Z,full,provisional,lineup_unconfirmed,latest_valid_report_selected,projected,derived_from_projected_minutes,ok,finals_pending,current_phase8,ok,0.0,projected,not_available_yet,bdl_lineup_freshness_manifest,2026-05-28T22:48:42Z,bdl_plus_nba_official,2026-05-28T23:09:00Z
morning,2026-05-28T23:09:49Z,2026-05-28,21713533,38017685,Chet Holmgren,OKC,SAS,False,blk,"{""0"": 0.35408774061869447, ""1"": 0.4998270736520323, ""2"": 0.08827703799017479, ""3"": 0.049005322448790654, ""4"": 0.007666408863420164, ""5"": 0.0011364164268875916}",0.8597,0.8597,1,1,0.3541,0.6459,0.1461,0.0578,0.0088,0.0011,0.0,0.0,0.0,0.0,0.0,0.0,0.0,0.0,0.0,0.0,0.0,0.0,0.0,0.0,0.0,12bafe90#phase10c,stat_grid:hurdle_v1+role_aware_pmf_cal_v1:core+monotone_pit_cdf_v1+sparse_hurdle_guarded,phase8_role_aware_pmf_cal_v1+monotone_inactive_global_v1,core,projected_minutes,high,27.4006,29.5281,13.1292,29.5281,35.1493,8.9924,0.05,0.9302,0.4395,core,True,current_market_line,True,fanduel,fanduel,player_blk_over_under,1.5,1.5,0.1461,116.0,-158.0,0.4305,0.5695,0.8539,585.0,-585.0,-0.2844,-0.2844,0.2844,2026-05-28T23:08:42.830387Z,full,provisional,lineup_unconfirmed,latest_valid_report_selected,projected,derived_from_projected_minutes,ok,finals_pending,current_phase8,ok,0.0,projected,not_available_yet,bdl_lineup_freshness_manifest,2026-05-28T22:48:42Z,bdl_plus_nba_official,2026-05-28T23:09:00Z
morning,2026-05-28T23:09:49Z,2026-05-28,21713533,38017685,Chet Holmgren,OKC,SAS,False,blk,"{""0"": 0.35408774061869447, ""1"": 0.4998270736520323, ""2"": 0.08827703799017479, ""3"": 0.049005322448790654, ""4"": 0.007666408863420164, ""5"": 0.0011364164268875916}",0.8597,0.8597,1,1,0.3541,0.6459,0.1461,0.0578,0.0088,0.0011,0.0,0.0,0.0,0.0,0.0,0.0,0.0,0.0,0.0,0.0,0.0,0.0,0.0,0.0,0.0,12bafe90#phase10c,stat_grid:hurdle_v1+role_aware_pmf_cal_v1:core+monotone_pit_cdf_v1+sparse_hurdle_guarded,phase8_role_aware_pmf_cal_v1+monotone_inactive_global_v1,core,projected_minutes,high,27.4006,29.5281,13.1292,29.5281,35.1493,8.9924,0.05,0.9302,0.4395,core,True,current_market_line,True,bovada,bovada,player_blk_over_under,1.5,1.5,0.1461,100.0,-130.0,0.4694,0.5306,0.8539,585.0,-585.0,-0.3233,-0.3233,0.3233,2026-05-28T23:08:42.830387Z,full,provisional,lineup_unconfirmed,latest_valid_report_selected,projected,derived_from_projected_minutes,ok,finals_pending,current_phase8,ok,0.0,projected,not_available_yet,bdl_lineup_freshness_manifest,2026-05-28T22:48:42Z,bdl_plus_nba_official,2026-05-28T23:09:00Z
morning,2026-05-28T23:09:49Z,2026-05-28,21713533,38017685,Chet Holmgren,OKC,SAS,False,blk,"{""0"": 0.35408774061869447, ""1"": 0.4998270736520323, ""2"": 0.08827703799017479, ""3"": 0.049005322448790654, ""4"": 0.007666408863420164, ""5"": 0.0011364164268875916}",0.8597,0.8597,1,1,0.3541,0.6459,0.1461,0.0578,0.0088,0.0011,0.0,0.0,0.0,0.0,0.0,0.0,0.0,0.0,0.0,0.0,0.0,0.0,0.0,0.0,0.0,12bafe90#phase10c,stat_grid:hurdle_v1+role_aware_pmf_cal_v1:core+monotone_pit_cdf_v1+sparse_hurdle_guarded,phase8_role_aware_pmf_cal_v1+monotone_inactive_global_v1,core,projected_minutes,high,27.4006,29.5281,13.1292,29.5281,35.1493,8.9924,0.05,0.9302,0.4395,core,True,current_market_line,True,betmgm,betmgm,player_blk_over_under,1.5,1.5,0.1461,100.0,-140.0,0.4615,0.5385,0.8539,585.0,-585.0,-0.3155,-0.3155,0.3155,2026-05-28T23:08:42.830387Z,full,provisional,lineup_unconfirmed,latest_valid_report_selected,projected,derived_from_projected_minutes,ok,finals_pending,current_phase8,ok,0.0,projected,not_available_yet,bdl_lineup_freshness_manifest,2026-05-28T22:48:42Z,bdl_plus_nba_official,2026-05-28T23:09:00Z
morning,2026-05-28T23:09:49Z,2026-05-28,21713533,38017685,Chet Holmgren,OKC,SAS,False,blk,"{""0"": 0.35408774061869447, ""1"": 0.4998270736520323, ""2"": 0.08827703799017479, ""3"": 0.049005322448790654, ""4"": 0.007666408863420164, ""5"": 0.0011364164268875916}",0.8597,0.8597,1,1,0.3541,0.6459,0.1461,0.0578,0.0088,0.0011,0.0,0.0,0.0,0.0,0.0,0.0,0.0,0.0,0.0,0.0,0.0,0.0,0.0,0.0,0.0,12bafe90#phase10c,stat_grid:hurdle_v1+role_aware_pmf_cal_v1:core+monotone_pit_cdf_v1+sparse_hurdle_guarded,phase8_role_aware_pmf_cal_v1+monotone_inactive_global_v1,core,projected_minutes,high,27.4006,29.5281,13.1292,29.5281,35.1493,8.9924,0.05,0.9302,0.4395,core,True,current_market_line,True,draftkings,draftkings,player_blk_over_under,1.5,1.5,0.1461,-102.0,-130.0,0.4718,0.5282,0.8539,585.0,-585.0,-0.3258,-0.3258,0.3258,2026-05-28T23:08:42.830387Z,full,provisional,lineup_unconfirmed,latest_valid_report_selected,projected,derived_from_projected_minutes,ok,finals_pending,current_phase8,ok,0.0,projected,not_available_yet,bdl_lineup_freshness_manifest,2026-05-28T22:48:42Z,bdl_plus_nba_official,2026-05-28T23:09:00Z
morning,2026-05-28T23:09:49Z,2026-05-28,21713533,38017685,Chet Holmgren,OKC,SAS,False,blk,"{""0"": 0.35408774061869447, ""1"": 0.4998270736520323, ""2"": 0.08827703799017479, ""3"": 0.049005322448790654, ""4"": 0.007666408863420164, ""5"": 0.0011364164268875916}",0.8597,0.8597,1,1,0.3541,0.6459,0.1461,0.0578,0.0088,0.0011,0.0,0.0,0.0,0.0,0.0,0.0,0.0,0.0,0.0,0.0,0.0,0.0,0.0,0.0,0.0,12bafe90#phase10c,stat_grid:hurdle_v1+role_aware_pmf_cal_v1:core+monotone_pit_cdf_v1+sparse_hurdle_guarded,phase8_role_aware_pmf_cal_v1+monotone_inactive_global_v1,core,projected_minutes,high,27.4006,29.5281,13.1292,29.5281,35.1493,8.9924,0.05,0.9302,0.4395,core,True,current_market_line,True,hardrockbet_az,hardrockbet_az,player_blk_over_under,1.5,1.5,0.1461,100.0,-140.0,0.4615,0.5385,0.8539,585.0,-585.0,-0.3155,-0.3155,0.3155,2026-05-28T23:08:42.830387Z,full,provisional,lineup_unconfirmed,latest_valid_report_selected,projected,derived_from_projected_minutes,ok,finals_pending,current_phase8,ok,0.0,projected,not_available_yet,bdl_lineup_freshness_manifest,2026-05-28T22:48:42Z,bdl_plus_nba_official,2026-05-28T23:09:00Z
morning,2026-05-28T23:09:49Z,2026-05-28,21713533,38017685,Chet Holmgren,OKC,SAS,False,blk,"{""0"": 0.35408774061869447, ""1"": 0.4998270736520323, ""2"": 0.08827703799017479, ""3"": 0.049005322448790654, ""4"": 0.007666408863420164, ""5"": 0.0011364164268875916}",0.8597,0.8597,1,1,0.3541,0.6459,0.1461,0.0578,0.0088,0.0011,0.0,0.0,0.0,0.0,0.0,0.0,0.0,0.0,0.0,0.0,0.0,0.0,0.0,0.0,0.0,12bafe90#phase10c,stat_grid:hurdle_v1+role_aware_pmf_cal_v1:core+monotone_pit_cdf_v1+sparse_hurdle_guarded,phase8_role_aware_pmf_cal_v1+monotone_inactive_global_v1,core,projected_minutes,high,27.4006,29.5281,13.1292,29.5281,35.1493,8.9924,0.05,0.9302,0.4395,core,True,current_market_line,True,hardrockbet_fl,hardrockbet_fl,player_blk_over_under,1.5,1.5,0.1461,100.0,-140.0,0.4615,0.5385,0.8539,585.0,-585.0,-0.3155,-0.3155,0.3155,2026-05-28T23:08:42.830387Z,full,provisional,lineup_unconfirmed,latest_valid_report_selected,projected,derived_from_projected_minutes,ok,finals_pending,current_phase8,ok,0.0,projected,not_available_yet,bdl_lineup_freshness_manifest,2026-05-28T22:48:42Z,bdl_plus_nba_official,2026-05-28T23:09:00Z
morning,2026-05-28T23:09:49Z,2026-05-28,21713533,38017685,Chet Holmgren,OKC,SAS,False,blk,"{""0"": 0.35408774061869447, ""1"": 0.4998270736520323, ""2"": 0.08827703799017479, ""3"": 0.049005322448790654, ""4"": 0.007666408863420164, ""5"": 0.0011364164268875916}",0.8597,0.8597,1,1,0.3541,0.6459,0.1461,0.0578,0.0088,0.0011,0.0,0.0,0.0,0.0,0.0,0.0,0.0,0.0,0.0,0.0,0.0,0.0,0.0,0.0,0.0,12bafe90#phase10c,stat_grid:hurdle_v1+role_aware_pmf_cal_v1:core+monotone_pit_cdf_v1+sparse_hurdle_guarded,phase8_role_aware_pmf_cal_v1+monotone_inactive_global_v1,core,projected_minutes,high,27.4006,29.5281,13.1292,29.5281,35.1493,8.9924,0.05,0.9302,0.4395,core,True,current_market_line,True,betparx,betparx,player_blk_over_under,1.5,1.5,0.1461,102.0,-136.0,0.4621,0.5379,0.8539,585.0,-585.0,-0.316,-0.316,0.316,2026-05-28T23:08:42.830387Z,full,provisional,lineup_unconfirmed,latest_valid_report_selected,projected,derived_from_projected_minutes,ok,finals_pending,current_phase8,ok,0.0,projected,not_available_yet,bdl_lineup_freshness_manifest,2026-05-28T22:48:42Z,bdl_plus_nba_official,2026-05-28T23:09:00Z
morning,2026-05-28T23:09:49Z,2026-05-28,21713533,38017685,Chet Holmgren,OKC,SAS,False,blk,"{""0"": 0.35408774061869447, ""1"": 0.4998270736520323, ""2"": 0.08827703799017479, ""3"": 0.049005322448790654, ""4"": 0.007666408863420164, ""5"": 0.0011364164268875916}",0.8597,0.8597,1,1,0.3541,0.6459,0.1461,0.0578,0.0088,0.0011,0.0,0.0,0.0,0.0,0.0,0.0,0.0,0.0,0.0,0.0,0.0,0.0,0.0,0.0,0.0,12bafe90#phase10c,stat_grid:hurdle_v1+role_aware_pmf_cal_v1:core+monotone_pit_cdf_v1+sparse_hurdle_guarded,phase8_role_aware_pmf_cal_v1+monotone_inactive_global_v1,core,projected_minutes,high,27.4006,29.5281,13.1292,29.5281,35.1493,8.9924,0.05,0.9302,0.4395,core,True,current_market_line,True,hardrockbet,hardrockbet,player_blk_over_under,1.5,1.5,0.1461,100.0,-140.0,0.4615,0.5385,0.8539,585.0,-585.0,-0.3155,-0.3155,0.3155,2026-05-28T23:08:42.830387Z,full,provisional,lineup_unconfirmed,latest_valid_report_selected,projected,derived_from_projected_minutes,ok,finals_pending,current_phase8,ok,0.0,projected,not_available_yet,bdl_lineup_freshness_manifest,2026-05-28T22:48:42Z,bdl_plus_nba_official,2026-05-28T23:09:00Z
morning,2026-05-28T23:09:49Z,2026-05-28,21713533,38017685,Chet Holmgren,OKC,SAS,False,blk,"{""0"": 0.35408774061869447, ""1"": 0.4998270736520323, ""2"": 0.08827703799017479, ""3"": 0.049005322448790654, ""4"": 0.007666408863420164, ""5"": 0.0011364164268875916}",0.8597,0.8597,1,1,0.3541,0.6459,0.1461,0.0578,0.0088,0.0011,0.0,0.0,0.0,0.0,0.0,0.0,0.0,0.0,0.0,0.0,0.0,0.0,0.0,0.0,0.0,12bafe90#phase10c,stat_grid:hurdle_v1+role_aware_pmf_cal_v1:core+monotone_pit_cdf_v1+sparse_hurdle_guarded,phase8_role_aware_pmf_cal_v1+monotone_inactive_global_v1,core,projected_minutes,high,27.4006,29.5281,13.1292,29.5281,35.1493,8.9924,0.05,0.9302,0.4395,core,True,current_market_line,True,fliff,fliff,player_blk_over_under,1.5,1.5,0.1461,105.0,-155.0,0.4452,0.5548,0.8539,585.0,-585.0,-0.2991,-0.2991,0.2991,2026-05-28T23:08:42.830387Z,full,provisional,lineup_unconfirmed,latest_valid_report_selected,projected,derived_from_projected_minutes,ok,finals_pending,current_phase8,ok,0.0,projected,not_available_yet,bdl_lineup_freshness_manifest,2026-05-28T22:48:42Z,bdl_plus_nba_official,2026-05-28T23:09:00Z
morning,2026-05-28T23:09:49Z,2026-05-28,21713533,38017685,Chet Holmgren,OKC,SAS,False,stocks,"{""0"": 0.22303383175917996, ""1"": 0.4081226199729157, ""2"": 0.21801588116415757, ""3"": 0.10249254179290317, ""4"": 0.03449622708794973, ""5"": 0.011117117908309552, ""6"": 0.002165452182271651, ""7"": 0.0004895074390223886, ""8"": 6.0264677155255714e-05, ""9"": 6.55601613504468e-06}",1.3622,1.3622,1,1,0.223,0.777,0.3688,0.1508,0.0483,0.0138,0.0027,0.0006,0.0001,0.0,0.0,0.0,0.0,0.0,0.0,0.0,0.0,0.0,0.0,0.0,0.0,12bafe90#phase10c,"stat_grid:component_convolution_mean_coherent_v1+components[stl:hurdle_v1+role_aware_pmf_cal_v1:core+monotone_pit_cdf_v1+sparse_hurdle_guarded,blk:hurdle_v1+role_aware_pmf_cal_v1:core+monotone_pit_cdf_v1+sparse_hurdle_guarded]+prior_combo[joint_sampler_v1+joint_combo_pmf_v1+role_aware_pmf_cal_v1:core+monotone_pit_cdf_v1+sparse_hurdle_guarded]+stat_grid_final_component_convolution_mean_coherent_v1",phase8_role_aware_pmf_cal_v1+monotone_inactive_global_v1,core,projected_minutes,high,27.4006,29.5281,13.1292,29.5281,35.1493,8.9924,0.05,0.9302,0.4395,core,True,current_market_line,True,draftkings,draftkings,player_stocks_over_under,2.5,2.5,0.1508,106.0,-141.0,0.4535,0.5465,0.8492,563.0,-563.0,-0.3026,-0.3026,0.3026,2026-05-28T23:08:42.830387Z,full,provisional,lineup_unconfirmed,latest_valid_report_selected,projected,derived_from_projected_minutes,ok,finals_pending,current_phase8,ok,0.0,projected,not_available_yet,bdl_lineup_freshness_manifest,2026-05-28T22:48:42Z,bdl_plus_nba_official,2026-05-28T23:09:00Z
morning,2026-05-28T23:09:49Z,2026-05-28,21713533,38017685,Chet Holmgren,OKC,SAS,False,stocks,"{""0"": 0.22303383175917996, ""1"": 0.4081226199729157, ""2"": 0.21801588116415757, ""3"": 0.10249254179290317, ""4"": 0.03449622708794973, ""5"": 0.011117117908309552, ""6"": 0.002165452182271651, ""7"": 0.0004895074390223886, ""8"": 6.0264677155255714e-05, ""9"": 6.55601613504468e-06}",1.3622,1.3622,1,1,0.223,0.777,0.3688,0.1508,0.0483,0.0138,0.0027,0.0006,0.0001,0.0,0.0,0.0,0.0,0.0,0.0,0.0,0.0,0.0,0.0,0.0,0.0,12bafe90#phase10c,"stat_grid:component_convolution_mean_coherent_v1+components[stl:hurdle_v1+role_aware_pmf_cal_v1:core+monotone_pit_cdf_v1+sparse_hurdle_guarded,blk:hurdle_v1+role_aware_pmf_cal_v1:core+monotone_pit_cdf_v1+sparse_hurdle_guarded]+prior_combo[joint_sampler_v1+joint_combo_pmf_v1+role_aware_pmf_cal_v1:core+monotone_pit_cdf_v1+sparse_hurdle_guarded]+stat_grid_final_component_convolution_mean_coherent_v1",phase8_role_aware_pmf_cal_v1+monotone_inactive_global_v1,core,projected_minutes,high,27.4006,29.5281,13.1292,29.5281,35.1493,8.9924,0.05,0.9302,0.4395,core,True,current_market_line,True,hardrockbet_az,hardrockbet_az,player_stocks_over_under,2.5,2.5,0.1508,105.0,-150.0,0.4484,0.5516,0.8492,563.0,-563.0,-0.2976,-0.2976,0.2976,2026-05-28T23:08:42.830387Z,full,provisional,lineup_unconfirmed,latest_valid_report_selected,projected,derived_from_projected_minutes,ok,finals_pending,current_phase8,ok,0.0,projected,not_available_yet,bdl_lineup_freshness_manifest,2026-05-28T22:48:42Z,bdl_plus_nba_official,2026-05-28T23:09:00Z
morning,2026-05-28T23:09:49Z,2026-05-28,21713533,38017685,Chet Holmgren,OKC,SAS,False,stocks,"{""0"": 0.22303383175917996, ""1"": 0.4081226199729157, ""2"": 0.21801588116415757, ""3"": 0.10249254179290317, ""4"": 0.03449622708794973, ""5"": 0.011117117908309552, ""6"": 0.002165452182271651, ""7"": 0.0004895074390223886, ""8"": 6.0264677155255714e-05, ""9"": 6.55601613504468e-06}",1.3622,1.3622,1,1,0.223,0.777,0.3688,0.1508,0.0483,0.0138,0.0027,0.0006,0.0001,0.0,0.0,0.0,0.0,0.0,0.0,0.0,0.0,0.0,0.0,0.0,0.0,12bafe90#phase10c,"stat_grid:component_convolution_mean_coherent_v1+components[stl:hurdle_v1+role_aware_pmf_cal_v1:core+monotone_pit_cdf_v1+sparse_hurdle_guarded,blk:hurdle_v1+role_aware_pmf_cal_v1:core+monotone_pit_cdf_v1+sparse_hurdle_guarded]+prior_combo[joint_sampler_v1+joint_combo_pmf_v1+role_aware_pmf_cal_v1:core+monotone_pit_cdf_v1+sparse_hurdle_guarded]+stat_grid_final_component_convolution_mean_coherent_v1",phase8_role_aware_pmf_cal_v1+monotone_inactive_global_v1,core,projected_minutes,high,27.4006,29.5281,13.1292,29.5281,35.1493,8.9924,0.05,0.9302,0.4395,core,True,current_market_line,True,hardrockbet_fl,hardrockbet_fl,player_stocks_over_under,2.5,2.5,0.1508,105.0,-150.0,0.4484,0.5516,0.8492,563.0,-563.0,-0.2976,-0.2976,0.2976,2026-05-28T23:08:42.830387Z,full,provisional,lineup_unconfirmed,latest_valid_report_selected,projected,derived_from_projected_minutes,ok,finals_pending,current_phase8,ok,0.0,projected,not_available_yet,bdl_lineup_freshness_manifest,2026-05-28T22:48:42Z,bdl_plus_nba_official,2026-05-28T23:09:00Z
morning,2026-05-28T23:09:49Z,2026-05-28,21713533,38017685,Chet Holmgren,OKC,SAS,False,stocks,"{""0"": 0.22303383175917996, ""1"": 0.4081226199729157, ""2"": 0.21801588116415757, ""3"": 0.10249254179290317, ""4"": 0.03449622708794973, ""5"": 0.011117117908309552, ""6"": 0.002165452182271651, ""7"": 0.0004895074390223886, ""8"": 6.0264677155255714e-05, ""9"": 6.55601613504468e-06}",1.3622,1.3622,1,1,0.223,0.777,0.3688,0.1508,0.0483,0.0138,0.0027,0.0006,0.0001,0.0,0.0,0.0,0.0,0.0,0.0,0.0,0.0,0.0,0.0,0.0,0.0,12bafe90#phase10c,"stat_grid:component_convolution_mean_coherent_v1+components[stl:hurdle_v1+role_aware_pmf_cal_v1:core+monotone_pit_cdf_v1+sparse_hurdle_guarded,blk:hurdle_v1+role_aware_pmf_cal_v1:core+monotone_pit_cdf_v1+sparse_hurdle_guarded]+prior_combo[joint_sampler_v1+joint_combo_pmf_v1+role_aware_pmf_cal_v1:core+monotone_pit_cdf_v1+sparse_hurdle_guarded]+stat_grid_final_component_convolution_mean_coherent_v1",phase8_role_aware_pmf_cal_v1+monotone_inactive_global_v1,core,projected_minutes,high,27.4006,29.5281,13.1292,29.5281,35.1493,8.9924,0.05,0.9302,0.4395,core,True,current_market_line,True,betparx,betparx,player_stocks_over_under,2.5,2.5,0.1508,102.0,-134.0,0.4637,0.5363,0.8492,563.0,-563.0,-0.3128,-0.3128,0.3128,2026-05-28T23:08:42.830387Z,full,provisional,lineup_unconfirmed,latest_valid_report_selected,projected,derived_from_projected_minutes,ok,finals_pending,current_phase8,ok,0.0,projected,not_available_yet,bdl_lineup_freshness_manifest,2026-05-28T22:48:42Z,bdl_plus_nba_official,2026-05-28T23:09:00Z
morning,2026-05-28T23:09:49Z,2026-05-28,21713533,38017685,Chet Holmgren,OKC,SAS,False,stocks,"{""0"": 0.22303383175917996, ""1"": 0.4081226199729157, ""2"": 0.21801588116415757, ""3"": 0.10249254179290317, ""4"": 0.03449622708794973, ""5"": 0.011117117908309552, ""6"": 0.002165452182271651, ""7"": 0.0004895074390223886, ""8"": 6.0264677155255714e-05, ""9"": 6.55601613504468e-06}",1.3622,1.3622,1,1,0.223,0.777,0.3688,0.1508,0.0483,0.0138,0.0027,0.0006,0.0001,0.0,0.0,0.0,0.0,0.0,0.0,0.0,0.0,0.0,0.0,0.0,0.0,12bafe90#phase10c,"stat_grid:component_convolution_mean_coherent_v1+components[stl:hurdle_v1+role_aware_pmf_cal_v1:core+monotone_pit_cdf_v1+sparse_hurdle_guarded,blk:hurdle_v1+role_aware_pmf_cal_v1:core+monotone_pit_cdf_v1+sparse_hurdle_guarded]+prior_combo[joint_sampler_v1+joint_combo_pmf_v1+role_aware_pmf_cal_v1:core+monotone_pit_cdf_v1+sparse_hurdle_guarded]+stat_grid_final_component_convolution_mean_coherent_v1",phase8_role_aware_pmf_cal_v1+monotone_inactive_global_v1,core,projected_minutes,high,27.4006,29.5281,13.1292,29.5281,35.1493,8.9924,0.05,0.9302,0.4395,core,True,current_market_line,True,hardrockbet,hardrockbet,player_stocks_over_under,2.5,2.5,0.1508,105.0,-150.0,0.4484,0.5516,0.8492,563.0,-563.0,-0.2976,-0.2976,0.2976,2026-05-28T23:08:42.830387Z,full,provisional,lineup_unconfirmed,latest_valid_report_selected,projected,derived_from_projected_minutes,ok,finals_pending,current_phase8,ok,0.0,projected,not_available_yet,bdl_lineup_freshness_manifest,2026-05-28T22:48:42Z,bdl_plus_nba_official,2026-05-28T23:09:00Z
morning,2026-05-28T23:09:49Z,2026-05-28,21713533,38017685,Chet Holmgren,OKC,SAS,False,pa,"{""0"": 0.0010521066031518114, ""1"": 0.003546738323724936, ""2"": 0.0055158312217900365, ""3"": 0.00661821754412603, ""4"": 0.008965928251318122, ""5"": 0.013371281089559563, ""6"": 0.017213410271786175, ""7"": 0.020142140061867354, ""8"": 0.023453885243425163, ""9"": 0.027614033587855698, ""10"": 0.03243515423508578, ""11"": 0.038881257486651784, ""12"": 0.04618832598208085, ""13"": 0.05127790919571399, ""14"": 0.05380782884182416, ""15"": 0.056523323596327106, ""16"": 0.059923725268344934, ""17"": 0.06077501513577792, ""18"": 0.0574518450009437, ""19"": 0.05422431562255558, ""20"": 0.05291295096438134, ""21"": 0.049694833733619624, ""22"": 0.04439727957882063, ""23"": 0.03987568614915713, ""24"": 0.0349942776922662, ""25"": 0.02952194504448808, ""26"": 0.02432165069375194, ""27"": 0.01893220175969286, ""28"": 0.014335210431858201, ""29"": 0.011727859537892417, ""30"": 0.009623379703793818, ""31"": 0.00799257102118333, ""32"": 0.00660838722305883, ""33"": 0.004781182188756592, ""34"": 0.0029026993931882818, ""35"": 0.00214700692787669, ""36"": 0.0018636334139233131, ""37"": 0.0013461725364732867, ""38"": 0.0007499557414768113, ""39"": 0.0003826779252547609, ""40"": 0.0001968676950537222, ""41"": 8.568324481962383e-05, ""42"": 6.235763722506461e-05, ""43"": 0.00010678607287341958, ""44"": 0.00020601266469672544, ""45"": 0.00025354238299526267, ""46"": 0.0002526873670885049, ""47"": 0.00023886442517659967, ""48"": 0.00017232372856711096, ""49"": 7.076548175275167e-05, ""50"": 1.4616017014043734e-05, ""51"": 1.649843158973458e-05, ""52"": 3.6905719889572595e-05, ""53"": 3.875830165814217e-05, ""54"": 1.914120228997527e-05, ""55"": 3.7442449907564208e-06, ""56"": 1.1529808149429949e-06, ""57"": 1.798394503134208e-07, ""58"": 2.7656054230305248e-08, ""59"": 3.1299442474448215e-09, ""60"": 2.55139923927282e-10, ""61"": 5.0718642685650435e-11, ""62"": 4.4223386921034685e-12, ""63"": 4.779905238469038e-13, ""64"": 5.104859691776141e-13, ""80"": 1.4386861496183523e-05, ""81"": 4.201041703271129e-05, ""82"": 4.4778765035634205e-05, ""83"": 2.2156409671308296e-05, ""84"": 4.335372923599674e-06, ""85"": 1.335138088602574e-06, ""86"": 2.0826490257576782e-07, ""87"": 3.202720209545915e-08, ""88"": 3.6231081813022727e-09, ""89"": 2.9549323519254337e-10, ""90"": 5.874037893038239e-11, ""91"": 5.121782381730508e-12, ""92"": 5.535902186878295e-13, ""93"": 5.912251921643077e-13}",17.2376,17.2376,17,17,0.0011,0.9989,0.9954,0.9899,0.9833,0.9743,0.9609,0.9437,0.9236,0.9001,0.8725,0.8401,0.8012,0.755,0.7037,0.6499,0.5934,0.5335,0.4727,0.4152,0.361,12bafe90#phase10c,"stat_grid:component_convolution_mean_coherent_v1+components[pts:pmf_sim_v1+role_aware_pmf_cal_v1:core+monotone_pit_cdf_v1,ast:pmf_sim_v1+role_aware_pmf_cal_v1:core+monotone_pit_cdf_v1]+prior_combo[joint_sampler_v1+joint_combo_pmf_v1+role_aware_pmf_cal_v1:core+monotone_pit_cdf_v1]+stat_grid_final_component_convolution_mean_coherent_v1",phase8_role_aware_pmf_cal_v1+monotone_inactive_global_v1,core,projected_minutes,high,27.4006,29.5281,13.1292,29.5281,35.1493,8.9924,0.05,0.9302,0.4395,core,True,current_market_line,True,fanduel,fanduel,player_pa_over_under,14.5,14.5,0.6499,-122.0,-110.0,0.512,0.488,0.3501,-186.0,186.0,0.1379,0.1379,-0.1379,2026-05-28T23:08:42.830387Z,full,provisional,lineup_unconfirmed,latest_valid_report_selected,projected,derived_from_projected_minutes,ok,finals_pending,current_phase8,ok,0.0,projected,not_available_yet,bdl_lineup_freshness_manifest,2026-05-28T22:48:42Z,bdl_plus_nba_official,2026-05-28T23:09:00Z
morning,2026-05-28T23:09:49Z,2026-05-28,21713533,38017685,Chet Holmgren,OKC,SAS,False,pa,"{""0"": 0.0010521066031518114, ""1"": 0.003546738323724936, ""2"": 0.0055158312217900365, ""3"": 0.00661821754412603, ""4"": 0.008965928251318122, ""5"": 0.013371281089559563, ""6"": 0.017213410271786175, ""7"": 0.020142140061867354, ""8"": 0.023453885243425163, ""9"": 0.027614033587855698, ""10"": 0.03243515423508578, ""11"": 0.038881257486651784, ""12"": 0.04618832598208085, ""13"": 0.05127790919571399, ""14"": 0.05380782884182416, ""15"": 0.056523323596327106, ""16"": 0.059923725268344934, ""17"": 0.06077501513577792, ""18"": 0.0574518450009437, ""19"": 0.05422431562255558, ""20"": 0.05291295096438134, ""21"": 0.049694833733619624, ""22"": 0.04439727957882063, ""23"": 0.03987568614915713, ""24"": 0.0349942776922662, ""25"": 0.02952194504448808, ""26"": 0.02432165069375194, ""27"": 0.01893220175969286, ""28"": 0.014335210431858201, ""29"": 0.011727859537892417, ""30"": 0.009623379703793818, ""31"": 0.00799257102118333, ""32"": 0.00660838722305883, ""33"": 0.004781182188756592, ""34"": 0.0029026993931882818, ""35"": 0.00214700692787669, ""36"": 0.0018636334139233131, ""37"": 0.0013461725364732867, ""38"": 0.0007499557414768113, ""39"": 0.0003826779252547609, ""40"": 0.0001968676950537222, ""41"": 8.568324481962383e-05, ""42"": 6.235763722506461e-05, ""43"": 0.00010678607287341958, ""44"": 0.00020601266469672544, ""45"": 0.00025354238299526267, ""46"": 0.0002526873670885049, ""47"": 0.00023886442517659967, ""48"": 0.00017232372856711096, ""49"": 7.076548175275167e-05, ""50"": 1.4616017014043734e-05, ""51"": 1.649843158973458e-05, ""52"": 3.6905719889572595e-05, ""53"": 3.875830165814217e-05, ""54"": 1.914120228997527e-05, ""55"": 3.7442449907564208e-06, ""56"": 1.1529808149429949e-06, ""57"": 1.798394503134208e-07, ""58"": 2.7656054230305248e-08, ""59"": 3.1299442474448215e-09, ""60"": 2.55139923927282e-10, ""61"": 5.0718642685650435e-11, ""62"": 4.4223386921034685e-12, ""63"": 4.779905238469038e-13, ""64"": 5.104859691776141e-13, ""80"": 1.4386861496183523e-05, ""81"": 4.201041703271129e-05, ""82"": 4.4778765035634205e-05, ""83"": 2.2156409671308296e-05, ""84"": 4.335372923599674e-06, ""85"": 1.335138088602574e-06, ""86"": 2.0826490257576782e-07, ""87"": 3.202720209545915e-08, ""88"": 3.6231081813022727e-09, ""89"": 2.9549323519254337e-10, ""90"": 5.874037893038239e-11, ""91"": 5.121782381730508e-12, ""92"": 5.535902186878295e-13, ""93"": 5.912251921643077e-13}",17.2376,17.2376,17,17,0.0011,0.9989,0.9954,0.9899,0.9833,0.9743,0.9609,0.9437,0.9236,0.9001,0.8725,0.8401,0.8012,0.755,0.7037,0.6499,0.5934,0.5335,0.4727,0.4152,0.361,12bafe90#phase10c,"stat_grid:component_convolution_mean_coherent_v1+components[pts:pmf_sim_v1+role_aware_pmf_cal_v1:core+monotone_pit_cdf_v1,ast:pmf_sim_v1+role_aware_pmf_cal_v1:core+monotone_pit_cdf_v1]+prior_combo[joint_sampler_v1+joint_combo_pmf_v1+role_aware_pmf_cal_v1:core+monotone_pit_cdf_v1]+stat_grid_final_component_convolution_mean_coherent_v1",phase8_role_aware_pmf_cal_v1+monotone_inactive_global_v1,core,projected_minutes,high,27.4006,29.5281,13.1292,29.5281,35.1493,8.9924,0.05,0.9302,0.4395,core,True,current_market_line,True,bovada,bovada,player_pa_over_under,15.5,15.5,0.5934,105.0,-135.0,0.4592,0.5408,0.4066,-146.0,146.0,0.1342,0.1342,-0.1342,2026-05-28T23:08:42.830387Z,full,provisional,lineup_unconfirmed,latest_valid_report_selected,projected,derived_from_projected_minutes,ok,finals_pending,current_phase8,ok,0.0,projected,not_available_yet,bdl_lineup_freshness_manifest,2026-05-28T22:48:42Z,bdl_plus_nba_official,2026-05-28T23:09:00Z
morning,2026-05-28T23:09:49Z,2026-05-28,21713533,38017685,Chet Holmgren,OKC,SAS,False,pa,"{""0"": 0.0010521066031518114, ""1"": 0.003546738323724936, ""2"": 0.0055158312217900365, ""3"": 0.00661821754412603, ""4"": 0.008965928251318122, ""5"": 0.013371281089559563, ""6"": 0.017213410271786175, ""7"": 0.020142140061867354, ""8"": 0.023453885243425163, ""9"": 0.027614033587855698, ""10"": 0.03243515423508578, ""11"": 0.038881257486651784, ""12"": 0.04618832598208085, ""13"": 0.05127790919571399, ""14"": 0.05380782884182416, ""15"": 0.056523323596327106, ""16"": 0.059923725268344934, ""17"": 0.06077501513577792, ""18"": 0.0574518450009437, ""19"": 0.05422431562255558, ""20"": 0.05291295096438134, ""21"": 0.049694833733619624, ""22"": 0.04439727957882063, ""23"": 0.03987568614915713, ""24"": 0.0349942776922662, ""25"": 0.02952194504448808, ""26"": 0.02432165069375194, ""27"": 0.01893220175969286, ""28"": 0.014335210431858201, ""29"": 0.011727859537892417, ""30"": 0.009623379703793818, ""31"": 0.00799257102118333, ""32"": 0.00660838722305883, ""33"": 0.004781182188756592, ""34"": 0.0029026993931882818, ""35"": 0.00214700692787669, ""36"": 0.0018636334139233131, ""37"": 0.0013461725364732867, ""38"": 0.0007499557414768113, ""39"": 0.0003826779252547609, ""40"": 0.0001968676950537222, ""41"": 8.568324481962383e-05, ""42"": 6.235763722506461e-05, ""43"": 0.00010678607287341958, ""44"": 0.00020601266469672544, ""45"": 0.00025354238299526267, ""46"": 0.0002526873670885049, ""47"": 0.00023886442517659967, ""48"": 0.00017232372856711096, ""49"": 7.076548175275167e-05, ""50"": 1.4616017014043734e-05, ""51"": 1.649843158973458e-05, ""52"": 3.6905719889572595e-05, ""53"": 3.875830165814217e-05, ""54"": 1.914120228997527e-05, ""55"": 3.7442449907564208e-06, ""56"": 1.1529808149429949e-06, ""57"": 1.798394503134208e-07, ""58"": 2.7656054230305248e-08, ""59"": 3.1299442474448215e-09, ""60"": 2.55139923927282e-10, ""61"": 5.0718642685650435e-11, ""62"": 4.4223386921034685e-12, ""63"": 4.779905238469038e-13, ""64"": 5.104859691776141e-13, ""80"": 1.4386861496183523e-05, ""81"": 4.201041703271129e-05, ""82"": 4.4778765035634205e-05, ""83"": 2.2156409671308296e-05, ""84"": 4.335372923599674e-06, ""85"": 1.335138088602574e-06, ""86"": 2.0826490257576782e-07, ""87"": 3.202720209545915e-08, ""88"": 3.6231081813022727e-09, ""89"": 2.9549323519254337e-10, ""90"": 5.874037893038239e-11, ""91"": 5.121782381730508e-12, ""92"": 5.535902186878295e-13, ""93"": 5.912251921643077e-13}",17.2376,17.2376,17,17,0.0011,0.9989,0.9954,0.9899,0.9833,0.9743,0.9609,0.9437,0.9236,0.9001,0.8725,0.8401,0.8012,0.755,0.7037,0.6499,0.5934,0.5335,0.4727,0.4152,0.361,12bafe90#phase10c,"stat_grid:component_convolution_mean_coherent_v1+components[pts:pmf_sim_v1+role_aware_pmf_cal_v1:core+monotone_pit_cdf_v1,ast:pmf_sim_v1+role_aware_pmf_cal_v1:core+monotone_pit_cdf_v1]+prior_combo[joint_sampler_v1+joint_combo_pmf_v1+role_aware_pmf_cal_v1:core+monotone_pit_cdf_v1]+stat_grid_final_component_convolution_mean_coherent_v1",phase8_role_aware_pmf_cal_v1+monotone_inactive_global_v1,core,projected_minutes,high,27.4006,29.5281,13.1292,29.5281,35.1493,8.9924,0.05,0.9302,0.4395,core,True,current_market_line,True,bovada,bovada,player_pa_over_under,14.5,14.5,0.6499,-125.0,-105.0,0.5203,0.4797,0.3501,-186.0,186.0,0.1296,0.1296,-0.1296,2026-05-28T23:08:42.830387Z,full,provisional,lineup_unconfirmed,latest_valid_report_selected,projected,derived_from_projected_minutes,ok,finals_pending,current_phase8,ok,0.0,projected,not_available_yet,bdl_lineup_freshness_manifest,2026-05-28T22:48:42Z,bdl_plus_nba_official,2026-05-28T23:09:00Z
morning,2026-05-28T23:09:49Z,2026-05-28,21713533,38017685,Chet Holmgren,OKC,SAS,False,pa,"{""0"": 0.0010521066031518114, ""1"": 0.003546738323724936, ""2"": 0.0055158312217900365, ""3"": 0.00661821754412603, ""4"": 0.008965928251318122, ""5"": 0.013371281089559563, ""6"": 0.017213410271786175, ""7"": 0.020142140061867354, ""8"": 0.023453885243425163, ""9"": 0.027614033587855698, ""10"": 0.03243515423508578, ""11"": 0.038881257486651784, ""12"": 0.04618832598208085, ""13"": 0.05127790919571399, ""14"": 0.05380782884182416, ""15"": 0.056523323596327106, ""16"": 0.059923725268344934, ""17"": 0.06077501513577792, ""18"": 0.0574518450009437, ""19"": 0.05422431562255558, ""20"": 0.05291295096438134, ""21"": 0.049694833733619624, ""22"": 0.04439727957882063, ""23"": 0.03987568614915713, ""24"": 0.0349942776922662, ""25"": 0.02952194504448808, ""26"": 0.02432165069375194, ""27"": 0.01893220175969286, ""28"": 0.014335210431858201, ""29"": 0.011727859537892417, ""30"": 0.009623379703793818, ""31"": 0.00799257102118333, ""32"": 0.00660838722305883, ""33"": 0.004781182188756592, ""34"": 0.0029026993931882818, ""35"": 0.00214700692787669, ""36"": 0.0018636334139233131, ""37"": 0.0013461725364732867, ""38"": 0.0007499557414768113, ""39"": 0.0003826779252547609, ""40"": 0.0001968676950537222, ""41"": 8.568324481962383e-05, ""42"": 6.235763722506461e-05, ""43"": 0.00010678607287341958, ""44"": 0.00020601266469672544, ""45"": 0.00025354238299526267, ""46"": 0.0002526873670885049, ""47"": 0.00023886442517659967, ""48"": 0.00017232372856711096, ""49"": 7.076548175275167e-05, ""50"": 1.4616017014043734e-05, ""51"": 1.649843158973458e-05, ""52"": 3.6905719889572595e-05, ""53"": 3.875830165814217e-05, ""54"": 1.914120228997527e-05, ""55"": 3.7442449907564208e-06, ""56"": 1.1529808149429949e-06, ""57"": 1.798394503134208e-07, ""58"": 2.7656054230305248e-08, ""59"": 3.1299442474448215e-09, ""60"": 2.55139923927282e-10, ""61"": 5.0718642685650435e-11, ""62"": 4.4223386921034685e-12, ""63"": 4.779905238469038e-13, ""64"": 5.104859691776141e-13, ""80"": 1.4386861496183523e-05, ""81"": 4.201041703271129e-05, ""82"": 4.4778765035634205e-05, ""83"": 2.2156409671308296e-05, ""84"": 4.335372923599674e-06, ""85"": 1.335138088602574e-06, ""86"": 2.0826490257576782e-07, ""87"": 3.202720209545915e-08, ""88"": 3.6231081813022727e-09, ""89"": 2.9549323519254337e-10, ""90"": 5.874037893038239e-11, ""91"": 5.121782381730508e-12, ""92"": 5.535902186878295e-13, ""93"": 5.912251921643077e-13}",17.2376,17.2376,17,17,0.0011,0.9989,0.9954,0.9899,0.9833,0.9743,0.9609,0.9437,0.9236,0.9001,0.8725,0.8401,0.8012,0.755,0.7037,0.6499,0.5934,0.5335,0.4727,0.4152,0.361,12bafe90#phase10c,"stat_grid:component_convolution_mean_coherent_v1+components[pts:pmf_sim_v1+role_aware_pmf_cal_v1:core+monotone_pit_cdf_v1,ast:pmf_sim_v1+role_aware_pmf_cal_v1:core+monotone_pit_cdf_v1]+prior_combo[joint_sampler_v1+joint_combo_pmf_v1+role_aware_pmf_cal_v1:core+monotone_pit_cdf_v1]+stat_grid_final_component_convolution_mean_coherent_v1",phase8_role_aware_pmf_cal_v1+monotone_inactive_global_v1,core,projected_minutes,high,27.4006,29.5281,13.1292,29.5281,35.1493,8.9924,0.05,0.9302,0.4395,core,True,current_market_line,True,bovada,bovada,player_pa_over_under,13.5,13.5,0.7037,-165.0,125.0,0.5835,0.4165,0.2963,-238.0,238.0,0.1202,0.1202,-0.1202,2026-05-28T23:08:42.830387Z,full,provisional,lineup_unconfirmed,latest_valid_report_selected,projected,derived_from_projected_minutes,ok,finals_pending,current_phase8,ok,0.0,projected,not_available_yet,bdl_lineup_freshness_manifest,2026-05-28T22:48:42Z,bdl_plus_nba_official,2026-05-28T23:09:00Z
morning,2026-05-28T23:09:49Z,2026-05-28,21713533,38017685,Chet Holmgren,OKC,SAS,False,pa,"{""0"": 0.0010521066031518114, ""1"": 0.003546738323724936, ""2"": 0.0055158312217900365, ""3"": 0.00661821754412603, ""4"": 0.008965928251318122, ""5"": 0.013371281089559563, ""6"": 0.017213410271786175, ""7"": 0.020142140061867354, ""8"": 0.023453885243425163, ""9"": 0.027614033587855698, ""10"": 0.03243515423508578, ""11"": 0.038881257486651784, ""12"": 0.04618832598208085, ""13"": 0.05127790919571399, ""14"": 0.05380782884182416, ""15"": 0.056523323596327106, ""16"": 0.059923725268344934, ""17"": 0.06077501513577792, ""18"": 0.0574518450009437, ""19"": 0.05422431562255558, ""20"": 0.05291295096438134, ""21"": 0.049694833733619624, ""22"": 0.04439727957882063, ""23"": 0.03987568614915713, ""24"": 0.0349942776922662, ""25"": 0.02952194504448808, ""26"": 0.02432165069375194, ""27"": 0.01893220175969286, ""28"": 0.014335210431858201, ""29"": 0.011727859537892417, ""30"": 0.009623379703793818, ""31"": 0.00799257102118333, ""32"": 0.00660838722305883, ""33"": 0.004781182188756592, ""34"": 0.0029026993931882818, ""35"": 0.00214700692787669, ""36"": 0.0018636334139233131, ""37"": 0.0013461725364732867, ""38"": 0.0007499557414768113, ""39"": 0.0003826779252547609, ""40"": 0.0001968676950537222, ""41"": 8.568324481962383e-05, ""42"": 6.235763722506461e-05, ""43"": 0.00010678607287341958, ""44"": 0.00020601266469672544, ""45"": 0.00025354238299526267, ""46"": 0.0002526873670885049, ""47"": 0.00023886442517659967, ""48"": 0.00017232372856711096, ""49"": 7.076548175275167e-05, ""50"": 1.4616017014043734e-05, ""51"": 1.649843158973458e-05, ""52"": 3.6905719889572595e-05, ""53"": 3.875830165814217e-05, ""54"": 1.914120228997527e-05, ""55"": 3.7442449907564208e-06, ""56"": 1.1529808149429949e-06, ""57"": 1.798394503134208e-07, ""58"": 2.7656054230305248e-08, ""59"": 3.1299442474448215e-09, ""60"": 2.55139923927282e-10, ""61"": 5.0718642685650435e-11, ""62"": 4.4223386921034685e-12, ""63"": 4.779905238469038e-13, ""64"": 5.104859691776141e-13, ""80"": 1.4386861496183523e-05, ""81"": 4.201041703271129e-05, ""82"": 4.4778765035634205e-05, ""83"": 2.2156409671308296e-05, ""84"": 4.335372923599674e-06, ""85"": 1.335138088602574e-06, ""86"": 2.0826490257576782e-07, ""87"": 3.202720209545915e-08, ""88"": 3.6231081813022727e-09, ""89"": 2.9549323519254337e-10, ""90"": 5.874037893038239e-11, ""91"": 5.121782381730508e-12, ""92"": 5.535902186878295e-13, ""93"": 5.912251921643077e-13}",17.2376,17.2376,17,17,0.0011,0.9989,0.9954,0.9899,0.9833,0.9743,0.9609,0.9437,0.9236,0.9001,0.8725,0.8401,0.8012,0.755,0.7037,0.6499,0.5934,0.5335,0.4727,0.4152,0.361,12bafe90#phase10c,"stat_grid:component_convolution_mean_coherent_v1+components[pts:pmf_sim_v1+role_aware_pmf_cal_v1:core+monotone_pit_cdf_v1,ast:pmf_sim_v1+role_aware_pmf_cal_v1:core+monotone_pit_cdf_v1]+prior_combo[joint_sampler_v1+joint_combo_pmf_v1+role_aware_pmf_cal_v1:core+monotone_pit_cdf_v1]+stat_grid_final_component_convolution_mean_coherent_v1",phase8_role_aware_pmf_cal_v1+monotone_inactive_global_v1,core,projected_minutes,high,27.4006,29.5281,13.1292,29.5281,35.1493,8.9924,0.05,0.9302,0.4395,core,True,current_market_line,True,betmgm,betmgm,player_pa_over_under,15.5,15.5,0.5934,100.0,-130.0,0.4694,0.5306,0.4066,-146.0,146.0,0.124,0.124,-0.124,2026-05-28T23:08:42.830387Z,full,provisional,lineup_unconfirmed,latest_valid_report_selected,projected,derived_from_projected_minutes,ok,finals_pending,current_phase8,ok,0.0,projected,not_available_yet,bdl_lineup_freshness_manifest,2026-05-28T22:48:42Z,bdl_plus_nba_official,2026-05-28T23:09:00Z
morning,2026-05-28T23:09:49Z,2026-05-28,21713533,38017685,Chet Holmgren,OKC,SAS,False,pa,"{""0"": 0.0010521066031518114, ""1"": 0.003546738323724936, ""2"": 0.0055158312217900365, ""3"": 0.00661821754412603, ""4"": 0.008965928251318122, ""5"": 0.013371281089559563, ""6"": 0.017213410271786175, ""7"": 0.020142140061867354, ""8"": 0.023453885243425163, ""9"": 0.027614033587855698, ""10"": 0.03243515423508578, ""11"": 0.038881257486651784, ""12"": 0.04618832598208085, ""13"": 0.05127790919571399, ""14"": 0.05380782884182416, ""15"": 0.056523323596327106, ""16"": 0.059923725268344934, ""17"": 0.06077501513577792, ""18"": 0.0574518450009437, ""19"": 0.05422431562255558, ""20"": 0.05291295096438134, ""21"": 0.049694833733619624, ""22"": 0.04439727957882063, ""23"": 0.03987568614915713, ""24"": 0.0349942776922662, ""25"": 0.02952194504448808, ""26"": 0.02432165069375194, ""27"": 0.01893220175969286, ""28"": 0.014335210431858201, ""29"": 0.011727859537892417, ""30"": 0.009623379703793818, ""31"": 0.00799257102118333, ""32"": 0.00660838722305883, ""33"": 0.004781182188756592, ""34"": 0.0029026993931882818, ""35"": 0.00214700692787669, ""36"": 0.0018636334139233131, ""37"": 0.0013461725364732867, ""38"": 0.0007499557414768113, ""39"": 0.0003826779252547609, ""40"": 0.0001968676950537222, ""41"": 8.568324481962383e-05, ""42"": 6.235763722506461e-05, ""43"": 0.00010678607287341958, ""44"": 0.00020601266469672544, ""45"": 0.00025354238299526267, ""46"": 0.0002526873670885049, ""47"": 0.00023886442517659967, ""48"": 0.00017232372856711096, ""49"": 7.076548175275167e-05, ""50"": 1.4616017014043734e-05, ""51"": 1.649843158973458e-05, ""52"": 3.6905719889572595e-05, ""53"": 3.875830165814217e-05, ""54"": 1.914120228997527e-05, ""55"": 3.7442449907564208e-06, ""56"": 1.1529808149429949e-06, ""57"": 1.798394503134208e-07, ""58"": 2.7656054230305248e-08, ""59"": 3.1299442474448215e-09, ""60"": 2.55139923927282e-10, ""61"": 5.0718642685650435e-11, ""62"": 4.4223386921034685e-12, ""63"": 4.779905238469038e-13, ""64"": 5.104859691776141e-13, ""80"": 1.4386861496183523e-05, ""81"": 4.201041703271129e-05, ""82"": 4.4778765035634205e-05, ""83"": 2.2156409671308296e-05, ""84"": 4.335372923599674e-06, ""85"": 1.335138088602574e-06, ""86"": 2.0826490257576782e-07, ""87"": 3.202720209545915e-08, ""88"": 3.6231081813022727e-09, ""89"": 2.9549323519254337e-10, ""90"": 5.874037893038239e-11, ""91"": 5.121782381730508e-12, ""92"": 5.535902186878295e-13, ""93"": 5.912251921643077e-13}",17.2376,17.2376,17,17,0.0011,0.9989,0.9954,0.9899,0.9833,0.9743,0.9609,0.9437,0.9236,0.9001,0.8725,0.8401,0.8012,0.755,0.7037,0.6499,0.5934,0.5335,0.4727,0.4152,0.361,12bafe90#phase10c,"stat_grid:component_convolution_mean_coherent_v1+components[pts:pmf_sim_v1+role_aware_pmf_cal_v1:core+monotone_pit_cdf_v1,ast:pmf_sim_v1+role_aware_pmf_cal_v1:core+monotone_pit_cdf_v1]+prior_combo[joint_sampler_v1+joint_combo_pmf_v1+role_aware_pmf_cal_v1:core+monotone_pit_cdf_v1]+stat_grid_final_component_convolution_mean_coherent_v1",phase8_role_aware_pmf_cal_v1+monotone_inactive_global_v1,core,projected_minutes,high,27.4006,29.5281,13.1292,29.5281,35.1493,8.9924,0.05,0.9302,0.4395,core,True,current_market_line,True,draftkings,draftkings,player_pa_over_under,14.5,14.5,0.6499,-127.0,-104.0,0.5232,0.4768,0.3501,-186.0,186.0,0.1267,0.1267,-0.1267,2026-05-28T23:08:42.830387Z,full,provisional,lineup_unconfirmed,latest_valid_report_selected,projected,derived_from_projected_minutes,ok,finals_pending,current_phase8,ok,0.0,projected,not_available_yet,bdl_lineup_freshness_manifest,2026-05-28T22:48:42Z,bdl_plus_nba_official,2026-05-28T23:09:00Z
morning,2026-05-28T23:09:49Z,2026-05-28,21713533,38017685,Chet Holmgren,OKC,SAS,False,pa,"{""0"": 0.0010521066031518114, ""1"": 0.003546738323724936, ""2"": 0.0055158312217900365, ""3"": 0.00661821754412603, ""4"": 0.008965928251318122, ""5"": 0.013371281089559563, ""6"": 0.017213410271786175, ""7"": 0.020142140061867354, ""8"": 0.023453885243425163, ""9"": 0.027614033587855698, ""10"": 0.03243515423508578, ""11"": 0.038881257486651784, ""12"": 0.04618832598208085, ""13"": 0.05127790919571399, ""14"": 0.05380782884182416, ""15"": 0.056523323596327106, ""16"": 0.059923725268344934, ""17"": 0.06077501513577792, ""18"": 0.0574518450009437, ""19"": 0.05422431562255558, ""20"": 0.05291295096438134, ""21"": 0.049694833733619624, ""22"": 0.04439727957882063, ""23"": 0.03987568614915713, ""24"": 0.0349942776922662, ""25"": 0.02952194504448808, ""26"": 0.02432165069375194, ""27"": 0.01893220175969286, ""28"": 0.014335210431858201, ""29"": 0.011727859537892417, ""30"": 0.009623379703793818, ""31"": 0.00799257102118333, ""32"": 0.00660838722305883, ""33"": 0.004781182188756592, ""34"": 0.0029026993931882818, ""35"": 0.00214700692787669, ""36"": 0.0018636334139233131, ""37"": 0.0013461725364732867, ""38"": 0.0007499557414768113, ""39"": 0.0003826779252547609, ""40"": 0.0001968676950537222, ""41"": 8.568324481962383e-05, ""42"": 6.235763722506461e-05, ""43"": 0.00010678607287341958, ""44"": 0.00020601266469672544, ""45"": 0.00025354238299526267, ""46"": 0.0002526873670885049, ""47"": 0.00023886442517659967, ""48"": 0.00017232372856711096, ""49"": 7.076548175275167e-05, ""50"": 1.4616017014043734e-05, ""51"": 1.649843158973458e-05, ""52"": 3.6905719889572595e-05, ""53"": 3.875830165814217e-05, ""54"": 1.914120228997527e-05, ""55"": 3.7442449907564208e-06, ""56"": 1.1529808149429949e-06, ""57"": 1.798394503134208e-07, ""58"": 2.7656054230305248e-08, ""59"": 3.1299442474448215e-09, ""60"": 2.55139923927282e-10, ""61"": 5.0718642685650435e-11, ""62"": 4.4223386921034685e-12, ""63"": 4.779905238469038e-13, ""64"": 5.104859691776141e-13, ""80"": 1.4386861496183523e-05, ""81"": 4.201041703271129e-05, ""82"": 4.4778765035634205e-05, ""83"": 2.2156409671308296e-05, ""84"": 4.335372923599674e-06, ""85"": 1.335138088602574e-06, ""86"": 2.0826490257576782e-07, ""87"": 3.202720209545915e-08, ""88"": 3.6231081813022727e-09, ""89"": 2.9549323519254337e-10, ""90"": 5.874037893038239e-11, ""91"": 5.121782381730508e-12, ""92"": 5.535902186878295e-13, ""93"": 5.912251921643077e-13}",17.2376,17.2376,17,17,0.0011,0.9989,0.9954,0.9899,0.9833,0.9743,0.9609,0.9437,0.9236,0.9001,0.8725,0.8401,0.8012,0.755,0.7037,0.6499,0.5934,0.5335,0.4727,0.4152,0.361,12bafe90#phase10c,"stat_grid:component_convolution_mean_coherent_v1+components[pts:pmf_sim_v1+role_aware_pmf_cal_v1:core+monotone_pit_cdf_v1,ast:pmf_sim_v1+role_aware_pmf_cal_v1:core+monotone_pit_cdf_v1]+prior_combo[joint_sampler_v1+joint_combo_pmf_v1+role_aware_pmf_cal_v1:core+monotone_pit_cdf_v1]+stat_grid_final_component_convolution_mean_coherent_v1",phase8_role_aware_pmf_cal_v1+monotone_inactive_global_v1,core,projected_minutes,high,27.4006,29.5281,13.1292,29.5281,35.1493,8.9924,0.05,0.9302,0.4395,core,True,current_market_line,True,hardrockbet_az,hardrockbet_az,player_pa_over_under,14.5,14.5,0.6499,-120.0,-110.0,0.5101,0.4899,0.3501,-186.0,186.0,0.1398,0.1398,-0.1398,2026-05-28T23:08:42.830387Z,full,provisional,lineup_unconfirmed,latest_valid_report_selected,projected,derived_from_projected_minutes,ok,finals_pending,current_phase8,ok,0.0,projected,not_available_yet,bdl_lineup_freshness_manifest,2026-05-28T22:48:42Z,bdl_plus_nba_official,2026-05-28T23:09:00Z
morning,2026-05-28T23:09:49Z,2026-05-28,21713533,38017685,Chet Holmgren,OKC,SAS,False,pa,"{""0"": 0.0010521066031518114, ""1"": 0.003546738323724936, ""2"": 0.0055158312217900365, ""3"": 0.00661821754412603, ""4"": 0.008965928251318122, ""5"": 0.013371281089559563, ""6"": 0.017213410271786175, ""7"": 0.020142140061867354, ""8"": 0.023453885243425163, ""9"": 0.027614033587855698, ""10"": 0.03243515423508578, ""11"": 0.038881257486651784, ""12"": 0.04618832598208085, ""13"": 0.05127790919571399, ""14"": 0.05380782884182416, ""15"": 0.056523323596327106, ""16"": 0.059923725268344934, ""17"": 0.06077501513577792, ""18"": 0.0574518450009437, ""19"": 0.05422431562255558, ""20"": 0.05291295096438134, ""21"": 0.049694833733619624, ""22"": 0.04439727957882063, ""23"": 0.03987568614915713, ""24"": 0.0349942776922662, ""25"": 0.02952194504448808, ""26"": 0.02432165069375194, ""27"": 0.01893220175969286, ""28"": 0.014335210431858201, ""29"": 0.011727859537892417, ""30"": 0.009623379703793818, ""31"": 0.00799257102118333, ""32"": 0.00660838722305883, ""33"": 0.004781182188756592, ""34"": 0.0029026993931882818, ""35"": 0.00214700692787669, ""36"": 0.0018636334139233131, ""37"": 0.0013461725364732867, ""38"": 0.0007499557414768113, ""39"": 0.0003826779252547609, ""40"": 0.0001968676950537222, ""41"": 8.568324481962383e-05, ""42"": 6.235763722506461e-05, ""43"": 0.00010678607287341958, ""44"": 0.00020601266469672544, ""45"": 0.00025354238299526267, ""46"": 0.0002526873670885049, ""47"": 0.00023886442517659967, ""48"": 0.00017232372856711096, ""49"": 7.076548175275167e-05, ""50"": 1.4616017014043734e-05, ""51"": 1.649843158973458e-05, ""52"": 3.6905719889572595e-05, ""53"": 3.875830165814217e-05, ""54"": 1.914120228997527e-05, ""55"": 3.7442449907564208e-06, ""56"": 1.1529808149429949e-06, ""57"": 1.798394503134208e-07, ""58"": 2.7656054230305248e-08, ""59"": 3.1299442474448215e-09, ""60"": 2.55139923927282e-10, ""61"": 5.0718642685650435e-11, ""62"": 4.4223386921034685e-12, ""63"": 4.779905238469038e-13, ""64"": 5.104859691776141e-13, ""80"": 1.4386861496183523e-05, ""81"": 4.201041703271129e-05, ""82"": 4.4778765035634205e-05, ""83"": 2.2156409671308296e-05, ""84"": 4.335372923599674e-06, ""85"": 1.335138088602574e-06, ""86"": 2.0826490257576782e-07, ""87"": 3.202720209545915e-08, ""88"": 3.6231081813022727e-09, ""89"": 2.9549323519254337e-10, ""90"": 5.874037893038239e-11, ""91"": 5.121782381730508e-12, ""92"": 5.535902186878295e-13, ""93"": 5.912251921643077e-13}",17.2376,17.2376,17,17,0.0011,0.9989,0.9954,0.9899,0.9833,0.9743,0.9609,0.9437,0.9236,0.9001,0.8725,0.8401,0.8012,0.755,0.7037,0.6499,0.5934,0.5335,0.4727,0.4152,0.361,12bafe90#phase10c,"stat_grid:component_convolution_mean_coherent_v1+components[pts:pmf_sim_v1+role_aware_pmf_cal_v1:core+monotone_pit_cdf_v1,ast:pmf_sim_v1+role_aware_pmf_cal_v1:core+monotone_pit_cdf_v1]+prior_combo[joint_sampler_v1+joint_combo_pmf_v1+role_aware_pmf_cal_v1:core+monotone_pit_cdf_v1]+stat_grid_final_component_convolution_mean_coherent_v1",phase8_role_aware_pmf_cal_v1+monotone_inactive_global_v1,core,projected_minutes,high,27.4006,29.5281,13.1292,29.5281,35.1493,8.9924,0.05,0.9302,0.4395,core,True,current_market_line,True,hardrockbet,hardrockbet,player_pa_over_under,14.5,14.5,0.6499,-120.0,-110.0,0.5101,0.4899,0.3501,-186.0,186.0,0.1398,0.1398,-0.1398,2026-05-28T23:08:42.830387Z,full,provisional,lineup_unconfirmed,latest_valid_report_selected,projected,derived_from_projected_minutes,ok,finals_pending,current_phase8,ok,0.0,projected,not_available_yet,bdl_lineup_freshness_manifest,2026-05-28T22:48:42Z,bdl_plus_nba_official,2026-05-28T23:09:00Z
morning,2026-05-28T23:09:49Z,2026-05-28,21713533,38017685,Chet Holmgren,OKC,SAS,False,pa,"{""0"": 0.0010521066031518114, ""1"": 0.003546738323724936, ""2"": 0.0055158312217900365, ""3"": 0.00661821754412603, ""4"": 0.008965928251318122, ""5"": 0.013371281089559563, ""6"": 0.017213410271786175, ""7"": 0.020142140061867354, ""8"": 0.023453885243425163, ""9"": 0.027614033587855698, ""10"": 0.03243515423508578, ""11"": 0.038881257486651784, ""12"": 0.04618832598208085, ""13"": 0.05127790919571399, ""14"": 0.05380782884182416, ""15"": 0.056523323596327106, ""16"": 0.059923725268344934, ""17"": 0.06077501513577792, ""18"": 0.0574518450009437, ""19"": 0.05422431562255558, ""20"": 0.05291295096438134, ""21"": 0.049694833733619624, ""22"": 0.04439727957882063, ""23"": 0.03987568614915713, ""24"": 0.0349942776922662, ""25"": 0.02952194504448808, ""26"": 0.02432165069375194, ""27"": 0.01893220175969286, ""28"": 0.014335210431858201, ""29"": 0.011727859537892417, ""30"": 0.009623379703793818, ""31"": 0.00799257102118333, ""32"": 0.00660838722305883, ""33"": 0.004781182188756592, ""34"": 0.0029026993931882818, ""35"": 0.00214700692787669, ""36"": 0.0018636334139233131, ""37"": 0.0013461725364732867, ""38"": 0.0007499557414768113, ""39"": 0.0003826779252547609, ""40"": 0.0001968676950537222, ""41"": 8.568324481962383e-05, ""42"": 6.235763722506461e-05, ""43"": 0.00010678607287341958, ""44"": 0.00020601266469672544, ""45"": 0.00025354238299526267, ""46"": 0.0002526873670885049, ""47"": 0.00023886442517659967, ""48"": 0.00017232372856711096, ""49"": 7.076548175275167e-05, ""50"": 1.4616017014043734e-05, ""51"": 1.649843158973458e-05, ""52"": 3.6905719889572595e-05, ""53"": 3.875830165814217e-05, ""54"": 1.914120228997527e-05, ""55"": 3.7442449907564208e-06, ""56"": 1.1529808149429949e-06, ""57"": 1.798394503134208e-07, ""58"": 2.7656054230305248e-08, ""59"": 3.1299442474448215e-09, ""60"": 2.55139923927282e-10, ""61"": 5.0718642685650435e-11, ""62"": 4.4223386921034685e-12, ""63"": 4.779905238469038e-13, ""64"": 5.104859691776141e-13, ""80"": 1.4386861496183523e-05, ""81"": 4.201041703271129e-05, ""82"": 4.4778765035634205e-05, ""83"": 2.2156409671308296e-05, ""84"": 4.335372923599674e-06, ""85"": 1.335138088602574e-06, ""86"": 2.0826490257576782e-07, ""87"": 3.202720209545915e-08, ""88"": 3.6231081813022727e-09, ""89"": 2.9549323519254337e-10, ""90"": 5.874037893038239e-11, ""91"": 5.121782381730508e-12, ""92"": 5.535902186878295e-13, ""93"": 5.912251921643077e-13}",17.2376,17.2376,17,17,0.0011,0.9989,0.9954,0.9899,0.9833,0.9743,0.9609,0.9437,0.9236,0.9001,0.8725,0.8401,0.8012,0.755,0.7037,0.6499,0.5934,0.5335,0.4727,0.4152,0.361,12bafe90#phase10c,"stat_grid:component_convolution_mean_coherent_v1+components[pts:pmf_sim_v1+role_aware_pmf_cal_v1:core+monotone_pit_cdf_v1,ast:pmf_sim_v1+role_aware_pmf_cal_v1:core+monotone_pit_cdf_v1]+prior_combo[joint_sampler_v1+joint_combo_pmf_v1+role_aware_pmf_cal_v1:core+monotone_pit_cdf_v1]+stat_grid_final_component_convolution_mean_coherent_v1",phase8_role_aware_pmf_cal_v1+monotone_inactive_global_v1,core,projected_minutes,high,27.4006,29.5281,13.1292,29.5281,35.1493,8.9924,0.05,0.9302,0.4395,core,True,current_market_line,True,hardrockbet_fl,hardrockbet_fl,player_pa_over_under,14.5,14.5,0.6499,-120.0,-110.0,0.5101,0.4899,0.3501,-186.0,186.0,0.1398,0.1398,-0.1398,2026-05-28T23:08:42.830387Z,full,provisional,lineup_unconfirmed,latest_valid_report_selected,projected,derived_from_projected_minutes,ok,finals_pending,current_phase8,ok,0.0,projected,not_available_yet,bdl_lineup_freshness_manifest,2026-05-28T22:48:42Z,bdl_plus_nba_official,2026-05-28T23:09:00Z
morning,2026-05-28T23:09:49Z,2026-05-28,21713533,38017685,Chet Holmgren,OKC,SAS,False,pa,"{""0"": 0.0010521066031518114, ""1"": 0.003546738323724936, ""2"": 0.0055158312217900365, ""3"": 0.00661821754412603, ""4"": 0.008965928251318122, ""5"": 0.013371281089559563, ""6"": 0.017213410271786175, ""7"": 0.020142140061867354, ""8"": 0.023453885243425163, ""9"": 0.027614033587855698, ""10"": 0.03243515423508578, ""11"": 0.038881257486651784, ""12"": 0.04618832598208085, ""13"": 0.05127790919571399, ""14"": 0.05380782884182416, ""15"": 0.056523323596327106, ""16"": 0.059923725268344934, ""17"": 0.06077501513577792, ""18"": 0.0574518450009437, ""19"": 0.05422431562255558, ""20"": 0.05291295096438134, ""21"": 0.049694833733619624, ""22"": 0.04439727957882063, ""23"": 0.03987568614915713, ""24"": 0.0349942776922662, ""25"": 0.02952194504448808, ""26"": 0.02432165069375194, ""27"": 0.01893220175969286, ""28"": 0.014335210431858201, ""29"": 0.011727859537892417, ""30"": 0.009623379703793818, ""31"": 0.00799257102118333, ""32"": 0.00660838722305883, ""33"": 0.004781182188756592, ""34"": 0.0029026993931882818, ""35"": 0.00214700692787669, ""36"": 0.0018636334139233131, ""37"": 0.0013461725364732867, ""38"": 0.0007499557414768113, ""39"": 0.0003826779252547609, ""40"": 0.0001968676950537222, ""41"": 8.568324481962383e-05, ""42"": 6.235763722506461e-05, ""43"": 0.00010678607287341958, ""44"": 0.00020601266469672544, ""45"": 0.00025354238299526267, ""46"": 0.0002526873670885049, ""47"": 0.00023886442517659967, ""48"": 0.00017232372856711096, ""49"": 7.076548175275167e-05, ""50"": 1.4616017014043734e-05, ""51"": 1.649843158973458e-05, ""52"": 3.6905719889572595e-05, ""53"": 3.875830165814217e-05, ""54"": 1.914120228997527e-05, ""55"": 3.7442449907564208e-06, ""56"": 1.1529808149429949e-06, ""57"": 1.798394503134208e-07, ""58"": 2.7656054230305248e-08, ""59"": 3.1299442474448215e-09, ""60"": 2.55139923927282e-10, ""61"": 5.0718642685650435e-11, ""62"": 4.4223386921034685e-12, ""63"": 4.779905238469038e-13, ""64"": 5.104859691776141e-13, ""80"": 1.4386861496183523e-05, ""81"": 4.201041703271129e-05, ""82"": 4.4778765035634205e-05, ""83"": 2.2156409671308296e-05, ""84"": 4.335372923599674e-06, ""85"": 1.335138088602574e-06, ""86"": 2.0826490257576782e-07, ""87"": 3.202720209545915e-08, ""88"": 3.6231081813022727e-09, ""89"": 2.9549323519254337e-10, ""90"": 5.874037893038239e-11, ""91"": 5.121782381730508e-12, ""92"": 5.535902186878295e-13, ""93"": 5.912251921643077e-13}",17.2376,17.2376,17,17,0.0011,0.9989,0.9954,0.9899,0.9833,0.9743,0.9609,0.9437,0.9236,0.9001,0.8725,0.8401,0.8012,0.755,0.7037,0.6499,0.5934,0.5335,0.4727,0.4152,0.361,12bafe90#phase10c,"stat_grid:component_convolution_mean_coherent_v1+components[pts:pmf_sim_v1+role_aware_pmf_cal_v1:core+monotone_pit_cdf_v1,ast:pmf_sim_v1+role_aware_pmf_cal_v1:core+monotone_pit_cdf_v1]+prior_combo[joint_sampler_v1+joint_combo_pmf_v1+role_aware_pmf_cal_v1:core+monotone_pit_cdf_v1]+stat_grid_final_component_convolution_mean_coherent_v1",phase8_role_aware_pmf_cal_v1+monotone_inactive_global_v1,core,projected_minutes,high,27.4006,29.5281,13.1292,29.5281,35.1493,8.9924,0.05,0.9302,0.4395,core,True,current_market_line,True,espnbet,espnbet,player_pa_over_under,14.5,14.5,0.6499,-120.0,-110.0,0.5101,0.4899,0.3501,-186.0,186.0,0.1398,0.1398,-0.1398,2026-05-28T23:08:42.830387Z,full,provisional,lineup_unconfirmed,latest_valid_report_selected,projected,derived_from_projected_minutes,ok,finals_pending,current_phase8,ok,0.0,projected,not_available_yet,bdl_lineup_freshness_manifest,2026-05-28T22:48:42Z,bdl_plus_nba_official,2026-05-28T23:09:00Z
morning,2026-05-28T23:09:49Z,2026-05-28,21713533,38017685,Chet Holmgren,OKC,SAS,False,pa,"{""0"": 0.0010521066031518114, ""1"": 0.003546738323724936, ""2"": 0.0055158312217900365, ""3"": 0.00661821754412603, ""4"": 0.008965928251318122, ""5"": 0.013371281089559563, ""6"": 0.017213410271786175, ""7"": 0.020142140061867354, ""8"": 0.023453885243425163, ""9"": 0.027614033587855698, ""10"": 0.03243515423508578, ""11"": 0.038881257486651784, ""12"": 0.04618832598208085, ""13"": 0.05127790919571399, ""14"": 0.05380782884182416, ""15"": 0.056523323596327106, ""16"": 0.059923725268344934, ""17"": 0.06077501513577792, ""18"": 0.0574518450009437, ""19"": 0.05422431562255558, ""20"": 0.05291295096438134, ""21"": 0.049694833733619624, ""22"": 0.04439727957882063, ""23"": 0.03987568614915713, ""24"": 0.0349942776922662, ""25"": 0.02952194504448808, ""26"": 0.02432165069375194, ""27"": 0.01893220175969286, ""28"": 0.014335210431858201, ""29"": 0.011727859537892417, ""30"": 0.009623379703793818, ""31"": 0.00799257102118333, ""32"": 0.00660838722305883, ""33"": 0.004781182188756592, ""34"": 0.0029026993931882818, ""35"": 0.00214700692787669, ""36"": 0.0018636334139233131, ""37"": 0.0013461725364732867, ""38"": 0.0007499557414768113, ""39"": 0.0003826779252547609, ""40"": 0.0001968676950537222, ""41"": 8.568324481962383e-05, ""42"": 6.235763722506461e-05, ""43"": 0.00010678607287341958, ""44"": 0.00020601266469672544, ""45"": 0.00025354238299526267, ""46"": 0.0002526873670885049, ""47"": 0.00023886442517659967, ""48"": 0.00017232372856711096, ""49"": 7.076548175275167e-05, ""50"": 1.4616017014043734e-05, ""51"": 1.649843158973458e-05, ""52"": 3.6905719889572595e-05, ""53"": 3.875830165814217e-05, ""54"": 1.914120228997527e-05, ""55"": 3.7442449907564208e-06, ""56"": 1.1529808149429949e-06, ""57"": 1.798394503134208e-07, ""58"": 2.7656054230305248e-08, ""59"": 3.1299442474448215e-09, ""60"": 2.55139923927282e-10, ""61"": 5.0718642685650435e-11, ""62"": 4.4223386921034685e-12, ""63"": 4.779905238469038e-13, ""64"": 5.104859691776141e-13, ""80"": 1.4386861496183523e-05, ""81"": 4.201041703271129e-05, ""82"": 4.4778765035634205e-05, ""83"": 2.2156409671308296e-05, ""84"": 4.335372923599674e-06, ""85"": 1.335138088602574e-06, ""86"": 2.0826490257576782e-07, ""87"": 3.202720209545915e-08, ""88"": 3.6231081813022727e-09, ""89"": 2.9549323519254337e-10, ""90"": 5.874037893038239e-11, ""91"": 5.121782381730508e-12, ""92"": 5.535902186878295e-13, ""93"": 5.912251921643077e-13}",17.2376,17.2376,17,17,0.0011,0.9989,0.9954,0.9899,0.9833,0.9743,0.9609,0.9437,0.9236,0.9001,0.8725,0.8401,0.8012,0.755,0.7037,0.6499,0.5934,0.5335,0.4727,0.4152,0.361,12bafe90#phase10c,"stat_grid:component_convolution_mean_coherent_v1+components[pts:pmf_sim_v1+role_aware_pmf_cal_v1:core+monotone_pit_cdf_v1,ast:pmf_sim_v1+role_aware_pmf_cal_v1:core+monotone_pit_cdf_v1]+prior_combo[joint_sampler_v1+joint_combo_pmf_v1+role_aware_pmf_cal_v1:core+monotone_pit_cdf_v1]+stat_grid_final_component_convolution_mean_coherent_v1",phase8_role_aware_pmf_cal_v1+monotone_inactive_global_v1,core,projected_minutes,high,27.4006,29.5281,13.1292,29.5281,35.1493,8.9924,0.05,0.9302,0.4395,core,True,current_market_line,True,fliff,fliff,player_pa_over_under,14.5,14.5,0.6499,-130.0,-110.0,0.519,0.481,0.3501,-186.0,186.0,0.1309,0.1309,-0.1309,2026-05-28T23:08:42.830387Z,full,provisional,lineup_unconfirmed,latest_valid_report_selected,projected,derived_from_projected_minutes,ok,finals_pending,current_phase8,ok,0.0,projected,not_available_yet,bdl_lineup_freshness_manifest,2026-05-28T22:48:42Z,bdl_plus_nba_official,2026-05-28T23:09:00Z
morning,2026-05-28T23:09:49Z,2026-05-28,21713533,38017685,Chet Holmgren,OKC,SAS,False,pr,"{""0"": 4.578071473364228e-05, ""1"": 3.3963966812185005e-05, ""2"": 0.0001038367845879616, ""3"": 0.000175468214265739, ""4"": 0.00034241604382833057, ""5"": 0.0005939085582628387, ""6"": 0.0013337953446336598, ""7"": 0.002175428283272371, ""8"": 0.003566551938798792, ""9"": 0.0054041097143012065, ""10"": 0.007155644437526045, ""11"": 0.009794391952904151, ""12"": 0.01280253786001109, ""13"": 0.016149924371519193, ""14"": 0.01918939021128124, ""15"": 0.023109730555423216, ""16"": 0.02747136891376138, ""17"": 0.03196688923630589, ""18"": 0.03686078827763372, ""19"": 0.041792061539168035, ""20"": 0.04629250041008769, ""21"": 0.04980731562303613, ""22"": 0.05296853290500671, ""23"": 0.05507920369051475, ""24"": 0.055762998682935, ""25"": 0.055302589830766045, ""26"": 0.05347616971739005, ""27"": 0.0518667185565698, ""28"": 0.049100665463947896, ""29"": 0.044517921416407806, ""30"": 0.0408862810482716, ""31"": 0.03682033226499129, ""32"": 0.03139432816975844, ""33"": 0.027055409936744046, ""34"": 0.022668100204745387, ""35"": 0.018258564824573196, ""36"": 0.015142125948780156, ""37"": 0.012359795721947885, ""38"": 0.009544114754734108, ""39"": 0.007913880965991908, ""40"": 0.006030790264125911, ""41"": 0.004552903271720556, ""42"": 0.0034989104042056165, ""43"": 0.002650013625393106, ""44"": 0.001869409203130587, ""45"": 0.0012476314513973508, ""46"": 0.0009237775619216819, ""47"": 0.0006077452176819841, ""48"": 0.00037991322827160757, ""49"": 0.0002717048491859727, ""50"": 0.0002110891219013216, ""51"": 0.00020000315076088926, ""52"": 0.00020858704539618533, ""53"": 0.00018300739978304383, ""54"": 0.00018330577122266422, ""55"": 0.0001604512120840516, ""56"": 0.00010880703159819057, ""57"": 8.931002918721953e-05, ""58"": 6.604099209635961e-05, ""59"": 4.571583816774216e-05, ""60"": 3.5235062016667054e-05, ""61"": 2.0153705485407857e-05, ""62"": 1.6592330404335263e-05, ""63"": 1.1973490453292745e-05, ""64"": 6.010037801514796e-06, ""65"": 2.9690556057943707e-06, ""66"": 1.5635468872823939e-06, ""67"": 9.368158012743342e-07, ""68"": 4.184764909139924e-07, ""69"": 1.279179965599806e-07, ""70"": 8.767321065868514e-08, ""71"": 2.1690881312711002e-08, ""72"": 7.981337204635762e-09, ""73"": 7.542608516356294e-10, ""74"": 3.229613193165372e-10, ""75"": 8.689317833216232e-11, ""76"": 6.254290134842681e-11, ""77"": 1.201996389929988e-11, ""78"": 6.925670106042293e-12, ""79"": 3.2110252930067288e-12, ""80"": 6.260220079225516e-07, ""81"": 1.820819237334378e-07, ""82"": 8.287259097506797e-07, ""83"": 1.2689932141364432e-06, ""84"": 1.909170017873686e-06, ""85"": 3.837055444968518e-06, ""86"": 1.0156917055600277e-05, ""87"": 1.3680863224955578e-05, ""88"": 1.966221933443533e-05, ""89"": 2.3927743340392176e-05, ""90"": 1.4358352133709797e-05, ""91"": 1.4233873213698285e-05, ""92"": 1.1785038367088494e-05, ""93"": 6.212485666934088e-06, ""94"": 3.050190196806707e-06, ""95"": 1.7103899723521686e-06, ""96"": 1.053220173675511e-06, ""97"": 4.808205654905014e-07, ""98"": 1.4664502257982778e-07, ""99"": 1.0103209690872517e-07, ""100"": 2.4839462816556738e-08, ""101"": 9.172396534917745e-09, ""102"": 8.370230927475575e-10, ""103"": 3.591929918335329e-10, ""104"": 9.59956105107362e-11, ""105"": 7.112636034159752e-11, ""106"": 1.3921059334148006e-11, ""107"": 8.021044429306945e-12, ""108"": 3.718885847069834e-12, ""109"": 1.195674493252633e-12, ""110"": 4.130730972748053e-13}",24.6596,24.6596,25,24,0.0,1.0,0.9999,0.9998,0.9996,0.9993,0.9987,0.9974,0.9952,0.9916,0.9862,0.9791,0.9693,0.9565,0.9403,0.9211,0.898,0.8706,0.8386,0.8017,0.7599,12bafe90#phase10c,"stat_grid:component_convolution_mean_coherent_v1+components[pts:pmf_sim_v1+role_aware_pmf_cal_v1:core+monotone_pit_cdf_v1,reb:pmf_sim_v1+role_aware_pmf_cal_v1:core+monotone_pit_cdf_v1]+prior_combo[joint_sampler_v1+joint_combo_pmf_v1+role_aware_pmf_cal_v1:core+monotone_pit_cdf_v1]+stat_grid_final_component_convolution_mean_coherent_v1",phase8_role_aware_pmf_cal_v1+monotone_inactive_global_v1,core,projected_minutes,high,27.4006,29.5281,13.1292,29.5281,35.1493,8.9924,0.05,0.9302,0.4395,core,True,current_market_line,True,fanduel,fanduel,player_pr_over_under,29.5,29.5,0.2458,410.0,-700.0,0.1831,0.8169,0.7542,307.0,-307.0,0.0627,0.0627,-0.0627,2026-05-28T23:08:42.830387Z,full,provisional,lineup_unconfirmed,latest_valid_report_selected,projected,derived_from_projected_minutes,ok,finals_pending,current_phase8,ok,0.0,projected,not_available_yet,bdl_lineup_freshness_manifest,2026-05-28T22:48:42Z,bdl_plus_nba_official,2026-05-28T23:09:00Z
morning,2026-05-28T23:09:49Z,2026-05-28,21713533,38017685,Chet Holmgren,OKC,SAS,False,pr,"{""0"": 4.578071473364228e-05, ""1"": 3.3963966812185005e-05, ""2"": 0.0001038367845879616, ""3"": 0.000175468214265739, ""4"": 0.00034241604382833057, ""5"": 0.0005939085582628387, ""6"": 0.0013337953446336598, ""7"": 0.002175428283272371, ""8"": 0.003566551938798792, ""9"": 0.0054041097143012065, ""10"": 0.007155644437526045, ""11"": 0.009794391952904151, ""12"": 0.01280253786001109, ""13"": 0.016149924371519193, ""14"": 0.01918939021128124, ""15"": 0.023109730555423216, ""16"": 0.02747136891376138, ""17"": 0.03196688923630589, ""18"": 0.03686078827763372, ""19"": 0.041792061539168035, ""20"": 0.04629250041008769, ""21"": 0.04980731562303613, ""22"": 0.05296853290500671, ""23"": 0.05507920369051475, ""24"": 0.055762998682935, ""25"": 0.055302589830766045, ""26"": 0.05347616971739005, ""27"": 0.0518667185565698, ""28"": 0.049100665463947896, ""29"": 0.044517921416407806, ""30"": 0.0408862810482716, ""31"": 0.03682033226499129, ""32"": 0.03139432816975844, ""33"": 0.027055409936744046, ""34"": 0.022668100204745387, ""35"": 0.018258564824573196, ""36"": 0.015142125948780156, ""37"": 0.012359795721947885, ""38"": 0.009544114754734108, ""39"": 0.007913880965991908, ""40"": 0.006030790264125911, ""41"": 0.004552903271720556, ""42"": 0.0034989104042056165, ""43"": 0.002650013625393106, ""44"": 0.001869409203130587, ""45"": 0.0012476314513973508, ""46"": 0.0009237775619216819, ""47"": 0.0006077452176819841, ""48"": 0.00037991322827160757, ""49"": 0.0002717048491859727, ""50"": 0.0002110891219013216, ""51"": 0.00020000315076088926, ""52"": 0.00020858704539618533, ""53"": 0.00018300739978304383, ""54"": 0.00018330577122266422, ""55"": 0.0001604512120840516, ""56"": 0.00010880703159819057, ""57"": 8.931002918721953e-05, ""58"": 6.604099209635961e-05, ""59"": 4.571583816774216e-05, ""60"": 3.5235062016667054e-05, ""61"": 2.0153705485407857e-05, ""62"": 1.6592330404335263e-05, ""63"": 1.1973490453292745e-05, ""64"": 6.010037801514796e-06, ""65"": 2.9690556057943707e-06, ""66"": 1.5635468872823939e-06, ""67"": 9.368158012743342e-07, ""68"": 4.184764909139924e-07, ""69"": 1.279179965599806e-07, ""70"": 8.767321065868514e-08, ""71"": 2.1690881312711002e-08, ""72"": 7.981337204635762e-09, ""73"": 7.542608516356294e-10, ""74"": 3.229613193165372e-10, ""75"": 8.689317833216232e-11, ""76"": 6.254290134842681e-11, ""77"": 1.201996389929988e-11, ""78"": 6.925670106042293e-12, ""79"": 3.2110252930067288e-12, ""80"": 6.260220079225516e-07, ""81"": 1.820819237334378e-07, ""82"": 8.287259097506797e-07, ""83"": 1.2689932141364432e-06, ""84"": 1.909170017873686e-06, ""85"": 3.837055444968518e-06, ""86"": 1.0156917055600277e-05, ""87"": 1.3680863224955578e-05, ""88"": 1.966221933443533e-05, ""89"": 2.3927743340392176e-05, ""90"": 1.4358352133709797e-05, ""91"": 1.4233873213698285e-05, ""92"": 1.1785038367088494e-05, ""93"": 6.212485666934088e-06, ""94"": 3.050190196806707e-06, ""95"": 1.7103899723521686e-06, ""96"": 1.053220173675511e-06, ""97"": 4.808205654905014e-07, ""98"": 1.4664502257982778e-07, ""99"": 1.0103209690872517e-07, ""100"": 2.4839462816556738e-08, ""101"": 9.172396534917745e-09, ""102"": 8.370230927475575e-10, ""103"": 3.591929918335329e-10, ""104"": 9.59956105107362e-11, ""105"": 7.112636034159752e-11, ""106"": 1.3921059334148006e-11, ""107"": 8.021044429306945e-12, ""108"": 3.718885847069834e-12, ""109"": 1.195674493252633e-12, ""110"": 4.130730972748053e-13}",24.6596,24.6596,25,24,0.0,1.0,0.9999,0.9998,0.9996,0.9993,0.9987,0.9974,0.9952,0.9916,0.9862,0.9791,0.9693,0.9565,0.9403,0.9211,0.898,0.8706,0.8386,0.8017,0.7599,12bafe90#phase10c,"stat_grid:component_convolution_mean_coherent_v1+components[pts:pmf_sim_v1+role_aware_pmf_cal_v1:core+monotone_pit_cdf_v1,reb:pmf_sim_v1+role_aware_pmf_cal_v1:core+monotone_pit_cdf_v1]+prior_combo[joint_sampler_v1+joint_combo_pmf_v1+role_aware_pmf_cal_v1:core+monotone_pit_cdf_v1]+stat_grid_final_component_convolution_mean_coherent_v1",phase8_role_aware_pmf_cal_v1+monotone_inactive_global_v1,core,projected_minutes,high,27.4006,29.5281,13.1292,29.5281,35.1493,8.9924,0.05,0.9302,0.4395,core,True,current_market_line,True,fanduel,fanduel,player_pr_over_under,27.5,27.5,0.3394,300.0,-450.0,0.234,0.766,0.6606,195.0,-195.0,0.1053,0.1053,-0.1053,2026-05-28T23:08:42.830387Z,full,provisional,lineup_unconfirmed,latest_valid_report_selected,projected,derived_from_projected_minutes,ok,finals_pending,current_phase8,ok,0.0,projected,not_available_yet,bdl_lineup_freshness_manifest,2026-05-28T22:48:42Z,bdl_plus_nba_official,2026-05-28T23:09:00Z
morning,2026-05-28T23:09:49Z,2026-05-28,21713533,38017685,Chet Holmgren,OKC,SAS,False,pr,"{""0"": 4.578071473364228e-05, ""1"": 3.3963966812185005e-05, ""2"": 0.0001038367845879616, ""3"": 0.000175468214265739, ""4"": 0.00034241604382833057, ""5"": 0.0005939085582628387, ""6"": 0.0013337953446336598, ""7"": 0.002175428283272371, ""8"": 0.003566551938798792, ""9"": 0.0054041097143012065, ""10"": 0.007155644437526045, ""11"": 0.009794391952904151, ""12"": 0.01280253786001109, ""13"": 0.016149924371519193, ""14"": 0.01918939021128124, ""15"": 0.023109730555423216, ""16"": 0.02747136891376138, ""17"": 0.03196688923630589, ""18"": 0.03686078827763372, ""19"": 0.041792061539168035, ""20"": 0.04629250041008769, ""21"": 0.04980731562303613, ""22"": 0.05296853290500671, ""23"": 0.05507920369051475, ""24"": 0.055762998682935, ""25"": 0.055302589830766045, ""26"": 0.05347616971739005, ""27"": 0.0518667185565698, ""28"": 0.049100665463947896, ""29"": 0.044517921416407806, ""30"": 0.0408862810482716, ""31"": 0.03682033226499129, ""32"": 0.03139432816975844, ""33"": 0.027055409936744046, ""34"": 0.022668100204745387, ""35"": 0.018258564824573196, ""36"": 0.015142125948780156, ""37"": 0.012359795721947885, ""38"": 0.009544114754734108, ""39"": 0.007913880965991908, ""40"": 0.006030790264125911, ""41"": 0.004552903271720556, ""42"": 0.0034989104042056165, ""43"": 0.002650013625393106, ""44"": 0.001869409203130587, ""45"": 0.0012476314513973508, ""46"": 0.0009237775619216819, ""47"": 0.0006077452176819841, ""48"": 0.00037991322827160757, ""49"": 0.0002717048491859727, ""50"": 0.0002110891219013216, ""51"": 0.00020000315076088926, ""52"": 0.00020858704539618533, ""53"": 0.00018300739978304383, ""54"": 0.00018330577122266422, ""55"": 0.0001604512120840516, ""56"": 0.00010880703159819057, ""57"": 8.931002918721953e-05, ""58"": 6.604099209635961e-05, ""59"": 4.571583816774216e-05, ""60"": 3.5235062016667054e-05, ""61"": 2.0153705485407857e-05, ""62"": 1.6592330404335263e-05, ""63"": 1.1973490453292745e-05, ""64"": 6.010037801514796e-06, ""65"": 2.9690556057943707e-06, ""66"": 1.5635468872823939e-06, ""67"": 9.368158012743342e-07, ""68"": 4.184764909139924e-07, ""69"": 1.279179965599806e-07, ""70"": 8.767321065868514e-08, ""71"": 2.1690881312711002e-08, ""72"": 7.981337204635762e-09, ""73"": 7.542608516356294e-10, ""74"": 3.229613193165372e-10, ""75"": 8.689317833216232e-11, ""76"": 6.254290134842681e-11, ""77"": 1.201996389929988e-11, ""78"": 6.925670106042293e-12, ""79"": 3.2110252930067288e-12, ""80"": 6.260220079225516e-07, ""81"": 1.820819237334378e-07, ""82"": 8.287259097506797e-07, ""83"": 1.2689932141364432e-06, ""84"": 1.909170017873686e-06, ""85"": 3.837055444968518e-06, ""86"": 1.0156917055600277e-05, ""87"": 1.3680863224955578e-05, ""88"": 1.966221933443533e-05, ""89"": 2.3927743340392176e-05, ""90"": 1.4358352133709797e-05, ""91"": 1.4233873213698285e-05, ""92"": 1.1785038367088494e-05, ""93"": 6.212485666934088e-06, ""94"": 3.050190196806707e-06, ""95"": 1.7103899723521686e-06, ""96"": 1.053220173675511e-06, ""97"": 4.808205654905014e-07, ""98"": 1.4664502257982778e-07, ""99"": 1.0103209690872517e-07, ""100"": 2.4839462816556738e-08, ""101"": 9.172396534917745e-09, ""102"": 8.370230927475575e-10, ""103"": 3.591929918335329e-10, ""104"": 9.59956105107362e-11, ""105"": 7.112636034159752e-11, ""106"": 1.3921059334148006e-11, ""107"": 8.021044429306945e-12, ""108"": 3.718885847069834e-12, ""109"": 1.195674493252633e-12, ""110"": 4.130730972748053e-13}",24.6596,24.6596,25,24,0.0,1.0,0.9999,0.9998,0.9996,0.9993,0.9987,0.9974,0.9952,0.9916,0.9862,0.9791,0.9693,0.9565,0.9403,0.9211,0.898,0.8706,0.8386,0.8017,0.7599,12bafe90#phase10c,"stat_grid:component_convolution_mean_coherent_v1+components[pts:pmf_sim_v1+role_aware_pmf_cal_v1:core+monotone_pit_cdf_v1,reb:pmf_sim_v1+role_aware_pmf_cal_v1:core+monotone_pit_cdf_v1]+prior_combo[joint_sampler_v1+joint_combo_pmf_v1+role_aware_pmf_cal_v1:core+monotone_pit_cdf_v1]+stat_grid_final_component_convolution_mean_coherent_v1",phase8_role_aware_pmf_cal_v1+monotone_inactive_global_v1,core,projected_minutes,high,27.4006,29.5281,13.1292,29.5281,35.1493,8.9924,0.05,0.9302,0.4395,core,True,current_market_line,True,fanduel,fanduel,player_pr_over_under,26.5,26.5,0.3912,240.0,-350.0,0.2744,0.7256,0.6088,156.0,-156.0,0.1169,0.1169,-0.1169,2026-05-28T23:08:42.830387Z,full,provisional,lineup_unconfirmed,latest_valid_report_selected,projected,derived_from_projected_minutes,ok,finals_pending,current_phase8,ok,0.0,projected,not_available_yet,bdl_lineup_freshness_manifest,2026-05-28T22:48:42Z,bdl_plus_nba_official,2026-05-28T23:09:00Z
morning,2026-05-28T23:09:49Z,2026-05-28,21713533,38017685,Chet Holmgren,OKC,SAS,False,pr,"{""0"": 4.578071473364228e-05, ""1"": 3.3963966812185005e-05, ""2"": 0.0001038367845879616, ""3"": 0.000175468214265739, ""4"": 0.00034241604382833057, ""5"": 0.0005939085582628387, ""6"": 0.0013337953446336598, ""7"": 0.002175428283272371, ""8"": 0.003566551938798792, ""9"": 0.0054041097143012065, ""10"": 0.007155644437526045, ""11"": 0.009794391952904151, ""12"": 0.01280253786001109, ""13"": 0.016149924371519193, ""14"": 0.01918939021128124, ""15"": 0.023109730555423216, ""16"": 0.02747136891376138, ""17"": 0.03196688923630589, ""18"": 0.03686078827763372, ""19"": 0.041792061539168035, ""20"": 0.04629250041008769, ""21"": 0.04980731562303613, ""22"": 0.05296853290500671, ""23"": 0.05507920369051475, ""24"": 0.055762998682935, ""25"": 0.055302589830766045, ""26"": 0.05347616971739005, ""27"": 0.0518667185565698, ""28"": 0.049100665463947896, ""29"": 0.044517921416407806, ""30"": 0.0408862810482716, ""31"": 0.03682033226499129, ""32"": 0.03139432816975844, ""33"": 0.027055409936744046, ""34"": 0.022668100204745387, ""35"": 0.018258564824573196, ""36"": 0.015142125948780156, ""37"": 0.012359795721947885, ""38"": 0.009544114754734108, ""39"": 0.007913880965991908, ""40"": 0.006030790264125911, ""41"": 0.004552903271720556, ""42"": 0.0034989104042056165, ""43"": 0.002650013625393106, ""44"": 0.001869409203130587, ""45"": 0.0012476314513973508, ""46"": 0.0009237775619216819, ""47"": 0.0006077452176819841, ""48"": 0.00037991322827160757, ""49"": 0.0002717048491859727, ""50"": 0.0002110891219013216, ""51"": 0.00020000315076088926, ""52"": 0.00020858704539618533, ""53"": 0.00018300739978304383, ""54"": 0.00018330577122266422, ""55"": 0.0001604512120840516, ""56"": 0.00010880703159819057, ""57"": 8.931002918721953e-05, ""58"": 6.604099209635961e-05, ""59"": 4.571583816774216e-05, ""60"": 3.5235062016667054e-05, ""61"": 2.0153705485407857e-05, ""62"": 1.6592330404335263e-05, ""63"": 1.1973490453292745e-05, ""64"": 6.010037801514796e-06, ""65"": 2.9690556057943707e-06, ""66"": 1.5635468872823939e-06, ""67"": 9.368158012743342e-07, ""68"": 4.184764909139924e-07, ""69"": 1.279179965599806e-07, ""70"": 8.767321065868514e-08, ""71"": 2.1690881312711002e-08, ""72"": 7.981337204635762e-09, ""73"": 7.542608516356294e-10, ""74"": 3.229613193165372e-10, ""75"": 8.689317833216232e-11, ""76"": 6.254290134842681e-11, ""77"": 1.201996389929988e-11, ""78"": 6.925670106042293e-12, ""79"": 3.2110252930067288e-12, ""80"": 6.260220079225516e-07, ""81"": 1.820819237334378e-07, ""82"": 8.287259097506797e-07, ""83"": 1.2689932141364432e-06, ""84"": 1.909170017873686e-06, ""85"": 3.837055444968518e-06, ""86"": 1.0156917055600277e-05, ""87"": 1.3680863224955578e-05, ""88"": 1.966221933443533e-05, ""89"": 2.3927743340392176e-05, ""90"": 1.4358352133709797e-05, ""91"": 1.4233873213698285e-05, ""92"": 1.1785038367088494e-05, ""93"": 6.212485666934088e-06, ""94"": 3.050190196806707e-06, ""95"": 1.7103899723521686e-06, ""96"": 1.053220173675511e-06, ""97"": 4.808205654905014e-07, ""98"": 1.4664502257982778e-07, ""99"": 1.0103209690872517e-07, ""100"": 2.4839462816556738e-08, ""101"": 9.172396534917745e-09, ""102"": 8.370230927475575e-10, ""103"": 3.591929918335329e-10, ""104"": 9.59956105107362e-11, ""105"": 7.112636034159752e-11, ""106"": 1.3921059334148006e-11, ""107"": 8.021044429306945e-12, ""108"": 3.718885847069834e-12, ""109"": 1.195674493252633e-12, ""110"": 4.130730972748053e-13}",24.6596,24.6596,25,24,0.0,1.0,0.9999,0.9998,0.9996,0.9993,0.9987,0.9974,0.9952,0.9916,0.9862,0.9791,0.9693,0.9565,0.9403,0.9211,0.898,0.8706,0.8386,0.8017,0.7599,12bafe90#phase10c,"stat_grid:component_convolution_mean_coherent_v1+components[pts:pmf_sim_v1+role_aware_pmf_cal_v1:core+monotone_pit_cdf_v1,reb:pmf_sim_v1+role_aware_pmf_cal_v1:core+monotone_pit_cdf_v1]+prior_combo[joint_sampler_v1+joint_combo_pmf_v1+role_aware_pmf_cal_v1:core+monotone_pit_cdf_v1]+stat_grid_final_component_convolution_mean_coherent_v1",phase8_role_aware_pmf_cal_v1+monotone_inactive_global_v1,core,projected_minutes,high,27.4006,29.5281,13.1292,29.5281,35.1493,8.9924,0.05,0.9302,0.4395,core,True,current_market_line,True,fanduel,fanduel,player_pr_over_under,25.5,25.5,0.4447,200.0,-280.0,0.3115,0.6885,0.5553,125.0,-125.0,0.1332,0.1332,-0.1332,2026-05-28T23:08:42.830387Z,full,provisional,lineup_unconfirmed,latest_valid_report_selected,projected,derived_from_projected_minutes,ok,finals_pending,current_phase8,ok,0.0,projected,not_available_yet,bdl_lineup_freshness_manifest,2026-05-28T22:48:42Z,bdl_plus_nba_official,2026-05-28T23:09:00Z
morning,2026-05-28T23:09:49Z,2026-05-28,21713533,38017685,Chet Holmgren,OKC,SAS,False,pr,"{""0"": 4.578071473364228e-05, ""1"": 3.3963966812185005e-05, ""2"": 0.0001038367845879616, ""3"": 0.000175468214265739, ""4"": 0.00034241604382833057, ""5"": 0.0005939085582628387, ""6"": 0.0013337953446336598, ""7"": 0.002175428283272371, ""8"": 0.003566551938798792, ""9"": 0.0054041097143012065, ""10"": 0.007155644437526045, ""11"": 0.009794391952904151, ""12"": 0.01280253786001109, ""13"": 0.016149924371519193, ""14"": 0.01918939021128124, ""15"": 0.023109730555423216, ""16"": 0.02747136891376138, ""17"": 0.03196688923630589, ""18"": 0.03686078827763372, ""19"": 0.041792061539168035, ""20"": 0.04629250041008769, ""21"": 0.04980731562303613, ""22"": 0.05296853290500671, ""23"": 0.05507920369051475, ""24"": 0.055762998682935, ""25"": 0.055302589830766045, ""26"": 0.05347616971739005, ""27"": 0.0518667185565698, ""28"": 0.049100665463947896, ""29"": 0.044517921416407806, ""30"": 0.0408862810482716, ""31"": 0.03682033226499129, ""32"": 0.03139432816975844, ""33"": 0.027055409936744046, ""34"": 0.022668100204745387, ""35"": 0.018258564824573196, ""36"": 0.015142125948780156, ""37"": 0.012359795721947885, ""38"": 0.009544114754734108, ""39"": 0.007913880965991908, ""40"": 0.006030790264125911, ""41"": 0.004552903271720556, ""42"": 0.0034989104042056165, ""43"": 0.002650013625393106, ""44"": 0.001869409203130587, ""45"": 0.0012476314513973508, ""46"": 0.0009237775619216819, ""47"": 0.0006077452176819841, ""48"": 0.00037991322827160757, ""49"": 0.0002717048491859727, ""50"": 0.0002110891219013216, ""51"": 0.00020000315076088926, ""52"": 0.00020858704539618533, ""53"": 0.00018300739978304383, ""54"": 0.00018330577122266422, ""55"": 0.0001604512120840516, ""56"": 0.00010880703159819057, ""57"": 8.931002918721953e-05, ""58"": 6.604099209635961e-05, ""59"": 4.571583816774216e-05, ""60"": 3.5235062016667054e-05, ""61"": 2.0153705485407857e-05, ""62"": 1.6592330404335263e-05, ""63"": 1.1973490453292745e-05, ""64"": 6.010037801514796e-06, ""65"": 2.9690556057943707e-06, ""66"": 1.5635468872823939e-06, ""67"": 9.368158012743342e-07, ""68"": 4.184764909139924e-07, ""69"": 1.279179965599806e-07, ""70"": 8.767321065868514e-08, ""71"": 2.1690881312711002e-08, ""72"": 7.981337204635762e-09, ""73"": 7.542608516356294e-10, ""74"": 3.229613193165372e-10, ""75"": 8.689317833216232e-11, ""76"": 6.254290134842681e-11, ""77"": 1.201996389929988e-11, ""78"": 6.925670106042293e-12, ""79"": 3.2110252930067288e-12, ""80"": 6.260220079225516e-07, ""81"": 1.820819237334378e-07, ""82"": 8.287259097506797e-07, ""83"": 1.2689932141364432e-06, ""84"": 1.909170017873686e-06, ""85"": 3.837055444968518e-06, ""86"": 1.0156917055600277e-05, ""87"": 1.3680863224955578e-05, ""88"": 1.966221933443533e-05, ""89"": 2.3927743340392176e-05, ""90"": 1.4358352133709797e-05, ""91"": 1.4233873213698285e-05, ""92"": 1.1785038367088494e-05, ""93"": 6.212485666934088e-06, ""94"": 3.050190196806707e-06, ""95"": 1.7103899723521686e-06, ""96"": 1.053220173675511e-06, ""97"": 4.808205654905014e-07, ""98"": 1.4664502257982778e-07, ""99"": 1.0103209690872517e-07, ""100"": 2.4839462816556738e-08, ""101"": 9.172396534917745e-09, ""102"": 8.370230927475575e-10, ""103"": 3.591929918335329e-10, ""104"": 9.59956105107362e-11, ""105"": 7.112636034159752e-11, ""106"": 1.3921059334148006e-11, ""107"": 8.021044429306945e-12, ""108"": 3.718885847069834e-12, ""109"": 1.195674493252633e-12, ""110"": 4.130730972748053e-13}",24.6596,24.6596,25,24,0.0,1.0,0.9999,0.9998,0.9996,0.9993,0.9987,0.9974,0.9952,0.9916,0.9862,0.9791,0.9693,0.9565,0.9403,0.9211,0.898,0.8706,0.8386,0.8017,0.7599,12bafe90#phase10c,"stat_grid:component_convolution_mean_coherent_v1+components[pts:pmf_sim_v1+role_aware_pmf_cal_v1:core+monotone_pit_cdf_v1,reb:pmf_sim_v1+role_aware_pmf_cal_v1:core+monotone_pit_cdf_v1]+prior_combo[joint_sampler_v1+joint_combo_pmf_v1+role_aware_pmf_cal_v1:core+monotone_pit_cdf_v1]+stat_grid_final_component_convolution_mean_coherent_v1",phase8_role_aware_pmf_cal_v1+monotone_inactive_global_v1,core,projected_minutes,high,27.4006,29.5281,13.1292,29.5281,35.1493,8.9924,0.05,0.9302,0.4395,core,True,current_market_line,True,fanduel,fanduel,player_pr_over_under,24.5,24.5,0.5,164.0,-225.0,0.3536,0.6464,0.5,-100.0,100.0,0.1464,0.1464,-0.1464,2026-05-28T23:08:42.830387Z,full,provisional,lineup_unconfirmed,latest_valid_report_selected,projected,derived_from_projected_minutes,ok,finals_pending,current_phase8,ok,0.0,projected,not_available_yet,bdl_lineup_freshness_manifest,2026-05-28T22:48:42Z,bdl_plus_nba_official,2026-05-28T23:09:00Z
morning,2026-05-28T23:09:49Z,2026-05-28,21713533,38017685,Chet Holmgren,OKC,SAS,False,pr,"{""0"": 4.578071473364228e-05, ""1"": 3.3963966812185005e-05, ""2"": 0.0001038367845879616, ""3"": 0.000175468214265739, ""4"": 0.00034241604382833057, ""5"": 0.0005939085582628387, ""6"": 0.0013337953446336598, ""7"": 0.002175428283272371, ""8"": 0.003566551938798792, ""9"": 0.0054041097143012065, ""10"": 0.007155644437526045, ""11"": 0.009794391952904151, ""12"": 0.01280253786001109, ""13"": 0.016149924371519193, ""14"": 0.01918939021128124, ""15"": 0.023109730555423216, ""16"": 0.02747136891376138, ""17"": 0.03196688923630589, ""18"": 0.03686078827763372, ""19"": 0.041792061539168035, ""20"": 0.04629250041008769, ""21"": 0.04980731562303613, ""22"": 0.05296853290500671, ""23"": 0.05507920369051475, ""24"": 0.055762998682935, ""25"": 0.055302589830766045, ""26"": 0.05347616971739005, ""27"": 0.0518667185565698, ""28"": 0.049100665463947896, ""29"": 0.044517921416407806, ""30"": 0.0408862810482716, ""31"": 0.03682033226499129, ""32"": 0.03139432816975844, ""33"": 0.027055409936744046, ""34"": 0.022668100204745387, ""35"": 0.018258564824573196, ""36"": 0.015142125948780156, ""37"": 0.012359795721947885, ""38"": 0.009544114754734108, ""39"": 0.007913880965991908, ""40"": 0.006030790264125911, ""41"": 0.004552903271720556, ""42"": 0.0034989104042056165, ""43"": 0.002650013625393106, ""44"": 0.001869409203130587, ""45"": 0.0012476314513973508, ""46"": 0.0009237775619216819, ""47"": 0.0006077452176819841, ""48"": 0.00037991322827160757, ""49"": 0.0002717048491859727, ""50"": 0.0002110891219013216, ""51"": 0.00020000315076088926, ""52"": 0.00020858704539618533, ""53"": 0.00018300739978304383, ""54"": 0.00018330577122266422, ""55"": 0.0001604512120840516, ""56"": 0.00010880703159819057, ""57"": 8.931002918721953e-05, ""58"": 6.604099209635961e-05, ""59"": 4.571583816774216e-05, ""60"": 3.5235062016667054e-05, ""61"": 2.0153705485407857e-05, ""62"": 1.6592330404335263e-05, ""63"": 1.1973490453292745e-05, ""64"": 6.010037801514796e-06, ""65"": 2.9690556057943707e-06, ""66"": 1.5635468872823939e-06, ""67"": 9.368158012743342e-07, ""68"": 4.184764909139924e-07, ""69"": 1.279179965599806e-07, ""70"": 8.767321065868514e-08, ""71"": 2.1690881312711002e-08, ""72"": 7.981337204635762e-09, ""73"": 7.542608516356294e-10, ""74"": 3.229613193165372e-10, ""75"": 8.689317833216232e-11, ""76"": 6.254290134842681e-11, ""77"": 1.201996389929988e-11, ""78"": 6.925670106042293e-12, ""79"": 3.2110252930067288e-12, ""80"": 6.260220079225516e-07, ""81"": 1.820819237334378e-07, ""82"": 8.287259097506797e-07, ""83"": 1.2689932141364432e-06, ""84"": 1.909170017873686e-06, ""85"": 3.837055444968518e-06, ""86"": 1.0156917055600277e-05, ""87"": 1.3680863224955578e-05, ""88"": 1.966221933443533e-05, ""89"": 2.3927743340392176e-05, ""90"": 1.4358352133709797e-05, ""91"": 1.4233873213698285e-05, ""92"": 1.1785038367088494e-05, ""93"": 6.212485666934088e-06, ""94"": 3.050190196806707e-06, ""95"": 1.7103899723521686e-06, ""96"": 1.053220173675511e-06, ""97"": 4.808205654905014e-07, ""98"": 1.4664502257982778e-07, ""99"": 1.0103209690872517e-07, ""100"": 2.4839462816556738e-08, ""101"": 9.172396534917745e-09, ""102"": 8.370230927475575e-10, ""103"": 3.591929918335329e-10, ""104"": 9.59956105107362e-11, ""105"": 7.112636034159752e-11, ""106"": 1.3921059334148006e-11, ""107"": 8.021044429306945e-12, ""108"": 3.718885847069834e-12, ""109"": 1.195674493252633e-12, ""110"": 4.130730972748053e-13}",24.6596,24.6596,25,24,0.0,1.0,0.9999,0.9998,0.9996,0.9993,0.9987,0.9974,0.9952,0.9916,0.9862,0.9791,0.9693,0.9565,0.9403,0.9211,0.898,0.8706,0.8386,0.8017,0.7599,12bafe90#phase10c,"stat_grid:component_convolution_mean_coherent_v1+components[pts:pmf_sim_v1+role_aware_pmf_cal_v1:core+monotone_pit_cdf_v1,reb:pmf_sim_v1+role_aware_pmf_cal_v1:core+monotone_pit_cdf_v1]+prior_combo[joint_sampler_v1+joint_combo_pmf_v1+role_aware_pmf_cal_v1:core+monotone_pit_cdf_v1]+stat_grid_final_component_convolution_mean_coherent_v1",phase8_role_aware_pmf_cal_v1+monotone_inactive_global_v1,core,projected_minutes,high,27.4006,29.5281,13.1292,29.5281,35.1493,8.9924,0.05,0.9302,0.4395,core,True,current_market_line,True,fanduel,fanduel,player_pr_over_under,23.5,23.5,0.5558,134.0,-180.0,0.3993,0.6007,0.4442,-125.0,125.0,0.1565,0.1565,-0.1565,2026-05-28T23:08:42.830387Z,full,provisional,lineup_unconfirmed,latest_valid_report_selected,projected,derived_from_projected_minutes,ok,finals_pending,current_phase8,ok,0.0,projected,not_available_yet,bdl_lineup_freshness_manifest,2026-05-28T22:48:42Z,bdl_plus_nba_official,2026-05-28T23:09:00Z
morning,2026-05-28T23:09:49Z,2026-05-28,21713533,38017685,Chet Holmgren,OKC,SAS,False,pr,"{""0"": 4.578071473364228e-05, ""1"": 3.3963966812185005e-05, ""2"": 0.0001038367845879616, ""3"": 0.000175468214265739, ""4"": 0.00034241604382833057, ""5"": 0.0005939085582628387, ""6"": 0.0013337953446336598, ""7"": 0.002175428283272371, ""8"": 0.003566551938798792, ""9"": 0.0054041097143012065, ""10"": 0.007155644437526045, ""11"": 0.009794391952904151, ""12"": 0.01280253786001109, ""13"": 0.016149924371519193, ""14"": 0.01918939021128124, ""15"": 0.023109730555423216, ""16"": 0.02747136891376138, ""17"": 0.03196688923630589, ""18"": 0.03686078827763372, ""19"": 0.041792061539168035, ""20"": 0.04629250041008769, ""21"": 0.04980731562303613, ""22"": 0.05296853290500671, ""23"": 0.05507920369051475, ""24"": 0.055762998682935, ""25"": 0.055302589830766045, ""26"": 0.05347616971739005, ""27"": 0.0518667185565698, ""28"": 0.049100665463947896, ""29"": 0.044517921416407806, ""30"": 0.0408862810482716, ""31"": 0.03682033226499129, ""32"": 0.03139432816975844, ""33"": 0.027055409936744046, ""34"": 0.022668100204745387, ""35"": 0.018258564824573196, ""36"": 0.015142125948780156, ""37"": 0.012359795721947885, ""38"": 0.009544114754734108, ""39"": 0.007913880965991908, ""40"": 0.006030790264125911, ""41"": 0.004552903271720556, ""42"": 0.0034989104042056165, ""43"": 0.002650013625393106, ""44"": 0.001869409203130587, ""45"": 0.0012476314513973508, ""46"": 0.0009237775619216819, ""47"": 0.0006077452176819841, ""48"": 0.00037991322827160757, ""49"": 0.0002717048491859727, ""50"": 0.0002110891219013216, ""51"": 0.00020000315076088926, ""52"": 0.00020858704539618533, ""53"": 0.00018300739978304383, ""54"": 0.00018330577122266422, ""55"": 0.0001604512120840516, ""56"": 0.00010880703159819057, ""57"": 8.931002918721953e-05, ""58"": 6.604099209635961e-05, ""59"": 4.571583816774216e-05, ""60"": 3.5235062016667054e-05, ""61"": 2.0153705485407857e-05, ""62"": 1.6592330404335263e-05, ""63"": 1.1973490453292745e-05, ""64"": 6.010037801514796e-06, ""65"": 2.9690556057943707e-06, ""66"": 1.5635468872823939e-06, ""67"": 9.368158012743342e-07, ""68"": 4.184764909139924e-07, ""69"": 1.279179965599806e-07, ""70"": 8.767321065868514e-08, ""71"": 2.1690881312711002e-08, ""72"": 7.981337204635762e-09, ""73"": 7.542608516356294e-10, ""74"": 3.229613193165372e-10, ""75"": 8.689317833216232e-11, ""76"": 6.254290134842681e-11, ""77"": 1.201996389929988e-11, ""78"": 6.925670106042293e-12, ""79"": 3.2110252930067288e-12, ""80"": 6.260220079225516e-07, ""81"": 1.820819237334378e-07, ""82"": 8.287259097506797e-07, ""83"": 1.2689932141364432e-06, ""84"": 1.909170017873686e-06, ""85"": 3.837055444968518e-06, ""86"": 1.0156917055600277e-05, ""87"": 1.3680863224955578e-05, ""88"": 1.966221933443533e-05, ""89"": 2.3927743340392176e-05, ""90"": 1.4358352133709797e-05, ""91"": 1.4233873213698285e-05, ""92"": 1.1785038367088494e-05, ""93"": 6.212485666934088e-06, ""94"": 3.050190196806707e-06, ""95"": 1.7103899723521686e-06, ""96"": 1.053220173675511e-06, ""97"": 4.808205654905014e-07, ""98"": 1.4664502257982778e-07, ""99"": 1.0103209690872517e-07, ""100"": 2.4839462816556738e-08, ""101"": 9.172396534917745e-09, ""102"": 8.370230927475575e-10, ""103"": 3.591929918335329e-10, ""104"": 9.59956105107362e-11, ""105"": 7.112636034159752e-11, ""106"": 1.3921059334148006e-11, ""107"": 8.021044429306945e-12, ""108"": 3.718885847069834e-12, ""109"": 1.195674493252633e-12, ""110"": 4.130730972748053e-13}",24.6596,24.6596,25,24,0.0,1.0,0.9999,0.9998,0.9996,0.9993,0.9987,0.9974,0.9952,0.9916,0.9862,0.9791,0.9693,0.9565,0.9403,0.9211,0.898,0.8706,0.8386,0.8017,0.7599,12bafe90#phase10c,"stat_grid:component_convolution_mean_coherent_v1+components[pts:pmf_sim_v1+role_aware_pmf_cal_v1:core+monotone_pit_cdf_v1,reb:pmf_sim_v1+role_aware_pmf_cal_v1:core+monotone_pit_cdf_v1]+prior_combo[joint_sampler_v1+joint_combo_pmf_v1+role_aware_pmf_cal_v1:core+monotone_pit_cdf_v1]+stat_grid_final_component_convolution_mean_coherent_v1",phase8_role_aware_pmf_cal_v1+monotone_inactive_global_v1,core,projected_minutes,high,27.4006,29.5281,13.1292,29.5281,35.1493,8.9924,0.05,0.9302,0.4395,core,True,current_market_line,True,fanduel,fanduel,player_pr_over_under,22.5,22.5,0.6109,108.0,-144.0,0.4489,0.5511,0.3891,-157.0,157.0,0.1619,0.1619,-0.1619,2026-05-28T23:08:42.830387Z,full,provisional,lineup_unconfirmed,latest_valid_report_selected,projected,derived_from_projected_minutes,ok,finals_pending,current_phase8,ok,0.0,projected,not_available_yet,bdl_lineup_freshness_manifest,2026-05-28T22:48:42Z,bdl_plus_nba_official,2026-05-28T23:09:00Z
morning,2026-05-28T23:09:49Z,2026-05-28,21713533,38017685,Chet Holmgren,OKC,SAS,False,pr,"{""0"": 4.578071473364228e-05, ""1"": 3.3963966812185005e-05, ""2"": 0.0001038367845879616, ""3"": 0.000175468214265739, ""4"": 0.00034241604382833057, ""5"": 0.0005939085582628387, ""6"": 0.0013337953446336598, ""7"": 0.002175428283272371, ""8"": 0.003566551938798792, ""9"": 0.0054041097143012065, ""10"": 0.007155644437526045, ""11"": 0.009794391952904151, ""12"": 0.01280253786001109, ""13"": 0.016149924371519193, ""14"": 0.01918939021128124, ""15"": 0.023109730555423216, ""16"": 0.02747136891376138, ""17"": 0.03196688923630589, ""18"": 0.03686078827763372, ""19"": 0.041792061539168035, ""20"": 0.04629250041008769, ""21"": 0.04980731562303613, ""22"": 0.05296853290500671, ""23"": 0.05507920369051475, ""24"": 0.055762998682935, ""25"": 0.055302589830766045, ""26"": 0.05347616971739005, ""27"": 0.0518667185565698, ""28"": 0.049100665463947896, ""29"": 0.044517921416407806, ""30"": 0.0408862810482716, ""31"": 0.03682033226499129, ""32"": 0.03139432816975844, ""33"": 0.027055409936744046, ""34"": 0.022668100204745387, ""35"": 0.018258564824573196, ""36"": 0.015142125948780156, ""37"": 0.012359795721947885, ""38"": 0.009544114754734108, ""39"": 0.007913880965991908, ""40"": 0.006030790264125911, ""41"": 0.004552903271720556, ""42"": 0.0034989104042056165, ""43"": 0.002650013625393106, ""44"": 0.001869409203130587, ""45"": 0.0012476314513973508, ""46"": 0.0009237775619216819, ""47"": 0.0006077452176819841, ""48"": 0.00037991322827160757, ""49"": 0.0002717048491859727, ""50"": 0.0002110891219013216, ""51"": 0.00020000315076088926, ""52"": 0.00020858704539618533, ""53"": 0.00018300739978304383, ""54"": 0.00018330577122266422, ""55"": 0.0001604512120840516, ""56"": 0.00010880703159819057, ""57"": 8.931002918721953e-05, ""58"": 6.604099209635961e-05, ""59"": 4.571583816774216e-05, ""60"": 3.5235062016667054e-05, ""61"": 2.0153705485407857e-05, ""62"": 1.6592330404335263e-05, ""63"": 1.1973490453292745e-05, ""64"": 6.010037801514796e-06, ""65"": 2.9690556057943707e-06, ""66"": 1.5635468872823939e-06, ""67"": 9.368158012743342e-07, ""68"": 4.184764909139924e-07, ""69"": 1.279179965599806e-07, ""70"": 8.767321065868514e-08, ""71"": 2.1690881312711002e-08, ""72"": 7.981337204635762e-09, ""73"": 7.542608516356294e-10, ""74"": 3.229613193165372e-10, ""75"": 8.689317833216232e-11, ""76"": 6.254290134842681e-11, ""77"": 1.201996389929988e-11, ""78"": 6.925670106042293e-12, ""79"": 3.2110252930067288e-12, ""80"": 6.260220079225516e-07, ""81"": 1.820819237334378e-07, ""82"": 8.287259097506797e-07, ""83"": 1.2689932141364432e-06, ""84"": 1.909170017873686e-06, ""85"": 3.837055444968518e-06, ""86"": 1.0156917055600277e-05, ""87"": 1.3680863224955578e-05, ""88"": 1.966221933443533e-05, ""89"": 2.3927743340392176e-05, ""90"": 1.4358352133709797e-05, ""91"": 1.4233873213698285e-05, ""92"": 1.1785038367088494e-05, ""93"": 6.212485666934088e-06, ""94"": 3.050190196806707e-06, ""95"": 1.7103899723521686e-06, ""96"": 1.053220173675511e-06, ""97"": 4.808205654905014e-07, ""98"": 1.4664502257982778e-07, ""99"": 1.0103209690872517e-07, ""100"": 2.4839462816556738e-08, ""101"": 9.172396534917745e-09, ""102"": 8.370230927475575e-10, ""103"": 3.591929918335329e-10, ""104"": 9.59956105107362e-11, ""105"": 7.112636034159752e-11, ""106"": 1.3921059334148006e-11, ""107"": 8.021044429306945e-12, ""108"": 3.718885847069834e-12, ""109"": 1.195674493252633e-12, ""110"": 4.130730972748053e-13}",24.6596,24.6596,25,24,0.0,1.0,0.9999,0.9998,0.9996,0.9993,0.9987,0.9974,0.9952,0.9916,0.9862,0.9791,0.9693,0.9565,0.9403,0.9211,0.898,0.8706,0.8386,0.8017,0.7599,12bafe90#phase10c,"stat_grid:component_convolution_mean_coherent_v1+components[pts:pmf_sim_v1+role_aware_pmf_cal_v1:core+monotone_pit_cdf_v1,reb:pmf_sim_v1+role_aware_pmf_cal_v1:core+monotone_pit_cdf_v1]+prior_combo[joint_sampler_v1+joint_combo_pmf_v1+role_aware_pmf_cal_v1:core+monotone_pit_cdf_v1]+stat_grid_final_component_convolution_mean_coherent_v1",phase8_role_aware_pmf_cal_v1+monotone_inactive_global_v1,core,projected_minutes,high,27.4006,29.5281,13.1292,29.5281,35.1493,8.9924,0.05,0.9302,0.4395,core,True,current_market_line,True,fanduel,fanduel,player_pr_over_under,21.5,21.5,0.6638,-118.0,-112.0,0.5061,0.4939,0.3362,-197.0,197.0,0.1578,0.1578,-0.1578,2026-05-28T23:08:42.830387Z,full,provisional,lineup_unconfirmed,latest_valid_report_selected,projected,derived_from_projected_minutes,ok,finals_pending,current_phase8,ok,0.0,projected,not_available_yet,bdl_lineup_freshness_manifest,2026-05-28T22:48:42Z,bdl_plus_nba_official,2026-05-28T23:09:00Z
morning,2026-05-28T23:09:49Z,2026-05-28,21713533,38017685,Chet Holmgren,OKC,SAS,False,pr,"{""0"": 4.578071473364228e-05, ""1"": 3.3963966812185005e-05, ""2"": 0.0001038367845879616, ""3"": 0.000175468214265739, ""4"": 0.00034241604382833057, ""5"": 0.0005939085582628387, ""6"": 0.0013337953446336598, ""7"": 0.002175428283272371, ""8"": 0.003566551938798792, ""9"": 0.0054041097143012065, ""10"": 0.007155644437526045, ""11"": 0.009794391952904151, ""12"": 0.01280253786001109, ""13"": 0.016149924371519193, ""14"": 0.01918939021128124, ""15"": 0.023109730555423216, ""16"": 0.02747136891376138, ""17"": 0.03196688923630589, ""18"": 0.03686078827763372, ""19"": 0.041792061539168035, ""20"": 0.04629250041008769, ""21"": 0.04980731562303613, ""22"": 0.05296853290500671, ""23"": 0.05507920369051475, ""24"": 0.055762998682935, ""25"": 0.055302589830766045, ""26"": 0.05347616971739005, ""27"": 0.0518667185565698, ""28"": 0.049100665463947896, ""29"": 0.044517921416407806, ""30"": 0.0408862810482716, ""31"": 0.03682033226499129, ""32"": 0.03139432816975844, ""33"": 0.027055409936744046, ""34"": 0.022668100204745387, ""35"": 0.018258564824573196, ""36"": 0.015142125948780156, ""37"": 0.012359795721947885, ""38"": 0.009544114754734108, ""39"": 0.007913880965991908, ""40"": 0.006030790264125911, ""41"": 0.004552903271720556, ""42"": 0.0034989104042056165, ""43"": 0.002650013625393106, ""44"": 0.001869409203130587, ""45"": 0.0012476314513973508, ""46"": 0.0009237775619216819, ""47"": 0.0006077452176819841, ""48"": 0.00037991322827160757, ""49"": 0.0002717048491859727, ""50"": 0.0002110891219013216, ""51"": 0.00020000315076088926, ""52"": 0.00020858704539618533, ""53"": 0.00018300739978304383, ""54"": 0.00018330577122266422, ""55"": 0.0001604512120840516, ""56"": 0.00010880703159819057, ""57"": 8.931002918721953e-05, ""58"": 6.604099209635961e-05, ""59"": 4.571583816774216e-05, ""60"": 3.5235062016667054e-05, ""61"": 2.0153705485407857e-05, ""62"": 1.6592330404335263e-05, ""63"": 1.1973490453292745e-05, ""64"": 6.010037801514796e-06, ""65"": 2.9690556057943707e-06, ""66"": 1.5635468872823939e-06, ""67"": 9.368158012743342e-07, ""68"": 4.184764909139924e-07, ""69"": 1.279179965599806e-07, ""70"": 8.767321065868514e-08, ""71"": 2.1690881312711002e-08, ""72"": 7.981337204635762e-09, ""73"": 7.542608516356294e-10, ""74"": 3.229613193165372e-10, ""75"": 8.689317833216232e-11, ""76"": 6.254290134842681e-11, ""77"": 1.201996389929988e-11, ""78"": 6.925670106042293e-12, ""79"": 3.2110252930067288e-12, ""80"": 6.260220079225516e-07, ""81"": 1.820819237334378e-07, ""82"": 8.287259097506797e-07, ""83"": 1.2689932141364432e-06, ""84"": 1.909170017873686e-06, ""85"": 3.837055444968518e-06, ""86"": 1.0156917055600277e-05, ""87"": 1.3680863224955578e-05, ""88"": 1.966221933443533e-05, ""89"": 2.3927743340392176e-05, ""90"": 1.4358352133709797e-05, ""91"": 1.4233873213698285e-05, ""92"": 1.1785038367088494e-05, ""93"": 6.212485666934088e-06, ""94"": 3.050190196806707e-06, ""95"": 1.7103899723521686e-06, ""96"": 1.053220173675511e-06, ""97"": 4.808205654905014e-07, ""98"": 1.4664502257982778e-07, ""99"": 1.0103209690872517e-07, ""100"": 2.4839462816556738e-08, ""101"": 9.172396534917745e-09, ""102"": 8.370230927475575e-10, ""103"": 3.591929918335329e-10, ""104"": 9.59956105107362e-11, ""105"": 7.112636034159752e-11, ""106"": 1.3921059334148006e-11, ""107"": 8.021044429306945e-12, ""108"": 3.718885847069834e-12, ""109"": 1.195674493252633e-12, ""110"": 4.130730972748053e-13}",24.6596,24.6596,25,24,0.0,1.0,0.9999,0.9998,0.9996,0.9993,0.9987,0.9974,0.9952,0.9916,0.9862,0.9791,0.9693,0.9565,0.9403,0.9211,0.898,0.8706,0.8386,0.8017,0.7599,12bafe90#phase10c,"stat_grid:component_convolution_mean_coherent_v1+components[pts:pmf_sim_v1+role_aware_pmf_cal_v1:core+monotone_pit_cdf_v1,reb:pmf_sim_v1+role_aware_pmf_cal_v1:core+monotone_pit_cdf_v1]+prior_combo[joint_sampler_v1+joint_combo_pmf_v1+role_aware_pmf_cal_v1:core+monotone_pit_cdf_v1]+stat_grid_final_component_convolution_mean_coherent_v1",phase8_role_aware_pmf_cal_v1+monotone_inactive_global_v1,core,projected_minutes,high,27.4006,29.5281,13.1292,29.5281,35.1493,8.9924,0.05,0.9302,0.4395,core,True,current_market_line,True,fanduel,fanduel,player_pr_over_under,20.5,20.5,0.7136,-146.0,110.0,0.5548,0.4452,0.2864,-249.0,249.0,0.1588,0.1588,-0.1588,2026-05-28T23:08:42.830387Z,full,provisional,lineup_unconfirmed,latest_valid_report_selected,projected,derived_from_projected_minutes,ok,finals_pending,current_phase8,ok,0.0,projected,not_available_yet,bdl_lineup_freshness_manifest,2026-05-28T22:48:42Z,bdl_plus_nba_official,2026-05-28T23:09:00Z
