snapshot_type,snapshot_time_utc,delivery_date,game_id,player_id,player_name,team,opponent,is_home,stat,pmf_json,pmf_mean,mean,median,mode,p0,p_ge_1,p_ge_2,p_ge_3,p_ge_4,p_ge_5,p_ge_6,p_ge_7,p_ge_8,p_ge_9,p_ge_10,p_ge_11,p_ge_12,p_ge_13,p_ge_14,p_ge_15,p_ge_16,p_ge_17,p_ge_18,p_ge_19,p_ge_20,model_version,pmf_source,calibration_source,role_bucket,role_source,calibration_confidence,minutes_mean,minutes_q50,minutes_p10,minutes_p50,minutes_p90,minutes_std,p_inactive_used,rotation_probability,starter_probability,projected_role,player_game_eligible,eligibility_reason,has_current_market_line,sportsbook,book,market_key,line,market_line,p_over,over_price_american,under_price_american,market_no_vig_over_prob,market_no_vig_under_prob,model_p_under,fair_over_odds_american,fair_under_odds_american,edge,edge_over,edge_under,market_snapshot_time_utc,market_coverage_status,finality_status,finality_blocker_codes,injury_freshness_status,lineup_freshness_status,role_freshness_status,odds_freshness_status,outcomes_freshness_status,tov_status,pmf_valid,pmf_sum_error,expected_lineup_status,official_lineup_status,lineup_source,injury_context_source,injury_report_fetched_at_utc
morning,2026-06-13T17:18:40Z,2026-06-13,21716138,1057262518,Dylan Harper,SAS,NYK,True,blk,"{""0"": 0.7683106529737121, ""1"": 0.21555548424477552, ""2"": 0.011262559195198987, ""3"": 0.0048713035863133984}",0.2527,0.2527,0,0,0.7683,0.2317,0.0161,0.0049,0.0,0.0,0.0,0.0,0.0,0.0,0.0,0.0,0.0,0.0,0.0,0.0,0.0,0.0,0.0,0.0,0.0,fc9e35ff#phase10c,stat_grid:hurdle_v1+role_aware_pmf_cal_v1:core+monotone_pit_cdf_v1+sparse_hurdle_guarded,phase8_role_aware_pmf_cal_v1+monotone_inactive_global_v1,core,projected_minutes,high,24.9137,26.5139,10.5239,26.5139,34.6337,9.3557,0.05,0.9138,0.3003,core,True,current_market_line,True,hardrockbet_az,hardrockbet_az,player_blk_over_under,0.5,0.5,0.2317,225.0,-350.0,0.2835,0.7165,0.7683,332.0,-332.0,-0.0518,-0.0518,0.0518,2026-06-13T17:17:34.390727Z,full,provisional,lineup_unconfirmed,fallback_used,projected,derived_from_projected_minutes,ok,finals_pending,current_phase8,ok,0.0,projected,not_available_yet,bdl_lineup_freshness_manifest,bdl_plus_nba_official,2026-06-13T17:17:50Z
morning,2026-06-13T17:18:40Z,2026-06-13,21716138,1057262518,Dylan Harper,SAS,NYK,True,blk,"{""0"": 0.7683106529737121, ""1"": 0.21555548424477552, ""2"": 0.011262559195198987, ""3"": 0.0048713035863133984}",0.2527,0.2527,0,0,0.7683,0.2317,0.0161,0.0049,0.0,0.0,0.0,0.0,0.0,0.0,0.0,0.0,0.0,0.0,0.0,0.0,0.0,0.0,0.0,0.0,0.0,fc9e35ff#phase10c,stat_grid:hurdle_v1+role_aware_pmf_cal_v1:core+monotone_pit_cdf_v1+sparse_hurdle_guarded,phase8_role_aware_pmf_cal_v1+monotone_inactive_global_v1,core,projected_minutes,high,24.9137,26.5139,10.5239,26.5139,34.6337,9.3557,0.05,0.9138,0.3003,core,True,current_market_line,True,hardrockbet_fl,hardrockbet_fl,player_blk_over_under,0.5,0.5,0.2317,225.0,-350.0,0.2835,0.7165,0.7683,332.0,-332.0,-0.0518,-0.0518,0.0518,2026-06-13T17:17:34.390727Z,full,provisional,lineup_unconfirmed,fallback_used,projected,derived_from_projected_minutes,ok,finals_pending,current_phase8,ok,0.0,projected,not_available_yet,bdl_lineup_freshness_manifest,bdl_plus_nba_official,2026-06-13T17:17:50Z
morning,2026-06-13T17:18:40Z,2026-06-13,21716138,1057262518,Dylan Harper,SAS,NYK,True,blk,"{""0"": 0.7683106529737121, ""1"": 0.21555548424477552, ""2"": 0.011262559195198987, ""3"": 0.0048713035863133984}",0.2527,0.2527,0,0,0.7683,0.2317,0.0161,0.0049,0.0,0.0,0.0,0.0,0.0,0.0,0.0,0.0,0.0,0.0,0.0,0.0,0.0,0.0,0.0,0.0,0.0,fc9e35ff#phase10c,stat_grid:hurdle_v1+role_aware_pmf_cal_v1:core+monotone_pit_cdf_v1+sparse_hurdle_guarded,phase8_role_aware_pmf_cal_v1+monotone_inactive_global_v1,core,projected_minutes,high,24.9137,26.5139,10.5239,26.5139,34.6337,9.3557,0.05,0.9138,0.3003,core,True,current_market_line,True,hardrockbet,hardrockbet,player_blk_over_under,0.5,0.5,0.2317,225.0,-350.0,0.2835,0.7165,0.7683,332.0,-332.0,-0.0518,-0.0518,0.0518,2026-06-13T17:17:34.390727Z,full,provisional,lineup_unconfirmed,fallback_used,projected,derived_from_projected_minutes,ok,finals_pending,current_phase8,ok,0.0,projected,not_available_yet,bdl_lineup_freshness_manifest,bdl_plus_nba_official,2026-06-13T17:17:50Z
morning,2026-06-13T17:18:40Z,2026-06-13,21716138,1057262518,Dylan Harper,SAS,NYK,True,stocks,"{""0"": 0.4388208757468025, ""1"": 0.3614684099962895, ""2"": 0.15469478861459782, ""3"": 0.03569530664227592, ""4"": 0.007712986151537753, ""5"": 0.001499499960376561, ""6"": 8.808899619416285e-05, ""7"": 2.0043891925846275e-05}",0.817,0.817,1,0,0.4388,0.5612,0.1997,0.045,0.0093,0.0016,0.0001,0.0,0.0,0.0,0.0,0.0,0.0,0.0,0.0,0.0,0.0,0.0,0.0,0.0,0.0,fc9e35ff#phase10c,"stat_grid:component_convolution_mean_coherent_v1+components[stl:hurdle_v1+role_aware_pmf_cal_v1:core+monotone_pit_cdf_v1+sparse_hurdle_guarded,blk:hurdle_v1+role_aware_pmf_cal_v1:core+monotone_pit_cdf_v1+sparse_hurdle_guarded]+prior_combo[joint_sampler_v1+joint_combo_pmf_v1+role_aware_pmf_cal_v1:core+monotone_pit_cdf_v1+sparse_hurdle_guarded]+stat_grid_final_component_convolution_mean_coherent_v1",phase8_role_aware_pmf_cal_v1+monotone_inactive_global_v1,core,projected_minutes,high,24.9137,26.5139,10.5239,26.5139,34.6337,9.3557,0.05,0.9138,0.3003,core,True,current_market_line,True,draftkings,draftkings,player_stocks_over_under,1.5,1.5,0.1997,147.0,-197.0,0.379,0.621,0.8003,401.0,-401.0,-0.1793,-0.1793,0.1793,2026-06-13T17:17:34.390727Z,full,provisional,lineup_unconfirmed,fallback_used,projected,derived_from_projected_minutes,ok,finals_pending,current_phase8,ok,0.0,projected,not_available_yet,bdl_lineup_freshness_manifest,bdl_plus_nba_official,2026-06-13T17:17:50Z
morning,2026-06-13T17:18:40Z,2026-06-13,21716138,1057262518,Dylan Harper,SAS,NYK,True,stocks,"{""0"": 0.4388208757468025, ""1"": 0.3614684099962895, ""2"": 0.15469478861459782, ""3"": 0.03569530664227592, ""4"": 0.007712986151537753, ""5"": 0.001499499960376561, ""6"": 8.808899619416285e-05, ""7"": 2.0043891925846275e-05}",0.817,0.817,1,0,0.4388,0.5612,0.1997,0.045,0.0093,0.0016,0.0001,0.0,0.0,0.0,0.0,0.0,0.0,0.0,0.0,0.0,0.0,0.0,0.0,0.0,0.0,fc9e35ff#phase10c,"stat_grid:component_convolution_mean_coherent_v1+components[stl:hurdle_v1+role_aware_pmf_cal_v1:core+monotone_pit_cdf_v1+sparse_hurdle_guarded,blk:hurdle_v1+role_aware_pmf_cal_v1:core+monotone_pit_cdf_v1+sparse_hurdle_guarded]+prior_combo[joint_sampler_v1+joint_combo_pmf_v1+role_aware_pmf_cal_v1:core+monotone_pit_cdf_v1+sparse_hurdle_guarded]+stat_grid_final_component_convolution_mean_coherent_v1",phase8_role_aware_pmf_cal_v1+monotone_inactive_global_v1,core,projected_minutes,high,24.9137,26.5139,10.5239,26.5139,34.6337,9.3557,0.05,0.9138,0.3003,core,True,current_market_line,True,hardrockbet_az,hardrockbet_az,player_stocks_over_under,1.5,1.5,0.1997,140.0,-200.0,0.3846,0.6154,0.8003,401.0,-401.0,-0.1849,-0.1849,0.1849,2026-06-13T17:17:34.390727Z,full,provisional,lineup_unconfirmed,fallback_used,projected,derived_from_projected_minutes,ok,finals_pending,current_phase8,ok,0.0,projected,not_available_yet,bdl_lineup_freshness_manifest,bdl_plus_nba_official,2026-06-13T17:17:50Z
morning,2026-06-13T17:18:40Z,2026-06-13,21716138,1057262518,Dylan Harper,SAS,NYK,True,stocks,"{""0"": 0.4388208757468025, ""1"": 0.3614684099962895, ""2"": 0.15469478861459782, ""3"": 0.03569530664227592, ""4"": 0.007712986151537753, ""5"": 0.001499499960376561, ""6"": 8.808899619416285e-05, ""7"": 2.0043891925846275e-05}",0.817,0.817,1,0,0.4388,0.5612,0.1997,0.045,0.0093,0.0016,0.0001,0.0,0.0,0.0,0.0,0.0,0.0,0.0,0.0,0.0,0.0,0.0,0.0,0.0,0.0,fc9e35ff#phase10c,"stat_grid:component_convolution_mean_coherent_v1+components[stl:hurdle_v1+role_aware_pmf_cal_v1:core+monotone_pit_cdf_v1+sparse_hurdle_guarded,blk:hurdle_v1+role_aware_pmf_cal_v1:core+monotone_pit_cdf_v1+sparse_hurdle_guarded]+prior_combo[joint_sampler_v1+joint_combo_pmf_v1+role_aware_pmf_cal_v1:core+monotone_pit_cdf_v1+sparse_hurdle_guarded]+stat_grid_final_component_convolution_mean_coherent_v1",phase8_role_aware_pmf_cal_v1+monotone_inactive_global_v1,core,projected_minutes,high,24.9137,26.5139,10.5239,26.5139,34.6337,9.3557,0.05,0.9138,0.3003,core,True,current_market_line,True,hardrockbet_fl,hardrockbet_fl,player_stocks_over_under,1.5,1.5,0.1997,140.0,-200.0,0.3846,0.6154,0.8003,401.0,-401.0,-0.1849,-0.1849,0.1849,2026-06-13T17:17:34.390727Z,full,provisional,lineup_unconfirmed,fallback_used,projected,derived_from_projected_minutes,ok,finals_pending,current_phase8,ok,0.0,projected,not_available_yet,bdl_lineup_freshness_manifest,bdl_plus_nba_official,2026-06-13T17:17:50Z
morning,2026-06-13T17:18:40Z,2026-06-13,21716138,1057262518,Dylan Harper,SAS,NYK,True,stocks,"{""0"": 0.4388208757468025, ""1"": 0.3614684099962895, ""2"": 0.15469478861459782, ""3"": 0.03569530664227592, ""4"": 0.007712986151537753, ""5"": 0.001499499960376561, ""6"": 8.808899619416285e-05, ""7"": 2.0043891925846275e-05}",0.817,0.817,1,0,0.4388,0.5612,0.1997,0.045,0.0093,0.0016,0.0001,0.0,0.0,0.0,0.0,0.0,0.0,0.0,0.0,0.0,0.0,0.0,0.0,0.0,0.0,fc9e35ff#phase10c,"stat_grid:component_convolution_mean_coherent_v1+components[stl:hurdle_v1+role_aware_pmf_cal_v1:core+monotone_pit_cdf_v1+sparse_hurdle_guarded,blk:hurdle_v1+role_aware_pmf_cal_v1:core+monotone_pit_cdf_v1+sparse_hurdle_guarded]+prior_combo[joint_sampler_v1+joint_combo_pmf_v1+role_aware_pmf_cal_v1:core+monotone_pit_cdf_v1+sparse_hurdle_guarded]+stat_grid_final_component_convolution_mean_coherent_v1",phase8_role_aware_pmf_cal_v1+monotone_inactive_global_v1,core,projected_minutes,high,24.9137,26.5139,10.5239,26.5139,34.6337,9.3557,0.05,0.9138,0.3003,core,True,current_market_line,True,hardrockbet,hardrockbet,player_stocks_over_under,1.5,1.5,0.1997,140.0,-200.0,0.3846,0.6154,0.8003,401.0,-401.0,-0.1849,-0.1849,0.1849,2026-06-13T17:17:34.390727Z,full,provisional,lineup_unconfirmed,fallback_used,projected,derived_from_projected_minutes,ok,finals_pending,current_phase8,ok,0.0,projected,not_available_yet,bdl_lineup_freshness_manifest,bdl_plus_nba_official,2026-06-13T17:17:50Z
morning,2026-06-13T17:18:40Z,2026-06-13,21716138,1057262518,Dylan Harper,SAS,NYK,True,pa,"{""0"": 0.0006576675494777531, ""1"": 0.0016252722230787262, ""2"": 0.003929621346759448, ""3"": 0.006886690755946243, ""4"": 0.01028124276439059, ""5"": 0.015331402649699254, ""6"": 0.020618542955115775, ""7"": 0.026693509523861625, ""8"": 0.03269320478682272, ""9"": 0.038424584749723004, ""10"": 0.044991892183642995, ""11"": 0.05087655343306016, ""12"": 0.05741742287772224, ""13"": 0.0631264173329405, ""14"": 0.06518284431852528, ""15"": 0.06603592390118876, ""16"": 0.06299822825175745, ""17"": 0.056608875323249444, ""18"": 0.051232124632293714, ""19"": 0.0455369959984306, ""20"": 0.04170665342945386, ""21"": 0.039363737302130816, ""22"": 0.03482012710487865, ""23"": 0.029864641438576554, ""24"": 0.02506577958393739, ""25"": 0.02362324574077008, ""26"": 0.021853243230217465, ""27"": 0.01704308755086672, ""28"": 0.012088530481493609, ""29"": 0.00813930514621969, ""30"": 0.0058211412821622555, ""31"": 0.0050979323631419595, ""32"": 0.004559811443730498, ""33"": 0.0033263271544521824, ""34"": 0.0023242434078531967, ""35"": 0.0012021466282944935, ""36"": 0.0006605032588540583, ""37"": 0.00030461135975104594, ""38"": 0.00021530633780589498, ""39"": 0.0001832851345638512, ""40"": 0.00020591047411027373, ""41"": 0.00020288113783454873, ""42"": 0.00017319142616775498, ""43"": 0.00016743679749046055, ""44"": 0.00017468099881873966, ""45"": 0.00016873000190864042, ""46"": 0.0001251859399837019, ""47"": 8.588713026184864e-05, ""48"": 3.905075220402245e-05, ""49"": 2.181003685829986e-05, ""50"": 1.2880923870018484e-05, ""51"": 8.521718360212654e-06, ""52"": 9.127318007089323e-06, ""53"": 7.572309328712116e-06, ""54"": 4.200705303992325e-06, ""55"": 2.5523217062914974e-06, ""56"": 5.900366106092695e-07, ""57"": 1.419159337322741e-07, ""58"": 5.525796687220431e-08, ""59"": 7.956934389184227e-09, ""60"": 8.542995069985332e-10, ""61"": 3.161219297481672e-10, ""62"": 9.703848812049469e-11, ""63"": 2.312985999726353e-11, ""64"": 7.15054364662306e-12, ""65"": 9.72754062643225e-13, ""66"": 2.2960309433238687e-13, ""67"": 2.0096779994016922e-14, ""80"": 1.1969336406775353e-05, ""81"": 2.3144943762561984e-05, ""82"": 4.3114467285879866e-05, ""83"": 4.793128481844546e-05, ""84"": 2.8032380357542837e-05, ""85"": 1.726819053628585e-05, ""86"": 4.026348160328867e-06, ""87"": 9.761845390210522e-07, ""88"": 3.8031626978397216e-07, ""89"": 5.438902364158385e-08, ""90"": 5.744333282472273e-09, ""91"": 2.1374498626235515e-09, ""92"": 6.651778603629734e-10, ""93"": 1.5855390873845905e-10, ""94"": 4.939312114589659e-11, ""95"": 6.739160833912596e-12, ""96"": 1.5853176485842695e-12, ""97"": 1.3870473890418755e-13, ""99"": 4.946546694211086e-15}",15.9905,15.9905,15,15,0.0007,0.9993,0.9977,0.9938,0.9869,0.9766,0.9613,0.9407,0.914,0.8813,0.8429,0.7979,0.747,0.6896,0.6264,0.5613,0.4952,0.4322,0.3756,0.3244,0.2789,fc9e35ff#phase10c,"stat_grid:component_convolution_mean_coherent_v1+components[pts:pmf_sim_v1+role_aware_pmf_cal_v1:core+monotone_pit_cdf_v1,ast:pmf_sim_v1+role_aware_pmf_cal_v1:core+monotone_pit_cdf_v1]+prior_combo[joint_sampler_v1+joint_combo_pmf_v1+role_aware_pmf_cal_v1:core+monotone_pit_cdf_v1]+stat_grid_final_component_convolution_mean_coherent_v1",phase8_role_aware_pmf_cal_v1+monotone_inactive_global_v1,core,projected_minutes,high,24.9137,26.5139,10.5239,26.5139,34.6337,9.3557,0.05,0.9138,0.3003,core,True,current_market_line,True,fanduel,fanduel,player_pa_over_under,24.5,24.5,0.108,370.0,-600.0,0.1989,0.8011,0.892,826.0,-826.0,-0.0908,-0.0908,0.0908,2026-06-13T17:17:34.390727Z,full,provisional,lineup_unconfirmed,fallback_used,projected,derived_from_projected_minutes,ok,finals_pending,current_phase8,ok,0.0,projected,not_available_yet,bdl_lineup_freshness_manifest,bdl_plus_nba_official,2026-06-13T17:17:50Z
morning,2026-06-13T17:18:40Z,2026-06-13,21716138,1057262518,Dylan Harper,SAS,NYK,True,pa,"{""0"": 0.0006576675494777531, ""1"": 0.0016252722230787262, ""2"": 0.003929621346759448, ""3"": 0.006886690755946243, ""4"": 0.01028124276439059, ""5"": 0.015331402649699254, ""6"": 0.020618542955115775, ""7"": 0.026693509523861625, ""8"": 0.03269320478682272, ""9"": 0.038424584749723004, ""10"": 0.044991892183642995, ""11"": 0.05087655343306016, ""12"": 0.05741742287772224, ""13"": 0.0631264173329405, ""14"": 0.06518284431852528, ""15"": 0.06603592390118876, ""16"": 0.06299822825175745, ""17"": 0.056608875323249444, ""18"": 0.051232124632293714, ""19"": 0.0455369959984306, ""20"": 0.04170665342945386, ""21"": 0.039363737302130816, ""22"": 0.03482012710487865, ""23"": 0.029864641438576554, ""24"": 0.02506577958393739, ""25"": 0.02362324574077008, ""26"": 0.021853243230217465, ""27"": 0.01704308755086672, ""28"": 0.012088530481493609, ""29"": 0.00813930514621969, ""30"": 0.0058211412821622555, ""31"": 0.0050979323631419595, ""32"": 0.004559811443730498, ""33"": 0.0033263271544521824, ""34"": 0.0023242434078531967, ""35"": 0.0012021466282944935, ""36"": 0.0006605032588540583, ""37"": 0.00030461135975104594, ""38"": 0.00021530633780589498, ""39"": 0.0001832851345638512, ""40"": 0.00020591047411027373, ""41"": 0.00020288113783454873, ""42"": 0.00017319142616775498, ""43"": 0.00016743679749046055, ""44"": 0.00017468099881873966, ""45"": 0.00016873000190864042, ""46"": 0.0001251859399837019, ""47"": 8.588713026184864e-05, ""48"": 3.905075220402245e-05, ""49"": 2.181003685829986e-05, ""50"": 1.2880923870018484e-05, ""51"": 8.521718360212654e-06, ""52"": 9.127318007089323e-06, ""53"": 7.572309328712116e-06, ""54"": 4.200705303992325e-06, ""55"": 2.5523217062914974e-06, ""56"": 5.900366106092695e-07, ""57"": 1.419159337322741e-07, ""58"": 5.525796687220431e-08, ""59"": 7.956934389184227e-09, ""60"": 8.542995069985332e-10, ""61"": 3.161219297481672e-10, ""62"": 9.703848812049469e-11, ""63"": 2.312985999726353e-11, ""64"": 7.15054364662306e-12, ""65"": 9.72754062643225e-13, ""66"": 2.2960309433238687e-13, ""67"": 2.0096779994016922e-14, ""80"": 1.1969336406775353e-05, ""81"": 2.3144943762561984e-05, ""82"": 4.3114467285879866e-05, ""83"": 4.793128481844546e-05, ""84"": 2.8032380357542837e-05, ""85"": 1.726819053628585e-05, ""86"": 4.026348160328867e-06, ""87"": 9.761845390210522e-07, ""88"": 3.8031626978397216e-07, ""89"": 5.438902364158385e-08, ""90"": 5.744333282472273e-09, ""91"": 2.1374498626235515e-09, ""92"": 6.651778603629734e-10, ""93"": 1.5855390873845905e-10, ""94"": 4.939312114589659e-11, ""95"": 6.739160833912596e-12, ""96"": 1.5853176485842695e-12, ""97"": 1.3870473890418755e-13, ""99"": 4.946546694211086e-15}",15.9905,15.9905,15,15,0.0007,0.9993,0.9977,0.9938,0.9869,0.9766,0.9613,0.9407,0.914,0.8813,0.8429,0.7979,0.747,0.6896,0.6264,0.5613,0.4952,0.4322,0.3756,0.3244,0.2789,fc9e35ff#phase10c,"stat_grid:component_convolution_mean_coherent_v1+components[pts:pmf_sim_v1+role_aware_pmf_cal_v1:core+monotone_pit_cdf_v1,ast:pmf_sim_v1+role_aware_pmf_cal_v1:core+monotone_pit_cdf_v1]+prior_combo[joint_sampler_v1+joint_combo_pmf_v1+role_aware_pmf_cal_v1:core+monotone_pit_cdf_v1]+stat_grid_final_component_convolution_mean_coherent_v1",phase8_role_aware_pmf_cal_v1+monotone_inactive_global_v1,core,projected_minutes,high,24.9137,26.5139,10.5239,26.5139,34.6337,9.3557,0.05,0.9138,0.3003,core,True,current_market_line,True,fanduel,fanduel,player_pa_over_under,23.5,23.5,0.1331,290.0,-440.0,0.2394,0.7606,0.8669,651.0,-651.0,-0.1063,-0.1063,0.1063,2026-06-13T17:17:34.390727Z,full,provisional,lineup_unconfirmed,fallback_used,projected,derived_from_projected_minutes,ok,finals_pending,current_phase8,ok,0.0,projected,not_available_yet,bdl_lineup_freshness_manifest,bdl_plus_nba_official,2026-06-13T17:17:50Z
morning,2026-06-13T17:18:40Z,2026-06-13,21716138,1057262518,Dylan Harper,SAS,NYK,True,pa,"{""0"": 0.0006576675494777531, ""1"": 0.0016252722230787262, ""2"": 0.003929621346759448, ""3"": 0.006886690755946243, ""4"": 0.01028124276439059, ""5"": 0.015331402649699254, ""6"": 0.020618542955115775, ""7"": 0.026693509523861625, ""8"": 0.03269320478682272, ""9"": 0.038424584749723004, ""10"": 0.044991892183642995, ""11"": 0.05087655343306016, ""12"": 0.05741742287772224, ""13"": 0.0631264173329405, ""14"": 0.06518284431852528, ""15"": 0.06603592390118876, ""16"": 0.06299822825175745, ""17"": 0.056608875323249444, ""18"": 0.051232124632293714, ""19"": 0.0455369959984306, ""20"": 0.04170665342945386, ""21"": 0.039363737302130816, ""22"": 0.03482012710487865, ""23"": 0.029864641438576554, ""24"": 0.02506577958393739, ""25"": 0.02362324574077008, ""26"": 0.021853243230217465, ""27"": 0.01704308755086672, ""28"": 0.012088530481493609, ""29"": 0.00813930514621969, ""30"": 0.0058211412821622555, ""31"": 0.0050979323631419595, ""32"": 0.004559811443730498, ""33"": 0.0033263271544521824, ""34"": 0.0023242434078531967, ""35"": 0.0012021466282944935, ""36"": 0.0006605032588540583, ""37"": 0.00030461135975104594, ""38"": 0.00021530633780589498, ""39"": 0.0001832851345638512, ""40"": 0.00020591047411027373, ""41"": 0.00020288113783454873, ""42"": 0.00017319142616775498, ""43"": 0.00016743679749046055, ""44"": 0.00017468099881873966, ""45"": 0.00016873000190864042, ""46"": 0.0001251859399837019, ""47"": 8.588713026184864e-05, ""48"": 3.905075220402245e-05, ""49"": 2.181003685829986e-05, ""50"": 1.2880923870018484e-05, ""51"": 8.521718360212654e-06, ""52"": 9.127318007089323e-06, ""53"": 7.572309328712116e-06, ""54"": 4.200705303992325e-06, ""55"": 2.5523217062914974e-06, ""56"": 5.900366106092695e-07, ""57"": 1.419159337322741e-07, ""58"": 5.525796687220431e-08, ""59"": 7.956934389184227e-09, ""60"": 8.542995069985332e-10, ""61"": 3.161219297481672e-10, ""62"": 9.703848812049469e-11, ""63"": 2.312985999726353e-11, ""64"": 7.15054364662306e-12, ""65"": 9.72754062643225e-13, ""66"": 2.2960309433238687e-13, ""67"": 2.0096779994016922e-14, ""80"": 1.1969336406775353e-05, ""81"": 2.3144943762561984e-05, ""82"": 4.3114467285879866e-05, ""83"": 4.793128481844546e-05, ""84"": 2.8032380357542837e-05, ""85"": 1.726819053628585e-05, ""86"": 4.026348160328867e-06, ""87"": 9.761845390210522e-07, ""88"": 3.8031626978397216e-07, ""89"": 5.438902364158385e-08, ""90"": 5.744333282472273e-09, ""91"": 2.1374498626235515e-09, ""92"": 6.651778603629734e-10, ""93"": 1.5855390873845905e-10, ""94"": 4.939312114589659e-11, ""95"": 6.739160833912596e-12, ""96"": 1.5853176485842695e-12, ""97"": 1.3870473890418755e-13, ""99"": 4.946546694211086e-15}",15.9905,15.9905,15,15,0.0007,0.9993,0.9977,0.9938,0.9869,0.9766,0.9613,0.9407,0.914,0.8813,0.8429,0.7979,0.747,0.6896,0.6264,0.5613,0.4952,0.4322,0.3756,0.3244,0.2789,fc9e35ff#phase10c,"stat_grid:component_convolution_mean_coherent_v1+components[pts:pmf_sim_v1+role_aware_pmf_cal_v1:core+monotone_pit_cdf_v1,ast:pmf_sim_v1+role_aware_pmf_cal_v1:core+monotone_pit_cdf_v1]+prior_combo[joint_sampler_v1+joint_combo_pmf_v1+role_aware_pmf_cal_v1:core+monotone_pit_cdf_v1]+stat_grid_final_component_convolution_mean_coherent_v1",phase8_role_aware_pmf_cal_v1+monotone_inactive_global_v1,core,projected_minutes,high,24.9137,26.5139,10.5239,26.5139,34.6337,9.3557,0.05,0.9138,0.3003,core,True,current_market_line,True,fanduel,fanduel,player_pa_over_under,22.5,22.5,0.163,235.0,-340.0,0.2787,0.7213,0.837,514.0,-514.0,-0.1157,-0.1157,0.1157,2026-06-13T17:17:34.390727Z,full,provisional,lineup_unconfirmed,fallback_used,projected,derived_from_projected_minutes,ok,finals_pending,current_phase8,ok,0.0,projected,not_available_yet,bdl_lineup_freshness_manifest,bdl_plus_nba_official,2026-06-13T17:17:50Z
morning,2026-06-13T17:18:40Z,2026-06-13,21716138,1057262518,Dylan Harper,SAS,NYK,True,pa,"{""0"": 0.0006576675494777531, ""1"": 0.0016252722230787262, ""2"": 0.003929621346759448, ""3"": 0.006886690755946243, ""4"": 0.01028124276439059, ""5"": 0.015331402649699254, ""6"": 0.020618542955115775, ""7"": 0.026693509523861625, ""8"": 0.03269320478682272, ""9"": 0.038424584749723004, ""10"": 0.044991892183642995, ""11"": 0.05087655343306016, ""12"": 0.05741742287772224, ""13"": 0.0631264173329405, ""14"": 0.06518284431852528, ""15"": 0.06603592390118876, ""16"": 0.06299822825175745, ""17"": 0.056608875323249444, ""18"": 0.051232124632293714, ""19"": 0.0455369959984306, ""20"": 0.04170665342945386, ""21"": 0.039363737302130816, ""22"": 0.03482012710487865, ""23"": 0.029864641438576554, ""24"": 0.02506577958393739, ""25"": 0.02362324574077008, ""26"": 0.021853243230217465, ""27"": 0.01704308755086672, ""28"": 0.012088530481493609, ""29"": 0.00813930514621969, ""30"": 0.0058211412821622555, ""31"": 0.0050979323631419595, ""32"": 0.004559811443730498, ""33"": 0.0033263271544521824, ""34"": 0.0023242434078531967, ""35"": 0.0012021466282944935, ""36"": 0.0006605032588540583, ""37"": 0.00030461135975104594, ""38"": 0.00021530633780589498, ""39"": 0.0001832851345638512, ""40"": 0.00020591047411027373, ""41"": 0.00020288113783454873, ""42"": 0.00017319142616775498, ""43"": 0.00016743679749046055, ""44"": 0.00017468099881873966, ""45"": 0.00016873000190864042, ""46"": 0.0001251859399837019, ""47"": 8.588713026184864e-05, ""48"": 3.905075220402245e-05, ""49"": 2.181003685829986e-05, ""50"": 1.2880923870018484e-05, ""51"": 8.521718360212654e-06, ""52"": 9.127318007089323e-06, ""53"": 7.572309328712116e-06, ""54"": 4.200705303992325e-06, ""55"": 2.5523217062914974e-06, ""56"": 5.900366106092695e-07, ""57"": 1.419159337322741e-07, ""58"": 5.525796687220431e-08, ""59"": 7.956934389184227e-09, ""60"": 8.542995069985332e-10, ""61"": 3.161219297481672e-10, ""62"": 9.703848812049469e-11, ""63"": 2.312985999726353e-11, ""64"": 7.15054364662306e-12, ""65"": 9.72754062643225e-13, ""66"": 2.2960309433238687e-13, ""67"": 2.0096779994016922e-14, ""80"": 1.1969336406775353e-05, ""81"": 2.3144943762561984e-05, ""82"": 4.3114467285879866e-05, ""83"": 4.793128481844546e-05, ""84"": 2.8032380357542837e-05, ""85"": 1.726819053628585e-05, ""86"": 4.026348160328867e-06, ""87"": 9.761845390210522e-07, ""88"": 3.8031626978397216e-07, ""89"": 5.438902364158385e-08, ""90"": 5.744333282472273e-09, ""91"": 2.1374498626235515e-09, ""92"": 6.651778603629734e-10, ""93"": 1.5855390873845905e-10, ""94"": 4.939312114589659e-11, ""95"": 6.739160833912596e-12, ""96"": 1.5853176485842695e-12, ""97"": 1.3870473890418755e-13, ""99"": 4.946546694211086e-15}",15.9905,15.9905,15,15,0.0007,0.9993,0.9977,0.9938,0.9869,0.9766,0.9613,0.9407,0.914,0.8813,0.8429,0.7979,0.747,0.6896,0.6264,0.5613,0.4952,0.4322,0.3756,0.3244,0.2789,fc9e35ff#phase10c,"stat_grid:component_convolution_mean_coherent_v1+components[pts:pmf_sim_v1+role_aware_pmf_cal_v1:core+monotone_pit_cdf_v1,ast:pmf_sim_v1+role_aware_pmf_cal_v1:core+monotone_pit_cdf_v1]+prior_combo[joint_sampler_v1+joint_combo_pmf_v1+role_aware_pmf_cal_v1:core+monotone_pit_cdf_v1]+stat_grid_final_component_convolution_mean_coherent_v1",phase8_role_aware_pmf_cal_v1+monotone_inactive_global_v1,core,projected_minutes,high,24.9137,26.5139,10.5239,26.5139,34.6337,9.3557,0.05,0.9138,0.3003,core,True,current_market_line,True,fanduel,fanduel,player_pa_over_under,21.5,21.5,0.1978,194.0,-270.0,0.3179,0.6821,0.8022,406.0,-406.0,-0.1201,-0.1201,0.1201,2026-06-13T17:17:34.390727Z,full,provisional,lineup_unconfirmed,fallback_used,projected,derived_from_projected_minutes,ok,finals_pending,current_phase8,ok,0.0,projected,not_available_yet,bdl_lineup_freshness_manifest,bdl_plus_nba_official,2026-06-13T17:17:50Z
morning,2026-06-13T17:18:40Z,2026-06-13,21716138,1057262518,Dylan Harper,SAS,NYK,True,pa,"{""0"": 0.0006576675494777531, ""1"": 0.0016252722230787262, ""2"": 0.003929621346759448, ""3"": 0.006886690755946243, ""4"": 0.01028124276439059, ""5"": 0.015331402649699254, ""6"": 0.020618542955115775, ""7"": 0.026693509523861625, ""8"": 0.03269320478682272, ""9"": 0.038424584749723004, ""10"": 0.044991892183642995, ""11"": 0.05087655343306016, ""12"": 0.05741742287772224, ""13"": 0.0631264173329405, ""14"": 0.06518284431852528, ""15"": 0.06603592390118876, ""16"": 0.06299822825175745, ""17"": 0.056608875323249444, ""18"": 0.051232124632293714, ""19"": 0.0455369959984306, ""20"": 0.04170665342945386, ""21"": 0.039363737302130816, ""22"": 0.03482012710487865, ""23"": 0.029864641438576554, ""24"": 0.02506577958393739, ""25"": 0.02362324574077008, ""26"": 0.021853243230217465, ""27"": 0.01704308755086672, ""28"": 0.012088530481493609, ""29"": 0.00813930514621969, ""30"": 0.0058211412821622555, ""31"": 0.0050979323631419595, ""32"": 0.004559811443730498, ""33"": 0.0033263271544521824, ""34"": 0.0023242434078531967, ""35"": 0.0012021466282944935, ""36"": 0.0006605032588540583, ""37"": 0.00030461135975104594, ""38"": 0.00021530633780589498, ""39"": 0.0001832851345638512, ""40"": 0.00020591047411027373, ""41"": 0.00020288113783454873, ""42"": 0.00017319142616775498, ""43"": 0.00016743679749046055, ""44"": 0.00017468099881873966, ""45"": 0.00016873000190864042, ""46"": 0.0001251859399837019, ""47"": 8.588713026184864e-05, ""48"": 3.905075220402245e-05, ""49"": 2.181003685829986e-05, ""50"": 1.2880923870018484e-05, ""51"": 8.521718360212654e-06, ""52"": 9.127318007089323e-06, ""53"": 7.572309328712116e-06, ""54"": 4.200705303992325e-06, ""55"": 2.5523217062914974e-06, ""56"": 5.900366106092695e-07, ""57"": 1.419159337322741e-07, ""58"": 5.525796687220431e-08, ""59"": 7.956934389184227e-09, ""60"": 8.542995069985332e-10, ""61"": 3.161219297481672e-10, ""62"": 9.703848812049469e-11, ""63"": 2.312985999726353e-11, ""64"": 7.15054364662306e-12, ""65"": 9.72754062643225e-13, ""66"": 2.2960309433238687e-13, ""67"": 2.0096779994016922e-14, ""80"": 1.1969336406775353e-05, ""81"": 2.3144943762561984e-05, ""82"": 4.3114467285879866e-05, ""83"": 4.793128481844546e-05, ""84"": 2.8032380357542837e-05, ""85"": 1.726819053628585e-05, ""86"": 4.026348160328867e-06, ""87"": 9.761845390210522e-07, ""88"": 3.8031626978397216e-07, ""89"": 5.438902364158385e-08, ""90"": 5.744333282472273e-09, ""91"": 2.1374498626235515e-09, ""92"": 6.651778603629734e-10, ""93"": 1.5855390873845905e-10, ""94"": 4.939312114589659e-11, ""95"": 6.739160833912596e-12, ""96"": 1.5853176485842695e-12, ""97"": 1.3870473890418755e-13, ""99"": 4.946546694211086e-15}",15.9905,15.9905,15,15,0.0007,0.9993,0.9977,0.9938,0.9869,0.9766,0.9613,0.9407,0.914,0.8813,0.8429,0.7979,0.747,0.6896,0.6264,0.5613,0.4952,0.4322,0.3756,0.3244,0.2789,fc9e35ff#phase10c,"stat_grid:component_convolution_mean_coherent_v1+components[pts:pmf_sim_v1+role_aware_pmf_cal_v1:core+monotone_pit_cdf_v1,ast:pmf_sim_v1+role_aware_pmf_cal_v1:core+monotone_pit_cdf_v1]+prior_combo[joint_sampler_v1+joint_combo_pmf_v1+role_aware_pmf_cal_v1:core+monotone_pit_cdf_v1]+stat_grid_final_component_convolution_mean_coherent_v1",phase8_role_aware_pmf_cal_v1+monotone_inactive_global_v1,core,projected_minutes,high,24.9137,26.5139,10.5239,26.5139,34.6337,9.3557,0.05,0.9138,0.3003,core,True,current_market_line,True,fanduel,fanduel,player_pa_over_under,20.5,20.5,0.2371,154.0,-210.0,0.3676,0.6324,0.7629,322.0,-322.0,-0.1304,-0.1304,0.1304,2026-06-13T17:17:34.390727Z,full,provisional,lineup_unconfirmed,fallback_used,projected,derived_from_projected_minutes,ok,finals_pending,current_phase8,ok,0.0,projected,not_available_yet,bdl_lineup_freshness_manifest,bdl_plus_nba_official,2026-06-13T17:17:50Z
morning,2026-06-13T17:18:40Z,2026-06-13,21716138,1057262518,Dylan Harper,SAS,NYK,True,pa,"{""0"": 0.0006576675494777531, ""1"": 0.0016252722230787262, ""2"": 0.003929621346759448, ""3"": 0.006886690755946243, ""4"": 0.01028124276439059, ""5"": 0.015331402649699254, ""6"": 0.020618542955115775, ""7"": 0.026693509523861625, ""8"": 0.03269320478682272, ""9"": 0.038424584749723004, ""10"": 0.044991892183642995, ""11"": 0.05087655343306016, ""12"": 0.05741742287772224, ""13"": 0.0631264173329405, ""14"": 0.06518284431852528, ""15"": 0.06603592390118876, ""16"": 0.06299822825175745, ""17"": 0.056608875323249444, ""18"": 0.051232124632293714, ""19"": 0.0455369959984306, ""20"": 0.04170665342945386, ""21"": 0.039363737302130816, ""22"": 0.03482012710487865, ""23"": 0.029864641438576554, ""24"": 0.02506577958393739, ""25"": 0.02362324574077008, ""26"": 0.021853243230217465, ""27"": 0.01704308755086672, ""28"": 0.012088530481493609, ""29"": 0.00813930514621969, ""30"": 0.0058211412821622555, ""31"": 0.0050979323631419595, ""32"": 0.004559811443730498, ""33"": 0.0033263271544521824, ""34"": 0.0023242434078531967, ""35"": 0.0012021466282944935, ""36"": 0.0006605032588540583, ""37"": 0.00030461135975104594, ""38"": 0.00021530633780589498, ""39"": 0.0001832851345638512, ""40"": 0.00020591047411027373, ""41"": 0.00020288113783454873, ""42"": 0.00017319142616775498, ""43"": 0.00016743679749046055, ""44"": 0.00017468099881873966, ""45"": 0.00016873000190864042, ""46"": 0.0001251859399837019, ""47"": 8.588713026184864e-05, ""48"": 3.905075220402245e-05, ""49"": 2.181003685829986e-05, ""50"": 1.2880923870018484e-05, ""51"": 8.521718360212654e-06, ""52"": 9.127318007089323e-06, ""53"": 7.572309328712116e-06, ""54"": 4.200705303992325e-06, ""55"": 2.5523217062914974e-06, ""56"": 5.900366106092695e-07, ""57"": 1.419159337322741e-07, ""58"": 5.525796687220431e-08, ""59"": 7.956934389184227e-09, ""60"": 8.542995069985332e-10, ""61"": 3.161219297481672e-10, ""62"": 9.703848812049469e-11, ""63"": 2.312985999726353e-11, ""64"": 7.15054364662306e-12, ""65"": 9.72754062643225e-13, ""66"": 2.2960309433238687e-13, ""67"": 2.0096779994016922e-14, ""80"": 1.1969336406775353e-05, ""81"": 2.3144943762561984e-05, ""82"": 4.3114467285879866e-05, ""83"": 4.793128481844546e-05, ""84"": 2.8032380357542837e-05, ""85"": 1.726819053628585e-05, ""86"": 4.026348160328867e-06, ""87"": 9.761845390210522e-07, ""88"": 3.8031626978397216e-07, ""89"": 5.438902364158385e-08, ""90"": 5.744333282472273e-09, ""91"": 2.1374498626235515e-09, ""92"": 6.651778603629734e-10, ""93"": 1.5855390873845905e-10, ""94"": 4.939312114589659e-11, ""95"": 6.739160833912596e-12, ""96"": 1.5853176485842695e-12, ""97"": 1.3870473890418755e-13, ""99"": 4.946546694211086e-15}",15.9905,15.9905,15,15,0.0007,0.9993,0.9977,0.9938,0.9869,0.9766,0.9613,0.9407,0.914,0.8813,0.8429,0.7979,0.747,0.6896,0.6264,0.5613,0.4952,0.4322,0.3756,0.3244,0.2789,fc9e35ff#phase10c,"stat_grid:component_convolution_mean_coherent_v1+components[pts:pmf_sim_v1+role_aware_pmf_cal_v1:core+monotone_pit_cdf_v1,ast:pmf_sim_v1+role_aware_pmf_cal_v1:core+monotone_pit_cdf_v1]+prior_combo[joint_sampler_v1+joint_combo_pmf_v1+role_aware_pmf_cal_v1:core+monotone_pit_cdf_v1]+stat_grid_final_component_convolution_mean_coherent_v1",phase8_role_aware_pmf_cal_v1+monotone_inactive_global_v1,core,projected_minutes,high,24.9137,26.5139,10.5239,26.5139,34.6337,9.3557,0.05,0.9138,0.3003,core,True,current_market_line,True,fanduel,fanduel,player_pa_over_under,19.5,19.5,0.2789,122.0,-162.0,0.4215,0.5785,0.7211,259.0,-259.0,-0.1426,-0.1426,0.1426,2026-06-13T17:17:34.390727Z,full,provisional,lineup_unconfirmed,fallback_used,projected,derived_from_projected_minutes,ok,finals_pending,current_phase8,ok,0.0,projected,not_available_yet,bdl_lineup_freshness_manifest,bdl_plus_nba_official,2026-06-13T17:17:50Z
morning,2026-06-13T17:18:40Z,2026-06-13,21716138,1057262518,Dylan Harper,SAS,NYK,True,pa,"{""0"": 0.0006576675494777531, ""1"": 0.0016252722230787262, ""2"": 0.003929621346759448, ""3"": 0.006886690755946243, ""4"": 0.01028124276439059, ""5"": 0.015331402649699254, ""6"": 0.020618542955115775, ""7"": 0.026693509523861625, ""8"": 0.03269320478682272, ""9"": 0.038424584749723004, ""10"": 0.044991892183642995, ""11"": 0.05087655343306016, ""12"": 0.05741742287772224, ""13"": 0.0631264173329405, ""14"": 0.06518284431852528, ""15"": 0.06603592390118876, ""16"": 0.06299822825175745, ""17"": 0.056608875323249444, ""18"": 0.051232124632293714, ""19"": 0.0455369959984306, ""20"": 0.04170665342945386, ""21"": 0.039363737302130816, ""22"": 0.03482012710487865, ""23"": 0.029864641438576554, ""24"": 0.02506577958393739, ""25"": 0.02362324574077008, ""26"": 0.021853243230217465, ""27"": 0.01704308755086672, ""28"": 0.012088530481493609, ""29"": 0.00813930514621969, ""30"": 0.0058211412821622555, ""31"": 0.0050979323631419595, ""32"": 0.004559811443730498, ""33"": 0.0033263271544521824, ""34"": 0.0023242434078531967, ""35"": 0.0012021466282944935, ""36"": 0.0006605032588540583, ""37"": 0.00030461135975104594, ""38"": 0.00021530633780589498, ""39"": 0.0001832851345638512, ""40"": 0.00020591047411027373, ""41"": 0.00020288113783454873, ""42"": 0.00017319142616775498, ""43"": 0.00016743679749046055, ""44"": 0.00017468099881873966, ""45"": 0.00016873000190864042, ""46"": 0.0001251859399837019, ""47"": 8.588713026184864e-05, ""48"": 3.905075220402245e-05, ""49"": 2.181003685829986e-05, ""50"": 1.2880923870018484e-05, ""51"": 8.521718360212654e-06, ""52"": 9.127318007089323e-06, ""53"": 7.572309328712116e-06, ""54"": 4.200705303992325e-06, ""55"": 2.5523217062914974e-06, ""56"": 5.900366106092695e-07, ""57"": 1.419159337322741e-07, ""58"": 5.525796687220431e-08, ""59"": 7.956934389184227e-09, ""60"": 8.542995069985332e-10, ""61"": 3.161219297481672e-10, ""62"": 9.703848812049469e-11, ""63"": 2.312985999726353e-11, ""64"": 7.15054364662306e-12, ""65"": 9.72754062643225e-13, ""66"": 2.2960309433238687e-13, ""67"": 2.0096779994016922e-14, ""80"": 1.1969336406775353e-05, ""81"": 2.3144943762561984e-05, ""82"": 4.3114467285879866e-05, ""83"": 4.793128481844546e-05, ""84"": 2.8032380357542837e-05, ""85"": 1.726819053628585e-05, ""86"": 4.026348160328867e-06, ""87"": 9.761845390210522e-07, ""88"": 3.8031626978397216e-07, ""89"": 5.438902364158385e-08, ""90"": 5.744333282472273e-09, ""91"": 2.1374498626235515e-09, ""92"": 6.651778603629734e-10, ""93"": 1.5855390873845905e-10, ""94"": 4.939312114589659e-11, ""95"": 6.739160833912596e-12, ""96"": 1.5853176485842695e-12, ""97"": 1.3870473890418755e-13, ""99"": 4.946546694211086e-15}",15.9905,15.9905,15,15,0.0007,0.9993,0.9977,0.9938,0.9869,0.9766,0.9613,0.9407,0.914,0.8813,0.8429,0.7979,0.747,0.6896,0.6264,0.5613,0.4952,0.4322,0.3756,0.3244,0.2789,fc9e35ff#phase10c,"stat_grid:component_convolution_mean_coherent_v1+components[pts:pmf_sim_v1+role_aware_pmf_cal_v1:core+monotone_pit_cdf_v1,ast:pmf_sim_v1+role_aware_pmf_cal_v1:core+monotone_pit_cdf_v1]+prior_combo[joint_sampler_v1+joint_combo_pmf_v1+role_aware_pmf_cal_v1:core+monotone_pit_cdf_v1]+stat_grid_final_component_convolution_mean_coherent_v1",phase8_role_aware_pmf_cal_v1+monotone_inactive_global_v1,core,projected_minutes,high,24.9137,26.5139,10.5239,26.5139,34.6337,9.3557,0.05,0.9138,0.3003,core,True,current_market_line,True,fanduel,fanduel,player_pa_over_under,18.5,18.5,0.3244,-106.0,-125.0,0.4808,0.5192,0.6756,208.0,-208.0,-0.1565,-0.1565,0.1565,2026-06-13T17:17:34.390727Z,full,provisional,lineup_unconfirmed,fallback_used,projected,derived_from_projected_minutes,ok,finals_pending,current_phase8,ok,0.0,projected,not_available_yet,bdl_lineup_freshness_manifest,bdl_plus_nba_official,2026-06-13T17:17:50Z
morning,2026-06-13T17:18:40Z,2026-06-13,21716138,1057262518,Dylan Harper,SAS,NYK,True,pa,"{""0"": 0.0006576675494777531, ""1"": 0.0016252722230787262, ""2"": 0.003929621346759448, ""3"": 0.006886690755946243, ""4"": 0.01028124276439059, ""5"": 0.015331402649699254, ""6"": 0.020618542955115775, ""7"": 0.026693509523861625, ""8"": 0.03269320478682272, ""9"": 0.038424584749723004, ""10"": 0.044991892183642995, ""11"": 0.05087655343306016, ""12"": 0.05741742287772224, ""13"": 0.0631264173329405, ""14"": 0.06518284431852528, ""15"": 0.06603592390118876, ""16"": 0.06299822825175745, ""17"": 0.056608875323249444, ""18"": 0.051232124632293714, ""19"": 0.0455369959984306, ""20"": 0.04170665342945386, ""21"": 0.039363737302130816, ""22"": 0.03482012710487865, ""23"": 0.029864641438576554, ""24"": 0.02506577958393739, ""25"": 0.02362324574077008, ""26"": 0.021853243230217465, ""27"": 0.01704308755086672, ""28"": 0.012088530481493609, ""29"": 0.00813930514621969, ""30"": 0.0058211412821622555, ""31"": 0.0050979323631419595, ""32"": 0.004559811443730498, ""33"": 0.0033263271544521824, ""34"": 0.0023242434078531967, ""35"": 0.0012021466282944935, ""36"": 0.0006605032588540583, ""37"": 0.00030461135975104594, ""38"": 0.00021530633780589498, ""39"": 0.0001832851345638512, ""40"": 0.00020591047411027373, ""41"": 0.00020288113783454873, ""42"": 0.00017319142616775498, ""43"": 0.00016743679749046055, ""44"": 0.00017468099881873966, ""45"": 0.00016873000190864042, ""46"": 0.0001251859399837019, ""47"": 8.588713026184864e-05, ""48"": 3.905075220402245e-05, ""49"": 2.181003685829986e-05, ""50"": 1.2880923870018484e-05, ""51"": 8.521718360212654e-06, ""52"": 9.127318007089323e-06, ""53"": 7.572309328712116e-06, ""54"": 4.200705303992325e-06, ""55"": 2.5523217062914974e-06, ""56"": 5.900366106092695e-07, ""57"": 1.419159337322741e-07, ""58"": 5.525796687220431e-08, ""59"": 7.956934389184227e-09, ""60"": 8.542995069985332e-10, ""61"": 3.161219297481672e-10, ""62"": 9.703848812049469e-11, ""63"": 2.312985999726353e-11, ""64"": 7.15054364662306e-12, ""65"": 9.72754062643225e-13, ""66"": 2.2960309433238687e-13, ""67"": 2.0096779994016922e-14, ""80"": 1.1969336406775353e-05, ""81"": 2.3144943762561984e-05, ""82"": 4.3114467285879866e-05, ""83"": 4.793128481844546e-05, ""84"": 2.8032380357542837e-05, ""85"": 1.726819053628585e-05, ""86"": 4.026348160328867e-06, ""87"": 9.761845390210522e-07, ""88"": 3.8031626978397216e-07, ""89"": 5.438902364158385e-08, ""90"": 5.744333282472273e-09, ""91"": 2.1374498626235515e-09, ""92"": 6.651778603629734e-10, ""93"": 1.5855390873845905e-10, ""94"": 4.939312114589659e-11, ""95"": 6.739160833912596e-12, ""96"": 1.5853176485842695e-12, ""97"": 1.3870473890418755e-13, ""99"": 4.946546694211086e-15}",15.9905,15.9905,15,15,0.0007,0.9993,0.9977,0.9938,0.9869,0.9766,0.9613,0.9407,0.914,0.8813,0.8429,0.7979,0.747,0.6896,0.6264,0.5613,0.4952,0.4322,0.3756,0.3244,0.2789,fc9e35ff#phase10c,"stat_grid:component_convolution_mean_coherent_v1+components[pts:pmf_sim_v1+role_aware_pmf_cal_v1:core+monotone_pit_cdf_v1,ast:pmf_sim_v1+role_aware_pmf_cal_v1:core+monotone_pit_cdf_v1]+prior_combo[joint_sampler_v1+joint_combo_pmf_v1+role_aware_pmf_cal_v1:core+monotone_pit_cdf_v1]+stat_grid_final_component_convolution_mean_coherent_v1",phase8_role_aware_pmf_cal_v1+monotone_inactive_global_v1,core,projected_minutes,high,24.9137,26.5139,10.5239,26.5139,34.6337,9.3557,0.05,0.9138,0.3003,core,True,current_market_line,True,fanduel,fanduel,player_pa_over_under,17.5,17.5,0.3756,-140.0,106.0,0.5458,0.4542,0.6244,166.0,-166.0,-0.1702,-0.1702,0.1702,2026-06-13T17:17:34.390727Z,full,provisional,lineup_unconfirmed,fallback_used,projected,derived_from_projected_minutes,ok,finals_pending,current_phase8,ok,0.0,projected,not_available_yet,bdl_lineup_freshness_manifest,bdl_plus_nba_official,2026-06-13T17:17:50Z
morning,2026-06-13T17:18:40Z,2026-06-13,21716138,1057262518,Dylan Harper,SAS,NYK,True,pa,"{""0"": 0.0006576675494777531, ""1"": 0.0016252722230787262, ""2"": 0.003929621346759448, ""3"": 0.006886690755946243, ""4"": 0.01028124276439059, ""5"": 0.015331402649699254, ""6"": 0.020618542955115775, ""7"": 0.026693509523861625, ""8"": 0.03269320478682272, ""9"": 0.038424584749723004, ""10"": 0.044991892183642995, ""11"": 0.05087655343306016, ""12"": 0.05741742287772224, ""13"": 0.0631264173329405, ""14"": 0.06518284431852528, ""15"": 0.06603592390118876, ""16"": 0.06299822825175745, ""17"": 0.056608875323249444, ""18"": 0.051232124632293714, ""19"": 0.0455369959984306, ""20"": 0.04170665342945386, ""21"": 0.039363737302130816, ""22"": 0.03482012710487865, ""23"": 0.029864641438576554, ""24"": 0.02506577958393739, ""25"": 0.02362324574077008, ""26"": 0.021853243230217465, ""27"": 0.01704308755086672, ""28"": 0.012088530481493609, ""29"": 0.00813930514621969, ""30"": 0.0058211412821622555, ""31"": 0.0050979323631419595, ""32"": 0.004559811443730498, ""33"": 0.0033263271544521824, ""34"": 0.0023242434078531967, ""35"": 0.0012021466282944935, ""36"": 0.0006605032588540583, ""37"": 0.00030461135975104594, ""38"": 0.00021530633780589498, ""39"": 0.0001832851345638512, ""40"": 0.00020591047411027373, ""41"": 0.00020288113783454873, ""42"": 0.00017319142616775498, ""43"": 0.00016743679749046055, ""44"": 0.00017468099881873966, ""45"": 0.00016873000190864042, ""46"": 0.0001251859399837019, ""47"": 8.588713026184864e-05, ""48"": 3.905075220402245e-05, ""49"": 2.181003685829986e-05, ""50"": 1.2880923870018484e-05, ""51"": 8.521718360212654e-06, ""52"": 9.127318007089323e-06, ""53"": 7.572309328712116e-06, ""54"": 4.200705303992325e-06, ""55"": 2.5523217062914974e-06, ""56"": 5.900366106092695e-07, ""57"": 1.419159337322741e-07, ""58"": 5.525796687220431e-08, ""59"": 7.956934389184227e-09, ""60"": 8.542995069985332e-10, ""61"": 3.161219297481672e-10, ""62"": 9.703848812049469e-11, ""63"": 2.312985999726353e-11, ""64"": 7.15054364662306e-12, ""65"": 9.72754062643225e-13, ""66"": 2.2960309433238687e-13, ""67"": 2.0096779994016922e-14, ""80"": 1.1969336406775353e-05, ""81"": 2.3144943762561984e-05, ""82"": 4.3114467285879866e-05, ""83"": 4.793128481844546e-05, ""84"": 2.8032380357542837e-05, ""85"": 1.726819053628585e-05, ""86"": 4.026348160328867e-06, ""87"": 9.761845390210522e-07, ""88"": 3.8031626978397216e-07, ""89"": 5.438902364158385e-08, ""90"": 5.744333282472273e-09, ""91"": 2.1374498626235515e-09, ""92"": 6.651778603629734e-10, ""93"": 1.5855390873845905e-10, ""94"": 4.939312114589659e-11, ""95"": 6.739160833912596e-12, ""96"": 1.5853176485842695e-12, ""97"": 1.3870473890418755e-13, ""99"": 4.946546694211086e-15}",15.9905,15.9905,15,15,0.0007,0.9993,0.9977,0.9938,0.9869,0.9766,0.9613,0.9407,0.914,0.8813,0.8429,0.7979,0.747,0.6896,0.6264,0.5613,0.4952,0.4322,0.3756,0.3244,0.2789,fc9e35ff#phase10c,"stat_grid:component_convolution_mean_coherent_v1+components[pts:pmf_sim_v1+role_aware_pmf_cal_v1:core+monotone_pit_cdf_v1,ast:pmf_sim_v1+role_aware_pmf_cal_v1:core+monotone_pit_cdf_v1]+prior_combo[joint_sampler_v1+joint_combo_pmf_v1+role_aware_pmf_cal_v1:core+monotone_pit_cdf_v1]+stat_grid_final_component_convolution_mean_coherent_v1",phase8_role_aware_pmf_cal_v1+monotone_inactive_global_v1,core,projected_minutes,high,24.9137,26.5139,10.5239,26.5139,34.6337,9.3557,0.05,0.9138,0.3003,core,True,current_market_line,True,fanduel,fanduel,player_pa_over_under,16.5,16.5,0.4322,-182.0,136.0,0.6037,0.3963,0.5678,131.0,-131.0,-0.1714,-0.1714,0.1714,2026-06-13T17:17:34.390727Z,full,provisional,lineup_unconfirmed,fallback_used,projected,derived_from_projected_minutes,ok,finals_pending,current_phase8,ok,0.0,projected,not_available_yet,bdl_lineup_freshness_manifest,bdl_plus_nba_official,2026-06-13T17:17:50Z
morning,2026-06-13T17:18:40Z,2026-06-13,21716138,1057262518,Dylan Harper,SAS,NYK,True,pa,"{""0"": 0.0006576675494777531, ""1"": 0.0016252722230787262, ""2"": 0.003929621346759448, ""3"": 0.006886690755946243, ""4"": 0.01028124276439059, ""5"": 0.015331402649699254, ""6"": 0.020618542955115775, ""7"": 0.026693509523861625, ""8"": 0.03269320478682272, ""9"": 0.038424584749723004, ""10"": 0.044991892183642995, ""11"": 0.05087655343306016, ""12"": 0.05741742287772224, ""13"": 0.0631264173329405, ""14"": 0.06518284431852528, ""15"": 0.06603592390118876, ""16"": 0.06299822825175745, ""17"": 0.056608875323249444, ""18"": 0.051232124632293714, ""19"": 0.0455369959984306, ""20"": 0.04170665342945386, ""21"": 0.039363737302130816, ""22"": 0.03482012710487865, ""23"": 0.029864641438576554, ""24"": 0.02506577958393739, ""25"": 0.02362324574077008, ""26"": 0.021853243230217465, ""27"": 0.01704308755086672, ""28"": 0.012088530481493609, ""29"": 0.00813930514621969, ""30"": 0.0058211412821622555, ""31"": 0.0050979323631419595, ""32"": 0.004559811443730498, ""33"": 0.0033263271544521824, ""34"": 0.0023242434078531967, ""35"": 0.0012021466282944935, ""36"": 0.0006605032588540583, ""37"": 0.00030461135975104594, ""38"": 0.00021530633780589498, ""39"": 0.0001832851345638512, ""40"": 0.00020591047411027373, ""41"": 0.00020288113783454873, ""42"": 0.00017319142616775498, ""43"": 0.00016743679749046055, ""44"": 0.00017468099881873966, ""45"": 0.00016873000190864042, ""46"": 0.0001251859399837019, ""47"": 8.588713026184864e-05, ""48"": 3.905075220402245e-05, ""49"": 2.181003685829986e-05, ""50"": 1.2880923870018484e-05, ""51"": 8.521718360212654e-06, ""52"": 9.127318007089323e-06, ""53"": 7.572309328712116e-06, ""54"": 4.200705303992325e-06, ""55"": 2.5523217062914974e-06, ""56"": 5.900366106092695e-07, ""57"": 1.419159337322741e-07, ""58"": 5.525796687220431e-08, ""59"": 7.956934389184227e-09, ""60"": 8.542995069985332e-10, ""61"": 3.161219297481672e-10, ""62"": 9.703848812049469e-11, ""63"": 2.312985999726353e-11, ""64"": 7.15054364662306e-12, ""65"": 9.72754062643225e-13, ""66"": 2.2960309433238687e-13, ""67"": 2.0096779994016922e-14, ""80"": 1.1969336406775353e-05, ""81"": 2.3144943762561984e-05, ""82"": 4.3114467285879866e-05, ""83"": 4.793128481844546e-05, ""84"": 2.8032380357542837e-05, ""85"": 1.726819053628585e-05, ""86"": 4.026348160328867e-06, ""87"": 9.761845390210522e-07, ""88"": 3.8031626978397216e-07, ""89"": 5.438902364158385e-08, ""90"": 5.744333282472273e-09, ""91"": 2.1374498626235515e-09, ""92"": 6.651778603629734e-10, ""93"": 1.5855390873845905e-10, ""94"": 4.939312114589659e-11, ""95"": 6.739160833912596e-12, ""96"": 1.5853176485842695e-12, ""97"": 1.3870473890418755e-13, ""99"": 4.946546694211086e-15}",15.9905,15.9905,15,15,0.0007,0.9993,0.9977,0.9938,0.9869,0.9766,0.9613,0.9407,0.914,0.8813,0.8429,0.7979,0.747,0.6896,0.6264,0.5613,0.4952,0.4322,0.3756,0.3244,0.2789,fc9e35ff#phase10c,"stat_grid:component_convolution_mean_coherent_v1+components[pts:pmf_sim_v1+role_aware_pmf_cal_v1:core+monotone_pit_cdf_v1,ast:pmf_sim_v1+role_aware_pmf_cal_v1:core+monotone_pit_cdf_v1]+prior_combo[joint_sampler_v1+joint_combo_pmf_v1+role_aware_pmf_cal_v1:core+monotone_pit_cdf_v1]+stat_grid_final_component_convolution_mean_coherent_v1",phase8_role_aware_pmf_cal_v1+monotone_inactive_global_v1,core,projected_minutes,high,24.9137,26.5139,10.5239,26.5139,34.6337,9.3557,0.05,0.9138,0.3003,core,True,current_market_line,True,fanduel,fanduel,player_pa_over_under,15.5,15.5,0.4952,-245.0,178.0,0.6638,0.3362,0.5048,102.0,-102.0,-0.1685,-0.1685,0.1685,2026-06-13T17:17:34.390727Z,full,provisional,lineup_unconfirmed,fallback_used,projected,derived_from_projected_minutes,ok,finals_pending,current_phase8,ok,0.0,projected,not_available_yet,bdl_lineup_freshness_manifest,bdl_plus_nba_official,2026-06-13T17:17:50Z
morning,2026-06-13T17:18:40Z,2026-06-13,21716138,1057262518,Dylan Harper,SAS,NYK,True,pa,"{""0"": 0.0006576675494777531, ""1"": 0.0016252722230787262, ""2"": 0.003929621346759448, ""3"": 0.006886690755946243, ""4"": 0.01028124276439059, ""5"": 0.015331402649699254, ""6"": 0.020618542955115775, ""7"": 0.026693509523861625, ""8"": 0.03269320478682272, ""9"": 0.038424584749723004, ""10"": 0.044991892183642995, ""11"": 0.05087655343306016, ""12"": 0.05741742287772224, ""13"": 0.0631264173329405, ""14"": 0.06518284431852528, ""15"": 0.06603592390118876, ""16"": 0.06299822825175745, ""17"": 0.056608875323249444, ""18"": 0.051232124632293714, ""19"": 0.0455369959984306, ""20"": 0.04170665342945386, ""21"": 0.039363737302130816, ""22"": 0.03482012710487865, ""23"": 0.029864641438576554, ""24"": 0.02506577958393739, ""25"": 0.02362324574077008, ""26"": 0.021853243230217465, ""27"": 0.01704308755086672, ""28"": 0.012088530481493609, ""29"": 0.00813930514621969, ""30"": 0.0058211412821622555, ""31"": 0.0050979323631419595, ""32"": 0.004559811443730498, ""33"": 0.0033263271544521824, ""34"": 0.0023242434078531967, ""35"": 0.0012021466282944935, ""36"": 0.0006605032588540583, ""37"": 0.00030461135975104594, ""38"": 0.00021530633780589498, ""39"": 0.0001832851345638512, ""40"": 0.00020591047411027373, ""41"": 0.00020288113783454873, ""42"": 0.00017319142616775498, ""43"": 0.00016743679749046055, ""44"": 0.00017468099881873966, ""45"": 0.00016873000190864042, ""46"": 0.0001251859399837019, ""47"": 8.588713026184864e-05, ""48"": 3.905075220402245e-05, ""49"": 2.181003685829986e-05, ""50"": 1.2880923870018484e-05, ""51"": 8.521718360212654e-06, ""52"": 9.127318007089323e-06, ""53"": 7.572309328712116e-06, ""54"": 4.200705303992325e-06, ""55"": 2.5523217062914974e-06, ""56"": 5.900366106092695e-07, ""57"": 1.419159337322741e-07, ""58"": 5.525796687220431e-08, ""59"": 7.956934389184227e-09, ""60"": 8.542995069985332e-10, ""61"": 3.161219297481672e-10, ""62"": 9.703848812049469e-11, ""63"": 2.312985999726353e-11, ""64"": 7.15054364662306e-12, ""65"": 9.72754062643225e-13, ""66"": 2.2960309433238687e-13, ""67"": 2.0096779994016922e-14, ""80"": 1.1969336406775353e-05, ""81"": 2.3144943762561984e-05, ""82"": 4.3114467285879866e-05, ""83"": 4.793128481844546e-05, ""84"": 2.8032380357542837e-05, ""85"": 1.726819053628585e-05, ""86"": 4.026348160328867e-06, ""87"": 9.761845390210522e-07, ""88"": 3.8031626978397216e-07, ""89"": 5.438902364158385e-08, ""90"": 5.744333282472273e-09, ""91"": 2.1374498626235515e-09, ""92"": 6.651778603629734e-10, ""93"": 1.5855390873845905e-10, ""94"": 4.939312114589659e-11, ""95"": 6.739160833912596e-12, ""96"": 1.5853176485842695e-12, ""97"": 1.3870473890418755e-13, ""99"": 4.946546694211086e-15}",15.9905,15.9905,15,15,0.0007,0.9993,0.9977,0.9938,0.9869,0.9766,0.9613,0.9407,0.914,0.8813,0.8429,0.7979,0.747,0.6896,0.6264,0.5613,0.4952,0.4322,0.3756,0.3244,0.2789,fc9e35ff#phase10c,"stat_grid:component_convolution_mean_coherent_v1+components[pts:pmf_sim_v1+role_aware_pmf_cal_v1:core+monotone_pit_cdf_v1,ast:pmf_sim_v1+role_aware_pmf_cal_v1:core+monotone_pit_cdf_v1]+prior_combo[joint_sampler_v1+joint_combo_pmf_v1+role_aware_pmf_cal_v1:core+monotone_pit_cdf_v1]+stat_grid_final_component_convolution_mean_coherent_v1",phase8_role_aware_pmf_cal_v1+monotone_inactive_global_v1,core,projected_minutes,high,24.9137,26.5139,10.5239,26.5139,34.6337,9.3557,0.05,0.9138,0.3003,core,True,current_market_line,True,fanduel,fanduel,player_pa_over_under,14.5,14.5,0.5613,-320.0,225.0,0.7123,0.2877,0.4387,-128.0,128.0,-0.1511,-0.1511,0.1511,2026-06-13T17:17:34.390727Z,full,provisional,lineup_unconfirmed,fallback_used,projected,derived_from_projected_minutes,ok,finals_pending,current_phase8,ok,0.0,projected,not_available_yet,bdl_lineup_freshness_manifest,bdl_plus_nba_official,2026-06-13T17:17:50Z
morning,2026-06-13T17:18:40Z,2026-06-13,21716138,1057262518,Dylan Harper,SAS,NYK,True,pa,"{""0"": 0.0006576675494777531, ""1"": 0.0016252722230787262, ""2"": 0.003929621346759448, ""3"": 0.006886690755946243, ""4"": 0.01028124276439059, ""5"": 0.015331402649699254, ""6"": 0.020618542955115775, ""7"": 0.026693509523861625, ""8"": 0.03269320478682272, ""9"": 0.038424584749723004, ""10"": 0.044991892183642995, ""11"": 0.05087655343306016, ""12"": 0.05741742287772224, ""13"": 0.0631264173329405, ""14"": 0.06518284431852528, ""15"": 0.06603592390118876, ""16"": 0.06299822825175745, ""17"": 0.056608875323249444, ""18"": 0.051232124632293714, ""19"": 0.0455369959984306, ""20"": 0.04170665342945386, ""21"": 0.039363737302130816, ""22"": 0.03482012710487865, ""23"": 0.029864641438576554, ""24"": 0.02506577958393739, ""25"": 0.02362324574077008, ""26"": 0.021853243230217465, ""27"": 0.01704308755086672, ""28"": 0.012088530481493609, ""29"": 0.00813930514621969, ""30"": 0.0058211412821622555, ""31"": 0.0050979323631419595, ""32"": 0.004559811443730498, ""33"": 0.0033263271544521824, ""34"": 0.0023242434078531967, ""35"": 0.0012021466282944935, ""36"": 0.0006605032588540583, ""37"": 0.00030461135975104594, ""38"": 0.00021530633780589498, ""39"": 0.0001832851345638512, ""40"": 0.00020591047411027373, ""41"": 0.00020288113783454873, ""42"": 0.00017319142616775498, ""43"": 0.00016743679749046055, ""44"": 0.00017468099881873966, ""45"": 0.00016873000190864042, ""46"": 0.0001251859399837019, ""47"": 8.588713026184864e-05, ""48"": 3.905075220402245e-05, ""49"": 2.181003685829986e-05, ""50"": 1.2880923870018484e-05, ""51"": 8.521718360212654e-06, ""52"": 9.127318007089323e-06, ""53"": 7.572309328712116e-06, ""54"": 4.200705303992325e-06, ""55"": 2.5523217062914974e-06, ""56"": 5.900366106092695e-07, ""57"": 1.419159337322741e-07, ""58"": 5.525796687220431e-08, ""59"": 7.956934389184227e-09, ""60"": 8.542995069985332e-10, ""61"": 3.161219297481672e-10, ""62"": 9.703848812049469e-11, ""63"": 2.312985999726353e-11, ""64"": 7.15054364662306e-12, ""65"": 9.72754062643225e-13, ""66"": 2.2960309433238687e-13, ""67"": 2.0096779994016922e-14, ""80"": 1.1969336406775353e-05, ""81"": 2.3144943762561984e-05, ""82"": 4.3114467285879866e-05, ""83"": 4.793128481844546e-05, ""84"": 2.8032380357542837e-05, ""85"": 1.726819053628585e-05, ""86"": 4.026348160328867e-06, ""87"": 9.761845390210522e-07, ""88"": 3.8031626978397216e-07, ""89"": 5.438902364158385e-08, ""90"": 5.744333282472273e-09, ""91"": 2.1374498626235515e-09, ""92"": 6.651778603629734e-10, ""93"": 1.5855390873845905e-10, ""94"": 4.939312114589659e-11, ""95"": 6.739160833912596e-12, ""96"": 1.5853176485842695e-12, ""97"": 1.3870473890418755e-13, ""99"": 4.946546694211086e-15}",15.9905,15.9905,15,15,0.0007,0.9993,0.9977,0.9938,0.9869,0.9766,0.9613,0.9407,0.914,0.8813,0.8429,0.7979,0.747,0.6896,0.6264,0.5613,0.4952,0.4322,0.3756,0.3244,0.2789,fc9e35ff#phase10c,"stat_grid:component_convolution_mean_coherent_v1+components[pts:pmf_sim_v1+role_aware_pmf_cal_v1:core+monotone_pit_cdf_v1,ast:pmf_sim_v1+role_aware_pmf_cal_v1:core+monotone_pit_cdf_v1]+prior_combo[joint_sampler_v1+joint_combo_pmf_v1+role_aware_pmf_cal_v1:core+monotone_pit_cdf_v1]+stat_grid_final_component_convolution_mean_coherent_v1",phase8_role_aware_pmf_cal_v1+monotone_inactive_global_v1,core,projected_minutes,high,24.9137,26.5139,10.5239,26.5139,34.6337,9.3557,0.05,0.9138,0.3003,core,True,current_market_line,True,fanduel,fanduel,player_pa_over_under,13.5,13.5,0.6264,-440.0,290.0,0.7606,0.2394,0.3736,-168.0,168.0,-0.1342,-0.1342,0.1342,2026-06-13T17:17:34.390727Z,full,provisional,lineup_unconfirmed,fallback_used,projected,derived_from_projected_minutes,ok,finals_pending,current_phase8,ok,0.0,projected,not_available_yet,bdl_lineup_freshness_manifest,bdl_plus_nba_official,2026-06-13T17:17:50Z
morning,2026-06-13T17:18:40Z,2026-06-13,21716138,1057262518,Dylan Harper,SAS,NYK,True,pa,"{""0"": 0.0006576675494777531, ""1"": 0.0016252722230787262, ""2"": 0.003929621346759448, ""3"": 0.006886690755946243, ""4"": 0.01028124276439059, ""5"": 0.015331402649699254, ""6"": 0.020618542955115775, ""7"": 0.026693509523861625, ""8"": 0.03269320478682272, ""9"": 0.038424584749723004, ""10"": 0.044991892183642995, ""11"": 0.05087655343306016, ""12"": 0.05741742287772224, ""13"": 0.0631264173329405, ""14"": 0.06518284431852528, ""15"": 0.06603592390118876, ""16"": 0.06299822825175745, ""17"": 0.056608875323249444, ""18"": 0.051232124632293714, ""19"": 0.0455369959984306, ""20"": 0.04170665342945386, ""21"": 0.039363737302130816, ""22"": 0.03482012710487865, ""23"": 0.029864641438576554, ""24"": 0.02506577958393739, ""25"": 0.02362324574077008, ""26"": 0.021853243230217465, ""27"": 0.01704308755086672, ""28"": 0.012088530481493609, ""29"": 0.00813930514621969, ""30"": 0.0058211412821622555, ""31"": 0.0050979323631419595, ""32"": 0.004559811443730498, ""33"": 0.0033263271544521824, ""34"": 0.0023242434078531967, ""35"": 0.0012021466282944935, ""36"": 0.0006605032588540583, ""37"": 0.00030461135975104594, ""38"": 0.00021530633780589498, ""39"": 0.0001832851345638512, ""40"": 0.00020591047411027373, ""41"": 0.00020288113783454873, ""42"": 0.00017319142616775498, ""43"": 0.00016743679749046055, ""44"": 0.00017468099881873966, ""45"": 0.00016873000190864042, ""46"": 0.0001251859399837019, ""47"": 8.588713026184864e-05, ""48"": 3.905075220402245e-05, ""49"": 2.181003685829986e-05, ""50"": 1.2880923870018484e-05, ""51"": 8.521718360212654e-06, ""52"": 9.127318007089323e-06, ""53"": 7.572309328712116e-06, ""54"": 4.200705303992325e-06, ""55"": 2.5523217062914974e-06, ""56"": 5.900366106092695e-07, ""57"": 1.419159337322741e-07, ""58"": 5.525796687220431e-08, ""59"": 7.956934389184227e-09, ""60"": 8.542995069985332e-10, ""61"": 3.161219297481672e-10, ""62"": 9.703848812049469e-11, ""63"": 2.312985999726353e-11, ""64"": 7.15054364662306e-12, ""65"": 9.72754062643225e-13, ""66"": 2.2960309433238687e-13, ""67"": 2.0096779994016922e-14, ""80"": 1.1969336406775353e-05, ""81"": 2.3144943762561984e-05, ""82"": 4.3114467285879866e-05, ""83"": 4.793128481844546e-05, ""84"": 2.8032380357542837e-05, ""85"": 1.726819053628585e-05, ""86"": 4.026348160328867e-06, ""87"": 9.761845390210522e-07, ""88"": 3.8031626978397216e-07, ""89"": 5.438902364158385e-08, ""90"": 5.744333282472273e-09, ""91"": 2.1374498626235515e-09, ""92"": 6.651778603629734e-10, ""93"": 1.5855390873845905e-10, ""94"": 4.939312114589659e-11, ""95"": 6.739160833912596e-12, ""96"": 1.5853176485842695e-12, ""97"": 1.3870473890418755e-13, ""99"": 4.946546694211086e-15}",15.9905,15.9905,15,15,0.0007,0.9993,0.9977,0.9938,0.9869,0.9766,0.9613,0.9407,0.914,0.8813,0.8429,0.7979,0.747,0.6896,0.6264,0.5613,0.4952,0.4322,0.3756,0.3244,0.2789,fc9e35ff#phase10c,"stat_grid:component_convolution_mean_coherent_v1+components[pts:pmf_sim_v1+role_aware_pmf_cal_v1:core+monotone_pit_cdf_v1,ast:pmf_sim_v1+role_aware_pmf_cal_v1:core+monotone_pit_cdf_v1]+prior_combo[joint_sampler_v1+joint_combo_pmf_v1+role_aware_pmf_cal_v1:core+monotone_pit_cdf_v1]+stat_grid_final_component_convolution_mean_coherent_v1",phase8_role_aware_pmf_cal_v1+monotone_inactive_global_v1,core,projected_minutes,high,24.9137,26.5139,10.5239,26.5139,34.6337,9.3557,0.05,0.9138,0.3003,core,True,current_market_line,True,fanduel,fanduel,player_pa_over_under,12.5,12.5,0.6896,-600.0,370.0,0.8011,0.1989,0.3104,-222.0,222.0,-0.1116,-0.1116,0.1116,2026-06-13T17:17:34.390727Z,full,provisional,lineup_unconfirmed,fallback_used,projected,derived_from_projected_minutes,ok,finals_pending,current_phase8,ok,0.0,projected,not_available_yet,bdl_lineup_freshness_manifest,bdl_plus_nba_official,2026-06-13T17:17:50Z
morning,2026-06-13T17:18:40Z,2026-06-13,21716138,1057262518,Dylan Harper,SAS,NYK,True,pa,"{""0"": 0.0006576675494777531, ""1"": 0.0016252722230787262, ""2"": 0.003929621346759448, ""3"": 0.006886690755946243, ""4"": 0.01028124276439059, ""5"": 0.015331402649699254, ""6"": 0.020618542955115775, ""7"": 0.026693509523861625, ""8"": 0.03269320478682272, ""9"": 0.038424584749723004, ""10"": 0.044991892183642995, ""11"": 0.05087655343306016, ""12"": 0.05741742287772224, ""13"": 0.0631264173329405, ""14"": 0.06518284431852528, ""15"": 0.06603592390118876, ""16"": 0.06299822825175745, ""17"": 0.056608875323249444, ""18"": 0.051232124632293714, ""19"": 0.0455369959984306, ""20"": 0.04170665342945386, ""21"": 0.039363737302130816, ""22"": 0.03482012710487865, ""23"": 0.029864641438576554, ""24"": 0.02506577958393739, ""25"": 0.02362324574077008, ""26"": 0.021853243230217465, ""27"": 0.01704308755086672, ""28"": 0.012088530481493609, ""29"": 0.00813930514621969, ""30"": 0.0058211412821622555, ""31"": 0.0050979323631419595, ""32"": 0.004559811443730498, ""33"": 0.0033263271544521824, ""34"": 0.0023242434078531967, ""35"": 0.0012021466282944935, ""36"": 0.0006605032588540583, ""37"": 0.00030461135975104594, ""38"": 0.00021530633780589498, ""39"": 0.0001832851345638512, ""40"": 0.00020591047411027373, ""41"": 0.00020288113783454873, ""42"": 0.00017319142616775498, ""43"": 0.00016743679749046055, ""44"": 0.00017468099881873966, ""45"": 0.00016873000190864042, ""46"": 0.0001251859399837019, ""47"": 8.588713026184864e-05, ""48"": 3.905075220402245e-05, ""49"": 2.181003685829986e-05, ""50"": 1.2880923870018484e-05, ""51"": 8.521718360212654e-06, ""52"": 9.127318007089323e-06, ""53"": 7.572309328712116e-06, ""54"": 4.200705303992325e-06, ""55"": 2.5523217062914974e-06, ""56"": 5.900366106092695e-07, ""57"": 1.419159337322741e-07, ""58"": 5.525796687220431e-08, ""59"": 7.956934389184227e-09, ""60"": 8.542995069985332e-10, ""61"": 3.161219297481672e-10, ""62"": 9.703848812049469e-11, ""63"": 2.312985999726353e-11, ""64"": 7.15054364662306e-12, ""65"": 9.72754062643225e-13, ""66"": 2.2960309433238687e-13, ""67"": 2.0096779994016922e-14, ""80"": 1.1969336406775353e-05, ""81"": 2.3144943762561984e-05, ""82"": 4.3114467285879866e-05, ""83"": 4.793128481844546e-05, ""84"": 2.8032380357542837e-05, ""85"": 1.726819053628585e-05, ""86"": 4.026348160328867e-06, ""87"": 9.761845390210522e-07, ""88"": 3.8031626978397216e-07, ""89"": 5.438902364158385e-08, ""90"": 5.744333282472273e-09, ""91"": 2.1374498626235515e-09, ""92"": 6.651778603629734e-10, ""93"": 1.5855390873845905e-10, ""94"": 4.939312114589659e-11, ""95"": 6.739160833912596e-12, ""96"": 1.5853176485842695e-12, ""97"": 1.3870473890418755e-13, ""99"": 4.946546694211086e-15}",15.9905,15.9905,15,15,0.0007,0.9993,0.9977,0.9938,0.9869,0.9766,0.9613,0.9407,0.914,0.8813,0.8429,0.7979,0.747,0.6896,0.6264,0.5613,0.4952,0.4322,0.3756,0.3244,0.2789,fc9e35ff#phase10c,"stat_grid:component_convolution_mean_coherent_v1+components[pts:pmf_sim_v1+role_aware_pmf_cal_v1:core+monotone_pit_cdf_v1,ast:pmf_sim_v1+role_aware_pmf_cal_v1:core+monotone_pit_cdf_v1]+prior_combo[joint_sampler_v1+joint_combo_pmf_v1+role_aware_pmf_cal_v1:core+monotone_pit_cdf_v1]+stat_grid_final_component_convolution_mean_coherent_v1",phase8_role_aware_pmf_cal_v1+monotone_inactive_global_v1,core,projected_minutes,high,24.9137,26.5139,10.5239,26.5139,34.6337,9.3557,0.05,0.9138,0.3003,core,True,current_market_line,True,fanduel,fanduel,player_pa_over_under,11.5,11.5,0.747,-900.0,490.0,0.8415,0.1585,0.253,-295.0,295.0,-0.0945,-0.0945,0.0945,2026-06-13T17:17:34.390727Z,full,provisional,lineup_unconfirmed,fallback_used,projected,derived_from_projected_minutes,ok,finals_pending,current_phase8,ok,0.0,projected,not_available_yet,bdl_lineup_freshness_manifest,bdl_plus_nba_official,2026-06-13T17:17:50Z
morning,2026-06-13T17:18:40Z,2026-06-13,21716138,1057262518,Dylan Harper,SAS,NYK,True,pa,"{""0"": 0.0006576675494777531, ""1"": 0.0016252722230787262, ""2"": 0.003929621346759448, ""3"": 0.006886690755946243, ""4"": 0.01028124276439059, ""5"": 0.015331402649699254, ""6"": 0.020618542955115775, ""7"": 0.026693509523861625, ""8"": 0.03269320478682272, ""9"": 0.038424584749723004, ""10"": 0.044991892183642995, ""11"": 0.05087655343306016, ""12"": 0.05741742287772224, ""13"": 0.0631264173329405, ""14"": 0.06518284431852528, ""15"": 0.06603592390118876, ""16"": 0.06299822825175745, ""17"": 0.056608875323249444, ""18"": 0.051232124632293714, ""19"": 0.0455369959984306, ""20"": 0.04170665342945386, ""21"": 0.039363737302130816, ""22"": 0.03482012710487865, ""23"": 0.029864641438576554, ""24"": 0.02506577958393739, ""25"": 0.02362324574077008, ""26"": 0.021853243230217465, ""27"": 0.01704308755086672, ""28"": 0.012088530481493609, ""29"": 0.00813930514621969, ""30"": 0.0058211412821622555, ""31"": 0.0050979323631419595, ""32"": 0.004559811443730498, ""33"": 0.0033263271544521824, ""34"": 0.0023242434078531967, ""35"": 0.0012021466282944935, ""36"": 0.0006605032588540583, ""37"": 0.00030461135975104594, ""38"": 0.00021530633780589498, ""39"": 0.0001832851345638512, ""40"": 0.00020591047411027373, ""41"": 0.00020288113783454873, ""42"": 0.00017319142616775498, ""43"": 0.00016743679749046055, ""44"": 0.00017468099881873966, ""45"": 0.00016873000190864042, ""46"": 0.0001251859399837019, ""47"": 8.588713026184864e-05, ""48"": 3.905075220402245e-05, ""49"": 2.181003685829986e-05, ""50"": 1.2880923870018484e-05, ""51"": 8.521718360212654e-06, ""52"": 9.127318007089323e-06, ""53"": 7.572309328712116e-06, ""54"": 4.200705303992325e-06, ""55"": 2.5523217062914974e-06, ""56"": 5.900366106092695e-07, ""57"": 1.419159337322741e-07, ""58"": 5.525796687220431e-08, ""59"": 7.956934389184227e-09, ""60"": 8.542995069985332e-10, ""61"": 3.161219297481672e-10, ""62"": 9.703848812049469e-11, ""63"": 2.312985999726353e-11, ""64"": 7.15054364662306e-12, ""65"": 9.72754062643225e-13, ""66"": 2.2960309433238687e-13, ""67"": 2.0096779994016922e-14, ""80"": 1.1969336406775353e-05, ""81"": 2.3144943762561984e-05, ""82"": 4.3114467285879866e-05, ""83"": 4.793128481844546e-05, ""84"": 2.8032380357542837e-05, ""85"": 1.726819053628585e-05, ""86"": 4.026348160328867e-06, ""87"": 9.761845390210522e-07, ""88"": 3.8031626978397216e-07, ""89"": 5.438902364158385e-08, ""90"": 5.744333282472273e-09, ""91"": 2.1374498626235515e-09, ""92"": 6.651778603629734e-10, ""93"": 1.5855390873845905e-10, ""94"": 4.939312114589659e-11, ""95"": 6.739160833912596e-12, ""96"": 1.5853176485842695e-12, ""97"": 1.3870473890418755e-13, ""99"": 4.946546694211086e-15}",15.9905,15.9905,15,15,0.0007,0.9993,0.9977,0.9938,0.9869,0.9766,0.9613,0.9407,0.914,0.8813,0.8429,0.7979,0.747,0.6896,0.6264,0.5613,0.4952,0.4322,0.3756,0.3244,0.2789,fc9e35ff#phase10c,"stat_grid:component_convolution_mean_coherent_v1+components[pts:pmf_sim_v1+role_aware_pmf_cal_v1:core+monotone_pit_cdf_v1,ast:pmf_sim_v1+role_aware_pmf_cal_v1:core+monotone_pit_cdf_v1]+prior_combo[joint_sampler_v1+joint_combo_pmf_v1+role_aware_pmf_cal_v1:core+monotone_pit_cdf_v1]+stat_grid_final_component_convolution_mean_coherent_v1",phase8_role_aware_pmf_cal_v1+monotone_inactive_global_v1,core,projected_minutes,high,24.9137,26.5139,10.5239,26.5139,34.6337,9.3557,0.05,0.9138,0.3003,core,True,current_market_line,True,bovada,bovada,player_pa_over_under,19.5,19.5,0.2789,105.0,-135.0,0.4592,0.5408,0.7211,259.0,-259.0,-0.1804,-0.1804,0.1804,2026-06-13T17:17:34.390727Z,full,provisional,lineup_unconfirmed,fallback_used,projected,derived_from_projected_minutes,ok,finals_pending,current_phase8,ok,0.0,projected,not_available_yet,bdl_lineup_freshness_manifest,bdl_plus_nba_official,2026-06-13T17:17:50Z
morning,2026-06-13T17:18:40Z,2026-06-13,21716138,1057262518,Dylan Harper,SAS,NYK,True,pa,"{""0"": 0.0006576675494777531, ""1"": 0.0016252722230787262, ""2"": 0.003929621346759448, ""3"": 0.006886690755946243, ""4"": 0.01028124276439059, ""5"": 0.015331402649699254, ""6"": 0.020618542955115775, ""7"": 0.026693509523861625, ""8"": 0.03269320478682272, ""9"": 0.038424584749723004, ""10"": 0.044991892183642995, ""11"": 0.05087655343306016, ""12"": 0.05741742287772224, ""13"": 0.0631264173329405, ""14"": 0.06518284431852528, ""15"": 0.06603592390118876, ""16"": 0.06299822825175745, ""17"": 0.056608875323249444, ""18"": 0.051232124632293714, ""19"": 0.0455369959984306, ""20"": 0.04170665342945386, ""21"": 0.039363737302130816, ""22"": 0.03482012710487865, ""23"": 0.029864641438576554, ""24"": 0.02506577958393739, ""25"": 0.02362324574077008, ""26"": 0.021853243230217465, ""27"": 0.01704308755086672, ""28"": 0.012088530481493609, ""29"": 0.00813930514621969, ""30"": 0.0058211412821622555, ""31"": 0.0050979323631419595, ""32"": 0.004559811443730498, ""33"": 0.0033263271544521824, ""34"": 0.0023242434078531967, ""35"": 0.0012021466282944935, ""36"": 0.0006605032588540583, ""37"": 0.00030461135975104594, ""38"": 0.00021530633780589498, ""39"": 0.0001832851345638512, ""40"": 0.00020591047411027373, ""41"": 0.00020288113783454873, ""42"": 0.00017319142616775498, ""43"": 0.00016743679749046055, ""44"": 0.00017468099881873966, ""45"": 0.00016873000190864042, ""46"": 0.0001251859399837019, ""47"": 8.588713026184864e-05, ""48"": 3.905075220402245e-05, ""49"": 2.181003685829986e-05, ""50"": 1.2880923870018484e-05, ""51"": 8.521718360212654e-06, ""52"": 9.127318007089323e-06, ""53"": 7.572309328712116e-06, ""54"": 4.200705303992325e-06, ""55"": 2.5523217062914974e-06, ""56"": 5.900366106092695e-07, ""57"": 1.419159337322741e-07, ""58"": 5.525796687220431e-08, ""59"": 7.956934389184227e-09, ""60"": 8.542995069985332e-10, ""61"": 3.161219297481672e-10, ""62"": 9.703848812049469e-11, ""63"": 2.312985999726353e-11, ""64"": 7.15054364662306e-12, ""65"": 9.72754062643225e-13, ""66"": 2.2960309433238687e-13, ""67"": 2.0096779994016922e-14, ""80"": 1.1969336406775353e-05, ""81"": 2.3144943762561984e-05, ""82"": 4.3114467285879866e-05, ""83"": 4.793128481844546e-05, ""84"": 2.8032380357542837e-05, ""85"": 1.726819053628585e-05, ""86"": 4.026348160328867e-06, ""87"": 9.761845390210522e-07, ""88"": 3.8031626978397216e-07, ""89"": 5.438902364158385e-08, ""90"": 5.744333282472273e-09, ""91"": 2.1374498626235515e-09, ""92"": 6.651778603629734e-10, ""93"": 1.5855390873845905e-10, ""94"": 4.939312114589659e-11, ""95"": 6.739160833912596e-12, ""96"": 1.5853176485842695e-12, ""97"": 1.3870473890418755e-13, ""99"": 4.946546694211086e-15}",15.9905,15.9905,15,15,0.0007,0.9993,0.9977,0.9938,0.9869,0.9766,0.9613,0.9407,0.914,0.8813,0.8429,0.7979,0.747,0.6896,0.6264,0.5613,0.4952,0.4322,0.3756,0.3244,0.2789,fc9e35ff#phase10c,"stat_grid:component_convolution_mean_coherent_v1+components[pts:pmf_sim_v1+role_aware_pmf_cal_v1:core+monotone_pit_cdf_v1,ast:pmf_sim_v1+role_aware_pmf_cal_v1:core+monotone_pit_cdf_v1]+prior_combo[joint_sampler_v1+joint_combo_pmf_v1+role_aware_pmf_cal_v1:core+monotone_pit_cdf_v1]+stat_grid_final_component_convolution_mean_coherent_v1",phase8_role_aware_pmf_cal_v1+monotone_inactive_global_v1,core,projected_minutes,high,24.9137,26.5139,10.5239,26.5139,34.6337,9.3557,0.05,0.9138,0.3003,core,True,current_market_line,True,bovada,bovada,player_pa_over_under,18.5,18.5,0.3244,-120.0,-110.0,0.5101,0.4899,0.6756,208.0,-208.0,-0.1857,-0.1857,0.1857,2026-06-13T17:17:34.390727Z,full,provisional,lineup_unconfirmed,fallback_used,projected,derived_from_projected_minutes,ok,finals_pending,current_phase8,ok,0.0,projected,not_available_yet,bdl_lineup_freshness_manifest,bdl_plus_nba_official,2026-06-13T17:17:50Z
morning,2026-06-13T17:18:40Z,2026-06-13,21716138,1057262518,Dylan Harper,SAS,NYK,True,pa,"{""0"": 0.0006576675494777531, ""1"": 0.0016252722230787262, ""2"": 0.003929621346759448, ""3"": 0.006886690755946243, ""4"": 0.01028124276439059, ""5"": 0.015331402649699254, ""6"": 0.020618542955115775, ""7"": 0.026693509523861625, ""8"": 0.03269320478682272, ""9"": 0.038424584749723004, ""10"": 0.044991892183642995, ""11"": 0.05087655343306016, ""12"": 0.05741742287772224, ""13"": 0.0631264173329405, ""14"": 0.06518284431852528, ""15"": 0.06603592390118876, ""16"": 0.06299822825175745, ""17"": 0.056608875323249444, ""18"": 0.051232124632293714, ""19"": 0.0455369959984306, ""20"": 0.04170665342945386, ""21"": 0.039363737302130816, ""22"": 0.03482012710487865, ""23"": 0.029864641438576554, ""24"": 0.02506577958393739, ""25"": 0.02362324574077008, ""26"": 0.021853243230217465, ""27"": 0.01704308755086672, ""28"": 0.012088530481493609, ""29"": 0.00813930514621969, ""30"": 0.0058211412821622555, ""31"": 0.0050979323631419595, ""32"": 0.004559811443730498, ""33"": 0.0033263271544521824, ""34"": 0.0023242434078531967, ""35"": 0.0012021466282944935, ""36"": 0.0006605032588540583, ""37"": 0.00030461135975104594, ""38"": 0.00021530633780589498, ""39"": 0.0001832851345638512, ""40"": 0.00020591047411027373, ""41"": 0.00020288113783454873, ""42"": 0.00017319142616775498, ""43"": 0.00016743679749046055, ""44"": 0.00017468099881873966, ""45"": 0.00016873000190864042, ""46"": 0.0001251859399837019, ""47"": 8.588713026184864e-05, ""48"": 3.905075220402245e-05, ""49"": 2.181003685829986e-05, ""50"": 1.2880923870018484e-05, ""51"": 8.521718360212654e-06, ""52"": 9.127318007089323e-06, ""53"": 7.572309328712116e-06, ""54"": 4.200705303992325e-06, ""55"": 2.5523217062914974e-06, ""56"": 5.900366106092695e-07, ""57"": 1.419159337322741e-07, ""58"": 5.525796687220431e-08, ""59"": 7.956934389184227e-09, ""60"": 8.542995069985332e-10, ""61"": 3.161219297481672e-10, ""62"": 9.703848812049469e-11, ""63"": 2.312985999726353e-11, ""64"": 7.15054364662306e-12, ""65"": 9.72754062643225e-13, ""66"": 2.2960309433238687e-13, ""67"": 2.0096779994016922e-14, ""80"": 1.1969336406775353e-05, ""81"": 2.3144943762561984e-05, ""82"": 4.3114467285879866e-05, ""83"": 4.793128481844546e-05, ""84"": 2.8032380357542837e-05, ""85"": 1.726819053628585e-05, ""86"": 4.026348160328867e-06, ""87"": 9.761845390210522e-07, ""88"": 3.8031626978397216e-07, ""89"": 5.438902364158385e-08, ""90"": 5.744333282472273e-09, ""91"": 2.1374498626235515e-09, ""92"": 6.651778603629734e-10, ""93"": 1.5855390873845905e-10, ""94"": 4.939312114589659e-11, ""95"": 6.739160833912596e-12, ""96"": 1.5853176485842695e-12, ""97"": 1.3870473890418755e-13, ""99"": 4.946546694211086e-15}",15.9905,15.9905,15,15,0.0007,0.9993,0.9977,0.9938,0.9869,0.9766,0.9613,0.9407,0.914,0.8813,0.8429,0.7979,0.747,0.6896,0.6264,0.5613,0.4952,0.4322,0.3756,0.3244,0.2789,fc9e35ff#phase10c,"stat_grid:component_convolution_mean_coherent_v1+components[pts:pmf_sim_v1+role_aware_pmf_cal_v1:core+monotone_pit_cdf_v1,ast:pmf_sim_v1+role_aware_pmf_cal_v1:core+monotone_pit_cdf_v1]+prior_combo[joint_sampler_v1+joint_combo_pmf_v1+role_aware_pmf_cal_v1:core+monotone_pit_cdf_v1]+stat_grid_final_component_convolution_mean_coherent_v1",phase8_role_aware_pmf_cal_v1+monotone_inactive_global_v1,core,projected_minutes,high,24.9137,26.5139,10.5239,26.5139,34.6337,9.3557,0.05,0.9138,0.3003,core,True,current_market_line,True,bovada,bovada,player_pa_over_under,17.5,17.5,0.3756,-150.0,115.0,0.5633,0.4367,0.6244,166.0,-166.0,-0.1877,-0.1877,0.1877,2026-06-13T17:17:34.390727Z,full,provisional,lineup_unconfirmed,fallback_used,projected,derived_from_projected_minutes,ok,finals_pending,current_phase8,ok,0.0,projected,not_available_yet,bdl_lineup_freshness_manifest,bdl_plus_nba_official,2026-06-13T17:17:50Z
morning,2026-06-13T17:18:40Z,2026-06-13,21716138,1057262518,Dylan Harper,SAS,NYK,True,pa,"{""0"": 0.0006576675494777531, ""1"": 0.0016252722230787262, ""2"": 0.003929621346759448, ""3"": 0.006886690755946243, ""4"": 0.01028124276439059, ""5"": 0.015331402649699254, ""6"": 0.020618542955115775, ""7"": 0.026693509523861625, ""8"": 0.03269320478682272, ""9"": 0.038424584749723004, ""10"": 0.044991892183642995, ""11"": 0.05087655343306016, ""12"": 0.05741742287772224, ""13"": 0.0631264173329405, ""14"": 0.06518284431852528, ""15"": 0.06603592390118876, ""16"": 0.06299822825175745, ""17"": 0.056608875323249444, ""18"": 0.051232124632293714, ""19"": 0.0455369959984306, ""20"": 0.04170665342945386, ""21"": 0.039363737302130816, ""22"": 0.03482012710487865, ""23"": 0.029864641438576554, ""24"": 0.02506577958393739, ""25"": 0.02362324574077008, ""26"": 0.021853243230217465, ""27"": 0.01704308755086672, ""28"": 0.012088530481493609, ""29"": 0.00813930514621969, ""30"": 0.0058211412821622555, ""31"": 0.0050979323631419595, ""32"": 0.004559811443730498, ""33"": 0.0033263271544521824, ""34"": 0.0023242434078531967, ""35"": 0.0012021466282944935, ""36"": 0.0006605032588540583, ""37"": 0.00030461135975104594, ""38"": 0.00021530633780589498, ""39"": 0.0001832851345638512, ""40"": 0.00020591047411027373, ""41"": 0.00020288113783454873, ""42"": 0.00017319142616775498, ""43"": 0.00016743679749046055, ""44"": 0.00017468099881873966, ""45"": 0.00016873000190864042, ""46"": 0.0001251859399837019, ""47"": 8.588713026184864e-05, ""48"": 3.905075220402245e-05, ""49"": 2.181003685829986e-05, ""50"": 1.2880923870018484e-05, ""51"": 8.521718360212654e-06, ""52"": 9.127318007089323e-06, ""53"": 7.572309328712116e-06, ""54"": 4.200705303992325e-06, ""55"": 2.5523217062914974e-06, ""56"": 5.900366106092695e-07, ""57"": 1.419159337322741e-07, ""58"": 5.525796687220431e-08, ""59"": 7.956934389184227e-09, ""60"": 8.542995069985332e-10, ""61"": 3.161219297481672e-10, ""62"": 9.703848812049469e-11, ""63"": 2.312985999726353e-11, ""64"": 7.15054364662306e-12, ""65"": 9.72754062643225e-13, ""66"": 2.2960309433238687e-13, ""67"": 2.0096779994016922e-14, ""80"": 1.1969336406775353e-05, ""81"": 2.3144943762561984e-05, ""82"": 4.3114467285879866e-05, ""83"": 4.793128481844546e-05, ""84"": 2.8032380357542837e-05, ""85"": 1.726819053628585e-05, ""86"": 4.026348160328867e-06, ""87"": 9.761845390210522e-07, ""88"": 3.8031626978397216e-07, ""89"": 5.438902364158385e-08, ""90"": 5.744333282472273e-09, ""91"": 2.1374498626235515e-09, ""92"": 6.651778603629734e-10, ""93"": 1.5855390873845905e-10, ""94"": 4.939312114589659e-11, ""95"": 6.739160833912596e-12, ""96"": 1.5853176485842695e-12, ""97"": 1.3870473890418755e-13, ""99"": 4.946546694211086e-15}",15.9905,15.9905,15,15,0.0007,0.9993,0.9977,0.9938,0.9869,0.9766,0.9613,0.9407,0.914,0.8813,0.8429,0.7979,0.747,0.6896,0.6264,0.5613,0.4952,0.4322,0.3756,0.3244,0.2789,fc9e35ff#phase10c,"stat_grid:component_convolution_mean_coherent_v1+components[pts:pmf_sim_v1+role_aware_pmf_cal_v1:core+monotone_pit_cdf_v1,ast:pmf_sim_v1+role_aware_pmf_cal_v1:core+monotone_pit_cdf_v1]+prior_combo[joint_sampler_v1+joint_combo_pmf_v1+role_aware_pmf_cal_v1:core+monotone_pit_cdf_v1]+stat_grid_final_component_convolution_mean_coherent_v1",phase8_role_aware_pmf_cal_v1+monotone_inactive_global_v1,core,projected_minutes,high,24.9137,26.5139,10.5239,26.5139,34.6337,9.3557,0.05,0.9138,0.3003,core,True,current_market_line,True,draftkings,draftkings,player_pa_over_under,18.5,18.5,0.3244,-121.0,-109.0,0.5122,0.4878,0.6756,208.0,-208.0,-0.1878,-0.1878,0.1878,2026-06-13T17:17:34.390727Z,full,provisional,lineup_unconfirmed,fallback_used,projected,derived_from_projected_minutes,ok,finals_pending,current_phase8,ok,0.0,projected,not_available_yet,bdl_lineup_freshness_manifest,bdl_plus_nba_official,2026-06-13T17:17:50Z
morning,2026-06-13T17:18:40Z,2026-06-13,21716138,1057262518,Dylan Harper,SAS,NYK,True,pa,"{""0"": 0.0006576675494777531, ""1"": 0.0016252722230787262, ""2"": 0.003929621346759448, ""3"": 0.006886690755946243, ""4"": 0.01028124276439059, ""5"": 0.015331402649699254, ""6"": 0.020618542955115775, ""7"": 0.026693509523861625, ""8"": 0.03269320478682272, ""9"": 0.038424584749723004, ""10"": 0.044991892183642995, ""11"": 0.05087655343306016, ""12"": 0.05741742287772224, ""13"": 0.0631264173329405, ""14"": 0.06518284431852528, ""15"": 0.06603592390118876, ""16"": 0.06299822825175745, ""17"": 0.056608875323249444, ""18"": 0.051232124632293714, ""19"": 0.0455369959984306, ""20"": 0.04170665342945386, ""21"": 0.039363737302130816, ""22"": 0.03482012710487865, ""23"": 0.029864641438576554, ""24"": 0.02506577958393739, ""25"": 0.02362324574077008, ""26"": 0.021853243230217465, ""27"": 0.01704308755086672, ""28"": 0.012088530481493609, ""29"": 0.00813930514621969, ""30"": 0.0058211412821622555, ""31"": 0.0050979323631419595, ""32"": 0.004559811443730498, ""33"": 0.0033263271544521824, ""34"": 0.0023242434078531967, ""35"": 0.0012021466282944935, ""36"": 0.0006605032588540583, ""37"": 0.00030461135975104594, ""38"": 0.00021530633780589498, ""39"": 0.0001832851345638512, ""40"": 0.00020591047411027373, ""41"": 0.00020288113783454873, ""42"": 0.00017319142616775498, ""43"": 0.00016743679749046055, ""44"": 0.00017468099881873966, ""45"": 0.00016873000190864042, ""46"": 0.0001251859399837019, ""47"": 8.588713026184864e-05, ""48"": 3.905075220402245e-05, ""49"": 2.181003685829986e-05, ""50"": 1.2880923870018484e-05, ""51"": 8.521718360212654e-06, ""52"": 9.127318007089323e-06, ""53"": 7.572309328712116e-06, ""54"": 4.200705303992325e-06, ""55"": 2.5523217062914974e-06, ""56"": 5.900366106092695e-07, ""57"": 1.419159337322741e-07, ""58"": 5.525796687220431e-08, ""59"": 7.956934389184227e-09, ""60"": 8.542995069985332e-10, ""61"": 3.161219297481672e-10, ""62"": 9.703848812049469e-11, ""63"": 2.312985999726353e-11, ""64"": 7.15054364662306e-12, ""65"": 9.72754062643225e-13, ""66"": 2.2960309433238687e-13, ""67"": 2.0096779994016922e-14, ""80"": 1.1969336406775353e-05, ""81"": 2.3144943762561984e-05, ""82"": 4.3114467285879866e-05, ""83"": 4.793128481844546e-05, ""84"": 2.8032380357542837e-05, ""85"": 1.726819053628585e-05, ""86"": 4.026348160328867e-06, ""87"": 9.761845390210522e-07, ""88"": 3.8031626978397216e-07, ""89"": 5.438902364158385e-08, ""90"": 5.744333282472273e-09, ""91"": 2.1374498626235515e-09, ""92"": 6.651778603629734e-10, ""93"": 1.5855390873845905e-10, ""94"": 4.939312114589659e-11, ""95"": 6.739160833912596e-12, ""96"": 1.5853176485842695e-12, ""97"": 1.3870473890418755e-13, ""99"": 4.946546694211086e-15}",15.9905,15.9905,15,15,0.0007,0.9993,0.9977,0.9938,0.9869,0.9766,0.9613,0.9407,0.914,0.8813,0.8429,0.7979,0.747,0.6896,0.6264,0.5613,0.4952,0.4322,0.3756,0.3244,0.2789,fc9e35ff#phase10c,"stat_grid:component_convolution_mean_coherent_v1+components[pts:pmf_sim_v1+role_aware_pmf_cal_v1:core+monotone_pit_cdf_v1,ast:pmf_sim_v1+role_aware_pmf_cal_v1:core+monotone_pit_cdf_v1]+prior_combo[joint_sampler_v1+joint_combo_pmf_v1+role_aware_pmf_cal_v1:core+monotone_pit_cdf_v1]+stat_grid_final_component_convolution_mean_coherent_v1",phase8_role_aware_pmf_cal_v1+monotone_inactive_global_v1,core,projected_minutes,high,24.9137,26.5139,10.5239,26.5139,34.6337,9.3557,0.05,0.9138,0.3003,core,True,current_market_line,True,hardrockbet_az,hardrockbet_az,player_pa_over_under,18.5,18.5,0.3244,-110.0,-120.0,0.4899,0.5101,0.6756,208.0,-208.0,-0.1655,-0.1655,0.1655,2026-06-13T17:17:34.390727Z,full,provisional,lineup_unconfirmed,fallback_used,projected,derived_from_projected_minutes,ok,finals_pending,current_phase8,ok,0.0,projected,not_available_yet,bdl_lineup_freshness_manifest,bdl_plus_nba_official,2026-06-13T17:17:50Z
morning,2026-06-13T17:18:40Z,2026-06-13,21716138,1057262518,Dylan Harper,SAS,NYK,True,pa,"{""0"": 0.0006576675494777531, ""1"": 0.0016252722230787262, ""2"": 0.003929621346759448, ""3"": 0.006886690755946243, ""4"": 0.01028124276439059, ""5"": 0.015331402649699254, ""6"": 0.020618542955115775, ""7"": 0.026693509523861625, ""8"": 0.03269320478682272, ""9"": 0.038424584749723004, ""10"": 0.044991892183642995, ""11"": 0.05087655343306016, ""12"": 0.05741742287772224, ""13"": 0.0631264173329405, ""14"": 0.06518284431852528, ""15"": 0.06603592390118876, ""16"": 0.06299822825175745, ""17"": 0.056608875323249444, ""18"": 0.051232124632293714, ""19"": 0.0455369959984306, ""20"": 0.04170665342945386, ""21"": 0.039363737302130816, ""22"": 0.03482012710487865, ""23"": 0.029864641438576554, ""24"": 0.02506577958393739, ""25"": 0.02362324574077008, ""26"": 0.021853243230217465, ""27"": 0.01704308755086672, ""28"": 0.012088530481493609, ""29"": 0.00813930514621969, ""30"": 0.0058211412821622555, ""31"": 0.0050979323631419595, ""32"": 0.004559811443730498, ""33"": 0.0033263271544521824, ""34"": 0.0023242434078531967, ""35"": 0.0012021466282944935, ""36"": 0.0006605032588540583, ""37"": 0.00030461135975104594, ""38"": 0.00021530633780589498, ""39"": 0.0001832851345638512, ""40"": 0.00020591047411027373, ""41"": 0.00020288113783454873, ""42"": 0.00017319142616775498, ""43"": 0.00016743679749046055, ""44"": 0.00017468099881873966, ""45"": 0.00016873000190864042, ""46"": 0.0001251859399837019, ""47"": 8.588713026184864e-05, ""48"": 3.905075220402245e-05, ""49"": 2.181003685829986e-05, ""50"": 1.2880923870018484e-05, ""51"": 8.521718360212654e-06, ""52"": 9.127318007089323e-06, ""53"": 7.572309328712116e-06, ""54"": 4.200705303992325e-06, ""55"": 2.5523217062914974e-06, ""56"": 5.900366106092695e-07, ""57"": 1.419159337322741e-07, ""58"": 5.525796687220431e-08, ""59"": 7.956934389184227e-09, ""60"": 8.542995069985332e-10, ""61"": 3.161219297481672e-10, ""62"": 9.703848812049469e-11, ""63"": 2.312985999726353e-11, ""64"": 7.15054364662306e-12, ""65"": 9.72754062643225e-13, ""66"": 2.2960309433238687e-13, ""67"": 2.0096779994016922e-14, ""80"": 1.1969336406775353e-05, ""81"": 2.3144943762561984e-05, ""82"": 4.3114467285879866e-05, ""83"": 4.793128481844546e-05, ""84"": 2.8032380357542837e-05, ""85"": 1.726819053628585e-05, ""86"": 4.026348160328867e-06, ""87"": 9.761845390210522e-07, ""88"": 3.8031626978397216e-07, ""89"": 5.438902364158385e-08, ""90"": 5.744333282472273e-09, ""91"": 2.1374498626235515e-09, ""92"": 6.651778603629734e-10, ""93"": 1.5855390873845905e-10, ""94"": 4.939312114589659e-11, ""95"": 6.739160833912596e-12, ""96"": 1.5853176485842695e-12, ""97"": 1.3870473890418755e-13, ""99"": 4.946546694211086e-15}",15.9905,15.9905,15,15,0.0007,0.9993,0.9977,0.9938,0.9869,0.9766,0.9613,0.9407,0.914,0.8813,0.8429,0.7979,0.747,0.6896,0.6264,0.5613,0.4952,0.4322,0.3756,0.3244,0.2789,fc9e35ff#phase10c,"stat_grid:component_convolution_mean_coherent_v1+components[pts:pmf_sim_v1+role_aware_pmf_cal_v1:core+monotone_pit_cdf_v1,ast:pmf_sim_v1+role_aware_pmf_cal_v1:core+monotone_pit_cdf_v1]+prior_combo[joint_sampler_v1+joint_combo_pmf_v1+role_aware_pmf_cal_v1:core+monotone_pit_cdf_v1]+stat_grid_final_component_convolution_mean_coherent_v1",phase8_role_aware_pmf_cal_v1+monotone_inactive_global_v1,core,projected_minutes,high,24.9137,26.5139,10.5239,26.5139,34.6337,9.3557,0.05,0.9138,0.3003,core,True,current_market_line,True,hardrockbet,hardrockbet,player_pa_over_under,18.5,18.5,0.3244,-110.0,-120.0,0.4899,0.5101,0.6756,208.0,-208.0,-0.1655,-0.1655,0.1655,2026-06-13T17:17:34.390727Z,full,provisional,lineup_unconfirmed,fallback_used,projected,derived_from_projected_minutes,ok,finals_pending,current_phase8,ok,0.0,projected,not_available_yet,bdl_lineup_freshness_manifest,bdl_plus_nba_official,2026-06-13T17:17:50Z
morning,2026-06-13T17:18:40Z,2026-06-13,21716138,1057262518,Dylan Harper,SAS,NYK,True,pa,"{""0"": 0.0006576675494777531, ""1"": 0.0016252722230787262, ""2"": 0.003929621346759448, ""3"": 0.006886690755946243, ""4"": 0.01028124276439059, ""5"": 0.015331402649699254, ""6"": 0.020618542955115775, ""7"": 0.026693509523861625, ""8"": 0.03269320478682272, ""9"": 0.038424584749723004, ""10"": 0.044991892183642995, ""11"": 0.05087655343306016, ""12"": 0.05741742287772224, ""13"": 0.0631264173329405, ""14"": 0.06518284431852528, ""15"": 0.06603592390118876, ""16"": 0.06299822825175745, ""17"": 0.056608875323249444, ""18"": 0.051232124632293714, ""19"": 0.0455369959984306, ""20"": 0.04170665342945386, ""21"": 0.039363737302130816, ""22"": 0.03482012710487865, ""23"": 0.029864641438576554, ""24"": 0.02506577958393739, ""25"": 0.02362324574077008, ""26"": 0.021853243230217465, ""27"": 0.01704308755086672, ""28"": 0.012088530481493609, ""29"": 0.00813930514621969, ""30"": 0.0058211412821622555, ""31"": 0.0050979323631419595, ""32"": 0.004559811443730498, ""33"": 0.0033263271544521824, ""34"": 0.0023242434078531967, ""35"": 0.0012021466282944935, ""36"": 0.0006605032588540583, ""37"": 0.00030461135975104594, ""38"": 0.00021530633780589498, ""39"": 0.0001832851345638512, ""40"": 0.00020591047411027373, ""41"": 0.00020288113783454873, ""42"": 0.00017319142616775498, ""43"": 0.00016743679749046055, ""44"": 0.00017468099881873966, ""45"": 0.00016873000190864042, ""46"": 0.0001251859399837019, ""47"": 8.588713026184864e-05, ""48"": 3.905075220402245e-05, ""49"": 2.181003685829986e-05, ""50"": 1.2880923870018484e-05, ""51"": 8.521718360212654e-06, ""52"": 9.127318007089323e-06, ""53"": 7.572309328712116e-06, ""54"": 4.200705303992325e-06, ""55"": 2.5523217062914974e-06, ""56"": 5.900366106092695e-07, ""57"": 1.419159337322741e-07, ""58"": 5.525796687220431e-08, ""59"": 7.956934389184227e-09, ""60"": 8.542995069985332e-10, ""61"": 3.161219297481672e-10, ""62"": 9.703848812049469e-11, ""63"": 2.312985999726353e-11, ""64"": 7.15054364662306e-12, ""65"": 9.72754062643225e-13, ""66"": 2.2960309433238687e-13, ""67"": 2.0096779994016922e-14, ""80"": 1.1969336406775353e-05, ""81"": 2.3144943762561984e-05, ""82"": 4.3114467285879866e-05, ""83"": 4.793128481844546e-05, ""84"": 2.8032380357542837e-05, ""85"": 1.726819053628585e-05, ""86"": 4.026348160328867e-06, ""87"": 9.761845390210522e-07, ""88"": 3.8031626978397216e-07, ""89"": 5.438902364158385e-08, ""90"": 5.744333282472273e-09, ""91"": 2.1374498626235515e-09, ""92"": 6.651778603629734e-10, ""93"": 1.5855390873845905e-10, ""94"": 4.939312114589659e-11, ""95"": 6.739160833912596e-12, ""96"": 1.5853176485842695e-12, ""97"": 1.3870473890418755e-13, ""99"": 4.946546694211086e-15}",15.9905,15.9905,15,15,0.0007,0.9993,0.9977,0.9938,0.9869,0.9766,0.9613,0.9407,0.914,0.8813,0.8429,0.7979,0.747,0.6896,0.6264,0.5613,0.4952,0.4322,0.3756,0.3244,0.2789,fc9e35ff#phase10c,"stat_grid:component_convolution_mean_coherent_v1+components[pts:pmf_sim_v1+role_aware_pmf_cal_v1:core+monotone_pit_cdf_v1,ast:pmf_sim_v1+role_aware_pmf_cal_v1:core+monotone_pit_cdf_v1]+prior_combo[joint_sampler_v1+joint_combo_pmf_v1+role_aware_pmf_cal_v1:core+monotone_pit_cdf_v1]+stat_grid_final_component_convolution_mean_coherent_v1",phase8_role_aware_pmf_cal_v1+monotone_inactive_global_v1,core,projected_minutes,high,24.9137,26.5139,10.5239,26.5139,34.6337,9.3557,0.05,0.9138,0.3003,core,True,current_market_line,True,hardrockbet_fl,hardrockbet_fl,player_pa_over_under,18.5,18.5,0.3244,-110.0,-120.0,0.4899,0.5101,0.6756,208.0,-208.0,-0.1655,-0.1655,0.1655,2026-06-13T17:17:34.390727Z,full,provisional,lineup_unconfirmed,fallback_used,projected,derived_from_projected_minutes,ok,finals_pending,current_phase8,ok,0.0,projected,not_available_yet,bdl_lineup_freshness_manifest,bdl_plus_nba_official,2026-06-13T17:17:50Z
morning,2026-06-13T17:18:40Z,2026-06-13,21716138,1057262518,Dylan Harper,SAS,NYK,True,pa,"{""0"": 0.0006576675494777531, ""1"": 0.0016252722230787262, ""2"": 0.003929621346759448, ""3"": 0.006886690755946243, ""4"": 0.01028124276439059, ""5"": 0.015331402649699254, ""6"": 0.020618542955115775, ""7"": 0.026693509523861625, ""8"": 0.03269320478682272, ""9"": 0.038424584749723004, ""10"": 0.044991892183642995, ""11"": 0.05087655343306016, ""12"": 0.05741742287772224, ""13"": 0.0631264173329405, ""14"": 0.06518284431852528, ""15"": 0.06603592390118876, ""16"": 0.06299822825175745, ""17"": 0.056608875323249444, ""18"": 0.051232124632293714, ""19"": 0.0455369959984306, ""20"": 0.04170665342945386, ""21"": 0.039363737302130816, ""22"": 0.03482012710487865, ""23"": 0.029864641438576554, ""24"": 0.02506577958393739, ""25"": 0.02362324574077008, ""26"": 0.021853243230217465, ""27"": 0.01704308755086672, ""28"": 0.012088530481493609, ""29"": 0.00813930514621969, ""30"": 0.0058211412821622555, ""31"": 0.0050979323631419595, ""32"": 0.004559811443730498, ""33"": 0.0033263271544521824, ""34"": 0.0023242434078531967, ""35"": 0.0012021466282944935, ""36"": 0.0006605032588540583, ""37"": 0.00030461135975104594, ""38"": 0.00021530633780589498, ""39"": 0.0001832851345638512, ""40"": 0.00020591047411027373, ""41"": 0.00020288113783454873, ""42"": 0.00017319142616775498, ""43"": 0.00016743679749046055, ""44"": 0.00017468099881873966, ""45"": 0.00016873000190864042, ""46"": 0.0001251859399837019, ""47"": 8.588713026184864e-05, ""48"": 3.905075220402245e-05, ""49"": 2.181003685829986e-05, ""50"": 1.2880923870018484e-05, ""51"": 8.521718360212654e-06, ""52"": 9.127318007089323e-06, ""53"": 7.572309328712116e-06, ""54"": 4.200705303992325e-06, ""55"": 2.5523217062914974e-06, ""56"": 5.900366106092695e-07, ""57"": 1.419159337322741e-07, ""58"": 5.525796687220431e-08, ""59"": 7.956934389184227e-09, ""60"": 8.542995069985332e-10, ""61"": 3.161219297481672e-10, ""62"": 9.703848812049469e-11, ""63"": 2.312985999726353e-11, ""64"": 7.15054364662306e-12, ""65"": 9.72754062643225e-13, ""66"": 2.2960309433238687e-13, ""67"": 2.0096779994016922e-14, ""80"": 1.1969336406775353e-05, ""81"": 2.3144943762561984e-05, ""82"": 4.3114467285879866e-05, ""83"": 4.793128481844546e-05, ""84"": 2.8032380357542837e-05, ""85"": 1.726819053628585e-05, ""86"": 4.026348160328867e-06, ""87"": 9.761845390210522e-07, ""88"": 3.8031626978397216e-07, ""89"": 5.438902364158385e-08, ""90"": 5.744333282472273e-09, ""91"": 2.1374498626235515e-09, ""92"": 6.651778603629734e-10, ""93"": 1.5855390873845905e-10, ""94"": 4.939312114589659e-11, ""95"": 6.739160833912596e-12, ""96"": 1.5853176485842695e-12, ""97"": 1.3870473890418755e-13, ""99"": 4.946546694211086e-15}",15.9905,15.9905,15,15,0.0007,0.9993,0.9977,0.9938,0.9869,0.9766,0.9613,0.9407,0.914,0.8813,0.8429,0.7979,0.747,0.6896,0.6264,0.5613,0.4952,0.4322,0.3756,0.3244,0.2789,fc9e35ff#phase10c,"stat_grid:component_convolution_mean_coherent_v1+components[pts:pmf_sim_v1+role_aware_pmf_cal_v1:core+monotone_pit_cdf_v1,ast:pmf_sim_v1+role_aware_pmf_cal_v1:core+monotone_pit_cdf_v1]+prior_combo[joint_sampler_v1+joint_combo_pmf_v1+role_aware_pmf_cal_v1:core+monotone_pit_cdf_v1]+stat_grid_final_component_convolution_mean_coherent_v1",phase8_role_aware_pmf_cal_v1+monotone_inactive_global_v1,core,projected_minutes,high,24.9137,26.5139,10.5239,26.5139,34.6337,9.3557,0.05,0.9138,0.3003,core,True,current_market_line,True,espnbet,espnbet,player_pa_over_under,18.5,18.5,0.3244,-110.0,-120.0,0.4899,0.5101,0.6756,208.0,-208.0,-0.1655,-0.1655,0.1655,2026-06-13T17:17:34.390727Z,full,provisional,lineup_unconfirmed,fallback_used,projected,derived_from_projected_minutes,ok,finals_pending,current_phase8,ok,0.0,projected,not_available_yet,bdl_lineup_freshness_manifest,bdl_plus_nba_official,2026-06-13T17:17:50Z
morning,2026-06-13T17:18:40Z,2026-06-13,21716138,1057262518,Dylan Harper,SAS,NYK,True,pa,"{""0"": 0.0006576675494777531, ""1"": 0.0016252722230787262, ""2"": 0.003929621346759448, ""3"": 0.006886690755946243, ""4"": 0.01028124276439059, ""5"": 0.015331402649699254, ""6"": 0.020618542955115775, ""7"": 0.026693509523861625, ""8"": 0.03269320478682272, ""9"": 0.038424584749723004, ""10"": 0.044991892183642995, ""11"": 0.05087655343306016, ""12"": 0.05741742287772224, ""13"": 0.0631264173329405, ""14"": 0.06518284431852528, ""15"": 0.06603592390118876, ""16"": 0.06299822825175745, ""17"": 0.056608875323249444, ""18"": 0.051232124632293714, ""19"": 0.0455369959984306, ""20"": 0.04170665342945386, ""21"": 0.039363737302130816, ""22"": 0.03482012710487865, ""23"": 0.029864641438576554, ""24"": 0.02506577958393739, ""25"": 0.02362324574077008, ""26"": 0.021853243230217465, ""27"": 0.01704308755086672, ""28"": 0.012088530481493609, ""29"": 0.00813930514621969, ""30"": 0.0058211412821622555, ""31"": 0.0050979323631419595, ""32"": 0.004559811443730498, ""33"": 0.0033263271544521824, ""34"": 0.0023242434078531967, ""35"": 0.0012021466282944935, ""36"": 0.0006605032588540583, ""37"": 0.00030461135975104594, ""38"": 0.00021530633780589498, ""39"": 0.0001832851345638512, ""40"": 0.00020591047411027373, ""41"": 0.00020288113783454873, ""42"": 0.00017319142616775498, ""43"": 0.00016743679749046055, ""44"": 0.00017468099881873966, ""45"": 0.00016873000190864042, ""46"": 0.0001251859399837019, ""47"": 8.588713026184864e-05, ""48"": 3.905075220402245e-05, ""49"": 2.181003685829986e-05, ""50"": 1.2880923870018484e-05, ""51"": 8.521718360212654e-06, ""52"": 9.127318007089323e-06, ""53"": 7.572309328712116e-06, ""54"": 4.200705303992325e-06, ""55"": 2.5523217062914974e-06, ""56"": 5.900366106092695e-07, ""57"": 1.419159337322741e-07, ""58"": 5.525796687220431e-08, ""59"": 7.956934389184227e-09, ""60"": 8.542995069985332e-10, ""61"": 3.161219297481672e-10, ""62"": 9.703848812049469e-11, ""63"": 2.312985999726353e-11, ""64"": 7.15054364662306e-12, ""65"": 9.72754062643225e-13, ""66"": 2.2960309433238687e-13, ""67"": 2.0096779994016922e-14, ""80"": 1.1969336406775353e-05, ""81"": 2.3144943762561984e-05, ""82"": 4.3114467285879866e-05, ""83"": 4.793128481844546e-05, ""84"": 2.8032380357542837e-05, ""85"": 1.726819053628585e-05, ""86"": 4.026348160328867e-06, ""87"": 9.761845390210522e-07, ""88"": 3.8031626978397216e-07, ""89"": 5.438902364158385e-08, ""90"": 5.744333282472273e-09, ""91"": 2.1374498626235515e-09, ""92"": 6.651778603629734e-10, ""93"": 1.5855390873845905e-10, ""94"": 4.939312114589659e-11, ""95"": 6.739160833912596e-12, ""96"": 1.5853176485842695e-12, ""97"": 1.3870473890418755e-13, ""99"": 4.946546694211086e-15}",15.9905,15.9905,15,15,0.0007,0.9993,0.9977,0.9938,0.9869,0.9766,0.9613,0.9407,0.914,0.8813,0.8429,0.7979,0.747,0.6896,0.6264,0.5613,0.4952,0.4322,0.3756,0.3244,0.2789,fc9e35ff#phase10c,"stat_grid:component_convolution_mean_coherent_v1+components[pts:pmf_sim_v1+role_aware_pmf_cal_v1:core+monotone_pit_cdf_v1,ast:pmf_sim_v1+role_aware_pmf_cal_v1:core+monotone_pit_cdf_v1]+prior_combo[joint_sampler_v1+joint_combo_pmf_v1+role_aware_pmf_cal_v1:core+monotone_pit_cdf_v1]+stat_grid_final_component_convolution_mean_coherent_v1",phase8_role_aware_pmf_cal_v1+monotone_inactive_global_v1,core,projected_minutes,high,24.9137,26.5139,10.5239,26.5139,34.6337,9.3557,0.05,0.9138,0.3003,core,True,current_market_line,True,fliff,fliff,player_pa_over_under,18.5,18.5,0.3244,-115.0,-125.0,0.4905,0.5095,0.6756,208.0,-208.0,-0.1661,-0.1661,0.1661,2026-06-13T17:17:34.390727Z,full,provisional,lineup_unconfirmed,fallback_used,projected,derived_from_projected_minutes,ok,finals_pending,current_phase8,ok,0.0,projected,not_available_yet,bdl_lineup_freshness_manifest,bdl_plus_nba_official,2026-06-13T17:17:50Z
morning,2026-06-13T17:18:40Z,2026-06-13,21716138,1057262518,Dylan Harper,SAS,NYK,True,pr,"{""0"": 8.121476296938236e-05, ""1"": 0.00022760868276410745, ""2"": 0.0005092486966868937, ""3"": 0.0017075853749786518, ""4"": 0.003163022067924017, ""5"": 0.005590237348828138, ""6"": 0.00888976001499364, ""7"": 0.012929322438478281, ""8"": 0.017820832092313416, ""9"": 0.02321844809540396, ""10"": 0.02907054585734918, ""11"": 0.035106268173865474, ""12"": 0.040768850216258264, ""13"": 0.04738317130840163, ""14"": 0.05307221911759457, ""15"": 0.05805757549373152, ""16"": 0.06239006083755468, ""17"": 0.06356960232933336, ""18"": 0.06241069830043456, ""19"": 0.05967063763889699, ""20"": 0.05423504639885011, ""21"": 0.049223002127834814, ""22"": 0.044906161975681494, ""23"": 0.04113302830105576, ""24"": 0.03703947699180149, ""25"": 0.03248096747891055, ""26"": 0.028989549442498118, ""27"": 0.02556396513357806, ""28"": 0.02221202283342859, ""29"": 0.019079795055625265, ""30"": 0.015335815252682303, ""31"": 0.011265773356357953, ""32"": 0.008329248874801699, ""33"": 0.006114367453977848, ""34"": 0.005000681043126946, ""35"": 0.004051633293412168, ""36"": 0.0030273615516258133, ""37"": 0.002014938868066353, ""38"": 0.0012532149224968282, ""39"": 0.0006742258633718047, ""40"": 0.000412197387809874, ""41"": 0.00027614689543874557, ""42"": 0.00022902424596759282, ""43"": 0.00020019833967160414, ""44"": 0.00018811518895034553, ""45"": 0.00018385611092946606, ""46"": 0.00016855667517410802, ""47"": 0.0001607267688920299, ""48"": 0.00013895027409287572, ""49"": 0.00010855294763660909, ""50"": 7.345876634492011e-05, ""51"": 4.3657006211577726e-05, ""52"": 2.272654041830587e-05, ""53"": 1.6425337469912346e-05, ""54"": 1.0819960641758523e-05, ""55"": 8.40928830263975e-06, ""56"": 6.355784806256035e-06, ""57"": 3.915538375575647e-06, ""58"": 2.2064963877999935e-06, ""59"": 1.0621332655406182e-06, ""60"": 2.5325995518506593e-07, ""61"": 1.9156468749201096e-07, ""62"": 8.09396970919151e-08, ""63"": 1.6200893169052298e-08, ""64"": 2.904045445798541e-09, ""65"": 1.6330802524329119e-09, ""66"": 1.0209593602609975e-10, ""67"": 2.8922610762710992e-11, ""68"": 5.121114186277451e-12, ""69"": 1.8691152251352797e-12, ""70"": 3.432723523482849e-13, ""71"": 1.2342314514333608e-14, ""72"": 8.282379199507e-15, ""80"": 1.4780823836435032e-06, ""81"": 3.347815738990583e-06, ""82"": 5.497419412355949e-06, ""83"": 2.0772811042846605e-05, ""84"": 2.8749029368867458e-05, ""85"": 3.442275973326648e-05, ""86"": 3.382236448401697e-05, ""87"": 2.4682733112285452e-05, ""88"": 1.3777065449277937e-05, ""89"": 6.726233345695342e-06, ""90"": 1.6330351010062916e-06, ""91"": 1.3050390341119715e-06, ""92"": 5.486539565624162e-07, ""93"": 1.1144443261509167e-07, ""94"": 1.989953498684149e-08, ""95"": 1.1276222118395477e-08, ""96"": 6.935101746895628e-10, ""97"": 1.9787439645157298e-10, ""98"": 3.53892522143094e-11, ""99"": 1.28889082554445e-11, ""100"": 2.378200318378196e-12, ""101"": 8.550789513549554e-14, ""102"": 5.738055137400556e-14}",18.6086,18.6086,18,17,0.0001,0.9999,0.9997,0.9992,0.9975,0.9943,0.9887,0.9798,0.9669,0.9491,0.9259,0.8968,0.8617,0.8209,0.7735,0.7205,0.6624,0.6,0.5364,0.474,0.4144,fc9e35ff#phase10c,"stat_grid:component_convolution_mean_coherent_v1+components[pts:pmf_sim_v1+role_aware_pmf_cal_v1:core+monotone_pit_cdf_v1,reb:pmf_sim_v1+role_aware_pmf_cal_v1:core+monotone_pit_cdf_v1]+prior_combo[joint_sampler_v1+joint_combo_pmf_v1+role_aware_pmf_cal_v1:core+monotone_pit_cdf_v1]+stat_grid_final_component_convolution_mean_coherent_v1",phase8_role_aware_pmf_cal_v1+monotone_inactive_global_v1,core,projected_minutes,high,24.9137,26.5139,10.5239,26.5139,34.6337,9.3557,0.05,0.9138,0.3003,core,True,current_market_line,True,fanduel,fanduel,player_pr_over_under,20.5,20.5,0.3601,-130.0,-102.0,0.5282,0.4718,0.6399,178.0,-178.0,-0.168,-0.168,0.168,2026-06-13T17:17:34.390727Z,full,provisional,lineup_unconfirmed,fallback_used,projected,derived_from_projected_minutes,ok,finals_pending,current_phase8,ok,0.0,projected,not_available_yet,bdl_lineup_freshness_manifest,bdl_plus_nba_official,2026-06-13T17:17:50Z
morning,2026-06-13T17:18:40Z,2026-06-13,21716138,1057262518,Dylan Harper,SAS,NYK,True,pr,"{""0"": 8.121476296938236e-05, ""1"": 0.00022760868276410745, ""2"": 0.0005092486966868937, ""3"": 0.0017075853749786518, ""4"": 0.003163022067924017, ""5"": 0.005590237348828138, ""6"": 0.00888976001499364, ""7"": 0.012929322438478281, ""8"": 0.017820832092313416, ""9"": 0.02321844809540396, ""10"": 0.02907054585734918, ""11"": 0.035106268173865474, ""12"": 0.040768850216258264, ""13"": 0.04738317130840163, ""14"": 0.05307221911759457, ""15"": 0.05805757549373152, ""16"": 0.06239006083755468, ""17"": 0.06356960232933336, ""18"": 0.06241069830043456, ""19"": 0.05967063763889699, ""20"": 0.05423504639885011, ""21"": 0.049223002127834814, ""22"": 0.044906161975681494, ""23"": 0.04113302830105576, ""24"": 0.03703947699180149, ""25"": 0.03248096747891055, ""26"": 0.028989549442498118, ""27"": 0.02556396513357806, ""28"": 0.02221202283342859, ""29"": 0.019079795055625265, ""30"": 0.015335815252682303, ""31"": 0.011265773356357953, ""32"": 0.008329248874801699, ""33"": 0.006114367453977848, ""34"": 0.005000681043126946, ""35"": 0.004051633293412168, ""36"": 0.0030273615516258133, ""37"": 0.002014938868066353, ""38"": 0.0012532149224968282, ""39"": 0.0006742258633718047, ""40"": 0.000412197387809874, ""41"": 0.00027614689543874557, ""42"": 0.00022902424596759282, ""43"": 0.00020019833967160414, ""44"": 0.00018811518895034553, ""45"": 0.00018385611092946606, ""46"": 0.00016855667517410802, ""47"": 0.0001607267688920299, ""48"": 0.00013895027409287572, ""49"": 0.00010855294763660909, ""50"": 7.345876634492011e-05, ""51"": 4.3657006211577726e-05, ""52"": 2.272654041830587e-05, ""53"": 1.6425337469912346e-05, ""54"": 1.0819960641758523e-05, ""55"": 8.40928830263975e-06, ""56"": 6.355784806256035e-06, ""57"": 3.915538375575647e-06, ""58"": 2.2064963877999935e-06, ""59"": 1.0621332655406182e-06, ""60"": 2.5325995518506593e-07, ""61"": 1.9156468749201096e-07, ""62"": 8.09396970919151e-08, ""63"": 1.6200893169052298e-08, ""64"": 2.904045445798541e-09, ""65"": 1.6330802524329119e-09, ""66"": 1.0209593602609975e-10, ""67"": 2.8922610762710992e-11, ""68"": 5.121114186277451e-12, ""69"": 1.8691152251352797e-12, ""70"": 3.432723523482849e-13, ""71"": 1.2342314514333608e-14, ""72"": 8.282379199507e-15, ""80"": 1.4780823836435032e-06, ""81"": 3.347815738990583e-06, ""82"": 5.497419412355949e-06, ""83"": 2.0772811042846605e-05, ""84"": 2.8749029368867458e-05, ""85"": 3.442275973326648e-05, ""86"": 3.382236448401697e-05, ""87"": 2.4682733112285452e-05, ""88"": 1.3777065449277937e-05, ""89"": 6.726233345695342e-06, ""90"": 1.6330351010062916e-06, ""91"": 1.3050390341119715e-06, ""92"": 5.486539565624162e-07, ""93"": 1.1144443261509167e-07, ""94"": 1.989953498684149e-08, ""95"": 1.1276222118395477e-08, ""96"": 6.935101746895628e-10, ""97"": 1.9787439645157298e-10, ""98"": 3.53892522143094e-11, ""99"": 1.28889082554445e-11, ""100"": 2.378200318378196e-12, ""101"": 8.550789513549554e-14, ""102"": 5.738055137400556e-14}",18.6086,18.6086,18,17,0.0001,0.9999,0.9997,0.9992,0.9975,0.9943,0.9887,0.9798,0.9669,0.9491,0.9259,0.8968,0.8617,0.8209,0.7735,0.7205,0.6624,0.6,0.5364,0.474,0.4144,fc9e35ff#phase10c,"stat_grid:component_convolution_mean_coherent_v1+components[pts:pmf_sim_v1+role_aware_pmf_cal_v1:core+monotone_pit_cdf_v1,reb:pmf_sim_v1+role_aware_pmf_cal_v1:core+monotone_pit_cdf_v1]+prior_combo[joint_sampler_v1+joint_combo_pmf_v1+role_aware_pmf_cal_v1:core+monotone_pit_cdf_v1]+stat_grid_final_component_convolution_mean_coherent_v1",phase8_role_aware_pmf_cal_v1+monotone_inactive_global_v1,core,projected_minutes,high,24.9137,26.5139,10.5239,26.5139,34.6337,9.3557,0.05,0.9138,0.3003,core,True,current_market_line,True,fanduel,fanduel,player_pr_over_under,28.5,28.5,0.0786,410.0,-700.0,0.1831,0.8169,0.9214,1173.0,-1173.0,-0.1045,-0.1045,0.1045,2026-06-13T17:17:34.390727Z,full,provisional,lineup_unconfirmed,fallback_used,projected,derived_from_projected_minutes,ok,finals_pending,current_phase8,ok,0.0,projected,not_available_yet,bdl_lineup_freshness_manifest,bdl_plus_nba_official,2026-06-13T17:17:50Z
morning,2026-06-13T17:18:40Z,2026-06-13,21716138,1057262518,Dylan Harper,SAS,NYK,True,pr,"{""0"": 8.121476296938236e-05, ""1"": 0.00022760868276410745, ""2"": 0.0005092486966868937, ""3"": 0.0017075853749786518, ""4"": 0.003163022067924017, ""5"": 0.005590237348828138, ""6"": 0.00888976001499364, ""7"": 0.012929322438478281, ""8"": 0.017820832092313416, ""9"": 0.02321844809540396, ""10"": 0.02907054585734918, ""11"": 0.035106268173865474, ""12"": 0.040768850216258264, ""13"": 0.04738317130840163, ""14"": 0.05307221911759457, ""15"": 0.05805757549373152, ""16"": 0.06239006083755468, ""17"": 0.06356960232933336, ""18"": 0.06241069830043456, ""19"": 0.05967063763889699, ""20"": 0.05423504639885011, ""21"": 0.049223002127834814, ""22"": 0.044906161975681494, ""23"": 0.04113302830105576, ""24"": 0.03703947699180149, ""25"": 0.03248096747891055, ""26"": 0.028989549442498118, ""27"": 0.02556396513357806, ""28"": 0.02221202283342859, ""29"": 0.019079795055625265, ""30"": 0.015335815252682303, ""31"": 0.011265773356357953, ""32"": 0.008329248874801699, ""33"": 0.006114367453977848, ""34"": 0.005000681043126946, ""35"": 0.004051633293412168, ""36"": 0.0030273615516258133, ""37"": 0.002014938868066353, ""38"": 0.0012532149224968282, ""39"": 0.0006742258633718047, ""40"": 0.000412197387809874, ""41"": 0.00027614689543874557, ""42"": 0.00022902424596759282, ""43"": 0.00020019833967160414, ""44"": 0.00018811518895034553, ""45"": 0.00018385611092946606, ""46"": 0.00016855667517410802, ""47"": 0.0001607267688920299, ""48"": 0.00013895027409287572, ""49"": 0.00010855294763660909, ""50"": 7.345876634492011e-05, ""51"": 4.3657006211577726e-05, ""52"": 2.272654041830587e-05, ""53"": 1.6425337469912346e-05, ""54"": 1.0819960641758523e-05, ""55"": 8.40928830263975e-06, ""56"": 6.355784806256035e-06, ""57"": 3.915538375575647e-06, ""58"": 2.2064963877999935e-06, ""59"": 1.0621332655406182e-06, ""60"": 2.5325995518506593e-07, ""61"": 1.9156468749201096e-07, ""62"": 8.09396970919151e-08, ""63"": 1.6200893169052298e-08, ""64"": 2.904045445798541e-09, ""65"": 1.6330802524329119e-09, ""66"": 1.0209593602609975e-10, ""67"": 2.8922610762710992e-11, ""68"": 5.121114186277451e-12, ""69"": 1.8691152251352797e-12, ""70"": 3.432723523482849e-13, ""71"": 1.2342314514333608e-14, ""72"": 8.282379199507e-15, ""80"": 1.4780823836435032e-06, ""81"": 3.347815738990583e-06, ""82"": 5.497419412355949e-06, ""83"": 2.0772811042846605e-05, ""84"": 2.8749029368867458e-05, ""85"": 3.442275973326648e-05, ""86"": 3.382236448401697e-05, ""87"": 2.4682733112285452e-05, ""88"": 1.3777065449277937e-05, ""89"": 6.726233345695342e-06, ""90"": 1.6330351010062916e-06, ""91"": 1.3050390341119715e-06, ""92"": 5.486539565624162e-07, ""93"": 1.1144443261509167e-07, ""94"": 1.989953498684149e-08, ""95"": 1.1276222118395477e-08, ""96"": 6.935101746895628e-10, ""97"": 1.9787439645157298e-10, ""98"": 3.53892522143094e-11, ""99"": 1.28889082554445e-11, ""100"": 2.378200318378196e-12, ""101"": 8.550789513549554e-14, ""102"": 5.738055137400556e-14}",18.6086,18.6086,18,17,0.0001,0.9999,0.9997,0.9992,0.9975,0.9943,0.9887,0.9798,0.9669,0.9491,0.9259,0.8968,0.8617,0.8209,0.7735,0.7205,0.6624,0.6,0.5364,0.474,0.4144,fc9e35ff#phase10c,"stat_grid:component_convolution_mean_coherent_v1+components[pts:pmf_sim_v1+role_aware_pmf_cal_v1:core+monotone_pit_cdf_v1,reb:pmf_sim_v1+role_aware_pmf_cal_v1:core+monotone_pit_cdf_v1]+prior_combo[joint_sampler_v1+joint_combo_pmf_v1+role_aware_pmf_cal_v1:core+monotone_pit_cdf_v1]+stat_grid_final_component_convolution_mean_coherent_v1",phase8_role_aware_pmf_cal_v1+monotone_inactive_global_v1,core,projected_minutes,high,24.9137,26.5139,10.5239,26.5139,34.6337,9.3557,0.05,0.9138,0.3003,core,True,current_market_line,True,fanduel,fanduel,player_pr_over_under,27.5,27.5,0.1008,360.0,-580.0,0.2031,0.7969,0.8992,892.0,-892.0,-0.1023,-0.1023,0.1023,2026-06-13T17:17:34.390727Z,full,provisional,lineup_unconfirmed,fallback_used,projected,derived_from_projected_minutes,ok,finals_pending,current_phase8,ok,0.0,projected,not_available_yet,bdl_lineup_freshness_manifest,bdl_plus_nba_official,2026-06-13T17:17:50Z
morning,2026-06-13T17:18:40Z,2026-06-13,21716138,1057262518,Dylan Harper,SAS,NYK,True,pr,"{""0"": 8.121476296938236e-05, ""1"": 0.00022760868276410745, ""2"": 0.0005092486966868937, ""3"": 0.0017075853749786518, ""4"": 0.003163022067924017, ""5"": 0.005590237348828138, ""6"": 0.00888976001499364, ""7"": 0.012929322438478281, ""8"": 0.017820832092313416, ""9"": 0.02321844809540396, ""10"": 0.02907054585734918, ""11"": 0.035106268173865474, ""12"": 0.040768850216258264, ""13"": 0.04738317130840163, ""14"": 0.05307221911759457, ""15"": 0.05805757549373152, ""16"": 0.06239006083755468, ""17"": 0.06356960232933336, ""18"": 0.06241069830043456, ""19"": 0.05967063763889699, ""20"": 0.05423504639885011, ""21"": 0.049223002127834814, ""22"": 0.044906161975681494, ""23"": 0.04113302830105576, ""24"": 0.03703947699180149, ""25"": 0.03248096747891055, ""26"": 0.028989549442498118, ""27"": 0.02556396513357806, ""28"": 0.02221202283342859, ""29"": 0.019079795055625265, ""30"": 0.015335815252682303, ""31"": 0.011265773356357953, ""32"": 0.008329248874801699, ""33"": 0.006114367453977848, ""34"": 0.005000681043126946, ""35"": 0.004051633293412168, ""36"": 0.0030273615516258133, ""37"": 0.002014938868066353, ""38"": 0.0012532149224968282, ""39"": 0.0006742258633718047, ""40"": 0.000412197387809874, ""41"": 0.00027614689543874557, ""42"": 0.00022902424596759282, ""43"": 0.00020019833967160414, ""44"": 0.00018811518895034553, ""45"": 0.00018385611092946606, ""46"": 0.00016855667517410802, ""47"": 0.0001607267688920299, ""48"": 0.00013895027409287572, ""49"": 0.00010855294763660909, ""50"": 7.345876634492011e-05, ""51"": 4.3657006211577726e-05, ""52"": 2.272654041830587e-05, ""53"": 1.6425337469912346e-05, ""54"": 1.0819960641758523e-05, ""55"": 8.40928830263975e-06, ""56"": 6.355784806256035e-06, ""57"": 3.915538375575647e-06, ""58"": 2.2064963877999935e-06, ""59"": 1.0621332655406182e-06, ""60"": 2.5325995518506593e-07, ""61"": 1.9156468749201096e-07, ""62"": 8.09396970919151e-08, ""63"": 1.6200893169052298e-08, ""64"": 2.904045445798541e-09, ""65"": 1.6330802524329119e-09, ""66"": 1.0209593602609975e-10, ""67"": 2.8922610762710992e-11, ""68"": 5.121114186277451e-12, ""69"": 1.8691152251352797e-12, ""70"": 3.432723523482849e-13, ""71"": 1.2342314514333608e-14, ""72"": 8.282379199507e-15, ""80"": 1.4780823836435032e-06, ""81"": 3.347815738990583e-06, ""82"": 5.497419412355949e-06, ""83"": 2.0772811042846605e-05, ""84"": 2.8749029368867458e-05, ""85"": 3.442275973326648e-05, ""86"": 3.382236448401697e-05, ""87"": 2.4682733112285452e-05, ""88"": 1.3777065449277937e-05, ""89"": 6.726233345695342e-06, ""90"": 1.6330351010062916e-06, ""91"": 1.3050390341119715e-06, ""92"": 5.486539565624162e-07, ""93"": 1.1144443261509167e-07, ""94"": 1.989953498684149e-08, ""95"": 1.1276222118395477e-08, ""96"": 6.935101746895628e-10, ""97"": 1.9787439645157298e-10, ""98"": 3.53892522143094e-11, ""99"": 1.28889082554445e-11, ""100"": 2.378200318378196e-12, ""101"": 8.550789513549554e-14, ""102"": 5.738055137400556e-14}",18.6086,18.6086,18,17,0.0001,0.9999,0.9997,0.9992,0.9975,0.9943,0.9887,0.9798,0.9669,0.9491,0.9259,0.8968,0.8617,0.8209,0.7735,0.7205,0.6624,0.6,0.5364,0.474,0.4144,fc9e35ff#phase10c,"stat_grid:component_convolution_mean_coherent_v1+components[pts:pmf_sim_v1+role_aware_pmf_cal_v1:core+monotone_pit_cdf_v1,reb:pmf_sim_v1+role_aware_pmf_cal_v1:core+monotone_pit_cdf_v1]+prior_combo[joint_sampler_v1+joint_combo_pmf_v1+role_aware_pmf_cal_v1:core+monotone_pit_cdf_v1]+stat_grid_final_component_convolution_mean_coherent_v1",phase8_role_aware_pmf_cal_v1+monotone_inactive_global_v1,core,projected_minutes,high,24.9137,26.5139,10.5239,26.5139,34.6337,9.3557,0.05,0.9138,0.3003,core,True,current_market_line,True,fanduel,fanduel,player_pr_over_under,26.5,26.5,0.1264,290.0,-440.0,0.2394,0.7606,0.8736,691.0,-691.0,-0.113,-0.113,0.113,2026-06-13T17:17:34.390727Z,full,provisional,lineup_unconfirmed,fallback_used,projected,derived_from_projected_minutes,ok,finals_pending,current_phase8,ok,0.0,projected,not_available_yet,bdl_lineup_freshness_manifest,bdl_plus_nba_official,2026-06-13T17:17:50Z
morning,2026-06-13T17:18:40Z,2026-06-13,21716138,1057262518,Dylan Harper,SAS,NYK,True,pr,"{""0"": 8.121476296938236e-05, ""1"": 0.00022760868276410745, ""2"": 0.0005092486966868937, ""3"": 0.0017075853749786518, ""4"": 0.003163022067924017, ""5"": 0.005590237348828138, ""6"": 0.00888976001499364, ""7"": 0.012929322438478281, ""8"": 0.017820832092313416, ""9"": 0.02321844809540396, ""10"": 0.02907054585734918, ""11"": 0.035106268173865474, ""12"": 0.040768850216258264, ""13"": 0.04738317130840163, ""14"": 0.05307221911759457, ""15"": 0.05805757549373152, ""16"": 0.06239006083755468, ""17"": 0.06356960232933336, ""18"": 0.06241069830043456, ""19"": 0.05967063763889699, ""20"": 0.05423504639885011, ""21"": 0.049223002127834814, ""22"": 0.044906161975681494, ""23"": 0.04113302830105576, ""24"": 0.03703947699180149, ""25"": 0.03248096747891055, ""26"": 0.028989549442498118, ""27"": 0.02556396513357806, ""28"": 0.02221202283342859, ""29"": 0.019079795055625265, ""30"": 0.015335815252682303, ""31"": 0.011265773356357953, ""32"": 0.008329248874801699, ""33"": 0.006114367453977848, ""34"": 0.005000681043126946, ""35"": 0.004051633293412168, ""36"": 0.0030273615516258133, ""37"": 0.002014938868066353, ""38"": 0.0012532149224968282, ""39"": 0.0006742258633718047, ""40"": 0.000412197387809874, ""41"": 0.00027614689543874557, ""42"": 0.00022902424596759282, ""43"": 0.00020019833967160414, ""44"": 0.00018811518895034553, ""45"": 0.00018385611092946606, ""46"": 0.00016855667517410802, ""47"": 0.0001607267688920299, ""48"": 0.00013895027409287572, ""49"": 0.00010855294763660909, ""50"": 7.345876634492011e-05, ""51"": 4.3657006211577726e-05, ""52"": 2.272654041830587e-05, ""53"": 1.6425337469912346e-05, ""54"": 1.0819960641758523e-05, ""55"": 8.40928830263975e-06, ""56"": 6.355784806256035e-06, ""57"": 3.915538375575647e-06, ""58"": 2.2064963877999935e-06, ""59"": 1.0621332655406182e-06, ""60"": 2.5325995518506593e-07, ""61"": 1.9156468749201096e-07, ""62"": 8.09396970919151e-08, ""63"": 1.6200893169052298e-08, ""64"": 2.904045445798541e-09, ""65"": 1.6330802524329119e-09, ""66"": 1.0209593602609975e-10, ""67"": 2.8922610762710992e-11, ""68"": 5.121114186277451e-12, ""69"": 1.8691152251352797e-12, ""70"": 3.432723523482849e-13, ""71"": 1.2342314514333608e-14, ""72"": 8.282379199507e-15, ""80"": 1.4780823836435032e-06, ""81"": 3.347815738990583e-06, ""82"": 5.497419412355949e-06, ""83"": 2.0772811042846605e-05, ""84"": 2.8749029368867458e-05, ""85"": 3.442275973326648e-05, ""86"": 3.382236448401697e-05, ""87"": 2.4682733112285452e-05, ""88"": 1.3777065449277937e-05, ""89"": 6.726233345695342e-06, ""90"": 1.6330351010062916e-06, ""91"": 1.3050390341119715e-06, ""92"": 5.486539565624162e-07, ""93"": 1.1144443261509167e-07, ""94"": 1.989953498684149e-08, ""95"": 1.1276222118395477e-08, ""96"": 6.935101746895628e-10, ""97"": 1.9787439645157298e-10, ""98"": 3.53892522143094e-11, ""99"": 1.28889082554445e-11, ""100"": 2.378200318378196e-12, ""101"": 8.550789513549554e-14, ""102"": 5.738055137400556e-14}",18.6086,18.6086,18,17,0.0001,0.9999,0.9997,0.9992,0.9975,0.9943,0.9887,0.9798,0.9669,0.9491,0.9259,0.8968,0.8617,0.8209,0.7735,0.7205,0.6624,0.6,0.5364,0.474,0.4144,fc9e35ff#phase10c,"stat_grid:component_convolution_mean_coherent_v1+components[pts:pmf_sim_v1+role_aware_pmf_cal_v1:core+monotone_pit_cdf_v1,reb:pmf_sim_v1+role_aware_pmf_cal_v1:core+monotone_pit_cdf_v1]+prior_combo[joint_sampler_v1+joint_combo_pmf_v1+role_aware_pmf_cal_v1:core+monotone_pit_cdf_v1]+stat_grid_final_component_convolution_mean_coherent_v1",phase8_role_aware_pmf_cal_v1+monotone_inactive_global_v1,core,projected_minutes,high,24.9137,26.5139,10.5239,26.5139,34.6337,9.3557,0.05,0.9138,0.3003,core,True,current_market_line,True,fanduel,fanduel,player_pr_over_under,25.5,25.5,0.1553,235.0,-330.0,0.28,0.72,0.8447,544.0,-544.0,-0.1247,-0.1247,0.1247,2026-06-13T17:17:34.390727Z,full,provisional,lineup_unconfirmed,fallback_used,projected,derived_from_projected_minutes,ok,finals_pending,current_phase8,ok,0.0,projected,not_available_yet,bdl_lineup_freshness_manifest,bdl_plus_nba_official,2026-06-13T17:17:50Z
morning,2026-06-13T17:18:40Z,2026-06-13,21716138,1057262518,Dylan Harper,SAS,NYK,True,pr,"{""0"": 8.121476296938236e-05, ""1"": 0.00022760868276410745, ""2"": 0.0005092486966868937, ""3"": 0.0017075853749786518, ""4"": 0.003163022067924017, ""5"": 0.005590237348828138, ""6"": 0.00888976001499364, ""7"": 0.012929322438478281, ""8"": 0.017820832092313416, ""9"": 0.02321844809540396, ""10"": 0.02907054585734918, ""11"": 0.035106268173865474, ""12"": 0.040768850216258264, ""13"": 0.04738317130840163, ""14"": 0.05307221911759457, ""15"": 0.05805757549373152, ""16"": 0.06239006083755468, ""17"": 0.06356960232933336, ""18"": 0.06241069830043456, ""19"": 0.05967063763889699, ""20"": 0.05423504639885011, ""21"": 0.049223002127834814, ""22"": 0.044906161975681494, ""23"": 0.04113302830105576, ""24"": 0.03703947699180149, ""25"": 0.03248096747891055, ""26"": 0.028989549442498118, ""27"": 0.02556396513357806, ""28"": 0.02221202283342859, ""29"": 0.019079795055625265, ""30"": 0.015335815252682303, ""31"": 0.011265773356357953, ""32"": 0.008329248874801699, ""33"": 0.006114367453977848, ""34"": 0.005000681043126946, ""35"": 0.004051633293412168, ""36"": 0.0030273615516258133, ""37"": 0.002014938868066353, ""38"": 0.0012532149224968282, ""39"": 0.0006742258633718047, ""40"": 0.000412197387809874, ""41"": 0.00027614689543874557, ""42"": 0.00022902424596759282, ""43"": 0.00020019833967160414, ""44"": 0.00018811518895034553, ""45"": 0.00018385611092946606, ""46"": 0.00016855667517410802, ""47"": 0.0001607267688920299, ""48"": 0.00013895027409287572, ""49"": 0.00010855294763660909, ""50"": 7.345876634492011e-05, ""51"": 4.3657006211577726e-05, ""52"": 2.272654041830587e-05, ""53"": 1.6425337469912346e-05, ""54"": 1.0819960641758523e-05, ""55"": 8.40928830263975e-06, ""56"": 6.355784806256035e-06, ""57"": 3.915538375575647e-06, ""58"": 2.2064963877999935e-06, ""59"": 1.0621332655406182e-06, ""60"": 2.5325995518506593e-07, ""61"": 1.9156468749201096e-07, ""62"": 8.09396970919151e-08, ""63"": 1.6200893169052298e-08, ""64"": 2.904045445798541e-09, ""65"": 1.6330802524329119e-09, ""66"": 1.0209593602609975e-10, ""67"": 2.8922610762710992e-11, ""68"": 5.121114186277451e-12, ""69"": 1.8691152251352797e-12, ""70"": 3.432723523482849e-13, ""71"": 1.2342314514333608e-14, ""72"": 8.282379199507e-15, ""80"": 1.4780823836435032e-06, ""81"": 3.347815738990583e-06, ""82"": 5.497419412355949e-06, ""83"": 2.0772811042846605e-05, ""84"": 2.8749029368867458e-05, ""85"": 3.442275973326648e-05, ""86"": 3.382236448401697e-05, ""87"": 2.4682733112285452e-05, ""88"": 1.3777065449277937e-05, ""89"": 6.726233345695342e-06, ""90"": 1.6330351010062916e-06, ""91"": 1.3050390341119715e-06, ""92"": 5.486539565624162e-07, ""93"": 1.1144443261509167e-07, ""94"": 1.989953498684149e-08, ""95"": 1.1276222118395477e-08, ""96"": 6.935101746895628e-10, ""97"": 1.9787439645157298e-10, ""98"": 3.53892522143094e-11, ""99"": 1.28889082554445e-11, ""100"": 2.378200318378196e-12, ""101"": 8.550789513549554e-14, ""102"": 5.738055137400556e-14}",18.6086,18.6086,18,17,0.0001,0.9999,0.9997,0.9992,0.9975,0.9943,0.9887,0.9798,0.9669,0.9491,0.9259,0.8968,0.8617,0.8209,0.7735,0.7205,0.6624,0.6,0.5364,0.474,0.4144,fc9e35ff#phase10c,"stat_grid:component_convolution_mean_coherent_v1+components[pts:pmf_sim_v1+role_aware_pmf_cal_v1:core+monotone_pit_cdf_v1,reb:pmf_sim_v1+role_aware_pmf_cal_v1:core+monotone_pit_cdf_v1]+prior_combo[joint_sampler_v1+joint_combo_pmf_v1+role_aware_pmf_cal_v1:core+monotone_pit_cdf_v1]+stat_grid_final_component_convolution_mean_coherent_v1",phase8_role_aware_pmf_cal_v1+monotone_inactive_global_v1,core,projected_minutes,high,24.9137,26.5139,10.5239,26.5139,34.6337,9.3557,0.05,0.9138,0.3003,core,True,current_market_line,True,fanduel,fanduel,player_pr_over_under,24.5,24.5,0.1878,194.0,-270.0,0.3179,0.6821,0.8122,432.0,-432.0,-0.1301,-0.1301,0.1301,2026-06-13T17:17:34.390727Z,full,provisional,lineup_unconfirmed,fallback_used,projected,derived_from_projected_minutes,ok,finals_pending,current_phase8,ok,0.0,projected,not_available_yet,bdl_lineup_freshness_manifest,bdl_plus_nba_official,2026-06-13T17:17:50Z
morning,2026-06-13T17:18:40Z,2026-06-13,21716138,1057262518,Dylan Harper,SAS,NYK,True,pr,"{""0"": 8.121476296938236e-05, ""1"": 0.00022760868276410745, ""2"": 0.0005092486966868937, ""3"": 0.0017075853749786518, ""4"": 0.003163022067924017, ""5"": 0.005590237348828138, ""6"": 0.00888976001499364, ""7"": 0.012929322438478281, ""8"": 0.017820832092313416, ""9"": 0.02321844809540396, ""10"": 0.02907054585734918, ""11"": 0.035106268173865474, ""12"": 0.040768850216258264, ""13"": 0.04738317130840163, ""14"": 0.05307221911759457, ""15"": 0.05805757549373152, ""16"": 0.06239006083755468, ""17"": 0.06356960232933336, ""18"": 0.06241069830043456, ""19"": 0.05967063763889699, ""20"": 0.05423504639885011, ""21"": 0.049223002127834814, ""22"": 0.044906161975681494, ""23"": 0.04113302830105576, ""24"": 0.03703947699180149, ""25"": 0.03248096747891055, ""26"": 0.028989549442498118, ""27"": 0.02556396513357806, ""28"": 0.02221202283342859, ""29"": 0.019079795055625265, ""30"": 0.015335815252682303, ""31"": 0.011265773356357953, ""32"": 0.008329248874801699, ""33"": 0.006114367453977848, ""34"": 0.005000681043126946, ""35"": 0.004051633293412168, ""36"": 0.0030273615516258133, ""37"": 0.002014938868066353, ""38"": 0.0012532149224968282, ""39"": 0.0006742258633718047, ""40"": 0.000412197387809874, ""41"": 0.00027614689543874557, ""42"": 0.00022902424596759282, ""43"": 0.00020019833967160414, ""44"": 0.00018811518895034553, ""45"": 0.00018385611092946606, ""46"": 0.00016855667517410802, ""47"": 0.0001607267688920299, ""48"": 0.00013895027409287572, ""49"": 0.00010855294763660909, ""50"": 7.345876634492011e-05, ""51"": 4.3657006211577726e-05, ""52"": 2.272654041830587e-05, ""53"": 1.6425337469912346e-05, ""54"": 1.0819960641758523e-05, ""55"": 8.40928830263975e-06, ""56"": 6.355784806256035e-06, ""57"": 3.915538375575647e-06, ""58"": 2.2064963877999935e-06, ""59"": 1.0621332655406182e-06, ""60"": 2.5325995518506593e-07, ""61"": 1.9156468749201096e-07, ""62"": 8.09396970919151e-08, ""63"": 1.6200893169052298e-08, ""64"": 2.904045445798541e-09, ""65"": 1.6330802524329119e-09, ""66"": 1.0209593602609975e-10, ""67"": 2.8922610762710992e-11, ""68"": 5.121114186277451e-12, ""69"": 1.8691152251352797e-12, ""70"": 3.432723523482849e-13, ""71"": 1.2342314514333608e-14, ""72"": 8.282379199507e-15, ""80"": 1.4780823836435032e-06, ""81"": 3.347815738990583e-06, ""82"": 5.497419412355949e-06, ""83"": 2.0772811042846605e-05, ""84"": 2.8749029368867458e-05, ""85"": 3.442275973326648e-05, ""86"": 3.382236448401697e-05, ""87"": 2.4682733112285452e-05, ""88"": 1.3777065449277937e-05, ""89"": 6.726233345695342e-06, ""90"": 1.6330351010062916e-06, ""91"": 1.3050390341119715e-06, ""92"": 5.486539565624162e-07, ""93"": 1.1144443261509167e-07, ""94"": 1.989953498684149e-08, ""95"": 1.1276222118395477e-08, ""96"": 6.935101746895628e-10, ""97"": 1.9787439645157298e-10, ""98"": 3.53892522143094e-11, ""99"": 1.28889082554445e-11, ""100"": 2.378200318378196e-12, ""101"": 8.550789513549554e-14, ""102"": 5.738055137400556e-14}",18.6086,18.6086,18,17,0.0001,0.9999,0.9997,0.9992,0.9975,0.9943,0.9887,0.9798,0.9669,0.9491,0.9259,0.8968,0.8617,0.8209,0.7735,0.7205,0.6624,0.6,0.5364,0.474,0.4144,fc9e35ff#phase10c,"stat_grid:component_convolution_mean_coherent_v1+components[pts:pmf_sim_v1+role_aware_pmf_cal_v1:core+monotone_pit_cdf_v1,reb:pmf_sim_v1+role_aware_pmf_cal_v1:core+monotone_pit_cdf_v1]+prior_combo[joint_sampler_v1+joint_combo_pmf_v1+role_aware_pmf_cal_v1:core+monotone_pit_cdf_v1]+stat_grid_final_component_convolution_mean_coherent_v1",phase8_role_aware_pmf_cal_v1+monotone_inactive_global_v1,core,projected_minutes,high,24.9137,26.5139,10.5239,26.5139,34.6337,9.3557,0.05,0.9138,0.3003,core,True,current_market_line,True,fanduel,fanduel,player_pr_over_under,23.5,23.5,0.2249,158.0,-220.0,0.3605,0.6395,0.7751,345.0,-345.0,-0.1357,-0.1357,0.1357,2026-06-13T17:17:34.390727Z,full,provisional,lineup_unconfirmed,fallback_used,projected,derived_from_projected_minutes,ok,finals_pending,current_phase8,ok,0.0,projected,not_available_yet,bdl_lineup_freshness_manifest,bdl_plus_nba_official,2026-06-13T17:17:50Z
morning,2026-06-13T17:18:40Z,2026-06-13,21716138,1057262518,Dylan Harper,SAS,NYK,True,pr,"{""0"": 8.121476296938236e-05, ""1"": 0.00022760868276410745, ""2"": 0.0005092486966868937, ""3"": 0.0017075853749786518, ""4"": 0.003163022067924017, ""5"": 0.005590237348828138, ""6"": 0.00888976001499364, ""7"": 0.012929322438478281, ""8"": 0.017820832092313416, ""9"": 0.02321844809540396, ""10"": 0.02907054585734918, ""11"": 0.035106268173865474, ""12"": 0.040768850216258264, ""13"": 0.04738317130840163, ""14"": 0.05307221911759457, ""15"": 0.05805757549373152, ""16"": 0.06239006083755468, ""17"": 0.06356960232933336, ""18"": 0.06241069830043456, ""19"": 0.05967063763889699, ""20"": 0.05423504639885011, ""21"": 0.049223002127834814, ""22"": 0.044906161975681494, ""23"": 0.04113302830105576, ""24"": 0.03703947699180149, ""25"": 0.03248096747891055, ""26"": 0.028989549442498118, ""27"": 0.02556396513357806, ""28"": 0.02221202283342859, ""29"": 0.019079795055625265, ""30"": 0.015335815252682303, ""31"": 0.011265773356357953, ""32"": 0.008329248874801699, ""33"": 0.006114367453977848, ""34"": 0.005000681043126946, ""35"": 0.004051633293412168, ""36"": 0.0030273615516258133, ""37"": 0.002014938868066353, ""38"": 0.0012532149224968282, ""39"": 0.0006742258633718047, ""40"": 0.000412197387809874, ""41"": 0.00027614689543874557, ""42"": 0.00022902424596759282, ""43"": 0.00020019833967160414, ""44"": 0.00018811518895034553, ""45"": 0.00018385611092946606, ""46"": 0.00016855667517410802, ""47"": 0.0001607267688920299, ""48"": 0.00013895027409287572, ""49"": 0.00010855294763660909, ""50"": 7.345876634492011e-05, ""51"": 4.3657006211577726e-05, ""52"": 2.272654041830587e-05, ""53"": 1.6425337469912346e-05, ""54"": 1.0819960641758523e-05, ""55"": 8.40928830263975e-06, ""56"": 6.355784806256035e-06, ""57"": 3.915538375575647e-06, ""58"": 2.2064963877999935e-06, ""59"": 1.0621332655406182e-06, ""60"": 2.5325995518506593e-07, ""61"": 1.9156468749201096e-07, ""62"": 8.09396970919151e-08, ""63"": 1.6200893169052298e-08, ""64"": 2.904045445798541e-09, ""65"": 1.6330802524329119e-09, ""66"": 1.0209593602609975e-10, ""67"": 2.8922610762710992e-11, ""68"": 5.121114186277451e-12, ""69"": 1.8691152251352797e-12, ""70"": 3.432723523482849e-13, ""71"": 1.2342314514333608e-14, ""72"": 8.282379199507e-15, ""80"": 1.4780823836435032e-06, ""81"": 3.347815738990583e-06, ""82"": 5.497419412355949e-06, ""83"": 2.0772811042846605e-05, ""84"": 2.8749029368867458e-05, ""85"": 3.442275973326648e-05, ""86"": 3.382236448401697e-05, ""87"": 2.4682733112285452e-05, ""88"": 1.3777065449277937e-05, ""89"": 6.726233345695342e-06, ""90"": 1.6330351010062916e-06, ""91"": 1.3050390341119715e-06, ""92"": 5.486539565624162e-07, ""93"": 1.1144443261509167e-07, ""94"": 1.989953498684149e-08, ""95"": 1.1276222118395477e-08, ""96"": 6.935101746895628e-10, ""97"": 1.9787439645157298e-10, ""98"": 3.53892522143094e-11, ""99"": 1.28889082554445e-11, ""100"": 2.378200318378196e-12, ""101"": 8.550789513549554e-14, ""102"": 5.738055137400556e-14}",18.6086,18.6086,18,17,0.0001,0.9999,0.9997,0.9992,0.9975,0.9943,0.9887,0.9798,0.9669,0.9491,0.9259,0.8968,0.8617,0.8209,0.7735,0.7205,0.6624,0.6,0.5364,0.474,0.4144,fc9e35ff#phase10c,"stat_grid:component_convolution_mean_coherent_v1+components[pts:pmf_sim_v1+role_aware_pmf_cal_v1:core+monotone_pit_cdf_v1,reb:pmf_sim_v1+role_aware_pmf_cal_v1:core+monotone_pit_cdf_v1]+prior_combo[joint_sampler_v1+joint_combo_pmf_v1+role_aware_pmf_cal_v1:core+monotone_pit_cdf_v1]+stat_grid_final_component_convolution_mean_coherent_v1",phase8_role_aware_pmf_cal_v1+monotone_inactive_global_v1,core,projected_minutes,high,24.9137,26.5139,10.5239,26.5139,34.6337,9.3557,0.05,0.9138,0.3003,core,True,current_market_line,True,fanduel,fanduel,player_pr_over_under,22.5,22.5,0.266,128.0,-172.0,0.4095,0.5905,0.734,276.0,-276.0,-0.1435,-0.1435,0.1435,2026-06-13T17:17:34.390727Z,full,provisional,lineup_unconfirmed,fallback_used,projected,derived_from_projected_minutes,ok,finals_pending,current_phase8,ok,0.0,projected,not_available_yet,bdl_lineup_freshness_manifest,bdl_plus_nba_official,2026-06-13T17:17:50Z
morning,2026-06-13T17:18:40Z,2026-06-13,21716138,1057262518,Dylan Harper,SAS,NYK,True,pr,"{""0"": 8.121476296938236e-05, ""1"": 0.00022760868276410745, ""2"": 0.0005092486966868937, ""3"": 0.0017075853749786518, ""4"": 0.003163022067924017, ""5"": 0.005590237348828138, ""6"": 0.00888976001499364, ""7"": 0.012929322438478281, ""8"": 0.017820832092313416, ""9"": 0.02321844809540396, ""10"": 0.02907054585734918, ""11"": 0.035106268173865474, ""12"": 0.040768850216258264, ""13"": 0.04738317130840163, ""14"": 0.05307221911759457, ""15"": 0.05805757549373152, ""16"": 0.06239006083755468, ""17"": 0.06356960232933336, ""18"": 0.06241069830043456, ""19"": 0.05967063763889699, ""20"": 0.05423504639885011, ""21"": 0.049223002127834814, ""22"": 0.044906161975681494, ""23"": 0.04113302830105576, ""24"": 0.03703947699180149, ""25"": 0.03248096747891055, ""26"": 0.028989549442498118, ""27"": 0.02556396513357806, ""28"": 0.02221202283342859, ""29"": 0.019079795055625265, ""30"": 0.015335815252682303, ""31"": 0.011265773356357953, ""32"": 0.008329248874801699, ""33"": 0.006114367453977848, ""34"": 0.005000681043126946, ""35"": 0.004051633293412168, ""36"": 0.0030273615516258133, ""37"": 0.002014938868066353, ""38"": 0.0012532149224968282, ""39"": 0.0006742258633718047, ""40"": 0.000412197387809874, ""41"": 0.00027614689543874557, ""42"": 0.00022902424596759282, ""43"": 0.00020019833967160414, ""44"": 0.00018811518895034553, ""45"": 0.00018385611092946606, ""46"": 0.00016855667517410802, ""47"": 0.0001607267688920299, ""48"": 0.00013895027409287572, ""49"": 0.00010855294763660909, ""50"": 7.345876634492011e-05, ""51"": 4.3657006211577726e-05, ""52"": 2.272654041830587e-05, ""53"": 1.6425337469912346e-05, ""54"": 1.0819960641758523e-05, ""55"": 8.40928830263975e-06, ""56"": 6.355784806256035e-06, ""57"": 3.915538375575647e-06, ""58"": 2.2064963877999935e-06, ""59"": 1.0621332655406182e-06, ""60"": 2.5325995518506593e-07, ""61"": 1.9156468749201096e-07, ""62"": 8.09396970919151e-08, ""63"": 1.6200893169052298e-08, ""64"": 2.904045445798541e-09, ""65"": 1.6330802524329119e-09, ""66"": 1.0209593602609975e-10, ""67"": 2.8922610762710992e-11, ""68"": 5.121114186277451e-12, ""69"": 1.8691152251352797e-12, ""70"": 3.432723523482849e-13, ""71"": 1.2342314514333608e-14, ""72"": 8.282379199507e-15, ""80"": 1.4780823836435032e-06, ""81"": 3.347815738990583e-06, ""82"": 5.497419412355949e-06, ""83"": 2.0772811042846605e-05, ""84"": 2.8749029368867458e-05, ""85"": 3.442275973326648e-05, ""86"": 3.382236448401697e-05, ""87"": 2.4682733112285452e-05, ""88"": 1.3777065449277937e-05, ""89"": 6.726233345695342e-06, ""90"": 1.6330351010062916e-06, ""91"": 1.3050390341119715e-06, ""92"": 5.486539565624162e-07, ""93"": 1.1144443261509167e-07, ""94"": 1.989953498684149e-08, ""95"": 1.1276222118395477e-08, ""96"": 6.935101746895628e-10, ""97"": 1.9787439645157298e-10, ""98"": 3.53892522143094e-11, ""99"": 1.28889082554445e-11, ""100"": 2.378200318378196e-12, ""101"": 8.550789513549554e-14, ""102"": 5.738055137400556e-14}",18.6086,18.6086,18,17,0.0001,0.9999,0.9997,0.9992,0.9975,0.9943,0.9887,0.9798,0.9669,0.9491,0.9259,0.8968,0.8617,0.8209,0.7735,0.7205,0.6624,0.6,0.5364,0.474,0.4144,fc9e35ff#phase10c,"stat_grid:component_convolution_mean_coherent_v1+components[pts:pmf_sim_v1+role_aware_pmf_cal_v1:core+monotone_pit_cdf_v1,reb:pmf_sim_v1+role_aware_pmf_cal_v1:core+monotone_pit_cdf_v1]+prior_combo[joint_sampler_v1+joint_combo_pmf_v1+role_aware_pmf_cal_v1:core+monotone_pit_cdf_v1]+stat_grid_final_component_convolution_mean_coherent_v1",phase8_role_aware_pmf_cal_v1+monotone_inactive_global_v1,core,projected_minutes,high,24.9137,26.5139,10.5239,26.5139,34.6337,9.3557,0.05,0.9138,0.3003,core,True,current_market_line,True,fanduel,fanduel,player_pr_over_under,21.5,21.5,0.3109,102.0,-136.0,0.4621,0.5379,0.6891,222.0,-222.0,-0.1512,-0.1512,0.1512,2026-06-13T17:17:34.390727Z,full,provisional,lineup_unconfirmed,fallback_used,projected,derived_from_projected_minutes,ok,finals_pending,current_phase8,ok,0.0,projected,not_available_yet,bdl_lineup_freshness_manifest,bdl_plus_nba_official,2026-06-13T17:17:50Z
morning,2026-06-13T17:18:40Z,2026-06-13,21716138,1057262518,Dylan Harper,SAS,NYK,True,pr,"{""0"": 8.121476296938236e-05, ""1"": 0.00022760868276410745, ""2"": 0.0005092486966868937, ""3"": 0.0017075853749786518, ""4"": 0.003163022067924017, ""5"": 0.005590237348828138, ""6"": 0.00888976001499364, ""7"": 0.012929322438478281, ""8"": 0.017820832092313416, ""9"": 0.02321844809540396, ""10"": 0.02907054585734918, ""11"": 0.035106268173865474, ""12"": 0.040768850216258264, ""13"": 0.04738317130840163, ""14"": 0.05307221911759457, ""15"": 0.05805757549373152, ""16"": 0.06239006083755468, ""17"": 0.06356960232933336, ""18"": 0.06241069830043456, ""19"": 0.05967063763889699, ""20"": 0.05423504639885011, ""21"": 0.049223002127834814, ""22"": 0.044906161975681494, ""23"": 0.04113302830105576, ""24"": 0.03703947699180149, ""25"": 0.03248096747891055, ""26"": 0.028989549442498118, ""27"": 0.02556396513357806, ""28"": 0.02221202283342859, ""29"": 0.019079795055625265, ""30"": 0.015335815252682303, ""31"": 0.011265773356357953, ""32"": 0.008329248874801699, ""33"": 0.006114367453977848, ""34"": 0.005000681043126946, ""35"": 0.004051633293412168, ""36"": 0.0030273615516258133, ""37"": 0.002014938868066353, ""38"": 0.0012532149224968282, ""39"": 0.0006742258633718047, ""40"": 0.000412197387809874, ""41"": 0.00027614689543874557, ""42"": 0.00022902424596759282, ""43"": 0.00020019833967160414, ""44"": 0.00018811518895034553, ""45"": 0.00018385611092946606, ""46"": 0.00016855667517410802, ""47"": 0.0001607267688920299, ""48"": 0.00013895027409287572, ""49"": 0.00010855294763660909, ""50"": 7.345876634492011e-05, ""51"": 4.3657006211577726e-05, ""52"": 2.272654041830587e-05, ""53"": 1.6425337469912346e-05, ""54"": 1.0819960641758523e-05, ""55"": 8.40928830263975e-06, ""56"": 6.355784806256035e-06, ""57"": 3.915538375575647e-06, ""58"": 2.2064963877999935e-06, ""59"": 1.0621332655406182e-06, ""60"": 2.5325995518506593e-07, ""61"": 1.9156468749201096e-07, ""62"": 8.09396970919151e-08, ""63"": 1.6200893169052298e-08, ""64"": 2.904045445798541e-09, ""65"": 1.6330802524329119e-09, ""66"": 1.0209593602609975e-10, ""67"": 2.8922610762710992e-11, ""68"": 5.121114186277451e-12, ""69"": 1.8691152251352797e-12, ""70"": 3.432723523482849e-13, ""71"": 1.2342314514333608e-14, ""72"": 8.282379199507e-15, ""80"": 1.4780823836435032e-06, ""81"": 3.347815738990583e-06, ""82"": 5.497419412355949e-06, ""83"": 2.0772811042846605e-05, ""84"": 2.8749029368867458e-05, ""85"": 3.442275973326648e-05, ""86"": 3.382236448401697e-05, ""87"": 2.4682733112285452e-05, ""88"": 1.3777065449277937e-05, ""89"": 6.726233345695342e-06, ""90"": 1.6330351010062916e-06, ""91"": 1.3050390341119715e-06, ""92"": 5.486539565624162e-07, ""93"": 1.1144443261509167e-07, ""94"": 1.989953498684149e-08, ""95"": 1.1276222118395477e-08, ""96"": 6.935101746895628e-10, ""97"": 1.9787439645157298e-10, ""98"": 3.53892522143094e-11, ""99"": 1.28889082554445e-11, ""100"": 2.378200318378196e-12, ""101"": 8.550789513549554e-14, ""102"": 5.738055137400556e-14}",18.6086,18.6086,18,17,0.0001,0.9999,0.9997,0.9992,0.9975,0.9943,0.9887,0.9798,0.9669,0.9491,0.9259,0.8968,0.8617,0.8209,0.7735,0.7205,0.6624,0.6,0.5364,0.474,0.4144,fc9e35ff#phase10c,"stat_grid:component_convolution_mean_coherent_v1+components[pts:pmf_sim_v1+role_aware_pmf_cal_v1:core+monotone_pit_cdf_v1,reb:pmf_sim_v1+role_aware_pmf_cal_v1:core+monotone_pit_cdf_v1]+prior_combo[joint_sampler_v1+joint_combo_pmf_v1+role_aware_pmf_cal_v1:core+monotone_pit_cdf_v1]+stat_grid_final_component_convolution_mean_coherent_v1",phase8_role_aware_pmf_cal_v1+monotone_inactive_global_v1,core,projected_minutes,high,24.9137,26.5139,10.5239,26.5139,34.6337,9.3557,0.05,0.9138,0.3003,core,True,current_market_line,True,fanduel,fanduel,player_pr_over_under,19.5,19.5,0.4144,-160.0,120.0,0.5752,0.4248,0.5856,141.0,-141.0,-0.1608,-0.1608,0.1608,2026-06-13T17:17:34.390727Z,full,provisional,lineup_unconfirmed,fallback_used,projected,derived_from_projected_minutes,ok,finals_pending,current_phase8,ok,0.0,projected,not_available_yet,bdl_lineup_freshness_manifest,bdl_plus_nba_official,2026-06-13T17:17:50Z
morning,2026-06-13T17:18:40Z,2026-06-13,21716138,1057262518,Dylan Harper,SAS,NYK,True,pr,"{""0"": 8.121476296938236e-05, ""1"": 0.00022760868276410745, ""2"": 0.0005092486966868937, ""3"": 0.0017075853749786518, ""4"": 0.003163022067924017, ""5"": 0.005590237348828138, ""6"": 0.00888976001499364, ""7"": 0.012929322438478281, ""8"": 0.017820832092313416, ""9"": 0.02321844809540396, ""10"": 0.02907054585734918, ""11"": 0.035106268173865474, ""12"": 0.040768850216258264, ""13"": 0.04738317130840163, ""14"": 0.05307221911759457, ""15"": 0.05805757549373152, ""16"": 0.06239006083755468, ""17"": 0.06356960232933336, ""18"": 0.06241069830043456, ""19"": 0.05967063763889699, ""20"": 0.05423504639885011, ""21"": 0.049223002127834814, ""22"": 0.044906161975681494, ""23"": 0.04113302830105576, ""24"": 0.03703947699180149, ""25"": 0.03248096747891055, ""26"": 0.028989549442498118, ""27"": 0.02556396513357806, ""28"": 0.02221202283342859, ""29"": 0.019079795055625265, ""30"": 0.015335815252682303, ""31"": 0.011265773356357953, ""32"": 0.008329248874801699, ""33"": 0.006114367453977848, ""34"": 0.005000681043126946, ""35"": 0.004051633293412168, ""36"": 0.0030273615516258133, ""37"": 0.002014938868066353, ""38"": 0.0012532149224968282, ""39"": 0.0006742258633718047, ""40"": 0.000412197387809874, ""41"": 0.00027614689543874557, ""42"": 0.00022902424596759282, ""43"": 0.00020019833967160414, ""44"": 0.00018811518895034553, ""45"": 0.00018385611092946606, ""46"": 0.00016855667517410802, ""47"": 0.0001607267688920299, ""48"": 0.00013895027409287572, ""49"": 0.00010855294763660909, ""50"": 7.345876634492011e-05, ""51"": 4.3657006211577726e-05, ""52"": 2.272654041830587e-05, ""53"": 1.6425337469912346e-05, ""54"": 1.0819960641758523e-05, ""55"": 8.40928830263975e-06, ""56"": 6.355784806256035e-06, ""57"": 3.915538375575647e-06, ""58"": 2.2064963877999935e-06, ""59"": 1.0621332655406182e-06, ""60"": 2.5325995518506593e-07, ""61"": 1.9156468749201096e-07, ""62"": 8.09396970919151e-08, ""63"": 1.6200893169052298e-08, ""64"": 2.904045445798541e-09, ""65"": 1.6330802524329119e-09, ""66"": 1.0209593602609975e-10, ""67"": 2.8922610762710992e-11, ""68"": 5.121114186277451e-12, ""69"": 1.8691152251352797e-12, ""70"": 3.432723523482849e-13, ""71"": 1.2342314514333608e-14, ""72"": 8.282379199507e-15, ""80"": 1.4780823836435032e-06, ""81"": 3.347815738990583e-06, ""82"": 5.497419412355949e-06, ""83"": 2.0772811042846605e-05, ""84"": 2.8749029368867458e-05, ""85"": 3.442275973326648e-05, ""86"": 3.382236448401697e-05, ""87"": 2.4682733112285452e-05, ""88"": 1.3777065449277937e-05, ""89"": 6.726233345695342e-06, ""90"": 1.6330351010062916e-06, ""91"": 1.3050390341119715e-06, ""92"": 5.486539565624162e-07, ""93"": 1.1144443261509167e-07, ""94"": 1.989953498684149e-08, ""95"": 1.1276222118395477e-08, ""96"": 6.935101746895628e-10, ""97"": 1.9787439645157298e-10, ""98"": 3.53892522143094e-11, ""99"": 1.28889082554445e-11, ""100"": 2.378200318378196e-12, ""101"": 8.550789513549554e-14, ""102"": 5.738055137400556e-14}",18.6086,18.6086,18,17,0.0001,0.9999,0.9997,0.9992,0.9975,0.9943,0.9887,0.9798,0.9669,0.9491,0.9259,0.8968,0.8617,0.8209,0.7735,0.7205,0.6624,0.6,0.5364,0.474,0.4144,fc9e35ff#phase10c,"stat_grid:component_convolution_mean_coherent_v1+components[pts:pmf_sim_v1+role_aware_pmf_cal_v1:core+monotone_pit_cdf_v1,reb:pmf_sim_v1+role_aware_pmf_cal_v1:core+monotone_pit_cdf_v1]+prior_combo[joint_sampler_v1+joint_combo_pmf_v1+role_aware_pmf_cal_v1:core+monotone_pit_cdf_v1]+stat_grid_final_component_convolution_mean_coherent_v1",phase8_role_aware_pmf_cal_v1+monotone_inactive_global_v1,core,projected_minutes,high,24.9137,26.5139,10.5239,26.5139,34.6337,9.3557,0.05,0.9138,0.3003,core,True,current_market_line,True,fanduel,fanduel,player_pr_over_under,18.5,18.5,0.474,-210.0,154.0,0.6324,0.3676,0.526,111.0,-111.0,-0.1584,-0.1584,0.1584,2026-06-13T17:17:34.390727Z,full,provisional,lineup_unconfirmed,fallback_used,projected,derived_from_projected_minutes,ok,finals_pending,current_phase8,ok,0.0,projected,not_available_yet,bdl_lineup_freshness_manifest,bdl_plus_nba_official,2026-06-13T17:17:50Z
morning,2026-06-13T17:18:40Z,2026-06-13,21716138,1057262518,Dylan Harper,SAS,NYK,True,pr,"{""0"": 8.121476296938236e-05, ""1"": 0.00022760868276410745, ""2"": 0.0005092486966868937, ""3"": 0.0017075853749786518, ""4"": 0.003163022067924017, ""5"": 0.005590237348828138, ""6"": 0.00888976001499364, ""7"": 0.012929322438478281, ""8"": 0.017820832092313416, ""9"": 0.02321844809540396, ""10"": 0.02907054585734918, ""11"": 0.035106268173865474, ""12"": 0.040768850216258264, ""13"": 0.04738317130840163, ""14"": 0.05307221911759457, ""15"": 0.05805757549373152, ""16"": 0.06239006083755468, ""17"": 0.06356960232933336, ""18"": 0.06241069830043456, ""19"": 0.05967063763889699, ""20"": 0.05423504639885011, ""21"": 0.049223002127834814, ""22"": 0.044906161975681494, ""23"": 0.04113302830105576, ""24"": 0.03703947699180149, ""25"": 0.03248096747891055, ""26"": 0.028989549442498118, ""27"": 0.02556396513357806, ""28"": 0.02221202283342859, ""29"": 0.019079795055625265, ""30"": 0.015335815252682303, ""31"": 0.011265773356357953, ""32"": 0.008329248874801699, ""33"": 0.006114367453977848, ""34"": 0.005000681043126946, ""35"": 0.004051633293412168, ""36"": 0.0030273615516258133, ""37"": 0.002014938868066353, ""38"": 0.0012532149224968282, ""39"": 0.0006742258633718047, ""40"": 0.000412197387809874, ""41"": 0.00027614689543874557, ""42"": 0.00022902424596759282, ""43"": 0.00020019833967160414, ""44"": 0.00018811518895034553, ""45"": 0.00018385611092946606, ""46"": 0.00016855667517410802, ""47"": 0.0001607267688920299, ""48"": 0.00013895027409287572, ""49"": 0.00010855294763660909, ""50"": 7.345876634492011e-05, ""51"": 4.3657006211577726e-05, ""52"": 2.272654041830587e-05, ""53"": 1.6425337469912346e-05, ""54"": 1.0819960641758523e-05, ""55"": 8.40928830263975e-06, ""56"": 6.355784806256035e-06, ""57"": 3.915538375575647e-06, ""58"": 2.2064963877999935e-06, ""59"": 1.0621332655406182e-06, ""60"": 2.5325995518506593e-07, ""61"": 1.9156468749201096e-07, ""62"": 8.09396970919151e-08, ""63"": 1.6200893169052298e-08, ""64"": 2.904045445798541e-09, ""65"": 1.6330802524329119e-09, ""66"": 1.0209593602609975e-10, ""67"": 2.8922610762710992e-11, ""68"": 5.121114186277451e-12, ""69"": 1.8691152251352797e-12, ""70"": 3.432723523482849e-13, ""71"": 1.2342314514333608e-14, ""72"": 8.282379199507e-15, ""80"": 1.4780823836435032e-06, ""81"": 3.347815738990583e-06, ""82"": 5.497419412355949e-06, ""83"": 2.0772811042846605e-05, ""84"": 2.8749029368867458e-05, ""85"": 3.442275973326648e-05, ""86"": 3.382236448401697e-05, ""87"": 2.4682733112285452e-05, ""88"": 1.3777065449277937e-05, ""89"": 6.726233345695342e-06, ""90"": 1.6330351010062916e-06, ""91"": 1.3050390341119715e-06, ""92"": 5.486539565624162e-07, ""93"": 1.1144443261509167e-07, ""94"": 1.989953498684149e-08, ""95"": 1.1276222118395477e-08, ""96"": 6.935101746895628e-10, ""97"": 1.9787439645157298e-10, ""98"": 3.53892522143094e-11, ""99"": 1.28889082554445e-11, ""100"": 2.378200318378196e-12, ""101"": 8.550789513549554e-14, ""102"": 5.738055137400556e-14}",18.6086,18.6086,18,17,0.0001,0.9999,0.9997,0.9992,0.9975,0.9943,0.9887,0.9798,0.9669,0.9491,0.9259,0.8968,0.8617,0.8209,0.7735,0.7205,0.6624,0.6,0.5364,0.474,0.4144,fc9e35ff#phase10c,"stat_grid:component_convolution_mean_coherent_v1+components[pts:pmf_sim_v1+role_aware_pmf_cal_v1:core+monotone_pit_cdf_v1,reb:pmf_sim_v1+role_aware_pmf_cal_v1:core+monotone_pit_cdf_v1]+prior_combo[joint_sampler_v1+joint_combo_pmf_v1+role_aware_pmf_cal_v1:core+monotone_pit_cdf_v1]+stat_grid_final_component_convolution_mean_coherent_v1",phase8_role_aware_pmf_cal_v1+monotone_inactive_global_v1,core,projected_minutes,high,24.9137,26.5139,10.5239,26.5139,34.6337,9.3557,0.05,0.9138,0.3003,core,True,current_market_line,True,fanduel,fanduel,player_pr_over_under,17.5,17.5,0.5364,-270.0,194.0,0.6821,0.3179,0.4636,-116.0,116.0,-0.1456,-0.1456,0.1456,2026-06-13T17:17:34.390727Z,full,provisional,lineup_unconfirmed,fallback_used,projected,derived_from_projected_minutes,ok,finals_pending,current_phase8,ok,0.0,projected,not_available_yet,bdl_lineup_freshness_manifest,bdl_plus_nba_official,2026-06-13T17:17:50Z
morning,2026-06-13T17:18:40Z,2026-06-13,21716138,1057262518,Dylan Harper,SAS,NYK,True,pr,"{""0"": 8.121476296938236e-05, ""1"": 0.00022760868276410745, ""2"": 0.0005092486966868937, ""3"": 0.0017075853749786518, ""4"": 0.003163022067924017, ""5"": 0.005590237348828138, ""6"": 0.00888976001499364, ""7"": 0.012929322438478281, ""8"": 0.017820832092313416, ""9"": 0.02321844809540396, ""10"": 0.02907054585734918, ""11"": 0.035106268173865474, ""12"": 0.040768850216258264, ""13"": 0.04738317130840163, ""14"": 0.05307221911759457, ""15"": 0.05805757549373152, ""16"": 0.06239006083755468, ""17"": 0.06356960232933336, ""18"": 0.06241069830043456, ""19"": 0.05967063763889699, ""20"": 0.05423504639885011, ""21"": 0.049223002127834814, ""22"": 0.044906161975681494, ""23"": 0.04113302830105576, ""24"": 0.03703947699180149, ""25"": 0.03248096747891055, ""26"": 0.028989549442498118, ""27"": 0.02556396513357806, ""28"": 0.02221202283342859, ""29"": 0.019079795055625265, ""30"": 0.015335815252682303, ""31"": 0.011265773356357953, ""32"": 0.008329248874801699, ""33"": 0.006114367453977848, ""34"": 0.005000681043126946, ""35"": 0.004051633293412168, ""36"": 0.0030273615516258133, ""37"": 0.002014938868066353, ""38"": 0.0012532149224968282, ""39"": 0.0006742258633718047, ""40"": 0.000412197387809874, ""41"": 0.00027614689543874557, ""42"": 0.00022902424596759282, ""43"": 0.00020019833967160414, ""44"": 0.00018811518895034553, ""45"": 0.00018385611092946606, ""46"": 0.00016855667517410802, ""47"": 0.0001607267688920299, ""48"": 0.00013895027409287572, ""49"": 0.00010855294763660909, ""50"": 7.345876634492011e-05, ""51"": 4.3657006211577726e-05, ""52"": 2.272654041830587e-05, ""53"": 1.6425337469912346e-05, ""54"": 1.0819960641758523e-05, ""55"": 8.40928830263975e-06, ""56"": 6.355784806256035e-06, ""57"": 3.915538375575647e-06, ""58"": 2.2064963877999935e-06, ""59"": 1.0621332655406182e-06, ""60"": 2.5325995518506593e-07, ""61"": 1.9156468749201096e-07, ""62"": 8.09396970919151e-08, ""63"": 1.6200893169052298e-08, ""64"": 2.904045445798541e-09, ""65"": 1.6330802524329119e-09, ""66"": 1.0209593602609975e-10, ""67"": 2.8922610762710992e-11, ""68"": 5.121114186277451e-12, ""69"": 1.8691152251352797e-12, ""70"": 3.432723523482849e-13, ""71"": 1.2342314514333608e-14, ""72"": 8.282379199507e-15, ""80"": 1.4780823836435032e-06, ""81"": 3.347815738990583e-06, ""82"": 5.497419412355949e-06, ""83"": 2.0772811042846605e-05, ""84"": 2.8749029368867458e-05, ""85"": 3.442275973326648e-05, ""86"": 3.382236448401697e-05, ""87"": 2.4682733112285452e-05, ""88"": 1.3777065449277937e-05, ""89"": 6.726233345695342e-06, ""90"": 1.6330351010062916e-06, ""91"": 1.3050390341119715e-06, ""92"": 5.486539565624162e-07, ""93"": 1.1144443261509167e-07, ""94"": 1.989953498684149e-08, ""95"": 1.1276222118395477e-08, ""96"": 6.935101746895628e-10, ""97"": 1.9787439645157298e-10, ""98"": 3.53892522143094e-11, ""99"": 1.28889082554445e-11, ""100"": 2.378200318378196e-12, ""101"": 8.550789513549554e-14, ""102"": 5.738055137400556e-14}",18.6086,18.6086,18,17,0.0001,0.9999,0.9997,0.9992,0.9975,0.9943,0.9887,0.9798,0.9669,0.9491,0.9259,0.8968,0.8617,0.8209,0.7735,0.7205,0.6624,0.6,0.5364,0.474,0.4144,fc9e35ff#phase10c,"stat_grid:component_convolution_mean_coherent_v1+components[pts:pmf_sim_v1+role_aware_pmf_cal_v1:core+monotone_pit_cdf_v1,reb:pmf_sim_v1+role_aware_pmf_cal_v1:core+monotone_pit_cdf_v1]+prior_combo[joint_sampler_v1+joint_combo_pmf_v1+role_aware_pmf_cal_v1:core+monotone_pit_cdf_v1]+stat_grid_final_component_convolution_mean_coherent_v1",phase8_role_aware_pmf_cal_v1+monotone_inactive_global_v1,core,projected_minutes,high,24.9137,26.5139,10.5239,26.5139,34.6337,9.3557,0.05,0.9138,0.3003,core,True,current_market_line,True,fanduel,fanduel,player_pr_over_under,16.5,16.5,0.6,-340.0,235.0,0.7213,0.2787,0.4,-150.0,150.0,-0.1213,-0.1213,0.1213,2026-06-13T17:17:34.390727Z,full,provisional,lineup_unconfirmed,fallback_used,projected,derived_from_projected_minutes,ok,finals_pending,current_phase8,ok,0.0,projected,not_available_yet,bdl_lineup_freshness_manifest,bdl_plus_nba_official,2026-06-13T17:17:50Z
morning,2026-06-13T17:18:40Z,2026-06-13,21716138,1057262518,Dylan Harper,SAS,NYK,True,pr,"{""0"": 8.121476296938236e-05, ""1"": 0.00022760868276410745, ""2"": 0.0005092486966868937, ""3"": 0.0017075853749786518, ""4"": 0.003163022067924017, ""5"": 0.005590237348828138, ""6"": 0.00888976001499364, ""7"": 0.012929322438478281, ""8"": 0.017820832092313416, ""9"": 0.02321844809540396, ""10"": 0.02907054585734918, ""11"": 0.035106268173865474, ""12"": 0.040768850216258264, ""13"": 0.04738317130840163, ""14"": 0.05307221911759457, ""15"": 0.05805757549373152, ""16"": 0.06239006083755468, ""17"": 0.06356960232933336, ""18"": 0.06241069830043456, ""19"": 0.05967063763889699, ""20"": 0.05423504639885011, ""21"": 0.049223002127834814, ""22"": 0.044906161975681494, ""23"": 0.04113302830105576, ""24"": 0.03703947699180149, ""25"": 0.03248096747891055, ""26"": 0.028989549442498118, ""27"": 0.02556396513357806, ""28"": 0.02221202283342859, ""29"": 0.019079795055625265, ""30"": 0.015335815252682303, ""31"": 0.011265773356357953, ""32"": 0.008329248874801699, ""33"": 0.006114367453977848, ""34"": 0.005000681043126946, ""35"": 0.004051633293412168, ""36"": 0.0030273615516258133, ""37"": 0.002014938868066353, ""38"": 0.0012532149224968282, ""39"": 0.0006742258633718047, ""40"": 0.000412197387809874, ""41"": 0.00027614689543874557, ""42"": 0.00022902424596759282, ""43"": 0.00020019833967160414, ""44"": 0.00018811518895034553, ""45"": 0.00018385611092946606, ""46"": 0.00016855667517410802, ""47"": 0.0001607267688920299, ""48"": 0.00013895027409287572, ""49"": 0.00010855294763660909, ""50"": 7.345876634492011e-05, ""51"": 4.3657006211577726e-05, ""52"": 2.272654041830587e-05, ""53"": 1.6425337469912346e-05, ""54"": 1.0819960641758523e-05, ""55"": 8.40928830263975e-06, ""56"": 6.355784806256035e-06, ""57"": 3.915538375575647e-06, ""58"": 2.2064963877999935e-06, ""59"": 1.0621332655406182e-06, ""60"": 2.5325995518506593e-07, ""61"": 1.9156468749201096e-07, ""62"": 8.09396970919151e-08, ""63"": 1.6200893169052298e-08, ""64"": 2.904045445798541e-09, ""65"": 1.6330802524329119e-09, ""66"": 1.0209593602609975e-10, ""67"": 2.8922610762710992e-11, ""68"": 5.121114186277451e-12, ""69"": 1.8691152251352797e-12, ""70"": 3.432723523482849e-13, ""71"": 1.2342314514333608e-14, ""72"": 8.282379199507e-15, ""80"": 1.4780823836435032e-06, ""81"": 3.347815738990583e-06, ""82"": 5.497419412355949e-06, ""83"": 2.0772811042846605e-05, ""84"": 2.8749029368867458e-05, ""85"": 3.442275973326648e-05, ""86"": 3.382236448401697e-05, ""87"": 2.4682733112285452e-05, ""88"": 1.3777065449277937e-05, ""89"": 6.726233345695342e-06, ""90"": 1.6330351010062916e-06, ""91"": 1.3050390341119715e-06, ""92"": 5.486539565624162e-07, ""93"": 1.1144443261509167e-07, ""94"": 1.989953498684149e-08, ""95"": 1.1276222118395477e-08, ""96"": 6.935101746895628e-10, ""97"": 1.9787439645157298e-10, ""98"": 3.53892522143094e-11, ""99"": 1.28889082554445e-11, ""100"": 2.378200318378196e-12, ""101"": 8.550789513549554e-14, ""102"": 5.738055137400556e-14}",18.6086,18.6086,18,17,0.0001,0.9999,0.9997,0.9992,0.9975,0.9943,0.9887,0.9798,0.9669,0.9491,0.9259,0.8968,0.8617,0.8209,0.7735,0.7205,0.6624,0.6,0.5364,0.474,0.4144,fc9e35ff#phase10c,"stat_grid:component_convolution_mean_coherent_v1+components[pts:pmf_sim_v1+role_aware_pmf_cal_v1:core+monotone_pit_cdf_v1,reb:pmf_sim_v1+role_aware_pmf_cal_v1:core+monotone_pit_cdf_v1]+prior_combo[joint_sampler_v1+joint_combo_pmf_v1+role_aware_pmf_cal_v1:core+monotone_pit_cdf_v1]+stat_grid_final_component_convolution_mean_coherent_v1",phase8_role_aware_pmf_cal_v1+monotone_inactive_global_v1,core,projected_minutes,high,24.9137,26.5139,10.5239,26.5139,34.6337,9.3557,0.05,0.9138,0.3003,core,True,current_market_line,True,fanduel,fanduel,player_pr_over_under,15.5,15.5,0.6624,-450.0,300.0,0.766,0.234,0.3376,-196.0,196.0,-0.1036,-0.1036,0.1036,2026-06-13T17:17:34.390727Z,full,provisional,lineup_unconfirmed,fallback_used,projected,derived_from_projected_minutes,ok,finals_pending,current_phase8,ok,0.0,projected,not_available_yet,bdl_lineup_freshness_manifest,bdl_plus_nba_official,2026-06-13T17:17:50Z
morning,2026-06-13T17:18:40Z,2026-06-13,21716138,1057262518,Dylan Harper,SAS,NYK,True,pr,"{""0"": 8.121476296938236e-05, ""1"": 0.00022760868276410745, ""2"": 0.0005092486966868937, ""3"": 0.0017075853749786518, ""4"": 0.003163022067924017, ""5"": 0.005590237348828138, ""6"": 0.00888976001499364, ""7"": 0.012929322438478281, ""8"": 0.017820832092313416, ""9"": 0.02321844809540396, ""10"": 0.02907054585734918, ""11"": 0.035106268173865474, ""12"": 0.040768850216258264, ""13"": 0.04738317130840163, ""14"": 0.05307221911759457, ""15"": 0.05805757549373152, ""16"": 0.06239006083755468, ""17"": 0.06356960232933336, ""18"": 0.06241069830043456, ""19"": 0.05967063763889699, ""20"": 0.05423504639885011, ""21"": 0.049223002127834814, ""22"": 0.044906161975681494, ""23"": 0.04113302830105576, ""24"": 0.03703947699180149, ""25"": 0.03248096747891055, ""26"": 0.028989549442498118, ""27"": 0.02556396513357806, ""28"": 0.02221202283342859, ""29"": 0.019079795055625265, ""30"": 0.015335815252682303, ""31"": 0.011265773356357953, ""32"": 0.008329248874801699, ""33"": 0.006114367453977848, ""34"": 0.005000681043126946, ""35"": 0.004051633293412168, ""36"": 0.0030273615516258133, ""37"": 0.002014938868066353, ""38"": 0.0012532149224968282, ""39"": 0.0006742258633718047, ""40"": 0.000412197387809874, ""41"": 0.00027614689543874557, ""42"": 0.00022902424596759282, ""43"": 0.00020019833967160414, ""44"": 0.00018811518895034553, ""45"": 0.00018385611092946606, ""46"": 0.00016855667517410802, ""47"": 0.0001607267688920299, ""48"": 0.00013895027409287572, ""49"": 0.00010855294763660909, ""50"": 7.345876634492011e-05, ""51"": 4.3657006211577726e-05, ""52"": 2.272654041830587e-05, ""53"": 1.6425337469912346e-05, ""54"": 1.0819960641758523e-05, ""55"": 8.40928830263975e-06, ""56"": 6.355784806256035e-06, ""57"": 3.915538375575647e-06, ""58"": 2.2064963877999935e-06, ""59"": 1.0621332655406182e-06, ""60"": 2.5325995518506593e-07, ""61"": 1.9156468749201096e-07, ""62"": 8.09396970919151e-08, ""63"": 1.6200893169052298e-08, ""64"": 2.904045445798541e-09, ""65"": 1.6330802524329119e-09, ""66"": 1.0209593602609975e-10, ""67"": 2.8922610762710992e-11, ""68"": 5.121114186277451e-12, ""69"": 1.8691152251352797e-12, ""70"": 3.432723523482849e-13, ""71"": 1.2342314514333608e-14, ""72"": 8.282379199507e-15, ""80"": 1.4780823836435032e-06, ""81"": 3.347815738990583e-06, ""82"": 5.497419412355949e-06, ""83"": 2.0772811042846605e-05, ""84"": 2.8749029368867458e-05, ""85"": 3.442275973326648e-05, ""86"": 3.382236448401697e-05, ""87"": 2.4682733112285452e-05, ""88"": 1.3777065449277937e-05, ""89"": 6.726233345695342e-06, ""90"": 1.6330351010062916e-06, ""91"": 1.3050390341119715e-06, ""92"": 5.486539565624162e-07, ""93"": 1.1144443261509167e-07, ""94"": 1.989953498684149e-08, ""95"": 1.1276222118395477e-08, ""96"": 6.935101746895628e-10, ""97"": 1.9787439645157298e-10, ""98"": 3.53892522143094e-11, ""99"": 1.28889082554445e-11, ""100"": 2.378200318378196e-12, ""101"": 8.550789513549554e-14, ""102"": 5.738055137400556e-14}",18.6086,18.6086,18,17,0.0001,0.9999,0.9997,0.9992,0.9975,0.9943,0.9887,0.9798,0.9669,0.9491,0.9259,0.8968,0.8617,0.8209,0.7735,0.7205,0.6624,0.6,0.5364,0.474,0.4144,fc9e35ff#phase10c,"stat_grid:component_convolution_mean_coherent_v1+components[pts:pmf_sim_v1+role_aware_pmf_cal_v1:core+monotone_pit_cdf_v1,reb:pmf_sim_v1+role_aware_pmf_cal_v1:core+monotone_pit_cdf_v1]+prior_combo[joint_sampler_v1+joint_combo_pmf_v1+role_aware_pmf_cal_v1:core+monotone_pit_cdf_v1]+stat_grid_final_component_convolution_mean_coherent_v1",phase8_role_aware_pmf_cal_v1+monotone_inactive_global_v1,core,projected_minutes,high,24.9137,26.5139,10.5239,26.5139,34.6337,9.3557,0.05,0.9138,0.3003,core,True,current_market_line,True,fanduel,fanduel,player_pr_over_under,14.5,14.5,0.7205,-650.0,390.0,0.8094,0.1906,0.2795,-258.0,258.0,-0.0889,-0.0889,0.0889,2026-06-13T17:17:34.390727Z,full,provisional,lineup_unconfirmed,fallback_used,projected,derived_from_projected_minutes,ok,finals_pending,current_phase8,ok,0.0,projected,not_available_yet,bdl_lineup_freshness_manifest,bdl_plus_nba_official,2026-06-13T17:17:50Z
morning,2026-06-13T17:18:40Z,2026-06-13,21716138,1057262518,Dylan Harper,SAS,NYK,True,pr,"{""0"": 8.121476296938236e-05, ""1"": 0.00022760868276410745, ""2"": 0.0005092486966868937, ""3"": 0.0017075853749786518, ""4"": 0.003163022067924017, ""5"": 0.005590237348828138, ""6"": 0.00888976001499364, ""7"": 0.012929322438478281, ""8"": 0.017820832092313416, ""9"": 0.02321844809540396, ""10"": 0.02907054585734918, ""11"": 0.035106268173865474, ""12"": 0.040768850216258264, ""13"": 0.04738317130840163, ""14"": 0.05307221911759457, ""15"": 0.05805757549373152, ""16"": 0.06239006083755468, ""17"": 0.06356960232933336, ""18"": 0.06241069830043456, ""19"": 0.05967063763889699, ""20"": 0.05423504639885011, ""21"": 0.049223002127834814, ""22"": 0.044906161975681494, ""23"": 0.04113302830105576, ""24"": 0.03703947699180149, ""25"": 0.03248096747891055, ""26"": 0.028989549442498118, ""27"": 0.02556396513357806, ""28"": 0.02221202283342859, ""29"": 0.019079795055625265, ""30"": 0.015335815252682303, ""31"": 0.011265773356357953, ""32"": 0.008329248874801699, ""33"": 0.006114367453977848, ""34"": 0.005000681043126946, ""35"": 0.004051633293412168, ""36"": 0.0030273615516258133, ""37"": 0.002014938868066353, ""38"": 0.0012532149224968282, ""39"": 0.0006742258633718047, ""40"": 0.000412197387809874, ""41"": 0.00027614689543874557, ""42"": 0.00022902424596759282, ""43"": 0.00020019833967160414, ""44"": 0.00018811518895034553, ""45"": 0.00018385611092946606, ""46"": 0.00016855667517410802, ""47"": 0.0001607267688920299, ""48"": 0.00013895027409287572, ""49"": 0.00010855294763660909, ""50"": 7.345876634492011e-05, ""51"": 4.3657006211577726e-05, ""52"": 2.272654041830587e-05, ""53"": 1.6425337469912346e-05, ""54"": 1.0819960641758523e-05, ""55"": 8.40928830263975e-06, ""56"": 6.355784806256035e-06, ""57"": 3.915538375575647e-06, ""58"": 2.2064963877999935e-06, ""59"": 1.0621332655406182e-06, ""60"": 2.5325995518506593e-07, ""61"": 1.9156468749201096e-07, ""62"": 8.09396970919151e-08, ""63"": 1.6200893169052298e-08, ""64"": 2.904045445798541e-09, ""65"": 1.6330802524329119e-09, ""66"": 1.0209593602609975e-10, ""67"": 2.8922610762710992e-11, ""68"": 5.121114186277451e-12, ""69"": 1.8691152251352797e-12, ""70"": 3.432723523482849e-13, ""71"": 1.2342314514333608e-14, ""72"": 8.282379199507e-15, ""80"": 1.4780823836435032e-06, ""81"": 3.347815738990583e-06, ""82"": 5.497419412355949e-06, ""83"": 2.0772811042846605e-05, ""84"": 2.8749029368867458e-05, ""85"": 3.442275973326648e-05, ""86"": 3.382236448401697e-05, ""87"": 2.4682733112285452e-05, ""88"": 1.3777065449277937e-05, ""89"": 6.726233345695342e-06, ""90"": 1.6330351010062916e-06, ""91"": 1.3050390341119715e-06, ""92"": 5.486539565624162e-07, ""93"": 1.1144443261509167e-07, ""94"": 1.989953498684149e-08, ""95"": 1.1276222118395477e-08, ""96"": 6.935101746895628e-10, ""97"": 1.9787439645157298e-10, ""98"": 3.53892522143094e-11, ""99"": 1.28889082554445e-11, ""100"": 2.378200318378196e-12, ""101"": 8.550789513549554e-14, ""102"": 5.738055137400556e-14}",18.6086,18.6086,18,17,0.0001,0.9999,0.9997,0.9992,0.9975,0.9943,0.9887,0.9798,0.9669,0.9491,0.9259,0.8968,0.8617,0.8209,0.7735,0.7205,0.6624,0.6,0.5364,0.474,0.4144,fc9e35ff#phase10c,"stat_grid:component_convolution_mean_coherent_v1+components[pts:pmf_sim_v1+role_aware_pmf_cal_v1:core+monotone_pit_cdf_v1,reb:pmf_sim_v1+role_aware_pmf_cal_v1:core+monotone_pit_cdf_v1]+prior_combo[joint_sampler_v1+joint_combo_pmf_v1+role_aware_pmf_cal_v1:core+monotone_pit_cdf_v1]+stat_grid_final_component_convolution_mean_coherent_v1",phase8_role_aware_pmf_cal_v1+monotone_inactive_global_v1,core,projected_minutes,high,24.9137,26.5139,10.5239,26.5139,34.6337,9.3557,0.05,0.9138,0.3003,core,True,current_market_line,True,fanduel,fanduel,player_pr_over_under,13.5,13.5,0.7735,-900.0,490.0,0.8415,0.1585,0.2265,-342.0,342.0,-0.068,-0.068,0.068,2026-06-13T17:17:34.390727Z,full,provisional,lineup_unconfirmed,fallback_used,projected,derived_from_projected_minutes,ok,finals_pending,current_phase8,ok,0.0,projected,not_available_yet,bdl_lineup_freshness_manifest,bdl_plus_nba_official,2026-06-13T17:17:50Z
morning,2026-06-13T17:18:40Z,2026-06-13,21716138,1057262518,Dylan Harper,SAS,NYK,True,pr,"{""0"": 8.121476296938236e-05, ""1"": 0.00022760868276410745, ""2"": 0.0005092486966868937, ""3"": 0.0017075853749786518, ""4"": 0.003163022067924017, ""5"": 0.005590237348828138, ""6"": 0.00888976001499364, ""7"": 0.012929322438478281, ""8"": 0.017820832092313416, ""9"": 0.02321844809540396, ""10"": 0.02907054585734918, ""11"": 0.035106268173865474, ""12"": 0.040768850216258264, ""13"": 0.04738317130840163, ""14"": 0.05307221911759457, ""15"": 0.05805757549373152, ""16"": 0.06239006083755468, ""17"": 0.06356960232933336, ""18"": 0.06241069830043456, ""19"": 0.05967063763889699, ""20"": 0.05423504639885011, ""21"": 0.049223002127834814, ""22"": 0.044906161975681494, ""23"": 0.04113302830105576, ""24"": 0.03703947699180149, ""25"": 0.03248096747891055, ""26"": 0.028989549442498118, ""27"": 0.02556396513357806, ""28"": 0.02221202283342859, ""29"": 0.019079795055625265, ""30"": 0.015335815252682303, ""31"": 0.011265773356357953, ""32"": 0.008329248874801699, ""33"": 0.006114367453977848, ""34"": 0.005000681043126946, ""35"": 0.004051633293412168, ""36"": 0.0030273615516258133, ""37"": 0.002014938868066353, ""38"": 0.0012532149224968282, ""39"": 0.0006742258633718047, ""40"": 0.000412197387809874, ""41"": 0.00027614689543874557, ""42"": 0.00022902424596759282, ""43"": 0.00020019833967160414, ""44"": 0.00018811518895034553, ""45"": 0.00018385611092946606, ""46"": 0.00016855667517410802, ""47"": 0.0001607267688920299, ""48"": 0.00013895027409287572, ""49"": 0.00010855294763660909, ""50"": 7.345876634492011e-05, ""51"": 4.3657006211577726e-05, ""52"": 2.272654041830587e-05, ""53"": 1.6425337469912346e-05, ""54"": 1.0819960641758523e-05, ""55"": 8.40928830263975e-06, ""56"": 6.355784806256035e-06, ""57"": 3.915538375575647e-06, ""58"": 2.2064963877999935e-06, ""59"": 1.0621332655406182e-06, ""60"": 2.5325995518506593e-07, ""61"": 1.9156468749201096e-07, ""62"": 8.09396970919151e-08, ""63"": 1.6200893169052298e-08, ""64"": 2.904045445798541e-09, ""65"": 1.6330802524329119e-09, ""66"": 1.0209593602609975e-10, ""67"": 2.8922610762710992e-11, ""68"": 5.121114186277451e-12, ""69"": 1.8691152251352797e-12, ""70"": 3.432723523482849e-13, ""71"": 1.2342314514333608e-14, ""72"": 8.282379199507e-15, ""80"": 1.4780823836435032e-06, ""81"": 3.347815738990583e-06, ""82"": 5.497419412355949e-06, ""83"": 2.0772811042846605e-05, ""84"": 2.8749029368867458e-05, ""85"": 3.442275973326648e-05, ""86"": 3.382236448401697e-05, ""87"": 2.4682733112285452e-05, ""88"": 1.3777065449277937e-05, ""89"": 6.726233345695342e-06, ""90"": 1.6330351010062916e-06, ""91"": 1.3050390341119715e-06, ""92"": 5.486539565624162e-07, ""93"": 1.1144443261509167e-07, ""94"": 1.989953498684149e-08, ""95"": 1.1276222118395477e-08, ""96"": 6.935101746895628e-10, ""97"": 1.9787439645157298e-10, ""98"": 3.53892522143094e-11, ""99"": 1.28889082554445e-11, ""100"": 2.378200318378196e-12, ""101"": 8.550789513549554e-14, ""102"": 5.738055137400556e-14}",18.6086,18.6086,18,17,0.0001,0.9999,0.9997,0.9992,0.9975,0.9943,0.9887,0.9798,0.9669,0.9491,0.9259,0.8968,0.8617,0.8209,0.7735,0.7205,0.6624,0.6,0.5364,0.474,0.4144,fc9e35ff#phase10c,"stat_grid:component_convolution_mean_coherent_v1+components[pts:pmf_sim_v1+role_aware_pmf_cal_v1:core+monotone_pit_cdf_v1,reb:pmf_sim_v1+role_aware_pmf_cal_v1:core+monotone_pit_cdf_v1]+prior_combo[joint_sampler_v1+joint_combo_pmf_v1+role_aware_pmf_cal_v1:core+monotone_pit_cdf_v1]+stat_grid_final_component_convolution_mean_coherent_v1",phase8_role_aware_pmf_cal_v1+monotone_inactive_global_v1,core,projected_minutes,high,24.9137,26.5139,10.5239,26.5139,34.6337,9.3557,0.05,0.9138,0.3003,core,True,current_market_line,True,bovada,bovada,player_pr_over_under,21.5,21.5,0.3109,-110.0,-120.0,0.4899,0.5101,0.6891,222.0,-222.0,-0.179,-0.179,0.179,2026-06-13T17:17:34.390727Z,full,provisional,lineup_unconfirmed,fallback_used,projected,derived_from_projected_minutes,ok,finals_pending,current_phase8,ok,0.0,projected,not_available_yet,bdl_lineup_freshness_manifest,bdl_plus_nba_official,2026-06-13T17:17:50Z
morning,2026-06-13T17:18:40Z,2026-06-13,21716138,1057262518,Dylan Harper,SAS,NYK,True,pr,"{""0"": 8.121476296938236e-05, ""1"": 0.00022760868276410745, ""2"": 0.0005092486966868937, ""3"": 0.0017075853749786518, ""4"": 0.003163022067924017, ""5"": 0.005590237348828138, ""6"": 0.00888976001499364, ""7"": 0.012929322438478281, ""8"": 0.017820832092313416, ""9"": 0.02321844809540396, ""10"": 0.02907054585734918, ""11"": 0.035106268173865474, ""12"": 0.040768850216258264, ""13"": 0.04738317130840163, ""14"": 0.05307221911759457, ""15"": 0.05805757549373152, ""16"": 0.06239006083755468, ""17"": 0.06356960232933336, ""18"": 0.06241069830043456, ""19"": 0.05967063763889699, ""20"": 0.05423504639885011, ""21"": 0.049223002127834814, ""22"": 0.044906161975681494, ""23"": 0.04113302830105576, ""24"": 0.03703947699180149, ""25"": 0.03248096747891055, ""26"": 0.028989549442498118, ""27"": 0.02556396513357806, ""28"": 0.02221202283342859, ""29"": 0.019079795055625265, ""30"": 0.015335815252682303, ""31"": 0.011265773356357953, ""32"": 0.008329248874801699, ""33"": 0.006114367453977848, ""34"": 0.005000681043126946, ""35"": 0.004051633293412168, ""36"": 0.0030273615516258133, ""37"": 0.002014938868066353, ""38"": 0.0012532149224968282, ""39"": 0.0006742258633718047, ""40"": 0.000412197387809874, ""41"": 0.00027614689543874557, ""42"": 0.00022902424596759282, ""43"": 0.00020019833967160414, ""44"": 0.00018811518895034553, ""45"": 0.00018385611092946606, ""46"": 0.00016855667517410802, ""47"": 0.0001607267688920299, ""48"": 0.00013895027409287572, ""49"": 0.00010855294763660909, ""50"": 7.345876634492011e-05, ""51"": 4.3657006211577726e-05, ""52"": 2.272654041830587e-05, ""53"": 1.6425337469912346e-05, ""54"": 1.0819960641758523e-05, ""55"": 8.40928830263975e-06, ""56"": 6.355784806256035e-06, ""57"": 3.915538375575647e-06, ""58"": 2.2064963877999935e-06, ""59"": 1.0621332655406182e-06, ""60"": 2.5325995518506593e-07, ""61"": 1.9156468749201096e-07, ""62"": 8.09396970919151e-08, ""63"": 1.6200893169052298e-08, ""64"": 2.904045445798541e-09, ""65"": 1.6330802524329119e-09, ""66"": 1.0209593602609975e-10, ""67"": 2.8922610762710992e-11, ""68"": 5.121114186277451e-12, ""69"": 1.8691152251352797e-12, ""70"": 3.432723523482849e-13, ""71"": 1.2342314514333608e-14, ""72"": 8.282379199507e-15, ""80"": 1.4780823836435032e-06, ""81"": 3.347815738990583e-06, ""82"": 5.497419412355949e-06, ""83"": 2.0772811042846605e-05, ""84"": 2.8749029368867458e-05, ""85"": 3.442275973326648e-05, ""86"": 3.382236448401697e-05, ""87"": 2.4682733112285452e-05, ""88"": 1.3777065449277937e-05, ""89"": 6.726233345695342e-06, ""90"": 1.6330351010062916e-06, ""91"": 1.3050390341119715e-06, ""92"": 5.486539565624162e-07, ""93"": 1.1144443261509167e-07, ""94"": 1.989953498684149e-08, ""95"": 1.1276222118395477e-08, ""96"": 6.935101746895628e-10, ""97"": 1.9787439645157298e-10, ""98"": 3.53892522143094e-11, ""99"": 1.28889082554445e-11, ""100"": 2.378200318378196e-12, ""101"": 8.550789513549554e-14, ""102"": 5.738055137400556e-14}",18.6086,18.6086,18,17,0.0001,0.9999,0.9997,0.9992,0.9975,0.9943,0.9887,0.9798,0.9669,0.9491,0.9259,0.8968,0.8617,0.8209,0.7735,0.7205,0.6624,0.6,0.5364,0.474,0.4144,fc9e35ff#phase10c,"stat_grid:component_convolution_mean_coherent_v1+components[pts:pmf_sim_v1+role_aware_pmf_cal_v1:core+monotone_pit_cdf_v1,reb:pmf_sim_v1+role_aware_pmf_cal_v1:core+monotone_pit_cdf_v1]+prior_combo[joint_sampler_v1+joint_combo_pmf_v1+role_aware_pmf_cal_v1:core+monotone_pit_cdf_v1]+stat_grid_final_component_convolution_mean_coherent_v1",phase8_role_aware_pmf_cal_v1+monotone_inactive_global_v1,core,projected_minutes,high,24.9137,26.5139,10.5239,26.5139,34.6337,9.3557,0.05,0.9138,0.3003,core,True,current_market_line,True,bovada,bovada,player_pr_over_under,20.5,20.5,0.3601,-135.0,105.0,0.5408,0.4592,0.6399,178.0,-178.0,-0.1807,-0.1807,0.1807,2026-06-13T17:17:34.390727Z,full,provisional,lineup_unconfirmed,fallback_used,projected,derived_from_projected_minutes,ok,finals_pending,current_phase8,ok,0.0,projected,not_available_yet,bdl_lineup_freshness_manifest,bdl_plus_nba_official,2026-06-13T17:17:50Z
morning,2026-06-13T17:18:40Z,2026-06-13,21716138,1057262518,Dylan Harper,SAS,NYK,True,pr,"{""0"": 8.121476296938236e-05, ""1"": 0.00022760868276410745, ""2"": 0.0005092486966868937, ""3"": 0.0017075853749786518, ""4"": 0.003163022067924017, ""5"": 0.005590237348828138, ""6"": 0.00888976001499364, ""7"": 0.012929322438478281, ""8"": 0.017820832092313416, ""9"": 0.02321844809540396, ""10"": 0.02907054585734918, ""11"": 0.035106268173865474, ""12"": 0.040768850216258264, ""13"": 0.04738317130840163, ""14"": 0.05307221911759457, ""15"": 0.05805757549373152, ""16"": 0.06239006083755468, ""17"": 0.06356960232933336, ""18"": 0.06241069830043456, ""19"": 0.05967063763889699, ""20"": 0.05423504639885011, ""21"": 0.049223002127834814, ""22"": 0.044906161975681494, ""23"": 0.04113302830105576, ""24"": 0.03703947699180149, ""25"": 0.03248096747891055, ""26"": 0.028989549442498118, ""27"": 0.02556396513357806, ""28"": 0.02221202283342859, ""29"": 0.019079795055625265, ""30"": 0.015335815252682303, ""31"": 0.011265773356357953, ""32"": 0.008329248874801699, ""33"": 0.006114367453977848, ""34"": 0.005000681043126946, ""35"": 0.004051633293412168, ""36"": 0.0030273615516258133, ""37"": 0.002014938868066353, ""38"": 0.0012532149224968282, ""39"": 0.0006742258633718047, ""40"": 0.000412197387809874, ""41"": 0.00027614689543874557, ""42"": 0.00022902424596759282, ""43"": 0.00020019833967160414, ""44"": 0.00018811518895034553, ""45"": 0.00018385611092946606, ""46"": 0.00016855667517410802, ""47"": 0.0001607267688920299, ""48"": 0.00013895027409287572, ""49"": 0.00010855294763660909, ""50"": 7.345876634492011e-05, ""51"": 4.3657006211577726e-05, ""52"": 2.272654041830587e-05, ""53"": 1.6425337469912346e-05, ""54"": 1.0819960641758523e-05, ""55"": 8.40928830263975e-06, ""56"": 6.355784806256035e-06, ""57"": 3.915538375575647e-06, ""58"": 2.2064963877999935e-06, ""59"": 1.0621332655406182e-06, ""60"": 2.5325995518506593e-07, ""61"": 1.9156468749201096e-07, ""62"": 8.09396970919151e-08, ""63"": 1.6200893169052298e-08, ""64"": 2.904045445798541e-09, ""65"": 1.6330802524329119e-09, ""66"": 1.0209593602609975e-10, ""67"": 2.8922610762710992e-11, ""68"": 5.121114186277451e-12, ""69"": 1.8691152251352797e-12, ""70"": 3.432723523482849e-13, ""71"": 1.2342314514333608e-14, ""72"": 8.282379199507e-15, ""80"": 1.4780823836435032e-06, ""81"": 3.347815738990583e-06, ""82"": 5.497419412355949e-06, ""83"": 2.0772811042846605e-05, ""84"": 2.8749029368867458e-05, ""85"": 3.442275973326648e-05, ""86"": 3.382236448401697e-05, ""87"": 2.4682733112285452e-05, ""88"": 1.3777065449277937e-05, ""89"": 6.726233345695342e-06, ""90"": 1.6330351010062916e-06, ""91"": 1.3050390341119715e-06, ""92"": 5.486539565624162e-07, ""93"": 1.1144443261509167e-07, ""94"": 1.989953498684149e-08, ""95"": 1.1276222118395477e-08, ""96"": 6.935101746895628e-10, ""97"": 1.9787439645157298e-10, ""98"": 3.53892522143094e-11, ""99"": 1.28889082554445e-11, ""100"": 2.378200318378196e-12, ""101"": 8.550789513549554e-14, ""102"": 5.738055137400556e-14}",18.6086,18.6086,18,17,0.0001,0.9999,0.9997,0.9992,0.9975,0.9943,0.9887,0.9798,0.9669,0.9491,0.9259,0.8968,0.8617,0.8209,0.7735,0.7205,0.6624,0.6,0.5364,0.474,0.4144,fc9e35ff#phase10c,"stat_grid:component_convolution_mean_coherent_v1+components[pts:pmf_sim_v1+role_aware_pmf_cal_v1:core+monotone_pit_cdf_v1,reb:pmf_sim_v1+role_aware_pmf_cal_v1:core+monotone_pit_cdf_v1]+prior_combo[joint_sampler_v1+joint_combo_pmf_v1+role_aware_pmf_cal_v1:core+monotone_pit_cdf_v1]+stat_grid_final_component_convolution_mean_coherent_v1",phase8_role_aware_pmf_cal_v1+monotone_inactive_global_v1,core,projected_minutes,high,24.9137,26.5139,10.5239,26.5139,34.6337,9.3557,0.05,0.9138,0.3003,core,True,current_market_line,True,bovada,bovada,player_pr_over_under,19.5,19.5,0.4144,-170.0,130.0,0.5915,0.4085,0.5856,141.0,-141.0,-0.1772,-0.1772,0.1772,2026-06-13T17:17:34.390727Z,full,provisional,lineup_unconfirmed,fallback_used,projected,derived_from_projected_minutes,ok,finals_pending,current_phase8,ok,0.0,projected,not_available_yet,bdl_lineup_freshness_manifest,bdl_plus_nba_official,2026-06-13T17:17:50Z
morning,2026-06-13T17:18:40Z,2026-06-13,21716138,1057262518,Dylan Harper,SAS,NYK,True,pr,"{""0"": 8.121476296938236e-05, ""1"": 0.00022760868276410745, ""2"": 0.0005092486966868937, ""3"": 0.0017075853749786518, ""4"": 0.003163022067924017, ""5"": 0.005590237348828138, ""6"": 0.00888976001499364, ""7"": 0.012929322438478281, ""8"": 0.017820832092313416, ""9"": 0.02321844809540396, ""10"": 0.02907054585734918, ""11"": 0.035106268173865474, ""12"": 0.040768850216258264, ""13"": 0.04738317130840163, ""14"": 0.05307221911759457, ""15"": 0.05805757549373152, ""16"": 0.06239006083755468, ""17"": 0.06356960232933336, ""18"": 0.06241069830043456, ""19"": 0.05967063763889699, ""20"": 0.05423504639885011, ""21"": 0.049223002127834814, ""22"": 0.044906161975681494, ""23"": 0.04113302830105576, ""24"": 0.03703947699180149, ""25"": 0.03248096747891055, ""26"": 0.028989549442498118, ""27"": 0.02556396513357806, ""28"": 0.02221202283342859, ""29"": 0.019079795055625265, ""30"": 0.015335815252682303, ""31"": 0.011265773356357953, ""32"": 0.008329248874801699, ""33"": 0.006114367453977848, ""34"": 0.005000681043126946, ""35"": 0.004051633293412168, ""36"": 0.0030273615516258133, ""37"": 0.002014938868066353, ""38"": 0.0012532149224968282, ""39"": 0.0006742258633718047, ""40"": 0.000412197387809874, ""41"": 0.00027614689543874557, ""42"": 0.00022902424596759282, ""43"": 0.00020019833967160414, ""44"": 0.00018811518895034553, ""45"": 0.00018385611092946606, ""46"": 0.00016855667517410802, ""47"": 0.0001607267688920299, ""48"": 0.00013895027409287572, ""49"": 0.00010855294763660909, ""50"": 7.345876634492011e-05, ""51"": 4.3657006211577726e-05, ""52"": 2.272654041830587e-05, ""53"": 1.6425337469912346e-05, ""54"": 1.0819960641758523e-05, ""55"": 8.40928830263975e-06, ""56"": 6.355784806256035e-06, ""57"": 3.915538375575647e-06, ""58"": 2.2064963877999935e-06, ""59"": 1.0621332655406182e-06, ""60"": 2.5325995518506593e-07, ""61"": 1.9156468749201096e-07, ""62"": 8.09396970919151e-08, ""63"": 1.6200893169052298e-08, ""64"": 2.904045445798541e-09, ""65"": 1.6330802524329119e-09, ""66"": 1.0209593602609975e-10, ""67"": 2.8922610762710992e-11, ""68"": 5.121114186277451e-12, ""69"": 1.8691152251352797e-12, ""70"": 3.432723523482849e-13, ""71"": 1.2342314514333608e-14, ""72"": 8.282379199507e-15, ""80"": 1.4780823836435032e-06, ""81"": 3.347815738990583e-06, ""82"": 5.497419412355949e-06, ""83"": 2.0772811042846605e-05, ""84"": 2.8749029368867458e-05, ""85"": 3.442275973326648e-05, ""86"": 3.382236448401697e-05, ""87"": 2.4682733112285452e-05, ""88"": 1.3777065449277937e-05, ""89"": 6.726233345695342e-06, ""90"": 1.6330351010062916e-06, ""91"": 1.3050390341119715e-06, ""92"": 5.486539565624162e-07, ""93"": 1.1144443261509167e-07, ""94"": 1.989953498684149e-08, ""95"": 1.1276222118395477e-08, ""96"": 6.935101746895628e-10, ""97"": 1.9787439645157298e-10, ""98"": 3.53892522143094e-11, ""99"": 1.28889082554445e-11, ""100"": 2.378200318378196e-12, ""101"": 8.550789513549554e-14, ""102"": 5.738055137400556e-14}",18.6086,18.6086,18,17,0.0001,0.9999,0.9997,0.9992,0.9975,0.9943,0.9887,0.9798,0.9669,0.9491,0.9259,0.8968,0.8617,0.8209,0.7735,0.7205,0.6624,0.6,0.5364,0.474,0.4144,fc9e35ff#phase10c,"stat_grid:component_convolution_mean_coherent_v1+components[pts:pmf_sim_v1+role_aware_pmf_cal_v1:core+monotone_pit_cdf_v1,reb:pmf_sim_v1+role_aware_pmf_cal_v1:core+monotone_pit_cdf_v1]+prior_combo[joint_sampler_v1+joint_combo_pmf_v1+role_aware_pmf_cal_v1:core+monotone_pit_cdf_v1]+stat_grid_final_component_convolution_mean_coherent_v1",phase8_role_aware_pmf_cal_v1+monotone_inactive_global_v1,core,projected_minutes,high,24.9137,26.5139,10.5239,26.5139,34.6337,9.3557,0.05,0.9138,0.3003,core,True,current_market_line,True,draftkings,draftkings,player_pr_over_under,21.5,21.5,0.3109,-112.0,-118.0,0.4939,0.5061,0.6891,222.0,-222.0,-0.183,-0.183,0.183,2026-06-13T17:17:34.390727Z,full,provisional,lineup_unconfirmed,fallback_used,projected,derived_from_projected_minutes,ok,finals_pending,current_phase8,ok,0.0,projected,not_available_yet,bdl_lineup_freshness_manifest,bdl_plus_nba_official,2026-06-13T17:17:50Z
morning,2026-06-13T17:18:40Z,2026-06-13,21716138,1057262518,Dylan Harper,SAS,NYK,True,pr,"{""0"": 8.121476296938236e-05, ""1"": 0.00022760868276410745, ""2"": 0.0005092486966868937, ""3"": 0.0017075853749786518, ""4"": 0.003163022067924017, ""5"": 0.005590237348828138, ""6"": 0.00888976001499364, ""7"": 0.012929322438478281, ""8"": 0.017820832092313416, ""9"": 0.02321844809540396, ""10"": 0.02907054585734918, ""11"": 0.035106268173865474, ""12"": 0.040768850216258264, ""13"": 0.04738317130840163, ""14"": 0.05307221911759457, ""15"": 0.05805757549373152, ""16"": 0.06239006083755468, ""17"": 0.06356960232933336, ""18"": 0.06241069830043456, ""19"": 0.05967063763889699, ""20"": 0.05423504639885011, ""21"": 0.049223002127834814, ""22"": 0.044906161975681494, ""23"": 0.04113302830105576, ""24"": 0.03703947699180149, ""25"": 0.03248096747891055, ""26"": 0.028989549442498118, ""27"": 0.02556396513357806, ""28"": 0.02221202283342859, ""29"": 0.019079795055625265, ""30"": 0.015335815252682303, ""31"": 0.011265773356357953, ""32"": 0.008329248874801699, ""33"": 0.006114367453977848, ""34"": 0.005000681043126946, ""35"": 0.004051633293412168, ""36"": 0.0030273615516258133, ""37"": 0.002014938868066353, ""38"": 0.0012532149224968282, ""39"": 0.0006742258633718047, ""40"": 0.000412197387809874, ""41"": 0.00027614689543874557, ""42"": 0.00022902424596759282, ""43"": 0.00020019833967160414, ""44"": 0.00018811518895034553, ""45"": 0.00018385611092946606, ""46"": 0.00016855667517410802, ""47"": 0.0001607267688920299, ""48"": 0.00013895027409287572, ""49"": 0.00010855294763660909, ""50"": 7.345876634492011e-05, ""51"": 4.3657006211577726e-05, ""52"": 2.272654041830587e-05, ""53"": 1.6425337469912346e-05, ""54"": 1.0819960641758523e-05, ""55"": 8.40928830263975e-06, ""56"": 6.355784806256035e-06, ""57"": 3.915538375575647e-06, ""58"": 2.2064963877999935e-06, ""59"": 1.0621332655406182e-06, ""60"": 2.5325995518506593e-07, ""61"": 1.9156468749201096e-07, ""62"": 8.09396970919151e-08, ""63"": 1.6200893169052298e-08, ""64"": 2.904045445798541e-09, ""65"": 1.6330802524329119e-09, ""66"": 1.0209593602609975e-10, ""67"": 2.8922610762710992e-11, ""68"": 5.121114186277451e-12, ""69"": 1.8691152251352797e-12, ""70"": 3.432723523482849e-13, ""71"": 1.2342314514333608e-14, ""72"": 8.282379199507e-15, ""80"": 1.4780823836435032e-06, ""81"": 3.347815738990583e-06, ""82"": 5.497419412355949e-06, ""83"": 2.0772811042846605e-05, ""84"": 2.8749029368867458e-05, ""85"": 3.442275973326648e-05, ""86"": 3.382236448401697e-05, ""87"": 2.4682733112285452e-05, ""88"": 1.3777065449277937e-05, ""89"": 6.726233345695342e-06, ""90"": 1.6330351010062916e-06, ""91"": 1.3050390341119715e-06, ""92"": 5.486539565624162e-07, ""93"": 1.1144443261509167e-07, ""94"": 1.989953498684149e-08, ""95"": 1.1276222118395477e-08, ""96"": 6.935101746895628e-10, ""97"": 1.9787439645157298e-10, ""98"": 3.53892522143094e-11, ""99"": 1.28889082554445e-11, ""100"": 2.378200318378196e-12, ""101"": 8.550789513549554e-14, ""102"": 5.738055137400556e-14}",18.6086,18.6086,18,17,0.0001,0.9999,0.9997,0.9992,0.9975,0.9943,0.9887,0.9798,0.9669,0.9491,0.9259,0.8968,0.8617,0.8209,0.7735,0.7205,0.6624,0.6,0.5364,0.474,0.4144,fc9e35ff#phase10c,"stat_grid:component_convolution_mean_coherent_v1+components[pts:pmf_sim_v1+role_aware_pmf_cal_v1:core+monotone_pit_cdf_v1,reb:pmf_sim_v1+role_aware_pmf_cal_v1:core+monotone_pit_cdf_v1]+prior_combo[joint_sampler_v1+joint_combo_pmf_v1+role_aware_pmf_cal_v1:core+monotone_pit_cdf_v1]+stat_grid_final_component_convolution_mean_coherent_v1",phase8_role_aware_pmf_cal_v1+monotone_inactive_global_v1,core,projected_minutes,high,24.9137,26.5139,10.5239,26.5139,34.6337,9.3557,0.05,0.9138,0.3003,core,True,current_market_line,True,hardrockbet_az,hardrockbet_az,player_pr_over_under,21.5,21.5,0.3109,-115.0,-115.0,0.5,0.5,0.6891,222.0,-222.0,-0.1891,-0.1891,0.1891,2026-06-13T17:17:34.390727Z,full,provisional,lineup_unconfirmed,fallback_used,projected,derived_from_projected_minutes,ok,finals_pending,current_phase8,ok,0.0,projected,not_available_yet,bdl_lineup_freshness_manifest,bdl_plus_nba_official,2026-06-13T17:17:50Z
morning,2026-06-13T17:18:40Z,2026-06-13,21716138,1057262518,Dylan Harper,SAS,NYK,True,pr,"{""0"": 8.121476296938236e-05, ""1"": 0.00022760868276410745, ""2"": 0.0005092486966868937, ""3"": 0.0017075853749786518, ""4"": 0.003163022067924017, ""5"": 0.005590237348828138, ""6"": 0.00888976001499364, ""7"": 0.012929322438478281, ""8"": 0.017820832092313416, ""9"": 0.02321844809540396, ""10"": 0.02907054585734918, ""11"": 0.035106268173865474, ""12"": 0.040768850216258264, ""13"": 0.04738317130840163, ""14"": 0.05307221911759457, ""15"": 0.05805757549373152, ""16"": 0.06239006083755468, ""17"": 0.06356960232933336, ""18"": 0.06241069830043456, ""19"": 0.05967063763889699, ""20"": 0.05423504639885011, ""21"": 0.049223002127834814, ""22"": 0.044906161975681494, ""23"": 0.04113302830105576, ""24"": 0.03703947699180149, ""25"": 0.03248096747891055, ""26"": 0.028989549442498118, ""27"": 0.02556396513357806, ""28"": 0.02221202283342859, ""29"": 0.019079795055625265, ""30"": 0.015335815252682303, ""31"": 0.011265773356357953, ""32"": 0.008329248874801699, ""33"": 0.006114367453977848, ""34"": 0.005000681043126946, ""35"": 0.004051633293412168, ""36"": 0.0030273615516258133, ""37"": 0.002014938868066353, ""38"": 0.0012532149224968282, ""39"": 0.0006742258633718047, ""40"": 0.000412197387809874, ""41"": 0.00027614689543874557, ""42"": 0.00022902424596759282, ""43"": 0.00020019833967160414, ""44"": 0.00018811518895034553, ""45"": 0.00018385611092946606, ""46"": 0.00016855667517410802, ""47"": 0.0001607267688920299, ""48"": 0.00013895027409287572, ""49"": 0.00010855294763660909, ""50"": 7.345876634492011e-05, ""51"": 4.3657006211577726e-05, ""52"": 2.272654041830587e-05, ""53"": 1.6425337469912346e-05, ""54"": 1.0819960641758523e-05, ""55"": 8.40928830263975e-06, ""56"": 6.355784806256035e-06, ""57"": 3.915538375575647e-06, ""58"": 2.2064963877999935e-06, ""59"": 1.0621332655406182e-06, ""60"": 2.5325995518506593e-07, ""61"": 1.9156468749201096e-07, ""62"": 8.09396970919151e-08, ""63"": 1.6200893169052298e-08, ""64"": 2.904045445798541e-09, ""65"": 1.6330802524329119e-09, ""66"": 1.0209593602609975e-10, ""67"": 2.8922610762710992e-11, ""68"": 5.121114186277451e-12, ""69"": 1.8691152251352797e-12, ""70"": 3.432723523482849e-13, ""71"": 1.2342314514333608e-14, ""72"": 8.282379199507e-15, ""80"": 1.4780823836435032e-06, ""81"": 3.347815738990583e-06, ""82"": 5.497419412355949e-06, ""83"": 2.0772811042846605e-05, ""84"": 2.8749029368867458e-05, ""85"": 3.442275973326648e-05, ""86"": 3.382236448401697e-05, ""87"": 2.4682733112285452e-05, ""88"": 1.3777065449277937e-05, ""89"": 6.726233345695342e-06, ""90"": 1.6330351010062916e-06, ""91"": 1.3050390341119715e-06, ""92"": 5.486539565624162e-07, ""93"": 1.1144443261509167e-07, ""94"": 1.989953498684149e-08, ""95"": 1.1276222118395477e-08, ""96"": 6.935101746895628e-10, ""97"": 1.9787439645157298e-10, ""98"": 3.53892522143094e-11, ""99"": 1.28889082554445e-11, ""100"": 2.378200318378196e-12, ""101"": 8.550789513549554e-14, ""102"": 5.738055137400556e-14}",18.6086,18.6086,18,17,0.0001,0.9999,0.9997,0.9992,0.9975,0.9943,0.9887,0.9798,0.9669,0.9491,0.9259,0.8968,0.8617,0.8209,0.7735,0.7205,0.6624,0.6,0.5364,0.474,0.4144,fc9e35ff#phase10c,"stat_grid:component_convolution_mean_coherent_v1+components[pts:pmf_sim_v1+role_aware_pmf_cal_v1:core+monotone_pit_cdf_v1,reb:pmf_sim_v1+role_aware_pmf_cal_v1:core+monotone_pit_cdf_v1]+prior_combo[joint_sampler_v1+joint_combo_pmf_v1+role_aware_pmf_cal_v1:core+monotone_pit_cdf_v1]+stat_grid_final_component_convolution_mean_coherent_v1",phase8_role_aware_pmf_cal_v1+monotone_inactive_global_v1,core,projected_minutes,high,24.9137,26.5139,10.5239,26.5139,34.6337,9.3557,0.05,0.9138,0.3003,core,True,current_market_line,True,hardrockbet,hardrockbet,player_pr_over_under,21.5,21.5,0.3109,-115.0,-115.0,0.5,0.5,0.6891,222.0,-222.0,-0.1891,-0.1891,0.1891,2026-06-13T17:17:34.390727Z,full,provisional,lineup_unconfirmed,fallback_used,projected,derived_from_projected_minutes,ok,finals_pending,current_phase8,ok,0.0,projected,not_available_yet,bdl_lineup_freshness_manifest,bdl_plus_nba_official,2026-06-13T17:17:50Z
morning,2026-06-13T17:18:40Z,2026-06-13,21716138,1057262518,Dylan Harper,SAS,NYK,True,pr,"{""0"": 8.121476296938236e-05, ""1"": 0.00022760868276410745, ""2"": 0.0005092486966868937, ""3"": 0.0017075853749786518, ""4"": 0.003163022067924017, ""5"": 0.005590237348828138, ""6"": 0.00888976001499364, ""7"": 0.012929322438478281, ""8"": 0.017820832092313416, ""9"": 0.02321844809540396, ""10"": 0.02907054585734918, ""11"": 0.035106268173865474, ""12"": 0.040768850216258264, ""13"": 0.04738317130840163, ""14"": 0.05307221911759457, ""15"": 0.05805757549373152, ""16"": 0.06239006083755468, ""17"": 0.06356960232933336, ""18"": 0.06241069830043456, ""19"": 0.05967063763889699, ""20"": 0.05423504639885011, ""21"": 0.049223002127834814, ""22"": 0.044906161975681494, ""23"": 0.04113302830105576, ""24"": 0.03703947699180149, ""25"": 0.03248096747891055, ""26"": 0.028989549442498118, ""27"": 0.02556396513357806, ""28"": 0.02221202283342859, ""29"": 0.019079795055625265, ""30"": 0.015335815252682303, ""31"": 0.011265773356357953, ""32"": 0.008329248874801699, ""33"": 0.006114367453977848, ""34"": 0.005000681043126946, ""35"": 0.004051633293412168, ""36"": 0.0030273615516258133, ""37"": 0.002014938868066353, ""38"": 0.0012532149224968282, ""39"": 0.0006742258633718047, ""40"": 0.000412197387809874, ""41"": 0.00027614689543874557, ""42"": 0.00022902424596759282, ""43"": 0.00020019833967160414, ""44"": 0.00018811518895034553, ""45"": 0.00018385611092946606, ""46"": 0.00016855667517410802, ""47"": 0.0001607267688920299, ""48"": 0.00013895027409287572, ""49"": 0.00010855294763660909, ""50"": 7.345876634492011e-05, ""51"": 4.3657006211577726e-05, ""52"": 2.272654041830587e-05, ""53"": 1.6425337469912346e-05, ""54"": 1.0819960641758523e-05, ""55"": 8.40928830263975e-06, ""56"": 6.355784806256035e-06, ""57"": 3.915538375575647e-06, ""58"": 2.2064963877999935e-06, ""59"": 1.0621332655406182e-06, ""60"": 2.5325995518506593e-07, ""61"": 1.9156468749201096e-07, ""62"": 8.09396970919151e-08, ""63"": 1.6200893169052298e-08, ""64"": 2.904045445798541e-09, ""65"": 1.6330802524329119e-09, ""66"": 1.0209593602609975e-10, ""67"": 2.8922610762710992e-11, ""68"": 5.121114186277451e-12, ""69"": 1.8691152251352797e-12, ""70"": 3.432723523482849e-13, ""71"": 1.2342314514333608e-14, ""72"": 8.282379199507e-15, ""80"": 1.4780823836435032e-06, ""81"": 3.347815738990583e-06, ""82"": 5.497419412355949e-06, ""83"": 2.0772811042846605e-05, ""84"": 2.8749029368867458e-05, ""85"": 3.442275973326648e-05, ""86"": 3.382236448401697e-05, ""87"": 2.4682733112285452e-05, ""88"": 1.3777065449277937e-05, ""89"": 6.726233345695342e-06, ""90"": 1.6330351010062916e-06, ""91"": 1.3050390341119715e-06, ""92"": 5.486539565624162e-07, ""93"": 1.1144443261509167e-07, ""94"": 1.989953498684149e-08, ""95"": 1.1276222118395477e-08, ""96"": 6.935101746895628e-10, ""97"": 1.9787439645157298e-10, ""98"": 3.53892522143094e-11, ""99"": 1.28889082554445e-11, ""100"": 2.378200318378196e-12, ""101"": 8.550789513549554e-14, ""102"": 5.738055137400556e-14}",18.6086,18.6086,18,17,0.0001,0.9999,0.9997,0.9992,0.9975,0.9943,0.9887,0.9798,0.9669,0.9491,0.9259,0.8968,0.8617,0.8209,0.7735,0.7205,0.6624,0.6,0.5364,0.474,0.4144,fc9e35ff#phase10c,"stat_grid:component_convolution_mean_coherent_v1+components[pts:pmf_sim_v1+role_aware_pmf_cal_v1:core+monotone_pit_cdf_v1,reb:pmf_sim_v1+role_aware_pmf_cal_v1:core+monotone_pit_cdf_v1]+prior_combo[joint_sampler_v1+joint_combo_pmf_v1+role_aware_pmf_cal_v1:core+monotone_pit_cdf_v1]+stat_grid_final_component_convolution_mean_coherent_v1",phase8_role_aware_pmf_cal_v1+monotone_inactive_global_v1,core,projected_minutes,high,24.9137,26.5139,10.5239,26.5139,34.6337,9.3557,0.05,0.9138,0.3003,core,True,current_market_line,True,hardrockbet_fl,hardrockbet_fl,player_pr_over_under,21.5,21.5,0.3109,-115.0,-115.0,0.5,0.5,0.6891,222.0,-222.0,-0.1891,-0.1891,0.1891,2026-06-13T17:17:34.390727Z,full,provisional,lineup_unconfirmed,fallback_used,projected,derived_from_projected_minutes,ok,finals_pending,current_phase8,ok,0.0,projected,not_available_yet,bdl_lineup_freshness_manifest,bdl_plus_nba_official,2026-06-13T17:17:50Z
morning,2026-06-13T17:18:40Z,2026-06-13,21716138,1057262518,Dylan Harper,SAS,NYK,True,pr,"{""0"": 8.121476296938236e-05, ""1"": 0.00022760868276410745, ""2"": 0.0005092486966868937, ""3"": 0.0017075853749786518, ""4"": 0.003163022067924017, ""5"": 0.005590237348828138, ""6"": 0.00888976001499364, ""7"": 0.012929322438478281, ""8"": 0.017820832092313416, ""9"": 0.02321844809540396, ""10"": 0.02907054585734918, ""11"": 0.035106268173865474, ""12"": 0.040768850216258264, ""13"": 0.04738317130840163, ""14"": 0.05307221911759457, ""15"": 0.05805757549373152, ""16"": 0.06239006083755468, ""17"": 0.06356960232933336, ""18"": 0.06241069830043456, ""19"": 0.05967063763889699, ""20"": 0.05423504639885011, ""21"": 0.049223002127834814, ""22"": 0.044906161975681494, ""23"": 0.04113302830105576, ""24"": 0.03703947699180149, ""25"": 0.03248096747891055, ""26"": 0.028989549442498118, ""27"": 0.02556396513357806, ""28"": 0.02221202283342859, ""29"": 0.019079795055625265, ""30"": 0.015335815252682303, ""31"": 0.011265773356357953, ""32"": 0.008329248874801699, ""33"": 0.006114367453977848, ""34"": 0.005000681043126946, ""35"": 0.004051633293412168, ""36"": 0.0030273615516258133, ""37"": 0.002014938868066353, ""38"": 0.0012532149224968282, ""39"": 0.0006742258633718047, ""40"": 0.000412197387809874, ""41"": 0.00027614689543874557, ""42"": 0.00022902424596759282, ""43"": 0.00020019833967160414, ""44"": 0.00018811518895034553, ""45"": 0.00018385611092946606, ""46"": 0.00016855667517410802, ""47"": 0.0001607267688920299, ""48"": 0.00013895027409287572, ""49"": 0.00010855294763660909, ""50"": 7.345876634492011e-05, ""51"": 4.3657006211577726e-05, ""52"": 2.272654041830587e-05, ""53"": 1.6425337469912346e-05, ""54"": 1.0819960641758523e-05, ""55"": 8.40928830263975e-06, ""56"": 6.355784806256035e-06, ""57"": 3.915538375575647e-06, ""58"": 2.2064963877999935e-06, ""59"": 1.0621332655406182e-06, ""60"": 2.5325995518506593e-07, ""61"": 1.9156468749201096e-07, ""62"": 8.09396970919151e-08, ""63"": 1.6200893169052298e-08, ""64"": 2.904045445798541e-09, ""65"": 1.6330802524329119e-09, ""66"": 1.0209593602609975e-10, ""67"": 2.8922610762710992e-11, ""68"": 5.121114186277451e-12, ""69"": 1.8691152251352797e-12, ""70"": 3.432723523482849e-13, ""71"": 1.2342314514333608e-14, ""72"": 8.282379199507e-15, ""80"": 1.4780823836435032e-06, ""81"": 3.347815738990583e-06, ""82"": 5.497419412355949e-06, ""83"": 2.0772811042846605e-05, ""84"": 2.8749029368867458e-05, ""85"": 3.442275973326648e-05, ""86"": 3.382236448401697e-05, ""87"": 2.4682733112285452e-05, ""88"": 1.3777065449277937e-05, ""89"": 6.726233345695342e-06, ""90"": 1.6330351010062916e-06, ""91"": 1.3050390341119715e-06, ""92"": 5.486539565624162e-07, ""93"": 1.1144443261509167e-07, ""94"": 1.989953498684149e-08, ""95"": 1.1276222118395477e-08, ""96"": 6.935101746895628e-10, ""97"": 1.9787439645157298e-10, ""98"": 3.53892522143094e-11, ""99"": 1.28889082554445e-11, ""100"": 2.378200318378196e-12, ""101"": 8.550789513549554e-14, ""102"": 5.738055137400556e-14}",18.6086,18.6086,18,17,0.0001,0.9999,0.9997,0.9992,0.9975,0.9943,0.9887,0.9798,0.9669,0.9491,0.9259,0.8968,0.8617,0.8209,0.7735,0.7205,0.6624,0.6,0.5364,0.474,0.4144,fc9e35ff#phase10c,"stat_grid:component_convolution_mean_coherent_v1+components[pts:pmf_sim_v1+role_aware_pmf_cal_v1:core+monotone_pit_cdf_v1,reb:pmf_sim_v1+role_aware_pmf_cal_v1:core+monotone_pit_cdf_v1]+prior_combo[joint_sampler_v1+joint_combo_pmf_v1+role_aware_pmf_cal_v1:core+monotone_pit_cdf_v1]+stat_grid_final_component_convolution_mean_coherent_v1",phase8_role_aware_pmf_cal_v1+monotone_inactive_global_v1,core,projected_minutes,high,24.9137,26.5139,10.5239,26.5139,34.6337,9.3557,0.05,0.9138,0.3003,core,True,current_market_line,True,espnbet,espnbet,player_pr_over_under,21.5,21.5,0.3109,-105.0,-125.0,0.4797,0.5203,0.6891,222.0,-222.0,-0.1688,-0.1688,0.1688,2026-06-13T17:17:34.390727Z,full,provisional,lineup_unconfirmed,fallback_used,projected,derived_from_projected_minutes,ok,finals_pending,current_phase8,ok,0.0,projected,not_available_yet,bdl_lineup_freshness_manifest,bdl_plus_nba_official,2026-06-13T17:17:50Z
morning,2026-06-13T17:18:40Z,2026-06-13,21716138,1057262518,Dylan Harper,SAS,NYK,True,pr,"{""0"": 8.121476296938236e-05, ""1"": 0.00022760868276410745, ""2"": 0.0005092486966868937, ""3"": 0.0017075853749786518, ""4"": 0.003163022067924017, ""5"": 0.005590237348828138, ""6"": 0.00888976001499364, ""7"": 0.012929322438478281, ""8"": 0.017820832092313416, ""9"": 0.02321844809540396, ""10"": 0.02907054585734918, ""11"": 0.035106268173865474, ""12"": 0.040768850216258264, ""13"": 0.04738317130840163, ""14"": 0.05307221911759457, ""15"": 0.05805757549373152, ""16"": 0.06239006083755468, ""17"": 0.06356960232933336, ""18"": 0.06241069830043456, ""19"": 0.05967063763889699, ""20"": 0.05423504639885011, ""21"": 0.049223002127834814, ""22"": 0.044906161975681494, ""23"": 0.04113302830105576, ""24"": 0.03703947699180149, ""25"": 0.03248096747891055, ""26"": 0.028989549442498118, ""27"": 0.02556396513357806, ""28"": 0.02221202283342859, ""29"": 0.019079795055625265, ""30"": 0.015335815252682303, ""31"": 0.011265773356357953, ""32"": 0.008329248874801699, ""33"": 0.006114367453977848, ""34"": 0.005000681043126946, ""35"": 0.004051633293412168, ""36"": 0.0030273615516258133, ""37"": 0.002014938868066353, ""38"": 0.0012532149224968282, ""39"": 0.0006742258633718047, ""40"": 0.000412197387809874, ""41"": 0.00027614689543874557, ""42"": 0.00022902424596759282, ""43"": 0.00020019833967160414, ""44"": 0.00018811518895034553, ""45"": 0.00018385611092946606, ""46"": 0.00016855667517410802, ""47"": 0.0001607267688920299, ""48"": 0.00013895027409287572, ""49"": 0.00010855294763660909, ""50"": 7.345876634492011e-05, ""51"": 4.3657006211577726e-05, ""52"": 2.272654041830587e-05, ""53"": 1.6425337469912346e-05, ""54"": 1.0819960641758523e-05, ""55"": 8.40928830263975e-06, ""56"": 6.355784806256035e-06, ""57"": 3.915538375575647e-06, ""58"": 2.2064963877999935e-06, ""59"": 1.0621332655406182e-06, ""60"": 2.5325995518506593e-07, ""61"": 1.9156468749201096e-07, ""62"": 8.09396970919151e-08, ""63"": 1.6200893169052298e-08, ""64"": 2.904045445798541e-09, ""65"": 1.6330802524329119e-09, ""66"": 1.0209593602609975e-10, ""67"": 2.8922610762710992e-11, ""68"": 5.121114186277451e-12, ""69"": 1.8691152251352797e-12, ""70"": 3.432723523482849e-13, ""71"": 1.2342314514333608e-14, ""72"": 8.282379199507e-15, ""80"": 1.4780823836435032e-06, ""81"": 3.347815738990583e-06, ""82"": 5.497419412355949e-06, ""83"": 2.0772811042846605e-05, ""84"": 2.8749029368867458e-05, ""85"": 3.442275973326648e-05, ""86"": 3.382236448401697e-05, ""87"": 2.4682733112285452e-05, ""88"": 1.3777065449277937e-05, ""89"": 6.726233345695342e-06, ""90"": 1.6330351010062916e-06, ""91"": 1.3050390341119715e-06, ""92"": 5.486539565624162e-07, ""93"": 1.1144443261509167e-07, ""94"": 1.989953498684149e-08, ""95"": 1.1276222118395477e-08, ""96"": 6.935101746895628e-10, ""97"": 1.9787439645157298e-10, ""98"": 3.53892522143094e-11, ""99"": 1.28889082554445e-11, ""100"": 2.378200318378196e-12, ""101"": 8.550789513549554e-14, ""102"": 5.738055137400556e-14}",18.6086,18.6086,18,17,0.0001,0.9999,0.9997,0.9992,0.9975,0.9943,0.9887,0.9798,0.9669,0.9491,0.9259,0.8968,0.8617,0.8209,0.7735,0.7205,0.6624,0.6,0.5364,0.474,0.4144,fc9e35ff#phase10c,"stat_grid:component_convolution_mean_coherent_v1+components[pts:pmf_sim_v1+role_aware_pmf_cal_v1:core+monotone_pit_cdf_v1,reb:pmf_sim_v1+role_aware_pmf_cal_v1:core+monotone_pit_cdf_v1]+prior_combo[joint_sampler_v1+joint_combo_pmf_v1+role_aware_pmf_cal_v1:core+monotone_pit_cdf_v1]+stat_grid_final_component_convolution_mean_coherent_v1",phase8_role_aware_pmf_cal_v1+monotone_inactive_global_v1,core,projected_minutes,high,24.9137,26.5139,10.5239,26.5139,34.6337,9.3557,0.05,0.9138,0.3003,core,True,current_market_line,True,fliff,fliff,player_pr_over_under,21.5,21.5,0.3109,-120.0,-120.0,0.5,0.5,0.6891,222.0,-222.0,-0.1891,-0.1891,0.1891,2026-06-13T17:17:34.390727Z,full,provisional,lineup_unconfirmed,fallback_used,projected,derived_from_projected_minutes,ok,finals_pending,current_phase8,ok,0.0,projected,not_available_yet,bdl_lineup_freshness_manifest,bdl_plus_nba_official,2026-06-13T17:17:50Z
morning,2026-06-13T17:18:40Z,2026-06-13,21716138,1057262518,Dylan Harper,SAS,NYK,True,ra,"{""0"": 0.0005653021281052128, ""1"": 0.0023735107647599287, ""2"": 0.0066146650137313065, ""3"": 0.01888614879182576, ""4"": 0.040382543621839274, ""5"": 0.0752778112082875, ""6"": 0.11677481699305454, ""7"": 0.14802280124333067, ""8"": 0.16088091237884555, ""9"": 0.14814904197678533, ""10"": 0.11608991446220156, ""11"": 0.07843246257052996, ""12"": 0.045497694907697714, ""13"": 0.02307698803194017, ""14"": 0.0110387395829468, ""15"": 0.004745438377716603, ""16"": 0.0020577285173306965, ""17"": 0.0007814244472785496, ""18"": 0.00024568739063315003, ""19"": 7.55278760571523e-05, ""20"": 2.3416410054079678e-05, ""21"": 5.624830909259899e-06, ""22"": 1.3279861594667282e-06, ""23"": 3.625042161265632e-07, ""24"": 8.257705769485674e-08, ""25"": 1.9244261604372848e-08, ""26"": 4.72889500206248e-09, ""27"": 1.128708735546439e-09, ""28"": 2.432961868066672e-10, ""29"": 4.991387451995946e-11, ""30"": 9.187760516224987e-12, ""31"": 1.9775909031806213e-12, ""32"": 3.616859552248059e-13, ""33"": 7.777681470345937e-14, ""34"": 2.0341018651223132e-14, ""35"": 3.728381043975486e-15, ""36"": 1.8132525357140232e-15}",8.1154,8.1154,8,8,0.0006,0.9994,0.9971,0.9904,0.9716,0.9312,0.8559,0.7391,0.5911,0.4302,0.2821,0.166,0.0876,0.0421,0.019,0.0079,0.0032,0.0011,0.0004,0.0001,0.0,fc9e35ff#phase10c,"stat_grid:component_convolution_mean_coherent_v1+components[reb:pmf_sim_v1+role_aware_pmf_cal_v1:core+monotone_pit_cdf_v1,ast:pmf_sim_v1+role_aware_pmf_cal_v1:core+monotone_pit_cdf_v1]+prior_combo[joint_sampler_v1+joint_combo_pmf_v1+role_aware_pmf_cal_v1:core+monotone_pit_cdf_v1]+stat_grid_final_component_convolution_mean_coherent_v1",phase8_role_aware_pmf_cal_v1+monotone_inactive_global_v1,core,projected_minutes,high,24.9137,26.5139,10.5239,26.5139,34.6337,9.3557,0.05,0.9138,0.3003,core,True,current_market_line,True,fanduel,fanduel,player_ra_over_under,10.5,10.5,0.166,194.0,-270.0,0.3179,0.6821,0.834,502.0,-502.0,-0.1519,-0.1519,0.1519,2026-06-13T17:17:34.390727Z,full,provisional,lineup_unconfirmed,fallback_used,projected,derived_from_projected_minutes,ok,finals_pending,current_phase8,ok,0.0,projected,not_available_yet,bdl_lineup_freshness_manifest,bdl_plus_nba_official,2026-06-13T17:17:50Z
morning,2026-06-13T17:18:40Z,2026-06-13,21716138,1057262518,Dylan Harper,SAS,NYK,True,ra,"{""0"": 0.0005653021281052128, ""1"": 0.0023735107647599287, ""2"": 0.0066146650137313065, ""3"": 0.01888614879182576, ""4"": 0.040382543621839274, ""5"": 0.0752778112082875, ""6"": 0.11677481699305454, ""7"": 0.14802280124333067, ""8"": 0.16088091237884555, ""9"": 0.14814904197678533, ""10"": 0.11608991446220156, ""11"": 0.07843246257052996, ""12"": 0.045497694907697714, ""13"": 0.02307698803194017, ""14"": 0.0110387395829468, ""15"": 0.004745438377716603, ""16"": 0.0020577285173306965, ""17"": 0.0007814244472785496, ""18"": 0.00024568739063315003, ""19"": 7.55278760571523e-05, ""20"": 2.3416410054079678e-05, ""21"": 5.624830909259899e-06, ""22"": 1.3279861594667282e-06, ""23"": 3.625042161265632e-07, ""24"": 8.257705769485674e-08, ""25"": 1.9244261604372848e-08, ""26"": 4.72889500206248e-09, ""27"": 1.128708735546439e-09, ""28"": 2.432961868066672e-10, ""29"": 4.991387451995946e-11, ""30"": 9.187760516224987e-12, ""31"": 1.9775909031806213e-12, ""32"": 3.616859552248059e-13, ""33"": 7.777681470345937e-14, ""34"": 2.0341018651223132e-14, ""35"": 3.728381043975486e-15, ""36"": 1.8132525357140232e-15}",8.1154,8.1154,8,8,0.0006,0.9994,0.9971,0.9904,0.9716,0.9312,0.8559,0.7391,0.5911,0.4302,0.2821,0.166,0.0876,0.0421,0.019,0.0079,0.0032,0.0011,0.0004,0.0001,0.0,fc9e35ff#phase10c,"stat_grid:component_convolution_mean_coherent_v1+components[reb:pmf_sim_v1+role_aware_pmf_cal_v1:core+monotone_pit_cdf_v1,ast:pmf_sim_v1+role_aware_pmf_cal_v1:core+monotone_pit_cdf_v1]+prior_combo[joint_sampler_v1+joint_combo_pmf_v1+role_aware_pmf_cal_v1:core+monotone_pit_cdf_v1]+stat_grid_final_component_convolution_mean_coherent_v1",phase8_role_aware_pmf_cal_v1+monotone_inactive_global_v1,core,projected_minutes,high,24.9137,26.5139,10.5239,26.5139,34.6337,9.3557,0.05,0.9138,0.3003,core,True,current_market_line,True,fanduel,fanduel,player_ra_over_under,9.5,9.5,0.2821,118.0,-158.0,0.4283,0.5717,0.7179,255.0,-255.0,-0.1462,-0.1462,0.1462,2026-06-13T17:17:34.390727Z,full,provisional,lineup_unconfirmed,fallback_used,projected,derived_from_projected_minutes,ok,finals_pending,current_phase8,ok,0.0,projected,not_available_yet,bdl_lineup_freshness_manifest,bdl_plus_nba_official,2026-06-13T17:17:50Z
morning,2026-06-13T17:18:40Z,2026-06-13,21716138,1057262518,Dylan Harper,SAS,NYK,True,ra,"{""0"": 0.0005653021281052128, ""1"": 0.0023735107647599287, ""2"": 0.0066146650137313065, ""3"": 0.01888614879182576, ""4"": 0.040382543621839274, ""5"": 0.0752778112082875, ""6"": 0.11677481699305454, ""7"": 0.14802280124333067, ""8"": 0.16088091237884555, ""9"": 0.14814904197678533, ""10"": 0.11608991446220156, ""11"": 0.07843246257052996, ""12"": 0.045497694907697714, ""13"": 0.02307698803194017, ""14"": 0.0110387395829468, ""15"": 0.004745438377716603, ""16"": 0.0020577285173306965, ""17"": 0.0007814244472785496, ""18"": 0.00024568739063315003, ""19"": 7.55278760571523e-05, ""20"": 2.3416410054079678e-05, ""21"": 5.624830909259899e-06, ""22"": 1.3279861594667282e-06, ""23"": 3.625042161265632e-07, ""24"": 8.257705769485674e-08, ""25"": 1.9244261604372848e-08, ""26"": 4.72889500206248e-09, ""27"": 1.128708735546439e-09, ""28"": 2.432961868066672e-10, ""29"": 4.991387451995946e-11, ""30"": 9.187760516224987e-12, ""31"": 1.9775909031806213e-12, ""32"": 3.616859552248059e-13, ""33"": 7.777681470345937e-14, ""34"": 2.0341018651223132e-14, ""35"": 3.728381043975486e-15, ""36"": 1.8132525357140232e-15}",8.1154,8.1154,8,8,0.0006,0.9994,0.9971,0.9904,0.9716,0.9312,0.8559,0.7391,0.5911,0.4302,0.2821,0.166,0.0876,0.0421,0.019,0.0079,0.0032,0.0011,0.0004,0.0001,0.0,fc9e35ff#phase10c,"stat_grid:component_convolution_mean_coherent_v1+components[reb:pmf_sim_v1+role_aware_pmf_cal_v1:core+monotone_pit_cdf_v1,ast:pmf_sim_v1+role_aware_pmf_cal_v1:core+monotone_pit_cdf_v1]+prior_combo[joint_sampler_v1+joint_combo_pmf_v1+role_aware_pmf_cal_v1:core+monotone_pit_cdf_v1]+stat_grid_final_component_convolution_mean_coherent_v1",phase8_role_aware_pmf_cal_v1+monotone_inactive_global_v1,core,projected_minutes,high,24.9137,26.5139,10.5239,26.5139,34.6337,9.3557,0.05,0.9138,0.3003,core,True,current_market_line,True,fanduel,fanduel,player_ra_over_under,8.5,8.5,0.4302,-140.0,106.0,0.5458,0.4542,0.5698,132.0,-132.0,-0.1156,-0.1156,0.1156,2026-06-13T17:17:34.390727Z,full,provisional,lineup_unconfirmed,fallback_used,projected,derived_from_projected_minutes,ok,finals_pending,current_phase8,ok,0.0,projected,not_available_yet,bdl_lineup_freshness_manifest,bdl_plus_nba_official,2026-06-13T17:17:50Z
morning,2026-06-13T17:18:40Z,2026-06-13,21716138,1057262518,Dylan Harper,SAS,NYK,True,ra,"{""0"": 0.0005653021281052128, ""1"": 0.0023735107647599287, ""2"": 0.0066146650137313065, ""3"": 0.01888614879182576, ""4"": 0.040382543621839274, ""5"": 0.0752778112082875, ""6"": 0.11677481699305454, ""7"": 0.14802280124333067, ""8"": 0.16088091237884555, ""9"": 0.14814904197678533, ""10"": 0.11608991446220156, ""11"": 0.07843246257052996, ""12"": 0.045497694907697714, ""13"": 0.02307698803194017, ""14"": 0.0110387395829468, ""15"": 0.004745438377716603, ""16"": 0.0020577285173306965, ""17"": 0.0007814244472785496, ""18"": 0.00024568739063315003, ""19"": 7.55278760571523e-05, ""20"": 2.3416410054079678e-05, ""21"": 5.624830909259899e-06, ""22"": 1.3279861594667282e-06, ""23"": 3.625042161265632e-07, ""24"": 8.257705769485674e-08, ""25"": 1.9244261604372848e-08, ""26"": 4.72889500206248e-09, ""27"": 1.128708735546439e-09, ""28"": 2.432961868066672e-10, ""29"": 4.991387451995946e-11, ""30"": 9.187760516224987e-12, ""31"": 1.9775909031806213e-12, ""32"": 3.616859552248059e-13, ""33"": 7.777681470345937e-14, ""34"": 2.0341018651223132e-14, ""35"": 3.728381043975486e-15, ""36"": 1.8132525357140232e-15}",8.1154,8.1154,8,8,0.0006,0.9994,0.9971,0.9904,0.9716,0.9312,0.8559,0.7391,0.5911,0.4302,0.2821,0.166,0.0876,0.0421,0.019,0.0079,0.0032,0.0011,0.0004,0.0001,0.0,fc9e35ff#phase10c,"stat_grid:component_convolution_mean_coherent_v1+components[reb:pmf_sim_v1+role_aware_pmf_cal_v1:core+monotone_pit_cdf_v1,ast:pmf_sim_v1+role_aware_pmf_cal_v1:core+monotone_pit_cdf_v1]+prior_combo[joint_sampler_v1+joint_combo_pmf_v1+role_aware_pmf_cal_v1:core+monotone_pit_cdf_v1]+stat_grid_final_component_convolution_mean_coherent_v1",phase8_role_aware_pmf_cal_v1+monotone_inactive_global_v1,core,projected_minutes,high,24.9137,26.5139,10.5239,26.5139,34.6337,9.3557,0.05,0.9138,0.3003,core,True,current_market_line,True,fanduel,fanduel,player_ra_over_under,7.5,7.5,0.5911,-245.0,178.0,0.6638,0.3362,0.4089,-145.0,145.0,-0.0727,-0.0727,0.0727,2026-06-13T17:17:34.390727Z,full,provisional,lineup_unconfirmed,fallback_used,projected,derived_from_projected_minutes,ok,finals_pending,current_phase8,ok,0.0,projected,not_available_yet,bdl_lineup_freshness_manifest,bdl_plus_nba_official,2026-06-13T17:17:50Z
morning,2026-06-13T17:18:40Z,2026-06-13,21716138,1057262518,Dylan Harper,SAS,NYK,True,ra,"{""0"": 0.0005653021281052128, ""1"": 0.0023735107647599287, ""2"": 0.0066146650137313065, ""3"": 0.01888614879182576, ""4"": 0.040382543621839274, ""5"": 0.0752778112082875, ""6"": 0.11677481699305454, ""7"": 0.14802280124333067, ""8"": 0.16088091237884555, ""9"": 0.14814904197678533, ""10"": 0.11608991446220156, ""11"": 0.07843246257052996, ""12"": 0.045497694907697714, ""13"": 0.02307698803194017, ""14"": 0.0110387395829468, ""15"": 0.004745438377716603, ""16"": 0.0020577285173306965, ""17"": 0.0007814244472785496, ""18"": 0.00024568739063315003, ""19"": 7.55278760571523e-05, ""20"": 2.3416410054079678e-05, ""21"": 5.624830909259899e-06, ""22"": 1.3279861594667282e-06, ""23"": 3.625042161265632e-07, ""24"": 8.257705769485674e-08, ""25"": 1.9244261604372848e-08, ""26"": 4.72889500206248e-09, ""27"": 1.128708735546439e-09, ""28"": 2.432961868066672e-10, ""29"": 4.991387451995946e-11, ""30"": 9.187760516224987e-12, ""31"": 1.9775909031806213e-12, ""32"": 3.616859552248059e-13, ""33"": 7.777681470345937e-14, ""34"": 2.0341018651223132e-14, ""35"": 3.728381043975486e-15, ""36"": 1.8132525357140232e-15}",8.1154,8.1154,8,8,0.0006,0.9994,0.9971,0.9904,0.9716,0.9312,0.8559,0.7391,0.5911,0.4302,0.2821,0.166,0.0876,0.0421,0.019,0.0079,0.0032,0.0011,0.0004,0.0001,0.0,fc9e35ff#phase10c,"stat_grid:component_convolution_mean_coherent_v1+components[reb:pmf_sim_v1+role_aware_pmf_cal_v1:core+monotone_pit_cdf_v1,ast:pmf_sim_v1+role_aware_pmf_cal_v1:core+monotone_pit_cdf_v1]+prior_combo[joint_sampler_v1+joint_combo_pmf_v1+role_aware_pmf_cal_v1:core+monotone_pit_cdf_v1]+stat_grid_final_component_convolution_mean_coherent_v1",phase8_role_aware_pmf_cal_v1+monotone_inactive_global_v1,core,projected_minutes,high,24.9137,26.5139,10.5239,26.5139,34.6337,9.3557,0.05,0.9138,0.3003,core,True,current_market_line,True,fanduel,fanduel,player_ra_over_under,6.5,6.5,0.7391,-440.0,290.0,0.7606,0.2394,0.2609,-283.0,283.0,-0.0215,-0.0215,0.0215,2026-06-13T17:17:34.390727Z,full,provisional,lineup_unconfirmed,fallback_used,projected,derived_from_projected_minutes,ok,finals_pending,current_phase8,ok,0.0,projected,not_available_yet,bdl_lineup_freshness_manifest,bdl_plus_nba_official,2026-06-13T17:17:50Z
morning,2026-06-13T17:18:40Z,2026-06-13,21716138,1057262518,Dylan Harper,SAS,NYK,True,ra,"{""0"": 0.0005653021281052128, ""1"": 0.0023735107647599287, ""2"": 0.0066146650137313065, ""3"": 0.01888614879182576, ""4"": 0.040382543621839274, ""5"": 0.0752778112082875, ""6"": 0.11677481699305454, ""7"": 0.14802280124333067, ""8"": 0.16088091237884555, ""9"": 0.14814904197678533, ""10"": 0.11608991446220156, ""11"": 0.07843246257052996, ""12"": 0.045497694907697714, ""13"": 0.02307698803194017, ""14"": 0.0110387395829468, ""15"": 0.004745438377716603, ""16"": 0.0020577285173306965, ""17"": 0.0007814244472785496, ""18"": 0.00024568739063315003, ""19"": 7.55278760571523e-05, ""20"": 2.3416410054079678e-05, ""21"": 5.624830909259899e-06, ""22"": 1.3279861594667282e-06, ""23"": 3.625042161265632e-07, ""24"": 8.257705769485674e-08, ""25"": 1.9244261604372848e-08, ""26"": 4.72889500206248e-09, ""27"": 1.128708735546439e-09, ""28"": 2.432961868066672e-10, ""29"": 4.991387451995946e-11, ""30"": 9.187760516224987e-12, ""31"": 1.9775909031806213e-12, ""32"": 3.616859552248059e-13, ""33"": 7.777681470345937e-14, ""34"": 2.0341018651223132e-14, ""35"": 3.728381043975486e-15, ""36"": 1.8132525357140232e-15}",8.1154,8.1154,8,8,0.0006,0.9994,0.9971,0.9904,0.9716,0.9312,0.8559,0.7391,0.5911,0.4302,0.2821,0.166,0.0876,0.0421,0.019,0.0079,0.0032,0.0011,0.0004,0.0001,0.0,fc9e35ff#phase10c,"stat_grid:component_convolution_mean_coherent_v1+components[reb:pmf_sim_v1+role_aware_pmf_cal_v1:core+monotone_pit_cdf_v1,ast:pmf_sim_v1+role_aware_pmf_cal_v1:core+monotone_pit_cdf_v1]+prior_combo[joint_sampler_v1+joint_combo_pmf_v1+role_aware_pmf_cal_v1:core+monotone_pit_cdf_v1]+stat_grid_final_component_convolution_mean_coherent_v1",phase8_role_aware_pmf_cal_v1+monotone_inactive_global_v1,core,projected_minutes,high,24.9137,26.5139,10.5239,26.5139,34.6337,9.3557,0.05,0.9138,0.3003,core,True,current_market_line,True,fanduel,fanduel,player_ra_over_under,5.5,5.5,0.8559,-900.0,490.0,0.8415,0.1585,0.1441,-594.0,594.0,0.0144,0.0144,-0.0144,2026-06-13T17:17:34.390727Z,full,provisional,lineup_unconfirmed,fallback_used,projected,derived_from_projected_minutes,ok,finals_pending,current_phase8,ok,0.0,projected,not_available_yet,bdl_lineup_freshness_manifest,bdl_plus_nba_official,2026-06-13T17:17:50Z
morning,2026-06-13T17:18:40Z,2026-06-13,21716138,1057262518,Dylan Harper,SAS,NYK,True,ra,"{""0"": 0.0005653021281052128, ""1"": 0.0023735107647599287, ""2"": 0.0066146650137313065, ""3"": 0.01888614879182576, ""4"": 0.040382543621839274, ""5"": 0.0752778112082875, ""6"": 0.11677481699305454, ""7"": 0.14802280124333067, ""8"": 0.16088091237884555, ""9"": 0.14814904197678533, ""10"": 0.11608991446220156, ""11"": 0.07843246257052996, ""12"": 0.045497694907697714, ""13"": 0.02307698803194017, ""14"": 0.0110387395829468, ""15"": 0.004745438377716603, ""16"": 0.0020577285173306965, ""17"": 0.0007814244472785496, ""18"": 0.00024568739063315003, ""19"": 7.55278760571523e-05, ""20"": 2.3416410054079678e-05, ""21"": 5.624830909259899e-06, ""22"": 1.3279861594667282e-06, ""23"": 3.625042161265632e-07, ""24"": 8.257705769485674e-08, ""25"": 1.9244261604372848e-08, ""26"": 4.72889500206248e-09, ""27"": 1.128708735546439e-09, ""28"": 2.432961868066672e-10, ""29"": 4.991387451995946e-11, ""30"": 9.187760516224987e-12, ""31"": 1.9775909031806213e-12, ""32"": 3.616859552248059e-13, ""33"": 7.777681470345937e-14, ""34"": 2.0341018651223132e-14, ""35"": 3.728381043975486e-15, ""36"": 1.8132525357140232e-15}",8.1154,8.1154,8,8,0.0006,0.9994,0.9971,0.9904,0.9716,0.9312,0.8559,0.7391,0.5911,0.4302,0.2821,0.166,0.0876,0.0421,0.019,0.0079,0.0032,0.0011,0.0004,0.0001,0.0,fc9e35ff#phase10c,"stat_grid:component_convolution_mean_coherent_v1+components[reb:pmf_sim_v1+role_aware_pmf_cal_v1:core+monotone_pit_cdf_v1,ast:pmf_sim_v1+role_aware_pmf_cal_v1:core+monotone_pit_cdf_v1]+prior_combo[joint_sampler_v1+joint_combo_pmf_v1+role_aware_pmf_cal_v1:core+monotone_pit_cdf_v1]+stat_grid_final_component_convolution_mean_coherent_v1",phase8_role_aware_pmf_cal_v1+monotone_inactive_global_v1,core,projected_minutes,high,24.9137,26.5139,10.5239,26.5139,34.6337,9.3557,0.05,0.9138,0.3003,core,True,current_market_line,True,fanduel,fanduel,player_ra_over_under,11.5,11.5,0.0876,300.0,-470.0,0.2327,0.7673,0.9124,1042.0,-1042.0,-0.1451,-0.1451,0.1451,2026-06-13T17:17:34.390727Z,full,provisional,lineup_unconfirmed,fallback_used,projected,derived_from_projected_minutes,ok,finals_pending,current_phase8,ok,0.0,projected,not_available_yet,bdl_lineup_freshness_manifest,bdl_plus_nba_official,2026-06-13T17:17:50Z
morning,2026-06-13T17:18:40Z,2026-06-13,21716138,1057262518,Dylan Harper,SAS,NYK,True,ra,"{""0"": 0.0005653021281052128, ""1"": 0.0023735107647599287, ""2"": 0.0066146650137313065, ""3"": 0.01888614879182576, ""4"": 0.040382543621839274, ""5"": 0.0752778112082875, ""6"": 0.11677481699305454, ""7"": 0.14802280124333067, ""8"": 0.16088091237884555, ""9"": 0.14814904197678533, ""10"": 0.11608991446220156, ""11"": 0.07843246257052996, ""12"": 0.045497694907697714, ""13"": 0.02307698803194017, ""14"": 0.0110387395829468, ""15"": 0.004745438377716603, ""16"": 0.0020577285173306965, ""17"": 0.0007814244472785496, ""18"": 0.00024568739063315003, ""19"": 7.55278760571523e-05, ""20"": 2.3416410054079678e-05, ""21"": 5.624830909259899e-06, ""22"": 1.3279861594667282e-06, ""23"": 3.625042161265632e-07, ""24"": 8.257705769485674e-08, ""25"": 1.9244261604372848e-08, ""26"": 4.72889500206248e-09, ""27"": 1.128708735546439e-09, ""28"": 2.432961868066672e-10, ""29"": 4.991387451995946e-11, ""30"": 9.187760516224987e-12, ""31"": 1.9775909031806213e-12, ""32"": 3.616859552248059e-13, ""33"": 7.777681470345937e-14, ""34"": 2.0341018651223132e-14, ""35"": 3.728381043975486e-15, ""36"": 1.8132525357140232e-15}",8.1154,8.1154,8,8,0.0006,0.9994,0.9971,0.9904,0.9716,0.9312,0.8559,0.7391,0.5911,0.4302,0.2821,0.166,0.0876,0.0421,0.019,0.0079,0.0032,0.0011,0.0004,0.0001,0.0,fc9e35ff#phase10c,"stat_grid:component_convolution_mean_coherent_v1+components[reb:pmf_sim_v1+role_aware_pmf_cal_v1:core+monotone_pit_cdf_v1,ast:pmf_sim_v1+role_aware_pmf_cal_v1:core+monotone_pit_cdf_v1]+prior_combo[joint_sampler_v1+joint_combo_pmf_v1+role_aware_pmf_cal_v1:core+monotone_pit_cdf_v1]+stat_grid_final_component_convolution_mean_coherent_v1",phase8_role_aware_pmf_cal_v1+monotone_inactive_global_v1,core,projected_minutes,high,24.9137,26.5139,10.5239,26.5139,34.6337,9.3557,0.05,0.9138,0.3003,core,True,current_market_line,True,fanduel,fanduel,player_ra_over_under,12.5,12.5,0.0421,470.0,-850.0,0.1639,0.8361,0.9579,2278.0,-2278.0,-0.1219,-0.1219,0.1219,2026-06-13T17:17:34.390727Z,full,provisional,lineup_unconfirmed,fallback_used,projected,derived_from_projected_minutes,ok,finals_pending,current_phase8,ok,0.0,projected,not_available_yet,bdl_lineup_freshness_manifest,bdl_plus_nba_official,2026-06-13T17:17:50Z
morning,2026-06-13T17:18:40Z,2026-06-13,21716138,1057262518,Dylan Harper,SAS,NYK,True,ra,"{""0"": 0.0005653021281052128, ""1"": 0.0023735107647599287, ""2"": 0.0066146650137313065, ""3"": 0.01888614879182576, ""4"": 0.040382543621839274, ""5"": 0.0752778112082875, ""6"": 0.11677481699305454, ""7"": 0.14802280124333067, ""8"": 0.16088091237884555, ""9"": 0.14814904197678533, ""10"": 0.11608991446220156, ""11"": 0.07843246257052996, ""12"": 0.045497694907697714, ""13"": 0.02307698803194017, ""14"": 0.0110387395829468, ""15"": 0.004745438377716603, ""16"": 0.0020577285173306965, ""17"": 0.0007814244472785496, ""18"": 0.00024568739063315003, ""19"": 7.55278760571523e-05, ""20"": 2.3416410054079678e-05, ""21"": 5.624830909259899e-06, ""22"": 1.3279861594667282e-06, ""23"": 3.625042161265632e-07, ""24"": 8.257705769485674e-08, ""25"": 1.9244261604372848e-08, ""26"": 4.72889500206248e-09, ""27"": 1.128708735546439e-09, ""28"": 2.432961868066672e-10, ""29"": 4.991387451995946e-11, ""30"": 9.187760516224987e-12, ""31"": 1.9775909031806213e-12, ""32"": 3.616859552248059e-13, ""33"": 7.777681470345937e-14, ""34"": 2.0341018651223132e-14, ""35"": 3.728381043975486e-15, ""36"": 1.8132525357140232e-15}",8.1154,8.1154,8,8,0.0006,0.9994,0.9971,0.9904,0.9716,0.9312,0.8559,0.7391,0.5911,0.4302,0.2821,0.166,0.0876,0.0421,0.019,0.0079,0.0032,0.0011,0.0004,0.0001,0.0,fc9e35ff#phase10c,"stat_grid:component_convolution_mean_coherent_v1+components[reb:pmf_sim_v1+role_aware_pmf_cal_v1:core+monotone_pit_cdf_v1,ast:pmf_sim_v1+role_aware_pmf_cal_v1:core+monotone_pit_cdf_v1]+prior_combo[joint_sampler_v1+joint_combo_pmf_v1+role_aware_pmf_cal_v1:core+monotone_pit_cdf_v1]+stat_grid_final_component_convolution_mean_coherent_v1",phase8_role_aware_pmf_cal_v1+monotone_inactive_global_v1,core,projected_minutes,high,24.9137,26.5139,10.5239,26.5139,34.6337,9.3557,0.05,0.9138,0.3003,core,True,current_market_line,True,draftkings,draftkings,player_ra_over_under,9.5,9.5,0.2821,101.0,-133.0,0.4657,0.5343,0.7179,255.0,-255.0,-0.1836,-0.1836,0.1836,2026-06-13T17:17:34.390727Z,full,provisional,lineup_unconfirmed,fallback_used,projected,derived_from_projected_minutes,ok,finals_pending,current_phase8,ok,0.0,projected,not_available_yet,bdl_lineup_freshness_manifest,bdl_plus_nba_official,2026-06-13T17:17:50Z
morning,2026-06-13T17:18:40Z,2026-06-13,21716138,1057262518,Dylan Harper,SAS,NYK,True,ra,"{""0"": 0.0005653021281052128, ""1"": 0.0023735107647599287, ""2"": 0.0066146650137313065, ""3"": 0.01888614879182576, ""4"": 0.040382543621839274, ""5"": 0.0752778112082875, ""6"": 0.11677481699305454, ""7"": 0.14802280124333067, ""8"": 0.16088091237884555, ""9"": 0.14814904197678533, ""10"": 0.11608991446220156, ""11"": 0.07843246257052996, ""12"": 0.045497694907697714, ""13"": 0.02307698803194017, ""14"": 0.0110387395829468, ""15"": 0.004745438377716603, ""16"": 0.0020577285173306965, ""17"": 0.0007814244472785496, ""18"": 0.00024568739063315003, ""19"": 7.55278760571523e-05, ""20"": 2.3416410054079678e-05, ""21"": 5.624830909259899e-06, ""22"": 1.3279861594667282e-06, ""23"": 3.625042161265632e-07, ""24"": 8.257705769485674e-08, ""25"": 1.9244261604372848e-08, ""26"": 4.72889500206248e-09, ""27"": 1.128708735546439e-09, ""28"": 2.432961868066672e-10, ""29"": 4.991387451995946e-11, ""30"": 9.187760516224987e-12, ""31"": 1.9775909031806213e-12, ""32"": 3.616859552248059e-13, ""33"": 7.777681470345937e-14, ""34"": 2.0341018651223132e-14, ""35"": 3.728381043975486e-15, ""36"": 1.8132525357140232e-15}",8.1154,8.1154,8,8,0.0006,0.9994,0.9971,0.9904,0.9716,0.9312,0.8559,0.7391,0.5911,0.4302,0.2821,0.166,0.0876,0.0421,0.019,0.0079,0.0032,0.0011,0.0004,0.0001,0.0,fc9e35ff#phase10c,"stat_grid:component_convolution_mean_coherent_v1+components[reb:pmf_sim_v1+role_aware_pmf_cal_v1:core+monotone_pit_cdf_v1,ast:pmf_sim_v1+role_aware_pmf_cal_v1:core+monotone_pit_cdf_v1]+prior_combo[joint_sampler_v1+joint_combo_pmf_v1+role_aware_pmf_cal_v1:core+monotone_pit_cdf_v1]+stat_grid_final_component_convolution_mean_coherent_v1",phase8_role_aware_pmf_cal_v1+monotone_inactive_global_v1,core,projected_minutes,high,24.9137,26.5139,10.5239,26.5139,34.6337,9.3557,0.05,0.9138,0.3003,core,True,current_market_line,True,bovada,bovada,player_ra_over_under,7.5,7.5,0.5911,-260.0,190.0,0.6768,0.3232,0.4089,-145.0,145.0,-0.0857,-0.0857,0.0857,2026-06-13T17:17:34.390727Z,full,provisional,lineup_unconfirmed,fallback_used,projected,derived_from_projected_minutes,ok,finals_pending,current_phase8,ok,0.0,projected,not_available_yet,bdl_lineup_freshness_manifest,bdl_plus_nba_official,2026-06-13T17:17:50Z
morning,2026-06-13T17:18:40Z,2026-06-13,21716138,1057262518,Dylan Harper,SAS,NYK,True,ra,"{""0"": 0.0005653021281052128, ""1"": 0.0023735107647599287, ""2"": 0.0066146650137313065, ""3"": 0.01888614879182576, ""4"": 0.040382543621839274, ""5"": 0.0752778112082875, ""6"": 0.11677481699305454, ""7"": 0.14802280124333067, ""8"": 0.16088091237884555, ""9"": 0.14814904197678533, ""10"": 0.11608991446220156, ""11"": 0.07843246257052996, ""12"": 0.045497694907697714, ""13"": 0.02307698803194017, ""14"": 0.0110387395829468, ""15"": 0.004745438377716603, ""16"": 0.0020577285173306965, ""17"": 0.0007814244472785496, ""18"": 0.00024568739063315003, ""19"": 7.55278760571523e-05, ""20"": 2.3416410054079678e-05, ""21"": 5.624830909259899e-06, ""22"": 1.3279861594667282e-06, ""23"": 3.625042161265632e-07, ""24"": 8.257705769485674e-08, ""25"": 1.9244261604372848e-08, ""26"": 4.72889500206248e-09, ""27"": 1.128708735546439e-09, ""28"": 2.432961868066672e-10, ""29"": 4.991387451995946e-11, ""30"": 9.187760516224987e-12, ""31"": 1.9775909031806213e-12, ""32"": 3.616859552248059e-13, ""33"": 7.777681470345937e-14, ""34"": 2.0341018651223132e-14, ""35"": 3.728381043975486e-15, ""36"": 1.8132525357140232e-15}",8.1154,8.1154,8,8,0.0006,0.9994,0.9971,0.9904,0.9716,0.9312,0.8559,0.7391,0.5911,0.4302,0.2821,0.166,0.0876,0.0421,0.019,0.0079,0.0032,0.0011,0.0004,0.0001,0.0,fc9e35ff#phase10c,"stat_grid:component_convolution_mean_coherent_v1+components[reb:pmf_sim_v1+role_aware_pmf_cal_v1:core+monotone_pit_cdf_v1,ast:pmf_sim_v1+role_aware_pmf_cal_v1:core+monotone_pit_cdf_v1]+prior_combo[joint_sampler_v1+joint_combo_pmf_v1+role_aware_pmf_cal_v1:core+monotone_pit_cdf_v1]+stat_grid_final_component_convolution_mean_coherent_v1",phase8_role_aware_pmf_cal_v1+monotone_inactive_global_v1,core,projected_minutes,high,24.9137,26.5139,10.5239,26.5139,34.6337,9.3557,0.05,0.9138,0.3003,core,True,current_market_line,True,bovada,bovada,player_ra_over_under,8.5,8.5,0.4302,-160.0,120.0,0.5752,0.4248,0.5698,132.0,-132.0,-0.1449,-0.1449,0.1449,2026-06-13T17:17:34.390727Z,full,provisional,lineup_unconfirmed,fallback_used,projected,derived_from_projected_minutes,ok,finals_pending,current_phase8,ok,0.0,projected,not_available_yet,bdl_lineup_freshness_manifest,bdl_plus_nba_official,2026-06-13T17:17:50Z
morning,2026-06-13T17:18:40Z,2026-06-13,21716138,1057262518,Dylan Harper,SAS,NYK,True,ra,"{""0"": 0.0005653021281052128, ""1"": 0.0023735107647599287, ""2"": 0.0066146650137313065, ""3"": 0.01888614879182576, ""4"": 0.040382543621839274, ""5"": 0.0752778112082875, ""6"": 0.11677481699305454, ""7"": 0.14802280124333067, ""8"": 0.16088091237884555, ""9"": 0.14814904197678533, ""10"": 0.11608991446220156, ""11"": 0.07843246257052996, ""12"": 0.045497694907697714, ""13"": 0.02307698803194017, ""14"": 0.0110387395829468, ""15"": 0.004745438377716603, ""16"": 0.0020577285173306965, ""17"": 0.0007814244472785496, ""18"": 0.00024568739063315003, ""19"": 7.55278760571523e-05, ""20"": 2.3416410054079678e-05, ""21"": 5.624830909259899e-06, ""22"": 1.3279861594667282e-06, ""23"": 3.625042161265632e-07, ""24"": 8.257705769485674e-08, ""25"": 1.9244261604372848e-08, ""26"": 4.72889500206248e-09, ""27"": 1.128708735546439e-09, ""28"": 2.432961868066672e-10, ""29"": 4.991387451995946e-11, ""30"": 9.187760516224987e-12, ""31"": 1.9775909031806213e-12, ""32"": 3.616859552248059e-13, ""33"": 7.777681470345937e-14, ""34"": 2.0341018651223132e-14, ""35"": 3.728381043975486e-15, ""36"": 1.8132525357140232e-15}",8.1154,8.1154,8,8,0.0006,0.9994,0.9971,0.9904,0.9716,0.9312,0.8559,0.7391,0.5911,0.4302,0.2821,0.166,0.0876,0.0421,0.019,0.0079,0.0032,0.0011,0.0004,0.0001,0.0,fc9e35ff#phase10c,"stat_grid:component_convolution_mean_coherent_v1+components[reb:pmf_sim_v1+role_aware_pmf_cal_v1:core+monotone_pit_cdf_v1,ast:pmf_sim_v1+role_aware_pmf_cal_v1:core+monotone_pit_cdf_v1]+prior_combo[joint_sampler_v1+joint_combo_pmf_v1+role_aware_pmf_cal_v1:core+monotone_pit_cdf_v1]+stat_grid_final_component_convolution_mean_coherent_v1",phase8_role_aware_pmf_cal_v1+monotone_inactive_global_v1,core,projected_minutes,high,24.9137,26.5139,10.5239,26.5139,34.6337,9.3557,0.05,0.9138,0.3003,core,True,current_market_line,True,bovada,bovada,player_ra_over_under,9.5,9.5,0.2821,100.0,-130.0,0.4694,0.5306,0.7179,255.0,-255.0,-0.1873,-0.1873,0.1873,2026-06-13T17:17:34.390727Z,full,provisional,lineup_unconfirmed,fallback_used,projected,derived_from_projected_minutes,ok,finals_pending,current_phase8,ok,0.0,projected,not_available_yet,bdl_lineup_freshness_manifest,bdl_plus_nba_official,2026-06-13T17:17:50Z
morning,2026-06-13T17:18:40Z,2026-06-13,21716138,1057262518,Dylan Harper,SAS,NYK,True,ra,"{""0"": 0.0005653021281052128, ""1"": 0.0023735107647599287, ""2"": 0.0066146650137313065, ""3"": 0.01888614879182576, ""4"": 0.040382543621839274, ""5"": 0.0752778112082875, ""6"": 0.11677481699305454, ""7"": 0.14802280124333067, ""8"": 0.16088091237884555, ""9"": 0.14814904197678533, ""10"": 0.11608991446220156, ""11"": 0.07843246257052996, ""12"": 0.045497694907697714, ""13"": 0.02307698803194017, ""14"": 0.0110387395829468, ""15"": 0.004745438377716603, ""16"": 0.0020577285173306965, ""17"": 0.0007814244472785496, ""18"": 0.00024568739063315003, ""19"": 7.55278760571523e-05, ""20"": 2.3416410054079678e-05, ""21"": 5.624830909259899e-06, ""22"": 1.3279861594667282e-06, ""23"": 3.625042161265632e-07, ""24"": 8.257705769485674e-08, ""25"": 1.9244261604372848e-08, ""26"": 4.72889500206248e-09, ""27"": 1.128708735546439e-09, ""28"": 2.432961868066672e-10, ""29"": 4.991387451995946e-11, ""30"": 9.187760516224987e-12, ""31"": 1.9775909031806213e-12, ""32"": 3.616859552248059e-13, ""33"": 7.777681470345937e-14, ""34"": 2.0341018651223132e-14, ""35"": 3.728381043975486e-15, ""36"": 1.8132525357140232e-15}",8.1154,8.1154,8,8,0.0006,0.9994,0.9971,0.9904,0.9716,0.9312,0.8559,0.7391,0.5911,0.4302,0.2821,0.166,0.0876,0.0421,0.019,0.0079,0.0032,0.0011,0.0004,0.0001,0.0,fc9e35ff#phase10c,"stat_grid:component_convolution_mean_coherent_v1+components[reb:pmf_sim_v1+role_aware_pmf_cal_v1:core+monotone_pit_cdf_v1,ast:pmf_sim_v1+role_aware_pmf_cal_v1:core+monotone_pit_cdf_v1]+prior_combo[joint_sampler_v1+joint_combo_pmf_v1+role_aware_pmf_cal_v1:core+monotone_pit_cdf_v1]+stat_grid_final_component_convolution_mean_coherent_v1",phase8_role_aware_pmf_cal_v1+monotone_inactive_global_v1,core,projected_minutes,high,24.9137,26.5139,10.5239,26.5139,34.6337,9.3557,0.05,0.9138,0.3003,core,True,current_market_line,True,hardrockbet_az,hardrockbet_az,player_ra_over_under,9.5,9.5,0.2821,105.0,-140.0,0.4554,0.5446,0.7179,255.0,-255.0,-0.1733,-0.1733,0.1733,2026-06-13T17:17:34.390727Z,full,provisional,lineup_unconfirmed,fallback_used,projected,derived_from_projected_minutes,ok,finals_pending,current_phase8,ok,0.0,projected,not_available_yet,bdl_lineup_freshness_manifest,bdl_plus_nba_official,2026-06-13T17:17:50Z
morning,2026-06-13T17:18:40Z,2026-06-13,21716138,1057262518,Dylan Harper,SAS,NYK,True,ra,"{""0"": 0.0005653021281052128, ""1"": 0.0023735107647599287, ""2"": 0.0066146650137313065, ""3"": 0.01888614879182576, ""4"": 0.040382543621839274, ""5"": 0.0752778112082875, ""6"": 0.11677481699305454, ""7"": 0.14802280124333067, ""8"": 0.16088091237884555, ""9"": 0.14814904197678533, ""10"": 0.11608991446220156, ""11"": 0.07843246257052996, ""12"": 0.045497694907697714, ""13"": 0.02307698803194017, ""14"": 0.0110387395829468, ""15"": 0.004745438377716603, ""16"": 0.0020577285173306965, ""17"": 0.0007814244472785496, ""18"": 0.00024568739063315003, ""19"": 7.55278760571523e-05, ""20"": 2.3416410054079678e-05, ""21"": 5.624830909259899e-06, ""22"": 1.3279861594667282e-06, ""23"": 3.625042161265632e-07, ""24"": 8.257705769485674e-08, ""25"": 1.9244261604372848e-08, ""26"": 4.72889500206248e-09, ""27"": 1.128708735546439e-09, ""28"": 2.432961868066672e-10, ""29"": 4.991387451995946e-11, ""30"": 9.187760516224987e-12, ""31"": 1.9775909031806213e-12, ""32"": 3.616859552248059e-13, ""33"": 7.777681470345937e-14, ""34"": 2.0341018651223132e-14, ""35"": 3.728381043975486e-15, ""36"": 1.8132525357140232e-15}",8.1154,8.1154,8,8,0.0006,0.9994,0.9971,0.9904,0.9716,0.9312,0.8559,0.7391,0.5911,0.4302,0.2821,0.166,0.0876,0.0421,0.019,0.0079,0.0032,0.0011,0.0004,0.0001,0.0,fc9e35ff#phase10c,"stat_grid:component_convolution_mean_coherent_v1+components[reb:pmf_sim_v1+role_aware_pmf_cal_v1:core+monotone_pit_cdf_v1,ast:pmf_sim_v1+role_aware_pmf_cal_v1:core+monotone_pit_cdf_v1]+prior_combo[joint_sampler_v1+joint_combo_pmf_v1+role_aware_pmf_cal_v1:core+monotone_pit_cdf_v1]+stat_grid_final_component_convolution_mean_coherent_v1",phase8_role_aware_pmf_cal_v1+monotone_inactive_global_v1,core,projected_minutes,high,24.9137,26.5139,10.5239,26.5139,34.6337,9.3557,0.05,0.9138,0.3003,core,True,current_market_line,True,hardrockbet,hardrockbet,player_ra_over_under,9.5,9.5,0.2821,105.0,-140.0,0.4554,0.5446,0.7179,255.0,-255.0,-0.1733,-0.1733,0.1733,2026-06-13T17:17:34.390727Z,full,provisional,lineup_unconfirmed,fallback_used,projected,derived_from_projected_minutes,ok,finals_pending,current_phase8,ok,0.0,projected,not_available_yet,bdl_lineup_freshness_manifest,bdl_plus_nba_official,2026-06-13T17:17:50Z
morning,2026-06-13T17:18:40Z,2026-06-13,21716138,1057262518,Dylan Harper,SAS,NYK,True,ra,"{""0"": 0.0005653021281052128, ""1"": 0.0023735107647599287, ""2"": 0.0066146650137313065, ""3"": 0.01888614879182576, ""4"": 0.040382543621839274, ""5"": 0.0752778112082875, ""6"": 0.11677481699305454, ""7"": 0.14802280124333067, ""8"": 0.16088091237884555, ""9"": 0.14814904197678533, ""10"": 0.11608991446220156, ""11"": 0.07843246257052996, ""12"": 0.045497694907697714, ""13"": 0.02307698803194017, ""14"": 0.0110387395829468, ""15"": 0.004745438377716603, ""16"": 0.0020577285173306965, ""17"": 0.0007814244472785496, ""18"": 0.00024568739063315003, ""19"": 7.55278760571523e-05, ""20"": 2.3416410054079678e-05, ""21"": 5.624830909259899e-06, ""22"": 1.3279861594667282e-06, ""23"": 3.625042161265632e-07, ""24"": 8.257705769485674e-08, ""25"": 1.9244261604372848e-08, ""26"": 4.72889500206248e-09, ""27"": 1.128708735546439e-09, ""28"": 2.432961868066672e-10, ""29"": 4.991387451995946e-11, ""30"": 9.187760516224987e-12, ""31"": 1.9775909031806213e-12, ""32"": 3.616859552248059e-13, ""33"": 7.777681470345937e-14, ""34"": 2.0341018651223132e-14, ""35"": 3.728381043975486e-15, ""36"": 1.8132525357140232e-15}",8.1154,8.1154,8,8,0.0006,0.9994,0.9971,0.9904,0.9716,0.9312,0.8559,0.7391,0.5911,0.4302,0.2821,0.166,0.0876,0.0421,0.019,0.0079,0.0032,0.0011,0.0004,0.0001,0.0,fc9e35ff#phase10c,"stat_grid:component_convolution_mean_coherent_v1+components[reb:pmf_sim_v1+role_aware_pmf_cal_v1:core+monotone_pit_cdf_v1,ast:pmf_sim_v1+role_aware_pmf_cal_v1:core+monotone_pit_cdf_v1]+prior_combo[joint_sampler_v1+joint_combo_pmf_v1+role_aware_pmf_cal_v1:core+monotone_pit_cdf_v1]+stat_grid_final_component_convolution_mean_coherent_v1",phase8_role_aware_pmf_cal_v1+monotone_inactive_global_v1,core,projected_minutes,high,24.9137,26.5139,10.5239,26.5139,34.6337,9.3557,0.05,0.9138,0.3003,core,True,current_market_line,True,hardrockbet_fl,hardrockbet_fl,player_ra_over_under,9.5,9.5,0.2821,105.0,-140.0,0.4554,0.5446,0.7179,255.0,-255.0,-0.1733,-0.1733,0.1733,2026-06-13T17:17:34.390727Z,full,provisional,lineup_unconfirmed,fallback_used,projected,derived_from_projected_minutes,ok,finals_pending,current_phase8,ok,0.0,projected,not_available_yet,bdl_lineup_freshness_manifest,bdl_plus_nba_official,2026-06-13T17:17:50Z
morning,2026-06-13T17:18:40Z,2026-06-13,21716138,1057262518,Dylan Harper,SAS,NYK,True,ra,"{""0"": 0.0005653021281052128, ""1"": 0.0023735107647599287, ""2"": 0.0066146650137313065, ""3"": 0.01888614879182576, ""4"": 0.040382543621839274, ""5"": 0.0752778112082875, ""6"": 0.11677481699305454, ""7"": 0.14802280124333067, ""8"": 0.16088091237884555, ""9"": 0.14814904197678533, ""10"": 0.11608991446220156, ""11"": 0.07843246257052996, ""12"": 0.045497694907697714, ""13"": 0.02307698803194017, ""14"": 0.0110387395829468, ""15"": 0.004745438377716603, ""16"": 0.0020577285173306965, ""17"": 0.0007814244472785496, ""18"": 0.00024568739063315003, ""19"": 7.55278760571523e-05, ""20"": 2.3416410054079678e-05, ""21"": 5.624830909259899e-06, ""22"": 1.3279861594667282e-06, ""23"": 3.625042161265632e-07, ""24"": 8.257705769485674e-08, ""25"": 1.9244261604372848e-08, ""26"": 4.72889500206248e-09, ""27"": 1.128708735546439e-09, ""28"": 2.432961868066672e-10, ""29"": 4.991387451995946e-11, ""30"": 9.187760516224987e-12, ""31"": 1.9775909031806213e-12, ""32"": 3.616859552248059e-13, ""33"": 7.777681470345937e-14, ""34"": 2.0341018651223132e-14, ""35"": 3.728381043975486e-15, ""36"": 1.8132525357140232e-15}",8.1154,8.1154,8,8,0.0006,0.9994,0.9971,0.9904,0.9716,0.9312,0.8559,0.7391,0.5911,0.4302,0.2821,0.166,0.0876,0.0421,0.019,0.0079,0.0032,0.0011,0.0004,0.0001,0.0,fc9e35ff#phase10c,"stat_grid:component_convolution_mean_coherent_v1+components[reb:pmf_sim_v1+role_aware_pmf_cal_v1:core+monotone_pit_cdf_v1,ast:pmf_sim_v1+role_aware_pmf_cal_v1:core+monotone_pit_cdf_v1]+prior_combo[joint_sampler_v1+joint_combo_pmf_v1+role_aware_pmf_cal_v1:core+monotone_pit_cdf_v1]+stat_grid_final_component_convolution_mean_coherent_v1",phase8_role_aware_pmf_cal_v1+monotone_inactive_global_v1,core,projected_minutes,high,24.9137,26.5139,10.5239,26.5139,34.6337,9.3557,0.05,0.9138,0.3003,core,True,current_market_line,True,fliff,fliff,player_ra_over_under,9.5,9.5,0.2821,100.0,-150.0,0.4545,0.5455,0.7179,255.0,-255.0,-0.1725,-0.1725,0.1725,2026-06-13T17:17:34.390727Z,full,provisional,lineup_unconfirmed,fallback_used,projected,derived_from_projected_minutes,ok,finals_pending,current_phase8,ok,0.0,projected,not_available_yet,bdl_lineup_freshness_manifest,bdl_plus_nba_official,2026-06-13T17:17:50Z
morning,2026-06-13T17:18:40Z,2026-06-13,21716138,1057262518,Dylan Harper,SAS,NYK,True,ra,"{""0"": 0.0005653021281052128, ""1"": 0.0023735107647599287, ""2"": 0.0066146650137313065, ""3"": 0.01888614879182576, ""4"": 0.040382543621839274, ""5"": 0.0752778112082875, ""6"": 0.11677481699305454, ""7"": 0.14802280124333067, ""8"": 0.16088091237884555, ""9"": 0.14814904197678533, ""10"": 0.11608991446220156, ""11"": 0.07843246257052996, ""12"": 0.045497694907697714, ""13"": 0.02307698803194017, ""14"": 0.0110387395829468, ""15"": 0.004745438377716603, ""16"": 0.0020577285173306965, ""17"": 0.0007814244472785496, ""18"": 0.00024568739063315003, ""19"": 7.55278760571523e-05, ""20"": 2.3416410054079678e-05, ""21"": 5.624830909259899e-06, ""22"": 1.3279861594667282e-06, ""23"": 3.625042161265632e-07, ""24"": 8.257705769485674e-08, ""25"": 1.9244261604372848e-08, ""26"": 4.72889500206248e-09, ""27"": 1.128708735546439e-09, ""28"": 2.432961868066672e-10, ""29"": 4.991387451995946e-11, ""30"": 9.187760516224987e-12, ""31"": 1.9775909031806213e-12, ""32"": 3.616859552248059e-13, ""33"": 7.777681470345937e-14, ""34"": 2.0341018651223132e-14, ""35"": 3.728381043975486e-15, ""36"": 1.8132525357140232e-15}",8.1154,8.1154,8,8,0.0006,0.9994,0.9971,0.9904,0.9716,0.9312,0.8559,0.7391,0.5911,0.4302,0.2821,0.166,0.0876,0.0421,0.019,0.0079,0.0032,0.0011,0.0004,0.0001,0.0,fc9e35ff#phase10c,"stat_grid:component_convolution_mean_coherent_v1+components[reb:pmf_sim_v1+role_aware_pmf_cal_v1:core+monotone_pit_cdf_v1,ast:pmf_sim_v1+role_aware_pmf_cal_v1:core+monotone_pit_cdf_v1]+prior_combo[joint_sampler_v1+joint_combo_pmf_v1+role_aware_pmf_cal_v1:core+monotone_pit_cdf_v1]+stat_grid_final_component_convolution_mean_coherent_v1",phase8_role_aware_pmf_cal_v1+monotone_inactive_global_v1,core,projected_minutes,high,24.9137,26.5139,10.5239,26.5139,34.6337,9.3557,0.05,0.9138,0.3003,core,True,current_market_line,True,espnbet,espnbet,player_ra_over_under,9.5,9.5,0.2821,110.0,-145.0,0.4459,0.5541,0.7179,255.0,-255.0,-0.1638,-0.1638,0.1638,2026-06-13T17:17:34.390727Z,full,provisional,lineup_unconfirmed,fallback_used,projected,derived_from_projected_minutes,ok,finals_pending,current_phase8,ok,0.0,projected,not_available_yet,bdl_lineup_freshness_manifest,bdl_plus_nba_official,2026-06-13T17:17:50Z
morning,2026-06-13T17:18:40Z,2026-06-13,21716138,1057262518,Dylan Harper,SAS,NYK,True,pra,"{""0"": 5.494915363528285e-06, ""1"": 2.6025235331299843e-05, ""2"": 8.40267688587798e-05, ""3"": 0.0002596350283535078, ""4"": 0.0006360613215212233, ""5"": 0.0013901845170167966, ""6"": 0.0026711375366585397, ""7"": 0.004583172138085004, ""8"": 0.007259389436553617, ""9"": 0.010698870220185595, ""10"": 0.014887758597355165, ""11"": 0.019730668517409924, ""12"": 0.025053535179858935, ""13"": 0.03074708028635717, ""14"": 0.03660843824322811, ""15"": 0.042523559600820764, ""16"": 0.04830884159342959, ""17"": 0.0534956529209979, ""18"": 0.057701948506932034, ""19"": 0.060368362490323776, ""20"": 0.06103269248700482, ""21"": 0.05977157424862078, ""22"": 0.056828811437066834, ""23"": 0.05283074314420466, ""24"": 0.04851258634169317, ""25"": 0.04419001674333327, ""26"": 0.0400234377077261, ""27"": 0.035945340490177086, ""28"": 0.032028987616988684, ""29"": 0.028353545834640115, ""30"": 0.024822161953456507, ""31"": 0.021365777768959798, ""32"": 0.01789317494124683, ""33"": 0.014420800316388909, ""34"": 0.011233952701625962, ""35"": 0.008579784431946492, ""36"": 0.006541249256739967, ""37"": 0.005046864553208071, ""38"": 0.003864959700416694, ""39"": 0.0028661017330892944, ""40"": 0.002012421274704194, ""41"": 0.001327433586750419, ""42"": 0.0008344008516557908, ""43"": 0.00052483039298835, ""44"": 0.0003483626816867499, ""45"": 0.00025963660463491846, ""46"": 0.00021538280590568078, ""47"": 0.00019330027205466025, ""48"": 0.00017858478275832015, ""49"": 0.00016444903516482892, ""50"": 0.00014723212763492782, ""51"": 0.00012433100157390804, ""52"": 9.760060032715584e-05, ""53"": 7.044404617671667e-05, ""54"": 4.696254852182671e-05, ""55"": 2.987749276541882e-05, ""56"": 1.9107851095656396e-05, ""57"": 1.2581847177636122e-05, ""58"": 8.763565078736059e-06, ""59"": 6.047237225941201e-06, ""60"": 3.986299246717768e-06, ""61"": 2.4399213147286526e-06, ""62"": 1.3329344086449998e-06, ""63"": 6.573438945324849e-07, ""64"": 3.065280539389503e-07, ""65"": 1.2866818805280516e-07, ""66"": 5.4786975565843004e-08, ""67"": 2.0638383450985225e-08, ""68"": 6.4375756776039e-09, ""69"": 1.9672984143905487e-09, ""70"": 6.084007675506158e-10, ""71"": 1.4601564638207357e-10, ""72"": 3.446233908405806e-11, ""73"": 9.390745395951805e-12, ""74"": 2.1402707801662237e-12, ""75"": 4.98222390275929e-13, ""76"": 1.2214852629796432e-13, ""77"": 2.908048797280598e-14, ""78"": 6.269059555469411e-15, ""79"": 1.2851047489832e-15, ""80"": 1.0000568025734458e-07, ""81"": 4.1988973027557366e-07, ""82"": 1.1701779277347298e-06, ""83"": 3.3410844555344436e-06, ""84"": 7.143938674685909e-06, ""85"": 1.331714197779548e-05, ""86"": 2.065823636960872e-05, ""87"": 2.6186211161934058e-05, ""88"": 2.8460895943670523e-05, ""89"": 2.6208543981443692e-05, ""90"": 2.0537072588437038e-05, ""91"": 1.387522063878604e-05, ""92"": 8.048842720356934e-06, ""93"": 4.082471595659235e-06, ""94"": 1.952825937981421e-06, ""95"": 8.394993904388875e-07, ""96"": 3.640257650588332e-07, ""97"": 1.3823914566983413e-07, ""98"": 4.3463722054335286e-08, ""99"": 1.3361380101121976e-08, ""100"": 4.142517593100836e-09, ""101"": 9.9506973724894e-10, ""102"": 2.349295223426828e-10, ""103"": 6.41293900051041e-11, ""104"": 1.460842688940909e-11, ""105"": 3.404436977241114e-12, ""106"": 8.365727580243453e-13, ""107"": 1.996760299161703e-13, ""108"": 4.3040702304637614e-14, ""109"": 8.830094060585334e-15, ""110"": 1.6253755162195853e-15}",21.3573,21.3573,21,20,0.0,1.0,1.0,0.9999,0.9996,0.999,0.9976,0.9949,0.9903,0.9831,0.9724,0.9575,0.9378,0.9127,0.882,0.8454,0.8028,0.7545,0.701,0.6433,0.583,fc9e35ff#phase10c,"stat_grid:component_convolution_mean_coherent_v1+components[pts:pmf_sim_v1+role_aware_pmf_cal_v1:core+monotone_pit_cdf_v1,reb:pmf_sim_v1+role_aware_pmf_cal_v1:core+monotone_pit_cdf_v1,ast:pmf_sim_v1+role_aware_pmf_cal_v1:core+monotone_pit_cdf_v1]+prior_combo[joint_sampler_v1+joint_combo_pmf_v1+role_aware_pmf_cal_v1:core+monotone_pit_cdf_v1]+stat_grid_final_component_convolution_mean_coherent_v1",phase8_role_aware_pmf_cal_v1+monotone_inactive_global_v1,core,projected_minutes,high,24.9137,26.5139,10.5239,26.5139,34.6337,9.3557,0.05,0.9138,0.3003,core,True,current_market_line,True,fanduel,fanduel,player_pra_over_under,32.5,32.5,0.0594,470.0,-850.0,0.1639,0.8361,0.9406,1585.0,-1585.0,-0.1046,-0.1046,0.1046,2026-06-13T17:17:34.390727Z,full,provisional,lineup_unconfirmed,fallback_used,projected,derived_from_projected_minutes,ok,finals_pending,current_phase8,ok,0.0,projected,not_available_yet,bdl_lineup_freshness_manifest,bdl_plus_nba_official,2026-06-13T17:17:50Z
morning,2026-06-13T17:18:40Z,2026-06-13,21716138,1057262518,Dylan Harper,SAS,NYK,True,pra,"{""0"": 5.494915363528285e-06, ""1"": 2.6025235331299843e-05, ""2"": 8.40267688587798e-05, ""3"": 0.0002596350283535078, ""4"": 0.0006360613215212233, ""5"": 0.0013901845170167966, ""6"": 0.0026711375366585397, ""7"": 0.004583172138085004, ""8"": 0.007259389436553617, ""9"": 0.010698870220185595, ""10"": 0.014887758597355165, ""11"": 0.019730668517409924, ""12"": 0.025053535179858935, ""13"": 0.03074708028635717, ""14"": 0.03660843824322811, ""15"": 0.042523559600820764, ""16"": 0.04830884159342959, ""17"": 0.0534956529209979, ""18"": 0.057701948506932034, ""19"": 0.060368362490323776, ""20"": 0.06103269248700482, ""21"": 0.05977157424862078, ""22"": 0.056828811437066834, ""23"": 0.05283074314420466, ""24"": 0.04851258634169317, ""25"": 0.04419001674333327, ""26"": 0.0400234377077261, ""27"": 0.035945340490177086, ""28"": 0.032028987616988684, ""29"": 0.028353545834640115, ""30"": 0.024822161953456507, ""31"": 0.021365777768959798, ""32"": 0.01789317494124683, ""33"": 0.014420800316388909, ""34"": 0.011233952701625962, ""35"": 0.008579784431946492, ""36"": 0.006541249256739967, ""37"": 0.005046864553208071, ""38"": 0.003864959700416694, ""39"": 0.0028661017330892944, ""40"": 0.002012421274704194, ""41"": 0.001327433586750419, ""42"": 0.0008344008516557908, ""43"": 0.00052483039298835, ""44"": 0.0003483626816867499, ""45"": 0.00025963660463491846, ""46"": 0.00021538280590568078, ""47"": 0.00019330027205466025, ""48"": 0.00017858478275832015, ""49"": 0.00016444903516482892, ""50"": 0.00014723212763492782, ""51"": 0.00012433100157390804, ""52"": 9.760060032715584e-05, ""53"": 7.044404617671667e-05, ""54"": 4.696254852182671e-05, ""55"": 2.987749276541882e-05, ""56"": 1.9107851095656396e-05, ""57"": 1.2581847177636122e-05, ""58"": 8.763565078736059e-06, ""59"": 6.047237225941201e-06, ""60"": 3.986299246717768e-06, ""61"": 2.4399213147286526e-06, ""62"": 1.3329344086449998e-06, ""63"": 6.573438945324849e-07, ""64"": 3.065280539389503e-07, ""65"": 1.2866818805280516e-07, ""66"": 5.4786975565843004e-08, ""67"": 2.0638383450985225e-08, ""68"": 6.4375756776039e-09, ""69"": 1.9672984143905487e-09, ""70"": 6.084007675506158e-10, ""71"": 1.4601564638207357e-10, ""72"": 3.446233908405806e-11, ""73"": 9.390745395951805e-12, ""74"": 2.1402707801662237e-12, ""75"": 4.98222390275929e-13, ""76"": 1.2214852629796432e-13, ""77"": 2.908048797280598e-14, ""78"": 6.269059555469411e-15, ""79"": 1.2851047489832e-15, ""80"": 1.0000568025734458e-07, ""81"": 4.1988973027557366e-07, ""82"": 1.1701779277347298e-06, ""83"": 3.3410844555344436e-06, ""84"": 7.143938674685909e-06, ""85"": 1.331714197779548e-05, ""86"": 2.065823636960872e-05, ""87"": 2.6186211161934058e-05, ""88"": 2.8460895943670523e-05, ""89"": 2.6208543981443692e-05, ""90"": 2.0537072588437038e-05, ""91"": 1.387522063878604e-05, ""92"": 8.048842720356934e-06, ""93"": 4.082471595659235e-06, ""94"": 1.952825937981421e-06, ""95"": 8.394993904388875e-07, ""96"": 3.640257650588332e-07, ""97"": 1.3823914566983413e-07, ""98"": 4.3463722054335286e-08, ""99"": 1.3361380101121976e-08, ""100"": 4.142517593100836e-09, ""101"": 9.9506973724894e-10, ""102"": 2.349295223426828e-10, ""103"": 6.41293900051041e-11, ""104"": 1.460842688940909e-11, ""105"": 3.404436977241114e-12, ""106"": 8.365727580243453e-13, ""107"": 1.996760299161703e-13, ""108"": 4.3040702304637614e-14, ""109"": 8.830094060585334e-15, ""110"": 1.6253755162195853e-15}",21.3573,21.3573,21,20,0.0,1.0,1.0,0.9999,0.9996,0.999,0.9976,0.9949,0.9903,0.9831,0.9724,0.9575,0.9378,0.9127,0.882,0.8454,0.8028,0.7545,0.701,0.6433,0.583,fc9e35ff#phase10c,"stat_grid:component_convolution_mean_coherent_v1+components[pts:pmf_sim_v1+role_aware_pmf_cal_v1:core+monotone_pit_cdf_v1,reb:pmf_sim_v1+role_aware_pmf_cal_v1:core+monotone_pit_cdf_v1,ast:pmf_sim_v1+role_aware_pmf_cal_v1:core+monotone_pit_cdf_v1]+prior_combo[joint_sampler_v1+joint_combo_pmf_v1+role_aware_pmf_cal_v1:core+monotone_pit_cdf_v1]+stat_grid_final_component_convolution_mean_coherent_v1",phase8_role_aware_pmf_cal_v1+monotone_inactive_global_v1,core,projected_minutes,high,24.9137,26.5139,10.5239,26.5139,34.6337,9.3557,0.05,0.9138,0.3003,core,True,current_market_line,True,fanduel,fanduel,player_pra_over_under,31.5,31.5,0.0773,390.0,-650.0,0.1906,0.8094,0.9227,1194.0,-1194.0,-0.1133,-0.1133,0.1133,2026-06-13T17:17:34.390727Z,full,provisional,lineup_unconfirmed,fallback_used,projected,derived_from_projected_minutes,ok,finals_pending,current_phase8,ok,0.0,projected,not_available_yet,bdl_lineup_freshness_manifest,bdl_plus_nba_official,2026-06-13T17:17:50Z
morning,2026-06-13T17:18:40Z,2026-06-13,21716138,1057262518,Dylan Harper,SAS,NYK,True,pra,"{""0"": 5.494915363528285e-06, ""1"": 2.6025235331299843e-05, ""2"": 8.40267688587798e-05, ""3"": 0.0002596350283535078, ""4"": 0.0006360613215212233, ""5"": 0.0013901845170167966, ""6"": 0.0026711375366585397, ""7"": 0.004583172138085004, ""8"": 0.007259389436553617, ""9"": 0.010698870220185595, ""10"": 0.014887758597355165, ""11"": 0.019730668517409924, ""12"": 0.025053535179858935, ""13"": 0.03074708028635717, ""14"": 0.03660843824322811, ""15"": 0.042523559600820764, ""16"": 0.04830884159342959, ""17"": 0.0534956529209979, ""18"": 0.057701948506932034, ""19"": 0.060368362490323776, ""20"": 0.06103269248700482, ""21"": 0.05977157424862078, ""22"": 0.056828811437066834, ""23"": 0.05283074314420466, ""24"": 0.04851258634169317, ""25"": 0.04419001674333327, ""26"": 0.0400234377077261, ""27"": 0.035945340490177086, ""28"": 0.032028987616988684, ""29"": 0.028353545834640115, ""30"": 0.024822161953456507, ""31"": 0.021365777768959798, ""32"": 0.01789317494124683, ""33"": 0.014420800316388909, ""34"": 0.011233952701625962, ""35"": 0.008579784431946492, ""36"": 0.006541249256739967, ""37"": 0.005046864553208071, ""38"": 0.003864959700416694, ""39"": 0.0028661017330892944, ""40"": 0.002012421274704194, ""41"": 0.001327433586750419, ""42"": 0.0008344008516557908, ""43"": 0.00052483039298835, ""44"": 0.0003483626816867499, ""45"": 0.00025963660463491846, ""46"": 0.00021538280590568078, ""47"": 0.00019330027205466025, ""48"": 0.00017858478275832015, ""49"": 0.00016444903516482892, ""50"": 0.00014723212763492782, ""51"": 0.00012433100157390804, ""52"": 9.760060032715584e-05, ""53"": 7.044404617671667e-05, ""54"": 4.696254852182671e-05, ""55"": 2.987749276541882e-05, ""56"": 1.9107851095656396e-05, ""57"": 1.2581847177636122e-05, ""58"": 8.763565078736059e-06, ""59"": 6.047237225941201e-06, ""60"": 3.986299246717768e-06, ""61"": 2.4399213147286526e-06, ""62"": 1.3329344086449998e-06, ""63"": 6.573438945324849e-07, ""64"": 3.065280539389503e-07, ""65"": 1.2866818805280516e-07, ""66"": 5.4786975565843004e-08, ""67"": 2.0638383450985225e-08, ""68"": 6.4375756776039e-09, ""69"": 1.9672984143905487e-09, ""70"": 6.084007675506158e-10, ""71"": 1.4601564638207357e-10, ""72"": 3.446233908405806e-11, ""73"": 9.390745395951805e-12, ""74"": 2.1402707801662237e-12, ""75"": 4.98222390275929e-13, ""76"": 1.2214852629796432e-13, ""77"": 2.908048797280598e-14, ""78"": 6.269059555469411e-15, ""79"": 1.2851047489832e-15, ""80"": 1.0000568025734458e-07, ""81"": 4.1988973027557366e-07, ""82"": 1.1701779277347298e-06, ""83"": 3.3410844555344436e-06, ""84"": 7.143938674685909e-06, ""85"": 1.331714197779548e-05, ""86"": 2.065823636960872e-05, ""87"": 2.6186211161934058e-05, ""88"": 2.8460895943670523e-05, ""89"": 2.6208543981443692e-05, ""90"": 2.0537072588437038e-05, ""91"": 1.387522063878604e-05, ""92"": 8.048842720356934e-06, ""93"": 4.082471595659235e-06, ""94"": 1.952825937981421e-06, ""95"": 8.394993904388875e-07, ""96"": 3.640257650588332e-07, ""97"": 1.3823914566983413e-07, ""98"": 4.3463722054335286e-08, ""99"": 1.3361380101121976e-08, ""100"": 4.142517593100836e-09, ""101"": 9.9506973724894e-10, ""102"": 2.349295223426828e-10, ""103"": 6.41293900051041e-11, ""104"": 1.460842688940909e-11, ""105"": 3.404436977241114e-12, ""106"": 8.365727580243453e-13, ""107"": 1.996760299161703e-13, ""108"": 4.3040702304637614e-14, ""109"": 8.830094060585334e-15, ""110"": 1.6253755162195853e-15}",21.3573,21.3573,21,20,0.0,1.0,1.0,0.9999,0.9996,0.999,0.9976,0.9949,0.9903,0.9831,0.9724,0.9575,0.9378,0.9127,0.882,0.8454,0.8028,0.7545,0.701,0.6433,0.583,fc9e35ff#phase10c,"stat_grid:component_convolution_mean_coherent_v1+components[pts:pmf_sim_v1+role_aware_pmf_cal_v1:core+monotone_pit_cdf_v1,reb:pmf_sim_v1+role_aware_pmf_cal_v1:core+monotone_pit_cdf_v1,ast:pmf_sim_v1+role_aware_pmf_cal_v1:core+monotone_pit_cdf_v1]+prior_combo[joint_sampler_v1+joint_combo_pmf_v1+role_aware_pmf_cal_v1:core+monotone_pit_cdf_v1]+stat_grid_final_component_convolution_mean_coherent_v1",phase8_role_aware_pmf_cal_v1+monotone_inactive_global_v1,core,projected_minutes,high,24.9137,26.5139,10.5239,26.5139,34.6337,9.3557,0.05,0.9138,0.3003,core,True,current_market_line,True,fanduel,fanduel,player_pra_over_under,30.5,30.5,0.0986,320.0,-490.0,0.2228,0.7772,0.9014,914.0,-914.0,-0.1242,-0.1242,0.1242,2026-06-13T17:17:34.390727Z,full,provisional,lineup_unconfirmed,fallback_used,projected,derived_from_projected_minutes,ok,finals_pending,current_phase8,ok,0.0,projected,not_available_yet,bdl_lineup_freshness_manifest,bdl_plus_nba_official,2026-06-13T17:17:50Z
morning,2026-06-13T17:18:40Z,2026-06-13,21716138,1057262518,Dylan Harper,SAS,NYK,True,pra,"{""0"": 5.494915363528285e-06, ""1"": 2.6025235331299843e-05, ""2"": 8.40267688587798e-05, ""3"": 0.0002596350283535078, ""4"": 0.0006360613215212233, ""5"": 0.0013901845170167966, ""6"": 0.0026711375366585397, ""7"": 0.004583172138085004, ""8"": 0.007259389436553617, ""9"": 0.010698870220185595, ""10"": 0.014887758597355165, ""11"": 0.019730668517409924, ""12"": 0.025053535179858935, ""13"": 0.03074708028635717, ""14"": 0.03660843824322811, ""15"": 0.042523559600820764, ""16"": 0.04830884159342959, ""17"": 0.0534956529209979, ""18"": 0.057701948506932034, ""19"": 0.060368362490323776, ""20"": 0.06103269248700482, ""21"": 0.05977157424862078, ""22"": 0.056828811437066834, ""23"": 0.05283074314420466, ""24"": 0.04851258634169317, ""25"": 0.04419001674333327, ""26"": 0.0400234377077261, ""27"": 0.035945340490177086, ""28"": 0.032028987616988684, ""29"": 0.028353545834640115, ""30"": 0.024822161953456507, ""31"": 0.021365777768959798, ""32"": 0.01789317494124683, ""33"": 0.014420800316388909, ""34"": 0.011233952701625962, ""35"": 0.008579784431946492, ""36"": 0.006541249256739967, ""37"": 0.005046864553208071, ""38"": 0.003864959700416694, ""39"": 0.0028661017330892944, ""40"": 0.002012421274704194, ""41"": 0.001327433586750419, ""42"": 0.0008344008516557908, ""43"": 0.00052483039298835, ""44"": 0.0003483626816867499, ""45"": 0.00025963660463491846, ""46"": 0.00021538280590568078, ""47"": 0.00019330027205466025, ""48"": 0.00017858478275832015, ""49"": 0.00016444903516482892, ""50"": 0.00014723212763492782, ""51"": 0.00012433100157390804, ""52"": 9.760060032715584e-05, ""53"": 7.044404617671667e-05, ""54"": 4.696254852182671e-05, ""55"": 2.987749276541882e-05, ""56"": 1.9107851095656396e-05, ""57"": 1.2581847177636122e-05, ""58"": 8.763565078736059e-06, ""59"": 6.047237225941201e-06, ""60"": 3.986299246717768e-06, ""61"": 2.4399213147286526e-06, ""62"": 1.3329344086449998e-06, ""63"": 6.573438945324849e-07, ""64"": 3.065280539389503e-07, ""65"": 1.2866818805280516e-07, ""66"": 5.4786975565843004e-08, ""67"": 2.0638383450985225e-08, ""68"": 6.4375756776039e-09, ""69"": 1.9672984143905487e-09, ""70"": 6.084007675506158e-10, ""71"": 1.4601564638207357e-10, ""72"": 3.446233908405806e-11, ""73"": 9.390745395951805e-12, ""74"": 2.1402707801662237e-12, ""75"": 4.98222390275929e-13, ""76"": 1.2214852629796432e-13, ""77"": 2.908048797280598e-14, ""78"": 6.269059555469411e-15, ""79"": 1.2851047489832e-15, ""80"": 1.0000568025734458e-07, ""81"": 4.1988973027557366e-07, ""82"": 1.1701779277347298e-06, ""83"": 3.3410844555344436e-06, ""84"": 7.143938674685909e-06, ""85"": 1.331714197779548e-05, ""86"": 2.065823636960872e-05, ""87"": 2.6186211161934058e-05, ""88"": 2.8460895943670523e-05, ""89"": 2.6208543981443692e-05, ""90"": 2.0537072588437038e-05, ""91"": 1.387522063878604e-05, ""92"": 8.048842720356934e-06, ""93"": 4.082471595659235e-06, ""94"": 1.952825937981421e-06, ""95"": 8.394993904388875e-07, ""96"": 3.640257650588332e-07, ""97"": 1.3823914566983413e-07, ""98"": 4.3463722054335286e-08, ""99"": 1.3361380101121976e-08, ""100"": 4.142517593100836e-09, ""101"": 9.9506973724894e-10, ""102"": 2.349295223426828e-10, ""103"": 6.41293900051041e-11, ""104"": 1.460842688940909e-11, ""105"": 3.404436977241114e-12, ""106"": 8.365727580243453e-13, ""107"": 1.996760299161703e-13, ""108"": 4.3040702304637614e-14, ""109"": 8.830094060585334e-15, ""110"": 1.6253755162195853e-15}",21.3573,21.3573,21,20,0.0,1.0,1.0,0.9999,0.9996,0.999,0.9976,0.9949,0.9903,0.9831,0.9724,0.9575,0.9378,0.9127,0.882,0.8454,0.8028,0.7545,0.701,0.6433,0.583,fc9e35ff#phase10c,"stat_grid:component_convolution_mean_coherent_v1+components[pts:pmf_sim_v1+role_aware_pmf_cal_v1:core+monotone_pit_cdf_v1,reb:pmf_sim_v1+role_aware_pmf_cal_v1:core+monotone_pit_cdf_v1,ast:pmf_sim_v1+role_aware_pmf_cal_v1:core+monotone_pit_cdf_v1]+prior_combo[joint_sampler_v1+joint_combo_pmf_v1+role_aware_pmf_cal_v1:core+monotone_pit_cdf_v1]+stat_grid_final_component_convolution_mean_coherent_v1",phase8_role_aware_pmf_cal_v1+monotone_inactive_global_v1,core,projected_minutes,high,24.9137,26.5139,10.5239,26.5139,34.6337,9.3557,0.05,0.9138,0.3003,core,True,current_market_line,True,fanduel,fanduel,player_pra_over_under,29.5,29.5,0.1234,270.0,-400.0,0.2525,0.7475,0.8766,710.0,-710.0,-0.1291,-0.1291,0.1291,2026-06-13T17:17:34.390727Z,full,provisional,lineup_unconfirmed,fallback_used,projected,derived_from_projected_minutes,ok,finals_pending,current_phase8,ok,0.0,projected,not_available_yet,bdl_lineup_freshness_manifest,bdl_plus_nba_official,2026-06-13T17:17:50Z
morning,2026-06-13T17:18:40Z,2026-06-13,21716138,1057262518,Dylan Harper,SAS,NYK,True,pra,"{""0"": 5.494915363528285e-06, ""1"": 2.6025235331299843e-05, ""2"": 8.40267688587798e-05, ""3"": 0.0002596350283535078, ""4"": 0.0006360613215212233, ""5"": 0.0013901845170167966, ""6"": 0.0026711375366585397, ""7"": 0.004583172138085004, ""8"": 0.007259389436553617, ""9"": 0.010698870220185595, ""10"": 0.014887758597355165, ""11"": 0.019730668517409924, ""12"": 0.025053535179858935, ""13"": 0.03074708028635717, ""14"": 0.03660843824322811, ""15"": 0.042523559600820764, ""16"": 0.04830884159342959, ""17"": 0.0534956529209979, ""18"": 0.057701948506932034, ""19"": 0.060368362490323776, ""20"": 0.06103269248700482, ""21"": 0.05977157424862078, ""22"": 0.056828811437066834, ""23"": 0.05283074314420466, ""24"": 0.04851258634169317, ""25"": 0.04419001674333327, ""26"": 0.0400234377077261, ""27"": 0.035945340490177086, ""28"": 0.032028987616988684, ""29"": 0.028353545834640115, ""30"": 0.024822161953456507, ""31"": 0.021365777768959798, ""32"": 0.01789317494124683, ""33"": 0.014420800316388909, ""34"": 0.011233952701625962, ""35"": 0.008579784431946492, ""36"": 0.006541249256739967, ""37"": 0.005046864553208071, ""38"": 0.003864959700416694, ""39"": 0.0028661017330892944, ""40"": 0.002012421274704194, ""41"": 0.001327433586750419, ""42"": 0.0008344008516557908, ""43"": 0.00052483039298835, ""44"": 0.0003483626816867499, ""45"": 0.00025963660463491846, ""46"": 0.00021538280590568078, ""47"": 0.00019330027205466025, ""48"": 0.00017858478275832015, ""49"": 0.00016444903516482892, ""50"": 0.00014723212763492782, ""51"": 0.00012433100157390804, ""52"": 9.760060032715584e-05, ""53"": 7.044404617671667e-05, ""54"": 4.696254852182671e-05, ""55"": 2.987749276541882e-05, ""56"": 1.9107851095656396e-05, ""57"": 1.2581847177636122e-05, ""58"": 8.763565078736059e-06, ""59"": 6.047237225941201e-06, ""60"": 3.986299246717768e-06, ""61"": 2.4399213147286526e-06, ""62"": 1.3329344086449998e-06, ""63"": 6.573438945324849e-07, ""64"": 3.065280539389503e-07, ""65"": 1.2866818805280516e-07, ""66"": 5.4786975565843004e-08, ""67"": 2.0638383450985225e-08, ""68"": 6.4375756776039e-09, ""69"": 1.9672984143905487e-09, ""70"": 6.084007675506158e-10, ""71"": 1.4601564638207357e-10, ""72"": 3.446233908405806e-11, ""73"": 9.390745395951805e-12, ""74"": 2.1402707801662237e-12, ""75"": 4.98222390275929e-13, ""76"": 1.2214852629796432e-13, ""77"": 2.908048797280598e-14, ""78"": 6.269059555469411e-15, ""79"": 1.2851047489832e-15, ""80"": 1.0000568025734458e-07, ""81"": 4.1988973027557366e-07, ""82"": 1.1701779277347298e-06, ""83"": 3.3410844555344436e-06, ""84"": 7.143938674685909e-06, ""85"": 1.331714197779548e-05, ""86"": 2.065823636960872e-05, ""87"": 2.6186211161934058e-05, ""88"": 2.8460895943670523e-05, ""89"": 2.6208543981443692e-05, ""90"": 2.0537072588437038e-05, ""91"": 1.387522063878604e-05, ""92"": 8.048842720356934e-06, ""93"": 4.082471595659235e-06, ""94"": 1.952825937981421e-06, ""95"": 8.394993904388875e-07, ""96"": 3.640257650588332e-07, ""97"": 1.3823914566983413e-07, ""98"": 4.3463722054335286e-08, ""99"": 1.3361380101121976e-08, ""100"": 4.142517593100836e-09, ""101"": 9.9506973724894e-10, ""102"": 2.349295223426828e-10, ""103"": 6.41293900051041e-11, ""104"": 1.460842688940909e-11, ""105"": 3.404436977241114e-12, ""106"": 8.365727580243453e-13, ""107"": 1.996760299161703e-13, ""108"": 4.3040702304637614e-14, ""109"": 8.830094060585334e-15, ""110"": 1.6253755162195853e-15}",21.3573,21.3573,21,20,0.0,1.0,1.0,0.9999,0.9996,0.999,0.9976,0.9949,0.9903,0.9831,0.9724,0.9575,0.9378,0.9127,0.882,0.8454,0.8028,0.7545,0.701,0.6433,0.583,fc9e35ff#phase10c,"stat_grid:component_convolution_mean_coherent_v1+components[pts:pmf_sim_v1+role_aware_pmf_cal_v1:core+monotone_pit_cdf_v1,reb:pmf_sim_v1+role_aware_pmf_cal_v1:core+monotone_pit_cdf_v1,ast:pmf_sim_v1+role_aware_pmf_cal_v1:core+monotone_pit_cdf_v1]+prior_combo[joint_sampler_v1+joint_combo_pmf_v1+role_aware_pmf_cal_v1:core+monotone_pit_cdf_v1]+stat_grid_final_component_convolution_mean_coherent_v1",phase8_role_aware_pmf_cal_v1+monotone_inactive_global_v1,core,projected_minutes,high,24.9137,26.5139,10.5239,26.5139,34.6337,9.3557,0.05,0.9138,0.3003,core,True,current_market_line,True,fanduel,fanduel,player_pra_over_under,28.5,28.5,0.1518,220.0,-310.0,0.2924,0.7076,0.8482,559.0,-559.0,-0.1406,-0.1406,0.1406,2026-06-13T17:17:34.390727Z,full,provisional,lineup_unconfirmed,fallback_used,projected,derived_from_projected_minutes,ok,finals_pending,current_phase8,ok,0.0,projected,not_available_yet,bdl_lineup_freshness_manifest,bdl_plus_nba_official,2026-06-13T17:17:50Z
morning,2026-06-13T17:18:40Z,2026-06-13,21716138,1057262518,Dylan Harper,SAS,NYK,True,pra,"{""0"": 5.494915363528285e-06, ""1"": 2.6025235331299843e-05, ""2"": 8.40267688587798e-05, ""3"": 0.0002596350283535078, ""4"": 0.0006360613215212233, ""5"": 0.0013901845170167966, ""6"": 0.0026711375366585397, ""7"": 0.004583172138085004, ""8"": 0.007259389436553617, ""9"": 0.010698870220185595, ""10"": 0.014887758597355165, ""11"": 0.019730668517409924, ""12"": 0.025053535179858935, ""13"": 0.03074708028635717, ""14"": 0.03660843824322811, ""15"": 0.042523559600820764, ""16"": 0.04830884159342959, ""17"": 0.0534956529209979, ""18"": 0.057701948506932034, ""19"": 0.060368362490323776, ""20"": 0.06103269248700482, ""21"": 0.05977157424862078, ""22"": 0.056828811437066834, ""23"": 0.05283074314420466, ""24"": 0.04851258634169317, ""25"": 0.04419001674333327, ""26"": 0.0400234377077261, ""27"": 0.035945340490177086, ""28"": 0.032028987616988684, ""29"": 0.028353545834640115, ""30"": 0.024822161953456507, ""31"": 0.021365777768959798, ""32"": 0.01789317494124683, ""33"": 0.014420800316388909, ""34"": 0.011233952701625962, ""35"": 0.008579784431946492, ""36"": 0.006541249256739967, ""37"": 0.005046864553208071, ""38"": 0.003864959700416694, ""39"": 0.0028661017330892944, ""40"": 0.002012421274704194, ""41"": 0.001327433586750419, ""42"": 0.0008344008516557908, ""43"": 0.00052483039298835, ""44"": 0.0003483626816867499, ""45"": 0.00025963660463491846, ""46"": 0.00021538280590568078, ""47"": 0.00019330027205466025, ""48"": 0.00017858478275832015, ""49"": 0.00016444903516482892, ""50"": 0.00014723212763492782, ""51"": 0.00012433100157390804, ""52"": 9.760060032715584e-05, ""53"": 7.044404617671667e-05, ""54"": 4.696254852182671e-05, ""55"": 2.987749276541882e-05, ""56"": 1.9107851095656396e-05, ""57"": 1.2581847177636122e-05, ""58"": 8.763565078736059e-06, ""59"": 6.047237225941201e-06, ""60"": 3.986299246717768e-06, ""61"": 2.4399213147286526e-06, ""62"": 1.3329344086449998e-06, ""63"": 6.573438945324849e-07, ""64"": 3.065280539389503e-07, ""65"": 1.2866818805280516e-07, ""66"": 5.4786975565843004e-08, ""67"": 2.0638383450985225e-08, ""68"": 6.4375756776039e-09, ""69"": 1.9672984143905487e-09, ""70"": 6.084007675506158e-10, ""71"": 1.4601564638207357e-10, ""72"": 3.446233908405806e-11, ""73"": 9.390745395951805e-12, ""74"": 2.1402707801662237e-12, ""75"": 4.98222390275929e-13, ""76"": 1.2214852629796432e-13, ""77"": 2.908048797280598e-14, ""78"": 6.269059555469411e-15, ""79"": 1.2851047489832e-15, ""80"": 1.0000568025734458e-07, ""81"": 4.1988973027557366e-07, ""82"": 1.1701779277347298e-06, ""83"": 3.3410844555344436e-06, ""84"": 7.143938674685909e-06, ""85"": 1.331714197779548e-05, ""86"": 2.065823636960872e-05, ""87"": 2.6186211161934058e-05, ""88"": 2.8460895943670523e-05, ""89"": 2.6208543981443692e-05, ""90"": 2.0537072588437038e-05, ""91"": 1.387522063878604e-05, ""92"": 8.048842720356934e-06, ""93"": 4.082471595659235e-06, ""94"": 1.952825937981421e-06, ""95"": 8.394993904388875e-07, ""96"": 3.640257650588332e-07, ""97"": 1.3823914566983413e-07, ""98"": 4.3463722054335286e-08, ""99"": 1.3361380101121976e-08, ""100"": 4.142517593100836e-09, ""101"": 9.9506973724894e-10, ""102"": 2.349295223426828e-10, ""103"": 6.41293900051041e-11, ""104"": 1.460842688940909e-11, ""105"": 3.404436977241114e-12, ""106"": 8.365727580243453e-13, ""107"": 1.996760299161703e-13, ""108"": 4.3040702304637614e-14, ""109"": 8.830094060585334e-15, ""110"": 1.6253755162195853e-15}",21.3573,21.3573,21,20,0.0,1.0,1.0,0.9999,0.9996,0.999,0.9976,0.9949,0.9903,0.9831,0.9724,0.9575,0.9378,0.9127,0.882,0.8454,0.8028,0.7545,0.701,0.6433,0.583,fc9e35ff#phase10c,"stat_grid:component_convolution_mean_coherent_v1+components[pts:pmf_sim_v1+role_aware_pmf_cal_v1:core+monotone_pit_cdf_v1,reb:pmf_sim_v1+role_aware_pmf_cal_v1:core+monotone_pit_cdf_v1,ast:pmf_sim_v1+role_aware_pmf_cal_v1:core+monotone_pit_cdf_v1]+prior_combo[joint_sampler_v1+joint_combo_pmf_v1+role_aware_pmf_cal_v1:core+monotone_pit_cdf_v1]+stat_grid_final_component_convolution_mean_coherent_v1",phase8_role_aware_pmf_cal_v1+monotone_inactive_global_v1,core,projected_minutes,high,24.9137,26.5139,10.5239,26.5139,34.6337,9.3557,0.05,0.9138,0.3003,core,True,current_market_line,True,fanduel,fanduel,player_pra_over_under,27.5,27.5,0.1838,182.0,-250.0,0.3318,0.6682,0.8162,444.0,-444.0,-0.1479,-0.1479,0.1479,2026-06-13T17:17:34.390727Z,full,provisional,lineup_unconfirmed,fallback_used,projected,derived_from_projected_minutes,ok,finals_pending,current_phase8,ok,0.0,projected,not_available_yet,bdl_lineup_freshness_manifest,bdl_plus_nba_official,2026-06-13T17:17:50Z
morning,2026-06-13T17:18:40Z,2026-06-13,21716138,1057262518,Dylan Harper,SAS,NYK,True,pra,"{""0"": 5.494915363528285e-06, ""1"": 2.6025235331299843e-05, ""2"": 8.40267688587798e-05, ""3"": 0.0002596350283535078, ""4"": 0.0006360613215212233, ""5"": 0.0013901845170167966, ""6"": 0.0026711375366585397, ""7"": 0.004583172138085004, ""8"": 0.007259389436553617, ""9"": 0.010698870220185595, ""10"": 0.014887758597355165, ""11"": 0.019730668517409924, ""12"": 0.025053535179858935, ""13"": 0.03074708028635717, ""14"": 0.03660843824322811, ""15"": 0.042523559600820764, ""16"": 0.04830884159342959, ""17"": 0.0534956529209979, ""18"": 0.057701948506932034, ""19"": 0.060368362490323776, ""20"": 0.06103269248700482, ""21"": 0.05977157424862078, ""22"": 0.056828811437066834, ""23"": 0.05283074314420466, ""24"": 0.04851258634169317, ""25"": 0.04419001674333327, ""26"": 0.0400234377077261, ""27"": 0.035945340490177086, ""28"": 0.032028987616988684, ""29"": 0.028353545834640115, ""30"": 0.024822161953456507, ""31"": 0.021365777768959798, ""32"": 0.01789317494124683, ""33"": 0.014420800316388909, ""34"": 0.011233952701625962, ""35"": 0.008579784431946492, ""36"": 0.006541249256739967, ""37"": 0.005046864553208071, ""38"": 0.003864959700416694, ""39"": 0.0028661017330892944, ""40"": 0.002012421274704194, ""41"": 0.001327433586750419, ""42"": 0.0008344008516557908, ""43"": 0.00052483039298835, ""44"": 0.0003483626816867499, ""45"": 0.00025963660463491846, ""46"": 0.00021538280590568078, ""47"": 0.00019330027205466025, ""48"": 0.00017858478275832015, ""49"": 0.00016444903516482892, ""50"": 0.00014723212763492782, ""51"": 0.00012433100157390804, ""52"": 9.760060032715584e-05, ""53"": 7.044404617671667e-05, ""54"": 4.696254852182671e-05, ""55"": 2.987749276541882e-05, ""56"": 1.9107851095656396e-05, ""57"": 1.2581847177636122e-05, ""58"": 8.763565078736059e-06, ""59"": 6.047237225941201e-06, ""60"": 3.986299246717768e-06, ""61"": 2.4399213147286526e-06, ""62"": 1.3329344086449998e-06, ""63"": 6.573438945324849e-07, ""64"": 3.065280539389503e-07, ""65"": 1.2866818805280516e-07, ""66"": 5.4786975565843004e-08, ""67"": 2.0638383450985225e-08, ""68"": 6.4375756776039e-09, ""69"": 1.9672984143905487e-09, ""70"": 6.084007675506158e-10, ""71"": 1.4601564638207357e-10, ""72"": 3.446233908405806e-11, ""73"": 9.390745395951805e-12, ""74"": 2.1402707801662237e-12, ""75"": 4.98222390275929e-13, ""76"": 1.2214852629796432e-13, ""77"": 2.908048797280598e-14, ""78"": 6.269059555469411e-15, ""79"": 1.2851047489832e-15, ""80"": 1.0000568025734458e-07, ""81"": 4.1988973027557366e-07, ""82"": 1.1701779277347298e-06, ""83"": 3.3410844555344436e-06, ""84"": 7.143938674685909e-06, ""85"": 1.331714197779548e-05, ""86"": 2.065823636960872e-05, ""87"": 2.6186211161934058e-05, ""88"": 2.8460895943670523e-05, ""89"": 2.6208543981443692e-05, ""90"": 2.0537072588437038e-05, ""91"": 1.387522063878604e-05, ""92"": 8.048842720356934e-06, ""93"": 4.082471595659235e-06, ""94"": 1.952825937981421e-06, ""95"": 8.394993904388875e-07, ""96"": 3.640257650588332e-07, ""97"": 1.3823914566983413e-07, ""98"": 4.3463722054335286e-08, ""99"": 1.3361380101121976e-08, ""100"": 4.142517593100836e-09, ""101"": 9.9506973724894e-10, ""102"": 2.349295223426828e-10, ""103"": 6.41293900051041e-11, ""104"": 1.460842688940909e-11, ""105"": 3.404436977241114e-12, ""106"": 8.365727580243453e-13, ""107"": 1.996760299161703e-13, ""108"": 4.3040702304637614e-14, ""109"": 8.830094060585334e-15, ""110"": 1.6253755162195853e-15}",21.3573,21.3573,21,20,0.0,1.0,1.0,0.9999,0.9996,0.999,0.9976,0.9949,0.9903,0.9831,0.9724,0.9575,0.9378,0.9127,0.882,0.8454,0.8028,0.7545,0.701,0.6433,0.583,fc9e35ff#phase10c,"stat_grid:component_convolution_mean_coherent_v1+components[pts:pmf_sim_v1+role_aware_pmf_cal_v1:core+monotone_pit_cdf_v1,reb:pmf_sim_v1+role_aware_pmf_cal_v1:core+monotone_pit_cdf_v1,ast:pmf_sim_v1+role_aware_pmf_cal_v1:core+monotone_pit_cdf_v1]+prior_combo[joint_sampler_v1+joint_combo_pmf_v1+role_aware_pmf_cal_v1:core+monotone_pit_cdf_v1]+stat_grid_final_component_convolution_mean_coherent_v1",phase8_role_aware_pmf_cal_v1+monotone_inactive_global_v1,core,projected_minutes,high,24.9137,26.5139,10.5239,26.5139,34.6337,9.3557,0.05,0.9138,0.3003,core,True,current_market_line,True,fanduel,fanduel,player_pra_over_under,26.5,26.5,0.2198,148.0,-200.0,0.3769,0.6231,0.7802,355.0,-355.0,-0.1571,-0.1571,0.1571,2026-06-13T17:17:34.390727Z,full,provisional,lineup_unconfirmed,fallback_used,projected,derived_from_projected_minutes,ok,finals_pending,current_phase8,ok,0.0,projected,not_available_yet,bdl_lineup_freshness_manifest,bdl_plus_nba_official,2026-06-13T17:17:50Z
morning,2026-06-13T17:18:40Z,2026-06-13,21716138,1057262518,Dylan Harper,SAS,NYK,True,pra,"{""0"": 5.494915363528285e-06, ""1"": 2.6025235331299843e-05, ""2"": 8.40267688587798e-05, ""3"": 0.0002596350283535078, ""4"": 0.0006360613215212233, ""5"": 0.0013901845170167966, ""6"": 0.0026711375366585397, ""7"": 0.004583172138085004, ""8"": 0.007259389436553617, ""9"": 0.010698870220185595, ""10"": 0.014887758597355165, ""11"": 0.019730668517409924, ""12"": 0.025053535179858935, ""13"": 0.03074708028635717, ""14"": 0.03660843824322811, ""15"": 0.042523559600820764, ""16"": 0.04830884159342959, ""17"": 0.0534956529209979, ""18"": 0.057701948506932034, ""19"": 0.060368362490323776, ""20"": 0.06103269248700482, ""21"": 0.05977157424862078, ""22"": 0.056828811437066834, ""23"": 0.05283074314420466, ""24"": 0.04851258634169317, ""25"": 0.04419001674333327, ""26"": 0.0400234377077261, ""27"": 0.035945340490177086, ""28"": 0.032028987616988684, ""29"": 0.028353545834640115, ""30"": 0.024822161953456507, ""31"": 0.021365777768959798, ""32"": 0.01789317494124683, ""33"": 0.014420800316388909, ""34"": 0.011233952701625962, ""35"": 0.008579784431946492, ""36"": 0.006541249256739967, ""37"": 0.005046864553208071, ""38"": 0.003864959700416694, ""39"": 0.0028661017330892944, ""40"": 0.002012421274704194, ""41"": 0.001327433586750419, ""42"": 0.0008344008516557908, ""43"": 0.00052483039298835, ""44"": 0.0003483626816867499, ""45"": 0.00025963660463491846, ""46"": 0.00021538280590568078, ""47"": 0.00019330027205466025, ""48"": 0.00017858478275832015, ""49"": 0.00016444903516482892, ""50"": 0.00014723212763492782, ""51"": 0.00012433100157390804, ""52"": 9.760060032715584e-05, ""53"": 7.044404617671667e-05, ""54"": 4.696254852182671e-05, ""55"": 2.987749276541882e-05, ""56"": 1.9107851095656396e-05, ""57"": 1.2581847177636122e-05, ""58"": 8.763565078736059e-06, ""59"": 6.047237225941201e-06, ""60"": 3.986299246717768e-06, ""61"": 2.4399213147286526e-06, ""62"": 1.3329344086449998e-06, ""63"": 6.573438945324849e-07, ""64"": 3.065280539389503e-07, ""65"": 1.2866818805280516e-07, ""66"": 5.4786975565843004e-08, ""67"": 2.0638383450985225e-08, ""68"": 6.4375756776039e-09, ""69"": 1.9672984143905487e-09, ""70"": 6.084007675506158e-10, ""71"": 1.4601564638207357e-10, ""72"": 3.446233908405806e-11, ""73"": 9.390745395951805e-12, ""74"": 2.1402707801662237e-12, ""75"": 4.98222390275929e-13, ""76"": 1.2214852629796432e-13, ""77"": 2.908048797280598e-14, ""78"": 6.269059555469411e-15, ""79"": 1.2851047489832e-15, ""80"": 1.0000568025734458e-07, ""81"": 4.1988973027557366e-07, ""82"": 1.1701779277347298e-06, ""83"": 3.3410844555344436e-06, ""84"": 7.143938674685909e-06, ""85"": 1.331714197779548e-05, ""86"": 2.065823636960872e-05, ""87"": 2.6186211161934058e-05, ""88"": 2.8460895943670523e-05, ""89"": 2.6208543981443692e-05, ""90"": 2.0537072588437038e-05, ""91"": 1.387522063878604e-05, ""92"": 8.048842720356934e-06, ""93"": 4.082471595659235e-06, ""94"": 1.952825937981421e-06, ""95"": 8.394993904388875e-07, ""96"": 3.640257650588332e-07, ""97"": 1.3823914566983413e-07, ""98"": 4.3463722054335286e-08, ""99"": 1.3361380101121976e-08, ""100"": 4.142517593100836e-09, ""101"": 9.9506973724894e-10, ""102"": 2.349295223426828e-10, ""103"": 6.41293900051041e-11, ""104"": 1.460842688940909e-11, ""105"": 3.404436977241114e-12, ""106"": 8.365727580243453e-13, ""107"": 1.996760299161703e-13, ""108"": 4.3040702304637614e-14, ""109"": 8.830094060585334e-15, ""110"": 1.6253755162195853e-15}",21.3573,21.3573,21,20,0.0,1.0,1.0,0.9999,0.9996,0.999,0.9976,0.9949,0.9903,0.9831,0.9724,0.9575,0.9378,0.9127,0.882,0.8454,0.8028,0.7545,0.701,0.6433,0.583,fc9e35ff#phase10c,"stat_grid:component_convolution_mean_coherent_v1+components[pts:pmf_sim_v1+role_aware_pmf_cal_v1:core+monotone_pit_cdf_v1,reb:pmf_sim_v1+role_aware_pmf_cal_v1:core+monotone_pit_cdf_v1,ast:pmf_sim_v1+role_aware_pmf_cal_v1:core+monotone_pit_cdf_v1]+prior_combo[joint_sampler_v1+joint_combo_pmf_v1+role_aware_pmf_cal_v1:core+monotone_pit_cdf_v1]+stat_grid_final_component_convolution_mean_coherent_v1",phase8_role_aware_pmf_cal_v1+monotone_inactive_global_v1,core,projected_minutes,high,24.9137,26.5139,10.5239,26.5139,34.6337,9.3557,0.05,0.9138,0.3003,core,True,current_market_line,True,fanduel,fanduel,player_pra_over_under,25.5,25.5,0.2598,116.0,-154.0,0.433,0.567,0.7402,285.0,-285.0,-0.1732,-0.1732,0.1732,2026-06-13T17:17:34.390727Z,full,provisional,lineup_unconfirmed,fallback_used,projected,derived_from_projected_minutes,ok,finals_pending,current_phase8,ok,0.0,projected,not_available_yet,bdl_lineup_freshness_manifest,bdl_plus_nba_official,2026-06-13T17:17:50Z
morning,2026-06-13T17:18:40Z,2026-06-13,21716138,1057262518,Dylan Harper,SAS,NYK,True,pra,"{""0"": 5.494915363528285e-06, ""1"": 2.6025235331299843e-05, ""2"": 8.40267688587798e-05, ""3"": 0.0002596350283535078, ""4"": 0.0006360613215212233, ""5"": 0.0013901845170167966, ""6"": 0.0026711375366585397, ""7"": 0.004583172138085004, ""8"": 0.007259389436553617, ""9"": 0.010698870220185595, ""10"": 0.014887758597355165, ""11"": 0.019730668517409924, ""12"": 0.025053535179858935, ""13"": 0.03074708028635717, ""14"": 0.03660843824322811, ""15"": 0.042523559600820764, ""16"": 0.04830884159342959, ""17"": 0.0534956529209979, ""18"": 0.057701948506932034, ""19"": 0.060368362490323776, ""20"": 0.06103269248700482, ""21"": 0.05977157424862078, ""22"": 0.056828811437066834, ""23"": 0.05283074314420466, ""24"": 0.04851258634169317, ""25"": 0.04419001674333327, ""26"": 0.0400234377077261, ""27"": 0.035945340490177086, ""28"": 0.032028987616988684, ""29"": 0.028353545834640115, ""30"": 0.024822161953456507, ""31"": 0.021365777768959798, ""32"": 0.01789317494124683, ""33"": 0.014420800316388909, ""34"": 0.011233952701625962, ""35"": 0.008579784431946492, ""36"": 0.006541249256739967, ""37"": 0.005046864553208071, ""38"": 0.003864959700416694, ""39"": 0.0028661017330892944, ""40"": 0.002012421274704194, ""41"": 0.001327433586750419, ""42"": 0.0008344008516557908, ""43"": 0.00052483039298835, ""44"": 0.0003483626816867499, ""45"": 0.00025963660463491846, ""46"": 0.00021538280590568078, ""47"": 0.00019330027205466025, ""48"": 0.00017858478275832015, ""49"": 0.00016444903516482892, ""50"": 0.00014723212763492782, ""51"": 0.00012433100157390804, ""52"": 9.760060032715584e-05, ""53"": 7.044404617671667e-05, ""54"": 4.696254852182671e-05, ""55"": 2.987749276541882e-05, ""56"": 1.9107851095656396e-05, ""57"": 1.2581847177636122e-05, ""58"": 8.763565078736059e-06, ""59"": 6.047237225941201e-06, ""60"": 3.986299246717768e-06, ""61"": 2.4399213147286526e-06, ""62"": 1.3329344086449998e-06, ""63"": 6.573438945324849e-07, ""64"": 3.065280539389503e-07, ""65"": 1.2866818805280516e-07, ""66"": 5.4786975565843004e-08, ""67"": 2.0638383450985225e-08, ""68"": 6.4375756776039e-09, ""69"": 1.9672984143905487e-09, ""70"": 6.084007675506158e-10, ""71"": 1.4601564638207357e-10, ""72"": 3.446233908405806e-11, ""73"": 9.390745395951805e-12, ""74"": 2.1402707801662237e-12, ""75"": 4.98222390275929e-13, ""76"": 1.2214852629796432e-13, ""77"": 2.908048797280598e-14, ""78"": 6.269059555469411e-15, ""79"": 1.2851047489832e-15, ""80"": 1.0000568025734458e-07, ""81"": 4.1988973027557366e-07, ""82"": 1.1701779277347298e-06, ""83"": 3.3410844555344436e-06, ""84"": 7.143938674685909e-06, ""85"": 1.331714197779548e-05, ""86"": 2.065823636960872e-05, ""87"": 2.6186211161934058e-05, ""88"": 2.8460895943670523e-05, ""89"": 2.6208543981443692e-05, ""90"": 2.0537072588437038e-05, ""91"": 1.387522063878604e-05, ""92"": 8.048842720356934e-06, ""93"": 4.082471595659235e-06, ""94"": 1.952825937981421e-06, ""95"": 8.394993904388875e-07, ""96"": 3.640257650588332e-07, ""97"": 1.3823914566983413e-07, ""98"": 4.3463722054335286e-08, ""99"": 1.3361380101121976e-08, ""100"": 4.142517593100836e-09, ""101"": 9.9506973724894e-10, ""102"": 2.349295223426828e-10, ""103"": 6.41293900051041e-11, ""104"": 1.460842688940909e-11, ""105"": 3.404436977241114e-12, ""106"": 8.365727580243453e-13, ""107"": 1.996760299161703e-13, ""108"": 4.3040702304637614e-14, ""109"": 8.830094060585334e-15, ""110"": 1.6253755162195853e-15}",21.3573,21.3573,21,20,0.0,1.0,1.0,0.9999,0.9996,0.999,0.9976,0.9949,0.9903,0.9831,0.9724,0.9575,0.9378,0.9127,0.882,0.8454,0.8028,0.7545,0.701,0.6433,0.583,fc9e35ff#phase10c,"stat_grid:component_convolution_mean_coherent_v1+components[pts:pmf_sim_v1+role_aware_pmf_cal_v1:core+monotone_pit_cdf_v1,reb:pmf_sim_v1+role_aware_pmf_cal_v1:core+monotone_pit_cdf_v1,ast:pmf_sim_v1+role_aware_pmf_cal_v1:core+monotone_pit_cdf_v1]+prior_combo[joint_sampler_v1+joint_combo_pmf_v1+role_aware_pmf_cal_v1:core+monotone_pit_cdf_v1]+stat_grid_final_component_convolution_mean_coherent_v1",phase8_role_aware_pmf_cal_v1+monotone_inactive_global_v1,core,projected_minutes,high,24.9137,26.5139,10.5239,26.5139,34.6337,9.3557,0.05,0.9138,0.3003,core,True,current_market_line,True,fanduel,fanduel,player_pra_over_under,24.5,24.5,0.304,-106.0,-125.0,0.4808,0.5192,0.696,229.0,-229.0,-0.1769,-0.1769,0.1769,2026-06-13T17:17:34.390727Z,full,provisional,lineup_unconfirmed,fallback_used,projected,derived_from_projected_minutes,ok,finals_pending,current_phase8,ok,0.0,projected,not_available_yet,bdl_lineup_freshness_manifest,bdl_plus_nba_official,2026-06-13T17:17:50Z
morning,2026-06-13T17:18:40Z,2026-06-13,21716138,1057262518,Dylan Harper,SAS,NYK,True,pra,"{""0"": 5.494915363528285e-06, ""1"": 2.6025235331299843e-05, ""2"": 8.40267688587798e-05, ""3"": 0.0002596350283535078, ""4"": 0.0006360613215212233, ""5"": 0.0013901845170167966, ""6"": 0.0026711375366585397, ""7"": 0.004583172138085004, ""8"": 0.007259389436553617, ""9"": 0.010698870220185595, ""10"": 0.014887758597355165, ""11"": 0.019730668517409924, ""12"": 0.025053535179858935, ""13"": 0.03074708028635717, ""14"": 0.03660843824322811, ""15"": 0.042523559600820764, ""16"": 0.04830884159342959, ""17"": 0.0534956529209979, ""18"": 0.057701948506932034, ""19"": 0.060368362490323776, ""20"": 0.06103269248700482, ""21"": 0.05977157424862078, ""22"": 0.056828811437066834, ""23"": 0.05283074314420466, ""24"": 0.04851258634169317, ""25"": 0.04419001674333327, ""26"": 0.0400234377077261, ""27"": 0.035945340490177086, ""28"": 0.032028987616988684, ""29"": 0.028353545834640115, ""30"": 0.024822161953456507, ""31"": 0.021365777768959798, ""32"": 0.01789317494124683, ""33"": 0.014420800316388909, ""34"": 0.011233952701625962, ""35"": 0.008579784431946492, ""36"": 0.006541249256739967, ""37"": 0.005046864553208071, ""38"": 0.003864959700416694, ""39"": 0.0028661017330892944, ""40"": 0.002012421274704194, ""41"": 0.001327433586750419, ""42"": 0.0008344008516557908, ""43"": 0.00052483039298835, ""44"": 0.0003483626816867499, ""45"": 0.00025963660463491846, ""46"": 0.00021538280590568078, ""47"": 0.00019330027205466025, ""48"": 0.00017858478275832015, ""49"": 0.00016444903516482892, ""50"": 0.00014723212763492782, ""51"": 0.00012433100157390804, ""52"": 9.760060032715584e-05, ""53"": 7.044404617671667e-05, ""54"": 4.696254852182671e-05, ""55"": 2.987749276541882e-05, ""56"": 1.9107851095656396e-05, ""57"": 1.2581847177636122e-05, ""58"": 8.763565078736059e-06, ""59"": 6.047237225941201e-06, ""60"": 3.986299246717768e-06, ""61"": 2.4399213147286526e-06, ""62"": 1.3329344086449998e-06, ""63"": 6.573438945324849e-07, ""64"": 3.065280539389503e-07, ""65"": 1.2866818805280516e-07, ""66"": 5.4786975565843004e-08, ""67"": 2.0638383450985225e-08, ""68"": 6.4375756776039e-09, ""69"": 1.9672984143905487e-09, ""70"": 6.084007675506158e-10, ""71"": 1.4601564638207357e-10, ""72"": 3.446233908405806e-11, ""73"": 9.390745395951805e-12, ""74"": 2.1402707801662237e-12, ""75"": 4.98222390275929e-13, ""76"": 1.2214852629796432e-13, ""77"": 2.908048797280598e-14, ""78"": 6.269059555469411e-15, ""79"": 1.2851047489832e-15, ""80"": 1.0000568025734458e-07, ""81"": 4.1988973027557366e-07, ""82"": 1.1701779277347298e-06, ""83"": 3.3410844555344436e-06, ""84"": 7.143938674685909e-06, ""85"": 1.331714197779548e-05, ""86"": 2.065823636960872e-05, ""87"": 2.6186211161934058e-05, ""88"": 2.8460895943670523e-05, ""89"": 2.6208543981443692e-05, ""90"": 2.0537072588437038e-05, ""91"": 1.387522063878604e-05, ""92"": 8.048842720356934e-06, ""93"": 4.082471595659235e-06, ""94"": 1.952825937981421e-06, ""95"": 8.394993904388875e-07, ""96"": 3.640257650588332e-07, ""97"": 1.3823914566983413e-07, ""98"": 4.3463722054335286e-08, ""99"": 1.3361380101121976e-08, ""100"": 4.142517593100836e-09, ""101"": 9.9506973724894e-10, ""102"": 2.349295223426828e-10, ""103"": 6.41293900051041e-11, ""104"": 1.460842688940909e-11, ""105"": 3.404436977241114e-12, ""106"": 8.365727580243453e-13, ""107"": 1.996760299161703e-13, ""108"": 4.3040702304637614e-14, ""109"": 8.830094060585334e-15, ""110"": 1.6253755162195853e-15}",21.3573,21.3573,21,20,0.0,1.0,1.0,0.9999,0.9996,0.999,0.9976,0.9949,0.9903,0.9831,0.9724,0.9575,0.9378,0.9127,0.882,0.8454,0.8028,0.7545,0.701,0.6433,0.583,fc9e35ff#phase10c,"stat_grid:component_convolution_mean_coherent_v1+components[pts:pmf_sim_v1+role_aware_pmf_cal_v1:core+monotone_pit_cdf_v1,reb:pmf_sim_v1+role_aware_pmf_cal_v1:core+monotone_pit_cdf_v1,ast:pmf_sim_v1+role_aware_pmf_cal_v1:core+monotone_pit_cdf_v1]+prior_combo[joint_sampler_v1+joint_combo_pmf_v1+role_aware_pmf_cal_v1:core+monotone_pit_cdf_v1]+stat_grid_final_component_convolution_mean_coherent_v1",phase8_role_aware_pmf_cal_v1+monotone_inactive_global_v1,core,projected_minutes,high,24.9137,26.5139,10.5239,26.5139,34.6337,9.3557,0.05,0.9138,0.3003,core,True,current_market_line,True,fanduel,fanduel,player_pra_over_under,23.5,23.5,0.3525,-136.0,102.0,0.5379,0.4621,0.6475,184.0,-184.0,-0.1854,-0.1854,0.1854,2026-06-13T17:17:34.390727Z,full,provisional,lineup_unconfirmed,fallback_used,projected,derived_from_projected_minutes,ok,finals_pending,current_phase8,ok,0.0,projected,not_available_yet,bdl_lineup_freshness_manifest,bdl_plus_nba_official,2026-06-13T17:17:50Z
morning,2026-06-13T17:18:40Z,2026-06-13,21716138,1057262518,Dylan Harper,SAS,NYK,True,pra,"{""0"": 5.494915363528285e-06, ""1"": 2.6025235331299843e-05, ""2"": 8.40267688587798e-05, ""3"": 0.0002596350283535078, ""4"": 0.0006360613215212233, ""5"": 0.0013901845170167966, ""6"": 0.0026711375366585397, ""7"": 0.004583172138085004, ""8"": 0.007259389436553617, ""9"": 0.010698870220185595, ""10"": 0.014887758597355165, ""11"": 0.019730668517409924, ""12"": 0.025053535179858935, ""13"": 0.03074708028635717, ""14"": 0.03660843824322811, ""15"": 0.042523559600820764, ""16"": 0.04830884159342959, ""17"": 0.0534956529209979, ""18"": 0.057701948506932034, ""19"": 0.060368362490323776, ""20"": 0.06103269248700482, ""21"": 0.05977157424862078, ""22"": 0.056828811437066834, ""23"": 0.05283074314420466, ""24"": 0.04851258634169317, ""25"": 0.04419001674333327, ""26"": 0.0400234377077261, ""27"": 0.035945340490177086, ""28"": 0.032028987616988684, ""29"": 0.028353545834640115, ""30"": 0.024822161953456507, ""31"": 0.021365777768959798, ""32"": 0.01789317494124683, ""33"": 0.014420800316388909, ""34"": 0.011233952701625962, ""35"": 0.008579784431946492, ""36"": 0.006541249256739967, ""37"": 0.005046864553208071, ""38"": 0.003864959700416694, ""39"": 0.0028661017330892944, ""40"": 0.002012421274704194, ""41"": 0.001327433586750419, ""42"": 0.0008344008516557908, ""43"": 0.00052483039298835, ""44"": 0.0003483626816867499, ""45"": 0.00025963660463491846, ""46"": 0.00021538280590568078, ""47"": 0.00019330027205466025, ""48"": 0.00017858478275832015, ""49"": 0.00016444903516482892, ""50"": 0.00014723212763492782, ""51"": 0.00012433100157390804, ""52"": 9.760060032715584e-05, ""53"": 7.044404617671667e-05, ""54"": 4.696254852182671e-05, ""55"": 2.987749276541882e-05, ""56"": 1.9107851095656396e-05, ""57"": 1.2581847177636122e-05, ""58"": 8.763565078736059e-06, ""59"": 6.047237225941201e-06, ""60"": 3.986299246717768e-06, ""61"": 2.4399213147286526e-06, ""62"": 1.3329344086449998e-06, ""63"": 6.573438945324849e-07, ""64"": 3.065280539389503e-07, ""65"": 1.2866818805280516e-07, ""66"": 5.4786975565843004e-08, ""67"": 2.0638383450985225e-08, ""68"": 6.4375756776039e-09, ""69"": 1.9672984143905487e-09, ""70"": 6.084007675506158e-10, ""71"": 1.4601564638207357e-10, ""72"": 3.446233908405806e-11, ""73"": 9.390745395951805e-12, ""74"": 2.1402707801662237e-12, ""75"": 4.98222390275929e-13, ""76"": 1.2214852629796432e-13, ""77"": 2.908048797280598e-14, ""78"": 6.269059555469411e-15, ""79"": 1.2851047489832e-15, ""80"": 1.0000568025734458e-07, ""81"": 4.1988973027557366e-07, ""82"": 1.1701779277347298e-06, ""83"": 3.3410844555344436e-06, ""84"": 7.143938674685909e-06, ""85"": 1.331714197779548e-05, ""86"": 2.065823636960872e-05, ""87"": 2.6186211161934058e-05, ""88"": 2.8460895943670523e-05, ""89"": 2.6208543981443692e-05, ""90"": 2.0537072588437038e-05, ""91"": 1.387522063878604e-05, ""92"": 8.048842720356934e-06, ""93"": 4.082471595659235e-06, ""94"": 1.952825937981421e-06, ""95"": 8.394993904388875e-07, ""96"": 3.640257650588332e-07, ""97"": 1.3823914566983413e-07, ""98"": 4.3463722054335286e-08, ""99"": 1.3361380101121976e-08, ""100"": 4.142517593100836e-09, ""101"": 9.9506973724894e-10, ""102"": 2.349295223426828e-10, ""103"": 6.41293900051041e-11, ""104"": 1.460842688940909e-11, ""105"": 3.404436977241114e-12, ""106"": 8.365727580243453e-13, ""107"": 1.996760299161703e-13, ""108"": 4.3040702304637614e-14, ""109"": 8.830094060585334e-15, ""110"": 1.6253755162195853e-15}",21.3573,21.3573,21,20,0.0,1.0,1.0,0.9999,0.9996,0.999,0.9976,0.9949,0.9903,0.9831,0.9724,0.9575,0.9378,0.9127,0.882,0.8454,0.8028,0.7545,0.701,0.6433,0.583,fc9e35ff#phase10c,"stat_grid:component_convolution_mean_coherent_v1+components[pts:pmf_sim_v1+role_aware_pmf_cal_v1:core+monotone_pit_cdf_v1,reb:pmf_sim_v1+role_aware_pmf_cal_v1:core+monotone_pit_cdf_v1,ast:pmf_sim_v1+role_aware_pmf_cal_v1:core+monotone_pit_cdf_v1]+prior_combo[joint_sampler_v1+joint_combo_pmf_v1+role_aware_pmf_cal_v1:core+monotone_pit_cdf_v1]+stat_grid_final_component_convolution_mean_coherent_v1",phase8_role_aware_pmf_cal_v1+monotone_inactive_global_v1,core,projected_minutes,high,24.9137,26.5139,10.5239,26.5139,34.6337,9.3557,0.05,0.9138,0.3003,core,True,current_market_line,True,fanduel,fanduel,player_pra_over_under,22.5,22.5,0.4053,-172.0,128.0,0.5905,0.4095,0.5947,147.0,-147.0,-0.1851,-0.1851,0.1851,2026-06-13T17:17:34.390727Z,full,provisional,lineup_unconfirmed,fallback_used,projected,derived_from_projected_minutes,ok,finals_pending,current_phase8,ok,0.0,projected,not_available_yet,bdl_lineup_freshness_manifest,bdl_plus_nba_official,2026-06-13T17:17:50Z
morning,2026-06-13T17:18:40Z,2026-06-13,21716138,1057262518,Dylan Harper,SAS,NYK,True,pra,"{""0"": 5.494915363528285e-06, ""1"": 2.6025235331299843e-05, ""2"": 8.40267688587798e-05, ""3"": 0.0002596350283535078, ""4"": 0.0006360613215212233, ""5"": 0.0013901845170167966, ""6"": 0.0026711375366585397, ""7"": 0.004583172138085004, ""8"": 0.007259389436553617, ""9"": 0.010698870220185595, ""10"": 0.014887758597355165, ""11"": 0.019730668517409924, ""12"": 0.025053535179858935, ""13"": 0.03074708028635717, ""14"": 0.03660843824322811, ""15"": 0.042523559600820764, ""16"": 0.04830884159342959, ""17"": 0.0534956529209979, ""18"": 0.057701948506932034, ""19"": 0.060368362490323776, ""20"": 0.06103269248700482, ""21"": 0.05977157424862078, ""22"": 0.056828811437066834, ""23"": 0.05283074314420466, ""24"": 0.04851258634169317, ""25"": 0.04419001674333327, ""26"": 0.0400234377077261, ""27"": 0.035945340490177086, ""28"": 0.032028987616988684, ""29"": 0.028353545834640115, ""30"": 0.024822161953456507, ""31"": 0.021365777768959798, ""32"": 0.01789317494124683, ""33"": 0.014420800316388909, ""34"": 0.011233952701625962, ""35"": 0.008579784431946492, ""36"": 0.006541249256739967, ""37"": 0.005046864553208071, ""38"": 0.003864959700416694, ""39"": 0.0028661017330892944, ""40"": 0.002012421274704194, ""41"": 0.001327433586750419, ""42"": 0.0008344008516557908, ""43"": 0.00052483039298835, ""44"": 0.0003483626816867499, ""45"": 0.00025963660463491846, ""46"": 0.00021538280590568078, ""47"": 0.00019330027205466025, ""48"": 0.00017858478275832015, ""49"": 0.00016444903516482892, ""50"": 0.00014723212763492782, ""51"": 0.00012433100157390804, ""52"": 9.760060032715584e-05, ""53"": 7.044404617671667e-05, ""54"": 4.696254852182671e-05, ""55"": 2.987749276541882e-05, ""56"": 1.9107851095656396e-05, ""57"": 1.2581847177636122e-05, ""58"": 8.763565078736059e-06, ""59"": 6.047237225941201e-06, ""60"": 3.986299246717768e-06, ""61"": 2.4399213147286526e-06, ""62"": 1.3329344086449998e-06, ""63"": 6.573438945324849e-07, ""64"": 3.065280539389503e-07, ""65"": 1.2866818805280516e-07, ""66"": 5.4786975565843004e-08, ""67"": 2.0638383450985225e-08, ""68"": 6.4375756776039e-09, ""69"": 1.9672984143905487e-09, ""70"": 6.084007675506158e-10, ""71"": 1.4601564638207357e-10, ""72"": 3.446233908405806e-11, ""73"": 9.390745395951805e-12, ""74"": 2.1402707801662237e-12, ""75"": 4.98222390275929e-13, ""76"": 1.2214852629796432e-13, ""77"": 2.908048797280598e-14, ""78"": 6.269059555469411e-15, ""79"": 1.2851047489832e-15, ""80"": 1.0000568025734458e-07, ""81"": 4.1988973027557366e-07, ""82"": 1.1701779277347298e-06, ""83"": 3.3410844555344436e-06, ""84"": 7.143938674685909e-06, ""85"": 1.331714197779548e-05, ""86"": 2.065823636960872e-05, ""87"": 2.6186211161934058e-05, ""88"": 2.8460895943670523e-05, ""89"": 2.6208543981443692e-05, ""90"": 2.0537072588437038e-05, ""91"": 1.387522063878604e-05, ""92"": 8.048842720356934e-06, ""93"": 4.082471595659235e-06, ""94"": 1.952825937981421e-06, ""95"": 8.394993904388875e-07, ""96"": 3.640257650588332e-07, ""97"": 1.3823914566983413e-07, ""98"": 4.3463722054335286e-08, ""99"": 1.3361380101121976e-08, ""100"": 4.142517593100836e-09, ""101"": 9.9506973724894e-10, ""102"": 2.349295223426828e-10, ""103"": 6.41293900051041e-11, ""104"": 1.460842688940909e-11, ""105"": 3.404436977241114e-12, ""106"": 8.365727580243453e-13, ""107"": 1.996760299161703e-13, ""108"": 4.3040702304637614e-14, ""109"": 8.830094060585334e-15, ""110"": 1.6253755162195853e-15}",21.3573,21.3573,21,20,0.0,1.0,1.0,0.9999,0.9996,0.999,0.9976,0.9949,0.9903,0.9831,0.9724,0.9575,0.9378,0.9127,0.882,0.8454,0.8028,0.7545,0.701,0.6433,0.583,fc9e35ff#phase10c,"stat_grid:component_convolution_mean_coherent_v1+components[pts:pmf_sim_v1+role_aware_pmf_cal_v1:core+monotone_pit_cdf_v1,reb:pmf_sim_v1+role_aware_pmf_cal_v1:core+monotone_pit_cdf_v1,ast:pmf_sim_v1+role_aware_pmf_cal_v1:core+monotone_pit_cdf_v1]+prior_combo[joint_sampler_v1+joint_combo_pmf_v1+role_aware_pmf_cal_v1:core+monotone_pit_cdf_v1]+stat_grid_final_component_convolution_mean_coherent_v1",phase8_role_aware_pmf_cal_v1+monotone_inactive_global_v1,core,projected_minutes,high,24.9137,26.5139,10.5239,26.5139,34.6337,9.3557,0.05,0.9138,0.3003,core,True,current_market_line,True,fanduel,fanduel,player_pra_over_under,21.5,21.5,0.4622,-215.0,158.0,0.6378,0.3622,0.5378,116.0,-116.0,-0.1757,-0.1757,0.1757,2026-06-13T17:17:34.390727Z,full,provisional,lineup_unconfirmed,fallback_used,projected,derived_from_projected_minutes,ok,finals_pending,current_phase8,ok,0.0,projected,not_available_yet,bdl_lineup_freshness_manifest,bdl_plus_nba_official,2026-06-13T17:17:50Z
morning,2026-06-13T17:18:40Z,2026-06-13,21716138,1057262518,Dylan Harper,SAS,NYK,True,pra,"{""0"": 5.494915363528285e-06, ""1"": 2.6025235331299843e-05, ""2"": 8.40267688587798e-05, ""3"": 0.0002596350283535078, ""4"": 0.0006360613215212233, ""5"": 0.0013901845170167966, ""6"": 0.0026711375366585397, ""7"": 0.004583172138085004, ""8"": 0.007259389436553617, ""9"": 0.010698870220185595, ""10"": 0.014887758597355165, ""11"": 0.019730668517409924, ""12"": 0.025053535179858935, ""13"": 0.03074708028635717, ""14"": 0.03660843824322811, ""15"": 0.042523559600820764, ""16"": 0.04830884159342959, ""17"": 0.0534956529209979, ""18"": 0.057701948506932034, ""19"": 0.060368362490323776, ""20"": 0.06103269248700482, ""21"": 0.05977157424862078, ""22"": 0.056828811437066834, ""23"": 0.05283074314420466, ""24"": 0.04851258634169317, ""25"": 0.04419001674333327, ""26"": 0.0400234377077261, ""27"": 0.035945340490177086, ""28"": 0.032028987616988684, ""29"": 0.028353545834640115, ""30"": 0.024822161953456507, ""31"": 0.021365777768959798, ""32"": 0.01789317494124683, ""33"": 0.014420800316388909, ""34"": 0.011233952701625962, ""35"": 0.008579784431946492, ""36"": 0.006541249256739967, ""37"": 0.005046864553208071, ""38"": 0.003864959700416694, ""39"": 0.0028661017330892944, ""40"": 0.002012421274704194, ""41"": 0.001327433586750419, ""42"": 0.0008344008516557908, ""43"": 0.00052483039298835, ""44"": 0.0003483626816867499, ""45"": 0.00025963660463491846, ""46"": 0.00021538280590568078, ""47"": 0.00019330027205466025, ""48"": 0.00017858478275832015, ""49"": 0.00016444903516482892, ""50"": 0.00014723212763492782, ""51"": 0.00012433100157390804, ""52"": 9.760060032715584e-05, ""53"": 7.044404617671667e-05, ""54"": 4.696254852182671e-05, ""55"": 2.987749276541882e-05, ""56"": 1.9107851095656396e-05, ""57"": 1.2581847177636122e-05, ""58"": 8.763565078736059e-06, ""59"": 6.047237225941201e-06, ""60"": 3.986299246717768e-06, ""61"": 2.4399213147286526e-06, ""62"": 1.3329344086449998e-06, ""63"": 6.573438945324849e-07, ""64"": 3.065280539389503e-07, ""65"": 1.2866818805280516e-07, ""66"": 5.4786975565843004e-08, ""67"": 2.0638383450985225e-08, ""68"": 6.4375756776039e-09, ""69"": 1.9672984143905487e-09, ""70"": 6.084007675506158e-10, ""71"": 1.4601564638207357e-10, ""72"": 3.446233908405806e-11, ""73"": 9.390745395951805e-12, ""74"": 2.1402707801662237e-12, ""75"": 4.98222390275929e-13, ""76"": 1.2214852629796432e-13, ""77"": 2.908048797280598e-14, ""78"": 6.269059555469411e-15, ""79"": 1.2851047489832e-15, ""80"": 1.0000568025734458e-07, ""81"": 4.1988973027557366e-07, ""82"": 1.1701779277347298e-06, ""83"": 3.3410844555344436e-06, ""84"": 7.143938674685909e-06, ""85"": 1.331714197779548e-05, ""86"": 2.065823636960872e-05, ""87"": 2.6186211161934058e-05, ""88"": 2.8460895943670523e-05, ""89"": 2.6208543981443692e-05, ""90"": 2.0537072588437038e-05, ""91"": 1.387522063878604e-05, ""92"": 8.048842720356934e-06, ""93"": 4.082471595659235e-06, ""94"": 1.952825937981421e-06, ""95"": 8.394993904388875e-07, ""96"": 3.640257650588332e-07, ""97"": 1.3823914566983413e-07, ""98"": 4.3463722054335286e-08, ""99"": 1.3361380101121976e-08, ""100"": 4.142517593100836e-09, ""101"": 9.9506973724894e-10, ""102"": 2.349295223426828e-10, ""103"": 6.41293900051041e-11, ""104"": 1.460842688940909e-11, ""105"": 3.404436977241114e-12, ""106"": 8.365727580243453e-13, ""107"": 1.996760299161703e-13, ""108"": 4.3040702304637614e-14, ""109"": 8.830094060585334e-15, ""110"": 1.6253755162195853e-15}",21.3573,21.3573,21,20,0.0,1.0,1.0,0.9999,0.9996,0.999,0.9976,0.9949,0.9903,0.9831,0.9724,0.9575,0.9378,0.9127,0.882,0.8454,0.8028,0.7545,0.701,0.6433,0.583,fc9e35ff#phase10c,"stat_grid:component_convolution_mean_coherent_v1+components[pts:pmf_sim_v1+role_aware_pmf_cal_v1:core+monotone_pit_cdf_v1,reb:pmf_sim_v1+role_aware_pmf_cal_v1:core+monotone_pit_cdf_v1,ast:pmf_sim_v1+role_aware_pmf_cal_v1:core+monotone_pit_cdf_v1]+prior_combo[joint_sampler_v1+joint_combo_pmf_v1+role_aware_pmf_cal_v1:core+monotone_pit_cdf_v1]+stat_grid_final_component_convolution_mean_coherent_v1",phase8_role_aware_pmf_cal_v1+monotone_inactive_global_v1,core,projected_minutes,high,24.9137,26.5139,10.5239,26.5139,34.6337,9.3557,0.05,0.9138,0.3003,core,True,current_market_line,True,fanduel,fanduel,player_pra_over_under,20.5,20.5,0.5219,-270.0,194.0,0.6821,0.3179,0.4781,-109.0,109.0,-0.1601,-0.1601,0.1601,2026-06-13T17:17:34.390727Z,full,provisional,lineup_unconfirmed,fallback_used,projected,derived_from_projected_minutes,ok,finals_pending,current_phase8,ok,0.0,projected,not_available_yet,bdl_lineup_freshness_manifest,bdl_plus_nba_official,2026-06-13T17:17:50Z
morning,2026-06-13T17:18:40Z,2026-06-13,21716138,1057262518,Dylan Harper,SAS,NYK,True,pra,"{""0"": 5.494915363528285e-06, ""1"": 2.6025235331299843e-05, ""2"": 8.40267688587798e-05, ""3"": 0.0002596350283535078, ""4"": 0.0006360613215212233, ""5"": 0.0013901845170167966, ""6"": 0.0026711375366585397, ""7"": 0.004583172138085004, ""8"": 0.007259389436553617, ""9"": 0.010698870220185595, ""10"": 0.014887758597355165, ""11"": 0.019730668517409924, ""12"": 0.025053535179858935, ""13"": 0.03074708028635717, ""14"": 0.03660843824322811, ""15"": 0.042523559600820764, ""16"": 0.04830884159342959, ""17"": 0.0534956529209979, ""18"": 0.057701948506932034, ""19"": 0.060368362490323776, ""20"": 0.06103269248700482, ""21"": 0.05977157424862078, ""22"": 0.056828811437066834, ""23"": 0.05283074314420466, ""24"": 0.04851258634169317, ""25"": 0.04419001674333327, ""26"": 0.0400234377077261, ""27"": 0.035945340490177086, ""28"": 0.032028987616988684, ""29"": 0.028353545834640115, ""30"": 0.024822161953456507, ""31"": 0.021365777768959798, ""32"": 0.01789317494124683, ""33"": 0.014420800316388909, ""34"": 0.011233952701625962, ""35"": 0.008579784431946492, ""36"": 0.006541249256739967, ""37"": 0.005046864553208071, ""38"": 0.003864959700416694, ""39"": 0.0028661017330892944, ""40"": 0.002012421274704194, ""41"": 0.001327433586750419, ""42"": 0.0008344008516557908, ""43"": 0.00052483039298835, ""44"": 0.0003483626816867499, ""45"": 0.00025963660463491846, ""46"": 0.00021538280590568078, ""47"": 0.00019330027205466025, ""48"": 0.00017858478275832015, ""49"": 0.00016444903516482892, ""50"": 0.00014723212763492782, ""51"": 0.00012433100157390804, ""52"": 9.760060032715584e-05, ""53"": 7.044404617671667e-05, ""54"": 4.696254852182671e-05, ""55"": 2.987749276541882e-05, ""56"": 1.9107851095656396e-05, ""57"": 1.2581847177636122e-05, ""58"": 8.763565078736059e-06, ""59"": 6.047237225941201e-06, ""60"": 3.986299246717768e-06, ""61"": 2.4399213147286526e-06, ""62"": 1.3329344086449998e-06, ""63"": 6.573438945324849e-07, ""64"": 3.065280539389503e-07, ""65"": 1.2866818805280516e-07, ""66"": 5.4786975565843004e-08, ""67"": 2.0638383450985225e-08, ""68"": 6.4375756776039e-09, ""69"": 1.9672984143905487e-09, ""70"": 6.084007675506158e-10, ""71"": 1.4601564638207357e-10, ""72"": 3.446233908405806e-11, ""73"": 9.390745395951805e-12, ""74"": 2.1402707801662237e-12, ""75"": 4.98222390275929e-13, ""76"": 1.2214852629796432e-13, ""77"": 2.908048797280598e-14, ""78"": 6.269059555469411e-15, ""79"": 1.2851047489832e-15, ""80"": 1.0000568025734458e-07, ""81"": 4.1988973027557366e-07, ""82"": 1.1701779277347298e-06, ""83"": 3.3410844555344436e-06, ""84"": 7.143938674685909e-06, ""85"": 1.331714197779548e-05, ""86"": 2.065823636960872e-05, ""87"": 2.6186211161934058e-05, ""88"": 2.8460895943670523e-05, ""89"": 2.6208543981443692e-05, ""90"": 2.0537072588437038e-05, ""91"": 1.387522063878604e-05, ""92"": 8.048842720356934e-06, ""93"": 4.082471595659235e-06, ""94"": 1.952825937981421e-06, ""95"": 8.394993904388875e-07, ""96"": 3.640257650588332e-07, ""97"": 1.3823914566983413e-07, ""98"": 4.3463722054335286e-08, ""99"": 1.3361380101121976e-08, ""100"": 4.142517593100836e-09, ""101"": 9.9506973724894e-10, ""102"": 2.349295223426828e-10, ""103"": 6.41293900051041e-11, ""104"": 1.460842688940909e-11, ""105"": 3.404436977241114e-12, ""106"": 8.365727580243453e-13, ""107"": 1.996760299161703e-13, ""108"": 4.3040702304637614e-14, ""109"": 8.830094060585334e-15, ""110"": 1.6253755162195853e-15}",21.3573,21.3573,21,20,0.0,1.0,1.0,0.9999,0.9996,0.999,0.9976,0.9949,0.9903,0.9831,0.9724,0.9575,0.9378,0.9127,0.882,0.8454,0.8028,0.7545,0.701,0.6433,0.583,fc9e35ff#phase10c,"stat_grid:component_convolution_mean_coherent_v1+components[pts:pmf_sim_v1+role_aware_pmf_cal_v1:core+monotone_pit_cdf_v1,reb:pmf_sim_v1+role_aware_pmf_cal_v1:core+monotone_pit_cdf_v1,ast:pmf_sim_v1+role_aware_pmf_cal_v1:core+monotone_pit_cdf_v1]+prior_combo[joint_sampler_v1+joint_combo_pmf_v1+role_aware_pmf_cal_v1:core+monotone_pit_cdf_v1]+stat_grid_final_component_convolution_mean_coherent_v1",phase8_role_aware_pmf_cal_v1+monotone_inactive_global_v1,core,projected_minutes,high,24.9137,26.5139,10.5239,26.5139,34.6337,9.3557,0.05,0.9138,0.3003,core,True,current_market_line,True,fanduel,fanduel,player_pra_over_under,19.5,19.5,0.583,-350.0,240.0,0.7256,0.2744,0.417,-140.0,140.0,-0.1426,-0.1426,0.1426,2026-06-13T17:17:34.390727Z,full,provisional,lineup_unconfirmed,fallback_used,projected,derived_from_projected_minutes,ok,finals_pending,current_phase8,ok,0.0,projected,not_available_yet,bdl_lineup_freshness_manifest,bdl_plus_nba_official,2026-06-13T17:17:50Z
morning,2026-06-13T17:18:40Z,2026-06-13,21716138,1057262518,Dylan Harper,SAS,NYK,True,pra,"{""0"": 5.494915363528285e-06, ""1"": 2.6025235331299843e-05, ""2"": 8.40267688587798e-05, ""3"": 0.0002596350283535078, ""4"": 0.0006360613215212233, ""5"": 0.0013901845170167966, ""6"": 0.0026711375366585397, ""7"": 0.004583172138085004, ""8"": 0.007259389436553617, ""9"": 0.010698870220185595, ""10"": 0.014887758597355165, ""11"": 0.019730668517409924, ""12"": 0.025053535179858935, ""13"": 0.03074708028635717, ""14"": 0.03660843824322811, ""15"": 0.042523559600820764, ""16"": 0.04830884159342959, ""17"": 0.0534956529209979, ""18"": 0.057701948506932034, ""19"": 0.060368362490323776, ""20"": 0.06103269248700482, ""21"": 0.05977157424862078, ""22"": 0.056828811437066834, ""23"": 0.05283074314420466, ""24"": 0.04851258634169317, ""25"": 0.04419001674333327, ""26"": 0.0400234377077261, ""27"": 0.035945340490177086, ""28"": 0.032028987616988684, ""29"": 0.028353545834640115, ""30"": 0.024822161953456507, ""31"": 0.021365777768959798, ""32"": 0.01789317494124683, ""33"": 0.014420800316388909, ""34"": 0.011233952701625962, ""35"": 0.008579784431946492, ""36"": 0.006541249256739967, ""37"": 0.005046864553208071, ""38"": 0.003864959700416694, ""39"": 0.0028661017330892944, ""40"": 0.002012421274704194, ""41"": 0.001327433586750419, ""42"": 0.0008344008516557908, ""43"": 0.00052483039298835, ""44"": 0.0003483626816867499, ""45"": 0.00025963660463491846, ""46"": 0.00021538280590568078, ""47"": 0.00019330027205466025, ""48"": 0.00017858478275832015, ""49"": 0.00016444903516482892, ""50"": 0.00014723212763492782, ""51"": 0.00012433100157390804, ""52"": 9.760060032715584e-05, ""53"": 7.044404617671667e-05, ""54"": 4.696254852182671e-05, ""55"": 2.987749276541882e-05, ""56"": 1.9107851095656396e-05, ""57"": 1.2581847177636122e-05, ""58"": 8.763565078736059e-06, ""59"": 6.047237225941201e-06, ""60"": 3.986299246717768e-06, ""61"": 2.4399213147286526e-06, ""62"": 1.3329344086449998e-06, ""63"": 6.573438945324849e-07, ""64"": 3.065280539389503e-07, ""65"": 1.2866818805280516e-07, ""66"": 5.4786975565843004e-08, ""67"": 2.0638383450985225e-08, ""68"": 6.4375756776039e-09, ""69"": 1.9672984143905487e-09, ""70"": 6.084007675506158e-10, ""71"": 1.4601564638207357e-10, ""72"": 3.446233908405806e-11, ""73"": 9.390745395951805e-12, ""74"": 2.1402707801662237e-12, ""75"": 4.98222390275929e-13, ""76"": 1.2214852629796432e-13, ""77"": 2.908048797280598e-14, ""78"": 6.269059555469411e-15, ""79"": 1.2851047489832e-15, ""80"": 1.0000568025734458e-07, ""81"": 4.1988973027557366e-07, ""82"": 1.1701779277347298e-06, ""83"": 3.3410844555344436e-06, ""84"": 7.143938674685909e-06, ""85"": 1.331714197779548e-05, ""86"": 2.065823636960872e-05, ""87"": 2.6186211161934058e-05, ""88"": 2.8460895943670523e-05, ""89"": 2.6208543981443692e-05, ""90"": 2.0537072588437038e-05, ""91"": 1.387522063878604e-05, ""92"": 8.048842720356934e-06, ""93"": 4.082471595659235e-06, ""94"": 1.952825937981421e-06, ""95"": 8.394993904388875e-07, ""96"": 3.640257650588332e-07, ""97"": 1.3823914566983413e-07, ""98"": 4.3463722054335286e-08, ""99"": 1.3361380101121976e-08, ""100"": 4.142517593100836e-09, ""101"": 9.9506973724894e-10, ""102"": 2.349295223426828e-10, ""103"": 6.41293900051041e-11, ""104"": 1.460842688940909e-11, ""105"": 3.404436977241114e-12, ""106"": 8.365727580243453e-13, ""107"": 1.996760299161703e-13, ""108"": 4.3040702304637614e-14, ""109"": 8.830094060585334e-15, ""110"": 1.6253755162195853e-15}",21.3573,21.3573,21,20,0.0,1.0,1.0,0.9999,0.9996,0.999,0.9976,0.9949,0.9903,0.9831,0.9724,0.9575,0.9378,0.9127,0.882,0.8454,0.8028,0.7545,0.701,0.6433,0.583,fc9e35ff#phase10c,"stat_grid:component_convolution_mean_coherent_v1+components[pts:pmf_sim_v1+role_aware_pmf_cal_v1:core+monotone_pit_cdf_v1,reb:pmf_sim_v1+role_aware_pmf_cal_v1:core+monotone_pit_cdf_v1,ast:pmf_sim_v1+role_aware_pmf_cal_v1:core+monotone_pit_cdf_v1]+prior_combo[joint_sampler_v1+joint_combo_pmf_v1+role_aware_pmf_cal_v1:core+monotone_pit_cdf_v1]+stat_grid_final_component_convolution_mean_coherent_v1",phase8_role_aware_pmf_cal_v1+monotone_inactive_global_v1,core,projected_minutes,high,24.9137,26.5139,10.5239,26.5139,34.6337,9.3557,0.05,0.9138,0.3003,core,True,current_market_line,True,fanduel,fanduel,player_pra_over_under,18.5,18.5,0.6433,-450.0,300.0,0.766,0.234,0.3567,-180.0,180.0,-0.1226,-0.1226,0.1226,2026-06-13T17:17:34.390727Z,full,provisional,lineup_unconfirmed,fallback_used,projected,derived_from_projected_minutes,ok,finals_pending,current_phase8,ok,0.0,projected,not_available_yet,bdl_lineup_freshness_manifest,bdl_plus_nba_official,2026-06-13T17:17:50Z
morning,2026-06-13T17:18:40Z,2026-06-13,21716138,1057262518,Dylan Harper,SAS,NYK,True,pra,"{""0"": 5.494915363528285e-06, ""1"": 2.6025235331299843e-05, ""2"": 8.40267688587798e-05, ""3"": 0.0002596350283535078, ""4"": 0.0006360613215212233, ""5"": 0.0013901845170167966, ""6"": 0.0026711375366585397, ""7"": 0.004583172138085004, ""8"": 0.007259389436553617, ""9"": 0.010698870220185595, ""10"": 0.014887758597355165, ""11"": 0.019730668517409924, ""12"": 0.025053535179858935, ""13"": 0.03074708028635717, ""14"": 0.03660843824322811, ""15"": 0.042523559600820764, ""16"": 0.04830884159342959, ""17"": 0.0534956529209979, ""18"": 0.057701948506932034, ""19"": 0.060368362490323776, ""20"": 0.06103269248700482, ""21"": 0.05977157424862078, ""22"": 0.056828811437066834, ""23"": 0.05283074314420466, ""24"": 0.04851258634169317, ""25"": 0.04419001674333327, ""26"": 0.0400234377077261, ""27"": 0.035945340490177086, ""28"": 0.032028987616988684, ""29"": 0.028353545834640115, ""30"": 0.024822161953456507, ""31"": 0.021365777768959798, ""32"": 0.01789317494124683, ""33"": 0.014420800316388909, ""34"": 0.011233952701625962, ""35"": 0.008579784431946492, ""36"": 0.006541249256739967, ""37"": 0.005046864553208071, ""38"": 0.003864959700416694, ""39"": 0.0028661017330892944, ""40"": 0.002012421274704194, ""41"": 0.001327433586750419, ""42"": 0.0008344008516557908, ""43"": 0.00052483039298835, ""44"": 0.0003483626816867499, ""45"": 0.00025963660463491846, ""46"": 0.00021538280590568078, ""47"": 0.00019330027205466025, ""48"": 0.00017858478275832015, ""49"": 0.00016444903516482892, ""50"": 0.00014723212763492782, ""51"": 0.00012433100157390804, ""52"": 9.760060032715584e-05, ""53"": 7.044404617671667e-05, ""54"": 4.696254852182671e-05, ""55"": 2.987749276541882e-05, ""56"": 1.9107851095656396e-05, ""57"": 1.2581847177636122e-05, ""58"": 8.763565078736059e-06, ""59"": 6.047237225941201e-06, ""60"": 3.986299246717768e-06, ""61"": 2.4399213147286526e-06, ""62"": 1.3329344086449998e-06, ""63"": 6.573438945324849e-07, ""64"": 3.065280539389503e-07, ""65"": 1.2866818805280516e-07, ""66"": 5.4786975565843004e-08, ""67"": 2.0638383450985225e-08, ""68"": 6.4375756776039e-09, ""69"": 1.9672984143905487e-09, ""70"": 6.084007675506158e-10, ""71"": 1.4601564638207357e-10, ""72"": 3.446233908405806e-11, ""73"": 9.390745395951805e-12, ""74"": 2.1402707801662237e-12, ""75"": 4.98222390275929e-13, ""76"": 1.2214852629796432e-13, ""77"": 2.908048797280598e-14, ""78"": 6.269059555469411e-15, ""79"": 1.2851047489832e-15, ""80"": 1.0000568025734458e-07, ""81"": 4.1988973027557366e-07, ""82"": 1.1701779277347298e-06, ""83"": 3.3410844555344436e-06, ""84"": 7.143938674685909e-06, ""85"": 1.331714197779548e-05, ""86"": 2.065823636960872e-05, ""87"": 2.6186211161934058e-05, ""88"": 2.8460895943670523e-05, ""89"": 2.6208543981443692e-05, ""90"": 2.0537072588437038e-05, ""91"": 1.387522063878604e-05, ""92"": 8.048842720356934e-06, ""93"": 4.082471595659235e-06, ""94"": 1.952825937981421e-06, ""95"": 8.394993904388875e-07, ""96"": 3.640257650588332e-07, ""97"": 1.3823914566983413e-07, ""98"": 4.3463722054335286e-08, ""99"": 1.3361380101121976e-08, ""100"": 4.142517593100836e-09, ""101"": 9.9506973724894e-10, ""102"": 2.349295223426828e-10, ""103"": 6.41293900051041e-11, ""104"": 1.460842688940909e-11, ""105"": 3.404436977241114e-12, ""106"": 8.365727580243453e-13, ""107"": 1.996760299161703e-13, ""108"": 4.3040702304637614e-14, ""109"": 8.830094060585334e-15, ""110"": 1.6253755162195853e-15}",21.3573,21.3573,21,20,0.0,1.0,1.0,0.9999,0.9996,0.999,0.9976,0.9949,0.9903,0.9831,0.9724,0.9575,0.9378,0.9127,0.882,0.8454,0.8028,0.7545,0.701,0.6433,0.583,fc9e35ff#phase10c,"stat_grid:component_convolution_mean_coherent_v1+components[pts:pmf_sim_v1+role_aware_pmf_cal_v1:core+monotone_pit_cdf_v1,reb:pmf_sim_v1+role_aware_pmf_cal_v1:core+monotone_pit_cdf_v1,ast:pmf_sim_v1+role_aware_pmf_cal_v1:core+monotone_pit_cdf_v1]+prior_combo[joint_sampler_v1+joint_combo_pmf_v1+role_aware_pmf_cal_v1:core+monotone_pit_cdf_v1]+stat_grid_final_component_convolution_mean_coherent_v1",phase8_role_aware_pmf_cal_v1+monotone_inactive_global_v1,core,projected_minutes,high,24.9137,26.5139,10.5239,26.5139,34.6337,9.3557,0.05,0.9138,0.3003,core,True,current_market_line,True,fanduel,fanduel,player_pra_over_under,17.5,17.5,0.701,-600.0,370.0,0.8011,0.1989,0.299,-234.0,234.0,-0.1001,-0.1001,0.1001,2026-06-13T17:17:34.390727Z,full,provisional,lineup_unconfirmed,fallback_used,projected,derived_from_projected_minutes,ok,finals_pending,current_phase8,ok,0.0,projected,not_available_yet,bdl_lineup_freshness_manifest,bdl_plus_nba_official,2026-06-13T17:17:50Z
morning,2026-06-13T17:18:40Z,2026-06-13,21716138,1057262518,Dylan Harper,SAS,NYK,True,pra,"{""0"": 5.494915363528285e-06, ""1"": 2.6025235331299843e-05, ""2"": 8.40267688587798e-05, ""3"": 0.0002596350283535078, ""4"": 0.0006360613215212233, ""5"": 0.0013901845170167966, ""6"": 0.0026711375366585397, ""7"": 0.004583172138085004, ""8"": 0.007259389436553617, ""9"": 0.010698870220185595, ""10"": 0.014887758597355165, ""11"": 0.019730668517409924, ""12"": 0.025053535179858935, ""13"": 0.03074708028635717, ""14"": 0.03660843824322811, ""15"": 0.042523559600820764, ""16"": 0.04830884159342959, ""17"": 0.0534956529209979, ""18"": 0.057701948506932034, ""19"": 0.060368362490323776, ""20"": 0.06103269248700482, ""21"": 0.05977157424862078, ""22"": 0.056828811437066834, ""23"": 0.05283074314420466, ""24"": 0.04851258634169317, ""25"": 0.04419001674333327, ""26"": 0.0400234377077261, ""27"": 0.035945340490177086, ""28"": 0.032028987616988684, ""29"": 0.028353545834640115, ""30"": 0.024822161953456507, ""31"": 0.021365777768959798, ""32"": 0.01789317494124683, ""33"": 0.014420800316388909, ""34"": 0.011233952701625962, ""35"": 0.008579784431946492, ""36"": 0.006541249256739967, ""37"": 0.005046864553208071, ""38"": 0.003864959700416694, ""39"": 0.0028661017330892944, ""40"": 0.002012421274704194, ""41"": 0.001327433586750419, ""42"": 0.0008344008516557908, ""43"": 0.00052483039298835, ""44"": 0.0003483626816867499, ""45"": 0.00025963660463491846, ""46"": 0.00021538280590568078, ""47"": 0.00019330027205466025, ""48"": 0.00017858478275832015, ""49"": 0.00016444903516482892, ""50"": 0.00014723212763492782, ""51"": 0.00012433100157390804, ""52"": 9.760060032715584e-05, ""53"": 7.044404617671667e-05, ""54"": 4.696254852182671e-05, ""55"": 2.987749276541882e-05, ""56"": 1.9107851095656396e-05, ""57"": 1.2581847177636122e-05, ""58"": 8.763565078736059e-06, ""59"": 6.047237225941201e-06, ""60"": 3.986299246717768e-06, ""61"": 2.4399213147286526e-06, ""62"": 1.3329344086449998e-06, ""63"": 6.573438945324849e-07, ""64"": 3.065280539389503e-07, ""65"": 1.2866818805280516e-07, ""66"": 5.4786975565843004e-08, ""67"": 2.0638383450985225e-08, ""68"": 6.4375756776039e-09, ""69"": 1.9672984143905487e-09, ""70"": 6.084007675506158e-10, ""71"": 1.4601564638207357e-10, ""72"": 3.446233908405806e-11, ""73"": 9.390745395951805e-12, ""74"": 2.1402707801662237e-12, ""75"": 4.98222390275929e-13, ""76"": 1.2214852629796432e-13, ""77"": 2.908048797280598e-14, ""78"": 6.269059555469411e-15, ""79"": 1.2851047489832e-15, ""80"": 1.0000568025734458e-07, ""81"": 4.1988973027557366e-07, ""82"": 1.1701779277347298e-06, ""83"": 3.3410844555344436e-06, ""84"": 7.143938674685909e-06, ""85"": 1.331714197779548e-05, ""86"": 2.065823636960872e-05, ""87"": 2.6186211161934058e-05, ""88"": 2.8460895943670523e-05, ""89"": 2.6208543981443692e-05, ""90"": 2.0537072588437038e-05, ""91"": 1.387522063878604e-05, ""92"": 8.048842720356934e-06, ""93"": 4.082471595659235e-06, ""94"": 1.952825937981421e-06, ""95"": 8.394993904388875e-07, ""96"": 3.640257650588332e-07, ""97"": 1.3823914566983413e-07, ""98"": 4.3463722054335286e-08, ""99"": 1.3361380101121976e-08, ""100"": 4.142517593100836e-09, ""101"": 9.9506973724894e-10, ""102"": 2.349295223426828e-10, ""103"": 6.41293900051041e-11, ""104"": 1.460842688940909e-11, ""105"": 3.404436977241114e-12, ""106"": 8.365727580243453e-13, ""107"": 1.996760299161703e-13, ""108"": 4.3040702304637614e-14, ""109"": 8.830094060585334e-15, ""110"": 1.6253755162195853e-15}",21.3573,21.3573,21,20,0.0,1.0,1.0,0.9999,0.9996,0.999,0.9976,0.9949,0.9903,0.9831,0.9724,0.9575,0.9378,0.9127,0.882,0.8454,0.8028,0.7545,0.701,0.6433,0.583,fc9e35ff#phase10c,"stat_grid:component_convolution_mean_coherent_v1+components[pts:pmf_sim_v1+role_aware_pmf_cal_v1:core+monotone_pit_cdf_v1,reb:pmf_sim_v1+role_aware_pmf_cal_v1:core+monotone_pit_cdf_v1,ast:pmf_sim_v1+role_aware_pmf_cal_v1:core+monotone_pit_cdf_v1]+prior_combo[joint_sampler_v1+joint_combo_pmf_v1+role_aware_pmf_cal_v1:core+monotone_pit_cdf_v1]+stat_grid_final_component_convolution_mean_coherent_v1",phase8_role_aware_pmf_cal_v1+monotone_inactive_global_v1,core,projected_minutes,high,24.9137,26.5139,10.5239,26.5139,34.6337,9.3557,0.05,0.9138,0.3003,core,True,current_market_line,True,fanduel,fanduel,player_pra_over_under,16.5,16.5,0.7545,-800.0,450.0,0.8302,0.1698,0.2455,-307.0,307.0,-0.0757,-0.0757,0.0757,2026-06-13T17:17:34.390727Z,full,provisional,lineup_unconfirmed,fallback_used,projected,derived_from_projected_minutes,ok,finals_pending,current_phase8,ok,0.0,projected,not_available_yet,bdl_lineup_freshness_manifest,bdl_plus_nba_official,2026-06-13T17:17:50Z
morning,2026-06-13T17:18:40Z,2026-06-13,21716138,1057262518,Dylan Harper,SAS,NYK,True,pra,"{""0"": 5.494915363528285e-06, ""1"": 2.6025235331299843e-05, ""2"": 8.40267688587798e-05, ""3"": 0.0002596350283535078, ""4"": 0.0006360613215212233, ""5"": 0.0013901845170167966, ""6"": 0.0026711375366585397, ""7"": 0.004583172138085004, ""8"": 0.007259389436553617, ""9"": 0.010698870220185595, ""10"": 0.014887758597355165, ""11"": 0.019730668517409924, ""12"": 0.025053535179858935, ""13"": 0.03074708028635717, ""14"": 0.03660843824322811, ""15"": 0.042523559600820764, ""16"": 0.04830884159342959, ""17"": 0.0534956529209979, ""18"": 0.057701948506932034, ""19"": 0.060368362490323776, ""20"": 0.06103269248700482, ""21"": 0.05977157424862078, ""22"": 0.056828811437066834, ""23"": 0.05283074314420466, ""24"": 0.04851258634169317, ""25"": 0.04419001674333327, ""26"": 0.0400234377077261, ""27"": 0.035945340490177086, ""28"": 0.032028987616988684, ""29"": 0.028353545834640115, ""30"": 0.024822161953456507, ""31"": 0.021365777768959798, ""32"": 0.01789317494124683, ""33"": 0.014420800316388909, ""34"": 0.011233952701625962, ""35"": 0.008579784431946492, ""36"": 0.006541249256739967, ""37"": 0.005046864553208071, ""38"": 0.003864959700416694, ""39"": 0.0028661017330892944, ""40"": 0.002012421274704194, ""41"": 0.001327433586750419, ""42"": 0.0008344008516557908, ""43"": 0.00052483039298835, ""44"": 0.0003483626816867499, ""45"": 0.00025963660463491846, ""46"": 0.00021538280590568078, ""47"": 0.00019330027205466025, ""48"": 0.00017858478275832015, ""49"": 0.00016444903516482892, ""50"": 0.00014723212763492782, ""51"": 0.00012433100157390804, ""52"": 9.760060032715584e-05, ""53"": 7.044404617671667e-05, ""54"": 4.696254852182671e-05, ""55"": 2.987749276541882e-05, ""56"": 1.9107851095656396e-05, ""57"": 1.2581847177636122e-05, ""58"": 8.763565078736059e-06, ""59"": 6.047237225941201e-06, ""60"": 3.986299246717768e-06, ""61"": 2.4399213147286526e-06, ""62"": 1.3329344086449998e-06, ""63"": 6.573438945324849e-07, ""64"": 3.065280539389503e-07, ""65"": 1.2866818805280516e-07, ""66"": 5.4786975565843004e-08, ""67"": 2.0638383450985225e-08, ""68"": 6.4375756776039e-09, ""69"": 1.9672984143905487e-09, ""70"": 6.084007675506158e-10, ""71"": 1.4601564638207357e-10, ""72"": 3.446233908405806e-11, ""73"": 9.390745395951805e-12, ""74"": 2.1402707801662237e-12, ""75"": 4.98222390275929e-13, ""76"": 1.2214852629796432e-13, ""77"": 2.908048797280598e-14, ""78"": 6.269059555469411e-15, ""79"": 1.2851047489832e-15, ""80"": 1.0000568025734458e-07, ""81"": 4.1988973027557366e-07, ""82"": 1.1701779277347298e-06, ""83"": 3.3410844555344436e-06, ""84"": 7.143938674685909e-06, ""85"": 1.331714197779548e-05, ""86"": 2.065823636960872e-05, ""87"": 2.6186211161934058e-05, ""88"": 2.8460895943670523e-05, ""89"": 2.6208543981443692e-05, ""90"": 2.0537072588437038e-05, ""91"": 1.387522063878604e-05, ""92"": 8.048842720356934e-06, ""93"": 4.082471595659235e-06, ""94"": 1.952825937981421e-06, ""95"": 8.394993904388875e-07, ""96"": 3.640257650588332e-07, ""97"": 1.3823914566983413e-07, ""98"": 4.3463722054335286e-08, ""99"": 1.3361380101121976e-08, ""100"": 4.142517593100836e-09, ""101"": 9.9506973724894e-10, ""102"": 2.349295223426828e-10, ""103"": 6.41293900051041e-11, ""104"": 1.460842688940909e-11, ""105"": 3.404436977241114e-12, ""106"": 8.365727580243453e-13, ""107"": 1.996760299161703e-13, ""108"": 4.3040702304637614e-14, ""109"": 8.830094060585334e-15, ""110"": 1.6253755162195853e-15}",21.3573,21.3573,21,20,0.0,1.0,1.0,0.9999,0.9996,0.999,0.9976,0.9949,0.9903,0.9831,0.9724,0.9575,0.9378,0.9127,0.882,0.8454,0.8028,0.7545,0.701,0.6433,0.583,fc9e35ff#phase10c,"stat_grid:component_convolution_mean_coherent_v1+components[pts:pmf_sim_v1+role_aware_pmf_cal_v1:core+monotone_pit_cdf_v1,reb:pmf_sim_v1+role_aware_pmf_cal_v1:core+monotone_pit_cdf_v1,ast:pmf_sim_v1+role_aware_pmf_cal_v1:core+monotone_pit_cdf_v1]+prior_combo[joint_sampler_v1+joint_combo_pmf_v1+role_aware_pmf_cal_v1:core+monotone_pit_cdf_v1]+stat_grid_final_component_convolution_mean_coherent_v1",phase8_role_aware_pmf_cal_v1+monotone_inactive_global_v1,core,projected_minutes,high,24.9137,26.5139,10.5239,26.5139,34.6337,9.3557,0.05,0.9138,0.3003,core,True,current_market_line,True,betmgm,betmgm,player_pra_over_under,24.5,24.5,0.304,-110.0,-120.0,0.4899,0.5101,0.696,229.0,-229.0,-0.1859,-0.1859,0.1859,2026-06-13T17:17:34.390727Z,full,provisional,lineup_unconfirmed,fallback_used,projected,derived_from_projected_minutes,ok,finals_pending,current_phase8,ok,0.0,projected,not_available_yet,bdl_lineup_freshness_manifest,bdl_plus_nba_official,2026-06-13T17:17:50Z
morning,2026-06-13T17:18:40Z,2026-06-13,21716138,1057262518,Dylan Harper,SAS,NYK,True,pra,"{""0"": 5.494915363528285e-06, ""1"": 2.6025235331299843e-05, ""2"": 8.40267688587798e-05, ""3"": 0.0002596350283535078, ""4"": 0.0006360613215212233, ""5"": 0.0013901845170167966, ""6"": 0.0026711375366585397, ""7"": 0.004583172138085004, ""8"": 0.007259389436553617, ""9"": 0.010698870220185595, ""10"": 0.014887758597355165, ""11"": 0.019730668517409924, ""12"": 0.025053535179858935, ""13"": 0.03074708028635717, ""14"": 0.03660843824322811, ""15"": 0.042523559600820764, ""16"": 0.04830884159342959, ""17"": 0.0534956529209979, ""18"": 0.057701948506932034, ""19"": 0.060368362490323776, ""20"": 0.06103269248700482, ""21"": 0.05977157424862078, ""22"": 0.056828811437066834, ""23"": 0.05283074314420466, ""24"": 0.04851258634169317, ""25"": 0.04419001674333327, ""26"": 0.0400234377077261, ""27"": 0.035945340490177086, ""28"": 0.032028987616988684, ""29"": 0.028353545834640115, ""30"": 0.024822161953456507, ""31"": 0.021365777768959798, ""32"": 0.01789317494124683, ""33"": 0.014420800316388909, ""34"": 0.011233952701625962, ""35"": 0.008579784431946492, ""36"": 0.006541249256739967, ""37"": 0.005046864553208071, ""38"": 0.003864959700416694, ""39"": 0.0028661017330892944, ""40"": 0.002012421274704194, ""41"": 0.001327433586750419, ""42"": 0.0008344008516557908, ""43"": 0.00052483039298835, ""44"": 0.0003483626816867499, ""45"": 0.00025963660463491846, ""46"": 0.00021538280590568078, ""47"": 0.00019330027205466025, ""48"": 0.00017858478275832015, ""49"": 0.00016444903516482892, ""50"": 0.00014723212763492782, ""51"": 0.00012433100157390804, ""52"": 9.760060032715584e-05, ""53"": 7.044404617671667e-05, ""54"": 4.696254852182671e-05, ""55"": 2.987749276541882e-05, ""56"": 1.9107851095656396e-05, ""57"": 1.2581847177636122e-05, ""58"": 8.763565078736059e-06, ""59"": 6.047237225941201e-06, ""60"": 3.986299246717768e-06, ""61"": 2.4399213147286526e-06, ""62"": 1.3329344086449998e-06, ""63"": 6.573438945324849e-07, ""64"": 3.065280539389503e-07, ""65"": 1.2866818805280516e-07, ""66"": 5.4786975565843004e-08, ""67"": 2.0638383450985225e-08, ""68"": 6.4375756776039e-09, ""69"": 1.9672984143905487e-09, ""70"": 6.084007675506158e-10, ""71"": 1.4601564638207357e-10, ""72"": 3.446233908405806e-11, ""73"": 9.390745395951805e-12, ""74"": 2.1402707801662237e-12, ""75"": 4.98222390275929e-13, ""76"": 1.2214852629796432e-13, ""77"": 2.908048797280598e-14, ""78"": 6.269059555469411e-15, ""79"": 1.2851047489832e-15, ""80"": 1.0000568025734458e-07, ""81"": 4.1988973027557366e-07, ""82"": 1.1701779277347298e-06, ""83"": 3.3410844555344436e-06, ""84"": 7.143938674685909e-06, ""85"": 1.331714197779548e-05, ""86"": 2.065823636960872e-05, ""87"": 2.6186211161934058e-05, ""88"": 2.8460895943670523e-05, ""89"": 2.6208543981443692e-05, ""90"": 2.0537072588437038e-05, ""91"": 1.387522063878604e-05, ""92"": 8.048842720356934e-06, ""93"": 4.082471595659235e-06, ""94"": 1.952825937981421e-06, ""95"": 8.394993904388875e-07, ""96"": 3.640257650588332e-07, ""97"": 1.3823914566983413e-07, ""98"": 4.3463722054335286e-08, ""99"": 1.3361380101121976e-08, ""100"": 4.142517593100836e-09, ""101"": 9.9506973724894e-10, ""102"": 2.349295223426828e-10, ""103"": 6.41293900051041e-11, ""104"": 1.460842688940909e-11, ""105"": 3.404436977241114e-12, ""106"": 8.365727580243453e-13, ""107"": 1.996760299161703e-13, ""108"": 4.3040702304637614e-14, ""109"": 8.830094060585334e-15, ""110"": 1.6253755162195853e-15}",21.3573,21.3573,21,20,0.0,1.0,1.0,0.9999,0.9996,0.999,0.9976,0.9949,0.9903,0.9831,0.9724,0.9575,0.9378,0.9127,0.882,0.8454,0.8028,0.7545,0.701,0.6433,0.583,fc9e35ff#phase10c,"stat_grid:component_convolution_mean_coherent_v1+components[pts:pmf_sim_v1+role_aware_pmf_cal_v1:core+monotone_pit_cdf_v1,reb:pmf_sim_v1+role_aware_pmf_cal_v1:core+monotone_pit_cdf_v1,ast:pmf_sim_v1+role_aware_pmf_cal_v1:core+monotone_pit_cdf_v1]+prior_combo[joint_sampler_v1+joint_combo_pmf_v1+role_aware_pmf_cal_v1:core+monotone_pit_cdf_v1]+stat_grid_final_component_convolution_mean_coherent_v1",phase8_role_aware_pmf_cal_v1+monotone_inactive_global_v1,core,projected_minutes,high,24.9137,26.5139,10.5239,26.5139,34.6337,9.3557,0.05,0.9138,0.3003,core,True,current_market_line,True,betrivers,betrivers,player_pra_over_under,25.5,25.5,0.2598,120.0,-167.0,0.4209,0.5791,0.7402,285.0,-285.0,-0.1611,-0.1611,0.1611,2026-06-13T17:17:34.390727Z,full,provisional,lineup_unconfirmed,fallback_used,projected,derived_from_projected_minutes,ok,finals_pending,current_phase8,ok,0.0,projected,not_available_yet,bdl_lineup_freshness_manifest,bdl_plus_nba_official,2026-06-13T17:17:50Z
morning,2026-06-13T17:18:40Z,2026-06-13,21716138,1057262518,Dylan Harper,SAS,NYK,True,pra,"{""0"": 5.494915363528285e-06, ""1"": 2.6025235331299843e-05, ""2"": 8.40267688587798e-05, ""3"": 0.0002596350283535078, ""4"": 0.0006360613215212233, ""5"": 0.0013901845170167966, ""6"": 0.0026711375366585397, ""7"": 0.004583172138085004, ""8"": 0.007259389436553617, ""9"": 0.010698870220185595, ""10"": 0.014887758597355165, ""11"": 0.019730668517409924, ""12"": 0.025053535179858935, ""13"": 0.03074708028635717, ""14"": 0.03660843824322811, ""15"": 0.042523559600820764, ""16"": 0.04830884159342959, ""17"": 0.0534956529209979, ""18"": 0.057701948506932034, ""19"": 0.060368362490323776, ""20"": 0.06103269248700482, ""21"": 0.05977157424862078, ""22"": 0.056828811437066834, ""23"": 0.05283074314420466, ""24"": 0.04851258634169317, ""25"": 0.04419001674333327, ""26"": 0.0400234377077261, ""27"": 0.035945340490177086, ""28"": 0.032028987616988684, ""29"": 0.028353545834640115, ""30"": 0.024822161953456507, ""31"": 0.021365777768959798, ""32"": 0.01789317494124683, ""33"": 0.014420800316388909, ""34"": 0.011233952701625962, ""35"": 0.008579784431946492, ""36"": 0.006541249256739967, ""37"": 0.005046864553208071, ""38"": 0.003864959700416694, ""39"": 0.0028661017330892944, ""40"": 0.002012421274704194, ""41"": 0.001327433586750419, ""42"": 0.0008344008516557908, ""43"": 0.00052483039298835, ""44"": 0.0003483626816867499, ""45"": 0.00025963660463491846, ""46"": 0.00021538280590568078, ""47"": 0.00019330027205466025, ""48"": 0.00017858478275832015, ""49"": 0.00016444903516482892, ""50"": 0.00014723212763492782, ""51"": 0.00012433100157390804, ""52"": 9.760060032715584e-05, ""53"": 7.044404617671667e-05, ""54"": 4.696254852182671e-05, ""55"": 2.987749276541882e-05, ""56"": 1.9107851095656396e-05, ""57"": 1.2581847177636122e-05, ""58"": 8.763565078736059e-06, ""59"": 6.047237225941201e-06, ""60"": 3.986299246717768e-06, ""61"": 2.4399213147286526e-06, ""62"": 1.3329344086449998e-06, ""63"": 6.573438945324849e-07, ""64"": 3.065280539389503e-07, ""65"": 1.2866818805280516e-07, ""66"": 5.4786975565843004e-08, ""67"": 2.0638383450985225e-08, ""68"": 6.4375756776039e-09, ""69"": 1.9672984143905487e-09, ""70"": 6.084007675506158e-10, ""71"": 1.4601564638207357e-10, ""72"": 3.446233908405806e-11, ""73"": 9.390745395951805e-12, ""74"": 2.1402707801662237e-12, ""75"": 4.98222390275929e-13, ""76"": 1.2214852629796432e-13, ""77"": 2.908048797280598e-14, ""78"": 6.269059555469411e-15, ""79"": 1.2851047489832e-15, ""80"": 1.0000568025734458e-07, ""81"": 4.1988973027557366e-07, ""82"": 1.1701779277347298e-06, ""83"": 3.3410844555344436e-06, ""84"": 7.143938674685909e-06, ""85"": 1.331714197779548e-05, ""86"": 2.065823636960872e-05, ""87"": 2.6186211161934058e-05, ""88"": 2.8460895943670523e-05, ""89"": 2.6208543981443692e-05, ""90"": 2.0537072588437038e-05, ""91"": 1.387522063878604e-05, ""92"": 8.048842720356934e-06, ""93"": 4.082471595659235e-06, ""94"": 1.952825937981421e-06, ""95"": 8.394993904388875e-07, ""96"": 3.640257650588332e-07, ""97"": 1.3823914566983413e-07, ""98"": 4.3463722054335286e-08, ""99"": 1.3361380101121976e-08, ""100"": 4.142517593100836e-09, ""101"": 9.9506973724894e-10, ""102"": 2.349295223426828e-10, ""103"": 6.41293900051041e-11, ""104"": 1.460842688940909e-11, ""105"": 3.404436977241114e-12, ""106"": 8.365727580243453e-13, ""107"": 1.996760299161703e-13, ""108"": 4.3040702304637614e-14, ""109"": 8.830094060585334e-15, ""110"": 1.6253755162195853e-15}",21.3573,21.3573,21,20,0.0,1.0,1.0,0.9999,0.9996,0.999,0.9976,0.9949,0.9903,0.9831,0.9724,0.9575,0.9378,0.9127,0.882,0.8454,0.8028,0.7545,0.701,0.6433,0.583,fc9e35ff#phase10c,"stat_grid:component_convolution_mean_coherent_v1+components[pts:pmf_sim_v1+role_aware_pmf_cal_v1:core+monotone_pit_cdf_v1,reb:pmf_sim_v1+role_aware_pmf_cal_v1:core+monotone_pit_cdf_v1,ast:pmf_sim_v1+role_aware_pmf_cal_v1:core+monotone_pit_cdf_v1]+prior_combo[joint_sampler_v1+joint_combo_pmf_v1+role_aware_pmf_cal_v1:core+monotone_pit_cdf_v1]+stat_grid_final_component_convolution_mean_coherent_v1",phase8_role_aware_pmf_cal_v1+monotone_inactive_global_v1,core,projected_minutes,high,24.9137,26.5139,10.5239,26.5139,34.6337,9.3557,0.05,0.9138,0.3003,core,True,current_market_line,True,betrivers,betrivers,player_pra_over_under,24.5,24.5,0.304,-106.0,-129.0,0.4774,0.5226,0.696,229.0,-229.0,-0.1734,-0.1734,0.1734,2026-06-13T17:17:34.390727Z,full,provisional,lineup_unconfirmed,fallback_used,projected,derived_from_projected_minutes,ok,finals_pending,current_phase8,ok,0.0,projected,not_available_yet,bdl_lineup_freshness_manifest,bdl_plus_nba_official,2026-06-13T17:17:50Z
morning,2026-06-13T17:18:40Z,2026-06-13,21716138,1057262518,Dylan Harper,SAS,NYK,True,pra,"{""0"": 5.494915363528285e-06, ""1"": 2.6025235331299843e-05, ""2"": 8.40267688587798e-05, ""3"": 0.0002596350283535078, ""4"": 0.0006360613215212233, ""5"": 0.0013901845170167966, ""6"": 0.0026711375366585397, ""7"": 0.004583172138085004, ""8"": 0.007259389436553617, ""9"": 0.010698870220185595, ""10"": 0.014887758597355165, ""11"": 0.019730668517409924, ""12"": 0.025053535179858935, ""13"": 0.03074708028635717, ""14"": 0.03660843824322811, ""15"": 0.042523559600820764, ""16"": 0.04830884159342959, ""17"": 0.0534956529209979, ""18"": 0.057701948506932034, ""19"": 0.060368362490323776, ""20"": 0.06103269248700482, ""21"": 0.05977157424862078, ""22"": 0.056828811437066834, ""23"": 0.05283074314420466, ""24"": 0.04851258634169317, ""25"": 0.04419001674333327, ""26"": 0.0400234377077261, ""27"": 0.035945340490177086, ""28"": 0.032028987616988684, ""29"": 0.028353545834640115, ""30"": 0.024822161953456507, ""31"": 0.021365777768959798, ""32"": 0.01789317494124683, ""33"": 0.014420800316388909, ""34"": 0.011233952701625962, ""35"": 0.008579784431946492, ""36"": 0.006541249256739967, ""37"": 0.005046864553208071, ""38"": 0.003864959700416694, ""39"": 0.0028661017330892944, ""40"": 0.002012421274704194, ""41"": 0.001327433586750419, ""42"": 0.0008344008516557908, ""43"": 0.00052483039298835, ""44"": 0.0003483626816867499, ""45"": 0.00025963660463491846, ""46"": 0.00021538280590568078, ""47"": 0.00019330027205466025, ""48"": 0.00017858478275832015, ""49"": 0.00016444903516482892, ""50"": 0.00014723212763492782, ""51"": 0.00012433100157390804, ""52"": 9.760060032715584e-05, ""53"": 7.044404617671667e-05, ""54"": 4.696254852182671e-05, ""55"": 2.987749276541882e-05, ""56"": 1.9107851095656396e-05, ""57"": 1.2581847177636122e-05, ""58"": 8.763565078736059e-06, ""59"": 6.047237225941201e-06, ""60"": 3.986299246717768e-06, ""61"": 2.4399213147286526e-06, ""62"": 1.3329344086449998e-06, ""63"": 6.573438945324849e-07, ""64"": 3.065280539389503e-07, ""65"": 1.2866818805280516e-07, ""66"": 5.4786975565843004e-08, ""67"": 2.0638383450985225e-08, ""68"": 6.4375756776039e-09, ""69"": 1.9672984143905487e-09, ""70"": 6.084007675506158e-10, ""71"": 1.4601564638207357e-10, ""72"": 3.446233908405806e-11, ""73"": 9.390745395951805e-12, ""74"": 2.1402707801662237e-12, ""75"": 4.98222390275929e-13, ""76"": 1.2214852629796432e-13, ""77"": 2.908048797280598e-14, ""78"": 6.269059555469411e-15, ""79"": 1.2851047489832e-15, ""80"": 1.0000568025734458e-07, ""81"": 4.1988973027557366e-07, ""82"": 1.1701779277347298e-06, ""83"": 3.3410844555344436e-06, ""84"": 7.143938674685909e-06, ""85"": 1.331714197779548e-05, ""86"": 2.065823636960872e-05, ""87"": 2.6186211161934058e-05, ""88"": 2.8460895943670523e-05, ""89"": 2.6208543981443692e-05, ""90"": 2.0537072588437038e-05, ""91"": 1.387522063878604e-05, ""92"": 8.048842720356934e-06, ""93"": 4.082471595659235e-06, ""94"": 1.952825937981421e-06, ""95"": 8.394993904388875e-07, ""96"": 3.640257650588332e-07, ""97"": 1.3823914566983413e-07, ""98"": 4.3463722054335286e-08, ""99"": 1.3361380101121976e-08, ""100"": 4.142517593100836e-09, ""101"": 9.9506973724894e-10, ""102"": 2.349295223426828e-10, ""103"": 6.41293900051041e-11, ""104"": 1.460842688940909e-11, ""105"": 3.404436977241114e-12, ""106"": 8.365727580243453e-13, ""107"": 1.996760299161703e-13, ""108"": 4.3040702304637614e-14, ""109"": 8.830094060585334e-15, ""110"": 1.6253755162195853e-15}",21.3573,21.3573,21,20,0.0,1.0,1.0,0.9999,0.9996,0.999,0.9976,0.9949,0.9903,0.9831,0.9724,0.9575,0.9378,0.9127,0.882,0.8454,0.8028,0.7545,0.701,0.6433,0.583,fc9e35ff#phase10c,"stat_grid:component_convolution_mean_coherent_v1+components[pts:pmf_sim_v1+role_aware_pmf_cal_v1:core+monotone_pit_cdf_v1,reb:pmf_sim_v1+role_aware_pmf_cal_v1:core+monotone_pit_cdf_v1,ast:pmf_sim_v1+role_aware_pmf_cal_v1:core+monotone_pit_cdf_v1]+prior_combo[joint_sampler_v1+joint_combo_pmf_v1+role_aware_pmf_cal_v1:core+monotone_pit_cdf_v1]+stat_grid_final_component_convolution_mean_coherent_v1",phase8_role_aware_pmf_cal_v1+monotone_inactive_global_v1,core,projected_minutes,high,24.9137,26.5139,10.5239,26.5139,34.6337,9.3557,0.05,0.9138,0.3003,core,True,current_market_line,True,betrivers,betrivers,player_pra_over_under,23.5,23.5,0.3525,-134.0,-103.0,0.5302,0.4698,0.6475,184.0,-184.0,-0.1777,-0.1777,0.1777,2026-06-13T17:17:34.390727Z,full,provisional,lineup_unconfirmed,fallback_used,projected,derived_from_projected_minutes,ok,finals_pending,current_phase8,ok,0.0,projected,not_available_yet,bdl_lineup_freshness_manifest,bdl_plus_nba_official,2026-06-13T17:17:50Z
morning,2026-06-13T17:18:40Z,2026-06-13,21716138,1057262518,Dylan Harper,SAS,NYK,True,pra,"{""0"": 5.494915363528285e-06, ""1"": 2.6025235331299843e-05, ""2"": 8.40267688587798e-05, ""3"": 0.0002596350283535078, ""4"": 0.0006360613215212233, ""5"": 0.0013901845170167966, ""6"": 0.0026711375366585397, ""7"": 0.004583172138085004, ""8"": 0.007259389436553617, ""9"": 0.010698870220185595, ""10"": 0.014887758597355165, ""11"": 0.019730668517409924, ""12"": 0.025053535179858935, ""13"": 0.03074708028635717, ""14"": 0.03660843824322811, ""15"": 0.042523559600820764, ""16"": 0.04830884159342959, ""17"": 0.0534956529209979, ""18"": 0.057701948506932034, ""19"": 0.060368362490323776, ""20"": 0.06103269248700482, ""21"": 0.05977157424862078, ""22"": 0.056828811437066834, ""23"": 0.05283074314420466, ""24"": 0.04851258634169317, ""25"": 0.04419001674333327, ""26"": 0.0400234377077261, ""27"": 0.035945340490177086, ""28"": 0.032028987616988684, ""29"": 0.028353545834640115, ""30"": 0.024822161953456507, ""31"": 0.021365777768959798, ""32"": 0.01789317494124683, ""33"": 0.014420800316388909, ""34"": 0.011233952701625962, ""35"": 0.008579784431946492, ""36"": 0.006541249256739967, ""37"": 0.005046864553208071, ""38"": 0.003864959700416694, ""39"": 0.0028661017330892944, ""40"": 0.002012421274704194, ""41"": 0.001327433586750419, ""42"": 0.0008344008516557908, ""43"": 0.00052483039298835, ""44"": 0.0003483626816867499, ""45"": 0.00025963660463491846, ""46"": 0.00021538280590568078, ""47"": 0.00019330027205466025, ""48"": 0.00017858478275832015, ""49"": 0.00016444903516482892, ""50"": 0.00014723212763492782, ""51"": 0.00012433100157390804, ""52"": 9.760060032715584e-05, ""53"": 7.044404617671667e-05, ""54"": 4.696254852182671e-05, ""55"": 2.987749276541882e-05, ""56"": 1.9107851095656396e-05, ""57"": 1.2581847177636122e-05, ""58"": 8.763565078736059e-06, ""59"": 6.047237225941201e-06, ""60"": 3.986299246717768e-06, ""61"": 2.4399213147286526e-06, ""62"": 1.3329344086449998e-06, ""63"": 6.573438945324849e-07, ""64"": 3.065280539389503e-07, ""65"": 1.2866818805280516e-07, ""66"": 5.4786975565843004e-08, ""67"": 2.0638383450985225e-08, ""68"": 6.4375756776039e-09, ""69"": 1.9672984143905487e-09, ""70"": 6.084007675506158e-10, ""71"": 1.4601564638207357e-10, ""72"": 3.446233908405806e-11, ""73"": 9.390745395951805e-12, ""74"": 2.1402707801662237e-12, ""75"": 4.98222390275929e-13, ""76"": 1.2214852629796432e-13, ""77"": 2.908048797280598e-14, ""78"": 6.269059555469411e-15, ""79"": 1.2851047489832e-15, ""80"": 1.0000568025734458e-07, ""81"": 4.1988973027557366e-07, ""82"": 1.1701779277347298e-06, ""83"": 3.3410844555344436e-06, ""84"": 7.143938674685909e-06, ""85"": 1.331714197779548e-05, ""86"": 2.065823636960872e-05, ""87"": 2.6186211161934058e-05, ""88"": 2.8460895943670523e-05, ""89"": 2.6208543981443692e-05, ""90"": 2.0537072588437038e-05, ""91"": 1.387522063878604e-05, ""92"": 8.048842720356934e-06, ""93"": 4.082471595659235e-06, ""94"": 1.952825937981421e-06, ""95"": 8.394993904388875e-07, ""96"": 3.640257650588332e-07, ""97"": 1.3823914566983413e-07, ""98"": 4.3463722054335286e-08, ""99"": 1.3361380101121976e-08, ""100"": 4.142517593100836e-09, ""101"": 9.9506973724894e-10, ""102"": 2.349295223426828e-10, ""103"": 6.41293900051041e-11, ""104"": 1.460842688940909e-11, ""105"": 3.404436977241114e-12, ""106"": 8.365727580243453e-13, ""107"": 1.996760299161703e-13, ""108"": 4.3040702304637614e-14, ""109"": 8.830094060585334e-15, ""110"": 1.6253755162195853e-15}",21.3573,21.3573,21,20,0.0,1.0,1.0,0.9999,0.9996,0.999,0.9976,0.9949,0.9903,0.9831,0.9724,0.9575,0.9378,0.9127,0.882,0.8454,0.8028,0.7545,0.701,0.6433,0.583,fc9e35ff#phase10c,"stat_grid:component_convolution_mean_coherent_v1+components[pts:pmf_sim_v1+role_aware_pmf_cal_v1:core+monotone_pit_cdf_v1,reb:pmf_sim_v1+role_aware_pmf_cal_v1:core+monotone_pit_cdf_v1,ast:pmf_sim_v1+role_aware_pmf_cal_v1:core+monotone_pit_cdf_v1]+prior_combo[joint_sampler_v1+joint_combo_pmf_v1+role_aware_pmf_cal_v1:core+monotone_pit_cdf_v1]+stat_grid_final_component_convolution_mean_coherent_v1",phase8_role_aware_pmf_cal_v1+monotone_inactive_global_v1,core,projected_minutes,high,24.9137,26.5139,10.5239,26.5139,34.6337,9.3557,0.05,0.9138,0.3003,core,True,current_market_line,True,draftkings,draftkings,player_pra_over_under,24.5,24.5,0.304,-122.0,-108.0,0.5142,0.4858,0.696,229.0,-229.0,-0.2102,-0.2102,0.2102,2026-06-13T17:17:34.390727Z,full,provisional,lineup_unconfirmed,fallback_used,projected,derived_from_projected_minutes,ok,finals_pending,current_phase8,ok,0.0,projected,not_available_yet,bdl_lineup_freshness_manifest,bdl_plus_nba_official,2026-06-13T17:17:50Z
morning,2026-06-13T17:18:40Z,2026-06-13,21716138,1057262518,Dylan Harper,SAS,NYK,True,pra,"{""0"": 5.494915363528285e-06, ""1"": 2.6025235331299843e-05, ""2"": 8.40267688587798e-05, ""3"": 0.0002596350283535078, ""4"": 0.0006360613215212233, ""5"": 0.0013901845170167966, ""6"": 0.0026711375366585397, ""7"": 0.004583172138085004, ""8"": 0.007259389436553617, ""9"": 0.010698870220185595, ""10"": 0.014887758597355165, ""11"": 0.019730668517409924, ""12"": 0.025053535179858935, ""13"": 0.03074708028635717, ""14"": 0.03660843824322811, ""15"": 0.042523559600820764, ""16"": 0.04830884159342959, ""17"": 0.0534956529209979, ""18"": 0.057701948506932034, ""19"": 0.060368362490323776, ""20"": 0.06103269248700482, ""21"": 0.05977157424862078, ""22"": 0.056828811437066834, ""23"": 0.05283074314420466, ""24"": 0.04851258634169317, ""25"": 0.04419001674333327, ""26"": 0.0400234377077261, ""27"": 0.035945340490177086, ""28"": 0.032028987616988684, ""29"": 0.028353545834640115, ""30"": 0.024822161953456507, ""31"": 0.021365777768959798, ""32"": 0.01789317494124683, ""33"": 0.014420800316388909, ""34"": 0.011233952701625962, ""35"": 0.008579784431946492, ""36"": 0.006541249256739967, ""37"": 0.005046864553208071, ""38"": 0.003864959700416694, ""39"": 0.0028661017330892944, ""40"": 0.002012421274704194, ""41"": 0.001327433586750419, ""42"": 0.0008344008516557908, ""43"": 0.00052483039298835, ""44"": 0.0003483626816867499, ""45"": 0.00025963660463491846, ""46"": 0.00021538280590568078, ""47"": 0.00019330027205466025, ""48"": 0.00017858478275832015, ""49"": 0.00016444903516482892, ""50"": 0.00014723212763492782, ""51"": 0.00012433100157390804, ""52"": 9.760060032715584e-05, ""53"": 7.044404617671667e-05, ""54"": 4.696254852182671e-05, ""55"": 2.987749276541882e-05, ""56"": 1.9107851095656396e-05, ""57"": 1.2581847177636122e-05, ""58"": 8.763565078736059e-06, ""59"": 6.047237225941201e-06, ""60"": 3.986299246717768e-06, ""61"": 2.4399213147286526e-06, ""62"": 1.3329344086449998e-06, ""63"": 6.573438945324849e-07, ""64"": 3.065280539389503e-07, ""65"": 1.2866818805280516e-07, ""66"": 5.4786975565843004e-08, ""67"": 2.0638383450985225e-08, ""68"": 6.4375756776039e-09, ""69"": 1.9672984143905487e-09, ""70"": 6.084007675506158e-10, ""71"": 1.4601564638207357e-10, ""72"": 3.446233908405806e-11, ""73"": 9.390745395951805e-12, ""74"": 2.1402707801662237e-12, ""75"": 4.98222390275929e-13, ""76"": 1.2214852629796432e-13, ""77"": 2.908048797280598e-14, ""78"": 6.269059555469411e-15, ""79"": 1.2851047489832e-15, ""80"": 1.0000568025734458e-07, ""81"": 4.1988973027557366e-07, ""82"": 1.1701779277347298e-06, ""83"": 3.3410844555344436e-06, ""84"": 7.143938674685909e-06, ""85"": 1.331714197779548e-05, ""86"": 2.065823636960872e-05, ""87"": 2.6186211161934058e-05, ""88"": 2.8460895943670523e-05, ""89"": 2.6208543981443692e-05, ""90"": 2.0537072588437038e-05, ""91"": 1.387522063878604e-05, ""92"": 8.048842720356934e-06, ""93"": 4.082471595659235e-06, ""94"": 1.952825937981421e-06, ""95"": 8.394993904388875e-07, ""96"": 3.640257650588332e-07, ""97"": 1.3823914566983413e-07, ""98"": 4.3463722054335286e-08, ""99"": 1.3361380101121976e-08, ""100"": 4.142517593100836e-09, ""101"": 9.9506973724894e-10, ""102"": 2.349295223426828e-10, ""103"": 6.41293900051041e-11, ""104"": 1.460842688940909e-11, ""105"": 3.404436977241114e-12, ""106"": 8.365727580243453e-13, ""107"": 1.996760299161703e-13, ""108"": 4.3040702304637614e-14, ""109"": 8.830094060585334e-15, ""110"": 1.6253755162195853e-15}",21.3573,21.3573,21,20,0.0,1.0,1.0,0.9999,0.9996,0.999,0.9976,0.9949,0.9903,0.9831,0.9724,0.9575,0.9378,0.9127,0.882,0.8454,0.8028,0.7545,0.701,0.6433,0.583,fc9e35ff#phase10c,"stat_grid:component_convolution_mean_coherent_v1+components[pts:pmf_sim_v1+role_aware_pmf_cal_v1:core+monotone_pit_cdf_v1,reb:pmf_sim_v1+role_aware_pmf_cal_v1:core+monotone_pit_cdf_v1,ast:pmf_sim_v1+role_aware_pmf_cal_v1:core+monotone_pit_cdf_v1]+prior_combo[joint_sampler_v1+joint_combo_pmf_v1+role_aware_pmf_cal_v1:core+monotone_pit_cdf_v1]+stat_grid_final_component_convolution_mean_coherent_v1",phase8_role_aware_pmf_cal_v1+monotone_inactive_global_v1,core,projected_minutes,high,24.9137,26.5139,10.5239,26.5139,34.6337,9.3557,0.05,0.9138,0.3003,core,True,current_market_line,True,bovada,bovada,player_pra_over_under,23.5,23.5,0.3525,-145.0,110.0,0.5541,0.4459,0.6475,184.0,-184.0,-0.2016,-0.2016,0.2016,2026-06-13T17:17:34.390727Z,full,provisional,lineup_unconfirmed,fallback_used,projected,derived_from_projected_minutes,ok,finals_pending,current_phase8,ok,0.0,projected,not_available_yet,bdl_lineup_freshness_manifest,bdl_plus_nba_official,2026-06-13T17:17:50Z
morning,2026-06-13T17:18:40Z,2026-06-13,21716138,1057262518,Dylan Harper,SAS,NYK,True,pra,"{""0"": 5.494915363528285e-06, ""1"": 2.6025235331299843e-05, ""2"": 8.40267688587798e-05, ""3"": 0.0002596350283535078, ""4"": 0.0006360613215212233, ""5"": 0.0013901845170167966, ""6"": 0.0026711375366585397, ""7"": 0.004583172138085004, ""8"": 0.007259389436553617, ""9"": 0.010698870220185595, ""10"": 0.014887758597355165, ""11"": 0.019730668517409924, ""12"": 0.025053535179858935, ""13"": 0.03074708028635717, ""14"": 0.03660843824322811, ""15"": 0.042523559600820764, ""16"": 0.04830884159342959, ""17"": 0.0534956529209979, ""18"": 0.057701948506932034, ""19"": 0.060368362490323776, ""20"": 0.06103269248700482, ""21"": 0.05977157424862078, ""22"": 0.056828811437066834, ""23"": 0.05283074314420466, ""24"": 0.04851258634169317, ""25"": 0.04419001674333327, ""26"": 0.0400234377077261, ""27"": 0.035945340490177086, ""28"": 0.032028987616988684, ""29"": 0.028353545834640115, ""30"": 0.024822161953456507, ""31"": 0.021365777768959798, ""32"": 0.01789317494124683, ""33"": 0.014420800316388909, ""34"": 0.011233952701625962, ""35"": 0.008579784431946492, ""36"": 0.006541249256739967, ""37"": 0.005046864553208071, ""38"": 0.003864959700416694, ""39"": 0.0028661017330892944, ""40"": 0.002012421274704194, ""41"": 0.001327433586750419, ""42"": 0.0008344008516557908, ""43"": 0.00052483039298835, ""44"": 0.0003483626816867499, ""45"": 0.00025963660463491846, ""46"": 0.00021538280590568078, ""47"": 0.00019330027205466025, ""48"": 0.00017858478275832015, ""49"": 0.00016444903516482892, ""50"": 0.00014723212763492782, ""51"": 0.00012433100157390804, ""52"": 9.760060032715584e-05, ""53"": 7.044404617671667e-05, ""54"": 4.696254852182671e-05, ""55"": 2.987749276541882e-05, ""56"": 1.9107851095656396e-05, ""57"": 1.2581847177636122e-05, ""58"": 8.763565078736059e-06, ""59"": 6.047237225941201e-06, ""60"": 3.986299246717768e-06, ""61"": 2.4399213147286526e-06, ""62"": 1.3329344086449998e-06, ""63"": 6.573438945324849e-07, ""64"": 3.065280539389503e-07, ""65"": 1.2866818805280516e-07, ""66"": 5.4786975565843004e-08, ""67"": 2.0638383450985225e-08, ""68"": 6.4375756776039e-09, ""69"": 1.9672984143905487e-09, ""70"": 6.084007675506158e-10, ""71"": 1.4601564638207357e-10, ""72"": 3.446233908405806e-11, ""73"": 9.390745395951805e-12, ""74"": 2.1402707801662237e-12, ""75"": 4.98222390275929e-13, ""76"": 1.2214852629796432e-13, ""77"": 2.908048797280598e-14, ""78"": 6.269059555469411e-15, ""79"": 1.2851047489832e-15, ""80"": 1.0000568025734458e-07, ""81"": 4.1988973027557366e-07, ""82"": 1.1701779277347298e-06, ""83"": 3.3410844555344436e-06, ""84"": 7.143938674685909e-06, ""85"": 1.331714197779548e-05, ""86"": 2.065823636960872e-05, ""87"": 2.6186211161934058e-05, ""88"": 2.8460895943670523e-05, ""89"": 2.6208543981443692e-05, ""90"": 2.0537072588437038e-05, ""91"": 1.387522063878604e-05, ""92"": 8.048842720356934e-06, ""93"": 4.082471595659235e-06, ""94"": 1.952825937981421e-06, ""95"": 8.394993904388875e-07, ""96"": 3.640257650588332e-07, ""97"": 1.3823914566983413e-07, ""98"": 4.3463722054335286e-08, ""99"": 1.3361380101121976e-08, ""100"": 4.142517593100836e-09, ""101"": 9.9506973724894e-10, ""102"": 2.349295223426828e-10, ""103"": 6.41293900051041e-11, ""104"": 1.460842688940909e-11, ""105"": 3.404436977241114e-12, ""106"": 8.365727580243453e-13, ""107"": 1.996760299161703e-13, ""108"": 4.3040702304637614e-14, ""109"": 8.830094060585334e-15, ""110"": 1.6253755162195853e-15}",21.3573,21.3573,21,20,0.0,1.0,1.0,0.9999,0.9996,0.999,0.9976,0.9949,0.9903,0.9831,0.9724,0.9575,0.9378,0.9127,0.882,0.8454,0.8028,0.7545,0.701,0.6433,0.583,fc9e35ff#phase10c,"stat_grid:component_convolution_mean_coherent_v1+components[pts:pmf_sim_v1+role_aware_pmf_cal_v1:core+monotone_pit_cdf_v1,reb:pmf_sim_v1+role_aware_pmf_cal_v1:core+monotone_pit_cdf_v1,ast:pmf_sim_v1+role_aware_pmf_cal_v1:core+monotone_pit_cdf_v1]+prior_combo[joint_sampler_v1+joint_combo_pmf_v1+role_aware_pmf_cal_v1:core+monotone_pit_cdf_v1]+stat_grid_final_component_convolution_mean_coherent_v1",phase8_role_aware_pmf_cal_v1+monotone_inactive_global_v1,core,projected_minutes,high,24.9137,26.5139,10.5239,26.5139,34.6337,9.3557,0.05,0.9138,0.3003,core,True,current_market_line,True,bovada,bovada,player_pra_over_under,22.5,22.5,0.4053,-180.0,135.0,0.6017,0.3983,0.5947,147.0,-147.0,-0.1964,-0.1964,0.1964,2026-06-13T17:17:34.390727Z,full,provisional,lineup_unconfirmed,fallback_used,projected,derived_from_projected_minutes,ok,finals_pending,current_phase8,ok,0.0,projected,not_available_yet,bdl_lineup_freshness_manifest,bdl_plus_nba_official,2026-06-13T17:17:50Z
morning,2026-06-13T17:18:40Z,2026-06-13,21716138,1057262518,Dylan Harper,SAS,NYK,True,pra,"{""0"": 5.494915363528285e-06, ""1"": 2.6025235331299843e-05, ""2"": 8.40267688587798e-05, ""3"": 0.0002596350283535078, ""4"": 0.0006360613215212233, ""5"": 0.0013901845170167966, ""6"": 0.0026711375366585397, ""7"": 0.004583172138085004, ""8"": 0.007259389436553617, ""9"": 0.010698870220185595, ""10"": 0.014887758597355165, ""11"": 0.019730668517409924, ""12"": 0.025053535179858935, ""13"": 0.03074708028635717, ""14"": 0.03660843824322811, ""15"": 0.042523559600820764, ""16"": 0.04830884159342959, ""17"": 0.0534956529209979, ""18"": 0.057701948506932034, ""19"": 0.060368362490323776, ""20"": 0.06103269248700482, ""21"": 0.05977157424862078, ""22"": 0.056828811437066834, ""23"": 0.05283074314420466, ""24"": 0.04851258634169317, ""25"": 0.04419001674333327, ""26"": 0.0400234377077261, ""27"": 0.035945340490177086, ""28"": 0.032028987616988684, ""29"": 0.028353545834640115, ""30"": 0.024822161953456507, ""31"": 0.021365777768959798, ""32"": 0.01789317494124683, ""33"": 0.014420800316388909, ""34"": 0.011233952701625962, ""35"": 0.008579784431946492, ""36"": 0.006541249256739967, ""37"": 0.005046864553208071, ""38"": 0.003864959700416694, ""39"": 0.0028661017330892944, ""40"": 0.002012421274704194, ""41"": 0.001327433586750419, ""42"": 0.0008344008516557908, ""43"": 0.00052483039298835, ""44"": 0.0003483626816867499, ""45"": 0.00025963660463491846, ""46"": 0.00021538280590568078, ""47"": 0.00019330027205466025, ""48"": 0.00017858478275832015, ""49"": 0.00016444903516482892, ""50"": 0.00014723212763492782, ""51"": 0.00012433100157390804, ""52"": 9.760060032715584e-05, ""53"": 7.044404617671667e-05, ""54"": 4.696254852182671e-05, ""55"": 2.987749276541882e-05, ""56"": 1.9107851095656396e-05, ""57"": 1.2581847177636122e-05, ""58"": 8.763565078736059e-06, ""59"": 6.047237225941201e-06, ""60"": 3.986299246717768e-06, ""61"": 2.4399213147286526e-06, ""62"": 1.3329344086449998e-06, ""63"": 6.573438945324849e-07, ""64"": 3.065280539389503e-07, ""65"": 1.2866818805280516e-07, ""66"": 5.4786975565843004e-08, ""67"": 2.0638383450985225e-08, ""68"": 6.4375756776039e-09, ""69"": 1.9672984143905487e-09, ""70"": 6.084007675506158e-10, ""71"": 1.4601564638207357e-10, ""72"": 3.446233908405806e-11, ""73"": 9.390745395951805e-12, ""74"": 2.1402707801662237e-12, ""75"": 4.98222390275929e-13, ""76"": 1.2214852629796432e-13, ""77"": 2.908048797280598e-14, ""78"": 6.269059555469411e-15, ""79"": 1.2851047489832e-15, ""80"": 1.0000568025734458e-07, ""81"": 4.1988973027557366e-07, ""82"": 1.1701779277347298e-06, ""83"": 3.3410844555344436e-06, ""84"": 7.143938674685909e-06, ""85"": 1.331714197779548e-05, ""86"": 2.065823636960872e-05, ""87"": 2.6186211161934058e-05, ""88"": 2.8460895943670523e-05, ""89"": 2.6208543981443692e-05, ""90"": 2.0537072588437038e-05, ""91"": 1.387522063878604e-05, ""92"": 8.048842720356934e-06, ""93"": 4.082471595659235e-06, ""94"": 1.952825937981421e-06, ""95"": 8.394993904388875e-07, ""96"": 3.640257650588332e-07, ""97"": 1.3823914566983413e-07, ""98"": 4.3463722054335286e-08, ""99"": 1.3361380101121976e-08, ""100"": 4.142517593100836e-09, ""101"": 9.9506973724894e-10, ""102"": 2.349295223426828e-10, ""103"": 6.41293900051041e-11, ""104"": 1.460842688940909e-11, ""105"": 3.404436977241114e-12, ""106"": 8.365727580243453e-13, ""107"": 1.996760299161703e-13, ""108"": 4.3040702304637614e-14, ""109"": 8.830094060585334e-15, ""110"": 1.6253755162195853e-15}",21.3573,21.3573,21,20,0.0,1.0,1.0,0.9999,0.9996,0.999,0.9976,0.9949,0.9903,0.9831,0.9724,0.9575,0.9378,0.9127,0.882,0.8454,0.8028,0.7545,0.701,0.6433,0.583,fc9e35ff#phase10c,"stat_grid:component_convolution_mean_coherent_v1+components[pts:pmf_sim_v1+role_aware_pmf_cal_v1:core+monotone_pit_cdf_v1,reb:pmf_sim_v1+role_aware_pmf_cal_v1:core+monotone_pit_cdf_v1,ast:pmf_sim_v1+role_aware_pmf_cal_v1:core+monotone_pit_cdf_v1]+prior_combo[joint_sampler_v1+joint_combo_pmf_v1+role_aware_pmf_cal_v1:core+monotone_pit_cdf_v1]+stat_grid_final_component_convolution_mean_coherent_v1",phase8_role_aware_pmf_cal_v1+monotone_inactive_global_v1,core,projected_minutes,high,24.9137,26.5139,10.5239,26.5139,34.6337,9.3557,0.05,0.9138,0.3003,core,True,current_market_line,True,bovada,bovada,player_pra_over_under,24.5,24.5,0.304,-120.0,-110.0,0.5101,0.4899,0.696,229.0,-229.0,-0.2061,-0.2061,0.2061,2026-06-13T17:17:34.390727Z,full,provisional,lineup_unconfirmed,fallback_used,projected,derived_from_projected_minutes,ok,finals_pending,current_phase8,ok,0.0,projected,not_available_yet,bdl_lineup_freshness_manifest,bdl_plus_nba_official,2026-06-13T17:17:50Z
morning,2026-06-13T17:18:40Z,2026-06-13,21716138,1057262518,Dylan Harper,SAS,NYK,True,pra,"{""0"": 5.494915363528285e-06, ""1"": 2.6025235331299843e-05, ""2"": 8.40267688587798e-05, ""3"": 0.0002596350283535078, ""4"": 0.0006360613215212233, ""5"": 0.0013901845170167966, ""6"": 0.0026711375366585397, ""7"": 0.004583172138085004, ""8"": 0.007259389436553617, ""9"": 0.010698870220185595, ""10"": 0.014887758597355165, ""11"": 0.019730668517409924, ""12"": 0.025053535179858935, ""13"": 0.03074708028635717, ""14"": 0.03660843824322811, ""15"": 0.042523559600820764, ""16"": 0.04830884159342959, ""17"": 0.0534956529209979, ""18"": 0.057701948506932034, ""19"": 0.060368362490323776, ""20"": 0.06103269248700482, ""21"": 0.05977157424862078, ""22"": 0.056828811437066834, ""23"": 0.05283074314420466, ""24"": 0.04851258634169317, ""25"": 0.04419001674333327, ""26"": 0.0400234377077261, ""27"": 0.035945340490177086, ""28"": 0.032028987616988684, ""29"": 0.028353545834640115, ""30"": 0.024822161953456507, ""31"": 0.021365777768959798, ""32"": 0.01789317494124683, ""33"": 0.014420800316388909, ""34"": 0.011233952701625962, ""35"": 0.008579784431946492, ""36"": 0.006541249256739967, ""37"": 0.005046864553208071, ""38"": 0.003864959700416694, ""39"": 0.0028661017330892944, ""40"": 0.002012421274704194, ""41"": 0.001327433586750419, ""42"": 0.0008344008516557908, ""43"": 0.00052483039298835, ""44"": 0.0003483626816867499, ""45"": 0.00025963660463491846, ""46"": 0.00021538280590568078, ""47"": 0.00019330027205466025, ""48"": 0.00017858478275832015, ""49"": 0.00016444903516482892, ""50"": 0.00014723212763492782, ""51"": 0.00012433100157390804, ""52"": 9.760060032715584e-05, ""53"": 7.044404617671667e-05, ""54"": 4.696254852182671e-05, ""55"": 2.987749276541882e-05, ""56"": 1.9107851095656396e-05, ""57"": 1.2581847177636122e-05, ""58"": 8.763565078736059e-06, ""59"": 6.047237225941201e-06, ""60"": 3.986299246717768e-06, ""61"": 2.4399213147286526e-06, ""62"": 1.3329344086449998e-06, ""63"": 6.573438945324849e-07, ""64"": 3.065280539389503e-07, ""65"": 1.2866818805280516e-07, ""66"": 5.4786975565843004e-08, ""67"": 2.0638383450985225e-08, ""68"": 6.4375756776039e-09, ""69"": 1.9672984143905487e-09, ""70"": 6.084007675506158e-10, ""71"": 1.4601564638207357e-10, ""72"": 3.446233908405806e-11, ""73"": 9.390745395951805e-12, ""74"": 2.1402707801662237e-12, ""75"": 4.98222390275929e-13, ""76"": 1.2214852629796432e-13, ""77"": 2.908048797280598e-14, ""78"": 6.269059555469411e-15, ""79"": 1.2851047489832e-15, ""80"": 1.0000568025734458e-07, ""81"": 4.1988973027557366e-07, ""82"": 1.1701779277347298e-06, ""83"": 3.3410844555344436e-06, ""84"": 7.143938674685909e-06, ""85"": 1.331714197779548e-05, ""86"": 2.065823636960872e-05, ""87"": 2.6186211161934058e-05, ""88"": 2.8460895943670523e-05, ""89"": 2.6208543981443692e-05, ""90"": 2.0537072588437038e-05, ""91"": 1.387522063878604e-05, ""92"": 8.048842720356934e-06, ""93"": 4.082471595659235e-06, ""94"": 1.952825937981421e-06, ""95"": 8.394993904388875e-07, ""96"": 3.640257650588332e-07, ""97"": 1.3823914566983413e-07, ""98"": 4.3463722054335286e-08, ""99"": 1.3361380101121976e-08, ""100"": 4.142517593100836e-09, ""101"": 9.9506973724894e-10, ""102"": 2.349295223426828e-10, ""103"": 6.41293900051041e-11, ""104"": 1.460842688940909e-11, ""105"": 3.404436977241114e-12, ""106"": 8.365727580243453e-13, ""107"": 1.996760299161703e-13, ""108"": 4.3040702304637614e-14, ""109"": 8.830094060585334e-15, ""110"": 1.6253755162195853e-15}",21.3573,21.3573,21,20,0.0,1.0,1.0,0.9999,0.9996,0.999,0.9976,0.9949,0.9903,0.9831,0.9724,0.9575,0.9378,0.9127,0.882,0.8454,0.8028,0.7545,0.701,0.6433,0.583,fc9e35ff#phase10c,"stat_grid:component_convolution_mean_coherent_v1+components[pts:pmf_sim_v1+role_aware_pmf_cal_v1:core+monotone_pit_cdf_v1,reb:pmf_sim_v1+role_aware_pmf_cal_v1:core+monotone_pit_cdf_v1,ast:pmf_sim_v1+role_aware_pmf_cal_v1:core+monotone_pit_cdf_v1]+prior_combo[joint_sampler_v1+joint_combo_pmf_v1+role_aware_pmf_cal_v1:core+monotone_pit_cdf_v1]+stat_grid_final_component_convolution_mean_coherent_v1",phase8_role_aware_pmf_cal_v1+monotone_inactive_global_v1,core,projected_minutes,high,24.9137,26.5139,10.5239,26.5139,34.6337,9.3557,0.05,0.9138,0.3003,core,True,current_market_line,True,bovada,bovada,player_pra_over_under,25.5,25.5,0.2598,100.0,-130.0,0.4694,0.5306,0.7402,285.0,-285.0,-0.2096,-0.2096,0.2096,2026-06-13T17:17:34.390727Z,full,provisional,lineup_unconfirmed,fallback_used,projected,derived_from_projected_minutes,ok,finals_pending,current_phase8,ok,0.0,projected,not_available_yet,bdl_lineup_freshness_manifest,bdl_plus_nba_official,2026-06-13T17:17:50Z
morning,2026-06-13T17:18:40Z,2026-06-13,21716138,1057262518,Dylan Harper,SAS,NYK,True,pra,"{""0"": 5.494915363528285e-06, ""1"": 2.6025235331299843e-05, ""2"": 8.40267688587798e-05, ""3"": 0.0002596350283535078, ""4"": 0.0006360613215212233, ""5"": 0.0013901845170167966, ""6"": 0.0026711375366585397, ""7"": 0.004583172138085004, ""8"": 0.007259389436553617, ""9"": 0.010698870220185595, ""10"": 0.014887758597355165, ""11"": 0.019730668517409924, ""12"": 0.025053535179858935, ""13"": 0.03074708028635717, ""14"": 0.03660843824322811, ""15"": 0.042523559600820764, ""16"": 0.04830884159342959, ""17"": 0.0534956529209979, ""18"": 0.057701948506932034, ""19"": 0.060368362490323776, ""20"": 0.06103269248700482, ""21"": 0.05977157424862078, ""22"": 0.056828811437066834, ""23"": 0.05283074314420466, ""24"": 0.04851258634169317, ""25"": 0.04419001674333327, ""26"": 0.0400234377077261, ""27"": 0.035945340490177086, ""28"": 0.032028987616988684, ""29"": 0.028353545834640115, ""30"": 0.024822161953456507, ""31"": 0.021365777768959798, ""32"": 0.01789317494124683, ""33"": 0.014420800316388909, ""34"": 0.011233952701625962, ""35"": 0.008579784431946492, ""36"": 0.006541249256739967, ""37"": 0.005046864553208071, ""38"": 0.003864959700416694, ""39"": 0.0028661017330892944, ""40"": 0.002012421274704194, ""41"": 0.001327433586750419, ""42"": 0.0008344008516557908, ""43"": 0.00052483039298835, ""44"": 0.0003483626816867499, ""45"": 0.00025963660463491846, ""46"": 0.00021538280590568078, ""47"": 0.00019330027205466025, ""48"": 0.00017858478275832015, ""49"": 0.00016444903516482892, ""50"": 0.00014723212763492782, ""51"": 0.00012433100157390804, ""52"": 9.760060032715584e-05, ""53"": 7.044404617671667e-05, ""54"": 4.696254852182671e-05, ""55"": 2.987749276541882e-05, ""56"": 1.9107851095656396e-05, ""57"": 1.2581847177636122e-05, ""58"": 8.763565078736059e-06, ""59"": 6.047237225941201e-06, ""60"": 3.986299246717768e-06, ""61"": 2.4399213147286526e-06, ""62"": 1.3329344086449998e-06, ""63"": 6.573438945324849e-07, ""64"": 3.065280539389503e-07, ""65"": 1.2866818805280516e-07, ""66"": 5.4786975565843004e-08, ""67"": 2.0638383450985225e-08, ""68"": 6.4375756776039e-09, ""69"": 1.9672984143905487e-09, ""70"": 6.084007675506158e-10, ""71"": 1.4601564638207357e-10, ""72"": 3.446233908405806e-11, ""73"": 9.390745395951805e-12, ""74"": 2.1402707801662237e-12, ""75"": 4.98222390275929e-13, ""76"": 1.2214852629796432e-13, ""77"": 2.908048797280598e-14, ""78"": 6.269059555469411e-15, ""79"": 1.2851047489832e-15, ""80"": 1.0000568025734458e-07, ""81"": 4.1988973027557366e-07, ""82"": 1.1701779277347298e-06, ""83"": 3.3410844555344436e-06, ""84"": 7.143938674685909e-06, ""85"": 1.331714197779548e-05, ""86"": 2.065823636960872e-05, ""87"": 2.6186211161934058e-05, ""88"": 2.8460895943670523e-05, ""89"": 2.6208543981443692e-05, ""90"": 2.0537072588437038e-05, ""91"": 1.387522063878604e-05, ""92"": 8.048842720356934e-06, ""93"": 4.082471595659235e-06, ""94"": 1.952825937981421e-06, ""95"": 8.394993904388875e-07, ""96"": 3.640257650588332e-07, ""97"": 1.3823914566983413e-07, ""98"": 4.3463722054335286e-08, ""99"": 1.3361380101121976e-08, ""100"": 4.142517593100836e-09, ""101"": 9.9506973724894e-10, ""102"": 2.349295223426828e-10, ""103"": 6.41293900051041e-11, ""104"": 1.460842688940909e-11, ""105"": 3.404436977241114e-12, ""106"": 8.365727580243453e-13, ""107"": 1.996760299161703e-13, ""108"": 4.3040702304637614e-14, ""109"": 8.830094060585334e-15, ""110"": 1.6253755162195853e-15}",21.3573,21.3573,21,20,0.0,1.0,1.0,0.9999,0.9996,0.999,0.9976,0.9949,0.9903,0.9831,0.9724,0.9575,0.9378,0.9127,0.882,0.8454,0.8028,0.7545,0.701,0.6433,0.583,fc9e35ff#phase10c,"stat_grid:component_convolution_mean_coherent_v1+components[pts:pmf_sim_v1+role_aware_pmf_cal_v1:core+monotone_pit_cdf_v1,reb:pmf_sim_v1+role_aware_pmf_cal_v1:core+monotone_pit_cdf_v1,ast:pmf_sim_v1+role_aware_pmf_cal_v1:core+monotone_pit_cdf_v1]+prior_combo[joint_sampler_v1+joint_combo_pmf_v1+role_aware_pmf_cal_v1:core+monotone_pit_cdf_v1]+stat_grid_final_component_convolution_mean_coherent_v1",phase8_role_aware_pmf_cal_v1+monotone_inactive_global_v1,core,projected_minutes,high,24.9137,26.5139,10.5239,26.5139,34.6337,9.3557,0.05,0.9138,0.3003,core,True,current_market_line,True,bovada,bovada,player_pra_over_under,26.5,26.5,0.2198,120.0,-160.0,0.4248,0.5752,0.7802,355.0,-355.0,-0.2051,-0.2051,0.2051,2026-06-13T17:17:34.390727Z,full,provisional,lineup_unconfirmed,fallback_used,projected,derived_from_projected_minutes,ok,finals_pending,current_phase8,ok,0.0,projected,not_available_yet,bdl_lineup_freshness_manifest,bdl_plus_nba_official,2026-06-13T17:17:50Z
morning,2026-06-13T17:18:40Z,2026-06-13,21716138,1057262518,Dylan Harper,SAS,NYK,True,pra,"{""0"": 5.494915363528285e-06, ""1"": 2.6025235331299843e-05, ""2"": 8.40267688587798e-05, ""3"": 0.0002596350283535078, ""4"": 0.0006360613215212233, ""5"": 0.0013901845170167966, ""6"": 0.0026711375366585397, ""7"": 0.004583172138085004, ""8"": 0.007259389436553617, ""9"": 0.010698870220185595, ""10"": 0.014887758597355165, ""11"": 0.019730668517409924, ""12"": 0.025053535179858935, ""13"": 0.03074708028635717, ""14"": 0.03660843824322811, ""15"": 0.042523559600820764, ""16"": 0.04830884159342959, ""17"": 0.0534956529209979, ""18"": 0.057701948506932034, ""19"": 0.060368362490323776, ""20"": 0.06103269248700482, ""21"": 0.05977157424862078, ""22"": 0.056828811437066834, ""23"": 0.05283074314420466, ""24"": 0.04851258634169317, ""25"": 0.04419001674333327, ""26"": 0.0400234377077261, ""27"": 0.035945340490177086, ""28"": 0.032028987616988684, ""29"": 0.028353545834640115, ""30"": 0.024822161953456507, ""31"": 0.021365777768959798, ""32"": 0.01789317494124683, ""33"": 0.014420800316388909, ""34"": 0.011233952701625962, ""35"": 0.008579784431946492, ""36"": 0.006541249256739967, ""37"": 0.005046864553208071, ""38"": 0.003864959700416694, ""39"": 0.0028661017330892944, ""40"": 0.002012421274704194, ""41"": 0.001327433586750419, ""42"": 0.0008344008516557908, ""43"": 0.00052483039298835, ""44"": 0.0003483626816867499, ""45"": 0.00025963660463491846, ""46"": 0.00021538280590568078, ""47"": 0.00019330027205466025, ""48"": 0.00017858478275832015, ""49"": 0.00016444903516482892, ""50"": 0.00014723212763492782, ""51"": 0.00012433100157390804, ""52"": 9.760060032715584e-05, ""53"": 7.044404617671667e-05, ""54"": 4.696254852182671e-05, ""55"": 2.987749276541882e-05, ""56"": 1.9107851095656396e-05, ""57"": 1.2581847177636122e-05, ""58"": 8.763565078736059e-06, ""59"": 6.047237225941201e-06, ""60"": 3.986299246717768e-06, ""61"": 2.4399213147286526e-06, ""62"": 1.3329344086449998e-06, ""63"": 6.573438945324849e-07, ""64"": 3.065280539389503e-07, ""65"": 1.2866818805280516e-07, ""66"": 5.4786975565843004e-08, ""67"": 2.0638383450985225e-08, ""68"": 6.4375756776039e-09, ""69"": 1.9672984143905487e-09, ""70"": 6.084007675506158e-10, ""71"": 1.4601564638207357e-10, ""72"": 3.446233908405806e-11, ""73"": 9.390745395951805e-12, ""74"": 2.1402707801662237e-12, ""75"": 4.98222390275929e-13, ""76"": 1.2214852629796432e-13, ""77"": 2.908048797280598e-14, ""78"": 6.269059555469411e-15, ""79"": 1.2851047489832e-15, ""80"": 1.0000568025734458e-07, ""81"": 4.1988973027557366e-07, ""82"": 1.1701779277347298e-06, ""83"": 3.3410844555344436e-06, ""84"": 7.143938674685909e-06, ""85"": 1.331714197779548e-05, ""86"": 2.065823636960872e-05, ""87"": 2.6186211161934058e-05, ""88"": 2.8460895943670523e-05, ""89"": 2.6208543981443692e-05, ""90"": 2.0537072588437038e-05, ""91"": 1.387522063878604e-05, ""92"": 8.048842720356934e-06, ""93"": 4.082471595659235e-06, ""94"": 1.952825937981421e-06, ""95"": 8.394993904388875e-07, ""96"": 3.640257650588332e-07, ""97"": 1.3823914566983413e-07, ""98"": 4.3463722054335286e-08, ""99"": 1.3361380101121976e-08, ""100"": 4.142517593100836e-09, ""101"": 9.9506973724894e-10, ""102"": 2.349295223426828e-10, ""103"": 6.41293900051041e-11, ""104"": 1.460842688940909e-11, ""105"": 3.404436977241114e-12, ""106"": 8.365727580243453e-13, ""107"": 1.996760299161703e-13, ""108"": 4.3040702304637614e-14, ""109"": 8.830094060585334e-15, ""110"": 1.6253755162195853e-15}",21.3573,21.3573,21,20,0.0,1.0,1.0,0.9999,0.9996,0.999,0.9976,0.9949,0.9903,0.9831,0.9724,0.9575,0.9378,0.9127,0.882,0.8454,0.8028,0.7545,0.701,0.6433,0.583,fc9e35ff#phase10c,"stat_grid:component_convolution_mean_coherent_v1+components[pts:pmf_sim_v1+role_aware_pmf_cal_v1:core+monotone_pit_cdf_v1,reb:pmf_sim_v1+role_aware_pmf_cal_v1:core+monotone_pit_cdf_v1,ast:pmf_sim_v1+role_aware_pmf_cal_v1:core+monotone_pit_cdf_v1]+prior_combo[joint_sampler_v1+joint_combo_pmf_v1+role_aware_pmf_cal_v1:core+monotone_pit_cdf_v1]+stat_grid_final_component_convolution_mean_coherent_v1",phase8_role_aware_pmf_cal_v1+monotone_inactive_global_v1,core,projected_minutes,high,24.9137,26.5139,10.5239,26.5139,34.6337,9.3557,0.05,0.9138,0.3003,core,True,current_market_line,True,hardrockbet_az,hardrockbet_az,player_pra_over_under,24.5,24.5,0.304,-115.0,-115.0,0.5,0.5,0.696,229.0,-229.0,-0.196,-0.196,0.196,2026-06-13T17:17:34.390727Z,full,provisional,lineup_unconfirmed,fallback_used,projected,derived_from_projected_minutes,ok,finals_pending,current_phase8,ok,0.0,projected,not_available_yet,bdl_lineup_freshness_manifest,bdl_plus_nba_official,2026-06-13T17:17:50Z
morning,2026-06-13T17:18:40Z,2026-06-13,21716138,1057262518,Dylan Harper,SAS,NYK,True,pra,"{""0"": 5.494915363528285e-06, ""1"": 2.6025235331299843e-05, ""2"": 8.40267688587798e-05, ""3"": 0.0002596350283535078, ""4"": 0.0006360613215212233, ""5"": 0.0013901845170167966, ""6"": 0.0026711375366585397, ""7"": 0.004583172138085004, ""8"": 0.007259389436553617, ""9"": 0.010698870220185595, ""10"": 0.014887758597355165, ""11"": 0.019730668517409924, ""12"": 0.025053535179858935, ""13"": 0.03074708028635717, ""14"": 0.03660843824322811, ""15"": 0.042523559600820764, ""16"": 0.04830884159342959, ""17"": 0.0534956529209979, ""18"": 0.057701948506932034, ""19"": 0.060368362490323776, ""20"": 0.06103269248700482, ""21"": 0.05977157424862078, ""22"": 0.056828811437066834, ""23"": 0.05283074314420466, ""24"": 0.04851258634169317, ""25"": 0.04419001674333327, ""26"": 0.0400234377077261, ""27"": 0.035945340490177086, ""28"": 0.032028987616988684, ""29"": 0.028353545834640115, ""30"": 0.024822161953456507, ""31"": 0.021365777768959798, ""32"": 0.01789317494124683, ""33"": 0.014420800316388909, ""34"": 0.011233952701625962, ""35"": 0.008579784431946492, ""36"": 0.006541249256739967, ""37"": 0.005046864553208071, ""38"": 0.003864959700416694, ""39"": 0.0028661017330892944, ""40"": 0.002012421274704194, ""41"": 0.001327433586750419, ""42"": 0.0008344008516557908, ""43"": 0.00052483039298835, ""44"": 0.0003483626816867499, ""45"": 0.00025963660463491846, ""46"": 0.00021538280590568078, ""47"": 0.00019330027205466025, ""48"": 0.00017858478275832015, ""49"": 0.00016444903516482892, ""50"": 0.00014723212763492782, ""51"": 0.00012433100157390804, ""52"": 9.760060032715584e-05, ""53"": 7.044404617671667e-05, ""54"": 4.696254852182671e-05, ""55"": 2.987749276541882e-05, ""56"": 1.9107851095656396e-05, ""57"": 1.2581847177636122e-05, ""58"": 8.763565078736059e-06, ""59"": 6.047237225941201e-06, ""60"": 3.986299246717768e-06, ""61"": 2.4399213147286526e-06, ""62"": 1.3329344086449998e-06, ""63"": 6.573438945324849e-07, ""64"": 3.065280539389503e-07, ""65"": 1.2866818805280516e-07, ""66"": 5.4786975565843004e-08, ""67"": 2.0638383450985225e-08, ""68"": 6.4375756776039e-09, ""69"": 1.9672984143905487e-09, ""70"": 6.084007675506158e-10, ""71"": 1.4601564638207357e-10, ""72"": 3.446233908405806e-11, ""73"": 9.390745395951805e-12, ""74"": 2.1402707801662237e-12, ""75"": 4.98222390275929e-13, ""76"": 1.2214852629796432e-13, ""77"": 2.908048797280598e-14, ""78"": 6.269059555469411e-15, ""79"": 1.2851047489832e-15, ""80"": 1.0000568025734458e-07, ""81"": 4.1988973027557366e-07, ""82"": 1.1701779277347298e-06, ""83"": 3.3410844555344436e-06, ""84"": 7.143938674685909e-06, ""85"": 1.331714197779548e-05, ""86"": 2.065823636960872e-05, ""87"": 2.6186211161934058e-05, ""88"": 2.8460895943670523e-05, ""89"": 2.6208543981443692e-05, ""90"": 2.0537072588437038e-05, ""91"": 1.387522063878604e-05, ""92"": 8.048842720356934e-06, ""93"": 4.082471595659235e-06, ""94"": 1.952825937981421e-06, ""95"": 8.394993904388875e-07, ""96"": 3.640257650588332e-07, ""97"": 1.3823914566983413e-07, ""98"": 4.3463722054335286e-08, ""99"": 1.3361380101121976e-08, ""100"": 4.142517593100836e-09, ""101"": 9.9506973724894e-10, ""102"": 2.349295223426828e-10, ""103"": 6.41293900051041e-11, ""104"": 1.460842688940909e-11, ""105"": 3.404436977241114e-12, ""106"": 8.365727580243453e-13, ""107"": 1.996760299161703e-13, ""108"": 4.3040702304637614e-14, ""109"": 8.830094060585334e-15, ""110"": 1.6253755162195853e-15}",21.3573,21.3573,21,20,0.0,1.0,1.0,0.9999,0.9996,0.999,0.9976,0.9949,0.9903,0.9831,0.9724,0.9575,0.9378,0.9127,0.882,0.8454,0.8028,0.7545,0.701,0.6433,0.583,fc9e35ff#phase10c,"stat_grid:component_convolution_mean_coherent_v1+components[pts:pmf_sim_v1+role_aware_pmf_cal_v1:core+monotone_pit_cdf_v1,reb:pmf_sim_v1+role_aware_pmf_cal_v1:core+monotone_pit_cdf_v1,ast:pmf_sim_v1+role_aware_pmf_cal_v1:core+monotone_pit_cdf_v1]+prior_combo[joint_sampler_v1+joint_combo_pmf_v1+role_aware_pmf_cal_v1:core+monotone_pit_cdf_v1]+stat_grid_final_component_convolution_mean_coherent_v1",phase8_role_aware_pmf_cal_v1+monotone_inactive_global_v1,core,projected_minutes,high,24.9137,26.5139,10.5239,26.5139,34.6337,9.3557,0.05,0.9138,0.3003,core,True,current_market_line,True,hardrockbet,hardrockbet,player_pra_over_under,24.5,24.5,0.304,-115.0,-115.0,0.5,0.5,0.696,229.0,-229.0,-0.196,-0.196,0.196,2026-06-13T17:17:34.390727Z,full,provisional,lineup_unconfirmed,fallback_used,projected,derived_from_projected_minutes,ok,finals_pending,current_phase8,ok,0.0,projected,not_available_yet,bdl_lineup_freshness_manifest,bdl_plus_nba_official,2026-06-13T17:17:50Z
morning,2026-06-13T17:18:40Z,2026-06-13,21716138,1057262518,Dylan Harper,SAS,NYK,True,pra,"{""0"": 5.494915363528285e-06, ""1"": 2.6025235331299843e-05, ""2"": 8.40267688587798e-05, ""3"": 0.0002596350283535078, ""4"": 0.0006360613215212233, ""5"": 0.0013901845170167966, ""6"": 0.0026711375366585397, ""7"": 0.004583172138085004, ""8"": 0.007259389436553617, ""9"": 0.010698870220185595, ""10"": 0.014887758597355165, ""11"": 0.019730668517409924, ""12"": 0.025053535179858935, ""13"": 0.03074708028635717, ""14"": 0.03660843824322811, ""15"": 0.042523559600820764, ""16"": 0.04830884159342959, ""17"": 0.0534956529209979, ""18"": 0.057701948506932034, ""19"": 0.060368362490323776, ""20"": 0.06103269248700482, ""21"": 0.05977157424862078, ""22"": 0.056828811437066834, ""23"": 0.05283074314420466, ""24"": 0.04851258634169317, ""25"": 0.04419001674333327, ""26"": 0.0400234377077261, ""27"": 0.035945340490177086, ""28"": 0.032028987616988684, ""29"": 0.028353545834640115, ""30"": 0.024822161953456507, ""31"": 0.021365777768959798, ""32"": 0.01789317494124683, ""33"": 0.014420800316388909, ""34"": 0.011233952701625962, ""35"": 0.008579784431946492, ""36"": 0.006541249256739967, ""37"": 0.005046864553208071, ""38"": 0.003864959700416694, ""39"": 0.0028661017330892944, ""40"": 0.002012421274704194, ""41"": 0.001327433586750419, ""42"": 0.0008344008516557908, ""43"": 0.00052483039298835, ""44"": 0.0003483626816867499, ""45"": 0.00025963660463491846, ""46"": 0.00021538280590568078, ""47"": 0.00019330027205466025, ""48"": 0.00017858478275832015, ""49"": 0.00016444903516482892, ""50"": 0.00014723212763492782, ""51"": 0.00012433100157390804, ""52"": 9.760060032715584e-05, ""53"": 7.044404617671667e-05, ""54"": 4.696254852182671e-05, ""55"": 2.987749276541882e-05, ""56"": 1.9107851095656396e-05, ""57"": 1.2581847177636122e-05, ""58"": 8.763565078736059e-06, ""59"": 6.047237225941201e-06, ""60"": 3.986299246717768e-06, ""61"": 2.4399213147286526e-06, ""62"": 1.3329344086449998e-06, ""63"": 6.573438945324849e-07, ""64"": 3.065280539389503e-07, ""65"": 1.2866818805280516e-07, ""66"": 5.4786975565843004e-08, ""67"": 2.0638383450985225e-08, ""68"": 6.4375756776039e-09, ""69"": 1.9672984143905487e-09, ""70"": 6.084007675506158e-10, ""71"": 1.4601564638207357e-10, ""72"": 3.446233908405806e-11, ""73"": 9.390745395951805e-12, ""74"": 2.1402707801662237e-12, ""75"": 4.98222390275929e-13, ""76"": 1.2214852629796432e-13, ""77"": 2.908048797280598e-14, ""78"": 6.269059555469411e-15, ""79"": 1.2851047489832e-15, ""80"": 1.0000568025734458e-07, ""81"": 4.1988973027557366e-07, ""82"": 1.1701779277347298e-06, ""83"": 3.3410844555344436e-06, ""84"": 7.143938674685909e-06, ""85"": 1.331714197779548e-05, ""86"": 2.065823636960872e-05, ""87"": 2.6186211161934058e-05, ""88"": 2.8460895943670523e-05, ""89"": 2.6208543981443692e-05, ""90"": 2.0537072588437038e-05, ""91"": 1.387522063878604e-05, ""92"": 8.048842720356934e-06, ""93"": 4.082471595659235e-06, ""94"": 1.952825937981421e-06, ""95"": 8.394993904388875e-07, ""96"": 3.640257650588332e-07, ""97"": 1.3823914566983413e-07, ""98"": 4.3463722054335286e-08, ""99"": 1.3361380101121976e-08, ""100"": 4.142517593100836e-09, ""101"": 9.9506973724894e-10, ""102"": 2.349295223426828e-10, ""103"": 6.41293900051041e-11, ""104"": 1.460842688940909e-11, ""105"": 3.404436977241114e-12, ""106"": 8.365727580243453e-13, ""107"": 1.996760299161703e-13, ""108"": 4.3040702304637614e-14, ""109"": 8.830094060585334e-15, ""110"": 1.6253755162195853e-15}",21.3573,21.3573,21,20,0.0,1.0,1.0,0.9999,0.9996,0.999,0.9976,0.9949,0.9903,0.9831,0.9724,0.9575,0.9378,0.9127,0.882,0.8454,0.8028,0.7545,0.701,0.6433,0.583,fc9e35ff#phase10c,"stat_grid:component_convolution_mean_coherent_v1+components[pts:pmf_sim_v1+role_aware_pmf_cal_v1:core+monotone_pit_cdf_v1,reb:pmf_sim_v1+role_aware_pmf_cal_v1:core+monotone_pit_cdf_v1,ast:pmf_sim_v1+role_aware_pmf_cal_v1:core+monotone_pit_cdf_v1]+prior_combo[joint_sampler_v1+joint_combo_pmf_v1+role_aware_pmf_cal_v1:core+monotone_pit_cdf_v1]+stat_grid_final_component_convolution_mean_coherent_v1",phase8_role_aware_pmf_cal_v1+monotone_inactive_global_v1,core,projected_minutes,high,24.9137,26.5139,10.5239,26.5139,34.6337,9.3557,0.05,0.9138,0.3003,core,True,current_market_line,True,hardrockbet_fl,hardrockbet_fl,player_pra_over_under,24.5,24.5,0.304,-115.0,-115.0,0.5,0.5,0.696,229.0,-229.0,-0.196,-0.196,0.196,2026-06-13T17:17:34.390727Z,full,provisional,lineup_unconfirmed,fallback_used,projected,derived_from_projected_minutes,ok,finals_pending,current_phase8,ok,0.0,projected,not_available_yet,bdl_lineup_freshness_manifest,bdl_plus_nba_official,2026-06-13T17:17:50Z
morning,2026-06-13T17:18:40Z,2026-06-13,21716138,1057262518,Dylan Harper,SAS,NYK,True,pra,"{""0"": 5.494915363528285e-06, ""1"": 2.6025235331299843e-05, ""2"": 8.40267688587798e-05, ""3"": 0.0002596350283535078, ""4"": 0.0006360613215212233, ""5"": 0.0013901845170167966, ""6"": 0.0026711375366585397, ""7"": 0.004583172138085004, ""8"": 0.007259389436553617, ""9"": 0.010698870220185595, ""10"": 0.014887758597355165, ""11"": 0.019730668517409924, ""12"": 0.025053535179858935, ""13"": 0.03074708028635717, ""14"": 0.03660843824322811, ""15"": 0.042523559600820764, ""16"": 0.04830884159342959, ""17"": 0.0534956529209979, ""18"": 0.057701948506932034, ""19"": 0.060368362490323776, ""20"": 0.06103269248700482, ""21"": 0.05977157424862078, ""22"": 0.056828811437066834, ""23"": 0.05283074314420466, ""24"": 0.04851258634169317, ""25"": 0.04419001674333327, ""26"": 0.0400234377077261, ""27"": 0.035945340490177086, ""28"": 0.032028987616988684, ""29"": 0.028353545834640115, ""30"": 0.024822161953456507, ""31"": 0.021365777768959798, ""32"": 0.01789317494124683, ""33"": 0.014420800316388909, ""34"": 0.011233952701625962, ""35"": 0.008579784431946492, ""36"": 0.006541249256739967, ""37"": 0.005046864553208071, ""38"": 0.003864959700416694, ""39"": 0.0028661017330892944, ""40"": 0.002012421274704194, ""41"": 0.001327433586750419, ""42"": 0.0008344008516557908, ""43"": 0.00052483039298835, ""44"": 0.0003483626816867499, ""45"": 0.00025963660463491846, ""46"": 0.00021538280590568078, ""47"": 0.00019330027205466025, ""48"": 0.00017858478275832015, ""49"": 0.00016444903516482892, ""50"": 0.00014723212763492782, ""51"": 0.00012433100157390804, ""52"": 9.760060032715584e-05, ""53"": 7.044404617671667e-05, ""54"": 4.696254852182671e-05, ""55"": 2.987749276541882e-05, ""56"": 1.9107851095656396e-05, ""57"": 1.2581847177636122e-05, ""58"": 8.763565078736059e-06, ""59"": 6.047237225941201e-06, ""60"": 3.986299246717768e-06, ""61"": 2.4399213147286526e-06, ""62"": 1.3329344086449998e-06, ""63"": 6.573438945324849e-07, ""64"": 3.065280539389503e-07, ""65"": 1.2866818805280516e-07, ""66"": 5.4786975565843004e-08, ""67"": 2.0638383450985225e-08, ""68"": 6.4375756776039e-09, ""69"": 1.9672984143905487e-09, ""70"": 6.084007675506158e-10, ""71"": 1.4601564638207357e-10, ""72"": 3.446233908405806e-11, ""73"": 9.390745395951805e-12, ""74"": 2.1402707801662237e-12, ""75"": 4.98222390275929e-13, ""76"": 1.2214852629796432e-13, ""77"": 2.908048797280598e-14, ""78"": 6.269059555469411e-15, ""79"": 1.2851047489832e-15, ""80"": 1.0000568025734458e-07, ""81"": 4.1988973027557366e-07, ""82"": 1.1701779277347298e-06, ""83"": 3.3410844555344436e-06, ""84"": 7.143938674685909e-06, ""85"": 1.331714197779548e-05, ""86"": 2.065823636960872e-05, ""87"": 2.6186211161934058e-05, ""88"": 2.8460895943670523e-05, ""89"": 2.6208543981443692e-05, ""90"": 2.0537072588437038e-05, ""91"": 1.387522063878604e-05, ""92"": 8.048842720356934e-06, ""93"": 4.082471595659235e-06, ""94"": 1.952825937981421e-06, ""95"": 8.394993904388875e-07, ""96"": 3.640257650588332e-07, ""97"": 1.3823914566983413e-07, ""98"": 4.3463722054335286e-08, ""99"": 1.3361380101121976e-08, ""100"": 4.142517593100836e-09, ""101"": 9.9506973724894e-10, ""102"": 2.349295223426828e-10, ""103"": 6.41293900051041e-11, ""104"": 1.460842688940909e-11, ""105"": 3.404436977241114e-12, ""106"": 8.365727580243453e-13, ""107"": 1.996760299161703e-13, ""108"": 4.3040702304637614e-14, ""109"": 8.830094060585334e-15, ""110"": 1.6253755162195853e-15}",21.3573,21.3573,21,20,0.0,1.0,1.0,0.9999,0.9996,0.999,0.9976,0.9949,0.9903,0.9831,0.9724,0.9575,0.9378,0.9127,0.882,0.8454,0.8028,0.7545,0.701,0.6433,0.583,fc9e35ff#phase10c,"stat_grid:component_convolution_mean_coherent_v1+components[pts:pmf_sim_v1+role_aware_pmf_cal_v1:core+monotone_pit_cdf_v1,reb:pmf_sim_v1+role_aware_pmf_cal_v1:core+monotone_pit_cdf_v1,ast:pmf_sim_v1+role_aware_pmf_cal_v1:core+monotone_pit_cdf_v1]+prior_combo[joint_sampler_v1+joint_combo_pmf_v1+role_aware_pmf_cal_v1:core+monotone_pit_cdf_v1]+stat_grid_final_component_convolution_mean_coherent_v1",phase8_role_aware_pmf_cal_v1+monotone_inactive_global_v1,core,projected_minutes,high,24.9137,26.5139,10.5239,26.5139,34.6337,9.3557,0.05,0.9138,0.3003,core,True,current_market_line,True,espnbet,espnbet,player_pra_over_under,24.5,24.5,0.304,-120.0,-110.0,0.5101,0.4899,0.696,229.0,-229.0,-0.2061,-0.2061,0.2061,2026-06-13T17:17:34.390727Z,full,provisional,lineup_unconfirmed,fallback_used,projected,derived_from_projected_minutes,ok,finals_pending,current_phase8,ok,0.0,projected,not_available_yet,bdl_lineup_freshness_manifest,bdl_plus_nba_official,2026-06-13T17:17:50Z
morning,2026-06-13T17:18:40Z,2026-06-13,21716138,1057262518,Dylan Harper,SAS,NYK,True,pra,"{""0"": 5.494915363528285e-06, ""1"": 2.6025235331299843e-05, ""2"": 8.40267688587798e-05, ""3"": 0.0002596350283535078, ""4"": 0.0006360613215212233, ""5"": 0.0013901845170167966, ""6"": 0.0026711375366585397, ""7"": 0.004583172138085004, ""8"": 0.007259389436553617, ""9"": 0.010698870220185595, ""10"": 0.014887758597355165, ""11"": 0.019730668517409924, ""12"": 0.025053535179858935, ""13"": 0.03074708028635717, ""14"": 0.03660843824322811, ""15"": 0.042523559600820764, ""16"": 0.04830884159342959, ""17"": 0.0534956529209979, ""18"": 0.057701948506932034, ""19"": 0.060368362490323776, ""20"": 0.06103269248700482, ""21"": 0.05977157424862078, ""22"": 0.056828811437066834, ""23"": 0.05283074314420466, ""24"": 0.04851258634169317, ""25"": 0.04419001674333327, ""26"": 0.0400234377077261, ""27"": 0.035945340490177086, ""28"": 0.032028987616988684, ""29"": 0.028353545834640115, ""30"": 0.024822161953456507, ""31"": 0.021365777768959798, ""32"": 0.01789317494124683, ""33"": 0.014420800316388909, ""34"": 0.011233952701625962, ""35"": 0.008579784431946492, ""36"": 0.006541249256739967, ""37"": 0.005046864553208071, ""38"": 0.003864959700416694, ""39"": 0.0028661017330892944, ""40"": 0.002012421274704194, ""41"": 0.001327433586750419, ""42"": 0.0008344008516557908, ""43"": 0.00052483039298835, ""44"": 0.0003483626816867499, ""45"": 0.00025963660463491846, ""46"": 0.00021538280590568078, ""47"": 0.00019330027205466025, ""48"": 0.00017858478275832015, ""49"": 0.00016444903516482892, ""50"": 0.00014723212763492782, ""51"": 0.00012433100157390804, ""52"": 9.760060032715584e-05, ""53"": 7.044404617671667e-05, ""54"": 4.696254852182671e-05, ""55"": 2.987749276541882e-05, ""56"": 1.9107851095656396e-05, ""57"": 1.2581847177636122e-05, ""58"": 8.763565078736059e-06, ""59"": 6.047237225941201e-06, ""60"": 3.986299246717768e-06, ""61"": 2.4399213147286526e-06, ""62"": 1.3329344086449998e-06, ""63"": 6.573438945324849e-07, ""64"": 3.065280539389503e-07, ""65"": 1.2866818805280516e-07, ""66"": 5.4786975565843004e-08, ""67"": 2.0638383450985225e-08, ""68"": 6.4375756776039e-09, ""69"": 1.9672984143905487e-09, ""70"": 6.084007675506158e-10, ""71"": 1.4601564638207357e-10, ""72"": 3.446233908405806e-11, ""73"": 9.390745395951805e-12, ""74"": 2.1402707801662237e-12, ""75"": 4.98222390275929e-13, ""76"": 1.2214852629796432e-13, ""77"": 2.908048797280598e-14, ""78"": 6.269059555469411e-15, ""79"": 1.2851047489832e-15, ""80"": 1.0000568025734458e-07, ""81"": 4.1988973027557366e-07, ""82"": 1.1701779277347298e-06, ""83"": 3.3410844555344436e-06, ""84"": 7.143938674685909e-06, ""85"": 1.331714197779548e-05, ""86"": 2.065823636960872e-05, ""87"": 2.6186211161934058e-05, ""88"": 2.8460895943670523e-05, ""89"": 2.6208543981443692e-05, ""90"": 2.0537072588437038e-05, ""91"": 1.387522063878604e-05, ""92"": 8.048842720356934e-06, ""93"": 4.082471595659235e-06, ""94"": 1.952825937981421e-06, ""95"": 8.394993904388875e-07, ""96"": 3.640257650588332e-07, ""97"": 1.3823914566983413e-07, ""98"": 4.3463722054335286e-08, ""99"": 1.3361380101121976e-08, ""100"": 4.142517593100836e-09, ""101"": 9.9506973724894e-10, ""102"": 2.349295223426828e-10, ""103"": 6.41293900051041e-11, ""104"": 1.460842688940909e-11, ""105"": 3.404436977241114e-12, ""106"": 8.365727580243453e-13, ""107"": 1.996760299161703e-13, ""108"": 4.3040702304637614e-14, ""109"": 8.830094060585334e-15, ""110"": 1.6253755162195853e-15}",21.3573,21.3573,21,20,0.0,1.0,1.0,0.9999,0.9996,0.999,0.9976,0.9949,0.9903,0.9831,0.9724,0.9575,0.9378,0.9127,0.882,0.8454,0.8028,0.7545,0.701,0.6433,0.583,fc9e35ff#phase10c,"stat_grid:component_convolution_mean_coherent_v1+components[pts:pmf_sim_v1+role_aware_pmf_cal_v1:core+monotone_pit_cdf_v1,reb:pmf_sim_v1+role_aware_pmf_cal_v1:core+monotone_pit_cdf_v1,ast:pmf_sim_v1+role_aware_pmf_cal_v1:core+monotone_pit_cdf_v1]+prior_combo[joint_sampler_v1+joint_combo_pmf_v1+role_aware_pmf_cal_v1:core+monotone_pit_cdf_v1]+stat_grid_final_component_convolution_mean_coherent_v1",phase8_role_aware_pmf_cal_v1+monotone_inactive_global_v1,core,projected_minutes,high,24.9137,26.5139,10.5239,26.5139,34.6337,9.3557,0.05,0.9138,0.3003,core,True,current_market_line,True,betparx,betparx,player_pra_over_under,23.5,23.5,0.3525,-132.0,100.0,0.5323,0.4677,0.6475,184.0,-184.0,-0.1798,-0.1798,0.1798,2026-06-13T17:17:34.390727Z,full,provisional,lineup_unconfirmed,fallback_used,projected,derived_from_projected_minutes,ok,finals_pending,current_phase8,ok,0.0,projected,not_available_yet,bdl_lineup_freshness_manifest,bdl_plus_nba_official,2026-06-13T17:17:50Z
morning,2026-06-13T17:18:40Z,2026-06-13,21716138,1057262518,Dylan Harper,SAS,NYK,True,pra,"{""0"": 5.494915363528285e-06, ""1"": 2.6025235331299843e-05, ""2"": 8.40267688587798e-05, ""3"": 0.0002596350283535078, ""4"": 0.0006360613215212233, ""5"": 0.0013901845170167966, ""6"": 0.0026711375366585397, ""7"": 0.004583172138085004, ""8"": 0.007259389436553617, ""9"": 0.010698870220185595, ""10"": 0.014887758597355165, ""11"": 0.019730668517409924, ""12"": 0.025053535179858935, ""13"": 0.03074708028635717, ""14"": 0.03660843824322811, ""15"": 0.042523559600820764, ""16"": 0.04830884159342959, ""17"": 0.0534956529209979, ""18"": 0.057701948506932034, ""19"": 0.060368362490323776, ""20"": 0.06103269248700482, ""21"": 0.05977157424862078, ""22"": 0.056828811437066834, ""23"": 0.05283074314420466, ""24"": 0.04851258634169317, ""25"": 0.04419001674333327, ""26"": 0.0400234377077261, ""27"": 0.035945340490177086, ""28"": 0.032028987616988684, ""29"": 0.028353545834640115, ""30"": 0.024822161953456507, ""31"": 0.021365777768959798, ""32"": 0.01789317494124683, ""33"": 0.014420800316388909, ""34"": 0.011233952701625962, ""35"": 0.008579784431946492, ""36"": 0.006541249256739967, ""37"": 0.005046864553208071, ""38"": 0.003864959700416694, ""39"": 0.0028661017330892944, ""40"": 0.002012421274704194, ""41"": 0.001327433586750419, ""42"": 0.0008344008516557908, ""43"": 0.00052483039298835, ""44"": 0.0003483626816867499, ""45"": 0.00025963660463491846, ""46"": 0.00021538280590568078, ""47"": 0.00019330027205466025, ""48"": 0.00017858478275832015, ""49"": 0.00016444903516482892, ""50"": 0.00014723212763492782, ""51"": 0.00012433100157390804, ""52"": 9.760060032715584e-05, ""53"": 7.044404617671667e-05, ""54"": 4.696254852182671e-05, ""55"": 2.987749276541882e-05, ""56"": 1.9107851095656396e-05, ""57"": 1.2581847177636122e-05, ""58"": 8.763565078736059e-06, ""59"": 6.047237225941201e-06, ""60"": 3.986299246717768e-06, ""61"": 2.4399213147286526e-06, ""62"": 1.3329344086449998e-06, ""63"": 6.573438945324849e-07, ""64"": 3.065280539389503e-07, ""65"": 1.2866818805280516e-07, ""66"": 5.4786975565843004e-08, ""67"": 2.0638383450985225e-08, ""68"": 6.4375756776039e-09, ""69"": 1.9672984143905487e-09, ""70"": 6.084007675506158e-10, ""71"": 1.4601564638207357e-10, ""72"": 3.446233908405806e-11, ""73"": 9.390745395951805e-12, ""74"": 2.1402707801662237e-12, ""75"": 4.98222390275929e-13, ""76"": 1.2214852629796432e-13, ""77"": 2.908048797280598e-14, ""78"": 6.269059555469411e-15, ""79"": 1.2851047489832e-15, ""80"": 1.0000568025734458e-07, ""81"": 4.1988973027557366e-07, ""82"": 1.1701779277347298e-06, ""83"": 3.3410844555344436e-06, ""84"": 7.143938674685909e-06, ""85"": 1.331714197779548e-05, ""86"": 2.065823636960872e-05, ""87"": 2.6186211161934058e-05, ""88"": 2.8460895943670523e-05, ""89"": 2.6208543981443692e-05, ""90"": 2.0537072588437038e-05, ""91"": 1.387522063878604e-05, ""92"": 8.048842720356934e-06, ""93"": 4.082471595659235e-06, ""94"": 1.952825937981421e-06, ""95"": 8.394993904388875e-07, ""96"": 3.640257650588332e-07, ""97"": 1.3823914566983413e-07, ""98"": 4.3463722054335286e-08, ""99"": 1.3361380101121976e-08, ""100"": 4.142517593100836e-09, ""101"": 9.9506973724894e-10, ""102"": 2.349295223426828e-10, ""103"": 6.41293900051041e-11, ""104"": 1.460842688940909e-11, ""105"": 3.404436977241114e-12, ""106"": 8.365727580243453e-13, ""107"": 1.996760299161703e-13, ""108"": 4.3040702304637614e-14, ""109"": 8.830094060585334e-15, ""110"": 1.6253755162195853e-15}",21.3573,21.3573,21,20,0.0,1.0,1.0,0.9999,0.9996,0.999,0.9976,0.9949,0.9903,0.9831,0.9724,0.9575,0.9378,0.9127,0.882,0.8454,0.8028,0.7545,0.701,0.6433,0.583,fc9e35ff#phase10c,"stat_grid:component_convolution_mean_coherent_v1+components[pts:pmf_sim_v1+role_aware_pmf_cal_v1:core+monotone_pit_cdf_v1,reb:pmf_sim_v1+role_aware_pmf_cal_v1:core+monotone_pit_cdf_v1,ast:pmf_sim_v1+role_aware_pmf_cal_v1:core+monotone_pit_cdf_v1]+prior_combo[joint_sampler_v1+joint_combo_pmf_v1+role_aware_pmf_cal_v1:core+monotone_pit_cdf_v1]+stat_grid_final_component_convolution_mean_coherent_v1",phase8_role_aware_pmf_cal_v1+monotone_inactive_global_v1,core,projected_minutes,high,24.9137,26.5139,10.5239,26.5139,34.6337,9.3557,0.05,0.9138,0.3003,core,True,current_market_line,True,betparx,betparx,player_pra_over_under,24.5,24.5,0.304,-105.0,-127.0,0.4779,0.5221,0.696,229.0,-229.0,-0.174,-0.174,0.174,2026-06-13T17:17:34.390727Z,full,provisional,lineup_unconfirmed,fallback_used,projected,derived_from_projected_minutes,ok,finals_pending,current_phase8,ok,0.0,projected,not_available_yet,bdl_lineup_freshness_manifest,bdl_plus_nba_official,2026-06-13T17:17:50Z
morning,2026-06-13T17:18:40Z,2026-06-13,21716138,1057262518,Dylan Harper,SAS,NYK,True,pra,"{""0"": 5.494915363528285e-06, ""1"": 2.6025235331299843e-05, ""2"": 8.40267688587798e-05, ""3"": 0.0002596350283535078, ""4"": 0.0006360613215212233, ""5"": 0.0013901845170167966, ""6"": 0.0026711375366585397, ""7"": 0.004583172138085004, ""8"": 0.007259389436553617, ""9"": 0.010698870220185595, ""10"": 0.014887758597355165, ""11"": 0.019730668517409924, ""12"": 0.025053535179858935, ""13"": 0.03074708028635717, ""14"": 0.03660843824322811, ""15"": 0.042523559600820764, ""16"": 0.04830884159342959, ""17"": 0.0534956529209979, ""18"": 0.057701948506932034, ""19"": 0.060368362490323776, ""20"": 0.06103269248700482, ""21"": 0.05977157424862078, ""22"": 0.056828811437066834, ""23"": 0.05283074314420466, ""24"": 0.04851258634169317, ""25"": 0.04419001674333327, ""26"": 0.0400234377077261, ""27"": 0.035945340490177086, ""28"": 0.032028987616988684, ""29"": 0.028353545834640115, ""30"": 0.024822161953456507, ""31"": 0.021365777768959798, ""32"": 0.01789317494124683, ""33"": 0.014420800316388909, ""34"": 0.011233952701625962, ""35"": 0.008579784431946492, ""36"": 0.006541249256739967, ""37"": 0.005046864553208071, ""38"": 0.003864959700416694, ""39"": 0.0028661017330892944, ""40"": 0.002012421274704194, ""41"": 0.001327433586750419, ""42"": 0.0008344008516557908, ""43"": 0.00052483039298835, ""44"": 0.0003483626816867499, ""45"": 0.00025963660463491846, ""46"": 0.00021538280590568078, ""47"": 0.00019330027205466025, ""48"": 0.00017858478275832015, ""49"": 0.00016444903516482892, ""50"": 0.00014723212763492782, ""51"": 0.00012433100157390804, ""52"": 9.760060032715584e-05, ""53"": 7.044404617671667e-05, ""54"": 4.696254852182671e-05, ""55"": 2.987749276541882e-05, ""56"": 1.9107851095656396e-05, ""57"": 1.2581847177636122e-05, ""58"": 8.763565078736059e-06, ""59"": 6.047237225941201e-06, ""60"": 3.986299246717768e-06, ""61"": 2.4399213147286526e-06, ""62"": 1.3329344086449998e-06, ""63"": 6.573438945324849e-07, ""64"": 3.065280539389503e-07, ""65"": 1.2866818805280516e-07, ""66"": 5.4786975565843004e-08, ""67"": 2.0638383450985225e-08, ""68"": 6.4375756776039e-09, ""69"": 1.9672984143905487e-09, ""70"": 6.084007675506158e-10, ""71"": 1.4601564638207357e-10, ""72"": 3.446233908405806e-11, ""73"": 9.390745395951805e-12, ""74"": 2.1402707801662237e-12, ""75"": 4.98222390275929e-13, ""76"": 1.2214852629796432e-13, ""77"": 2.908048797280598e-14, ""78"": 6.269059555469411e-15, ""79"": 1.2851047489832e-15, ""80"": 1.0000568025734458e-07, ""81"": 4.1988973027557366e-07, ""82"": 1.1701779277347298e-06, ""83"": 3.3410844555344436e-06, ""84"": 7.143938674685909e-06, ""85"": 1.331714197779548e-05, ""86"": 2.065823636960872e-05, ""87"": 2.6186211161934058e-05, ""88"": 2.8460895943670523e-05, ""89"": 2.6208543981443692e-05, ""90"": 2.0537072588437038e-05, ""91"": 1.387522063878604e-05, ""92"": 8.048842720356934e-06, ""93"": 4.082471595659235e-06, ""94"": 1.952825937981421e-06, ""95"": 8.394993904388875e-07, ""96"": 3.640257650588332e-07, ""97"": 1.3823914566983413e-07, ""98"": 4.3463722054335286e-08, ""99"": 1.3361380101121976e-08, ""100"": 4.142517593100836e-09, ""101"": 9.9506973724894e-10, ""102"": 2.349295223426828e-10, ""103"": 6.41293900051041e-11, ""104"": 1.460842688940909e-11, ""105"": 3.404436977241114e-12, ""106"": 8.365727580243453e-13, ""107"": 1.996760299161703e-13, ""108"": 4.3040702304637614e-14, ""109"": 8.830094060585334e-15, ""110"": 1.6253755162195853e-15}",21.3573,21.3573,21,20,0.0,1.0,1.0,0.9999,0.9996,0.999,0.9976,0.9949,0.9903,0.9831,0.9724,0.9575,0.9378,0.9127,0.882,0.8454,0.8028,0.7545,0.701,0.6433,0.583,fc9e35ff#phase10c,"stat_grid:component_convolution_mean_coherent_v1+components[pts:pmf_sim_v1+role_aware_pmf_cal_v1:core+monotone_pit_cdf_v1,reb:pmf_sim_v1+role_aware_pmf_cal_v1:core+monotone_pit_cdf_v1,ast:pmf_sim_v1+role_aware_pmf_cal_v1:core+monotone_pit_cdf_v1]+prior_combo[joint_sampler_v1+joint_combo_pmf_v1+role_aware_pmf_cal_v1:core+monotone_pit_cdf_v1]+stat_grid_final_component_convolution_mean_coherent_v1",phase8_role_aware_pmf_cal_v1+monotone_inactive_global_v1,core,projected_minutes,high,24.9137,26.5139,10.5239,26.5139,34.6337,9.3557,0.05,0.9138,0.3003,core,True,current_market_line,True,betparx,betparx,player_pra_over_under,25.5,25.5,0.2598,120.0,-167.0,0.4209,0.5791,0.7402,285.0,-285.0,-0.1611,-0.1611,0.1611,2026-06-13T17:17:34.390727Z,full,provisional,lineup_unconfirmed,fallback_used,projected,derived_from_projected_minutes,ok,finals_pending,current_phase8,ok,0.0,projected,not_available_yet,bdl_lineup_freshness_manifest,bdl_plus_nba_official,2026-06-13T17:17:50Z
morning,2026-06-13T17:18:40Z,2026-06-13,21716138,1057262518,Dylan Harper,SAS,NYK,True,pra,"{""0"": 5.494915363528285e-06, ""1"": 2.6025235331299843e-05, ""2"": 8.40267688587798e-05, ""3"": 0.0002596350283535078, ""4"": 0.0006360613215212233, ""5"": 0.0013901845170167966, ""6"": 0.0026711375366585397, ""7"": 0.004583172138085004, ""8"": 0.007259389436553617, ""9"": 0.010698870220185595, ""10"": 0.014887758597355165, ""11"": 0.019730668517409924, ""12"": 0.025053535179858935, ""13"": 0.03074708028635717, ""14"": 0.03660843824322811, ""15"": 0.042523559600820764, ""16"": 0.04830884159342959, ""17"": 0.0534956529209979, ""18"": 0.057701948506932034, ""19"": 0.060368362490323776, ""20"": 0.06103269248700482, ""21"": 0.05977157424862078, ""22"": 0.056828811437066834, ""23"": 0.05283074314420466, ""24"": 0.04851258634169317, ""25"": 0.04419001674333327, ""26"": 0.0400234377077261, ""27"": 0.035945340490177086, ""28"": 0.032028987616988684, ""29"": 0.028353545834640115, ""30"": 0.024822161953456507, ""31"": 0.021365777768959798, ""32"": 0.01789317494124683, ""33"": 0.014420800316388909, ""34"": 0.011233952701625962, ""35"": 0.008579784431946492, ""36"": 0.006541249256739967, ""37"": 0.005046864553208071, ""38"": 0.003864959700416694, ""39"": 0.0028661017330892944, ""40"": 0.002012421274704194, ""41"": 0.001327433586750419, ""42"": 0.0008344008516557908, ""43"": 0.00052483039298835, ""44"": 0.0003483626816867499, ""45"": 0.00025963660463491846, ""46"": 0.00021538280590568078, ""47"": 0.00019330027205466025, ""48"": 0.00017858478275832015, ""49"": 0.00016444903516482892, ""50"": 0.00014723212763492782, ""51"": 0.00012433100157390804, ""52"": 9.760060032715584e-05, ""53"": 7.044404617671667e-05, ""54"": 4.696254852182671e-05, ""55"": 2.987749276541882e-05, ""56"": 1.9107851095656396e-05, ""57"": 1.2581847177636122e-05, ""58"": 8.763565078736059e-06, ""59"": 6.047237225941201e-06, ""60"": 3.986299246717768e-06, ""61"": 2.4399213147286526e-06, ""62"": 1.3329344086449998e-06, ""63"": 6.573438945324849e-07, ""64"": 3.065280539389503e-07, ""65"": 1.2866818805280516e-07, ""66"": 5.4786975565843004e-08, ""67"": 2.0638383450985225e-08, ""68"": 6.4375756776039e-09, ""69"": 1.9672984143905487e-09, ""70"": 6.084007675506158e-10, ""71"": 1.4601564638207357e-10, ""72"": 3.446233908405806e-11, ""73"": 9.390745395951805e-12, ""74"": 2.1402707801662237e-12, ""75"": 4.98222390275929e-13, ""76"": 1.2214852629796432e-13, ""77"": 2.908048797280598e-14, ""78"": 6.269059555469411e-15, ""79"": 1.2851047489832e-15, ""80"": 1.0000568025734458e-07, ""81"": 4.1988973027557366e-07, ""82"": 1.1701779277347298e-06, ""83"": 3.3410844555344436e-06, ""84"": 7.143938674685909e-06, ""85"": 1.331714197779548e-05, ""86"": 2.065823636960872e-05, ""87"": 2.6186211161934058e-05, ""88"": 2.8460895943670523e-05, ""89"": 2.6208543981443692e-05, ""90"": 2.0537072588437038e-05, ""91"": 1.387522063878604e-05, ""92"": 8.048842720356934e-06, ""93"": 4.082471595659235e-06, ""94"": 1.952825937981421e-06, ""95"": 8.394993904388875e-07, ""96"": 3.640257650588332e-07, ""97"": 1.3823914566983413e-07, ""98"": 4.3463722054335286e-08, ""99"": 1.3361380101121976e-08, ""100"": 4.142517593100836e-09, ""101"": 9.9506973724894e-10, ""102"": 2.349295223426828e-10, ""103"": 6.41293900051041e-11, ""104"": 1.460842688940909e-11, ""105"": 3.404436977241114e-12, ""106"": 8.365727580243453e-13, ""107"": 1.996760299161703e-13, ""108"": 4.3040702304637614e-14, ""109"": 8.830094060585334e-15, ""110"": 1.6253755162195853e-15}",21.3573,21.3573,21,20,0.0,1.0,1.0,0.9999,0.9996,0.999,0.9976,0.9949,0.9903,0.9831,0.9724,0.9575,0.9378,0.9127,0.882,0.8454,0.8028,0.7545,0.701,0.6433,0.583,fc9e35ff#phase10c,"stat_grid:component_convolution_mean_coherent_v1+components[pts:pmf_sim_v1+role_aware_pmf_cal_v1:core+monotone_pit_cdf_v1,reb:pmf_sim_v1+role_aware_pmf_cal_v1:core+monotone_pit_cdf_v1,ast:pmf_sim_v1+role_aware_pmf_cal_v1:core+monotone_pit_cdf_v1]+prior_combo[joint_sampler_v1+joint_combo_pmf_v1+role_aware_pmf_cal_v1:core+monotone_pit_cdf_v1]+stat_grid_final_component_convolution_mean_coherent_v1",phase8_role_aware_pmf_cal_v1+monotone_inactive_global_v1,core,projected_minutes,high,24.9137,26.5139,10.5239,26.5139,34.6337,9.3557,0.05,0.9138,0.3003,core,True,current_market_line,True,fliff,fliff,player_pra_over_under,24.5,24.5,0.304,-120.0,-120.0,0.5,0.5,0.696,229.0,-229.0,-0.196,-0.196,0.196,2026-06-13T17:17:34.390727Z,full,provisional,lineup_unconfirmed,fallback_used,projected,derived_from_projected_minutes,ok,finals_pending,current_phase8,ok,0.0,projected,not_available_yet,bdl_lineup_freshness_manifest,bdl_plus_nba_official,2026-06-13T17:17:50Z
