player_name,player_id,team,opponent,is_home,game_id,game_start_time,stat,line,book,market_over_odds,market_under_odds,market_no_vig_over_prob,pmf_source,calibration_source,cal_source,role_bucket,role_source,minutes_mean,minutes_q50,p_inactive_used,mean,median,mode,p0,model_p_over,fair_over_odds_american,fair_under_odds_american,edge,snapshot_type,snapshot_time_utc,model_version,pipeline_run_id,pmf_valid,pmf_sum_error,calibration_confidence,market_coverage_status,tov_status,injury_freshness_status,lineup_freshness_status,role_freshness_status
Kyle Anderson,12,MIN,SAS,True,21707974,,pts,,,,,,stat_grid:pmf_sim_v1+role_aware_pmf_cal_v1:bench,phase8_role_aware_pmf_cal_v2,role_aware_pmf_cal_v1,bench,derived_from_projected_minutes,14.092216,12.724599,0.0,3.67953,2,0,0.25611017421,,,,,morning,2026-05-08T23:53:45Z,4b2e5bde#phase10c,496dfdf3-c1da-4e63-ae13-555b47910571,ok,0.0,medium,full,current_phase8,fresh,projected,derived_from_projected_minutes
Kyle Anderson,12,MIN,SAS,True,21707974,,reb,,,,,,stat_grid:pmf_sim_v1+role_aware_pmf_cal_v1:bench,phase8_role_aware_pmf_cal_v2,role_aware_pmf_cal_v1,bench,derived_from_projected_minutes,14.092216,12.724599,0.0,2.024518,2,0,0.250240210191,,,,,morning,2026-05-08T23:53:45Z,4b2e5bde#phase10c,496dfdf3-c1da-4e63-ae13-555b47910571,ok,0.0,medium,full,current_phase8,fresh,projected,derived_from_projected_minutes
Kyle Anderson,12,MIN,SAS,True,21707974,,ast,,,,,,stat_grid:pmf_sim_v1+role_aware_pmf_cal_v1:bench,phase8_role_aware_pmf_cal_v2,role_aware_pmf_cal_v1,bench,derived_from_projected_minutes,14.092216,12.724599,0.0,1.449147,1,0,0.362290124066,,,,,morning,2026-05-08T23:53:45Z,4b2e5bde#phase10c,496dfdf3-c1da-4e63-ae13-555b47910571,ok,0.0,medium,full,current_phase8,fresh,projected,derived_from_projected_minutes
Kyle Anderson,12,MIN,SAS,True,21707974,,fg3m,,,,,,stat_grid:fg3m_hurdle_v1+role_aware_pmf_cal_v1:bench,phase8_role_aware_pmf_cal_v2,role_aware_pmf_cal_v1,bench,derived_from_projected_minutes,14.092216,12.724599,0.0,0.0,0,0,1.0,,,,,morning,2026-05-08T23:53:45Z,4b2e5bde#phase10c,496dfdf3-c1da-4e63-ae13-555b47910571,ok,0.0,medium,full,current_phase8,fresh,projected,derived_from_projected_minutes
Kyle Anderson,12,MIN,SAS,True,21707974,,tov,,,,,,stat_grid:pmf_sim_v1+role_aware_pmf_cal_v1:bench,phase8_role_aware_pmf_cal_v2,role_aware_pmf_cal_v1,bench,derived_from_projected_minutes,14.092216,12.724599,0.0,0.683152,0,0,0.563708511657,,,,,morning,2026-05-08T23:53:45Z,4b2e5bde#phase10c,496dfdf3-c1da-4e63-ae13-555b47910571,ok,0.0,medium,full,current_phase8,fresh,projected,derived_from_projected_minutes
OG Anunoby,18,NYK,PHI,False,21708677,,pts,,,,,,stat_grid:pmf_sim_v1+role_aware_pmf_cal_v1:starter,phase8_role_aware_pmf_cal_v2,role_aware_pmf_cal_v1,starter,derived_from_projected_minutes,32.772793,34.295113,0.0,15.728777,15,16,0.010704695472,,,,,morning,2026-05-08T23:53:45Z,4b2e5bde#phase10c,496dfdf3-c1da-4e63-ae13-555b47910571,ok,0.0,high,full,current_phase8,fresh,projected,derived_from_projected_minutes
OG Anunoby,18,NYK,PHI,False,21708677,,reb,,,,,,stat_grid:pmf_sim_v1+role_aware_pmf_cal_v1:starter,phase8_role_aware_pmf_cal_v2,role_aware_pmf_cal_v1,starter,derived_from_projected_minutes,32.772793,34.295113,0.0,5.88521,6,5,0.026263302383,,,,,morning,2026-05-08T23:53:45Z,4b2e5bde#phase10c,496dfdf3-c1da-4e63-ae13-555b47910571,ok,0.0,high,full,current_phase8,fresh,projected,derived_from_projected_minutes
OG Anunoby,18,NYK,PHI,False,21708677,,ast,,,,,,stat_grid:pmf_sim_v1+role_aware_pmf_cal_v1:starter,phase8_role_aware_pmf_cal_v2,role_aware_pmf_cal_v1,starter,derived_from_projected_minutes,32.772793,34.295113,0.0,1.947737,2,1,0.23028995507,,,,,morning,2026-05-08T23:53:45Z,4b2e5bde#phase10c,496dfdf3-c1da-4e63-ae13-555b47910571,ok,0.0,high,full,current_phase8,fresh,projected,derived_from_projected_minutes
OG Anunoby,18,NYK,PHI,False,21708677,,fg3m,,,,,,stat_grid:fg3m_hurdle_v1+role_aware_pmf_cal_v1:starter,phase8_role_aware_pmf_cal_v2,role_aware_pmf_cal_v1,starter,derived_from_projected_minutes,32.772793,34.295113,0.0,2.369114,2,2,0.071755303574,,,,,morning,2026-05-08T23:53:45Z,4b2e5bde#phase10c,496dfdf3-c1da-4e63-ae13-555b47910571,ok,0.0,high,full,current_phase8,fresh,projected,derived_from_projected_minutes
OG Anunoby,18,NYK,PHI,False,21708677,,tov,,,,,,stat_grid:pmf_sim_v1+role_aware_pmf_cal_v1:starter,phase8_role_aware_pmf_cal_v2,role_aware_pmf_cal_v1,starter,derived_from_projected_minutes,32.772793,34.295113,0.0,1.222714,1,0,0.35472851783,,,,,morning,2026-05-08T23:53:45Z,4b2e5bde#phase10c,496dfdf3-c1da-4e63-ae13-555b47910571,ok,0.0,high,full,current_phase8,fresh,projected,derived_from_projected_minutes
Harrison Barnes,30,SAS,MIN,False,21707974,,pts,,,,,,stat_grid:pmf_sim_v1+role_aware_pmf_cal_v1:bench,phase8_role_aware_pmf_cal_v2,role_aware_pmf_cal_v1,bench,derived_from_projected_minutes,15.682433,14.311781,0.0,4.485423,3,0,0.219146763946,,,,,morning,2026-05-08T23:53:45Z,4b2e5bde#phase10c,496dfdf3-c1da-4e63-ae13-555b47910571,ok,0.0,medium,full,current_phase8,fresh,projected,derived_from_projected_minutes
Harrison Barnes,30,SAS,MIN,False,21707974,,reb,,,,,,stat_grid:pmf_sim_v1+role_aware_pmf_cal_v1:bench,phase8_role_aware_pmf_cal_v2,role_aware_pmf_cal_v1,bench,derived_from_projected_minutes,15.682433,14.311781,0.0,1.765738,1,0,0.268052761678,,,,,morning,2026-05-08T23:53:45Z,4b2e5bde#phase10c,496dfdf3-c1da-4e63-ae13-555b47910571,ok,0.0,medium,full,current_phase8,fresh,projected,derived_from_projected_minutes
Harrison Barnes,30,SAS,MIN,False,21707974,,ast,,,,,,stat_grid:pmf_sim_v1+role_aware_pmf_cal_v1:bench,phase8_role_aware_pmf_cal_v2,role_aware_pmf_cal_v1,bench,derived_from_projected_minutes,15.682433,14.311781,0.0,0.801363,0,0,0.539209343681,,,,,morning,2026-05-08T23:53:45Z,4b2e5bde#phase10c,496dfdf3-c1da-4e63-ae13-555b47910571,ok,0.0,medium,full,current_phase8,fresh,projected,derived_from_projected_minutes
Harrison Barnes,30,SAS,MIN,False,21707974,,fg3m,,,,,,stat_grid:fg3m_hurdle_v1+role_aware_pmf_cal_v1:bench,phase8_role_aware_pmf_cal_v2,role_aware_pmf_cal_v1,bench,derived_from_projected_minutes,15.682433,14.311781,0.0,0.0,0,0,1.0,,,,,morning,2026-05-08T23:53:45Z,4b2e5bde#phase10c,496dfdf3-c1da-4e63-ae13-555b47910571,ok,0.0,medium,full,current_phase8,fresh,projected,derived_from_projected_minutes
Harrison Barnes,30,SAS,MIN,False,21707974,,tov,,,,,,stat_grid:pmf_sim_v1+role_aware_pmf_cal_v1:bench,phase8_role_aware_pmf_cal_v2,role_aware_pmf_cal_v1,bench,derived_from_projected_minutes,15.682433,14.311781,0.0,0.5645,0,0,0.631103871096,,,,,morning,2026-05-08T23:53:45Z,4b2e5bde#phase10c,496dfdf3-c1da-4e63-ae13-555b47910571,ok,0.0,medium,full,current_phase8,fresh,projected,derived_from_projected_minutes
Bismack Biyombo,48,SAS,MIN,False,21707974,,pts,,,,,,stat_grid:pmf_sim_v1+role_aware_pmf_cal_v1:inactive_risk,phase8_role_aware_pmf_cal_v2,role_aware_pmf_cal_v1,inactive_risk,derived_from_projected_minutes,7.215219,4.461899,0.0,1.830603,1,0,0.416025944064,,,,,morning,2026-05-08T23:53:45Z,4b2e5bde#phase10c,496dfdf3-c1da-4e63-ae13-555b47910571,ok,0.0,low,full,current_phase8,fresh,projected,derived_from_projected_minutes
Bismack Biyombo,48,SAS,MIN,False,21707974,,reb,,,,,,stat_grid:pmf_sim_v1+role_aware_pmf_cal_v1:inactive_risk,phase8_role_aware_pmf_cal_v2,role_aware_pmf_cal_v1,inactive_risk,derived_from_projected_minutes,7.215219,4.461899,0.0,1.323383,1,0,0.391730646616,,,,,morning,2026-05-08T23:53:45Z,4b2e5bde#phase10c,496dfdf3-c1da-4e63-ae13-555b47910571,ok,0.0,low,full,current_phase8,fresh,projected,derived_from_projected_minutes
Bismack Biyombo,48,SAS,MIN,False,21707974,,ast,,,,,,stat_grid:pmf_sim_v1+role_aware_pmf_cal_v1:inactive_risk,phase8_role_aware_pmf_cal_v2,role_aware_pmf_cal_v1,inactive_risk,derived_from_projected_minutes,7.215219,4.461899,0.0,0.398903,0,0,0.738439904871,,,,,morning,2026-05-08T23:53:45Z,4b2e5bde#phase10c,496dfdf3-c1da-4e63-ae13-555b47910571,ok,0.0,low,full,current_phase8,fresh,projected,derived_from_projected_minutes
Bismack Biyombo,48,SAS,MIN,False,21707974,,fg3m,,,,,,stat_grid:fg3m_hurdle_v1+role_aware_pmf_cal_v1:inactive_risk,phase8_role_aware_pmf_cal_v2,role_aware_pmf_cal_v1,inactive_risk,derived_from_projected_minutes,7.215219,4.461899,0.0,0.0,0,0,1.0,,,,,morning,2026-05-08T23:53:45Z,4b2e5bde#phase10c,496dfdf3-c1da-4e63-ae13-555b47910571,ok,0.0,low,full,current_phase8,fresh,projected,derived_from_projected_minutes
Bismack Biyombo,48,SAS,MIN,False,21707974,,tov,,,,,,stat_grid:pmf_sim_v1+role_aware_pmf_cal_v1:inactive_risk,phase8_role_aware_pmf_cal_v2,role_aware_pmf_cal_v1,inactive_risk,derived_from_projected_minutes,7.215219,4.461899,0.0,0.367748,0,0,0.751064679596,,,,,morning,2026-05-08T23:53:45Z,4b2e5bde#phase10c,496dfdf3-c1da-4e63-ae13-555b47910571,ok,0.0,low,full,current_phase8,fresh,projected,derived_from_projected_minutes
Mikal Bridges,61,NYK,PHI,False,21708677,,pts,,,,,,stat_grid:pmf_sim_v1+role_aware_pmf_cal_v1:core,phase8_role_aware_pmf_cal_v2,role_aware_pmf_cal_v1,core,derived_from_projected_minutes,29.419288,31.325382,0.0,11.486662,11,10,0.024338109868,,,,,morning,2026-05-08T23:53:45Z,4b2e5bde#phase10c,496dfdf3-c1da-4e63-ae13-555b47910571,ok,0.0,high,full,current_phase8,fresh,projected,derived_from_projected_minutes
Mikal Bridges,61,NYK,PHI,False,21708677,,reb,,,,,,stat_grid:pmf_sim_v1+role_aware_pmf_cal_v1:core,phase8_role_aware_pmf_cal_v2,role_aware_pmf_cal_v1,core,derived_from_projected_minutes,29.419288,31.325382,0.0,2.787962,3,2,0.098711102624,,,,,morning,2026-05-08T23:53:45Z,4b2e5bde#phase10c,496dfdf3-c1da-4e63-ae13-555b47910571,ok,0.0,high,full,current_phase8,fresh,projected,derived_from_projected_minutes
Mikal Bridges,61,NYK,PHI,False,21708677,,ast,,,,,,stat_grid:pmf_sim_v1+role_aware_pmf_cal_v1:core,phase8_role_aware_pmf_cal_v2,role_aware_pmf_cal_v1,core,derived_from_projected_minutes,29.419288,31.325382,0.0,2.319297,2,1,0.169153129307,,,,,morning,2026-05-08T23:53:45Z,4b2e5bde#phase10c,496dfdf3-c1da-4e63-ae13-555b47910571,ok,0.0,high,full,current_phase8,fresh,projected,derived_from_projected_minutes
Mikal Bridges,61,NYK,PHI,False,21708677,,fg3m,,,,,,stat_grid:fg3m_hurdle_v1+role_aware_pmf_cal_v1:core,phase8_role_aware_pmf_cal_v2,role_aware_pmf_cal_v1,core,derived_from_projected_minutes,29.419288,31.325382,0.0,1.007445,1,1,0.331862023937,,,,,morning,2026-05-08T23:53:45Z,4b2e5bde#phase10c,496dfdf3-c1da-4e63-ae13-555b47910571,ok,0.0,high,full,current_phase8,fresh,projected,derived_from_projected_minutes
Mikal Bridges,61,NYK,PHI,False,21708677,,tov,,,,,,stat_grid:pmf_sim_v1+role_aware_pmf_cal_v1:core,phase8_role_aware_pmf_cal_v2,role_aware_pmf_cal_v1,core,derived_from_projected_minutes,29.419288,31.325382,0.0,1.202895,1,0,0.38625416742,,,,,morning,2026-05-08T23:53:45Z,4b2e5bde#phase10c,496dfdf3-c1da-4e63-ae13-555b47910571,ok,0.0,high,full,current_phase8,fresh,projected,derived_from_projected_minutes
Jalen Brunson,73,NYK,PHI,False,21708677,,pts,,,,,,stat_grid:pmf_sim_v1+role_aware_pmf_cal_v1:starter,phase8_role_aware_pmf_cal_v2,role_aware_pmf_cal_v1,starter,derived_from_projected_minutes,34.268386,35.638375,0.0,24.22702,24,27,0.005438528664,,,,,morning,2026-05-08T23:53:45Z,4b2e5bde#phase10c,496dfdf3-c1da-4e63-ae13-555b47910571,ok,0.0,high,full,current_phase8,fresh,projected,derived_from_projected_minutes
Jalen Brunson,73,NYK,PHI,False,21708677,,reb,,,,,,stat_grid:pmf_sim_v1+role_aware_pmf_cal_v1:starter,phase8_role_aware_pmf_cal_v2,role_aware_pmf_cal_v1,starter,derived_from_projected_minutes,34.268386,35.638375,0.0,3.317705,3,3,0.080684455435,,,,,morning,2026-05-08T23:53:45Z,4b2e5bde#phase10c,496dfdf3-c1da-4e63-ae13-555b47910571,ok,0.0,high,full,current_phase8,fresh,projected,derived_from_projected_minutes
Jalen Brunson,73,NYK,PHI,False,21708677,,ast,,,,,,stat_grid:pmf_sim_v1+role_aware_pmf_cal_v1:starter,phase8_role_aware_pmf_cal_v2,role_aware_pmf_cal_v1,starter,derived_from_projected_minutes,34.268386,35.638375,0.0,6.038654,6,5,0.028989967265,,,,,morning,2026-05-08T23:53:45Z,4b2e5bde#phase10c,496dfdf3-c1da-4e63-ae13-555b47910571,ok,0.0,high,full,current_phase8,fresh,projected,derived_from_projected_minutes
Jalen Brunson,73,NYK,PHI,False,21708677,,fg3m,,,,,,stat_grid:fg3m_hurdle_v1+role_aware_pmf_cal_v1:starter,phase8_role_aware_pmf_cal_v2,role_aware_pmf_cal_v1,starter,derived_from_projected_minutes,34.268386,35.638375,0.0,2.168094,2,2,0.100087529642,,,,,morning,2026-05-08T23:53:45Z,4b2e5bde#phase10c,496dfdf3-c1da-4e63-ae13-555b47910571,ok,0.0,high,full,current_phase8,fresh,projected,derived_from_projected_minutes
Jalen Brunson,73,NYK,PHI,False,21708677,,tov,,,,,,stat_grid:pmf_sim_v1+role_aware_pmf_cal_v1:starter,phase8_role_aware_pmf_cal_v2,role_aware_pmf_cal_v1,starter,derived_from_projected_minutes,34.268386,35.638375,0.0,2.298236,2,1,0.191936342123,,,,,morning,2026-05-08T23:53:45Z,4b2e5bde#phase10c,496dfdf3-c1da-4e63-ae13-555b47910571,ok,0.0,high,full,current_phase8,fresh,projected,derived_from_projected_minutes
Jordan Clarkson,100,NYK,PHI,False,21708677,,pts,,,,,,stat_grid:pmf_sim_v1+role_aware_pmf_cal_v1:bench,phase8_role_aware_pmf_cal_v2,role_aware_pmf_cal_v1,bench,derived_from_projected_minutes,15.285758,13.78947,0.0,6.611223,6,0,0.135217233226,,,,,morning,2026-05-08T23:53:45Z,4b2e5bde#phase10c,496dfdf3-c1da-4e63-ae13-555b47910571,ok,0.0,medium,full,current_phase8,fresh,projected,derived_from_projected_minutes
Jordan Clarkson,100,NYK,PHI,False,21708677,,reb,,,,,,stat_grid:pmf_sim_v1+role_aware_pmf_cal_v1:bench,phase8_role_aware_pmf_cal_v2,role_aware_pmf_cal_v1,bench,derived_from_projected_minutes,15.285758,13.78947,0.0,2.505514,2,0,0.220048676139,,,,,morning,2026-05-08T23:53:45Z,4b2e5bde#phase10c,496dfdf3-c1da-4e63-ae13-555b47910571,ok,0.0,medium,full,current_phase8,fresh,projected,derived_from_projected_minutes
Jordan Clarkson,100,NYK,PHI,False,21708677,,ast,,,,,,stat_grid:pmf_sim_v1+role_aware_pmf_cal_v1:bench,phase8_role_aware_pmf_cal_v2,role_aware_pmf_cal_v1,bench,derived_from_projected_minutes,15.285758,13.78947,0.0,1.058707,1,0,0.465997905275,,,,,morning,2026-05-08T23:53:45Z,4b2e5bde#phase10c,496dfdf3-c1da-4e63-ae13-555b47910571,ok,0.0,medium,full,current_phase8,fresh,projected,derived_from_projected_minutes
Jordan Clarkson,100,NYK,PHI,False,21708677,,fg3m,,,,,,stat_grid:fg3m_hurdle_v1+role_aware_pmf_cal_v1:bench,phase8_role_aware_pmf_cal_v2,role_aware_pmf_cal_v1,bench,derived_from_projected_minutes,15.285758,13.78947,0.0,0.0,0,0,1.0,,,,,morning,2026-05-08T23:53:45Z,4b2e5bde#phase10c,496dfdf3-c1da-4e63-ae13-555b47910571,ok,0.0,medium,full,current_phase8,fresh,projected,derived_from_projected_minutes
Jordan Clarkson,100,NYK,PHI,False,21708677,,tov,,,,,,stat_grid:pmf_sim_v1+role_aware_pmf_cal_v1:bench,phase8_role_aware_pmf_cal_v2,role_aware_pmf_cal_v1,bench,derived_from_projected_minutes,15.285758,13.78947,0.0,0.80125,0,0,0.548662916212,,,,,morning,2026-05-08T23:53:45Z,4b2e5bde#phase10c,496dfdf3-c1da-4e63-ae13-555b47910571,ok,0.0,medium,full,current_phase8,fresh,projected,derived_from_projected_minutes
Mike Conley,104,MIN,SAS,True,21707974,,pts,,,,,,stat_grid:pmf_sim_v1+role_aware_pmf_cal_v1:rotation,phase8_role_aware_pmf_cal_v2,role_aware_pmf_cal_v1,rotation,derived_from_projected_minutes,20.864472,19.521726,0.0,4.874542,4,0,0.183429147812,,,,,morning,2026-05-08T23:53:45Z,4b2e5bde#phase10c,496dfdf3-c1da-4e63-ae13-555b47910571,ok,0.0,high,full,current_phase8,fresh,projected,derived_from_projected_minutes
Mike Conley,104,MIN,SAS,True,21707974,,reb,,,,,,stat_grid:pmf_sim_v1+role_aware_pmf_cal_v1:rotation,phase8_role_aware_pmf_cal_v2,role_aware_pmf_cal_v1,rotation,derived_from_projected_minutes,20.864472,19.521726,0.0,1.537821,1,0,0.354066591808,,,,,morning,2026-05-08T23:53:45Z,4b2e5bde#phase10c,496dfdf3-c1da-4e63-ae13-555b47910571,ok,0.0,high,full,current_phase8,fresh,projected,derived_from_projected_minutes
Mike Conley,104,MIN,SAS,True,21707974,,ast,,,,,,stat_grid:pmf_sim_v1+role_aware_pmf_cal_v1:rotation,phase8_role_aware_pmf_cal_v2,role_aware_pmf_cal_v1,rotation,derived_from_projected_minutes,20.864472,19.521726,0.0,2.427784,2,2,0.183723462008,,,,,morning,2026-05-08T23:53:45Z,4b2e5bde#phase10c,496dfdf3-c1da-4e63-ae13-555b47910571,ok,0.0,high,full,current_phase8,fresh,projected,derived_from_projected_minutes
Mike Conley,104,MIN,SAS,True,21707974,,fg3m,,,,,,stat_grid:fg3m_hurdle_v1+role_aware_pmf_cal_v1:rotation,phase8_role_aware_pmf_cal_v2,role_aware_pmf_cal_v1,rotation,derived_from_projected_minutes,20.864472,19.521726,0.0,1.91506,2,2,0.131671638723,,,,,morning,2026-05-08T23:53:45Z,4b2e5bde#phase10c,496dfdf3-c1da-4e63-ae13-555b47910571,ok,0.0,high,full,current_phase8,fresh,projected,derived_from_projected_minutes
Mike Conley,104,MIN,SAS,True,21707974,,tov,,,,,,stat_grid:pmf_sim_v1+role_aware_pmf_cal_v1:rotation,phase8_role_aware_pmf_cal_v2,role_aware_pmf_cal_v1,rotation,derived_from_projected_minutes,20.864472,19.521726,0.0,0.844313,1,0,0.47448736667,,,,,morning,2026-05-08T23:53:45Z,4b2e5bde#phase10c,496dfdf3-c1da-4e63-ae13-555b47910571,ok,0.0,high,full,current_phase8,fresh,projected,derived_from_projected_minutes
Andre Drummond,137,PHI,NYK,True,21708677,,pts,,,,,,stat_grid:pmf_sim_v1+role_aware_pmf_cal_v1:bench,phase8_role_aware_pmf_cal_v2,role_aware_pmf_cal_v1,bench,derived_from_projected_minutes,13.788328,11.866312,0.0,3.332038,2,0,0.275346131567,,,,,morning,2026-05-08T23:53:45Z,4b2e5bde#phase10c,496dfdf3-c1da-4e63-ae13-555b47910571,ok,0.0,medium,full,current_phase8,fresh,projected,derived_from_projected_minutes
Andre Drummond,137,PHI,NYK,True,21708677,,reb,,,,,,stat_grid:pmf_sim_v1+role_aware_pmf_cal_v1:bench,phase8_role_aware_pmf_cal_v2,role_aware_pmf_cal_v1,bench,derived_from_projected_minutes,13.788328,11.866312,0.0,3.369183,3,1,0.130111920086,,,,,morning,2026-05-08T23:53:45Z,4b2e5bde#phase10c,496dfdf3-c1da-4e63-ae13-555b47910571,ok,0.0,medium,full,current_phase8,fresh,projected,derived_from_projected_minutes
Andre Drummond,137,PHI,NYK,True,21708677,,ast,,,,,,stat_grid:pmf_sim_v1+role_aware_pmf_cal_v1:bench,phase8_role_aware_pmf_cal_v2,role_aware_pmf_cal_v1,bench,derived_from_projected_minutes,13.788328,11.866312,0.0,0.824263,0,0,0.539850767174,,,,,morning,2026-05-08T23:53:45Z,4b2e5bde#phase10c,496dfdf3-c1da-4e63-ae13-555b47910571,ok,0.0,medium,full,current_phase8,fresh,projected,derived_from_projected_minutes
Andre Drummond,137,PHI,NYK,True,21708677,,fg3m,,,,,,stat_grid:fg3m_hurdle_v1+role_aware_pmf_cal_v1:bench,phase8_role_aware_pmf_cal_v2,role_aware_pmf_cal_v1,bench,derived_from_projected_minutes,13.788328,11.866312,0.0,0.584777,0,0,0.527379840941,,,,,morning,2026-05-08T23:53:45Z,4b2e5bde#phase10c,496dfdf3-c1da-4e63-ae13-555b47910571,ok,0.0,medium,full,current_phase8,fresh,projected,derived_from_projected_minutes
Andre Drummond,137,PHI,NYK,True,21708677,,tov,,,,,,stat_grid:pmf_sim_v1+role_aware_pmf_cal_v1:bench,phase8_role_aware_pmf_cal_v2,role_aware_pmf_cal_v1,bench,derived_from_projected_minutes,13.788328,11.866312,0.0,0.682973,0,0,0.595583560117,,,,,morning,2026-05-08T23:53:45Z,4b2e5bde#phase10c,496dfdf3-c1da-4e63-ae13-555b47910571,ok,0.0,medium,full,current_phase8,fresh,projected,derived_from_projected_minutes
Joel Embiid,145,PHI,NYK,True,21708677,,pts,,,,,,stat_grid:pmf_sim_v1+role_aware_pmf_cal_v1:starter,phase8_role_aware_pmf_cal_v2,role_aware_pmf_cal_v1,starter,derived_from_projected_minutes,33.039027,34.322091,0.0,24.272474,25,27,0.005428200418,,,,,morning,2026-05-08T23:53:45Z,4b2e5bde#phase10c,496dfdf3-c1da-4e63-ae13-555b47910571,ok,0.0,high,full,current_phase8,fresh,projected,derived_from_projected_minutes
Joel Embiid,145,PHI,NYK,True,21708677,,reb,,,,,,stat_grid:pmf_sim_v1+role_aware_pmf_cal_v1:starter,phase8_role_aware_pmf_cal_v2,role_aware_pmf_cal_v1,starter,derived_from_projected_minutes,33.039027,34.322091,0.0,6.426451,6,5,0.021326527971,,,,,morning,2026-05-08T23:53:45Z,4b2e5bde#phase10c,496dfdf3-c1da-4e63-ae13-555b47910571,ok,0.0,high,full,current_phase8,fresh,projected,derived_from_projected_minutes
Joel Embiid,145,PHI,NYK,True,21708677,,ast,,,,,,stat_grid:pmf_sim_v1+role_aware_pmf_cal_v1:starter,phase8_role_aware_pmf_cal_v2,role_aware_pmf_cal_v1,starter,derived_from_projected_minutes,33.039027,34.322091,0.0,3.902997,4,3,0.06222705765,,,,,morning,2026-05-08T23:53:45Z,4b2e5bde#phase10c,496dfdf3-c1da-4e63-ae13-555b47910571,ok,0.0,high,full,current_phase8,fresh,projected,derived_from_projected_minutes
Joel Embiid,145,PHI,NYK,True,21708677,,fg3m,,,,,,stat_grid:fg3m_hurdle_v1+role_aware_pmf_cal_v1:starter,phase8_role_aware_pmf_cal_v2,role_aware_pmf_cal_v1,starter,derived_from_projected_minutes,33.039027,34.322091,0.0,1.661957,1,1,0.180818912033,,,,,morning,2026-05-08T23:53:45Z,4b2e5bde#phase10c,496dfdf3-c1da-4e63-ae13-555b47910571,ok,0.0,high,full,current_phase8,fresh,projected,derived_from_projected_minutes
Joel Embiid,145,PHI,NYK,True,21708677,,tov,,,,,,stat_grid:pmf_sim_v1+role_aware_pmf_cal_v1:starter,phase8_role_aware_pmf_cal_v2,role_aware_pmf_cal_v1,starter,derived_from_projected_minutes,33.039027,34.322091,0.0,2.863187,3,3,0.146261897919,,,,,morning,2026-05-08T23:53:45Z,4b2e5bde#phase10c,496dfdf3-c1da-4e63-ae13-555b47910571,ok,0.0,high,full,current_phase8,fresh,projected,derived_from_projected_minutes
De'Aaron Fox,161,SAS,MIN,False,21707974,,pts,,,,,,stat_grid:pmf_sim_v1+role_aware_pmf_cal_v1:starter,phase8_role_aware_pmf_cal_v2,role_aware_pmf_cal_v1,starter,derived_from_projected_minutes,31.748418,32.754883,0.0,17.494573,17,19,0.009503589781,,,,,morning,2026-05-08T23:53:45Z,4b2e5bde#phase10c,496dfdf3-c1da-4e63-ae13-555b47910571,ok,0.0,high,full,current_phase8,fresh,projected,derived_from_projected_minutes
De'Aaron Fox,161,SAS,MIN,False,21707974,,reb,,,,,,stat_grid:pmf_sim_v1+role_aware_pmf_cal_v1:starter,phase8_role_aware_pmf_cal_v2,role_aware_pmf_cal_v1,starter,derived_from_projected_minutes,31.748418,32.754883,0.0,3.451011,3,3,0.072392217553,,,,,morning,2026-05-08T23:53:45Z,4b2e5bde#phase10c,496dfdf3-c1da-4e63-ae13-555b47910571,ok,0.0,high,full,current_phase8,fresh,projected,derived_from_projected_minutes
De'Aaron Fox,161,SAS,MIN,False,21707974,,ast,,,,,,stat_grid:pmf_sim_v1+role_aware_pmf_cal_v1:starter,phase8_role_aware_pmf_cal_v2,role_aware_pmf_cal_v1,starter,derived_from_projected_minutes,31.748418,32.754883,0.0,5.556685,5,5,0.037201313179,,,,,morning,2026-05-08T23:53:45Z,4b2e5bde#phase10c,496dfdf3-c1da-4e63-ae13-555b47910571,ok,0.0,high,full,current_phase8,fresh,projected,derived_from_projected_minutes
De'Aaron Fox,161,SAS,MIN,False,21707974,,fg3m,,,,,,stat_grid:fg3m_hurdle_v1+role_aware_pmf_cal_v1:starter,phase8_role_aware_pmf_cal_v2,role_aware_pmf_cal_v1,starter,derived_from_projected_minutes,31.748418,32.754883,0.0,2.055123,2,2,0.119324795031,,,,,morning,2026-05-08T23:53:45Z,4b2e5bde#phase10c,496dfdf3-c1da-4e63-ae13-555b47910571,ok,0.0,high,full,current_phase8,fresh,projected,derived_from_projected_minutes
De'Aaron Fox,161,SAS,MIN,False,21707974,,tov,,,,,,stat_grid:pmf_sim_v1+role_aware_pmf_cal_v1:starter,phase8_role_aware_pmf_cal_v2,role_aware_pmf_cal_v1,starter,derived_from_projected_minutes,31.748418,32.754883,0.0,2.421589,2,2,0.181746646783,,,,,morning,2026-05-08T23:53:45Z,4b2e5bde#phase10c,496dfdf3-c1da-4e63-ae13-555b47910571,ok,0.0,high,full,current_phase8,fresh,projected,derived_from_projected_minutes
Paul George,172,PHI,NYK,True,21708677,,pts,,,,,,stat_grid:pmf_sim_v1+role_aware_pmf_cal_v1:starter,phase8_role_aware_pmf_cal_v2,role_aware_pmf_cal_v1,starter,derived_from_projected_minutes,33.594495,35.472291,0.0,14.737858,14,15,0.013084553596,,,,,morning,2026-05-08T23:53:45Z,4b2e5bde#phase10c,496dfdf3-c1da-4e63-ae13-555b47910571,ok,0.0,high,full,current_phase8,fresh,projected,derived_from_projected_minutes
Paul George,172,PHI,NYK,True,21708677,,reb,,,,,,stat_grid:pmf_sim_v1+role_aware_pmf_cal_v1:starter,phase8_role_aware_pmf_cal_v2,role_aware_pmf_cal_v1,starter,derived_from_projected_minutes,33.594495,35.472291,0.0,3.546561,3,3,0.069873722637,,,,,morning,2026-05-08T23:53:45Z,4b2e5bde#phase10c,496dfdf3-c1da-4e63-ae13-555b47910571,ok,0.0,high,full,current_phase8,fresh,projected,derived_from_projected_minutes
Paul George,172,PHI,NYK,True,21708677,,ast,,,,,,stat_grid:pmf_sim_v1+role_aware_pmf_cal_v1:starter,phase8_role_aware_pmf_cal_v2,role_aware_pmf_cal_v1,starter,derived_from_projected_minutes,33.594495,35.472291,0.0,2.861439,3,2,0.112654975445,,,,,morning,2026-05-08T23:53:45Z,4b2e5bde#phase10c,496dfdf3-c1da-4e63-ae13-555b47910571,ok,0.0,high,full,current_phase8,fresh,projected,derived_from_projected_minutes
Paul George,172,PHI,NYK,True,21708677,,fg3m,,,,,,stat_grid:fg3m_hurdle_v1+role_aware_pmf_cal_v1:starter,phase8_role_aware_pmf_cal_v2,role_aware_pmf_cal_v1,starter,derived_from_projected_minutes,33.594495,35.472291,0.0,2.455023,2,2,0.059809735377,,,,,morning,2026-05-08T23:53:45Z,4b2e5bde#phase10c,496dfdf3-c1da-4e63-ae13-555b47910571,ok,0.0,high,full,current_phase8,fresh,projected,derived_from_projected_minutes
Paul George,172,PHI,NYK,True,21708677,,tov,,,,,,stat_grid:pmf_sim_v1+role_aware_pmf_cal_v1:starter,phase8_role_aware_pmf_cal_v2,role_aware_pmf_cal_v1,starter,derived_from_projected_minutes,33.594495,35.472291,0.0,2.170722,2,0,0.219050692691,,,,,morning,2026-05-08T23:53:45Z,4b2e5bde#phase10c,496dfdf3-c1da-4e63-ae13-555b47910571,ok,0.0,high,full,current_phase8,fresh,projected,derived_from_projected_minutes
Rudy Gobert,176,MIN,SAS,True,21707974,,pts,,,,,,stat_grid:pmf_sim_v1+role_aware_pmf_cal_v1:starter,phase8_role_aware_pmf_cal_v2,role_aware_pmf_cal_v1,starter,derived_from_projected_minutes,31.492912,32.840267,0.0,9.814369,9,10,0.025835203167,,,,,morning,2026-05-08T23:53:45Z,4b2e5bde#phase10c,496dfdf3-c1da-4e63-ae13-555b47910571,ok,0.0,high,full,current_phase8,fresh,projected,derived_from_projected_minutes
Rudy Gobert,176,MIN,SAS,True,21707974,,reb,,,,,,stat_grid:pmf_sim_v1+role_aware_pmf_cal_v1:starter,phase8_role_aware_pmf_cal_v2,role_aware_pmf_cal_v1,starter,derived_from_projected_minutes,31.492912,32.840267,0.0,11.167345,11,11,0.010491249171,,,,,morning,2026-05-08T23:53:45Z,4b2e5bde#phase10c,496dfdf3-c1da-4e63-ae13-555b47910571,ok,0.0,high,full,current_phase8,fresh,projected,derived_from_projected_minutes
Rudy Gobert,176,MIN,SAS,True,21707974,,ast,,,,,,stat_grid:pmf_sim_v1+role_aware_pmf_cal_v1:starter,phase8_role_aware_pmf_cal_v2,role_aware_pmf_cal_v1,starter,derived_from_projected_minutes,31.492912,32.840267,0.0,1.88375,2,1,0.237846944699,,,,,morning,2026-05-08T23:53:45Z,4b2e5bde#phase10c,496dfdf3-c1da-4e63-ae13-555b47910571,ok,0.0,high,full,current_phase8,fresh,projected,derived_from_projected_minutes
Rudy Gobert,176,MIN,SAS,True,21707974,,fg3m,,,,,,stat_grid:fg3m_hurdle_v1+role_aware_pmf_cal_v1:starter,phase8_role_aware_pmf_cal_v2,role_aware_pmf_cal_v1,starter,derived_from_projected_minutes,31.492912,32.840267,0.0,0.0,0,0,1.0,,,,,morning,2026-05-08T23:53:45Z,4b2e5bde#phase10c,496dfdf3-c1da-4e63-ae13-555b47910571,ok,0.0,high,full,current_phase8,fresh,projected,derived_from_projected_minutes
Rudy Gobert,176,MIN,SAS,True,21707974,,tov,,,,,,stat_grid:pmf_sim_v1+role_aware_pmf_cal_v1:starter,phase8_role_aware_pmf_cal_v2,role_aware_pmf_cal_v1,starter,derived_from_projected_minutes,31.492912,32.840267,0.0,1.438944,1,0,0.303364450538,,,,,morning,2026-05-08T23:53:45Z,4b2e5bde#phase10c,496dfdf3-c1da-4e63-ae13-555b47910571,ok,0.0,high,full,current_phase8,fresh,projected,derived_from_projected_minutes
Josh Hart,202,NYK,PHI,False,21708677,,pts,,,,,,stat_grid:pmf_sim_v1+role_aware_pmf_cal_v1:starter,phase8_role_aware_pmf_cal_v2,role_aware_pmf_cal_v1,starter,derived_from_projected_minutes,31.3093,32.218505,0.0,11.505211,11,9,0.02304034962,,,,,morning,2026-05-08T23:53:45Z,4b2e5bde#phase10c,496dfdf3-c1da-4e63-ae13-555b47910571,ok,0.0,high,full,current_phase8,fresh,projected,derived_from_projected_minutes
Josh Hart,202,NYK,PHI,False,21708677,,reb,,,,,,stat_grid:pmf_sim_v1+role_aware_pmf_cal_v1:starter,phase8_role_aware_pmf_cal_v2,role_aware_pmf_cal_v1,starter,derived_from_projected_minutes,31.3093,32.218505,0.0,6.539032,6,6,0.02085364621,,,,,morning,2026-05-08T23:53:45Z,4b2e5bde#phase10c,496dfdf3-c1da-4e63-ae13-555b47910571,ok,0.0,high,full,current_phase8,fresh,projected,derived_from_projected_minutes
Josh Hart,202,NYK,PHI,False,21708677,,ast,,,,,,stat_grid:pmf_sim_v1+role_aware_pmf_cal_v1:starter,phase8_role_aware_pmf_cal_v2,role_aware_pmf_cal_v1,starter,derived_from_projected_minutes,31.3093,32.218505,0.0,4.149848,4,3,0.062715712575,,,,,morning,2026-05-08T23:53:45Z,4b2e5bde#phase10c,496dfdf3-c1da-4e63-ae13-555b47910571,ok,0.0,high,full,current_phase8,fresh,projected,derived_from_projected_minutes
Josh Hart,202,NYK,PHI,False,21708677,,fg3m,,,,,,stat_grid:fg3m_hurdle_v1+role_aware_pmf_cal_v1:starter,phase8_role_aware_pmf_cal_v2,role_aware_pmf_cal_v1,starter,derived_from_projected_minutes,31.3093,32.218505,0.0,1.364309,1,1,0.238967720635,,,,,morning,2026-05-08T23:53:45Z,4b2e5bde#phase10c,496dfdf3-c1da-4e63-ae13-555b47910571,ok,0.0,high,full,current_phase8,fresh,projected,derived_from_projected_minutes
Josh Hart,202,NYK,PHI,False,21708677,,tov,,,,,,stat_grid:pmf_sim_v1+role_aware_pmf_cal_v1:starter,phase8_role_aware_pmf_cal_v2,role_aware_pmf_cal_v1,starter,derived_from_projected_minutes,31.3093,32.218505,0.0,1.549298,1,0,0.291736617551,,,,,morning,2026-05-08T23:53:45Z,4b2e5bde#phase10c,496dfdf3-c1da-4e63-ae13-555b47910571,ok,0.0,high,full,current_phase8,fresh,projected,derived_from_projected_minutes
Joe Ingles,226,MIN,SAS,True,21707974,,pts,,,,,,stat_grid:pmf_sim_v1+role_aware_pmf_cal_v1:inactive_risk,phase8_role_aware_pmf_cal_v2,role_aware_pmf_cal_v1,inactive_risk,derived_from_projected_minutes,9.515146,6.638607,0.0,2.589056,1,0,0.391512413759,,,,,morning,2026-05-08T23:53:45Z,4b2e5bde#phase10c,496dfdf3-c1da-4e63-ae13-555b47910571,ok,0.0,low,full,current_phase8,fresh,projected,derived_from_projected_minutes
Joe Ingles,226,MIN,SAS,True,21707974,,reb,,,,,,stat_grid:pmf_sim_v1+role_aware_pmf_cal_v1:inactive_risk,phase8_role_aware_pmf_cal_v2,role_aware_pmf_cal_v1,inactive_risk,derived_from_projected_minutes,9.515146,6.638607,0.0,1.047224,1,0,0.479152299149,,,,,morning,2026-05-08T23:53:45Z,4b2e5bde#phase10c,496dfdf3-c1da-4e63-ae13-555b47910571,ok,0.0,low,full,current_phase8,fresh,projected,derived_from_projected_minutes
Joe Ingles,226,MIN,SAS,True,21707974,,ast,,,,,,stat_grid:pmf_sim_v1+role_aware_pmf_cal_v1:inactive_risk,phase8_role_aware_pmf_cal_v2,role_aware_pmf_cal_v1,inactive_risk,derived_from_projected_minutes,9.515146,6.638607,0.0,0.967324,0,0,0.553396862093,,,,,morning,2026-05-08T23:53:45Z,4b2e5bde#phase10c,496dfdf3-c1da-4e63-ae13-555b47910571,ok,0.0,low,full,current_phase8,fresh,projected,derived_from_projected_minutes
Joe Ingles,226,MIN,SAS,True,21707974,,fg3m,,,,,,stat_grid:fg3m_hurdle_v1+role_aware_pmf_cal_v1:inactive_risk,phase8_role_aware_pmf_cal_v2,role_aware_pmf_cal_v1,inactive_risk,derived_from_projected_minutes,9.515146,6.638607,0.0,0.100613,0,0,0.899386653868,,,,,morning,2026-05-08T23:53:45Z,4b2e5bde#phase10c,496dfdf3-c1da-4e63-ae13-555b47910571,ok,0.0,low,full,current_phase8,fresh,projected,derived_from_projected_minutes
Joe Ingles,226,MIN,SAS,True,21707974,,tov,,,,,,stat_grid:pmf_sim_v1+role_aware_pmf_cal_v1:inactive_risk,phase8_role_aware_pmf_cal_v2,role_aware_pmf_cal_v1,inactive_risk,derived_from_projected_minutes,9.515146,6.638607,0.0,0.380068,0,0,0.747488626197,,,,,morning,2026-05-08T23:53:45Z,4b2e5bde#phase10c,496dfdf3-c1da-4e63-ae13-555b47910571,ok,0.0,low,full,current_phase8,fresh,projected,derived_from_projected_minutes
Luke Kornet,261,SAS,MIN,False,21707974,,pts,,,,,,stat_grid:pmf_sim_v1+role_aware_pmf_cal_v1:bench,phase8_role_aware_pmf_cal_v2,role_aware_pmf_cal_v1,bench,derived_from_projected_minutes,15.420332,13.881432,0.0,4.564934,4,0,0.190773980985,,,,,morning,2026-05-08T23:53:45Z,4b2e5bde#phase10c,496dfdf3-c1da-4e63-ae13-555b47910571,ok,0.0,medium,full,current_phase8,fresh,projected,derived_from_projected_minutes
Luke Kornet,261,SAS,MIN,False,21707974,,reb,,,,,,stat_grid:pmf_sim_v1+role_aware_pmf_cal_v1:bench,phase8_role_aware_pmf_cal_v2,role_aware_pmf_cal_v1,bench,derived_from_projected_minutes,15.420332,13.881432,0.0,4.156047,4,3,0.086438824689,,,,,morning,2026-05-08T23:53:45Z,4b2e5bde#phase10c,496dfdf3-c1da-4e63-ae13-555b47910571,ok,0.0,medium,full,current_phase8,fresh,projected,derived_from_projected_minutes
Luke Kornet,261,SAS,MIN,False,21707974,,ast,,,,,,stat_grid:pmf_sim_v1+role_aware_pmf_cal_v1:bench,phase8_role_aware_pmf_cal_v2,role_aware_pmf_cal_v1,bench,derived_from_projected_minutes,15.420332,13.881432,0.0,1.145673,1,0,0.452985998981,,,,,morning,2026-05-08T23:53:45Z,4b2e5bde#phase10c,496dfdf3-c1da-4e63-ae13-555b47910571,ok,0.0,medium,full,current_phase8,fresh,projected,derived_from_projected_minutes
Luke Kornet,261,SAS,MIN,False,21707974,,fg3m,,,,,,stat_grid:fg3m_hurdle_v1+role_aware_pmf_cal_v1:bench,phase8_role_aware_pmf_cal_v2,role_aware_pmf_cal_v1,bench,derived_from_projected_minutes,15.420332,13.881432,0.0,0.0,0,0,1.0,,,,,morning,2026-05-08T23:53:45Z,4b2e5bde#phase10c,496dfdf3-c1da-4e63-ae13-555b47910571,ok,0.0,medium,full,current_phase8,fresh,projected,derived_from_projected_minutes
Luke Kornet,261,SAS,MIN,False,21707974,,tov,,,,,,stat_grid:pmf_sim_v1+role_aware_pmf_cal_v1:bench,phase8_role_aware_pmf_cal_v2,role_aware_pmf_cal_v1,bench,derived_from_projected_minutes,15.420332,13.881432,0.0,0.688881,0,0,0.598496364814,,,,,morning,2026-05-08T23:53:45Z,4b2e5bde#phase10c,496dfdf3-c1da-4e63-ae13-555b47910571,ok,0.0,medium,full,current_phase8,fresh,projected,derived_from_projected_minutes
Kyle Lowry,286,PHI,NYK,True,21708677,,pts,,,,,,stat_grid:pmf_sim_v1+role_aware_pmf_cal_v1:fringe,phase8_role_aware_pmf_cal_v2,role_aware_pmf_cal_v1,fringe,derived_from_projected_minutes,8.092394,5.296929,0.0,2.301624,1,0,0.418092165189,,,,,morning,2026-05-08T23:53:45Z,4b2e5bde#phase10c,496dfdf3-c1da-4e63-ae13-555b47910571,ok,0.0,medium,full,current_phase8,fresh,projected,derived_from_projected_minutes
Kyle Lowry,286,PHI,NYK,True,21708677,,reb,,,,,,stat_grid:pmf_sim_v1+role_aware_pmf_cal_v1:fringe,phase8_role_aware_pmf_cal_v2,role_aware_pmf_cal_v1,fringe,derived_from_projected_minutes,8.092394,5.296929,0.0,0.764499,0,0,0.588537008189,,,,,morning,2026-05-08T23:53:45Z,4b2e5bde#phase10c,496dfdf3-c1da-4e63-ae13-555b47910571,ok,0.0,medium,full,current_phase8,fresh,projected,derived_from_projected_minutes
Kyle Lowry,286,PHI,NYK,True,21708677,,ast,,,,,,stat_grid:pmf_sim_v1+role_aware_pmf_cal_v1:fringe,phase8_role_aware_pmf_cal_v2,role_aware_pmf_cal_v1,fringe,derived_from_projected_minutes,8.092394,5.296929,0.0,0.52954,0,0,0.67755261416,,,,,morning,2026-05-08T23:53:45Z,4b2e5bde#phase10c,496dfdf3-c1da-4e63-ae13-555b47910571,ok,0.0,medium,full,current_phase8,fresh,projected,derived_from_projected_minutes
Kyle Lowry,286,PHI,NYK,True,21708677,,fg3m,,,,,,stat_grid:fg3m_hurdle_v1+role_aware_pmf_cal_v1:fringe,phase8_role_aware_pmf_cal_v2,role_aware_pmf_cal_v1,fringe,derived_from_projected_minutes,8.092394,5.296929,0.0,0.0,0,0,1.0,,,,,morning,2026-05-08T23:53:45Z,4b2e5bde#phase10c,496dfdf3-c1da-4e63-ae13-555b47910571,ok,0.0,medium,full,current_phase8,fresh,projected,derived_from_projected_minutes
Kyle Lowry,286,PHI,NYK,True,21708677,,tov,,,,,,stat_grid:pmf_sim_v1+role_aware_pmf_cal_v1:fringe,phase8_role_aware_pmf_cal_v2,role_aware_pmf_cal_v1,fringe,derived_from_projected_minutes,8.092394,5.296929,0.0,0.318849,0,0,0.759084899582,,,,,morning,2026-05-08T23:53:45Z,4b2e5bde#phase10c,496dfdf3-c1da-4e63-ae13-555b47910571,ok,0.0,medium,full,current_phase8,fresh,projected,derived_from_projected_minutes
Kelly Olynyk,358,SAS,MIN,False,21707974,,pts,,,,,,stat_grid:pmf_sim_v1+role_aware_pmf_cal_v1:inactive_risk,phase8_role_aware_pmf_cal_v2,role_aware_pmf_cal_v1,inactive_risk,derived_from_projected_minutes,7.947237,4.941874,0.0,2.695514,2,0,0.329796217028,,,,,morning,2026-05-08T23:53:45Z,4b2e5bde#phase10c,496dfdf3-c1da-4e63-ae13-555b47910571,ok,0.0,low,full,current_phase8,fresh,projected,derived_from_projected_minutes
Kelly Olynyk,358,SAS,MIN,False,21707974,,reb,,,,,,stat_grid:pmf_sim_v1+role_aware_pmf_cal_v1:inactive_risk,phase8_role_aware_pmf_cal_v2,role_aware_pmf_cal_v1,inactive_risk,derived_from_projected_minutes,7.947237,4.941874,0.0,1.264927,1,0,0.429949664886,,,,,morning,2026-05-08T23:53:45Z,4b2e5bde#phase10c,496dfdf3-c1da-4e63-ae13-555b47910571,ok,0.0,low,full,current_phase8,fresh,projected,derived_from_projected_minutes
Kelly Olynyk,358,SAS,MIN,False,21707974,,ast,,,,,,stat_grid:pmf_sim_v1+role_aware_pmf_cal_v1:inactive_risk,phase8_role_aware_pmf_cal_v2,role_aware_pmf_cal_v1,inactive_risk,derived_from_projected_minutes,7.947237,4.941874,0.0,0.727172,0,0,0.637978365992,,,,,morning,2026-05-08T23:53:45Z,4b2e5bde#phase10c,496dfdf3-c1da-4e63-ae13-555b47910571,ok,0.0,low,full,current_phase8,fresh,projected,derived_from_projected_minutes
Kelly Olynyk,358,SAS,MIN,False,21707974,,fg3m,,,,,,stat_grid:fg3m_hurdle_v1+role_aware_pmf_cal_v1:inactive_risk,phase8_role_aware_pmf_cal_v2,role_aware_pmf_cal_v1,inactive_risk,derived_from_projected_minutes,7.947237,4.941874,0.0,0.097902,0,0,0.902097618553,,,,,morning,2026-05-08T23:53:45Z,4b2e5bde#phase10c,496dfdf3-c1da-4e63-ae13-555b47910571,ok,0.0,low,full,current_phase8,fresh,projected,derived_from_projected_minutes
Kelly Olynyk,358,SAS,MIN,False,21707974,,tov,,,,,,stat_grid:pmf_sim_v1+role_aware_pmf_cal_v1:inactive_risk,phase8_role_aware_pmf_cal_v2,role_aware_pmf_cal_v1,inactive_risk,derived_from_projected_minutes,7.947237,4.941874,0.0,0.438544,0,0,0.736339230378,,,,,morning,2026-05-08T23:53:45Z,4b2e5bde#phase10c,496dfdf3-c1da-4e63-ae13-555b47910571,ok,0.0,low,full,current_phase8,fresh,projected,derived_from_projected_minutes
Kelly Oubre Jr.,360,PHI,NYK,True,21708677,,pts,,,,,,stat_grid:pmf_sim_v1+role_aware_pmf_cal_v1:starter,phase8_role_aware_pmf_cal_v2,role_aware_pmf_cal_v1,starter,derived_from_projected_minutes,31.374163,32.716779,0.0,10.314119,10,8,0.019233516185,,,,,morning,2026-05-08T23:53:45Z,4b2e5bde#phase10c,496dfdf3-c1da-4e63-ae13-555b47910571,ok,0.0,high,full,current_phase8,fresh,projected,derived_from_projected_minutes
Kelly Oubre Jr.,360,PHI,NYK,True,21708677,,reb,,,,,,stat_grid:pmf_sim_v1+role_aware_pmf_cal_v1:starter,phase8_role_aware_pmf_cal_v2,role_aware_pmf_cal_v1,starter,derived_from_projected_minutes,31.374163,32.716779,0.0,4.377786,4,3,0.043373382212,,,,,morning,2026-05-08T23:53:45Z,4b2e5bde#phase10c,496dfdf3-c1da-4e63-ae13-555b47910571,ok,0.0,high,full,current_phase8,fresh,projected,derived_from_projected_minutes
Kelly Oubre Jr.,360,PHI,NYK,True,21708677,,ast,,,,,,stat_grid:pmf_sim_v1+role_aware_pmf_cal_v1:starter,phase8_role_aware_pmf_cal_v2,role_aware_pmf_cal_v1,starter,derived_from_projected_minutes,31.374163,32.716779,0.0,1.241488,1,0,0.391157529245,,,,,morning,2026-05-08T23:53:45Z,4b2e5bde#phase10c,496dfdf3-c1da-4e63-ae13-555b47910571,ok,0.0,high,full,current_phase8,fresh,projected,derived_from_projected_minutes
Kelly Oubre Jr.,360,PHI,NYK,True,21708677,,fg3m,,,,,,stat_grid:fg3m_hurdle_v1+role_aware_pmf_cal_v1:starter,phase8_role_aware_pmf_cal_v2,role_aware_pmf_cal_v1,starter,derived_from_projected_minutes,31.374163,32.716779,0.0,1.634381,1,1,0.186402630992,,,,,morning,2026-05-08T23:53:45Z,4b2e5bde#phase10c,496dfdf3-c1da-4e63-ae13-555b47910571,ok,0.0,high,full,current_phase8,fresh,projected,derived_from_projected_minutes
Kelly Oubre Jr.,360,PHI,NYK,True,21708677,,tov,,,,,,stat_grid:pmf_sim_v1+role_aware_pmf_cal_v1:starter,phase8_role_aware_pmf_cal_v2,role_aware_pmf_cal_v1,starter,derived_from_projected_minutes,31.374163,32.716779,0.0,1.283875,1,0,0.362512722151,,,,,morning,2026-05-08T23:53:45Z,4b2e5bde#phase10c,496dfdf3-c1da-4e63-ae13-555b47910571,ok,0.0,high,full,current_phase8,fresh,projected,derived_from_projected_minutes
Cameron Payne,368,PHI,NYK,True,21708677,,pts,,,,,,stat_grid:pmf_sim_v1+role_aware_pmf_cal_v1:bench,phase8_role_aware_pmf_cal_v2,role_aware_pmf_cal_v1,bench,derived_from_projected_minutes,13.870591,12.245849,0.0,4.041496,3,0,0.247875440227,,,,,morning,2026-05-08T23:53:45Z,4b2e5bde#phase10c,496dfdf3-c1da-4e63-ae13-555b47910571,ok,0.0,medium,full,current_phase8,fresh,projected,derived_from_projected_minutes
Cameron Payne,368,PHI,NYK,True,21708677,,reb,,,,,,stat_grid:pmf_sim_v1+role_aware_pmf_cal_v1:bench,phase8_role_aware_pmf_cal_v2,role_aware_pmf_cal_v1,bench,derived_from_projected_minutes,13.870591,12.245849,0.0,1.263289,1,0,0.41924785004,,,,,morning,2026-05-08T23:53:45Z,4b2e5bde#phase10c,496dfdf3-c1da-4e63-ae13-555b47910571,ok,0.0,medium,full,current_phase8,fresh,projected,derived_from_projected_minutes
Cameron Payne,368,PHI,NYK,True,21708677,,ast,,,,,,stat_grid:pmf_sim_v1+role_aware_pmf_cal_v1:bench,phase8_role_aware_pmf_cal_v2,role_aware_pmf_cal_v1,bench,derived_from_projected_minutes,13.870591,12.245849,0.0,1.183361,1,0,0.411786356539,,,,,morning,2026-05-08T23:53:45Z,4b2e5bde#phase10c,496dfdf3-c1da-4e63-ae13-555b47910571,ok,0.0,medium,full,current_phase8,fresh,projected,derived_from_projected_minutes
Cameron Payne,368,PHI,NYK,True,21708677,,fg3m,,,,,,stat_grid:fg3m_hurdle_v1+role_aware_pmf_cal_v1:bench,phase8_role_aware_pmf_cal_v2,role_aware_pmf_cal_v1,bench,derived_from_projected_minutes,13.870591,12.245849,0.0,1.741141,2,1,0.166214524854,,,,,morning,2026-05-08T23:53:45Z,4b2e5bde#phase10c,496dfdf3-c1da-4e63-ae13-555b47910571,ok,0.0,medium,full,current_phase8,fresh,projected,derived_from_projected_minutes
Cameron Payne,368,PHI,NYK,True,21708677,,tov,,,,,,stat_grid:pmf_sim_v1+role_aware_pmf_cal_v1:bench,phase8_role_aware_pmf_cal_v2,role_aware_pmf_cal_v1,bench,derived_from_projected_minutes,13.870591,12.245849,0.0,0.69687,0,0,0.580740777218,,,,,morning,2026-05-08T23:53:45Z,4b2e5bde#phase10c,496dfdf3-c1da-4e63-ae13-555b47910571,ok,0.0,medium,full,current_phase8,fresh,projected,derived_from_projected_minutes
Mason Plumlee,371,SAS,MIN,False,21707974,,pts,,,,,,stat_grid:pmf_sim_v1+role_aware_pmf_cal_v1:fringe,phase8_role_aware_pmf_cal_v2,role_aware_pmf_cal_v1,fringe,derived_from_projected_minutes,10.642353,8.443742,0.0,1.973576,1,0,0.424480400973,,,,,morning,2026-05-08T23:53:45Z,4b2e5bde#phase10c,496dfdf3-c1da-4e63-ae13-555b47910571,ok,0.0,medium,full,current_phase8,fresh,projected,derived_from_projected_minutes
Mason Plumlee,371,SAS,MIN,False,21707974,,reb,,,,,,stat_grid:pmf_sim_v1+role_aware_pmf_cal_v1:fringe,phase8_role_aware_pmf_cal_v2,role_aware_pmf_cal_v1,fringe,derived_from_projected_minutes,10.642353,8.443742,0.0,2.654767,2,0,0.243203591507,,,,,morning,2026-05-08T23:53:45Z,4b2e5bde#phase10c,496dfdf3-c1da-4e63-ae13-555b47910571,ok,0.0,medium,full,current_phase8,fresh,projected,derived_from_projected_minutes
Mason Plumlee,371,SAS,MIN,False,21707974,,ast,,,,,,stat_grid:pmf_sim_v1+role_aware_pmf_cal_v1:fringe,phase8_role_aware_pmf_cal_v2,role_aware_pmf_cal_v1,fringe,derived_from_projected_minutes,10.642353,8.443742,0.0,0.961039,0,0,0.53405731238,,,,,morning,2026-05-08T23:53:45Z,4b2e5bde#phase10c,496dfdf3-c1da-4e63-ae13-555b47910571,ok,0.0,medium,full,current_phase8,fresh,projected,derived_from_projected_minutes
Mason Plumlee,371,SAS,MIN,False,21707974,,fg3m,,,,,,stat_grid:fg3m_hurdle_v1+role_aware_pmf_cal_v1:fringe,phase8_role_aware_pmf_cal_v2,role_aware_pmf_cal_v1,fringe,derived_from_projected_minutes,10.642353,8.443742,0.0,0.0,0,0,1.0,,,,,morning,2026-05-08T23:53:45Z,4b2e5bde#phase10c,496dfdf3-c1da-4e63-ae13-555b47910571,ok,0.0,medium,full,current_phase8,fresh,projected,derived_from_projected_minutes
Mason Plumlee,371,SAS,MIN,False,21707974,,tov,,,,,,stat_grid:pmf_sim_v1+role_aware_pmf_cal_v1:fringe,phase8_role_aware_pmf_cal_v2,role_aware_pmf_cal_v1,fringe,derived_from_projected_minutes,10.642353,8.443742,0.0,0.514077,0,0,0.702907144684,,,,,morning,2026-05-08T23:53:45Z,4b2e5bde#phase10c,496dfdf3-c1da-4e63-ae13-555b47910571,ok,0.0,medium,full,current_phase8,fresh,projected,derived_from_projected_minutes
Julius Randle,387,MIN,SAS,True,21707974,,pts,,,,,,stat_grid:pmf_sim_v1+role_aware_pmf_cal_v1:starter,phase8_role_aware_pmf_cal_v2,role_aware_pmf_cal_v1,starter,derived_from_projected_minutes,32.21896,33.642335,0.0,18.006363,18,18,0.008421189463,,,,,morning,2026-05-08T23:53:45Z,4b2e5bde#phase10c,496dfdf3-c1da-4e63-ae13-555b47910571,ok,0.0,high,full,current_phase8,fresh,projected,derived_from_projected_minutes
Julius Randle,387,MIN,SAS,True,21707974,,reb,,,,,,stat_grid:pmf_sim_v1+role_aware_pmf_cal_v1:starter,phase8_role_aware_pmf_cal_v2,role_aware_pmf_cal_v1,starter,derived_from_projected_minutes,32.21896,33.642335,0.0,6.13451,6,6,0.023935314651,,,,,morning,2026-05-08T23:53:45Z,4b2e5bde#phase10c,496dfdf3-c1da-4e63-ae13-555b47910571,ok,0.0,high,full,current_phase8,fresh,projected,derived_from_projected_minutes
Julius Randle,387,MIN,SAS,True,21707974,,ast,,,,,,stat_grid:pmf_sim_v1+role_aware_pmf_cal_v1:starter,phase8_role_aware_pmf_cal_v2,role_aware_pmf_cal_v1,starter,derived_from_projected_minutes,32.21896,33.642335,0.0,3.532783,3,2,0.080893043618,,,,,morning,2026-05-08T23:53:45Z,4b2e5bde#phase10c,496dfdf3-c1da-4e63-ae13-555b47910571,ok,0.0,high,full,current_phase8,fresh,projected,derived_from_projected_minutes
Julius Randle,387,MIN,SAS,True,21707974,,fg3m,,,,,,stat_grid:fg3m_hurdle_v1+role_aware_pmf_cal_v1:starter,phase8_role_aware_pmf_cal_v2,role_aware_pmf_cal_v1,starter,derived_from_projected_minutes,32.21896,33.642335,0.0,1.30376,1,1,0.256313238786,,,,,morning,2026-05-08T23:53:45Z,4b2e5bde#phase10c,496dfdf3-c1da-4e63-ae13-555b47910571,ok,0.0,high,full,current_phase8,fresh,projected,derived_from_projected_minutes
Julius Randle,387,MIN,SAS,True,21707974,,tov,,,,,,stat_grid:pmf_sim_v1+role_aware_pmf_cal_v1:starter,phase8_role_aware_pmf_cal_v2,role_aware_pmf_cal_v1,starter,derived_from_projected_minutes,32.21896,33.642335,0.0,2.713985,3,2,0.122417888099,,,,,morning,2026-05-08T23:53:45Z,4b2e5bde#phase10c,496dfdf3-c1da-4e63-ae13-555b47910571,ok,0.0,high,full,current_phase8,fresh,projected,derived_from_projected_minutes
Mitchell Robinson,399,NYK,PHI,False,21708677,,pts,,,,,,stat_grid:pmf_sim_v1+role_aware_pmf_cal_v1:bench,phase8_role_aware_pmf_cal_v2,role_aware_pmf_cal_v1,bench,derived_from_projected_minutes,16.238581,15.154611,0.0,5.241825,4,0,0.144225911232,,,,,morning,2026-05-08T23:53:45Z,4b2e5bde#phase10c,496dfdf3-c1da-4e63-ae13-555b47910571,ok,0.0,medium,full,current_phase8,fresh,projected,derived_from_projected_minutes
Mitchell Robinson,399,NYK,PHI,False,21708677,,reb,,,,,,stat_grid:pmf_sim_v1+role_aware_pmf_cal_v1:bench,phase8_role_aware_pmf_cal_v2,role_aware_pmf_cal_v1,bench,derived_from_projected_minutes,16.238581,15.154611,0.0,5.324094,5,5,0.054669491454,,,,,morning,2026-05-08T23:53:45Z,4b2e5bde#phase10c,496dfdf3-c1da-4e63-ae13-555b47910571,ok,0.0,medium,full,current_phase8,fresh,projected,derived_from_projected_minutes
Mitchell Robinson,399,NYK,PHI,False,21708677,,ast,,,,,,stat_grid:pmf_sim_v1+role_aware_pmf_cal_v1:bench,phase8_role_aware_pmf_cal_v2,role_aware_pmf_cal_v1,bench,derived_from_projected_minutes,16.238581,15.154611,0.0,0.807907,0,0,0.564339897006,,,,,morning,2026-05-08T23:53:45Z,4b2e5bde#phase10c,496dfdf3-c1da-4e63-ae13-555b47910571,ok,0.0,medium,full,current_phase8,fresh,projected,derived_from_projected_minutes
Mitchell Robinson,399,NYK,PHI,False,21708677,,fg3m,,,,,,stat_grid:fg3m_hurdle_v1+role_aware_pmf_cal_v1:bench,phase8_role_aware_pmf_cal_v2,role_aware_pmf_cal_v1,bench,derived_from_projected_minutes,16.238581,15.154611,0.0,0.0,0,0,1.0,,,,,morning,2026-05-08T23:53:45Z,4b2e5bde#phase10c,496dfdf3-c1da-4e63-ae13-555b47910571,ok,0.0,medium,full,current_phase8,fresh,projected,derived_from_projected_minutes
Mitchell Robinson,399,NYK,PHI,False,21708677,,tov,,,,,,stat_grid:pmf_sim_v1+role_aware_pmf_cal_v1:bench,phase8_role_aware_pmf_cal_v2,role_aware_pmf_cal_v1,bench,derived_from_projected_minutes,16.238581,15.154611,0.0,0.733623,0,0,0.534189683475,,,,,morning,2026-05-08T23:53:45Z,4b2e5bde#phase10c,496dfdf3-c1da-4e63-ae13-555b47910571,ok,0.0,medium,full,current_phase8,fresh,projected,derived_from_projected_minutes
Landry Shamet,414,NYK,PHI,False,21708677,,pts,,,,,,stat_grid:pmf_sim_v1+role_aware_pmf_cal_v1:bench,phase8_role_aware_pmf_cal_v2,role_aware_pmf_cal_v1,bench,derived_from_projected_minutes,14.556119,13.30768,0.0,4.03223,3,0,0.236640878153,,,,,morning,2026-05-08T23:53:45Z,4b2e5bde#phase10c,496dfdf3-c1da-4e63-ae13-555b47910571,ok,0.0,medium,full,current_phase8,fresh,projected,derived_from_projected_minutes
Landry Shamet,414,NYK,PHI,False,21708677,,reb,,,,,,stat_grid:pmf_sim_v1+role_aware_pmf_cal_v1:bench,phase8_role_aware_pmf_cal_v2,role_aware_pmf_cal_v1,bench,derived_from_projected_minutes,14.556119,13.30768,0.0,1.204703,1,0,0.43796211988,,,,,morning,2026-05-08T23:53:45Z,4b2e5bde#phase10c,496dfdf3-c1da-4e63-ae13-555b47910571,ok,0.0,medium,full,current_phase8,fresh,projected,derived_from_projected_minutes
Landry Shamet,414,NYK,PHI,False,21708677,,ast,,,,,,stat_grid:pmf_sim_v1+role_aware_pmf_cal_v1:bench,phase8_role_aware_pmf_cal_v2,role_aware_pmf_cal_v1,bench,derived_from_projected_minutes,14.556119,13.30768,0.0,0.779018,0,0,0.571058839812,,,,,morning,2026-05-08T23:53:45Z,4b2e5bde#phase10c,496dfdf3-c1da-4e63-ae13-555b47910571,ok,0.0,medium,full,current_phase8,fresh,projected,derived_from_projected_minutes
Landry Shamet,414,NYK,PHI,False,21708677,,fg3m,,,,,,stat_grid:fg3m_hurdle_v1+role_aware_pmf_cal_v1:bench,phase8_role_aware_pmf_cal_v2,role_aware_pmf_cal_v1,bench,derived_from_projected_minutes,14.556119,13.30768,0.0,0.581648,0,0,0.529596291194,,,,,morning,2026-05-08T23:53:45Z,4b2e5bde#phase10c,496dfdf3-c1da-4e63-ae13-555b47910571,ok,0.0,medium,full,current_phase8,fresh,projected,derived_from_projected_minutes
Landry Shamet,414,NYK,PHI,False,21708677,,tov,,,,,,stat_grid:pmf_sim_v1+role_aware_pmf_cal_v1:bench,phase8_role_aware_pmf_cal_v2,role_aware_pmf_cal_v1,bench,derived_from_projected_minutes,14.556119,13.30768,0.0,0.39543,0,0,0.740703034057,,,,,morning,2026-05-08T23:53:45Z,4b2e5bde#phase10c,496dfdf3-c1da-4e63-ae13-555b47910571,ok,0.0,medium,full,current_phase8,fresh,projected,derived_from_projected_minutes
Karl-Anthony Towns,447,NYK,PHI,False,21708677,,pts,,,,,,stat_grid:pmf_sim_v1+role_aware_pmf_cal_v1:core,phase8_role_aware_pmf_cal_v2,role_aware_pmf_cal_v1,core,derived_from_projected_minutes,27.38919,28.634839,0.0,15.567139,15,14,0.011211341713,,,,,morning,2026-05-08T23:53:45Z,4b2e5bde#phase10c,496dfdf3-c1da-4e63-ae13-555b47910571,ok,0.0,high,full,current_phase8,fresh,projected,derived_from_projected_minutes
Karl-Anthony Towns,447,NYK,PHI,False,21708677,,reb,,,,,,stat_grid:pmf_sim_v1+role_aware_pmf_cal_v1:core,phase8_role_aware_pmf_cal_v2,role_aware_pmf_cal_v1,core,derived_from_projected_minutes,27.38919,28.634839,0.0,9.119635,9,8,0.013069839497,,,,,morning,2026-05-08T23:53:45Z,4b2e5bde#phase10c,496dfdf3-c1da-4e63-ae13-555b47910571,ok,0.0,high,full,current_phase8,fresh,projected,derived_from_projected_minutes
Karl-Anthony Towns,447,NYK,PHI,False,21708677,,ast,,,,,,stat_grid:pmf_sim_v1+role_aware_pmf_cal_v1:core,phase8_role_aware_pmf_cal_v2,role_aware_pmf_cal_v1,core,derived_from_projected_minutes,27.38919,28.634839,0.0,4.34382,4,3,0.059198438266,,,,,morning,2026-05-08T23:53:45Z,4b2e5bde#phase10c,496dfdf3-c1da-4e63-ae13-555b47910571,ok,0.0,high,full,current_phase8,fresh,projected,derived_from_projected_minutes
Karl-Anthony Towns,447,NYK,PHI,False,21708677,,fg3m,,,,,,stat_grid:fg3m_hurdle_v1+role_aware_pmf_cal_v1:core,phase8_role_aware_pmf_cal_v2,role_aware_pmf_cal_v1,core,derived_from_projected_minutes,27.38919,28.634839,0.0,1.485306,1,1,0.205554498611,,,,,morning,2026-05-08T23:53:45Z,4b2e5bde#phase10c,496dfdf3-c1da-4e63-ae13-555b47910571,ok,0.0,high,full,current_phase8,fresh,projected,derived_from_projected_minutes
Karl-Anthony Towns,447,NYK,PHI,False,21708677,,tov,,,,,,stat_grid:pmf_sim_v1+role_aware_pmf_cal_v1:core,phase8_role_aware_pmf_cal_v2,role_aware_pmf_cal_v1,core,derived_from_projected_minutes,27.38919,28.634839,0.0,2.48352,2,2,0.156791673636,,,,,morning,2026-05-08T23:53:45Z,4b2e5bde#phase10c,496dfdf3-c1da-4e63-ae13-555b47910571,ok,0.0,high,full,current_phase8,fresh,projected,derived_from_projected_minutes
Keldon Johnson,666682,SAS,MIN,False,21707974,,pts,,,,,,stat_grid:pmf_sim_v1+role_aware_pmf_cal_v1:rotation,phase8_role_aware_pmf_cal_v2,role_aware_pmf_cal_v1,rotation,derived_from_projected_minutes,20.839418,19.389709,0.0,10.083995,9,7,0.037986693549,,,,,morning,2026-05-08T23:53:45Z,4b2e5bde#phase10c,496dfdf3-c1da-4e63-ae13-555b47910571,ok,0.0,high,full,current_phase8,fresh,projected,derived_from_projected_minutes
Keldon Johnson,666682,SAS,MIN,False,21707974,,reb,,,,,,stat_grid:pmf_sim_v1+role_aware_pmf_cal_v1:rotation,phase8_role_aware_pmf_cal_v2,role_aware_pmf_cal_v1,rotation,derived_from_projected_minutes,20.839418,19.389709,0.0,4.64743,4,3,0.052975438585,,,,,morning,2026-05-08T23:53:45Z,4b2e5bde#phase10c,496dfdf3-c1da-4e63-ae13-555b47910571,ok,0.0,high,full,current_phase8,fresh,projected,derived_from_projected_minutes
Keldon Johnson,666682,SAS,MIN,False,21707974,,ast,,,,,,stat_grid:pmf_sim_v1+role_aware_pmf_cal_v1:rotation,phase8_role_aware_pmf_cal_v2,role_aware_pmf_cal_v1,rotation,derived_from_projected_minutes,20.839418,19.389709,0.0,1.331302,1,0,0.370127845093,,,,,morning,2026-05-08T23:53:45Z,4b2e5bde#phase10c,496dfdf3-c1da-4e63-ae13-555b47910571,ok,0.0,high,full,current_phase8,fresh,projected,derived_from_projected_minutes
Keldon Johnson,666682,SAS,MIN,False,21707974,,fg3m,,,,,,stat_grid:fg3m_hurdle_v1+role_aware_pmf_cal_v1:rotation,phase8_role_aware_pmf_cal_v2,role_aware_pmf_cal_v1,rotation,derived_from_projected_minutes,20.839418,19.389709,0.0,0.615085,1,0,0.496170105489,,,,,morning,2026-05-08T23:53:45Z,4b2e5bde#phase10c,496dfdf3-c1da-4e63-ae13-555b47910571,ok,0.0,high,full,current_phase8,fresh,projected,derived_from_projected_minutes
Keldon Johnson,666682,SAS,MIN,False,21707974,,tov,,,,,,stat_grid:pmf_sim_v1+role_aware_pmf_cal_v1:rotation,phase8_role_aware_pmf_cal_v2,role_aware_pmf_cal_v1,rotation,derived_from_projected_minutes,20.839418,19.389709,0.0,1.092481,1,0,0.412425700219,,,,,morning,2026-05-08T23:53:45Z,4b2e5bde#phase10c,496dfdf3-c1da-4e63-ae13-555b47910571,ok,0.0,high,full,current_phase8,fresh,projected,derived_from_projected_minutes
Jordan McLaughlin,666767,SAS,MIN,False,21707974,,pts,,,,,,stat_grid:pmf_sim_v1+role_aware_pmf_cal_v1:inactive_risk,phase8_role_aware_pmf_cal_v2,role_aware_pmf_cal_v1,inactive_risk,derived_from_projected_minutes,8.590135,5.26478,0.0,2.858333,2,0,0.338395401113,,,,,morning,2026-05-08T23:53:45Z,4b2e5bde#phase10c,496dfdf3-c1da-4e63-ae13-555b47910571,ok,0.0,low,full,current_phase8,fresh,projected,derived_from_projected_minutes
Jordan McLaughlin,666767,SAS,MIN,False,21707974,,reb,,,,,,stat_grid:pmf_sim_v1+role_aware_pmf_cal_v1:inactive_risk,phase8_role_aware_pmf_cal_v2,role_aware_pmf_cal_v1,inactive_risk,derived_from_projected_minutes,8.590135,5.26478,0.0,0.991826,0,0,0.527634898284,,,,,morning,2026-05-08T23:53:45Z,4b2e5bde#phase10c,496dfdf3-c1da-4e63-ae13-555b47910571,ok,0.0,low,full,current_phase8,fresh,projected,derived_from_projected_minutes
Jordan McLaughlin,666767,SAS,MIN,False,21707974,,ast,,,,,,stat_grid:pmf_sim_v1+role_aware_pmf_cal_v1:inactive_risk,phase8_role_aware_pmf_cal_v2,role_aware_pmf_cal_v1,inactive_risk,derived_from_projected_minutes,8.590135,5.26478,0.0,1.095518,0,0,0.507103638544,,,,,morning,2026-05-08T23:53:45Z,4b2e5bde#phase10c,496dfdf3-c1da-4e63-ae13-555b47910571,ok,0.0,low,full,current_phase8,fresh,projected,derived_from_projected_minutes
Jordan McLaughlin,666767,SAS,MIN,False,21707974,,fg3m,,,,,,stat_grid:fg3m_hurdle_v1+role_aware_pmf_cal_v1:inactive_risk,phase8_role_aware_pmf_cal_v2,role_aware_pmf_cal_v1,inactive_risk,derived_from_projected_minutes,8.590135,5.26478,0.0,0.0,0,0,1.0,,,,,morning,2026-05-08T23:53:45Z,4b2e5bde#phase10c,496dfdf3-c1da-4e63-ae13-555b47910571,ok,0.0,low,full,current_phase8,fresh,projected,derived_from_projected_minutes
Jordan McLaughlin,666767,SAS,MIN,False,21707974,,tov,,,,,,stat_grid:pmf_sim_v1+role_aware_pmf_cal_v1:inactive_risk,phase8_role_aware_pmf_cal_v2,role_aware_pmf_cal_v1,inactive_risk,derived_from_projected_minutes,8.590135,5.26478,0.0,0.418998,0,0,0.732475433361,,,,,morning,2026-05-08T23:53:45Z,4b2e5bde#phase10c,496dfdf3-c1da-4e63-ae13-555b47910571,ok,0.0,low,full,current_phase8,fresh,projected,derived_from_projected_minutes
Naz Reid,667378,MIN,SAS,True,21707974,,pts,,,,,,stat_grid:pmf_sim_v1+role_aware_pmf_cal_v1:core,phase8_role_aware_pmf_cal_v2,role_aware_pmf_cal_v1,core,derived_from_projected_minutes,25.712553,26.220427,0.0,10.836509,10,9,0.023394986924,,,,,morning,2026-05-08T23:53:45Z,4b2e5bde#phase10c,496dfdf3-c1da-4e63-ae13-555b47910571,ok,0.0,high,full,current_phase8,fresh,projected,derived_from_projected_minutes
Naz Reid,667378,MIN,SAS,True,21707974,,reb,,,,,,stat_grid:pmf_sim_v1+role_aware_pmf_cal_v1:core,phase8_role_aware_pmf_cal_v2,role_aware_pmf_cal_v1,core,derived_from_projected_minutes,25.712553,26.220427,0.0,6.257808,6,5,0.025608591154,,,,,morning,2026-05-08T23:53:45Z,4b2e5bde#phase10c,496dfdf3-c1da-4e63-ae13-555b47910571,ok,0.0,high,full,current_phase8,fresh,projected,derived_from_projected_minutes
Naz Reid,667378,MIN,SAS,True,21707974,,ast,,,,,,stat_grid:pmf_sim_v1+role_aware_pmf_cal_v1:core,phase8_role_aware_pmf_cal_v2,role_aware_pmf_cal_v1,core,derived_from_projected_minutes,25.712553,26.220427,0.0,1.412391,1,0,0.347636917474,,,,,morning,2026-05-08T23:53:45Z,4b2e5bde#phase10c,496dfdf3-c1da-4e63-ae13-555b47910571,ok,0.0,high,full,current_phase8,fresh,projected,derived_from_projected_minutes
Naz Reid,667378,MIN,SAS,True,21707974,,fg3m,,,,,,stat_grid:fg3m_hurdle_v1+role_aware_pmf_cal_v1:core,phase8_role_aware_pmf_cal_v2,role_aware_pmf_cal_v1,core,derived_from_projected_minutes,25.712553,26.220427,0.0,1.799177,2,1,0.148122937701,,,,,morning,2026-05-08T23:53:45Z,4b2e5bde#phase10c,496dfdf3-c1da-4e63-ae13-555b47910571,ok,0.0,high,full,current_phase8,fresh,projected,derived_from_projected_minutes
Naz Reid,667378,MIN,SAS,True,21707974,,tov,,,,,,stat_grid:pmf_sim_v1+role_aware_pmf_cal_v1:core,phase8_role_aware_pmf_cal_v2,role_aware_pmf_cal_v1,core,derived_from_projected_minutes,25.712553,26.220427,0.0,1.565524,1,0,0.293655379362,,,,,morning,2026-05-08T23:53:45Z,4b2e5bde#phase10c,496dfdf3-c1da-4e63-ae13-555b47910571,ok,0.0,high,full,current_phase8,fresh,projected,derived_from_projected_minutes
Anthony Edwards,3547238,MIN,SAS,True,21707974,,pts,,,,,,stat_grid:pmf_sim_v1+role_aware_pmf_cal_v1:core,phase8_role_aware_pmf_cal_v2,role_aware_pmf_cal_v1,core,derived_from_projected_minutes,27.070773,27.76705,0.0,16.957336,17,15,0.010502125441,,,,,morning,2026-05-08T23:53:45Z,4b2e5bde#phase10c,496dfdf3-c1da-4e63-ae13-555b47910571,ok,0.0,high,full,current_phase8,fresh,projected,derived_from_projected_minutes
Anthony Edwards,3547238,MIN,SAS,True,21707974,,reb,,,,,,stat_grid:pmf_sim_v1+role_aware_pmf_cal_v1:core,phase8_role_aware_pmf_cal_v2,role_aware_pmf_cal_v1,core,derived_from_projected_minutes,27.070773,27.76705,0.0,3.697211,3,3,0.064357220312,,,,,morning,2026-05-08T23:53:45Z,4b2e5bde#phase10c,496dfdf3-c1da-4e63-ae13-555b47910571,ok,0.0,high,full,current_phase8,fresh,projected,derived_from_projected_minutes
Anthony Edwards,3547238,MIN,SAS,True,21707974,,ast,,,,,,stat_grid:pmf_sim_v1+role_aware_pmf_cal_v1:core,phase8_role_aware_pmf_cal_v2,role_aware_pmf_cal_v1,core,derived_from_projected_minutes,27.070773,27.76705,0.0,2.38315,2,1,0.153796290989,,,,,morning,2026-05-08T23:53:45Z,4b2e5bde#phase10c,496dfdf3-c1da-4e63-ae13-555b47910571,ok,0.0,high,full,current_phase8,fresh,projected,derived_from_projected_minutes
Anthony Edwards,3547238,MIN,SAS,True,21707974,,fg3m,,,,,,stat_grid:fg3m_hurdle_v1+role_aware_pmf_cal_v1:core,phase8_role_aware_pmf_cal_v2,role_aware_pmf_cal_v1,core,derived_from_projected_minutes,27.070773,27.76705,0.0,1.752742,2,1,0.161797943124,,,,,morning,2026-05-08T23:53:45Z,4b2e5bde#phase10c,496dfdf3-c1da-4e63-ae13-555b47910571,ok,0.0,high,full,current_phase8,fresh,projected,derived_from_projected_minutes
Anthony Edwards,3547238,MIN,SAS,True,21707974,,tov,,,,,,stat_grid:pmf_sim_v1+role_aware_pmf_cal_v1:core,phase8_role_aware_pmf_cal_v2,role_aware_pmf_cal_v1,core,derived_from_projected_minutes,27.070773,27.76705,0.0,2.034651,2,2,0.206720125383,,,,,morning,2026-05-08T23:53:45Z,4b2e5bde#phase10c,496dfdf3-c1da-4e63-ae13-555b47910571,ok,0.0,high,full,current_phase8,fresh,projected,derived_from_projected_minutes
Devin Vassell,3547246,SAS,MIN,False,21707974,,pts,,,,,,stat_grid:pmf_sim_v1+role_aware_pmf_cal_v1:core,phase8_role_aware_pmf_cal_v2,role_aware_pmf_cal_v1,core,derived_from_projected_minutes,29.84618,31.334244,0.0,12.164559,12,11,0.018925342908,,,,,morning,2026-05-08T23:53:45Z,4b2e5bde#phase10c,496dfdf3-c1da-4e63-ae13-555b47910571,ok,0.0,high,full,current_phase8,fresh,projected,derived_from_projected_minutes
Devin Vassell,3547246,SAS,MIN,False,21707974,,reb,,,,,,stat_grid:pmf_sim_v1+role_aware_pmf_cal_v1:core,phase8_role_aware_pmf_cal_v2,role_aware_pmf_cal_v1,core,derived_from_projected_minutes,29.84618,31.334244,0.0,4.571968,4,4,0.044829189278,,,,,morning,2026-05-08T23:53:45Z,4b2e5bde#phase10c,496dfdf3-c1da-4e63-ae13-555b47910571,ok,0.0,high,full,current_phase8,fresh,projected,derived_from_projected_minutes
Devin Vassell,3547246,SAS,MIN,False,21707974,,ast,,,,,,stat_grid:pmf_sim_v1+role_aware_pmf_cal_v1:core,phase8_role_aware_pmf_cal_v2,role_aware_pmf_cal_v1,core,derived_from_projected_minutes,29.84618,31.334244,0.0,2.409548,2,1,0.154008269873,,,,,morning,2026-05-08T23:53:45Z,4b2e5bde#phase10c,496dfdf3-c1da-4e63-ae13-555b47910571,ok,0.0,high,full,current_phase8,fresh,projected,derived_from_projected_minutes
Devin Vassell,3547246,SAS,MIN,False,21707974,,fg3m,,,,,,stat_grid:fg3m_hurdle_v1+role_aware_pmf_cal_v1:core,phase8_role_aware_pmf_cal_v2,role_aware_pmf_cal_v1,core,derived_from_projected_minutes,29.84618,31.334244,0.0,2.11282,2,2,0.109727088156,,,,,morning,2026-05-08T23:53:45Z,4b2e5bde#phase10c,496dfdf3-c1da-4e63-ae13-555b47910571,ok,0.0,high,full,current_phase8,fresh,projected,derived_from_projected_minutes
Devin Vassell,3547246,SAS,MIN,False,21707974,,tov,,,,,,stat_grid:pmf_sim_v1+role_aware_pmf_cal_v1:core,phase8_role_aware_pmf_cal_v2,role_aware_pmf_cal_v1,core,derived_from_projected_minutes,29.84618,31.334244,0.0,1.303277,1,0,0.351634100095,,,,,morning,2026-05-08T23:53:45Z,4b2e5bde#phase10c,496dfdf3-c1da-4e63-ae13-555b47910571,ok,0.0,high,full,current_phase8,fresh,projected,derived_from_projected_minutes
Tyrese Maxey,3547254,PHI,NYK,True,21708677,,pts,,,,,,stat_grid:pmf_sim_v1+role_aware_pmf_cal_v1:starter,phase8_role_aware_pmf_cal_v2,role_aware_pmf_cal_v1,starter,derived_from_projected_minutes,36.262187,37.454432,0.0,23.144374,23,24,0.006396607268,,,,,morning,2026-05-08T23:53:45Z,4b2e5bde#phase10c,496dfdf3-c1da-4e63-ae13-555b47910571,ok,0.0,high,full,current_phase8,fresh,projected,derived_from_projected_minutes
Tyrese Maxey,3547254,PHI,NYK,True,21708677,,reb,,,,,,stat_grid:pmf_sim_v1+role_aware_pmf_cal_v1:starter,phase8_role_aware_pmf_cal_v2,role_aware_pmf_cal_v1,starter,derived_from_projected_minutes,36.262187,37.454432,0.0,3.366122,3,2,0.071794003777,,,,,morning,2026-05-08T23:53:45Z,4b2e5bde#phase10c,496dfdf3-c1da-4e63-ae13-555b47910571,ok,0.0,high,full,current_phase8,fresh,projected,derived_from_projected_minutes
Tyrese Maxey,3547254,PHI,NYK,True,21708677,,ast,,,,,,stat_grid:pmf_sim_v1+role_aware_pmf_cal_v1:starter,phase8_role_aware_pmf_cal_v2,role_aware_pmf_cal_v1,starter,derived_from_projected_minutes,36.262187,37.454432,0.0,4.429298,4,4,0.048119991663,,,,,morning,2026-05-08T23:53:45Z,4b2e5bde#phase10c,496dfdf3-c1da-4e63-ae13-555b47910571,ok,0.0,high,full,current_phase8,fresh,projected,derived_from_projected_minutes
Tyrese Maxey,3547254,PHI,NYK,True,21708677,,fg3m,,,,,,stat_grid:fg3m_hurdle_v1+role_aware_pmf_cal_v1:starter,phase8_role_aware_pmf_cal_v2,role_aware_pmf_cal_v1,starter,derived_from_projected_minutes,36.262187,37.454432,0.0,2.151339,2,2,0.101469439501,,,,,morning,2026-05-08T23:53:45Z,4b2e5bde#phase10c,496dfdf3-c1da-4e63-ae13-555b47910571,ok,0.0,high,full,current_phase8,fresh,projected,derived_from_projected_minutes
Tyrese Maxey,3547254,PHI,NYK,True,21708677,,tov,,,,,,stat_grid:pmf_sim_v1+role_aware_pmf_cal_v1:starter,phase8_role_aware_pmf_cal_v2,role_aware_pmf_cal_v1,starter,derived_from_projected_minutes,36.262187,37.454432,0.0,2.650145,2,2,0.157884708472,,,,,morning,2026-05-08T23:53:45Z,4b2e5bde#phase10c,496dfdf3-c1da-4e63-ae13-555b47910571,ok,0.0,high,full,current_phase8,fresh,projected,derived_from_projected_minutes
Jaden McDaniels,3547259,MIN,SAS,True,21707974,,pts,,,,,,stat_grid:pmf_sim_v1+role_aware_pmf_cal_v1:starter,phase8_role_aware_pmf_cal_v2,role_aware_pmf_cal_v1,starter,derived_from_projected_minutes,31.819015,33.846304,0.0,15.374034,15,15,0.0119619775,,,,,morning,2026-05-08T23:53:45Z,4b2e5bde#phase10c,496dfdf3-c1da-4e63-ae13-555b47910571,ok,0.0,high,full,current_phase8,fresh,projected,derived_from_projected_minutes
Jaden McDaniels,3547259,MIN,SAS,True,21707974,,reb,,,,,,stat_grid:pmf_sim_v1+role_aware_pmf_cal_v1:starter,phase8_role_aware_pmf_cal_v2,role_aware_pmf_cal_v1,starter,derived_from_projected_minutes,31.819015,33.846304,0.0,5.035945,5,4,0.037033807573,,,,,morning,2026-05-08T23:53:45Z,4b2e5bde#phase10c,496dfdf3-c1da-4e63-ae13-555b47910571,ok,0.0,high,full,current_phase8,fresh,projected,derived_from_projected_minutes
Jaden McDaniels,3547259,MIN,SAS,True,21707974,,ast,,,,,,stat_grid:pmf_sim_v1+role_aware_pmf_cal_v1:starter,phase8_role_aware_pmf_cal_v2,role_aware_pmf_cal_v1,starter,derived_from_projected_minutes,31.819015,33.846304,0.0,2.357188,2,1,0.155511267688,,,,,morning,2026-05-08T23:53:45Z,4b2e5bde#phase10c,496dfdf3-c1da-4e63-ae13-555b47910571,ok,0.0,high,full,current_phase8,fresh,projected,derived_from_projected_minutes
Jaden McDaniels,3547259,MIN,SAS,True,21707974,,fg3m,,,,,,stat_grid:fg3m_hurdle_v1+role_aware_pmf_cal_v1:starter,phase8_role_aware_pmf_cal_v2,role_aware_pmf_cal_v1,starter,derived_from_projected_minutes,31.819015,33.846304,0.0,1.334652,1,1,0.244389186691,,,,,morning,2026-05-08T23:53:45Z,4b2e5bde#phase10c,496dfdf3-c1da-4e63-ae13-555b47910571,ok,0.0,high,full,current_phase8,fresh,projected,derived_from_projected_minutes
Jaden McDaniels,3547259,MIN,SAS,True,21707974,,tov,,,,,,stat_grid:pmf_sim_v1+role_aware_pmf_cal_v1:starter,phase8_role_aware_pmf_cal_v2,role_aware_pmf_cal_v1,starter,derived_from_projected_minutes,31.819015,33.846304,0.0,1.861281,2,2,0.235861621408,,,,,morning,2026-05-08T23:53:45Z,4b2e5bde#phase10c,496dfdf3-c1da-4e63-ae13-555b47910571,ok,0.0,high,full,current_phase8,fresh,projected,derived_from_projected_minutes
Quentin Grimes,17895858,PHI,NYK,True,21708677,,pts,,,,,,stat_grid:pmf_sim_v1+role_aware_pmf_cal_v1:rotation,phase8_role_aware_pmf_cal_v2,role_aware_pmf_cal_v1,rotation,derived_from_projected_minutes,23.712348,22.799947,0.0,7.312501,7,5,0.066527426258,,,,,morning,2026-05-08T23:53:45Z,4b2e5bde#phase10c,496dfdf3-c1da-4e63-ae13-555b47910571,ok,0.0,high,full,current_phase8,fresh,projected,derived_from_projected_minutes
Quentin Grimes,17895858,PHI,NYK,True,21708677,,reb,,,,,,stat_grid:pmf_sim_v1+role_aware_pmf_cal_v1:rotation,phase8_role_aware_pmf_cal_v2,role_aware_pmf_cal_v1,rotation,derived_from_projected_minutes,23.712348,22.799947,0.0,2.506935,2,2,0.140173158886,,,,,morning,2026-05-08T23:53:45Z,4b2e5bde#phase10c,496dfdf3-c1da-4e63-ae13-555b47910571,ok,0.0,high,full,current_phase8,fresh,projected,derived_from_projected_minutes
Quentin Grimes,17895858,PHI,NYK,True,21708677,,ast,,,,,,stat_grid:pmf_sim_v1+role_aware_pmf_cal_v1:rotation,phase8_role_aware_pmf_cal_v2,role_aware_pmf_cal_v1,rotation,derived_from_projected_minutes,23.712348,22.799947,0.0,1.905954,2,1,0.234127050654,,,,,morning,2026-05-08T23:53:45Z,4b2e5bde#phase10c,496dfdf3-c1da-4e63-ae13-555b47910571,ok,0.0,high,full,current_phase8,fresh,projected,derived_from_projected_minutes
Quentin Grimes,17895858,PHI,NYK,True,21708677,,fg3m,,,,,,stat_grid:fg3m_hurdle_v1+role_aware_pmf_cal_v1:rotation,phase8_role_aware_pmf_cal_v2,role_aware_pmf_cal_v1,rotation,derived_from_projected_minutes,23.712348,22.799947,0.0,0.974893,1,1,0.347342322058,,,,,morning,2026-05-08T23:53:45Z,4b2e5bde#phase10c,496dfdf3-c1da-4e63-ae13-555b47910571,ok,0.0,high,full,current_phase8,fresh,projected,derived_from_projected_minutes
Quentin Grimes,17895858,PHI,NYK,True,21708677,,tov,,,,,,stat_grid:pmf_sim_v1+role_aware_pmf_cal_v1:rotation,phase8_role_aware_pmf_cal_v2,role_aware_pmf_cal_v1,rotation,derived_from_projected_minutes,23.712348,22.799947,0.0,1.036888,1,0,0.403361606792,,,,,morning,2026-05-08T23:53:45Z,4b2e5bde#phase10c,496dfdf3-c1da-4e63-ae13-555b47910571,ok,0.0,high,full,current_phase8,fresh,projected,derived_from_projected_minutes
Ayo Dosunmu,17895983,MIN,SAS,True,21707974,,pts,,,,,,stat_grid:pmf_sim_v1+role_aware_pmf_cal_v1:core,phase8_role_aware_pmf_cal_v2,role_aware_pmf_cal_v1,core,derived_from_projected_minutes,26.657863,28.059982,0.0,11.798339,11,10,0.02159071316,,,,,morning,2026-05-08T23:53:45Z,4b2e5bde#phase10c,496dfdf3-c1da-4e63-ae13-555b47910571,ok,0.0,high,full,current_phase8,fresh,projected,derived_from_projected_minutes
Ayo Dosunmu,17895983,MIN,SAS,True,21707974,,reb,,,,,,stat_grid:pmf_sim_v1+role_aware_pmf_cal_v1:core,phase8_role_aware_pmf_cal_v2,role_aware_pmf_cal_v1,core,derived_from_projected_minutes,26.657863,28.059982,0.0,3.425445,3,2,0.082327208315,,,,,morning,2026-05-08T23:53:45Z,4b2e5bde#phase10c,496dfdf3-c1da-4e63-ae13-555b47910571,ok,0.0,high,full,current_phase8,fresh,projected,derived_from_projected_minutes
Ayo Dosunmu,17895983,MIN,SAS,True,21707974,,ast,,,,,,stat_grid:pmf_sim_v1+role_aware_pmf_cal_v1:core,phase8_role_aware_pmf_cal_v2,role_aware_pmf_cal_v1,core,derived_from_projected_minutes,26.657863,28.059982,0.0,2.294982,2,1,0.15566746363,,,,,morning,2026-05-08T23:53:45Z,4b2e5bde#phase10c,496dfdf3-c1da-4e63-ae13-555b47910571,ok,0.0,high,full,current_phase8,fresh,projected,derived_from_projected_minutes
Ayo Dosunmu,17895983,MIN,SAS,True,21707974,,fg3m,,,,,,stat_grid:fg3m_hurdle_v1+role_aware_pmf_cal_v1:core,phase8_role_aware_pmf_cal_v2,role_aware_pmf_cal_v1,core,derived_from_projected_minutes,26.657863,28.059982,0.0,1.498753,1,1,0.203024286835,,,,,morning,2026-05-08T23:53:45Z,4b2e5bde#phase10c,496dfdf3-c1da-4e63-ae13-555b47910571,ok,0.0,high,full,current_phase8,fresh,projected,derived_from_projected_minutes
Ayo Dosunmu,17895983,MIN,SAS,True,21707974,,tov,,,,,,stat_grid:pmf_sim_v1+role_aware_pmf_cal_v1:core,phase8_role_aware_pmf_cal_v2,role_aware_pmf_cal_v1,core,derived_from_projected_minutes,26.657863,28.059982,0.0,1.449739,1,1,0.286760600565,,,,,morning,2026-05-08T23:53:45Z,4b2e5bde#phase10c,496dfdf3-c1da-4e63-ae13-555b47910571,ok,0.0,high,full,current_phase8,fresh,projected,derived_from_projected_minutes
Nah'Shon Hyland,17896031,MIN,SAS,True,21707974,,pts,,,,,,stat_grid:pmf_sim_v1+role_aware_pmf_cal_v1:bench,phase8_role_aware_pmf_cal_v2,role_aware_pmf_cal_v1,bench,derived_from_projected_minutes,15.094929,12.492096,0.0,5.542085,4,0,0.192022979451,,,,,morning,2026-05-08T23:53:45Z,4b2e5bde#phase10c,496dfdf3-c1da-4e63-ae13-555b47910571,ok,0.0,medium,full,current_phase8,fresh,projected,derived_from_projected_minutes
Nah'Shon Hyland,17896031,MIN,SAS,True,21707974,,reb,,,,,,stat_grid:pmf_sim_v1+role_aware_pmf_cal_v1:bench,phase8_role_aware_pmf_cal_v2,role_aware_pmf_cal_v1,bench,derived_from_projected_minutes,15.094929,12.492096,0.0,1.5084,1,0,0.377007608972,,,,,morning,2026-05-08T23:53:45Z,4b2e5bde#phase10c,496dfdf3-c1da-4e63-ae13-555b47910571,ok,0.0,medium,full,current_phase8,fresh,projected,derived_from_projected_minutes
Nah'Shon Hyland,17896031,MIN,SAS,True,21707974,,ast,,,,,,stat_grid:pmf_sim_v1+role_aware_pmf_cal_v1:bench,phase8_role_aware_pmf_cal_v2,role_aware_pmf_cal_v1,bench,derived_from_projected_minutes,15.094929,12.492096,0.0,1.348866,1,0,0.391660797435,,,,,morning,2026-05-08T23:53:45Z,4b2e5bde#phase10c,496dfdf3-c1da-4e63-ae13-555b47910571,ok,0.0,medium,full,current_phase8,fresh,projected,derived_from_projected_minutes
Nah'Shon Hyland,17896031,MIN,SAS,True,21707974,,fg3m,,,,,,stat_grid:fg3m_hurdle_v1+role_aware_pmf_cal_v1:bench,phase8_role_aware_pmf_cal_v2,role_aware_pmf_cal_v1,bench,derived_from_projected_minutes,15.094929,12.492096,0.0,1.743531,2,1,0.164733628822,,,,,morning,2026-05-08T23:53:45Z,4b2e5bde#phase10c,496dfdf3-c1da-4e63-ae13-555b47910571,ok,0.0,medium,full,current_phase8,fresh,projected,derived_from_projected_minutes
Nah'Shon Hyland,17896031,MIN,SAS,True,21707974,,tov,,,,,,stat_grid:pmf_sim_v1+role_aware_pmf_cal_v1:bench,phase8_role_aware_pmf_cal_v2,role_aware_pmf_cal_v1,bench,derived_from_projected_minutes,15.094929,12.492096,0.0,0.912378,0,0,0.51758652044,,,,,morning,2026-05-08T23:53:45Z,4b2e5bde#phase10c,496dfdf3-c1da-4e63-ae13-555b47910571,ok,0.0,medium,full,current_phase8,fresh,projected,derived_from_projected_minutes
Miles McBride,17896033,NYK,PHI,False,21708677,,pts,,,,,,stat_grid:pmf_sim_v1+role_aware_pmf_cal_v1:rotation,phase8_role_aware_pmf_cal_v2,role_aware_pmf_cal_v1,rotation,derived_from_projected_minutes,19.026248,17.571607,0.0,6.581068,6,0,0.12707479527,,,,,morning,2026-05-08T23:53:45Z,4b2e5bde#phase10c,496dfdf3-c1da-4e63-ae13-555b47910571,ok,0.0,high,full,current_phase8,fresh,projected,derived_from_projected_minutes
Miles McBride,17896033,NYK,PHI,False,21708677,,reb,,,,,,stat_grid:pmf_sim_v1+role_aware_pmf_cal_v1:rotation,phase8_role_aware_pmf_cal_v2,role_aware_pmf_cal_v1,rotation,derived_from_projected_minutes,19.026248,17.571607,0.0,1.670215,1,0,0.276556213261,,,,,morning,2026-05-08T23:53:45Z,4b2e5bde#phase10c,496dfdf3-c1da-4e63-ae13-555b47910571,ok,0.0,high,full,current_phase8,fresh,projected,derived_from_projected_minutes
Miles McBride,17896033,NYK,PHI,False,21708677,,ast,,,,,,stat_grid:pmf_sim_v1+role_aware_pmf_cal_v1:rotation,phase8_role_aware_pmf_cal_v2,role_aware_pmf_cal_v1,rotation,derived_from_projected_minutes,19.026248,17.571607,0.0,1.36202,1,0,0.36765189467,,,,,morning,2026-05-08T23:53:45Z,4b2e5bde#phase10c,496dfdf3-c1da-4e63-ae13-555b47910571,ok,0.0,high,full,current_phase8,fresh,projected,derived_from_projected_minutes
Miles McBride,17896033,NYK,PHI,False,21708677,,fg3m,,,,,,stat_grid:fg3m_hurdle_v1+role_aware_pmf_cal_v1:rotation,phase8_role_aware_pmf_cal_v2,role_aware_pmf_cal_v1,rotation,derived_from_projected_minutes,19.026248,17.571607,0.0,1.800331,2,1,0.144949415584,,,,,morning,2026-05-08T23:53:45Z,4b2e5bde#phase10c,496dfdf3-c1da-4e63-ae13-555b47910571,ok,0.0,high,full,current_phase8,fresh,projected,derived_from_projected_minutes
Miles McBride,17896033,NYK,PHI,False,21708677,,tov,,,,,,stat_grid:pmf_sim_v1+role_aware_pmf_cal_v1:rotation,phase8_role_aware_pmf_cal_v2,role_aware_pmf_cal_v1,rotation,derived_from_projected_minutes,19.026248,17.571607,0.0,0.474901,0,0,0.670598310874,,,,,morning,2026-05-08T23:53:45Z,4b2e5bde#phase10c,496dfdf3-c1da-4e63-ae13-555b47910571,ok,0.0,high,full,current_phase8,fresh,projected,derived_from_projected_minutes
Trendon Watford,17896058,PHI,NYK,True,21708677,,pts,,,,,,stat_grid:pmf_sim_v1+role_aware_pmf_cal_v1:fringe,phase8_role_aware_pmf_cal_v2,role_aware_pmf_cal_v1,fringe,derived_from_projected_minutes,9.946129,6.473557,0.0,3.419505,2,0,0.351593553171,,,,,morning,2026-05-08T23:53:45Z,4b2e5bde#phase10c,496dfdf3-c1da-4e63-ae13-555b47910571,ok,0.0,medium,full,current_phase8,fresh,projected,derived_from_projected_minutes
Trendon Watford,17896058,PHI,NYK,True,21708677,,reb,,,,,,stat_grid:pmf_sim_v1+role_aware_pmf_cal_v1:fringe,phase8_role_aware_pmf_cal_v2,role_aware_pmf_cal_v1,fringe,derived_from_projected_minutes,9.946129,6.473557,0.0,1.333057,1,0,0.405079762844,,,,,morning,2026-05-08T23:53:45Z,4b2e5bde#phase10c,496dfdf3-c1da-4e63-ae13-555b47910571,ok,0.0,medium,full,current_phase8,fresh,projected,derived_from_projected_minutes
Trendon Watford,17896058,PHI,NYK,True,21708677,,ast,,,,,,stat_grid:pmf_sim_v1+role_aware_pmf_cal_v1:fringe,phase8_role_aware_pmf_cal_v2,role_aware_pmf_cal_v1,fringe,derived_from_projected_minutes,9.946129,6.473557,0.0,0.884057,0,0,0.540011855691,,,,,morning,2026-05-08T23:53:45Z,4b2e5bde#phase10c,496dfdf3-c1da-4e63-ae13-555b47910571,ok,0.0,medium,full,current_phase8,fresh,projected,derived_from_projected_minutes
Trendon Watford,17896058,PHI,NYK,True,21708677,,fg3m,,,,,,stat_grid:fg3m_hurdle_v1+role_aware_pmf_cal_v1:fringe,phase8_role_aware_pmf_cal_v2,role_aware_pmf_cal_v1,fringe,derived_from_projected_minutes,9.946129,6.473557,0.0,0.0,0,0,1.0,,,,,morning,2026-05-08T23:53:45Z,4b2e5bde#phase10c,496dfdf3-c1da-4e63-ae13-555b47910571,ok,0.0,medium,full,current_phase8,fresh,projected,derived_from_projected_minutes
Trendon Watford,17896058,PHI,NYK,True,21708677,,tov,,,,,,stat_grid:pmf_sim_v1+role_aware_pmf_cal_v1:fringe,phase8_role_aware_pmf_cal_v2,role_aware_pmf_cal_v1,fringe,derived_from_projected_minutes,9.946129,6.473557,0.0,0.585037,0,0,0.685563177302,,,,,morning,2026-05-08T23:53:45Z,4b2e5bde#phase10c,496dfdf3-c1da-4e63-ae13-555b47910571,ok,0.0,medium,full,current_phase8,fresh,projected,derived_from_projected_minutes
Jose Alvarado,17896097,NYK,PHI,False,21708677,,pts,,,,,,stat_grid:pmf_sim_v1+role_aware_pmf_cal_v1:bench,phase8_role_aware_pmf_cal_v2,role_aware_pmf_cal_v1,bench,derived_from_projected_minutes,12.364669,10.834584,0.0,4.542913,3,0,0.234408679641,,,,,morning,2026-05-08T23:53:45Z,4b2e5bde#phase10c,496dfdf3-c1da-4e63-ae13-555b47910571,ok,0.0,medium,full,current_phase8,fresh,projected,derived_from_projected_minutes
Jose Alvarado,17896097,NYK,PHI,False,21708677,,reb,,,,,,stat_grid:pmf_sim_v1+role_aware_pmf_cal_v1:bench,phase8_role_aware_pmf_cal_v2,role_aware_pmf_cal_v1,bench,derived_from_projected_minutes,12.364669,10.834584,0.0,1.248732,1,0,0.420591324237,,,,,morning,2026-05-08T23:53:45Z,4b2e5bde#phase10c,496dfdf3-c1da-4e63-ae13-555b47910571,ok,0.0,medium,full,current_phase8,fresh,projected,derived_from_projected_minutes
Jose Alvarado,17896097,NYK,PHI,False,21708677,,ast,,,,,,stat_grid:pmf_sim_v1+role_aware_pmf_cal_v1:bench,phase8_role_aware_pmf_cal_v2,role_aware_pmf_cal_v1,bench,derived_from_projected_minutes,12.364669,10.834584,0.0,1.558385,1,0,0.377663666818,,,,,morning,2026-05-08T23:53:45Z,4b2e5bde#phase10c,496dfdf3-c1da-4e63-ae13-555b47910571,ok,0.0,medium,full,current_phase8,fresh,projected,derived_from_projected_minutes
Jose Alvarado,17896097,NYK,PHI,False,21708677,,fg3m,,,,,,stat_grid:fg3m_hurdle_v1+role_aware_pmf_cal_v1:bench,phase8_role_aware_pmf_cal_v2,role_aware_pmf_cal_v1,bench,derived_from_projected_minutes,12.364669,10.834584,0.0,0.987389,1,1,0.337025595024,,,,,morning,2026-05-08T23:53:45Z,4b2e5bde#phase10c,496dfdf3-c1da-4e63-ae13-555b47910571,ok,0.0,medium,full,current_phase8,fresh,projected,derived_from_projected_minutes
Jose Alvarado,17896097,NYK,PHI,False,21708677,,tov,,,,,,stat_grid:pmf_sim_v1+role_aware_pmf_cal_v1:bench,phase8_role_aware_pmf_cal_v2,role_aware_pmf_cal_v1,bench,derived_from_projected_minutes,12.364669,10.834584,0.0,0.687216,0,0,0.585809194843,,,,,morning,2026-05-08T23:53:45Z,4b2e5bde#phase10c,496dfdf3-c1da-4e63-ae13-555b47910571,ok,0.0,medium,full,current_phase8,fresh,projected,derived_from_projected_minutes
Lindy Waters III,27924547,SAS,MIN,False,21707974,,pts,,,,,,stat_grid:pmf_sim_v1+role_aware_pmf_cal_v1:inactive_risk,phase8_role_aware_pmf_cal_v2,role_aware_pmf_cal_v1,inactive_risk,derived_from_projected_minutes,7.88213,4.814826,0.0,2.583413,1,0,0.411217762174,,,,,morning,2026-05-08T23:53:45Z,4b2e5bde#phase10c,496dfdf3-c1da-4e63-ae13-555b47910571,ok,0.0,low,full,current_phase8,fresh,projected,derived_from_projected_minutes
Lindy Waters III,27924547,SAS,MIN,False,21707974,,reb,,,,,,stat_grid:pmf_sim_v1+role_aware_pmf_cal_v1:inactive_risk,phase8_role_aware_pmf_cal_v2,role_aware_pmf_cal_v1,inactive_risk,derived_from_projected_minutes,7.88213,4.814826,0.0,0.858827,0,0,0.54347088549,,,,,morning,2026-05-08T23:53:45Z,4b2e5bde#phase10c,496dfdf3-c1da-4e63-ae13-555b47910571,ok,0.0,low,full,current_phase8,fresh,projected,derived_from_projected_minutes
Lindy Waters III,27924547,SAS,MIN,False,21707974,,ast,,,,,,stat_grid:pmf_sim_v1+role_aware_pmf_cal_v1:inactive_risk,phase8_role_aware_pmf_cal_v2,role_aware_pmf_cal_v1,inactive_risk,derived_from_projected_minutes,7.88213,4.814826,0.0,0.56897,0,0,0.68646819239,,,,,morning,2026-05-08T23:53:45Z,4b2e5bde#phase10c,496dfdf3-c1da-4e63-ae13-555b47910571,ok,0.0,low,full,current_phase8,fresh,projected,derived_from_projected_minutes
Lindy Waters III,27924547,SAS,MIN,False,21707974,,fg3m,,,,,,stat_grid:fg3m_hurdle_v1+role_aware_pmf_cal_v1:inactive_risk,phase8_role_aware_pmf_cal_v2,role_aware_pmf_cal_v1,inactive_risk,derived_from_projected_minutes,7.88213,4.814826,0.0,0.958761,1,1,0.355221812599,,,,,morning,2026-05-08T23:53:45Z,4b2e5bde#phase10c,496dfdf3-c1da-4e63-ae13-555b47910571,ok,0.0,low,full,current_phase8,fresh,projected,derived_from_projected_minutes
Lindy Waters III,27924547,SAS,MIN,False,21707974,,tov,,,,,,stat_grid:pmf_sim_v1+role_aware_pmf_cal_v1:inactive_risk,phase8_role_aware_pmf_cal_v2,role_aware_pmf_cal_v1,inactive_risk,derived_from_projected_minutes,7.88213,4.814826,0.0,0.261548,0,0,0.819296194501,,,,,morning,2026-05-08T23:53:45Z,4b2e5bde#phase10c,496dfdf3-c1da-4e63-ae13-555b47910571,ok,0.0,low,full,current_phase8,fresh,projected,derived_from_projected_minutes
Julian Champagnie,38017649,SAS,MIN,False,21707974,,pts,,,,,,stat_grid:pmf_sim_v1+role_aware_pmf_cal_v1:core,phase8_role_aware_pmf_cal_v2,role_aware_pmf_cal_v1,core,derived_from_projected_minutes,26.069763,27.004132,0.0,8.859114,8,7,0.024604170208,,,,,morning,2026-05-08T23:53:45Z,4b2e5bde#phase10c,496dfdf3-c1da-4e63-ae13-555b47910571,ok,0.0,high,full,current_phase8,fresh,projected,derived_from_projected_minutes
Julian Champagnie,38017649,SAS,MIN,False,21707974,,reb,,,,,,stat_grid:pmf_sim_v1+role_aware_pmf_cal_v1:core,phase8_role_aware_pmf_cal_v2,role_aware_pmf_cal_v1,core,derived_from_projected_minutes,26.069763,27.004132,0.0,4.773387,4,4,0.041575163544,,,,,morning,2026-05-08T23:53:45Z,4b2e5bde#phase10c,496dfdf3-c1da-4e63-ae13-555b47910571,ok,0.0,high,full,current_phase8,fresh,projected,derived_from_projected_minutes
Julian Champagnie,38017649,SAS,MIN,False,21707974,,ast,,,,,,stat_grid:pmf_sim_v1+role_aware_pmf_cal_v1:core,phase8_role_aware_pmf_cal_v2,role_aware_pmf_cal_v1,core,derived_from_projected_minutes,26.069763,27.004132,0.0,1.570661,1,0,0.296483302055,,,,,morning,2026-05-08T23:53:45Z,4b2e5bde#phase10c,496dfdf3-c1da-4e63-ae13-555b47910571,ok,0.0,high,full,current_phase8,fresh,projected,derived_from_projected_minutes
Julian Champagnie,38017649,SAS,MIN,False,21707974,,fg3m,,,,,,stat_grid:fg3m_hurdle_v1+role_aware_pmf_cal_v1:core,phase8_role_aware_pmf_cal_v2,role_aware_pmf_cal_v1,core,derived_from_projected_minutes,26.069763,27.004132,0.0,1.932257,2,2,0.124524027037,,,,,morning,2026-05-08T23:53:45Z,4b2e5bde#phase10c,496dfdf3-c1da-4e63-ae13-555b47910571,ok,0.0,high,full,current_phase8,fresh,projected,derived_from_projected_minutes
Julian Champagnie,38017649,SAS,MIN,False,21707974,,tov,,,,,,stat_grid:pmf_sim_v1+role_aware_pmf_cal_v1:core,phase8_role_aware_pmf_cal_v2,role_aware_pmf_cal_v1,core,derived_from_projected_minutes,26.069763,27.004132,0.0,0.951455,1,0,0.452605658644,,,,,morning,2026-05-08T23:53:45Z,4b2e5bde#phase10c,496dfdf3-c1da-4e63-ae13-555b47910571,ok,0.0,high,full,current_phase8,fresh,projected,derived_from_projected_minutes
MarJon Beauchamp,38017676,PHI,NYK,True,21708677,,pts,,,,,,stat_grid:pmf_sim_v1+role_aware_pmf_cal_v1:inactive_risk,phase8_role_aware_pmf_cal_v2,role_aware_pmf_cal_v1,inactive_risk,derived_from_projected_minutes,8.403975,5.313668,0.0,3.760821,2,0,0.291562362984,,,,,morning,2026-05-08T23:53:45Z,4b2e5bde#phase10c,496dfdf3-c1da-4e63-ae13-555b47910571,ok,0.0,low,full,current_phase8,fresh,projected,derived_from_projected_minutes
MarJon Beauchamp,38017676,PHI,NYK,True,21708677,,reb,,,,,,stat_grid:pmf_sim_v1+role_aware_pmf_cal_v1:inactive_risk,phase8_role_aware_pmf_cal_v2,role_aware_pmf_cal_v1,inactive_risk,derived_from_projected_minutes,8.403975,5.313668,0.0,1.175596,1,0,0.442016354788,,,,,morning,2026-05-08T23:53:45Z,4b2e5bde#phase10c,496dfdf3-c1da-4e63-ae13-555b47910571,ok,0.0,low,full,current_phase8,fresh,projected,derived_from_projected_minutes
MarJon Beauchamp,38017676,PHI,NYK,True,21708677,,ast,,,,,,stat_grid:pmf_sim_v1+role_aware_pmf_cal_v1:inactive_risk,phase8_role_aware_pmf_cal_v2,role_aware_pmf_cal_v1,inactive_risk,derived_from_projected_minutes,8.403975,5.313668,0.0,0.430893,0,0,0.746038828331,,,,,morning,2026-05-08T23:53:45Z,4b2e5bde#phase10c,496dfdf3-c1da-4e63-ae13-555b47910571,ok,0.0,low,full,current_phase8,fresh,projected,derived_from_projected_minutes
MarJon Beauchamp,38017676,PHI,NYK,True,21708677,,fg3m,,,,,,stat_grid:fg3m_hurdle_v1+role_aware_pmf_cal_v1:inactive_risk,phase8_role_aware_pmf_cal_v2,role_aware_pmf_cal_v1,inactive_risk,derived_from_projected_minutes,8.403975,5.313668,0.0,0.942822,1,1,0.363632252789,,,,,morning,2026-05-08T23:53:45Z,4b2e5bde#phase10c,496dfdf3-c1da-4e63-ae13-555b47910571,ok,0.0,low,full,current_phase8,fresh,projected,derived_from_projected_minutes
MarJon Beauchamp,38017676,PHI,NYK,True,21708677,,tov,,,,,,stat_grid:pmf_sim_v1+role_aware_pmf_cal_v1:inactive_risk,phase8_role_aware_pmf_cal_v2,role_aware_pmf_cal_v1,inactive_risk,derived_from_projected_minutes,8.403975,5.313668,0.0,0.422229,0,0,0.732719756026,,,,,morning,2026-05-08T23:53:45Z,4b2e5bde#phase10c,496dfdf3-c1da-4e63-ae13-555b47910571,ok,0.0,low,full,current_phase8,fresh,projected,derived_from_projected_minutes
Jeremy Sochan,38017699,NYK,MIN,False,21707974,,pts,,,,,,stat_grid:pmf_sim_v1+role_aware_pmf_cal_v1:fringe,phase8_role_aware_pmf_cal_v2,role_aware_pmf_cal_v1,fringe,derived_from_projected_minutes,10.842171,7.930422,0.0,4.036117,2,0,0.318822984341,,,,,morning,2026-05-08T23:53:45Z,4b2e5bde#phase10c,496dfdf3-c1da-4e63-ae13-555b47910571,ok,0.0,medium,full,current_phase8,fresh,projected,derived_from_projected_minutes
Jeremy Sochan,38017699,NYK,MIN,False,21707974,,reb,,,,,,stat_grid:pmf_sim_v1+role_aware_pmf_cal_v1:fringe,phase8_role_aware_pmf_cal_v2,role_aware_pmf_cal_v1,fringe,derived_from_projected_minutes,10.842171,7.930422,0.0,2.009394,1,0,0.343188232605,,,,,morning,2026-05-08T23:53:45Z,4b2e5bde#phase10c,496dfdf3-c1da-4e63-ae13-555b47910571,ok,0.0,medium,full,current_phase8,fresh,projected,derived_from_projected_minutes
Jeremy Sochan,38017699,NYK,MIN,False,21707974,,ast,,,,,,stat_grid:pmf_sim_v1+role_aware_pmf_cal_v1:fringe,phase8_role_aware_pmf_cal_v2,role_aware_pmf_cal_v1,fringe,derived_from_projected_minutes,10.842171,7.930422,0.0,0.706586,0,0,0.61754682765,,,,,morning,2026-05-08T23:53:45Z,4b2e5bde#phase10c,496dfdf3-c1da-4e63-ae13-555b47910571,ok,0.0,medium,full,current_phase8,fresh,projected,derived_from_projected_minutes
Jeremy Sochan,38017699,NYK,MIN,False,21707974,,fg3m,,,,,,stat_grid:fg3m_hurdle_v1+role_aware_pmf_cal_v1:fringe,phase8_role_aware_pmf_cal_v2,role_aware_pmf_cal_v1,fringe,derived_from_projected_minutes,10.842171,7.930422,0.0,0.0,0,0,1.0,,,,,morning,2026-05-08T23:53:45Z,4b2e5bde#phase10c,496dfdf3-c1da-4e63-ae13-555b47910571,ok,0.0,medium,full,current_phase8,fresh,projected,derived_from_projected_minutes
Jeremy Sochan,38017699,NYK,MIN,False,21707974,,tov,,,,,,stat_grid:pmf_sim_v1+role_aware_pmf_cal_v1:fringe,phase8_role_aware_pmf_cal_v2,role_aware_pmf_cal_v1,fringe,derived_from_projected_minutes,10.842171,7.930422,0.0,0.482142,0,0,0.700523040222,,,,,morning,2026-05-08T23:53:45Z,4b2e5bde#phase10c,496dfdf3-c1da-4e63-ae13-555b47910571,ok,0.0,medium,full,current_phase8,fresh,projected,derived_from_projected_minutes
Jeremy Sochan,38017699,NYK,PHI,False,21708677,,pts,,,,,,stat_grid:pmf_sim_v1+role_aware_pmf_cal_v1:fringe,phase8_role_aware_pmf_cal_v2,role_aware_pmf_cal_v1,fringe,derived_from_projected_minutes,10.842171,7.930422,0.0,4.101495,2,0,0.322192258375,,,,,morning,2026-05-08T23:53:45Z,4b2e5bde#phase10c,496dfdf3-c1da-4e63-ae13-555b47910571,ok,0.0,medium,full,current_phase8,fresh,projected,derived_from_projected_minutes
Jeremy Sochan,38017699,NYK,PHI,False,21708677,,reb,,,,,,stat_grid:pmf_sim_v1+role_aware_pmf_cal_v1:fringe,phase8_role_aware_pmf_cal_v2,role_aware_pmf_cal_v1,fringe,derived_from_projected_minutes,10.842171,7.930422,0.0,1.914256,1,0,0.355261921528,,,,,morning,2026-05-08T23:53:45Z,4b2e5bde#phase10c,496dfdf3-c1da-4e63-ae13-555b47910571,ok,0.0,medium,full,current_phase8,fresh,projected,derived_from_projected_minutes
Jeremy Sochan,38017699,NYK,PHI,False,21708677,,ast,,,,,,stat_grid:pmf_sim_v1+role_aware_pmf_cal_v1:fringe,phase8_role_aware_pmf_cal_v2,role_aware_pmf_cal_v1,fringe,derived_from_projected_minutes,10.842171,7.930422,0.0,0.614634,0,0,0.647628378268,,,,,morning,2026-05-08T23:53:45Z,4b2e5bde#phase10c,496dfdf3-c1da-4e63-ae13-555b47910571,ok,0.0,medium,full,current_phase8,fresh,projected,derived_from_projected_minutes
Jeremy Sochan,38017699,NYK,PHI,False,21708677,,fg3m,,,,,,stat_grid:fg3m_hurdle_v1+role_aware_pmf_cal_v1:fringe,phase8_role_aware_pmf_cal_v2,role_aware_pmf_cal_v1,fringe,derived_from_projected_minutes,10.842171,7.930422,0.0,0.0,0,0,1.0,,,,,morning,2026-05-08T23:53:45Z,4b2e5bde#phase10c,496dfdf3-c1da-4e63-ae13-555b47910571,ok,0.0,medium,full,current_phase8,fresh,projected,derived_from_projected_minutes
Jeremy Sochan,38017699,NYK,PHI,False,21708677,,tov,,,,,,stat_grid:pmf_sim_v1+role_aware_pmf_cal_v1:fringe,phase8_role_aware_pmf_cal_v2,role_aware_pmf_cal_v1,fringe,derived_from_projected_minutes,10.842171,7.930422,0.0,0.530133,0,0,0.675575311753,,,,,morning,2026-05-08T23:53:45Z,4b2e5bde#phase10c,496dfdf3-c1da-4e63-ae13-555b47910571,ok,0.0,medium,full,current_phase8,fresh,projected,derived_from_projected_minutes
Jabari Walker,38017711,PHI,NYK,True,21708677,,pts,,,,,,stat_grid:pmf_sim_v1+role_aware_pmf_cal_v1:fringe,phase8_role_aware_pmf_cal_v2,role_aware_pmf_cal_v1,fringe,derived_from_projected_minutes,8.591313,4.569672,0.0,2.662154,1,0,0.424887947241,,,,,morning,2026-05-08T23:53:45Z,4b2e5bde#phase10c,496dfdf3-c1da-4e63-ae13-555b47910571,ok,0.0,medium,full,current_phase8,fresh,projected,derived_from_projected_minutes
Jabari Walker,38017711,PHI,NYK,True,21708677,,reb,,,,,,stat_grid:pmf_sim_v1+role_aware_pmf_cal_v1:fringe,phase8_role_aware_pmf_cal_v2,role_aware_pmf_cal_v1,fringe,derived_from_projected_minutes,8.591313,4.569672,0.0,1.197258,1,0,0.468820993744,,,,,morning,2026-05-08T23:53:45Z,4b2e5bde#phase10c,496dfdf3-c1da-4e63-ae13-555b47910571,ok,0.0,medium,full,current_phase8,fresh,projected,derived_from_projected_minutes
Jabari Walker,38017711,PHI,NYK,True,21708677,,ast,,,,,,stat_grid:pmf_sim_v1+role_aware_pmf_cal_v1:fringe,phase8_role_aware_pmf_cal_v2,role_aware_pmf_cal_v1,fringe,derived_from_projected_minutes,8.591313,4.569672,0.0,0.398781,0,0,0.762413426328,,,,,morning,2026-05-08T23:53:45Z,4b2e5bde#phase10c,496dfdf3-c1da-4e63-ae13-555b47910571,ok,0.0,medium,full,current_phase8,fresh,projected,derived_from_projected_minutes
Jabari Walker,38017711,PHI,NYK,True,21708677,,fg3m,,,,,,stat_grid:fg3m_hurdle_v1+role_aware_pmf_cal_v1:fringe,phase8_role_aware_pmf_cal_v2,role_aware_pmf_cal_v1,fringe,derived_from_projected_minutes,8.591313,4.569672,0.0,0.0,0,0,1.0,,,,,morning,2026-05-08T23:53:45Z,4b2e5bde#phase10c,496dfdf3-c1da-4e63-ae13-555b47910571,ok,0.0,medium,full,current_phase8,fresh,projected,derived_from_projected_minutes
Jabari Walker,38017711,PHI,NYK,True,21708677,,tov,,,,,,stat_grid:pmf_sim_v1+role_aware_pmf_cal_v1:fringe,phase8_role_aware_pmf_cal_v2,role_aware_pmf_cal_v1,fringe,derived_from_projected_minutes,8.591313,4.569672,0.0,0.397207,0,0,0.719018632077,,,,,morning,2026-05-08T23:53:45Z,4b2e5bde#phase10c,496dfdf3-c1da-4e63-ae13-555b47910571,ok,0.0,medium,full,current_phase8,fresh,projected,derived_from_projected_minutes
Dalen Terry,38017719,PHI,NYK,True,21708677,,pts,,,,,,stat_grid:pmf_sim_v1+role_aware_pmf_cal_v1:inactive_risk,phase8_role_aware_pmf_cal_v2,role_aware_pmf_cal_v1,inactive_risk,derived_from_projected_minutes,8.022929,4.95154,0.0,2.580042,1,0,0.430833222169,,,,,morning,2026-05-08T23:53:45Z,4b2e5bde#phase10c,496dfdf3-c1da-4e63-ae13-555b47910571,ok,0.0,low,full,current_phase8,fresh,projected,derived_from_projected_minutes
Dalen Terry,38017719,PHI,NYK,True,21708677,,reb,,,,,,stat_grid:pmf_sim_v1+role_aware_pmf_cal_v1:inactive_risk,phase8_role_aware_pmf_cal_v2,role_aware_pmf_cal_v1,inactive_risk,derived_from_projected_minutes,8.022929,4.95154,0.0,0.861571,0,0,0.560838962922,,,,,morning,2026-05-08T23:53:45Z,4b2e5bde#phase10c,496dfdf3-c1da-4e63-ae13-555b47910571,ok,0.0,low,full,current_phase8,fresh,projected,derived_from_projected_minutes
Dalen Terry,38017719,PHI,NYK,True,21708677,,ast,,,,,,stat_grid:pmf_sim_v1+role_aware_pmf_cal_v1:inactive_risk,phase8_role_aware_pmf_cal_v2,role_aware_pmf_cal_v1,inactive_risk,derived_from_projected_minutes,8.022929,4.95154,0.0,0.615663,0,0,0.665471639439,,,,,morning,2026-05-08T23:53:45Z,4b2e5bde#phase10c,496dfdf3-c1da-4e63-ae13-555b47910571,ok,0.0,low,full,current_phase8,fresh,projected,derived_from_projected_minutes
Dalen Terry,38017719,PHI,NYK,True,21708677,,fg3m,,,,,,stat_grid:fg3m_hurdle_v1+role_aware_pmf_cal_v1:inactive_risk,phase8_role_aware_pmf_cal_v2,role_aware_pmf_cal_v1,inactive_risk,derived_from_projected_minutes,8.022929,4.95154,0.0,0.0,0,0,1.0,,,,,morning,2026-05-08T23:53:45Z,4b2e5bde#phase10c,496dfdf3-c1da-4e63-ae13-555b47910571,ok,0.0,low,full,current_phase8,fresh,projected,derived_from_projected_minutes
Dalen Terry,38017719,PHI,NYK,True,21708677,,tov,,,,,,stat_grid:pmf_sim_v1+role_aware_pmf_cal_v1:inactive_risk,phase8_role_aware_pmf_cal_v2,role_aware_pmf_cal_v1,inactive_risk,derived_from_projected_minutes,8.022929,4.95154,0.0,0.259764,0,0,0.821552175058,,,,,morning,2026-05-08T23:53:45Z,4b2e5bde#phase10c,496dfdf3-c1da-4e63-ae13-555b47910571,ok,0.0,low,full,current_phase8,fresh,projected,derived_from_projected_minutes
Tyrese Martin,38017722,PHI,NYK,True,21708677,,pts,,,,,,stat_grid:pmf_sim_v1+role_aware_pmf_cal_v1:fringe,phase8_role_aware_pmf_cal_v2,role_aware_pmf_cal_v1,fringe,derived_from_projected_minutes,10.118779,7.989513,0.0,2.766297,1,0,0.394149773554,,,,,morning,2026-05-08T23:53:45Z,4b2e5bde#phase10c,496dfdf3-c1da-4e63-ae13-555b47910571,ok,0.0,medium,full,current_phase8,fresh,projected,derived_from_projected_minutes
Tyrese Martin,38017722,PHI,NYK,True,21708677,,reb,,,,,,stat_grid:pmf_sim_v1+role_aware_pmf_cal_v1:fringe,phase8_role_aware_pmf_cal_v2,role_aware_pmf_cal_v1,fringe,derived_from_projected_minutes,10.118779,7.989513,0.0,1.071672,1,0,0.48825544456,,,,,morning,2026-05-08T23:53:45Z,4b2e5bde#phase10c,496dfdf3-c1da-4e63-ae13-555b47910571,ok,0.0,medium,full,current_phase8,fresh,projected,derived_from_projected_minutes
Tyrese Martin,38017722,PHI,NYK,True,21708677,,ast,,,,,,stat_grid:pmf_sim_v1+role_aware_pmf_cal_v1:fringe,phase8_role_aware_pmf_cal_v2,role_aware_pmf_cal_v1,fringe,derived_from_projected_minutes,10.118779,7.989513,0.0,0.845285,0,0,0.585333890827,,,,,morning,2026-05-08T23:53:45Z,4b2e5bde#phase10c,496dfdf3-c1da-4e63-ae13-555b47910571,ok,0.0,medium,full,current_phase8,fresh,projected,derived_from_projected_minutes
Tyrese Martin,38017722,PHI,NYK,True,21708677,,fg3m,,,,,,stat_grid:fg3m_hurdle_v1+role_aware_pmf_cal_v1:fringe,phase8_role_aware_pmf_cal_v2,role_aware_pmf_cal_v1,fringe,derived_from_projected_minutes,10.118779,7.989513,0.0,0.0,0,0,1.0,,,,,morning,2026-05-08T23:53:45Z,4b2e5bde#phase10c,496dfdf3-c1da-4e63-ae13-555b47910571,ok,0.0,medium,full,current_phase8,fresh,projected,derived_from_projected_minutes
Tyrese Martin,38017722,PHI,NYK,True,21708677,,tov,,,,,,stat_grid:pmf_sim_v1+role_aware_pmf_cal_v1:fringe,phase8_role_aware_pmf_cal_v2,role_aware_pmf_cal_v1,fringe,derived_from_projected_minutes,10.118779,7.989513,0.0,0.402706,0,0,0.703946766511,,,,,morning,2026-05-08T23:53:45Z,4b2e5bde#phase10c,496dfdf3-c1da-4e63-ae13-555b47910571,ok,0.0,medium,full,current_phase8,fresh,projected,derived_from_projected_minutes
Dominick Barlow,38017730,PHI,NYK,True,21708677,,pts,,,,,,stat_grid:pmf_sim_v1+role_aware_pmf_cal_v1:bench,phase8_role_aware_pmf_cal_v2,role_aware_pmf_cal_v1,bench,derived_from_projected_minutes,13.490054,12.663087,0.0,3.47682,2,0,0.27766790213,,,,,morning,2026-05-08T23:53:45Z,4b2e5bde#phase10c,496dfdf3-c1da-4e63-ae13-555b47910571,ok,0.0,medium,full,current_phase8,fresh,projected,derived_from_projected_minutes
Dominick Barlow,38017730,PHI,NYK,True,21708677,,reb,,,,,,stat_grid:pmf_sim_v1+role_aware_pmf_cal_v1:bench,phase8_role_aware_pmf_cal_v2,role_aware_pmf_cal_v1,bench,derived_from_projected_minutes,13.490054,12.663087,0.0,2.601896,2,0,0.213612833951,,,,,morning,2026-05-08T23:53:45Z,4b2e5bde#phase10c,496dfdf3-c1da-4e63-ae13-555b47910571,ok,0.0,medium,full,current_phase8,fresh,projected,derived_from_projected_minutes
Dominick Barlow,38017730,PHI,NYK,True,21708677,,ast,,,,,,stat_grid:pmf_sim_v1+role_aware_pmf_cal_v1:bench,phase8_role_aware_pmf_cal_v2,role_aware_pmf_cal_v1,bench,derived_from_projected_minutes,13.490054,12.663087,0.0,0.521546,0,0,0.702749732941,,,,,morning,2026-05-08T23:53:45Z,4b2e5bde#phase10c,496dfdf3-c1da-4e63-ae13-555b47910571,ok,0.0,medium,full,current_phase8,fresh,projected,derived_from_projected_minutes
Dominick Barlow,38017730,PHI,NYK,True,21708677,,fg3m,,,,,,stat_grid:fg3m_hurdle_v1+role_aware_pmf_cal_v1:bench,phase8_role_aware_pmf_cal_v2,role_aware_pmf_cal_v1,bench,derived_from_projected_minutes,13.490054,12.663087,0.0,0.0,0,0,1.0,,,,,morning,2026-05-08T23:53:45Z,4b2e5bde#phase10c,496dfdf3-c1da-4e63-ae13-555b47910571,ok,0.0,medium,full,current_phase8,fresh,projected,derived_from_projected_minutes
Dominick Barlow,38017730,PHI,NYK,True,21708677,,tov,,,,,,stat_grid:pmf_sim_v1+role_aware_pmf_cal_v1:bench,phase8_role_aware_pmf_cal_v2,role_aware_pmf_cal_v1,bench,derived_from_projected_minutes,13.490054,12.663087,0.0,0.470056,0,0,0.683252999641,,,,,morning,2026-05-08T23:53:45Z,4b2e5bde#phase10c,496dfdf3-c1da-4e63-ae13-555b47910571,ok,0.0,medium,full,current_phase8,fresh,projected,derived_from_projected_minutes
Victor Wembanyama,56677822,SAS,MIN,False,21707974,,pts,,,,,,stat_grid:pmf_sim_v1+role_aware_pmf_cal_v1:core,phase8_role_aware_pmf_cal_v2,role_aware_pmf_cal_v1,core,derived_from_projected_minutes,29.646974,30.324429,0.0,22.443417,22,25,0.007737548137,,,,,morning,2026-05-08T23:53:45Z,4b2e5bde#phase10c,496dfdf3-c1da-4e63-ae13-555b47910571,ok,0.0,high,full,current_phase8,fresh,projected,derived_from_projected_minutes
Victor Wembanyama,56677822,SAS,MIN,False,21707974,,reb,,,,,,stat_grid:pmf_sim_v1+role_aware_pmf_cal_v1:core,phase8_role_aware_pmf_cal_v2,role_aware_pmf_cal_v1,core,derived_from_projected_minutes,29.646974,30.324429,0.0,10.663256,11,9,0.010100401015,,,,,morning,2026-05-08T23:53:45Z,4b2e5bde#phase10c,496dfdf3-c1da-4e63-ae13-555b47910571,ok,0.0,high,full,current_phase8,fresh,projected,derived_from_projected_minutes
Victor Wembanyama,56677822,SAS,MIN,False,21707974,,ast,,,,,,stat_grid:pmf_sim_v1+role_aware_pmf_cal_v1:core,phase8_role_aware_pmf_cal_v2,role_aware_pmf_cal_v1,core,derived_from_projected_minutes,29.646974,30.324429,0.0,2.998717,3,2,0.12025763527,,,,,morning,2026-05-08T23:53:45Z,4b2e5bde#phase10c,496dfdf3-c1da-4e63-ae13-555b47910571,ok,0.0,high,full,current_phase8,fresh,projected,derived_from_projected_minutes
Victor Wembanyama,56677822,SAS,MIN,False,21707974,,fg3m,,,,,,stat_grid:fg3m_hurdle_v1+role_aware_pmf_cal_v1:core,phase8_role_aware_pmf_cal_v2,role_aware_pmf_cal_v1,core,derived_from_projected_minutes,29.646974,30.324429,0.0,2.054694,2,2,0.120371489869,,,,,morning,2026-05-08T23:53:45Z,4b2e5bde#phase10c,496dfdf3-c1da-4e63-ae13-555b47910571,ok,0.0,high,full,current_phase8,fresh,projected,derived_from_projected_minutes
Victor Wembanyama,56677822,SAS,MIN,False,21707974,,tov,,,,,,stat_grid:pmf_sim_v1+role_aware_pmf_cal_v1:core,phase8_role_aware_pmf_cal_v2,role_aware_pmf_cal_v1,core,derived_from_projected_minutes,29.646974,30.324429,0.0,2.708099,3,3,0.169987808917,,,,,morning,2026-05-08T23:53:45Z,4b2e5bde#phase10c,496dfdf3-c1da-4e63-ae13-555b47910571,ok,0.0,high,full,current_phase8,fresh,projected,derived_from_projected_minutes
Jaylen Clark,56677851,MIN,SAS,True,21707974,,pts,,,,,,stat_grid:pmf_sim_v1+role_aware_pmf_cal_v1:bench,phase8_role_aware_pmf_cal_v2,role_aware_pmf_cal_v1,bench,derived_from_projected_minutes,14.714445,12.239266,0.0,3.648063,2,0,0.27365657162,,,,,morning,2026-05-08T23:53:45Z,4b2e5bde#phase10c,496dfdf3-c1da-4e63-ae13-555b47910571,ok,0.0,medium,full,current_phase8,fresh,projected,derived_from_projected_minutes
Jaylen Clark,56677851,MIN,SAS,True,21707974,,reb,,,,,,stat_grid:pmf_sim_v1+role_aware_pmf_cal_v1:bench,phase8_role_aware_pmf_cal_v2,role_aware_pmf_cal_v1,bench,derived_from_projected_minutes,14.714445,12.239266,0.0,1.63784,1,0,0.34784731478,,,,,morning,2026-05-08T23:53:45Z,4b2e5bde#phase10c,496dfdf3-c1da-4e63-ae13-555b47910571,ok,0.0,medium,full,current_phase8,fresh,projected,derived_from_projected_minutes
Jaylen Clark,56677851,MIN,SAS,True,21707974,,ast,,,,,,stat_grid:pmf_sim_v1+role_aware_pmf_cal_v1:bench,phase8_role_aware_pmf_cal_v2,role_aware_pmf_cal_v1,bench,derived_from_projected_minutes,14.714445,12.239266,0.0,0.55412,0,0,0.665707140574,,,,,morning,2026-05-08T23:53:45Z,4b2e5bde#phase10c,496dfdf3-c1da-4e63-ae13-555b47910571,ok,0.0,medium,full,current_phase8,fresh,projected,derived_from_projected_minutes
Jaylen Clark,56677851,MIN,SAS,True,21707974,,fg3m,,,,,,stat_grid:fg3m_hurdle_v1+role_aware_pmf_cal_v1:bench,phase8_role_aware_pmf_cal_v2,role_aware_pmf_cal_v1,bench,derived_from_projected_minutes,14.714445,12.239266,0.0,0.951083,1,1,0.361572097585,,,,,morning,2026-05-08T23:53:45Z,4b2e5bde#phase10c,496dfdf3-c1da-4e63-ae13-555b47910571,ok,0.0,medium,full,current_phase8,fresh,projected,derived_from_projected_minutes
Jaylen Clark,56677851,MIN,SAS,True,21707974,,tov,,,,,,stat_grid:pmf_sim_v1+role_aware_pmf_cal_v1:bench,phase8_role_aware_pmf_cal_v2,role_aware_pmf_cal_v1,bench,derived_from_projected_minutes,14.714445,12.239266,0.0,0.419557,0,0,0.715371643578,,,,,morning,2026-05-08T23:53:45Z,4b2e5bde#phase10c,496dfdf3-c1da-4e63-ae13-555b47910571,ok,0.0,medium,full,current_phase8,fresh,projected,derived_from_projected_minutes
Julian Phillips,56677857,MIN,SAS,True,21707974,,pts,,,,,,stat_grid:pmf_sim_v1+role_aware_pmf_cal_v1:inactive_risk,phase8_role_aware_pmf_cal_v2,role_aware_pmf_cal_v1,inactive_risk,derived_from_projected_minutes,9.656606,6.310645,0.0,2.472058,1,0,0.423798134803,,,,,morning,2026-05-08T23:53:45Z,4b2e5bde#phase10c,496dfdf3-c1da-4e63-ae13-555b47910571,ok,0.0,low,full,current_phase8,fresh,projected,derived_from_projected_minutes
Julian Phillips,56677857,MIN,SAS,True,21707974,,reb,,,,,,stat_grid:pmf_sim_v1+role_aware_pmf_cal_v1:inactive_risk,phase8_role_aware_pmf_cal_v2,role_aware_pmf_cal_v1,inactive_risk,derived_from_projected_minutes,9.656606,6.310645,0.0,0.969191,0,0,0.547452337612,,,,,morning,2026-05-08T23:53:45Z,4b2e5bde#phase10c,496dfdf3-c1da-4e63-ae13-555b47910571,ok,0.0,low,full,current_phase8,fresh,projected,derived_from_projected_minutes
Julian Phillips,56677857,MIN,SAS,True,21707974,,ast,,,,,,stat_grid:pmf_sim_v1+role_aware_pmf_cal_v1:inactive_risk,phase8_role_aware_pmf_cal_v2,role_aware_pmf_cal_v1,inactive_risk,derived_from_projected_minutes,9.656606,6.310645,0.0,0.554355,0,0,0.688737346075,,,,,morning,2026-05-08T23:53:45Z,4b2e5bde#phase10c,496dfdf3-c1da-4e63-ae13-555b47910571,ok,0.0,low,full,current_phase8,fresh,projected,derived_from_projected_minutes
Julian Phillips,56677857,MIN,SAS,True,21707974,,fg3m,,,,,,stat_grid:fg3m_hurdle_v1+role_aware_pmf_cal_v1:inactive_risk,phase8_role_aware_pmf_cal_v2,role_aware_pmf_cal_v1,inactive_risk,derived_from_projected_minutes,9.656606,6.310645,0.0,0.096983,0,0,0.903016610256,,,,,morning,2026-05-08T23:53:45Z,4b2e5bde#phase10c,496dfdf3-c1da-4e63-ae13-555b47910571,ok,0.0,low,full,current_phase8,fresh,projected,derived_from_projected_minutes
Julian Phillips,56677857,MIN,SAS,True,21707974,,tov,,,,,,stat_grid:pmf_sim_v1+role_aware_pmf_cal_v1:inactive_risk,phase8_role_aware_pmf_cal_v2,role_aware_pmf_cal_v1,inactive_risk,derived_from_projected_minutes,9.656606,6.310645,0.0,0.335328,0,0,0.78041392106,,,,,morning,2026-05-08T23:53:45Z,4b2e5bde#phase10c,496dfdf3-c1da-4e63-ae13-555b47910571,ok,0.0,low,full,current_phase8,fresh,projected,derived_from_projected_minutes
Trey Jemison,64269023,NYK,PHI,False,21708677,,pts,,,,,,stat_grid:pmf_sim_v1+role_aware_pmf_cal_v1:fringe,phase8_role_aware_pmf_cal_v2,role_aware_pmf_cal_v1,fringe,derived_from_projected_minutes,9.845074,6.738418,0.0,2.133565,1,0,0.424941541763,,,,,morning,2026-05-08T23:53:45Z,4b2e5bde#phase10c,496dfdf3-c1da-4e63-ae13-555b47910571,ok,0.0,medium,full,current_phase8,fresh,projected,derived_from_projected_minutes
Trey Jemison,64269023,NYK,PHI,False,21708677,,reb,,,,,,stat_grid:pmf_sim_v1+role_aware_pmf_cal_v1:fringe,phase8_role_aware_pmf_cal_v2,role_aware_pmf_cal_v1,fringe,derived_from_projected_minutes,9.845074,6.738418,0.0,2.100653,1,0,0.310521927596,,,,,morning,2026-05-08T23:53:45Z,4b2e5bde#phase10c,496dfdf3-c1da-4e63-ae13-555b47910571,ok,0.0,medium,full,current_phase8,fresh,projected,derived_from_projected_minutes
Trey Jemison,64269023,NYK,PHI,False,21708677,,ast,,,,,,stat_grid:pmf_sim_v1+role_aware_pmf_cal_v1:fringe,phase8_role_aware_pmf_cal_v2,role_aware_pmf_cal_v1,fringe,derived_from_projected_minutes,9.845074,6.738418,0.0,0.510516,0,0,0.700945734296,,,,,morning,2026-05-08T23:53:45Z,4b2e5bde#phase10c,496dfdf3-c1da-4e63-ae13-555b47910571,ok,0.0,medium,full,current_phase8,fresh,projected,derived_from_projected_minutes
Trey Jemison,64269023,NYK,PHI,False,21708677,,fg3m,,,,,,stat_grid:fg3m_hurdle_v1+role_aware_pmf_cal_v1:fringe,phase8_role_aware_pmf_cal_v2,role_aware_pmf_cal_v1,fringe,derived_from_projected_minutes,9.845074,6.738418,0.0,0.0,0,0,1.0,,,,,morning,2026-05-08T23:53:45Z,4b2e5bde#phase10c,496dfdf3-c1da-4e63-ae13-555b47910571,ok,0.0,medium,full,current_phase8,fresh,projected,derived_from_projected_minutes
Trey Jemison,64269023,NYK,PHI,False,21708677,,tov,,,,,,stat_grid:pmf_sim_v1+role_aware_pmf_cal_v1:fringe,phase8_role_aware_pmf_cal_v2,role_aware_pmf_cal_v1,fringe,derived_from_projected_minutes,9.845074,6.738418,0.0,0.495929,0,0,0.697510508067,,,,,morning,2026-05-08T23:53:45Z,4b2e5bde#phase10c,496dfdf3-c1da-4e63-ae13-555b47910571,ok,0.0,medium,full,current_phase8,fresh,projected,derived_from_projected_minutes
Stephon Castle,1028025261,SAS,MIN,False,21707974,,pts,,,,,,stat_grid:pmf_sim_v1+role_aware_pmf_cal_v1:core,phase8_role_aware_pmf_cal_v2,role_aware_pmf_cal_v1,core,derived_from_projected_minutes,29.192116,30.273105,0.0,17.125186,17,15,0.0095754737,,,,,morning,2026-05-08T23:53:45Z,4b2e5bde#phase10c,496dfdf3-c1da-4e63-ae13-555b47910571,ok,0.0,high,full,current_phase8,fresh,projected,derived_from_projected_minutes
Stephon Castle,1028025261,SAS,MIN,False,21707974,,reb,,,,,,stat_grid:pmf_sim_v1+role_aware_pmf_cal_v1:core,phase8_role_aware_pmf_cal_v2,role_aware_pmf_cal_v1,core,derived_from_projected_minutes,29.192116,30.273105,0.0,4.957123,5,4,0.036039087261,,,,,morning,2026-05-08T23:53:45Z,4b2e5bde#phase10c,496dfdf3-c1da-4e63-ae13-555b47910571,ok,0.0,high,full,current_phase8,fresh,projected,derived_from_projected_minutes
Stephon Castle,1028025261,SAS,MIN,False,21707974,,ast,,,,,,stat_grid:pmf_sim_v1+role_aware_pmf_cal_v1:core,phase8_role_aware_pmf_cal_v2,role_aware_pmf_cal_v1,core,derived_from_projected_minutes,29.192116,30.273105,0.0,5.6439,5,5,0.036063988186,,,,,morning,2026-05-08T23:53:45Z,4b2e5bde#phase10c,496dfdf3-c1da-4e63-ae13-555b47910571,ok,0.0,high,full,current_phase8,fresh,projected,derived_from_projected_minutes
Stephon Castle,1028025261,SAS,MIN,False,21707974,,fg3m,,,,,,stat_grid:fg3m_hurdle_v1+role_aware_pmf_cal_v1:core,phase8_role_aware_pmf_cal_v2,role_aware_pmf_cal_v1,core,derived_from_projected_minutes,29.192116,30.273105,0.0,1.72024,2,1,0.167081655611,,,,,morning,2026-05-08T23:53:45Z,4b2e5bde#phase10c,496dfdf3-c1da-4e63-ae13-555b47910571,ok,0.0,high,full,current_phase8,fresh,projected,derived_from_projected_minutes
Stephon Castle,1028025261,SAS,MIN,False,21707974,,tov,,,,,,stat_grid:pmf_sim_v1+role_aware_pmf_cal_v1:core,phase8_role_aware_pmf_cal_v2,role_aware_pmf_cal_v1,core,derived_from_projected_minutes,29.192116,30.273105,0.0,3.029803,3,3,0.115311575505,,,,,morning,2026-05-08T23:53:45Z,4b2e5bde#phase10c,496dfdf3-c1da-4e63-ae13-555b47910571,ok,0.0,high,full,current_phase8,fresh,projected,derived_from_projected_minutes
Pacome Dadiet,1028025498,NYK,PHI,False,21708677,,pts,,,,,,stat_grid:pmf_sim_v1+role_aware_pmf_cal_v1:inactive_risk,phase8_role_aware_pmf_cal_v2,role_aware_pmf_cal_v1,inactive_risk,derived_from_projected_minutes,9.431647,5.928321,0.0,3.553717,2,0,0.316709308858,,,,,morning,2026-05-08T23:53:45Z,4b2e5bde#phase10c,496dfdf3-c1da-4e63-ae13-555b47910571,ok,0.0,low,full,current_phase8,fresh,projected,derived_from_projected_minutes
Pacome Dadiet,1028025498,NYK,PHI,False,21708677,,reb,,,,,,stat_grid:pmf_sim_v1+role_aware_pmf_cal_v1:inactive_risk,phase8_role_aware_pmf_cal_v2,role_aware_pmf_cal_v1,inactive_risk,derived_from_projected_minutes,9.431647,5.928321,0.0,1.466243,1,0,0.396675312726,,,,,morning,2026-05-08T23:53:45Z,4b2e5bde#phase10c,496dfdf3-c1da-4e63-ae13-555b47910571,ok,0.0,low,full,current_phase8,fresh,projected,derived_from_projected_minutes
Pacome Dadiet,1028025498,NYK,PHI,False,21708677,,ast,,,,,,stat_grid:pmf_sim_v1+role_aware_pmf_cal_v1:inactive_risk,phase8_role_aware_pmf_cal_v2,role_aware_pmf_cal_v1,inactive_risk,derived_from_projected_minutes,9.431647,5.928321,0.0,0.649362,0,0,0.655055442337,,,,,morning,2026-05-08T23:53:45Z,4b2e5bde#phase10c,496dfdf3-c1da-4e63-ae13-555b47910571,ok,0.0,low,full,current_phase8,fresh,projected,derived_from_projected_minutes
Pacome Dadiet,1028025498,NYK,PHI,False,21708677,,fg3m,,,,,,stat_grid:fg3m_hurdle_v1+role_aware_pmf_cal_v1:inactive_risk,phase8_role_aware_pmf_cal_v2,role_aware_pmf_cal_v1,inactive_risk,derived_from_projected_minutes,9.431647,5.928321,0.0,1.308316,1,1,0.237872053751,,,,,morning,2026-05-08T23:53:45Z,4b2e5bde#phase10c,496dfdf3-c1da-4e63-ae13-555b47910571,ok,0.0,low,full,current_phase8,fresh,projected,derived_from_projected_minutes
Pacome Dadiet,1028025498,NYK,PHI,False,21708677,,tov,,,,,,stat_grid:pmf_sim_v1+role_aware_pmf_cal_v1:inactive_risk,phase8_role_aware_pmf_cal_v2,role_aware_pmf_cal_v1,inactive_risk,derived_from_projected_minutes,9.431647,5.928321,0.0,0.28752,0,0,0.805137805885,,,,,morning,2026-05-08T23:53:45Z,4b2e5bde#phase10c,496dfdf3-c1da-4e63-ae13-555b47910571,ok,0.0,low,full,current_phase8,fresh,projected,derived_from_projected_minutes
Dillon Jones,1028026812,NYK,PHI,False,21708677,,pts,,,,,,stat_grid:pmf_sim_v1+role_aware_pmf_cal_v1:inactive_risk,phase8_role_aware_pmf_cal_v2,role_aware_pmf_cal_v1,inactive_risk,derived_from_projected_minutes,8.616474,5.444421,0.0,2.851644,2,0,0.30147702121,,,,,morning,2026-05-08T23:53:45Z,4b2e5bde#phase10c,496dfdf3-c1da-4e63-ae13-555b47910571,ok,0.0,low,full,current_phase8,fresh,projected,derived_from_projected_minutes
Dillon Jones,1028026812,NYK,PHI,False,21708677,,reb,,,,,,stat_grid:pmf_sim_v1+role_aware_pmf_cal_v1:inactive_risk,phase8_role_aware_pmf_cal_v2,role_aware_pmf_cal_v1,inactive_risk,derived_from_projected_minutes,8.616474,5.444421,0.0,1.297799,1,0,0.417085353387,,,,,morning,2026-05-08T23:53:45Z,4b2e5bde#phase10c,496dfdf3-c1da-4e63-ae13-555b47910571,ok,0.0,low,full,current_phase8,fresh,projected,derived_from_projected_minutes
Dillon Jones,1028026812,NYK,PHI,False,21708677,,ast,,,,,,stat_grid:pmf_sim_v1+role_aware_pmf_cal_v1:inactive_risk,phase8_role_aware_pmf_cal_v2,role_aware_pmf_cal_v1,inactive_risk,derived_from_projected_minutes,8.616474,5.444421,0.0,0.69301,0,0,0.632168209133,,,,,morning,2026-05-08T23:53:45Z,4b2e5bde#phase10c,496dfdf3-c1da-4e63-ae13-555b47910571,ok,0.0,low,full,current_phase8,fresh,projected,derived_from_projected_minutes
Dillon Jones,1028026812,NYK,PHI,False,21708677,,fg3m,,,,,,stat_grid:fg3m_hurdle_v1+role_aware_pmf_cal_v1:inactive_risk,phase8_role_aware_pmf_cal_v2,role_aware_pmf_cal_v1,inactive_risk,derived_from_projected_minutes,8.616474,5.444421,0.0,0.0,0,0,1.0,,,,,morning,2026-05-08T23:53:45Z,4b2e5bde#phase10c,496dfdf3-c1da-4e63-ae13-555b47910571,ok,0.0,low,full,current_phase8,fresh,projected,derived_from_projected_minutes
Dillon Jones,1028026812,NYK,PHI,False,21708677,,tov,,,,,,stat_grid:pmf_sim_v1+role_aware_pmf_cal_v1:inactive_risk,phase8_role_aware_pmf_cal_v2,role_aware_pmf_cal_v1,inactive_risk,derived_from_projected_minutes,8.616474,5.444421,0.0,0.249622,0,0,0.828046708333,,,,,morning,2026-05-08T23:53:45Z,4b2e5bde#phase10c,496dfdf3-c1da-4e63-ae13-555b47910571,ok,0.0,low,full,current_phase8,fresh,projected,derived_from_projected_minutes
Jared McCain,1028027372,OKC,PHI,False,21708677,,pts,,,,,,stat_grid:pmf_sim_v1+role_aware_pmf_cal_v1:bench,phase8_role_aware_pmf_cal_v2,role_aware_pmf_cal_v1,bench,derived_from_projected_minutes,15.10938,13.286887,0.0,6.627531,5,0,0.168370679453,,,,,morning,2026-05-08T23:53:45Z,4b2e5bde#phase10c,496dfdf3-c1da-4e63-ae13-555b47910571,ok,0.0,medium,full,current_phase8,fresh,projected,derived_from_projected_minutes
Jared McCain,1028027372,OKC,PHI,False,21708677,,reb,,,,,,stat_grid:pmf_sim_v1+role_aware_pmf_cal_v1:bench,phase8_role_aware_pmf_cal_v2,role_aware_pmf_cal_v1,bench,derived_from_projected_minutes,15.10938,13.286887,0.0,1.736422,1,0,0.331318584546,,,,,morning,2026-05-08T23:53:45Z,4b2e5bde#phase10c,496dfdf3-c1da-4e63-ae13-555b47910571,ok,0.0,medium,full,current_phase8,fresh,projected,derived_from_projected_minutes
Jared McCain,1028027372,OKC,PHI,False,21708677,,ast,,,,,,stat_grid:pmf_sim_v1+role_aware_pmf_cal_v1:bench,phase8_role_aware_pmf_cal_v2,role_aware_pmf_cal_v1,bench,derived_from_projected_minutes,15.10938,13.286887,0.0,0.925041,0,0,0.518815597721,,,,,morning,2026-05-08T23:53:45Z,4b2e5bde#phase10c,496dfdf3-c1da-4e63-ae13-555b47910571,ok,0.0,medium,full,current_phase8,fresh,projected,derived_from_projected_minutes
Jared McCain,1028027372,OKC,PHI,False,21708677,,fg3m,,,,,,stat_grid:fg3m_hurdle_v1+role_aware_pmf_cal_v1:bench,phase8_role_aware_pmf_cal_v2,role_aware_pmf_cal_v1,bench,derived_from_projected_minutes,15.10938,13.286887,0.0,0.625572,1,0,0.49878890534,,,,,morning,2026-05-08T23:53:45Z,4b2e5bde#phase10c,496dfdf3-c1da-4e63-ae13-555b47910571,ok,0.0,medium,full,current_phase8,fresh,projected,derived_from_projected_minutes
Jared McCain,1028027372,OKC,PHI,False,21708677,,tov,,,,,,stat_grid:pmf_sim_v1+role_aware_pmf_cal_v1:bench,phase8_role_aware_pmf_cal_v2,role_aware_pmf_cal_v1,bench,derived_from_projected_minutes,15.10938,13.286887,0.0,0.845018,0,0,0.535084484277,,,,,morning,2026-05-08T23:53:45Z,4b2e5bde#phase10c,496dfdf3-c1da-4e63-ae13-555b47910571,ok,0.0,medium,full,current_phase8,fresh,projected,derived_from_projected_minutes
Terrence Shannon Jr.,1028028501,MIN,SAS,True,21707974,,pts,,,,,,stat_grid:pmf_sim_v1+role_aware_pmf_cal_v1:rotation,phase8_role_aware_pmf_cal_v2,role_aware_pmf_cal_v1,rotation,derived_from_projected_minutes,22.978989,20.64436,0.0,10.14849,9,0,0.057142889933,,,,,morning,2026-05-08T23:53:45Z,4b2e5bde#phase10c,496dfdf3-c1da-4e63-ae13-555b47910571,ok,0.0,high,full,current_phase8,fresh,projected,derived_from_projected_minutes
Terrence Shannon Jr.,1028028501,MIN,SAS,True,21707974,,reb,,,,,,stat_grid:pmf_sim_v1+role_aware_pmf_cal_v1:rotation,phase8_role_aware_pmf_cal_v2,role_aware_pmf_cal_v1,rotation,derived_from_projected_minutes,22.978989,20.64436,0.0,2.486154,2,1,0.198579175099,,,,,morning,2026-05-08T23:53:45Z,4b2e5bde#phase10c,496dfdf3-c1da-4e63-ae13-555b47910571,ok,0.0,high,full,current_phase8,fresh,projected,derived_from_projected_minutes
Terrence Shannon Jr.,1028028501,MIN,SAS,True,21707974,,ast,,,,,,stat_grid:pmf_sim_v1+role_aware_pmf_cal_v1:rotation,phase8_role_aware_pmf_cal_v2,role_aware_pmf_cal_v1,rotation,derived_from_projected_minutes,22.978989,20.64436,0.0,1.210107,1,0,0.458606711678,,,,,morning,2026-05-08T23:53:45Z,4b2e5bde#phase10c,496dfdf3-c1da-4e63-ae13-555b47910571,ok,0.0,high,full,current_phase8,fresh,projected,derived_from_projected_minutes
Terrence Shannon Jr.,1028028501,MIN,SAS,True,21707974,,fg3m,,,,,,stat_grid:fg3m_hurdle_v1+role_aware_pmf_cal_v1:rotation,phase8_role_aware_pmf_cal_v2,role_aware_pmf_cal_v1,rotation,derived_from_projected_minutes,22.978989,20.64436,0.0,0.970997,1,1,0.365074986208,,,,,morning,2026-05-08T23:53:45Z,4b2e5bde#phase10c,496dfdf3-c1da-4e63-ae13-555b47910571,ok,0.0,high,full,current_phase8,fresh,projected,derived_from_projected_minutes
Terrence Shannon Jr.,1028028501,MIN,SAS,True,21707974,,tov,,,,,,stat_grid:pmf_sim_v1+role_aware_pmf_cal_v1:rotation,phase8_role_aware_pmf_cal_v2,role_aware_pmf_cal_v1,rotation,derived_from_projected_minutes,22.978989,20.64436,0.0,1.161727,1,0,0.404010459483,,,,,morning,2026-05-08T23:53:45Z,4b2e5bde#phase10c,496dfdf3-c1da-4e63-ae13-555b47910571,ok,0.0,high,full,current_phase8,fresh,projected,derived_from_projected_minutes
Adem Bona,1028034846,PHI,NYK,True,21708677,,pts,,,,,,stat_grid:pmf_sim_v1+role_aware_pmf_cal_v1:fringe,phase8_role_aware_pmf_cal_v2,role_aware_pmf_cal_v1,fringe,derived_from_projected_minutes,10.77015,7.903011,0.0,2.589468,1,0,0.400939939378,,,,,morning,2026-05-08T23:53:45Z,4b2e5bde#phase10c,496dfdf3-c1da-4e63-ae13-555b47910571,ok,0.0,medium,full,current_phase8,fresh,projected,derived_from_projected_minutes
Adem Bona,1028034846,PHI,NYK,True,21708677,,reb,,,,,,stat_grid:pmf_sim_v1+role_aware_pmf_cal_v1:fringe,phase8_role_aware_pmf_cal_v2,role_aware_pmf_cal_v1,fringe,derived_from_projected_minutes,10.77015,7.903011,0.0,1.795518,1,0,0.359960432709,,,,,morning,2026-05-08T23:53:45Z,4b2e5bde#phase10c,496dfdf3-c1da-4e63-ae13-555b47910571,ok,0.0,medium,full,current_phase8,fresh,projected,derived_from_projected_minutes
Adem Bona,1028034846,PHI,NYK,True,21708677,,ast,,,,,,stat_grid:pmf_sim_v1+role_aware_pmf_cal_v1:fringe,phase8_role_aware_pmf_cal_v2,role_aware_pmf_cal_v1,fringe,derived_from_projected_minutes,10.77015,7.903011,0.0,0.481418,0,0,0.733786421297,,,,,morning,2026-05-08T23:53:45Z,4b2e5bde#phase10c,496dfdf3-c1da-4e63-ae13-555b47910571,ok,0.0,medium,full,current_phase8,fresh,projected,derived_from_projected_minutes
Adem Bona,1028034846,PHI,NYK,True,21708677,,fg3m,,,,,,stat_grid:fg3m_hurdle_v1+role_aware_pmf_cal_v1:fringe,phase8_role_aware_pmf_cal_v2,role_aware_pmf_cal_v1,fringe,derived_from_projected_minutes,10.77015,7.903011,0.0,0.0,0,0,1.0,,,,,morning,2026-05-08T23:53:45Z,4b2e5bde#phase10c,496dfdf3-c1da-4e63-ae13-555b47910571,ok,0.0,medium,full,current_phase8,fresh,projected,derived_from_projected_minutes
Adem Bona,1028034846,PHI,NYK,True,21708677,,tov,,,,,,stat_grid:pmf_sim_v1+role_aware_pmf_cal_v1:fringe,phase8_role_aware_pmf_cal_v2,role_aware_pmf_cal_v1,fringe,derived_from_projected_minutes,10.77015,7.903011,0.0,0.688351,0,0,0.635580158215,,,,,morning,2026-05-08T23:53:45Z,4b2e5bde#phase10c,496dfdf3-c1da-4e63-ae13-555b47910571,ok,0.0,medium,full,current_phase8,fresh,projected,derived_from_projected_minutes
Tyler Kolek,1028036898,NYK,PHI,False,21708677,,pts,,,,,,stat_grid:pmf_sim_v1+role_aware_pmf_cal_v1:inactive_risk,phase8_role_aware_pmf_cal_v2,role_aware_pmf_cal_v1,inactive_risk,derived_from_projected_minutes,9.564436,6.44565,0.0,3.665107,2,0,0.297477306546,,,,,morning,2026-05-08T23:53:45Z,4b2e5bde#phase10c,496dfdf3-c1da-4e63-ae13-555b47910571,ok,0.0,low,full,current_phase8,fresh,projected,derived_from_projected_minutes
Tyler Kolek,1028036898,NYK,PHI,False,21708677,,reb,,,,,,stat_grid:pmf_sim_v1+role_aware_pmf_cal_v1:inactive_risk,phase8_role_aware_pmf_cal_v2,role_aware_pmf_cal_v1,inactive_risk,derived_from_projected_minutes,9.564436,6.44565,0.0,1.075851,0,0,0.512617938376,,,,,morning,2026-05-08T23:53:45Z,4b2e5bde#phase10c,496dfdf3-c1da-4e63-ae13-555b47910571,ok,0.0,low,full,current_phase8,fresh,projected,derived_from_projected_minutes
Tyler Kolek,1028036898,NYK,PHI,False,21708677,,ast,,,,,,stat_grid:pmf_sim_v1+role_aware_pmf_cal_v1:inactive_risk,phase8_role_aware_pmf_cal_v2,role_aware_pmf_cal_v1,inactive_risk,derived_from_projected_minutes,9.564436,6.44565,0.0,1.294974,1,0,0.445121154029,,,,,morning,2026-05-08T23:53:45Z,4b2e5bde#phase10c,496dfdf3-c1da-4e63-ae13-555b47910571,ok,0.0,low,full,current_phase8,fresh,projected,derived_from_projected_minutes
Tyler Kolek,1028036898,NYK,PHI,False,21708677,,fg3m,,,,,,stat_grid:fg3m_hurdle_v1+role_aware_pmf_cal_v1:inactive_risk,phase8_role_aware_pmf_cal_v2,role_aware_pmf_cal_v1,inactive_risk,derived_from_projected_minutes,9.564436,6.44565,0.0,0.0,0,0,1.0,,,,,morning,2026-05-08T23:53:45Z,4b2e5bde#phase10c,496dfdf3-c1da-4e63-ae13-555b47910571,ok,0.0,low,full,current_phase8,fresh,projected,derived_from_projected_minutes
Tyler Kolek,1028036898,NYK,PHI,False,21708677,,tov,,,,,,stat_grid:pmf_sim_v1+role_aware_pmf_cal_v1:inactive_risk,phase8_role_aware_pmf_cal_v2,role_aware_pmf_cal_v1,inactive_risk,derived_from_projected_minutes,9.564436,6.44565,0.0,0.444707,0,0,0.724219232903,,,,,morning,2026-05-08T23:53:45Z,4b2e5bde#phase10c,496dfdf3-c1da-4e63-ae13-555b47910571,ok,0.0,low,full,current_phase8,fresh,projected,derived_from_projected_minutes
Ariel Hukporti,1028046422,NYK,PHI,False,21708677,,pts,,,,,,stat_grid:pmf_sim_v1+role_aware_pmf_cal_v1:bench,phase8_role_aware_pmf_cal_v2,role_aware_pmf_cal_v1,bench,derived_from_projected_minutes,13.110962,9.831095,0.0,3.733833,2,0,0.2699170949,,,,,morning,2026-05-08T23:53:45Z,4b2e5bde#phase10c,496dfdf3-c1da-4e63-ae13-555b47910571,ok,0.0,medium,full,current_phase8,fresh,projected,derived_from_projected_minutes
Ariel Hukporti,1028046422,NYK,PHI,False,21708677,,reb,,,,,,stat_grid:pmf_sim_v1+role_aware_pmf_cal_v1:bench,phase8_role_aware_pmf_cal_v2,role_aware_pmf_cal_v1,bench,derived_from_projected_minutes,13.110962,9.831095,0.0,4.139921,3,0,0.153890187024,,,,,morning,2026-05-08T23:53:45Z,4b2e5bde#phase10c,496dfdf3-c1da-4e63-ae13-555b47910571,ok,0.0,medium,full,current_phase8,fresh,projected,derived_from_projected_minutes
Ariel Hukporti,1028046422,NYK,PHI,False,21708677,,ast,,,,,,stat_grid:pmf_sim_v1+role_aware_pmf_cal_v1:bench,phase8_role_aware_pmf_cal_v2,role_aware_pmf_cal_v1,bench,derived_from_projected_minutes,13.110962,9.831095,0.0,0.569343,0,0,0.693646094283,,,,,morning,2026-05-08T23:53:45Z,4b2e5bde#phase10c,496dfdf3-c1da-4e63-ae13-555b47910571,ok,0.0,medium,full,current_phase8,fresh,projected,derived_from_projected_minutes
Ariel Hukporti,1028046422,NYK,PHI,False,21708677,,fg3m,,,,,,stat_grid:fg3m_hurdle_v1+role_aware_pmf_cal_v1:bench,phase8_role_aware_pmf_cal_v2,role_aware_pmf_cal_v1,bench,derived_from_projected_minutes,13.110962,9.831095,0.0,0.0,0,0,1.0,,,,,morning,2026-05-08T23:53:45Z,4b2e5bde#phase10c,496dfdf3-c1da-4e63-ae13-555b47910571,ok,0.0,medium,full,current_phase8,fresh,projected,derived_from_projected_minutes
Ariel Hukporti,1028046422,NYK,PHI,False,21708677,,tov,,,,,,stat_grid:pmf_sim_v1+role_aware_pmf_cal_v1:bench,phase8_role_aware_pmf_cal_v2,role_aware_pmf_cal_v1,bench,derived_from_projected_minutes,13.110962,9.831095,0.0,0.626288,0,0,0.633572537126,,,,,morning,2026-05-08T23:53:45Z,4b2e5bde#phase10c,496dfdf3-c1da-4e63-ae13-555b47910571,ok,0.0,medium,full,current_phase8,fresh,projected,derived_from_projected_minutes
Harrison Ingram,1028046464,SAS,MIN,False,21707974,,pts,,,,,,stat_grid:pmf_sim_v1+role_aware_pmf_cal_v1:inactive_risk,phase8_role_aware_pmf_cal_v2,role_aware_pmf_cal_v1,inactive_risk,derived_from_projected_minutes,7.321372,4.142943,0.0,2.428916,1,0,0.389797420537,,,,,morning,2026-05-08T23:53:45Z,4b2e5bde#phase10c,496dfdf3-c1da-4e63-ae13-555b47910571,ok,0.0,low,full,current_phase8,fresh,projected,derived_from_projected_minutes
Harrison Ingram,1028046464,SAS,MIN,False,21707974,,reb,,,,,,stat_grid:pmf_sim_v1+role_aware_pmf_cal_v1:inactive_risk,phase8_role_aware_pmf_cal_v2,role_aware_pmf_cal_v1,inactive_risk,derived_from_projected_minutes,7.321372,4.142943,0.0,1.367143,1,0,0.403263165115,,,,,morning,2026-05-08T23:53:45Z,4b2e5bde#phase10c,496dfdf3-c1da-4e63-ae13-555b47910571,ok,0.0,low,full,current_phase8,fresh,projected,derived_from_projected_minutes
Harrison Ingram,1028046464,SAS,MIN,False,21707974,,ast,,,,,,stat_grid:pmf_sim_v1+role_aware_pmf_cal_v1:inactive_risk,phase8_role_aware_pmf_cal_v2,role_aware_pmf_cal_v1,inactive_risk,derived_from_projected_minutes,7.321372,4.142943,0.0,0.567855,0,0,0.686150613851,,,,,morning,2026-05-08T23:53:45Z,4b2e5bde#phase10c,496dfdf3-c1da-4e63-ae13-555b47910571,ok,0.0,low,full,current_phase8,fresh,projected,derived_from_projected_minutes
Harrison Ingram,1028046464,SAS,MIN,False,21707974,,fg3m,,,,,,stat_grid:fg3m_hurdle_v1+role_aware_pmf_cal_v1:inactive_risk,phase8_role_aware_pmf_cal_v2,role_aware_pmf_cal_v1,inactive_risk,derived_from_projected_minutes,7.321372,4.142943,0.0,0.0,0,0,1.0,,,,,morning,2026-05-08T23:53:45Z,4b2e5bde#phase10c,496dfdf3-c1da-4e63-ae13-555b47910571,ok,0.0,low,full,current_phase8,fresh,projected,derived_from_projected_minutes
Harrison Ingram,1028046464,SAS,MIN,False,21707974,,tov,,,,,,stat_grid:pmf_sim_v1+role_aware_pmf_cal_v1:inactive_risk,phase8_role_aware_pmf_cal_v2,role_aware_pmf_cal_v1,inactive_risk,derived_from_projected_minutes,7.321372,4.142943,0.0,0.318465,0,0,0.802690800582,,,,,morning,2026-05-08T23:53:45Z,4b2e5bde#phase10c,496dfdf3-c1da-4e63-ae13-555b47910571,ok,0.0,low,full,current_phase8,fresh,projected,derived_from_projected_minutes
Kevin McCullar Jr.,1028047255,NYK,PHI,False,21708677,,pts,,,,,,stat_grid:pmf_sim_v1+role_aware_pmf_cal_v1:fringe,phase8_role_aware_pmf_cal_v2,role_aware_pmf_cal_v1,fringe,derived_from_projected_minutes,9.6283,6.890546,0.0,2.709234,1,0,0.391712111147,,,,,morning,2026-05-08T23:53:45Z,4b2e5bde#phase10c,496dfdf3-c1da-4e63-ae13-555b47910571,ok,0.0,medium,full,current_phase8,fresh,projected,derived_from_projected_minutes
Kevin McCullar Jr.,1028047255,NYK,PHI,False,21708677,,reb,,,,,,stat_grid:pmf_sim_v1+role_aware_pmf_cal_v1:fringe,phase8_role_aware_pmf_cal_v2,role_aware_pmf_cal_v1,fringe,derived_from_projected_minutes,9.6283,6.890546,0.0,1.43446,1,0,0.403457531033,,,,,morning,2026-05-08T23:53:45Z,4b2e5bde#phase10c,496dfdf3-c1da-4e63-ae13-555b47910571,ok,0.0,medium,full,current_phase8,fresh,projected,derived_from_projected_minutes
Kevin McCullar Jr.,1028047255,NYK,PHI,False,21708677,,ast,,,,,,stat_grid:pmf_sim_v1+role_aware_pmf_cal_v1:fringe,phase8_role_aware_pmf_cal_v2,role_aware_pmf_cal_v1,fringe,derived_from_projected_minutes,9.6283,6.890546,0.0,0.895247,0,0,0.534472336035,,,,,morning,2026-05-08T23:53:45Z,4b2e5bde#phase10c,496dfdf3-c1da-4e63-ae13-555b47910571,ok,0.0,medium,full,current_phase8,fresh,projected,derived_from_projected_minutes
Kevin McCullar Jr.,1028047255,NYK,PHI,False,21708677,,fg3m,,,,,,stat_grid:fg3m_hurdle_v1+role_aware_pmf_cal_v1:fringe,phase8_role_aware_pmf_cal_v2,role_aware_pmf_cal_v1,fringe,derived_from_projected_minutes,9.6283,6.890546,0.0,0.0,0,0,1.0,,,,,morning,2026-05-08T23:53:45Z,4b2e5bde#phase10c,496dfdf3-c1da-4e63-ae13-555b47910571,ok,0.0,medium,full,current_phase8,fresh,projected,derived_from_projected_minutes
Kevin McCullar Jr.,1028047255,NYK,PHI,False,21708677,,tov,,,,,,stat_grid:pmf_sim_v1+role_aware_pmf_cal_v1:fringe,phase8_role_aware_pmf_cal_v2,role_aware_pmf_cal_v1,fringe,derived_from_projected_minutes,9.6283,6.890546,0.0,0.440137,0,0,0.680680106822,,,,,morning,2026-05-08T23:53:45Z,4b2e5bde#phase10c,496dfdf3-c1da-4e63-ae13-555b47910571,ok,0.0,medium,full,current_phase8,fresh,projected,derived_from_projected_minutes
Justin Edwards,1028214238,PHI,NYK,True,21708677,,pts,,,,,,stat_grid:pmf_sim_v1+role_aware_pmf_cal_v1:bench,phase8_role_aware_pmf_cal_v2,role_aware_pmf_cal_v1,bench,derived_from_projected_minutes,12.76981,9.756065,0.0,3.671247,2,0,0.284538888953,,,,,morning,2026-05-08T23:53:45Z,4b2e5bde#phase10c,496dfdf3-c1da-4e63-ae13-555b47910571,ok,0.0,medium,full,current_phase8,fresh,projected,derived_from_projected_minutes
Justin Edwards,1028214238,PHI,NYK,True,21708677,,reb,,,,,,stat_grid:pmf_sim_v1+role_aware_pmf_cal_v1:bench,phase8_role_aware_pmf_cal_v2,role_aware_pmf_cal_v1,bench,derived_from_projected_minutes,12.76981,9.756065,0.0,1.153265,1,0,0.473363951022,,,,,morning,2026-05-08T23:53:45Z,4b2e5bde#phase10c,496dfdf3-c1da-4e63-ae13-555b47910571,ok,0.0,medium,full,current_phase8,fresh,projected,derived_from_projected_minutes
Justin Edwards,1028214238,PHI,NYK,True,21708677,,ast,,,,,,stat_grid:pmf_sim_v1+role_aware_pmf_cal_v1:bench,phase8_role_aware_pmf_cal_v2,role_aware_pmf_cal_v1,bench,derived_from_projected_minutes,12.76981,9.756065,0.0,0.572258,0,0,0.691805014181,,,,,morning,2026-05-08T23:53:45Z,4b2e5bde#phase10c,496dfdf3-c1da-4e63-ae13-555b47910571,ok,0.0,medium,full,current_phase8,fresh,projected,derived_from_projected_minutes
Justin Edwards,1028214238,PHI,NYK,True,21708677,,fg3m,,,,,,stat_grid:fg3m_hurdle_v1+role_aware_pmf_cal_v1:bench,phase8_role_aware_pmf_cal_v2,role_aware_pmf_cal_v1,bench,derived_from_projected_minutes,12.76981,9.756065,0.0,0.579832,0,0,0.533644226641,,,,,morning,2026-05-08T23:53:45Z,4b2e5bde#phase10c,496dfdf3-c1da-4e63-ae13-555b47910571,ok,0.0,medium,full,current_phase8,fresh,projected,derived_from_projected_minutes
Justin Edwards,1028214238,PHI,NYK,True,21708677,,tov,,,,,,stat_grid:pmf_sim_v1+role_aware_pmf_cal_v1:bench,phase8_role_aware_pmf_cal_v2,role_aware_pmf_cal_v1,bench,derived_from_projected_minutes,12.76981,9.756065,0.0,0.430543,0,0,0.701247060643,,,,,morning,2026-05-08T23:53:45Z,4b2e5bde#phase10c,496dfdf3-c1da-4e63-ae13-555b47910571,ok,0.0,medium,full,current_phase8,fresh,projected,derived_from_projected_minutes
VJ Edgecombe,1057261935,PHI,NYK,True,21708677,,pts,,,,,,stat_grid:pmf_sim_v1+role_aware_pmf_cal_v1:starter,phase8_role_aware_pmf_cal_v2,role_aware_pmf_cal_v1,starter,derived_from_projected_minutes,34.435332,36.072813,0.0,13.737078,13,14,0.013566932179,,,,,morning,2026-05-08T23:53:45Z,4b2e5bde#phase10c,496dfdf3-c1da-4e63-ae13-555b47910571,ok,0.0,high,full,current_phase8,fresh,projected,derived_from_projected_minutes
VJ Edgecombe,1057261935,PHI,NYK,True,21708677,,reb,,,,,,stat_grid:pmf_sim_v1+role_aware_pmf_cal_v1:starter,phase8_role_aware_pmf_cal_v2,role_aware_pmf_cal_v1,starter,derived_from_projected_minutes,34.435332,36.072813,0.0,4.459292,4,4,0.043488199793,,,,,morning,2026-05-08T23:53:45Z,4b2e5bde#phase10c,496dfdf3-c1da-4e63-ae13-555b47910571,ok,0.0,high,full,current_phase8,fresh,projected,derived_from_projected_minutes
VJ Edgecombe,1057261935,PHI,NYK,True,21708677,,ast,,,,,,stat_grid:pmf_sim_v1+role_aware_pmf_cal_v1:starter,phase8_role_aware_pmf_cal_v2,role_aware_pmf_cal_v1,starter,derived_from_projected_minutes,34.435332,36.072813,0.0,3.004443,3,2,0.105255534644,,,,,morning,2026-05-08T23:53:45Z,4b2e5bde#phase10c,496dfdf3-c1da-4e63-ae13-555b47910571,ok,0.0,high,full,current_phase8,fresh,projected,derived_from_projected_minutes
VJ Edgecombe,1057261935,PHI,NYK,True,21708677,,fg3m,,,,,,stat_grid:fg3m_hurdle_v1+role_aware_pmf_cal_v1:starter,phase8_role_aware_pmf_cal_v2,role_aware_pmf_cal_v1,starter,derived_from_projected_minutes,34.435332,36.072813,0.0,2.048471,2,1,0.120656987862,,,,,morning,2026-05-08T23:53:45Z,4b2e5bde#phase10c,496dfdf3-c1da-4e63-ae13-555b47910571,ok,0.0,high,full,current_phase8,fresh,projected,derived_from_projected_minutes
VJ Edgecombe,1057261935,PHI,NYK,True,21708677,,tov,,,,,,stat_grid:pmf_sim_v1+role_aware_pmf_cal_v1:starter,phase8_role_aware_pmf_cal_v2,role_aware_pmf_cal_v1,starter,derived_from_projected_minutes,34.435332,36.072813,0.0,2.030697,2,2,0.207104263941,,,,,morning,2026-05-08T23:53:45Z,4b2e5bde#phase10c,496dfdf3-c1da-4e63-ae13-555b47910571,ok,0.0,high,full,current_phase8,fresh,projected,derived_from_projected_minutes
Dylan Harper,1057262518,SAS,MIN,False,21707974,,pts,,,,,,stat_grid:pmf_sim_v1+role_aware_pmf_cal_v1:core,phase8_role_aware_pmf_cal_v2,role_aware_pmf_cal_v1,core,derived_from_projected_minutes,24.133006,22.396952,0.0,11.619753,11,10,0.019615332123,,,,,morning,2026-05-08T23:53:45Z,4b2e5bde#phase10c,496dfdf3-c1da-4e63-ae13-555b47910571,ok,0.0,high,full,current_phase8,fresh,projected,derived_from_projected_minutes
Dylan Harper,1057262518,SAS,MIN,False,21707974,,reb,,,,,,stat_grid:pmf_sim_v1+role_aware_pmf_cal_v1:core,phase8_role_aware_pmf_cal_v2,role_aware_pmf_cal_v1,core,derived_from_projected_minutes,24.133006,22.396952,0.0,3.716022,3,3,0.065111282603,,,,,morning,2026-05-08T23:53:45Z,4b2e5bde#phase10c,496dfdf3-c1da-4e63-ae13-555b47910571,ok,0.0,high,full,current_phase8,fresh,projected,derived_from_projected_minutes
Dylan Harper,1057262518,SAS,MIN,False,21707974,,ast,,,,,,stat_grid:pmf_sim_v1+role_aware_pmf_cal_v1:core,phase8_role_aware_pmf_cal_v2,role_aware_pmf_cal_v1,core,derived_from_projected_minutes,24.133006,22.396952,0.0,2.897885,3,2,0.130697806385,,,,,morning,2026-05-08T23:53:45Z,4b2e5bde#phase10c,496dfdf3-c1da-4e63-ae13-555b47910571,ok,0.0,high,full,current_phase8,fresh,projected,derived_from_projected_minutes
Dylan Harper,1057262518,SAS,MIN,False,21707974,,fg3m,,,,,,stat_grid:fg3m_hurdle_v1+role_aware_pmf_cal_v1:core,phase8_role_aware_pmf_cal_v2,role_aware_pmf_cal_v1,core,derived_from_projected_minutes,24.133006,22.396952,0.0,0.648466,1,0,0.482674956826,,,,,morning,2026-05-08T23:53:45Z,4b2e5bde#phase10c,496dfdf3-c1da-4e63-ae13-555b47910571,ok,0.0,high,full,current_phase8,fresh,projected,derived_from_projected_minutes
Dylan Harper,1057262518,SAS,MIN,False,21707974,,tov,,,,,,stat_grid:pmf_sim_v1+role_aware_pmf_cal_v1:core,phase8_role_aware_pmf_cal_v2,role_aware_pmf_cal_v1,core,derived_from_projected_minutes,24.133006,22.396952,0.0,1.497336,1,0,0.29981320265,,,,,morning,2026-05-08T23:53:45Z,4b2e5bde#phase10c,496dfdf3-c1da-4e63-ae13-555b47910571,ok,0.0,high,full,current_phase8,fresh,projected,derived_from_projected_minutes
Joan Beringer,1057271099,MIN,SAS,True,21707974,,pts,,,,,,stat_grid:pmf_sim_v1+role_aware_pmf_cal_v1:inactive_risk,phase8_role_aware_pmf_cal_v2,role_aware_pmf_cal_v1,inactive_risk,derived_from_projected_minutes,9.052264,6.159219,0.0,4.043568,2,0,0.274721466261,,,,,morning,2026-05-08T23:53:45Z,4b2e5bde#phase10c,496dfdf3-c1da-4e63-ae13-555b47910571,ok,0.0,low,full,current_phase8,fresh,projected,derived_from_projected_minutes
Joan Beringer,1057271099,MIN,SAS,True,21707974,,reb,,,,,,stat_grid:pmf_sim_v1+role_aware_pmf_cal_v1:inactive_risk,phase8_role_aware_pmf_cal_v2,role_aware_pmf_cal_v1,inactive_risk,derived_from_projected_minutes,9.052264,6.159219,0.0,2.631679,2,0,0.233015495698,,,,,morning,2026-05-08T23:53:45Z,4b2e5bde#phase10c,496dfdf3-c1da-4e63-ae13-555b47910571,ok,0.0,low,full,current_phase8,fresh,projected,derived_from_projected_minutes
Joan Beringer,1057271099,MIN,SAS,True,21707974,,ast,,,,,,stat_grid:pmf_sim_v1+role_aware_pmf_cal_v1:inactive_risk,phase8_role_aware_pmf_cal_v2,role_aware_pmf_cal_v1,inactive_risk,derived_from_projected_minutes,9.052264,6.159219,0.0,0.477257,0,0,0.720215967261,,,,,morning,2026-05-08T23:53:45Z,4b2e5bde#phase10c,496dfdf3-c1da-4e63-ae13-555b47910571,ok,0.0,low,full,current_phase8,fresh,projected,derived_from_projected_minutes
Joan Beringer,1057271099,MIN,SAS,True,21707974,,fg3m,,,,,,stat_grid:fg3m_hurdle_v1+role_aware_pmf_cal_v1:inactive_risk,phase8_role_aware_pmf_cal_v2,role_aware_pmf_cal_v1,inactive_risk,derived_from_projected_minutes,9.052264,6.159219,0.0,0.0,0,0,1.0,,,,,morning,2026-05-08T23:53:45Z,4b2e5bde#phase10c,496dfdf3-c1da-4e63-ae13-555b47910571,ok,0.0,low,full,current_phase8,fresh,projected,derived_from_projected_minutes
Joan Beringer,1057271099,MIN,SAS,True,21707974,,tov,,,,,,stat_grid:pmf_sim_v1+role_aware_pmf_cal_v1:inactive_risk,phase8_role_aware_pmf_cal_v2,role_aware_pmf_cal_v1,inactive_risk,derived_from_projected_minutes,9.052264,6.159219,0.0,0.478423,0,0,0.720132883007,,,,,morning,2026-05-08T23:53:45Z,4b2e5bde#phase10c,496dfdf3-c1da-4e63-ae13-555b47910571,ok,0.0,low,full,current_phase8,fresh,projected,derived_from_projected_minutes
Carter Bryant,1057271360,SAS,MIN,False,21707974,,pts,,,,,,stat_grid:pmf_sim_v1+role_aware_pmf_cal_v1:bench,phase8_role_aware_pmf_cal_v2,role_aware_pmf_cal_v1,bench,derived_from_projected_minutes,12.893033,11.267766,0.0,3.562975,2,0,0.27483338472,,,,,morning,2026-05-08T23:53:45Z,4b2e5bde#phase10c,496dfdf3-c1da-4e63-ae13-555b47910571,ok,0.0,medium,full,current_phase8,fresh,projected,derived_from_projected_minutes
Carter Bryant,1057271360,SAS,MIN,False,21707974,,reb,,,,,,stat_grid:pmf_sim_v1+role_aware_pmf_cal_v1:bench,phase8_role_aware_pmf_cal_v2,role_aware_pmf_cal_v1,bench,derived_from_projected_minutes,12.893033,11.267766,0.0,2.398875,2,0,0.249098968231,,,,,morning,2026-05-08T23:53:45Z,4b2e5bde#phase10c,496dfdf3-c1da-4e63-ae13-555b47910571,ok,0.0,medium,full,current_phase8,fresh,projected,derived_from_projected_minutes
Carter Bryant,1057271360,SAS,MIN,False,21707974,,ast,,,,,,stat_grid:pmf_sim_v1+role_aware_pmf_cal_v1:bench,phase8_role_aware_pmf_cal_v2,role_aware_pmf_cal_v1,bench,derived_from_projected_minutes,12.893033,11.267766,0.0,1.006025,1,0,0.498151587357,,,,,morning,2026-05-08T23:53:45Z,4b2e5bde#phase10c,496dfdf3-c1da-4e63-ae13-555b47910571,ok,0.0,medium,full,current_phase8,fresh,projected,derived_from_projected_minutes
Carter Bryant,1057271360,SAS,MIN,False,21707974,,fg3m,,,,,,stat_grid:fg3m_hurdle_v1+role_aware_pmf_cal_v1:bench,phase8_role_aware_pmf_cal_v2,role_aware_pmf_cal_v1,bench,derived_from_projected_minutes,12.893033,11.267766,0.0,0.987427,1,1,0.335615366714,,,,,morning,2026-05-08T23:53:45Z,4b2e5bde#phase10c,496dfdf3-c1da-4e63-ae13-555b47910571,ok,0.0,medium,full,current_phase8,fresh,projected,derived_from_projected_minutes
Carter Bryant,1057271360,SAS,MIN,False,21707974,,tov,,,,,,stat_grid:pmf_sim_v1+role_aware_pmf_cal_v1:bench,phase8_role_aware_pmf_cal_v2,role_aware_pmf_cal_v1,bench,derived_from_projected_minutes,12.893033,11.267766,0.0,0.471448,0,0,0.682881724254,,,,,morning,2026-05-08T23:53:45Z,4b2e5bde#phase10c,496dfdf3-c1da-4e63-ae13-555b47910571,ok,0.0,medium,full,current_phase8,fresh,projected,derived_from_projected_minutes
Mohamed Diawara,1057393207,NYK,PHI,False,21708677,,pts,,,,,,stat_grid:pmf_sim_v1+role_aware_pmf_cal_v1:fringe,phase8_role_aware_pmf_cal_v2,role_aware_pmf_cal_v1,fringe,derived_from_projected_minutes,10.833341,7.722611,0.0,3.44805,2,0,0.353632288574,,,,,morning,2026-05-08T23:53:45Z,4b2e5bde#phase10c,496dfdf3-c1da-4e63-ae13-555b47910571,ok,0.0,medium,full,current_phase8,fresh,projected,derived_from_projected_minutes
Mohamed Diawara,1057393207,NYK,PHI,False,21708677,,reb,,,,,,stat_grid:pmf_sim_v1+role_aware_pmf_cal_v1:fringe,phase8_role_aware_pmf_cal_v2,role_aware_pmf_cal_v1,fringe,derived_from_projected_minutes,10.833341,7.722611,0.0,1.30129,1,0,0.414897561506,,,,,morning,2026-05-08T23:53:45Z,4b2e5bde#phase10c,496dfdf3-c1da-4e63-ae13-555b47910571,ok,0.0,medium,full,current_phase8,fresh,projected,derived_from_projected_minutes
Mohamed Diawara,1057393207,NYK,PHI,False,21708677,,ast,,,,,,stat_grid:pmf_sim_v1+role_aware_pmf_cal_v1:fringe,phase8_role_aware_pmf_cal_v2,role_aware_pmf_cal_v1,fringe,derived_from_projected_minutes,10.833341,7.722611,0.0,1.031803,0,0,0.540829165925,,,,,morning,2026-05-08T23:53:45Z,4b2e5bde#phase10c,496dfdf3-c1da-4e63-ae13-555b47910571,ok,0.0,medium,full,current_phase8,fresh,projected,derived_from_projected_minutes
Mohamed Diawara,1057393207,NYK,PHI,False,21708677,,fg3m,,,,,,stat_grid:fg3m_hurdle_v1+role_aware_pmf_cal_v1:fringe,phase8_role_aware_pmf_cal_v2,role_aware_pmf_cal_v1,fringe,derived_from_projected_minutes,10.833341,7.722611,0.0,0.0,0,0,1.0,,,,,morning,2026-05-08T23:53:45Z,4b2e5bde#phase10c,496dfdf3-c1da-4e63-ae13-555b47910571,ok,0.0,medium,full,current_phase8,fresh,projected,derived_from_projected_minutes
Mohamed Diawara,1057393207,NYK,PHI,False,21708677,,tov,,,,,,stat_grid:pmf_sim_v1+role_aware_pmf_cal_v1:fringe,phase8_role_aware_pmf_cal_v2,role_aware_pmf_cal_v1,fringe,derived_from_projected_minutes,10.833341,7.722611,0.0,0.403683,0,0,0.725178817271,,,,,morning,2026-05-08T23:53:45Z,4b2e5bde#phase10c,496dfdf3-c1da-4e63-ae13-555b47910571,ok,0.0,medium,full,current_phase8,fresh,projected,derived_from_projected_minutes
