player_name,player_id,team,opponent,is_home,game_id,stat,role_bucket,pmf_source,calibration_source,snapshot_type,snapshot_time_utc,model_version,pipeline_run_id,pmf_valid,pmf_sum_error,calibration_confidence,market_coverage_status,tov_status,injury_freshness_status,lineup_freshness_status,role_freshness_status,k,p_k
Sam Merrill,3547299,CLE,NYK,True,21713901,pa,rotation,"stat_grid:component_convolution_mean_coherent_v1+components[pts:pmf_sim_v1+role_aware_pmf_cal_v1:rotation+monotone_pit_cdf_v1,ast:pmf_sim_v1+role_aware_pmf_cal_v1:rotation+monotone_pit_cdf_v1]+prior_combo[joint_sampler_v1+joint_combo_pmf_v1+role_aware_pmf_cal_v1:rotation+monotone_pit_cdf_v1]+stat_grid_final_component_convolution_mean_coherent_v1",phase8_role_aware_pmf_cal_v1+monotone_inactive_global_v1,morning,2026-05-25T17:16:35Z,a9062c09#phase10c,3b1a8703-3820-4ed7-a736-0023491c28e4,ok,0.0,high,full,current_phase8,unknown,projected,derived_from_projected_minutes,22,0.0121
Sam Merrill,3547299,CLE,NYK,True,21713901,pa,rotation,"stat_grid:component_convolution_mean_coherent_v1+components[pts:pmf_sim_v1+role_aware_pmf_cal_v1:rotation+monotone_pit_cdf_v1,ast:pmf_sim_v1+role_aware_pmf_cal_v1:rotation+monotone_pit_cdf_v1]+prior_combo[joint_sampler_v1+joint_combo_pmf_v1+role_aware_pmf_cal_v1:rotation+monotone_pit_cdf_v1]+stat_grid_final_component_convolution_mean_coherent_v1",phase8_role_aware_pmf_cal_v1+monotone_inactive_global_v1,morning,2026-05-25T17:16:35Z,a9062c09#phase10c,3b1a8703-3820-4ed7-a736-0023491c28e4,ok,0.0,high,full,current_phase8,unknown,projected,derived_from_projected_minutes,23,0.01
Sam Merrill,3547299,CLE,NYK,True,21713901,pa,rotation,"stat_grid:component_convolution_mean_coherent_v1+components[pts:pmf_sim_v1+role_aware_pmf_cal_v1:rotation+monotone_pit_cdf_v1,ast:pmf_sim_v1+role_aware_pmf_cal_v1:rotation+monotone_pit_cdf_v1]+prior_combo[joint_sampler_v1+joint_combo_pmf_v1+role_aware_pmf_cal_v1:rotation+monotone_pit_cdf_v1]+stat_grid_final_component_convolution_mean_coherent_v1",phase8_role_aware_pmf_cal_v1+monotone_inactive_global_v1,morning,2026-05-25T17:16:35Z,a9062c09#phase10c,3b1a8703-3820-4ed7-a736-0023491c28e4,ok,0.0,high,full,current_phase8,unknown,projected,derived_from_projected_minutes,24,0.0075
Sam Merrill,3547299,CLE,NYK,True,21713901,pa,rotation,"stat_grid:component_convolution_mean_coherent_v1+components[pts:pmf_sim_v1+role_aware_pmf_cal_v1:rotation+monotone_pit_cdf_v1,ast:pmf_sim_v1+role_aware_pmf_cal_v1:rotation+monotone_pit_cdf_v1]+prior_combo[joint_sampler_v1+joint_combo_pmf_v1+role_aware_pmf_cal_v1:rotation+monotone_pit_cdf_v1]+stat_grid_final_component_convolution_mean_coherent_v1",phase8_role_aware_pmf_cal_v1+monotone_inactive_global_v1,morning,2026-05-25T17:16:35Z,a9062c09#phase10c,3b1a8703-3820-4ed7-a736-0023491c28e4,ok,0.0,high,full,current_phase8,unknown,projected,derived_from_projected_minutes,25,0.0046
Sam Merrill,3547299,CLE,NYK,True,21713901,pa,rotation,"stat_grid:component_convolution_mean_coherent_v1+components[pts:pmf_sim_v1+role_aware_pmf_cal_v1:rotation+monotone_pit_cdf_v1,ast:pmf_sim_v1+role_aware_pmf_cal_v1:rotation+monotone_pit_cdf_v1]+prior_combo[joint_sampler_v1+joint_combo_pmf_v1+role_aware_pmf_cal_v1:rotation+monotone_pit_cdf_v1]+stat_grid_final_component_convolution_mean_coherent_v1",phase8_role_aware_pmf_cal_v1+monotone_inactive_global_v1,morning,2026-05-25T17:16:35Z,a9062c09#phase10c,3b1a8703-3820-4ed7-a736-0023491c28e4,ok,0.0,high,full,current_phase8,unknown,projected,derived_from_projected_minutes,26,0.0027
Sam Merrill,3547299,CLE,NYK,True,21713901,pa,rotation,"stat_grid:component_convolution_mean_coherent_v1+components[pts:pmf_sim_v1+role_aware_pmf_cal_v1:rotation+monotone_pit_cdf_v1,ast:pmf_sim_v1+role_aware_pmf_cal_v1:rotation+monotone_pit_cdf_v1]+prior_combo[joint_sampler_v1+joint_combo_pmf_v1+role_aware_pmf_cal_v1:rotation+monotone_pit_cdf_v1]+stat_grid_final_component_convolution_mean_coherent_v1",phase8_role_aware_pmf_cal_v1+monotone_inactive_global_v1,morning,2026-05-25T17:16:35Z,a9062c09#phase10c,3b1a8703-3820-4ed7-a736-0023491c28e4,ok,0.0,high,full,current_phase8,unknown,projected,derived_from_projected_minutes,27,0.0015
Sam Merrill,3547299,CLE,NYK,True,21713901,pa,rotation,"stat_grid:component_convolution_mean_coherent_v1+components[pts:pmf_sim_v1+role_aware_pmf_cal_v1:rotation+monotone_pit_cdf_v1,ast:pmf_sim_v1+role_aware_pmf_cal_v1:rotation+monotone_pit_cdf_v1]+prior_combo[joint_sampler_v1+joint_combo_pmf_v1+role_aware_pmf_cal_v1:rotation+monotone_pit_cdf_v1]+stat_grid_final_component_convolution_mean_coherent_v1",phase8_role_aware_pmf_cal_v1+monotone_inactive_global_v1,morning,2026-05-25T17:16:35Z,a9062c09#phase10c,3b1a8703-3820-4ed7-a736-0023491c28e4,ok,0.0,high,full,current_phase8,unknown,projected,derived_from_projected_minutes,28,0.0009
Sam Merrill,3547299,CLE,NYK,True,21713901,pa,rotation,"stat_grid:component_convolution_mean_coherent_v1+components[pts:pmf_sim_v1+role_aware_pmf_cal_v1:rotation+monotone_pit_cdf_v1,ast:pmf_sim_v1+role_aware_pmf_cal_v1:rotation+monotone_pit_cdf_v1]+prior_combo[joint_sampler_v1+joint_combo_pmf_v1+role_aware_pmf_cal_v1:rotation+monotone_pit_cdf_v1]+stat_grid_final_component_convolution_mean_coherent_v1",phase8_role_aware_pmf_cal_v1+monotone_inactive_global_v1,morning,2026-05-25T17:16:35Z,a9062c09#phase10c,3b1a8703-3820-4ed7-a736-0023491c28e4,ok,0.0,high,full,current_phase8,unknown,projected,derived_from_projected_minutes,29,0.0006
Sam Merrill,3547299,CLE,NYK,True,21713901,pa,rotation,"stat_grid:component_convolution_mean_coherent_v1+components[pts:pmf_sim_v1+role_aware_pmf_cal_v1:rotation+monotone_pit_cdf_v1,ast:pmf_sim_v1+role_aware_pmf_cal_v1:rotation+monotone_pit_cdf_v1]+prior_combo[joint_sampler_v1+joint_combo_pmf_v1+role_aware_pmf_cal_v1:rotation+monotone_pit_cdf_v1]+stat_grid_final_component_convolution_mean_coherent_v1",phase8_role_aware_pmf_cal_v1+monotone_inactive_global_v1,morning,2026-05-25T17:16:35Z,a9062c09#phase10c,3b1a8703-3820-4ed7-a736-0023491c28e4,ok,0.0,high,full,current_phase8,unknown,projected,derived_from_projected_minutes,30,0.0005
Sam Merrill,3547299,CLE,NYK,True,21713901,pa,rotation,"stat_grid:component_convolution_mean_coherent_v1+components[pts:pmf_sim_v1+role_aware_pmf_cal_v1:rotation+monotone_pit_cdf_v1,ast:pmf_sim_v1+role_aware_pmf_cal_v1:rotation+monotone_pit_cdf_v1]+prior_combo[joint_sampler_v1+joint_combo_pmf_v1+role_aware_pmf_cal_v1:rotation+monotone_pit_cdf_v1]+stat_grid_final_component_convolution_mean_coherent_v1",phase8_role_aware_pmf_cal_v1+monotone_inactive_global_v1,morning,2026-05-25T17:16:35Z,a9062c09#phase10c,3b1a8703-3820-4ed7-a736-0023491c28e4,ok,0.0,high,full,current_phase8,unknown,projected,derived_from_projected_minutes,31,0.0003
Sam Merrill,3547299,CLE,NYK,True,21713901,pa,rotation,"stat_grid:component_convolution_mean_coherent_v1+components[pts:pmf_sim_v1+role_aware_pmf_cal_v1:rotation+monotone_pit_cdf_v1,ast:pmf_sim_v1+role_aware_pmf_cal_v1:rotation+monotone_pit_cdf_v1]+prior_combo[joint_sampler_v1+joint_combo_pmf_v1+role_aware_pmf_cal_v1:rotation+monotone_pit_cdf_v1]+stat_grid_final_component_convolution_mean_coherent_v1",phase8_role_aware_pmf_cal_v1+monotone_inactive_global_v1,morning,2026-05-25T17:16:35Z,a9062c09#phase10c,3b1a8703-3820-4ed7-a736-0023491c28e4,ok,0.0,high,full,current_phase8,unknown,projected,derived_from_projected_minutes,32,0.0003
Sam Merrill,3547299,CLE,NYK,True,21713901,pa,rotation,"stat_grid:component_convolution_mean_coherent_v1+components[pts:pmf_sim_v1+role_aware_pmf_cal_v1:rotation+monotone_pit_cdf_v1,ast:pmf_sim_v1+role_aware_pmf_cal_v1:rotation+monotone_pit_cdf_v1]+prior_combo[joint_sampler_v1+joint_combo_pmf_v1+role_aware_pmf_cal_v1:rotation+monotone_pit_cdf_v1]+stat_grid_final_component_convolution_mean_coherent_v1",phase8_role_aware_pmf_cal_v1+monotone_inactive_global_v1,morning,2026-05-25T17:16:35Z,a9062c09#phase10c,3b1a8703-3820-4ed7-a736-0023491c28e4,ok,0.0,high,full,current_phase8,unknown,projected,derived_from_projected_minutes,33,0.0002
Sam Merrill,3547299,CLE,NYK,True,21713901,pa,rotation,"stat_grid:component_convolution_mean_coherent_v1+components[pts:pmf_sim_v1+role_aware_pmf_cal_v1:rotation+monotone_pit_cdf_v1,ast:pmf_sim_v1+role_aware_pmf_cal_v1:rotation+monotone_pit_cdf_v1]+prior_combo[joint_sampler_v1+joint_combo_pmf_v1+role_aware_pmf_cal_v1:rotation+monotone_pit_cdf_v1]+stat_grid_final_component_convolution_mean_coherent_v1",phase8_role_aware_pmf_cal_v1+monotone_inactive_global_v1,morning,2026-05-25T17:16:35Z,a9062c09#phase10c,3b1a8703-3820-4ed7-a736-0023491c28e4,ok,0.0,high,full,current_phase8,unknown,projected,derived_from_projected_minutes,34,0.0002
Sam Merrill,3547299,CLE,NYK,True,21713901,pa,rotation,"stat_grid:component_convolution_mean_coherent_v1+components[pts:pmf_sim_v1+role_aware_pmf_cal_v1:rotation+monotone_pit_cdf_v1,ast:pmf_sim_v1+role_aware_pmf_cal_v1:rotation+monotone_pit_cdf_v1]+prior_combo[joint_sampler_v1+joint_combo_pmf_v1+role_aware_pmf_cal_v1:rotation+monotone_pit_cdf_v1]+stat_grid_final_component_convolution_mean_coherent_v1",phase8_role_aware_pmf_cal_v1+monotone_inactive_global_v1,morning,2026-05-25T17:16:35Z,a9062c09#phase10c,3b1a8703-3820-4ed7-a736-0023491c28e4,ok,0.0,high,full,current_phase8,unknown,projected,derived_from_projected_minutes,35,0.0002
Sam Merrill,3547299,CLE,NYK,True,21713901,pa,rotation,"stat_grid:component_convolution_mean_coherent_v1+components[pts:pmf_sim_v1+role_aware_pmf_cal_v1:rotation+monotone_pit_cdf_v1,ast:pmf_sim_v1+role_aware_pmf_cal_v1:rotation+monotone_pit_cdf_v1]+prior_combo[joint_sampler_v1+joint_combo_pmf_v1+role_aware_pmf_cal_v1:rotation+monotone_pit_cdf_v1]+stat_grid_final_component_convolution_mean_coherent_v1",phase8_role_aware_pmf_cal_v1+monotone_inactive_global_v1,morning,2026-05-25T17:16:35Z,a9062c09#phase10c,3b1a8703-3820-4ed7-a736-0023491c28e4,ok,0.0,high,full,current_phase8,unknown,projected,derived_from_projected_minutes,36,0.0003
Sam Merrill,3547299,CLE,NYK,True,21713901,pa,rotation,"stat_grid:component_convolution_mean_coherent_v1+components[pts:pmf_sim_v1+role_aware_pmf_cal_v1:rotation+monotone_pit_cdf_v1,ast:pmf_sim_v1+role_aware_pmf_cal_v1:rotation+monotone_pit_cdf_v1]+prior_combo[joint_sampler_v1+joint_combo_pmf_v1+role_aware_pmf_cal_v1:rotation+monotone_pit_cdf_v1]+stat_grid_final_component_convolution_mean_coherent_v1",phase8_role_aware_pmf_cal_v1+monotone_inactive_global_v1,morning,2026-05-25T17:16:35Z,a9062c09#phase10c,3b1a8703-3820-4ed7-a736-0023491c28e4,ok,0.0,high,full,current_phase8,unknown,projected,derived_from_projected_minutes,37,0.0002
Sam Merrill,3547299,CLE,NYK,True,21713901,pa,rotation,"stat_grid:component_convolution_mean_coherent_v1+components[pts:pmf_sim_v1+role_aware_pmf_cal_v1:rotation+monotone_pit_cdf_v1,ast:pmf_sim_v1+role_aware_pmf_cal_v1:rotation+monotone_pit_cdf_v1]+prior_combo[joint_sampler_v1+joint_combo_pmf_v1+role_aware_pmf_cal_v1:rotation+monotone_pit_cdf_v1]+stat_grid_final_component_convolution_mean_coherent_v1",phase8_role_aware_pmf_cal_v1+monotone_inactive_global_v1,morning,2026-05-25T17:16:35Z,a9062c09#phase10c,3b1a8703-3820-4ed7-a736-0023491c28e4,ok,0.0,high,full,current_phase8,unknown,projected,derived_from_projected_minutes,38,0.0002
Sam Merrill,3547299,CLE,NYK,True,21713901,pa,rotation,"stat_grid:component_convolution_mean_coherent_v1+components[pts:pmf_sim_v1+role_aware_pmf_cal_v1:rotation+monotone_pit_cdf_v1,ast:pmf_sim_v1+role_aware_pmf_cal_v1:rotation+monotone_pit_cdf_v1]+prior_combo[joint_sampler_v1+joint_combo_pmf_v1+role_aware_pmf_cal_v1:rotation+monotone_pit_cdf_v1]+stat_grid_final_component_convolution_mean_coherent_v1",phase8_role_aware_pmf_cal_v1+monotone_inactive_global_v1,morning,2026-05-25T17:16:35Z,a9062c09#phase10c,3b1a8703-3820-4ed7-a736-0023491c28e4,ok,0.0,high,full,current_phase8,unknown,projected,derived_from_projected_minutes,39,0.0001
Sam Merrill,3547299,CLE,NYK,True,21713901,pa,rotation,"stat_grid:component_convolution_mean_coherent_v1+components[pts:pmf_sim_v1+role_aware_pmf_cal_v1:rotation+monotone_pit_cdf_v1,ast:pmf_sim_v1+role_aware_pmf_cal_v1:rotation+monotone_pit_cdf_v1]+prior_combo[joint_sampler_v1+joint_combo_pmf_v1+role_aware_pmf_cal_v1:rotation+monotone_pit_cdf_v1]+stat_grid_final_component_convolution_mean_coherent_v1",phase8_role_aware_pmf_cal_v1+monotone_inactive_global_v1,morning,2026-05-25T17:16:35Z,a9062c09#phase10c,3b1a8703-3820-4ed7-a736-0023491c28e4,ok,0.0,high,full,current_phase8,unknown,projected,derived_from_projected_minutes,40,0.0001
Sam Merrill,3547299,CLE,NYK,True,21713901,pa,rotation,"stat_grid:component_convolution_mean_coherent_v1+components[pts:pmf_sim_v1+role_aware_pmf_cal_v1:rotation+monotone_pit_cdf_v1,ast:pmf_sim_v1+role_aware_pmf_cal_v1:rotation+monotone_pit_cdf_v1]+prior_combo[joint_sampler_v1+joint_combo_pmf_v1+role_aware_pmf_cal_v1:rotation+monotone_pit_cdf_v1]+stat_grid_final_component_convolution_mean_coherent_v1",phase8_role_aware_pmf_cal_v1+monotone_inactive_global_v1,morning,2026-05-25T17:16:35Z,a9062c09#phase10c,3b1a8703-3820-4ed7-a736-0023491c28e4,ok,0.0,high,full,current_phase8,unknown,projected,derived_from_projected_minutes,41,0.0
Sam Merrill,3547299,CLE,NYK,True,21713901,pa,rotation,"stat_grid:component_convolution_mean_coherent_v1+components[pts:pmf_sim_v1+role_aware_pmf_cal_v1:rotation+monotone_pit_cdf_v1,ast:pmf_sim_v1+role_aware_pmf_cal_v1:rotation+monotone_pit_cdf_v1]+prior_combo[joint_sampler_v1+joint_combo_pmf_v1+role_aware_pmf_cal_v1:rotation+monotone_pit_cdf_v1]+stat_grid_final_component_convolution_mean_coherent_v1",phase8_role_aware_pmf_cal_v1+monotone_inactive_global_v1,morning,2026-05-25T17:16:35Z,a9062c09#phase10c,3b1a8703-3820-4ed7-a736-0023491c28e4,ok,0.0,high,full,current_phase8,unknown,projected,derived_from_projected_minutes,42,0.0
Sam Merrill,3547299,CLE,NYK,True,21713901,pa,rotation,"stat_grid:component_convolution_mean_coherent_v1+components[pts:pmf_sim_v1+role_aware_pmf_cal_v1:rotation+monotone_pit_cdf_v1,ast:pmf_sim_v1+role_aware_pmf_cal_v1:rotation+monotone_pit_cdf_v1]+prior_combo[joint_sampler_v1+joint_combo_pmf_v1+role_aware_pmf_cal_v1:rotation+monotone_pit_cdf_v1]+stat_grid_final_component_convolution_mean_coherent_v1",phase8_role_aware_pmf_cal_v1+monotone_inactive_global_v1,morning,2026-05-25T17:16:35Z,a9062c09#phase10c,3b1a8703-3820-4ed7-a736-0023491c28e4,ok,0.0,high,full,current_phase8,unknown,projected,derived_from_projected_minutes,43,0.0
Sam Merrill,3547299,CLE,NYK,True,21713901,pa,rotation,"stat_grid:component_convolution_mean_coherent_v1+components[pts:pmf_sim_v1+role_aware_pmf_cal_v1:rotation+monotone_pit_cdf_v1,ast:pmf_sim_v1+role_aware_pmf_cal_v1:rotation+monotone_pit_cdf_v1]+prior_combo[joint_sampler_v1+joint_combo_pmf_v1+role_aware_pmf_cal_v1:rotation+monotone_pit_cdf_v1]+stat_grid_final_component_convolution_mean_coherent_v1",phase8_role_aware_pmf_cal_v1+monotone_inactive_global_v1,morning,2026-05-25T17:16:35Z,a9062c09#phase10c,3b1a8703-3820-4ed7-a736-0023491c28e4,ok,0.0,high,full,current_phase8,unknown,projected,derived_from_projected_minutes,44,0.0
Sam Merrill,3547299,CLE,NYK,True,21713901,pa,rotation,"stat_grid:component_convolution_mean_coherent_v1+components[pts:pmf_sim_v1+role_aware_pmf_cal_v1:rotation+monotone_pit_cdf_v1,ast:pmf_sim_v1+role_aware_pmf_cal_v1:rotation+monotone_pit_cdf_v1]+prior_combo[joint_sampler_v1+joint_combo_pmf_v1+role_aware_pmf_cal_v1:rotation+monotone_pit_cdf_v1]+stat_grid_final_component_convolution_mean_coherent_v1",phase8_role_aware_pmf_cal_v1+monotone_inactive_global_v1,morning,2026-05-25T17:16:35Z,a9062c09#phase10c,3b1a8703-3820-4ed7-a736-0023491c28e4,ok,0.0,high,full,current_phase8,unknown,projected,derived_from_projected_minutes,45,0.0
Sam Merrill,3547299,CLE,NYK,True,21713901,pa,rotation,"stat_grid:component_convolution_mean_coherent_v1+components[pts:pmf_sim_v1+role_aware_pmf_cal_v1:rotation+monotone_pit_cdf_v1,ast:pmf_sim_v1+role_aware_pmf_cal_v1:rotation+monotone_pit_cdf_v1]+prior_combo[joint_sampler_v1+joint_combo_pmf_v1+role_aware_pmf_cal_v1:rotation+monotone_pit_cdf_v1]+stat_grid_final_component_convolution_mean_coherent_v1",phase8_role_aware_pmf_cal_v1+monotone_inactive_global_v1,morning,2026-05-25T17:16:35Z,a9062c09#phase10c,3b1a8703-3820-4ed7-a736-0023491c28e4,ok,0.0,high,full,current_phase8,unknown,projected,derived_from_projected_minutes,46,0.0
Sam Merrill,3547299,CLE,NYK,True,21713901,pa,rotation,"stat_grid:component_convolution_mean_coherent_v1+components[pts:pmf_sim_v1+role_aware_pmf_cal_v1:rotation+monotone_pit_cdf_v1,ast:pmf_sim_v1+role_aware_pmf_cal_v1:rotation+monotone_pit_cdf_v1]+prior_combo[joint_sampler_v1+joint_combo_pmf_v1+role_aware_pmf_cal_v1:rotation+monotone_pit_cdf_v1]+stat_grid_final_component_convolution_mean_coherent_v1",phase8_role_aware_pmf_cal_v1+monotone_inactive_global_v1,morning,2026-05-25T17:16:35Z,a9062c09#phase10c,3b1a8703-3820-4ed7-a736-0023491c28e4,ok,0.0,high,full,current_phase8,unknown,projected,derived_from_projected_minutes,47,0.0
Sam Merrill,3547299,CLE,NYK,True,21713901,pa,rotation,"stat_grid:component_convolution_mean_coherent_v1+components[pts:pmf_sim_v1+role_aware_pmf_cal_v1:rotation+monotone_pit_cdf_v1,ast:pmf_sim_v1+role_aware_pmf_cal_v1:rotation+monotone_pit_cdf_v1]+prior_combo[joint_sampler_v1+joint_combo_pmf_v1+role_aware_pmf_cal_v1:rotation+monotone_pit_cdf_v1]+stat_grid_final_component_convolution_mean_coherent_v1",phase8_role_aware_pmf_cal_v1+monotone_inactive_global_v1,morning,2026-05-25T17:16:35Z,a9062c09#phase10c,3b1a8703-3820-4ed7-a736-0023491c28e4,ok,0.0,high,full,current_phase8,unknown,projected,derived_from_projected_minutes,48,0.0
Sam Merrill,3547299,CLE,NYK,True,21713901,pa,rotation,"stat_grid:component_convolution_mean_coherent_v1+components[pts:pmf_sim_v1+role_aware_pmf_cal_v1:rotation+monotone_pit_cdf_v1,ast:pmf_sim_v1+role_aware_pmf_cal_v1:rotation+monotone_pit_cdf_v1]+prior_combo[joint_sampler_v1+joint_combo_pmf_v1+role_aware_pmf_cal_v1:rotation+monotone_pit_cdf_v1]+stat_grid_final_component_convolution_mean_coherent_v1",phase8_role_aware_pmf_cal_v1+monotone_inactive_global_v1,morning,2026-05-25T17:16:35Z,a9062c09#phase10c,3b1a8703-3820-4ed7-a736-0023491c28e4,ok,0.0,high,full,current_phase8,unknown,projected,derived_from_projected_minutes,49,0.0
Sam Merrill,3547299,CLE,NYK,True,21713901,pa,rotation,"stat_grid:component_convolution_mean_coherent_v1+components[pts:pmf_sim_v1+role_aware_pmf_cal_v1:rotation+monotone_pit_cdf_v1,ast:pmf_sim_v1+role_aware_pmf_cal_v1:rotation+monotone_pit_cdf_v1]+prior_combo[joint_sampler_v1+joint_combo_pmf_v1+role_aware_pmf_cal_v1:rotation+monotone_pit_cdf_v1]+stat_grid_final_component_convolution_mean_coherent_v1",phase8_role_aware_pmf_cal_v1+monotone_inactive_global_v1,morning,2026-05-25T17:16:35Z,a9062c09#phase10c,3b1a8703-3820-4ed7-a736-0023491c28e4,ok,0.0,high,full,current_phase8,unknown,projected,derived_from_projected_minutes,50,0.0
Sam Merrill,3547299,CLE,NYK,True,21713901,pa,rotation,"stat_grid:component_convolution_mean_coherent_v1+components[pts:pmf_sim_v1+role_aware_pmf_cal_v1:rotation+monotone_pit_cdf_v1,ast:pmf_sim_v1+role_aware_pmf_cal_v1:rotation+monotone_pit_cdf_v1]+prior_combo[joint_sampler_v1+joint_combo_pmf_v1+role_aware_pmf_cal_v1:rotation+monotone_pit_cdf_v1]+stat_grid_final_component_convolution_mean_coherent_v1",phase8_role_aware_pmf_cal_v1+monotone_inactive_global_v1,morning,2026-05-25T17:16:35Z,a9062c09#phase10c,3b1a8703-3820-4ed7-a736-0023491c28e4,ok,0.0,high,full,current_phase8,unknown,projected,derived_from_projected_minutes,51,0.0
Sam Merrill,3547299,CLE,NYK,True,21713901,pa,rotation,"stat_grid:component_convolution_mean_coherent_v1+components[pts:pmf_sim_v1+role_aware_pmf_cal_v1:rotation+monotone_pit_cdf_v1,ast:pmf_sim_v1+role_aware_pmf_cal_v1:rotation+monotone_pit_cdf_v1]+prior_combo[joint_sampler_v1+joint_combo_pmf_v1+role_aware_pmf_cal_v1:rotation+monotone_pit_cdf_v1]+stat_grid_final_component_convolution_mean_coherent_v1",phase8_role_aware_pmf_cal_v1+monotone_inactive_global_v1,morning,2026-05-25T17:16:35Z,a9062c09#phase10c,3b1a8703-3820-4ed7-a736-0023491c28e4,ok,0.0,high,full,current_phase8,unknown,projected,derived_from_projected_minutes,52,0.0
Sam Merrill,3547299,CLE,NYK,True,21713901,pa,rotation,"stat_grid:component_convolution_mean_coherent_v1+components[pts:pmf_sim_v1+role_aware_pmf_cal_v1:rotation+monotone_pit_cdf_v1,ast:pmf_sim_v1+role_aware_pmf_cal_v1:rotation+monotone_pit_cdf_v1]+prior_combo[joint_sampler_v1+joint_combo_pmf_v1+role_aware_pmf_cal_v1:rotation+monotone_pit_cdf_v1]+stat_grid_final_component_convolution_mean_coherent_v1",phase8_role_aware_pmf_cal_v1+monotone_inactive_global_v1,morning,2026-05-25T17:16:35Z,a9062c09#phase10c,3b1a8703-3820-4ed7-a736-0023491c28e4,ok,0.0,high,full,current_phase8,unknown,projected,derived_from_projected_minutes,53,0.0
Sam Merrill,3547299,CLE,NYK,True,21713901,pa,rotation,"stat_grid:component_convolution_mean_coherent_v1+components[pts:pmf_sim_v1+role_aware_pmf_cal_v1:rotation+monotone_pit_cdf_v1,ast:pmf_sim_v1+role_aware_pmf_cal_v1:rotation+monotone_pit_cdf_v1]+prior_combo[joint_sampler_v1+joint_combo_pmf_v1+role_aware_pmf_cal_v1:rotation+monotone_pit_cdf_v1]+stat_grid_final_component_convolution_mean_coherent_v1",phase8_role_aware_pmf_cal_v1+monotone_inactive_global_v1,morning,2026-05-25T17:16:35Z,a9062c09#phase10c,3b1a8703-3820-4ed7-a736-0023491c28e4,ok,0.0,high,full,current_phase8,unknown,projected,derived_from_projected_minutes,54,0.0
Sam Merrill,3547299,CLE,NYK,True,21713901,pa,rotation,"stat_grid:component_convolution_mean_coherent_v1+components[pts:pmf_sim_v1+role_aware_pmf_cal_v1:rotation+monotone_pit_cdf_v1,ast:pmf_sim_v1+role_aware_pmf_cal_v1:rotation+monotone_pit_cdf_v1]+prior_combo[joint_sampler_v1+joint_combo_pmf_v1+role_aware_pmf_cal_v1:rotation+monotone_pit_cdf_v1]+stat_grid_final_component_convolution_mean_coherent_v1",phase8_role_aware_pmf_cal_v1+monotone_inactive_global_v1,morning,2026-05-25T17:16:35Z,a9062c09#phase10c,3b1a8703-3820-4ed7-a736-0023491c28e4,ok,0.0,high,full,current_phase8,unknown,projected,derived_from_projected_minutes,55,0.0
Sam Merrill,3547299,CLE,NYK,True,21713901,pa,rotation,"stat_grid:component_convolution_mean_coherent_v1+components[pts:pmf_sim_v1+role_aware_pmf_cal_v1:rotation+monotone_pit_cdf_v1,ast:pmf_sim_v1+role_aware_pmf_cal_v1:rotation+monotone_pit_cdf_v1]+prior_combo[joint_sampler_v1+joint_combo_pmf_v1+role_aware_pmf_cal_v1:rotation+monotone_pit_cdf_v1]+stat_grid_final_component_convolution_mean_coherent_v1",phase8_role_aware_pmf_cal_v1+monotone_inactive_global_v1,morning,2026-05-25T17:16:35Z,a9062c09#phase10c,3b1a8703-3820-4ed7-a736-0023491c28e4,ok,0.0,high,full,current_phase8,unknown,projected,derived_from_projected_minutes,56,0.0
Sam Merrill,3547299,CLE,NYK,True,21713901,pa,rotation,"stat_grid:component_convolution_mean_coherent_v1+components[pts:pmf_sim_v1+role_aware_pmf_cal_v1:rotation+monotone_pit_cdf_v1,ast:pmf_sim_v1+role_aware_pmf_cal_v1:rotation+monotone_pit_cdf_v1]+prior_combo[joint_sampler_v1+joint_combo_pmf_v1+role_aware_pmf_cal_v1:rotation+monotone_pit_cdf_v1]+stat_grid_final_component_convolution_mean_coherent_v1",phase8_role_aware_pmf_cal_v1+monotone_inactive_global_v1,morning,2026-05-25T17:16:35Z,a9062c09#phase10c,3b1a8703-3820-4ed7-a736-0023491c28e4,ok,0.0,high,full,current_phase8,unknown,projected,derived_from_projected_minutes,57,0.0
Sam Merrill,3547299,CLE,NYK,True,21713901,pa,rotation,"stat_grid:component_convolution_mean_coherent_v1+components[pts:pmf_sim_v1+role_aware_pmf_cal_v1:rotation+monotone_pit_cdf_v1,ast:pmf_sim_v1+role_aware_pmf_cal_v1:rotation+monotone_pit_cdf_v1]+prior_combo[joint_sampler_v1+joint_combo_pmf_v1+role_aware_pmf_cal_v1:rotation+monotone_pit_cdf_v1]+stat_grid_final_component_convolution_mean_coherent_v1",phase8_role_aware_pmf_cal_v1+monotone_inactive_global_v1,morning,2026-05-25T17:16:35Z,a9062c09#phase10c,3b1a8703-3820-4ed7-a736-0023491c28e4,ok,0.0,high,full,current_phase8,unknown,projected,derived_from_projected_minutes,58,0.0
Sam Merrill,3547299,CLE,NYK,True,21713901,pa,rotation,"stat_grid:component_convolution_mean_coherent_v1+components[pts:pmf_sim_v1+role_aware_pmf_cal_v1:rotation+monotone_pit_cdf_v1,ast:pmf_sim_v1+role_aware_pmf_cal_v1:rotation+monotone_pit_cdf_v1]+prior_combo[joint_sampler_v1+joint_combo_pmf_v1+role_aware_pmf_cal_v1:rotation+monotone_pit_cdf_v1]+stat_grid_final_component_convolution_mean_coherent_v1",phase8_role_aware_pmf_cal_v1+monotone_inactive_global_v1,morning,2026-05-25T17:16:35Z,a9062c09#phase10c,3b1a8703-3820-4ed7-a736-0023491c28e4,ok,0.0,high,full,current_phase8,unknown,projected,derived_from_projected_minutes,59,0.0
Sam Merrill,3547299,CLE,NYK,True,21713901,pa,rotation,"stat_grid:component_convolution_mean_coherent_v1+components[pts:pmf_sim_v1+role_aware_pmf_cal_v1:rotation+monotone_pit_cdf_v1,ast:pmf_sim_v1+role_aware_pmf_cal_v1:rotation+monotone_pit_cdf_v1]+prior_combo[joint_sampler_v1+joint_combo_pmf_v1+role_aware_pmf_cal_v1:rotation+monotone_pit_cdf_v1]+stat_grid_final_component_convolution_mean_coherent_v1",phase8_role_aware_pmf_cal_v1+monotone_inactive_global_v1,morning,2026-05-25T17:16:35Z,a9062c09#phase10c,3b1a8703-3820-4ed7-a736-0023491c28e4,ok,0.0,high,full,current_phase8,unknown,projected,derived_from_projected_minutes,60,0.0
Sam Merrill,3547299,CLE,NYK,True,21713901,pa,rotation,"stat_grid:component_convolution_mean_coherent_v1+components[pts:pmf_sim_v1+role_aware_pmf_cal_v1:rotation+monotone_pit_cdf_v1,ast:pmf_sim_v1+role_aware_pmf_cal_v1:rotation+monotone_pit_cdf_v1]+prior_combo[joint_sampler_v1+joint_combo_pmf_v1+role_aware_pmf_cal_v1:rotation+monotone_pit_cdf_v1]+stat_grid_final_component_convolution_mean_coherent_v1",phase8_role_aware_pmf_cal_v1+monotone_inactive_global_v1,morning,2026-05-25T17:16:35Z,a9062c09#phase10c,3b1a8703-3820-4ed7-a736-0023491c28e4,ok,0.0,high,full,current_phase8,unknown,projected,derived_from_projected_minutes,61,0.0
Sam Merrill,3547299,CLE,NYK,True,21713901,pa,rotation,"stat_grid:component_convolution_mean_coherent_v1+components[pts:pmf_sim_v1+role_aware_pmf_cal_v1:rotation+monotone_pit_cdf_v1,ast:pmf_sim_v1+role_aware_pmf_cal_v1:rotation+monotone_pit_cdf_v1]+prior_combo[joint_sampler_v1+joint_combo_pmf_v1+role_aware_pmf_cal_v1:rotation+monotone_pit_cdf_v1]+stat_grid_final_component_convolution_mean_coherent_v1",phase8_role_aware_pmf_cal_v1+monotone_inactive_global_v1,morning,2026-05-25T17:16:35Z,a9062c09#phase10c,3b1a8703-3820-4ed7-a736-0023491c28e4,ok,0.0,high,full,current_phase8,unknown,projected,derived_from_projected_minutes,62,0.0
Sam Merrill,3547299,CLE,NYK,True,21713901,pa,rotation,"stat_grid:component_convolution_mean_coherent_v1+components[pts:pmf_sim_v1+role_aware_pmf_cal_v1:rotation+monotone_pit_cdf_v1,ast:pmf_sim_v1+role_aware_pmf_cal_v1:rotation+monotone_pit_cdf_v1]+prior_combo[joint_sampler_v1+joint_combo_pmf_v1+role_aware_pmf_cal_v1:rotation+monotone_pit_cdf_v1]+stat_grid_final_component_convolution_mean_coherent_v1",phase8_role_aware_pmf_cal_v1+monotone_inactive_global_v1,morning,2026-05-25T17:16:35Z,a9062c09#phase10c,3b1a8703-3820-4ed7-a736-0023491c28e4,ok,0.0,high,full,current_phase8,unknown,projected,derived_from_projected_minutes,63,0.0
Sam Merrill,3547299,CLE,NYK,True,21713901,pa,rotation,"stat_grid:component_convolution_mean_coherent_v1+components[pts:pmf_sim_v1+role_aware_pmf_cal_v1:rotation+monotone_pit_cdf_v1,ast:pmf_sim_v1+role_aware_pmf_cal_v1:rotation+monotone_pit_cdf_v1]+prior_combo[joint_sampler_v1+joint_combo_pmf_v1+role_aware_pmf_cal_v1:rotation+monotone_pit_cdf_v1]+stat_grid_final_component_convolution_mean_coherent_v1",phase8_role_aware_pmf_cal_v1+monotone_inactive_global_v1,morning,2026-05-25T17:16:35Z,a9062c09#phase10c,3b1a8703-3820-4ed7-a736-0023491c28e4,ok,0.0,high,full,current_phase8,unknown,projected,derived_from_projected_minutes,64,0.0
Sam Merrill,3547299,CLE,NYK,True,21713901,pa,rotation,"stat_grid:component_convolution_mean_coherent_v1+components[pts:pmf_sim_v1+role_aware_pmf_cal_v1:rotation+monotone_pit_cdf_v1,ast:pmf_sim_v1+role_aware_pmf_cal_v1:rotation+monotone_pit_cdf_v1]+prior_combo[joint_sampler_v1+joint_combo_pmf_v1+role_aware_pmf_cal_v1:rotation+monotone_pit_cdf_v1]+stat_grid_final_component_convolution_mean_coherent_v1",phase8_role_aware_pmf_cal_v1+monotone_inactive_global_v1,morning,2026-05-25T17:16:35Z,a9062c09#phase10c,3b1a8703-3820-4ed7-a736-0023491c28e4,ok,0.0,high,full,current_phase8,unknown,projected,derived_from_projected_minutes,65,0.0
Sam Merrill,3547299,CLE,NYK,True,21713901,pa,rotation,"stat_grid:component_convolution_mean_coherent_v1+components[pts:pmf_sim_v1+role_aware_pmf_cal_v1:rotation+monotone_pit_cdf_v1,ast:pmf_sim_v1+role_aware_pmf_cal_v1:rotation+monotone_pit_cdf_v1]+prior_combo[joint_sampler_v1+joint_combo_pmf_v1+role_aware_pmf_cal_v1:rotation+monotone_pit_cdf_v1]+stat_grid_final_component_convolution_mean_coherent_v1",phase8_role_aware_pmf_cal_v1+monotone_inactive_global_v1,morning,2026-05-25T17:16:35Z,a9062c09#phase10c,3b1a8703-3820-4ed7-a736-0023491c28e4,ok,0.0,high,full,current_phase8,unknown,projected,derived_from_projected_minutes,66,0.0
Sam Merrill,3547299,CLE,NYK,True,21713901,pa,rotation,"stat_grid:component_convolution_mean_coherent_v1+components[pts:pmf_sim_v1+role_aware_pmf_cal_v1:rotation+monotone_pit_cdf_v1,ast:pmf_sim_v1+role_aware_pmf_cal_v1:rotation+monotone_pit_cdf_v1]+prior_combo[joint_sampler_v1+joint_combo_pmf_v1+role_aware_pmf_cal_v1:rotation+monotone_pit_cdf_v1]+stat_grid_final_component_convolution_mean_coherent_v1",phase8_role_aware_pmf_cal_v1+monotone_inactive_global_v1,morning,2026-05-25T17:16:35Z,a9062c09#phase10c,3b1a8703-3820-4ed7-a736-0023491c28e4,ok,0.0,high,full,current_phase8,unknown,projected,derived_from_projected_minutes,67,0.0
Sam Merrill,3547299,CLE,NYK,True,21713901,pa,rotation,"stat_grid:component_convolution_mean_coherent_v1+components[pts:pmf_sim_v1+role_aware_pmf_cal_v1:rotation+monotone_pit_cdf_v1,ast:pmf_sim_v1+role_aware_pmf_cal_v1:rotation+monotone_pit_cdf_v1]+prior_combo[joint_sampler_v1+joint_combo_pmf_v1+role_aware_pmf_cal_v1:rotation+monotone_pit_cdf_v1]+stat_grid_final_component_convolution_mean_coherent_v1",phase8_role_aware_pmf_cal_v1+monotone_inactive_global_v1,morning,2026-05-25T17:16:35Z,a9062c09#phase10c,3b1a8703-3820-4ed7-a736-0023491c28e4,ok,0.0,high,full,current_phase8,unknown,projected,derived_from_projected_minutes,68,0.0
Sam Merrill,3547299,CLE,NYK,True,21713901,pa,rotation,"stat_grid:component_convolution_mean_coherent_v1+components[pts:pmf_sim_v1+role_aware_pmf_cal_v1:rotation+monotone_pit_cdf_v1,ast:pmf_sim_v1+role_aware_pmf_cal_v1:rotation+monotone_pit_cdf_v1]+prior_combo[joint_sampler_v1+joint_combo_pmf_v1+role_aware_pmf_cal_v1:rotation+monotone_pit_cdf_v1]+stat_grid_final_component_convolution_mean_coherent_v1",phase8_role_aware_pmf_cal_v1+monotone_inactive_global_v1,morning,2026-05-25T17:16:35Z,a9062c09#phase10c,3b1a8703-3820-4ed7-a736-0023491c28e4,ok,0.0,high,full,current_phase8,unknown,projected,derived_from_projected_minutes,69,0.0
Sam Merrill,3547299,CLE,NYK,True,21713901,pa,rotation,"stat_grid:component_convolution_mean_coherent_v1+components[pts:pmf_sim_v1+role_aware_pmf_cal_v1:rotation+monotone_pit_cdf_v1,ast:pmf_sim_v1+role_aware_pmf_cal_v1:rotation+monotone_pit_cdf_v1]+prior_combo[joint_sampler_v1+joint_combo_pmf_v1+role_aware_pmf_cal_v1:rotation+monotone_pit_cdf_v1]+stat_grid_final_component_convolution_mean_coherent_v1",phase8_role_aware_pmf_cal_v1+monotone_inactive_global_v1,morning,2026-05-25T17:16:35Z,a9062c09#phase10c,3b1a8703-3820-4ed7-a736-0023491c28e4,ok,0.0,high,full,current_phase8,unknown,projected,derived_from_projected_minutes,70,0.0
Sam Merrill,3547299,CLE,NYK,True,21713901,pa,rotation,"stat_grid:component_convolution_mean_coherent_v1+components[pts:pmf_sim_v1+role_aware_pmf_cal_v1:rotation+monotone_pit_cdf_v1,ast:pmf_sim_v1+role_aware_pmf_cal_v1:rotation+monotone_pit_cdf_v1]+prior_combo[joint_sampler_v1+joint_combo_pmf_v1+role_aware_pmf_cal_v1:rotation+monotone_pit_cdf_v1]+stat_grid_final_component_convolution_mean_coherent_v1",phase8_role_aware_pmf_cal_v1+monotone_inactive_global_v1,morning,2026-05-25T17:16:35Z,a9062c09#phase10c,3b1a8703-3820-4ed7-a736-0023491c28e4,ok,0.0,high,full,current_phase8,unknown,projected,derived_from_projected_minutes,71,0.0
Sam Merrill,3547299,CLE,NYK,True,21713901,pa,rotation,"stat_grid:component_convolution_mean_coherent_v1+components[pts:pmf_sim_v1+role_aware_pmf_cal_v1:rotation+monotone_pit_cdf_v1,ast:pmf_sim_v1+role_aware_pmf_cal_v1:rotation+monotone_pit_cdf_v1]+prior_combo[joint_sampler_v1+joint_combo_pmf_v1+role_aware_pmf_cal_v1:rotation+monotone_pit_cdf_v1]+stat_grid_final_component_convolution_mean_coherent_v1",phase8_role_aware_pmf_cal_v1+monotone_inactive_global_v1,morning,2026-05-25T17:16:35Z,a9062c09#phase10c,3b1a8703-3820-4ed7-a736-0023491c28e4,ok,0.0,high,full,current_phase8,unknown,projected,derived_from_projected_minutes,72,0.0
Sam Merrill,3547299,CLE,NYK,True,21713901,pa,rotation,"stat_grid:component_convolution_mean_coherent_v1+components[pts:pmf_sim_v1+role_aware_pmf_cal_v1:rotation+monotone_pit_cdf_v1,ast:pmf_sim_v1+role_aware_pmf_cal_v1:rotation+monotone_pit_cdf_v1]+prior_combo[joint_sampler_v1+joint_combo_pmf_v1+role_aware_pmf_cal_v1:rotation+monotone_pit_cdf_v1]+stat_grid_final_component_convolution_mean_coherent_v1",phase8_role_aware_pmf_cal_v1+monotone_inactive_global_v1,morning,2026-05-25T17:16:35Z,a9062c09#phase10c,3b1a8703-3820-4ed7-a736-0023491c28e4,ok,0.0,high,full,current_phase8,unknown,projected,derived_from_projected_minutes,73,0.0
Sam Merrill,3547299,CLE,NYK,True,21713901,pa,rotation,"stat_grid:component_convolution_mean_coherent_v1+components[pts:pmf_sim_v1+role_aware_pmf_cal_v1:rotation+monotone_pit_cdf_v1,ast:pmf_sim_v1+role_aware_pmf_cal_v1:rotation+monotone_pit_cdf_v1]+prior_combo[joint_sampler_v1+joint_combo_pmf_v1+role_aware_pmf_cal_v1:rotation+monotone_pit_cdf_v1]+stat_grid_final_component_convolution_mean_coherent_v1",phase8_role_aware_pmf_cal_v1+monotone_inactive_global_v1,morning,2026-05-25T17:16:35Z,a9062c09#phase10c,3b1a8703-3820-4ed7-a736-0023491c28e4,ok,0.0,high,full,current_phase8,unknown,projected,derived_from_projected_minutes,74,0.0
Sam Merrill,3547299,CLE,NYK,True,21713901,pa,rotation,"stat_grid:component_convolution_mean_coherent_v1+components[pts:pmf_sim_v1+role_aware_pmf_cal_v1:rotation+monotone_pit_cdf_v1,ast:pmf_sim_v1+role_aware_pmf_cal_v1:rotation+monotone_pit_cdf_v1]+prior_combo[joint_sampler_v1+joint_combo_pmf_v1+role_aware_pmf_cal_v1:rotation+monotone_pit_cdf_v1]+stat_grid_final_component_convolution_mean_coherent_v1",phase8_role_aware_pmf_cal_v1+monotone_inactive_global_v1,morning,2026-05-25T17:16:35Z,a9062c09#phase10c,3b1a8703-3820-4ed7-a736-0023491c28e4,ok,0.0,high,full,current_phase8,unknown,projected,derived_from_projected_minutes,75,0.0
Sam Merrill,3547299,CLE,NYK,True,21713901,pa,rotation,"stat_grid:component_convolution_mean_coherent_v1+components[pts:pmf_sim_v1+role_aware_pmf_cal_v1:rotation+monotone_pit_cdf_v1,ast:pmf_sim_v1+role_aware_pmf_cal_v1:rotation+monotone_pit_cdf_v1]+prior_combo[joint_sampler_v1+joint_combo_pmf_v1+role_aware_pmf_cal_v1:rotation+monotone_pit_cdf_v1]+stat_grid_final_component_convolution_mean_coherent_v1",phase8_role_aware_pmf_cal_v1+monotone_inactive_global_v1,morning,2026-05-25T17:16:35Z,a9062c09#phase10c,3b1a8703-3820-4ed7-a736-0023491c28e4,ok,0.0,high,full,current_phase8,unknown,projected,derived_from_projected_minutes,76,0.0
Sam Merrill,3547299,CLE,NYK,True,21713901,pa,rotation,"stat_grid:component_convolution_mean_coherent_v1+components[pts:pmf_sim_v1+role_aware_pmf_cal_v1:rotation+monotone_pit_cdf_v1,ast:pmf_sim_v1+role_aware_pmf_cal_v1:rotation+monotone_pit_cdf_v1]+prior_combo[joint_sampler_v1+joint_combo_pmf_v1+role_aware_pmf_cal_v1:rotation+monotone_pit_cdf_v1]+stat_grid_final_component_convolution_mean_coherent_v1",phase8_role_aware_pmf_cal_v1+monotone_inactive_global_v1,morning,2026-05-25T17:16:35Z,a9062c09#phase10c,3b1a8703-3820-4ed7-a736-0023491c28e4,ok,0.0,high,full,current_phase8,unknown,projected,derived_from_projected_minutes,77,0.0
Sam Merrill,3547299,CLE,NYK,True,21713901,pa,rotation,"stat_grid:component_convolution_mean_coherent_v1+components[pts:pmf_sim_v1+role_aware_pmf_cal_v1:rotation+monotone_pit_cdf_v1,ast:pmf_sim_v1+role_aware_pmf_cal_v1:rotation+monotone_pit_cdf_v1]+prior_combo[joint_sampler_v1+joint_combo_pmf_v1+role_aware_pmf_cal_v1:rotation+monotone_pit_cdf_v1]+stat_grid_final_component_convolution_mean_coherent_v1",phase8_role_aware_pmf_cal_v1+monotone_inactive_global_v1,morning,2026-05-25T17:16:35Z,a9062c09#phase10c,3b1a8703-3820-4ed7-a736-0023491c28e4,ok,0.0,high,full,current_phase8,unknown,projected,derived_from_projected_minutes,78,0.0
Sam Merrill,3547299,CLE,NYK,True,21713901,pa,rotation,"stat_grid:component_convolution_mean_coherent_v1+components[pts:pmf_sim_v1+role_aware_pmf_cal_v1:rotation+monotone_pit_cdf_v1,ast:pmf_sim_v1+role_aware_pmf_cal_v1:rotation+monotone_pit_cdf_v1]+prior_combo[joint_sampler_v1+joint_combo_pmf_v1+role_aware_pmf_cal_v1:rotation+monotone_pit_cdf_v1]+stat_grid_final_component_convolution_mean_coherent_v1",phase8_role_aware_pmf_cal_v1+monotone_inactive_global_v1,morning,2026-05-25T17:16:35Z,a9062c09#phase10c,3b1a8703-3820-4ed7-a736-0023491c28e4,ok,0.0,high,full,current_phase8,unknown,projected,derived_from_projected_minutes,79,0.0
Sam Merrill,3547299,CLE,NYK,True,21713901,pa,rotation,"stat_grid:component_convolution_mean_coherent_v1+components[pts:pmf_sim_v1+role_aware_pmf_cal_v1:rotation+monotone_pit_cdf_v1,ast:pmf_sim_v1+role_aware_pmf_cal_v1:rotation+monotone_pit_cdf_v1]+prior_combo[joint_sampler_v1+joint_combo_pmf_v1+role_aware_pmf_cal_v1:rotation+monotone_pit_cdf_v1]+stat_grid_final_component_convolution_mean_coherent_v1",phase8_role_aware_pmf_cal_v1+monotone_inactive_global_v1,morning,2026-05-25T17:16:35Z,a9062c09#phase10c,3b1a8703-3820-4ed7-a736-0023491c28e4,ok,0.0,high,full,current_phase8,unknown,projected,derived_from_projected_minutes,80,0.0
Sam Merrill,3547299,CLE,NYK,True,21713901,pa,rotation,"stat_grid:component_convolution_mean_coherent_v1+components[pts:pmf_sim_v1+role_aware_pmf_cal_v1:rotation+monotone_pit_cdf_v1,ast:pmf_sim_v1+role_aware_pmf_cal_v1:rotation+monotone_pit_cdf_v1]+prior_combo[joint_sampler_v1+joint_combo_pmf_v1+role_aware_pmf_cal_v1:rotation+monotone_pit_cdf_v1]+stat_grid_final_component_convolution_mean_coherent_v1",phase8_role_aware_pmf_cal_v1+monotone_inactive_global_v1,morning,2026-05-25T17:16:35Z,a9062c09#phase10c,3b1a8703-3820-4ed7-a736-0023491c28e4,ok,0.0,high,full,current_phase8,unknown,projected,derived_from_projected_minutes,81,0.0
Sam Merrill,3547299,CLE,NYK,True,21713901,pa,rotation,"stat_grid:component_convolution_mean_coherent_v1+components[pts:pmf_sim_v1+role_aware_pmf_cal_v1:rotation+monotone_pit_cdf_v1,ast:pmf_sim_v1+role_aware_pmf_cal_v1:rotation+monotone_pit_cdf_v1]+prior_combo[joint_sampler_v1+joint_combo_pmf_v1+role_aware_pmf_cal_v1:rotation+monotone_pit_cdf_v1]+stat_grid_final_component_convolution_mean_coherent_v1",phase8_role_aware_pmf_cal_v1+monotone_inactive_global_v1,morning,2026-05-25T17:16:35Z,a9062c09#phase10c,3b1a8703-3820-4ed7-a736-0023491c28e4,ok,0.0,high,full,current_phase8,unknown,projected,derived_from_projected_minutes,82,0.0
Sam Merrill,3547299,CLE,NYK,True,21713901,pa,rotation,"stat_grid:component_convolution_mean_coherent_v1+components[pts:pmf_sim_v1+role_aware_pmf_cal_v1:rotation+monotone_pit_cdf_v1,ast:pmf_sim_v1+role_aware_pmf_cal_v1:rotation+monotone_pit_cdf_v1]+prior_combo[joint_sampler_v1+joint_combo_pmf_v1+role_aware_pmf_cal_v1:rotation+monotone_pit_cdf_v1]+stat_grid_final_component_convolution_mean_coherent_v1",phase8_role_aware_pmf_cal_v1+monotone_inactive_global_v1,morning,2026-05-25T17:16:35Z,a9062c09#phase10c,3b1a8703-3820-4ed7-a736-0023491c28e4,ok,0.0,high,full,current_phase8,unknown,projected,derived_from_projected_minutes,83,0.0
Sam Merrill,3547299,CLE,NYK,True,21713901,pa,rotation,"stat_grid:component_convolution_mean_coherent_v1+components[pts:pmf_sim_v1+role_aware_pmf_cal_v1:rotation+monotone_pit_cdf_v1,ast:pmf_sim_v1+role_aware_pmf_cal_v1:rotation+monotone_pit_cdf_v1]+prior_combo[joint_sampler_v1+joint_combo_pmf_v1+role_aware_pmf_cal_v1:rotation+monotone_pit_cdf_v1]+stat_grid_final_component_convolution_mean_coherent_v1",phase8_role_aware_pmf_cal_v1+monotone_inactive_global_v1,morning,2026-05-25T17:16:35Z,a9062c09#phase10c,3b1a8703-3820-4ed7-a736-0023491c28e4,ok,0.0,high,full,current_phase8,unknown,projected,derived_from_projected_minutes,84,0.0
Sam Merrill,3547299,CLE,NYK,True,21713901,pa,rotation,"stat_grid:component_convolution_mean_coherent_v1+components[pts:pmf_sim_v1+role_aware_pmf_cal_v1:rotation+monotone_pit_cdf_v1,ast:pmf_sim_v1+role_aware_pmf_cal_v1:rotation+monotone_pit_cdf_v1]+prior_combo[joint_sampler_v1+joint_combo_pmf_v1+role_aware_pmf_cal_v1:rotation+monotone_pit_cdf_v1]+stat_grid_final_component_convolution_mean_coherent_v1",phase8_role_aware_pmf_cal_v1+monotone_inactive_global_v1,morning,2026-05-25T17:16:35Z,a9062c09#phase10c,3b1a8703-3820-4ed7-a736-0023491c28e4,ok,0.0,high,full,current_phase8,unknown,projected,derived_from_projected_minutes,85,0.0
Sam Merrill,3547299,CLE,NYK,True,21713901,pa,rotation,"stat_grid:component_convolution_mean_coherent_v1+components[pts:pmf_sim_v1+role_aware_pmf_cal_v1:rotation+monotone_pit_cdf_v1,ast:pmf_sim_v1+role_aware_pmf_cal_v1:rotation+monotone_pit_cdf_v1]+prior_combo[joint_sampler_v1+joint_combo_pmf_v1+role_aware_pmf_cal_v1:rotation+monotone_pit_cdf_v1]+stat_grid_final_component_convolution_mean_coherent_v1",phase8_role_aware_pmf_cal_v1+monotone_inactive_global_v1,morning,2026-05-25T17:16:35Z,a9062c09#phase10c,3b1a8703-3820-4ed7-a736-0023491c28e4,ok,0.0,high,full,current_phase8,unknown,projected,derived_from_projected_minutes,86,0.0
Sam Merrill,3547299,CLE,NYK,True,21713901,pa,rotation,"stat_grid:component_convolution_mean_coherent_v1+components[pts:pmf_sim_v1+role_aware_pmf_cal_v1:rotation+monotone_pit_cdf_v1,ast:pmf_sim_v1+role_aware_pmf_cal_v1:rotation+monotone_pit_cdf_v1]+prior_combo[joint_sampler_v1+joint_combo_pmf_v1+role_aware_pmf_cal_v1:rotation+monotone_pit_cdf_v1]+stat_grid_final_component_convolution_mean_coherent_v1",phase8_role_aware_pmf_cal_v1+monotone_inactive_global_v1,morning,2026-05-25T17:16:35Z,a9062c09#phase10c,3b1a8703-3820-4ed7-a736-0023491c28e4,ok,0.0,high,full,current_phase8,unknown,projected,derived_from_projected_minutes,87,0.0
Sam Merrill,3547299,CLE,NYK,True,21713901,pa,rotation,"stat_grid:component_convolution_mean_coherent_v1+components[pts:pmf_sim_v1+role_aware_pmf_cal_v1:rotation+monotone_pit_cdf_v1,ast:pmf_sim_v1+role_aware_pmf_cal_v1:rotation+monotone_pit_cdf_v1]+prior_combo[joint_sampler_v1+joint_combo_pmf_v1+role_aware_pmf_cal_v1:rotation+monotone_pit_cdf_v1]+stat_grid_final_component_convolution_mean_coherent_v1",phase8_role_aware_pmf_cal_v1+monotone_inactive_global_v1,morning,2026-05-25T17:16:35Z,a9062c09#phase10c,3b1a8703-3820-4ed7-a736-0023491c28e4,ok,0.0,high,full,current_phase8,unknown,projected,derived_from_projected_minutes,88,0.0
Sam Merrill,3547299,CLE,NYK,True,21713901,pa,rotation,"stat_grid:component_convolution_mean_coherent_v1+components[pts:pmf_sim_v1+role_aware_pmf_cal_v1:rotation+monotone_pit_cdf_v1,ast:pmf_sim_v1+role_aware_pmf_cal_v1:rotation+monotone_pit_cdf_v1]+prior_combo[joint_sampler_v1+joint_combo_pmf_v1+role_aware_pmf_cal_v1:rotation+monotone_pit_cdf_v1]+stat_grid_final_component_convolution_mean_coherent_v1",phase8_role_aware_pmf_cal_v1+monotone_inactive_global_v1,morning,2026-05-25T17:16:35Z,a9062c09#phase10c,3b1a8703-3820-4ed7-a736-0023491c28e4,ok,0.0,high,full,current_phase8,unknown,projected,derived_from_projected_minutes,89,0.0
Sam Merrill,3547299,CLE,NYK,True,21713901,pa,rotation,"stat_grid:component_convolution_mean_coherent_v1+components[pts:pmf_sim_v1+role_aware_pmf_cal_v1:rotation+monotone_pit_cdf_v1,ast:pmf_sim_v1+role_aware_pmf_cal_v1:rotation+monotone_pit_cdf_v1]+prior_combo[joint_sampler_v1+joint_combo_pmf_v1+role_aware_pmf_cal_v1:rotation+monotone_pit_cdf_v1]+stat_grid_final_component_convolution_mean_coherent_v1",phase8_role_aware_pmf_cal_v1+monotone_inactive_global_v1,morning,2026-05-25T17:16:35Z,a9062c09#phase10c,3b1a8703-3820-4ed7-a736-0023491c28e4,ok,0.0,high,full,current_phase8,unknown,projected,derived_from_projected_minutes,90,0.0
Sam Merrill,3547299,CLE,NYK,True,21713901,pa,rotation,"stat_grid:component_convolution_mean_coherent_v1+components[pts:pmf_sim_v1+role_aware_pmf_cal_v1:rotation+monotone_pit_cdf_v1,ast:pmf_sim_v1+role_aware_pmf_cal_v1:rotation+monotone_pit_cdf_v1]+prior_combo[joint_sampler_v1+joint_combo_pmf_v1+role_aware_pmf_cal_v1:rotation+monotone_pit_cdf_v1]+stat_grid_final_component_convolution_mean_coherent_v1",phase8_role_aware_pmf_cal_v1+monotone_inactive_global_v1,morning,2026-05-25T17:16:35Z,a9062c09#phase10c,3b1a8703-3820-4ed7-a736-0023491c28e4,ok,0.0,high,full,current_phase8,unknown,projected,derived_from_projected_minutes,91,0.0
Sam Merrill,3547299,CLE,NYK,True,21713901,pa,rotation,"stat_grid:component_convolution_mean_coherent_v1+components[pts:pmf_sim_v1+role_aware_pmf_cal_v1:rotation+monotone_pit_cdf_v1,ast:pmf_sim_v1+role_aware_pmf_cal_v1:rotation+monotone_pit_cdf_v1]+prior_combo[joint_sampler_v1+joint_combo_pmf_v1+role_aware_pmf_cal_v1:rotation+monotone_pit_cdf_v1]+stat_grid_final_component_convolution_mean_coherent_v1",phase8_role_aware_pmf_cal_v1+monotone_inactive_global_v1,morning,2026-05-25T17:16:35Z,a9062c09#phase10c,3b1a8703-3820-4ed7-a736-0023491c28e4,ok,0.0,high,full,current_phase8,unknown,projected,derived_from_projected_minutes,92,0.0
Sam Merrill,3547299,CLE,NYK,True,21713901,pa,rotation,"stat_grid:component_convolution_mean_coherent_v1+components[pts:pmf_sim_v1+role_aware_pmf_cal_v1:rotation+monotone_pit_cdf_v1,ast:pmf_sim_v1+role_aware_pmf_cal_v1:rotation+monotone_pit_cdf_v1]+prior_combo[joint_sampler_v1+joint_combo_pmf_v1+role_aware_pmf_cal_v1:rotation+monotone_pit_cdf_v1]+stat_grid_final_component_convolution_mean_coherent_v1",phase8_role_aware_pmf_cal_v1+monotone_inactive_global_v1,morning,2026-05-25T17:16:35Z,a9062c09#phase10c,3b1a8703-3820-4ed7-a736-0023491c28e4,ok,0.0,high,full,current_phase8,unknown,projected,derived_from_projected_minutes,93,0.0
Sam Merrill,3547299,CLE,NYK,True,21713901,pa,rotation,"stat_grid:component_convolution_mean_coherent_v1+components[pts:pmf_sim_v1+role_aware_pmf_cal_v1:rotation+monotone_pit_cdf_v1,ast:pmf_sim_v1+role_aware_pmf_cal_v1:rotation+monotone_pit_cdf_v1]+prior_combo[joint_sampler_v1+joint_combo_pmf_v1+role_aware_pmf_cal_v1:rotation+monotone_pit_cdf_v1]+stat_grid_final_component_convolution_mean_coherent_v1",phase8_role_aware_pmf_cal_v1+monotone_inactive_global_v1,morning,2026-05-25T17:16:35Z,a9062c09#phase10c,3b1a8703-3820-4ed7-a736-0023491c28e4,ok,0.0,high,full,current_phase8,unknown,projected,derived_from_projected_minutes,94,0.0
Sam Merrill,3547299,CLE,NYK,True,21713901,pa,rotation,"stat_grid:component_convolution_mean_coherent_v1+components[pts:pmf_sim_v1+role_aware_pmf_cal_v1:rotation+monotone_pit_cdf_v1,ast:pmf_sim_v1+role_aware_pmf_cal_v1:rotation+monotone_pit_cdf_v1]+prior_combo[joint_sampler_v1+joint_combo_pmf_v1+role_aware_pmf_cal_v1:rotation+monotone_pit_cdf_v1]+stat_grid_final_component_convolution_mean_coherent_v1",phase8_role_aware_pmf_cal_v1+monotone_inactive_global_v1,morning,2026-05-25T17:16:35Z,a9062c09#phase10c,3b1a8703-3820-4ed7-a736-0023491c28e4,ok,0.0,high,full,current_phase8,unknown,projected,derived_from_projected_minutes,95,0.0
Sam Merrill,3547299,CLE,NYK,True,21713901,pa,rotation,"stat_grid:component_convolution_mean_coherent_v1+components[pts:pmf_sim_v1+role_aware_pmf_cal_v1:rotation+monotone_pit_cdf_v1,ast:pmf_sim_v1+role_aware_pmf_cal_v1:rotation+monotone_pit_cdf_v1]+prior_combo[joint_sampler_v1+joint_combo_pmf_v1+role_aware_pmf_cal_v1:rotation+monotone_pit_cdf_v1]+stat_grid_final_component_convolution_mean_coherent_v1",phase8_role_aware_pmf_cal_v1+monotone_inactive_global_v1,morning,2026-05-25T17:16:35Z,a9062c09#phase10c,3b1a8703-3820-4ed7-a736-0023491c28e4,ok,0.0,high,full,current_phase8,unknown,projected,derived_from_projected_minutes,96,0.0
Sam Merrill,3547299,CLE,NYK,True,21713901,pa,rotation,"stat_grid:component_convolution_mean_coherent_v1+components[pts:pmf_sim_v1+role_aware_pmf_cal_v1:rotation+monotone_pit_cdf_v1,ast:pmf_sim_v1+role_aware_pmf_cal_v1:rotation+monotone_pit_cdf_v1]+prior_combo[joint_sampler_v1+joint_combo_pmf_v1+role_aware_pmf_cal_v1:rotation+monotone_pit_cdf_v1]+stat_grid_final_component_convolution_mean_coherent_v1",phase8_role_aware_pmf_cal_v1+monotone_inactive_global_v1,morning,2026-05-25T17:16:35Z,a9062c09#phase10c,3b1a8703-3820-4ed7-a736-0023491c28e4,ok,0.0,high,full,current_phase8,unknown,projected,derived_from_projected_minutes,97,0.0
Sam Merrill,3547299,CLE,NYK,True,21713901,pa,rotation,"stat_grid:component_convolution_mean_coherent_v1+components[pts:pmf_sim_v1+role_aware_pmf_cal_v1:rotation+monotone_pit_cdf_v1,ast:pmf_sim_v1+role_aware_pmf_cal_v1:rotation+monotone_pit_cdf_v1]+prior_combo[joint_sampler_v1+joint_combo_pmf_v1+role_aware_pmf_cal_v1:rotation+monotone_pit_cdf_v1]+stat_grid_final_component_convolution_mean_coherent_v1",phase8_role_aware_pmf_cal_v1+monotone_inactive_global_v1,morning,2026-05-25T17:16:35Z,a9062c09#phase10c,3b1a8703-3820-4ed7-a736-0023491c28e4,ok,0.0,high,full,current_phase8,unknown,projected,derived_from_projected_minutes,98,0.0
Sam Merrill,3547299,CLE,NYK,True,21713901,pa,rotation,"stat_grid:component_convolution_mean_coherent_v1+components[pts:pmf_sim_v1+role_aware_pmf_cal_v1:rotation+monotone_pit_cdf_v1,ast:pmf_sim_v1+role_aware_pmf_cal_v1:rotation+monotone_pit_cdf_v1]+prior_combo[joint_sampler_v1+joint_combo_pmf_v1+role_aware_pmf_cal_v1:rotation+monotone_pit_cdf_v1]+stat_grid_final_component_convolution_mean_coherent_v1",phase8_role_aware_pmf_cal_v1+monotone_inactive_global_v1,morning,2026-05-25T17:16:35Z,a9062c09#phase10c,3b1a8703-3820-4ed7-a736-0023491c28e4,ok,0.0,high,full,current_phase8,unknown,projected,derived_from_projected_minutes,99,0.0
Sam Merrill,3547299,CLE,NYK,True,21713901,pa,rotation,"stat_grid:component_convolution_mean_coherent_v1+components[pts:pmf_sim_v1+role_aware_pmf_cal_v1:rotation+monotone_pit_cdf_v1,ast:pmf_sim_v1+role_aware_pmf_cal_v1:rotation+monotone_pit_cdf_v1]+prior_combo[joint_sampler_v1+joint_combo_pmf_v1+role_aware_pmf_cal_v1:rotation+monotone_pit_cdf_v1]+stat_grid_final_component_convolution_mean_coherent_v1",phase8_role_aware_pmf_cal_v1+monotone_inactive_global_v1,morning,2026-05-25T17:16:35Z,a9062c09#phase10c,3b1a8703-3820-4ed7-a736-0023491c28e4,ok,0.0,high,full,current_phase8,unknown,projected,derived_from_projected_minutes,100,0.0
Sam Merrill,3547299,CLE,NYK,True,21713901,pa,rotation,"stat_grid:component_convolution_mean_coherent_v1+components[pts:pmf_sim_v1+role_aware_pmf_cal_v1:rotation+monotone_pit_cdf_v1,ast:pmf_sim_v1+role_aware_pmf_cal_v1:rotation+monotone_pit_cdf_v1]+prior_combo[joint_sampler_v1+joint_combo_pmf_v1+role_aware_pmf_cal_v1:rotation+monotone_pit_cdf_v1]+stat_grid_final_component_convolution_mean_coherent_v1",phase8_role_aware_pmf_cal_v1+monotone_inactive_global_v1,morning,2026-05-25T17:16:35Z,a9062c09#phase10c,3b1a8703-3820-4ed7-a736-0023491c28e4,ok,0.0,high,full,current_phase8,unknown,projected,derived_from_projected_minutes,101,0.0
Sam Merrill,3547299,CLE,NYK,True,21713901,pa,rotation,"stat_grid:component_convolution_mean_coherent_v1+components[pts:pmf_sim_v1+role_aware_pmf_cal_v1:rotation+monotone_pit_cdf_v1,ast:pmf_sim_v1+role_aware_pmf_cal_v1:rotation+monotone_pit_cdf_v1]+prior_combo[joint_sampler_v1+joint_combo_pmf_v1+role_aware_pmf_cal_v1:rotation+monotone_pit_cdf_v1]+stat_grid_final_component_convolution_mean_coherent_v1",phase8_role_aware_pmf_cal_v1+monotone_inactive_global_v1,morning,2026-05-25T17:16:35Z,a9062c09#phase10c,3b1a8703-3820-4ed7-a736-0023491c28e4,ok,0.0,high,full,current_phase8,unknown,projected,derived_from_projected_minutes,102,0.0
Sam Merrill,3547299,CLE,NYK,True,21713901,pa,rotation,"stat_grid:component_convolution_mean_coherent_v1+components[pts:pmf_sim_v1+role_aware_pmf_cal_v1:rotation+monotone_pit_cdf_v1,ast:pmf_sim_v1+role_aware_pmf_cal_v1:rotation+monotone_pit_cdf_v1]+prior_combo[joint_sampler_v1+joint_combo_pmf_v1+role_aware_pmf_cal_v1:rotation+monotone_pit_cdf_v1]+stat_grid_final_component_convolution_mean_coherent_v1",phase8_role_aware_pmf_cal_v1+monotone_inactive_global_v1,morning,2026-05-25T17:16:35Z,a9062c09#phase10c,3b1a8703-3820-4ed7-a736-0023491c28e4,ok,0.0,high,full,current_phase8,unknown,projected,derived_from_projected_minutes,103,0.0
Sam Merrill,3547299,CLE,NYK,True,21713901,pa,rotation,"stat_grid:component_convolution_mean_coherent_v1+components[pts:pmf_sim_v1+role_aware_pmf_cal_v1:rotation+monotone_pit_cdf_v1,ast:pmf_sim_v1+role_aware_pmf_cal_v1:rotation+monotone_pit_cdf_v1]+prior_combo[joint_sampler_v1+joint_combo_pmf_v1+role_aware_pmf_cal_v1:rotation+monotone_pit_cdf_v1]+stat_grid_final_component_convolution_mean_coherent_v1",phase8_role_aware_pmf_cal_v1+monotone_inactive_global_v1,morning,2026-05-25T17:16:35Z,a9062c09#phase10c,3b1a8703-3820-4ed7-a736-0023491c28e4,ok,0.0,high,full,current_phase8,unknown,projected,derived_from_projected_minutes,104,0.0
Sam Merrill,3547299,CLE,NYK,True,21713901,pa,rotation,"stat_grid:component_convolution_mean_coherent_v1+components[pts:pmf_sim_v1+role_aware_pmf_cal_v1:rotation+monotone_pit_cdf_v1,ast:pmf_sim_v1+role_aware_pmf_cal_v1:rotation+monotone_pit_cdf_v1]+prior_combo[joint_sampler_v1+joint_combo_pmf_v1+role_aware_pmf_cal_v1:rotation+monotone_pit_cdf_v1]+stat_grid_final_component_convolution_mean_coherent_v1",phase8_role_aware_pmf_cal_v1+monotone_inactive_global_v1,morning,2026-05-25T17:16:35Z,a9062c09#phase10c,3b1a8703-3820-4ed7-a736-0023491c28e4,ok,0.0,high,full,current_phase8,unknown,projected,derived_from_projected_minutes,105,0.0
Sam Merrill,3547299,CLE,NYK,True,21713901,pr,rotation,"stat_grid:component_convolution_mean_coherent_v1+components[pts:pmf_sim_v1+role_aware_pmf_cal_v1:rotation+monotone_pit_cdf_v1,reb:pmf_sim_v1+role_aware_pmf_cal_v1:rotation+monotone_pit_cdf_v1]+prior_combo[joint_sampler_v1+joint_combo_pmf_v1+role_aware_pmf_cal_v1:rotation+monotone_pit_cdf_v1]+stat_grid_final_component_convolution_mean_coherent_v1",phase8_role_aware_pmf_cal_v1+monotone_inactive_global_v1,morning,2026-05-25T17:16:35Z,a9062c09#phase10c,3b1a8703-3820-4ed7-a736-0023491c28e4,ok,0.0,high,full,current_phase8,unknown,projected,derived_from_projected_minutes,0,0.0068
Sam Merrill,3547299,CLE,NYK,True,21713901,pr,rotation,"stat_grid:component_convolution_mean_coherent_v1+components[pts:pmf_sim_v1+role_aware_pmf_cal_v1:rotation+monotone_pit_cdf_v1,reb:pmf_sim_v1+role_aware_pmf_cal_v1:rotation+monotone_pit_cdf_v1]+prior_combo[joint_sampler_v1+joint_combo_pmf_v1+role_aware_pmf_cal_v1:rotation+monotone_pit_cdf_v1]+stat_grid_final_component_convolution_mean_coherent_v1",phase8_role_aware_pmf_cal_v1+monotone_inactive_global_v1,morning,2026-05-25T17:16:35Z,a9062c09#phase10c,3b1a8703-3820-4ed7-a736-0023491c28e4,ok,0.0,high,full,current_phase8,unknown,projected,derived_from_projected_minutes,1,0.0238
Sam Merrill,3547299,CLE,NYK,True,21713901,pr,rotation,"stat_grid:component_convolution_mean_coherent_v1+components[pts:pmf_sim_v1+role_aware_pmf_cal_v1:rotation+monotone_pit_cdf_v1,reb:pmf_sim_v1+role_aware_pmf_cal_v1:rotation+monotone_pit_cdf_v1]+prior_combo[joint_sampler_v1+joint_combo_pmf_v1+role_aware_pmf_cal_v1:rotation+monotone_pit_cdf_v1]+stat_grid_final_component_convolution_mean_coherent_v1",phase8_role_aware_pmf_cal_v1+monotone_inactive_global_v1,morning,2026-05-25T17:16:35Z,a9062c09#phase10c,3b1a8703-3820-4ed7-a736-0023491c28e4,ok,0.0,high,full,current_phase8,unknown,projected,derived_from_projected_minutes,2,0.0335
Sam Merrill,3547299,CLE,NYK,True,21713901,pr,rotation,"stat_grid:component_convolution_mean_coherent_v1+components[pts:pmf_sim_v1+role_aware_pmf_cal_v1:rotation+monotone_pit_cdf_v1,reb:pmf_sim_v1+role_aware_pmf_cal_v1:rotation+monotone_pit_cdf_v1]+prior_combo[joint_sampler_v1+joint_combo_pmf_v1+role_aware_pmf_cal_v1:rotation+monotone_pit_cdf_v1]+stat_grid_final_component_convolution_mean_coherent_v1",phase8_role_aware_pmf_cal_v1+monotone_inactive_global_v1,morning,2026-05-25T17:16:35Z,a9062c09#phase10c,3b1a8703-3820-4ed7-a736-0023491c28e4,ok,0.0,high,full,current_phase8,unknown,projected,derived_from_projected_minutes,3,0.0354
Sam Merrill,3547299,CLE,NYK,True,21713901,pr,rotation,"stat_grid:component_convolution_mean_coherent_v1+components[pts:pmf_sim_v1+role_aware_pmf_cal_v1:rotation+monotone_pit_cdf_v1,reb:pmf_sim_v1+role_aware_pmf_cal_v1:rotation+monotone_pit_cdf_v1]+prior_combo[joint_sampler_v1+joint_combo_pmf_v1+role_aware_pmf_cal_v1:rotation+monotone_pit_cdf_v1]+stat_grid_final_component_convolution_mean_coherent_v1",phase8_role_aware_pmf_cal_v1+monotone_inactive_global_v1,morning,2026-05-25T17:16:35Z,a9062c09#phase10c,3b1a8703-3820-4ed7-a736-0023491c28e4,ok,0.0,high,full,current_phase8,unknown,projected,derived_from_projected_minutes,4,0.0366
Sam Merrill,3547299,CLE,NYK,True,21713901,pr,rotation,"stat_grid:component_convolution_mean_coherent_v1+components[pts:pmf_sim_v1+role_aware_pmf_cal_v1:rotation+monotone_pit_cdf_v1,reb:pmf_sim_v1+role_aware_pmf_cal_v1:rotation+monotone_pit_cdf_v1]+prior_combo[joint_sampler_v1+joint_combo_pmf_v1+role_aware_pmf_cal_v1:rotation+monotone_pit_cdf_v1]+stat_grid_final_component_convolution_mean_coherent_v1",phase8_role_aware_pmf_cal_v1+monotone_inactive_global_v1,morning,2026-05-25T17:16:35Z,a9062c09#phase10c,3b1a8703-3820-4ed7-a736-0023491c28e4,ok,0.0,high,full,current_phase8,unknown,projected,derived_from_projected_minutes,5,0.0421
Sam Merrill,3547299,CLE,NYK,True,21713901,pr,rotation,"stat_grid:component_convolution_mean_coherent_v1+components[pts:pmf_sim_v1+role_aware_pmf_cal_v1:rotation+monotone_pit_cdf_v1,reb:pmf_sim_v1+role_aware_pmf_cal_v1:rotation+monotone_pit_cdf_v1]+prior_combo[joint_sampler_v1+joint_combo_pmf_v1+role_aware_pmf_cal_v1:rotation+monotone_pit_cdf_v1]+stat_grid_final_component_convolution_mean_coherent_v1",phase8_role_aware_pmf_cal_v1+monotone_inactive_global_v1,morning,2026-05-25T17:16:35Z,a9062c09#phase10c,3b1a8703-3820-4ed7-a736-0023491c28e4,ok,0.0,high,full,current_phase8,unknown,projected,derived_from_projected_minutes,6,0.0498
Sam Merrill,3547299,CLE,NYK,True,21713901,pr,rotation,"stat_grid:component_convolution_mean_coherent_v1+components[pts:pmf_sim_v1+role_aware_pmf_cal_v1:rotation+monotone_pit_cdf_v1,reb:pmf_sim_v1+role_aware_pmf_cal_v1:rotation+monotone_pit_cdf_v1]+prior_combo[joint_sampler_v1+joint_combo_pmf_v1+role_aware_pmf_cal_v1:rotation+monotone_pit_cdf_v1]+stat_grid_final_component_convolution_mean_coherent_v1",phase8_role_aware_pmf_cal_v1+monotone_inactive_global_v1,morning,2026-05-25T17:16:35Z,a9062c09#phase10c,3b1a8703-3820-4ed7-a736-0023491c28e4,ok,0.0,high,full,current_phase8,unknown,projected,derived_from_projected_minutes,7,0.0558
Sam Merrill,3547299,CLE,NYK,True,21713901,pr,rotation,"stat_grid:component_convolution_mean_coherent_v1+components[pts:pmf_sim_v1+role_aware_pmf_cal_v1:rotation+monotone_pit_cdf_v1,reb:pmf_sim_v1+role_aware_pmf_cal_v1:rotation+monotone_pit_cdf_v1]+prior_combo[joint_sampler_v1+joint_combo_pmf_v1+role_aware_pmf_cal_v1:rotation+monotone_pit_cdf_v1]+stat_grid_final_component_convolution_mean_coherent_v1",phase8_role_aware_pmf_cal_v1+monotone_inactive_global_v1,morning,2026-05-25T17:16:35Z,a9062c09#phase10c,3b1a8703-3820-4ed7-a736-0023491c28e4,ok,0.0,high,full,current_phase8,unknown,projected,derived_from_projected_minutes,8,0.0595
Sam Merrill,3547299,CLE,NYK,True,21713901,pr,rotation,"stat_grid:component_convolution_mean_coherent_v1+components[pts:pmf_sim_v1+role_aware_pmf_cal_v1:rotation+monotone_pit_cdf_v1,reb:pmf_sim_v1+role_aware_pmf_cal_v1:rotation+monotone_pit_cdf_v1]+prior_combo[joint_sampler_v1+joint_combo_pmf_v1+role_aware_pmf_cal_v1:rotation+monotone_pit_cdf_v1]+stat_grid_final_component_convolution_mean_coherent_v1",phase8_role_aware_pmf_cal_v1+monotone_inactive_global_v1,morning,2026-05-25T17:16:35Z,a9062c09#phase10c,3b1a8703-3820-4ed7-a736-0023491c28e4,ok,0.0,high,full,current_phase8,unknown,projected,derived_from_projected_minutes,9,0.064
Sam Merrill,3547299,CLE,NYK,True,21713901,pr,rotation,"stat_grid:component_convolution_mean_coherent_v1+components[pts:pmf_sim_v1+role_aware_pmf_cal_v1:rotation+monotone_pit_cdf_v1,reb:pmf_sim_v1+role_aware_pmf_cal_v1:rotation+monotone_pit_cdf_v1]+prior_combo[joint_sampler_v1+joint_combo_pmf_v1+role_aware_pmf_cal_v1:rotation+monotone_pit_cdf_v1]+stat_grid_final_component_convolution_mean_coherent_v1",phase8_role_aware_pmf_cal_v1+monotone_inactive_global_v1,morning,2026-05-25T17:16:35Z,a9062c09#phase10c,3b1a8703-3820-4ed7-a736-0023491c28e4,ok,0.0,high,full,current_phase8,unknown,projected,derived_from_projected_minutes,10,0.0679
Sam Merrill,3547299,CLE,NYK,True,21713901,pr,rotation,"stat_grid:component_convolution_mean_coherent_v1+components[pts:pmf_sim_v1+role_aware_pmf_cal_v1:rotation+monotone_pit_cdf_v1,reb:pmf_sim_v1+role_aware_pmf_cal_v1:rotation+monotone_pit_cdf_v1]+prior_combo[joint_sampler_v1+joint_combo_pmf_v1+role_aware_pmf_cal_v1:rotation+monotone_pit_cdf_v1]+stat_grid_final_component_convolution_mean_coherent_v1",phase8_role_aware_pmf_cal_v1+monotone_inactive_global_v1,morning,2026-05-25T17:16:35Z,a9062c09#phase10c,3b1a8703-3820-4ed7-a736-0023491c28e4,ok,0.0,high,full,current_phase8,unknown,projected,derived_from_projected_minutes,11,0.0681
Sam Merrill,3547299,CLE,NYK,True,21713901,pr,rotation,"stat_grid:component_convolution_mean_coherent_v1+components[pts:pmf_sim_v1+role_aware_pmf_cal_v1:rotation+monotone_pit_cdf_v1,reb:pmf_sim_v1+role_aware_pmf_cal_v1:rotation+monotone_pit_cdf_v1]+prior_combo[joint_sampler_v1+joint_combo_pmf_v1+role_aware_pmf_cal_v1:rotation+monotone_pit_cdf_v1]+stat_grid_final_component_convolution_mean_coherent_v1",phase8_role_aware_pmf_cal_v1+monotone_inactive_global_v1,morning,2026-05-25T17:16:35Z,a9062c09#phase10c,3b1a8703-3820-4ed7-a736-0023491c28e4,ok,0.0,high,full,current_phase8,unknown,projected,derived_from_projected_minutes,12,0.0643
Sam Merrill,3547299,CLE,NYK,True,21713901,pr,rotation,"stat_grid:component_convolution_mean_coherent_v1+components[pts:pmf_sim_v1+role_aware_pmf_cal_v1:rotation+monotone_pit_cdf_v1,reb:pmf_sim_v1+role_aware_pmf_cal_v1:rotation+monotone_pit_cdf_v1]+prior_combo[joint_sampler_v1+joint_combo_pmf_v1+role_aware_pmf_cal_v1:rotation+monotone_pit_cdf_v1]+stat_grid_final_component_convolution_mean_coherent_v1",phase8_role_aware_pmf_cal_v1+monotone_inactive_global_v1,morning,2026-05-25T17:16:35Z,a9062c09#phase10c,3b1a8703-3820-4ed7-a736-0023491c28e4,ok,0.0,high,full,current_phase8,unknown,projected,derived_from_projected_minutes,13,0.0583
Sam Merrill,3547299,CLE,NYK,True,21713901,pr,rotation,"stat_grid:component_convolution_mean_coherent_v1+components[pts:pmf_sim_v1+role_aware_pmf_cal_v1:rotation+monotone_pit_cdf_v1,reb:pmf_sim_v1+role_aware_pmf_cal_v1:rotation+monotone_pit_cdf_v1]+prior_combo[joint_sampler_v1+joint_combo_pmf_v1+role_aware_pmf_cal_v1:rotation+monotone_pit_cdf_v1]+stat_grid_final_component_convolution_mean_coherent_v1",phase8_role_aware_pmf_cal_v1+monotone_inactive_global_v1,morning,2026-05-25T17:16:35Z,a9062c09#phase10c,3b1a8703-3820-4ed7-a736-0023491c28e4,ok,0.0,high,full,current_phase8,unknown,projected,derived_from_projected_minutes,14,0.0514
Sam Merrill,3547299,CLE,NYK,True,21713901,pr,rotation,"stat_grid:component_convolution_mean_coherent_v1+components[pts:pmf_sim_v1+role_aware_pmf_cal_v1:rotation+monotone_pit_cdf_v1,reb:pmf_sim_v1+role_aware_pmf_cal_v1:rotation+monotone_pit_cdf_v1]+prior_combo[joint_sampler_v1+joint_combo_pmf_v1+role_aware_pmf_cal_v1:rotation+monotone_pit_cdf_v1]+stat_grid_final_component_convolution_mean_coherent_v1",phase8_role_aware_pmf_cal_v1+monotone_inactive_global_v1,morning,2026-05-25T17:16:35Z,a9062c09#phase10c,3b1a8703-3820-4ed7-a736-0023491c28e4,ok,0.0,high,full,current_phase8,unknown,projected,derived_from_projected_minutes,15,0.0466
Sam Merrill,3547299,CLE,NYK,True,21713901,pr,rotation,"stat_grid:component_convolution_mean_coherent_v1+components[pts:pmf_sim_v1+role_aware_pmf_cal_v1:rotation+monotone_pit_cdf_v1,reb:pmf_sim_v1+role_aware_pmf_cal_v1:rotation+monotone_pit_cdf_v1]+prior_combo[joint_sampler_v1+joint_combo_pmf_v1+role_aware_pmf_cal_v1:rotation+monotone_pit_cdf_v1]+stat_grid_final_component_convolution_mean_coherent_v1",phase8_role_aware_pmf_cal_v1+monotone_inactive_global_v1,morning,2026-05-25T17:16:35Z,a9062c09#phase10c,3b1a8703-3820-4ed7-a736-0023491c28e4,ok,0.0,high,full,current_phase8,unknown,projected,derived_from_projected_minutes,16,0.0446
Sam Merrill,3547299,CLE,NYK,True,21713901,pr,rotation,"stat_grid:component_convolution_mean_coherent_v1+components[pts:pmf_sim_v1+role_aware_pmf_cal_v1:rotation+monotone_pit_cdf_v1,reb:pmf_sim_v1+role_aware_pmf_cal_v1:rotation+monotone_pit_cdf_v1]+prior_combo[joint_sampler_v1+joint_combo_pmf_v1+role_aware_pmf_cal_v1:rotation+monotone_pit_cdf_v1]+stat_grid_final_component_convolution_mean_coherent_v1",phase8_role_aware_pmf_cal_v1+monotone_inactive_global_v1,morning,2026-05-25T17:16:35Z,a9062c09#phase10c,3b1a8703-3820-4ed7-a736-0023491c28e4,ok,0.0,high,full,current_phase8,unknown,projected,derived_from_projected_minutes,17,0.0406
Sam Merrill,3547299,CLE,NYK,True,21713901,pr,rotation,"stat_grid:component_convolution_mean_coherent_v1+components[pts:pmf_sim_v1+role_aware_pmf_cal_v1:rotation+monotone_pit_cdf_v1,reb:pmf_sim_v1+role_aware_pmf_cal_v1:rotation+monotone_pit_cdf_v1]+prior_combo[joint_sampler_v1+joint_combo_pmf_v1+role_aware_pmf_cal_v1:rotation+monotone_pit_cdf_v1]+stat_grid_final_component_convolution_mean_coherent_v1",phase8_role_aware_pmf_cal_v1+monotone_inactive_global_v1,morning,2026-05-25T17:16:35Z,a9062c09#phase10c,3b1a8703-3820-4ed7-a736-0023491c28e4,ok,0.0,high,full,current_phase8,unknown,projected,derived_from_projected_minutes,18,0.0337
Sam Merrill,3547299,CLE,NYK,True,21713901,pr,rotation,"stat_grid:component_convolution_mean_coherent_v1+components[pts:pmf_sim_v1+role_aware_pmf_cal_v1:rotation+monotone_pit_cdf_v1,reb:pmf_sim_v1+role_aware_pmf_cal_v1:rotation+monotone_pit_cdf_v1]+prior_combo[joint_sampler_v1+joint_combo_pmf_v1+role_aware_pmf_cal_v1:rotation+monotone_pit_cdf_v1]+stat_grid_final_component_convolution_mean_coherent_v1",phase8_role_aware_pmf_cal_v1+monotone_inactive_global_v1,morning,2026-05-25T17:16:35Z,a9062c09#phase10c,3b1a8703-3820-4ed7-a736-0023491c28e4,ok,0.0,high,full,current_phase8,unknown,projected,derived_from_projected_minutes,19,0.0272
Sam Merrill,3547299,CLE,NYK,True,21713901,pr,rotation,"stat_grid:component_convolution_mean_coherent_v1+components[pts:pmf_sim_v1+role_aware_pmf_cal_v1:rotation+monotone_pit_cdf_v1,reb:pmf_sim_v1+role_aware_pmf_cal_v1:rotation+monotone_pit_cdf_v1]+prior_combo[joint_sampler_v1+joint_combo_pmf_v1+role_aware_pmf_cal_v1:rotation+monotone_pit_cdf_v1]+stat_grid_final_component_convolution_mean_coherent_v1",phase8_role_aware_pmf_cal_v1+monotone_inactive_global_v1,morning,2026-05-25T17:16:35Z,a9062c09#phase10c,3b1a8703-3820-4ed7-a736-0023491c28e4,ok,0.0,high,full,current_phase8,unknown,projected,derived_from_projected_minutes,20,0.0218
Sam Merrill,3547299,CLE,NYK,True,21713901,pr,rotation,"stat_grid:component_convolution_mean_coherent_v1+components[pts:pmf_sim_v1+role_aware_pmf_cal_v1:rotation+monotone_pit_cdf_v1,reb:pmf_sim_v1+role_aware_pmf_cal_v1:rotation+monotone_pit_cdf_v1]+prior_combo[joint_sampler_v1+joint_combo_pmf_v1+role_aware_pmf_cal_v1:rotation+monotone_pit_cdf_v1]+stat_grid_final_component_convolution_mean_coherent_v1",phase8_role_aware_pmf_cal_v1+monotone_inactive_global_v1,morning,2026-05-25T17:16:35Z,a9062c09#phase10c,3b1a8703-3820-4ed7-a736-0023491c28e4,ok,0.0,high,full,current_phase8,unknown,projected,derived_from_projected_minutes,21,0.0174
Sam Merrill,3547299,CLE,NYK,True,21713901,pr,rotation,"stat_grid:component_convolution_mean_coherent_v1+components[pts:pmf_sim_v1+role_aware_pmf_cal_v1:rotation+monotone_pit_cdf_v1,reb:pmf_sim_v1+role_aware_pmf_cal_v1:rotation+monotone_pit_cdf_v1]+prior_combo[joint_sampler_v1+joint_combo_pmf_v1+role_aware_pmf_cal_v1:rotation+monotone_pit_cdf_v1]+stat_grid_final_component_convolution_mean_coherent_v1",phase8_role_aware_pmf_cal_v1+monotone_inactive_global_v1,morning,2026-05-25T17:16:35Z,a9062c09#phase10c,3b1a8703-3820-4ed7-a736-0023491c28e4,ok,0.0,high,full,current_phase8,unknown,projected,derived_from_projected_minutes,22,0.0138
Sam Merrill,3547299,CLE,NYK,True,21713901,pr,rotation,"stat_grid:component_convolution_mean_coherent_v1+components[pts:pmf_sim_v1+role_aware_pmf_cal_v1:rotation+monotone_pit_cdf_v1,reb:pmf_sim_v1+role_aware_pmf_cal_v1:rotation+monotone_pit_cdf_v1]+prior_combo[joint_sampler_v1+joint_combo_pmf_v1+role_aware_pmf_cal_v1:rotation+monotone_pit_cdf_v1]+stat_grid_final_component_convolution_mean_coherent_v1",phase8_role_aware_pmf_cal_v1+monotone_inactive_global_v1,morning,2026-05-25T17:16:35Z,a9062c09#phase10c,3b1a8703-3820-4ed7-a736-0023491c28e4,ok,0.0,high,full,current_phase8,unknown,projected,derived_from_projected_minutes,23,0.0111
Sam Merrill,3547299,CLE,NYK,True,21713901,pr,rotation,"stat_grid:component_convolution_mean_coherent_v1+components[pts:pmf_sim_v1+role_aware_pmf_cal_v1:rotation+monotone_pit_cdf_v1,reb:pmf_sim_v1+role_aware_pmf_cal_v1:rotation+monotone_pit_cdf_v1]+prior_combo[joint_sampler_v1+joint_combo_pmf_v1+role_aware_pmf_cal_v1:rotation+monotone_pit_cdf_v1]+stat_grid_final_component_convolution_mean_coherent_v1",phase8_role_aware_pmf_cal_v1+monotone_inactive_global_v1,morning,2026-05-25T17:16:35Z,a9062c09#phase10c,3b1a8703-3820-4ed7-a736-0023491c28e4,ok,0.0,high,full,current_phase8,unknown,projected,derived_from_projected_minutes,24,0.0089
Sam Merrill,3547299,CLE,NYK,True,21713901,pr,rotation,"stat_grid:component_convolution_mean_coherent_v1+components[pts:pmf_sim_v1+role_aware_pmf_cal_v1:rotation+monotone_pit_cdf_v1,reb:pmf_sim_v1+role_aware_pmf_cal_v1:rotation+monotone_pit_cdf_v1]+prior_combo[joint_sampler_v1+joint_combo_pmf_v1+role_aware_pmf_cal_v1:rotation+monotone_pit_cdf_v1]+stat_grid_final_component_convolution_mean_coherent_v1",phase8_role_aware_pmf_cal_v1+monotone_inactive_global_v1,morning,2026-05-25T17:16:35Z,a9062c09#phase10c,3b1a8703-3820-4ed7-a736-0023491c28e4,ok,0.0,high,full,current_phase8,unknown,projected,derived_from_projected_minutes,25,0.0062
Sam Merrill,3547299,CLE,NYK,True,21713901,pr,rotation,"stat_grid:component_convolution_mean_coherent_v1+components[pts:pmf_sim_v1+role_aware_pmf_cal_v1:rotation+monotone_pit_cdf_v1,reb:pmf_sim_v1+role_aware_pmf_cal_v1:rotation+monotone_pit_cdf_v1]+prior_combo[joint_sampler_v1+joint_combo_pmf_v1+role_aware_pmf_cal_v1:rotation+monotone_pit_cdf_v1]+stat_grid_final_component_convolution_mean_coherent_v1",phase8_role_aware_pmf_cal_v1+monotone_inactive_global_v1,morning,2026-05-25T17:16:35Z,a9062c09#phase10c,3b1a8703-3820-4ed7-a736-0023491c28e4,ok,0.0,high,full,current_phase8,unknown,projected,derived_from_projected_minutes,26,0.0038
Sam Merrill,3547299,CLE,NYK,True,21713901,pr,rotation,"stat_grid:component_convolution_mean_coherent_v1+components[pts:pmf_sim_v1+role_aware_pmf_cal_v1:rotation+monotone_pit_cdf_v1,reb:pmf_sim_v1+role_aware_pmf_cal_v1:rotation+monotone_pit_cdf_v1]+prior_combo[joint_sampler_v1+joint_combo_pmf_v1+role_aware_pmf_cal_v1:rotation+monotone_pit_cdf_v1]+stat_grid_final_component_convolution_mean_coherent_v1",phase8_role_aware_pmf_cal_v1+monotone_inactive_global_v1,morning,2026-05-25T17:16:35Z,a9062c09#phase10c,3b1a8703-3820-4ed7-a736-0023491c28e4,ok,0.0,high,full,current_phase8,unknown,projected,derived_from_projected_minutes,27,0.0021
Sam Merrill,3547299,CLE,NYK,True,21713901,pr,rotation,"stat_grid:component_convolution_mean_coherent_v1+components[pts:pmf_sim_v1+role_aware_pmf_cal_v1:rotation+monotone_pit_cdf_v1,reb:pmf_sim_v1+role_aware_pmf_cal_v1:rotation+monotone_pit_cdf_v1]+prior_combo[joint_sampler_v1+joint_combo_pmf_v1+role_aware_pmf_cal_v1:rotation+monotone_pit_cdf_v1]+stat_grid_final_component_convolution_mean_coherent_v1",phase8_role_aware_pmf_cal_v1+monotone_inactive_global_v1,morning,2026-05-25T17:16:35Z,a9062c09#phase10c,3b1a8703-3820-4ed7-a736-0023491c28e4,ok,0.0,high,full,current_phase8,unknown,projected,derived_from_projected_minutes,28,0.0012
Sam Merrill,3547299,CLE,NYK,True,21713901,pr,rotation,"stat_grid:component_convolution_mean_coherent_v1+components[pts:pmf_sim_v1+role_aware_pmf_cal_v1:rotation+monotone_pit_cdf_v1,reb:pmf_sim_v1+role_aware_pmf_cal_v1:rotation+monotone_pit_cdf_v1]+prior_combo[joint_sampler_v1+joint_combo_pmf_v1+role_aware_pmf_cal_v1:rotation+monotone_pit_cdf_v1]+stat_grid_final_component_convolution_mean_coherent_v1",phase8_role_aware_pmf_cal_v1+monotone_inactive_global_v1,morning,2026-05-25T17:16:35Z,a9062c09#phase10c,3b1a8703-3820-4ed7-a736-0023491c28e4,ok,0.0,high,full,current_phase8,unknown,projected,derived_from_projected_minutes,29,0.0007
Sam Merrill,3547299,CLE,NYK,True,21713901,pr,rotation,"stat_grid:component_convolution_mean_coherent_v1+components[pts:pmf_sim_v1+role_aware_pmf_cal_v1:rotation+monotone_pit_cdf_v1,reb:pmf_sim_v1+role_aware_pmf_cal_v1:rotation+monotone_pit_cdf_v1]+prior_combo[joint_sampler_v1+joint_combo_pmf_v1+role_aware_pmf_cal_v1:rotation+monotone_pit_cdf_v1]+stat_grid_final_component_convolution_mean_coherent_v1",phase8_role_aware_pmf_cal_v1+monotone_inactive_global_v1,morning,2026-05-25T17:16:35Z,a9062c09#phase10c,3b1a8703-3820-4ed7-a736-0023491c28e4,ok,0.0,high,full,current_phase8,unknown,projected,derived_from_projected_minutes,30,0.0005
Sam Merrill,3547299,CLE,NYK,True,21713901,pr,rotation,"stat_grid:component_convolution_mean_coherent_v1+components[pts:pmf_sim_v1+role_aware_pmf_cal_v1:rotation+monotone_pit_cdf_v1,reb:pmf_sim_v1+role_aware_pmf_cal_v1:rotation+monotone_pit_cdf_v1]+prior_combo[joint_sampler_v1+joint_combo_pmf_v1+role_aware_pmf_cal_v1:rotation+monotone_pit_cdf_v1]+stat_grid_final_component_convolution_mean_coherent_v1",phase8_role_aware_pmf_cal_v1+monotone_inactive_global_v1,morning,2026-05-25T17:16:35Z,a9062c09#phase10c,3b1a8703-3820-4ed7-a736-0023491c28e4,ok,0.0,high,full,current_phase8,unknown,projected,derived_from_projected_minutes,31,0.0004
Sam Merrill,3547299,CLE,NYK,True,21713901,pr,rotation,"stat_grid:component_convolution_mean_coherent_v1+components[pts:pmf_sim_v1+role_aware_pmf_cal_v1:rotation+monotone_pit_cdf_v1,reb:pmf_sim_v1+role_aware_pmf_cal_v1:rotation+monotone_pit_cdf_v1]+prior_combo[joint_sampler_v1+joint_combo_pmf_v1+role_aware_pmf_cal_v1:rotation+monotone_pit_cdf_v1]+stat_grid_final_component_convolution_mean_coherent_v1",phase8_role_aware_pmf_cal_v1+monotone_inactive_global_v1,morning,2026-05-25T17:16:35Z,a9062c09#phase10c,3b1a8703-3820-4ed7-a736-0023491c28e4,ok,0.0,high,full,current_phase8,unknown,projected,derived_from_projected_minutes,32,0.0003
Sam Merrill,3547299,CLE,NYK,True,21713901,pr,rotation,"stat_grid:component_convolution_mean_coherent_v1+components[pts:pmf_sim_v1+role_aware_pmf_cal_v1:rotation+monotone_pit_cdf_v1,reb:pmf_sim_v1+role_aware_pmf_cal_v1:rotation+monotone_pit_cdf_v1]+prior_combo[joint_sampler_v1+joint_combo_pmf_v1+role_aware_pmf_cal_v1:rotation+monotone_pit_cdf_v1]+stat_grid_final_component_convolution_mean_coherent_v1",phase8_role_aware_pmf_cal_v1+monotone_inactive_global_v1,morning,2026-05-25T17:16:35Z,a9062c09#phase10c,3b1a8703-3820-4ed7-a736-0023491c28e4,ok,0.0,high,full,current_phase8,unknown,projected,derived_from_projected_minutes,33,0.0003
Sam Merrill,3547299,CLE,NYK,True,21713901,pr,rotation,"stat_grid:component_convolution_mean_coherent_v1+components[pts:pmf_sim_v1+role_aware_pmf_cal_v1:rotation+monotone_pit_cdf_v1,reb:pmf_sim_v1+role_aware_pmf_cal_v1:rotation+monotone_pit_cdf_v1]+prior_combo[joint_sampler_v1+joint_combo_pmf_v1+role_aware_pmf_cal_v1:rotation+monotone_pit_cdf_v1]+stat_grid_final_component_convolution_mean_coherent_v1",phase8_role_aware_pmf_cal_v1+monotone_inactive_global_v1,morning,2026-05-25T17:16:35Z,a9062c09#phase10c,3b1a8703-3820-4ed7-a736-0023491c28e4,ok,0.0,high,full,current_phase8,unknown,projected,derived_from_projected_minutes,34,0.0002
Sam Merrill,3547299,CLE,NYK,True,21713901,pr,rotation,"stat_grid:component_convolution_mean_coherent_v1+components[pts:pmf_sim_v1+role_aware_pmf_cal_v1:rotation+monotone_pit_cdf_v1,reb:pmf_sim_v1+role_aware_pmf_cal_v1:rotation+monotone_pit_cdf_v1]+prior_combo[joint_sampler_v1+joint_combo_pmf_v1+role_aware_pmf_cal_v1:rotation+monotone_pit_cdf_v1]+stat_grid_final_component_convolution_mean_coherent_v1",phase8_role_aware_pmf_cal_v1+monotone_inactive_global_v1,morning,2026-05-25T17:16:35Z,a9062c09#phase10c,3b1a8703-3820-4ed7-a736-0023491c28e4,ok,0.0,high,full,current_phase8,unknown,projected,derived_from_projected_minutes,35,0.0002
Sam Merrill,3547299,CLE,NYK,True,21713901,pr,rotation,"stat_grid:component_convolution_mean_coherent_v1+components[pts:pmf_sim_v1+role_aware_pmf_cal_v1:rotation+monotone_pit_cdf_v1,reb:pmf_sim_v1+role_aware_pmf_cal_v1:rotation+monotone_pit_cdf_v1]+prior_combo[joint_sampler_v1+joint_combo_pmf_v1+role_aware_pmf_cal_v1:rotation+monotone_pit_cdf_v1]+stat_grid_final_component_convolution_mean_coherent_v1",phase8_role_aware_pmf_cal_v1+monotone_inactive_global_v1,morning,2026-05-25T17:16:35Z,a9062c09#phase10c,3b1a8703-3820-4ed7-a736-0023491c28e4,ok,0.0,high,full,current_phase8,unknown,projected,derived_from_projected_minutes,36,0.0003
Sam Merrill,3547299,CLE,NYK,True,21713901,pr,rotation,"stat_grid:component_convolution_mean_coherent_v1+components[pts:pmf_sim_v1+role_aware_pmf_cal_v1:rotation+monotone_pit_cdf_v1,reb:pmf_sim_v1+role_aware_pmf_cal_v1:rotation+monotone_pit_cdf_v1]+prior_combo[joint_sampler_v1+joint_combo_pmf_v1+role_aware_pmf_cal_v1:rotation+monotone_pit_cdf_v1]+stat_grid_final_component_convolution_mean_coherent_v1",phase8_role_aware_pmf_cal_v1+monotone_inactive_global_v1,morning,2026-05-25T17:16:35Z,a9062c09#phase10c,3b1a8703-3820-4ed7-a736-0023491c28e4,ok,0.0,high,full,current_phase8,unknown,projected,derived_from_projected_minutes,37,0.0003
Sam Merrill,3547299,CLE,NYK,True,21713901,pr,rotation,"stat_grid:component_convolution_mean_coherent_v1+components[pts:pmf_sim_v1+role_aware_pmf_cal_v1:rotation+monotone_pit_cdf_v1,reb:pmf_sim_v1+role_aware_pmf_cal_v1:rotation+monotone_pit_cdf_v1]+prior_combo[joint_sampler_v1+joint_combo_pmf_v1+role_aware_pmf_cal_v1:rotation+monotone_pit_cdf_v1]+stat_grid_final_component_convolution_mean_coherent_v1",phase8_role_aware_pmf_cal_v1+monotone_inactive_global_v1,morning,2026-05-25T17:16:35Z,a9062c09#phase10c,3b1a8703-3820-4ed7-a736-0023491c28e4,ok,0.0,high,full,current_phase8,unknown,projected,derived_from_projected_minutes,38,0.0002
Sam Merrill,3547299,CLE,NYK,True,21713901,pr,rotation,"stat_grid:component_convolution_mean_coherent_v1+components[pts:pmf_sim_v1+role_aware_pmf_cal_v1:rotation+monotone_pit_cdf_v1,reb:pmf_sim_v1+role_aware_pmf_cal_v1:rotation+monotone_pit_cdf_v1]+prior_combo[joint_sampler_v1+joint_combo_pmf_v1+role_aware_pmf_cal_v1:rotation+monotone_pit_cdf_v1]+stat_grid_final_component_convolution_mean_coherent_v1",phase8_role_aware_pmf_cal_v1+monotone_inactive_global_v1,morning,2026-05-25T17:16:35Z,a9062c09#phase10c,3b1a8703-3820-4ed7-a736-0023491c28e4,ok,0.0,high,full,current_phase8,unknown,projected,derived_from_projected_minutes,39,0.0002
Sam Merrill,3547299,CLE,NYK,True,21713901,pr,rotation,"stat_grid:component_convolution_mean_coherent_v1+components[pts:pmf_sim_v1+role_aware_pmf_cal_v1:rotation+monotone_pit_cdf_v1,reb:pmf_sim_v1+role_aware_pmf_cal_v1:rotation+monotone_pit_cdf_v1]+prior_combo[joint_sampler_v1+joint_combo_pmf_v1+role_aware_pmf_cal_v1:rotation+monotone_pit_cdf_v1]+stat_grid_final_component_convolution_mean_coherent_v1",phase8_role_aware_pmf_cal_v1+monotone_inactive_global_v1,morning,2026-05-25T17:16:35Z,a9062c09#phase10c,3b1a8703-3820-4ed7-a736-0023491c28e4,ok,0.0,high,full,current_phase8,unknown,projected,derived_from_projected_minutes,40,0.0001
Sam Merrill,3547299,CLE,NYK,True,21713901,pr,rotation,"stat_grid:component_convolution_mean_coherent_v1+components[pts:pmf_sim_v1+role_aware_pmf_cal_v1:rotation+monotone_pit_cdf_v1,reb:pmf_sim_v1+role_aware_pmf_cal_v1:rotation+monotone_pit_cdf_v1]+prior_combo[joint_sampler_v1+joint_combo_pmf_v1+role_aware_pmf_cal_v1:rotation+monotone_pit_cdf_v1]+stat_grid_final_component_convolution_mean_coherent_v1",phase8_role_aware_pmf_cal_v1+monotone_inactive_global_v1,morning,2026-05-25T17:16:35Z,a9062c09#phase10c,3b1a8703-3820-4ed7-a736-0023491c28e4,ok,0.0,high,full,current_phase8,unknown,projected,derived_from_projected_minutes,41,0.0001
Sam Merrill,3547299,CLE,NYK,True,21713901,pr,rotation,"stat_grid:component_convolution_mean_coherent_v1+components[pts:pmf_sim_v1+role_aware_pmf_cal_v1:rotation+monotone_pit_cdf_v1,reb:pmf_sim_v1+role_aware_pmf_cal_v1:rotation+monotone_pit_cdf_v1]+prior_combo[joint_sampler_v1+joint_combo_pmf_v1+role_aware_pmf_cal_v1:rotation+monotone_pit_cdf_v1]+stat_grid_final_component_convolution_mean_coherent_v1",phase8_role_aware_pmf_cal_v1+monotone_inactive_global_v1,morning,2026-05-25T17:16:35Z,a9062c09#phase10c,3b1a8703-3820-4ed7-a736-0023491c28e4,ok,0.0,high,full,current_phase8,unknown,projected,derived_from_projected_minutes,42,0.0
Sam Merrill,3547299,CLE,NYK,True,21713901,pr,rotation,"stat_grid:component_convolution_mean_coherent_v1+components[pts:pmf_sim_v1+role_aware_pmf_cal_v1:rotation+monotone_pit_cdf_v1,reb:pmf_sim_v1+role_aware_pmf_cal_v1:rotation+monotone_pit_cdf_v1]+prior_combo[joint_sampler_v1+joint_combo_pmf_v1+role_aware_pmf_cal_v1:rotation+monotone_pit_cdf_v1]+stat_grid_final_component_convolution_mean_coherent_v1",phase8_role_aware_pmf_cal_v1+monotone_inactive_global_v1,morning,2026-05-25T17:16:35Z,a9062c09#phase10c,3b1a8703-3820-4ed7-a736-0023491c28e4,ok,0.0,high,full,current_phase8,unknown,projected,derived_from_projected_minutes,43,0.0
Sam Merrill,3547299,CLE,NYK,True,21713901,pr,rotation,"stat_grid:component_convolution_mean_coherent_v1+components[pts:pmf_sim_v1+role_aware_pmf_cal_v1:rotation+monotone_pit_cdf_v1,reb:pmf_sim_v1+role_aware_pmf_cal_v1:rotation+monotone_pit_cdf_v1]+prior_combo[joint_sampler_v1+joint_combo_pmf_v1+role_aware_pmf_cal_v1:rotation+monotone_pit_cdf_v1]+stat_grid_final_component_convolution_mean_coherent_v1",phase8_role_aware_pmf_cal_v1+monotone_inactive_global_v1,morning,2026-05-25T17:16:35Z,a9062c09#phase10c,3b1a8703-3820-4ed7-a736-0023491c28e4,ok,0.0,high,full,current_phase8,unknown,projected,derived_from_projected_minutes,44,0.0
Sam Merrill,3547299,CLE,NYK,True,21713901,pr,rotation,"stat_grid:component_convolution_mean_coherent_v1+components[pts:pmf_sim_v1+role_aware_pmf_cal_v1:rotation+monotone_pit_cdf_v1,reb:pmf_sim_v1+role_aware_pmf_cal_v1:rotation+monotone_pit_cdf_v1]+prior_combo[joint_sampler_v1+joint_combo_pmf_v1+role_aware_pmf_cal_v1:rotation+monotone_pit_cdf_v1]+stat_grid_final_component_convolution_mean_coherent_v1",phase8_role_aware_pmf_cal_v1+monotone_inactive_global_v1,morning,2026-05-25T17:16:35Z,a9062c09#phase10c,3b1a8703-3820-4ed7-a736-0023491c28e4,ok,0.0,high,full,current_phase8,unknown,projected,derived_from_projected_minutes,45,0.0
Sam Merrill,3547299,CLE,NYK,True,21713901,pr,rotation,"stat_grid:component_convolution_mean_coherent_v1+components[pts:pmf_sim_v1+role_aware_pmf_cal_v1:rotation+monotone_pit_cdf_v1,reb:pmf_sim_v1+role_aware_pmf_cal_v1:rotation+monotone_pit_cdf_v1]+prior_combo[joint_sampler_v1+joint_combo_pmf_v1+role_aware_pmf_cal_v1:rotation+monotone_pit_cdf_v1]+stat_grid_final_component_convolution_mean_coherent_v1",phase8_role_aware_pmf_cal_v1+monotone_inactive_global_v1,morning,2026-05-25T17:16:35Z,a9062c09#phase10c,3b1a8703-3820-4ed7-a736-0023491c28e4,ok,0.0,high,full,current_phase8,unknown,projected,derived_from_projected_minutes,46,0.0
Sam Merrill,3547299,CLE,NYK,True,21713901,pr,rotation,"stat_grid:component_convolution_mean_coherent_v1+components[pts:pmf_sim_v1+role_aware_pmf_cal_v1:rotation+monotone_pit_cdf_v1,reb:pmf_sim_v1+role_aware_pmf_cal_v1:rotation+monotone_pit_cdf_v1]+prior_combo[joint_sampler_v1+joint_combo_pmf_v1+role_aware_pmf_cal_v1:rotation+monotone_pit_cdf_v1]+stat_grid_final_component_convolution_mean_coherent_v1",phase8_role_aware_pmf_cal_v1+monotone_inactive_global_v1,morning,2026-05-25T17:16:35Z,a9062c09#phase10c,3b1a8703-3820-4ed7-a736-0023491c28e4,ok,0.0,high,full,current_phase8,unknown,projected,derived_from_projected_minutes,47,0.0
Sam Merrill,3547299,CLE,NYK,True,21713901,pr,rotation,"stat_grid:component_convolution_mean_coherent_v1+components[pts:pmf_sim_v1+role_aware_pmf_cal_v1:rotation+monotone_pit_cdf_v1,reb:pmf_sim_v1+role_aware_pmf_cal_v1:rotation+monotone_pit_cdf_v1]+prior_combo[joint_sampler_v1+joint_combo_pmf_v1+role_aware_pmf_cal_v1:rotation+monotone_pit_cdf_v1]+stat_grid_final_component_convolution_mean_coherent_v1",phase8_role_aware_pmf_cal_v1+monotone_inactive_global_v1,morning,2026-05-25T17:16:35Z,a9062c09#phase10c,3b1a8703-3820-4ed7-a736-0023491c28e4,ok,0.0,high,full,current_phase8,unknown,projected,derived_from_projected_minutes,48,0.0
Sam Merrill,3547299,CLE,NYK,True,21713901,pr,rotation,"stat_grid:component_convolution_mean_coherent_v1+components[pts:pmf_sim_v1+role_aware_pmf_cal_v1:rotation+monotone_pit_cdf_v1,reb:pmf_sim_v1+role_aware_pmf_cal_v1:rotation+monotone_pit_cdf_v1]+prior_combo[joint_sampler_v1+joint_combo_pmf_v1+role_aware_pmf_cal_v1:rotation+monotone_pit_cdf_v1]+stat_grid_final_component_convolution_mean_coherent_v1",phase8_role_aware_pmf_cal_v1+monotone_inactive_global_v1,morning,2026-05-25T17:16:35Z,a9062c09#phase10c,3b1a8703-3820-4ed7-a736-0023491c28e4,ok,0.0,high,full,current_phase8,unknown,projected,derived_from_projected_minutes,49,0.0
Sam Merrill,3547299,CLE,NYK,True,21713901,pr,rotation,"stat_grid:component_convolution_mean_coherent_v1+components[pts:pmf_sim_v1+role_aware_pmf_cal_v1:rotation+monotone_pit_cdf_v1,reb:pmf_sim_v1+role_aware_pmf_cal_v1:rotation+monotone_pit_cdf_v1]+prior_combo[joint_sampler_v1+joint_combo_pmf_v1+role_aware_pmf_cal_v1:rotation+monotone_pit_cdf_v1]+stat_grid_final_component_convolution_mean_coherent_v1",phase8_role_aware_pmf_cal_v1+monotone_inactive_global_v1,morning,2026-05-25T17:16:35Z,a9062c09#phase10c,3b1a8703-3820-4ed7-a736-0023491c28e4,ok,0.0,high,full,current_phase8,unknown,projected,derived_from_projected_minutes,50,0.0
Sam Merrill,3547299,CLE,NYK,True,21713901,pr,rotation,"stat_grid:component_convolution_mean_coherent_v1+components[pts:pmf_sim_v1+role_aware_pmf_cal_v1:rotation+monotone_pit_cdf_v1,reb:pmf_sim_v1+role_aware_pmf_cal_v1:rotation+monotone_pit_cdf_v1]+prior_combo[joint_sampler_v1+joint_combo_pmf_v1+role_aware_pmf_cal_v1:rotation+monotone_pit_cdf_v1]+stat_grid_final_component_convolution_mean_coherent_v1",phase8_role_aware_pmf_cal_v1+monotone_inactive_global_v1,morning,2026-05-25T17:16:35Z,a9062c09#phase10c,3b1a8703-3820-4ed7-a736-0023491c28e4,ok,0.0,high,full,current_phase8,unknown,projected,derived_from_projected_minutes,51,0.0
Sam Merrill,3547299,CLE,NYK,True,21713901,pr,rotation,"stat_grid:component_convolution_mean_coherent_v1+components[pts:pmf_sim_v1+role_aware_pmf_cal_v1:rotation+monotone_pit_cdf_v1,reb:pmf_sim_v1+role_aware_pmf_cal_v1:rotation+monotone_pit_cdf_v1]+prior_combo[joint_sampler_v1+joint_combo_pmf_v1+role_aware_pmf_cal_v1:rotation+monotone_pit_cdf_v1]+stat_grid_final_component_convolution_mean_coherent_v1",phase8_role_aware_pmf_cal_v1+monotone_inactive_global_v1,morning,2026-05-25T17:16:35Z,a9062c09#phase10c,3b1a8703-3820-4ed7-a736-0023491c28e4,ok,0.0,high,full,current_phase8,unknown,projected,derived_from_projected_minutes,52,0.0
Sam Merrill,3547299,CLE,NYK,True,21713901,pr,rotation,"stat_grid:component_convolution_mean_coherent_v1+components[pts:pmf_sim_v1+role_aware_pmf_cal_v1:rotation+monotone_pit_cdf_v1,reb:pmf_sim_v1+role_aware_pmf_cal_v1:rotation+monotone_pit_cdf_v1]+prior_combo[joint_sampler_v1+joint_combo_pmf_v1+role_aware_pmf_cal_v1:rotation+monotone_pit_cdf_v1]+stat_grid_final_component_convolution_mean_coherent_v1",phase8_role_aware_pmf_cal_v1+monotone_inactive_global_v1,morning,2026-05-25T17:16:35Z,a9062c09#phase10c,3b1a8703-3820-4ed7-a736-0023491c28e4,ok,0.0,high,full,current_phase8,unknown,projected,derived_from_projected_minutes,53,0.0
Sam Merrill,3547299,CLE,NYK,True,21713901,pr,rotation,"stat_grid:component_convolution_mean_coherent_v1+components[pts:pmf_sim_v1+role_aware_pmf_cal_v1:rotation+monotone_pit_cdf_v1,reb:pmf_sim_v1+role_aware_pmf_cal_v1:rotation+monotone_pit_cdf_v1]+prior_combo[joint_sampler_v1+joint_combo_pmf_v1+role_aware_pmf_cal_v1:rotation+monotone_pit_cdf_v1]+stat_grid_final_component_convolution_mean_coherent_v1",phase8_role_aware_pmf_cal_v1+monotone_inactive_global_v1,morning,2026-05-25T17:16:35Z,a9062c09#phase10c,3b1a8703-3820-4ed7-a736-0023491c28e4,ok,0.0,high,full,current_phase8,unknown,projected,derived_from_projected_minutes,54,0.0
Sam Merrill,3547299,CLE,NYK,True,21713901,pr,rotation,"stat_grid:component_convolution_mean_coherent_v1+components[pts:pmf_sim_v1+role_aware_pmf_cal_v1:rotation+monotone_pit_cdf_v1,reb:pmf_sim_v1+role_aware_pmf_cal_v1:rotation+monotone_pit_cdf_v1]+prior_combo[joint_sampler_v1+joint_combo_pmf_v1+role_aware_pmf_cal_v1:rotation+monotone_pit_cdf_v1]+stat_grid_final_component_convolution_mean_coherent_v1",phase8_role_aware_pmf_cal_v1+monotone_inactive_global_v1,morning,2026-05-25T17:16:35Z,a9062c09#phase10c,3b1a8703-3820-4ed7-a736-0023491c28e4,ok,0.0,high,full,current_phase8,unknown,projected,derived_from_projected_minutes,55,0.0
Sam Merrill,3547299,CLE,NYK,True,21713901,pr,rotation,"stat_grid:component_convolution_mean_coherent_v1+components[pts:pmf_sim_v1+role_aware_pmf_cal_v1:rotation+monotone_pit_cdf_v1,reb:pmf_sim_v1+role_aware_pmf_cal_v1:rotation+monotone_pit_cdf_v1]+prior_combo[joint_sampler_v1+joint_combo_pmf_v1+role_aware_pmf_cal_v1:rotation+monotone_pit_cdf_v1]+stat_grid_final_component_convolution_mean_coherent_v1",phase8_role_aware_pmf_cal_v1+monotone_inactive_global_v1,morning,2026-05-25T17:16:35Z,a9062c09#phase10c,3b1a8703-3820-4ed7-a736-0023491c28e4,ok,0.0,high,full,current_phase8,unknown,projected,derived_from_projected_minutes,56,0.0
Sam Merrill,3547299,CLE,NYK,True,21713901,pr,rotation,"stat_grid:component_convolution_mean_coherent_v1+components[pts:pmf_sim_v1+role_aware_pmf_cal_v1:rotation+monotone_pit_cdf_v1,reb:pmf_sim_v1+role_aware_pmf_cal_v1:rotation+monotone_pit_cdf_v1]+prior_combo[joint_sampler_v1+joint_combo_pmf_v1+role_aware_pmf_cal_v1:rotation+monotone_pit_cdf_v1]+stat_grid_final_component_convolution_mean_coherent_v1",phase8_role_aware_pmf_cal_v1+monotone_inactive_global_v1,morning,2026-05-25T17:16:35Z,a9062c09#phase10c,3b1a8703-3820-4ed7-a736-0023491c28e4,ok,0.0,high,full,current_phase8,unknown,projected,derived_from_projected_minutes,57,0.0
Sam Merrill,3547299,CLE,NYK,True,21713901,pr,rotation,"stat_grid:component_convolution_mean_coherent_v1+components[pts:pmf_sim_v1+role_aware_pmf_cal_v1:rotation+monotone_pit_cdf_v1,reb:pmf_sim_v1+role_aware_pmf_cal_v1:rotation+monotone_pit_cdf_v1]+prior_combo[joint_sampler_v1+joint_combo_pmf_v1+role_aware_pmf_cal_v1:rotation+monotone_pit_cdf_v1]+stat_grid_final_component_convolution_mean_coherent_v1",phase8_role_aware_pmf_cal_v1+monotone_inactive_global_v1,morning,2026-05-25T17:16:35Z,a9062c09#phase10c,3b1a8703-3820-4ed7-a736-0023491c28e4,ok,0.0,high,full,current_phase8,unknown,projected,derived_from_projected_minutes,58,0.0
Sam Merrill,3547299,CLE,NYK,True,21713901,pr,rotation,"stat_grid:component_convolution_mean_coherent_v1+components[pts:pmf_sim_v1+role_aware_pmf_cal_v1:rotation+monotone_pit_cdf_v1,reb:pmf_sim_v1+role_aware_pmf_cal_v1:rotation+monotone_pit_cdf_v1]+prior_combo[joint_sampler_v1+joint_combo_pmf_v1+role_aware_pmf_cal_v1:rotation+monotone_pit_cdf_v1]+stat_grid_final_component_convolution_mean_coherent_v1",phase8_role_aware_pmf_cal_v1+monotone_inactive_global_v1,morning,2026-05-25T17:16:35Z,a9062c09#phase10c,3b1a8703-3820-4ed7-a736-0023491c28e4,ok,0.0,high,full,current_phase8,unknown,projected,derived_from_projected_minutes,59,0.0
Sam Merrill,3547299,CLE,NYK,True,21713901,pr,rotation,"stat_grid:component_convolution_mean_coherent_v1+components[pts:pmf_sim_v1+role_aware_pmf_cal_v1:rotation+monotone_pit_cdf_v1,reb:pmf_sim_v1+role_aware_pmf_cal_v1:rotation+monotone_pit_cdf_v1]+prior_combo[joint_sampler_v1+joint_combo_pmf_v1+role_aware_pmf_cal_v1:rotation+monotone_pit_cdf_v1]+stat_grid_final_component_convolution_mean_coherent_v1",phase8_role_aware_pmf_cal_v1+monotone_inactive_global_v1,morning,2026-05-25T17:16:35Z,a9062c09#phase10c,3b1a8703-3820-4ed7-a736-0023491c28e4,ok,0.0,high,full,current_phase8,unknown,projected,derived_from_projected_minutes,60,0.0
Sam Merrill,3547299,CLE,NYK,True,21713901,pr,rotation,"stat_grid:component_convolution_mean_coherent_v1+components[pts:pmf_sim_v1+role_aware_pmf_cal_v1:rotation+monotone_pit_cdf_v1,reb:pmf_sim_v1+role_aware_pmf_cal_v1:rotation+monotone_pit_cdf_v1]+prior_combo[joint_sampler_v1+joint_combo_pmf_v1+role_aware_pmf_cal_v1:rotation+monotone_pit_cdf_v1]+stat_grid_final_component_convolution_mean_coherent_v1",phase8_role_aware_pmf_cal_v1+monotone_inactive_global_v1,morning,2026-05-25T17:16:35Z,a9062c09#phase10c,3b1a8703-3820-4ed7-a736-0023491c28e4,ok,0.0,high,full,current_phase8,unknown,projected,derived_from_projected_minutes,61,0.0
Sam Merrill,3547299,CLE,NYK,True,21713901,pr,rotation,"stat_grid:component_convolution_mean_coherent_v1+components[pts:pmf_sim_v1+role_aware_pmf_cal_v1:rotation+monotone_pit_cdf_v1,reb:pmf_sim_v1+role_aware_pmf_cal_v1:rotation+monotone_pit_cdf_v1]+prior_combo[joint_sampler_v1+joint_combo_pmf_v1+role_aware_pmf_cal_v1:rotation+monotone_pit_cdf_v1]+stat_grid_final_component_convolution_mean_coherent_v1",phase8_role_aware_pmf_cal_v1+monotone_inactive_global_v1,morning,2026-05-25T17:16:35Z,a9062c09#phase10c,3b1a8703-3820-4ed7-a736-0023491c28e4,ok,0.0,high,full,current_phase8,unknown,projected,derived_from_projected_minutes,62,0.0
Sam Merrill,3547299,CLE,NYK,True,21713901,pr,rotation,"stat_grid:component_convolution_mean_coherent_v1+components[pts:pmf_sim_v1+role_aware_pmf_cal_v1:rotation+monotone_pit_cdf_v1,reb:pmf_sim_v1+role_aware_pmf_cal_v1:rotation+monotone_pit_cdf_v1]+prior_combo[joint_sampler_v1+joint_combo_pmf_v1+role_aware_pmf_cal_v1:rotation+monotone_pit_cdf_v1]+stat_grid_final_component_convolution_mean_coherent_v1",phase8_role_aware_pmf_cal_v1+monotone_inactive_global_v1,morning,2026-05-25T17:16:35Z,a9062c09#phase10c,3b1a8703-3820-4ed7-a736-0023491c28e4,ok,0.0,high,full,current_phase8,unknown,projected,derived_from_projected_minutes,63,0.0
Sam Merrill,3547299,CLE,NYK,True,21713901,pr,rotation,"stat_grid:component_convolution_mean_coherent_v1+components[pts:pmf_sim_v1+role_aware_pmf_cal_v1:rotation+monotone_pit_cdf_v1,reb:pmf_sim_v1+role_aware_pmf_cal_v1:rotation+monotone_pit_cdf_v1]+prior_combo[joint_sampler_v1+joint_combo_pmf_v1+role_aware_pmf_cal_v1:rotation+monotone_pit_cdf_v1]+stat_grid_final_component_convolution_mean_coherent_v1",phase8_role_aware_pmf_cal_v1+monotone_inactive_global_v1,morning,2026-05-25T17:16:35Z,a9062c09#phase10c,3b1a8703-3820-4ed7-a736-0023491c28e4,ok,0.0,high,full,current_phase8,unknown,projected,derived_from_projected_minutes,64,0.0
Sam Merrill,3547299,CLE,NYK,True,21713901,pr,rotation,"stat_grid:component_convolution_mean_coherent_v1+components[pts:pmf_sim_v1+role_aware_pmf_cal_v1:rotation+monotone_pit_cdf_v1,reb:pmf_sim_v1+role_aware_pmf_cal_v1:rotation+monotone_pit_cdf_v1]+prior_combo[joint_sampler_v1+joint_combo_pmf_v1+role_aware_pmf_cal_v1:rotation+monotone_pit_cdf_v1]+stat_grid_final_component_convolution_mean_coherent_v1",phase8_role_aware_pmf_cal_v1+monotone_inactive_global_v1,morning,2026-05-25T17:16:35Z,a9062c09#phase10c,3b1a8703-3820-4ed7-a736-0023491c28e4,ok,0.0,high,full,current_phase8,unknown,projected,derived_from_projected_minutes,65,0.0
Sam Merrill,3547299,CLE,NYK,True,21713901,pr,rotation,"stat_grid:component_convolution_mean_coherent_v1+components[pts:pmf_sim_v1+role_aware_pmf_cal_v1:rotation+monotone_pit_cdf_v1,reb:pmf_sim_v1+role_aware_pmf_cal_v1:rotation+monotone_pit_cdf_v1]+prior_combo[joint_sampler_v1+joint_combo_pmf_v1+role_aware_pmf_cal_v1:rotation+monotone_pit_cdf_v1]+stat_grid_final_component_convolution_mean_coherent_v1",phase8_role_aware_pmf_cal_v1+monotone_inactive_global_v1,morning,2026-05-25T17:16:35Z,a9062c09#phase10c,3b1a8703-3820-4ed7-a736-0023491c28e4,ok,0.0,high,full,current_phase8,unknown,projected,derived_from_projected_minutes,66,0.0
Sam Merrill,3547299,CLE,NYK,True,21713901,pr,rotation,"stat_grid:component_convolution_mean_coherent_v1+components[pts:pmf_sim_v1+role_aware_pmf_cal_v1:rotation+monotone_pit_cdf_v1,reb:pmf_sim_v1+role_aware_pmf_cal_v1:rotation+monotone_pit_cdf_v1]+prior_combo[joint_sampler_v1+joint_combo_pmf_v1+role_aware_pmf_cal_v1:rotation+monotone_pit_cdf_v1]+stat_grid_final_component_convolution_mean_coherent_v1",phase8_role_aware_pmf_cal_v1+monotone_inactive_global_v1,morning,2026-05-25T17:16:35Z,a9062c09#phase10c,3b1a8703-3820-4ed7-a736-0023491c28e4,ok,0.0,high,full,current_phase8,unknown,projected,derived_from_projected_minutes,67,0.0
Sam Merrill,3547299,CLE,NYK,True,21713901,pr,rotation,"stat_grid:component_convolution_mean_coherent_v1+components[pts:pmf_sim_v1+role_aware_pmf_cal_v1:rotation+monotone_pit_cdf_v1,reb:pmf_sim_v1+role_aware_pmf_cal_v1:rotation+monotone_pit_cdf_v1]+prior_combo[joint_sampler_v1+joint_combo_pmf_v1+role_aware_pmf_cal_v1:rotation+monotone_pit_cdf_v1]+stat_grid_final_component_convolution_mean_coherent_v1",phase8_role_aware_pmf_cal_v1+monotone_inactive_global_v1,morning,2026-05-25T17:16:35Z,a9062c09#phase10c,3b1a8703-3820-4ed7-a736-0023491c28e4,ok,0.0,high,full,current_phase8,unknown,projected,derived_from_projected_minutes,68,0.0
Sam Merrill,3547299,CLE,NYK,True,21713901,pr,rotation,"stat_grid:component_convolution_mean_coherent_v1+components[pts:pmf_sim_v1+role_aware_pmf_cal_v1:rotation+monotone_pit_cdf_v1,reb:pmf_sim_v1+role_aware_pmf_cal_v1:rotation+monotone_pit_cdf_v1]+prior_combo[joint_sampler_v1+joint_combo_pmf_v1+role_aware_pmf_cal_v1:rotation+monotone_pit_cdf_v1]+stat_grid_final_component_convolution_mean_coherent_v1",phase8_role_aware_pmf_cal_v1+monotone_inactive_global_v1,morning,2026-05-25T17:16:35Z,a9062c09#phase10c,3b1a8703-3820-4ed7-a736-0023491c28e4,ok,0.0,high,full,current_phase8,unknown,projected,derived_from_projected_minutes,69,0.0
Sam Merrill,3547299,CLE,NYK,True,21713901,pr,rotation,"stat_grid:component_convolution_mean_coherent_v1+components[pts:pmf_sim_v1+role_aware_pmf_cal_v1:rotation+monotone_pit_cdf_v1,reb:pmf_sim_v1+role_aware_pmf_cal_v1:rotation+monotone_pit_cdf_v1]+prior_combo[joint_sampler_v1+joint_combo_pmf_v1+role_aware_pmf_cal_v1:rotation+monotone_pit_cdf_v1]+stat_grid_final_component_convolution_mean_coherent_v1",phase8_role_aware_pmf_cal_v1+monotone_inactive_global_v1,morning,2026-05-25T17:16:35Z,a9062c09#phase10c,3b1a8703-3820-4ed7-a736-0023491c28e4,ok,0.0,high,full,current_phase8,unknown,projected,derived_from_projected_minutes,70,0.0
Sam Merrill,3547299,CLE,NYK,True,21713901,pr,rotation,"stat_grid:component_convolution_mean_coherent_v1+components[pts:pmf_sim_v1+role_aware_pmf_cal_v1:rotation+monotone_pit_cdf_v1,reb:pmf_sim_v1+role_aware_pmf_cal_v1:rotation+monotone_pit_cdf_v1]+prior_combo[joint_sampler_v1+joint_combo_pmf_v1+role_aware_pmf_cal_v1:rotation+monotone_pit_cdf_v1]+stat_grid_final_component_convolution_mean_coherent_v1",phase8_role_aware_pmf_cal_v1+monotone_inactive_global_v1,morning,2026-05-25T17:16:35Z,a9062c09#phase10c,3b1a8703-3820-4ed7-a736-0023491c28e4,ok,0.0,high,full,current_phase8,unknown,projected,derived_from_projected_minutes,71,0.0
Sam Merrill,3547299,CLE,NYK,True,21713901,pr,rotation,"stat_grid:component_convolution_mean_coherent_v1+components[pts:pmf_sim_v1+role_aware_pmf_cal_v1:rotation+monotone_pit_cdf_v1,reb:pmf_sim_v1+role_aware_pmf_cal_v1:rotation+monotone_pit_cdf_v1]+prior_combo[joint_sampler_v1+joint_combo_pmf_v1+role_aware_pmf_cal_v1:rotation+monotone_pit_cdf_v1]+stat_grid_final_component_convolution_mean_coherent_v1",phase8_role_aware_pmf_cal_v1+monotone_inactive_global_v1,morning,2026-05-25T17:16:35Z,a9062c09#phase10c,3b1a8703-3820-4ed7-a736-0023491c28e4,ok,0.0,high,full,current_phase8,unknown,projected,derived_from_projected_minutes,72,0.0
Sam Merrill,3547299,CLE,NYK,True,21713901,pr,rotation,"stat_grid:component_convolution_mean_coherent_v1+components[pts:pmf_sim_v1+role_aware_pmf_cal_v1:rotation+monotone_pit_cdf_v1,reb:pmf_sim_v1+role_aware_pmf_cal_v1:rotation+monotone_pit_cdf_v1]+prior_combo[joint_sampler_v1+joint_combo_pmf_v1+role_aware_pmf_cal_v1:rotation+monotone_pit_cdf_v1]+stat_grid_final_component_convolution_mean_coherent_v1",phase8_role_aware_pmf_cal_v1+monotone_inactive_global_v1,morning,2026-05-25T17:16:35Z,a9062c09#phase10c,3b1a8703-3820-4ed7-a736-0023491c28e4,ok,0.0,high,full,current_phase8,unknown,projected,derived_from_projected_minutes,73,0.0
Sam Merrill,3547299,CLE,NYK,True,21713901,pr,rotation,"stat_grid:component_convolution_mean_coherent_v1+components[pts:pmf_sim_v1+role_aware_pmf_cal_v1:rotation+monotone_pit_cdf_v1,reb:pmf_sim_v1+role_aware_pmf_cal_v1:rotation+monotone_pit_cdf_v1]+prior_combo[joint_sampler_v1+joint_combo_pmf_v1+role_aware_pmf_cal_v1:rotation+monotone_pit_cdf_v1]+stat_grid_final_component_convolution_mean_coherent_v1",phase8_role_aware_pmf_cal_v1+monotone_inactive_global_v1,morning,2026-05-25T17:16:35Z,a9062c09#phase10c,3b1a8703-3820-4ed7-a736-0023491c28e4,ok,0.0,high,full,current_phase8,unknown,projected,derived_from_projected_minutes,74,0.0
Sam Merrill,3547299,CLE,NYK,True,21713901,pr,rotation,"stat_grid:component_convolution_mean_coherent_v1+components[pts:pmf_sim_v1+role_aware_pmf_cal_v1:rotation+monotone_pit_cdf_v1,reb:pmf_sim_v1+role_aware_pmf_cal_v1:rotation+monotone_pit_cdf_v1]+prior_combo[joint_sampler_v1+joint_combo_pmf_v1+role_aware_pmf_cal_v1:rotation+monotone_pit_cdf_v1]+stat_grid_final_component_convolution_mean_coherent_v1",phase8_role_aware_pmf_cal_v1+monotone_inactive_global_v1,morning,2026-05-25T17:16:35Z,a9062c09#phase10c,3b1a8703-3820-4ed7-a736-0023491c28e4,ok,0.0,high,full,current_phase8,unknown,projected,derived_from_projected_minutes,75,0.0
Sam Merrill,3547299,CLE,NYK,True,21713901,pr,rotation,"stat_grid:component_convolution_mean_coherent_v1+components[pts:pmf_sim_v1+role_aware_pmf_cal_v1:rotation+monotone_pit_cdf_v1,reb:pmf_sim_v1+role_aware_pmf_cal_v1:rotation+monotone_pit_cdf_v1]+prior_combo[joint_sampler_v1+joint_combo_pmf_v1+role_aware_pmf_cal_v1:rotation+monotone_pit_cdf_v1]+stat_grid_final_component_convolution_mean_coherent_v1",phase8_role_aware_pmf_cal_v1+monotone_inactive_global_v1,morning,2026-05-25T17:16:35Z,a9062c09#phase10c,3b1a8703-3820-4ed7-a736-0023491c28e4,ok,0.0,high,full,current_phase8,unknown,projected,derived_from_projected_minutes,76,0.0
Sam Merrill,3547299,CLE,NYK,True,21713901,pr,rotation,"stat_grid:component_convolution_mean_coherent_v1+components[pts:pmf_sim_v1+role_aware_pmf_cal_v1:rotation+monotone_pit_cdf_v1,reb:pmf_sim_v1+role_aware_pmf_cal_v1:rotation+monotone_pit_cdf_v1]+prior_combo[joint_sampler_v1+joint_combo_pmf_v1+role_aware_pmf_cal_v1:rotation+monotone_pit_cdf_v1]+stat_grid_final_component_convolution_mean_coherent_v1",phase8_role_aware_pmf_cal_v1+monotone_inactive_global_v1,morning,2026-05-25T17:16:35Z,a9062c09#phase10c,3b1a8703-3820-4ed7-a736-0023491c28e4,ok,0.0,high,full,current_phase8,unknown,projected,derived_from_projected_minutes,77,0.0
Sam Merrill,3547299,CLE,NYK,True,21713901,pr,rotation,"stat_grid:component_convolution_mean_coherent_v1+components[pts:pmf_sim_v1+role_aware_pmf_cal_v1:rotation+monotone_pit_cdf_v1,reb:pmf_sim_v1+role_aware_pmf_cal_v1:rotation+monotone_pit_cdf_v1]+prior_combo[joint_sampler_v1+joint_combo_pmf_v1+role_aware_pmf_cal_v1:rotation+monotone_pit_cdf_v1]+stat_grid_final_component_convolution_mean_coherent_v1",phase8_role_aware_pmf_cal_v1+monotone_inactive_global_v1,morning,2026-05-25T17:16:35Z,a9062c09#phase10c,3b1a8703-3820-4ed7-a736-0023491c28e4,ok,0.0,high,full,current_phase8,unknown,projected,derived_from_projected_minutes,78,0.0
Sam Merrill,3547299,CLE,NYK,True,21713901,pr,rotation,"stat_grid:component_convolution_mean_coherent_v1+components[pts:pmf_sim_v1+role_aware_pmf_cal_v1:rotation+monotone_pit_cdf_v1,reb:pmf_sim_v1+role_aware_pmf_cal_v1:rotation+monotone_pit_cdf_v1]+prior_combo[joint_sampler_v1+joint_combo_pmf_v1+role_aware_pmf_cal_v1:rotation+monotone_pit_cdf_v1]+stat_grid_final_component_convolution_mean_coherent_v1",phase8_role_aware_pmf_cal_v1+monotone_inactive_global_v1,morning,2026-05-25T17:16:35Z,a9062c09#phase10c,3b1a8703-3820-4ed7-a736-0023491c28e4,ok,0.0,high,full,current_phase8,unknown,projected,derived_from_projected_minutes,79,0.0
Sam Merrill,3547299,CLE,NYK,True,21713901,pr,rotation,"stat_grid:component_convolution_mean_coherent_v1+components[pts:pmf_sim_v1+role_aware_pmf_cal_v1:rotation+monotone_pit_cdf_v1,reb:pmf_sim_v1+role_aware_pmf_cal_v1:rotation+monotone_pit_cdf_v1]+prior_combo[joint_sampler_v1+joint_combo_pmf_v1+role_aware_pmf_cal_v1:rotation+monotone_pit_cdf_v1]+stat_grid_final_component_convolution_mean_coherent_v1",phase8_role_aware_pmf_cal_v1+monotone_inactive_global_v1,morning,2026-05-25T17:16:35Z,a9062c09#phase10c,3b1a8703-3820-4ed7-a736-0023491c28e4,ok,0.0,high,full,current_phase8,unknown,projected,derived_from_projected_minutes,80,0.0
Sam Merrill,3547299,CLE,NYK,True,21713901,pr,rotation,"stat_grid:component_convolution_mean_coherent_v1+components[pts:pmf_sim_v1+role_aware_pmf_cal_v1:rotation+monotone_pit_cdf_v1,reb:pmf_sim_v1+role_aware_pmf_cal_v1:rotation+monotone_pit_cdf_v1]+prior_combo[joint_sampler_v1+joint_combo_pmf_v1+role_aware_pmf_cal_v1:rotation+monotone_pit_cdf_v1]+stat_grid_final_component_convolution_mean_coherent_v1",phase8_role_aware_pmf_cal_v1+monotone_inactive_global_v1,morning,2026-05-25T17:16:35Z,a9062c09#phase10c,3b1a8703-3820-4ed7-a736-0023491c28e4,ok,0.0,high,full,current_phase8,unknown,projected,derived_from_projected_minutes,81,0.0
Sam Merrill,3547299,CLE,NYK,True,21713901,pr,rotation,"stat_grid:component_convolution_mean_coherent_v1+components[pts:pmf_sim_v1+role_aware_pmf_cal_v1:rotation+monotone_pit_cdf_v1,reb:pmf_sim_v1+role_aware_pmf_cal_v1:rotation+monotone_pit_cdf_v1]+prior_combo[joint_sampler_v1+joint_combo_pmf_v1+role_aware_pmf_cal_v1:rotation+monotone_pit_cdf_v1]+stat_grid_final_component_convolution_mean_coherent_v1",phase8_role_aware_pmf_cal_v1+monotone_inactive_global_v1,morning,2026-05-25T17:16:35Z,a9062c09#phase10c,3b1a8703-3820-4ed7-a736-0023491c28e4,ok,0.0,high,full,current_phase8,unknown,projected,derived_from_projected_minutes,82,0.0
Sam Merrill,3547299,CLE,NYK,True,21713901,pr,rotation,"stat_grid:component_convolution_mean_coherent_v1+components[pts:pmf_sim_v1+role_aware_pmf_cal_v1:rotation+monotone_pit_cdf_v1,reb:pmf_sim_v1+role_aware_pmf_cal_v1:rotation+monotone_pit_cdf_v1]+prior_combo[joint_sampler_v1+joint_combo_pmf_v1+role_aware_pmf_cal_v1:rotation+monotone_pit_cdf_v1]+stat_grid_final_component_convolution_mean_coherent_v1",phase8_role_aware_pmf_cal_v1+monotone_inactive_global_v1,morning,2026-05-25T17:16:35Z,a9062c09#phase10c,3b1a8703-3820-4ed7-a736-0023491c28e4,ok,0.0,high,full,current_phase8,unknown,projected,derived_from_projected_minutes,83,0.0
Sam Merrill,3547299,CLE,NYK,True,21713901,pr,rotation,"stat_grid:component_convolution_mean_coherent_v1+components[pts:pmf_sim_v1+role_aware_pmf_cal_v1:rotation+monotone_pit_cdf_v1,reb:pmf_sim_v1+role_aware_pmf_cal_v1:rotation+monotone_pit_cdf_v1]+prior_combo[joint_sampler_v1+joint_combo_pmf_v1+role_aware_pmf_cal_v1:rotation+monotone_pit_cdf_v1]+stat_grid_final_component_convolution_mean_coherent_v1",phase8_role_aware_pmf_cal_v1+monotone_inactive_global_v1,morning,2026-05-25T17:16:35Z,a9062c09#phase10c,3b1a8703-3820-4ed7-a736-0023491c28e4,ok,0.0,high,full,current_phase8,unknown,projected,derived_from_projected_minutes,84,0.0
Sam Merrill,3547299,CLE,NYK,True,21713901,pr,rotation,"stat_grid:component_convolution_mean_coherent_v1+components[pts:pmf_sim_v1+role_aware_pmf_cal_v1:rotation+monotone_pit_cdf_v1,reb:pmf_sim_v1+role_aware_pmf_cal_v1:rotation+monotone_pit_cdf_v1]+prior_combo[joint_sampler_v1+joint_combo_pmf_v1+role_aware_pmf_cal_v1:rotation+monotone_pit_cdf_v1]+stat_grid_final_component_convolution_mean_coherent_v1",phase8_role_aware_pmf_cal_v1+monotone_inactive_global_v1,morning,2026-05-25T17:16:35Z,a9062c09#phase10c,3b1a8703-3820-4ed7-a736-0023491c28e4,ok,0.0,high,full,current_phase8,unknown,projected,derived_from_projected_minutes,85,0.0
Sam Merrill,3547299,CLE,NYK,True,21713901,pr,rotation,"stat_grid:component_convolution_mean_coherent_v1+components[pts:pmf_sim_v1+role_aware_pmf_cal_v1:rotation+monotone_pit_cdf_v1,reb:pmf_sim_v1+role_aware_pmf_cal_v1:rotation+monotone_pit_cdf_v1]+prior_combo[joint_sampler_v1+joint_combo_pmf_v1+role_aware_pmf_cal_v1:rotation+monotone_pit_cdf_v1]+stat_grid_final_component_convolution_mean_coherent_v1",phase8_role_aware_pmf_cal_v1+monotone_inactive_global_v1,morning,2026-05-25T17:16:35Z,a9062c09#phase10c,3b1a8703-3820-4ed7-a736-0023491c28e4,ok,0.0,high,full,current_phase8,unknown,projected,derived_from_projected_minutes,86,0.0
Sam Merrill,3547299,CLE,NYK,True,21713901,pr,rotation,"stat_grid:component_convolution_mean_coherent_v1+components[pts:pmf_sim_v1+role_aware_pmf_cal_v1:rotation+monotone_pit_cdf_v1,reb:pmf_sim_v1+role_aware_pmf_cal_v1:rotation+monotone_pit_cdf_v1]+prior_combo[joint_sampler_v1+joint_combo_pmf_v1+role_aware_pmf_cal_v1:rotation+monotone_pit_cdf_v1]+stat_grid_final_component_convolution_mean_coherent_v1",phase8_role_aware_pmf_cal_v1+monotone_inactive_global_v1,morning,2026-05-25T17:16:35Z,a9062c09#phase10c,3b1a8703-3820-4ed7-a736-0023491c28e4,ok,0.0,high,full,current_phase8,unknown,projected,derived_from_projected_minutes,87,0.0
Sam Merrill,3547299,CLE,NYK,True,21713901,pr,rotation,"stat_grid:component_convolution_mean_coherent_v1+components[pts:pmf_sim_v1+role_aware_pmf_cal_v1:rotation+monotone_pit_cdf_v1,reb:pmf_sim_v1+role_aware_pmf_cal_v1:rotation+monotone_pit_cdf_v1]+prior_combo[joint_sampler_v1+joint_combo_pmf_v1+role_aware_pmf_cal_v1:rotation+monotone_pit_cdf_v1]+stat_grid_final_component_convolution_mean_coherent_v1",phase8_role_aware_pmf_cal_v1+monotone_inactive_global_v1,morning,2026-05-25T17:16:35Z,a9062c09#phase10c,3b1a8703-3820-4ed7-a736-0023491c28e4,ok,0.0,high,full,current_phase8,unknown,projected,derived_from_projected_minutes,88,0.0
Sam Merrill,3547299,CLE,NYK,True,21713901,pr,rotation,"stat_grid:component_convolution_mean_coherent_v1+components[pts:pmf_sim_v1+role_aware_pmf_cal_v1:rotation+monotone_pit_cdf_v1,reb:pmf_sim_v1+role_aware_pmf_cal_v1:rotation+monotone_pit_cdf_v1]+prior_combo[joint_sampler_v1+joint_combo_pmf_v1+role_aware_pmf_cal_v1:rotation+monotone_pit_cdf_v1]+stat_grid_final_component_convolution_mean_coherent_v1",phase8_role_aware_pmf_cal_v1+monotone_inactive_global_v1,morning,2026-05-25T17:16:35Z,a9062c09#phase10c,3b1a8703-3820-4ed7-a736-0023491c28e4,ok,0.0,high,full,current_phase8,unknown,projected,derived_from_projected_minutes,89,0.0
Sam Merrill,3547299,CLE,NYK,True,21713901,pr,rotation,"stat_grid:component_convolution_mean_coherent_v1+components[pts:pmf_sim_v1+role_aware_pmf_cal_v1:rotation+monotone_pit_cdf_v1,reb:pmf_sim_v1+role_aware_pmf_cal_v1:rotation+monotone_pit_cdf_v1]+prior_combo[joint_sampler_v1+joint_combo_pmf_v1+role_aware_pmf_cal_v1:rotation+monotone_pit_cdf_v1]+stat_grid_final_component_convolution_mean_coherent_v1",phase8_role_aware_pmf_cal_v1+monotone_inactive_global_v1,morning,2026-05-25T17:16:35Z,a9062c09#phase10c,3b1a8703-3820-4ed7-a736-0023491c28e4,ok,0.0,high,full,current_phase8,unknown,projected,derived_from_projected_minutes,90,0.0
Sam Merrill,3547299,CLE,NYK,True,21713901,pr,rotation,"stat_grid:component_convolution_mean_coherent_v1+components[pts:pmf_sim_v1+role_aware_pmf_cal_v1:rotation+monotone_pit_cdf_v1,reb:pmf_sim_v1+role_aware_pmf_cal_v1:rotation+monotone_pit_cdf_v1]+prior_combo[joint_sampler_v1+joint_combo_pmf_v1+role_aware_pmf_cal_v1:rotation+monotone_pit_cdf_v1]+stat_grid_final_component_convolution_mean_coherent_v1",phase8_role_aware_pmf_cal_v1+monotone_inactive_global_v1,morning,2026-05-25T17:16:35Z,a9062c09#phase10c,3b1a8703-3820-4ed7-a736-0023491c28e4,ok,0.0,high,full,current_phase8,unknown,projected,derived_from_projected_minutes,91,0.0
Sam Merrill,3547299,CLE,NYK,True,21713901,pr,rotation,"stat_grid:component_convolution_mean_coherent_v1+components[pts:pmf_sim_v1+role_aware_pmf_cal_v1:rotation+monotone_pit_cdf_v1,reb:pmf_sim_v1+role_aware_pmf_cal_v1:rotation+monotone_pit_cdf_v1]+prior_combo[joint_sampler_v1+joint_combo_pmf_v1+role_aware_pmf_cal_v1:rotation+monotone_pit_cdf_v1]+stat_grid_final_component_convolution_mean_coherent_v1",phase8_role_aware_pmf_cal_v1+monotone_inactive_global_v1,morning,2026-05-25T17:16:35Z,a9062c09#phase10c,3b1a8703-3820-4ed7-a736-0023491c28e4,ok,0.0,high,full,current_phase8,unknown,projected,derived_from_projected_minutes,92,0.0
Sam Merrill,3547299,CLE,NYK,True,21713901,pr,rotation,"stat_grid:component_convolution_mean_coherent_v1+components[pts:pmf_sim_v1+role_aware_pmf_cal_v1:rotation+monotone_pit_cdf_v1,reb:pmf_sim_v1+role_aware_pmf_cal_v1:rotation+monotone_pit_cdf_v1]+prior_combo[joint_sampler_v1+joint_combo_pmf_v1+role_aware_pmf_cal_v1:rotation+monotone_pit_cdf_v1]+stat_grid_final_component_convolution_mean_coherent_v1",phase8_role_aware_pmf_cal_v1+monotone_inactive_global_v1,morning,2026-05-25T17:16:35Z,a9062c09#phase10c,3b1a8703-3820-4ed7-a736-0023491c28e4,ok,0.0,high,full,current_phase8,unknown,projected,derived_from_projected_minutes,93,0.0
Sam Merrill,3547299,CLE,NYK,True,21713901,pr,rotation,"stat_grid:component_convolution_mean_coherent_v1+components[pts:pmf_sim_v1+role_aware_pmf_cal_v1:rotation+monotone_pit_cdf_v1,reb:pmf_sim_v1+role_aware_pmf_cal_v1:rotation+monotone_pit_cdf_v1]+prior_combo[joint_sampler_v1+joint_combo_pmf_v1+role_aware_pmf_cal_v1:rotation+monotone_pit_cdf_v1]+stat_grid_final_component_convolution_mean_coherent_v1",phase8_role_aware_pmf_cal_v1+monotone_inactive_global_v1,morning,2026-05-25T17:16:35Z,a9062c09#phase10c,3b1a8703-3820-4ed7-a736-0023491c28e4,ok,0.0,high,full,current_phase8,unknown,projected,derived_from_projected_minutes,94,0.0
Sam Merrill,3547299,CLE,NYK,True,21713901,pr,rotation,"stat_grid:component_convolution_mean_coherent_v1+components[pts:pmf_sim_v1+role_aware_pmf_cal_v1:rotation+monotone_pit_cdf_v1,reb:pmf_sim_v1+role_aware_pmf_cal_v1:rotation+monotone_pit_cdf_v1]+prior_combo[joint_sampler_v1+joint_combo_pmf_v1+role_aware_pmf_cal_v1:rotation+monotone_pit_cdf_v1]+stat_grid_final_component_convolution_mean_coherent_v1",phase8_role_aware_pmf_cal_v1+monotone_inactive_global_v1,morning,2026-05-25T17:16:35Z,a9062c09#phase10c,3b1a8703-3820-4ed7-a736-0023491c28e4,ok,0.0,high,full,current_phase8,unknown,projected,derived_from_projected_minutes,95,0.0
Sam Merrill,3547299,CLE,NYK,True,21713901,pr,rotation,"stat_grid:component_convolution_mean_coherent_v1+components[pts:pmf_sim_v1+role_aware_pmf_cal_v1:rotation+monotone_pit_cdf_v1,reb:pmf_sim_v1+role_aware_pmf_cal_v1:rotation+monotone_pit_cdf_v1]+prior_combo[joint_sampler_v1+joint_combo_pmf_v1+role_aware_pmf_cal_v1:rotation+monotone_pit_cdf_v1]+stat_grid_final_component_convolution_mean_coherent_v1",phase8_role_aware_pmf_cal_v1+monotone_inactive_global_v1,morning,2026-05-25T17:16:35Z,a9062c09#phase10c,3b1a8703-3820-4ed7-a736-0023491c28e4,ok,0.0,high,full,current_phase8,unknown,projected,derived_from_projected_minutes,96,0.0
Sam Merrill,3547299,CLE,NYK,True,21713901,pr,rotation,"stat_grid:component_convolution_mean_coherent_v1+components[pts:pmf_sim_v1+role_aware_pmf_cal_v1:rotation+monotone_pit_cdf_v1,reb:pmf_sim_v1+role_aware_pmf_cal_v1:rotation+monotone_pit_cdf_v1]+prior_combo[joint_sampler_v1+joint_combo_pmf_v1+role_aware_pmf_cal_v1:rotation+monotone_pit_cdf_v1]+stat_grid_final_component_convolution_mean_coherent_v1",phase8_role_aware_pmf_cal_v1+monotone_inactive_global_v1,morning,2026-05-25T17:16:35Z,a9062c09#phase10c,3b1a8703-3820-4ed7-a736-0023491c28e4,ok,0.0,high,full,current_phase8,unknown,projected,derived_from_projected_minutes,97,0.0
Sam Merrill,3547299,CLE,NYK,True,21713901,pr,rotation,"stat_grid:component_convolution_mean_coherent_v1+components[pts:pmf_sim_v1+role_aware_pmf_cal_v1:rotation+monotone_pit_cdf_v1,reb:pmf_sim_v1+role_aware_pmf_cal_v1:rotation+monotone_pit_cdf_v1]+prior_combo[joint_sampler_v1+joint_combo_pmf_v1+role_aware_pmf_cal_v1:rotation+monotone_pit_cdf_v1]+stat_grid_final_component_convolution_mean_coherent_v1",phase8_role_aware_pmf_cal_v1+monotone_inactive_global_v1,morning,2026-05-25T17:16:35Z,a9062c09#phase10c,3b1a8703-3820-4ed7-a736-0023491c28e4,ok,0.0,high,full,current_phase8,unknown,projected,derived_from_projected_minutes,98,0.0
Sam Merrill,3547299,CLE,NYK,True,21713901,pr,rotation,"stat_grid:component_convolution_mean_coherent_v1+components[pts:pmf_sim_v1+role_aware_pmf_cal_v1:rotation+monotone_pit_cdf_v1,reb:pmf_sim_v1+role_aware_pmf_cal_v1:rotation+monotone_pit_cdf_v1]+prior_combo[joint_sampler_v1+joint_combo_pmf_v1+role_aware_pmf_cal_v1:rotation+monotone_pit_cdf_v1]+stat_grid_final_component_convolution_mean_coherent_v1",phase8_role_aware_pmf_cal_v1+monotone_inactive_global_v1,morning,2026-05-25T17:16:35Z,a9062c09#phase10c,3b1a8703-3820-4ed7-a736-0023491c28e4,ok,0.0,high,full,current_phase8,unknown,projected,derived_from_projected_minutes,99,0.0
Sam Merrill,3547299,CLE,NYK,True,21713901,pr,rotation,"stat_grid:component_convolution_mean_coherent_v1+components[pts:pmf_sim_v1+role_aware_pmf_cal_v1:rotation+monotone_pit_cdf_v1,reb:pmf_sim_v1+role_aware_pmf_cal_v1:rotation+monotone_pit_cdf_v1]+prior_combo[joint_sampler_v1+joint_combo_pmf_v1+role_aware_pmf_cal_v1:rotation+monotone_pit_cdf_v1]+stat_grid_final_component_convolution_mean_coherent_v1",phase8_role_aware_pmf_cal_v1+monotone_inactive_global_v1,morning,2026-05-25T17:16:35Z,a9062c09#phase10c,3b1a8703-3820-4ed7-a736-0023491c28e4,ok,0.0,high,full,current_phase8,unknown,projected,derived_from_projected_minutes,100,0.0
Sam Merrill,3547299,CLE,NYK,True,21713901,pr,rotation,"stat_grid:component_convolution_mean_coherent_v1+components[pts:pmf_sim_v1+role_aware_pmf_cal_v1:rotation+monotone_pit_cdf_v1,reb:pmf_sim_v1+role_aware_pmf_cal_v1:rotation+monotone_pit_cdf_v1]+prior_combo[joint_sampler_v1+joint_combo_pmf_v1+role_aware_pmf_cal_v1:rotation+monotone_pit_cdf_v1]+stat_grid_final_component_convolution_mean_coherent_v1",phase8_role_aware_pmf_cal_v1+monotone_inactive_global_v1,morning,2026-05-25T17:16:35Z,a9062c09#phase10c,3b1a8703-3820-4ed7-a736-0023491c28e4,ok,0.0,high,full,current_phase8,unknown,projected,derived_from_projected_minutes,101,0.0
Sam Merrill,3547299,CLE,NYK,True,21713901,pr,rotation,"stat_grid:component_convolution_mean_coherent_v1+components[pts:pmf_sim_v1+role_aware_pmf_cal_v1:rotation+monotone_pit_cdf_v1,reb:pmf_sim_v1+role_aware_pmf_cal_v1:rotation+monotone_pit_cdf_v1]+prior_combo[joint_sampler_v1+joint_combo_pmf_v1+role_aware_pmf_cal_v1:rotation+monotone_pit_cdf_v1]+stat_grid_final_component_convolution_mean_coherent_v1",phase8_role_aware_pmf_cal_v1+monotone_inactive_global_v1,morning,2026-05-25T17:16:35Z,a9062c09#phase10c,3b1a8703-3820-4ed7-a736-0023491c28e4,ok,0.0,high,full,current_phase8,unknown,projected,derived_from_projected_minutes,102,0.0
Sam Merrill,3547299,CLE,NYK,True,21713901,pr,rotation,"stat_grid:component_convolution_mean_coherent_v1+components[pts:pmf_sim_v1+role_aware_pmf_cal_v1:rotation+monotone_pit_cdf_v1,reb:pmf_sim_v1+role_aware_pmf_cal_v1:rotation+monotone_pit_cdf_v1]+prior_combo[joint_sampler_v1+joint_combo_pmf_v1+role_aware_pmf_cal_v1:rotation+monotone_pit_cdf_v1]+stat_grid_final_component_convolution_mean_coherent_v1",phase8_role_aware_pmf_cal_v1+monotone_inactive_global_v1,morning,2026-05-25T17:16:35Z,a9062c09#phase10c,3b1a8703-3820-4ed7-a736-0023491c28e4,ok,0.0,high,full,current_phase8,unknown,projected,derived_from_projected_minutes,103,0.0
Sam Merrill,3547299,CLE,NYK,True,21713901,pr,rotation,"stat_grid:component_convolution_mean_coherent_v1+components[pts:pmf_sim_v1+role_aware_pmf_cal_v1:rotation+monotone_pit_cdf_v1,reb:pmf_sim_v1+role_aware_pmf_cal_v1:rotation+monotone_pit_cdf_v1]+prior_combo[joint_sampler_v1+joint_combo_pmf_v1+role_aware_pmf_cal_v1:rotation+monotone_pit_cdf_v1]+stat_grid_final_component_convolution_mean_coherent_v1",phase8_role_aware_pmf_cal_v1+monotone_inactive_global_v1,morning,2026-05-25T17:16:35Z,a9062c09#phase10c,3b1a8703-3820-4ed7-a736-0023491c28e4,ok,0.0,high,full,current_phase8,unknown,projected,derived_from_projected_minutes,104,0.0
Sam Merrill,3547299,CLE,NYK,True,21713901,pr,rotation,"stat_grid:component_convolution_mean_coherent_v1+components[pts:pmf_sim_v1+role_aware_pmf_cal_v1:rotation+monotone_pit_cdf_v1,reb:pmf_sim_v1+role_aware_pmf_cal_v1:rotation+monotone_pit_cdf_v1]+prior_combo[joint_sampler_v1+joint_combo_pmf_v1+role_aware_pmf_cal_v1:rotation+monotone_pit_cdf_v1]+stat_grid_final_component_convolution_mean_coherent_v1",phase8_role_aware_pmf_cal_v1+monotone_inactive_global_v1,morning,2026-05-25T17:16:35Z,a9062c09#phase10c,3b1a8703-3820-4ed7-a736-0023491c28e4,ok,0.0,high,full,current_phase8,unknown,projected,derived_from_projected_minutes,105,0.0
Sam Merrill,3547299,CLE,NYK,True,21713901,pr,rotation,"stat_grid:component_convolution_mean_coherent_v1+components[pts:pmf_sim_v1+role_aware_pmf_cal_v1:rotation+monotone_pit_cdf_v1,reb:pmf_sim_v1+role_aware_pmf_cal_v1:rotation+monotone_pit_cdf_v1]+prior_combo[joint_sampler_v1+joint_combo_pmf_v1+role_aware_pmf_cal_v1:rotation+monotone_pit_cdf_v1]+stat_grid_final_component_convolution_mean_coherent_v1",phase8_role_aware_pmf_cal_v1+monotone_inactive_global_v1,morning,2026-05-25T17:16:35Z,a9062c09#phase10c,3b1a8703-3820-4ed7-a736-0023491c28e4,ok,0.0,high,full,current_phase8,unknown,projected,derived_from_projected_minutes,106,0.0
Sam Merrill,3547299,CLE,NYK,True,21713901,pr,rotation,"stat_grid:component_convolution_mean_coherent_v1+components[pts:pmf_sim_v1+role_aware_pmf_cal_v1:rotation+monotone_pit_cdf_v1,reb:pmf_sim_v1+role_aware_pmf_cal_v1:rotation+monotone_pit_cdf_v1]+prior_combo[joint_sampler_v1+joint_combo_pmf_v1+role_aware_pmf_cal_v1:rotation+monotone_pit_cdf_v1]+stat_grid_final_component_convolution_mean_coherent_v1",phase8_role_aware_pmf_cal_v1+monotone_inactive_global_v1,morning,2026-05-25T17:16:35Z,a9062c09#phase10c,3b1a8703-3820-4ed7-a736-0023491c28e4,ok,0.0,high,full,current_phase8,unknown,projected,derived_from_projected_minutes,107,0.0
Sam Merrill,3547299,CLE,NYK,True,21713901,pr,rotation,"stat_grid:component_convolution_mean_coherent_v1+components[pts:pmf_sim_v1+role_aware_pmf_cal_v1:rotation+monotone_pit_cdf_v1,reb:pmf_sim_v1+role_aware_pmf_cal_v1:rotation+monotone_pit_cdf_v1]+prior_combo[joint_sampler_v1+joint_combo_pmf_v1+role_aware_pmf_cal_v1:rotation+monotone_pit_cdf_v1]+stat_grid_final_component_convolution_mean_coherent_v1",phase8_role_aware_pmf_cal_v1+monotone_inactive_global_v1,morning,2026-05-25T17:16:35Z,a9062c09#phase10c,3b1a8703-3820-4ed7-a736-0023491c28e4,ok,0.0,high,full,current_phase8,unknown,projected,derived_from_projected_minutes,108,0.0
Sam Merrill,3547299,CLE,NYK,True,21713901,pr,rotation,"stat_grid:component_convolution_mean_coherent_v1+components[pts:pmf_sim_v1+role_aware_pmf_cal_v1:rotation+monotone_pit_cdf_v1,reb:pmf_sim_v1+role_aware_pmf_cal_v1:rotation+monotone_pit_cdf_v1]+prior_combo[joint_sampler_v1+joint_combo_pmf_v1+role_aware_pmf_cal_v1:rotation+monotone_pit_cdf_v1]+stat_grid_final_component_convolution_mean_coherent_v1",phase8_role_aware_pmf_cal_v1+monotone_inactive_global_v1,morning,2026-05-25T17:16:35Z,a9062c09#phase10c,3b1a8703-3820-4ed7-a736-0023491c28e4,ok,0.0,high,full,current_phase8,unknown,projected,derived_from_projected_minutes,109,0.0
Sam Merrill,3547299,CLE,NYK,True,21713901,ra,rotation,"stat_grid:component_convolution_mean_coherent_v1+components[reb:pmf_sim_v1+role_aware_pmf_cal_v1:rotation+monotone_pit_cdf_v1,ast:pmf_sim_v1+role_aware_pmf_cal_v1:rotation+monotone_pit_cdf_v1]+prior_combo[joint_sampler_v1+joint_combo_pmf_v1+role_aware_pmf_cal_v1:rotation+monotone_pit_cdf_v1]+stat_grid_final_component_convolution_mean_coherent_v1",phase8_role_aware_pmf_cal_v1+monotone_inactive_global_v1,morning,2026-05-25T17:16:35Z,a9062c09#phase10c,3b1a8703-3820-4ed7-a736-0023491c28e4,ok,0.0,high,full,current_phase8,unknown,projected,derived_from_projected_minutes,0,0.0261
Sam Merrill,3547299,CLE,NYK,True,21713901,ra,rotation,"stat_grid:component_convolution_mean_coherent_v1+components[reb:pmf_sim_v1+role_aware_pmf_cal_v1:rotation+monotone_pit_cdf_v1,ast:pmf_sim_v1+role_aware_pmf_cal_v1:rotation+monotone_pit_cdf_v1]+prior_combo[joint_sampler_v1+joint_combo_pmf_v1+role_aware_pmf_cal_v1:rotation+monotone_pit_cdf_v1]+stat_grid_final_component_convolution_mean_coherent_v1",phase8_role_aware_pmf_cal_v1+monotone_inactive_global_v1,morning,2026-05-25T17:16:35Z,a9062c09#phase10c,3b1a8703-3820-4ed7-a736-0023491c28e4,ok,0.0,high,full,current_phase8,unknown,projected,derived_from_projected_minutes,1,0.1189
Sam Merrill,3547299,CLE,NYK,True,21713901,ra,rotation,"stat_grid:component_convolution_mean_coherent_v1+components[reb:pmf_sim_v1+role_aware_pmf_cal_v1:rotation+monotone_pit_cdf_v1,ast:pmf_sim_v1+role_aware_pmf_cal_v1:rotation+monotone_pit_cdf_v1]+prior_combo[joint_sampler_v1+joint_combo_pmf_v1+role_aware_pmf_cal_v1:rotation+monotone_pit_cdf_v1]+stat_grid_final_component_convolution_mean_coherent_v1",phase8_role_aware_pmf_cal_v1+monotone_inactive_global_v1,morning,2026-05-25T17:16:35Z,a9062c09#phase10c,3b1a8703-3820-4ed7-a736-0023491c28e4,ok,0.0,high,full,current_phase8,unknown,projected,derived_from_projected_minutes,2,0.2224
Sam Merrill,3547299,CLE,NYK,True,21713901,ra,rotation,"stat_grid:component_convolution_mean_coherent_v1+components[reb:pmf_sim_v1+role_aware_pmf_cal_v1:rotation+monotone_pit_cdf_v1,ast:pmf_sim_v1+role_aware_pmf_cal_v1:rotation+monotone_pit_cdf_v1]+prior_combo[joint_sampler_v1+joint_combo_pmf_v1+role_aware_pmf_cal_v1:rotation+monotone_pit_cdf_v1]+stat_grid_final_component_convolution_mean_coherent_v1",phase8_role_aware_pmf_cal_v1+monotone_inactive_global_v1,morning,2026-05-25T17:16:35Z,a9062c09#phase10c,3b1a8703-3820-4ed7-a736-0023491c28e4,ok,0.0,high,full,current_phase8,unknown,projected,derived_from_projected_minutes,3,0.2442
Sam Merrill,3547299,CLE,NYK,True,21713901,ra,rotation,"stat_grid:component_convolution_mean_coherent_v1+components[reb:pmf_sim_v1+role_aware_pmf_cal_v1:rotation+monotone_pit_cdf_v1,ast:pmf_sim_v1+role_aware_pmf_cal_v1:rotation+monotone_pit_cdf_v1]+prior_combo[joint_sampler_v1+joint_combo_pmf_v1+role_aware_pmf_cal_v1:rotation+monotone_pit_cdf_v1]+stat_grid_final_component_convolution_mean_coherent_v1",phase8_role_aware_pmf_cal_v1+monotone_inactive_global_v1,morning,2026-05-25T17:16:35Z,a9062c09#phase10c,3b1a8703-3820-4ed7-a736-0023491c28e4,ok,0.0,high,full,current_phase8,unknown,projected,derived_from_projected_minutes,4,0.1875
Sam Merrill,3547299,CLE,NYK,True,21713901,ra,rotation,"stat_grid:component_convolution_mean_coherent_v1+components[reb:pmf_sim_v1+role_aware_pmf_cal_v1:rotation+monotone_pit_cdf_v1,ast:pmf_sim_v1+role_aware_pmf_cal_v1:rotation+monotone_pit_cdf_v1]+prior_combo[joint_sampler_v1+joint_combo_pmf_v1+role_aware_pmf_cal_v1:rotation+monotone_pit_cdf_v1]+stat_grid_final_component_convolution_mean_coherent_v1",phase8_role_aware_pmf_cal_v1+monotone_inactive_global_v1,morning,2026-05-25T17:16:35Z,a9062c09#phase10c,3b1a8703-3820-4ed7-a736-0023491c28e4,ok,0.0,high,full,current_phase8,unknown,projected,derived_from_projected_minutes,5,0.1108
Sam Merrill,3547299,CLE,NYK,True,21713901,ra,rotation,"stat_grid:component_convolution_mean_coherent_v1+components[reb:pmf_sim_v1+role_aware_pmf_cal_v1:rotation+monotone_pit_cdf_v1,ast:pmf_sim_v1+role_aware_pmf_cal_v1:rotation+monotone_pit_cdf_v1]+prior_combo[joint_sampler_v1+joint_combo_pmf_v1+role_aware_pmf_cal_v1:rotation+monotone_pit_cdf_v1]+stat_grid_final_component_convolution_mean_coherent_v1",phase8_role_aware_pmf_cal_v1+monotone_inactive_global_v1,morning,2026-05-25T17:16:35Z,a9062c09#phase10c,3b1a8703-3820-4ed7-a736-0023491c28e4,ok,0.0,high,full,current_phase8,unknown,projected,derived_from_projected_minutes,6,0.054
Sam Merrill,3547299,CLE,NYK,True,21713901,ra,rotation,"stat_grid:component_convolution_mean_coherent_v1+components[reb:pmf_sim_v1+role_aware_pmf_cal_v1:rotation+monotone_pit_cdf_v1,ast:pmf_sim_v1+role_aware_pmf_cal_v1:rotation+monotone_pit_cdf_v1]+prior_combo[joint_sampler_v1+joint_combo_pmf_v1+role_aware_pmf_cal_v1:rotation+monotone_pit_cdf_v1]+stat_grid_final_component_convolution_mean_coherent_v1",phase8_role_aware_pmf_cal_v1+monotone_inactive_global_v1,morning,2026-05-25T17:16:35Z,a9062c09#phase10c,3b1a8703-3820-4ed7-a736-0023491c28e4,ok,0.0,high,full,current_phase8,unknown,projected,derived_from_projected_minutes,7,0.0228
Sam Merrill,3547299,CLE,NYK,True,21713901,ra,rotation,"stat_grid:component_convolution_mean_coherent_v1+components[reb:pmf_sim_v1+role_aware_pmf_cal_v1:rotation+monotone_pit_cdf_v1,ast:pmf_sim_v1+role_aware_pmf_cal_v1:rotation+monotone_pit_cdf_v1]+prior_combo[joint_sampler_v1+joint_combo_pmf_v1+role_aware_pmf_cal_v1:rotation+monotone_pit_cdf_v1]+stat_grid_final_component_convolution_mean_coherent_v1",phase8_role_aware_pmf_cal_v1+monotone_inactive_global_v1,morning,2026-05-25T17:16:35Z,a9062c09#phase10c,3b1a8703-3820-4ed7-a736-0023491c28e4,ok,0.0,high,full,current_phase8,unknown,projected,derived_from_projected_minutes,8,0.0086
Sam Merrill,3547299,CLE,NYK,True,21713901,ra,rotation,"stat_grid:component_convolution_mean_coherent_v1+components[reb:pmf_sim_v1+role_aware_pmf_cal_v1:rotation+monotone_pit_cdf_v1,ast:pmf_sim_v1+role_aware_pmf_cal_v1:rotation+monotone_pit_cdf_v1]+prior_combo[joint_sampler_v1+joint_combo_pmf_v1+role_aware_pmf_cal_v1:rotation+monotone_pit_cdf_v1]+stat_grid_final_component_convolution_mean_coherent_v1",phase8_role_aware_pmf_cal_v1+monotone_inactive_global_v1,morning,2026-05-25T17:16:35Z,a9062c09#phase10c,3b1a8703-3820-4ed7-a736-0023491c28e4,ok,0.0,high,full,current_phase8,unknown,projected,derived_from_projected_minutes,9,0.003
Sam Merrill,3547299,CLE,NYK,True,21713901,ra,rotation,"stat_grid:component_convolution_mean_coherent_v1+components[reb:pmf_sim_v1+role_aware_pmf_cal_v1:rotation+monotone_pit_cdf_v1,ast:pmf_sim_v1+role_aware_pmf_cal_v1:rotation+monotone_pit_cdf_v1]+prior_combo[joint_sampler_v1+joint_combo_pmf_v1+role_aware_pmf_cal_v1:rotation+monotone_pit_cdf_v1]+stat_grid_final_component_convolution_mean_coherent_v1",phase8_role_aware_pmf_cal_v1+monotone_inactive_global_v1,morning,2026-05-25T17:16:35Z,a9062c09#phase10c,3b1a8703-3820-4ed7-a736-0023491c28e4,ok,0.0,high,full,current_phase8,unknown,projected,derived_from_projected_minutes,10,0.001
Sam Merrill,3547299,CLE,NYK,True,21713901,ra,rotation,"stat_grid:component_convolution_mean_coherent_v1+components[reb:pmf_sim_v1+role_aware_pmf_cal_v1:rotation+monotone_pit_cdf_v1,ast:pmf_sim_v1+role_aware_pmf_cal_v1:rotation+monotone_pit_cdf_v1]+prior_combo[joint_sampler_v1+joint_combo_pmf_v1+role_aware_pmf_cal_v1:rotation+monotone_pit_cdf_v1]+stat_grid_final_component_convolution_mean_coherent_v1",phase8_role_aware_pmf_cal_v1+monotone_inactive_global_v1,morning,2026-05-25T17:16:35Z,a9062c09#phase10c,3b1a8703-3820-4ed7-a736-0023491c28e4,ok,0.0,high,full,current_phase8,unknown,projected,derived_from_projected_minutes,11,0.0004
Sam Merrill,3547299,CLE,NYK,True,21713901,ra,rotation,"stat_grid:component_convolution_mean_coherent_v1+components[reb:pmf_sim_v1+role_aware_pmf_cal_v1:rotation+monotone_pit_cdf_v1,ast:pmf_sim_v1+role_aware_pmf_cal_v1:rotation+monotone_pit_cdf_v1]+prior_combo[joint_sampler_v1+joint_combo_pmf_v1+role_aware_pmf_cal_v1:rotation+monotone_pit_cdf_v1]+stat_grid_final_component_convolution_mean_coherent_v1",phase8_role_aware_pmf_cal_v1+monotone_inactive_global_v1,morning,2026-05-25T17:16:35Z,a9062c09#phase10c,3b1a8703-3820-4ed7-a736-0023491c28e4,ok,0.0,high,full,current_phase8,unknown,projected,derived_from_projected_minutes,12,0.0002
Sam Merrill,3547299,CLE,NYK,True,21713901,ra,rotation,"stat_grid:component_convolution_mean_coherent_v1+components[reb:pmf_sim_v1+role_aware_pmf_cal_v1:rotation+monotone_pit_cdf_v1,ast:pmf_sim_v1+role_aware_pmf_cal_v1:rotation+monotone_pit_cdf_v1]+prior_combo[joint_sampler_v1+joint_combo_pmf_v1+role_aware_pmf_cal_v1:rotation+monotone_pit_cdf_v1]+stat_grid_final_component_convolution_mean_coherent_v1",phase8_role_aware_pmf_cal_v1+monotone_inactive_global_v1,morning,2026-05-25T17:16:35Z,a9062c09#phase10c,3b1a8703-3820-4ed7-a736-0023491c28e4,ok,0.0,high,full,current_phase8,unknown,projected,derived_from_projected_minutes,13,0.0001
Sam Merrill,3547299,CLE,NYK,True,21713901,ra,rotation,"stat_grid:component_convolution_mean_coherent_v1+components[reb:pmf_sim_v1+role_aware_pmf_cal_v1:rotation+monotone_pit_cdf_v1,ast:pmf_sim_v1+role_aware_pmf_cal_v1:rotation+monotone_pit_cdf_v1]+prior_combo[joint_sampler_v1+joint_combo_pmf_v1+role_aware_pmf_cal_v1:rotation+monotone_pit_cdf_v1]+stat_grid_final_component_convolution_mean_coherent_v1",phase8_role_aware_pmf_cal_v1+monotone_inactive_global_v1,morning,2026-05-25T17:16:35Z,a9062c09#phase10c,3b1a8703-3820-4ed7-a736-0023491c28e4,ok,0.0,high,full,current_phase8,unknown,projected,derived_from_projected_minutes,14,0.0001
Sam Merrill,3547299,CLE,NYK,True,21713901,ra,rotation,"stat_grid:component_convolution_mean_coherent_v1+components[reb:pmf_sim_v1+role_aware_pmf_cal_v1:rotation+monotone_pit_cdf_v1,ast:pmf_sim_v1+role_aware_pmf_cal_v1:rotation+monotone_pit_cdf_v1]+prior_combo[joint_sampler_v1+joint_combo_pmf_v1+role_aware_pmf_cal_v1:rotation+monotone_pit_cdf_v1]+stat_grid_final_component_convolution_mean_coherent_v1",phase8_role_aware_pmf_cal_v1+monotone_inactive_global_v1,morning,2026-05-25T17:16:35Z,a9062c09#phase10c,3b1a8703-3820-4ed7-a736-0023491c28e4,ok,0.0,high,full,current_phase8,unknown,projected,derived_from_projected_minutes,15,0.0
Sam Merrill,3547299,CLE,NYK,True,21713901,ra,rotation,"stat_grid:component_convolution_mean_coherent_v1+components[reb:pmf_sim_v1+role_aware_pmf_cal_v1:rotation+monotone_pit_cdf_v1,ast:pmf_sim_v1+role_aware_pmf_cal_v1:rotation+monotone_pit_cdf_v1]+prior_combo[joint_sampler_v1+joint_combo_pmf_v1+role_aware_pmf_cal_v1:rotation+monotone_pit_cdf_v1]+stat_grid_final_component_convolution_mean_coherent_v1",phase8_role_aware_pmf_cal_v1+monotone_inactive_global_v1,morning,2026-05-25T17:16:35Z,a9062c09#phase10c,3b1a8703-3820-4ed7-a736-0023491c28e4,ok,0.0,high,full,current_phase8,unknown,projected,derived_from_projected_minutes,16,0.0
Sam Merrill,3547299,CLE,NYK,True,21713901,ra,rotation,"stat_grid:component_convolution_mean_coherent_v1+components[reb:pmf_sim_v1+role_aware_pmf_cal_v1:rotation+monotone_pit_cdf_v1,ast:pmf_sim_v1+role_aware_pmf_cal_v1:rotation+monotone_pit_cdf_v1]+prior_combo[joint_sampler_v1+joint_combo_pmf_v1+role_aware_pmf_cal_v1:rotation+monotone_pit_cdf_v1]+stat_grid_final_component_convolution_mean_coherent_v1",phase8_role_aware_pmf_cal_v1+monotone_inactive_global_v1,morning,2026-05-25T17:16:35Z,a9062c09#phase10c,3b1a8703-3820-4ed7-a736-0023491c28e4,ok,0.0,high,full,current_phase8,unknown,projected,derived_from_projected_minutes,17,0.0
Sam Merrill,3547299,CLE,NYK,True,21713901,ra,rotation,"stat_grid:component_convolution_mean_coherent_v1+components[reb:pmf_sim_v1+role_aware_pmf_cal_v1:rotation+monotone_pit_cdf_v1,ast:pmf_sim_v1+role_aware_pmf_cal_v1:rotation+monotone_pit_cdf_v1]+prior_combo[joint_sampler_v1+joint_combo_pmf_v1+role_aware_pmf_cal_v1:rotation+monotone_pit_cdf_v1]+stat_grid_final_component_convolution_mean_coherent_v1",phase8_role_aware_pmf_cal_v1+monotone_inactive_global_v1,morning,2026-05-25T17:16:35Z,a9062c09#phase10c,3b1a8703-3820-4ed7-a736-0023491c28e4,ok,0.0,high,full,current_phase8,unknown,projected,derived_from_projected_minutes,18,0.0
Sam Merrill,3547299,CLE,NYK,True,21713901,ra,rotation,"stat_grid:component_convolution_mean_coherent_v1+components[reb:pmf_sim_v1+role_aware_pmf_cal_v1:rotation+monotone_pit_cdf_v1,ast:pmf_sim_v1+role_aware_pmf_cal_v1:rotation+monotone_pit_cdf_v1]+prior_combo[joint_sampler_v1+joint_combo_pmf_v1+role_aware_pmf_cal_v1:rotation+monotone_pit_cdf_v1]+stat_grid_final_component_convolution_mean_coherent_v1",phase8_role_aware_pmf_cal_v1+monotone_inactive_global_v1,morning,2026-05-25T17:16:35Z,a9062c09#phase10c,3b1a8703-3820-4ed7-a736-0023491c28e4,ok,0.0,high,full,current_phase8,unknown,projected,derived_from_projected_minutes,19,0.0
Sam Merrill,3547299,CLE,NYK,True,21713901,ra,rotation,"stat_grid:component_convolution_mean_coherent_v1+components[reb:pmf_sim_v1+role_aware_pmf_cal_v1:rotation+monotone_pit_cdf_v1,ast:pmf_sim_v1+role_aware_pmf_cal_v1:rotation+monotone_pit_cdf_v1]+prior_combo[joint_sampler_v1+joint_combo_pmf_v1+role_aware_pmf_cal_v1:rotation+monotone_pit_cdf_v1]+stat_grid_final_component_convolution_mean_coherent_v1",phase8_role_aware_pmf_cal_v1+monotone_inactive_global_v1,morning,2026-05-25T17:16:35Z,a9062c09#phase10c,3b1a8703-3820-4ed7-a736-0023491c28e4,ok,0.0,high,full,current_phase8,unknown,projected,derived_from_projected_minutes,20,0.0
Sam Merrill,3547299,CLE,NYK,True,21713901,ra,rotation,"stat_grid:component_convolution_mean_coherent_v1+components[reb:pmf_sim_v1+role_aware_pmf_cal_v1:rotation+monotone_pit_cdf_v1,ast:pmf_sim_v1+role_aware_pmf_cal_v1:rotation+monotone_pit_cdf_v1]+prior_combo[joint_sampler_v1+joint_combo_pmf_v1+role_aware_pmf_cal_v1:rotation+monotone_pit_cdf_v1]+stat_grid_final_component_convolution_mean_coherent_v1",phase8_role_aware_pmf_cal_v1+monotone_inactive_global_v1,morning,2026-05-25T17:16:35Z,a9062c09#phase10c,3b1a8703-3820-4ed7-a736-0023491c28e4,ok,0.0,high,full,current_phase8,unknown,projected,derived_from_projected_minutes,21,0.0
Sam Merrill,3547299,CLE,NYK,True,21713901,ra,rotation,"stat_grid:component_convolution_mean_coherent_v1+components[reb:pmf_sim_v1+role_aware_pmf_cal_v1:rotation+monotone_pit_cdf_v1,ast:pmf_sim_v1+role_aware_pmf_cal_v1:rotation+monotone_pit_cdf_v1]+prior_combo[joint_sampler_v1+joint_combo_pmf_v1+role_aware_pmf_cal_v1:rotation+monotone_pit_cdf_v1]+stat_grid_final_component_convolution_mean_coherent_v1",phase8_role_aware_pmf_cal_v1+monotone_inactive_global_v1,morning,2026-05-25T17:16:35Z,a9062c09#phase10c,3b1a8703-3820-4ed7-a736-0023491c28e4,ok,0.0,high,full,current_phase8,unknown,projected,derived_from_projected_minutes,22,0.0
Sam Merrill,3547299,CLE,NYK,True,21713901,ra,rotation,"stat_grid:component_convolution_mean_coherent_v1+components[reb:pmf_sim_v1+role_aware_pmf_cal_v1:rotation+monotone_pit_cdf_v1,ast:pmf_sim_v1+role_aware_pmf_cal_v1:rotation+monotone_pit_cdf_v1]+prior_combo[joint_sampler_v1+joint_combo_pmf_v1+role_aware_pmf_cal_v1:rotation+monotone_pit_cdf_v1]+stat_grid_final_component_convolution_mean_coherent_v1",phase8_role_aware_pmf_cal_v1+monotone_inactive_global_v1,morning,2026-05-25T17:16:35Z,a9062c09#phase10c,3b1a8703-3820-4ed7-a736-0023491c28e4,ok,0.0,high,full,current_phase8,unknown,projected,derived_from_projected_minutes,23,0.0
Sam Merrill,3547299,CLE,NYK,True,21713901,ra,rotation,"stat_grid:component_convolution_mean_coherent_v1+components[reb:pmf_sim_v1+role_aware_pmf_cal_v1:rotation+monotone_pit_cdf_v1,ast:pmf_sim_v1+role_aware_pmf_cal_v1:rotation+monotone_pit_cdf_v1]+prior_combo[joint_sampler_v1+joint_combo_pmf_v1+role_aware_pmf_cal_v1:rotation+monotone_pit_cdf_v1]+stat_grid_final_component_convolution_mean_coherent_v1",phase8_role_aware_pmf_cal_v1+monotone_inactive_global_v1,morning,2026-05-25T17:16:35Z,a9062c09#phase10c,3b1a8703-3820-4ed7-a736-0023491c28e4,ok,0.0,high,full,current_phase8,unknown,projected,derived_from_projected_minutes,24,0.0
Sam Merrill,3547299,CLE,NYK,True,21713901,ra,rotation,"stat_grid:component_convolution_mean_coherent_v1+components[reb:pmf_sim_v1+role_aware_pmf_cal_v1:rotation+monotone_pit_cdf_v1,ast:pmf_sim_v1+role_aware_pmf_cal_v1:rotation+monotone_pit_cdf_v1]+prior_combo[joint_sampler_v1+joint_combo_pmf_v1+role_aware_pmf_cal_v1:rotation+monotone_pit_cdf_v1]+stat_grid_final_component_convolution_mean_coherent_v1",phase8_role_aware_pmf_cal_v1+monotone_inactive_global_v1,morning,2026-05-25T17:16:35Z,a9062c09#phase10c,3b1a8703-3820-4ed7-a736-0023491c28e4,ok,0.0,high,full,current_phase8,unknown,projected,derived_from_projected_minutes,25,0.0
Sam Merrill,3547299,CLE,NYK,True,21713901,ra,rotation,"stat_grid:component_convolution_mean_coherent_v1+components[reb:pmf_sim_v1+role_aware_pmf_cal_v1:rotation+monotone_pit_cdf_v1,ast:pmf_sim_v1+role_aware_pmf_cal_v1:rotation+monotone_pit_cdf_v1]+prior_combo[joint_sampler_v1+joint_combo_pmf_v1+role_aware_pmf_cal_v1:rotation+monotone_pit_cdf_v1]+stat_grid_final_component_convolution_mean_coherent_v1",phase8_role_aware_pmf_cal_v1+monotone_inactive_global_v1,morning,2026-05-25T17:16:35Z,a9062c09#phase10c,3b1a8703-3820-4ed7-a736-0023491c28e4,ok,0.0,high,full,current_phase8,unknown,projected,derived_from_projected_minutes,26,0.0
Sam Merrill,3547299,CLE,NYK,True,21713901,ra,rotation,"stat_grid:component_convolution_mean_coherent_v1+components[reb:pmf_sim_v1+role_aware_pmf_cal_v1:rotation+monotone_pit_cdf_v1,ast:pmf_sim_v1+role_aware_pmf_cal_v1:rotation+monotone_pit_cdf_v1]+prior_combo[joint_sampler_v1+joint_combo_pmf_v1+role_aware_pmf_cal_v1:rotation+monotone_pit_cdf_v1]+stat_grid_final_component_convolution_mean_coherent_v1",phase8_role_aware_pmf_cal_v1+monotone_inactive_global_v1,morning,2026-05-25T17:16:35Z,a9062c09#phase10c,3b1a8703-3820-4ed7-a736-0023491c28e4,ok,0.0,high,full,current_phase8,unknown,projected,derived_from_projected_minutes,27,0.0
Sam Merrill,3547299,CLE,NYK,True,21713901,ra,rotation,"stat_grid:component_convolution_mean_coherent_v1+components[reb:pmf_sim_v1+role_aware_pmf_cal_v1:rotation+monotone_pit_cdf_v1,ast:pmf_sim_v1+role_aware_pmf_cal_v1:rotation+monotone_pit_cdf_v1]+prior_combo[joint_sampler_v1+joint_combo_pmf_v1+role_aware_pmf_cal_v1:rotation+monotone_pit_cdf_v1]+stat_grid_final_component_convolution_mean_coherent_v1",phase8_role_aware_pmf_cal_v1+monotone_inactive_global_v1,morning,2026-05-25T17:16:35Z,a9062c09#phase10c,3b1a8703-3820-4ed7-a736-0023491c28e4,ok,0.0,high,full,current_phase8,unknown,projected,derived_from_projected_minutes,28,0.0
Sam Merrill,3547299,CLE,NYK,True,21713901,ra,rotation,"stat_grid:component_convolution_mean_coherent_v1+components[reb:pmf_sim_v1+role_aware_pmf_cal_v1:rotation+monotone_pit_cdf_v1,ast:pmf_sim_v1+role_aware_pmf_cal_v1:rotation+monotone_pit_cdf_v1]+prior_combo[joint_sampler_v1+joint_combo_pmf_v1+role_aware_pmf_cal_v1:rotation+monotone_pit_cdf_v1]+stat_grid_final_component_convolution_mean_coherent_v1",phase8_role_aware_pmf_cal_v1+monotone_inactive_global_v1,morning,2026-05-25T17:16:35Z,a9062c09#phase10c,3b1a8703-3820-4ed7-a736-0023491c28e4,ok,0.0,high,full,current_phase8,unknown,projected,derived_from_projected_minutes,29,0.0
Sam Merrill,3547299,CLE,NYK,True,21713901,ra,rotation,"stat_grid:component_convolution_mean_coherent_v1+components[reb:pmf_sim_v1+role_aware_pmf_cal_v1:rotation+monotone_pit_cdf_v1,ast:pmf_sim_v1+role_aware_pmf_cal_v1:rotation+monotone_pit_cdf_v1]+prior_combo[joint_sampler_v1+joint_combo_pmf_v1+role_aware_pmf_cal_v1:rotation+monotone_pit_cdf_v1]+stat_grid_final_component_convolution_mean_coherent_v1",phase8_role_aware_pmf_cal_v1+monotone_inactive_global_v1,morning,2026-05-25T17:16:35Z,a9062c09#phase10c,3b1a8703-3820-4ed7-a736-0023491c28e4,ok,0.0,high,full,current_phase8,unknown,projected,derived_from_projected_minutes,30,0.0
Sam Merrill,3547299,CLE,NYK,True,21713901,ra,rotation,"stat_grid:component_convolution_mean_coherent_v1+components[reb:pmf_sim_v1+role_aware_pmf_cal_v1:rotation+monotone_pit_cdf_v1,ast:pmf_sim_v1+role_aware_pmf_cal_v1:rotation+monotone_pit_cdf_v1]+prior_combo[joint_sampler_v1+joint_combo_pmf_v1+role_aware_pmf_cal_v1:rotation+monotone_pit_cdf_v1]+stat_grid_final_component_convolution_mean_coherent_v1",phase8_role_aware_pmf_cal_v1+monotone_inactive_global_v1,morning,2026-05-25T17:16:35Z,a9062c09#phase10c,3b1a8703-3820-4ed7-a736-0023491c28e4,ok,0.0,high,full,current_phase8,unknown,projected,derived_from_projected_minutes,31,0.0
Sam Merrill,3547299,CLE,NYK,True,21713901,ra,rotation,"stat_grid:component_convolution_mean_coherent_v1+components[reb:pmf_sim_v1+role_aware_pmf_cal_v1:rotation+monotone_pit_cdf_v1,ast:pmf_sim_v1+role_aware_pmf_cal_v1:rotation+monotone_pit_cdf_v1]+prior_combo[joint_sampler_v1+joint_combo_pmf_v1+role_aware_pmf_cal_v1:rotation+monotone_pit_cdf_v1]+stat_grid_final_component_convolution_mean_coherent_v1",phase8_role_aware_pmf_cal_v1+monotone_inactive_global_v1,morning,2026-05-25T17:16:35Z,a9062c09#phase10c,3b1a8703-3820-4ed7-a736-0023491c28e4,ok,0.0,high,full,current_phase8,unknown,projected,derived_from_projected_minutes,32,0.0
Sam Merrill,3547299,CLE,NYK,True,21713901,ra,rotation,"stat_grid:component_convolution_mean_coherent_v1+components[reb:pmf_sim_v1+role_aware_pmf_cal_v1:rotation+monotone_pit_cdf_v1,ast:pmf_sim_v1+role_aware_pmf_cal_v1:rotation+monotone_pit_cdf_v1]+prior_combo[joint_sampler_v1+joint_combo_pmf_v1+role_aware_pmf_cal_v1:rotation+monotone_pit_cdf_v1]+stat_grid_final_component_convolution_mean_coherent_v1",phase8_role_aware_pmf_cal_v1+monotone_inactive_global_v1,morning,2026-05-25T17:16:35Z,a9062c09#phase10c,3b1a8703-3820-4ed7-a736-0023491c28e4,ok,0.0,high,full,current_phase8,unknown,projected,derived_from_projected_minutes,33,0.0
Sam Merrill,3547299,CLE,NYK,True,21713901,ra,rotation,"stat_grid:component_convolution_mean_coherent_v1+components[reb:pmf_sim_v1+role_aware_pmf_cal_v1:rotation+monotone_pit_cdf_v1,ast:pmf_sim_v1+role_aware_pmf_cal_v1:rotation+monotone_pit_cdf_v1]+prior_combo[joint_sampler_v1+joint_combo_pmf_v1+role_aware_pmf_cal_v1:rotation+monotone_pit_cdf_v1]+stat_grid_final_component_convolution_mean_coherent_v1",phase8_role_aware_pmf_cal_v1+monotone_inactive_global_v1,morning,2026-05-25T17:16:35Z,a9062c09#phase10c,3b1a8703-3820-4ed7-a736-0023491c28e4,ok,0.0,high,full,current_phase8,unknown,projected,derived_from_projected_minutes,34,0.0
Sam Merrill,3547299,CLE,NYK,True,21713901,ra,rotation,"stat_grid:component_convolution_mean_coherent_v1+components[reb:pmf_sim_v1+role_aware_pmf_cal_v1:rotation+monotone_pit_cdf_v1,ast:pmf_sim_v1+role_aware_pmf_cal_v1:rotation+monotone_pit_cdf_v1]+prior_combo[joint_sampler_v1+joint_combo_pmf_v1+role_aware_pmf_cal_v1:rotation+monotone_pit_cdf_v1]+stat_grid_final_component_convolution_mean_coherent_v1",phase8_role_aware_pmf_cal_v1+monotone_inactive_global_v1,morning,2026-05-25T17:16:35Z,a9062c09#phase10c,3b1a8703-3820-4ed7-a736-0023491c28e4,ok,0.0,high,full,current_phase8,unknown,projected,derived_from_projected_minutes,35,0.0
Sam Merrill,3547299,CLE,NYK,True,21713901,ra,rotation,"stat_grid:component_convolution_mean_coherent_v1+components[reb:pmf_sim_v1+role_aware_pmf_cal_v1:rotation+monotone_pit_cdf_v1,ast:pmf_sim_v1+role_aware_pmf_cal_v1:rotation+monotone_pit_cdf_v1]+prior_combo[joint_sampler_v1+joint_combo_pmf_v1+role_aware_pmf_cal_v1:rotation+monotone_pit_cdf_v1]+stat_grid_final_component_convolution_mean_coherent_v1",phase8_role_aware_pmf_cal_v1+monotone_inactive_global_v1,morning,2026-05-25T17:16:35Z,a9062c09#phase10c,3b1a8703-3820-4ed7-a736-0023491c28e4,ok,0.0,high,full,current_phase8,unknown,projected,derived_from_projected_minutes,36,0.0
Sam Merrill,3547299,CLE,NYK,True,21713901,ra,rotation,"stat_grid:component_convolution_mean_coherent_v1+components[reb:pmf_sim_v1+role_aware_pmf_cal_v1:rotation+monotone_pit_cdf_v1,ast:pmf_sim_v1+role_aware_pmf_cal_v1:rotation+monotone_pit_cdf_v1]+prior_combo[joint_sampler_v1+joint_combo_pmf_v1+role_aware_pmf_cal_v1:rotation+monotone_pit_cdf_v1]+stat_grid_final_component_convolution_mean_coherent_v1",phase8_role_aware_pmf_cal_v1+monotone_inactive_global_v1,morning,2026-05-25T17:16:35Z,a9062c09#phase10c,3b1a8703-3820-4ed7-a736-0023491c28e4,ok,0.0,high,full,current_phase8,unknown,projected,derived_from_projected_minutes,37,0.0
Sam Merrill,3547299,CLE,NYK,True,21713901,ra,rotation,"stat_grid:component_convolution_mean_coherent_v1+components[reb:pmf_sim_v1+role_aware_pmf_cal_v1:rotation+monotone_pit_cdf_v1,ast:pmf_sim_v1+role_aware_pmf_cal_v1:rotation+monotone_pit_cdf_v1]+prior_combo[joint_sampler_v1+joint_combo_pmf_v1+role_aware_pmf_cal_v1:rotation+monotone_pit_cdf_v1]+stat_grid_final_component_convolution_mean_coherent_v1",phase8_role_aware_pmf_cal_v1+monotone_inactive_global_v1,morning,2026-05-25T17:16:35Z,a9062c09#phase10c,3b1a8703-3820-4ed7-a736-0023491c28e4,ok,0.0,high,full,current_phase8,unknown,projected,derived_from_projected_minutes,38,0.0
Sam Merrill,3547299,CLE,NYK,True,21713901,ra,rotation,"stat_grid:component_convolution_mean_coherent_v1+components[reb:pmf_sim_v1+role_aware_pmf_cal_v1:rotation+monotone_pit_cdf_v1,ast:pmf_sim_v1+role_aware_pmf_cal_v1:rotation+monotone_pit_cdf_v1]+prior_combo[joint_sampler_v1+joint_combo_pmf_v1+role_aware_pmf_cal_v1:rotation+monotone_pit_cdf_v1]+stat_grid_final_component_convolution_mean_coherent_v1",phase8_role_aware_pmf_cal_v1+monotone_inactive_global_v1,morning,2026-05-25T17:16:35Z,a9062c09#phase10c,3b1a8703-3820-4ed7-a736-0023491c28e4,ok,0.0,high,full,current_phase8,unknown,projected,derived_from_projected_minutes,39,0.0
Sam Merrill,3547299,CLE,NYK,True,21713901,ra,rotation,"stat_grid:component_convolution_mean_coherent_v1+components[reb:pmf_sim_v1+role_aware_pmf_cal_v1:rotation+monotone_pit_cdf_v1,ast:pmf_sim_v1+role_aware_pmf_cal_v1:rotation+monotone_pit_cdf_v1]+prior_combo[joint_sampler_v1+joint_combo_pmf_v1+role_aware_pmf_cal_v1:rotation+monotone_pit_cdf_v1]+stat_grid_final_component_convolution_mean_coherent_v1",phase8_role_aware_pmf_cal_v1+monotone_inactive_global_v1,morning,2026-05-25T17:16:35Z,a9062c09#phase10c,3b1a8703-3820-4ed7-a736-0023491c28e4,ok,0.0,high,full,current_phase8,unknown,projected,derived_from_projected_minutes,40,0.0
Sam Merrill,3547299,CLE,NYK,True,21713901,ra,rotation,"stat_grid:component_convolution_mean_coherent_v1+components[reb:pmf_sim_v1+role_aware_pmf_cal_v1:rotation+monotone_pit_cdf_v1,ast:pmf_sim_v1+role_aware_pmf_cal_v1:rotation+monotone_pit_cdf_v1]+prior_combo[joint_sampler_v1+joint_combo_pmf_v1+role_aware_pmf_cal_v1:rotation+monotone_pit_cdf_v1]+stat_grid_final_component_convolution_mean_coherent_v1",phase8_role_aware_pmf_cal_v1+monotone_inactive_global_v1,morning,2026-05-25T17:16:35Z,a9062c09#phase10c,3b1a8703-3820-4ed7-a736-0023491c28e4,ok,0.0,high,full,current_phase8,unknown,projected,derived_from_projected_minutes,41,0.0
Sam Merrill,3547299,CLE,NYK,True,21713901,ra,rotation,"stat_grid:component_convolution_mean_coherent_v1+components[reb:pmf_sim_v1+role_aware_pmf_cal_v1:rotation+monotone_pit_cdf_v1,ast:pmf_sim_v1+role_aware_pmf_cal_v1:rotation+monotone_pit_cdf_v1]+prior_combo[joint_sampler_v1+joint_combo_pmf_v1+role_aware_pmf_cal_v1:rotation+monotone_pit_cdf_v1]+stat_grid_final_component_convolution_mean_coherent_v1",phase8_role_aware_pmf_cal_v1+monotone_inactive_global_v1,morning,2026-05-25T17:16:35Z,a9062c09#phase10c,3b1a8703-3820-4ed7-a736-0023491c28e4,ok,0.0,high,full,current_phase8,unknown,projected,derived_from_projected_minutes,42,0.0
Sam Merrill,3547299,CLE,NYK,True,21713901,ra,rotation,"stat_grid:component_convolution_mean_coherent_v1+components[reb:pmf_sim_v1+role_aware_pmf_cal_v1:rotation+monotone_pit_cdf_v1,ast:pmf_sim_v1+role_aware_pmf_cal_v1:rotation+monotone_pit_cdf_v1]+prior_combo[joint_sampler_v1+joint_combo_pmf_v1+role_aware_pmf_cal_v1:rotation+monotone_pit_cdf_v1]+stat_grid_final_component_convolution_mean_coherent_v1",phase8_role_aware_pmf_cal_v1+monotone_inactive_global_v1,morning,2026-05-25T17:16:35Z,a9062c09#phase10c,3b1a8703-3820-4ed7-a736-0023491c28e4,ok,0.0,high,full,current_phase8,unknown,projected,derived_from_projected_minutes,43,0.0
Sam Merrill,3547299,CLE,NYK,True,21713901,ra,rotation,"stat_grid:component_convolution_mean_coherent_v1+components[reb:pmf_sim_v1+role_aware_pmf_cal_v1:rotation+monotone_pit_cdf_v1,ast:pmf_sim_v1+role_aware_pmf_cal_v1:rotation+monotone_pit_cdf_v1]+prior_combo[joint_sampler_v1+joint_combo_pmf_v1+role_aware_pmf_cal_v1:rotation+monotone_pit_cdf_v1]+stat_grid_final_component_convolution_mean_coherent_v1",phase8_role_aware_pmf_cal_v1+monotone_inactive_global_v1,morning,2026-05-25T17:16:35Z,a9062c09#phase10c,3b1a8703-3820-4ed7-a736-0023491c28e4,ok,0.0,high,full,current_phase8,unknown,projected,derived_from_projected_minutes,44,0.0
Sam Merrill,3547299,CLE,NYK,True,21713901,ra,rotation,"stat_grid:component_convolution_mean_coherent_v1+components[reb:pmf_sim_v1+role_aware_pmf_cal_v1:rotation+monotone_pit_cdf_v1,ast:pmf_sim_v1+role_aware_pmf_cal_v1:rotation+monotone_pit_cdf_v1]+prior_combo[joint_sampler_v1+joint_combo_pmf_v1+role_aware_pmf_cal_v1:rotation+monotone_pit_cdf_v1]+stat_grid_final_component_convolution_mean_coherent_v1",phase8_role_aware_pmf_cal_v1+monotone_inactive_global_v1,morning,2026-05-25T17:16:35Z,a9062c09#phase10c,3b1a8703-3820-4ed7-a736-0023491c28e4,ok,0.0,high,full,current_phase8,unknown,projected,derived_from_projected_minutes,45,0.0
Sam Merrill,3547299,CLE,NYK,True,21713901,ra,rotation,"stat_grid:component_convolution_mean_coherent_v1+components[reb:pmf_sim_v1+role_aware_pmf_cal_v1:rotation+monotone_pit_cdf_v1,ast:pmf_sim_v1+role_aware_pmf_cal_v1:rotation+monotone_pit_cdf_v1]+prior_combo[joint_sampler_v1+joint_combo_pmf_v1+role_aware_pmf_cal_v1:rotation+monotone_pit_cdf_v1]+stat_grid_final_component_convolution_mean_coherent_v1",phase8_role_aware_pmf_cal_v1+monotone_inactive_global_v1,morning,2026-05-25T17:16:35Z,a9062c09#phase10c,3b1a8703-3820-4ed7-a736-0023491c28e4,ok,0.0,high,full,current_phase8,unknown,projected,derived_from_projected_minutes,46,0.0
Sam Merrill,3547299,CLE,NYK,True,21713901,ra,rotation,"stat_grid:component_convolution_mean_coherent_v1+components[reb:pmf_sim_v1+role_aware_pmf_cal_v1:rotation+monotone_pit_cdf_v1,ast:pmf_sim_v1+role_aware_pmf_cal_v1:rotation+monotone_pit_cdf_v1]+prior_combo[joint_sampler_v1+joint_combo_pmf_v1+role_aware_pmf_cal_v1:rotation+monotone_pit_cdf_v1]+stat_grid_final_component_convolution_mean_coherent_v1",phase8_role_aware_pmf_cal_v1+monotone_inactive_global_v1,morning,2026-05-25T17:16:35Z,a9062c09#phase10c,3b1a8703-3820-4ed7-a736-0023491c28e4,ok,0.0,high,full,current_phase8,unknown,projected,derived_from_projected_minutes,47,0.0
Sam Merrill,3547299,CLE,NYK,True,21713901,ra,rotation,"stat_grid:component_convolution_mean_coherent_v1+components[reb:pmf_sim_v1+role_aware_pmf_cal_v1:rotation+monotone_pit_cdf_v1,ast:pmf_sim_v1+role_aware_pmf_cal_v1:rotation+monotone_pit_cdf_v1]+prior_combo[joint_sampler_v1+joint_combo_pmf_v1+role_aware_pmf_cal_v1:rotation+monotone_pit_cdf_v1]+stat_grid_final_component_convolution_mean_coherent_v1",phase8_role_aware_pmf_cal_v1+monotone_inactive_global_v1,morning,2026-05-25T17:16:35Z,a9062c09#phase10c,3b1a8703-3820-4ed7-a736-0023491c28e4,ok,0.0,high,full,current_phase8,unknown,projected,derived_from_projected_minutes,48,0.0
Sam Merrill,3547299,CLE,NYK,True,21713901,ra,rotation,"stat_grid:component_convolution_mean_coherent_v1+components[reb:pmf_sim_v1+role_aware_pmf_cal_v1:rotation+monotone_pit_cdf_v1,ast:pmf_sim_v1+role_aware_pmf_cal_v1:rotation+monotone_pit_cdf_v1]+prior_combo[joint_sampler_v1+joint_combo_pmf_v1+role_aware_pmf_cal_v1:rotation+monotone_pit_cdf_v1]+stat_grid_final_component_convolution_mean_coherent_v1",phase8_role_aware_pmf_cal_v1+monotone_inactive_global_v1,morning,2026-05-25T17:16:35Z,a9062c09#phase10c,3b1a8703-3820-4ed7-a736-0023491c28e4,ok,0.0,high,full,current_phase8,unknown,projected,derived_from_projected_minutes,49,0.0
Sam Merrill,3547299,CLE,NYK,True,21713901,ra,rotation,"stat_grid:component_convolution_mean_coherent_v1+components[reb:pmf_sim_v1+role_aware_pmf_cal_v1:rotation+monotone_pit_cdf_v1,ast:pmf_sim_v1+role_aware_pmf_cal_v1:rotation+monotone_pit_cdf_v1]+prior_combo[joint_sampler_v1+joint_combo_pmf_v1+role_aware_pmf_cal_v1:rotation+monotone_pit_cdf_v1]+stat_grid_final_component_convolution_mean_coherent_v1",phase8_role_aware_pmf_cal_v1+monotone_inactive_global_v1,morning,2026-05-25T17:16:35Z,a9062c09#phase10c,3b1a8703-3820-4ed7-a736-0023491c28e4,ok,0.0,high,full,current_phase8,unknown,projected,derived_from_projected_minutes,50,0.0
Sam Merrill,3547299,CLE,NYK,True,21713901,ra,rotation,"stat_grid:component_convolution_mean_coherent_v1+components[reb:pmf_sim_v1+role_aware_pmf_cal_v1:rotation+monotone_pit_cdf_v1,ast:pmf_sim_v1+role_aware_pmf_cal_v1:rotation+monotone_pit_cdf_v1]+prior_combo[joint_sampler_v1+joint_combo_pmf_v1+role_aware_pmf_cal_v1:rotation+monotone_pit_cdf_v1]+stat_grid_final_component_convolution_mean_coherent_v1",phase8_role_aware_pmf_cal_v1+monotone_inactive_global_v1,morning,2026-05-25T17:16:35Z,a9062c09#phase10c,3b1a8703-3820-4ed7-a736-0023491c28e4,ok,0.0,high,full,current_phase8,unknown,projected,derived_from_projected_minutes,51,0.0
Sam Merrill,3547299,CLE,NYK,True,21713901,ra,rotation,"stat_grid:component_convolution_mean_coherent_v1+components[reb:pmf_sim_v1+role_aware_pmf_cal_v1:rotation+monotone_pit_cdf_v1,ast:pmf_sim_v1+role_aware_pmf_cal_v1:rotation+monotone_pit_cdf_v1]+prior_combo[joint_sampler_v1+joint_combo_pmf_v1+role_aware_pmf_cal_v1:rotation+monotone_pit_cdf_v1]+stat_grid_final_component_convolution_mean_coherent_v1",phase8_role_aware_pmf_cal_v1+monotone_inactive_global_v1,morning,2026-05-25T17:16:35Z,a9062c09#phase10c,3b1a8703-3820-4ed7-a736-0023491c28e4,ok,0.0,high,full,current_phase8,unknown,projected,derived_from_projected_minutes,52,0.0
Sam Merrill,3547299,CLE,NYK,True,21713901,ra,rotation,"stat_grid:component_convolution_mean_coherent_v1+components[reb:pmf_sim_v1+role_aware_pmf_cal_v1:rotation+monotone_pit_cdf_v1,ast:pmf_sim_v1+role_aware_pmf_cal_v1:rotation+monotone_pit_cdf_v1]+prior_combo[joint_sampler_v1+joint_combo_pmf_v1+role_aware_pmf_cal_v1:rotation+monotone_pit_cdf_v1]+stat_grid_final_component_convolution_mean_coherent_v1",phase8_role_aware_pmf_cal_v1+monotone_inactive_global_v1,morning,2026-05-25T17:16:35Z,a9062c09#phase10c,3b1a8703-3820-4ed7-a736-0023491c28e4,ok,0.0,high,full,current_phase8,unknown,projected,derived_from_projected_minutes,53,0.0
Sam Merrill,3547299,CLE,NYK,True,21713901,ra,rotation,"stat_grid:component_convolution_mean_coherent_v1+components[reb:pmf_sim_v1+role_aware_pmf_cal_v1:rotation+monotone_pit_cdf_v1,ast:pmf_sim_v1+role_aware_pmf_cal_v1:rotation+monotone_pit_cdf_v1]+prior_combo[joint_sampler_v1+joint_combo_pmf_v1+role_aware_pmf_cal_v1:rotation+monotone_pit_cdf_v1]+stat_grid_final_component_convolution_mean_coherent_v1",phase8_role_aware_pmf_cal_v1+monotone_inactive_global_v1,morning,2026-05-25T17:16:35Z,a9062c09#phase10c,3b1a8703-3820-4ed7-a736-0023491c28e4,ok,0.0,high,full,current_phase8,unknown,projected,derived_from_projected_minutes,54,0.0
Sam Merrill,3547299,CLE,NYK,True,21713901,pra,rotation,"stat_grid:component_convolution_mean_coherent_v1+components[pts:pmf_sim_v1+role_aware_pmf_cal_v1:rotation+monotone_pit_cdf_v1,reb:pmf_sim_v1+role_aware_pmf_cal_v1:rotation+monotone_pit_cdf_v1,ast:pmf_sim_v1+role_aware_pmf_cal_v1:rotation+monotone_pit_cdf_v1]+prior_combo[joint_sampler_v1+joint_combo_pmf_v1+role_aware_pmf_cal_v1:rotation+monotone_pit_cdf_v1]+stat_grid_final_component_convolution_mean_coherent_v1",phase8_role_aware_pmf_cal_v1+monotone_inactive_global_v1,morning,2026-05-25T17:16:35Z,a9062c09#phase10c,3b1a8703-3820-4ed7-a736-0023491c28e4,ok,0.0,high,full,current_phase8,unknown,projected,derived_from_projected_minutes,0,0.0017
Sam Merrill,3547299,CLE,NYK,True,21713901,pra,rotation,"stat_grid:component_convolution_mean_coherent_v1+components[pts:pmf_sim_v1+role_aware_pmf_cal_v1:rotation+monotone_pit_cdf_v1,reb:pmf_sim_v1+role_aware_pmf_cal_v1:rotation+monotone_pit_cdf_v1,ast:pmf_sim_v1+role_aware_pmf_cal_v1:rotation+monotone_pit_cdf_v1]+prior_combo[joint_sampler_v1+joint_combo_pmf_v1+role_aware_pmf_cal_v1:rotation+monotone_pit_cdf_v1]+stat_grid_final_component_convolution_mean_coherent_v1",phase8_role_aware_pmf_cal_v1+monotone_inactive_global_v1,morning,2026-05-25T17:16:35Z,a9062c09#phase10c,3b1a8703-3820-4ed7-a736-0023491c28e4,ok,0.0,high,full,current_phase8,unknown,projected,derived_from_projected_minutes,1,0.0087
Sam Merrill,3547299,CLE,NYK,True,21713901,pra,rotation,"stat_grid:component_convolution_mean_coherent_v1+components[pts:pmf_sim_v1+role_aware_pmf_cal_v1:rotation+monotone_pit_cdf_v1,reb:pmf_sim_v1+role_aware_pmf_cal_v1:rotation+monotone_pit_cdf_v1,ast:pmf_sim_v1+role_aware_pmf_cal_v1:rotation+monotone_pit_cdf_v1]+prior_combo[joint_sampler_v1+joint_combo_pmf_v1+role_aware_pmf_cal_v1:rotation+monotone_pit_cdf_v1]+stat_grid_final_component_convolution_mean_coherent_v1",phase8_role_aware_pmf_cal_v1+monotone_inactive_global_v1,morning,2026-05-25T17:16:35Z,a9062c09#phase10c,3b1a8703-3820-4ed7-a736-0023491c28e4,ok,0.0,high,full,current_phase8,unknown,projected,derived_from_projected_minutes,2,0.0192
Sam Merrill,3547299,CLE,NYK,True,21713901,pra,rotation,"stat_grid:component_convolution_mean_coherent_v1+components[pts:pmf_sim_v1+role_aware_pmf_cal_v1:rotation+monotone_pit_cdf_v1,reb:pmf_sim_v1+role_aware_pmf_cal_v1:rotation+monotone_pit_cdf_v1,ast:pmf_sim_v1+role_aware_pmf_cal_v1:rotation+monotone_pit_cdf_v1]+prior_combo[joint_sampler_v1+joint_combo_pmf_v1+role_aware_pmf_cal_v1:rotation+monotone_pit_cdf_v1]+stat_grid_final_component_convolution_mean_coherent_v1",phase8_role_aware_pmf_cal_v1+monotone_inactive_global_v1,morning,2026-05-25T17:16:35Z,a9062c09#phase10c,3b1a8703-3820-4ed7-a736-0023491c28e4,ok,0.0,high,full,current_phase8,unknown,projected,derived_from_projected_minutes,3,0.0277
Sam Merrill,3547299,CLE,NYK,True,21713901,pra,rotation,"stat_grid:component_convolution_mean_coherent_v1+components[pts:pmf_sim_v1+role_aware_pmf_cal_v1:rotation+monotone_pit_cdf_v1,reb:pmf_sim_v1+role_aware_pmf_cal_v1:rotation+monotone_pit_cdf_v1,ast:pmf_sim_v1+role_aware_pmf_cal_v1:rotation+monotone_pit_cdf_v1]+prior_combo[joint_sampler_v1+joint_combo_pmf_v1+role_aware_pmf_cal_v1:rotation+monotone_pit_cdf_v1]+stat_grid_final_component_convolution_mean_coherent_v1",phase8_role_aware_pmf_cal_v1+monotone_inactive_global_v1,morning,2026-05-25T17:16:35Z,a9062c09#phase10c,3b1a8703-3820-4ed7-a736-0023491c28e4,ok,0.0,high,full,current_phase8,unknown,projected,derived_from_projected_minutes,4,0.0327
Sam Merrill,3547299,CLE,NYK,True,21713901,pra,rotation,"stat_grid:component_convolution_mean_coherent_v1+components[pts:pmf_sim_v1+role_aware_pmf_cal_v1:rotation+monotone_pit_cdf_v1,reb:pmf_sim_v1+role_aware_pmf_cal_v1:rotation+monotone_pit_cdf_v1,ast:pmf_sim_v1+role_aware_pmf_cal_v1:rotation+monotone_pit_cdf_v1]+prior_combo[joint_sampler_v1+joint_combo_pmf_v1+role_aware_pmf_cal_v1:rotation+monotone_pit_cdf_v1]+stat_grid_final_component_convolution_mean_coherent_v1",phase8_role_aware_pmf_cal_v1+monotone_inactive_global_v1,morning,2026-05-25T17:16:35Z,a9062c09#phase10c,3b1a8703-3820-4ed7-a736-0023491c28e4,ok,0.0,high,full,current_phase8,unknown,projected,derived_from_projected_minutes,5,0.0365
Sam Merrill,3547299,CLE,NYK,True,21713901,pra,rotation,"stat_grid:component_convolution_mean_coherent_v1+components[pts:pmf_sim_v1+role_aware_pmf_cal_v1:rotation+monotone_pit_cdf_v1,reb:pmf_sim_v1+role_aware_pmf_cal_v1:rotation+monotone_pit_cdf_v1,ast:pmf_sim_v1+role_aware_pmf_cal_v1:rotation+monotone_pit_cdf_v1]+prior_combo[joint_sampler_v1+joint_combo_pmf_v1+role_aware_pmf_cal_v1:rotation+monotone_pit_cdf_v1]+stat_grid_final_component_convolution_mean_coherent_v1",phase8_role_aware_pmf_cal_v1+monotone_inactive_global_v1,morning,2026-05-25T17:16:35Z,a9062c09#phase10c,3b1a8703-3820-4ed7-a736-0023491c28e4,ok,0.0,high,full,current_phase8,unknown,projected,derived_from_projected_minutes,6,0.0415
Sam Merrill,3547299,CLE,NYK,True,21713901,pra,rotation,"stat_grid:component_convolution_mean_coherent_v1+components[pts:pmf_sim_v1+role_aware_pmf_cal_v1:rotation+monotone_pit_cdf_v1,reb:pmf_sim_v1+role_aware_pmf_cal_v1:rotation+monotone_pit_cdf_v1,ast:pmf_sim_v1+role_aware_pmf_cal_v1:rotation+monotone_pit_cdf_v1]+prior_combo[joint_sampler_v1+joint_combo_pmf_v1+role_aware_pmf_cal_v1:rotation+monotone_pit_cdf_v1]+stat_grid_final_component_convolution_mean_coherent_v1",phase8_role_aware_pmf_cal_v1+monotone_inactive_global_v1,morning,2026-05-25T17:16:35Z,a9062c09#phase10c,3b1a8703-3820-4ed7-a736-0023491c28e4,ok,0.0,high,full,current_phase8,unknown,projected,derived_from_projected_minutes,7,0.0476
Sam Merrill,3547299,CLE,NYK,True,21713901,pra,rotation,"stat_grid:component_convolution_mean_coherent_v1+components[pts:pmf_sim_v1+role_aware_pmf_cal_v1:rotation+monotone_pit_cdf_v1,reb:pmf_sim_v1+role_aware_pmf_cal_v1:rotation+monotone_pit_cdf_v1,ast:pmf_sim_v1+role_aware_pmf_cal_v1:rotation+monotone_pit_cdf_v1]+prior_combo[joint_sampler_v1+joint_combo_pmf_v1+role_aware_pmf_cal_v1:rotation+monotone_pit_cdf_v1]+stat_grid_final_component_convolution_mean_coherent_v1",phase8_role_aware_pmf_cal_v1+monotone_inactive_global_v1,morning,2026-05-25T17:16:35Z,a9062c09#phase10c,3b1a8703-3820-4ed7-a736-0023491c28e4,ok,0.0,high,full,current_phase8,unknown,projected,derived_from_projected_minutes,8,0.0531
Sam Merrill,3547299,CLE,NYK,True,21713901,pra,rotation,"stat_grid:component_convolution_mean_coherent_v1+components[pts:pmf_sim_v1+role_aware_pmf_cal_v1:rotation+monotone_pit_cdf_v1,reb:pmf_sim_v1+role_aware_pmf_cal_v1:rotation+monotone_pit_cdf_v1,ast:pmf_sim_v1+role_aware_pmf_cal_v1:rotation+monotone_pit_cdf_v1]+prior_combo[joint_sampler_v1+joint_combo_pmf_v1+role_aware_pmf_cal_v1:rotation+monotone_pit_cdf_v1]+stat_grid_final_component_convolution_mean_coherent_v1",phase8_role_aware_pmf_cal_v1+monotone_inactive_global_v1,morning,2026-05-25T17:16:35Z,a9062c09#phase10c,3b1a8703-3820-4ed7-a736-0023491c28e4,ok,0.0,high,full,current_phase8,unknown,projected,derived_from_projected_minutes,9,0.058
Sam Merrill,3547299,CLE,NYK,True,21713901,pra,rotation,"stat_grid:component_convolution_mean_coherent_v1+components[pts:pmf_sim_v1+role_aware_pmf_cal_v1:rotation+monotone_pit_cdf_v1,reb:pmf_sim_v1+role_aware_pmf_cal_v1:rotation+monotone_pit_cdf_v1,ast:pmf_sim_v1+role_aware_pmf_cal_v1:rotation+monotone_pit_cdf_v1]+prior_combo[joint_sampler_v1+joint_combo_pmf_v1+role_aware_pmf_cal_v1:rotation+monotone_pit_cdf_v1]+stat_grid_final_component_convolution_mean_coherent_v1",phase8_role_aware_pmf_cal_v1+monotone_inactive_global_v1,morning,2026-05-25T17:16:35Z,a9062c09#phase10c,3b1a8703-3820-4ed7-a736-0023491c28e4,ok,0.0,high,full,current_phase8,unknown,projected,derived_from_projected_minutes,10,0.0624
Sam Merrill,3547299,CLE,NYK,True,21713901,pra,rotation,"stat_grid:component_convolution_mean_coherent_v1+components[pts:pmf_sim_v1+role_aware_pmf_cal_v1:rotation+monotone_pit_cdf_v1,reb:pmf_sim_v1+role_aware_pmf_cal_v1:rotation+monotone_pit_cdf_v1,ast:pmf_sim_v1+role_aware_pmf_cal_v1:rotation+monotone_pit_cdf_v1]+prior_combo[joint_sampler_v1+joint_combo_pmf_v1+role_aware_pmf_cal_v1:rotation+monotone_pit_cdf_v1]+stat_grid_final_component_convolution_mean_coherent_v1",phase8_role_aware_pmf_cal_v1+monotone_inactive_global_v1,morning,2026-05-25T17:16:35Z,a9062c09#phase10c,3b1a8703-3820-4ed7-a736-0023491c28e4,ok,0.0,high,full,current_phase8,unknown,projected,derived_from_projected_minutes,11,0.0656
Sam Merrill,3547299,CLE,NYK,True,21713901,pra,rotation,"stat_grid:component_convolution_mean_coherent_v1+components[pts:pmf_sim_v1+role_aware_pmf_cal_v1:rotation+monotone_pit_cdf_v1,reb:pmf_sim_v1+role_aware_pmf_cal_v1:rotation+monotone_pit_cdf_v1,ast:pmf_sim_v1+role_aware_pmf_cal_v1:rotation+monotone_pit_cdf_v1]+prior_combo[joint_sampler_v1+joint_combo_pmf_v1+role_aware_pmf_cal_v1:rotation+monotone_pit_cdf_v1]+stat_grid_final_component_convolution_mean_coherent_v1",phase8_role_aware_pmf_cal_v1+monotone_inactive_global_v1,morning,2026-05-25T17:16:35Z,a9062c09#phase10c,3b1a8703-3820-4ed7-a736-0023491c28e4,ok,0.0,high,full,current_phase8,unknown,projected,derived_from_projected_minutes,12,0.0662
Sam Merrill,3547299,CLE,NYK,True,21713901,pra,rotation,"stat_grid:component_convolution_mean_coherent_v1+components[pts:pmf_sim_v1+role_aware_pmf_cal_v1:rotation+monotone_pit_cdf_v1,reb:pmf_sim_v1+role_aware_pmf_cal_v1:rotation+monotone_pit_cdf_v1,ast:pmf_sim_v1+role_aware_pmf_cal_v1:rotation+monotone_pit_cdf_v1]+prior_combo[joint_sampler_v1+joint_combo_pmf_v1+role_aware_pmf_cal_v1:rotation+monotone_pit_cdf_v1]+stat_grid_final_component_convolution_mean_coherent_v1",phase8_role_aware_pmf_cal_v1+monotone_inactive_global_v1,morning,2026-05-25T17:16:35Z,a9062c09#phase10c,3b1a8703-3820-4ed7-a736-0023491c28e4,ok,0.0,high,full,current_phase8,unknown,projected,derived_from_projected_minutes,13,0.0638
Sam Merrill,3547299,CLE,NYK,True,21713901,pra,rotation,"stat_grid:component_convolution_mean_coherent_v1+components[pts:pmf_sim_v1+role_aware_pmf_cal_v1:rotation+monotone_pit_cdf_v1,reb:pmf_sim_v1+role_aware_pmf_cal_v1:rotation+monotone_pit_cdf_v1,ast:pmf_sim_v1+role_aware_pmf_cal_v1:rotation+monotone_pit_cdf_v1]+prior_combo[joint_sampler_v1+joint_combo_pmf_v1+role_aware_pmf_cal_v1:rotation+monotone_pit_cdf_v1]+stat_grid_final_component_convolution_mean_coherent_v1",phase8_role_aware_pmf_cal_v1+monotone_inactive_global_v1,morning,2026-05-25T17:16:35Z,a9062c09#phase10c,3b1a8703-3820-4ed7-a736-0023491c28e4,ok,0.0,high,full,current_phase8,unknown,projected,derived_from_projected_minutes,14,0.0591
Sam Merrill,3547299,CLE,NYK,True,21713901,pra,rotation,"stat_grid:component_convolution_mean_coherent_v1+components[pts:pmf_sim_v1+role_aware_pmf_cal_v1:rotation+monotone_pit_cdf_v1,reb:pmf_sim_v1+role_aware_pmf_cal_v1:rotation+monotone_pit_cdf_v1,ast:pmf_sim_v1+role_aware_pmf_cal_v1:rotation+monotone_pit_cdf_v1]+prior_combo[joint_sampler_v1+joint_combo_pmf_v1+role_aware_pmf_cal_v1:rotation+monotone_pit_cdf_v1]+stat_grid_final_component_convolution_mean_coherent_v1",phase8_role_aware_pmf_cal_v1+monotone_inactive_global_v1,morning,2026-05-25T17:16:35Z,a9062c09#phase10c,3b1a8703-3820-4ed7-a736-0023491c28e4,ok,0.0,high,full,current_phase8,unknown,projected,derived_from_projected_minutes,15,0.0537
Sam Merrill,3547299,CLE,NYK,True,21713901,pra,rotation,"stat_grid:component_convolution_mean_coherent_v1+components[pts:pmf_sim_v1+role_aware_pmf_cal_v1:rotation+monotone_pit_cdf_v1,reb:pmf_sim_v1+role_aware_pmf_cal_v1:rotation+monotone_pit_cdf_v1,ast:pmf_sim_v1+role_aware_pmf_cal_v1:rotation+monotone_pit_cdf_v1]+prior_combo[joint_sampler_v1+joint_combo_pmf_v1+role_aware_pmf_cal_v1:rotation+monotone_pit_cdf_v1]+stat_grid_final_component_convolution_mean_coherent_v1",phase8_role_aware_pmf_cal_v1+monotone_inactive_global_v1,morning,2026-05-25T17:16:35Z,a9062c09#phase10c,3b1a8703-3820-4ed7-a736-0023491c28e4,ok,0.0,high,full,current_phase8,unknown,projected,derived_from_projected_minutes,16,0.0492
Sam Merrill,3547299,CLE,NYK,True,21713901,pra,rotation,"stat_grid:component_convolution_mean_coherent_v1+components[pts:pmf_sim_v1+role_aware_pmf_cal_v1:rotation+monotone_pit_cdf_v1,reb:pmf_sim_v1+role_aware_pmf_cal_v1:rotation+monotone_pit_cdf_v1,ast:pmf_sim_v1+role_aware_pmf_cal_v1:rotation+monotone_pit_cdf_v1]+prior_combo[joint_sampler_v1+joint_combo_pmf_v1+role_aware_pmf_cal_v1:rotation+monotone_pit_cdf_v1]+stat_grid_final_component_convolution_mean_coherent_v1",phase8_role_aware_pmf_cal_v1+monotone_inactive_global_v1,morning,2026-05-25T17:16:35Z,a9062c09#phase10c,3b1a8703-3820-4ed7-a736-0023491c28e4,ok,0.0,high,full,current_phase8,unknown,projected,derived_from_projected_minutes,17,0.0455
Sam Merrill,3547299,CLE,NYK,True,21713901,pra,rotation,"stat_grid:component_convolution_mean_coherent_v1+components[pts:pmf_sim_v1+role_aware_pmf_cal_v1:rotation+monotone_pit_cdf_v1,reb:pmf_sim_v1+role_aware_pmf_cal_v1:rotation+monotone_pit_cdf_v1,ast:pmf_sim_v1+role_aware_pmf_cal_v1:rotation+monotone_pit_cdf_v1]+prior_combo[joint_sampler_v1+joint_combo_pmf_v1+role_aware_pmf_cal_v1:rotation+monotone_pit_cdf_v1]+stat_grid_final_component_convolution_mean_coherent_v1",phase8_role_aware_pmf_cal_v1+monotone_inactive_global_v1,morning,2026-05-25T17:16:35Z,a9062c09#phase10c,3b1a8703-3820-4ed7-a736-0023491c28e4,ok,0.0,high,full,current_phase8,unknown,projected,derived_from_projected_minutes,18,0.041
Sam Merrill,3547299,CLE,NYK,True,21713901,pra,rotation,"stat_grid:component_convolution_mean_coherent_v1+components[pts:pmf_sim_v1+role_aware_pmf_cal_v1:rotation+monotone_pit_cdf_v1,reb:pmf_sim_v1+role_aware_pmf_cal_v1:rotation+monotone_pit_cdf_v1,ast:pmf_sim_v1+role_aware_pmf_cal_v1:rotation+monotone_pit_cdf_v1]+prior_combo[joint_sampler_v1+joint_combo_pmf_v1+role_aware_pmf_cal_v1:rotation+monotone_pit_cdf_v1]+stat_grid_final_component_convolution_mean_coherent_v1",phase8_role_aware_pmf_cal_v1+monotone_inactive_global_v1,morning,2026-05-25T17:16:35Z,a9062c09#phase10c,3b1a8703-3820-4ed7-a736-0023491c28e4,ok,0.0,high,full,current_phase8,unknown,projected,derived_from_projected_minutes,19,0.0353
Sam Merrill,3547299,CLE,NYK,True,21713901,pra,rotation,"stat_grid:component_convolution_mean_coherent_v1+components[pts:pmf_sim_v1+role_aware_pmf_cal_v1:rotation+monotone_pit_cdf_v1,reb:pmf_sim_v1+role_aware_pmf_cal_v1:rotation+monotone_pit_cdf_v1,ast:pmf_sim_v1+role_aware_pmf_cal_v1:rotation+monotone_pit_cdf_v1]+prior_combo[joint_sampler_v1+joint_combo_pmf_v1+role_aware_pmf_cal_v1:rotation+monotone_pit_cdf_v1]+stat_grid_final_component_convolution_mean_coherent_v1",phase8_role_aware_pmf_cal_v1+monotone_inactive_global_v1,morning,2026-05-25T17:16:35Z,a9062c09#phase10c,3b1a8703-3820-4ed7-a736-0023491c28e4,ok,0.0,high,full,current_phase8,unknown,projected,derived_from_projected_minutes,20,0.0294
Sam Merrill,3547299,CLE,NYK,True,21713901,pra,rotation,"stat_grid:component_convolution_mean_coherent_v1+components[pts:pmf_sim_v1+role_aware_pmf_cal_v1:rotation+monotone_pit_cdf_v1,reb:pmf_sim_v1+role_aware_pmf_cal_v1:rotation+monotone_pit_cdf_v1,ast:pmf_sim_v1+role_aware_pmf_cal_v1:rotation+monotone_pit_cdf_v1]+prior_combo[joint_sampler_v1+joint_combo_pmf_v1+role_aware_pmf_cal_v1:rotation+monotone_pit_cdf_v1]+stat_grid_final_component_convolution_mean_coherent_v1",phase8_role_aware_pmf_cal_v1+monotone_inactive_global_v1,morning,2026-05-25T17:16:35Z,a9062c09#phase10c,3b1a8703-3820-4ed7-a736-0023491c28e4,ok,0.0,high,full,current_phase8,unknown,projected,derived_from_projected_minutes,21,0.024
Sam Merrill,3547299,CLE,NYK,True,21713901,pra,rotation,"stat_grid:component_convolution_mean_coherent_v1+components[pts:pmf_sim_v1+role_aware_pmf_cal_v1:rotation+monotone_pit_cdf_v1,reb:pmf_sim_v1+role_aware_pmf_cal_v1:rotation+monotone_pit_cdf_v1,ast:pmf_sim_v1+role_aware_pmf_cal_v1:rotation+monotone_pit_cdf_v1]+prior_combo[joint_sampler_v1+joint_combo_pmf_v1+role_aware_pmf_cal_v1:rotation+monotone_pit_cdf_v1]+stat_grid_final_component_convolution_mean_coherent_v1",phase8_role_aware_pmf_cal_v1+monotone_inactive_global_v1,morning,2026-05-25T17:16:35Z,a9062c09#phase10c,3b1a8703-3820-4ed7-a736-0023491c28e4,ok,0.0,high,full,current_phase8,unknown,projected,derived_from_projected_minutes,22,0.0193
Sam Merrill,3547299,CLE,NYK,True,21713901,pra,rotation,"stat_grid:component_convolution_mean_coherent_v1+components[pts:pmf_sim_v1+role_aware_pmf_cal_v1:rotation+monotone_pit_cdf_v1,reb:pmf_sim_v1+role_aware_pmf_cal_v1:rotation+monotone_pit_cdf_v1,ast:pmf_sim_v1+role_aware_pmf_cal_v1:rotation+monotone_pit_cdf_v1]+prior_combo[joint_sampler_v1+joint_combo_pmf_v1+role_aware_pmf_cal_v1:rotation+monotone_pit_cdf_v1]+stat_grid_final_component_convolution_mean_coherent_v1",phase8_role_aware_pmf_cal_v1+monotone_inactive_global_v1,morning,2026-05-25T17:16:35Z,a9062c09#phase10c,3b1a8703-3820-4ed7-a736-0023491c28e4,ok,0.0,high,full,current_phase8,unknown,projected,derived_from_projected_minutes,23,0.0155
Sam Merrill,3547299,CLE,NYK,True,21713901,pra,rotation,"stat_grid:component_convolution_mean_coherent_v1+components[pts:pmf_sim_v1+role_aware_pmf_cal_v1:rotation+monotone_pit_cdf_v1,reb:pmf_sim_v1+role_aware_pmf_cal_v1:rotation+monotone_pit_cdf_v1,ast:pmf_sim_v1+role_aware_pmf_cal_v1:rotation+monotone_pit_cdf_v1]+prior_combo[joint_sampler_v1+joint_combo_pmf_v1+role_aware_pmf_cal_v1:rotation+monotone_pit_cdf_v1]+stat_grid_final_component_convolution_mean_coherent_v1",phase8_role_aware_pmf_cal_v1+monotone_inactive_global_v1,morning,2026-05-25T17:16:35Z,a9062c09#phase10c,3b1a8703-3820-4ed7-a736-0023491c28e4,ok,0.0,high,full,current_phase8,unknown,projected,derived_from_projected_minutes,24,0.0124
Sam Merrill,3547299,CLE,NYK,True,21713901,pra,rotation,"stat_grid:component_convolution_mean_coherent_v1+components[pts:pmf_sim_v1+role_aware_pmf_cal_v1:rotation+monotone_pit_cdf_v1,reb:pmf_sim_v1+role_aware_pmf_cal_v1:rotation+monotone_pit_cdf_v1,ast:pmf_sim_v1+role_aware_pmf_cal_v1:rotation+monotone_pit_cdf_v1]+prior_combo[joint_sampler_v1+joint_combo_pmf_v1+role_aware_pmf_cal_v1:rotation+monotone_pit_cdf_v1]+stat_grid_final_component_convolution_mean_coherent_v1",phase8_role_aware_pmf_cal_v1+monotone_inactive_global_v1,morning,2026-05-25T17:16:35Z,a9062c09#phase10c,3b1a8703-3820-4ed7-a736-0023491c28e4,ok,0.0,high,full,current_phase8,unknown,projected,derived_from_projected_minutes,25,0.0097
Sam Merrill,3547299,CLE,NYK,True,21713901,pra,rotation,"stat_grid:component_convolution_mean_coherent_v1+components[pts:pmf_sim_v1+role_aware_pmf_cal_v1:rotation+monotone_pit_cdf_v1,reb:pmf_sim_v1+role_aware_pmf_cal_v1:rotation+monotone_pit_cdf_v1,ast:pmf_sim_v1+role_aware_pmf_cal_v1:rotation+monotone_pit_cdf_v1]+prior_combo[joint_sampler_v1+joint_combo_pmf_v1+role_aware_pmf_cal_v1:rotation+monotone_pit_cdf_v1]+stat_grid_final_component_convolution_mean_coherent_v1",phase8_role_aware_pmf_cal_v1+monotone_inactive_global_v1,morning,2026-05-25T17:16:35Z,a9062c09#phase10c,3b1a8703-3820-4ed7-a736-0023491c28e4,ok,0.0,high,full,current_phase8,unknown,projected,derived_from_projected_minutes,26,0.0071
Sam Merrill,3547299,CLE,NYK,True,21713901,pra,rotation,"stat_grid:component_convolution_mean_coherent_v1+components[pts:pmf_sim_v1+role_aware_pmf_cal_v1:rotation+monotone_pit_cdf_v1,reb:pmf_sim_v1+role_aware_pmf_cal_v1:rotation+monotone_pit_cdf_v1,ast:pmf_sim_v1+role_aware_pmf_cal_v1:rotation+monotone_pit_cdf_v1]+prior_combo[joint_sampler_v1+joint_combo_pmf_v1+role_aware_pmf_cal_v1:rotation+monotone_pit_cdf_v1]+stat_grid_final_component_convolution_mean_coherent_v1",phase8_role_aware_pmf_cal_v1+monotone_inactive_global_v1,morning,2026-05-25T17:16:35Z,a9062c09#phase10c,3b1a8703-3820-4ed7-a736-0023491c28e4,ok,0.0,high,full,current_phase8,unknown,projected,derived_from_projected_minutes,27,0.0048
Sam Merrill,3547299,CLE,NYK,True,21713901,pra,rotation,"stat_grid:component_convolution_mean_coherent_v1+components[pts:pmf_sim_v1+role_aware_pmf_cal_v1:rotation+monotone_pit_cdf_v1,reb:pmf_sim_v1+role_aware_pmf_cal_v1:rotation+monotone_pit_cdf_v1,ast:pmf_sim_v1+role_aware_pmf_cal_v1:rotation+monotone_pit_cdf_v1]+prior_combo[joint_sampler_v1+joint_combo_pmf_v1+role_aware_pmf_cal_v1:rotation+monotone_pit_cdf_v1]+stat_grid_final_component_convolution_mean_coherent_v1",phase8_role_aware_pmf_cal_v1+monotone_inactive_global_v1,morning,2026-05-25T17:16:35Z,a9062c09#phase10c,3b1a8703-3820-4ed7-a736-0023491c28e4,ok,0.0,high,full,current_phase8,unknown,projected,derived_from_projected_minutes,28,0.003
Sam Merrill,3547299,CLE,NYK,True,21713901,pra,rotation,"stat_grid:component_convolution_mean_coherent_v1+components[pts:pmf_sim_v1+role_aware_pmf_cal_v1:rotation+monotone_pit_cdf_v1,reb:pmf_sim_v1+role_aware_pmf_cal_v1:rotation+monotone_pit_cdf_v1,ast:pmf_sim_v1+role_aware_pmf_cal_v1:rotation+monotone_pit_cdf_v1]+prior_combo[joint_sampler_v1+joint_combo_pmf_v1+role_aware_pmf_cal_v1:rotation+monotone_pit_cdf_v1]+stat_grid_final_component_convolution_mean_coherent_v1",phase8_role_aware_pmf_cal_v1+monotone_inactive_global_v1,morning,2026-05-25T17:16:35Z,a9062c09#phase10c,3b1a8703-3820-4ed7-a736-0023491c28e4,ok,0.0,high,full,current_phase8,unknown,projected,derived_from_projected_minutes,29,0.0018
Sam Merrill,3547299,CLE,NYK,True,21713901,pra,rotation,"stat_grid:component_convolution_mean_coherent_v1+components[pts:pmf_sim_v1+role_aware_pmf_cal_v1:rotation+monotone_pit_cdf_v1,reb:pmf_sim_v1+role_aware_pmf_cal_v1:rotation+monotone_pit_cdf_v1,ast:pmf_sim_v1+role_aware_pmf_cal_v1:rotation+monotone_pit_cdf_v1]+prior_combo[joint_sampler_v1+joint_combo_pmf_v1+role_aware_pmf_cal_v1:rotation+monotone_pit_cdf_v1]+stat_grid_final_component_convolution_mean_coherent_v1",phase8_role_aware_pmf_cal_v1+monotone_inactive_global_v1,morning,2026-05-25T17:16:35Z,a9062c09#phase10c,3b1a8703-3820-4ed7-a736-0023491c28e4,ok,0.0,high,full,current_phase8,unknown,projected,derived_from_projected_minutes,30,0.0011
Sam Merrill,3547299,CLE,NYK,True,21713901,pra,rotation,"stat_grid:component_convolution_mean_coherent_v1+components[pts:pmf_sim_v1+role_aware_pmf_cal_v1:rotation+monotone_pit_cdf_v1,reb:pmf_sim_v1+role_aware_pmf_cal_v1:rotation+monotone_pit_cdf_v1,ast:pmf_sim_v1+role_aware_pmf_cal_v1:rotation+monotone_pit_cdf_v1]+prior_combo[joint_sampler_v1+joint_combo_pmf_v1+role_aware_pmf_cal_v1:rotation+monotone_pit_cdf_v1]+stat_grid_final_component_convolution_mean_coherent_v1",phase8_role_aware_pmf_cal_v1+monotone_inactive_global_v1,morning,2026-05-25T17:16:35Z,a9062c09#phase10c,3b1a8703-3820-4ed7-a736-0023491c28e4,ok,0.0,high,full,current_phase8,unknown,projected,derived_from_projected_minutes,31,0.0007
Sam Merrill,3547299,CLE,NYK,True,21713901,pra,rotation,"stat_grid:component_convolution_mean_coherent_v1+components[pts:pmf_sim_v1+role_aware_pmf_cal_v1:rotation+monotone_pit_cdf_v1,reb:pmf_sim_v1+role_aware_pmf_cal_v1:rotation+monotone_pit_cdf_v1,ast:pmf_sim_v1+role_aware_pmf_cal_v1:rotation+monotone_pit_cdf_v1]+prior_combo[joint_sampler_v1+joint_combo_pmf_v1+role_aware_pmf_cal_v1:rotation+monotone_pit_cdf_v1]+stat_grid_final_component_convolution_mean_coherent_v1",phase8_role_aware_pmf_cal_v1+monotone_inactive_global_v1,morning,2026-05-25T17:16:35Z,a9062c09#phase10c,3b1a8703-3820-4ed7-a736-0023491c28e4,ok,0.0,high,full,current_phase8,unknown,projected,derived_from_projected_minutes,32,0.0005
Sam Merrill,3547299,CLE,NYK,True,21713901,pra,rotation,"stat_grid:component_convolution_mean_coherent_v1+components[pts:pmf_sim_v1+role_aware_pmf_cal_v1:rotation+monotone_pit_cdf_v1,reb:pmf_sim_v1+role_aware_pmf_cal_v1:rotation+monotone_pit_cdf_v1,ast:pmf_sim_v1+role_aware_pmf_cal_v1:rotation+monotone_pit_cdf_v1]+prior_combo[joint_sampler_v1+joint_combo_pmf_v1+role_aware_pmf_cal_v1:rotation+monotone_pit_cdf_v1]+stat_grid_final_component_convolution_mean_coherent_v1",phase8_role_aware_pmf_cal_v1+monotone_inactive_global_v1,morning,2026-05-25T17:16:35Z,a9062c09#phase10c,3b1a8703-3820-4ed7-a736-0023491c28e4,ok,0.0,high,full,current_phase8,unknown,projected,derived_from_projected_minutes,33,0.0004
Sam Merrill,3547299,CLE,NYK,True,21713901,pra,rotation,"stat_grid:component_convolution_mean_coherent_v1+components[pts:pmf_sim_v1+role_aware_pmf_cal_v1:rotation+monotone_pit_cdf_v1,reb:pmf_sim_v1+role_aware_pmf_cal_v1:rotation+monotone_pit_cdf_v1,ast:pmf_sim_v1+role_aware_pmf_cal_v1:rotation+monotone_pit_cdf_v1]+prior_combo[joint_sampler_v1+joint_combo_pmf_v1+role_aware_pmf_cal_v1:rotation+monotone_pit_cdf_v1]+stat_grid_final_component_convolution_mean_coherent_v1",phase8_role_aware_pmf_cal_v1+monotone_inactive_global_v1,morning,2026-05-25T17:16:35Z,a9062c09#phase10c,3b1a8703-3820-4ed7-a736-0023491c28e4,ok,0.0,high,full,current_phase8,unknown,projected,derived_from_projected_minutes,34,0.0003
Sam Merrill,3547299,CLE,NYK,True,21713901,pra,rotation,"stat_grid:component_convolution_mean_coherent_v1+components[pts:pmf_sim_v1+role_aware_pmf_cal_v1:rotation+monotone_pit_cdf_v1,reb:pmf_sim_v1+role_aware_pmf_cal_v1:rotation+monotone_pit_cdf_v1,ast:pmf_sim_v1+role_aware_pmf_cal_v1:rotation+monotone_pit_cdf_v1]+prior_combo[joint_sampler_v1+joint_combo_pmf_v1+role_aware_pmf_cal_v1:rotation+monotone_pit_cdf_v1]+stat_grid_final_component_convolution_mean_coherent_v1",phase8_role_aware_pmf_cal_v1+monotone_inactive_global_v1,morning,2026-05-25T17:16:35Z,a9062c09#phase10c,3b1a8703-3820-4ed7-a736-0023491c28e4,ok,0.0,high,full,current_phase8,unknown,projected,derived_from_projected_minutes,35,0.0002
Sam Merrill,3547299,CLE,NYK,True,21713901,pra,rotation,"stat_grid:component_convolution_mean_coherent_v1+components[pts:pmf_sim_v1+role_aware_pmf_cal_v1:rotation+monotone_pit_cdf_v1,reb:pmf_sim_v1+role_aware_pmf_cal_v1:rotation+monotone_pit_cdf_v1,ast:pmf_sim_v1+role_aware_pmf_cal_v1:rotation+monotone_pit_cdf_v1]+prior_combo[joint_sampler_v1+joint_combo_pmf_v1+role_aware_pmf_cal_v1:rotation+monotone_pit_cdf_v1]+stat_grid_final_component_convolution_mean_coherent_v1",phase8_role_aware_pmf_cal_v1+monotone_inactive_global_v1,morning,2026-05-25T17:16:35Z,a9062c09#phase10c,3b1a8703-3820-4ed7-a736-0023491c28e4,ok,0.0,high,full,current_phase8,unknown,projected,derived_from_projected_minutes,36,0.0002
Sam Merrill,3547299,CLE,NYK,True,21713901,pra,rotation,"stat_grid:component_convolution_mean_coherent_v1+components[pts:pmf_sim_v1+role_aware_pmf_cal_v1:rotation+monotone_pit_cdf_v1,reb:pmf_sim_v1+role_aware_pmf_cal_v1:rotation+monotone_pit_cdf_v1,ast:pmf_sim_v1+role_aware_pmf_cal_v1:rotation+monotone_pit_cdf_v1]+prior_combo[joint_sampler_v1+joint_combo_pmf_v1+role_aware_pmf_cal_v1:rotation+monotone_pit_cdf_v1]+stat_grid_final_component_convolution_mean_coherent_v1",phase8_role_aware_pmf_cal_v1+monotone_inactive_global_v1,morning,2026-05-25T17:16:35Z,a9062c09#phase10c,3b1a8703-3820-4ed7-a736-0023491c28e4,ok,0.0,high,full,current_phase8,unknown,projected,derived_from_projected_minutes,37,0.0003
Sam Merrill,3547299,CLE,NYK,True,21713901,pra,rotation,"stat_grid:component_convolution_mean_coherent_v1+components[pts:pmf_sim_v1+role_aware_pmf_cal_v1:rotation+monotone_pit_cdf_v1,reb:pmf_sim_v1+role_aware_pmf_cal_v1:rotation+monotone_pit_cdf_v1,ast:pmf_sim_v1+role_aware_pmf_cal_v1:rotation+monotone_pit_cdf_v1]+prior_combo[joint_sampler_v1+joint_combo_pmf_v1+role_aware_pmf_cal_v1:rotation+monotone_pit_cdf_v1]+stat_grid_final_component_convolution_mean_coherent_v1",phase8_role_aware_pmf_cal_v1+monotone_inactive_global_v1,morning,2026-05-25T17:16:35Z,a9062c09#phase10c,3b1a8703-3820-4ed7-a736-0023491c28e4,ok,0.0,high,full,current_phase8,unknown,projected,derived_from_projected_minutes,38,0.0003
Sam Merrill,3547299,CLE,NYK,True,21713901,pra,rotation,"stat_grid:component_convolution_mean_coherent_v1+components[pts:pmf_sim_v1+role_aware_pmf_cal_v1:rotation+monotone_pit_cdf_v1,reb:pmf_sim_v1+role_aware_pmf_cal_v1:rotation+monotone_pit_cdf_v1,ast:pmf_sim_v1+role_aware_pmf_cal_v1:rotation+monotone_pit_cdf_v1]+prior_combo[joint_sampler_v1+joint_combo_pmf_v1+role_aware_pmf_cal_v1:rotation+monotone_pit_cdf_v1]+stat_grid_final_component_convolution_mean_coherent_v1",phase8_role_aware_pmf_cal_v1+monotone_inactive_global_v1,morning,2026-05-25T17:16:35Z,a9062c09#phase10c,3b1a8703-3820-4ed7-a736-0023491c28e4,ok,0.0,high,full,current_phase8,unknown,projected,derived_from_projected_minutes,39,0.0002
Sam Merrill,3547299,CLE,NYK,True,21713901,pra,rotation,"stat_grid:component_convolution_mean_coherent_v1+components[pts:pmf_sim_v1+role_aware_pmf_cal_v1:rotation+monotone_pit_cdf_v1,reb:pmf_sim_v1+role_aware_pmf_cal_v1:rotation+monotone_pit_cdf_v1,ast:pmf_sim_v1+role_aware_pmf_cal_v1:rotation+monotone_pit_cdf_v1]+prior_combo[joint_sampler_v1+joint_combo_pmf_v1+role_aware_pmf_cal_v1:rotation+monotone_pit_cdf_v1]+stat_grid_final_component_convolution_mean_coherent_v1",phase8_role_aware_pmf_cal_v1+monotone_inactive_global_v1,morning,2026-05-25T17:16:35Z,a9062c09#phase10c,3b1a8703-3820-4ed7-a736-0023491c28e4,ok,0.0,high,full,current_phase8,unknown,projected,derived_from_projected_minutes,40,0.0002
Sam Merrill,3547299,CLE,NYK,True,21713901,pra,rotation,"stat_grid:component_convolution_mean_coherent_v1+components[pts:pmf_sim_v1+role_aware_pmf_cal_v1:rotation+monotone_pit_cdf_v1,reb:pmf_sim_v1+role_aware_pmf_cal_v1:rotation+monotone_pit_cdf_v1,ast:pmf_sim_v1+role_aware_pmf_cal_v1:rotation+monotone_pit_cdf_v1]+prior_combo[joint_sampler_v1+joint_combo_pmf_v1+role_aware_pmf_cal_v1:rotation+monotone_pit_cdf_v1]+stat_grid_final_component_convolution_mean_coherent_v1",phase8_role_aware_pmf_cal_v1+monotone_inactive_global_v1,morning,2026-05-25T17:16:35Z,a9062c09#phase10c,3b1a8703-3820-4ed7-a736-0023491c28e4,ok,0.0,high,full,current_phase8,unknown,projected,derived_from_projected_minutes,41,0.0001
Sam Merrill,3547299,CLE,NYK,True,21713901,pra,rotation,"stat_grid:component_convolution_mean_coherent_v1+components[pts:pmf_sim_v1+role_aware_pmf_cal_v1:rotation+monotone_pit_cdf_v1,reb:pmf_sim_v1+role_aware_pmf_cal_v1:rotation+monotone_pit_cdf_v1,ast:pmf_sim_v1+role_aware_pmf_cal_v1:rotation+monotone_pit_cdf_v1]+prior_combo[joint_sampler_v1+joint_combo_pmf_v1+role_aware_pmf_cal_v1:rotation+monotone_pit_cdf_v1]+stat_grid_final_component_convolution_mean_coherent_v1",phase8_role_aware_pmf_cal_v1+monotone_inactive_global_v1,morning,2026-05-25T17:16:35Z,a9062c09#phase10c,3b1a8703-3820-4ed7-a736-0023491c28e4,ok,0.0,high,full,current_phase8,unknown,projected,derived_from_projected_minutes,42,0.0001
Sam Merrill,3547299,CLE,NYK,True,21713901,pra,rotation,"stat_grid:component_convolution_mean_coherent_v1+components[pts:pmf_sim_v1+role_aware_pmf_cal_v1:rotation+monotone_pit_cdf_v1,reb:pmf_sim_v1+role_aware_pmf_cal_v1:rotation+monotone_pit_cdf_v1,ast:pmf_sim_v1+role_aware_pmf_cal_v1:rotation+monotone_pit_cdf_v1]+prior_combo[joint_sampler_v1+joint_combo_pmf_v1+role_aware_pmf_cal_v1:rotation+monotone_pit_cdf_v1]+stat_grid_final_component_convolution_mean_coherent_v1",phase8_role_aware_pmf_cal_v1+monotone_inactive_global_v1,morning,2026-05-25T17:16:35Z,a9062c09#phase10c,3b1a8703-3820-4ed7-a736-0023491c28e4,ok,0.0,high,full,current_phase8,unknown,projected,derived_from_projected_minutes,43,0.0
Sam Merrill,3547299,CLE,NYK,True,21713901,pra,rotation,"stat_grid:component_convolution_mean_coherent_v1+components[pts:pmf_sim_v1+role_aware_pmf_cal_v1:rotation+monotone_pit_cdf_v1,reb:pmf_sim_v1+role_aware_pmf_cal_v1:rotation+monotone_pit_cdf_v1,ast:pmf_sim_v1+role_aware_pmf_cal_v1:rotation+monotone_pit_cdf_v1]+prior_combo[joint_sampler_v1+joint_combo_pmf_v1+role_aware_pmf_cal_v1:rotation+monotone_pit_cdf_v1]+stat_grid_final_component_convolution_mean_coherent_v1",phase8_role_aware_pmf_cal_v1+monotone_inactive_global_v1,morning,2026-05-25T17:16:35Z,a9062c09#phase10c,3b1a8703-3820-4ed7-a736-0023491c28e4,ok,0.0,high,full,current_phase8,unknown,projected,derived_from_projected_minutes,44,0.0
Sam Merrill,3547299,CLE,NYK,True,21713901,pra,rotation,"stat_grid:component_convolution_mean_coherent_v1+components[pts:pmf_sim_v1+role_aware_pmf_cal_v1:rotation+monotone_pit_cdf_v1,reb:pmf_sim_v1+role_aware_pmf_cal_v1:rotation+monotone_pit_cdf_v1,ast:pmf_sim_v1+role_aware_pmf_cal_v1:rotation+monotone_pit_cdf_v1]+prior_combo[joint_sampler_v1+joint_combo_pmf_v1+role_aware_pmf_cal_v1:rotation+monotone_pit_cdf_v1]+stat_grid_final_component_convolution_mean_coherent_v1",phase8_role_aware_pmf_cal_v1+monotone_inactive_global_v1,morning,2026-05-25T17:16:35Z,a9062c09#phase10c,3b1a8703-3820-4ed7-a736-0023491c28e4,ok,0.0,high,full,current_phase8,unknown,projected,derived_from_projected_minutes,45,0.0
Sam Merrill,3547299,CLE,NYK,True,21713901,pra,rotation,"stat_grid:component_convolution_mean_coherent_v1+components[pts:pmf_sim_v1+role_aware_pmf_cal_v1:rotation+monotone_pit_cdf_v1,reb:pmf_sim_v1+role_aware_pmf_cal_v1:rotation+monotone_pit_cdf_v1,ast:pmf_sim_v1+role_aware_pmf_cal_v1:rotation+monotone_pit_cdf_v1]+prior_combo[joint_sampler_v1+joint_combo_pmf_v1+role_aware_pmf_cal_v1:rotation+monotone_pit_cdf_v1]+stat_grid_final_component_convolution_mean_coherent_v1",phase8_role_aware_pmf_cal_v1+monotone_inactive_global_v1,morning,2026-05-25T17:16:35Z,a9062c09#phase10c,3b1a8703-3820-4ed7-a736-0023491c28e4,ok,0.0,high,full,current_phase8,unknown,projected,derived_from_projected_minutes,46,0.0
Sam Merrill,3547299,CLE,NYK,True,21713901,pra,rotation,"stat_grid:component_convolution_mean_coherent_v1+components[pts:pmf_sim_v1+role_aware_pmf_cal_v1:rotation+monotone_pit_cdf_v1,reb:pmf_sim_v1+role_aware_pmf_cal_v1:rotation+monotone_pit_cdf_v1,ast:pmf_sim_v1+role_aware_pmf_cal_v1:rotation+monotone_pit_cdf_v1]+prior_combo[joint_sampler_v1+joint_combo_pmf_v1+role_aware_pmf_cal_v1:rotation+monotone_pit_cdf_v1]+stat_grid_final_component_convolution_mean_coherent_v1",phase8_role_aware_pmf_cal_v1+monotone_inactive_global_v1,morning,2026-05-25T17:16:35Z,a9062c09#phase10c,3b1a8703-3820-4ed7-a736-0023491c28e4,ok,0.0,high,full,current_phase8,unknown,projected,derived_from_projected_minutes,47,0.0
Sam Merrill,3547299,CLE,NYK,True,21713901,pra,rotation,"stat_grid:component_convolution_mean_coherent_v1+components[pts:pmf_sim_v1+role_aware_pmf_cal_v1:rotation+monotone_pit_cdf_v1,reb:pmf_sim_v1+role_aware_pmf_cal_v1:rotation+monotone_pit_cdf_v1,ast:pmf_sim_v1+role_aware_pmf_cal_v1:rotation+monotone_pit_cdf_v1]+prior_combo[joint_sampler_v1+joint_combo_pmf_v1+role_aware_pmf_cal_v1:rotation+monotone_pit_cdf_v1]+stat_grid_final_component_convolution_mean_coherent_v1",phase8_role_aware_pmf_cal_v1+monotone_inactive_global_v1,morning,2026-05-25T17:16:35Z,a9062c09#phase10c,3b1a8703-3820-4ed7-a736-0023491c28e4,ok,0.0,high,full,current_phase8,unknown,projected,derived_from_projected_minutes,48,0.0
Sam Merrill,3547299,CLE,NYK,True,21713901,pra,rotation,"stat_grid:component_convolution_mean_coherent_v1+components[pts:pmf_sim_v1+role_aware_pmf_cal_v1:rotation+monotone_pit_cdf_v1,reb:pmf_sim_v1+role_aware_pmf_cal_v1:rotation+monotone_pit_cdf_v1,ast:pmf_sim_v1+role_aware_pmf_cal_v1:rotation+monotone_pit_cdf_v1]+prior_combo[joint_sampler_v1+joint_combo_pmf_v1+role_aware_pmf_cal_v1:rotation+monotone_pit_cdf_v1]+stat_grid_final_component_convolution_mean_coherent_v1",phase8_role_aware_pmf_cal_v1+monotone_inactive_global_v1,morning,2026-05-25T17:16:35Z,a9062c09#phase10c,3b1a8703-3820-4ed7-a736-0023491c28e4,ok,0.0,high,full,current_phase8,unknown,projected,derived_from_projected_minutes,49,0.0
Sam Merrill,3547299,CLE,NYK,True,21713901,pra,rotation,"stat_grid:component_convolution_mean_coherent_v1+components[pts:pmf_sim_v1+role_aware_pmf_cal_v1:rotation+monotone_pit_cdf_v1,reb:pmf_sim_v1+role_aware_pmf_cal_v1:rotation+monotone_pit_cdf_v1,ast:pmf_sim_v1+role_aware_pmf_cal_v1:rotation+monotone_pit_cdf_v1]+prior_combo[joint_sampler_v1+joint_combo_pmf_v1+role_aware_pmf_cal_v1:rotation+monotone_pit_cdf_v1]+stat_grid_final_component_convolution_mean_coherent_v1",phase8_role_aware_pmf_cal_v1+monotone_inactive_global_v1,morning,2026-05-25T17:16:35Z,a9062c09#phase10c,3b1a8703-3820-4ed7-a736-0023491c28e4,ok,0.0,high,full,current_phase8,unknown,projected,derived_from_projected_minutes,50,0.0
Sam Merrill,3547299,CLE,NYK,True,21713901,pra,rotation,"stat_grid:component_convolution_mean_coherent_v1+components[pts:pmf_sim_v1+role_aware_pmf_cal_v1:rotation+monotone_pit_cdf_v1,reb:pmf_sim_v1+role_aware_pmf_cal_v1:rotation+monotone_pit_cdf_v1,ast:pmf_sim_v1+role_aware_pmf_cal_v1:rotation+monotone_pit_cdf_v1]+prior_combo[joint_sampler_v1+joint_combo_pmf_v1+role_aware_pmf_cal_v1:rotation+monotone_pit_cdf_v1]+stat_grid_final_component_convolution_mean_coherent_v1",phase8_role_aware_pmf_cal_v1+monotone_inactive_global_v1,morning,2026-05-25T17:16:35Z,a9062c09#phase10c,3b1a8703-3820-4ed7-a736-0023491c28e4,ok,0.0,high,full,current_phase8,unknown,projected,derived_from_projected_minutes,51,0.0
Sam Merrill,3547299,CLE,NYK,True,21713901,pra,rotation,"stat_grid:component_convolution_mean_coherent_v1+components[pts:pmf_sim_v1+role_aware_pmf_cal_v1:rotation+monotone_pit_cdf_v1,reb:pmf_sim_v1+role_aware_pmf_cal_v1:rotation+monotone_pit_cdf_v1,ast:pmf_sim_v1+role_aware_pmf_cal_v1:rotation+monotone_pit_cdf_v1]+prior_combo[joint_sampler_v1+joint_combo_pmf_v1+role_aware_pmf_cal_v1:rotation+monotone_pit_cdf_v1]+stat_grid_final_component_convolution_mean_coherent_v1",phase8_role_aware_pmf_cal_v1+monotone_inactive_global_v1,morning,2026-05-25T17:16:35Z,a9062c09#phase10c,3b1a8703-3820-4ed7-a736-0023491c28e4,ok,0.0,high,full,current_phase8,unknown,projected,derived_from_projected_minutes,52,0.0
Sam Merrill,3547299,CLE,NYK,True,21713901,pra,rotation,"stat_grid:component_convolution_mean_coherent_v1+components[pts:pmf_sim_v1+role_aware_pmf_cal_v1:rotation+monotone_pit_cdf_v1,reb:pmf_sim_v1+role_aware_pmf_cal_v1:rotation+monotone_pit_cdf_v1,ast:pmf_sim_v1+role_aware_pmf_cal_v1:rotation+monotone_pit_cdf_v1]+prior_combo[joint_sampler_v1+joint_combo_pmf_v1+role_aware_pmf_cal_v1:rotation+monotone_pit_cdf_v1]+stat_grid_final_component_convolution_mean_coherent_v1",phase8_role_aware_pmf_cal_v1+monotone_inactive_global_v1,morning,2026-05-25T17:16:35Z,a9062c09#phase10c,3b1a8703-3820-4ed7-a736-0023491c28e4,ok,0.0,high,full,current_phase8,unknown,projected,derived_from_projected_minutes,53,0.0
Sam Merrill,3547299,CLE,NYK,True,21713901,pra,rotation,"stat_grid:component_convolution_mean_coherent_v1+components[pts:pmf_sim_v1+role_aware_pmf_cal_v1:rotation+monotone_pit_cdf_v1,reb:pmf_sim_v1+role_aware_pmf_cal_v1:rotation+monotone_pit_cdf_v1,ast:pmf_sim_v1+role_aware_pmf_cal_v1:rotation+monotone_pit_cdf_v1]+prior_combo[joint_sampler_v1+joint_combo_pmf_v1+role_aware_pmf_cal_v1:rotation+monotone_pit_cdf_v1]+stat_grid_final_component_convolution_mean_coherent_v1",phase8_role_aware_pmf_cal_v1+monotone_inactive_global_v1,morning,2026-05-25T17:16:35Z,a9062c09#phase10c,3b1a8703-3820-4ed7-a736-0023491c28e4,ok,0.0,high,full,current_phase8,unknown,projected,derived_from_projected_minutes,54,0.0
Sam Merrill,3547299,CLE,NYK,True,21713901,pra,rotation,"stat_grid:component_convolution_mean_coherent_v1+components[pts:pmf_sim_v1+role_aware_pmf_cal_v1:rotation+monotone_pit_cdf_v1,reb:pmf_sim_v1+role_aware_pmf_cal_v1:rotation+monotone_pit_cdf_v1,ast:pmf_sim_v1+role_aware_pmf_cal_v1:rotation+monotone_pit_cdf_v1]+prior_combo[joint_sampler_v1+joint_combo_pmf_v1+role_aware_pmf_cal_v1:rotation+monotone_pit_cdf_v1]+stat_grid_final_component_convolution_mean_coherent_v1",phase8_role_aware_pmf_cal_v1+monotone_inactive_global_v1,morning,2026-05-25T17:16:35Z,a9062c09#phase10c,3b1a8703-3820-4ed7-a736-0023491c28e4,ok,0.0,high,full,current_phase8,unknown,projected,derived_from_projected_minutes,55,0.0
Sam Merrill,3547299,CLE,NYK,True,21713901,pra,rotation,"stat_grid:component_convolution_mean_coherent_v1+components[pts:pmf_sim_v1+role_aware_pmf_cal_v1:rotation+monotone_pit_cdf_v1,reb:pmf_sim_v1+role_aware_pmf_cal_v1:rotation+monotone_pit_cdf_v1,ast:pmf_sim_v1+role_aware_pmf_cal_v1:rotation+monotone_pit_cdf_v1]+prior_combo[joint_sampler_v1+joint_combo_pmf_v1+role_aware_pmf_cal_v1:rotation+monotone_pit_cdf_v1]+stat_grid_final_component_convolution_mean_coherent_v1",phase8_role_aware_pmf_cal_v1+monotone_inactive_global_v1,morning,2026-05-25T17:16:35Z,a9062c09#phase10c,3b1a8703-3820-4ed7-a736-0023491c28e4,ok,0.0,high,full,current_phase8,unknown,projected,derived_from_projected_minutes,56,0.0
Sam Merrill,3547299,CLE,NYK,True,21713901,pra,rotation,"stat_grid:component_convolution_mean_coherent_v1+components[pts:pmf_sim_v1+role_aware_pmf_cal_v1:rotation+monotone_pit_cdf_v1,reb:pmf_sim_v1+role_aware_pmf_cal_v1:rotation+monotone_pit_cdf_v1,ast:pmf_sim_v1+role_aware_pmf_cal_v1:rotation+monotone_pit_cdf_v1]+prior_combo[joint_sampler_v1+joint_combo_pmf_v1+role_aware_pmf_cal_v1:rotation+monotone_pit_cdf_v1]+stat_grid_final_component_convolution_mean_coherent_v1",phase8_role_aware_pmf_cal_v1+monotone_inactive_global_v1,morning,2026-05-25T17:16:35Z,a9062c09#phase10c,3b1a8703-3820-4ed7-a736-0023491c28e4,ok,0.0,high,full,current_phase8,unknown,projected,derived_from_projected_minutes,57,0.0
Sam Merrill,3547299,CLE,NYK,True,21713901,pra,rotation,"stat_grid:component_convolution_mean_coherent_v1+components[pts:pmf_sim_v1+role_aware_pmf_cal_v1:rotation+monotone_pit_cdf_v1,reb:pmf_sim_v1+role_aware_pmf_cal_v1:rotation+monotone_pit_cdf_v1,ast:pmf_sim_v1+role_aware_pmf_cal_v1:rotation+monotone_pit_cdf_v1]+prior_combo[joint_sampler_v1+joint_combo_pmf_v1+role_aware_pmf_cal_v1:rotation+monotone_pit_cdf_v1]+stat_grid_final_component_convolution_mean_coherent_v1",phase8_role_aware_pmf_cal_v1+monotone_inactive_global_v1,morning,2026-05-25T17:16:35Z,a9062c09#phase10c,3b1a8703-3820-4ed7-a736-0023491c28e4,ok,0.0,high,full,current_phase8,unknown,projected,derived_from_projected_minutes,58,0.0
Sam Merrill,3547299,CLE,NYK,True,21713901,pra,rotation,"stat_grid:component_convolution_mean_coherent_v1+components[pts:pmf_sim_v1+role_aware_pmf_cal_v1:rotation+monotone_pit_cdf_v1,reb:pmf_sim_v1+role_aware_pmf_cal_v1:rotation+monotone_pit_cdf_v1,ast:pmf_sim_v1+role_aware_pmf_cal_v1:rotation+monotone_pit_cdf_v1]+prior_combo[joint_sampler_v1+joint_combo_pmf_v1+role_aware_pmf_cal_v1:rotation+monotone_pit_cdf_v1]+stat_grid_final_component_convolution_mean_coherent_v1",phase8_role_aware_pmf_cal_v1+monotone_inactive_global_v1,morning,2026-05-25T17:16:35Z,a9062c09#phase10c,3b1a8703-3820-4ed7-a736-0023491c28e4,ok,0.0,high,full,current_phase8,unknown,projected,derived_from_projected_minutes,59,0.0
Sam Merrill,3547299,CLE,NYK,True,21713901,pra,rotation,"stat_grid:component_convolution_mean_coherent_v1+components[pts:pmf_sim_v1+role_aware_pmf_cal_v1:rotation+monotone_pit_cdf_v1,reb:pmf_sim_v1+role_aware_pmf_cal_v1:rotation+monotone_pit_cdf_v1,ast:pmf_sim_v1+role_aware_pmf_cal_v1:rotation+monotone_pit_cdf_v1]+prior_combo[joint_sampler_v1+joint_combo_pmf_v1+role_aware_pmf_cal_v1:rotation+monotone_pit_cdf_v1]+stat_grid_final_component_convolution_mean_coherent_v1",phase8_role_aware_pmf_cal_v1+monotone_inactive_global_v1,morning,2026-05-25T17:16:35Z,a9062c09#phase10c,3b1a8703-3820-4ed7-a736-0023491c28e4,ok,0.0,high,full,current_phase8,unknown,projected,derived_from_projected_minutes,60,0.0
Sam Merrill,3547299,CLE,NYK,True,21713901,pra,rotation,"stat_grid:component_convolution_mean_coherent_v1+components[pts:pmf_sim_v1+role_aware_pmf_cal_v1:rotation+monotone_pit_cdf_v1,reb:pmf_sim_v1+role_aware_pmf_cal_v1:rotation+monotone_pit_cdf_v1,ast:pmf_sim_v1+role_aware_pmf_cal_v1:rotation+monotone_pit_cdf_v1]+prior_combo[joint_sampler_v1+joint_combo_pmf_v1+role_aware_pmf_cal_v1:rotation+monotone_pit_cdf_v1]+stat_grid_final_component_convolution_mean_coherent_v1",phase8_role_aware_pmf_cal_v1+monotone_inactive_global_v1,morning,2026-05-25T17:16:35Z,a9062c09#phase10c,3b1a8703-3820-4ed7-a736-0023491c28e4,ok,0.0,high,full,current_phase8,unknown,projected,derived_from_projected_minutes,61,0.0
Sam Merrill,3547299,CLE,NYK,True,21713901,pra,rotation,"stat_grid:component_convolution_mean_coherent_v1+components[pts:pmf_sim_v1+role_aware_pmf_cal_v1:rotation+monotone_pit_cdf_v1,reb:pmf_sim_v1+role_aware_pmf_cal_v1:rotation+monotone_pit_cdf_v1,ast:pmf_sim_v1+role_aware_pmf_cal_v1:rotation+monotone_pit_cdf_v1]+prior_combo[joint_sampler_v1+joint_combo_pmf_v1+role_aware_pmf_cal_v1:rotation+monotone_pit_cdf_v1]+stat_grid_final_component_convolution_mean_coherent_v1",phase8_role_aware_pmf_cal_v1+monotone_inactive_global_v1,morning,2026-05-25T17:16:35Z,a9062c09#phase10c,3b1a8703-3820-4ed7-a736-0023491c28e4,ok,0.0,high,full,current_phase8,unknown,projected,derived_from_projected_minutes,62,0.0
Sam Merrill,3547299,CLE,NYK,True,21713901,pra,rotation,"stat_grid:component_convolution_mean_coherent_v1+components[pts:pmf_sim_v1+role_aware_pmf_cal_v1:rotation+monotone_pit_cdf_v1,reb:pmf_sim_v1+role_aware_pmf_cal_v1:rotation+monotone_pit_cdf_v1,ast:pmf_sim_v1+role_aware_pmf_cal_v1:rotation+monotone_pit_cdf_v1]+prior_combo[joint_sampler_v1+joint_combo_pmf_v1+role_aware_pmf_cal_v1:rotation+monotone_pit_cdf_v1]+stat_grid_final_component_convolution_mean_coherent_v1",phase8_role_aware_pmf_cal_v1+monotone_inactive_global_v1,morning,2026-05-25T17:16:35Z,a9062c09#phase10c,3b1a8703-3820-4ed7-a736-0023491c28e4,ok,0.0,high,full,current_phase8,unknown,projected,derived_from_projected_minutes,63,0.0
Sam Merrill,3547299,CLE,NYK,True,21713901,pra,rotation,"stat_grid:component_convolution_mean_coherent_v1+components[pts:pmf_sim_v1+role_aware_pmf_cal_v1:rotation+monotone_pit_cdf_v1,reb:pmf_sim_v1+role_aware_pmf_cal_v1:rotation+monotone_pit_cdf_v1,ast:pmf_sim_v1+role_aware_pmf_cal_v1:rotation+monotone_pit_cdf_v1]+prior_combo[joint_sampler_v1+joint_combo_pmf_v1+role_aware_pmf_cal_v1:rotation+monotone_pit_cdf_v1]+stat_grid_final_component_convolution_mean_coherent_v1",phase8_role_aware_pmf_cal_v1+monotone_inactive_global_v1,morning,2026-05-25T17:16:35Z,a9062c09#phase10c,3b1a8703-3820-4ed7-a736-0023491c28e4,ok,0.0,high,full,current_phase8,unknown,projected,derived_from_projected_minutes,64,0.0
Sam Merrill,3547299,CLE,NYK,True,21713901,pra,rotation,"stat_grid:component_convolution_mean_coherent_v1+components[pts:pmf_sim_v1+role_aware_pmf_cal_v1:rotation+monotone_pit_cdf_v1,reb:pmf_sim_v1+role_aware_pmf_cal_v1:rotation+monotone_pit_cdf_v1,ast:pmf_sim_v1+role_aware_pmf_cal_v1:rotation+monotone_pit_cdf_v1]+prior_combo[joint_sampler_v1+joint_combo_pmf_v1+role_aware_pmf_cal_v1:rotation+monotone_pit_cdf_v1]+stat_grid_final_component_convolution_mean_coherent_v1",phase8_role_aware_pmf_cal_v1+monotone_inactive_global_v1,morning,2026-05-25T17:16:35Z,a9062c09#phase10c,3b1a8703-3820-4ed7-a736-0023491c28e4,ok,0.0,high,full,current_phase8,unknown,projected,derived_from_projected_minutes,65,0.0
Sam Merrill,3547299,CLE,NYK,True,21713901,pra,rotation,"stat_grid:component_convolution_mean_coherent_v1+components[pts:pmf_sim_v1+role_aware_pmf_cal_v1:rotation+monotone_pit_cdf_v1,reb:pmf_sim_v1+role_aware_pmf_cal_v1:rotation+monotone_pit_cdf_v1,ast:pmf_sim_v1+role_aware_pmf_cal_v1:rotation+monotone_pit_cdf_v1]+prior_combo[joint_sampler_v1+joint_combo_pmf_v1+role_aware_pmf_cal_v1:rotation+monotone_pit_cdf_v1]+stat_grid_final_component_convolution_mean_coherent_v1",phase8_role_aware_pmf_cal_v1+monotone_inactive_global_v1,morning,2026-05-25T17:16:35Z,a9062c09#phase10c,3b1a8703-3820-4ed7-a736-0023491c28e4,ok,0.0,high,full,current_phase8,unknown,projected,derived_from_projected_minutes,66,0.0
Sam Merrill,3547299,CLE,NYK,True,21713901,pra,rotation,"stat_grid:component_convolution_mean_coherent_v1+components[pts:pmf_sim_v1+role_aware_pmf_cal_v1:rotation+monotone_pit_cdf_v1,reb:pmf_sim_v1+role_aware_pmf_cal_v1:rotation+monotone_pit_cdf_v1,ast:pmf_sim_v1+role_aware_pmf_cal_v1:rotation+monotone_pit_cdf_v1]+prior_combo[joint_sampler_v1+joint_combo_pmf_v1+role_aware_pmf_cal_v1:rotation+monotone_pit_cdf_v1]+stat_grid_final_component_convolution_mean_coherent_v1",phase8_role_aware_pmf_cal_v1+monotone_inactive_global_v1,morning,2026-05-25T17:16:35Z,a9062c09#phase10c,3b1a8703-3820-4ed7-a736-0023491c28e4,ok,0.0,high,full,current_phase8,unknown,projected,derived_from_projected_minutes,67,0.0
Sam Merrill,3547299,CLE,NYK,True,21713901,pra,rotation,"stat_grid:component_convolution_mean_coherent_v1+components[pts:pmf_sim_v1+role_aware_pmf_cal_v1:rotation+monotone_pit_cdf_v1,reb:pmf_sim_v1+role_aware_pmf_cal_v1:rotation+monotone_pit_cdf_v1,ast:pmf_sim_v1+role_aware_pmf_cal_v1:rotation+monotone_pit_cdf_v1]+prior_combo[joint_sampler_v1+joint_combo_pmf_v1+role_aware_pmf_cal_v1:rotation+monotone_pit_cdf_v1]+stat_grid_final_component_convolution_mean_coherent_v1",phase8_role_aware_pmf_cal_v1+monotone_inactive_global_v1,morning,2026-05-25T17:16:35Z,a9062c09#phase10c,3b1a8703-3820-4ed7-a736-0023491c28e4,ok,0.0,high,full,current_phase8,unknown,projected,derived_from_projected_minutes,68,0.0
Sam Merrill,3547299,CLE,NYK,True,21713901,pra,rotation,"stat_grid:component_convolution_mean_coherent_v1+components[pts:pmf_sim_v1+role_aware_pmf_cal_v1:rotation+monotone_pit_cdf_v1,reb:pmf_sim_v1+role_aware_pmf_cal_v1:rotation+monotone_pit_cdf_v1,ast:pmf_sim_v1+role_aware_pmf_cal_v1:rotation+monotone_pit_cdf_v1]+prior_combo[joint_sampler_v1+joint_combo_pmf_v1+role_aware_pmf_cal_v1:rotation+monotone_pit_cdf_v1]+stat_grid_final_component_convolution_mean_coherent_v1",phase8_role_aware_pmf_cal_v1+monotone_inactive_global_v1,morning,2026-05-25T17:16:35Z,a9062c09#phase10c,3b1a8703-3820-4ed7-a736-0023491c28e4,ok,0.0,high,full,current_phase8,unknown,projected,derived_from_projected_minutes,69,0.0
Sam Merrill,3547299,CLE,NYK,True,21713901,pra,rotation,"stat_grid:component_convolution_mean_coherent_v1+components[pts:pmf_sim_v1+role_aware_pmf_cal_v1:rotation+monotone_pit_cdf_v1,reb:pmf_sim_v1+role_aware_pmf_cal_v1:rotation+monotone_pit_cdf_v1,ast:pmf_sim_v1+role_aware_pmf_cal_v1:rotation+monotone_pit_cdf_v1]+prior_combo[joint_sampler_v1+joint_combo_pmf_v1+role_aware_pmf_cal_v1:rotation+monotone_pit_cdf_v1]+stat_grid_final_component_convolution_mean_coherent_v1",phase8_role_aware_pmf_cal_v1+monotone_inactive_global_v1,morning,2026-05-25T17:16:35Z,a9062c09#phase10c,3b1a8703-3820-4ed7-a736-0023491c28e4,ok,0.0,high,full,current_phase8,unknown,projected,derived_from_projected_minutes,70,0.0
Sam Merrill,3547299,CLE,NYK,True,21713901,pra,rotation,"stat_grid:component_convolution_mean_coherent_v1+components[pts:pmf_sim_v1+role_aware_pmf_cal_v1:rotation+monotone_pit_cdf_v1,reb:pmf_sim_v1+role_aware_pmf_cal_v1:rotation+monotone_pit_cdf_v1,ast:pmf_sim_v1+role_aware_pmf_cal_v1:rotation+monotone_pit_cdf_v1]+prior_combo[joint_sampler_v1+joint_combo_pmf_v1+role_aware_pmf_cal_v1:rotation+monotone_pit_cdf_v1]+stat_grid_final_component_convolution_mean_coherent_v1",phase8_role_aware_pmf_cal_v1+monotone_inactive_global_v1,morning,2026-05-25T17:16:35Z,a9062c09#phase10c,3b1a8703-3820-4ed7-a736-0023491c28e4,ok,0.0,high,full,current_phase8,unknown,projected,derived_from_projected_minutes,71,0.0
Sam Merrill,3547299,CLE,NYK,True,21713901,pra,rotation,"stat_grid:component_convolution_mean_coherent_v1+components[pts:pmf_sim_v1+role_aware_pmf_cal_v1:rotation+monotone_pit_cdf_v1,reb:pmf_sim_v1+role_aware_pmf_cal_v1:rotation+monotone_pit_cdf_v1,ast:pmf_sim_v1+role_aware_pmf_cal_v1:rotation+monotone_pit_cdf_v1]+prior_combo[joint_sampler_v1+joint_combo_pmf_v1+role_aware_pmf_cal_v1:rotation+monotone_pit_cdf_v1]+stat_grid_final_component_convolution_mean_coherent_v1",phase8_role_aware_pmf_cal_v1+monotone_inactive_global_v1,morning,2026-05-25T17:16:35Z,a9062c09#phase10c,3b1a8703-3820-4ed7-a736-0023491c28e4,ok,0.0,high,full,current_phase8,unknown,projected,derived_from_projected_minutes,72,0.0
Sam Merrill,3547299,CLE,NYK,True,21713901,pra,rotation,"stat_grid:component_convolution_mean_coherent_v1+components[pts:pmf_sim_v1+role_aware_pmf_cal_v1:rotation+monotone_pit_cdf_v1,reb:pmf_sim_v1+role_aware_pmf_cal_v1:rotation+monotone_pit_cdf_v1,ast:pmf_sim_v1+role_aware_pmf_cal_v1:rotation+monotone_pit_cdf_v1]+prior_combo[joint_sampler_v1+joint_combo_pmf_v1+role_aware_pmf_cal_v1:rotation+monotone_pit_cdf_v1]+stat_grid_final_component_convolution_mean_coherent_v1",phase8_role_aware_pmf_cal_v1+monotone_inactive_global_v1,morning,2026-05-25T17:16:35Z,a9062c09#phase10c,3b1a8703-3820-4ed7-a736-0023491c28e4,ok,0.0,high,full,current_phase8,unknown,projected,derived_from_projected_minutes,73,0.0
Sam Merrill,3547299,CLE,NYK,True,21713901,pra,rotation,"stat_grid:component_convolution_mean_coherent_v1+components[pts:pmf_sim_v1+role_aware_pmf_cal_v1:rotation+monotone_pit_cdf_v1,reb:pmf_sim_v1+role_aware_pmf_cal_v1:rotation+monotone_pit_cdf_v1,ast:pmf_sim_v1+role_aware_pmf_cal_v1:rotation+monotone_pit_cdf_v1]+prior_combo[joint_sampler_v1+joint_combo_pmf_v1+role_aware_pmf_cal_v1:rotation+monotone_pit_cdf_v1]+stat_grid_final_component_convolution_mean_coherent_v1",phase8_role_aware_pmf_cal_v1+monotone_inactive_global_v1,morning,2026-05-25T17:16:35Z,a9062c09#phase10c,3b1a8703-3820-4ed7-a736-0023491c28e4,ok,0.0,high,full,current_phase8,unknown,projected,derived_from_projected_minutes,74,0.0
Sam Merrill,3547299,CLE,NYK,True,21713901,pra,rotation,"stat_grid:component_convolution_mean_coherent_v1+components[pts:pmf_sim_v1+role_aware_pmf_cal_v1:rotation+monotone_pit_cdf_v1,reb:pmf_sim_v1+role_aware_pmf_cal_v1:rotation+monotone_pit_cdf_v1,ast:pmf_sim_v1+role_aware_pmf_cal_v1:rotation+monotone_pit_cdf_v1]+prior_combo[joint_sampler_v1+joint_combo_pmf_v1+role_aware_pmf_cal_v1:rotation+monotone_pit_cdf_v1]+stat_grid_final_component_convolution_mean_coherent_v1",phase8_role_aware_pmf_cal_v1+monotone_inactive_global_v1,morning,2026-05-25T17:16:35Z,a9062c09#phase10c,3b1a8703-3820-4ed7-a736-0023491c28e4,ok,0.0,high,full,current_phase8,unknown,projected,derived_from_projected_minutes,75,0.0
Sam Merrill,3547299,CLE,NYK,True,21713901,pra,rotation,"stat_grid:component_convolution_mean_coherent_v1+components[pts:pmf_sim_v1+role_aware_pmf_cal_v1:rotation+monotone_pit_cdf_v1,reb:pmf_sim_v1+role_aware_pmf_cal_v1:rotation+monotone_pit_cdf_v1,ast:pmf_sim_v1+role_aware_pmf_cal_v1:rotation+monotone_pit_cdf_v1]+prior_combo[joint_sampler_v1+joint_combo_pmf_v1+role_aware_pmf_cal_v1:rotation+monotone_pit_cdf_v1]+stat_grid_final_component_convolution_mean_coherent_v1",phase8_role_aware_pmf_cal_v1+monotone_inactive_global_v1,morning,2026-05-25T17:16:35Z,a9062c09#phase10c,3b1a8703-3820-4ed7-a736-0023491c28e4,ok,0.0,high,full,current_phase8,unknown,projected,derived_from_projected_minutes,76,0.0
Sam Merrill,3547299,CLE,NYK,True,21713901,pra,rotation,"stat_grid:component_convolution_mean_coherent_v1+components[pts:pmf_sim_v1+role_aware_pmf_cal_v1:rotation+monotone_pit_cdf_v1,reb:pmf_sim_v1+role_aware_pmf_cal_v1:rotation+monotone_pit_cdf_v1,ast:pmf_sim_v1+role_aware_pmf_cal_v1:rotation+monotone_pit_cdf_v1]+prior_combo[joint_sampler_v1+joint_combo_pmf_v1+role_aware_pmf_cal_v1:rotation+monotone_pit_cdf_v1]+stat_grid_final_component_convolution_mean_coherent_v1",phase8_role_aware_pmf_cal_v1+monotone_inactive_global_v1,morning,2026-05-25T17:16:35Z,a9062c09#phase10c,3b1a8703-3820-4ed7-a736-0023491c28e4,ok,0.0,high,full,current_phase8,unknown,projected,derived_from_projected_minutes,77,0.0
Sam Merrill,3547299,CLE,NYK,True,21713901,pra,rotation,"stat_grid:component_convolution_mean_coherent_v1+components[pts:pmf_sim_v1+role_aware_pmf_cal_v1:rotation+monotone_pit_cdf_v1,reb:pmf_sim_v1+role_aware_pmf_cal_v1:rotation+monotone_pit_cdf_v1,ast:pmf_sim_v1+role_aware_pmf_cal_v1:rotation+monotone_pit_cdf_v1]+prior_combo[joint_sampler_v1+joint_combo_pmf_v1+role_aware_pmf_cal_v1:rotation+monotone_pit_cdf_v1]+stat_grid_final_component_convolution_mean_coherent_v1",phase8_role_aware_pmf_cal_v1+monotone_inactive_global_v1,morning,2026-05-25T17:16:35Z,a9062c09#phase10c,3b1a8703-3820-4ed7-a736-0023491c28e4,ok,0.0,high,full,current_phase8,unknown,projected,derived_from_projected_minutes,78,0.0
Sam Merrill,3547299,CLE,NYK,True,21713901,pra,rotation,"stat_grid:component_convolution_mean_coherent_v1+components[pts:pmf_sim_v1+role_aware_pmf_cal_v1:rotation+monotone_pit_cdf_v1,reb:pmf_sim_v1+role_aware_pmf_cal_v1:rotation+monotone_pit_cdf_v1,ast:pmf_sim_v1+role_aware_pmf_cal_v1:rotation+monotone_pit_cdf_v1]+prior_combo[joint_sampler_v1+joint_combo_pmf_v1+role_aware_pmf_cal_v1:rotation+monotone_pit_cdf_v1]+stat_grid_final_component_convolution_mean_coherent_v1",phase8_role_aware_pmf_cal_v1+monotone_inactive_global_v1,morning,2026-05-25T17:16:35Z,a9062c09#phase10c,3b1a8703-3820-4ed7-a736-0023491c28e4,ok,0.0,high,full,current_phase8,unknown,projected,derived_from_projected_minutes,79,0.0
Sam Merrill,3547299,CLE,NYK,True,21713901,pra,rotation,"stat_grid:component_convolution_mean_coherent_v1+components[pts:pmf_sim_v1+role_aware_pmf_cal_v1:rotation+monotone_pit_cdf_v1,reb:pmf_sim_v1+role_aware_pmf_cal_v1:rotation+monotone_pit_cdf_v1,ast:pmf_sim_v1+role_aware_pmf_cal_v1:rotation+monotone_pit_cdf_v1]+prior_combo[joint_sampler_v1+joint_combo_pmf_v1+role_aware_pmf_cal_v1:rotation+monotone_pit_cdf_v1]+stat_grid_final_component_convolution_mean_coherent_v1",phase8_role_aware_pmf_cal_v1+monotone_inactive_global_v1,morning,2026-05-25T17:16:35Z,a9062c09#phase10c,3b1a8703-3820-4ed7-a736-0023491c28e4,ok,0.0,high,full,current_phase8,unknown,projected,derived_from_projected_minutes,80,0.0
Sam Merrill,3547299,CLE,NYK,True,21713901,pra,rotation,"stat_grid:component_convolution_mean_coherent_v1+components[pts:pmf_sim_v1+role_aware_pmf_cal_v1:rotation+monotone_pit_cdf_v1,reb:pmf_sim_v1+role_aware_pmf_cal_v1:rotation+monotone_pit_cdf_v1,ast:pmf_sim_v1+role_aware_pmf_cal_v1:rotation+monotone_pit_cdf_v1]+prior_combo[joint_sampler_v1+joint_combo_pmf_v1+role_aware_pmf_cal_v1:rotation+monotone_pit_cdf_v1]+stat_grid_final_component_convolution_mean_coherent_v1",phase8_role_aware_pmf_cal_v1+monotone_inactive_global_v1,morning,2026-05-25T17:16:35Z,a9062c09#phase10c,3b1a8703-3820-4ed7-a736-0023491c28e4,ok,0.0,high,full,current_phase8,unknown,projected,derived_from_projected_minutes,81,0.0
Sam Merrill,3547299,CLE,NYK,True,21713901,pra,rotation,"stat_grid:component_convolution_mean_coherent_v1+components[pts:pmf_sim_v1+role_aware_pmf_cal_v1:rotation+monotone_pit_cdf_v1,reb:pmf_sim_v1+role_aware_pmf_cal_v1:rotation+monotone_pit_cdf_v1,ast:pmf_sim_v1+role_aware_pmf_cal_v1:rotation+monotone_pit_cdf_v1]+prior_combo[joint_sampler_v1+joint_combo_pmf_v1+role_aware_pmf_cal_v1:rotation+monotone_pit_cdf_v1]+stat_grid_final_component_convolution_mean_coherent_v1",phase8_role_aware_pmf_cal_v1+monotone_inactive_global_v1,morning,2026-05-25T17:16:35Z,a9062c09#phase10c,3b1a8703-3820-4ed7-a736-0023491c28e4,ok,0.0,high,full,current_phase8,unknown,projected,derived_from_projected_minutes,82,0.0
Sam Merrill,3547299,CLE,NYK,True,21713901,pra,rotation,"stat_grid:component_convolution_mean_coherent_v1+components[pts:pmf_sim_v1+role_aware_pmf_cal_v1:rotation+monotone_pit_cdf_v1,reb:pmf_sim_v1+role_aware_pmf_cal_v1:rotation+monotone_pit_cdf_v1,ast:pmf_sim_v1+role_aware_pmf_cal_v1:rotation+monotone_pit_cdf_v1]+prior_combo[joint_sampler_v1+joint_combo_pmf_v1+role_aware_pmf_cal_v1:rotation+monotone_pit_cdf_v1]+stat_grid_final_component_convolution_mean_coherent_v1",phase8_role_aware_pmf_cal_v1+monotone_inactive_global_v1,morning,2026-05-25T17:16:35Z,a9062c09#phase10c,3b1a8703-3820-4ed7-a736-0023491c28e4,ok,0.0,high,full,current_phase8,unknown,projected,derived_from_projected_minutes,83,0.0
Sam Merrill,3547299,CLE,NYK,True,21713901,pra,rotation,"stat_grid:component_convolution_mean_coherent_v1+components[pts:pmf_sim_v1+role_aware_pmf_cal_v1:rotation+monotone_pit_cdf_v1,reb:pmf_sim_v1+role_aware_pmf_cal_v1:rotation+monotone_pit_cdf_v1,ast:pmf_sim_v1+role_aware_pmf_cal_v1:rotation+monotone_pit_cdf_v1]+prior_combo[joint_sampler_v1+joint_combo_pmf_v1+role_aware_pmf_cal_v1:rotation+monotone_pit_cdf_v1]+stat_grid_final_component_convolution_mean_coherent_v1",phase8_role_aware_pmf_cal_v1+monotone_inactive_global_v1,morning,2026-05-25T17:16:35Z,a9062c09#phase10c,3b1a8703-3820-4ed7-a736-0023491c28e4,ok,0.0,high,full,current_phase8,unknown,projected,derived_from_projected_minutes,84,0.0
Sam Merrill,3547299,CLE,NYK,True,21713901,pra,rotation,"stat_grid:component_convolution_mean_coherent_v1+components[pts:pmf_sim_v1+role_aware_pmf_cal_v1:rotation+monotone_pit_cdf_v1,reb:pmf_sim_v1+role_aware_pmf_cal_v1:rotation+monotone_pit_cdf_v1,ast:pmf_sim_v1+role_aware_pmf_cal_v1:rotation+monotone_pit_cdf_v1]+prior_combo[joint_sampler_v1+joint_combo_pmf_v1+role_aware_pmf_cal_v1:rotation+monotone_pit_cdf_v1]+stat_grid_final_component_convolution_mean_coherent_v1",phase8_role_aware_pmf_cal_v1+monotone_inactive_global_v1,morning,2026-05-25T17:16:35Z,a9062c09#phase10c,3b1a8703-3820-4ed7-a736-0023491c28e4,ok,0.0,high,full,current_phase8,unknown,projected,derived_from_projected_minutes,85,0.0
Sam Merrill,3547299,CLE,NYK,True,21713901,pra,rotation,"stat_grid:component_convolution_mean_coherent_v1+components[pts:pmf_sim_v1+role_aware_pmf_cal_v1:rotation+monotone_pit_cdf_v1,reb:pmf_sim_v1+role_aware_pmf_cal_v1:rotation+monotone_pit_cdf_v1,ast:pmf_sim_v1+role_aware_pmf_cal_v1:rotation+monotone_pit_cdf_v1]+prior_combo[joint_sampler_v1+joint_combo_pmf_v1+role_aware_pmf_cal_v1:rotation+monotone_pit_cdf_v1]+stat_grid_final_component_convolution_mean_coherent_v1",phase8_role_aware_pmf_cal_v1+monotone_inactive_global_v1,morning,2026-05-25T17:16:35Z,a9062c09#phase10c,3b1a8703-3820-4ed7-a736-0023491c28e4,ok,0.0,high,full,current_phase8,unknown,projected,derived_from_projected_minutes,86,0.0
Sam Merrill,3547299,CLE,NYK,True,21713901,pra,rotation,"stat_grid:component_convolution_mean_coherent_v1+components[pts:pmf_sim_v1+role_aware_pmf_cal_v1:rotation+monotone_pit_cdf_v1,reb:pmf_sim_v1+role_aware_pmf_cal_v1:rotation+monotone_pit_cdf_v1,ast:pmf_sim_v1+role_aware_pmf_cal_v1:rotation+monotone_pit_cdf_v1]+prior_combo[joint_sampler_v1+joint_combo_pmf_v1+role_aware_pmf_cal_v1:rotation+monotone_pit_cdf_v1]+stat_grid_final_component_convolution_mean_coherent_v1",phase8_role_aware_pmf_cal_v1+monotone_inactive_global_v1,morning,2026-05-25T17:16:35Z,a9062c09#phase10c,3b1a8703-3820-4ed7-a736-0023491c28e4,ok,0.0,high,full,current_phase8,unknown,projected,derived_from_projected_minutes,87,0.0
Sam Merrill,3547299,CLE,NYK,True,21713901,pra,rotation,"stat_grid:component_convolution_mean_coherent_v1+components[pts:pmf_sim_v1+role_aware_pmf_cal_v1:rotation+monotone_pit_cdf_v1,reb:pmf_sim_v1+role_aware_pmf_cal_v1:rotation+monotone_pit_cdf_v1,ast:pmf_sim_v1+role_aware_pmf_cal_v1:rotation+monotone_pit_cdf_v1]+prior_combo[joint_sampler_v1+joint_combo_pmf_v1+role_aware_pmf_cal_v1:rotation+monotone_pit_cdf_v1]+stat_grid_final_component_convolution_mean_coherent_v1",phase8_role_aware_pmf_cal_v1+monotone_inactive_global_v1,morning,2026-05-25T17:16:35Z,a9062c09#phase10c,3b1a8703-3820-4ed7-a736-0023491c28e4,ok,0.0,high,full,current_phase8,unknown,projected,derived_from_projected_minutes,88,0.0
Sam Merrill,3547299,CLE,NYK,True,21713901,pra,rotation,"stat_grid:component_convolution_mean_coherent_v1+components[pts:pmf_sim_v1+role_aware_pmf_cal_v1:rotation+monotone_pit_cdf_v1,reb:pmf_sim_v1+role_aware_pmf_cal_v1:rotation+monotone_pit_cdf_v1,ast:pmf_sim_v1+role_aware_pmf_cal_v1:rotation+monotone_pit_cdf_v1]+prior_combo[joint_sampler_v1+joint_combo_pmf_v1+role_aware_pmf_cal_v1:rotation+monotone_pit_cdf_v1]+stat_grid_final_component_convolution_mean_coherent_v1",phase8_role_aware_pmf_cal_v1+monotone_inactive_global_v1,morning,2026-05-25T17:16:35Z,a9062c09#phase10c,3b1a8703-3820-4ed7-a736-0023491c28e4,ok,0.0,high,full,current_phase8,unknown,projected,derived_from_projected_minutes,89,0.0
Sam Merrill,3547299,CLE,NYK,True,21713901,pra,rotation,"stat_grid:component_convolution_mean_coherent_v1+components[pts:pmf_sim_v1+role_aware_pmf_cal_v1:rotation+monotone_pit_cdf_v1,reb:pmf_sim_v1+role_aware_pmf_cal_v1:rotation+monotone_pit_cdf_v1,ast:pmf_sim_v1+role_aware_pmf_cal_v1:rotation+monotone_pit_cdf_v1]+prior_combo[joint_sampler_v1+joint_combo_pmf_v1+role_aware_pmf_cal_v1:rotation+monotone_pit_cdf_v1]+stat_grid_final_component_convolution_mean_coherent_v1",phase8_role_aware_pmf_cal_v1+monotone_inactive_global_v1,morning,2026-05-25T17:16:35Z,a9062c09#phase10c,3b1a8703-3820-4ed7-a736-0023491c28e4,ok,0.0,high,full,current_phase8,unknown,projected,derived_from_projected_minutes,90,0.0
Sam Merrill,3547299,CLE,NYK,True,21713901,pra,rotation,"stat_grid:component_convolution_mean_coherent_v1+components[pts:pmf_sim_v1+role_aware_pmf_cal_v1:rotation+monotone_pit_cdf_v1,reb:pmf_sim_v1+role_aware_pmf_cal_v1:rotation+monotone_pit_cdf_v1,ast:pmf_sim_v1+role_aware_pmf_cal_v1:rotation+monotone_pit_cdf_v1]+prior_combo[joint_sampler_v1+joint_combo_pmf_v1+role_aware_pmf_cal_v1:rotation+monotone_pit_cdf_v1]+stat_grid_final_component_convolution_mean_coherent_v1",phase8_role_aware_pmf_cal_v1+monotone_inactive_global_v1,morning,2026-05-25T17:16:35Z,a9062c09#phase10c,3b1a8703-3820-4ed7-a736-0023491c28e4,ok,0.0,high,full,current_phase8,unknown,projected,derived_from_projected_minutes,91,0.0
Sam Merrill,3547299,CLE,NYK,True,21713901,pra,rotation,"stat_grid:component_convolution_mean_coherent_v1+components[pts:pmf_sim_v1+role_aware_pmf_cal_v1:rotation+monotone_pit_cdf_v1,reb:pmf_sim_v1+role_aware_pmf_cal_v1:rotation+monotone_pit_cdf_v1,ast:pmf_sim_v1+role_aware_pmf_cal_v1:rotation+monotone_pit_cdf_v1]+prior_combo[joint_sampler_v1+joint_combo_pmf_v1+role_aware_pmf_cal_v1:rotation+monotone_pit_cdf_v1]+stat_grid_final_component_convolution_mean_coherent_v1",phase8_role_aware_pmf_cal_v1+monotone_inactive_global_v1,morning,2026-05-25T17:16:35Z,a9062c09#phase10c,3b1a8703-3820-4ed7-a736-0023491c28e4,ok,0.0,high,full,current_phase8,unknown,projected,derived_from_projected_minutes,92,0.0
Sam Merrill,3547299,CLE,NYK,True,21713901,pra,rotation,"stat_grid:component_convolution_mean_coherent_v1+components[pts:pmf_sim_v1+role_aware_pmf_cal_v1:rotation+monotone_pit_cdf_v1,reb:pmf_sim_v1+role_aware_pmf_cal_v1:rotation+monotone_pit_cdf_v1,ast:pmf_sim_v1+role_aware_pmf_cal_v1:rotation+monotone_pit_cdf_v1]+prior_combo[joint_sampler_v1+joint_combo_pmf_v1+role_aware_pmf_cal_v1:rotation+monotone_pit_cdf_v1]+stat_grid_final_component_convolution_mean_coherent_v1",phase8_role_aware_pmf_cal_v1+monotone_inactive_global_v1,morning,2026-05-25T17:16:35Z,a9062c09#phase10c,3b1a8703-3820-4ed7-a736-0023491c28e4,ok,0.0,high,full,current_phase8,unknown,projected,derived_from_projected_minutes,93,0.0
Sam Merrill,3547299,CLE,NYK,True,21713901,pra,rotation,"stat_grid:component_convolution_mean_coherent_v1+components[pts:pmf_sim_v1+role_aware_pmf_cal_v1:rotation+monotone_pit_cdf_v1,reb:pmf_sim_v1+role_aware_pmf_cal_v1:rotation+monotone_pit_cdf_v1,ast:pmf_sim_v1+role_aware_pmf_cal_v1:rotation+monotone_pit_cdf_v1]+prior_combo[joint_sampler_v1+joint_combo_pmf_v1+role_aware_pmf_cal_v1:rotation+monotone_pit_cdf_v1]+stat_grid_final_component_convolution_mean_coherent_v1",phase8_role_aware_pmf_cal_v1+monotone_inactive_global_v1,morning,2026-05-25T17:16:35Z,a9062c09#phase10c,3b1a8703-3820-4ed7-a736-0023491c28e4,ok,0.0,high,full,current_phase8,unknown,projected,derived_from_projected_minutes,94,0.0
Sam Merrill,3547299,CLE,NYK,True,21713901,pra,rotation,"stat_grid:component_convolution_mean_coherent_v1+components[pts:pmf_sim_v1+role_aware_pmf_cal_v1:rotation+monotone_pit_cdf_v1,reb:pmf_sim_v1+role_aware_pmf_cal_v1:rotation+monotone_pit_cdf_v1,ast:pmf_sim_v1+role_aware_pmf_cal_v1:rotation+monotone_pit_cdf_v1]+prior_combo[joint_sampler_v1+joint_combo_pmf_v1+role_aware_pmf_cal_v1:rotation+monotone_pit_cdf_v1]+stat_grid_final_component_convolution_mean_coherent_v1",phase8_role_aware_pmf_cal_v1+monotone_inactive_global_v1,morning,2026-05-25T17:16:35Z,a9062c09#phase10c,3b1a8703-3820-4ed7-a736-0023491c28e4,ok,0.0,high,full,current_phase8,unknown,projected,derived_from_projected_minutes,95,0.0
Sam Merrill,3547299,CLE,NYK,True,21713901,pra,rotation,"stat_grid:component_convolution_mean_coherent_v1+components[pts:pmf_sim_v1+role_aware_pmf_cal_v1:rotation+monotone_pit_cdf_v1,reb:pmf_sim_v1+role_aware_pmf_cal_v1:rotation+monotone_pit_cdf_v1,ast:pmf_sim_v1+role_aware_pmf_cal_v1:rotation+monotone_pit_cdf_v1]+prior_combo[joint_sampler_v1+joint_combo_pmf_v1+role_aware_pmf_cal_v1:rotation+monotone_pit_cdf_v1]+stat_grid_final_component_convolution_mean_coherent_v1",phase8_role_aware_pmf_cal_v1+monotone_inactive_global_v1,morning,2026-05-25T17:16:35Z,a9062c09#phase10c,3b1a8703-3820-4ed7-a736-0023491c28e4,ok,0.0,high,full,current_phase8,unknown,projected,derived_from_projected_minutes,96,0.0
Sam Merrill,3547299,CLE,NYK,True,21713901,pra,rotation,"stat_grid:component_convolution_mean_coherent_v1+components[pts:pmf_sim_v1+role_aware_pmf_cal_v1:rotation+monotone_pit_cdf_v1,reb:pmf_sim_v1+role_aware_pmf_cal_v1:rotation+monotone_pit_cdf_v1,ast:pmf_sim_v1+role_aware_pmf_cal_v1:rotation+monotone_pit_cdf_v1]+prior_combo[joint_sampler_v1+joint_combo_pmf_v1+role_aware_pmf_cal_v1:rotation+monotone_pit_cdf_v1]+stat_grid_final_component_convolution_mean_coherent_v1",phase8_role_aware_pmf_cal_v1+monotone_inactive_global_v1,morning,2026-05-25T17:16:35Z,a9062c09#phase10c,3b1a8703-3820-4ed7-a736-0023491c28e4,ok,0.0,high,full,current_phase8,unknown,projected,derived_from_projected_minutes,97,0.0
Sam Merrill,3547299,CLE,NYK,True,21713901,pra,rotation,"stat_grid:component_convolution_mean_coherent_v1+components[pts:pmf_sim_v1+role_aware_pmf_cal_v1:rotation+monotone_pit_cdf_v1,reb:pmf_sim_v1+role_aware_pmf_cal_v1:rotation+monotone_pit_cdf_v1,ast:pmf_sim_v1+role_aware_pmf_cal_v1:rotation+monotone_pit_cdf_v1]+prior_combo[joint_sampler_v1+joint_combo_pmf_v1+role_aware_pmf_cal_v1:rotation+monotone_pit_cdf_v1]+stat_grid_final_component_convolution_mean_coherent_v1",phase8_role_aware_pmf_cal_v1+monotone_inactive_global_v1,morning,2026-05-25T17:16:35Z,a9062c09#phase10c,3b1a8703-3820-4ed7-a736-0023491c28e4,ok,0.0,high,full,current_phase8,unknown,projected,derived_from_projected_minutes,98,0.0
Sam Merrill,3547299,CLE,NYK,True,21713901,pra,rotation,"stat_grid:component_convolution_mean_coherent_v1+components[pts:pmf_sim_v1+role_aware_pmf_cal_v1:rotation+monotone_pit_cdf_v1,reb:pmf_sim_v1+role_aware_pmf_cal_v1:rotation+monotone_pit_cdf_v1,ast:pmf_sim_v1+role_aware_pmf_cal_v1:rotation+monotone_pit_cdf_v1]+prior_combo[joint_sampler_v1+joint_combo_pmf_v1+role_aware_pmf_cal_v1:rotation+monotone_pit_cdf_v1]+stat_grid_final_component_convolution_mean_coherent_v1",phase8_role_aware_pmf_cal_v1+monotone_inactive_global_v1,morning,2026-05-25T17:16:35Z,a9062c09#phase10c,3b1a8703-3820-4ed7-a736-0023491c28e4,ok,0.0,high,full,current_phase8,unknown,projected,derived_from_projected_minutes,99,0.0
Sam Merrill,3547299,CLE,NYK,True,21713901,pra,rotation,"stat_grid:component_convolution_mean_coherent_v1+components[pts:pmf_sim_v1+role_aware_pmf_cal_v1:rotation+monotone_pit_cdf_v1,reb:pmf_sim_v1+role_aware_pmf_cal_v1:rotation+monotone_pit_cdf_v1,ast:pmf_sim_v1+role_aware_pmf_cal_v1:rotation+monotone_pit_cdf_v1]+prior_combo[joint_sampler_v1+joint_combo_pmf_v1+role_aware_pmf_cal_v1:rotation+monotone_pit_cdf_v1]+stat_grid_final_component_convolution_mean_coherent_v1",phase8_role_aware_pmf_cal_v1+monotone_inactive_global_v1,morning,2026-05-25T17:16:35Z,a9062c09#phase10c,3b1a8703-3820-4ed7-a736-0023491c28e4,ok,0.0,high,full,current_phase8,unknown,projected,derived_from_projected_minutes,100,0.0
Sam Merrill,3547299,CLE,NYK,True,21713901,pra,rotation,"stat_grid:component_convolution_mean_coherent_v1+components[pts:pmf_sim_v1+role_aware_pmf_cal_v1:rotation+monotone_pit_cdf_v1,reb:pmf_sim_v1+role_aware_pmf_cal_v1:rotation+monotone_pit_cdf_v1,ast:pmf_sim_v1+role_aware_pmf_cal_v1:rotation+monotone_pit_cdf_v1]+prior_combo[joint_sampler_v1+joint_combo_pmf_v1+role_aware_pmf_cal_v1:rotation+monotone_pit_cdf_v1]+stat_grid_final_component_convolution_mean_coherent_v1",phase8_role_aware_pmf_cal_v1+monotone_inactive_global_v1,morning,2026-05-25T17:16:35Z,a9062c09#phase10c,3b1a8703-3820-4ed7-a736-0023491c28e4,ok,0.0,high,full,current_phase8,unknown,projected,derived_from_projected_minutes,101,0.0
Sam Merrill,3547299,CLE,NYK,True,21713901,pra,rotation,"stat_grid:component_convolution_mean_coherent_v1+components[pts:pmf_sim_v1+role_aware_pmf_cal_v1:rotation+monotone_pit_cdf_v1,reb:pmf_sim_v1+role_aware_pmf_cal_v1:rotation+monotone_pit_cdf_v1,ast:pmf_sim_v1+role_aware_pmf_cal_v1:rotation+monotone_pit_cdf_v1]+prior_combo[joint_sampler_v1+joint_combo_pmf_v1+role_aware_pmf_cal_v1:rotation+monotone_pit_cdf_v1]+stat_grid_final_component_convolution_mean_coherent_v1",phase8_role_aware_pmf_cal_v1+monotone_inactive_global_v1,morning,2026-05-25T17:16:35Z,a9062c09#phase10c,3b1a8703-3820-4ed7-a736-0023491c28e4,ok,0.0,high,full,current_phase8,unknown,projected,derived_from_projected_minutes,102,0.0
Sam Merrill,3547299,CLE,NYK,True,21713901,pra,rotation,"stat_grid:component_convolution_mean_coherent_v1+components[pts:pmf_sim_v1+role_aware_pmf_cal_v1:rotation+monotone_pit_cdf_v1,reb:pmf_sim_v1+role_aware_pmf_cal_v1:rotation+monotone_pit_cdf_v1,ast:pmf_sim_v1+role_aware_pmf_cal_v1:rotation+monotone_pit_cdf_v1]+prior_combo[joint_sampler_v1+joint_combo_pmf_v1+role_aware_pmf_cal_v1:rotation+monotone_pit_cdf_v1]+stat_grid_final_component_convolution_mean_coherent_v1",phase8_role_aware_pmf_cal_v1+monotone_inactive_global_v1,morning,2026-05-25T17:16:35Z,a9062c09#phase10c,3b1a8703-3820-4ed7-a736-0023491c28e4,ok,0.0,high,full,current_phase8,unknown,projected,derived_from_projected_minutes,103,0.0
Sam Merrill,3547299,CLE,NYK,True,21713901,pra,rotation,"stat_grid:component_convolution_mean_coherent_v1+components[pts:pmf_sim_v1+role_aware_pmf_cal_v1:rotation+monotone_pit_cdf_v1,reb:pmf_sim_v1+role_aware_pmf_cal_v1:rotation+monotone_pit_cdf_v1,ast:pmf_sim_v1+role_aware_pmf_cal_v1:rotation+monotone_pit_cdf_v1]+prior_combo[joint_sampler_v1+joint_combo_pmf_v1+role_aware_pmf_cal_v1:rotation+monotone_pit_cdf_v1]+stat_grid_final_component_convolution_mean_coherent_v1",phase8_role_aware_pmf_cal_v1+monotone_inactive_global_v1,morning,2026-05-25T17:16:35Z,a9062c09#phase10c,3b1a8703-3820-4ed7-a736-0023491c28e4,ok,0.0,high,full,current_phase8,unknown,projected,derived_from_projected_minutes,104,0.0
Sam Merrill,3547299,CLE,NYK,True,21713901,pra,rotation,"stat_grid:component_convolution_mean_coherent_v1+components[pts:pmf_sim_v1+role_aware_pmf_cal_v1:rotation+monotone_pit_cdf_v1,reb:pmf_sim_v1+role_aware_pmf_cal_v1:rotation+monotone_pit_cdf_v1,ast:pmf_sim_v1+role_aware_pmf_cal_v1:rotation+monotone_pit_cdf_v1]+prior_combo[joint_sampler_v1+joint_combo_pmf_v1+role_aware_pmf_cal_v1:rotation+monotone_pit_cdf_v1]+stat_grid_final_component_convolution_mean_coherent_v1",phase8_role_aware_pmf_cal_v1+monotone_inactive_global_v1,morning,2026-05-25T17:16:35Z,a9062c09#phase10c,3b1a8703-3820-4ed7-a736-0023491c28e4,ok,0.0,high,full,current_phase8,unknown,projected,derived_from_projected_minutes,105,0.0
Sam Merrill,3547299,CLE,NYK,True,21713901,pra,rotation,"stat_grid:component_convolution_mean_coherent_v1+components[pts:pmf_sim_v1+role_aware_pmf_cal_v1:rotation+monotone_pit_cdf_v1,reb:pmf_sim_v1+role_aware_pmf_cal_v1:rotation+monotone_pit_cdf_v1,ast:pmf_sim_v1+role_aware_pmf_cal_v1:rotation+monotone_pit_cdf_v1]+prior_combo[joint_sampler_v1+joint_combo_pmf_v1+role_aware_pmf_cal_v1:rotation+monotone_pit_cdf_v1]+stat_grid_final_component_convolution_mean_coherent_v1",phase8_role_aware_pmf_cal_v1+monotone_inactive_global_v1,morning,2026-05-25T17:16:35Z,a9062c09#phase10c,3b1a8703-3820-4ed7-a736-0023491c28e4,ok,0.0,high,full,current_phase8,unknown,projected,derived_from_projected_minutes,106,0.0
Sam Merrill,3547299,CLE,NYK,True,21713901,pra,rotation,"stat_grid:component_convolution_mean_coherent_v1+components[pts:pmf_sim_v1+role_aware_pmf_cal_v1:rotation+monotone_pit_cdf_v1,reb:pmf_sim_v1+role_aware_pmf_cal_v1:rotation+monotone_pit_cdf_v1,ast:pmf_sim_v1+role_aware_pmf_cal_v1:rotation+monotone_pit_cdf_v1]+prior_combo[joint_sampler_v1+joint_combo_pmf_v1+role_aware_pmf_cal_v1:rotation+monotone_pit_cdf_v1]+stat_grid_final_component_convolution_mean_coherent_v1",phase8_role_aware_pmf_cal_v1+monotone_inactive_global_v1,morning,2026-05-25T17:16:35Z,a9062c09#phase10c,3b1a8703-3820-4ed7-a736-0023491c28e4,ok,0.0,high,full,current_phase8,unknown,projected,derived_from_projected_minutes,107,0.0
Sam Merrill,3547299,CLE,NYK,True,21713901,pra,rotation,"stat_grid:component_convolution_mean_coherent_v1+components[pts:pmf_sim_v1+role_aware_pmf_cal_v1:rotation+monotone_pit_cdf_v1,reb:pmf_sim_v1+role_aware_pmf_cal_v1:rotation+monotone_pit_cdf_v1,ast:pmf_sim_v1+role_aware_pmf_cal_v1:rotation+monotone_pit_cdf_v1]+prior_combo[joint_sampler_v1+joint_combo_pmf_v1+role_aware_pmf_cal_v1:rotation+monotone_pit_cdf_v1]+stat_grid_final_component_convolution_mean_coherent_v1",phase8_role_aware_pmf_cal_v1+monotone_inactive_global_v1,morning,2026-05-25T17:16:35Z,a9062c09#phase10c,3b1a8703-3820-4ed7-a736-0023491c28e4,ok,0.0,high,full,current_phase8,unknown,projected,derived_from_projected_minutes,108,0.0
Sam Merrill,3547299,CLE,NYK,True,21713901,pra,rotation,"stat_grid:component_convolution_mean_coherent_v1+components[pts:pmf_sim_v1+role_aware_pmf_cal_v1:rotation+monotone_pit_cdf_v1,reb:pmf_sim_v1+role_aware_pmf_cal_v1:rotation+monotone_pit_cdf_v1,ast:pmf_sim_v1+role_aware_pmf_cal_v1:rotation+monotone_pit_cdf_v1]+prior_combo[joint_sampler_v1+joint_combo_pmf_v1+role_aware_pmf_cal_v1:rotation+monotone_pit_cdf_v1]+stat_grid_final_component_convolution_mean_coherent_v1",phase8_role_aware_pmf_cal_v1+monotone_inactive_global_v1,morning,2026-05-25T17:16:35Z,a9062c09#phase10c,3b1a8703-3820-4ed7-a736-0023491c28e4,ok,0.0,high,full,current_phase8,unknown,projected,derived_from_projected_minutes,109,0.0
Sam Merrill,3547299,CLE,NYK,True,21713901,pra,rotation,"stat_grid:component_convolution_mean_coherent_v1+components[pts:pmf_sim_v1+role_aware_pmf_cal_v1:rotation+monotone_pit_cdf_v1,reb:pmf_sim_v1+role_aware_pmf_cal_v1:rotation+monotone_pit_cdf_v1,ast:pmf_sim_v1+role_aware_pmf_cal_v1:rotation+monotone_pit_cdf_v1]+prior_combo[joint_sampler_v1+joint_combo_pmf_v1+role_aware_pmf_cal_v1:rotation+monotone_pit_cdf_v1]+stat_grid_final_component_convolution_mean_coherent_v1",phase8_role_aware_pmf_cal_v1+monotone_inactive_global_v1,morning,2026-05-25T17:16:35Z,a9062c09#phase10c,3b1a8703-3820-4ed7-a736-0023491c28e4,ok,0.0,high,full,current_phase8,unknown,projected,derived_from_projected_minutes,110,0.0
Sam Merrill,3547299,CLE,NYK,True,21713901,pra,rotation,"stat_grid:component_convolution_mean_coherent_v1+components[pts:pmf_sim_v1+role_aware_pmf_cal_v1:rotation+monotone_pit_cdf_v1,reb:pmf_sim_v1+role_aware_pmf_cal_v1:rotation+monotone_pit_cdf_v1,ast:pmf_sim_v1+role_aware_pmf_cal_v1:rotation+monotone_pit_cdf_v1]+prior_combo[joint_sampler_v1+joint_combo_pmf_v1+role_aware_pmf_cal_v1:rotation+monotone_pit_cdf_v1]+stat_grid_final_component_convolution_mean_coherent_v1",phase8_role_aware_pmf_cal_v1+monotone_inactive_global_v1,morning,2026-05-25T17:16:35Z,a9062c09#phase10c,3b1a8703-3820-4ed7-a736-0023491c28e4,ok,0.0,high,full,current_phase8,unknown,projected,derived_from_projected_minutes,111,0.0
Sam Merrill,3547299,CLE,NYK,True,21713901,pra,rotation,"stat_grid:component_convolution_mean_coherent_v1+components[pts:pmf_sim_v1+role_aware_pmf_cal_v1:rotation+monotone_pit_cdf_v1,reb:pmf_sim_v1+role_aware_pmf_cal_v1:rotation+monotone_pit_cdf_v1,ast:pmf_sim_v1+role_aware_pmf_cal_v1:rotation+monotone_pit_cdf_v1]+prior_combo[joint_sampler_v1+joint_combo_pmf_v1+role_aware_pmf_cal_v1:rotation+monotone_pit_cdf_v1]+stat_grid_final_component_convolution_mean_coherent_v1",phase8_role_aware_pmf_cal_v1+monotone_inactive_global_v1,morning,2026-05-25T17:16:35Z,a9062c09#phase10c,3b1a8703-3820-4ed7-a736-0023491c28e4,ok,0.0,high,full,current_phase8,unknown,projected,derived_from_projected_minutes,112,0.0
Sam Merrill,3547299,CLE,NYK,True,21713901,pra,rotation,"stat_grid:component_convolution_mean_coherent_v1+components[pts:pmf_sim_v1+role_aware_pmf_cal_v1:rotation+monotone_pit_cdf_v1,reb:pmf_sim_v1+role_aware_pmf_cal_v1:rotation+monotone_pit_cdf_v1,ast:pmf_sim_v1+role_aware_pmf_cal_v1:rotation+monotone_pit_cdf_v1]+prior_combo[joint_sampler_v1+joint_combo_pmf_v1+role_aware_pmf_cal_v1:rotation+monotone_pit_cdf_v1]+stat_grid_final_component_convolution_mean_coherent_v1",phase8_role_aware_pmf_cal_v1+monotone_inactive_global_v1,morning,2026-05-25T17:16:35Z,a9062c09#phase10c,3b1a8703-3820-4ed7-a736-0023491c28e4,ok,0.0,high,full,current_phase8,unknown,projected,derived_from_projected_minutes,113,0.0
Sam Merrill,3547299,CLE,NYK,True,21713901,pra,rotation,"stat_grid:component_convolution_mean_coherent_v1+components[pts:pmf_sim_v1+role_aware_pmf_cal_v1:rotation+monotone_pit_cdf_v1,reb:pmf_sim_v1+role_aware_pmf_cal_v1:rotation+monotone_pit_cdf_v1,ast:pmf_sim_v1+role_aware_pmf_cal_v1:rotation+monotone_pit_cdf_v1]+prior_combo[joint_sampler_v1+joint_combo_pmf_v1+role_aware_pmf_cal_v1:rotation+monotone_pit_cdf_v1]+stat_grid_final_component_convolution_mean_coherent_v1",phase8_role_aware_pmf_cal_v1+monotone_inactive_global_v1,morning,2026-05-25T17:16:35Z,a9062c09#phase10c,3b1a8703-3820-4ed7-a736-0023491c28e4,ok,0.0,high,full,current_phase8,unknown,projected,derived_from_projected_minutes,114,0.0
Sam Merrill,3547299,CLE,NYK,True,21713901,pra,rotation,"stat_grid:component_convolution_mean_coherent_v1+components[pts:pmf_sim_v1+role_aware_pmf_cal_v1:rotation+monotone_pit_cdf_v1,reb:pmf_sim_v1+role_aware_pmf_cal_v1:rotation+monotone_pit_cdf_v1,ast:pmf_sim_v1+role_aware_pmf_cal_v1:rotation+monotone_pit_cdf_v1]+prior_combo[joint_sampler_v1+joint_combo_pmf_v1+role_aware_pmf_cal_v1:rotation+monotone_pit_cdf_v1]+stat_grid_final_component_convolution_mean_coherent_v1",phase8_role_aware_pmf_cal_v1+monotone_inactive_global_v1,morning,2026-05-25T17:16:35Z,a9062c09#phase10c,3b1a8703-3820-4ed7-a736-0023491c28e4,ok,0.0,high,full,current_phase8,unknown,projected,derived_from_projected_minutes,115,0.0
Sam Merrill,3547299,CLE,NYK,True,21713901,pra,rotation,"stat_grid:component_convolution_mean_coherent_v1+components[pts:pmf_sim_v1+role_aware_pmf_cal_v1:rotation+monotone_pit_cdf_v1,reb:pmf_sim_v1+role_aware_pmf_cal_v1:rotation+monotone_pit_cdf_v1,ast:pmf_sim_v1+role_aware_pmf_cal_v1:rotation+monotone_pit_cdf_v1]+prior_combo[joint_sampler_v1+joint_combo_pmf_v1+role_aware_pmf_cal_v1:rotation+monotone_pit_cdf_v1]+stat_grid_final_component_convolution_mean_coherent_v1",phase8_role_aware_pmf_cal_v1+monotone_inactive_global_v1,morning,2026-05-25T17:16:35Z,a9062c09#phase10c,3b1a8703-3820-4ed7-a736-0023491c28e4,ok,0.0,high,full,current_phase8,unknown,projected,derived_from_projected_minutes,116,0.0
Sam Merrill,3547299,CLE,NYK,True,21713901,pra,rotation,"stat_grid:component_convolution_mean_coherent_v1+components[pts:pmf_sim_v1+role_aware_pmf_cal_v1:rotation+monotone_pit_cdf_v1,reb:pmf_sim_v1+role_aware_pmf_cal_v1:rotation+monotone_pit_cdf_v1,ast:pmf_sim_v1+role_aware_pmf_cal_v1:rotation+monotone_pit_cdf_v1]+prior_combo[joint_sampler_v1+joint_combo_pmf_v1+role_aware_pmf_cal_v1:rotation+monotone_pit_cdf_v1]+stat_grid_final_component_convolution_mean_coherent_v1",phase8_role_aware_pmf_cal_v1+monotone_inactive_global_v1,morning,2026-05-25T17:16:35Z,a9062c09#phase10c,3b1a8703-3820-4ed7-a736-0023491c28e4,ok,0.0,high,full,current_phase8,unknown,projected,derived_from_projected_minutes,117,0.0
Sam Merrill,3547299,CLE,NYK,True,21713901,pra,rotation,"stat_grid:component_convolution_mean_coherent_v1+components[pts:pmf_sim_v1+role_aware_pmf_cal_v1:rotation+monotone_pit_cdf_v1,reb:pmf_sim_v1+role_aware_pmf_cal_v1:rotation+monotone_pit_cdf_v1,ast:pmf_sim_v1+role_aware_pmf_cal_v1:rotation+monotone_pit_cdf_v1]+prior_combo[joint_sampler_v1+joint_combo_pmf_v1+role_aware_pmf_cal_v1:rotation+monotone_pit_cdf_v1]+stat_grid_final_component_convolution_mean_coherent_v1",phase8_role_aware_pmf_cal_v1+monotone_inactive_global_v1,morning,2026-05-25T17:16:35Z,a9062c09#phase10c,3b1a8703-3820-4ed7-a736-0023491c28e4,ok,0.0,high,full,current_phase8,unknown,projected,derived_from_projected_minutes,118,0.0
Sam Merrill,3547299,CLE,NYK,True,21713901,pra,rotation,"stat_grid:component_convolution_mean_coherent_v1+components[pts:pmf_sim_v1+role_aware_pmf_cal_v1:rotation+monotone_pit_cdf_v1,reb:pmf_sim_v1+role_aware_pmf_cal_v1:rotation+monotone_pit_cdf_v1,ast:pmf_sim_v1+role_aware_pmf_cal_v1:rotation+monotone_pit_cdf_v1]+prior_combo[joint_sampler_v1+joint_combo_pmf_v1+role_aware_pmf_cal_v1:rotation+monotone_pit_cdf_v1]+stat_grid_final_component_convolution_mean_coherent_v1",phase8_role_aware_pmf_cal_v1+monotone_inactive_global_v1,morning,2026-05-25T17:16:35Z,a9062c09#phase10c,3b1a8703-3820-4ed7-a736-0023491c28e4,ok,0.0,high,full,current_phase8,unknown,projected,derived_from_projected_minutes,119,0.0
Sam Merrill,3547299,CLE,NYK,True,21713901,pra,rotation,"stat_grid:component_convolution_mean_coherent_v1+components[pts:pmf_sim_v1+role_aware_pmf_cal_v1:rotation+monotone_pit_cdf_v1,reb:pmf_sim_v1+role_aware_pmf_cal_v1:rotation+monotone_pit_cdf_v1,ast:pmf_sim_v1+role_aware_pmf_cal_v1:rotation+monotone_pit_cdf_v1]+prior_combo[joint_sampler_v1+joint_combo_pmf_v1+role_aware_pmf_cal_v1:rotation+monotone_pit_cdf_v1]+stat_grid_final_component_convolution_mean_coherent_v1",phase8_role_aware_pmf_cal_v1+monotone_inactive_global_v1,morning,2026-05-25T17:16:35Z,a9062c09#phase10c,3b1a8703-3820-4ed7-a736-0023491c28e4,ok,0.0,high,full,current_phase8,unknown,projected,derived_from_projected_minutes,120,0.0
Sam Merrill,3547299,CLE,NYK,True,21713901,pra,rotation,"stat_grid:component_convolution_mean_coherent_v1+components[pts:pmf_sim_v1+role_aware_pmf_cal_v1:rotation+monotone_pit_cdf_v1,reb:pmf_sim_v1+role_aware_pmf_cal_v1:rotation+monotone_pit_cdf_v1,ast:pmf_sim_v1+role_aware_pmf_cal_v1:rotation+monotone_pit_cdf_v1]+prior_combo[joint_sampler_v1+joint_combo_pmf_v1+role_aware_pmf_cal_v1:rotation+monotone_pit_cdf_v1]+stat_grid_final_component_convolution_mean_coherent_v1",phase8_role_aware_pmf_cal_v1+monotone_inactive_global_v1,morning,2026-05-25T17:16:35Z,a9062c09#phase10c,3b1a8703-3820-4ed7-a736-0023491c28e4,ok,0.0,high,full,current_phase8,unknown,projected,derived_from_projected_minutes,121,0.0
Sam Merrill,3547299,CLE,NYK,True,21713901,pra,rotation,"stat_grid:component_convolution_mean_coherent_v1+components[pts:pmf_sim_v1+role_aware_pmf_cal_v1:rotation+monotone_pit_cdf_v1,reb:pmf_sim_v1+role_aware_pmf_cal_v1:rotation+monotone_pit_cdf_v1,ast:pmf_sim_v1+role_aware_pmf_cal_v1:rotation+monotone_pit_cdf_v1]+prior_combo[joint_sampler_v1+joint_combo_pmf_v1+role_aware_pmf_cal_v1:rotation+monotone_pit_cdf_v1]+stat_grid_final_component_convolution_mean_coherent_v1",phase8_role_aware_pmf_cal_v1+monotone_inactive_global_v1,morning,2026-05-25T17:16:35Z,a9062c09#phase10c,3b1a8703-3820-4ed7-a736-0023491c28e4,ok,0.0,high,full,current_phase8,unknown,projected,derived_from_projected_minutes,122,0.0
Sam Merrill,3547299,CLE,NYK,True,21713901,pra,rotation,"stat_grid:component_convolution_mean_coherent_v1+components[pts:pmf_sim_v1+role_aware_pmf_cal_v1:rotation+monotone_pit_cdf_v1,reb:pmf_sim_v1+role_aware_pmf_cal_v1:rotation+monotone_pit_cdf_v1,ast:pmf_sim_v1+role_aware_pmf_cal_v1:rotation+monotone_pit_cdf_v1]+prior_combo[joint_sampler_v1+joint_combo_pmf_v1+role_aware_pmf_cal_v1:rotation+monotone_pit_cdf_v1]+stat_grid_final_component_convolution_mean_coherent_v1",phase8_role_aware_pmf_cal_v1+monotone_inactive_global_v1,morning,2026-05-25T17:16:35Z,a9062c09#phase10c,3b1a8703-3820-4ed7-a736-0023491c28e4,ok,0.0,high,full,current_phase8,unknown,projected,derived_from_projected_minutes,123,0.0
Sam Merrill,3547299,CLE,NYK,True,21713901,pra,rotation,"stat_grid:component_convolution_mean_coherent_v1+components[pts:pmf_sim_v1+role_aware_pmf_cal_v1:rotation+monotone_pit_cdf_v1,reb:pmf_sim_v1+role_aware_pmf_cal_v1:rotation+monotone_pit_cdf_v1,ast:pmf_sim_v1+role_aware_pmf_cal_v1:rotation+monotone_pit_cdf_v1]+prior_combo[joint_sampler_v1+joint_combo_pmf_v1+role_aware_pmf_cal_v1:rotation+monotone_pit_cdf_v1]+stat_grid_final_component_convolution_mean_coherent_v1",phase8_role_aware_pmf_cal_v1+monotone_inactive_global_v1,morning,2026-05-25T17:16:35Z,a9062c09#phase10c,3b1a8703-3820-4ed7-a736-0023491c28e4,ok,0.0,high,full,current_phase8,unknown,projected,derived_from_projected_minutes,124,0.0
Sam Merrill,3547299,CLE,NYK,True,21713901,pra,rotation,"stat_grid:component_convolution_mean_coherent_v1+components[pts:pmf_sim_v1+role_aware_pmf_cal_v1:rotation+monotone_pit_cdf_v1,reb:pmf_sim_v1+role_aware_pmf_cal_v1:rotation+monotone_pit_cdf_v1,ast:pmf_sim_v1+role_aware_pmf_cal_v1:rotation+monotone_pit_cdf_v1]+prior_combo[joint_sampler_v1+joint_combo_pmf_v1+role_aware_pmf_cal_v1:rotation+monotone_pit_cdf_v1]+stat_grid_final_component_convolution_mean_coherent_v1",phase8_role_aware_pmf_cal_v1+monotone_inactive_global_v1,morning,2026-05-25T17:16:35Z,a9062c09#phase10c,3b1a8703-3820-4ed7-a736-0023491c28e4,ok,0.0,high,full,current_phase8,unknown,projected,derived_from_projected_minutes,125,0.0
Sam Merrill,3547299,CLE,NYK,True,21713901,pra,rotation,"stat_grid:component_convolution_mean_coherent_v1+components[pts:pmf_sim_v1+role_aware_pmf_cal_v1:rotation+monotone_pit_cdf_v1,reb:pmf_sim_v1+role_aware_pmf_cal_v1:rotation+monotone_pit_cdf_v1,ast:pmf_sim_v1+role_aware_pmf_cal_v1:rotation+monotone_pit_cdf_v1]+prior_combo[joint_sampler_v1+joint_combo_pmf_v1+role_aware_pmf_cal_v1:rotation+monotone_pit_cdf_v1]+stat_grid_final_component_convolution_mean_coherent_v1",phase8_role_aware_pmf_cal_v1+monotone_inactive_global_v1,morning,2026-05-25T17:16:35Z,a9062c09#phase10c,3b1a8703-3820-4ed7-a736-0023491c28e4,ok,0.0,high,full,current_phase8,unknown,projected,derived_from_projected_minutes,126,0.0
Sam Merrill,3547299,CLE,NYK,True,21713901,pra,rotation,"stat_grid:component_convolution_mean_coherent_v1+components[pts:pmf_sim_v1+role_aware_pmf_cal_v1:rotation+monotone_pit_cdf_v1,reb:pmf_sim_v1+role_aware_pmf_cal_v1:rotation+monotone_pit_cdf_v1,ast:pmf_sim_v1+role_aware_pmf_cal_v1:rotation+monotone_pit_cdf_v1]+prior_combo[joint_sampler_v1+joint_combo_pmf_v1+role_aware_pmf_cal_v1:rotation+monotone_pit_cdf_v1]+stat_grid_final_component_convolution_mean_coherent_v1",phase8_role_aware_pmf_cal_v1+monotone_inactive_global_v1,morning,2026-05-25T17:16:35Z,a9062c09#phase10c,3b1a8703-3820-4ed7-a736-0023491c28e4,ok,0.0,high,full,current_phase8,unknown,projected,derived_from_projected_minutes,127,0.0
Sam Merrill,3547299,CLE,NYK,True,21713901,pra,rotation,"stat_grid:component_convolution_mean_coherent_v1+components[pts:pmf_sim_v1+role_aware_pmf_cal_v1:rotation+monotone_pit_cdf_v1,reb:pmf_sim_v1+role_aware_pmf_cal_v1:rotation+monotone_pit_cdf_v1,ast:pmf_sim_v1+role_aware_pmf_cal_v1:rotation+monotone_pit_cdf_v1]+prior_combo[joint_sampler_v1+joint_combo_pmf_v1+role_aware_pmf_cal_v1:rotation+monotone_pit_cdf_v1]+stat_grid_final_component_convolution_mean_coherent_v1",phase8_role_aware_pmf_cal_v1+monotone_inactive_global_v1,morning,2026-05-25T17:16:35Z,a9062c09#phase10c,3b1a8703-3820-4ed7-a736-0023491c28e4,ok,0.0,high,full,current_phase8,unknown,projected,derived_from_projected_minutes,128,0.0
Sam Merrill,3547299,CLE,NYK,True,21713901,pra,rotation,"stat_grid:component_convolution_mean_coherent_v1+components[pts:pmf_sim_v1+role_aware_pmf_cal_v1:rotation+monotone_pit_cdf_v1,reb:pmf_sim_v1+role_aware_pmf_cal_v1:rotation+monotone_pit_cdf_v1,ast:pmf_sim_v1+role_aware_pmf_cal_v1:rotation+monotone_pit_cdf_v1]+prior_combo[joint_sampler_v1+joint_combo_pmf_v1+role_aware_pmf_cal_v1:rotation+monotone_pit_cdf_v1]+stat_grid_final_component_convolution_mean_coherent_v1",phase8_role_aware_pmf_cal_v1+monotone_inactive_global_v1,morning,2026-05-25T17:16:35Z,a9062c09#phase10c,3b1a8703-3820-4ed7-a736-0023491c28e4,ok,0.0,high,full,current_phase8,unknown,projected,derived_from_projected_minutes,129,0.0
Sam Merrill,3547299,CLE,NYK,True,21713901,pra,rotation,"stat_grid:component_convolution_mean_coherent_v1+components[pts:pmf_sim_v1+role_aware_pmf_cal_v1:rotation+monotone_pit_cdf_v1,reb:pmf_sim_v1+role_aware_pmf_cal_v1:rotation+monotone_pit_cdf_v1,ast:pmf_sim_v1+role_aware_pmf_cal_v1:rotation+monotone_pit_cdf_v1]+prior_combo[joint_sampler_v1+joint_combo_pmf_v1+role_aware_pmf_cal_v1:rotation+monotone_pit_cdf_v1]+stat_grid_final_component_convolution_mean_coherent_v1",phase8_role_aware_pmf_cal_v1+monotone_inactive_global_v1,morning,2026-05-25T17:16:35Z,a9062c09#phase10c,3b1a8703-3820-4ed7-a736-0023491c28e4,ok,0.0,high,full,current_phase8,unknown,projected,derived_from_projected_minutes,130,0.0
Sam Merrill,3547299,CLE,NYK,True,21713901,pra,rotation,"stat_grid:component_convolution_mean_coherent_v1+components[pts:pmf_sim_v1+role_aware_pmf_cal_v1:rotation+monotone_pit_cdf_v1,reb:pmf_sim_v1+role_aware_pmf_cal_v1:rotation+monotone_pit_cdf_v1,ast:pmf_sim_v1+role_aware_pmf_cal_v1:rotation+monotone_pit_cdf_v1]+prior_combo[joint_sampler_v1+joint_combo_pmf_v1+role_aware_pmf_cal_v1:rotation+monotone_pit_cdf_v1]+stat_grid_final_component_convolution_mean_coherent_v1",phase8_role_aware_pmf_cal_v1+monotone_inactive_global_v1,morning,2026-05-25T17:16:35Z,a9062c09#phase10c,3b1a8703-3820-4ed7-a736-0023491c28e4,ok,0.0,high,full,current_phase8,unknown,projected,derived_from_projected_minutes,131,0.0
Sam Merrill,3547299,CLE,NYK,True,21713901,pra,rotation,"stat_grid:component_convolution_mean_coherent_v1+components[pts:pmf_sim_v1+role_aware_pmf_cal_v1:rotation+monotone_pit_cdf_v1,reb:pmf_sim_v1+role_aware_pmf_cal_v1:rotation+monotone_pit_cdf_v1,ast:pmf_sim_v1+role_aware_pmf_cal_v1:rotation+monotone_pit_cdf_v1]+prior_combo[joint_sampler_v1+joint_combo_pmf_v1+role_aware_pmf_cal_v1:rotation+monotone_pit_cdf_v1]+stat_grid_final_component_convolution_mean_coherent_v1",phase8_role_aware_pmf_cal_v1+monotone_inactive_global_v1,morning,2026-05-25T17:16:35Z,a9062c09#phase10c,3b1a8703-3820-4ed7-a736-0023491c28e4,ok,0.0,high,full,current_phase8,unknown,projected,derived_from_projected_minutes,132,0.0
Sam Merrill,3547299,CLE,NYK,True,21713901,pra,rotation,"stat_grid:component_convolution_mean_coherent_v1+components[pts:pmf_sim_v1+role_aware_pmf_cal_v1:rotation+monotone_pit_cdf_v1,reb:pmf_sim_v1+role_aware_pmf_cal_v1:rotation+monotone_pit_cdf_v1,ast:pmf_sim_v1+role_aware_pmf_cal_v1:rotation+monotone_pit_cdf_v1]+prior_combo[joint_sampler_v1+joint_combo_pmf_v1+role_aware_pmf_cal_v1:rotation+monotone_pit_cdf_v1]+stat_grid_final_component_convolution_mean_coherent_v1",phase8_role_aware_pmf_cal_v1+monotone_inactive_global_v1,morning,2026-05-25T17:16:35Z,a9062c09#phase10c,3b1a8703-3820-4ed7-a736-0023491c28e4,ok,0.0,high,full,current_phase8,unknown,projected,derived_from_projected_minutes,133,0.0
Sam Merrill,3547299,CLE,NYK,True,21713901,pra,rotation,"stat_grid:component_convolution_mean_coherent_v1+components[pts:pmf_sim_v1+role_aware_pmf_cal_v1:rotation+monotone_pit_cdf_v1,reb:pmf_sim_v1+role_aware_pmf_cal_v1:rotation+monotone_pit_cdf_v1,ast:pmf_sim_v1+role_aware_pmf_cal_v1:rotation+monotone_pit_cdf_v1]+prior_combo[joint_sampler_v1+joint_combo_pmf_v1+role_aware_pmf_cal_v1:rotation+monotone_pit_cdf_v1]+stat_grid_final_component_convolution_mean_coherent_v1",phase8_role_aware_pmf_cal_v1+monotone_inactive_global_v1,morning,2026-05-25T17:16:35Z,a9062c09#phase10c,3b1a8703-3820-4ed7-a736-0023491c28e4,ok,0.0,high,full,current_phase8,unknown,projected,derived_from_projected_minutes,134,0.0
Evan Mobley,17896076,CLE,NYK,True,21713901,pts,starter,stat_grid:pmf_sim_v1+role_aware_pmf_cal_v1:starter+monotone_pit_cdf_v1,phase8_role_aware_pmf_cal_v1+monotone_inactive_global_v1,morning,2026-05-25T17:16:35Z,a9062c09#phase10c,3b1a8703-3820-4ed7-a736-0023491c28e4,ok,0.0,high,full,current_phase8,unknown,projected,derived_from_projected_minutes,0,0.0013
Evan Mobley,17896076,CLE,NYK,True,21713901,pts,starter,stat_grid:pmf_sim_v1+role_aware_pmf_cal_v1:starter+monotone_pit_cdf_v1,phase8_role_aware_pmf_cal_v1+monotone_inactive_global_v1,morning,2026-05-25T17:16:35Z,a9062c09#phase10c,3b1a8703-3820-4ed7-a736-0023491c28e4,ok,0.0,high,full,current_phase8,unknown,projected,derived_from_projected_minutes,1,0.0006
Evan Mobley,17896076,CLE,NYK,True,21713901,pts,starter,stat_grid:pmf_sim_v1+role_aware_pmf_cal_v1:starter+monotone_pit_cdf_v1,phase8_role_aware_pmf_cal_v1+monotone_inactive_global_v1,morning,2026-05-25T17:16:35Z,a9062c09#phase10c,3b1a8703-3820-4ed7-a736-0023491c28e4,ok,0.0,high,full,current_phase8,unknown,projected,derived_from_projected_minutes,2,0.0025
Evan Mobley,17896076,CLE,NYK,True,21713901,pts,starter,stat_grid:pmf_sim_v1+role_aware_pmf_cal_v1:starter+monotone_pit_cdf_v1,phase8_role_aware_pmf_cal_v1+monotone_inactive_global_v1,morning,2026-05-25T17:16:35Z,a9062c09#phase10c,3b1a8703-3820-4ed7-a736-0023491c28e4,ok,0.0,high,full,current_phase8,unknown,projected,derived_from_projected_minutes,3,0.0036
Evan Mobley,17896076,CLE,NYK,True,21713901,pts,starter,stat_grid:pmf_sim_v1+role_aware_pmf_cal_v1:starter+monotone_pit_cdf_v1,phase8_role_aware_pmf_cal_v1+monotone_inactive_global_v1,morning,2026-05-25T17:16:35Z,a9062c09#phase10c,3b1a8703-3820-4ed7-a736-0023491c28e4,ok,0.0,high,full,current_phase8,unknown,projected,derived_from_projected_minutes,4,0.006
Evan Mobley,17896076,CLE,NYK,True,21713901,pts,starter,stat_grid:pmf_sim_v1+role_aware_pmf_cal_v1:starter+monotone_pit_cdf_v1,phase8_role_aware_pmf_cal_v1+monotone_inactive_global_v1,morning,2026-05-25T17:16:35Z,a9062c09#phase10c,3b1a8703-3820-4ed7-a736-0023491c28e4,ok,0.0,high,full,current_phase8,unknown,projected,derived_from_projected_minutes,5,0.0113
Evan Mobley,17896076,CLE,NYK,True,21713901,pts,starter,stat_grid:pmf_sim_v1+role_aware_pmf_cal_v1:starter+monotone_pit_cdf_v1,phase8_role_aware_pmf_cal_v1+monotone_inactive_global_v1,morning,2026-05-25T17:16:35Z,a9062c09#phase10c,3b1a8703-3820-4ed7-a736-0023491c28e4,ok,0.0,high,full,current_phase8,unknown,projected,derived_from_projected_minutes,6,0.0145
Evan Mobley,17896076,CLE,NYK,True,21713901,pts,starter,stat_grid:pmf_sim_v1+role_aware_pmf_cal_v1:starter+monotone_pit_cdf_v1,phase8_role_aware_pmf_cal_v1+monotone_inactive_global_v1,morning,2026-05-25T17:16:35Z,a9062c09#phase10c,3b1a8703-3820-4ed7-a736-0023491c28e4,ok,0.0,high,full,current_phase8,unknown,projected,derived_from_projected_minutes,7,0.0231
Evan Mobley,17896076,CLE,NYK,True,21713901,pts,starter,stat_grid:pmf_sim_v1+role_aware_pmf_cal_v1:starter+monotone_pit_cdf_v1,phase8_role_aware_pmf_cal_v1+monotone_inactive_global_v1,morning,2026-05-25T17:16:35Z,a9062c09#phase10c,3b1a8703-3820-4ed7-a736-0023491c28e4,ok,0.0,high,full,current_phase8,unknown,projected,derived_from_projected_minutes,8,0.0285
Evan Mobley,17896076,CLE,NYK,True,21713901,pts,starter,stat_grid:pmf_sim_v1+role_aware_pmf_cal_v1:starter+monotone_pit_cdf_v1,phase8_role_aware_pmf_cal_v1+monotone_inactive_global_v1,morning,2026-05-25T17:16:35Z,a9062c09#phase10c,3b1a8703-3820-4ed7-a736-0023491c28e4,ok,0.0,high,full,current_phase8,unknown,projected,derived_from_projected_minutes,9,0.0285
Evan Mobley,17896076,CLE,NYK,True,21713901,pts,starter,stat_grid:pmf_sim_v1+role_aware_pmf_cal_v1:starter+monotone_pit_cdf_v1,phase8_role_aware_pmf_cal_v1+monotone_inactive_global_v1,morning,2026-05-25T17:16:35Z,a9062c09#phase10c,3b1a8703-3820-4ed7-a736-0023491c28e4,ok,0.0,high,full,current_phase8,unknown,projected,derived_from_projected_minutes,10,0.036
Evan Mobley,17896076,CLE,NYK,True,21713901,pts,starter,stat_grid:pmf_sim_v1+role_aware_pmf_cal_v1:starter+monotone_pit_cdf_v1,phase8_role_aware_pmf_cal_v1+monotone_inactive_global_v1,morning,2026-05-25T17:16:35Z,a9062c09#phase10c,3b1a8703-3820-4ed7-a736-0023491c28e4,ok,0.0,high,full,current_phase8,unknown,projected,derived_from_projected_minutes,11,0.0524
Evan Mobley,17896076,CLE,NYK,True,21713901,pts,starter,stat_grid:pmf_sim_v1+role_aware_pmf_cal_v1:starter+monotone_pit_cdf_v1,phase8_role_aware_pmf_cal_v1+monotone_inactive_global_v1,morning,2026-05-25T17:16:35Z,a9062c09#phase10c,3b1a8703-3820-4ed7-a736-0023491c28e4,ok,0.0,high,full,current_phase8,unknown,projected,derived_from_projected_minutes,12,0.056
Evan Mobley,17896076,CLE,NYK,True,21713901,pts,starter,stat_grid:pmf_sim_v1+role_aware_pmf_cal_v1:starter+monotone_pit_cdf_v1,phase8_role_aware_pmf_cal_v1+monotone_inactive_global_v1,morning,2026-05-25T17:16:35Z,a9062c09#phase10c,3b1a8703-3820-4ed7-a736-0023491c28e4,ok,0.0,high,full,current_phase8,unknown,projected,derived_from_projected_minutes,13,0.0693
Evan Mobley,17896076,CLE,NYK,True,21713901,pts,starter,stat_grid:pmf_sim_v1+role_aware_pmf_cal_v1:starter+monotone_pit_cdf_v1,phase8_role_aware_pmf_cal_v1+monotone_inactive_global_v1,morning,2026-05-25T17:16:35Z,a9062c09#phase10c,3b1a8703-3820-4ed7-a736-0023491c28e4,ok,0.0,high,full,current_phase8,unknown,projected,derived_from_projected_minutes,14,0.0605
Evan Mobley,17896076,CLE,NYK,True,21713901,pts,starter,stat_grid:pmf_sim_v1+role_aware_pmf_cal_v1:starter+monotone_pit_cdf_v1,phase8_role_aware_pmf_cal_v1+monotone_inactive_global_v1,morning,2026-05-25T17:16:35Z,a9062c09#phase10c,3b1a8703-3820-4ed7-a736-0023491c28e4,ok,0.0,high,full,current_phase8,unknown,projected,derived_from_projected_minutes,15,0.0687
Evan Mobley,17896076,CLE,NYK,True,21713901,pts,starter,stat_grid:pmf_sim_v1+role_aware_pmf_cal_v1:starter+monotone_pit_cdf_v1,phase8_role_aware_pmf_cal_v1+monotone_inactive_global_v1,morning,2026-05-25T17:16:35Z,a9062c09#phase10c,3b1a8703-3820-4ed7-a736-0023491c28e4,ok,0.0,high,full,current_phase8,unknown,projected,derived_from_projected_minutes,16,0.0956
Evan Mobley,17896076,CLE,NYK,True,21713901,pts,starter,stat_grid:pmf_sim_v1+role_aware_pmf_cal_v1:starter+monotone_pit_cdf_v1,phase8_role_aware_pmf_cal_v1+monotone_inactive_global_v1,morning,2026-05-25T17:16:35Z,a9062c09#phase10c,3b1a8703-3820-4ed7-a736-0023491c28e4,ok,0.0,high,full,current_phase8,unknown,projected,derived_from_projected_minutes,17,0.0765
Evan Mobley,17896076,CLE,NYK,True,21713901,pts,starter,stat_grid:pmf_sim_v1+role_aware_pmf_cal_v1:starter+monotone_pit_cdf_v1,phase8_role_aware_pmf_cal_v1+monotone_inactive_global_v1,morning,2026-05-25T17:16:35Z,a9062c09#phase10c,3b1a8703-3820-4ed7-a736-0023491c28e4,ok,0.0,high,full,current_phase8,unknown,projected,derived_from_projected_minutes,18,0.0628
Evan Mobley,17896076,CLE,NYK,True,21713901,pts,starter,stat_grid:pmf_sim_v1+role_aware_pmf_cal_v1:starter+monotone_pit_cdf_v1,phase8_role_aware_pmf_cal_v1+monotone_inactive_global_v1,morning,2026-05-25T17:16:35Z,a9062c09#phase10c,3b1a8703-3820-4ed7-a736-0023491c28e4,ok,0.0,high,full,current_phase8,unknown,projected,derived_from_projected_minutes,19,0.052
Evan Mobley,17896076,CLE,NYK,True,21713901,pts,starter,stat_grid:pmf_sim_v1+role_aware_pmf_cal_v1:starter+monotone_pit_cdf_v1,phase8_role_aware_pmf_cal_v1+monotone_inactive_global_v1,morning,2026-05-25T17:16:35Z,a9062c09#phase10c,3b1a8703-3820-4ed7-a736-0023491c28e4,ok,0.0,high,full,current_phase8,unknown,projected,derived_from_projected_minutes,20,0.0537
Evan Mobley,17896076,CLE,NYK,True,21713901,pts,starter,stat_grid:pmf_sim_v1+role_aware_pmf_cal_v1:starter+monotone_pit_cdf_v1,phase8_role_aware_pmf_cal_v1+monotone_inactive_global_v1,morning,2026-05-25T17:16:35Z,a9062c09#phase10c,3b1a8703-3820-4ed7-a736-0023491c28e4,ok,0.0,high,full,current_phase8,unknown,projected,derived_from_projected_minutes,21,0.0527
Evan Mobley,17896076,CLE,NYK,True,21713901,pts,starter,stat_grid:pmf_sim_v1+role_aware_pmf_cal_v1:starter+monotone_pit_cdf_v1,phase8_role_aware_pmf_cal_v1+monotone_inactive_global_v1,morning,2026-05-25T17:16:35Z,a9062c09#phase10c,3b1a8703-3820-4ed7-a736-0023491c28e4,ok,0.0,high,full,current_phase8,unknown,projected,derived_from_projected_minutes,22,0.038
Evan Mobley,17896076,CLE,NYK,True,21713901,pts,starter,stat_grid:pmf_sim_v1+role_aware_pmf_cal_v1:starter+monotone_pit_cdf_v1,phase8_role_aware_pmf_cal_v1+monotone_inactive_global_v1,morning,2026-05-25T17:16:35Z,a9062c09#phase10c,3b1a8703-3820-4ed7-a736-0023491c28e4,ok,0.0,high,full,current_phase8,unknown,projected,derived_from_projected_minutes,23,0.021
Evan Mobley,17896076,CLE,NYK,True,21713901,pts,starter,stat_grid:pmf_sim_v1+role_aware_pmf_cal_v1:starter+monotone_pit_cdf_v1,phase8_role_aware_pmf_cal_v1+monotone_inactive_global_v1,morning,2026-05-25T17:16:35Z,a9062c09#phase10c,3b1a8703-3820-4ed7-a736-0023491c28e4,ok,0.0,high,full,current_phase8,unknown,projected,derived_from_projected_minutes,24,0.0187
Evan Mobley,17896076,CLE,NYK,True,21713901,pts,starter,stat_grid:pmf_sim_v1+role_aware_pmf_cal_v1:starter+monotone_pit_cdf_v1,phase8_role_aware_pmf_cal_v1+monotone_inactive_global_v1,morning,2026-05-25T17:16:35Z,a9062c09#phase10c,3b1a8703-3820-4ed7-a736-0023491c28e4,ok,0.0,high,full,current_phase8,unknown,projected,derived_from_projected_minutes,25,0.0167
Evan Mobley,17896076,CLE,NYK,True,21713901,pts,starter,stat_grid:pmf_sim_v1+role_aware_pmf_cal_v1:starter+monotone_pit_cdf_v1,phase8_role_aware_pmf_cal_v1+monotone_inactive_global_v1,morning,2026-05-25T17:16:35Z,a9062c09#phase10c,3b1a8703-3820-4ed7-a736-0023491c28e4,ok,0.0,high,full,current_phase8,unknown,projected,derived_from_projected_minutes,26,0.0115
Evan Mobley,17896076,CLE,NYK,True,21713901,pts,starter,stat_grid:pmf_sim_v1+role_aware_pmf_cal_v1:starter+monotone_pit_cdf_v1,phase8_role_aware_pmf_cal_v1+monotone_inactive_global_v1,morning,2026-05-25T17:16:35Z,a9062c09#phase10c,3b1a8703-3820-4ed7-a736-0023491c28e4,ok,0.0,high,full,current_phase8,unknown,projected,derived_from_projected_minutes,27,0.0063
Evan Mobley,17896076,CLE,NYK,True,21713901,pts,starter,stat_grid:pmf_sim_v1+role_aware_pmf_cal_v1:starter+monotone_pit_cdf_v1,phase8_role_aware_pmf_cal_v1+monotone_inactive_global_v1,morning,2026-05-25T17:16:35Z,a9062c09#phase10c,3b1a8703-3820-4ed7-a736-0023491c28e4,ok,0.0,high,full,current_phase8,unknown,projected,derived_from_projected_minutes,28,0.0064
Evan Mobley,17896076,CLE,NYK,True,21713901,pts,starter,stat_grid:pmf_sim_v1+role_aware_pmf_cal_v1:starter+monotone_pit_cdf_v1,phase8_role_aware_pmf_cal_v1+monotone_inactive_global_v1,morning,2026-05-25T17:16:35Z,a9062c09#phase10c,3b1a8703-3820-4ed7-a736-0023491c28e4,ok,0.0,high,full,current_phase8,unknown,projected,derived_from_projected_minutes,29,0.0082
Evan Mobley,17896076,CLE,NYK,True,21713901,pts,starter,stat_grid:pmf_sim_v1+role_aware_pmf_cal_v1:starter+monotone_pit_cdf_v1,phase8_role_aware_pmf_cal_v1+monotone_inactive_global_v1,morning,2026-05-25T17:16:35Z,a9062c09#phase10c,3b1a8703-3820-4ed7-a736-0023491c28e4,ok,0.0,high,full,current_phase8,unknown,projected,derived_from_projected_minutes,30,0.0049
Evan Mobley,17896076,CLE,NYK,True,21713901,pts,starter,stat_grid:pmf_sim_v1+role_aware_pmf_cal_v1:starter+monotone_pit_cdf_v1,phase8_role_aware_pmf_cal_v1+monotone_inactive_global_v1,morning,2026-05-25T17:16:35Z,a9062c09#phase10c,3b1a8703-3820-4ed7-a736-0023491c28e4,ok,0.0,high,full,current_phase8,unknown,projected,derived_from_projected_minutes,31,0.0047
Evan Mobley,17896076,CLE,NYK,True,21713901,pts,starter,stat_grid:pmf_sim_v1+role_aware_pmf_cal_v1:starter+monotone_pit_cdf_v1,phase8_role_aware_pmf_cal_v1+monotone_inactive_global_v1,morning,2026-05-25T17:16:35Z,a9062c09#phase10c,3b1a8703-3820-4ed7-a736-0023491c28e4,ok,0.0,high,full,current_phase8,unknown,projected,derived_from_projected_minutes,32,0.0038
Evan Mobley,17896076,CLE,NYK,True,21713901,pts,starter,stat_grid:pmf_sim_v1+role_aware_pmf_cal_v1:starter+monotone_pit_cdf_v1,phase8_role_aware_pmf_cal_v1+monotone_inactive_global_v1,morning,2026-05-25T17:16:35Z,a9062c09#phase10c,3b1a8703-3820-4ed7-a736-0023491c28e4,ok,0.0,high,full,current_phase8,unknown,projected,derived_from_projected_minutes,33,0.0015
Evan Mobley,17896076,CLE,NYK,True,21713901,pts,starter,stat_grid:pmf_sim_v1+role_aware_pmf_cal_v1:starter+monotone_pit_cdf_v1,phase8_role_aware_pmf_cal_v1+monotone_inactive_global_v1,morning,2026-05-25T17:16:35Z,a9062c09#phase10c,3b1a8703-3820-4ed7-a736-0023491c28e4,ok,0.0,high,full,current_phase8,unknown,projected,derived_from_projected_minutes,34,0.0004
Evan Mobley,17896076,CLE,NYK,True,21713901,pts,starter,stat_grid:pmf_sim_v1+role_aware_pmf_cal_v1:starter+monotone_pit_cdf_v1,phase8_role_aware_pmf_cal_v1+monotone_inactive_global_v1,morning,2026-05-25T17:16:35Z,a9062c09#phase10c,3b1a8703-3820-4ed7-a736-0023491c28e4,ok,0.0,high,full,current_phase8,unknown,projected,derived_from_projected_minutes,35,0.0009
Evan Mobley,17896076,CLE,NYK,True,21713901,pts,starter,stat_grid:pmf_sim_v1+role_aware_pmf_cal_v1:starter+monotone_pit_cdf_v1,phase8_role_aware_pmf_cal_v1+monotone_inactive_global_v1,morning,2026-05-25T17:16:35Z,a9062c09#phase10c,3b1a8703-3820-4ed7-a736-0023491c28e4,ok,0.0,high,full,current_phase8,unknown,projected,derived_from_projected_minutes,36,0.0002
Evan Mobley,17896076,CLE,NYK,True,21713901,pts,starter,stat_grid:pmf_sim_v1+role_aware_pmf_cal_v1:starter+monotone_pit_cdf_v1,phase8_role_aware_pmf_cal_v1+monotone_inactive_global_v1,morning,2026-05-25T17:16:35Z,a9062c09#phase10c,3b1a8703-3820-4ed7-a736-0023491c28e4,ok,0.0,high,full,current_phase8,unknown,projected,derived_from_projected_minutes,37,0.0002
Evan Mobley,17896076,CLE,NYK,True,21713901,pts,starter,stat_grid:pmf_sim_v1+role_aware_pmf_cal_v1:starter+monotone_pit_cdf_v1,phase8_role_aware_pmf_cal_v1+monotone_inactive_global_v1,morning,2026-05-25T17:16:35Z,a9062c09#phase10c,3b1a8703-3820-4ed7-a736-0023491c28e4,ok,0.0,high,full,current_phase8,unknown,projected,derived_from_projected_minutes,38,0.0001
Evan Mobley,17896076,CLE,NYK,True,21713901,pts,starter,stat_grid:pmf_sim_v1+role_aware_pmf_cal_v1:starter+monotone_pit_cdf_v1,phase8_role_aware_pmf_cal_v1+monotone_inactive_global_v1,morning,2026-05-25T17:16:35Z,a9062c09#phase10c,3b1a8703-3820-4ed7-a736-0023491c28e4,ok,0.0,high,full,current_phase8,unknown,projected,derived_from_projected_minutes,39,0.0003
Evan Mobley,17896076,CLE,NYK,True,21713901,pts,starter,stat_grid:pmf_sim_v1+role_aware_pmf_cal_v1:starter+monotone_pit_cdf_v1,phase8_role_aware_pmf_cal_v1+monotone_inactive_global_v1,morning,2026-05-25T17:16:35Z,a9062c09#phase10c,3b1a8703-3820-4ed7-a736-0023491c28e4,ok,0.0,high,full,current_phase8,unknown,projected,derived_from_projected_minutes,40,0.0001
Evan Mobley,17896076,CLE,NYK,True,21713901,pts,starter,stat_grid:pmf_sim_v1+role_aware_pmf_cal_v1:starter+monotone_pit_cdf_v1,phase8_role_aware_pmf_cal_v1+monotone_inactive_global_v1,morning,2026-05-25T17:16:35Z,a9062c09#phase10c,3b1a8703-3820-4ed7-a736-0023491c28e4,ok,0.0,high,full,current_phase8,unknown,projected,derived_from_projected_minutes,41,0.0
Evan Mobley,17896076,CLE,NYK,True,21713901,pts,starter,stat_grid:pmf_sim_v1+role_aware_pmf_cal_v1:starter+monotone_pit_cdf_v1,phase8_role_aware_pmf_cal_v1+monotone_inactive_global_v1,morning,2026-05-25T17:16:35Z,a9062c09#phase10c,3b1a8703-3820-4ed7-a736-0023491c28e4,ok,0.0,high,full,current_phase8,unknown,projected,derived_from_projected_minutes,42,0.0
Evan Mobley,17896076,CLE,NYK,True,21713901,pts,starter,stat_grid:pmf_sim_v1+role_aware_pmf_cal_v1:starter+monotone_pit_cdf_v1,phase8_role_aware_pmf_cal_v1+monotone_inactive_global_v1,morning,2026-05-25T17:16:35Z,a9062c09#phase10c,3b1a8703-3820-4ed7-a736-0023491c28e4,ok,0.0,high,full,current_phase8,unknown,projected,derived_from_projected_minutes,43,0.0
Evan Mobley,17896076,CLE,NYK,True,21713901,pts,starter,stat_grid:pmf_sim_v1+role_aware_pmf_cal_v1:starter+monotone_pit_cdf_v1,phase8_role_aware_pmf_cal_v1+monotone_inactive_global_v1,morning,2026-05-25T17:16:35Z,a9062c09#phase10c,3b1a8703-3820-4ed7-a736-0023491c28e4,ok,0.0,high,full,current_phase8,unknown,projected,derived_from_projected_minutes,44,0.0001
Evan Mobley,17896076,CLE,NYK,True,21713901,pts,starter,stat_grid:pmf_sim_v1+role_aware_pmf_cal_v1:starter+monotone_pit_cdf_v1,phase8_role_aware_pmf_cal_v1+monotone_inactive_global_v1,morning,2026-05-25T17:16:35Z,a9062c09#phase10c,3b1a8703-3820-4ed7-a736-0023491c28e4,ok,0.0,high,full,current_phase8,unknown,projected,derived_from_projected_minutes,45,0.0
Evan Mobley,17896076,CLE,NYK,True,21713901,pts,starter,stat_grid:pmf_sim_v1+role_aware_pmf_cal_v1:starter+monotone_pit_cdf_v1,phase8_role_aware_pmf_cal_v1+monotone_inactive_global_v1,morning,2026-05-25T17:16:35Z,a9062c09#phase10c,3b1a8703-3820-4ed7-a736-0023491c28e4,ok,0.0,high,full,current_phase8,unknown,projected,derived_from_projected_minutes,46,0.0
Evan Mobley,17896076,CLE,NYK,True,21713901,pts,starter,stat_grid:pmf_sim_v1+role_aware_pmf_cal_v1:starter+monotone_pit_cdf_v1,phase8_role_aware_pmf_cal_v1+monotone_inactive_global_v1,morning,2026-05-25T17:16:35Z,a9062c09#phase10c,3b1a8703-3820-4ed7-a736-0023491c28e4,ok,0.0,high,full,current_phase8,unknown,projected,derived_from_projected_minutes,47,0.0
Evan Mobley,17896076,CLE,NYK,True,21713901,pts,starter,stat_grid:pmf_sim_v1+role_aware_pmf_cal_v1:starter+monotone_pit_cdf_v1,phase8_role_aware_pmf_cal_v1+monotone_inactive_global_v1,morning,2026-05-25T17:16:35Z,a9062c09#phase10c,3b1a8703-3820-4ed7-a736-0023491c28e4,ok,0.0,high,full,current_phase8,unknown,projected,derived_from_projected_minutes,48,0.0001
Evan Mobley,17896076,CLE,NYK,True,21713901,pts,starter,stat_grid:pmf_sim_v1+role_aware_pmf_cal_v1:starter+monotone_pit_cdf_v1,phase8_role_aware_pmf_cal_v1+monotone_inactive_global_v1,morning,2026-05-25T17:16:35Z,a9062c09#phase10c,3b1a8703-3820-4ed7-a736-0023491c28e4,ok,0.0,high,full,current_phase8,unknown,projected,derived_from_projected_minutes,49,0.0
Evan Mobley,17896076,CLE,NYK,True,21713901,pts,starter,stat_grid:pmf_sim_v1+role_aware_pmf_cal_v1:starter+monotone_pit_cdf_v1,phase8_role_aware_pmf_cal_v1+monotone_inactive_global_v1,morning,2026-05-25T17:16:35Z,a9062c09#phase10c,3b1a8703-3820-4ed7-a736-0023491c28e4,ok,0.0,high,full,current_phase8,unknown,projected,derived_from_projected_minutes,50,0.0
Evan Mobley,17896076,CLE,NYK,True,21713901,pts,starter,stat_grid:pmf_sim_v1+role_aware_pmf_cal_v1:starter+monotone_pit_cdf_v1,phase8_role_aware_pmf_cal_v1+monotone_inactive_global_v1,morning,2026-05-25T17:16:35Z,a9062c09#phase10c,3b1a8703-3820-4ed7-a736-0023491c28e4,ok,0.0,high,full,current_phase8,unknown,projected,derived_from_projected_minutes,51,0.0
Evan Mobley,17896076,CLE,NYK,True,21713901,pts,starter,stat_grid:pmf_sim_v1+role_aware_pmf_cal_v1:starter+monotone_pit_cdf_v1,phase8_role_aware_pmf_cal_v1+monotone_inactive_global_v1,morning,2026-05-25T17:16:35Z,a9062c09#phase10c,3b1a8703-3820-4ed7-a736-0023491c28e4,ok,0.0,high,full,current_phase8,unknown,projected,derived_from_projected_minutes,52,0.0
Evan Mobley,17896076,CLE,NYK,True,21713901,pts,starter,stat_grid:pmf_sim_v1+role_aware_pmf_cal_v1:starter+monotone_pit_cdf_v1,phase8_role_aware_pmf_cal_v1+monotone_inactive_global_v1,morning,2026-05-25T17:16:35Z,a9062c09#phase10c,3b1a8703-3820-4ed7-a736-0023491c28e4,ok,0.0,high,full,current_phase8,unknown,projected,derived_from_projected_minutes,53,0.0
Evan Mobley,17896076,CLE,NYK,True,21713901,pts,starter,stat_grid:pmf_sim_v1+role_aware_pmf_cal_v1:starter+monotone_pit_cdf_v1,phase8_role_aware_pmf_cal_v1+monotone_inactive_global_v1,morning,2026-05-25T17:16:35Z,a9062c09#phase10c,3b1a8703-3820-4ed7-a736-0023491c28e4,ok,0.0,high,full,current_phase8,unknown,projected,derived_from_projected_minutes,54,0.0
Evan Mobley,17896076,CLE,NYK,True,21713901,pts,starter,stat_grid:pmf_sim_v1+role_aware_pmf_cal_v1:starter+monotone_pit_cdf_v1,phase8_role_aware_pmf_cal_v1+monotone_inactive_global_v1,morning,2026-05-25T17:16:35Z,a9062c09#phase10c,3b1a8703-3820-4ed7-a736-0023491c28e4,ok,0.0,high,full,current_phase8,unknown,projected,derived_from_projected_minutes,55,0.0
Evan Mobley,17896076,CLE,NYK,True,21713901,pts,starter,stat_grid:pmf_sim_v1+role_aware_pmf_cal_v1:starter+monotone_pit_cdf_v1,phase8_role_aware_pmf_cal_v1+monotone_inactive_global_v1,morning,2026-05-25T17:16:35Z,a9062c09#phase10c,3b1a8703-3820-4ed7-a736-0023491c28e4,ok,0.0,high,full,current_phase8,unknown,projected,derived_from_projected_minutes,56,0.0
Evan Mobley,17896076,CLE,NYK,True,21713901,pts,starter,stat_grid:pmf_sim_v1+role_aware_pmf_cal_v1:starter+monotone_pit_cdf_v1,phase8_role_aware_pmf_cal_v1+monotone_inactive_global_v1,morning,2026-05-25T17:16:35Z,a9062c09#phase10c,3b1a8703-3820-4ed7-a736-0023491c28e4,ok,0.0,high,full,current_phase8,unknown,projected,derived_from_projected_minutes,57,0.0
Evan Mobley,17896076,CLE,NYK,True,21713901,pts,starter,stat_grid:pmf_sim_v1+role_aware_pmf_cal_v1:starter+monotone_pit_cdf_v1,phase8_role_aware_pmf_cal_v1+monotone_inactive_global_v1,morning,2026-05-25T17:16:35Z,a9062c09#phase10c,3b1a8703-3820-4ed7-a736-0023491c28e4,ok,0.0,high,full,current_phase8,unknown,projected,derived_from_projected_minutes,58,0.0
Evan Mobley,17896076,CLE,NYK,True,21713901,pts,starter,stat_grid:pmf_sim_v1+role_aware_pmf_cal_v1:starter+monotone_pit_cdf_v1,phase8_role_aware_pmf_cal_v1+monotone_inactive_global_v1,morning,2026-05-25T17:16:35Z,a9062c09#phase10c,3b1a8703-3820-4ed7-a736-0023491c28e4,ok,0.0,high,full,current_phase8,unknown,projected,derived_from_projected_minutes,59,0.0
Evan Mobley,17896076,CLE,NYK,True,21713901,pts,starter,stat_grid:pmf_sim_v1+role_aware_pmf_cal_v1:starter+monotone_pit_cdf_v1,phase8_role_aware_pmf_cal_v1+monotone_inactive_global_v1,morning,2026-05-25T17:16:35Z,a9062c09#phase10c,3b1a8703-3820-4ed7-a736-0023491c28e4,ok,0.0,high,full,current_phase8,unknown,projected,derived_from_projected_minutes,60,0.0
Evan Mobley,17896076,CLE,NYK,True,21713901,pts,starter,stat_grid:pmf_sim_v1+role_aware_pmf_cal_v1:starter+monotone_pit_cdf_v1,phase8_role_aware_pmf_cal_v1+monotone_inactive_global_v1,morning,2026-05-25T17:16:35Z,a9062c09#phase10c,3b1a8703-3820-4ed7-a736-0023491c28e4,ok,0.0,high,full,current_phase8,unknown,projected,derived_from_projected_minutes,61,0.0
Evan Mobley,17896076,CLE,NYK,True,21713901,pts,starter,stat_grid:pmf_sim_v1+role_aware_pmf_cal_v1:starter+monotone_pit_cdf_v1,phase8_role_aware_pmf_cal_v1+monotone_inactive_global_v1,morning,2026-05-25T17:16:35Z,a9062c09#phase10c,3b1a8703-3820-4ed7-a736-0023491c28e4,ok,0.0,high,full,current_phase8,unknown,projected,derived_from_projected_minutes,62,0.0
Evan Mobley,17896076,CLE,NYK,True,21713901,pts,starter,stat_grid:pmf_sim_v1+role_aware_pmf_cal_v1:starter+monotone_pit_cdf_v1,phase8_role_aware_pmf_cal_v1+monotone_inactive_global_v1,morning,2026-05-25T17:16:35Z,a9062c09#phase10c,3b1a8703-3820-4ed7-a736-0023491c28e4,ok,0.0,high,full,current_phase8,unknown,projected,derived_from_projected_minutes,63,0.0
Evan Mobley,17896076,CLE,NYK,True,21713901,pts,starter,stat_grid:pmf_sim_v1+role_aware_pmf_cal_v1:starter+monotone_pit_cdf_v1,phase8_role_aware_pmf_cal_v1+monotone_inactive_global_v1,morning,2026-05-25T17:16:35Z,a9062c09#phase10c,3b1a8703-3820-4ed7-a736-0023491c28e4,ok,0.0,high,full,current_phase8,unknown,projected,derived_from_projected_minutes,64,0.0
Evan Mobley,17896076,CLE,NYK,True,21713901,pts,starter,stat_grid:pmf_sim_v1+role_aware_pmf_cal_v1:starter+monotone_pit_cdf_v1,phase8_role_aware_pmf_cal_v1+monotone_inactive_global_v1,morning,2026-05-25T17:16:35Z,a9062c09#phase10c,3b1a8703-3820-4ed7-a736-0023491c28e4,ok,0.0,high,full,current_phase8,unknown,projected,derived_from_projected_minutes,65,0.0
Evan Mobley,17896076,CLE,NYK,True,21713901,pts,starter,stat_grid:pmf_sim_v1+role_aware_pmf_cal_v1:starter+monotone_pit_cdf_v1,phase8_role_aware_pmf_cal_v1+monotone_inactive_global_v1,morning,2026-05-25T17:16:35Z,a9062c09#phase10c,3b1a8703-3820-4ed7-a736-0023491c28e4,ok,0.0,high,full,current_phase8,unknown,projected,derived_from_projected_minutes,66,0.0
Evan Mobley,17896076,CLE,NYK,True,21713901,pts,starter,stat_grid:pmf_sim_v1+role_aware_pmf_cal_v1:starter+monotone_pit_cdf_v1,phase8_role_aware_pmf_cal_v1+monotone_inactive_global_v1,morning,2026-05-25T17:16:35Z,a9062c09#phase10c,3b1a8703-3820-4ed7-a736-0023491c28e4,ok,0.0,high,full,current_phase8,unknown,projected,derived_from_projected_minutes,67,0.0
Evan Mobley,17896076,CLE,NYK,True,21713901,pts,starter,stat_grid:pmf_sim_v1+role_aware_pmf_cal_v1:starter+monotone_pit_cdf_v1,phase8_role_aware_pmf_cal_v1+monotone_inactive_global_v1,morning,2026-05-25T17:16:35Z,a9062c09#phase10c,3b1a8703-3820-4ed7-a736-0023491c28e4,ok,0.0,high,full,current_phase8,unknown,projected,derived_from_projected_minutes,68,0.0
Evan Mobley,17896076,CLE,NYK,True,21713901,pts,starter,stat_grid:pmf_sim_v1+role_aware_pmf_cal_v1:starter+monotone_pit_cdf_v1,phase8_role_aware_pmf_cal_v1+monotone_inactive_global_v1,morning,2026-05-25T17:16:35Z,a9062c09#phase10c,3b1a8703-3820-4ed7-a736-0023491c28e4,ok,0.0,high,full,current_phase8,unknown,projected,derived_from_projected_minutes,69,0.0
Evan Mobley,17896076,CLE,NYK,True,21713901,pts,starter,stat_grid:pmf_sim_v1+role_aware_pmf_cal_v1:starter+monotone_pit_cdf_v1,phase8_role_aware_pmf_cal_v1+monotone_inactive_global_v1,morning,2026-05-25T17:16:35Z,a9062c09#phase10c,3b1a8703-3820-4ed7-a736-0023491c28e4,ok,0.0,high,full,current_phase8,unknown,projected,derived_from_projected_minutes,70,0.0
Evan Mobley,17896076,CLE,NYK,True,21713901,pts,starter,stat_grid:pmf_sim_v1+role_aware_pmf_cal_v1:starter+monotone_pit_cdf_v1,phase8_role_aware_pmf_cal_v1+monotone_inactive_global_v1,morning,2026-05-25T17:16:35Z,a9062c09#phase10c,3b1a8703-3820-4ed7-a736-0023491c28e4,ok,0.0,high,full,current_phase8,unknown,projected,derived_from_projected_minutes,71,0.0
Evan Mobley,17896076,CLE,NYK,True,21713901,pts,starter,stat_grid:pmf_sim_v1+role_aware_pmf_cal_v1:starter+monotone_pit_cdf_v1,phase8_role_aware_pmf_cal_v1+monotone_inactive_global_v1,morning,2026-05-25T17:16:35Z,a9062c09#phase10c,3b1a8703-3820-4ed7-a736-0023491c28e4,ok,0.0,high,full,current_phase8,unknown,projected,derived_from_projected_minutes,72,0.0
Evan Mobley,17896076,CLE,NYK,True,21713901,pts,starter,stat_grid:pmf_sim_v1+role_aware_pmf_cal_v1:starter+monotone_pit_cdf_v1,phase8_role_aware_pmf_cal_v1+monotone_inactive_global_v1,morning,2026-05-25T17:16:35Z,a9062c09#phase10c,3b1a8703-3820-4ed7-a736-0023491c28e4,ok,0.0,high,full,current_phase8,unknown,projected,derived_from_projected_minutes,73,0.0
Evan Mobley,17896076,CLE,NYK,True,21713901,pts,starter,stat_grid:pmf_sim_v1+role_aware_pmf_cal_v1:starter+monotone_pit_cdf_v1,phase8_role_aware_pmf_cal_v1+monotone_inactive_global_v1,morning,2026-05-25T17:16:35Z,a9062c09#phase10c,3b1a8703-3820-4ed7-a736-0023491c28e4,ok,0.0,high,full,current_phase8,unknown,projected,derived_from_projected_minutes,74,0.0
Evan Mobley,17896076,CLE,NYK,True,21713901,pts,starter,stat_grid:pmf_sim_v1+role_aware_pmf_cal_v1:starter+monotone_pit_cdf_v1,phase8_role_aware_pmf_cal_v1+monotone_inactive_global_v1,morning,2026-05-25T17:16:35Z,a9062c09#phase10c,3b1a8703-3820-4ed7-a736-0023491c28e4,ok,0.0,high,full,current_phase8,unknown,projected,derived_from_projected_minutes,75,0.0
Evan Mobley,17896076,CLE,NYK,True,21713901,pts,starter,stat_grid:pmf_sim_v1+role_aware_pmf_cal_v1:starter+monotone_pit_cdf_v1,phase8_role_aware_pmf_cal_v1+monotone_inactive_global_v1,morning,2026-05-25T17:16:35Z,a9062c09#phase10c,3b1a8703-3820-4ed7-a736-0023491c28e4,ok,0.0,high,full,current_phase8,unknown,projected,derived_from_projected_minutes,76,0.0
Evan Mobley,17896076,CLE,NYK,True,21713901,pts,starter,stat_grid:pmf_sim_v1+role_aware_pmf_cal_v1:starter+monotone_pit_cdf_v1,phase8_role_aware_pmf_cal_v1+monotone_inactive_global_v1,morning,2026-05-25T17:16:35Z,a9062c09#phase10c,3b1a8703-3820-4ed7-a736-0023491c28e4,ok,0.0,high,full,current_phase8,unknown,projected,derived_from_projected_minutes,77,0.0
Evan Mobley,17896076,CLE,NYK,True,21713901,pts,starter,stat_grid:pmf_sim_v1+role_aware_pmf_cal_v1:starter+monotone_pit_cdf_v1,phase8_role_aware_pmf_cal_v1+monotone_inactive_global_v1,morning,2026-05-25T17:16:35Z,a9062c09#phase10c,3b1a8703-3820-4ed7-a736-0023491c28e4,ok,0.0,high,full,current_phase8,unknown,projected,derived_from_projected_minutes,78,0.0
Evan Mobley,17896076,CLE,NYK,True,21713901,pts,starter,stat_grid:pmf_sim_v1+role_aware_pmf_cal_v1:starter+monotone_pit_cdf_v1,phase8_role_aware_pmf_cal_v1+monotone_inactive_global_v1,morning,2026-05-25T17:16:35Z,a9062c09#phase10c,3b1a8703-3820-4ed7-a736-0023491c28e4,ok,0.0,high,full,current_phase8,unknown,projected,derived_from_projected_minutes,79,0.0
Evan Mobley,17896076,CLE,NYK,True,21713901,pts,starter,stat_grid:pmf_sim_v1+role_aware_pmf_cal_v1:starter+monotone_pit_cdf_v1,phase8_role_aware_pmf_cal_v1+monotone_inactive_global_v1,morning,2026-05-25T17:16:35Z,a9062c09#phase10c,3b1a8703-3820-4ed7-a736-0023491c28e4,ok,0.0,high,full,current_phase8,unknown,projected,derived_from_projected_minutes,80,0.0
Evan Mobley,17896076,CLE,NYK,True,21713901,reb,starter,stat_grid:pmf_sim_v1+role_aware_pmf_cal_v1:starter+monotone_pit_cdf_v1,phase8_role_aware_pmf_cal_v1+monotone_inactive_global_v1,morning,2026-05-25T17:16:35Z,a9062c09#phase10c,3b1a8703-3820-4ed7-a736-0023491c28e4,ok,0.0,high,full,current_phase8,unknown,projected,derived_from_projected_minutes,0,0.0026
Evan Mobley,17896076,CLE,NYK,True,21713901,reb,starter,stat_grid:pmf_sim_v1+role_aware_pmf_cal_v1:starter+monotone_pit_cdf_v1,phase8_role_aware_pmf_cal_v1+monotone_inactive_global_v1,morning,2026-05-25T17:16:35Z,a9062c09#phase10c,3b1a8703-3820-4ed7-a736-0023491c28e4,ok,0.0,high,full,current_phase8,unknown,projected,derived_from_projected_minutes,1,0.0042
Evan Mobley,17896076,CLE,NYK,True,21713901,reb,starter,stat_grid:pmf_sim_v1+role_aware_pmf_cal_v1:starter+monotone_pit_cdf_v1,phase8_role_aware_pmf_cal_v1+monotone_inactive_global_v1,morning,2026-05-25T17:16:35Z,a9062c09#phase10c,3b1a8703-3820-4ed7-a736-0023491c28e4,ok,0.0,high,full,current_phase8,unknown,projected,derived_from_projected_minutes,2,0.0093
Evan Mobley,17896076,CLE,NYK,True,21713901,reb,starter,stat_grid:pmf_sim_v1+role_aware_pmf_cal_v1:starter+monotone_pit_cdf_v1,phase8_role_aware_pmf_cal_v1+monotone_inactive_global_v1,morning,2026-05-25T17:16:35Z,a9062c09#phase10c,3b1a8703-3820-4ed7-a736-0023491c28e4,ok,0.0,high,full,current_phase8,unknown,projected,derived_from_projected_minutes,3,0.0281
Evan Mobley,17896076,CLE,NYK,True,21713901,reb,starter,stat_grid:pmf_sim_v1+role_aware_pmf_cal_v1:starter+monotone_pit_cdf_v1,phase8_role_aware_pmf_cal_v1+monotone_inactive_global_v1,morning,2026-05-25T17:16:35Z,a9062c09#phase10c,3b1a8703-3820-4ed7-a736-0023491c28e4,ok,0.0,high,full,current_phase8,unknown,projected,derived_from_projected_minutes,4,0.0776
Evan Mobley,17896076,CLE,NYK,True,21713901,reb,starter,stat_grid:pmf_sim_v1+role_aware_pmf_cal_v1:starter+monotone_pit_cdf_v1,phase8_role_aware_pmf_cal_v1+monotone_inactive_global_v1,morning,2026-05-25T17:16:35Z,a9062c09#phase10c,3b1a8703-3820-4ed7-a736-0023491c28e4,ok,0.0,high,full,current_phase8,unknown,projected,derived_from_projected_minutes,5,0.1097
Evan Mobley,17896076,CLE,NYK,True,21713901,reb,starter,stat_grid:pmf_sim_v1+role_aware_pmf_cal_v1:starter+monotone_pit_cdf_v1,phase8_role_aware_pmf_cal_v1+monotone_inactive_global_v1,morning,2026-05-25T17:16:35Z,a9062c09#phase10c,3b1a8703-3820-4ed7-a736-0023491c28e4,ok,0.0,high,full,current_phase8,unknown,projected,derived_from_projected_minutes,6,0.196
Evan Mobley,17896076,CLE,NYK,True,21713901,reb,starter,stat_grid:pmf_sim_v1+role_aware_pmf_cal_v1:starter+monotone_pit_cdf_v1,phase8_role_aware_pmf_cal_v1+monotone_inactive_global_v1,morning,2026-05-25T17:16:35Z,a9062c09#phase10c,3b1a8703-3820-4ed7-a736-0023491c28e4,ok,0.0,high,full,current_phase8,unknown,projected,derived_from_projected_minutes,7,0.2129
Evan Mobley,17896076,CLE,NYK,True,21713901,reb,starter,stat_grid:pmf_sim_v1+role_aware_pmf_cal_v1:starter+monotone_pit_cdf_v1,phase8_role_aware_pmf_cal_v1+monotone_inactive_global_v1,morning,2026-05-25T17:16:35Z,a9062c09#phase10c,3b1a8703-3820-4ed7-a736-0023491c28e4,ok,0.0,high,full,current_phase8,unknown,projected,derived_from_projected_minutes,8,0.1413
Evan Mobley,17896076,CLE,NYK,True,21713901,reb,starter,stat_grid:pmf_sim_v1+role_aware_pmf_cal_v1:starter+monotone_pit_cdf_v1,phase8_role_aware_pmf_cal_v1+monotone_inactive_global_v1,morning,2026-05-25T17:16:35Z,a9062c09#phase10c,3b1a8703-3820-4ed7-a736-0023491c28e4,ok,0.0,high,full,current_phase8,unknown,projected,derived_from_projected_minutes,9,0.1026
Evan Mobley,17896076,CLE,NYK,True,21713901,reb,starter,stat_grid:pmf_sim_v1+role_aware_pmf_cal_v1:starter+monotone_pit_cdf_v1,phase8_role_aware_pmf_cal_v1+monotone_inactive_global_v1,morning,2026-05-25T17:16:35Z,a9062c09#phase10c,3b1a8703-3820-4ed7-a736-0023491c28e4,ok,0.0,high,full,current_phase8,unknown,projected,derived_from_projected_minutes,10,0.0677
Evan Mobley,17896076,CLE,NYK,True,21713901,reb,starter,stat_grid:pmf_sim_v1+role_aware_pmf_cal_v1:starter+monotone_pit_cdf_v1,phase8_role_aware_pmf_cal_v1+monotone_inactive_global_v1,morning,2026-05-25T17:16:35Z,a9062c09#phase10c,3b1a8703-3820-4ed7-a736-0023491c28e4,ok,0.0,high,full,current_phase8,unknown,projected,derived_from_projected_minutes,11,0.0304
Evan Mobley,17896076,CLE,NYK,True,21713901,reb,starter,stat_grid:pmf_sim_v1+role_aware_pmf_cal_v1:starter+monotone_pit_cdf_v1,phase8_role_aware_pmf_cal_v1+monotone_inactive_global_v1,morning,2026-05-25T17:16:35Z,a9062c09#phase10c,3b1a8703-3820-4ed7-a736-0023491c28e4,ok,0.0,high,full,current_phase8,unknown,projected,derived_from_projected_minutes,12,0.0111
Evan Mobley,17896076,CLE,NYK,True,21713901,reb,starter,stat_grid:pmf_sim_v1+role_aware_pmf_cal_v1:starter+monotone_pit_cdf_v1,phase8_role_aware_pmf_cal_v1+monotone_inactive_global_v1,morning,2026-05-25T17:16:35Z,a9062c09#phase10c,3b1a8703-3820-4ed7-a736-0023491c28e4,ok,0.0,high,full,current_phase8,unknown,projected,derived_from_projected_minutes,13,0.0036
Evan Mobley,17896076,CLE,NYK,True,21713901,reb,starter,stat_grid:pmf_sim_v1+role_aware_pmf_cal_v1:starter+monotone_pit_cdf_v1,phase8_role_aware_pmf_cal_v1+monotone_inactive_global_v1,morning,2026-05-25T17:16:35Z,a9062c09#phase10c,3b1a8703-3820-4ed7-a736-0023491c28e4,ok,0.0,high,full,current_phase8,unknown,projected,derived_from_projected_minutes,14,0.0023
Evan Mobley,17896076,CLE,NYK,True,21713901,reb,starter,stat_grid:pmf_sim_v1+role_aware_pmf_cal_v1:starter+monotone_pit_cdf_v1,phase8_role_aware_pmf_cal_v1+monotone_inactive_global_v1,morning,2026-05-25T17:16:35Z,a9062c09#phase10c,3b1a8703-3820-4ed7-a736-0023491c28e4,ok,0.0,high,full,current_phase8,unknown,projected,derived_from_projected_minutes,15,0.0005
Evan Mobley,17896076,CLE,NYK,True,21713901,reb,starter,stat_grid:pmf_sim_v1+role_aware_pmf_cal_v1:starter+monotone_pit_cdf_v1,phase8_role_aware_pmf_cal_v1+monotone_inactive_global_v1,morning,2026-05-25T17:16:35Z,a9062c09#phase10c,3b1a8703-3820-4ed7-a736-0023491c28e4,ok,0.0,high,full,current_phase8,unknown,projected,derived_from_projected_minutes,16,0.0
Evan Mobley,17896076,CLE,NYK,True,21713901,reb,starter,stat_grid:pmf_sim_v1+role_aware_pmf_cal_v1:starter+monotone_pit_cdf_v1,phase8_role_aware_pmf_cal_v1+monotone_inactive_global_v1,morning,2026-05-25T17:16:35Z,a9062c09#phase10c,3b1a8703-3820-4ed7-a736-0023491c28e4,ok,0.0,high,full,current_phase8,unknown,projected,derived_from_projected_minutes,17,0.0
Evan Mobley,17896076,CLE,NYK,True,21713901,reb,starter,stat_grid:pmf_sim_v1+role_aware_pmf_cal_v1:starter+monotone_pit_cdf_v1,phase8_role_aware_pmf_cal_v1+monotone_inactive_global_v1,morning,2026-05-25T17:16:35Z,a9062c09#phase10c,3b1a8703-3820-4ed7-a736-0023491c28e4,ok,0.0,high,full,current_phase8,unknown,projected,derived_from_projected_minutes,18,0.0
Evan Mobley,17896076,CLE,NYK,True,21713901,reb,starter,stat_grid:pmf_sim_v1+role_aware_pmf_cal_v1:starter+monotone_pit_cdf_v1,phase8_role_aware_pmf_cal_v1+monotone_inactive_global_v1,morning,2026-05-25T17:16:35Z,a9062c09#phase10c,3b1a8703-3820-4ed7-a736-0023491c28e4,ok,0.0,high,full,current_phase8,unknown,projected,derived_from_projected_minutes,19,0.0
Evan Mobley,17896076,CLE,NYK,True,21713901,reb,starter,stat_grid:pmf_sim_v1+role_aware_pmf_cal_v1:starter+monotone_pit_cdf_v1,phase8_role_aware_pmf_cal_v1+monotone_inactive_global_v1,morning,2026-05-25T17:16:35Z,a9062c09#phase10c,3b1a8703-3820-4ed7-a736-0023491c28e4,ok,0.0,high,full,current_phase8,unknown,projected,derived_from_projected_minutes,20,0.0
Evan Mobley,17896076,CLE,NYK,True,21713901,reb,starter,stat_grid:pmf_sim_v1+role_aware_pmf_cal_v1:starter+monotone_pit_cdf_v1,phase8_role_aware_pmf_cal_v1+monotone_inactive_global_v1,morning,2026-05-25T17:16:35Z,a9062c09#phase10c,3b1a8703-3820-4ed7-a736-0023491c28e4,ok,0.0,high,full,current_phase8,unknown,projected,derived_from_projected_minutes,21,0.0
Evan Mobley,17896076,CLE,NYK,True,21713901,reb,starter,stat_grid:pmf_sim_v1+role_aware_pmf_cal_v1:starter+monotone_pit_cdf_v1,phase8_role_aware_pmf_cal_v1+monotone_inactive_global_v1,morning,2026-05-25T17:16:35Z,a9062c09#phase10c,3b1a8703-3820-4ed7-a736-0023491c28e4,ok,0.0,high,full,current_phase8,unknown,projected,derived_from_projected_minutes,22,0.0
Evan Mobley,17896076,CLE,NYK,True,21713901,reb,starter,stat_grid:pmf_sim_v1+role_aware_pmf_cal_v1:starter+monotone_pit_cdf_v1,phase8_role_aware_pmf_cal_v1+monotone_inactive_global_v1,morning,2026-05-25T17:16:35Z,a9062c09#phase10c,3b1a8703-3820-4ed7-a736-0023491c28e4,ok,0.0,high,full,current_phase8,unknown,projected,derived_from_projected_minutes,23,0.0
Evan Mobley,17896076,CLE,NYK,True,21713901,reb,starter,stat_grid:pmf_sim_v1+role_aware_pmf_cal_v1:starter+monotone_pit_cdf_v1,phase8_role_aware_pmf_cal_v1+monotone_inactive_global_v1,morning,2026-05-25T17:16:35Z,a9062c09#phase10c,3b1a8703-3820-4ed7-a736-0023491c28e4,ok,0.0,high,full,current_phase8,unknown,projected,derived_from_projected_minutes,24,0.0
Evan Mobley,17896076,CLE,NYK,True,21713901,reb,starter,stat_grid:pmf_sim_v1+role_aware_pmf_cal_v1:starter+monotone_pit_cdf_v1,phase8_role_aware_pmf_cal_v1+monotone_inactive_global_v1,morning,2026-05-25T17:16:35Z,a9062c09#phase10c,3b1a8703-3820-4ed7-a736-0023491c28e4,ok,0.0,high,full,current_phase8,unknown,projected,derived_from_projected_minutes,25,0.0
Evan Mobley,17896076,CLE,NYK,True,21713901,reb,starter,stat_grid:pmf_sim_v1+role_aware_pmf_cal_v1:starter+monotone_pit_cdf_v1,phase8_role_aware_pmf_cal_v1+monotone_inactive_global_v1,morning,2026-05-25T17:16:35Z,a9062c09#phase10c,3b1a8703-3820-4ed7-a736-0023491c28e4,ok,0.0,high,full,current_phase8,unknown,projected,derived_from_projected_minutes,26,0.0
Evan Mobley,17896076,CLE,NYK,True,21713901,reb,starter,stat_grid:pmf_sim_v1+role_aware_pmf_cal_v1:starter+monotone_pit_cdf_v1,phase8_role_aware_pmf_cal_v1+monotone_inactive_global_v1,morning,2026-05-25T17:16:35Z,a9062c09#phase10c,3b1a8703-3820-4ed7-a736-0023491c28e4,ok,0.0,high,full,current_phase8,unknown,projected,derived_from_projected_minutes,27,0.0
Evan Mobley,17896076,CLE,NYK,True,21713901,reb,starter,stat_grid:pmf_sim_v1+role_aware_pmf_cal_v1:starter+monotone_pit_cdf_v1,phase8_role_aware_pmf_cal_v1+monotone_inactive_global_v1,morning,2026-05-25T17:16:35Z,a9062c09#phase10c,3b1a8703-3820-4ed7-a736-0023491c28e4,ok,0.0,high,full,current_phase8,unknown,projected,derived_from_projected_minutes,28,0.0
Evan Mobley,17896076,CLE,NYK,True,21713901,reb,starter,stat_grid:pmf_sim_v1+role_aware_pmf_cal_v1:starter+monotone_pit_cdf_v1,phase8_role_aware_pmf_cal_v1+monotone_inactive_global_v1,morning,2026-05-25T17:16:35Z,a9062c09#phase10c,3b1a8703-3820-4ed7-a736-0023491c28e4,ok,0.0,high,full,current_phase8,unknown,projected,derived_from_projected_minutes,29,0.0
Evan Mobley,17896076,CLE,NYK,True,21713901,reb,starter,stat_grid:pmf_sim_v1+role_aware_pmf_cal_v1:starter+monotone_pit_cdf_v1,phase8_role_aware_pmf_cal_v1+monotone_inactive_global_v1,morning,2026-05-25T17:16:35Z,a9062c09#phase10c,3b1a8703-3820-4ed7-a736-0023491c28e4,ok,0.0,high,full,current_phase8,unknown,projected,derived_from_projected_minutes,30,0.0
Evan Mobley,17896076,CLE,NYK,True,21713901,ast,starter,stat_grid:pmf_sim_v1+role_aware_pmf_cal_v1:starter+monotone_pit_cdf_v1,phase8_role_aware_pmf_cal_v1+monotone_inactive_global_v1,morning,2026-05-25T17:16:35Z,a9062c09#phase10c,3b1a8703-3820-4ed7-a736-0023491c28e4,ok,0.0,high,full,current_phase8,unknown,projected,derived_from_projected_minutes,0,0.0164
Evan Mobley,17896076,CLE,NYK,True,21713901,ast,starter,stat_grid:pmf_sim_v1+role_aware_pmf_cal_v1:starter+monotone_pit_cdf_v1,phase8_role_aware_pmf_cal_v1+monotone_inactive_global_v1,morning,2026-05-25T17:16:35Z,a9062c09#phase10c,3b1a8703-3820-4ed7-a736-0023491c28e4,ok,0.0,high,full,current_phase8,unknown,projected,derived_from_projected_minutes,1,0.1056
Evan Mobley,17896076,CLE,NYK,True,21713901,ast,starter,stat_grid:pmf_sim_v1+role_aware_pmf_cal_v1:starter+monotone_pit_cdf_v1,phase8_role_aware_pmf_cal_v1+monotone_inactive_global_v1,morning,2026-05-25T17:16:35Z,a9062c09#phase10c,3b1a8703-3820-4ed7-a736-0023491c28e4,ok,0.0,high,full,current_phase8,unknown,projected,derived_from_projected_minutes,2,0.2551
Evan Mobley,17896076,CLE,NYK,True,21713901,ast,starter,stat_grid:pmf_sim_v1+role_aware_pmf_cal_v1:starter+monotone_pit_cdf_v1,phase8_role_aware_pmf_cal_v1+monotone_inactive_global_v1,morning,2026-05-25T17:16:35Z,a9062c09#phase10c,3b1a8703-3820-4ed7-a736-0023491c28e4,ok,0.0,high,full,current_phase8,unknown,projected,derived_from_projected_minutes,3,0.2985
Evan Mobley,17896076,CLE,NYK,True,21713901,ast,starter,stat_grid:pmf_sim_v1+role_aware_pmf_cal_v1:starter+monotone_pit_cdf_v1,phase8_role_aware_pmf_cal_v1+monotone_inactive_global_v1,morning,2026-05-25T17:16:35Z,a9062c09#phase10c,3b1a8703-3820-4ed7-a736-0023491c28e4,ok,0.0,high,full,current_phase8,unknown,projected,derived_from_projected_minutes,4,0.2165
Evan Mobley,17896076,CLE,NYK,True,21713901,ast,starter,stat_grid:pmf_sim_v1+role_aware_pmf_cal_v1:starter+monotone_pit_cdf_v1,phase8_role_aware_pmf_cal_v1+monotone_inactive_global_v1,morning,2026-05-25T17:16:35Z,a9062c09#phase10c,3b1a8703-3820-4ed7-a736-0023491c28e4,ok,0.0,high,full,current_phase8,unknown,projected,derived_from_projected_minutes,5,0.0891
Evan Mobley,17896076,CLE,NYK,True,21713901,ast,starter,stat_grid:pmf_sim_v1+role_aware_pmf_cal_v1:starter+monotone_pit_cdf_v1,phase8_role_aware_pmf_cal_v1+monotone_inactive_global_v1,morning,2026-05-25T17:16:35Z,a9062c09#phase10c,3b1a8703-3820-4ed7-a736-0023491c28e4,ok,0.0,high,full,current_phase8,unknown,projected,derived_from_projected_minutes,6,0.014
Evan Mobley,17896076,CLE,NYK,True,21713901,ast,starter,stat_grid:pmf_sim_v1+role_aware_pmf_cal_v1:starter+monotone_pit_cdf_v1,phase8_role_aware_pmf_cal_v1+monotone_inactive_global_v1,morning,2026-05-25T17:16:35Z,a9062c09#phase10c,3b1a8703-3820-4ed7-a736-0023491c28e4,ok,0.0,high,full,current_phase8,unknown,projected,derived_from_projected_minutes,7,0.0041
Evan Mobley,17896076,CLE,NYK,True,21713901,ast,starter,stat_grid:pmf_sim_v1+role_aware_pmf_cal_v1:starter+monotone_pit_cdf_v1,phase8_role_aware_pmf_cal_v1+monotone_inactive_global_v1,morning,2026-05-25T17:16:35Z,a9062c09#phase10c,3b1a8703-3820-4ed7-a736-0023491c28e4,ok,0.0,high,full,current_phase8,unknown,projected,derived_from_projected_minutes,8,0.0007
Evan Mobley,17896076,CLE,NYK,True,21713901,ast,starter,stat_grid:pmf_sim_v1+role_aware_pmf_cal_v1:starter+monotone_pit_cdf_v1,phase8_role_aware_pmf_cal_v1+monotone_inactive_global_v1,morning,2026-05-25T17:16:35Z,a9062c09#phase10c,3b1a8703-3820-4ed7-a736-0023491c28e4,ok,0.0,high,full,current_phase8,unknown,projected,derived_from_projected_minutes,9,0.0001
Evan Mobley,17896076,CLE,NYK,True,21713901,ast,starter,stat_grid:pmf_sim_v1+role_aware_pmf_cal_v1:starter+monotone_pit_cdf_v1,phase8_role_aware_pmf_cal_v1+monotone_inactive_global_v1,morning,2026-05-25T17:16:35Z,a9062c09#phase10c,3b1a8703-3820-4ed7-a736-0023491c28e4,ok,0.0,high,full,current_phase8,unknown,projected,derived_from_projected_minutes,10,0.0
Evan Mobley,17896076,CLE,NYK,True,21713901,ast,starter,stat_grid:pmf_sim_v1+role_aware_pmf_cal_v1:starter+monotone_pit_cdf_v1,phase8_role_aware_pmf_cal_v1+monotone_inactive_global_v1,morning,2026-05-25T17:16:35Z,a9062c09#phase10c,3b1a8703-3820-4ed7-a736-0023491c28e4,ok,0.0,high,full,current_phase8,unknown,projected,derived_from_projected_minutes,11,0.0
Evan Mobley,17896076,CLE,NYK,True,21713901,ast,starter,stat_grid:pmf_sim_v1+role_aware_pmf_cal_v1:starter+monotone_pit_cdf_v1,phase8_role_aware_pmf_cal_v1+monotone_inactive_global_v1,morning,2026-05-25T17:16:35Z,a9062c09#phase10c,3b1a8703-3820-4ed7-a736-0023491c28e4,ok,0.0,high,full,current_phase8,unknown,projected,derived_from_projected_minutes,12,0.0
Evan Mobley,17896076,CLE,NYK,True,21713901,ast,starter,stat_grid:pmf_sim_v1+role_aware_pmf_cal_v1:starter+monotone_pit_cdf_v1,phase8_role_aware_pmf_cal_v1+monotone_inactive_global_v1,morning,2026-05-25T17:16:35Z,a9062c09#phase10c,3b1a8703-3820-4ed7-a736-0023491c28e4,ok,0.0,high,full,current_phase8,unknown,projected,derived_from_projected_minutes,13,0.0
Evan Mobley,17896076,CLE,NYK,True,21713901,ast,starter,stat_grid:pmf_sim_v1+role_aware_pmf_cal_v1:starter+monotone_pit_cdf_v1,phase8_role_aware_pmf_cal_v1+monotone_inactive_global_v1,morning,2026-05-25T17:16:35Z,a9062c09#phase10c,3b1a8703-3820-4ed7-a736-0023491c28e4,ok,0.0,high,full,current_phase8,unknown,projected,derived_from_projected_minutes,14,0.0
Evan Mobley,17896076,CLE,NYK,True,21713901,ast,starter,stat_grid:pmf_sim_v1+role_aware_pmf_cal_v1:starter+monotone_pit_cdf_v1,phase8_role_aware_pmf_cal_v1+monotone_inactive_global_v1,morning,2026-05-25T17:16:35Z,a9062c09#phase10c,3b1a8703-3820-4ed7-a736-0023491c28e4,ok,0.0,high,full,current_phase8,unknown,projected,derived_from_projected_minutes,15,0.0
Evan Mobley,17896076,CLE,NYK,True,21713901,ast,starter,stat_grid:pmf_sim_v1+role_aware_pmf_cal_v1:starter+monotone_pit_cdf_v1,phase8_role_aware_pmf_cal_v1+monotone_inactive_global_v1,morning,2026-05-25T17:16:35Z,a9062c09#phase10c,3b1a8703-3820-4ed7-a736-0023491c28e4,ok,0.0,high,full,current_phase8,unknown,projected,derived_from_projected_minutes,16,0.0
Evan Mobley,17896076,CLE,NYK,True,21713901,ast,starter,stat_grid:pmf_sim_v1+role_aware_pmf_cal_v1:starter+monotone_pit_cdf_v1,phase8_role_aware_pmf_cal_v1+monotone_inactive_global_v1,morning,2026-05-25T17:16:35Z,a9062c09#phase10c,3b1a8703-3820-4ed7-a736-0023491c28e4,ok,0.0,high,full,current_phase8,unknown,projected,derived_from_projected_minutes,17,0.0
Evan Mobley,17896076,CLE,NYK,True,21713901,ast,starter,stat_grid:pmf_sim_v1+role_aware_pmf_cal_v1:starter+monotone_pit_cdf_v1,phase8_role_aware_pmf_cal_v1+monotone_inactive_global_v1,morning,2026-05-25T17:16:35Z,a9062c09#phase10c,3b1a8703-3820-4ed7-a736-0023491c28e4,ok,0.0,high,full,current_phase8,unknown,projected,derived_from_projected_minutes,18,0.0
Evan Mobley,17896076,CLE,NYK,True,21713901,ast,starter,stat_grid:pmf_sim_v1+role_aware_pmf_cal_v1:starter+monotone_pit_cdf_v1,phase8_role_aware_pmf_cal_v1+monotone_inactive_global_v1,morning,2026-05-25T17:16:35Z,a9062c09#phase10c,3b1a8703-3820-4ed7-a736-0023491c28e4,ok,0.0,high,full,current_phase8,unknown,projected,derived_from_projected_minutes,19,0.0
Evan Mobley,17896076,CLE,NYK,True,21713901,ast,starter,stat_grid:pmf_sim_v1+role_aware_pmf_cal_v1:starter+monotone_pit_cdf_v1,phase8_role_aware_pmf_cal_v1+monotone_inactive_global_v1,morning,2026-05-25T17:16:35Z,a9062c09#phase10c,3b1a8703-3820-4ed7-a736-0023491c28e4,ok,0.0,high,full,current_phase8,unknown,projected,derived_from_projected_minutes,20,0.0
Evan Mobley,17896076,CLE,NYK,True,21713901,ast,starter,stat_grid:pmf_sim_v1+role_aware_pmf_cal_v1:starter+monotone_pit_cdf_v1,phase8_role_aware_pmf_cal_v1+monotone_inactive_global_v1,morning,2026-05-25T17:16:35Z,a9062c09#phase10c,3b1a8703-3820-4ed7-a736-0023491c28e4,ok,0.0,high,full,current_phase8,unknown,projected,derived_from_projected_minutes,21,0.0
