player_name,player_id,team,opponent,is_home,game_id,stat,role_bucket,pmf_source,calibration_source,snapshot_type,snapshot_time_utc,model_version,pipeline_run_id,pmf_valid,pmf_sum_error,calibration_confidence,market_coverage_status,tov_status,injury_freshness_status,lineup_freshness_status,role_freshness_status,k,p_k
OG Anunoby,18,NYK,CLE,True,21713897,pts,starter,stat_grid:pmf_sim_v1+role_aware_pmf_cal_v1:starter+monotone_pit_cdf_v1,phase8_role_aware_pmf_cal_v1+monotone_inactive_global_v1,pre_close,2026-05-22T11:36:28Z,24dddfd7#phase10c,ace5975d-e7d0-44db-a2bc-3f64f51aa9c3,ok,0.0,high,full,current_phase8,unknown,projected,missing,1,0.0005
OG Anunoby,18,NYK,CLE,True,21713897,pts,starter,stat_grid:pmf_sim_v1+role_aware_pmf_cal_v1:starter+monotone_pit_cdf_v1,phase8_role_aware_pmf_cal_v1+monotone_inactive_global_v1,pre_close,2026-05-22T11:36:28Z,24dddfd7#phase10c,ace5975d-e7d0-44db-a2bc-3f64f51aa9c3,ok,0.0,high,full,current_phase8,unknown,projected,missing,2,0.0019
OG Anunoby,18,NYK,CLE,True,21713897,pts,starter,stat_grid:pmf_sim_v1+role_aware_pmf_cal_v1:starter+monotone_pit_cdf_v1,phase8_role_aware_pmf_cal_v1+monotone_inactive_global_v1,pre_close,2026-05-22T11:36:28Z,24dddfd7#phase10c,ace5975d-e7d0-44db-a2bc-3f64f51aa9c3,ok,0.0,high,full,current_phase8,unknown,projected,missing,3,0.0027
OG Anunoby,18,NYK,CLE,True,21713897,pts,starter,stat_grid:pmf_sim_v1+role_aware_pmf_cal_v1:starter+monotone_pit_cdf_v1,phase8_role_aware_pmf_cal_v1+monotone_inactive_global_v1,pre_close,2026-05-22T11:36:28Z,24dddfd7#phase10c,ace5975d-e7d0-44db-a2bc-3f64f51aa9c3,ok,0.0,high,full,current_phase8,unknown,projected,missing,4,0.0063
OG Anunoby,18,NYK,CLE,True,21713897,pts,starter,stat_grid:pmf_sim_v1+role_aware_pmf_cal_v1:starter+monotone_pit_cdf_v1,phase8_role_aware_pmf_cal_v1+monotone_inactive_global_v1,pre_close,2026-05-22T11:36:28Z,24dddfd7#phase10c,ace5975d-e7d0-44db-a2bc-3f64f51aa9c3,ok,0.0,high,full,current_phase8,unknown,projected,missing,5,0.0084
OG Anunoby,18,NYK,CLE,True,21713897,pts,starter,stat_grid:pmf_sim_v1+role_aware_pmf_cal_v1:starter+monotone_pit_cdf_v1,phase8_role_aware_pmf_cal_v1+monotone_inactive_global_v1,pre_close,2026-05-22T11:36:28Z,24dddfd7#phase10c,ace5975d-e7d0-44db-a2bc-3f64f51aa9c3,ok,0.0,high,full,current_phase8,unknown,projected,missing,6,0.0124
OG Anunoby,18,NYK,CLE,True,21713897,pts,starter,stat_grid:pmf_sim_v1+role_aware_pmf_cal_v1:starter+monotone_pit_cdf_v1,phase8_role_aware_pmf_cal_v1+monotone_inactive_global_v1,pre_close,2026-05-22T11:36:28Z,24dddfd7#phase10c,ace5975d-e7d0-44db-a2bc-3f64f51aa9c3,ok,0.0,high,full,current_phase8,unknown,projected,missing,7,0.0181
OG Anunoby,18,NYK,CLE,True,21713897,pts,starter,stat_grid:pmf_sim_v1+role_aware_pmf_cal_v1:starter+monotone_pit_cdf_v1,phase8_role_aware_pmf_cal_v1+monotone_inactive_global_v1,pre_close,2026-05-22T11:36:28Z,24dddfd7#phase10c,ace5975d-e7d0-44db-a2bc-3f64f51aa9c3,ok,0.0,high,full,current_phase8,unknown,projected,missing,8,0.0255
OG Anunoby,18,NYK,CLE,True,21713897,pts,starter,stat_grid:pmf_sim_v1+role_aware_pmf_cal_v1:starter+monotone_pit_cdf_v1,phase8_role_aware_pmf_cal_v1+monotone_inactive_global_v1,pre_close,2026-05-22T11:36:28Z,24dddfd7#phase10c,ace5975d-e7d0-44db-a2bc-3f64f51aa9c3,ok,0.0,high,full,current_phase8,unknown,projected,missing,9,0.0288
OG Anunoby,18,NYK,CLE,True,21713897,pts,starter,stat_grid:pmf_sim_v1+role_aware_pmf_cal_v1:starter+monotone_pit_cdf_v1,phase8_role_aware_pmf_cal_v1+monotone_inactive_global_v1,pre_close,2026-05-22T11:36:28Z,24dddfd7#phase10c,ace5975d-e7d0-44db-a2bc-3f64f51aa9c3,ok,0.0,high,full,current_phase8,unknown,projected,missing,10,0.0311
OG Anunoby,18,NYK,CLE,True,21713897,pts,starter,stat_grid:pmf_sim_v1+role_aware_pmf_cal_v1:starter+monotone_pit_cdf_v1,phase8_role_aware_pmf_cal_v1+monotone_inactive_global_v1,pre_close,2026-05-22T11:36:28Z,24dddfd7#phase10c,ace5975d-e7d0-44db-a2bc-3f64f51aa9c3,ok,0.0,high,full,current_phase8,unknown,projected,missing,11,0.0383
OG Anunoby,18,NYK,CLE,True,21713897,pts,starter,stat_grid:pmf_sim_v1+role_aware_pmf_cal_v1:starter+monotone_pit_cdf_v1,phase8_role_aware_pmf_cal_v1+monotone_inactive_global_v1,pre_close,2026-05-22T11:36:28Z,24dddfd7#phase10c,ace5975d-e7d0-44db-a2bc-3f64f51aa9c3,ok,0.0,high,full,current_phase8,unknown,projected,missing,12,0.0541
OG Anunoby,18,NYK,CLE,True,21713897,pts,starter,stat_grid:pmf_sim_v1+role_aware_pmf_cal_v1:starter+monotone_pit_cdf_v1,phase8_role_aware_pmf_cal_v1+monotone_inactive_global_v1,pre_close,2026-05-22T11:36:28Z,24dddfd7#phase10c,ace5975d-e7d0-44db-a2bc-3f64f51aa9c3,ok,0.0,high,full,current_phase8,unknown,projected,missing,13,0.0579
OG Anunoby,18,NYK,CLE,True,21713897,pts,starter,stat_grid:pmf_sim_v1+role_aware_pmf_cal_v1:starter+monotone_pit_cdf_v1,phase8_role_aware_pmf_cal_v1+monotone_inactive_global_v1,pre_close,2026-05-22T11:36:28Z,24dddfd7#phase10c,ace5975d-e7d0-44db-a2bc-3f64f51aa9c3,ok,0.0,high,full,current_phase8,unknown,projected,missing,14,0.0588
OG Anunoby,18,NYK,CLE,True,21713897,pts,starter,stat_grid:pmf_sim_v1+role_aware_pmf_cal_v1:starter+monotone_pit_cdf_v1,phase8_role_aware_pmf_cal_v1+monotone_inactive_global_v1,pre_close,2026-05-22T11:36:28Z,24dddfd7#phase10c,ace5975d-e7d0-44db-a2bc-3f64f51aa9c3,ok,0.0,high,full,current_phase8,unknown,projected,missing,15,0.054
OG Anunoby,18,NYK,CLE,True,21713897,pts,starter,stat_grid:pmf_sim_v1+role_aware_pmf_cal_v1:starter+monotone_pit_cdf_v1,phase8_role_aware_pmf_cal_v1+monotone_inactive_global_v1,pre_close,2026-05-22T11:36:28Z,24dddfd7#phase10c,ace5975d-e7d0-44db-a2bc-3f64f51aa9c3,ok,0.0,high,full,current_phase8,unknown,projected,missing,16,0.0625
OG Anunoby,18,NYK,CLE,True,21713897,pts,starter,stat_grid:pmf_sim_v1+role_aware_pmf_cal_v1:starter+monotone_pit_cdf_v1,phase8_role_aware_pmf_cal_v1+monotone_inactive_global_v1,pre_close,2026-05-22T11:36:28Z,24dddfd7#phase10c,ace5975d-e7d0-44db-a2bc-3f64f51aa9c3,ok,0.0,high,full,current_phase8,unknown,projected,missing,17,0.0864
OG Anunoby,18,NYK,CLE,True,21713897,pts,starter,stat_grid:pmf_sim_v1+role_aware_pmf_cal_v1:starter+monotone_pit_cdf_v1,phase8_role_aware_pmf_cal_v1+monotone_inactive_global_v1,pre_close,2026-05-22T11:36:28Z,24dddfd7#phase10c,ace5975d-e7d0-44db-a2bc-3f64f51aa9c3,ok,0.0,high,full,current_phase8,unknown,projected,missing,18,0.0746
OG Anunoby,18,NYK,CLE,True,21713897,pts,starter,stat_grid:pmf_sim_v1+role_aware_pmf_cal_v1:starter+monotone_pit_cdf_v1,phase8_role_aware_pmf_cal_v1+monotone_inactive_global_v1,pre_close,2026-05-22T11:36:28Z,24dddfd7#phase10c,ace5975d-e7d0-44db-a2bc-3f64f51aa9c3,ok,0.0,high,full,current_phase8,unknown,projected,missing,19,0.0646
OG Anunoby,18,NYK,CLE,True,21713897,pts,starter,stat_grid:pmf_sim_v1+role_aware_pmf_cal_v1:starter+monotone_pit_cdf_v1,phase8_role_aware_pmf_cal_v1+monotone_inactive_global_v1,pre_close,2026-05-22T11:36:28Z,24dddfd7#phase10c,ace5975d-e7d0-44db-a2bc-3f64f51aa9c3,ok,0.0,high,full,current_phase8,unknown,projected,missing,20,0.0432
OG Anunoby,18,NYK,CLE,True,21713897,pts,starter,stat_grid:pmf_sim_v1+role_aware_pmf_cal_v1:starter+monotone_pit_cdf_v1,phase8_role_aware_pmf_cal_v1+monotone_inactive_global_v1,pre_close,2026-05-22T11:36:28Z,24dddfd7#phase10c,ace5975d-e7d0-44db-a2bc-3f64f51aa9c3,ok,0.0,high,full,current_phase8,unknown,projected,missing,21,0.0564
OG Anunoby,18,NYK,CLE,True,21713897,pts,starter,stat_grid:pmf_sim_v1+role_aware_pmf_cal_v1:starter+monotone_pit_cdf_v1,phase8_role_aware_pmf_cal_v1+monotone_inactive_global_v1,pre_close,2026-05-22T11:36:28Z,24dddfd7#phase10c,ace5975d-e7d0-44db-a2bc-3f64f51aa9c3,ok,0.0,high,full,current_phase8,unknown,projected,missing,22,0.0488
OG Anunoby,18,NYK,CLE,True,21713897,pts,starter,stat_grid:pmf_sim_v1+role_aware_pmf_cal_v1:starter+monotone_pit_cdf_v1,phase8_role_aware_pmf_cal_v1+monotone_inactive_global_v1,pre_close,2026-05-22T11:36:28Z,24dddfd7#phase10c,ace5975d-e7d0-44db-a2bc-3f64f51aa9c3,ok,0.0,high,full,current_phase8,unknown,projected,missing,23,0.0444
OG Anunoby,18,NYK,CLE,True,21713897,pts,starter,stat_grid:pmf_sim_v1+role_aware_pmf_cal_v1:starter+monotone_pit_cdf_v1,phase8_role_aware_pmf_cal_v1+monotone_inactive_global_v1,pre_close,2026-05-22T11:36:28Z,24dddfd7#phase10c,ace5975d-e7d0-44db-a2bc-3f64f51aa9c3,ok,0.0,high,full,current_phase8,unknown,projected,missing,24,0.0251
OG Anunoby,18,NYK,CLE,True,21713897,pts,starter,stat_grid:pmf_sim_v1+role_aware_pmf_cal_v1:starter+monotone_pit_cdf_v1,phase8_role_aware_pmf_cal_v1+monotone_inactive_global_v1,pre_close,2026-05-22T11:36:28Z,24dddfd7#phase10c,ace5975d-e7d0-44db-a2bc-3f64f51aa9c3,ok,0.0,high,full,current_phase8,unknown,projected,missing,25,0.0197
OG Anunoby,18,NYK,CLE,True,21713897,pts,starter,stat_grid:pmf_sim_v1+role_aware_pmf_cal_v1:starter+monotone_pit_cdf_v1,phase8_role_aware_pmf_cal_v1+monotone_inactive_global_v1,pre_close,2026-05-22T11:36:28Z,24dddfd7#phase10c,ace5975d-e7d0-44db-a2bc-3f64f51aa9c3,ok,0.0,high,full,current_phase8,unknown,projected,missing,26,0.0151
OG Anunoby,18,NYK,CLE,True,21713897,pts,starter,stat_grid:pmf_sim_v1+role_aware_pmf_cal_v1:starter+monotone_pit_cdf_v1,phase8_role_aware_pmf_cal_v1+monotone_inactive_global_v1,pre_close,2026-05-22T11:36:28Z,24dddfd7#phase10c,ace5975d-e7d0-44db-a2bc-3f64f51aa9c3,ok,0.0,high,full,current_phase8,unknown,projected,missing,27,0.0142
OG Anunoby,18,NYK,CLE,True,21713897,pts,starter,stat_grid:pmf_sim_v1+role_aware_pmf_cal_v1:starter+monotone_pit_cdf_v1,phase8_role_aware_pmf_cal_v1+monotone_inactive_global_v1,pre_close,2026-05-22T11:36:28Z,24dddfd7#phase10c,ace5975d-e7d0-44db-a2bc-3f64f51aa9c3,ok,0.0,high,full,current_phase8,unknown,projected,missing,28,0.0086
OG Anunoby,18,NYK,CLE,True,21713897,pts,starter,stat_grid:pmf_sim_v1+role_aware_pmf_cal_v1:starter+monotone_pit_cdf_v1,phase8_role_aware_pmf_cal_v1+monotone_inactive_global_v1,pre_close,2026-05-22T11:36:28Z,24dddfd7#phase10c,ace5975d-e7d0-44db-a2bc-3f64f51aa9c3,ok,0.0,high,full,current_phase8,unknown,projected,missing,29,0.0083
OG Anunoby,18,NYK,CLE,True,21713897,pts,starter,stat_grid:pmf_sim_v1+role_aware_pmf_cal_v1:starter+monotone_pit_cdf_v1,phase8_role_aware_pmf_cal_v1+monotone_inactive_global_v1,pre_close,2026-05-22T11:36:28Z,24dddfd7#phase10c,ace5975d-e7d0-44db-a2bc-3f64f51aa9c3,ok,0.0,high,full,current_phase8,unknown,projected,missing,30,0.0048
OG Anunoby,18,NYK,CLE,True,21713897,pts,starter,stat_grid:pmf_sim_v1+role_aware_pmf_cal_v1:starter+monotone_pit_cdf_v1,phase8_role_aware_pmf_cal_v1+monotone_inactive_global_v1,pre_close,2026-05-22T11:36:28Z,24dddfd7#phase10c,ace5975d-e7d0-44db-a2bc-3f64f51aa9c3,ok,0.0,high,full,current_phase8,unknown,projected,missing,31,0.0076
OG Anunoby,18,NYK,CLE,True,21713897,pts,starter,stat_grid:pmf_sim_v1+role_aware_pmf_cal_v1:starter+monotone_pit_cdf_v1,phase8_role_aware_pmf_cal_v1+monotone_inactive_global_v1,pre_close,2026-05-22T11:36:28Z,24dddfd7#phase10c,ace5975d-e7d0-44db-a2bc-3f64f51aa9c3,ok,0.0,high,full,current_phase8,unknown,projected,missing,32,0.0038
OG Anunoby,18,NYK,CLE,True,21713897,pts,starter,stat_grid:pmf_sim_v1+role_aware_pmf_cal_v1:starter+monotone_pit_cdf_v1,phase8_role_aware_pmf_cal_v1+monotone_inactive_global_v1,pre_close,2026-05-22T11:36:28Z,24dddfd7#phase10c,ace5975d-e7d0-44db-a2bc-3f64f51aa9c3,ok,0.0,high,full,current_phase8,unknown,projected,missing,33,0.0043
OG Anunoby,18,NYK,CLE,True,21713897,pts,starter,stat_grid:pmf_sim_v1+role_aware_pmf_cal_v1:starter+monotone_pit_cdf_v1,phase8_role_aware_pmf_cal_v1+monotone_inactive_global_v1,pre_close,2026-05-22T11:36:28Z,24dddfd7#phase10c,ace5975d-e7d0-44db-a2bc-3f64f51aa9c3,ok,0.0,high,full,current_phase8,unknown,projected,missing,34,0.0024
OG Anunoby,18,NYK,CLE,True,21713897,pts,starter,stat_grid:pmf_sim_v1+role_aware_pmf_cal_v1:starter+monotone_pit_cdf_v1,phase8_role_aware_pmf_cal_v1+monotone_inactive_global_v1,pre_close,2026-05-22T11:36:28Z,24dddfd7#phase10c,ace5975d-e7d0-44db-a2bc-3f64f51aa9c3,ok,0.0,high,full,current_phase8,unknown,projected,missing,35,0.0027
OG Anunoby,18,NYK,CLE,True,21713897,pts,starter,stat_grid:pmf_sim_v1+role_aware_pmf_cal_v1:starter+monotone_pit_cdf_v1,phase8_role_aware_pmf_cal_v1+monotone_inactive_global_v1,pre_close,2026-05-22T11:36:28Z,24dddfd7#phase10c,ace5975d-e7d0-44db-a2bc-3f64f51aa9c3,ok,0.0,high,full,current_phase8,unknown,projected,missing,36,0.0003
OG Anunoby,18,NYK,CLE,True,21713897,pts,starter,stat_grid:pmf_sim_v1+role_aware_pmf_cal_v1:starter+monotone_pit_cdf_v1,phase8_role_aware_pmf_cal_v1+monotone_inactive_global_v1,pre_close,2026-05-22T11:36:28Z,24dddfd7#phase10c,ace5975d-e7d0-44db-a2bc-3f64f51aa9c3,ok,0.0,high,full,current_phase8,unknown,projected,missing,37,0.0008
OG Anunoby,18,NYK,CLE,True,21713897,pts,starter,stat_grid:pmf_sim_v1+role_aware_pmf_cal_v1:starter+monotone_pit_cdf_v1,phase8_role_aware_pmf_cal_v1+monotone_inactive_global_v1,pre_close,2026-05-22T11:36:28Z,24dddfd7#phase10c,ace5975d-e7d0-44db-a2bc-3f64f51aa9c3,ok,0.0,high,full,current_phase8,unknown,projected,missing,38,0.0003
OG Anunoby,18,NYK,CLE,True,21713897,pts,starter,stat_grid:pmf_sim_v1+role_aware_pmf_cal_v1:starter+monotone_pit_cdf_v1,phase8_role_aware_pmf_cal_v1+monotone_inactive_global_v1,pre_close,2026-05-22T11:36:28Z,24dddfd7#phase10c,ace5975d-e7d0-44db-a2bc-3f64f51aa9c3,ok,0.0,high,full,current_phase8,unknown,projected,missing,39,0.0001
OG Anunoby,18,NYK,CLE,True,21713897,pts,starter,stat_grid:pmf_sim_v1+role_aware_pmf_cal_v1:starter+monotone_pit_cdf_v1,phase8_role_aware_pmf_cal_v1+monotone_inactive_global_v1,pre_close,2026-05-22T11:36:28Z,24dddfd7#phase10c,ace5975d-e7d0-44db-a2bc-3f64f51aa9c3,ok,0.0,high,full,current_phase8,unknown,projected,missing,40,0.0001
OG Anunoby,18,NYK,CLE,True,21713897,pts,starter,stat_grid:pmf_sim_v1+role_aware_pmf_cal_v1:starter+monotone_pit_cdf_v1,phase8_role_aware_pmf_cal_v1+monotone_inactive_global_v1,pre_close,2026-05-22T11:36:28Z,24dddfd7#phase10c,ace5975d-e7d0-44db-a2bc-3f64f51aa9c3,ok,0.0,high,full,current_phase8,unknown,projected,missing,41,0.0001
OG Anunoby,18,NYK,CLE,True,21713897,pts,starter,stat_grid:pmf_sim_v1+role_aware_pmf_cal_v1:starter+monotone_pit_cdf_v1,phase8_role_aware_pmf_cal_v1+monotone_inactive_global_v1,pre_close,2026-05-22T11:36:28Z,24dddfd7#phase10c,ace5975d-e7d0-44db-a2bc-3f64f51aa9c3,ok,0.0,high,full,current_phase8,unknown,projected,missing,42,0.0002
OG Anunoby,18,NYK,CLE,True,21713897,pts,starter,stat_grid:pmf_sim_v1+role_aware_pmf_cal_v1:starter+monotone_pit_cdf_v1,phase8_role_aware_pmf_cal_v1+monotone_inactive_global_v1,pre_close,2026-05-22T11:36:28Z,24dddfd7#phase10c,ace5975d-e7d0-44db-a2bc-3f64f51aa9c3,ok,0.0,high,full,current_phase8,unknown,projected,missing,43,0.0001
OG Anunoby,18,NYK,CLE,True,21713897,pts,starter,stat_grid:pmf_sim_v1+role_aware_pmf_cal_v1:starter+monotone_pit_cdf_v1,phase8_role_aware_pmf_cal_v1+monotone_inactive_global_v1,pre_close,2026-05-22T11:36:28Z,24dddfd7#phase10c,ace5975d-e7d0-44db-a2bc-3f64f51aa9c3,ok,0.0,high,full,current_phase8,unknown,projected,missing,44,0.0001
OG Anunoby,18,NYK,CLE,True,21713897,pts,starter,stat_grid:pmf_sim_v1+role_aware_pmf_cal_v1:starter+monotone_pit_cdf_v1,phase8_role_aware_pmf_cal_v1+monotone_inactive_global_v1,pre_close,2026-05-22T11:36:28Z,24dddfd7#phase10c,ace5975d-e7d0-44db-a2bc-3f64f51aa9c3,ok,0.0,high,full,current_phase8,unknown,projected,missing,45,0.0
OG Anunoby,18,NYK,CLE,True,21713897,pts,starter,stat_grid:pmf_sim_v1+role_aware_pmf_cal_v1:starter+monotone_pit_cdf_v1,phase8_role_aware_pmf_cal_v1+monotone_inactive_global_v1,pre_close,2026-05-22T11:36:28Z,24dddfd7#phase10c,ace5975d-e7d0-44db-a2bc-3f64f51aa9c3,ok,0.0,high,full,current_phase8,unknown,projected,missing,46,0.0001
OG Anunoby,18,NYK,CLE,True,21713897,pts,starter,stat_grid:pmf_sim_v1+role_aware_pmf_cal_v1:starter+monotone_pit_cdf_v1,phase8_role_aware_pmf_cal_v1+monotone_inactive_global_v1,pre_close,2026-05-22T11:36:28Z,24dddfd7#phase10c,ace5975d-e7d0-44db-a2bc-3f64f51aa9c3,ok,0.0,high,full,current_phase8,unknown,projected,missing,47,0.0001
OG Anunoby,18,NYK,CLE,True,21713897,pts,starter,stat_grid:pmf_sim_v1+role_aware_pmf_cal_v1:starter+monotone_pit_cdf_v1,phase8_role_aware_pmf_cal_v1+monotone_inactive_global_v1,pre_close,2026-05-22T11:36:28Z,24dddfd7#phase10c,ace5975d-e7d0-44db-a2bc-3f64f51aa9c3,ok,0.0,high,full,current_phase8,unknown,projected,missing,48,0.0
OG Anunoby,18,NYK,CLE,True,21713897,pts,starter,stat_grid:pmf_sim_v1+role_aware_pmf_cal_v1:starter+monotone_pit_cdf_v1,phase8_role_aware_pmf_cal_v1+monotone_inactive_global_v1,pre_close,2026-05-22T11:36:28Z,24dddfd7#phase10c,ace5975d-e7d0-44db-a2bc-3f64f51aa9c3,ok,0.0,high,full,current_phase8,unknown,projected,missing,49,0.0
OG Anunoby,18,NYK,CLE,True,21713897,pts,starter,stat_grid:pmf_sim_v1+role_aware_pmf_cal_v1:starter+monotone_pit_cdf_v1,phase8_role_aware_pmf_cal_v1+monotone_inactive_global_v1,pre_close,2026-05-22T11:36:28Z,24dddfd7#phase10c,ace5975d-e7d0-44db-a2bc-3f64f51aa9c3,ok,0.0,high,full,current_phase8,unknown,projected,missing,50,0.0
OG Anunoby,18,NYK,CLE,True,21713897,pts,starter,stat_grid:pmf_sim_v1+role_aware_pmf_cal_v1:starter+monotone_pit_cdf_v1,phase8_role_aware_pmf_cal_v1+monotone_inactive_global_v1,pre_close,2026-05-22T11:36:28Z,24dddfd7#phase10c,ace5975d-e7d0-44db-a2bc-3f64f51aa9c3,ok,0.0,high,full,current_phase8,unknown,projected,missing,51,0.0001
OG Anunoby,18,NYK,CLE,True,21713897,pts,starter,stat_grid:pmf_sim_v1+role_aware_pmf_cal_v1:starter+monotone_pit_cdf_v1,phase8_role_aware_pmf_cal_v1+monotone_inactive_global_v1,pre_close,2026-05-22T11:36:28Z,24dddfd7#phase10c,ace5975d-e7d0-44db-a2bc-3f64f51aa9c3,ok,0.0,high,full,current_phase8,unknown,projected,missing,52,0.0
OG Anunoby,18,NYK,CLE,True,21713897,pts,starter,stat_grid:pmf_sim_v1+role_aware_pmf_cal_v1:starter+monotone_pit_cdf_v1,phase8_role_aware_pmf_cal_v1+monotone_inactive_global_v1,pre_close,2026-05-22T11:36:28Z,24dddfd7#phase10c,ace5975d-e7d0-44db-a2bc-3f64f51aa9c3,ok,0.0,high,full,current_phase8,unknown,projected,missing,53,0.0
OG Anunoby,18,NYK,CLE,True,21713897,pts,starter,stat_grid:pmf_sim_v1+role_aware_pmf_cal_v1:starter+monotone_pit_cdf_v1,phase8_role_aware_pmf_cal_v1+monotone_inactive_global_v1,pre_close,2026-05-22T11:36:28Z,24dddfd7#phase10c,ace5975d-e7d0-44db-a2bc-3f64f51aa9c3,ok,0.0,high,full,current_phase8,unknown,projected,missing,54,0.0
OG Anunoby,18,NYK,CLE,True,21713897,pts,starter,stat_grid:pmf_sim_v1+role_aware_pmf_cal_v1:starter+monotone_pit_cdf_v1,phase8_role_aware_pmf_cal_v1+monotone_inactive_global_v1,pre_close,2026-05-22T11:36:28Z,24dddfd7#phase10c,ace5975d-e7d0-44db-a2bc-3f64f51aa9c3,ok,0.0,high,full,current_phase8,unknown,projected,missing,55,0.0
OG Anunoby,18,NYK,CLE,True,21713897,pts,starter,stat_grid:pmf_sim_v1+role_aware_pmf_cal_v1:starter+monotone_pit_cdf_v1,phase8_role_aware_pmf_cal_v1+monotone_inactive_global_v1,pre_close,2026-05-22T11:36:28Z,24dddfd7#phase10c,ace5975d-e7d0-44db-a2bc-3f64f51aa9c3,ok,0.0,high,full,current_phase8,unknown,projected,missing,56,0.0
OG Anunoby,18,NYK,CLE,True,21713897,pts,starter,stat_grid:pmf_sim_v1+role_aware_pmf_cal_v1:starter+monotone_pit_cdf_v1,phase8_role_aware_pmf_cal_v1+monotone_inactive_global_v1,pre_close,2026-05-22T11:36:28Z,24dddfd7#phase10c,ace5975d-e7d0-44db-a2bc-3f64f51aa9c3,ok,0.0,high,full,current_phase8,unknown,projected,missing,57,0.0
OG Anunoby,18,NYK,CLE,True,21713897,pts,starter,stat_grid:pmf_sim_v1+role_aware_pmf_cal_v1:starter+monotone_pit_cdf_v1,phase8_role_aware_pmf_cal_v1+monotone_inactive_global_v1,pre_close,2026-05-22T11:36:28Z,24dddfd7#phase10c,ace5975d-e7d0-44db-a2bc-3f64f51aa9c3,ok,0.0,high,full,current_phase8,unknown,projected,missing,58,0.0
OG Anunoby,18,NYK,CLE,True,21713897,pts,starter,stat_grid:pmf_sim_v1+role_aware_pmf_cal_v1:starter+monotone_pit_cdf_v1,phase8_role_aware_pmf_cal_v1+monotone_inactive_global_v1,pre_close,2026-05-22T11:36:28Z,24dddfd7#phase10c,ace5975d-e7d0-44db-a2bc-3f64f51aa9c3,ok,0.0,high,full,current_phase8,unknown,projected,missing,59,0.0
OG Anunoby,18,NYK,CLE,True,21713897,pts,starter,stat_grid:pmf_sim_v1+role_aware_pmf_cal_v1:starter+monotone_pit_cdf_v1,phase8_role_aware_pmf_cal_v1+monotone_inactive_global_v1,pre_close,2026-05-22T11:36:28Z,24dddfd7#phase10c,ace5975d-e7d0-44db-a2bc-3f64f51aa9c3,ok,0.0,high,full,current_phase8,unknown,projected,missing,60,0.0
OG Anunoby,18,NYK,CLE,True,21713897,pts,starter,stat_grid:pmf_sim_v1+role_aware_pmf_cal_v1:starter+monotone_pit_cdf_v1,phase8_role_aware_pmf_cal_v1+monotone_inactive_global_v1,pre_close,2026-05-22T11:36:28Z,24dddfd7#phase10c,ace5975d-e7d0-44db-a2bc-3f64f51aa9c3,ok,0.0,high,full,current_phase8,unknown,projected,missing,61,0.0
OG Anunoby,18,NYK,CLE,True,21713897,pts,starter,stat_grid:pmf_sim_v1+role_aware_pmf_cal_v1:starter+monotone_pit_cdf_v1,phase8_role_aware_pmf_cal_v1+monotone_inactive_global_v1,pre_close,2026-05-22T11:36:28Z,24dddfd7#phase10c,ace5975d-e7d0-44db-a2bc-3f64f51aa9c3,ok,0.0,high,full,current_phase8,unknown,projected,missing,62,0.0
OG Anunoby,18,NYK,CLE,True,21713897,pts,starter,stat_grid:pmf_sim_v1+role_aware_pmf_cal_v1:starter+monotone_pit_cdf_v1,phase8_role_aware_pmf_cal_v1+monotone_inactive_global_v1,pre_close,2026-05-22T11:36:28Z,24dddfd7#phase10c,ace5975d-e7d0-44db-a2bc-3f64f51aa9c3,ok,0.0,high,full,current_phase8,unknown,projected,missing,63,0.0
OG Anunoby,18,NYK,CLE,True,21713897,pts,starter,stat_grid:pmf_sim_v1+role_aware_pmf_cal_v1:starter+monotone_pit_cdf_v1,phase8_role_aware_pmf_cal_v1+monotone_inactive_global_v1,pre_close,2026-05-22T11:36:28Z,24dddfd7#phase10c,ace5975d-e7d0-44db-a2bc-3f64f51aa9c3,ok,0.0,high,full,current_phase8,unknown,projected,missing,64,0.0
OG Anunoby,18,NYK,CLE,True,21713897,pts,starter,stat_grid:pmf_sim_v1+role_aware_pmf_cal_v1:starter+monotone_pit_cdf_v1,phase8_role_aware_pmf_cal_v1+monotone_inactive_global_v1,pre_close,2026-05-22T11:36:28Z,24dddfd7#phase10c,ace5975d-e7d0-44db-a2bc-3f64f51aa9c3,ok,0.0,high,full,current_phase8,unknown,projected,missing,65,0.0
OG Anunoby,18,NYK,CLE,True,21713897,pts,starter,stat_grid:pmf_sim_v1+role_aware_pmf_cal_v1:starter+monotone_pit_cdf_v1,phase8_role_aware_pmf_cal_v1+monotone_inactive_global_v1,pre_close,2026-05-22T11:36:28Z,24dddfd7#phase10c,ace5975d-e7d0-44db-a2bc-3f64f51aa9c3,ok,0.0,high,full,current_phase8,unknown,projected,missing,66,0.0
OG Anunoby,18,NYK,CLE,True,21713897,pts,starter,stat_grid:pmf_sim_v1+role_aware_pmf_cal_v1:starter+monotone_pit_cdf_v1,phase8_role_aware_pmf_cal_v1+monotone_inactive_global_v1,pre_close,2026-05-22T11:36:28Z,24dddfd7#phase10c,ace5975d-e7d0-44db-a2bc-3f64f51aa9c3,ok,0.0,high,full,current_phase8,unknown,projected,missing,67,0.0
OG Anunoby,18,NYK,CLE,True,21713897,pts,starter,stat_grid:pmf_sim_v1+role_aware_pmf_cal_v1:starter+monotone_pit_cdf_v1,phase8_role_aware_pmf_cal_v1+monotone_inactive_global_v1,pre_close,2026-05-22T11:36:28Z,24dddfd7#phase10c,ace5975d-e7d0-44db-a2bc-3f64f51aa9c3,ok,0.0,high,full,current_phase8,unknown,projected,missing,68,0.0
OG Anunoby,18,NYK,CLE,True,21713897,pts,starter,stat_grid:pmf_sim_v1+role_aware_pmf_cal_v1:starter+monotone_pit_cdf_v1,phase8_role_aware_pmf_cal_v1+monotone_inactive_global_v1,pre_close,2026-05-22T11:36:28Z,24dddfd7#phase10c,ace5975d-e7d0-44db-a2bc-3f64f51aa9c3,ok,0.0,high,full,current_phase8,unknown,projected,missing,69,0.0
OG Anunoby,18,NYK,CLE,True,21713897,pts,starter,stat_grid:pmf_sim_v1+role_aware_pmf_cal_v1:starter+monotone_pit_cdf_v1,phase8_role_aware_pmf_cal_v1+monotone_inactive_global_v1,pre_close,2026-05-22T11:36:28Z,24dddfd7#phase10c,ace5975d-e7d0-44db-a2bc-3f64f51aa9c3,ok,0.0,high,full,current_phase8,unknown,projected,missing,70,0.0
OG Anunoby,18,NYK,CLE,True,21713897,pts,starter,stat_grid:pmf_sim_v1+role_aware_pmf_cal_v1:starter+monotone_pit_cdf_v1,phase8_role_aware_pmf_cal_v1+monotone_inactive_global_v1,pre_close,2026-05-22T11:36:28Z,24dddfd7#phase10c,ace5975d-e7d0-44db-a2bc-3f64f51aa9c3,ok,0.0,high,full,current_phase8,unknown,projected,missing,71,0.0
OG Anunoby,18,NYK,CLE,True,21713897,pts,starter,stat_grid:pmf_sim_v1+role_aware_pmf_cal_v1:starter+monotone_pit_cdf_v1,phase8_role_aware_pmf_cal_v1+monotone_inactive_global_v1,pre_close,2026-05-22T11:36:28Z,24dddfd7#phase10c,ace5975d-e7d0-44db-a2bc-3f64f51aa9c3,ok,0.0,high,full,current_phase8,unknown,projected,missing,72,0.0
OG Anunoby,18,NYK,CLE,True,21713897,pts,starter,stat_grid:pmf_sim_v1+role_aware_pmf_cal_v1:starter+monotone_pit_cdf_v1,phase8_role_aware_pmf_cal_v1+monotone_inactive_global_v1,pre_close,2026-05-22T11:36:28Z,24dddfd7#phase10c,ace5975d-e7d0-44db-a2bc-3f64f51aa9c3,ok,0.0,high,full,current_phase8,unknown,projected,missing,73,0.0
OG Anunoby,18,NYK,CLE,True,21713897,pts,starter,stat_grid:pmf_sim_v1+role_aware_pmf_cal_v1:starter+monotone_pit_cdf_v1,phase8_role_aware_pmf_cal_v1+monotone_inactive_global_v1,pre_close,2026-05-22T11:36:28Z,24dddfd7#phase10c,ace5975d-e7d0-44db-a2bc-3f64f51aa9c3,ok,0.0,high,full,current_phase8,unknown,projected,missing,74,0.0
OG Anunoby,18,NYK,CLE,True,21713897,pts,starter,stat_grid:pmf_sim_v1+role_aware_pmf_cal_v1:starter+monotone_pit_cdf_v1,phase8_role_aware_pmf_cal_v1+monotone_inactive_global_v1,pre_close,2026-05-22T11:36:28Z,24dddfd7#phase10c,ace5975d-e7d0-44db-a2bc-3f64f51aa9c3,ok,0.0,high,full,current_phase8,unknown,projected,missing,75,0.0
OG Anunoby,18,NYK,CLE,True,21713897,pts,starter,stat_grid:pmf_sim_v1+role_aware_pmf_cal_v1:starter+monotone_pit_cdf_v1,phase8_role_aware_pmf_cal_v1+monotone_inactive_global_v1,pre_close,2026-05-22T11:36:28Z,24dddfd7#phase10c,ace5975d-e7d0-44db-a2bc-3f64f51aa9c3,ok,0.0,high,full,current_phase8,unknown,projected,missing,76,0.0
OG Anunoby,18,NYK,CLE,True,21713897,pts,starter,stat_grid:pmf_sim_v1+role_aware_pmf_cal_v1:starter+monotone_pit_cdf_v1,phase8_role_aware_pmf_cal_v1+monotone_inactive_global_v1,pre_close,2026-05-22T11:36:28Z,24dddfd7#phase10c,ace5975d-e7d0-44db-a2bc-3f64f51aa9c3,ok,0.0,high,full,current_phase8,unknown,projected,missing,77,0.0
OG Anunoby,18,NYK,CLE,True,21713897,pts,starter,stat_grid:pmf_sim_v1+role_aware_pmf_cal_v1:starter+monotone_pit_cdf_v1,phase8_role_aware_pmf_cal_v1+monotone_inactive_global_v1,pre_close,2026-05-22T11:36:28Z,24dddfd7#phase10c,ace5975d-e7d0-44db-a2bc-3f64f51aa9c3,ok,0.0,high,full,current_phase8,unknown,projected,missing,78,0.0
OG Anunoby,18,NYK,CLE,True,21713897,pts,starter,stat_grid:pmf_sim_v1+role_aware_pmf_cal_v1:starter+monotone_pit_cdf_v1,phase8_role_aware_pmf_cal_v1+monotone_inactive_global_v1,pre_close,2026-05-22T11:36:28Z,24dddfd7#phase10c,ace5975d-e7d0-44db-a2bc-3f64f51aa9c3,ok,0.0,high,full,current_phase8,unknown,projected,missing,79,0.0
OG Anunoby,18,NYK,CLE,True,21713897,pts,starter,stat_grid:pmf_sim_v1+role_aware_pmf_cal_v1:starter+monotone_pit_cdf_v1,phase8_role_aware_pmf_cal_v1+monotone_inactive_global_v1,pre_close,2026-05-22T11:36:28Z,24dddfd7#phase10c,ace5975d-e7d0-44db-a2bc-3f64f51aa9c3,ok,0.0,high,full,current_phase8,unknown,projected,missing,80,0.0
OG Anunoby,18,NYK,CLE,True,21713897,reb,starter,stat_grid:pmf_sim_v1+role_aware_pmf_cal_v1:starter+monotone_pit_cdf_v1,phase8_role_aware_pmf_cal_v1+monotone_inactive_global_v1,pre_close,2026-05-22T11:36:28Z,24dddfd7#phase10c,ace5975d-e7d0-44db-a2bc-3f64f51aa9c3,ok,0.0,high,full,current_phase8,unknown,projected,missing,0,0.0029
OG Anunoby,18,NYK,CLE,True,21713897,reb,starter,stat_grid:pmf_sim_v1+role_aware_pmf_cal_v1:starter+monotone_pit_cdf_v1,phase8_role_aware_pmf_cal_v1+monotone_inactive_global_v1,pre_close,2026-05-22T11:36:28Z,24dddfd7#phase10c,ace5975d-e7d0-44db-a2bc-3f64f51aa9c3,ok,0.0,high,full,current_phase8,unknown,projected,missing,1,0.0065
OG Anunoby,18,NYK,CLE,True,21713897,reb,starter,stat_grid:pmf_sim_v1+role_aware_pmf_cal_v1:starter+monotone_pit_cdf_v1,phase8_role_aware_pmf_cal_v1+monotone_inactive_global_v1,pre_close,2026-05-22T11:36:28Z,24dddfd7#phase10c,ace5975d-e7d0-44db-a2bc-3f64f51aa9c3,ok,0.0,high,full,current_phase8,unknown,projected,missing,2,0.0173
OG Anunoby,18,NYK,CLE,True,21713897,reb,starter,stat_grid:pmf_sim_v1+role_aware_pmf_cal_v1:starter+monotone_pit_cdf_v1,phase8_role_aware_pmf_cal_v1+monotone_inactive_global_v1,pre_close,2026-05-22T11:36:28Z,24dddfd7#phase10c,ace5975d-e7d0-44db-a2bc-3f64f51aa9c3,ok,0.0,high,full,current_phase8,unknown,projected,missing,3,0.0549
OG Anunoby,18,NYK,CLE,True,21713897,reb,starter,stat_grid:pmf_sim_v1+role_aware_pmf_cal_v1:starter+monotone_pit_cdf_v1,phase8_role_aware_pmf_cal_v1+monotone_inactive_global_v1,pre_close,2026-05-22T11:36:28Z,24dddfd7#phase10c,ace5975d-e7d0-44db-a2bc-3f64f51aa9c3,ok,0.0,high,full,current_phase8,unknown,projected,missing,4,0.1081
OG Anunoby,18,NYK,CLE,True,21713897,reb,starter,stat_grid:pmf_sim_v1+role_aware_pmf_cal_v1:starter+monotone_pit_cdf_v1,phase8_role_aware_pmf_cal_v1+monotone_inactive_global_v1,pre_close,2026-05-22T11:36:28Z,24dddfd7#phase10c,ace5975d-e7d0-44db-a2bc-3f64f51aa9c3,ok,0.0,high,full,current_phase8,unknown,projected,missing,5,0.1814
OG Anunoby,18,NYK,CLE,True,21713897,reb,starter,stat_grid:pmf_sim_v1+role_aware_pmf_cal_v1:starter+monotone_pit_cdf_v1,phase8_role_aware_pmf_cal_v1+monotone_inactive_global_v1,pre_close,2026-05-22T11:36:28Z,24dddfd7#phase10c,ace5975d-e7d0-44db-a2bc-3f64f51aa9c3,ok,0.0,high,full,current_phase8,unknown,projected,missing,6,0.2271
OG Anunoby,18,NYK,CLE,True,21713897,reb,starter,stat_grid:pmf_sim_v1+role_aware_pmf_cal_v1:starter+monotone_pit_cdf_v1,phase8_role_aware_pmf_cal_v1+monotone_inactive_global_v1,pre_close,2026-05-22T11:36:28Z,24dddfd7#phase10c,ace5975d-e7d0-44db-a2bc-3f64f51aa9c3,ok,0.0,high,full,current_phase8,unknown,projected,missing,7,0.1637
OG Anunoby,18,NYK,CLE,True,21713897,reb,starter,stat_grid:pmf_sim_v1+role_aware_pmf_cal_v1:starter+monotone_pit_cdf_v1,phase8_role_aware_pmf_cal_v1+monotone_inactive_global_v1,pre_close,2026-05-22T11:36:28Z,24dddfd7#phase10c,ace5975d-e7d0-44db-a2bc-3f64f51aa9c3,ok,0.0,high,full,current_phase8,unknown,projected,missing,8,0.1077
OG Anunoby,18,NYK,CLE,True,21713897,reb,starter,stat_grid:pmf_sim_v1+role_aware_pmf_cal_v1:starter+monotone_pit_cdf_v1,phase8_role_aware_pmf_cal_v1+monotone_inactive_global_v1,pre_close,2026-05-22T11:36:28Z,24dddfd7#phase10c,ace5975d-e7d0-44db-a2bc-3f64f51aa9c3,ok,0.0,high,full,current_phase8,unknown,projected,missing,9,0.0791
OG Anunoby,18,NYK,CLE,True,21713897,reb,starter,stat_grid:pmf_sim_v1+role_aware_pmf_cal_v1:starter+monotone_pit_cdf_v1,phase8_role_aware_pmf_cal_v1+monotone_inactive_global_v1,pre_close,2026-05-22T11:36:28Z,24dddfd7#phase10c,ace5975d-e7d0-44db-a2bc-3f64f51aa9c3,ok,0.0,high,full,current_phase8,unknown,projected,missing,10,0.0362
OG Anunoby,18,NYK,CLE,True,21713897,reb,starter,stat_grid:pmf_sim_v1+role_aware_pmf_cal_v1:starter+monotone_pit_cdf_v1,phase8_role_aware_pmf_cal_v1+monotone_inactive_global_v1,pre_close,2026-05-22T11:36:28Z,24dddfd7#phase10c,ace5975d-e7d0-44db-a2bc-3f64f51aa9c3,ok,0.0,high,full,current_phase8,unknown,projected,missing,11,0.0104
OG Anunoby,18,NYK,CLE,True,21713897,reb,starter,stat_grid:pmf_sim_v1+role_aware_pmf_cal_v1:starter+monotone_pit_cdf_v1,phase8_role_aware_pmf_cal_v1+monotone_inactive_global_v1,pre_close,2026-05-22T11:36:28Z,24dddfd7#phase10c,ace5975d-e7d0-44db-a2bc-3f64f51aa9c3,ok,0.0,high,full,current_phase8,unknown,projected,missing,12,0.003
OG Anunoby,18,NYK,CLE,True,21713897,reb,starter,stat_grid:pmf_sim_v1+role_aware_pmf_cal_v1:starter+monotone_pit_cdf_v1,phase8_role_aware_pmf_cal_v1+monotone_inactive_global_v1,pre_close,2026-05-22T11:36:28Z,24dddfd7#phase10c,ace5975d-e7d0-44db-a2bc-3f64f51aa9c3,ok,0.0,high,full,current_phase8,unknown,projected,missing,13,0.0015
OG Anunoby,18,NYK,CLE,True,21713897,reb,starter,stat_grid:pmf_sim_v1+role_aware_pmf_cal_v1:starter+monotone_pit_cdf_v1,phase8_role_aware_pmf_cal_v1+monotone_inactive_global_v1,pre_close,2026-05-22T11:36:28Z,24dddfd7#phase10c,ace5975d-e7d0-44db-a2bc-3f64f51aa9c3,ok,0.0,high,full,current_phase8,unknown,projected,missing,14,0.0003
OG Anunoby,18,NYK,CLE,True,21713897,reb,starter,stat_grid:pmf_sim_v1+role_aware_pmf_cal_v1:starter+monotone_pit_cdf_v1,phase8_role_aware_pmf_cal_v1+monotone_inactive_global_v1,pre_close,2026-05-22T11:36:28Z,24dddfd7#phase10c,ace5975d-e7d0-44db-a2bc-3f64f51aa9c3,ok,0.0,high,full,current_phase8,unknown,projected,missing,15,0.0
OG Anunoby,18,NYK,CLE,True,21713897,reb,starter,stat_grid:pmf_sim_v1+role_aware_pmf_cal_v1:starter+monotone_pit_cdf_v1,phase8_role_aware_pmf_cal_v1+monotone_inactive_global_v1,pre_close,2026-05-22T11:36:28Z,24dddfd7#phase10c,ace5975d-e7d0-44db-a2bc-3f64f51aa9c3,ok,0.0,high,full,current_phase8,unknown,projected,missing,16,0.0
OG Anunoby,18,NYK,CLE,True,21713897,reb,starter,stat_grid:pmf_sim_v1+role_aware_pmf_cal_v1:starter+monotone_pit_cdf_v1,phase8_role_aware_pmf_cal_v1+monotone_inactive_global_v1,pre_close,2026-05-22T11:36:28Z,24dddfd7#phase10c,ace5975d-e7d0-44db-a2bc-3f64f51aa9c3,ok,0.0,high,full,current_phase8,unknown,projected,missing,17,0.0
OG Anunoby,18,NYK,CLE,True,21713897,reb,starter,stat_grid:pmf_sim_v1+role_aware_pmf_cal_v1:starter+monotone_pit_cdf_v1,phase8_role_aware_pmf_cal_v1+monotone_inactive_global_v1,pre_close,2026-05-22T11:36:28Z,24dddfd7#phase10c,ace5975d-e7d0-44db-a2bc-3f64f51aa9c3,ok,0.0,high,full,current_phase8,unknown,projected,missing,18,0.0
OG Anunoby,18,NYK,CLE,True,21713897,reb,starter,stat_grid:pmf_sim_v1+role_aware_pmf_cal_v1:starter+monotone_pit_cdf_v1,phase8_role_aware_pmf_cal_v1+monotone_inactive_global_v1,pre_close,2026-05-22T11:36:28Z,24dddfd7#phase10c,ace5975d-e7d0-44db-a2bc-3f64f51aa9c3,ok,0.0,high,full,current_phase8,unknown,projected,missing,19,0.0
OG Anunoby,18,NYK,CLE,True,21713897,reb,starter,stat_grid:pmf_sim_v1+role_aware_pmf_cal_v1:starter+monotone_pit_cdf_v1,phase8_role_aware_pmf_cal_v1+monotone_inactive_global_v1,pre_close,2026-05-22T11:36:28Z,24dddfd7#phase10c,ace5975d-e7d0-44db-a2bc-3f64f51aa9c3,ok,0.0,high,full,current_phase8,unknown,projected,missing,20,0.0
OG Anunoby,18,NYK,CLE,True,21713897,reb,starter,stat_grid:pmf_sim_v1+role_aware_pmf_cal_v1:starter+monotone_pit_cdf_v1,phase8_role_aware_pmf_cal_v1+monotone_inactive_global_v1,pre_close,2026-05-22T11:36:28Z,24dddfd7#phase10c,ace5975d-e7d0-44db-a2bc-3f64f51aa9c3,ok,0.0,high,full,current_phase8,unknown,projected,missing,21,0.0
OG Anunoby,18,NYK,CLE,True,21713897,reb,starter,stat_grid:pmf_sim_v1+role_aware_pmf_cal_v1:starter+monotone_pit_cdf_v1,phase8_role_aware_pmf_cal_v1+monotone_inactive_global_v1,pre_close,2026-05-22T11:36:28Z,24dddfd7#phase10c,ace5975d-e7d0-44db-a2bc-3f64f51aa9c3,ok,0.0,high,full,current_phase8,unknown,projected,missing,22,0.0
OG Anunoby,18,NYK,CLE,True,21713897,reb,starter,stat_grid:pmf_sim_v1+role_aware_pmf_cal_v1:starter+monotone_pit_cdf_v1,phase8_role_aware_pmf_cal_v1+monotone_inactive_global_v1,pre_close,2026-05-22T11:36:28Z,24dddfd7#phase10c,ace5975d-e7d0-44db-a2bc-3f64f51aa9c3,ok,0.0,high,full,current_phase8,unknown,projected,missing,23,0.0
OG Anunoby,18,NYK,CLE,True,21713897,reb,starter,stat_grid:pmf_sim_v1+role_aware_pmf_cal_v1:starter+monotone_pit_cdf_v1,phase8_role_aware_pmf_cal_v1+monotone_inactive_global_v1,pre_close,2026-05-22T11:36:28Z,24dddfd7#phase10c,ace5975d-e7d0-44db-a2bc-3f64f51aa9c3,ok,0.0,high,full,current_phase8,unknown,projected,missing,24,0.0
OG Anunoby,18,NYK,CLE,True,21713897,reb,starter,stat_grid:pmf_sim_v1+role_aware_pmf_cal_v1:starter+monotone_pit_cdf_v1,phase8_role_aware_pmf_cal_v1+monotone_inactive_global_v1,pre_close,2026-05-22T11:36:28Z,24dddfd7#phase10c,ace5975d-e7d0-44db-a2bc-3f64f51aa9c3,ok,0.0,high,full,current_phase8,unknown,projected,missing,25,0.0
OG Anunoby,18,NYK,CLE,True,21713897,reb,starter,stat_grid:pmf_sim_v1+role_aware_pmf_cal_v1:starter+monotone_pit_cdf_v1,phase8_role_aware_pmf_cal_v1+monotone_inactive_global_v1,pre_close,2026-05-22T11:36:28Z,24dddfd7#phase10c,ace5975d-e7d0-44db-a2bc-3f64f51aa9c3,ok,0.0,high,full,current_phase8,unknown,projected,missing,26,0.0
OG Anunoby,18,NYK,CLE,True,21713897,reb,starter,stat_grid:pmf_sim_v1+role_aware_pmf_cal_v1:starter+monotone_pit_cdf_v1,phase8_role_aware_pmf_cal_v1+monotone_inactive_global_v1,pre_close,2026-05-22T11:36:28Z,24dddfd7#phase10c,ace5975d-e7d0-44db-a2bc-3f64f51aa9c3,ok,0.0,high,full,current_phase8,unknown,projected,missing,27,0.0
OG Anunoby,18,NYK,CLE,True,21713897,reb,starter,stat_grid:pmf_sim_v1+role_aware_pmf_cal_v1:starter+monotone_pit_cdf_v1,phase8_role_aware_pmf_cal_v1+monotone_inactive_global_v1,pre_close,2026-05-22T11:36:28Z,24dddfd7#phase10c,ace5975d-e7d0-44db-a2bc-3f64f51aa9c3,ok,0.0,high,full,current_phase8,unknown,projected,missing,28,0.0
OG Anunoby,18,NYK,CLE,True,21713897,reb,starter,stat_grid:pmf_sim_v1+role_aware_pmf_cal_v1:starter+monotone_pit_cdf_v1,phase8_role_aware_pmf_cal_v1+monotone_inactive_global_v1,pre_close,2026-05-22T11:36:28Z,24dddfd7#phase10c,ace5975d-e7d0-44db-a2bc-3f64f51aa9c3,ok,0.0,high,full,current_phase8,unknown,projected,missing,29,0.0
OG Anunoby,18,NYK,CLE,True,21713897,reb,starter,stat_grid:pmf_sim_v1+role_aware_pmf_cal_v1:starter+monotone_pit_cdf_v1,phase8_role_aware_pmf_cal_v1+monotone_inactive_global_v1,pre_close,2026-05-22T11:36:28Z,24dddfd7#phase10c,ace5975d-e7d0-44db-a2bc-3f64f51aa9c3,ok,0.0,high,full,current_phase8,unknown,projected,missing,30,0.0
OG Anunoby,18,NYK,CLE,True,21713897,ast,starter,stat_grid:pmf_sim_v1+role_aware_pmf_cal_v1:starter+monotone_pit_cdf_v1,phase8_role_aware_pmf_cal_v1+monotone_inactive_global_v1,pre_close,2026-05-22T11:36:28Z,24dddfd7#phase10c,ace5975d-e7d0-44db-a2bc-3f64f51aa9c3,ok,0.0,high,full,current_phase8,unknown,projected,missing,0,0.0567
OG Anunoby,18,NYK,CLE,True,21713897,ast,starter,stat_grid:pmf_sim_v1+role_aware_pmf_cal_v1:starter+monotone_pit_cdf_v1,phase8_role_aware_pmf_cal_v1+monotone_inactive_global_v1,pre_close,2026-05-22T11:36:28Z,24dddfd7#phase10c,ace5975d-e7d0-44db-a2bc-3f64f51aa9c3,ok,0.0,high,full,current_phase8,unknown,projected,missing,1,0.3235
OG Anunoby,18,NYK,CLE,True,21713897,ast,starter,stat_grid:pmf_sim_v1+role_aware_pmf_cal_v1:starter+monotone_pit_cdf_v1,phase8_role_aware_pmf_cal_v1+monotone_inactive_global_v1,pre_close,2026-05-22T11:36:28Z,24dddfd7#phase10c,ace5975d-e7d0-44db-a2bc-3f64f51aa9c3,ok,0.0,high,full,current_phase8,unknown,projected,missing,2,0.3773
OG Anunoby,18,NYK,CLE,True,21713897,ast,starter,stat_grid:pmf_sim_v1+role_aware_pmf_cal_v1:starter+monotone_pit_cdf_v1,phase8_role_aware_pmf_cal_v1+monotone_inactive_global_v1,pre_close,2026-05-22T11:36:28Z,24dddfd7#phase10c,ace5975d-e7d0-44db-a2bc-3f64f51aa9c3,ok,0.0,high,full,current_phase8,unknown,projected,missing,3,0.1969
OG Anunoby,18,NYK,CLE,True,21713897,ast,starter,stat_grid:pmf_sim_v1+role_aware_pmf_cal_v1:starter+monotone_pit_cdf_v1,phase8_role_aware_pmf_cal_v1+monotone_inactive_global_v1,pre_close,2026-05-22T11:36:28Z,24dddfd7#phase10c,ace5975d-e7d0-44db-a2bc-3f64f51aa9c3,ok,0.0,high,full,current_phase8,unknown,projected,missing,4,0.0406
OG Anunoby,18,NYK,CLE,True,21713897,ast,starter,stat_grid:pmf_sim_v1+role_aware_pmf_cal_v1:starter+monotone_pit_cdf_v1,phase8_role_aware_pmf_cal_v1+monotone_inactive_global_v1,pre_close,2026-05-22T11:36:28Z,24dddfd7#phase10c,ace5975d-e7d0-44db-a2bc-3f64f51aa9c3,ok,0.0,high,full,current_phase8,unknown,projected,missing,5,0.0043
OG Anunoby,18,NYK,CLE,True,21713897,ast,starter,stat_grid:pmf_sim_v1+role_aware_pmf_cal_v1:starter+monotone_pit_cdf_v1,phase8_role_aware_pmf_cal_v1+monotone_inactive_global_v1,pre_close,2026-05-22T11:36:28Z,24dddfd7#phase10c,ace5975d-e7d0-44db-a2bc-3f64f51aa9c3,ok,0.0,high,full,current_phase8,unknown,projected,missing,6,0.0006
OG Anunoby,18,NYK,CLE,True,21713897,ast,starter,stat_grid:pmf_sim_v1+role_aware_pmf_cal_v1:starter+monotone_pit_cdf_v1,phase8_role_aware_pmf_cal_v1+monotone_inactive_global_v1,pre_close,2026-05-22T11:36:28Z,24dddfd7#phase10c,ace5975d-e7d0-44db-a2bc-3f64f51aa9c3,ok,0.0,high,full,current_phase8,unknown,projected,missing,7,0.0
OG Anunoby,18,NYK,CLE,True,21713897,ast,starter,stat_grid:pmf_sim_v1+role_aware_pmf_cal_v1:starter+monotone_pit_cdf_v1,phase8_role_aware_pmf_cal_v1+monotone_inactive_global_v1,pre_close,2026-05-22T11:36:28Z,24dddfd7#phase10c,ace5975d-e7d0-44db-a2bc-3f64f51aa9c3,ok,0.0,high,full,current_phase8,unknown,projected,missing,8,0.0
OG Anunoby,18,NYK,CLE,True,21713897,ast,starter,stat_grid:pmf_sim_v1+role_aware_pmf_cal_v1:starter+monotone_pit_cdf_v1,phase8_role_aware_pmf_cal_v1+monotone_inactive_global_v1,pre_close,2026-05-22T11:36:28Z,24dddfd7#phase10c,ace5975d-e7d0-44db-a2bc-3f64f51aa9c3,ok,0.0,high,full,current_phase8,unknown,projected,missing,9,0.0
OG Anunoby,18,NYK,CLE,True,21713897,ast,starter,stat_grid:pmf_sim_v1+role_aware_pmf_cal_v1:starter+monotone_pit_cdf_v1,phase8_role_aware_pmf_cal_v1+monotone_inactive_global_v1,pre_close,2026-05-22T11:36:28Z,24dddfd7#phase10c,ace5975d-e7d0-44db-a2bc-3f64f51aa9c3,ok,0.0,high,full,current_phase8,unknown,projected,missing,10,0.0
OG Anunoby,18,NYK,CLE,True,21713897,ast,starter,stat_grid:pmf_sim_v1+role_aware_pmf_cal_v1:starter+monotone_pit_cdf_v1,phase8_role_aware_pmf_cal_v1+monotone_inactive_global_v1,pre_close,2026-05-22T11:36:28Z,24dddfd7#phase10c,ace5975d-e7d0-44db-a2bc-3f64f51aa9c3,ok,0.0,high,full,current_phase8,unknown,projected,missing,11,0.0
OG Anunoby,18,NYK,CLE,True,21713897,ast,starter,stat_grid:pmf_sim_v1+role_aware_pmf_cal_v1:starter+monotone_pit_cdf_v1,phase8_role_aware_pmf_cal_v1+monotone_inactive_global_v1,pre_close,2026-05-22T11:36:28Z,24dddfd7#phase10c,ace5975d-e7d0-44db-a2bc-3f64f51aa9c3,ok,0.0,high,full,current_phase8,unknown,projected,missing,12,0.0
OG Anunoby,18,NYK,CLE,True,21713897,ast,starter,stat_grid:pmf_sim_v1+role_aware_pmf_cal_v1:starter+monotone_pit_cdf_v1,phase8_role_aware_pmf_cal_v1+monotone_inactive_global_v1,pre_close,2026-05-22T11:36:28Z,24dddfd7#phase10c,ace5975d-e7d0-44db-a2bc-3f64f51aa9c3,ok,0.0,high,full,current_phase8,unknown,projected,missing,13,0.0
OG Anunoby,18,NYK,CLE,True,21713897,ast,starter,stat_grid:pmf_sim_v1+role_aware_pmf_cal_v1:starter+monotone_pit_cdf_v1,phase8_role_aware_pmf_cal_v1+monotone_inactive_global_v1,pre_close,2026-05-22T11:36:28Z,24dddfd7#phase10c,ace5975d-e7d0-44db-a2bc-3f64f51aa9c3,ok,0.0,high,full,current_phase8,unknown,projected,missing,14,0.0
OG Anunoby,18,NYK,CLE,True,21713897,ast,starter,stat_grid:pmf_sim_v1+role_aware_pmf_cal_v1:starter+monotone_pit_cdf_v1,phase8_role_aware_pmf_cal_v1+monotone_inactive_global_v1,pre_close,2026-05-22T11:36:28Z,24dddfd7#phase10c,ace5975d-e7d0-44db-a2bc-3f64f51aa9c3,ok,0.0,high,full,current_phase8,unknown,projected,missing,15,0.0
OG Anunoby,18,NYK,CLE,True,21713897,ast,starter,stat_grid:pmf_sim_v1+role_aware_pmf_cal_v1:starter+monotone_pit_cdf_v1,phase8_role_aware_pmf_cal_v1+monotone_inactive_global_v1,pre_close,2026-05-22T11:36:28Z,24dddfd7#phase10c,ace5975d-e7d0-44db-a2bc-3f64f51aa9c3,ok,0.0,high,full,current_phase8,unknown,projected,missing,16,0.0
OG Anunoby,18,NYK,CLE,True,21713897,ast,starter,stat_grid:pmf_sim_v1+role_aware_pmf_cal_v1:starter+monotone_pit_cdf_v1,phase8_role_aware_pmf_cal_v1+monotone_inactive_global_v1,pre_close,2026-05-22T11:36:28Z,24dddfd7#phase10c,ace5975d-e7d0-44db-a2bc-3f64f51aa9c3,ok,0.0,high,full,current_phase8,unknown,projected,missing,17,0.0
OG Anunoby,18,NYK,CLE,True,21713897,ast,starter,stat_grid:pmf_sim_v1+role_aware_pmf_cal_v1:starter+monotone_pit_cdf_v1,phase8_role_aware_pmf_cal_v1+monotone_inactive_global_v1,pre_close,2026-05-22T11:36:28Z,24dddfd7#phase10c,ace5975d-e7d0-44db-a2bc-3f64f51aa9c3,ok,0.0,high,full,current_phase8,unknown,projected,missing,18,0.0
OG Anunoby,18,NYK,CLE,True,21713897,ast,starter,stat_grid:pmf_sim_v1+role_aware_pmf_cal_v1:starter+monotone_pit_cdf_v1,phase8_role_aware_pmf_cal_v1+monotone_inactive_global_v1,pre_close,2026-05-22T11:36:28Z,24dddfd7#phase10c,ace5975d-e7d0-44db-a2bc-3f64f51aa9c3,ok,0.0,high,full,current_phase8,unknown,projected,missing,19,0.0
OG Anunoby,18,NYK,CLE,True,21713897,ast,starter,stat_grid:pmf_sim_v1+role_aware_pmf_cal_v1:starter+monotone_pit_cdf_v1,phase8_role_aware_pmf_cal_v1+monotone_inactive_global_v1,pre_close,2026-05-22T11:36:28Z,24dddfd7#phase10c,ace5975d-e7d0-44db-a2bc-3f64f51aa9c3,ok,0.0,high,full,current_phase8,unknown,projected,missing,20,0.0
OG Anunoby,18,NYK,CLE,True,21713897,ast,starter,stat_grid:pmf_sim_v1+role_aware_pmf_cal_v1:starter+monotone_pit_cdf_v1,phase8_role_aware_pmf_cal_v1+monotone_inactive_global_v1,pre_close,2026-05-22T11:36:28Z,24dddfd7#phase10c,ace5975d-e7d0-44db-a2bc-3f64f51aa9c3,ok,0.0,high,full,current_phase8,unknown,projected,missing,21,0.0
OG Anunoby,18,NYK,CLE,True,21713897,ast,starter,stat_grid:pmf_sim_v1+role_aware_pmf_cal_v1:starter+monotone_pit_cdf_v1,phase8_role_aware_pmf_cal_v1+monotone_inactive_global_v1,pre_close,2026-05-22T11:36:28Z,24dddfd7#phase10c,ace5975d-e7d0-44db-a2bc-3f64f51aa9c3,ok,0.0,high,full,current_phase8,unknown,projected,missing,22,0.0
OG Anunoby,18,NYK,CLE,True,21713897,ast,starter,stat_grid:pmf_sim_v1+role_aware_pmf_cal_v1:starter+monotone_pit_cdf_v1,phase8_role_aware_pmf_cal_v1+monotone_inactive_global_v1,pre_close,2026-05-22T11:36:28Z,24dddfd7#phase10c,ace5975d-e7d0-44db-a2bc-3f64f51aa9c3,ok,0.0,high,full,current_phase8,unknown,projected,missing,23,0.0
OG Anunoby,18,NYK,CLE,True,21713897,ast,starter,stat_grid:pmf_sim_v1+role_aware_pmf_cal_v1:starter+monotone_pit_cdf_v1,phase8_role_aware_pmf_cal_v1+monotone_inactive_global_v1,pre_close,2026-05-22T11:36:28Z,24dddfd7#phase10c,ace5975d-e7d0-44db-a2bc-3f64f51aa9c3,ok,0.0,high,full,current_phase8,unknown,projected,missing,24,0.0
OG Anunoby,18,NYK,CLE,True,21713897,ast,starter,stat_grid:pmf_sim_v1+role_aware_pmf_cal_v1:starter+monotone_pit_cdf_v1,phase8_role_aware_pmf_cal_v1+monotone_inactive_global_v1,pre_close,2026-05-22T11:36:28Z,24dddfd7#phase10c,ace5975d-e7d0-44db-a2bc-3f64f51aa9c3,ok,0.0,high,full,current_phase8,unknown,projected,missing,25,0.0
OG Anunoby,18,NYK,CLE,True,21713897,fg3m,starter,stat_grid:fg3m_hurdle_v1+role_aware_pmf_cal_v1:starter+monotone_pit_cdf_v1+sparse_hurdle_guarded,phase8_role_aware_pmf_cal_v1+monotone_inactive_global_v1,pre_close,2026-05-22T11:36:28Z,24dddfd7#phase10c,ace5975d-e7d0-44db-a2bc-3f64f51aa9c3,ok,0.0,high,full,current_phase8,unknown,projected,missing,0,0.1917
OG Anunoby,18,NYK,CLE,True,21713897,fg3m,starter,stat_grid:fg3m_hurdle_v1+role_aware_pmf_cal_v1:starter+monotone_pit_cdf_v1+sparse_hurdle_guarded,phase8_role_aware_pmf_cal_v1+monotone_inactive_global_v1,pre_close,2026-05-22T11:36:28Z,24dddfd7#phase10c,ace5975d-e7d0-44db-a2bc-3f64f51aa9c3,ok,0.0,high,full,current_phase8,unknown,projected,missing,1,0.2751
OG Anunoby,18,NYK,CLE,True,21713897,fg3m,starter,stat_grid:fg3m_hurdle_v1+role_aware_pmf_cal_v1:starter+monotone_pit_cdf_v1+sparse_hurdle_guarded,phase8_role_aware_pmf_cal_v1+monotone_inactive_global_v1,pre_close,2026-05-22T11:36:28Z,24dddfd7#phase10c,ace5975d-e7d0-44db-a2bc-3f64f51aa9c3,ok,0.0,high,full,current_phase8,unknown,projected,missing,2,0.2176
OG Anunoby,18,NYK,CLE,True,21713897,fg3m,starter,stat_grid:fg3m_hurdle_v1+role_aware_pmf_cal_v1:starter+monotone_pit_cdf_v1+sparse_hurdle_guarded,phase8_role_aware_pmf_cal_v1+monotone_inactive_global_v1,pre_close,2026-05-22T11:36:28Z,24dddfd7#phase10c,ace5975d-e7d0-44db-a2bc-3f64f51aa9c3,ok,0.0,high,full,current_phase8,unknown,projected,missing,3,0.1531
OG Anunoby,18,NYK,CLE,True,21713897,fg3m,starter,stat_grid:fg3m_hurdle_v1+role_aware_pmf_cal_v1:starter+monotone_pit_cdf_v1+sparse_hurdle_guarded,phase8_role_aware_pmf_cal_v1+monotone_inactive_global_v1,pre_close,2026-05-22T11:36:28Z,24dddfd7#phase10c,ace5975d-e7d0-44db-a2bc-3f64f51aa9c3,ok,0.0,high,full,current_phase8,unknown,projected,missing,4,0.0669
OG Anunoby,18,NYK,CLE,True,21713897,fg3m,starter,stat_grid:fg3m_hurdle_v1+role_aware_pmf_cal_v1:starter+monotone_pit_cdf_v1+sparse_hurdle_guarded,phase8_role_aware_pmf_cal_v1+monotone_inactive_global_v1,pre_close,2026-05-22T11:36:28Z,24dddfd7#phase10c,ace5975d-e7d0-44db-a2bc-3f64f51aa9c3,ok,0.0,high,full,current_phase8,unknown,projected,missing,5,0.0956
OG Anunoby,18,NYK,CLE,True,21713897,fg3m,starter,stat_grid:fg3m_hurdle_v1+role_aware_pmf_cal_v1:starter+monotone_pit_cdf_v1+sparse_hurdle_guarded,phase8_role_aware_pmf_cal_v1+monotone_inactive_global_v1,pre_close,2026-05-22T11:36:28Z,24dddfd7#phase10c,ace5975d-e7d0-44db-a2bc-3f64f51aa9c3,ok,0.0,high,full,current_phase8,unknown,projected,missing,6,0.0
OG Anunoby,18,NYK,CLE,True,21713897,fg3m,starter,stat_grid:fg3m_hurdle_v1+role_aware_pmf_cal_v1:starter+monotone_pit_cdf_v1+sparse_hurdle_guarded,phase8_role_aware_pmf_cal_v1+monotone_inactive_global_v1,pre_close,2026-05-22T11:36:28Z,24dddfd7#phase10c,ace5975d-e7d0-44db-a2bc-3f64f51aa9c3,ok,0.0,high,full,current_phase8,unknown,projected,missing,7,0.0
OG Anunoby,18,NYK,CLE,True,21713897,fg3m,starter,stat_grid:fg3m_hurdle_v1+role_aware_pmf_cal_v1:starter+monotone_pit_cdf_v1+sparse_hurdle_guarded,phase8_role_aware_pmf_cal_v1+monotone_inactive_global_v1,pre_close,2026-05-22T11:36:28Z,24dddfd7#phase10c,ace5975d-e7d0-44db-a2bc-3f64f51aa9c3,ok,0.0,high,full,current_phase8,unknown,projected,missing,8,0.0
OG Anunoby,18,NYK,CLE,True,21713897,fg3m,starter,stat_grid:fg3m_hurdle_v1+role_aware_pmf_cal_v1:starter+monotone_pit_cdf_v1+sparse_hurdle_guarded,phase8_role_aware_pmf_cal_v1+monotone_inactive_global_v1,pre_close,2026-05-22T11:36:28Z,24dddfd7#phase10c,ace5975d-e7d0-44db-a2bc-3f64f51aa9c3,ok,0.0,high,full,current_phase8,unknown,projected,missing,9,0.0
OG Anunoby,18,NYK,CLE,True,21713897,fg3m,starter,stat_grid:fg3m_hurdle_v1+role_aware_pmf_cal_v1:starter+monotone_pit_cdf_v1+sparse_hurdle_guarded,phase8_role_aware_pmf_cal_v1+monotone_inactive_global_v1,pre_close,2026-05-22T11:36:28Z,24dddfd7#phase10c,ace5975d-e7d0-44db-a2bc-3f64f51aa9c3,ok,0.0,high,full,current_phase8,unknown,projected,missing,10,0.0
OG Anunoby,18,NYK,CLE,True,21713897,fg3m,starter,stat_grid:fg3m_hurdle_v1+role_aware_pmf_cal_v1:starter+monotone_pit_cdf_v1+sparse_hurdle_guarded,phase8_role_aware_pmf_cal_v1+monotone_inactive_global_v1,pre_close,2026-05-22T11:36:28Z,24dddfd7#phase10c,ace5975d-e7d0-44db-a2bc-3f64f51aa9c3,ok,0.0,high,full,current_phase8,unknown,projected,missing,11,0.0
OG Anunoby,18,NYK,CLE,True,21713897,fg3m,starter,stat_grid:fg3m_hurdle_v1+role_aware_pmf_cal_v1:starter+monotone_pit_cdf_v1+sparse_hurdle_guarded,phase8_role_aware_pmf_cal_v1+monotone_inactive_global_v1,pre_close,2026-05-22T11:36:28Z,24dddfd7#phase10c,ace5975d-e7d0-44db-a2bc-3f64f51aa9c3,ok,0.0,high,full,current_phase8,unknown,projected,missing,12,0.0
OG Anunoby,18,NYK,CLE,True,21713897,fg3m,starter,stat_grid:fg3m_hurdle_v1+role_aware_pmf_cal_v1:starter+monotone_pit_cdf_v1+sparse_hurdle_guarded,phase8_role_aware_pmf_cal_v1+monotone_inactive_global_v1,pre_close,2026-05-22T11:36:28Z,24dddfd7#phase10c,ace5975d-e7d0-44db-a2bc-3f64f51aa9c3,ok,0.0,high,full,current_phase8,unknown,projected,missing,13,0.0
OG Anunoby,18,NYK,CLE,True,21713897,fg3m,starter,stat_grid:fg3m_hurdle_v1+role_aware_pmf_cal_v1:starter+monotone_pit_cdf_v1+sparse_hurdle_guarded,phase8_role_aware_pmf_cal_v1+monotone_inactive_global_v1,pre_close,2026-05-22T11:36:28Z,24dddfd7#phase10c,ace5975d-e7d0-44db-a2bc-3f64f51aa9c3,ok,0.0,high,full,current_phase8,unknown,projected,missing,14,0.0
OG Anunoby,18,NYK,CLE,True,21713897,fg3m,starter,stat_grid:fg3m_hurdle_v1+role_aware_pmf_cal_v1:starter+monotone_pit_cdf_v1+sparse_hurdle_guarded,phase8_role_aware_pmf_cal_v1+monotone_inactive_global_v1,pre_close,2026-05-22T11:36:28Z,24dddfd7#phase10c,ace5975d-e7d0-44db-a2bc-3f64f51aa9c3,ok,0.0,high,full,current_phase8,unknown,projected,missing,15,0.0
OG Anunoby,18,NYK,CLE,True,21713897,fg3m,starter,stat_grid:fg3m_hurdle_v1+role_aware_pmf_cal_v1:starter+monotone_pit_cdf_v1+sparse_hurdle_guarded,phase8_role_aware_pmf_cal_v1+monotone_inactive_global_v1,pre_close,2026-05-22T11:36:28Z,24dddfd7#phase10c,ace5975d-e7d0-44db-a2bc-3f64f51aa9c3,ok,0.0,high,full,current_phase8,unknown,projected,missing,16,0.0
OG Anunoby,18,NYK,CLE,True,21713897,fg3m,starter,stat_grid:fg3m_hurdle_v1+role_aware_pmf_cal_v1:starter+monotone_pit_cdf_v1+sparse_hurdle_guarded,phase8_role_aware_pmf_cal_v1+monotone_inactive_global_v1,pre_close,2026-05-22T11:36:28Z,24dddfd7#phase10c,ace5975d-e7d0-44db-a2bc-3f64f51aa9c3,ok,0.0,high,full,current_phase8,unknown,projected,missing,17,0.0
OG Anunoby,18,NYK,CLE,True,21713897,fg3m,starter,stat_grid:fg3m_hurdle_v1+role_aware_pmf_cal_v1:starter+monotone_pit_cdf_v1+sparse_hurdle_guarded,phase8_role_aware_pmf_cal_v1+monotone_inactive_global_v1,pre_close,2026-05-22T11:36:28Z,24dddfd7#phase10c,ace5975d-e7d0-44db-a2bc-3f64f51aa9c3,ok,0.0,high,full,current_phase8,unknown,projected,missing,18,0.0
OG Anunoby,18,NYK,CLE,True,21713897,fg3m,starter,stat_grid:fg3m_hurdle_v1+role_aware_pmf_cal_v1:starter+monotone_pit_cdf_v1+sparse_hurdle_guarded,phase8_role_aware_pmf_cal_v1+monotone_inactive_global_v1,pre_close,2026-05-22T11:36:28Z,24dddfd7#phase10c,ace5975d-e7d0-44db-a2bc-3f64f51aa9c3,ok,0.0,high,full,current_phase8,unknown,projected,missing,19,0.0
OG Anunoby,18,NYK,CLE,True,21713897,fg3m,starter,stat_grid:fg3m_hurdle_v1+role_aware_pmf_cal_v1:starter+monotone_pit_cdf_v1+sparse_hurdle_guarded,phase8_role_aware_pmf_cal_v1+monotone_inactive_global_v1,pre_close,2026-05-22T11:36:28Z,24dddfd7#phase10c,ace5975d-e7d0-44db-a2bc-3f64f51aa9c3,ok,0.0,high,full,current_phase8,unknown,projected,missing,20,0.0
OG Anunoby,18,NYK,CLE,True,21713897,tov,starter,stat_grid:pmf_sim_v1+role_aware_pmf_cal_v1:starter+monotone_pit_cdf_v1+sparse_hurdle_guarded,phase8_role_aware_pmf_cal_v1+monotone_inactive_global_v1,pre_close,2026-05-22T11:36:28Z,24dddfd7#phase10c,ace5975d-e7d0-44db-a2bc-3f64f51aa9c3,ok,0.0,high,full,current_phase8,unknown,projected,missing,0,0.1256
OG Anunoby,18,NYK,CLE,True,21713897,tov,starter,stat_grid:pmf_sim_v1+role_aware_pmf_cal_v1:starter+monotone_pit_cdf_v1+sparse_hurdle_guarded,phase8_role_aware_pmf_cal_v1+monotone_inactive_global_v1,pre_close,2026-05-22T11:36:28Z,24dddfd7#phase10c,ace5975d-e7d0-44db-a2bc-3f64f51aa9c3,ok,0.0,high,full,current_phase8,unknown,projected,missing,1,0.5156
OG Anunoby,18,NYK,CLE,True,21713897,tov,starter,stat_grid:pmf_sim_v1+role_aware_pmf_cal_v1:starter+monotone_pit_cdf_v1+sparse_hurdle_guarded,phase8_role_aware_pmf_cal_v1+monotone_inactive_global_v1,pre_close,2026-05-22T11:36:28Z,24dddfd7#phase10c,ace5975d-e7d0-44db-a2bc-3f64f51aa9c3,ok,0.0,high,full,current_phase8,unknown,projected,missing,2,0.2649
OG Anunoby,18,NYK,CLE,True,21713897,tov,starter,stat_grid:pmf_sim_v1+role_aware_pmf_cal_v1:starter+monotone_pit_cdf_v1+sparse_hurdle_guarded,phase8_role_aware_pmf_cal_v1+monotone_inactive_global_v1,pre_close,2026-05-22T11:36:28Z,24dddfd7#phase10c,ace5975d-e7d0-44db-a2bc-3f64f51aa9c3,ok,0.0,high,full,current_phase8,unknown,projected,missing,3,0.084
OG Anunoby,18,NYK,CLE,True,21713897,tov,starter,stat_grid:pmf_sim_v1+role_aware_pmf_cal_v1:starter+monotone_pit_cdf_v1+sparse_hurdle_guarded,phase8_role_aware_pmf_cal_v1+monotone_inactive_global_v1,pre_close,2026-05-22T11:36:28Z,24dddfd7#phase10c,ace5975d-e7d0-44db-a2bc-3f64f51aa9c3,ok,0.0,high,full,current_phase8,unknown,projected,missing,4,0.0091
OG Anunoby,18,NYK,CLE,True,21713897,tov,starter,stat_grid:pmf_sim_v1+role_aware_pmf_cal_v1:starter+monotone_pit_cdf_v1+sparse_hurdle_guarded,phase8_role_aware_pmf_cal_v1+monotone_inactive_global_v1,pre_close,2026-05-22T11:36:28Z,24dddfd7#phase10c,ace5975d-e7d0-44db-a2bc-3f64f51aa9c3,ok,0.0,high,full,current_phase8,unknown,projected,missing,5,0.0007
OG Anunoby,18,NYK,CLE,True,21713897,tov,starter,stat_grid:pmf_sim_v1+role_aware_pmf_cal_v1:starter+monotone_pit_cdf_v1+sparse_hurdle_guarded,phase8_role_aware_pmf_cal_v1+monotone_inactive_global_v1,pre_close,2026-05-22T11:36:28Z,24dddfd7#phase10c,ace5975d-e7d0-44db-a2bc-3f64f51aa9c3,ok,0.0,high,full,current_phase8,unknown,projected,missing,6,0.0
OG Anunoby,18,NYK,CLE,True,21713897,tov,starter,stat_grid:pmf_sim_v1+role_aware_pmf_cal_v1:starter+monotone_pit_cdf_v1+sparse_hurdle_guarded,phase8_role_aware_pmf_cal_v1+monotone_inactive_global_v1,pre_close,2026-05-22T11:36:28Z,24dddfd7#phase10c,ace5975d-e7d0-44db-a2bc-3f64f51aa9c3,ok,0.0,high,full,current_phase8,unknown,projected,missing,7,0.0
OG Anunoby,18,NYK,CLE,True,21713897,tov,starter,stat_grid:pmf_sim_v1+role_aware_pmf_cal_v1:starter+monotone_pit_cdf_v1+sparse_hurdle_guarded,phase8_role_aware_pmf_cal_v1+monotone_inactive_global_v1,pre_close,2026-05-22T11:36:28Z,24dddfd7#phase10c,ace5975d-e7d0-44db-a2bc-3f64f51aa9c3,ok,0.0,high,full,current_phase8,unknown,projected,missing,8,0.0
OG Anunoby,18,NYK,CLE,True,21713897,tov,starter,stat_grid:pmf_sim_v1+role_aware_pmf_cal_v1:starter+monotone_pit_cdf_v1+sparse_hurdle_guarded,phase8_role_aware_pmf_cal_v1+monotone_inactive_global_v1,pre_close,2026-05-22T11:36:28Z,24dddfd7#phase10c,ace5975d-e7d0-44db-a2bc-3f64f51aa9c3,ok,0.0,high,full,current_phase8,unknown,projected,missing,9,0.0
OG Anunoby,18,NYK,CLE,True,21713897,tov,starter,stat_grid:pmf_sim_v1+role_aware_pmf_cal_v1:starter+monotone_pit_cdf_v1+sparse_hurdle_guarded,phase8_role_aware_pmf_cal_v1+monotone_inactive_global_v1,pre_close,2026-05-22T11:36:28Z,24dddfd7#phase10c,ace5975d-e7d0-44db-a2bc-3f64f51aa9c3,ok,0.0,high,full,current_phase8,unknown,projected,missing,10,0.0
OG Anunoby,18,NYK,CLE,True,21713897,tov,starter,stat_grid:pmf_sim_v1+role_aware_pmf_cal_v1:starter+monotone_pit_cdf_v1+sparse_hurdle_guarded,phase8_role_aware_pmf_cal_v1+monotone_inactive_global_v1,pre_close,2026-05-22T11:36:28Z,24dddfd7#phase10c,ace5975d-e7d0-44db-a2bc-3f64f51aa9c3,ok,0.0,high,full,current_phase8,unknown,projected,missing,11,0.0
OG Anunoby,18,NYK,CLE,True,21713897,tov,starter,stat_grid:pmf_sim_v1+role_aware_pmf_cal_v1:starter+monotone_pit_cdf_v1+sparse_hurdle_guarded,phase8_role_aware_pmf_cal_v1+monotone_inactive_global_v1,pre_close,2026-05-22T11:36:28Z,24dddfd7#phase10c,ace5975d-e7d0-44db-a2bc-3f64f51aa9c3,ok,0.0,high,full,current_phase8,unknown,projected,missing,12,0.0
OG Anunoby,18,NYK,CLE,True,21713897,tov,starter,stat_grid:pmf_sim_v1+role_aware_pmf_cal_v1:starter+monotone_pit_cdf_v1+sparse_hurdle_guarded,phase8_role_aware_pmf_cal_v1+monotone_inactive_global_v1,pre_close,2026-05-22T11:36:28Z,24dddfd7#phase10c,ace5975d-e7d0-44db-a2bc-3f64f51aa9c3,ok,0.0,high,full,current_phase8,unknown,projected,missing,13,0.0
OG Anunoby,18,NYK,CLE,True,21713897,tov,starter,stat_grid:pmf_sim_v1+role_aware_pmf_cal_v1:starter+monotone_pit_cdf_v1+sparse_hurdle_guarded,phase8_role_aware_pmf_cal_v1+monotone_inactive_global_v1,pre_close,2026-05-22T11:36:28Z,24dddfd7#phase10c,ace5975d-e7d0-44db-a2bc-3f64f51aa9c3,ok,0.0,high,full,current_phase8,unknown,projected,missing,14,0.0
OG Anunoby,18,NYK,CLE,True,21713897,tov,starter,stat_grid:pmf_sim_v1+role_aware_pmf_cal_v1:starter+monotone_pit_cdf_v1+sparse_hurdle_guarded,phase8_role_aware_pmf_cal_v1+monotone_inactive_global_v1,pre_close,2026-05-22T11:36:28Z,24dddfd7#phase10c,ace5975d-e7d0-44db-a2bc-3f64f51aa9c3,ok,0.0,high,full,current_phase8,unknown,projected,missing,15,0.0
OG Anunoby,18,NYK,CLE,True,21713897,tov,starter,stat_grid:pmf_sim_v1+role_aware_pmf_cal_v1:starter+monotone_pit_cdf_v1+sparse_hurdle_guarded,phase8_role_aware_pmf_cal_v1+monotone_inactive_global_v1,pre_close,2026-05-22T11:36:28Z,24dddfd7#phase10c,ace5975d-e7d0-44db-a2bc-3f64f51aa9c3,ok,0.0,high,full,current_phase8,unknown,projected,missing,16,0.0
OG Anunoby,18,NYK,CLE,True,21713897,tov,starter,stat_grid:pmf_sim_v1+role_aware_pmf_cal_v1:starter+monotone_pit_cdf_v1+sparse_hurdle_guarded,phase8_role_aware_pmf_cal_v1+monotone_inactive_global_v1,pre_close,2026-05-22T11:36:28Z,24dddfd7#phase10c,ace5975d-e7d0-44db-a2bc-3f64f51aa9c3,ok,0.0,high,full,current_phase8,unknown,projected,missing,17,0.0
OG Anunoby,18,NYK,CLE,True,21713897,tov,starter,stat_grid:pmf_sim_v1+role_aware_pmf_cal_v1:starter+monotone_pit_cdf_v1+sparse_hurdle_guarded,phase8_role_aware_pmf_cal_v1+monotone_inactive_global_v1,pre_close,2026-05-22T11:36:28Z,24dddfd7#phase10c,ace5975d-e7d0-44db-a2bc-3f64f51aa9c3,ok,0.0,high,full,current_phase8,unknown,projected,missing,18,0.0
OG Anunoby,18,NYK,CLE,True,21713897,tov,starter,stat_grid:pmf_sim_v1+role_aware_pmf_cal_v1:starter+monotone_pit_cdf_v1+sparse_hurdle_guarded,phase8_role_aware_pmf_cal_v1+monotone_inactive_global_v1,pre_close,2026-05-22T11:36:28Z,24dddfd7#phase10c,ace5975d-e7d0-44db-a2bc-3f64f51aa9c3,ok,0.0,high,full,current_phase8,unknown,projected,missing,19,0.0
OG Anunoby,18,NYK,CLE,True,21713897,tov,starter,stat_grid:pmf_sim_v1+role_aware_pmf_cal_v1:starter+monotone_pit_cdf_v1+sparse_hurdle_guarded,phase8_role_aware_pmf_cal_v1+monotone_inactive_global_v1,pre_close,2026-05-22T11:36:28Z,24dddfd7#phase10c,ace5975d-e7d0-44db-a2bc-3f64f51aa9c3,ok,0.0,high,full,current_phase8,unknown,projected,missing,20,0.0
OG Anunoby,18,NYK,CLE,True,21713897,stl,starter,stat_grid:hurdle_v1+role_aware_pmf_cal_v1:starter+monotone_pit_cdf_v1+sparse_hurdle_guarded,phase8_role_aware_pmf_cal_v1+monotone_inactive_global_v1,pre_close,2026-05-22T11:36:28Z,24dddfd7#phase10c,ace5975d-e7d0-44db-a2bc-3f64f51aa9c3,ok,0.0,high,full,current_phase8,unknown,projected,missing,0,0.5128
OG Anunoby,18,NYK,CLE,True,21713897,stl,starter,stat_grid:hurdle_v1+role_aware_pmf_cal_v1:starter+monotone_pit_cdf_v1+sparse_hurdle_guarded,phase8_role_aware_pmf_cal_v1+monotone_inactive_global_v1,pre_close,2026-05-22T11:36:28Z,24dddfd7#phase10c,ace5975d-e7d0-44db-a2bc-3f64f51aa9c3,ok,0.0,high,full,current_phase8,unknown,projected,missing,1,0.2749
OG Anunoby,18,NYK,CLE,True,21713897,stl,starter,stat_grid:hurdle_v1+role_aware_pmf_cal_v1:starter+monotone_pit_cdf_v1+sparse_hurdle_guarded,phase8_role_aware_pmf_cal_v1+monotone_inactive_global_v1,pre_close,2026-05-22T11:36:28Z,24dddfd7#phase10c,ace5975d-e7d0-44db-a2bc-3f64f51aa9c3,ok,0.0,high,full,current_phase8,unknown,projected,missing,2,0.1058
OG Anunoby,18,NYK,CLE,True,21713897,stl,starter,stat_grid:hurdle_v1+role_aware_pmf_cal_v1:starter+monotone_pit_cdf_v1+sparse_hurdle_guarded,phase8_role_aware_pmf_cal_v1+monotone_inactive_global_v1,pre_close,2026-05-22T11:36:28Z,24dddfd7#phase10c,ace5975d-e7d0-44db-a2bc-3f64f51aa9c3,ok,0.0,high,full,current_phase8,unknown,projected,missing,3,0.086
OG Anunoby,18,NYK,CLE,True,21713897,stl,starter,stat_grid:hurdle_v1+role_aware_pmf_cal_v1:starter+monotone_pit_cdf_v1+sparse_hurdle_guarded,phase8_role_aware_pmf_cal_v1+monotone_inactive_global_v1,pre_close,2026-05-22T11:36:28Z,24dddfd7#phase10c,ace5975d-e7d0-44db-a2bc-3f64f51aa9c3,ok,0.0,high,full,current_phase8,unknown,projected,missing,4,0.002
OG Anunoby,18,NYK,CLE,True,21713897,stl,starter,stat_grid:hurdle_v1+role_aware_pmf_cal_v1:starter+monotone_pit_cdf_v1+sparse_hurdle_guarded,phase8_role_aware_pmf_cal_v1+monotone_inactive_global_v1,pre_close,2026-05-22T11:36:28Z,24dddfd7#phase10c,ace5975d-e7d0-44db-a2bc-3f64f51aa9c3,ok,0.0,high,full,current_phase8,unknown,projected,missing,5,0.0053
OG Anunoby,18,NYK,CLE,True,21713897,stl,starter,stat_grid:hurdle_v1+role_aware_pmf_cal_v1:starter+monotone_pit_cdf_v1+sparse_hurdle_guarded,phase8_role_aware_pmf_cal_v1+monotone_inactive_global_v1,pre_close,2026-05-22T11:36:28Z,24dddfd7#phase10c,ace5975d-e7d0-44db-a2bc-3f64f51aa9c3,ok,0.0,high,full,current_phase8,unknown,projected,missing,6,0.002
OG Anunoby,18,NYK,CLE,True,21713897,stl,starter,stat_grid:hurdle_v1+role_aware_pmf_cal_v1:starter+monotone_pit_cdf_v1+sparse_hurdle_guarded,phase8_role_aware_pmf_cal_v1+monotone_inactive_global_v1,pre_close,2026-05-22T11:36:28Z,24dddfd7#phase10c,ace5975d-e7d0-44db-a2bc-3f64f51aa9c3,ok,0.0,high,full,current_phase8,unknown,projected,missing,7,0.0005
OG Anunoby,18,NYK,CLE,True,21713897,stl,starter,stat_grid:hurdle_v1+role_aware_pmf_cal_v1:starter+monotone_pit_cdf_v1+sparse_hurdle_guarded,phase8_role_aware_pmf_cal_v1+monotone_inactive_global_v1,pre_close,2026-05-22T11:36:28Z,24dddfd7#phase10c,ace5975d-e7d0-44db-a2bc-3f64f51aa9c3,ok,0.0,high,full,current_phase8,unknown,projected,missing,8,0.0004
OG Anunoby,18,NYK,CLE,True,21713897,stl,starter,stat_grid:hurdle_v1+role_aware_pmf_cal_v1:starter+monotone_pit_cdf_v1+sparse_hurdle_guarded,phase8_role_aware_pmf_cal_v1+monotone_inactive_global_v1,pre_close,2026-05-22T11:36:28Z,24dddfd7#phase10c,ace5975d-e7d0-44db-a2bc-3f64f51aa9c3,ok,0.0,high,full,current_phase8,unknown,projected,missing,9,0.0068
OG Anunoby,18,NYK,CLE,True,21713897,stl,starter,stat_grid:hurdle_v1+role_aware_pmf_cal_v1:starter+monotone_pit_cdf_v1+sparse_hurdle_guarded,phase8_role_aware_pmf_cal_v1+monotone_inactive_global_v1,pre_close,2026-05-22T11:36:28Z,24dddfd7#phase10c,ace5975d-e7d0-44db-a2bc-3f64f51aa9c3,ok,0.0,high,full,current_phase8,unknown,projected,missing,10,0.0035
OG Anunoby,18,NYK,CLE,True,21713897,stl,starter,stat_grid:hurdle_v1+role_aware_pmf_cal_v1:starter+monotone_pit_cdf_v1+sparse_hurdle_guarded,phase8_role_aware_pmf_cal_v1+monotone_inactive_global_v1,pre_close,2026-05-22T11:36:28Z,24dddfd7#phase10c,ace5975d-e7d0-44db-a2bc-3f64f51aa9c3,ok,0.0,high,full,current_phase8,unknown,projected,missing,11,0.0
OG Anunoby,18,NYK,CLE,True,21713897,stl,starter,stat_grid:hurdle_v1+role_aware_pmf_cal_v1:starter+monotone_pit_cdf_v1+sparse_hurdle_guarded,phase8_role_aware_pmf_cal_v1+monotone_inactive_global_v1,pre_close,2026-05-22T11:36:28Z,24dddfd7#phase10c,ace5975d-e7d0-44db-a2bc-3f64f51aa9c3,ok,0.0,high,full,current_phase8,unknown,projected,missing,12,0.0
OG Anunoby,18,NYK,CLE,True,21713897,stl,starter,stat_grid:hurdle_v1+role_aware_pmf_cal_v1:starter+monotone_pit_cdf_v1+sparse_hurdle_guarded,phase8_role_aware_pmf_cal_v1+monotone_inactive_global_v1,pre_close,2026-05-22T11:36:28Z,24dddfd7#phase10c,ace5975d-e7d0-44db-a2bc-3f64f51aa9c3,ok,0.0,high,full,current_phase8,unknown,projected,missing,13,0.0
OG Anunoby,18,NYK,CLE,True,21713897,stl,starter,stat_grid:hurdle_v1+role_aware_pmf_cal_v1:starter+monotone_pit_cdf_v1+sparse_hurdle_guarded,phase8_role_aware_pmf_cal_v1+monotone_inactive_global_v1,pre_close,2026-05-22T11:36:28Z,24dddfd7#phase10c,ace5975d-e7d0-44db-a2bc-3f64f51aa9c3,ok,0.0,high,full,current_phase8,unknown,projected,missing,14,0.0
OG Anunoby,18,NYK,CLE,True,21713897,stl,starter,stat_grid:hurdle_v1+role_aware_pmf_cal_v1:starter+monotone_pit_cdf_v1+sparse_hurdle_guarded,phase8_role_aware_pmf_cal_v1+monotone_inactive_global_v1,pre_close,2026-05-22T11:36:28Z,24dddfd7#phase10c,ace5975d-e7d0-44db-a2bc-3f64f51aa9c3,ok,0.0,high,full,current_phase8,unknown,projected,missing,15,0.0
OG Anunoby,18,NYK,CLE,True,21713897,stl,starter,stat_grid:hurdle_v1+role_aware_pmf_cal_v1:starter+monotone_pit_cdf_v1+sparse_hurdle_guarded,phase8_role_aware_pmf_cal_v1+monotone_inactive_global_v1,pre_close,2026-05-22T11:36:28Z,24dddfd7#phase10c,ace5975d-e7d0-44db-a2bc-3f64f51aa9c3,ok,0.0,high,full,current_phase8,unknown,projected,missing,16,0.0
OG Anunoby,18,NYK,CLE,True,21713897,stl,starter,stat_grid:hurdle_v1+role_aware_pmf_cal_v1:starter+monotone_pit_cdf_v1+sparse_hurdle_guarded,phase8_role_aware_pmf_cal_v1+monotone_inactive_global_v1,pre_close,2026-05-22T11:36:28Z,24dddfd7#phase10c,ace5975d-e7d0-44db-a2bc-3f64f51aa9c3,ok,0.0,high,full,current_phase8,unknown,projected,missing,17,0.0
OG Anunoby,18,NYK,CLE,True,21713897,stl,starter,stat_grid:hurdle_v1+role_aware_pmf_cal_v1:starter+monotone_pit_cdf_v1+sparse_hurdle_guarded,phase8_role_aware_pmf_cal_v1+monotone_inactive_global_v1,pre_close,2026-05-22T11:36:28Z,24dddfd7#phase10c,ace5975d-e7d0-44db-a2bc-3f64f51aa9c3,ok,0.0,high,full,current_phase8,unknown,projected,missing,18,0.0
OG Anunoby,18,NYK,CLE,True,21713897,stl,starter,stat_grid:hurdle_v1+role_aware_pmf_cal_v1:starter+monotone_pit_cdf_v1+sparse_hurdle_guarded,phase8_role_aware_pmf_cal_v1+monotone_inactive_global_v1,pre_close,2026-05-22T11:36:28Z,24dddfd7#phase10c,ace5975d-e7d0-44db-a2bc-3f64f51aa9c3,ok,0.0,high,full,current_phase8,unknown,projected,missing,19,0.0
OG Anunoby,18,NYK,CLE,True,21713897,stl,starter,stat_grid:hurdle_v1+role_aware_pmf_cal_v1:starter+monotone_pit_cdf_v1+sparse_hurdle_guarded,phase8_role_aware_pmf_cal_v1+monotone_inactive_global_v1,pre_close,2026-05-22T11:36:28Z,24dddfd7#phase10c,ace5975d-e7d0-44db-a2bc-3f64f51aa9c3,ok,0.0,high,full,current_phase8,unknown,projected,missing,20,0.0
OG Anunoby,18,NYK,CLE,True,21713897,blk,starter,stat_grid:hurdle_v1+role_aware_pmf_cal_v1:starter+monotone_pit_cdf_v1+sparse_hurdle_guarded,phase8_role_aware_pmf_cal_v1+monotone_inactive_global_v1,pre_close,2026-05-22T11:36:28Z,24dddfd7#phase10c,ace5975d-e7d0-44db-a2bc-3f64f51aa9c3,ok,0.0,high,full,current_phase8,unknown,projected,missing,0,0.257
OG Anunoby,18,NYK,CLE,True,21713897,blk,starter,stat_grid:hurdle_v1+role_aware_pmf_cal_v1:starter+monotone_pit_cdf_v1+sparse_hurdle_guarded,phase8_role_aware_pmf_cal_v1+monotone_inactive_global_v1,pre_close,2026-05-22T11:36:28Z,24dddfd7#phase10c,ace5975d-e7d0-44db-a2bc-3f64f51aa9c3,ok,0.0,high,full,current_phase8,unknown,projected,missing,1,0.5529
OG Anunoby,18,NYK,CLE,True,21713897,blk,starter,stat_grid:hurdle_v1+role_aware_pmf_cal_v1:starter+monotone_pit_cdf_v1+sparse_hurdle_guarded,phase8_role_aware_pmf_cal_v1+monotone_inactive_global_v1,pre_close,2026-05-22T11:36:28Z,24dddfd7#phase10c,ace5975d-e7d0-44db-a2bc-3f64f51aa9c3,ok,0.0,high,full,current_phase8,unknown,projected,missing,2,0.0772
OG Anunoby,18,NYK,CLE,True,21713897,blk,starter,stat_grid:hurdle_v1+role_aware_pmf_cal_v1:starter+monotone_pit_cdf_v1+sparse_hurdle_guarded,phase8_role_aware_pmf_cal_v1+monotone_inactive_global_v1,pre_close,2026-05-22T11:36:28Z,24dddfd7#phase10c,ace5975d-e7d0-44db-a2bc-3f64f51aa9c3,ok,0.0,high,full,current_phase8,unknown,projected,missing,3,0.0548
OG Anunoby,18,NYK,CLE,True,21713897,blk,starter,stat_grid:hurdle_v1+role_aware_pmf_cal_v1:starter+monotone_pit_cdf_v1+sparse_hurdle_guarded,phase8_role_aware_pmf_cal_v1+monotone_inactive_global_v1,pre_close,2026-05-22T11:36:28Z,24dddfd7#phase10c,ace5975d-e7d0-44db-a2bc-3f64f51aa9c3,ok,0.0,high,full,current_phase8,unknown,projected,missing,4,0.0118
OG Anunoby,18,NYK,CLE,True,21713897,blk,starter,stat_grid:hurdle_v1+role_aware_pmf_cal_v1:starter+monotone_pit_cdf_v1+sparse_hurdle_guarded,phase8_role_aware_pmf_cal_v1+monotone_inactive_global_v1,pre_close,2026-05-22T11:36:28Z,24dddfd7#phase10c,ace5975d-e7d0-44db-a2bc-3f64f51aa9c3,ok,0.0,high,full,current_phase8,unknown,projected,missing,5,0.0159
OG Anunoby,18,NYK,CLE,True,21713897,blk,starter,stat_grid:hurdle_v1+role_aware_pmf_cal_v1:starter+monotone_pit_cdf_v1+sparse_hurdle_guarded,phase8_role_aware_pmf_cal_v1+monotone_inactive_global_v1,pre_close,2026-05-22T11:36:28Z,24dddfd7#phase10c,ace5975d-e7d0-44db-a2bc-3f64f51aa9c3,ok,0.0,high,full,current_phase8,unknown,projected,missing,6,0.0105
OG Anunoby,18,NYK,CLE,True,21713897,blk,starter,stat_grid:hurdle_v1+role_aware_pmf_cal_v1:starter+monotone_pit_cdf_v1+sparse_hurdle_guarded,phase8_role_aware_pmf_cal_v1+monotone_inactive_global_v1,pre_close,2026-05-22T11:36:28Z,24dddfd7#phase10c,ace5975d-e7d0-44db-a2bc-3f64f51aa9c3,ok,0.0,high,full,current_phase8,unknown,projected,missing,7,0.0061
OG Anunoby,18,NYK,CLE,True,21713897,blk,starter,stat_grid:hurdle_v1+role_aware_pmf_cal_v1:starter+monotone_pit_cdf_v1+sparse_hurdle_guarded,phase8_role_aware_pmf_cal_v1+monotone_inactive_global_v1,pre_close,2026-05-22T11:36:28Z,24dddfd7#phase10c,ace5975d-e7d0-44db-a2bc-3f64f51aa9c3,ok,0.0,high,full,current_phase8,unknown,projected,missing,8,0.0036
OG Anunoby,18,NYK,CLE,True,21713897,blk,starter,stat_grid:hurdle_v1+role_aware_pmf_cal_v1:starter+monotone_pit_cdf_v1+sparse_hurdle_guarded,phase8_role_aware_pmf_cal_v1+monotone_inactive_global_v1,pre_close,2026-05-22T11:36:28Z,24dddfd7#phase10c,ace5975d-e7d0-44db-a2bc-3f64f51aa9c3,ok,0.0,high,full,current_phase8,unknown,projected,missing,9,0.0073
OG Anunoby,18,NYK,CLE,True,21713897,blk,starter,stat_grid:hurdle_v1+role_aware_pmf_cal_v1:starter+monotone_pit_cdf_v1+sparse_hurdle_guarded,phase8_role_aware_pmf_cal_v1+monotone_inactive_global_v1,pre_close,2026-05-22T11:36:28Z,24dddfd7#phase10c,ace5975d-e7d0-44db-a2bc-3f64f51aa9c3,ok,0.0,high,full,current_phase8,unknown,projected,missing,10,0.0028
OG Anunoby,18,NYK,CLE,True,21713897,blk,starter,stat_grid:hurdle_v1+role_aware_pmf_cal_v1:starter+monotone_pit_cdf_v1+sparse_hurdle_guarded,phase8_role_aware_pmf_cal_v1+monotone_inactive_global_v1,pre_close,2026-05-22T11:36:28Z,24dddfd7#phase10c,ace5975d-e7d0-44db-a2bc-3f64f51aa9c3,ok,0.0,high,full,current_phase8,unknown,projected,missing,11,0.0
OG Anunoby,18,NYK,CLE,True,21713897,blk,starter,stat_grid:hurdle_v1+role_aware_pmf_cal_v1:starter+monotone_pit_cdf_v1+sparse_hurdle_guarded,phase8_role_aware_pmf_cal_v1+monotone_inactive_global_v1,pre_close,2026-05-22T11:36:28Z,24dddfd7#phase10c,ace5975d-e7d0-44db-a2bc-3f64f51aa9c3,ok,0.0,high,full,current_phase8,unknown,projected,missing,12,0.0
OG Anunoby,18,NYK,CLE,True,21713897,blk,starter,stat_grid:hurdle_v1+role_aware_pmf_cal_v1:starter+monotone_pit_cdf_v1+sparse_hurdle_guarded,phase8_role_aware_pmf_cal_v1+monotone_inactive_global_v1,pre_close,2026-05-22T11:36:28Z,24dddfd7#phase10c,ace5975d-e7d0-44db-a2bc-3f64f51aa9c3,ok,0.0,high,full,current_phase8,unknown,projected,missing,13,0.0
OG Anunoby,18,NYK,CLE,True,21713897,blk,starter,stat_grid:hurdle_v1+role_aware_pmf_cal_v1:starter+monotone_pit_cdf_v1+sparse_hurdle_guarded,phase8_role_aware_pmf_cal_v1+monotone_inactive_global_v1,pre_close,2026-05-22T11:36:28Z,24dddfd7#phase10c,ace5975d-e7d0-44db-a2bc-3f64f51aa9c3,ok,0.0,high,full,current_phase8,unknown,projected,missing,14,0.0
OG Anunoby,18,NYK,CLE,True,21713897,blk,starter,stat_grid:hurdle_v1+role_aware_pmf_cal_v1:starter+monotone_pit_cdf_v1+sparse_hurdle_guarded,phase8_role_aware_pmf_cal_v1+monotone_inactive_global_v1,pre_close,2026-05-22T11:36:28Z,24dddfd7#phase10c,ace5975d-e7d0-44db-a2bc-3f64f51aa9c3,ok,0.0,high,full,current_phase8,unknown,projected,missing,15,0.0
OG Anunoby,18,NYK,CLE,True,21713897,blk,starter,stat_grid:hurdle_v1+role_aware_pmf_cal_v1:starter+monotone_pit_cdf_v1+sparse_hurdle_guarded,phase8_role_aware_pmf_cal_v1+monotone_inactive_global_v1,pre_close,2026-05-22T11:36:28Z,24dddfd7#phase10c,ace5975d-e7d0-44db-a2bc-3f64f51aa9c3,ok,0.0,high,full,current_phase8,unknown,projected,missing,16,0.0
OG Anunoby,18,NYK,CLE,True,21713897,blk,starter,stat_grid:hurdle_v1+role_aware_pmf_cal_v1:starter+monotone_pit_cdf_v1+sparse_hurdle_guarded,phase8_role_aware_pmf_cal_v1+monotone_inactive_global_v1,pre_close,2026-05-22T11:36:28Z,24dddfd7#phase10c,ace5975d-e7d0-44db-a2bc-3f64f51aa9c3,ok,0.0,high,full,current_phase8,unknown,projected,missing,17,0.0
OG Anunoby,18,NYK,CLE,True,21713897,blk,starter,stat_grid:hurdle_v1+role_aware_pmf_cal_v1:starter+monotone_pit_cdf_v1+sparse_hurdle_guarded,phase8_role_aware_pmf_cal_v1+monotone_inactive_global_v1,pre_close,2026-05-22T11:36:28Z,24dddfd7#phase10c,ace5975d-e7d0-44db-a2bc-3f64f51aa9c3,ok,0.0,high,full,current_phase8,unknown,projected,missing,18,0.0
OG Anunoby,18,NYK,CLE,True,21713897,blk,starter,stat_grid:hurdle_v1+role_aware_pmf_cal_v1:starter+monotone_pit_cdf_v1+sparse_hurdle_guarded,phase8_role_aware_pmf_cal_v1+monotone_inactive_global_v1,pre_close,2026-05-22T11:36:28Z,24dddfd7#phase10c,ace5975d-e7d0-44db-a2bc-3f64f51aa9c3,ok,0.0,high,full,current_phase8,unknown,projected,missing,19,0.0
OG Anunoby,18,NYK,CLE,True,21713897,blk,starter,stat_grid:hurdle_v1+role_aware_pmf_cal_v1:starter+monotone_pit_cdf_v1+sparse_hurdle_guarded,phase8_role_aware_pmf_cal_v1+monotone_inactive_global_v1,pre_close,2026-05-22T11:36:28Z,24dddfd7#phase10c,ace5975d-e7d0-44db-a2bc-3f64f51aa9c3,ok,0.0,high,full,current_phase8,unknown,projected,missing,20,0.0
OG Anunoby,18,NYK,CLE,True,21713897,stocks,starter,"stat_grid:component_convolution_mean_coherent_v1+components[stl:hurdle_v1+role_aware_pmf_cal_v1:starter+monotone_pit_cdf_v1+sparse_hurdle_guarded,blk:hurdle_v1+role_aware_pmf_cal_v1:starter+monotone_pit_cdf_v1+sparse_hurdle_guarded]+prior_combo[joint_sampler_v1+joint_combo_pmf_v1+role_aware_pmf_cal_v1:starter+monotone_pit_cdf_v1+sparse_hurdle_guarded]+stat_grid_final_component_convolution_mean_coherent_v1",phase8_role_aware_pmf_cal_v1+monotone_inactive_global_v1,pre_close,2026-05-22T11:36:28Z,24dddfd7#phase10c,ace5975d-e7d0-44db-a2bc-3f64f51aa9c3,ok,0.0,high,full,current_phase8,unknown,projected,missing,0,0.1318
OG Anunoby,18,NYK,CLE,True,21713897,stocks,starter,"stat_grid:component_convolution_mean_coherent_v1+components[stl:hurdle_v1+role_aware_pmf_cal_v1:starter+monotone_pit_cdf_v1+sparse_hurdle_guarded,blk:hurdle_v1+role_aware_pmf_cal_v1:starter+monotone_pit_cdf_v1+sparse_hurdle_guarded]+prior_combo[joint_sampler_v1+joint_combo_pmf_v1+role_aware_pmf_cal_v1:starter+monotone_pit_cdf_v1+sparse_hurdle_guarded]+stat_grid_final_component_convolution_mean_coherent_v1",phase8_role_aware_pmf_cal_v1+monotone_inactive_global_v1,pre_close,2026-05-22T11:36:28Z,24dddfd7#phase10c,ace5975d-e7d0-44db-a2bc-3f64f51aa9c3,ok,0.0,high,full,current_phase8,unknown,projected,missing,1,0.3542
OG Anunoby,18,NYK,CLE,True,21713897,stocks,starter,"stat_grid:component_convolution_mean_coherent_v1+components[stl:hurdle_v1+role_aware_pmf_cal_v1:starter+monotone_pit_cdf_v1+sparse_hurdle_guarded,blk:hurdle_v1+role_aware_pmf_cal_v1:starter+monotone_pit_cdf_v1+sparse_hurdle_guarded]+prior_combo[joint_sampler_v1+joint_combo_pmf_v1+role_aware_pmf_cal_v1:starter+monotone_pit_cdf_v1+sparse_hurdle_guarded]+stat_grid_final_component_convolution_mean_coherent_v1",phase8_role_aware_pmf_cal_v1+monotone_inactive_global_v1,pre_close,2026-05-22T11:36:28Z,24dddfd7#phase10c,ace5975d-e7d0-44db-a2bc-3f64f51aa9c3,ok,0.0,high,full,current_phase8,unknown,projected,missing,2,0.2188
OG Anunoby,18,NYK,CLE,True,21713897,stocks,starter,"stat_grid:component_convolution_mean_coherent_v1+components[stl:hurdle_v1+role_aware_pmf_cal_v1:starter+monotone_pit_cdf_v1+sparse_hurdle_guarded,blk:hurdle_v1+role_aware_pmf_cal_v1:starter+monotone_pit_cdf_v1+sparse_hurdle_guarded]+prior_combo[joint_sampler_v1+joint_combo_pmf_v1+role_aware_pmf_cal_v1:starter+monotone_pit_cdf_v1+sparse_hurdle_guarded]+stat_grid_final_component_convolution_mean_coherent_v1",phase8_role_aware_pmf_cal_v1+monotone_inactive_global_v1,pre_close,2026-05-22T11:36:28Z,24dddfd7#phase10c,ace5975d-e7d0-44db-a2bc-3f64f51aa9c3,ok,0.0,high,full,current_phase8,unknown,projected,missing,3,0.13
OG Anunoby,18,NYK,CLE,True,21713897,stocks,starter,"stat_grid:component_convolution_mean_coherent_v1+components[stl:hurdle_v1+role_aware_pmf_cal_v1:starter+monotone_pit_cdf_v1+sparse_hurdle_guarded,blk:hurdle_v1+role_aware_pmf_cal_v1:starter+monotone_pit_cdf_v1+sparse_hurdle_guarded]+prior_combo[joint_sampler_v1+joint_combo_pmf_v1+role_aware_pmf_cal_v1:starter+monotone_pit_cdf_v1+sparse_hurdle_guarded]+stat_grid_final_component_convolution_mean_coherent_v1",phase8_role_aware_pmf_cal_v1+monotone_inactive_global_v1,pre_close,2026-05-22T11:36:28Z,24dddfd7#phase10c,ace5975d-e7d0-44db-a2bc-3f64f51aa9c3,ok,0.0,high,full,current_phase8,unknown,projected,missing,4,0.0774
OG Anunoby,18,NYK,CLE,True,21713897,stocks,starter,"stat_grid:component_convolution_mean_coherent_v1+components[stl:hurdle_v1+role_aware_pmf_cal_v1:starter+monotone_pit_cdf_v1+sparse_hurdle_guarded,blk:hurdle_v1+role_aware_pmf_cal_v1:starter+monotone_pit_cdf_v1+sparse_hurdle_guarded]+prior_combo[joint_sampler_v1+joint_combo_pmf_v1+role_aware_pmf_cal_v1:starter+monotone_pit_cdf_v1+sparse_hurdle_guarded]+stat_grid_final_component_convolution_mean_coherent_v1",phase8_role_aware_pmf_cal_v1+monotone_inactive_global_v1,pre_close,2026-05-22T11:36:28Z,24dddfd7#phase10c,ace5975d-e7d0-44db-a2bc-3f64f51aa9c3,ok,0.0,high,full,current_phase8,unknown,projected,missing,5,0.0263
OG Anunoby,18,NYK,CLE,True,21713897,stocks,starter,"stat_grid:component_convolution_mean_coherent_v1+components[stl:hurdle_v1+role_aware_pmf_cal_v1:starter+monotone_pit_cdf_v1+sparse_hurdle_guarded,blk:hurdle_v1+role_aware_pmf_cal_v1:starter+monotone_pit_cdf_v1+sparse_hurdle_guarded]+prior_combo[joint_sampler_v1+joint_combo_pmf_v1+role_aware_pmf_cal_v1:starter+monotone_pit_cdf_v1+sparse_hurdle_guarded]+stat_grid_final_component_convolution_mean_coherent_v1",phase8_role_aware_pmf_cal_v1+monotone_inactive_global_v1,pre_close,2026-05-22T11:36:28Z,24dddfd7#phase10c,ace5975d-e7d0-44db-a2bc-3f64f51aa9c3,ok,0.0,high,full,current_phase8,unknown,projected,missing,6,0.0193
OG Anunoby,18,NYK,CLE,True,21713897,stocks,starter,"stat_grid:component_convolution_mean_coherent_v1+components[stl:hurdle_v1+role_aware_pmf_cal_v1:starter+monotone_pit_cdf_v1+sparse_hurdle_guarded,blk:hurdle_v1+role_aware_pmf_cal_v1:starter+monotone_pit_cdf_v1+sparse_hurdle_guarded]+prior_combo[joint_sampler_v1+joint_combo_pmf_v1+role_aware_pmf_cal_v1:starter+monotone_pit_cdf_v1+sparse_hurdle_guarded]+stat_grid_final_component_convolution_mean_coherent_v1",phase8_role_aware_pmf_cal_v1+monotone_inactive_global_v1,pre_close,2026-05-22T11:36:28Z,24dddfd7#phase10c,ace5975d-e7d0-44db-a2bc-3f64f51aa9c3,ok,0.0,high,full,current_phase8,unknown,projected,missing,7,0.0105
OG Anunoby,18,NYK,CLE,True,21713897,stocks,starter,"stat_grid:component_convolution_mean_coherent_v1+components[stl:hurdle_v1+role_aware_pmf_cal_v1:starter+monotone_pit_cdf_v1+sparse_hurdle_guarded,blk:hurdle_v1+role_aware_pmf_cal_v1:starter+monotone_pit_cdf_v1+sparse_hurdle_guarded]+prior_combo[joint_sampler_v1+joint_combo_pmf_v1+role_aware_pmf_cal_v1:starter+monotone_pit_cdf_v1+sparse_hurdle_guarded]+stat_grid_final_component_convolution_mean_coherent_v1",phase8_role_aware_pmf_cal_v1+monotone_inactive_global_v1,pre_close,2026-05-22T11:36:28Z,24dddfd7#phase10c,ace5975d-e7d0-44db-a2bc-3f64f51aa9c3,ok,0.0,high,full,current_phase8,unknown,projected,missing,8,0.0068
OG Anunoby,18,NYK,CLE,True,21713897,stocks,starter,"stat_grid:component_convolution_mean_coherent_v1+components[stl:hurdle_v1+role_aware_pmf_cal_v1:starter+monotone_pit_cdf_v1+sparse_hurdle_guarded,blk:hurdle_v1+role_aware_pmf_cal_v1:starter+monotone_pit_cdf_v1+sparse_hurdle_guarded]+prior_combo[joint_sampler_v1+joint_combo_pmf_v1+role_aware_pmf_cal_v1:starter+monotone_pit_cdf_v1+sparse_hurdle_guarded]+stat_grid_final_component_convolution_mean_coherent_v1",phase8_role_aware_pmf_cal_v1+monotone_inactive_global_v1,pre_close,2026-05-22T11:36:28Z,24dddfd7#phase10c,ace5975d-e7d0-44db-a2bc-3f64f51aa9c3,ok,0.0,high,full,current_phase8,unknown,projected,missing,9,0.0085
OG Anunoby,18,NYK,CLE,True,21713897,stocks,starter,"stat_grid:component_convolution_mean_coherent_v1+components[stl:hurdle_v1+role_aware_pmf_cal_v1:starter+monotone_pit_cdf_v1+sparse_hurdle_guarded,blk:hurdle_v1+role_aware_pmf_cal_v1:starter+monotone_pit_cdf_v1+sparse_hurdle_guarded]+prior_combo[joint_sampler_v1+joint_combo_pmf_v1+role_aware_pmf_cal_v1:starter+monotone_pit_cdf_v1+sparse_hurdle_guarded]+stat_grid_final_component_convolution_mean_coherent_v1",phase8_role_aware_pmf_cal_v1+monotone_inactive_global_v1,pre_close,2026-05-22T11:36:28Z,24dddfd7#phase10c,ace5975d-e7d0-44db-a2bc-3f64f51aa9c3,ok,0.0,high,full,current_phase8,unknown,projected,missing,10,0.0092
OG Anunoby,18,NYK,CLE,True,21713897,stocks,starter,"stat_grid:component_convolution_mean_coherent_v1+components[stl:hurdle_v1+role_aware_pmf_cal_v1:starter+monotone_pit_cdf_v1+sparse_hurdle_guarded,blk:hurdle_v1+role_aware_pmf_cal_v1:starter+monotone_pit_cdf_v1+sparse_hurdle_guarded]+prior_combo[joint_sampler_v1+joint_combo_pmf_v1+role_aware_pmf_cal_v1:starter+monotone_pit_cdf_v1+sparse_hurdle_guarded]+stat_grid_final_component_convolution_mean_coherent_v1",phase8_role_aware_pmf_cal_v1+monotone_inactive_global_v1,pre_close,2026-05-22T11:36:28Z,24dddfd7#phase10c,ace5975d-e7d0-44db-a2bc-3f64f51aa9c3,ok,0.0,high,full,current_phase8,unknown,projected,missing,11,0.0044
OG Anunoby,18,NYK,CLE,True,21713897,stocks,starter,"stat_grid:component_convolution_mean_coherent_v1+components[stl:hurdle_v1+role_aware_pmf_cal_v1:starter+monotone_pit_cdf_v1+sparse_hurdle_guarded,blk:hurdle_v1+role_aware_pmf_cal_v1:starter+monotone_pit_cdf_v1+sparse_hurdle_guarded]+prior_combo[joint_sampler_v1+joint_combo_pmf_v1+role_aware_pmf_cal_v1:starter+monotone_pit_cdf_v1+sparse_hurdle_guarded]+stat_grid_final_component_convolution_mean_coherent_v1",phase8_role_aware_pmf_cal_v1+monotone_inactive_global_v1,pre_close,2026-05-22T11:36:28Z,24dddfd7#phase10c,ace5975d-e7d0-44db-a2bc-3f64f51aa9c3,ok,0.0,high,full,current_phase8,unknown,projected,missing,12,0.0016
OG Anunoby,18,NYK,CLE,True,21713897,stocks,starter,"stat_grid:component_convolution_mean_coherent_v1+components[stl:hurdle_v1+role_aware_pmf_cal_v1:starter+monotone_pit_cdf_v1+sparse_hurdle_guarded,blk:hurdle_v1+role_aware_pmf_cal_v1:starter+monotone_pit_cdf_v1+sparse_hurdle_guarded]+prior_combo[joint_sampler_v1+joint_combo_pmf_v1+role_aware_pmf_cal_v1:starter+monotone_pit_cdf_v1+sparse_hurdle_guarded]+stat_grid_final_component_convolution_mean_coherent_v1",phase8_role_aware_pmf_cal_v1+monotone_inactive_global_v1,pre_close,2026-05-22T11:36:28Z,24dddfd7#phase10c,ace5975d-e7d0-44db-a2bc-3f64f51aa9c3,ok,0.0,high,full,current_phase8,unknown,projected,missing,13,0.0006
OG Anunoby,18,NYK,CLE,True,21713897,stocks,starter,"stat_grid:component_convolution_mean_coherent_v1+components[stl:hurdle_v1+role_aware_pmf_cal_v1:starter+monotone_pit_cdf_v1+sparse_hurdle_guarded,blk:hurdle_v1+role_aware_pmf_cal_v1:starter+monotone_pit_cdf_v1+sparse_hurdle_guarded]+prior_combo[joint_sampler_v1+joint_combo_pmf_v1+role_aware_pmf_cal_v1:starter+monotone_pit_cdf_v1+sparse_hurdle_guarded]+stat_grid_final_component_convolution_mean_coherent_v1",phase8_role_aware_pmf_cal_v1+monotone_inactive_global_v1,pre_close,2026-05-22T11:36:28Z,24dddfd7#phase10c,ace5975d-e7d0-44db-a2bc-3f64f51aa9c3,ok,0.0,high,full,current_phase8,unknown,projected,missing,14,0.0002
OG Anunoby,18,NYK,CLE,True,21713897,stocks,starter,"stat_grid:component_convolution_mean_coherent_v1+components[stl:hurdle_v1+role_aware_pmf_cal_v1:starter+monotone_pit_cdf_v1+sparse_hurdle_guarded,blk:hurdle_v1+role_aware_pmf_cal_v1:starter+monotone_pit_cdf_v1+sparse_hurdle_guarded]+prior_combo[joint_sampler_v1+joint_combo_pmf_v1+role_aware_pmf_cal_v1:starter+monotone_pit_cdf_v1+sparse_hurdle_guarded]+stat_grid_final_component_convolution_mean_coherent_v1",phase8_role_aware_pmf_cal_v1+monotone_inactive_global_v1,pre_close,2026-05-22T11:36:28Z,24dddfd7#phase10c,ace5975d-e7d0-44db-a2bc-3f64f51aa9c3,ok,0.0,high,full,current_phase8,unknown,projected,missing,15,0.0002
OG Anunoby,18,NYK,CLE,True,21713897,stocks,starter,"stat_grid:component_convolution_mean_coherent_v1+components[stl:hurdle_v1+role_aware_pmf_cal_v1:starter+monotone_pit_cdf_v1+sparse_hurdle_guarded,blk:hurdle_v1+role_aware_pmf_cal_v1:starter+monotone_pit_cdf_v1+sparse_hurdle_guarded]+prior_combo[joint_sampler_v1+joint_combo_pmf_v1+role_aware_pmf_cal_v1:starter+monotone_pit_cdf_v1+sparse_hurdle_guarded]+stat_grid_final_component_convolution_mean_coherent_v1",phase8_role_aware_pmf_cal_v1+monotone_inactive_global_v1,pre_close,2026-05-22T11:36:28Z,24dddfd7#phase10c,ace5975d-e7d0-44db-a2bc-3f64f51aa9c3,ok,0.0,high,full,current_phase8,unknown,projected,missing,16,0.0001
OG Anunoby,18,NYK,CLE,True,21713897,stocks,starter,"stat_grid:component_convolution_mean_coherent_v1+components[stl:hurdle_v1+role_aware_pmf_cal_v1:starter+monotone_pit_cdf_v1+sparse_hurdle_guarded,blk:hurdle_v1+role_aware_pmf_cal_v1:starter+monotone_pit_cdf_v1+sparse_hurdle_guarded]+prior_combo[joint_sampler_v1+joint_combo_pmf_v1+role_aware_pmf_cal_v1:starter+monotone_pit_cdf_v1+sparse_hurdle_guarded]+stat_grid_final_component_convolution_mean_coherent_v1",phase8_role_aware_pmf_cal_v1+monotone_inactive_global_v1,pre_close,2026-05-22T11:36:28Z,24dddfd7#phase10c,ace5975d-e7d0-44db-a2bc-3f64f51aa9c3,ok,0.0,high,full,current_phase8,unknown,projected,missing,17,0.0
OG Anunoby,18,NYK,CLE,True,21713897,stocks,starter,"stat_grid:component_convolution_mean_coherent_v1+components[stl:hurdle_v1+role_aware_pmf_cal_v1:starter+monotone_pit_cdf_v1+sparse_hurdle_guarded,blk:hurdle_v1+role_aware_pmf_cal_v1:starter+monotone_pit_cdf_v1+sparse_hurdle_guarded]+prior_combo[joint_sampler_v1+joint_combo_pmf_v1+role_aware_pmf_cal_v1:starter+monotone_pit_cdf_v1+sparse_hurdle_guarded]+stat_grid_final_component_convolution_mean_coherent_v1",phase8_role_aware_pmf_cal_v1+monotone_inactive_global_v1,pre_close,2026-05-22T11:36:28Z,24dddfd7#phase10c,ace5975d-e7d0-44db-a2bc-3f64f51aa9c3,ok,0.0,high,full,current_phase8,unknown,projected,missing,18,0.0001
OG Anunoby,18,NYK,CLE,True,21713897,stocks,starter,"stat_grid:component_convolution_mean_coherent_v1+components[stl:hurdle_v1+role_aware_pmf_cal_v1:starter+monotone_pit_cdf_v1+sparse_hurdle_guarded,blk:hurdle_v1+role_aware_pmf_cal_v1:starter+monotone_pit_cdf_v1+sparse_hurdle_guarded]+prior_combo[joint_sampler_v1+joint_combo_pmf_v1+role_aware_pmf_cal_v1:starter+monotone_pit_cdf_v1+sparse_hurdle_guarded]+stat_grid_final_component_convolution_mean_coherent_v1",phase8_role_aware_pmf_cal_v1+monotone_inactive_global_v1,pre_close,2026-05-22T11:36:28Z,24dddfd7#phase10c,ace5975d-e7d0-44db-a2bc-3f64f51aa9c3,ok,0.0,high,full,current_phase8,unknown,projected,missing,19,0.0
OG Anunoby,18,NYK,CLE,True,21713897,stocks,starter,"stat_grid:component_convolution_mean_coherent_v1+components[stl:hurdle_v1+role_aware_pmf_cal_v1:starter+monotone_pit_cdf_v1+sparse_hurdle_guarded,blk:hurdle_v1+role_aware_pmf_cal_v1:starter+monotone_pit_cdf_v1+sparse_hurdle_guarded]+prior_combo[joint_sampler_v1+joint_combo_pmf_v1+role_aware_pmf_cal_v1:starter+monotone_pit_cdf_v1+sparse_hurdle_guarded]+stat_grid_final_component_convolution_mean_coherent_v1",phase8_role_aware_pmf_cal_v1+monotone_inactive_global_v1,pre_close,2026-05-22T11:36:28Z,24dddfd7#phase10c,ace5975d-e7d0-44db-a2bc-3f64f51aa9c3,ok,0.0,high,full,current_phase8,unknown,projected,missing,20,0.0
OG Anunoby,18,NYK,CLE,True,21713897,pa,starter,"stat_grid:component_convolution_mean_coherent_v1+components[pts:pmf_sim_v1+role_aware_pmf_cal_v1:starter+monotone_pit_cdf_v1,ast:pmf_sim_v1+role_aware_pmf_cal_v1:starter+monotone_pit_cdf_v1]+prior_combo[joint_sampler_v1+joint_combo_pmf_v1+role_aware_pmf_cal_v1:starter+monotone_pit_cdf_v1]+stat_grid_final_component_convolution_mean_coherent_v1",phase8_role_aware_pmf_cal_v1+monotone_inactive_global_v1,pre_close,2026-05-22T11:36:28Z,24dddfd7#phase10c,ace5975d-e7d0-44db-a2bc-3f64f51aa9c3,ok,0.0,high,full,current_phase8,unknown,projected,missing,0,0.0001
OG Anunoby,18,NYK,CLE,True,21713897,pa,starter,"stat_grid:component_convolution_mean_coherent_v1+components[pts:pmf_sim_v1+role_aware_pmf_cal_v1:starter+monotone_pit_cdf_v1,ast:pmf_sim_v1+role_aware_pmf_cal_v1:starter+monotone_pit_cdf_v1]+prior_combo[joint_sampler_v1+joint_combo_pmf_v1+role_aware_pmf_cal_v1:starter+monotone_pit_cdf_v1]+stat_grid_final_component_convolution_mean_coherent_v1",phase8_role_aware_pmf_cal_v1+monotone_inactive_global_v1,pre_close,2026-05-22T11:36:28Z,24dddfd7#phase10c,ace5975d-e7d0-44db-a2bc-3f64f51aa9c3,ok,0.0,high,full,current_phase8,unknown,projected,missing,1,0.0004
OG Anunoby,18,NYK,CLE,True,21713897,pa,starter,"stat_grid:component_convolution_mean_coherent_v1+components[pts:pmf_sim_v1+role_aware_pmf_cal_v1:starter+monotone_pit_cdf_v1,ast:pmf_sim_v1+role_aware_pmf_cal_v1:starter+monotone_pit_cdf_v1]+prior_combo[joint_sampler_v1+joint_combo_pmf_v1+role_aware_pmf_cal_v1:starter+monotone_pit_cdf_v1]+stat_grid_final_component_convolution_mean_coherent_v1",phase8_role_aware_pmf_cal_v1+monotone_inactive_global_v1,pre_close,2026-05-22T11:36:28Z,24dddfd7#phase10c,ace5975d-e7d0-44db-a2bc-3f64f51aa9c3,ok,0.0,high,full,current_phase8,unknown,projected,missing,2,0.0007
OG Anunoby,18,NYK,CLE,True,21713897,pa,starter,"stat_grid:component_convolution_mean_coherent_v1+components[pts:pmf_sim_v1+role_aware_pmf_cal_v1:starter+monotone_pit_cdf_v1,ast:pmf_sim_v1+role_aware_pmf_cal_v1:starter+monotone_pit_cdf_v1]+prior_combo[joint_sampler_v1+joint_combo_pmf_v1+role_aware_pmf_cal_v1:starter+monotone_pit_cdf_v1]+stat_grid_final_component_convolution_mean_coherent_v1",phase8_role_aware_pmf_cal_v1+monotone_inactive_global_v1,pre_close,2026-05-22T11:36:28Z,24dddfd7#phase10c,ace5975d-e7d0-44db-a2bc-3f64f51aa9c3,ok,0.0,high,full,current_phase8,unknown,projected,missing,3,0.0012
OG Anunoby,18,NYK,CLE,True,21713897,pa,starter,"stat_grid:component_convolution_mean_coherent_v1+components[pts:pmf_sim_v1+role_aware_pmf_cal_v1:starter+monotone_pit_cdf_v1,ast:pmf_sim_v1+role_aware_pmf_cal_v1:starter+monotone_pit_cdf_v1]+prior_combo[joint_sampler_v1+joint_combo_pmf_v1+role_aware_pmf_cal_v1:starter+monotone_pit_cdf_v1]+stat_grid_final_component_convolution_mean_coherent_v1",phase8_role_aware_pmf_cal_v1+monotone_inactive_global_v1,pre_close,2026-05-22T11:36:28Z,24dddfd7#phase10c,ace5975d-e7d0-44db-a2bc-3f64f51aa9c3,ok,0.0,high,full,current_phase8,unknown,projected,missing,4,0.0021
OG Anunoby,18,NYK,CLE,True,21713897,pa,starter,"stat_grid:component_convolution_mean_coherent_v1+components[pts:pmf_sim_v1+role_aware_pmf_cal_v1:starter+monotone_pit_cdf_v1,ast:pmf_sim_v1+role_aware_pmf_cal_v1:starter+monotone_pit_cdf_v1]+prior_combo[joint_sampler_v1+joint_combo_pmf_v1+role_aware_pmf_cal_v1:starter+monotone_pit_cdf_v1]+stat_grid_final_component_convolution_mean_coherent_v1",phase8_role_aware_pmf_cal_v1+monotone_inactive_global_v1,pre_close,2026-05-22T11:36:28Z,24dddfd7#phase10c,ace5975d-e7d0-44db-a2bc-3f64f51aa9c3,ok,0.0,high,full,current_phase8,unknown,projected,missing,5,0.004
OG Anunoby,18,NYK,CLE,True,21713897,pa,starter,"stat_grid:component_convolution_mean_coherent_v1+components[pts:pmf_sim_v1+role_aware_pmf_cal_v1:starter+monotone_pit_cdf_v1,ast:pmf_sim_v1+role_aware_pmf_cal_v1:starter+monotone_pit_cdf_v1]+prior_combo[joint_sampler_v1+joint_combo_pmf_v1+role_aware_pmf_cal_v1:starter+monotone_pit_cdf_v1]+stat_grid_final_component_convolution_mean_coherent_v1",phase8_role_aware_pmf_cal_v1+monotone_inactive_global_v1,pre_close,2026-05-22T11:36:28Z,24dddfd7#phase10c,ace5975d-e7d0-44db-a2bc-3f64f51aa9c3,ok,0.0,high,full,current_phase8,unknown,projected,missing,6,0.0064
OG Anunoby,18,NYK,CLE,True,21713897,pa,starter,"stat_grid:component_convolution_mean_coherent_v1+components[pts:pmf_sim_v1+role_aware_pmf_cal_v1:starter+monotone_pit_cdf_v1,ast:pmf_sim_v1+role_aware_pmf_cal_v1:starter+monotone_pit_cdf_v1]+prior_combo[joint_sampler_v1+joint_combo_pmf_v1+role_aware_pmf_cal_v1:starter+monotone_pit_cdf_v1]+stat_grid_final_component_convolution_mean_coherent_v1",phase8_role_aware_pmf_cal_v1+monotone_inactive_global_v1,pre_close,2026-05-22T11:36:28Z,24dddfd7#phase10c,ace5975d-e7d0-44db-a2bc-3f64f51aa9c3,ok,0.0,high,full,current_phase8,unknown,projected,missing,7,0.0096
OG Anunoby,18,NYK,CLE,True,21713897,pa,starter,"stat_grid:component_convolution_mean_coherent_v1+components[pts:pmf_sim_v1+role_aware_pmf_cal_v1:starter+monotone_pit_cdf_v1,ast:pmf_sim_v1+role_aware_pmf_cal_v1:starter+monotone_pit_cdf_v1]+prior_combo[joint_sampler_v1+joint_combo_pmf_v1+role_aware_pmf_cal_v1:starter+monotone_pit_cdf_v1]+stat_grid_final_component_convolution_mean_coherent_v1",phase8_role_aware_pmf_cal_v1+monotone_inactive_global_v1,pre_close,2026-05-22T11:36:28Z,24dddfd7#phase10c,ace5975d-e7d0-44db-a2bc-3f64f51aa9c3,ok,0.0,high,full,current_phase8,unknown,projected,missing,8,0.0139
OG Anunoby,18,NYK,CLE,True,21713897,pa,starter,"stat_grid:component_convolution_mean_coherent_v1+components[pts:pmf_sim_v1+role_aware_pmf_cal_v1:starter+monotone_pit_cdf_v1,ast:pmf_sim_v1+role_aware_pmf_cal_v1:starter+monotone_pit_cdf_v1]+prior_combo[joint_sampler_v1+joint_combo_pmf_v1+role_aware_pmf_cal_v1:starter+monotone_pit_cdf_v1]+stat_grid_final_component_convolution_mean_coherent_v1",phase8_role_aware_pmf_cal_v1+monotone_inactive_global_v1,pre_close,2026-05-22T11:36:28Z,24dddfd7#phase10c,ace5975d-e7d0-44db-a2bc-3f64f51aa9c3,ok,0.0,high,full,current_phase8,unknown,projected,missing,9,0.0195
OG Anunoby,18,NYK,CLE,True,21713897,pa,starter,"stat_grid:component_convolution_mean_coherent_v1+components[pts:pmf_sim_v1+role_aware_pmf_cal_v1:starter+monotone_pit_cdf_v1,ast:pmf_sim_v1+role_aware_pmf_cal_v1:starter+monotone_pit_cdf_v1]+prior_combo[joint_sampler_v1+joint_combo_pmf_v1+role_aware_pmf_cal_v1:starter+monotone_pit_cdf_v1]+stat_grid_final_component_convolution_mean_coherent_v1",phase8_role_aware_pmf_cal_v1+monotone_inactive_global_v1,pre_close,2026-05-22T11:36:28Z,24dddfd7#phase10c,ace5975d-e7d0-44db-a2bc-3f64f51aa9c3,ok,0.0,high,full,current_phase8,unknown,projected,missing,10,0.0248
OG Anunoby,18,NYK,CLE,True,21713897,pa,starter,"stat_grid:component_convolution_mean_coherent_v1+components[pts:pmf_sim_v1+role_aware_pmf_cal_v1:starter+monotone_pit_cdf_v1,ast:pmf_sim_v1+role_aware_pmf_cal_v1:starter+monotone_pit_cdf_v1]+prior_combo[joint_sampler_v1+joint_combo_pmf_v1+role_aware_pmf_cal_v1:starter+monotone_pit_cdf_v1]+stat_grid_final_component_convolution_mean_coherent_v1",phase8_role_aware_pmf_cal_v1+monotone_inactive_global_v1,pre_close,2026-05-22T11:36:28Z,24dddfd7#phase10c,ace5975d-e7d0-44db-a2bc-3f64f51aa9c3,ok,0.0,high,full,current_phase8,unknown,projected,missing,11,0.0289
OG Anunoby,18,NYK,CLE,True,21713897,pa,starter,"stat_grid:component_convolution_mean_coherent_v1+components[pts:pmf_sim_v1+role_aware_pmf_cal_v1:starter+monotone_pit_cdf_v1,ast:pmf_sim_v1+role_aware_pmf_cal_v1:starter+monotone_pit_cdf_v1]+prior_combo[joint_sampler_v1+joint_combo_pmf_v1+role_aware_pmf_cal_v1:starter+monotone_pit_cdf_v1]+stat_grid_final_component_convolution_mean_coherent_v1",phase8_role_aware_pmf_cal_v1+monotone_inactive_global_v1,pre_close,2026-05-22T11:36:28Z,24dddfd7#phase10c,ace5975d-e7d0-44db-a2bc-3f64f51aa9c3,ok,0.0,high,full,current_phase8,unknown,projected,missing,12,0.034
OG Anunoby,18,NYK,CLE,True,21713897,pa,starter,"stat_grid:component_convolution_mean_coherent_v1+components[pts:pmf_sim_v1+role_aware_pmf_cal_v1:starter+monotone_pit_cdf_v1,ast:pmf_sim_v1+role_aware_pmf_cal_v1:starter+monotone_pit_cdf_v1]+prior_combo[joint_sampler_v1+joint_combo_pmf_v1+role_aware_pmf_cal_v1:starter+monotone_pit_cdf_v1]+stat_grid_final_component_convolution_mean_coherent_v1",phase8_role_aware_pmf_cal_v1+monotone_inactive_global_v1,pre_close,2026-05-22T11:36:28Z,24dddfd7#phase10c,ace5975d-e7d0-44db-a2bc-3f64f51aa9c3,ok,0.0,high,full,current_phase8,unknown,projected,missing,13,0.0427
OG Anunoby,18,NYK,CLE,True,21713897,pa,starter,"stat_grid:component_convolution_mean_coherent_v1+components[pts:pmf_sim_v1+role_aware_pmf_cal_v1:starter+monotone_pit_cdf_v1,ast:pmf_sim_v1+role_aware_pmf_cal_v1:starter+monotone_pit_cdf_v1]+prior_combo[joint_sampler_v1+joint_combo_pmf_v1+role_aware_pmf_cal_v1:starter+monotone_pit_cdf_v1]+stat_grid_final_component_convolution_mean_coherent_v1",phase8_role_aware_pmf_cal_v1+monotone_inactive_global_v1,pre_close,2026-05-22T11:36:28Z,24dddfd7#phase10c,ace5975d-e7d0-44db-a2bc-3f64f51aa9c3,ok,0.0,high,full,current_phase8,unknown,projected,missing,14,0.0514
OG Anunoby,18,NYK,CLE,True,21713897,pa,starter,"stat_grid:component_convolution_mean_coherent_v1+components[pts:pmf_sim_v1+role_aware_pmf_cal_v1:starter+monotone_pit_cdf_v1,ast:pmf_sim_v1+role_aware_pmf_cal_v1:starter+monotone_pit_cdf_v1]+prior_combo[joint_sampler_v1+joint_combo_pmf_v1+role_aware_pmf_cal_v1:starter+monotone_pit_cdf_v1]+stat_grid_final_component_convolution_mean_coherent_v1",phase8_role_aware_pmf_cal_v1+monotone_inactive_global_v1,pre_close,2026-05-22T11:36:28Z,24dddfd7#phase10c,ace5975d-e7d0-44db-a2bc-3f64f51aa9c3,ok,0.0,high,full,current_phase8,unknown,projected,missing,15,0.0563
OG Anunoby,18,NYK,CLE,True,21713897,pa,starter,"stat_grid:component_convolution_mean_coherent_v1+components[pts:pmf_sim_v1+role_aware_pmf_cal_v1:starter+monotone_pit_cdf_v1,ast:pmf_sim_v1+role_aware_pmf_cal_v1:starter+monotone_pit_cdf_v1]+prior_combo[joint_sampler_v1+joint_combo_pmf_v1+role_aware_pmf_cal_v1:starter+monotone_pit_cdf_v1]+stat_grid_final_component_convolution_mean_coherent_v1",phase8_role_aware_pmf_cal_v1+monotone_inactive_global_v1,pre_close,2026-05-22T11:36:28Z,24dddfd7#phase10c,ace5975d-e7d0-44db-a2bc-3f64f51aa9c3,ok,0.0,high,full,current_phase8,unknown,projected,missing,16,0.057
OG Anunoby,18,NYK,CLE,True,21713897,pa,starter,"stat_grid:component_convolution_mean_coherent_v1+components[pts:pmf_sim_v1+role_aware_pmf_cal_v1:starter+monotone_pit_cdf_v1,ast:pmf_sim_v1+role_aware_pmf_cal_v1:starter+monotone_pit_cdf_v1]+prior_combo[joint_sampler_v1+joint_combo_pmf_v1+role_aware_pmf_cal_v1:starter+monotone_pit_cdf_v1]+stat_grid_final_component_convolution_mean_coherent_v1",phase8_role_aware_pmf_cal_v1+monotone_inactive_global_v1,pre_close,2026-05-22T11:36:28Z,24dddfd7#phase10c,ace5975d-e7d0-44db-a2bc-3f64f51aa9c3,ok,0.0,high,full,current_phase8,unknown,projected,missing,17,0.0597
OG Anunoby,18,NYK,CLE,True,21713897,pa,starter,"stat_grid:component_convolution_mean_coherent_v1+components[pts:pmf_sim_v1+role_aware_pmf_cal_v1:starter+monotone_pit_cdf_v1,ast:pmf_sim_v1+role_aware_pmf_cal_v1:starter+monotone_pit_cdf_v1]+prior_combo[joint_sampler_v1+joint_combo_pmf_v1+role_aware_pmf_cal_v1:starter+monotone_pit_cdf_v1]+stat_grid_final_component_convolution_mean_coherent_v1",phase8_role_aware_pmf_cal_v1+monotone_inactive_global_v1,pre_close,2026-05-22T11:36:28Z,24dddfd7#phase10c,ace5975d-e7d0-44db-a2bc-3f64f51aa9c3,ok,0.0,high,full,current_phase8,unknown,projected,missing,18,0.0691
OG Anunoby,18,NYK,CLE,True,21713897,pa,starter,"stat_grid:component_convolution_mean_coherent_v1+components[pts:pmf_sim_v1+role_aware_pmf_cal_v1:starter+monotone_pit_cdf_v1,ast:pmf_sim_v1+role_aware_pmf_cal_v1:starter+monotone_pit_cdf_v1]+prior_combo[joint_sampler_v1+joint_combo_pmf_v1+role_aware_pmf_cal_v1:starter+monotone_pit_cdf_v1]+stat_grid_final_component_convolution_mean_coherent_v1",phase8_role_aware_pmf_cal_v1+monotone_inactive_global_v1,pre_close,2026-05-22T11:36:28Z,24dddfd7#phase10c,ace5975d-e7d0-44db-a2bc-3f64f51aa9c3,ok,0.0,high,full,current_phase8,unknown,projected,missing,19,0.0752
OG Anunoby,18,NYK,CLE,True,21713897,pa,starter,"stat_grid:component_convolution_mean_coherent_v1+components[pts:pmf_sim_v1+role_aware_pmf_cal_v1:starter+monotone_pit_cdf_v1,ast:pmf_sim_v1+role_aware_pmf_cal_v1:starter+monotone_pit_cdf_v1]+prior_combo[joint_sampler_v1+joint_combo_pmf_v1+role_aware_pmf_cal_v1:starter+monotone_pit_cdf_v1]+stat_grid_final_component_convolution_mean_coherent_v1",phase8_role_aware_pmf_cal_v1+monotone_inactive_global_v1,pre_close,2026-05-22T11:36:28Z,24dddfd7#phase10c,ace5975d-e7d0-44db-a2bc-3f64f51aa9c3,ok,0.0,high,full,current_phase8,unknown,projected,missing,20,0.0713
OG Anunoby,18,NYK,CLE,True,21713897,pa,starter,"stat_grid:component_convolution_mean_coherent_v1+components[pts:pmf_sim_v1+role_aware_pmf_cal_v1:starter+monotone_pit_cdf_v1,ast:pmf_sim_v1+role_aware_pmf_cal_v1:starter+monotone_pit_cdf_v1]+prior_combo[joint_sampler_v1+joint_combo_pmf_v1+role_aware_pmf_cal_v1:starter+monotone_pit_cdf_v1]+stat_grid_final_component_convolution_mean_coherent_v1",phase8_role_aware_pmf_cal_v1+monotone_inactive_global_v1,pre_close,2026-05-22T11:36:28Z,24dddfd7#phase10c,ace5975d-e7d0-44db-a2bc-3f64f51aa9c3,ok,0.0,high,full,current_phase8,unknown,projected,missing,21,0.0601
OG Anunoby,18,NYK,CLE,True,21713897,pa,starter,"stat_grid:component_convolution_mean_coherent_v1+components[pts:pmf_sim_v1+role_aware_pmf_cal_v1:starter+monotone_pit_cdf_v1,ast:pmf_sim_v1+role_aware_pmf_cal_v1:starter+monotone_pit_cdf_v1]+prior_combo[joint_sampler_v1+joint_combo_pmf_v1+role_aware_pmf_cal_v1:starter+monotone_pit_cdf_v1]+stat_grid_final_component_convolution_mean_coherent_v1",phase8_role_aware_pmf_cal_v1+monotone_inactive_global_v1,pre_close,2026-05-22T11:36:28Z,24dddfd7#phase10c,ace5975d-e7d0-44db-a2bc-3f64f51aa9c3,ok,0.0,high,full,current_phase8,unknown,projected,missing,22,0.0535
OG Anunoby,18,NYK,CLE,True,21713897,pa,starter,"stat_grid:component_convolution_mean_coherent_v1+components[pts:pmf_sim_v1+role_aware_pmf_cal_v1:starter+monotone_pit_cdf_v1,ast:pmf_sim_v1+role_aware_pmf_cal_v1:starter+monotone_pit_cdf_v1]+prior_combo[joint_sampler_v1+joint_combo_pmf_v1+role_aware_pmf_cal_v1:starter+monotone_pit_cdf_v1]+stat_grid_final_component_convolution_mean_coherent_v1",phase8_role_aware_pmf_cal_v1+monotone_inactive_global_v1,pre_close,2026-05-22T11:36:28Z,24dddfd7#phase10c,ace5975d-e7d0-44db-a2bc-3f64f51aa9c3,ok,0.0,high,full,current_phase8,unknown,projected,missing,23,0.0511
OG Anunoby,18,NYK,CLE,True,21713897,pa,starter,"stat_grid:component_convolution_mean_coherent_v1+components[pts:pmf_sim_v1+role_aware_pmf_cal_v1:starter+monotone_pit_cdf_v1,ast:pmf_sim_v1+role_aware_pmf_cal_v1:starter+monotone_pit_cdf_v1]+prior_combo[joint_sampler_v1+joint_combo_pmf_v1+role_aware_pmf_cal_v1:starter+monotone_pit_cdf_v1]+stat_grid_final_component_convolution_mean_coherent_v1",phase8_role_aware_pmf_cal_v1+monotone_inactive_global_v1,pre_close,2026-05-22T11:36:28Z,24dddfd7#phase10c,ace5975d-e7d0-44db-a2bc-3f64f51aa9c3,ok,0.0,high,full,current_phase8,unknown,projected,missing,24,0.0474
OG Anunoby,18,NYK,CLE,True,21713897,pa,starter,"stat_grid:component_convolution_mean_coherent_v1+components[pts:pmf_sim_v1+role_aware_pmf_cal_v1:starter+monotone_pit_cdf_v1,ast:pmf_sim_v1+role_aware_pmf_cal_v1:starter+monotone_pit_cdf_v1]+prior_combo[joint_sampler_v1+joint_combo_pmf_v1+role_aware_pmf_cal_v1:starter+monotone_pit_cdf_v1]+stat_grid_final_component_convolution_mean_coherent_v1",phase8_role_aware_pmf_cal_v1+monotone_inactive_global_v1,pre_close,2026-05-22T11:36:28Z,24dddfd7#phase10c,ace5975d-e7d0-44db-a2bc-3f64f51aa9c3,ok,0.0,high,full,current_phase8,unknown,projected,missing,25,0.0381
OG Anunoby,18,NYK,CLE,True,21713897,pa,starter,"stat_grid:component_convolution_mean_coherent_v1+components[pts:pmf_sim_v1+role_aware_pmf_cal_v1:starter+monotone_pit_cdf_v1,ast:pmf_sim_v1+role_aware_pmf_cal_v1:starter+monotone_pit_cdf_v1]+prior_combo[joint_sampler_v1+joint_combo_pmf_v1+role_aware_pmf_cal_v1:starter+monotone_pit_cdf_v1]+stat_grid_final_component_convolution_mean_coherent_v1",phase8_role_aware_pmf_cal_v1+monotone_inactive_global_v1,pre_close,2026-05-22T11:36:28Z,24dddfd7#phase10c,ace5975d-e7d0-44db-a2bc-3f64f51aa9c3,ok,0.0,high,full,current_phase8,unknown,projected,missing,26,0.0277
OG Anunoby,18,NYK,CLE,True,21713897,pa,starter,"stat_grid:component_convolution_mean_coherent_v1+components[pts:pmf_sim_v1+role_aware_pmf_cal_v1:starter+monotone_pit_cdf_v1,ast:pmf_sim_v1+role_aware_pmf_cal_v1:starter+monotone_pit_cdf_v1]+prior_combo[joint_sampler_v1+joint_combo_pmf_v1+role_aware_pmf_cal_v1:starter+monotone_pit_cdf_v1]+stat_grid_final_component_convolution_mean_coherent_v1",phase8_role_aware_pmf_cal_v1+monotone_inactive_global_v1,pre_close,2026-05-22T11:36:28Z,24dddfd7#phase10c,ace5975d-e7d0-44db-a2bc-3f64f51aa9c3,ok,0.0,high,full,current_phase8,unknown,projected,missing,27,0.0201
OG Anunoby,18,NYK,CLE,True,21713897,pa,starter,"stat_grid:component_convolution_mean_coherent_v1+components[pts:pmf_sim_v1+role_aware_pmf_cal_v1:starter+monotone_pit_cdf_v1,ast:pmf_sim_v1+role_aware_pmf_cal_v1:starter+monotone_pit_cdf_v1]+prior_combo[joint_sampler_v1+joint_combo_pmf_v1+role_aware_pmf_cal_v1:starter+monotone_pit_cdf_v1]+stat_grid_final_component_convolution_mean_coherent_v1",phase8_role_aware_pmf_cal_v1+monotone_inactive_global_v1,pre_close,2026-05-22T11:36:28Z,24dddfd7#phase10c,ace5975d-e7d0-44db-a2bc-3f64f51aa9c3,ok,0.0,high,full,current_phase8,unknown,projected,missing,28,0.0159
OG Anunoby,18,NYK,CLE,True,21713897,pa,starter,"stat_grid:component_convolution_mean_coherent_v1+components[pts:pmf_sim_v1+role_aware_pmf_cal_v1:starter+monotone_pit_cdf_v1,ast:pmf_sim_v1+role_aware_pmf_cal_v1:starter+monotone_pit_cdf_v1]+prior_combo[joint_sampler_v1+joint_combo_pmf_v1+role_aware_pmf_cal_v1:starter+monotone_pit_cdf_v1]+stat_grid_final_component_convolution_mean_coherent_v1",phase8_role_aware_pmf_cal_v1+monotone_inactive_global_v1,pre_close,2026-05-22T11:36:28Z,24dddfd7#phase10c,ace5975d-e7d0-44db-a2bc-3f64f51aa9c3,ok,0.0,high,full,current_phase8,unknown,projected,missing,29,0.0125
OG Anunoby,18,NYK,CLE,True,21713897,pa,starter,"stat_grid:component_convolution_mean_coherent_v1+components[pts:pmf_sim_v1+role_aware_pmf_cal_v1:starter+monotone_pit_cdf_v1,ast:pmf_sim_v1+role_aware_pmf_cal_v1:starter+monotone_pit_cdf_v1]+prior_combo[joint_sampler_v1+joint_combo_pmf_v1+role_aware_pmf_cal_v1:starter+monotone_pit_cdf_v1]+stat_grid_final_component_convolution_mean_coherent_v1",phase8_role_aware_pmf_cal_v1+monotone_inactive_global_v1,pre_close,2026-05-22T11:36:28Z,24dddfd7#phase10c,ace5975d-e7d0-44db-a2bc-3f64f51aa9c3,ok,0.0,high,full,current_phase8,unknown,projected,missing,30,0.0097
OG Anunoby,18,NYK,CLE,True,21713897,pa,starter,"stat_grid:component_convolution_mean_coherent_v1+components[pts:pmf_sim_v1+role_aware_pmf_cal_v1:starter+monotone_pit_cdf_v1,ast:pmf_sim_v1+role_aware_pmf_cal_v1:starter+monotone_pit_cdf_v1]+prior_combo[joint_sampler_v1+joint_combo_pmf_v1+role_aware_pmf_cal_v1:starter+monotone_pit_cdf_v1]+stat_grid_final_component_convolution_mean_coherent_v1",phase8_role_aware_pmf_cal_v1+monotone_inactive_global_v1,pre_close,2026-05-22T11:36:28Z,24dddfd7#phase10c,ace5975d-e7d0-44db-a2bc-3f64f51aa9c3,ok,0.0,high,full,current_phase8,unknown,projected,missing,31,0.0075
OG Anunoby,18,NYK,CLE,True,21713897,pa,starter,"stat_grid:component_convolution_mean_coherent_v1+components[pts:pmf_sim_v1+role_aware_pmf_cal_v1:starter+monotone_pit_cdf_v1,ast:pmf_sim_v1+role_aware_pmf_cal_v1:starter+monotone_pit_cdf_v1]+prior_combo[joint_sampler_v1+joint_combo_pmf_v1+role_aware_pmf_cal_v1:starter+monotone_pit_cdf_v1]+stat_grid_final_component_convolution_mean_coherent_v1",phase8_role_aware_pmf_cal_v1+monotone_inactive_global_v1,pre_close,2026-05-22T11:36:28Z,24dddfd7#phase10c,ace5975d-e7d0-44db-a2bc-3f64f51aa9c3,ok,0.0,high,full,current_phase8,unknown,projected,missing,32,0.0065
OG Anunoby,18,NYK,CLE,True,21713897,pa,starter,"stat_grid:component_convolution_mean_coherent_v1+components[pts:pmf_sim_v1+role_aware_pmf_cal_v1:starter+monotone_pit_cdf_v1,ast:pmf_sim_v1+role_aware_pmf_cal_v1:starter+monotone_pit_cdf_v1]+prior_combo[joint_sampler_v1+joint_combo_pmf_v1+role_aware_pmf_cal_v1:starter+monotone_pit_cdf_v1]+stat_grid_final_component_convolution_mean_coherent_v1",phase8_role_aware_pmf_cal_v1+monotone_inactive_global_v1,pre_close,2026-05-22T11:36:28Z,24dddfd7#phase10c,ace5975d-e7d0-44db-a2bc-3f64f51aa9c3,ok,0.0,high,full,current_phase8,unknown,projected,missing,33,0.0057
OG Anunoby,18,NYK,CLE,True,21713897,pa,starter,"stat_grid:component_convolution_mean_coherent_v1+components[pts:pmf_sim_v1+role_aware_pmf_cal_v1:starter+monotone_pit_cdf_v1,ast:pmf_sim_v1+role_aware_pmf_cal_v1:starter+monotone_pit_cdf_v1]+prior_combo[joint_sampler_v1+joint_combo_pmf_v1+role_aware_pmf_cal_v1:starter+monotone_pit_cdf_v1]+stat_grid_final_component_convolution_mean_coherent_v1",phase8_role_aware_pmf_cal_v1+monotone_inactive_global_v1,pre_close,2026-05-22T11:36:28Z,24dddfd7#phase10c,ace5975d-e7d0-44db-a2bc-3f64f51aa9c3,ok,0.0,high,full,current_phase8,unknown,projected,missing,34,0.0047
OG Anunoby,18,NYK,CLE,True,21713897,pa,starter,"stat_grid:component_convolution_mean_coherent_v1+components[pts:pmf_sim_v1+role_aware_pmf_cal_v1:starter+monotone_pit_cdf_v1,ast:pmf_sim_v1+role_aware_pmf_cal_v1:starter+monotone_pit_cdf_v1]+prior_combo[joint_sampler_v1+joint_combo_pmf_v1+role_aware_pmf_cal_v1:starter+monotone_pit_cdf_v1]+stat_grid_final_component_convolution_mean_coherent_v1",phase8_role_aware_pmf_cal_v1+monotone_inactive_global_v1,pre_close,2026-05-22T11:36:28Z,24dddfd7#phase10c,ace5975d-e7d0-44db-a2bc-3f64f51aa9c3,ok,0.0,high,full,current_phase8,unknown,projected,missing,35,0.0036
OG Anunoby,18,NYK,CLE,True,21713897,pa,starter,"stat_grid:component_convolution_mean_coherent_v1+components[pts:pmf_sim_v1+role_aware_pmf_cal_v1:starter+monotone_pit_cdf_v1,ast:pmf_sim_v1+role_aware_pmf_cal_v1:starter+monotone_pit_cdf_v1]+prior_combo[joint_sampler_v1+joint_combo_pmf_v1+role_aware_pmf_cal_v1:starter+monotone_pit_cdf_v1]+stat_grid_final_component_convolution_mean_coherent_v1",phase8_role_aware_pmf_cal_v1+monotone_inactive_global_v1,pre_close,2026-05-22T11:36:28Z,24dddfd7#phase10c,ace5975d-e7d0-44db-a2bc-3f64f51aa9c3,ok,0.0,high,full,current_phase8,unknown,projected,missing,36,0.0028
OG Anunoby,18,NYK,CLE,True,21713897,pa,starter,"stat_grid:component_convolution_mean_coherent_v1+components[pts:pmf_sim_v1+role_aware_pmf_cal_v1:starter+monotone_pit_cdf_v1,ast:pmf_sim_v1+role_aware_pmf_cal_v1:starter+monotone_pit_cdf_v1]+prior_combo[joint_sampler_v1+joint_combo_pmf_v1+role_aware_pmf_cal_v1:starter+monotone_pit_cdf_v1]+stat_grid_final_component_convolution_mean_coherent_v1",phase8_role_aware_pmf_cal_v1+monotone_inactive_global_v1,pre_close,2026-05-22T11:36:28Z,24dddfd7#phase10c,ace5975d-e7d0-44db-a2bc-3f64f51aa9c3,ok,0.0,high,full,current_phase8,unknown,projected,missing,37,0.0018
OG Anunoby,18,NYK,CLE,True,21713897,pa,starter,"stat_grid:component_convolution_mean_coherent_v1+components[pts:pmf_sim_v1+role_aware_pmf_cal_v1:starter+monotone_pit_cdf_v1,ast:pmf_sim_v1+role_aware_pmf_cal_v1:starter+monotone_pit_cdf_v1]+prior_combo[joint_sampler_v1+joint_combo_pmf_v1+role_aware_pmf_cal_v1:starter+monotone_pit_cdf_v1]+stat_grid_final_component_convolution_mean_coherent_v1",phase8_role_aware_pmf_cal_v1+monotone_inactive_global_v1,pre_close,2026-05-22T11:36:28Z,24dddfd7#phase10c,ace5975d-e7d0-44db-a2bc-3f64f51aa9c3,ok,0.0,high,full,current_phase8,unknown,projected,missing,38,0.0011
OG Anunoby,18,NYK,CLE,True,21713897,pa,starter,"stat_grid:component_convolution_mean_coherent_v1+components[pts:pmf_sim_v1+role_aware_pmf_cal_v1:starter+monotone_pit_cdf_v1,ast:pmf_sim_v1+role_aware_pmf_cal_v1:starter+monotone_pit_cdf_v1]+prior_combo[joint_sampler_v1+joint_combo_pmf_v1+role_aware_pmf_cal_v1:starter+monotone_pit_cdf_v1]+stat_grid_final_component_convolution_mean_coherent_v1",phase8_role_aware_pmf_cal_v1+monotone_inactive_global_v1,pre_close,2026-05-22T11:36:28Z,24dddfd7#phase10c,ace5975d-e7d0-44db-a2bc-3f64f51aa9c3,ok,0.0,high,full,current_phase8,unknown,projected,missing,39,0.0006
OG Anunoby,18,NYK,CLE,True,21713897,pa,starter,"stat_grid:component_convolution_mean_coherent_v1+components[pts:pmf_sim_v1+role_aware_pmf_cal_v1:starter+monotone_pit_cdf_v1,ast:pmf_sim_v1+role_aware_pmf_cal_v1:starter+monotone_pit_cdf_v1]+prior_combo[joint_sampler_v1+joint_combo_pmf_v1+role_aware_pmf_cal_v1:starter+monotone_pit_cdf_v1]+stat_grid_final_component_convolution_mean_coherent_v1",phase8_role_aware_pmf_cal_v1+monotone_inactive_global_v1,pre_close,2026-05-22T11:36:28Z,24dddfd7#phase10c,ace5975d-e7d0-44db-a2bc-3f64f51aa9c3,ok,0.0,high,full,current_phase8,unknown,projected,missing,40,0.0003
OG Anunoby,18,NYK,CLE,True,21713897,pa,starter,"stat_grid:component_convolution_mean_coherent_v1+components[pts:pmf_sim_v1+role_aware_pmf_cal_v1:starter+monotone_pit_cdf_v1,ast:pmf_sim_v1+role_aware_pmf_cal_v1:starter+monotone_pit_cdf_v1]+prior_combo[joint_sampler_v1+joint_combo_pmf_v1+role_aware_pmf_cal_v1:starter+monotone_pit_cdf_v1]+stat_grid_final_component_convolution_mean_coherent_v1",phase8_role_aware_pmf_cal_v1+monotone_inactive_global_v1,pre_close,2026-05-22T11:36:28Z,24dddfd7#phase10c,ace5975d-e7d0-44db-a2bc-3f64f51aa9c3,ok,0.0,high,full,current_phase8,unknown,projected,missing,41,0.0002
OG Anunoby,18,NYK,CLE,True,21713897,pa,starter,"stat_grid:component_convolution_mean_coherent_v1+components[pts:pmf_sim_v1+role_aware_pmf_cal_v1:starter+monotone_pit_cdf_v1,ast:pmf_sim_v1+role_aware_pmf_cal_v1:starter+monotone_pit_cdf_v1]+prior_combo[joint_sampler_v1+joint_combo_pmf_v1+role_aware_pmf_cal_v1:starter+monotone_pit_cdf_v1]+stat_grid_final_component_convolution_mean_coherent_v1",phase8_role_aware_pmf_cal_v1+monotone_inactive_global_v1,pre_close,2026-05-22T11:36:28Z,24dddfd7#phase10c,ace5975d-e7d0-44db-a2bc-3f64f51aa9c3,ok,0.0,high,full,current_phase8,unknown,projected,missing,42,0.0001
OG Anunoby,18,NYK,CLE,True,21713897,pa,starter,"stat_grid:component_convolution_mean_coherent_v1+components[pts:pmf_sim_v1+role_aware_pmf_cal_v1:starter+monotone_pit_cdf_v1,ast:pmf_sim_v1+role_aware_pmf_cal_v1:starter+monotone_pit_cdf_v1]+prior_combo[joint_sampler_v1+joint_combo_pmf_v1+role_aware_pmf_cal_v1:starter+monotone_pit_cdf_v1]+stat_grid_final_component_convolution_mean_coherent_v1",phase8_role_aware_pmf_cal_v1+monotone_inactive_global_v1,pre_close,2026-05-22T11:36:28Z,24dddfd7#phase10c,ace5975d-e7d0-44db-a2bc-3f64f51aa9c3,ok,0.0,high,full,current_phase8,unknown,projected,missing,43,0.0001
OG Anunoby,18,NYK,CLE,True,21713897,pa,starter,"stat_grid:component_convolution_mean_coherent_v1+components[pts:pmf_sim_v1+role_aware_pmf_cal_v1:starter+monotone_pit_cdf_v1,ast:pmf_sim_v1+role_aware_pmf_cal_v1:starter+monotone_pit_cdf_v1]+prior_combo[joint_sampler_v1+joint_combo_pmf_v1+role_aware_pmf_cal_v1:starter+monotone_pit_cdf_v1]+stat_grid_final_component_convolution_mean_coherent_v1",phase8_role_aware_pmf_cal_v1+monotone_inactive_global_v1,pre_close,2026-05-22T11:36:28Z,24dddfd7#phase10c,ace5975d-e7d0-44db-a2bc-3f64f51aa9c3,ok,0.0,high,full,current_phase8,unknown,projected,missing,44,0.0001
OG Anunoby,18,NYK,CLE,True,21713897,pa,starter,"stat_grid:component_convolution_mean_coherent_v1+components[pts:pmf_sim_v1+role_aware_pmf_cal_v1:starter+monotone_pit_cdf_v1,ast:pmf_sim_v1+role_aware_pmf_cal_v1:starter+monotone_pit_cdf_v1]+prior_combo[joint_sampler_v1+joint_combo_pmf_v1+role_aware_pmf_cal_v1:starter+monotone_pit_cdf_v1]+stat_grid_final_component_convolution_mean_coherent_v1",phase8_role_aware_pmf_cal_v1+monotone_inactive_global_v1,pre_close,2026-05-22T11:36:28Z,24dddfd7#phase10c,ace5975d-e7d0-44db-a2bc-3f64f51aa9c3,ok,0.0,high,full,current_phase8,unknown,projected,missing,45,0.0001
OG Anunoby,18,NYK,CLE,True,21713897,pa,starter,"stat_grid:component_convolution_mean_coherent_v1+components[pts:pmf_sim_v1+role_aware_pmf_cal_v1:starter+monotone_pit_cdf_v1,ast:pmf_sim_v1+role_aware_pmf_cal_v1:starter+monotone_pit_cdf_v1]+prior_combo[joint_sampler_v1+joint_combo_pmf_v1+role_aware_pmf_cal_v1:starter+monotone_pit_cdf_v1]+stat_grid_final_component_convolution_mean_coherent_v1",phase8_role_aware_pmf_cal_v1+monotone_inactive_global_v1,pre_close,2026-05-22T11:36:28Z,24dddfd7#phase10c,ace5975d-e7d0-44db-a2bc-3f64f51aa9c3,ok,0.0,high,full,current_phase8,unknown,projected,missing,46,0.0001
OG Anunoby,18,NYK,CLE,True,21713897,pa,starter,"stat_grid:component_convolution_mean_coherent_v1+components[pts:pmf_sim_v1+role_aware_pmf_cal_v1:starter+monotone_pit_cdf_v1,ast:pmf_sim_v1+role_aware_pmf_cal_v1:starter+monotone_pit_cdf_v1]+prior_combo[joint_sampler_v1+joint_combo_pmf_v1+role_aware_pmf_cal_v1:starter+monotone_pit_cdf_v1]+stat_grid_final_component_convolution_mean_coherent_v1",phase8_role_aware_pmf_cal_v1+monotone_inactive_global_v1,pre_close,2026-05-22T11:36:28Z,24dddfd7#phase10c,ace5975d-e7d0-44db-a2bc-3f64f51aa9c3,ok,0.0,high,full,current_phase8,unknown,projected,missing,47,0.0001
OG Anunoby,18,NYK,CLE,True,21713897,pa,starter,"stat_grid:component_convolution_mean_coherent_v1+components[pts:pmf_sim_v1+role_aware_pmf_cal_v1:starter+monotone_pit_cdf_v1,ast:pmf_sim_v1+role_aware_pmf_cal_v1:starter+monotone_pit_cdf_v1]+prior_combo[joint_sampler_v1+joint_combo_pmf_v1+role_aware_pmf_cal_v1:starter+monotone_pit_cdf_v1]+stat_grid_final_component_convolution_mean_coherent_v1",phase8_role_aware_pmf_cal_v1+monotone_inactive_global_v1,pre_close,2026-05-22T11:36:28Z,24dddfd7#phase10c,ace5975d-e7d0-44db-a2bc-3f64f51aa9c3,ok,0.0,high,full,current_phase8,unknown,projected,missing,48,0.0001
OG Anunoby,18,NYK,CLE,True,21713897,pa,starter,"stat_grid:component_convolution_mean_coherent_v1+components[pts:pmf_sim_v1+role_aware_pmf_cal_v1:starter+monotone_pit_cdf_v1,ast:pmf_sim_v1+role_aware_pmf_cal_v1:starter+monotone_pit_cdf_v1]+prior_combo[joint_sampler_v1+joint_combo_pmf_v1+role_aware_pmf_cal_v1:starter+monotone_pit_cdf_v1]+stat_grid_final_component_convolution_mean_coherent_v1",phase8_role_aware_pmf_cal_v1+monotone_inactive_global_v1,pre_close,2026-05-22T11:36:28Z,24dddfd7#phase10c,ace5975d-e7d0-44db-a2bc-3f64f51aa9c3,ok,0.0,high,full,current_phase8,unknown,projected,missing,49,0.0001
OG Anunoby,18,NYK,CLE,True,21713897,pa,starter,"stat_grid:component_convolution_mean_coherent_v1+components[pts:pmf_sim_v1+role_aware_pmf_cal_v1:starter+monotone_pit_cdf_v1,ast:pmf_sim_v1+role_aware_pmf_cal_v1:starter+monotone_pit_cdf_v1]+prior_combo[joint_sampler_v1+joint_combo_pmf_v1+role_aware_pmf_cal_v1:starter+monotone_pit_cdf_v1]+stat_grid_final_component_convolution_mean_coherent_v1",phase8_role_aware_pmf_cal_v1+monotone_inactive_global_v1,pre_close,2026-05-22T11:36:28Z,24dddfd7#phase10c,ace5975d-e7d0-44db-a2bc-3f64f51aa9c3,ok,0.0,high,full,current_phase8,unknown,projected,missing,50,0.0
OG Anunoby,18,NYK,CLE,True,21713897,pa,starter,"stat_grid:component_convolution_mean_coherent_v1+components[pts:pmf_sim_v1+role_aware_pmf_cal_v1:starter+monotone_pit_cdf_v1,ast:pmf_sim_v1+role_aware_pmf_cal_v1:starter+monotone_pit_cdf_v1]+prior_combo[joint_sampler_v1+joint_combo_pmf_v1+role_aware_pmf_cal_v1:starter+monotone_pit_cdf_v1]+stat_grid_final_component_convolution_mean_coherent_v1",phase8_role_aware_pmf_cal_v1+monotone_inactive_global_v1,pre_close,2026-05-22T11:36:28Z,24dddfd7#phase10c,ace5975d-e7d0-44db-a2bc-3f64f51aa9c3,ok,0.0,high,full,current_phase8,unknown,projected,missing,51,0.0
OG Anunoby,18,NYK,CLE,True,21713897,pa,starter,"stat_grid:component_convolution_mean_coherent_v1+components[pts:pmf_sim_v1+role_aware_pmf_cal_v1:starter+monotone_pit_cdf_v1,ast:pmf_sim_v1+role_aware_pmf_cal_v1:starter+monotone_pit_cdf_v1]+prior_combo[joint_sampler_v1+joint_combo_pmf_v1+role_aware_pmf_cal_v1:starter+monotone_pit_cdf_v1]+stat_grid_final_component_convolution_mean_coherent_v1",phase8_role_aware_pmf_cal_v1+monotone_inactive_global_v1,pre_close,2026-05-22T11:36:28Z,24dddfd7#phase10c,ace5975d-e7d0-44db-a2bc-3f64f51aa9c3,ok,0.0,high,full,current_phase8,unknown,projected,missing,52,0.0
OG Anunoby,18,NYK,CLE,True,21713897,pa,starter,"stat_grid:component_convolution_mean_coherent_v1+components[pts:pmf_sim_v1+role_aware_pmf_cal_v1:starter+monotone_pit_cdf_v1,ast:pmf_sim_v1+role_aware_pmf_cal_v1:starter+monotone_pit_cdf_v1]+prior_combo[joint_sampler_v1+joint_combo_pmf_v1+role_aware_pmf_cal_v1:starter+monotone_pit_cdf_v1]+stat_grid_final_component_convolution_mean_coherent_v1",phase8_role_aware_pmf_cal_v1+monotone_inactive_global_v1,pre_close,2026-05-22T11:36:28Z,24dddfd7#phase10c,ace5975d-e7d0-44db-a2bc-3f64f51aa9c3,ok,0.0,high,full,current_phase8,unknown,projected,missing,53,0.0
OG Anunoby,18,NYK,CLE,True,21713897,pa,starter,"stat_grid:component_convolution_mean_coherent_v1+components[pts:pmf_sim_v1+role_aware_pmf_cal_v1:starter+monotone_pit_cdf_v1,ast:pmf_sim_v1+role_aware_pmf_cal_v1:starter+monotone_pit_cdf_v1]+prior_combo[joint_sampler_v1+joint_combo_pmf_v1+role_aware_pmf_cal_v1:starter+monotone_pit_cdf_v1]+stat_grid_final_component_convolution_mean_coherent_v1",phase8_role_aware_pmf_cal_v1+monotone_inactive_global_v1,pre_close,2026-05-22T11:36:28Z,24dddfd7#phase10c,ace5975d-e7d0-44db-a2bc-3f64f51aa9c3,ok,0.0,high,full,current_phase8,unknown,projected,missing,54,0.0
OG Anunoby,18,NYK,CLE,True,21713897,pa,starter,"stat_grid:component_convolution_mean_coherent_v1+components[pts:pmf_sim_v1+role_aware_pmf_cal_v1:starter+monotone_pit_cdf_v1,ast:pmf_sim_v1+role_aware_pmf_cal_v1:starter+monotone_pit_cdf_v1]+prior_combo[joint_sampler_v1+joint_combo_pmf_v1+role_aware_pmf_cal_v1:starter+monotone_pit_cdf_v1]+stat_grid_final_component_convolution_mean_coherent_v1",phase8_role_aware_pmf_cal_v1+monotone_inactive_global_v1,pre_close,2026-05-22T11:36:28Z,24dddfd7#phase10c,ace5975d-e7d0-44db-a2bc-3f64f51aa9c3,ok,0.0,high,full,current_phase8,unknown,projected,missing,55,0.0
OG Anunoby,18,NYK,CLE,True,21713897,pa,starter,"stat_grid:component_convolution_mean_coherent_v1+components[pts:pmf_sim_v1+role_aware_pmf_cal_v1:starter+monotone_pit_cdf_v1,ast:pmf_sim_v1+role_aware_pmf_cal_v1:starter+monotone_pit_cdf_v1]+prior_combo[joint_sampler_v1+joint_combo_pmf_v1+role_aware_pmf_cal_v1:starter+monotone_pit_cdf_v1]+stat_grid_final_component_convolution_mean_coherent_v1",phase8_role_aware_pmf_cal_v1+monotone_inactive_global_v1,pre_close,2026-05-22T11:36:28Z,24dddfd7#phase10c,ace5975d-e7d0-44db-a2bc-3f64f51aa9c3,ok,0.0,high,full,current_phase8,unknown,projected,missing,56,0.0
OG Anunoby,18,NYK,CLE,True,21713897,pa,starter,"stat_grid:component_convolution_mean_coherent_v1+components[pts:pmf_sim_v1+role_aware_pmf_cal_v1:starter+monotone_pit_cdf_v1,ast:pmf_sim_v1+role_aware_pmf_cal_v1:starter+monotone_pit_cdf_v1]+prior_combo[joint_sampler_v1+joint_combo_pmf_v1+role_aware_pmf_cal_v1:starter+monotone_pit_cdf_v1]+stat_grid_final_component_convolution_mean_coherent_v1",phase8_role_aware_pmf_cal_v1+monotone_inactive_global_v1,pre_close,2026-05-22T11:36:28Z,24dddfd7#phase10c,ace5975d-e7d0-44db-a2bc-3f64f51aa9c3,ok,0.0,high,full,current_phase8,unknown,projected,missing,57,0.0
OG Anunoby,18,NYK,CLE,True,21713897,pa,starter,"stat_grid:component_convolution_mean_coherent_v1+components[pts:pmf_sim_v1+role_aware_pmf_cal_v1:starter+monotone_pit_cdf_v1,ast:pmf_sim_v1+role_aware_pmf_cal_v1:starter+monotone_pit_cdf_v1]+prior_combo[joint_sampler_v1+joint_combo_pmf_v1+role_aware_pmf_cal_v1:starter+monotone_pit_cdf_v1]+stat_grid_final_component_convolution_mean_coherent_v1",phase8_role_aware_pmf_cal_v1+monotone_inactive_global_v1,pre_close,2026-05-22T11:36:28Z,24dddfd7#phase10c,ace5975d-e7d0-44db-a2bc-3f64f51aa9c3,ok,0.0,high,full,current_phase8,unknown,projected,missing,58,0.0
OG Anunoby,18,NYK,CLE,True,21713897,pa,starter,"stat_grid:component_convolution_mean_coherent_v1+components[pts:pmf_sim_v1+role_aware_pmf_cal_v1:starter+monotone_pit_cdf_v1,ast:pmf_sim_v1+role_aware_pmf_cal_v1:starter+monotone_pit_cdf_v1]+prior_combo[joint_sampler_v1+joint_combo_pmf_v1+role_aware_pmf_cal_v1:starter+monotone_pit_cdf_v1]+stat_grid_final_component_convolution_mean_coherent_v1",phase8_role_aware_pmf_cal_v1+monotone_inactive_global_v1,pre_close,2026-05-22T11:36:28Z,24dddfd7#phase10c,ace5975d-e7d0-44db-a2bc-3f64f51aa9c3,ok,0.0,high,full,current_phase8,unknown,projected,missing,59,0.0
OG Anunoby,18,NYK,CLE,True,21713897,pa,starter,"stat_grid:component_convolution_mean_coherent_v1+components[pts:pmf_sim_v1+role_aware_pmf_cal_v1:starter+monotone_pit_cdf_v1,ast:pmf_sim_v1+role_aware_pmf_cal_v1:starter+monotone_pit_cdf_v1]+prior_combo[joint_sampler_v1+joint_combo_pmf_v1+role_aware_pmf_cal_v1:starter+monotone_pit_cdf_v1]+stat_grid_final_component_convolution_mean_coherent_v1",phase8_role_aware_pmf_cal_v1+monotone_inactive_global_v1,pre_close,2026-05-22T11:36:28Z,24dddfd7#phase10c,ace5975d-e7d0-44db-a2bc-3f64f51aa9c3,ok,0.0,high,full,current_phase8,unknown,projected,missing,60,0.0
OG Anunoby,18,NYK,CLE,True,21713897,pa,starter,"stat_grid:component_convolution_mean_coherent_v1+components[pts:pmf_sim_v1+role_aware_pmf_cal_v1:starter+monotone_pit_cdf_v1,ast:pmf_sim_v1+role_aware_pmf_cal_v1:starter+monotone_pit_cdf_v1]+prior_combo[joint_sampler_v1+joint_combo_pmf_v1+role_aware_pmf_cal_v1:starter+monotone_pit_cdf_v1]+stat_grid_final_component_convolution_mean_coherent_v1",phase8_role_aware_pmf_cal_v1+monotone_inactive_global_v1,pre_close,2026-05-22T11:36:28Z,24dddfd7#phase10c,ace5975d-e7d0-44db-a2bc-3f64f51aa9c3,ok,0.0,high,full,current_phase8,unknown,projected,missing,61,0.0
OG Anunoby,18,NYK,CLE,True,21713897,pa,starter,"stat_grid:component_convolution_mean_coherent_v1+components[pts:pmf_sim_v1+role_aware_pmf_cal_v1:starter+monotone_pit_cdf_v1,ast:pmf_sim_v1+role_aware_pmf_cal_v1:starter+monotone_pit_cdf_v1]+prior_combo[joint_sampler_v1+joint_combo_pmf_v1+role_aware_pmf_cal_v1:starter+monotone_pit_cdf_v1]+stat_grid_final_component_convolution_mean_coherent_v1",phase8_role_aware_pmf_cal_v1+monotone_inactive_global_v1,pre_close,2026-05-22T11:36:28Z,24dddfd7#phase10c,ace5975d-e7d0-44db-a2bc-3f64f51aa9c3,ok,0.0,high,full,current_phase8,unknown,projected,missing,62,0.0
OG Anunoby,18,NYK,CLE,True,21713897,pa,starter,"stat_grid:component_convolution_mean_coherent_v1+components[pts:pmf_sim_v1+role_aware_pmf_cal_v1:starter+monotone_pit_cdf_v1,ast:pmf_sim_v1+role_aware_pmf_cal_v1:starter+monotone_pit_cdf_v1]+prior_combo[joint_sampler_v1+joint_combo_pmf_v1+role_aware_pmf_cal_v1:starter+monotone_pit_cdf_v1]+stat_grid_final_component_convolution_mean_coherent_v1",phase8_role_aware_pmf_cal_v1+monotone_inactive_global_v1,pre_close,2026-05-22T11:36:28Z,24dddfd7#phase10c,ace5975d-e7d0-44db-a2bc-3f64f51aa9c3,ok,0.0,high,full,current_phase8,unknown,projected,missing,63,0.0
OG Anunoby,18,NYK,CLE,True,21713897,pa,starter,"stat_grid:component_convolution_mean_coherent_v1+components[pts:pmf_sim_v1+role_aware_pmf_cal_v1:starter+monotone_pit_cdf_v1,ast:pmf_sim_v1+role_aware_pmf_cal_v1:starter+monotone_pit_cdf_v1]+prior_combo[joint_sampler_v1+joint_combo_pmf_v1+role_aware_pmf_cal_v1:starter+monotone_pit_cdf_v1]+stat_grid_final_component_convolution_mean_coherent_v1",phase8_role_aware_pmf_cal_v1+monotone_inactive_global_v1,pre_close,2026-05-22T11:36:28Z,24dddfd7#phase10c,ace5975d-e7d0-44db-a2bc-3f64f51aa9c3,ok,0.0,high,full,current_phase8,unknown,projected,missing,64,0.0
OG Anunoby,18,NYK,CLE,True,21713897,pa,starter,"stat_grid:component_convolution_mean_coherent_v1+components[pts:pmf_sim_v1+role_aware_pmf_cal_v1:starter+monotone_pit_cdf_v1,ast:pmf_sim_v1+role_aware_pmf_cal_v1:starter+monotone_pit_cdf_v1]+prior_combo[joint_sampler_v1+joint_combo_pmf_v1+role_aware_pmf_cal_v1:starter+monotone_pit_cdf_v1]+stat_grid_final_component_convolution_mean_coherent_v1",phase8_role_aware_pmf_cal_v1+monotone_inactive_global_v1,pre_close,2026-05-22T11:36:28Z,24dddfd7#phase10c,ace5975d-e7d0-44db-a2bc-3f64f51aa9c3,ok,0.0,high,full,current_phase8,unknown,projected,missing,65,0.0
OG Anunoby,18,NYK,CLE,True,21713897,pa,starter,"stat_grid:component_convolution_mean_coherent_v1+components[pts:pmf_sim_v1+role_aware_pmf_cal_v1:starter+monotone_pit_cdf_v1,ast:pmf_sim_v1+role_aware_pmf_cal_v1:starter+monotone_pit_cdf_v1]+prior_combo[joint_sampler_v1+joint_combo_pmf_v1+role_aware_pmf_cal_v1:starter+monotone_pit_cdf_v1]+stat_grid_final_component_convolution_mean_coherent_v1",phase8_role_aware_pmf_cal_v1+monotone_inactive_global_v1,pre_close,2026-05-22T11:36:28Z,24dddfd7#phase10c,ace5975d-e7d0-44db-a2bc-3f64f51aa9c3,ok,0.0,high,full,current_phase8,unknown,projected,missing,66,0.0
OG Anunoby,18,NYK,CLE,True,21713897,pa,starter,"stat_grid:component_convolution_mean_coherent_v1+components[pts:pmf_sim_v1+role_aware_pmf_cal_v1:starter+monotone_pit_cdf_v1,ast:pmf_sim_v1+role_aware_pmf_cal_v1:starter+monotone_pit_cdf_v1]+prior_combo[joint_sampler_v1+joint_combo_pmf_v1+role_aware_pmf_cal_v1:starter+monotone_pit_cdf_v1]+stat_grid_final_component_convolution_mean_coherent_v1",phase8_role_aware_pmf_cal_v1+monotone_inactive_global_v1,pre_close,2026-05-22T11:36:28Z,24dddfd7#phase10c,ace5975d-e7d0-44db-a2bc-3f64f51aa9c3,ok,0.0,high,full,current_phase8,unknown,projected,missing,67,0.0
OG Anunoby,18,NYK,CLE,True,21713897,pa,starter,"stat_grid:component_convolution_mean_coherent_v1+components[pts:pmf_sim_v1+role_aware_pmf_cal_v1:starter+monotone_pit_cdf_v1,ast:pmf_sim_v1+role_aware_pmf_cal_v1:starter+monotone_pit_cdf_v1]+prior_combo[joint_sampler_v1+joint_combo_pmf_v1+role_aware_pmf_cal_v1:starter+monotone_pit_cdf_v1]+stat_grid_final_component_convolution_mean_coherent_v1",phase8_role_aware_pmf_cal_v1+monotone_inactive_global_v1,pre_close,2026-05-22T11:36:28Z,24dddfd7#phase10c,ace5975d-e7d0-44db-a2bc-3f64f51aa9c3,ok,0.0,high,full,current_phase8,unknown,projected,missing,68,0.0
OG Anunoby,18,NYK,CLE,True,21713897,pa,starter,"stat_grid:component_convolution_mean_coherent_v1+components[pts:pmf_sim_v1+role_aware_pmf_cal_v1:starter+monotone_pit_cdf_v1,ast:pmf_sim_v1+role_aware_pmf_cal_v1:starter+monotone_pit_cdf_v1]+prior_combo[joint_sampler_v1+joint_combo_pmf_v1+role_aware_pmf_cal_v1:starter+monotone_pit_cdf_v1]+stat_grid_final_component_convolution_mean_coherent_v1",phase8_role_aware_pmf_cal_v1+monotone_inactive_global_v1,pre_close,2026-05-22T11:36:28Z,24dddfd7#phase10c,ace5975d-e7d0-44db-a2bc-3f64f51aa9c3,ok,0.0,high,full,current_phase8,unknown,projected,missing,69,0.0
OG Anunoby,18,NYK,CLE,True,21713897,pa,starter,"stat_grid:component_convolution_mean_coherent_v1+components[pts:pmf_sim_v1+role_aware_pmf_cal_v1:starter+monotone_pit_cdf_v1,ast:pmf_sim_v1+role_aware_pmf_cal_v1:starter+monotone_pit_cdf_v1]+prior_combo[joint_sampler_v1+joint_combo_pmf_v1+role_aware_pmf_cal_v1:starter+monotone_pit_cdf_v1]+stat_grid_final_component_convolution_mean_coherent_v1",phase8_role_aware_pmf_cal_v1+monotone_inactive_global_v1,pre_close,2026-05-22T11:36:28Z,24dddfd7#phase10c,ace5975d-e7d0-44db-a2bc-3f64f51aa9c3,ok,0.0,high,full,current_phase8,unknown,projected,missing,70,0.0
OG Anunoby,18,NYK,CLE,True,21713897,pa,starter,"stat_grid:component_convolution_mean_coherent_v1+components[pts:pmf_sim_v1+role_aware_pmf_cal_v1:starter+monotone_pit_cdf_v1,ast:pmf_sim_v1+role_aware_pmf_cal_v1:starter+monotone_pit_cdf_v1]+prior_combo[joint_sampler_v1+joint_combo_pmf_v1+role_aware_pmf_cal_v1:starter+monotone_pit_cdf_v1]+stat_grid_final_component_convolution_mean_coherent_v1",phase8_role_aware_pmf_cal_v1+monotone_inactive_global_v1,pre_close,2026-05-22T11:36:28Z,24dddfd7#phase10c,ace5975d-e7d0-44db-a2bc-3f64f51aa9c3,ok,0.0,high,full,current_phase8,unknown,projected,missing,71,0.0
OG Anunoby,18,NYK,CLE,True,21713897,pa,starter,"stat_grid:component_convolution_mean_coherent_v1+components[pts:pmf_sim_v1+role_aware_pmf_cal_v1:starter+monotone_pit_cdf_v1,ast:pmf_sim_v1+role_aware_pmf_cal_v1:starter+monotone_pit_cdf_v1]+prior_combo[joint_sampler_v1+joint_combo_pmf_v1+role_aware_pmf_cal_v1:starter+monotone_pit_cdf_v1]+stat_grid_final_component_convolution_mean_coherent_v1",phase8_role_aware_pmf_cal_v1+monotone_inactive_global_v1,pre_close,2026-05-22T11:36:28Z,24dddfd7#phase10c,ace5975d-e7d0-44db-a2bc-3f64f51aa9c3,ok,0.0,high,full,current_phase8,unknown,projected,missing,72,0.0
OG Anunoby,18,NYK,CLE,True,21713897,pa,starter,"stat_grid:component_convolution_mean_coherent_v1+components[pts:pmf_sim_v1+role_aware_pmf_cal_v1:starter+monotone_pit_cdf_v1,ast:pmf_sim_v1+role_aware_pmf_cal_v1:starter+monotone_pit_cdf_v1]+prior_combo[joint_sampler_v1+joint_combo_pmf_v1+role_aware_pmf_cal_v1:starter+monotone_pit_cdf_v1]+stat_grid_final_component_convolution_mean_coherent_v1",phase8_role_aware_pmf_cal_v1+monotone_inactive_global_v1,pre_close,2026-05-22T11:36:28Z,24dddfd7#phase10c,ace5975d-e7d0-44db-a2bc-3f64f51aa9c3,ok,0.0,high,full,current_phase8,unknown,projected,missing,73,0.0
OG Anunoby,18,NYK,CLE,True,21713897,pa,starter,"stat_grid:component_convolution_mean_coherent_v1+components[pts:pmf_sim_v1+role_aware_pmf_cal_v1:starter+monotone_pit_cdf_v1,ast:pmf_sim_v1+role_aware_pmf_cal_v1:starter+monotone_pit_cdf_v1]+prior_combo[joint_sampler_v1+joint_combo_pmf_v1+role_aware_pmf_cal_v1:starter+monotone_pit_cdf_v1]+stat_grid_final_component_convolution_mean_coherent_v1",phase8_role_aware_pmf_cal_v1+monotone_inactive_global_v1,pre_close,2026-05-22T11:36:28Z,24dddfd7#phase10c,ace5975d-e7d0-44db-a2bc-3f64f51aa9c3,ok,0.0,high,full,current_phase8,unknown,projected,missing,74,0.0
OG Anunoby,18,NYK,CLE,True,21713897,pa,starter,"stat_grid:component_convolution_mean_coherent_v1+components[pts:pmf_sim_v1+role_aware_pmf_cal_v1:starter+monotone_pit_cdf_v1,ast:pmf_sim_v1+role_aware_pmf_cal_v1:starter+monotone_pit_cdf_v1]+prior_combo[joint_sampler_v1+joint_combo_pmf_v1+role_aware_pmf_cal_v1:starter+monotone_pit_cdf_v1]+stat_grid_final_component_convolution_mean_coherent_v1",phase8_role_aware_pmf_cal_v1+monotone_inactive_global_v1,pre_close,2026-05-22T11:36:28Z,24dddfd7#phase10c,ace5975d-e7d0-44db-a2bc-3f64f51aa9c3,ok,0.0,high,full,current_phase8,unknown,projected,missing,75,0.0
OG Anunoby,18,NYK,CLE,True,21713897,pa,starter,"stat_grid:component_convolution_mean_coherent_v1+components[pts:pmf_sim_v1+role_aware_pmf_cal_v1:starter+monotone_pit_cdf_v1,ast:pmf_sim_v1+role_aware_pmf_cal_v1:starter+monotone_pit_cdf_v1]+prior_combo[joint_sampler_v1+joint_combo_pmf_v1+role_aware_pmf_cal_v1:starter+monotone_pit_cdf_v1]+stat_grid_final_component_convolution_mean_coherent_v1",phase8_role_aware_pmf_cal_v1+monotone_inactive_global_v1,pre_close,2026-05-22T11:36:28Z,24dddfd7#phase10c,ace5975d-e7d0-44db-a2bc-3f64f51aa9c3,ok,0.0,high,full,current_phase8,unknown,projected,missing,76,0.0
OG Anunoby,18,NYK,CLE,True,21713897,pa,starter,"stat_grid:component_convolution_mean_coherent_v1+components[pts:pmf_sim_v1+role_aware_pmf_cal_v1:starter+monotone_pit_cdf_v1,ast:pmf_sim_v1+role_aware_pmf_cal_v1:starter+monotone_pit_cdf_v1]+prior_combo[joint_sampler_v1+joint_combo_pmf_v1+role_aware_pmf_cal_v1:starter+monotone_pit_cdf_v1]+stat_grid_final_component_convolution_mean_coherent_v1",phase8_role_aware_pmf_cal_v1+monotone_inactive_global_v1,pre_close,2026-05-22T11:36:28Z,24dddfd7#phase10c,ace5975d-e7d0-44db-a2bc-3f64f51aa9c3,ok,0.0,high,full,current_phase8,unknown,projected,missing,77,0.0
OG Anunoby,18,NYK,CLE,True,21713897,pa,starter,"stat_grid:component_convolution_mean_coherent_v1+components[pts:pmf_sim_v1+role_aware_pmf_cal_v1:starter+monotone_pit_cdf_v1,ast:pmf_sim_v1+role_aware_pmf_cal_v1:starter+monotone_pit_cdf_v1]+prior_combo[joint_sampler_v1+joint_combo_pmf_v1+role_aware_pmf_cal_v1:starter+monotone_pit_cdf_v1]+stat_grid_final_component_convolution_mean_coherent_v1",phase8_role_aware_pmf_cal_v1+monotone_inactive_global_v1,pre_close,2026-05-22T11:36:28Z,24dddfd7#phase10c,ace5975d-e7d0-44db-a2bc-3f64f51aa9c3,ok,0.0,high,full,current_phase8,unknown,projected,missing,78,0.0
OG Anunoby,18,NYK,CLE,True,21713897,pa,starter,"stat_grid:component_convolution_mean_coherent_v1+components[pts:pmf_sim_v1+role_aware_pmf_cal_v1:starter+monotone_pit_cdf_v1,ast:pmf_sim_v1+role_aware_pmf_cal_v1:starter+monotone_pit_cdf_v1]+prior_combo[joint_sampler_v1+joint_combo_pmf_v1+role_aware_pmf_cal_v1:starter+monotone_pit_cdf_v1]+stat_grid_final_component_convolution_mean_coherent_v1",phase8_role_aware_pmf_cal_v1+monotone_inactive_global_v1,pre_close,2026-05-22T11:36:28Z,24dddfd7#phase10c,ace5975d-e7d0-44db-a2bc-3f64f51aa9c3,ok,0.0,high,full,current_phase8,unknown,projected,missing,79,0.0
OG Anunoby,18,NYK,CLE,True,21713897,pa,starter,"stat_grid:component_convolution_mean_coherent_v1+components[pts:pmf_sim_v1+role_aware_pmf_cal_v1:starter+monotone_pit_cdf_v1,ast:pmf_sim_v1+role_aware_pmf_cal_v1:starter+monotone_pit_cdf_v1]+prior_combo[joint_sampler_v1+joint_combo_pmf_v1+role_aware_pmf_cal_v1:starter+monotone_pit_cdf_v1]+stat_grid_final_component_convolution_mean_coherent_v1",phase8_role_aware_pmf_cal_v1+monotone_inactive_global_v1,pre_close,2026-05-22T11:36:28Z,24dddfd7#phase10c,ace5975d-e7d0-44db-a2bc-3f64f51aa9c3,ok,0.0,high,full,current_phase8,unknown,projected,missing,80,0.0
OG Anunoby,18,NYK,CLE,True,21713897,pa,starter,"stat_grid:component_convolution_mean_coherent_v1+components[pts:pmf_sim_v1+role_aware_pmf_cal_v1:starter+monotone_pit_cdf_v1,ast:pmf_sim_v1+role_aware_pmf_cal_v1:starter+monotone_pit_cdf_v1]+prior_combo[joint_sampler_v1+joint_combo_pmf_v1+role_aware_pmf_cal_v1:starter+monotone_pit_cdf_v1]+stat_grid_final_component_convolution_mean_coherent_v1",phase8_role_aware_pmf_cal_v1+monotone_inactive_global_v1,pre_close,2026-05-22T11:36:28Z,24dddfd7#phase10c,ace5975d-e7d0-44db-a2bc-3f64f51aa9c3,ok,0.0,high,full,current_phase8,unknown,projected,missing,81,0.0
OG Anunoby,18,NYK,CLE,True,21713897,pa,starter,"stat_grid:component_convolution_mean_coherent_v1+components[pts:pmf_sim_v1+role_aware_pmf_cal_v1:starter+monotone_pit_cdf_v1,ast:pmf_sim_v1+role_aware_pmf_cal_v1:starter+monotone_pit_cdf_v1]+prior_combo[joint_sampler_v1+joint_combo_pmf_v1+role_aware_pmf_cal_v1:starter+monotone_pit_cdf_v1]+stat_grid_final_component_convolution_mean_coherent_v1",phase8_role_aware_pmf_cal_v1+monotone_inactive_global_v1,pre_close,2026-05-22T11:36:28Z,24dddfd7#phase10c,ace5975d-e7d0-44db-a2bc-3f64f51aa9c3,ok,0.0,high,full,current_phase8,unknown,projected,missing,82,0.0
OG Anunoby,18,NYK,CLE,True,21713897,pa,starter,"stat_grid:component_convolution_mean_coherent_v1+components[pts:pmf_sim_v1+role_aware_pmf_cal_v1:starter+monotone_pit_cdf_v1,ast:pmf_sim_v1+role_aware_pmf_cal_v1:starter+monotone_pit_cdf_v1]+prior_combo[joint_sampler_v1+joint_combo_pmf_v1+role_aware_pmf_cal_v1:starter+monotone_pit_cdf_v1]+stat_grid_final_component_convolution_mean_coherent_v1",phase8_role_aware_pmf_cal_v1+monotone_inactive_global_v1,pre_close,2026-05-22T11:36:28Z,24dddfd7#phase10c,ace5975d-e7d0-44db-a2bc-3f64f51aa9c3,ok,0.0,high,full,current_phase8,unknown,projected,missing,83,0.0
OG Anunoby,18,NYK,CLE,True,21713897,pa,starter,"stat_grid:component_convolution_mean_coherent_v1+components[pts:pmf_sim_v1+role_aware_pmf_cal_v1:starter+monotone_pit_cdf_v1,ast:pmf_sim_v1+role_aware_pmf_cal_v1:starter+monotone_pit_cdf_v1]+prior_combo[joint_sampler_v1+joint_combo_pmf_v1+role_aware_pmf_cal_v1:starter+monotone_pit_cdf_v1]+stat_grid_final_component_convolution_mean_coherent_v1",phase8_role_aware_pmf_cal_v1+monotone_inactive_global_v1,pre_close,2026-05-22T11:36:28Z,24dddfd7#phase10c,ace5975d-e7d0-44db-a2bc-3f64f51aa9c3,ok,0.0,high,full,current_phase8,unknown,projected,missing,84,0.0
OG Anunoby,18,NYK,CLE,True,21713897,pa,starter,"stat_grid:component_convolution_mean_coherent_v1+components[pts:pmf_sim_v1+role_aware_pmf_cal_v1:starter+monotone_pit_cdf_v1,ast:pmf_sim_v1+role_aware_pmf_cal_v1:starter+monotone_pit_cdf_v1]+prior_combo[joint_sampler_v1+joint_combo_pmf_v1+role_aware_pmf_cal_v1:starter+monotone_pit_cdf_v1]+stat_grid_final_component_convolution_mean_coherent_v1",phase8_role_aware_pmf_cal_v1+monotone_inactive_global_v1,pre_close,2026-05-22T11:36:28Z,24dddfd7#phase10c,ace5975d-e7d0-44db-a2bc-3f64f51aa9c3,ok,0.0,high,full,current_phase8,unknown,projected,missing,85,0.0
OG Anunoby,18,NYK,CLE,True,21713897,pa,starter,"stat_grid:component_convolution_mean_coherent_v1+components[pts:pmf_sim_v1+role_aware_pmf_cal_v1:starter+monotone_pit_cdf_v1,ast:pmf_sim_v1+role_aware_pmf_cal_v1:starter+monotone_pit_cdf_v1]+prior_combo[joint_sampler_v1+joint_combo_pmf_v1+role_aware_pmf_cal_v1:starter+monotone_pit_cdf_v1]+stat_grid_final_component_convolution_mean_coherent_v1",phase8_role_aware_pmf_cal_v1+monotone_inactive_global_v1,pre_close,2026-05-22T11:36:28Z,24dddfd7#phase10c,ace5975d-e7d0-44db-a2bc-3f64f51aa9c3,ok,0.0,high,full,current_phase8,unknown,projected,missing,86,0.0
OG Anunoby,18,NYK,CLE,True,21713897,pa,starter,"stat_grid:component_convolution_mean_coherent_v1+components[pts:pmf_sim_v1+role_aware_pmf_cal_v1:starter+monotone_pit_cdf_v1,ast:pmf_sim_v1+role_aware_pmf_cal_v1:starter+monotone_pit_cdf_v1]+prior_combo[joint_sampler_v1+joint_combo_pmf_v1+role_aware_pmf_cal_v1:starter+monotone_pit_cdf_v1]+stat_grid_final_component_convolution_mean_coherent_v1",phase8_role_aware_pmf_cal_v1+monotone_inactive_global_v1,pre_close,2026-05-22T11:36:28Z,24dddfd7#phase10c,ace5975d-e7d0-44db-a2bc-3f64f51aa9c3,ok,0.0,high,full,current_phase8,unknown,projected,missing,87,0.0
OG Anunoby,18,NYK,CLE,True,21713897,pa,starter,"stat_grid:component_convolution_mean_coherent_v1+components[pts:pmf_sim_v1+role_aware_pmf_cal_v1:starter+monotone_pit_cdf_v1,ast:pmf_sim_v1+role_aware_pmf_cal_v1:starter+monotone_pit_cdf_v1]+prior_combo[joint_sampler_v1+joint_combo_pmf_v1+role_aware_pmf_cal_v1:starter+monotone_pit_cdf_v1]+stat_grid_final_component_convolution_mean_coherent_v1",phase8_role_aware_pmf_cal_v1+monotone_inactive_global_v1,pre_close,2026-05-22T11:36:28Z,24dddfd7#phase10c,ace5975d-e7d0-44db-a2bc-3f64f51aa9c3,ok,0.0,high,full,current_phase8,unknown,projected,missing,88,0.0
OG Anunoby,18,NYK,CLE,True,21713897,pa,starter,"stat_grid:component_convolution_mean_coherent_v1+components[pts:pmf_sim_v1+role_aware_pmf_cal_v1:starter+monotone_pit_cdf_v1,ast:pmf_sim_v1+role_aware_pmf_cal_v1:starter+monotone_pit_cdf_v1]+prior_combo[joint_sampler_v1+joint_combo_pmf_v1+role_aware_pmf_cal_v1:starter+monotone_pit_cdf_v1]+stat_grid_final_component_convolution_mean_coherent_v1",phase8_role_aware_pmf_cal_v1+monotone_inactive_global_v1,pre_close,2026-05-22T11:36:28Z,24dddfd7#phase10c,ace5975d-e7d0-44db-a2bc-3f64f51aa9c3,ok,0.0,high,full,current_phase8,unknown,projected,missing,89,0.0
OG Anunoby,18,NYK,CLE,True,21713897,pa,starter,"stat_grid:component_convolution_mean_coherent_v1+components[pts:pmf_sim_v1+role_aware_pmf_cal_v1:starter+monotone_pit_cdf_v1,ast:pmf_sim_v1+role_aware_pmf_cal_v1:starter+monotone_pit_cdf_v1]+prior_combo[joint_sampler_v1+joint_combo_pmf_v1+role_aware_pmf_cal_v1:starter+monotone_pit_cdf_v1]+stat_grid_final_component_convolution_mean_coherent_v1",phase8_role_aware_pmf_cal_v1+monotone_inactive_global_v1,pre_close,2026-05-22T11:36:28Z,24dddfd7#phase10c,ace5975d-e7d0-44db-a2bc-3f64f51aa9c3,ok,0.0,high,full,current_phase8,unknown,projected,missing,90,0.0
OG Anunoby,18,NYK,CLE,True,21713897,pa,starter,"stat_grid:component_convolution_mean_coherent_v1+components[pts:pmf_sim_v1+role_aware_pmf_cal_v1:starter+monotone_pit_cdf_v1,ast:pmf_sim_v1+role_aware_pmf_cal_v1:starter+monotone_pit_cdf_v1]+prior_combo[joint_sampler_v1+joint_combo_pmf_v1+role_aware_pmf_cal_v1:starter+monotone_pit_cdf_v1]+stat_grid_final_component_convolution_mean_coherent_v1",phase8_role_aware_pmf_cal_v1+monotone_inactive_global_v1,pre_close,2026-05-22T11:36:28Z,24dddfd7#phase10c,ace5975d-e7d0-44db-a2bc-3f64f51aa9c3,ok,0.0,high,full,current_phase8,unknown,projected,missing,91,0.0
OG Anunoby,18,NYK,CLE,True,21713897,pa,starter,"stat_grid:component_convolution_mean_coherent_v1+components[pts:pmf_sim_v1+role_aware_pmf_cal_v1:starter+monotone_pit_cdf_v1,ast:pmf_sim_v1+role_aware_pmf_cal_v1:starter+monotone_pit_cdf_v1]+prior_combo[joint_sampler_v1+joint_combo_pmf_v1+role_aware_pmf_cal_v1:starter+monotone_pit_cdf_v1]+stat_grid_final_component_convolution_mean_coherent_v1",phase8_role_aware_pmf_cal_v1+monotone_inactive_global_v1,pre_close,2026-05-22T11:36:28Z,24dddfd7#phase10c,ace5975d-e7d0-44db-a2bc-3f64f51aa9c3,ok,0.0,high,full,current_phase8,unknown,projected,missing,92,0.0
OG Anunoby,18,NYK,CLE,True,21713897,pa,starter,"stat_grid:component_convolution_mean_coherent_v1+components[pts:pmf_sim_v1+role_aware_pmf_cal_v1:starter+monotone_pit_cdf_v1,ast:pmf_sim_v1+role_aware_pmf_cal_v1:starter+monotone_pit_cdf_v1]+prior_combo[joint_sampler_v1+joint_combo_pmf_v1+role_aware_pmf_cal_v1:starter+monotone_pit_cdf_v1]+stat_grid_final_component_convolution_mean_coherent_v1",phase8_role_aware_pmf_cal_v1+monotone_inactive_global_v1,pre_close,2026-05-22T11:36:28Z,24dddfd7#phase10c,ace5975d-e7d0-44db-a2bc-3f64f51aa9c3,ok,0.0,high,full,current_phase8,unknown,projected,missing,93,0.0
OG Anunoby,18,NYK,CLE,True,21713897,pa,starter,"stat_grid:component_convolution_mean_coherent_v1+components[pts:pmf_sim_v1+role_aware_pmf_cal_v1:starter+monotone_pit_cdf_v1,ast:pmf_sim_v1+role_aware_pmf_cal_v1:starter+monotone_pit_cdf_v1]+prior_combo[joint_sampler_v1+joint_combo_pmf_v1+role_aware_pmf_cal_v1:starter+monotone_pit_cdf_v1]+stat_grid_final_component_convolution_mean_coherent_v1",phase8_role_aware_pmf_cal_v1+monotone_inactive_global_v1,pre_close,2026-05-22T11:36:28Z,24dddfd7#phase10c,ace5975d-e7d0-44db-a2bc-3f64f51aa9c3,ok,0.0,high,full,current_phase8,unknown,projected,missing,94,0.0
OG Anunoby,18,NYK,CLE,True,21713897,pa,starter,"stat_grid:component_convolution_mean_coherent_v1+components[pts:pmf_sim_v1+role_aware_pmf_cal_v1:starter+monotone_pit_cdf_v1,ast:pmf_sim_v1+role_aware_pmf_cal_v1:starter+monotone_pit_cdf_v1]+prior_combo[joint_sampler_v1+joint_combo_pmf_v1+role_aware_pmf_cal_v1:starter+monotone_pit_cdf_v1]+stat_grid_final_component_convolution_mean_coherent_v1",phase8_role_aware_pmf_cal_v1+monotone_inactive_global_v1,pre_close,2026-05-22T11:36:28Z,24dddfd7#phase10c,ace5975d-e7d0-44db-a2bc-3f64f51aa9c3,ok,0.0,high,full,current_phase8,unknown,projected,missing,95,0.0
OG Anunoby,18,NYK,CLE,True,21713897,pa,starter,"stat_grid:component_convolution_mean_coherent_v1+components[pts:pmf_sim_v1+role_aware_pmf_cal_v1:starter+monotone_pit_cdf_v1,ast:pmf_sim_v1+role_aware_pmf_cal_v1:starter+monotone_pit_cdf_v1]+prior_combo[joint_sampler_v1+joint_combo_pmf_v1+role_aware_pmf_cal_v1:starter+monotone_pit_cdf_v1]+stat_grid_final_component_convolution_mean_coherent_v1",phase8_role_aware_pmf_cal_v1+monotone_inactive_global_v1,pre_close,2026-05-22T11:36:28Z,24dddfd7#phase10c,ace5975d-e7d0-44db-a2bc-3f64f51aa9c3,ok,0.0,high,full,current_phase8,unknown,projected,missing,96,0.0
OG Anunoby,18,NYK,CLE,True,21713897,pa,starter,"stat_grid:component_convolution_mean_coherent_v1+components[pts:pmf_sim_v1+role_aware_pmf_cal_v1:starter+monotone_pit_cdf_v1,ast:pmf_sim_v1+role_aware_pmf_cal_v1:starter+monotone_pit_cdf_v1]+prior_combo[joint_sampler_v1+joint_combo_pmf_v1+role_aware_pmf_cal_v1:starter+monotone_pit_cdf_v1]+stat_grid_final_component_convolution_mean_coherent_v1",phase8_role_aware_pmf_cal_v1+monotone_inactive_global_v1,pre_close,2026-05-22T11:36:28Z,24dddfd7#phase10c,ace5975d-e7d0-44db-a2bc-3f64f51aa9c3,ok,0.0,high,full,current_phase8,unknown,projected,missing,97,0.0
OG Anunoby,18,NYK,CLE,True,21713897,pa,starter,"stat_grid:component_convolution_mean_coherent_v1+components[pts:pmf_sim_v1+role_aware_pmf_cal_v1:starter+monotone_pit_cdf_v1,ast:pmf_sim_v1+role_aware_pmf_cal_v1:starter+monotone_pit_cdf_v1]+prior_combo[joint_sampler_v1+joint_combo_pmf_v1+role_aware_pmf_cal_v1:starter+monotone_pit_cdf_v1]+stat_grid_final_component_convolution_mean_coherent_v1",phase8_role_aware_pmf_cal_v1+monotone_inactive_global_v1,pre_close,2026-05-22T11:36:28Z,24dddfd7#phase10c,ace5975d-e7d0-44db-a2bc-3f64f51aa9c3,ok,0.0,high,full,current_phase8,unknown,projected,missing,98,0.0
OG Anunoby,18,NYK,CLE,True,21713897,pa,starter,"stat_grid:component_convolution_mean_coherent_v1+components[pts:pmf_sim_v1+role_aware_pmf_cal_v1:starter+monotone_pit_cdf_v1,ast:pmf_sim_v1+role_aware_pmf_cal_v1:starter+monotone_pit_cdf_v1]+prior_combo[joint_sampler_v1+joint_combo_pmf_v1+role_aware_pmf_cal_v1:starter+monotone_pit_cdf_v1]+stat_grid_final_component_convolution_mean_coherent_v1",phase8_role_aware_pmf_cal_v1+monotone_inactive_global_v1,pre_close,2026-05-22T11:36:28Z,24dddfd7#phase10c,ace5975d-e7d0-44db-a2bc-3f64f51aa9c3,ok,0.0,high,full,current_phase8,unknown,projected,missing,99,0.0
OG Anunoby,18,NYK,CLE,True,21713897,pa,starter,"stat_grid:component_convolution_mean_coherent_v1+components[pts:pmf_sim_v1+role_aware_pmf_cal_v1:starter+monotone_pit_cdf_v1,ast:pmf_sim_v1+role_aware_pmf_cal_v1:starter+monotone_pit_cdf_v1]+prior_combo[joint_sampler_v1+joint_combo_pmf_v1+role_aware_pmf_cal_v1:starter+monotone_pit_cdf_v1]+stat_grid_final_component_convolution_mean_coherent_v1",phase8_role_aware_pmf_cal_v1+monotone_inactive_global_v1,pre_close,2026-05-22T11:36:28Z,24dddfd7#phase10c,ace5975d-e7d0-44db-a2bc-3f64f51aa9c3,ok,0.0,high,full,current_phase8,unknown,projected,missing,100,0.0
OG Anunoby,18,NYK,CLE,True,21713897,pr,starter,"stat_grid:component_convolution_mean_coherent_v1+components[pts:pmf_sim_v1+role_aware_pmf_cal_v1:starter+monotone_pit_cdf_v1,reb:pmf_sim_v1+role_aware_pmf_cal_v1:starter+monotone_pit_cdf_v1]+prior_combo[joint_sampler_v1+joint_combo_pmf_v1+role_aware_pmf_cal_v1:starter+monotone_pit_cdf_v1]+stat_grid_final_component_convolution_mean_coherent_v1",phase8_role_aware_pmf_cal_v1+monotone_inactive_global_v1,pre_close,2026-05-22T11:36:28Z,24dddfd7#phase10c,ace5975d-e7d0-44db-a2bc-3f64f51aa9c3,ok,0.0,high,full,current_phase8,unknown,projected,missing,0,0.0
OG Anunoby,18,NYK,CLE,True,21713897,pr,starter,"stat_grid:component_convolution_mean_coherent_v1+components[pts:pmf_sim_v1+role_aware_pmf_cal_v1:starter+monotone_pit_cdf_v1,reb:pmf_sim_v1+role_aware_pmf_cal_v1:starter+monotone_pit_cdf_v1]+prior_combo[joint_sampler_v1+joint_combo_pmf_v1+role_aware_pmf_cal_v1:starter+monotone_pit_cdf_v1]+stat_grid_final_component_convolution_mean_coherent_v1",phase8_role_aware_pmf_cal_v1+monotone_inactive_global_v1,pre_close,2026-05-22T11:36:28Z,24dddfd7#phase10c,ace5975d-e7d0-44db-a2bc-3f64f51aa9c3,ok,0.0,high,full,current_phase8,unknown,projected,missing,1,0.0
OG Anunoby,18,NYK,CLE,True,21713897,pr,starter,"stat_grid:component_convolution_mean_coherent_v1+components[pts:pmf_sim_v1+role_aware_pmf_cal_v1:starter+monotone_pit_cdf_v1,reb:pmf_sim_v1+role_aware_pmf_cal_v1:starter+monotone_pit_cdf_v1]+prior_combo[joint_sampler_v1+joint_combo_pmf_v1+role_aware_pmf_cal_v1:starter+monotone_pit_cdf_v1]+stat_grid_final_component_convolution_mean_coherent_v1",phase8_role_aware_pmf_cal_v1+monotone_inactive_global_v1,pre_close,2026-05-22T11:36:28Z,24dddfd7#phase10c,ace5975d-e7d0-44db-a2bc-3f64f51aa9c3,ok,0.0,high,full,current_phase8,unknown,projected,missing,2,0.0
OG Anunoby,18,NYK,CLE,True,21713897,pr,starter,"stat_grid:component_convolution_mean_coherent_v1+components[pts:pmf_sim_v1+role_aware_pmf_cal_v1:starter+monotone_pit_cdf_v1,reb:pmf_sim_v1+role_aware_pmf_cal_v1:starter+monotone_pit_cdf_v1]+prior_combo[joint_sampler_v1+joint_combo_pmf_v1+role_aware_pmf_cal_v1:starter+monotone_pit_cdf_v1]+stat_grid_final_component_convolution_mean_coherent_v1",phase8_role_aware_pmf_cal_v1+monotone_inactive_global_v1,pre_close,2026-05-22T11:36:28Z,24dddfd7#phase10c,ace5975d-e7d0-44db-a2bc-3f64f51aa9c3,ok,0.0,high,full,current_phase8,unknown,projected,missing,3,0.0001
OG Anunoby,18,NYK,CLE,True,21713897,pr,starter,"stat_grid:component_convolution_mean_coherent_v1+components[pts:pmf_sim_v1+role_aware_pmf_cal_v1:starter+monotone_pit_cdf_v1,reb:pmf_sim_v1+role_aware_pmf_cal_v1:starter+monotone_pit_cdf_v1]+prior_combo[joint_sampler_v1+joint_combo_pmf_v1+role_aware_pmf_cal_v1:starter+monotone_pit_cdf_v1]+stat_grid_final_component_convolution_mean_coherent_v1",phase8_role_aware_pmf_cal_v1+monotone_inactive_global_v1,pre_close,2026-05-22T11:36:28Z,24dddfd7#phase10c,ace5975d-e7d0-44db-a2bc-3f64f51aa9c3,ok,0.0,high,full,current_phase8,unknown,projected,missing,4,0.0002
OG Anunoby,18,NYK,CLE,True,21713897,pr,starter,"stat_grid:component_convolution_mean_coherent_v1+components[pts:pmf_sim_v1+role_aware_pmf_cal_v1:starter+monotone_pit_cdf_v1,reb:pmf_sim_v1+role_aware_pmf_cal_v1:starter+monotone_pit_cdf_v1]+prior_combo[joint_sampler_v1+joint_combo_pmf_v1+role_aware_pmf_cal_v1:starter+monotone_pit_cdf_v1]+stat_grid_final_component_convolution_mean_coherent_v1",phase8_role_aware_pmf_cal_v1+monotone_inactive_global_v1,pre_close,2026-05-22T11:36:28Z,24dddfd7#phase10c,ace5975d-e7d0-44db-a2bc-3f64f51aa9c3,ok,0.0,high,full,current_phase8,unknown,projected,missing,5,0.0005
OG Anunoby,18,NYK,CLE,True,21713897,pr,starter,"stat_grid:component_convolution_mean_coherent_v1+components[pts:pmf_sim_v1+role_aware_pmf_cal_v1:starter+monotone_pit_cdf_v1,reb:pmf_sim_v1+role_aware_pmf_cal_v1:starter+monotone_pit_cdf_v1]+prior_combo[joint_sampler_v1+joint_combo_pmf_v1+role_aware_pmf_cal_v1:starter+monotone_pit_cdf_v1]+stat_grid_final_component_convolution_mean_coherent_v1",phase8_role_aware_pmf_cal_v1+monotone_inactive_global_v1,pre_close,2026-05-22T11:36:28Z,24dddfd7#phase10c,ace5975d-e7d0-44db-a2bc-3f64f51aa9c3,ok,0.0,high,full,current_phase8,unknown,projected,missing,6,0.0009
OG Anunoby,18,NYK,CLE,True,21713897,pr,starter,"stat_grid:component_convolution_mean_coherent_v1+components[pts:pmf_sim_v1+role_aware_pmf_cal_v1:starter+monotone_pit_cdf_v1,reb:pmf_sim_v1+role_aware_pmf_cal_v1:starter+monotone_pit_cdf_v1]+prior_combo[joint_sampler_v1+joint_combo_pmf_v1+role_aware_pmf_cal_v1:starter+monotone_pit_cdf_v1]+stat_grid_final_component_convolution_mean_coherent_v1",phase8_role_aware_pmf_cal_v1+monotone_inactive_global_v1,pre_close,2026-05-22T11:36:28Z,24dddfd7#phase10c,ace5975d-e7d0-44db-a2bc-3f64f51aa9c3,ok,0.0,high,full,current_phase8,unknown,projected,missing,7,0.0016
OG Anunoby,18,NYK,CLE,True,21713897,pr,starter,"stat_grid:component_convolution_mean_coherent_v1+components[pts:pmf_sim_v1+role_aware_pmf_cal_v1:starter+monotone_pit_cdf_v1,reb:pmf_sim_v1+role_aware_pmf_cal_v1:starter+monotone_pit_cdf_v1]+prior_combo[joint_sampler_v1+joint_combo_pmf_v1+role_aware_pmf_cal_v1:starter+monotone_pit_cdf_v1]+stat_grid_final_component_convolution_mean_coherent_v1",phase8_role_aware_pmf_cal_v1+monotone_inactive_global_v1,pre_close,2026-05-22T11:36:28Z,24dddfd7#phase10c,ace5975d-e7d0-44db-a2bc-3f64f51aa9c3,ok,0.0,high,full,current_phase8,unknown,projected,missing,8,0.0027
OG Anunoby,18,NYK,CLE,True,21713897,pr,starter,"stat_grid:component_convolution_mean_coherent_v1+components[pts:pmf_sim_v1+role_aware_pmf_cal_v1:starter+monotone_pit_cdf_v1,reb:pmf_sim_v1+role_aware_pmf_cal_v1:starter+monotone_pit_cdf_v1]+prior_combo[joint_sampler_v1+joint_combo_pmf_v1+role_aware_pmf_cal_v1:starter+monotone_pit_cdf_v1]+stat_grid_final_component_convolution_mean_coherent_v1",phase8_role_aware_pmf_cal_v1+monotone_inactive_global_v1,pre_close,2026-05-22T11:36:28Z,24dddfd7#phase10c,ace5975d-e7d0-44db-a2bc-3f64f51aa9c3,ok,0.0,high,full,current_phase8,unknown,projected,missing,9,0.0044
OG Anunoby,18,NYK,CLE,True,21713897,pr,starter,"stat_grid:component_convolution_mean_coherent_v1+components[pts:pmf_sim_v1+role_aware_pmf_cal_v1:starter+monotone_pit_cdf_v1,reb:pmf_sim_v1+role_aware_pmf_cal_v1:starter+monotone_pit_cdf_v1]+prior_combo[joint_sampler_v1+joint_combo_pmf_v1+role_aware_pmf_cal_v1:starter+monotone_pit_cdf_v1]+stat_grid_final_component_convolution_mean_coherent_v1",phase8_role_aware_pmf_cal_v1+monotone_inactive_global_v1,pre_close,2026-05-22T11:36:28Z,24dddfd7#phase10c,ace5975d-e7d0-44db-a2bc-3f64f51aa9c3,ok,0.0,high,full,current_phase8,unknown,projected,missing,10,0.0068
OG Anunoby,18,NYK,CLE,True,21713897,pr,starter,"stat_grid:component_convolution_mean_coherent_v1+components[pts:pmf_sim_v1+role_aware_pmf_cal_v1:starter+monotone_pit_cdf_v1,reb:pmf_sim_v1+role_aware_pmf_cal_v1:starter+monotone_pit_cdf_v1]+prior_combo[joint_sampler_v1+joint_combo_pmf_v1+role_aware_pmf_cal_v1:starter+monotone_pit_cdf_v1]+stat_grid_final_component_convolution_mean_coherent_v1",phase8_role_aware_pmf_cal_v1+monotone_inactive_global_v1,pre_close,2026-05-22T11:36:28Z,24dddfd7#phase10c,ace5975d-e7d0-44db-a2bc-3f64f51aa9c3,ok,0.0,high,full,current_phase8,unknown,projected,missing,11,0.0098
OG Anunoby,18,NYK,CLE,True,21713897,pr,starter,"stat_grid:component_convolution_mean_coherent_v1+components[pts:pmf_sim_v1+role_aware_pmf_cal_v1:starter+monotone_pit_cdf_v1,reb:pmf_sim_v1+role_aware_pmf_cal_v1:starter+monotone_pit_cdf_v1]+prior_combo[joint_sampler_v1+joint_combo_pmf_v1+role_aware_pmf_cal_v1:starter+monotone_pit_cdf_v1]+stat_grid_final_component_convolution_mean_coherent_v1",phase8_role_aware_pmf_cal_v1+monotone_inactive_global_v1,pre_close,2026-05-22T11:36:28Z,24dddfd7#phase10c,ace5975d-e7d0-44db-a2bc-3f64f51aa9c3,ok,0.0,high,full,current_phase8,unknown,projected,missing,12,0.0137
OG Anunoby,18,NYK,CLE,True,21713897,pr,starter,"stat_grid:component_convolution_mean_coherent_v1+components[pts:pmf_sim_v1+role_aware_pmf_cal_v1:starter+monotone_pit_cdf_v1,reb:pmf_sim_v1+role_aware_pmf_cal_v1:starter+monotone_pit_cdf_v1]+prior_combo[joint_sampler_v1+joint_combo_pmf_v1+role_aware_pmf_cal_v1:starter+monotone_pit_cdf_v1]+stat_grid_final_component_convolution_mean_coherent_v1",phase8_role_aware_pmf_cal_v1+monotone_inactive_global_v1,pre_close,2026-05-22T11:36:28Z,24dddfd7#phase10c,ace5975d-e7d0-44db-a2bc-3f64f51aa9c3,ok,0.0,high,full,current_phase8,unknown,projected,missing,13,0.0183
OG Anunoby,18,NYK,CLE,True,21713897,pr,starter,"stat_grid:component_convolution_mean_coherent_v1+components[pts:pmf_sim_v1+role_aware_pmf_cal_v1:starter+monotone_pit_cdf_v1,reb:pmf_sim_v1+role_aware_pmf_cal_v1:starter+monotone_pit_cdf_v1]+prior_combo[joint_sampler_v1+joint_combo_pmf_v1+role_aware_pmf_cal_v1:starter+monotone_pit_cdf_v1]+stat_grid_final_component_convolution_mean_coherent_v1",phase8_role_aware_pmf_cal_v1+monotone_inactive_global_v1,pre_close,2026-05-22T11:36:28Z,24dddfd7#phase10c,ace5975d-e7d0-44db-a2bc-3f64f51aa9c3,ok,0.0,high,full,current_phase8,unknown,projected,missing,14,0.0232
OG Anunoby,18,NYK,CLE,True,21713897,pr,starter,"stat_grid:component_convolution_mean_coherent_v1+components[pts:pmf_sim_v1+role_aware_pmf_cal_v1:starter+monotone_pit_cdf_v1,reb:pmf_sim_v1+role_aware_pmf_cal_v1:starter+monotone_pit_cdf_v1]+prior_combo[joint_sampler_v1+joint_combo_pmf_v1+role_aware_pmf_cal_v1:starter+monotone_pit_cdf_v1]+stat_grid_final_component_convolution_mean_coherent_v1",phase8_role_aware_pmf_cal_v1+monotone_inactive_global_v1,pre_close,2026-05-22T11:36:28Z,24dddfd7#phase10c,ace5975d-e7d0-44db-a2bc-3f64f51aa9c3,ok,0.0,high,full,current_phase8,unknown,projected,missing,15,0.0283
OG Anunoby,18,NYK,CLE,True,21713897,pr,starter,"stat_grid:component_convolution_mean_coherent_v1+components[pts:pmf_sim_v1+role_aware_pmf_cal_v1:starter+monotone_pit_cdf_v1,reb:pmf_sim_v1+role_aware_pmf_cal_v1:starter+monotone_pit_cdf_v1]+prior_combo[joint_sampler_v1+joint_combo_pmf_v1+role_aware_pmf_cal_v1:starter+monotone_pit_cdf_v1]+stat_grid_final_component_convolution_mean_coherent_v1",phase8_role_aware_pmf_cal_v1+monotone_inactive_global_v1,pre_close,2026-05-22T11:36:28Z,24dddfd7#phase10c,ace5975d-e7d0-44db-a2bc-3f64f51aa9c3,ok,0.0,high,full,current_phase8,unknown,projected,missing,16,0.034
OG Anunoby,18,NYK,CLE,True,21713897,pr,starter,"stat_grid:component_convolution_mean_coherent_v1+components[pts:pmf_sim_v1+role_aware_pmf_cal_v1:starter+monotone_pit_cdf_v1,reb:pmf_sim_v1+role_aware_pmf_cal_v1:starter+monotone_pit_cdf_v1]+prior_combo[joint_sampler_v1+joint_combo_pmf_v1+role_aware_pmf_cal_v1:starter+monotone_pit_cdf_v1]+stat_grid_final_component_convolution_mean_coherent_v1",phase8_role_aware_pmf_cal_v1+monotone_inactive_global_v1,pre_close,2026-05-22T11:36:28Z,24dddfd7#phase10c,ace5975d-e7d0-44db-a2bc-3f64f51aa9c3,ok,0.0,high,full,current_phase8,unknown,projected,missing,17,0.0406
OG Anunoby,18,NYK,CLE,True,21713897,pr,starter,"stat_grid:component_convolution_mean_coherent_v1+components[pts:pmf_sim_v1+role_aware_pmf_cal_v1:starter+monotone_pit_cdf_v1,reb:pmf_sim_v1+role_aware_pmf_cal_v1:starter+monotone_pit_cdf_v1]+prior_combo[joint_sampler_v1+joint_combo_pmf_v1+role_aware_pmf_cal_v1:starter+monotone_pit_cdf_v1]+stat_grid_final_component_convolution_mean_coherent_v1",phase8_role_aware_pmf_cal_v1+monotone_inactive_global_v1,pre_close,2026-05-22T11:36:28Z,24dddfd7#phase10c,ace5975d-e7d0-44db-a2bc-3f64f51aa9c3,ok,0.0,high,full,current_phase8,unknown,projected,missing,18,0.047
OG Anunoby,18,NYK,CLE,True,21713897,pr,starter,"stat_grid:component_convolution_mean_coherent_v1+components[pts:pmf_sim_v1+role_aware_pmf_cal_v1:starter+monotone_pit_cdf_v1,reb:pmf_sim_v1+role_aware_pmf_cal_v1:starter+monotone_pit_cdf_v1]+prior_combo[joint_sampler_v1+joint_combo_pmf_v1+role_aware_pmf_cal_v1:starter+monotone_pit_cdf_v1]+stat_grid_final_component_convolution_mean_coherent_v1",phase8_role_aware_pmf_cal_v1+monotone_inactive_global_v1,pre_close,2026-05-22T11:36:28Z,24dddfd7#phase10c,ace5975d-e7d0-44db-a2bc-3f64f51aa9c3,ok,0.0,high,full,current_phase8,unknown,projected,missing,19,0.0521
OG Anunoby,18,NYK,CLE,True,21713897,pr,starter,"stat_grid:component_convolution_mean_coherent_v1+components[pts:pmf_sim_v1+role_aware_pmf_cal_v1:starter+monotone_pit_cdf_v1,reb:pmf_sim_v1+role_aware_pmf_cal_v1:starter+monotone_pit_cdf_v1]+prior_combo[joint_sampler_v1+joint_combo_pmf_v1+role_aware_pmf_cal_v1:starter+monotone_pit_cdf_v1]+stat_grid_final_component_convolution_mean_coherent_v1",phase8_role_aware_pmf_cal_v1+monotone_inactive_global_v1,pre_close,2026-05-22T11:36:28Z,24dddfd7#phase10c,ace5975d-e7d0-44db-a2bc-3f64f51aa9c3,ok,0.0,high,full,current_phase8,unknown,projected,missing,20,0.0564
OG Anunoby,18,NYK,CLE,True,21713897,pr,starter,"stat_grid:component_convolution_mean_coherent_v1+components[pts:pmf_sim_v1+role_aware_pmf_cal_v1:starter+monotone_pit_cdf_v1,reb:pmf_sim_v1+role_aware_pmf_cal_v1:starter+monotone_pit_cdf_v1]+prior_combo[joint_sampler_v1+joint_combo_pmf_v1+role_aware_pmf_cal_v1:starter+monotone_pit_cdf_v1]+stat_grid_final_component_convolution_mean_coherent_v1",phase8_role_aware_pmf_cal_v1+monotone_inactive_global_v1,pre_close,2026-05-22T11:36:28Z,24dddfd7#phase10c,ace5975d-e7d0-44db-a2bc-3f64f51aa9c3,ok,0.0,high,full,current_phase8,unknown,projected,missing,21,0.0606
OG Anunoby,18,NYK,CLE,True,21713897,pr,starter,"stat_grid:component_convolution_mean_coherent_v1+components[pts:pmf_sim_v1+role_aware_pmf_cal_v1:starter+monotone_pit_cdf_v1,reb:pmf_sim_v1+role_aware_pmf_cal_v1:starter+monotone_pit_cdf_v1]+prior_combo[joint_sampler_v1+joint_combo_pmf_v1+role_aware_pmf_cal_v1:starter+monotone_pit_cdf_v1]+stat_grid_final_component_convolution_mean_coherent_v1",phase8_role_aware_pmf_cal_v1+monotone_inactive_global_v1,pre_close,2026-05-22T11:36:28Z,24dddfd7#phase10c,ace5975d-e7d0-44db-a2bc-3f64f51aa9c3,ok,0.0,high,full,current_phase8,unknown,projected,missing,22,0.065
OG Anunoby,18,NYK,CLE,True,21713897,pr,starter,"stat_grid:component_convolution_mean_coherent_v1+components[pts:pmf_sim_v1+role_aware_pmf_cal_v1:starter+monotone_pit_cdf_v1,reb:pmf_sim_v1+role_aware_pmf_cal_v1:starter+monotone_pit_cdf_v1]+prior_combo[joint_sampler_v1+joint_combo_pmf_v1+role_aware_pmf_cal_v1:starter+monotone_pit_cdf_v1]+stat_grid_final_component_convolution_mean_coherent_v1",phase8_role_aware_pmf_cal_v1+monotone_inactive_global_v1,pre_close,2026-05-22T11:36:28Z,24dddfd7#phase10c,ace5975d-e7d0-44db-a2bc-3f64f51aa9c3,ok,0.0,high,full,current_phase8,unknown,projected,missing,23,0.0675
OG Anunoby,18,NYK,CLE,True,21713897,pr,starter,"stat_grid:component_convolution_mean_coherent_v1+components[pts:pmf_sim_v1+role_aware_pmf_cal_v1:starter+monotone_pit_cdf_v1,reb:pmf_sim_v1+role_aware_pmf_cal_v1:starter+monotone_pit_cdf_v1]+prior_combo[joint_sampler_v1+joint_combo_pmf_v1+role_aware_pmf_cal_v1:starter+monotone_pit_cdf_v1]+stat_grid_final_component_convolution_mean_coherent_v1",phase8_role_aware_pmf_cal_v1+monotone_inactive_global_v1,pre_close,2026-05-22T11:36:28Z,24dddfd7#phase10c,ace5975d-e7d0-44db-a2bc-3f64f51aa9c3,ok,0.0,high,full,current_phase8,unknown,projected,missing,24,0.0657
OG Anunoby,18,NYK,CLE,True,21713897,pr,starter,"stat_grid:component_convolution_mean_coherent_v1+components[pts:pmf_sim_v1+role_aware_pmf_cal_v1:starter+monotone_pit_cdf_v1,reb:pmf_sim_v1+role_aware_pmf_cal_v1:starter+monotone_pit_cdf_v1]+prior_combo[joint_sampler_v1+joint_combo_pmf_v1+role_aware_pmf_cal_v1:starter+monotone_pit_cdf_v1]+stat_grid_final_component_convolution_mean_coherent_v1",phase8_role_aware_pmf_cal_v1+monotone_inactive_global_v1,pre_close,2026-05-22T11:36:28Z,24dddfd7#phase10c,ace5975d-e7d0-44db-a2bc-3f64f51aa9c3,ok,0.0,high,full,current_phase8,unknown,projected,missing,25,0.0616
OG Anunoby,18,NYK,CLE,True,21713897,pr,starter,"stat_grid:component_convolution_mean_coherent_v1+components[pts:pmf_sim_v1+role_aware_pmf_cal_v1:starter+monotone_pit_cdf_v1,reb:pmf_sim_v1+role_aware_pmf_cal_v1:starter+monotone_pit_cdf_v1]+prior_combo[joint_sampler_v1+joint_combo_pmf_v1+role_aware_pmf_cal_v1:starter+monotone_pit_cdf_v1]+stat_grid_final_component_convolution_mean_coherent_v1",phase8_role_aware_pmf_cal_v1+monotone_inactive_global_v1,pre_close,2026-05-22T11:36:28Z,24dddfd7#phase10c,ace5975d-e7d0-44db-a2bc-3f64f51aa9c3,ok,0.0,high,full,current_phase8,unknown,projected,missing,26,0.0569
OG Anunoby,18,NYK,CLE,True,21713897,pr,starter,"stat_grid:component_convolution_mean_coherent_v1+components[pts:pmf_sim_v1+role_aware_pmf_cal_v1:starter+monotone_pit_cdf_v1,reb:pmf_sim_v1+role_aware_pmf_cal_v1:starter+monotone_pit_cdf_v1]+prior_combo[joint_sampler_v1+joint_combo_pmf_v1+role_aware_pmf_cal_v1:starter+monotone_pit_cdf_v1]+stat_grid_final_component_convolution_mean_coherent_v1",phase8_role_aware_pmf_cal_v1+monotone_inactive_global_v1,pre_close,2026-05-22T11:36:28Z,24dddfd7#phase10c,ace5975d-e7d0-44db-a2bc-3f64f51aa9c3,ok,0.0,high,full,current_phase8,unknown,projected,missing,27,0.0523
OG Anunoby,18,NYK,CLE,True,21713897,pr,starter,"stat_grid:component_convolution_mean_coherent_v1+components[pts:pmf_sim_v1+role_aware_pmf_cal_v1:starter+monotone_pit_cdf_v1,reb:pmf_sim_v1+role_aware_pmf_cal_v1:starter+monotone_pit_cdf_v1]+prior_combo[joint_sampler_v1+joint_combo_pmf_v1+role_aware_pmf_cal_v1:starter+monotone_pit_cdf_v1]+stat_grid_final_component_convolution_mean_coherent_v1",phase8_role_aware_pmf_cal_v1+monotone_inactive_global_v1,pre_close,2026-05-22T11:36:28Z,24dddfd7#phase10c,ace5975d-e7d0-44db-a2bc-3f64f51aa9c3,ok,0.0,high,full,current_phase8,unknown,projected,missing,28,0.0462
OG Anunoby,18,NYK,CLE,True,21713897,pr,starter,"stat_grid:component_convolution_mean_coherent_v1+components[pts:pmf_sim_v1+role_aware_pmf_cal_v1:starter+monotone_pit_cdf_v1,reb:pmf_sim_v1+role_aware_pmf_cal_v1:starter+monotone_pit_cdf_v1]+prior_combo[joint_sampler_v1+joint_combo_pmf_v1+role_aware_pmf_cal_v1:starter+monotone_pit_cdf_v1]+stat_grid_final_component_convolution_mean_coherent_v1",phase8_role_aware_pmf_cal_v1+monotone_inactive_global_v1,pre_close,2026-05-22T11:36:28Z,24dddfd7#phase10c,ace5975d-e7d0-44db-a2bc-3f64f51aa9c3,ok,0.0,high,full,current_phase8,unknown,projected,missing,29,0.0389
OG Anunoby,18,NYK,CLE,True,21713897,pr,starter,"stat_grid:component_convolution_mean_coherent_v1+components[pts:pmf_sim_v1+role_aware_pmf_cal_v1:starter+monotone_pit_cdf_v1,reb:pmf_sim_v1+role_aware_pmf_cal_v1:starter+monotone_pit_cdf_v1]+prior_combo[joint_sampler_v1+joint_combo_pmf_v1+role_aware_pmf_cal_v1:starter+monotone_pit_cdf_v1]+stat_grid_final_component_convolution_mean_coherent_v1",phase8_role_aware_pmf_cal_v1+monotone_inactive_global_v1,pre_close,2026-05-22T11:36:28Z,24dddfd7#phase10c,ace5975d-e7d0-44db-a2bc-3f64f51aa9c3,ok,0.0,high,full,current_phase8,unknown,projected,missing,30,0.0315
OG Anunoby,18,NYK,CLE,True,21713897,pr,starter,"stat_grid:component_convolution_mean_coherent_v1+components[pts:pmf_sim_v1+role_aware_pmf_cal_v1:starter+monotone_pit_cdf_v1,reb:pmf_sim_v1+role_aware_pmf_cal_v1:starter+monotone_pit_cdf_v1]+prior_combo[joint_sampler_v1+joint_combo_pmf_v1+role_aware_pmf_cal_v1:starter+monotone_pit_cdf_v1]+stat_grid_final_component_convolution_mean_coherent_v1",phase8_role_aware_pmf_cal_v1+monotone_inactive_global_v1,pre_close,2026-05-22T11:36:28Z,24dddfd7#phase10c,ace5975d-e7d0-44db-a2bc-3f64f51aa9c3,ok,0.0,high,full,current_phase8,unknown,projected,missing,31,0.025
OG Anunoby,18,NYK,CLE,True,21713897,pr,starter,"stat_grid:component_convolution_mean_coherent_v1+components[pts:pmf_sim_v1+role_aware_pmf_cal_v1:starter+monotone_pit_cdf_v1,reb:pmf_sim_v1+role_aware_pmf_cal_v1:starter+monotone_pit_cdf_v1]+prior_combo[joint_sampler_v1+joint_combo_pmf_v1+role_aware_pmf_cal_v1:starter+monotone_pit_cdf_v1]+stat_grid_final_component_convolution_mean_coherent_v1",phase8_role_aware_pmf_cal_v1+monotone_inactive_global_v1,pre_close,2026-05-22T11:36:28Z,24dddfd7#phase10c,ace5975d-e7d0-44db-a2bc-3f64f51aa9c3,ok,0.0,high,full,current_phase8,unknown,projected,missing,32,0.0196
OG Anunoby,18,NYK,CLE,True,21713897,pr,starter,"stat_grid:component_convolution_mean_coherent_v1+components[pts:pmf_sim_v1+role_aware_pmf_cal_v1:starter+monotone_pit_cdf_v1,reb:pmf_sim_v1+role_aware_pmf_cal_v1:starter+monotone_pit_cdf_v1]+prior_combo[joint_sampler_v1+joint_combo_pmf_v1+role_aware_pmf_cal_v1:starter+monotone_pit_cdf_v1]+stat_grid_final_component_convolution_mean_coherent_v1",phase8_role_aware_pmf_cal_v1+monotone_inactive_global_v1,pre_close,2026-05-22T11:36:28Z,24dddfd7#phase10c,ace5975d-e7d0-44db-a2bc-3f64f51aa9c3,ok,0.0,high,full,current_phase8,unknown,projected,missing,33,0.015
OG Anunoby,18,NYK,CLE,True,21713897,pr,starter,"stat_grid:component_convolution_mean_coherent_v1+components[pts:pmf_sim_v1+role_aware_pmf_cal_v1:starter+monotone_pit_cdf_v1,reb:pmf_sim_v1+role_aware_pmf_cal_v1:starter+monotone_pit_cdf_v1]+prior_combo[joint_sampler_v1+joint_combo_pmf_v1+role_aware_pmf_cal_v1:starter+monotone_pit_cdf_v1]+stat_grid_final_component_convolution_mean_coherent_v1",phase8_role_aware_pmf_cal_v1+monotone_inactive_global_v1,pre_close,2026-05-22T11:36:28Z,24dddfd7#phase10c,ace5975d-e7d0-44db-a2bc-3f64f51aa9c3,ok,0.0,high,full,current_phase8,unknown,projected,missing,34,0.0116
OG Anunoby,18,NYK,CLE,True,21713897,pr,starter,"stat_grid:component_convolution_mean_coherent_v1+components[pts:pmf_sim_v1+role_aware_pmf_cal_v1:starter+monotone_pit_cdf_v1,reb:pmf_sim_v1+role_aware_pmf_cal_v1:starter+monotone_pit_cdf_v1]+prior_combo[joint_sampler_v1+joint_combo_pmf_v1+role_aware_pmf_cal_v1:starter+monotone_pit_cdf_v1]+stat_grid_final_component_convolution_mean_coherent_v1",phase8_role_aware_pmf_cal_v1+monotone_inactive_global_v1,pre_close,2026-05-22T11:36:28Z,24dddfd7#phase10c,ace5975d-e7d0-44db-a2bc-3f64f51aa9c3,ok,0.0,high,full,current_phase8,unknown,projected,missing,35,0.0092
OG Anunoby,18,NYK,CLE,True,21713897,pr,starter,"stat_grid:component_convolution_mean_coherent_v1+components[pts:pmf_sim_v1+role_aware_pmf_cal_v1:starter+monotone_pit_cdf_v1,reb:pmf_sim_v1+role_aware_pmf_cal_v1:starter+monotone_pit_cdf_v1]+prior_combo[joint_sampler_v1+joint_combo_pmf_v1+role_aware_pmf_cal_v1:starter+monotone_pit_cdf_v1]+stat_grid_final_component_convolution_mean_coherent_v1",phase8_role_aware_pmf_cal_v1+monotone_inactive_global_v1,pre_close,2026-05-22T11:36:28Z,24dddfd7#phase10c,ace5975d-e7d0-44db-a2bc-3f64f51aa9c3,ok,0.0,high,full,current_phase8,unknown,projected,missing,36,0.0075
OG Anunoby,18,NYK,CLE,True,21713897,pr,starter,"stat_grid:component_convolution_mean_coherent_v1+components[pts:pmf_sim_v1+role_aware_pmf_cal_v1:starter+monotone_pit_cdf_v1,reb:pmf_sim_v1+role_aware_pmf_cal_v1:starter+monotone_pit_cdf_v1]+prior_combo[joint_sampler_v1+joint_combo_pmf_v1+role_aware_pmf_cal_v1:starter+monotone_pit_cdf_v1]+stat_grid_final_component_convolution_mean_coherent_v1",phase8_role_aware_pmf_cal_v1+monotone_inactive_global_v1,pre_close,2026-05-22T11:36:28Z,24dddfd7#phase10c,ace5975d-e7d0-44db-a2bc-3f64f51aa9c3,ok,0.0,high,full,current_phase8,unknown,projected,missing,37,0.0062
OG Anunoby,18,NYK,CLE,True,21713897,pr,starter,"stat_grid:component_convolution_mean_coherent_v1+components[pts:pmf_sim_v1+role_aware_pmf_cal_v1:starter+monotone_pit_cdf_v1,reb:pmf_sim_v1+role_aware_pmf_cal_v1:starter+monotone_pit_cdf_v1]+prior_combo[joint_sampler_v1+joint_combo_pmf_v1+role_aware_pmf_cal_v1:starter+monotone_pit_cdf_v1]+stat_grid_final_component_convolution_mean_coherent_v1",phase8_role_aware_pmf_cal_v1+monotone_inactive_global_v1,pre_close,2026-05-22T11:36:28Z,24dddfd7#phase10c,ace5975d-e7d0-44db-a2bc-3f64f51aa9c3,ok,0.0,high,full,current_phase8,unknown,projected,missing,38,0.005
OG Anunoby,18,NYK,CLE,True,21713897,pr,starter,"stat_grid:component_convolution_mean_coherent_v1+components[pts:pmf_sim_v1+role_aware_pmf_cal_v1:starter+monotone_pit_cdf_v1,reb:pmf_sim_v1+role_aware_pmf_cal_v1:starter+monotone_pit_cdf_v1]+prior_combo[joint_sampler_v1+joint_combo_pmf_v1+role_aware_pmf_cal_v1:starter+monotone_pit_cdf_v1]+stat_grid_final_component_convolution_mean_coherent_v1",phase8_role_aware_pmf_cal_v1+monotone_inactive_global_v1,pre_close,2026-05-22T11:36:28Z,24dddfd7#phase10c,ace5975d-e7d0-44db-a2bc-3f64f51aa9c3,ok,0.0,high,full,current_phase8,unknown,projected,missing,39,0.004
OG Anunoby,18,NYK,CLE,True,21713897,pr,starter,"stat_grid:component_convolution_mean_coherent_v1+components[pts:pmf_sim_v1+role_aware_pmf_cal_v1:starter+monotone_pit_cdf_v1,reb:pmf_sim_v1+role_aware_pmf_cal_v1:starter+monotone_pit_cdf_v1]+prior_combo[joint_sampler_v1+joint_combo_pmf_v1+role_aware_pmf_cal_v1:starter+monotone_pit_cdf_v1]+stat_grid_final_component_convolution_mean_coherent_v1",phase8_role_aware_pmf_cal_v1+monotone_inactive_global_v1,pre_close,2026-05-22T11:36:28Z,24dddfd7#phase10c,ace5975d-e7d0-44db-a2bc-3f64f51aa9c3,ok,0.0,high,full,current_phase8,unknown,projected,missing,40,0.0031
OG Anunoby,18,NYK,CLE,True,21713897,pr,starter,"stat_grid:component_convolution_mean_coherent_v1+components[pts:pmf_sim_v1+role_aware_pmf_cal_v1:starter+monotone_pit_cdf_v1,reb:pmf_sim_v1+role_aware_pmf_cal_v1:starter+monotone_pit_cdf_v1]+prior_combo[joint_sampler_v1+joint_combo_pmf_v1+role_aware_pmf_cal_v1:starter+monotone_pit_cdf_v1]+stat_grid_final_component_convolution_mean_coherent_v1",phase8_role_aware_pmf_cal_v1+monotone_inactive_global_v1,pre_close,2026-05-22T11:36:28Z,24dddfd7#phase10c,ace5975d-e7d0-44db-a2bc-3f64f51aa9c3,ok,0.0,high,full,current_phase8,unknown,projected,missing,41,0.0023
OG Anunoby,18,NYK,CLE,True,21713897,pr,starter,"stat_grid:component_convolution_mean_coherent_v1+components[pts:pmf_sim_v1+role_aware_pmf_cal_v1:starter+monotone_pit_cdf_v1,reb:pmf_sim_v1+role_aware_pmf_cal_v1:starter+monotone_pit_cdf_v1]+prior_combo[joint_sampler_v1+joint_combo_pmf_v1+role_aware_pmf_cal_v1:starter+monotone_pit_cdf_v1]+stat_grid_final_component_convolution_mean_coherent_v1",phase8_role_aware_pmf_cal_v1+monotone_inactive_global_v1,pre_close,2026-05-22T11:36:28Z,24dddfd7#phase10c,ace5975d-e7d0-44db-a2bc-3f64f51aa9c3,ok,0.0,high,full,current_phase8,unknown,projected,missing,42,0.0015
OG Anunoby,18,NYK,CLE,True,21713897,pr,starter,"stat_grid:component_convolution_mean_coherent_v1+components[pts:pmf_sim_v1+role_aware_pmf_cal_v1:starter+monotone_pit_cdf_v1,reb:pmf_sim_v1+role_aware_pmf_cal_v1:starter+monotone_pit_cdf_v1]+prior_combo[joint_sampler_v1+joint_combo_pmf_v1+role_aware_pmf_cal_v1:starter+monotone_pit_cdf_v1]+stat_grid_final_component_convolution_mean_coherent_v1",phase8_role_aware_pmf_cal_v1+monotone_inactive_global_v1,pre_close,2026-05-22T11:36:28Z,24dddfd7#phase10c,ace5975d-e7d0-44db-a2bc-3f64f51aa9c3,ok,0.0,high,full,current_phase8,unknown,projected,missing,43,0.001
OG Anunoby,18,NYK,CLE,True,21713897,pr,starter,"stat_grid:component_convolution_mean_coherent_v1+components[pts:pmf_sim_v1+role_aware_pmf_cal_v1:starter+monotone_pit_cdf_v1,reb:pmf_sim_v1+role_aware_pmf_cal_v1:starter+monotone_pit_cdf_v1]+prior_combo[joint_sampler_v1+joint_combo_pmf_v1+role_aware_pmf_cal_v1:starter+monotone_pit_cdf_v1]+stat_grid_final_component_convolution_mean_coherent_v1",phase8_role_aware_pmf_cal_v1+monotone_inactive_global_v1,pre_close,2026-05-22T11:36:28Z,24dddfd7#phase10c,ace5975d-e7d0-44db-a2bc-3f64f51aa9c3,ok,0.0,high,full,current_phase8,unknown,projected,missing,44,0.0006
OG Anunoby,18,NYK,CLE,True,21713897,pr,starter,"stat_grid:component_convolution_mean_coherent_v1+components[pts:pmf_sim_v1+role_aware_pmf_cal_v1:starter+monotone_pit_cdf_v1,reb:pmf_sim_v1+role_aware_pmf_cal_v1:starter+monotone_pit_cdf_v1]+prior_combo[joint_sampler_v1+joint_combo_pmf_v1+role_aware_pmf_cal_v1:starter+monotone_pit_cdf_v1]+stat_grid_final_component_convolution_mean_coherent_v1",phase8_role_aware_pmf_cal_v1+monotone_inactive_global_v1,pre_close,2026-05-22T11:36:28Z,24dddfd7#phase10c,ace5975d-e7d0-44db-a2bc-3f64f51aa9c3,ok,0.0,high,full,current_phase8,unknown,projected,missing,45,0.0004
OG Anunoby,18,NYK,CLE,True,21713897,pr,starter,"stat_grid:component_convolution_mean_coherent_v1+components[pts:pmf_sim_v1+role_aware_pmf_cal_v1:starter+monotone_pit_cdf_v1,reb:pmf_sim_v1+role_aware_pmf_cal_v1:starter+monotone_pit_cdf_v1]+prior_combo[joint_sampler_v1+joint_combo_pmf_v1+role_aware_pmf_cal_v1:starter+monotone_pit_cdf_v1]+stat_grid_final_component_convolution_mean_coherent_v1",phase8_role_aware_pmf_cal_v1+monotone_inactive_global_v1,pre_close,2026-05-22T11:36:28Z,24dddfd7#phase10c,ace5975d-e7d0-44db-a2bc-3f64f51aa9c3,ok,0.0,high,full,current_phase8,unknown,projected,missing,46,0.0002
OG Anunoby,18,NYK,CLE,True,21713897,pr,starter,"stat_grid:component_convolution_mean_coherent_v1+components[pts:pmf_sim_v1+role_aware_pmf_cal_v1:starter+monotone_pit_cdf_v1,reb:pmf_sim_v1+role_aware_pmf_cal_v1:starter+monotone_pit_cdf_v1]+prior_combo[joint_sampler_v1+joint_combo_pmf_v1+role_aware_pmf_cal_v1:starter+monotone_pit_cdf_v1]+stat_grid_final_component_convolution_mean_coherent_v1",phase8_role_aware_pmf_cal_v1+monotone_inactive_global_v1,pre_close,2026-05-22T11:36:28Z,24dddfd7#phase10c,ace5975d-e7d0-44db-a2bc-3f64f51aa9c3,ok,0.0,high,full,current_phase8,unknown,projected,missing,47,0.0002
OG Anunoby,18,NYK,CLE,True,21713897,pr,starter,"stat_grid:component_convolution_mean_coherent_v1+components[pts:pmf_sim_v1+role_aware_pmf_cal_v1:starter+monotone_pit_cdf_v1,reb:pmf_sim_v1+role_aware_pmf_cal_v1:starter+monotone_pit_cdf_v1]+prior_combo[joint_sampler_v1+joint_combo_pmf_v1+role_aware_pmf_cal_v1:starter+monotone_pit_cdf_v1]+stat_grid_final_component_convolution_mean_coherent_v1",phase8_role_aware_pmf_cal_v1+monotone_inactive_global_v1,pre_close,2026-05-22T11:36:28Z,24dddfd7#phase10c,ace5975d-e7d0-44db-a2bc-3f64f51aa9c3,ok,0.0,high,full,current_phase8,unknown,projected,missing,48,0.0001
OG Anunoby,18,NYK,CLE,True,21713897,pr,starter,"stat_grid:component_convolution_mean_coherent_v1+components[pts:pmf_sim_v1+role_aware_pmf_cal_v1:starter+monotone_pit_cdf_v1,reb:pmf_sim_v1+role_aware_pmf_cal_v1:starter+monotone_pit_cdf_v1]+prior_combo[joint_sampler_v1+joint_combo_pmf_v1+role_aware_pmf_cal_v1:starter+monotone_pit_cdf_v1]+stat_grid_final_component_convolution_mean_coherent_v1",phase8_role_aware_pmf_cal_v1+monotone_inactive_global_v1,pre_close,2026-05-22T11:36:28Z,24dddfd7#phase10c,ace5975d-e7d0-44db-a2bc-3f64f51aa9c3,ok,0.0,high,full,current_phase8,unknown,projected,missing,49,0.0001
OG Anunoby,18,NYK,CLE,True,21713897,pr,starter,"stat_grid:component_convolution_mean_coherent_v1+components[pts:pmf_sim_v1+role_aware_pmf_cal_v1:starter+monotone_pit_cdf_v1,reb:pmf_sim_v1+role_aware_pmf_cal_v1:starter+monotone_pit_cdf_v1]+prior_combo[joint_sampler_v1+joint_combo_pmf_v1+role_aware_pmf_cal_v1:starter+monotone_pit_cdf_v1]+stat_grid_final_component_convolution_mean_coherent_v1",phase8_role_aware_pmf_cal_v1+monotone_inactive_global_v1,pre_close,2026-05-22T11:36:28Z,24dddfd7#phase10c,ace5975d-e7d0-44db-a2bc-3f64f51aa9c3,ok,0.0,high,full,current_phase8,unknown,projected,missing,50,0.0001
OG Anunoby,18,NYK,CLE,True,21713897,pr,starter,"stat_grid:component_convolution_mean_coherent_v1+components[pts:pmf_sim_v1+role_aware_pmf_cal_v1:starter+monotone_pit_cdf_v1,reb:pmf_sim_v1+role_aware_pmf_cal_v1:starter+monotone_pit_cdf_v1]+prior_combo[joint_sampler_v1+joint_combo_pmf_v1+role_aware_pmf_cal_v1:starter+monotone_pit_cdf_v1]+stat_grid_final_component_convolution_mean_coherent_v1",phase8_role_aware_pmf_cal_v1+monotone_inactive_global_v1,pre_close,2026-05-22T11:36:28Z,24dddfd7#phase10c,ace5975d-e7d0-44db-a2bc-3f64f51aa9c3,ok,0.0,high,full,current_phase8,unknown,projected,missing,51,0.0001
OG Anunoby,18,NYK,CLE,True,21713897,pr,starter,"stat_grid:component_convolution_mean_coherent_v1+components[pts:pmf_sim_v1+role_aware_pmf_cal_v1:starter+monotone_pit_cdf_v1,reb:pmf_sim_v1+role_aware_pmf_cal_v1:starter+monotone_pit_cdf_v1]+prior_combo[joint_sampler_v1+joint_combo_pmf_v1+role_aware_pmf_cal_v1:starter+monotone_pit_cdf_v1]+stat_grid_final_component_convolution_mean_coherent_v1",phase8_role_aware_pmf_cal_v1+monotone_inactive_global_v1,pre_close,2026-05-22T11:36:28Z,24dddfd7#phase10c,ace5975d-e7d0-44db-a2bc-3f64f51aa9c3,ok,0.0,high,full,current_phase8,unknown,projected,missing,52,0.0001
OG Anunoby,18,NYK,CLE,True,21713897,pr,starter,"stat_grid:component_convolution_mean_coherent_v1+components[pts:pmf_sim_v1+role_aware_pmf_cal_v1:starter+monotone_pit_cdf_v1,reb:pmf_sim_v1+role_aware_pmf_cal_v1:starter+monotone_pit_cdf_v1]+prior_combo[joint_sampler_v1+joint_combo_pmf_v1+role_aware_pmf_cal_v1:starter+monotone_pit_cdf_v1]+stat_grid_final_component_convolution_mean_coherent_v1",phase8_role_aware_pmf_cal_v1+monotone_inactive_global_v1,pre_close,2026-05-22T11:36:28Z,24dddfd7#phase10c,ace5975d-e7d0-44db-a2bc-3f64f51aa9c3,ok,0.0,high,full,current_phase8,unknown,projected,missing,53,0.0001
OG Anunoby,18,NYK,CLE,True,21713897,pr,starter,"stat_grid:component_convolution_mean_coherent_v1+components[pts:pmf_sim_v1+role_aware_pmf_cal_v1:starter+monotone_pit_cdf_v1,reb:pmf_sim_v1+role_aware_pmf_cal_v1:starter+monotone_pit_cdf_v1]+prior_combo[joint_sampler_v1+joint_combo_pmf_v1+role_aware_pmf_cal_v1:starter+monotone_pit_cdf_v1]+stat_grid_final_component_convolution_mean_coherent_v1",phase8_role_aware_pmf_cal_v1+monotone_inactive_global_v1,pre_close,2026-05-22T11:36:28Z,24dddfd7#phase10c,ace5975d-e7d0-44db-a2bc-3f64f51aa9c3,ok,0.0,high,full,current_phase8,unknown,projected,missing,54,0.0
OG Anunoby,18,NYK,CLE,True,21713897,pr,starter,"stat_grid:component_convolution_mean_coherent_v1+components[pts:pmf_sim_v1+role_aware_pmf_cal_v1:starter+monotone_pit_cdf_v1,reb:pmf_sim_v1+role_aware_pmf_cal_v1:starter+monotone_pit_cdf_v1]+prior_combo[joint_sampler_v1+joint_combo_pmf_v1+role_aware_pmf_cal_v1:starter+monotone_pit_cdf_v1]+stat_grid_final_component_convolution_mean_coherent_v1",phase8_role_aware_pmf_cal_v1+monotone_inactive_global_v1,pre_close,2026-05-22T11:36:28Z,24dddfd7#phase10c,ace5975d-e7d0-44db-a2bc-3f64f51aa9c3,ok,0.0,high,full,current_phase8,unknown,projected,missing,55,0.0
OG Anunoby,18,NYK,CLE,True,21713897,pr,starter,"stat_grid:component_convolution_mean_coherent_v1+components[pts:pmf_sim_v1+role_aware_pmf_cal_v1:starter+monotone_pit_cdf_v1,reb:pmf_sim_v1+role_aware_pmf_cal_v1:starter+monotone_pit_cdf_v1]+prior_combo[joint_sampler_v1+joint_combo_pmf_v1+role_aware_pmf_cal_v1:starter+monotone_pit_cdf_v1]+stat_grid_final_component_convolution_mean_coherent_v1",phase8_role_aware_pmf_cal_v1+monotone_inactive_global_v1,pre_close,2026-05-22T11:36:28Z,24dddfd7#phase10c,ace5975d-e7d0-44db-a2bc-3f64f51aa9c3,ok,0.0,high,full,current_phase8,unknown,projected,missing,56,0.0
OG Anunoby,18,NYK,CLE,True,21713897,pr,starter,"stat_grid:component_convolution_mean_coherent_v1+components[pts:pmf_sim_v1+role_aware_pmf_cal_v1:starter+monotone_pit_cdf_v1,reb:pmf_sim_v1+role_aware_pmf_cal_v1:starter+monotone_pit_cdf_v1]+prior_combo[joint_sampler_v1+joint_combo_pmf_v1+role_aware_pmf_cal_v1:starter+monotone_pit_cdf_v1]+stat_grid_final_component_convolution_mean_coherent_v1",phase8_role_aware_pmf_cal_v1+monotone_inactive_global_v1,pre_close,2026-05-22T11:36:28Z,24dddfd7#phase10c,ace5975d-e7d0-44db-a2bc-3f64f51aa9c3,ok,0.0,high,full,current_phase8,unknown,projected,missing,57,0.0
OG Anunoby,18,NYK,CLE,True,21713897,pr,starter,"stat_grid:component_convolution_mean_coherent_v1+components[pts:pmf_sim_v1+role_aware_pmf_cal_v1:starter+monotone_pit_cdf_v1,reb:pmf_sim_v1+role_aware_pmf_cal_v1:starter+monotone_pit_cdf_v1]+prior_combo[joint_sampler_v1+joint_combo_pmf_v1+role_aware_pmf_cal_v1:starter+monotone_pit_cdf_v1]+stat_grid_final_component_convolution_mean_coherent_v1",phase8_role_aware_pmf_cal_v1+monotone_inactive_global_v1,pre_close,2026-05-22T11:36:28Z,24dddfd7#phase10c,ace5975d-e7d0-44db-a2bc-3f64f51aa9c3,ok,0.0,high,full,current_phase8,unknown,projected,missing,58,0.0
OG Anunoby,18,NYK,CLE,True,21713897,pr,starter,"stat_grid:component_convolution_mean_coherent_v1+components[pts:pmf_sim_v1+role_aware_pmf_cal_v1:starter+monotone_pit_cdf_v1,reb:pmf_sim_v1+role_aware_pmf_cal_v1:starter+monotone_pit_cdf_v1]+prior_combo[joint_sampler_v1+joint_combo_pmf_v1+role_aware_pmf_cal_v1:starter+monotone_pit_cdf_v1]+stat_grid_final_component_convolution_mean_coherent_v1",phase8_role_aware_pmf_cal_v1+monotone_inactive_global_v1,pre_close,2026-05-22T11:36:28Z,24dddfd7#phase10c,ace5975d-e7d0-44db-a2bc-3f64f51aa9c3,ok,0.0,high,full,current_phase8,unknown,projected,missing,59,0.0
OG Anunoby,18,NYK,CLE,True,21713897,pr,starter,"stat_grid:component_convolution_mean_coherent_v1+components[pts:pmf_sim_v1+role_aware_pmf_cal_v1:starter+monotone_pit_cdf_v1,reb:pmf_sim_v1+role_aware_pmf_cal_v1:starter+monotone_pit_cdf_v1]+prior_combo[joint_sampler_v1+joint_combo_pmf_v1+role_aware_pmf_cal_v1:starter+monotone_pit_cdf_v1]+stat_grid_final_component_convolution_mean_coherent_v1",phase8_role_aware_pmf_cal_v1+monotone_inactive_global_v1,pre_close,2026-05-22T11:36:28Z,24dddfd7#phase10c,ace5975d-e7d0-44db-a2bc-3f64f51aa9c3,ok,0.0,high,full,current_phase8,unknown,projected,missing,60,0.0
OG Anunoby,18,NYK,CLE,True,21713897,pr,starter,"stat_grid:component_convolution_mean_coherent_v1+components[pts:pmf_sim_v1+role_aware_pmf_cal_v1:starter+monotone_pit_cdf_v1,reb:pmf_sim_v1+role_aware_pmf_cal_v1:starter+monotone_pit_cdf_v1]+prior_combo[joint_sampler_v1+joint_combo_pmf_v1+role_aware_pmf_cal_v1:starter+monotone_pit_cdf_v1]+stat_grid_final_component_convolution_mean_coherent_v1",phase8_role_aware_pmf_cal_v1+monotone_inactive_global_v1,pre_close,2026-05-22T11:36:28Z,24dddfd7#phase10c,ace5975d-e7d0-44db-a2bc-3f64f51aa9c3,ok,0.0,high,full,current_phase8,unknown,projected,missing,61,0.0
OG Anunoby,18,NYK,CLE,True,21713897,pr,starter,"stat_grid:component_convolution_mean_coherent_v1+components[pts:pmf_sim_v1+role_aware_pmf_cal_v1:starter+monotone_pit_cdf_v1,reb:pmf_sim_v1+role_aware_pmf_cal_v1:starter+monotone_pit_cdf_v1]+prior_combo[joint_sampler_v1+joint_combo_pmf_v1+role_aware_pmf_cal_v1:starter+monotone_pit_cdf_v1]+stat_grid_final_component_convolution_mean_coherent_v1",phase8_role_aware_pmf_cal_v1+monotone_inactive_global_v1,pre_close,2026-05-22T11:36:28Z,24dddfd7#phase10c,ace5975d-e7d0-44db-a2bc-3f64f51aa9c3,ok,0.0,high,full,current_phase8,unknown,projected,missing,62,0.0
OG Anunoby,18,NYK,CLE,True,21713897,pr,starter,"stat_grid:component_convolution_mean_coherent_v1+components[pts:pmf_sim_v1+role_aware_pmf_cal_v1:starter+monotone_pit_cdf_v1,reb:pmf_sim_v1+role_aware_pmf_cal_v1:starter+monotone_pit_cdf_v1]+prior_combo[joint_sampler_v1+joint_combo_pmf_v1+role_aware_pmf_cal_v1:starter+monotone_pit_cdf_v1]+stat_grid_final_component_convolution_mean_coherent_v1",phase8_role_aware_pmf_cal_v1+monotone_inactive_global_v1,pre_close,2026-05-22T11:36:28Z,24dddfd7#phase10c,ace5975d-e7d0-44db-a2bc-3f64f51aa9c3,ok,0.0,high,full,current_phase8,unknown,projected,missing,63,0.0
OG Anunoby,18,NYK,CLE,True,21713897,pr,starter,"stat_grid:component_convolution_mean_coherent_v1+components[pts:pmf_sim_v1+role_aware_pmf_cal_v1:starter+monotone_pit_cdf_v1,reb:pmf_sim_v1+role_aware_pmf_cal_v1:starter+monotone_pit_cdf_v1]+prior_combo[joint_sampler_v1+joint_combo_pmf_v1+role_aware_pmf_cal_v1:starter+monotone_pit_cdf_v1]+stat_grid_final_component_convolution_mean_coherent_v1",phase8_role_aware_pmf_cal_v1+monotone_inactive_global_v1,pre_close,2026-05-22T11:36:28Z,24dddfd7#phase10c,ace5975d-e7d0-44db-a2bc-3f64f51aa9c3,ok,0.0,high,full,current_phase8,unknown,projected,missing,64,0.0
OG Anunoby,18,NYK,CLE,True,21713897,pr,starter,"stat_grid:component_convolution_mean_coherent_v1+components[pts:pmf_sim_v1+role_aware_pmf_cal_v1:starter+monotone_pit_cdf_v1,reb:pmf_sim_v1+role_aware_pmf_cal_v1:starter+monotone_pit_cdf_v1]+prior_combo[joint_sampler_v1+joint_combo_pmf_v1+role_aware_pmf_cal_v1:starter+monotone_pit_cdf_v1]+stat_grid_final_component_convolution_mean_coherent_v1",phase8_role_aware_pmf_cal_v1+monotone_inactive_global_v1,pre_close,2026-05-22T11:36:28Z,24dddfd7#phase10c,ace5975d-e7d0-44db-a2bc-3f64f51aa9c3,ok,0.0,high,full,current_phase8,unknown,projected,missing,65,0.0
OG Anunoby,18,NYK,CLE,True,21713897,pr,starter,"stat_grid:component_convolution_mean_coherent_v1+components[pts:pmf_sim_v1+role_aware_pmf_cal_v1:starter+monotone_pit_cdf_v1,reb:pmf_sim_v1+role_aware_pmf_cal_v1:starter+monotone_pit_cdf_v1]+prior_combo[joint_sampler_v1+joint_combo_pmf_v1+role_aware_pmf_cal_v1:starter+monotone_pit_cdf_v1]+stat_grid_final_component_convolution_mean_coherent_v1",phase8_role_aware_pmf_cal_v1+monotone_inactive_global_v1,pre_close,2026-05-22T11:36:28Z,24dddfd7#phase10c,ace5975d-e7d0-44db-a2bc-3f64f51aa9c3,ok,0.0,high,full,current_phase8,unknown,projected,missing,66,0.0
OG Anunoby,18,NYK,CLE,True,21713897,pr,starter,"stat_grid:component_convolution_mean_coherent_v1+components[pts:pmf_sim_v1+role_aware_pmf_cal_v1:starter+monotone_pit_cdf_v1,reb:pmf_sim_v1+role_aware_pmf_cal_v1:starter+monotone_pit_cdf_v1]+prior_combo[joint_sampler_v1+joint_combo_pmf_v1+role_aware_pmf_cal_v1:starter+monotone_pit_cdf_v1]+stat_grid_final_component_convolution_mean_coherent_v1",phase8_role_aware_pmf_cal_v1+monotone_inactive_global_v1,pre_close,2026-05-22T11:36:28Z,24dddfd7#phase10c,ace5975d-e7d0-44db-a2bc-3f64f51aa9c3,ok,0.0,high,full,current_phase8,unknown,projected,missing,67,0.0
OG Anunoby,18,NYK,CLE,True,21713897,pr,starter,"stat_grid:component_convolution_mean_coherent_v1+components[pts:pmf_sim_v1+role_aware_pmf_cal_v1:starter+monotone_pit_cdf_v1,reb:pmf_sim_v1+role_aware_pmf_cal_v1:starter+monotone_pit_cdf_v1]+prior_combo[joint_sampler_v1+joint_combo_pmf_v1+role_aware_pmf_cal_v1:starter+monotone_pit_cdf_v1]+stat_grid_final_component_convolution_mean_coherent_v1",phase8_role_aware_pmf_cal_v1+monotone_inactive_global_v1,pre_close,2026-05-22T11:36:28Z,24dddfd7#phase10c,ace5975d-e7d0-44db-a2bc-3f64f51aa9c3,ok,0.0,high,full,current_phase8,unknown,projected,missing,68,0.0
OG Anunoby,18,NYK,CLE,True,21713897,pr,starter,"stat_grid:component_convolution_mean_coherent_v1+components[pts:pmf_sim_v1+role_aware_pmf_cal_v1:starter+monotone_pit_cdf_v1,reb:pmf_sim_v1+role_aware_pmf_cal_v1:starter+monotone_pit_cdf_v1]+prior_combo[joint_sampler_v1+joint_combo_pmf_v1+role_aware_pmf_cal_v1:starter+monotone_pit_cdf_v1]+stat_grid_final_component_convolution_mean_coherent_v1",phase8_role_aware_pmf_cal_v1+monotone_inactive_global_v1,pre_close,2026-05-22T11:36:28Z,24dddfd7#phase10c,ace5975d-e7d0-44db-a2bc-3f64f51aa9c3,ok,0.0,high,full,current_phase8,unknown,projected,missing,69,0.0
OG Anunoby,18,NYK,CLE,True,21713897,pr,starter,"stat_grid:component_convolution_mean_coherent_v1+components[pts:pmf_sim_v1+role_aware_pmf_cal_v1:starter+monotone_pit_cdf_v1,reb:pmf_sim_v1+role_aware_pmf_cal_v1:starter+monotone_pit_cdf_v1]+prior_combo[joint_sampler_v1+joint_combo_pmf_v1+role_aware_pmf_cal_v1:starter+monotone_pit_cdf_v1]+stat_grid_final_component_convolution_mean_coherent_v1",phase8_role_aware_pmf_cal_v1+monotone_inactive_global_v1,pre_close,2026-05-22T11:36:28Z,24dddfd7#phase10c,ace5975d-e7d0-44db-a2bc-3f64f51aa9c3,ok,0.0,high,full,current_phase8,unknown,projected,missing,70,0.0
OG Anunoby,18,NYK,CLE,True,21713897,pr,starter,"stat_grid:component_convolution_mean_coherent_v1+components[pts:pmf_sim_v1+role_aware_pmf_cal_v1:starter+monotone_pit_cdf_v1,reb:pmf_sim_v1+role_aware_pmf_cal_v1:starter+monotone_pit_cdf_v1]+prior_combo[joint_sampler_v1+joint_combo_pmf_v1+role_aware_pmf_cal_v1:starter+monotone_pit_cdf_v1]+stat_grid_final_component_convolution_mean_coherent_v1",phase8_role_aware_pmf_cal_v1+monotone_inactive_global_v1,pre_close,2026-05-22T11:36:28Z,24dddfd7#phase10c,ace5975d-e7d0-44db-a2bc-3f64f51aa9c3,ok,0.0,high,full,current_phase8,unknown,projected,missing,71,0.0
OG Anunoby,18,NYK,CLE,True,21713897,pr,starter,"stat_grid:component_convolution_mean_coherent_v1+components[pts:pmf_sim_v1+role_aware_pmf_cal_v1:starter+monotone_pit_cdf_v1,reb:pmf_sim_v1+role_aware_pmf_cal_v1:starter+monotone_pit_cdf_v1]+prior_combo[joint_sampler_v1+joint_combo_pmf_v1+role_aware_pmf_cal_v1:starter+monotone_pit_cdf_v1]+stat_grid_final_component_convolution_mean_coherent_v1",phase8_role_aware_pmf_cal_v1+monotone_inactive_global_v1,pre_close,2026-05-22T11:36:28Z,24dddfd7#phase10c,ace5975d-e7d0-44db-a2bc-3f64f51aa9c3,ok,0.0,high,full,current_phase8,unknown,projected,missing,72,0.0
OG Anunoby,18,NYK,CLE,True,21713897,pr,starter,"stat_grid:component_convolution_mean_coherent_v1+components[pts:pmf_sim_v1+role_aware_pmf_cal_v1:starter+monotone_pit_cdf_v1,reb:pmf_sim_v1+role_aware_pmf_cal_v1:starter+monotone_pit_cdf_v1]+prior_combo[joint_sampler_v1+joint_combo_pmf_v1+role_aware_pmf_cal_v1:starter+monotone_pit_cdf_v1]+stat_grid_final_component_convolution_mean_coherent_v1",phase8_role_aware_pmf_cal_v1+monotone_inactive_global_v1,pre_close,2026-05-22T11:36:28Z,24dddfd7#phase10c,ace5975d-e7d0-44db-a2bc-3f64f51aa9c3,ok,0.0,high,full,current_phase8,unknown,projected,missing,73,0.0
OG Anunoby,18,NYK,CLE,True,21713897,pr,starter,"stat_grid:component_convolution_mean_coherent_v1+components[pts:pmf_sim_v1+role_aware_pmf_cal_v1:starter+monotone_pit_cdf_v1,reb:pmf_sim_v1+role_aware_pmf_cal_v1:starter+monotone_pit_cdf_v1]+prior_combo[joint_sampler_v1+joint_combo_pmf_v1+role_aware_pmf_cal_v1:starter+monotone_pit_cdf_v1]+stat_grid_final_component_convolution_mean_coherent_v1",phase8_role_aware_pmf_cal_v1+monotone_inactive_global_v1,pre_close,2026-05-22T11:36:28Z,24dddfd7#phase10c,ace5975d-e7d0-44db-a2bc-3f64f51aa9c3,ok,0.0,high,full,current_phase8,unknown,projected,missing,74,0.0
OG Anunoby,18,NYK,CLE,True,21713897,pr,starter,"stat_grid:component_convolution_mean_coherent_v1+components[pts:pmf_sim_v1+role_aware_pmf_cal_v1:starter+monotone_pit_cdf_v1,reb:pmf_sim_v1+role_aware_pmf_cal_v1:starter+monotone_pit_cdf_v1]+prior_combo[joint_sampler_v1+joint_combo_pmf_v1+role_aware_pmf_cal_v1:starter+monotone_pit_cdf_v1]+stat_grid_final_component_convolution_mean_coherent_v1",phase8_role_aware_pmf_cal_v1+monotone_inactive_global_v1,pre_close,2026-05-22T11:36:28Z,24dddfd7#phase10c,ace5975d-e7d0-44db-a2bc-3f64f51aa9c3,ok,0.0,high,full,current_phase8,unknown,projected,missing,75,0.0
OG Anunoby,18,NYK,CLE,True,21713897,pr,starter,"stat_grid:component_convolution_mean_coherent_v1+components[pts:pmf_sim_v1+role_aware_pmf_cal_v1:starter+monotone_pit_cdf_v1,reb:pmf_sim_v1+role_aware_pmf_cal_v1:starter+monotone_pit_cdf_v1]+prior_combo[joint_sampler_v1+joint_combo_pmf_v1+role_aware_pmf_cal_v1:starter+monotone_pit_cdf_v1]+stat_grid_final_component_convolution_mean_coherent_v1",phase8_role_aware_pmf_cal_v1+monotone_inactive_global_v1,pre_close,2026-05-22T11:36:28Z,24dddfd7#phase10c,ace5975d-e7d0-44db-a2bc-3f64f51aa9c3,ok,0.0,high,full,current_phase8,unknown,projected,missing,76,0.0
OG Anunoby,18,NYK,CLE,True,21713897,pr,starter,"stat_grid:component_convolution_mean_coherent_v1+components[pts:pmf_sim_v1+role_aware_pmf_cal_v1:starter+monotone_pit_cdf_v1,reb:pmf_sim_v1+role_aware_pmf_cal_v1:starter+monotone_pit_cdf_v1]+prior_combo[joint_sampler_v1+joint_combo_pmf_v1+role_aware_pmf_cal_v1:starter+monotone_pit_cdf_v1]+stat_grid_final_component_convolution_mean_coherent_v1",phase8_role_aware_pmf_cal_v1+monotone_inactive_global_v1,pre_close,2026-05-22T11:36:28Z,24dddfd7#phase10c,ace5975d-e7d0-44db-a2bc-3f64f51aa9c3,ok,0.0,high,full,current_phase8,unknown,projected,missing,77,0.0
OG Anunoby,18,NYK,CLE,True,21713897,pr,starter,"stat_grid:component_convolution_mean_coherent_v1+components[pts:pmf_sim_v1+role_aware_pmf_cal_v1:starter+monotone_pit_cdf_v1,reb:pmf_sim_v1+role_aware_pmf_cal_v1:starter+monotone_pit_cdf_v1]+prior_combo[joint_sampler_v1+joint_combo_pmf_v1+role_aware_pmf_cal_v1:starter+monotone_pit_cdf_v1]+stat_grid_final_component_convolution_mean_coherent_v1",phase8_role_aware_pmf_cal_v1+monotone_inactive_global_v1,pre_close,2026-05-22T11:36:28Z,24dddfd7#phase10c,ace5975d-e7d0-44db-a2bc-3f64f51aa9c3,ok,0.0,high,full,current_phase8,unknown,projected,missing,78,0.0
OG Anunoby,18,NYK,CLE,True,21713897,pr,starter,"stat_grid:component_convolution_mean_coherent_v1+components[pts:pmf_sim_v1+role_aware_pmf_cal_v1:starter+monotone_pit_cdf_v1,reb:pmf_sim_v1+role_aware_pmf_cal_v1:starter+monotone_pit_cdf_v1]+prior_combo[joint_sampler_v1+joint_combo_pmf_v1+role_aware_pmf_cal_v1:starter+monotone_pit_cdf_v1]+stat_grid_final_component_convolution_mean_coherent_v1",phase8_role_aware_pmf_cal_v1+monotone_inactive_global_v1,pre_close,2026-05-22T11:36:28Z,24dddfd7#phase10c,ace5975d-e7d0-44db-a2bc-3f64f51aa9c3,ok,0.0,high,full,current_phase8,unknown,projected,missing,79,0.0
OG Anunoby,18,NYK,CLE,True,21713897,pr,starter,"stat_grid:component_convolution_mean_coherent_v1+components[pts:pmf_sim_v1+role_aware_pmf_cal_v1:starter+monotone_pit_cdf_v1,reb:pmf_sim_v1+role_aware_pmf_cal_v1:starter+monotone_pit_cdf_v1]+prior_combo[joint_sampler_v1+joint_combo_pmf_v1+role_aware_pmf_cal_v1:starter+monotone_pit_cdf_v1]+stat_grid_final_component_convolution_mean_coherent_v1",phase8_role_aware_pmf_cal_v1+monotone_inactive_global_v1,pre_close,2026-05-22T11:36:28Z,24dddfd7#phase10c,ace5975d-e7d0-44db-a2bc-3f64f51aa9c3,ok,0.0,high,full,current_phase8,unknown,projected,missing,80,0.0
OG Anunoby,18,NYK,CLE,True,21713897,pr,starter,"stat_grid:component_convolution_mean_coherent_v1+components[pts:pmf_sim_v1+role_aware_pmf_cal_v1:starter+monotone_pit_cdf_v1,reb:pmf_sim_v1+role_aware_pmf_cal_v1:starter+monotone_pit_cdf_v1]+prior_combo[joint_sampler_v1+joint_combo_pmf_v1+role_aware_pmf_cal_v1:starter+monotone_pit_cdf_v1]+stat_grid_final_component_convolution_mean_coherent_v1",phase8_role_aware_pmf_cal_v1+monotone_inactive_global_v1,pre_close,2026-05-22T11:36:28Z,24dddfd7#phase10c,ace5975d-e7d0-44db-a2bc-3f64f51aa9c3,ok,0.0,high,full,current_phase8,unknown,projected,missing,81,0.0
OG Anunoby,18,NYK,CLE,True,21713897,pr,starter,"stat_grid:component_convolution_mean_coherent_v1+components[pts:pmf_sim_v1+role_aware_pmf_cal_v1:starter+monotone_pit_cdf_v1,reb:pmf_sim_v1+role_aware_pmf_cal_v1:starter+monotone_pit_cdf_v1]+prior_combo[joint_sampler_v1+joint_combo_pmf_v1+role_aware_pmf_cal_v1:starter+monotone_pit_cdf_v1]+stat_grid_final_component_convolution_mean_coherent_v1",phase8_role_aware_pmf_cal_v1+monotone_inactive_global_v1,pre_close,2026-05-22T11:36:28Z,24dddfd7#phase10c,ace5975d-e7d0-44db-a2bc-3f64f51aa9c3,ok,0.0,high,full,current_phase8,unknown,projected,missing,82,0.0
OG Anunoby,18,NYK,CLE,True,21713897,pr,starter,"stat_grid:component_convolution_mean_coherent_v1+components[pts:pmf_sim_v1+role_aware_pmf_cal_v1:starter+monotone_pit_cdf_v1,reb:pmf_sim_v1+role_aware_pmf_cal_v1:starter+monotone_pit_cdf_v1]+prior_combo[joint_sampler_v1+joint_combo_pmf_v1+role_aware_pmf_cal_v1:starter+monotone_pit_cdf_v1]+stat_grid_final_component_convolution_mean_coherent_v1",phase8_role_aware_pmf_cal_v1+monotone_inactive_global_v1,pre_close,2026-05-22T11:36:28Z,24dddfd7#phase10c,ace5975d-e7d0-44db-a2bc-3f64f51aa9c3,ok,0.0,high,full,current_phase8,unknown,projected,missing,83,0.0
OG Anunoby,18,NYK,CLE,True,21713897,pr,starter,"stat_grid:component_convolution_mean_coherent_v1+components[pts:pmf_sim_v1+role_aware_pmf_cal_v1:starter+monotone_pit_cdf_v1,reb:pmf_sim_v1+role_aware_pmf_cal_v1:starter+monotone_pit_cdf_v1]+prior_combo[joint_sampler_v1+joint_combo_pmf_v1+role_aware_pmf_cal_v1:starter+monotone_pit_cdf_v1]+stat_grid_final_component_convolution_mean_coherent_v1",phase8_role_aware_pmf_cal_v1+monotone_inactive_global_v1,pre_close,2026-05-22T11:36:28Z,24dddfd7#phase10c,ace5975d-e7d0-44db-a2bc-3f64f51aa9c3,ok,0.0,high,full,current_phase8,unknown,projected,missing,84,0.0
OG Anunoby,18,NYK,CLE,True,21713897,pr,starter,"stat_grid:component_convolution_mean_coherent_v1+components[pts:pmf_sim_v1+role_aware_pmf_cal_v1:starter+monotone_pit_cdf_v1,reb:pmf_sim_v1+role_aware_pmf_cal_v1:starter+monotone_pit_cdf_v1]+prior_combo[joint_sampler_v1+joint_combo_pmf_v1+role_aware_pmf_cal_v1:starter+monotone_pit_cdf_v1]+stat_grid_final_component_convolution_mean_coherent_v1",phase8_role_aware_pmf_cal_v1+monotone_inactive_global_v1,pre_close,2026-05-22T11:36:28Z,24dddfd7#phase10c,ace5975d-e7d0-44db-a2bc-3f64f51aa9c3,ok,0.0,high,full,current_phase8,unknown,projected,missing,85,0.0
OG Anunoby,18,NYK,CLE,True,21713897,pr,starter,"stat_grid:component_convolution_mean_coherent_v1+components[pts:pmf_sim_v1+role_aware_pmf_cal_v1:starter+monotone_pit_cdf_v1,reb:pmf_sim_v1+role_aware_pmf_cal_v1:starter+monotone_pit_cdf_v1]+prior_combo[joint_sampler_v1+joint_combo_pmf_v1+role_aware_pmf_cal_v1:starter+monotone_pit_cdf_v1]+stat_grid_final_component_convolution_mean_coherent_v1",phase8_role_aware_pmf_cal_v1+monotone_inactive_global_v1,pre_close,2026-05-22T11:36:28Z,24dddfd7#phase10c,ace5975d-e7d0-44db-a2bc-3f64f51aa9c3,ok,0.0,high,full,current_phase8,unknown,projected,missing,86,0.0
OG Anunoby,18,NYK,CLE,True,21713897,pr,starter,"stat_grid:component_convolution_mean_coherent_v1+components[pts:pmf_sim_v1+role_aware_pmf_cal_v1:starter+monotone_pit_cdf_v1,reb:pmf_sim_v1+role_aware_pmf_cal_v1:starter+monotone_pit_cdf_v1]+prior_combo[joint_sampler_v1+joint_combo_pmf_v1+role_aware_pmf_cal_v1:starter+monotone_pit_cdf_v1]+stat_grid_final_component_convolution_mean_coherent_v1",phase8_role_aware_pmf_cal_v1+monotone_inactive_global_v1,pre_close,2026-05-22T11:36:28Z,24dddfd7#phase10c,ace5975d-e7d0-44db-a2bc-3f64f51aa9c3,ok,0.0,high,full,current_phase8,unknown,projected,missing,87,0.0
OG Anunoby,18,NYK,CLE,True,21713897,pr,starter,"stat_grid:component_convolution_mean_coherent_v1+components[pts:pmf_sim_v1+role_aware_pmf_cal_v1:starter+monotone_pit_cdf_v1,reb:pmf_sim_v1+role_aware_pmf_cal_v1:starter+monotone_pit_cdf_v1]+prior_combo[joint_sampler_v1+joint_combo_pmf_v1+role_aware_pmf_cal_v1:starter+monotone_pit_cdf_v1]+stat_grid_final_component_convolution_mean_coherent_v1",phase8_role_aware_pmf_cal_v1+monotone_inactive_global_v1,pre_close,2026-05-22T11:36:28Z,24dddfd7#phase10c,ace5975d-e7d0-44db-a2bc-3f64f51aa9c3,ok,0.0,high,full,current_phase8,unknown,projected,missing,88,0.0
OG Anunoby,18,NYK,CLE,True,21713897,pr,starter,"stat_grid:component_convolution_mean_coherent_v1+components[pts:pmf_sim_v1+role_aware_pmf_cal_v1:starter+monotone_pit_cdf_v1,reb:pmf_sim_v1+role_aware_pmf_cal_v1:starter+monotone_pit_cdf_v1]+prior_combo[joint_sampler_v1+joint_combo_pmf_v1+role_aware_pmf_cal_v1:starter+monotone_pit_cdf_v1]+stat_grid_final_component_convolution_mean_coherent_v1",phase8_role_aware_pmf_cal_v1+monotone_inactive_global_v1,pre_close,2026-05-22T11:36:28Z,24dddfd7#phase10c,ace5975d-e7d0-44db-a2bc-3f64f51aa9c3,ok,0.0,high,full,current_phase8,unknown,projected,missing,89,0.0
OG Anunoby,18,NYK,CLE,True,21713897,pr,starter,"stat_grid:component_convolution_mean_coherent_v1+components[pts:pmf_sim_v1+role_aware_pmf_cal_v1:starter+monotone_pit_cdf_v1,reb:pmf_sim_v1+role_aware_pmf_cal_v1:starter+monotone_pit_cdf_v1]+prior_combo[joint_sampler_v1+joint_combo_pmf_v1+role_aware_pmf_cal_v1:starter+monotone_pit_cdf_v1]+stat_grid_final_component_convolution_mean_coherent_v1",phase8_role_aware_pmf_cal_v1+monotone_inactive_global_v1,pre_close,2026-05-22T11:36:28Z,24dddfd7#phase10c,ace5975d-e7d0-44db-a2bc-3f64f51aa9c3,ok,0.0,high,full,current_phase8,unknown,projected,missing,90,0.0
OG Anunoby,18,NYK,CLE,True,21713897,pr,starter,"stat_grid:component_convolution_mean_coherent_v1+components[pts:pmf_sim_v1+role_aware_pmf_cal_v1:starter+monotone_pit_cdf_v1,reb:pmf_sim_v1+role_aware_pmf_cal_v1:starter+monotone_pit_cdf_v1]+prior_combo[joint_sampler_v1+joint_combo_pmf_v1+role_aware_pmf_cal_v1:starter+monotone_pit_cdf_v1]+stat_grid_final_component_convolution_mean_coherent_v1",phase8_role_aware_pmf_cal_v1+monotone_inactive_global_v1,pre_close,2026-05-22T11:36:28Z,24dddfd7#phase10c,ace5975d-e7d0-44db-a2bc-3f64f51aa9c3,ok,0.0,high,full,current_phase8,unknown,projected,missing,91,0.0
OG Anunoby,18,NYK,CLE,True,21713897,pr,starter,"stat_grid:component_convolution_mean_coherent_v1+components[pts:pmf_sim_v1+role_aware_pmf_cal_v1:starter+monotone_pit_cdf_v1,reb:pmf_sim_v1+role_aware_pmf_cal_v1:starter+monotone_pit_cdf_v1]+prior_combo[joint_sampler_v1+joint_combo_pmf_v1+role_aware_pmf_cal_v1:starter+monotone_pit_cdf_v1]+stat_grid_final_component_convolution_mean_coherent_v1",phase8_role_aware_pmf_cal_v1+monotone_inactive_global_v1,pre_close,2026-05-22T11:36:28Z,24dddfd7#phase10c,ace5975d-e7d0-44db-a2bc-3f64f51aa9c3,ok,0.0,high,full,current_phase8,unknown,projected,missing,92,0.0
OG Anunoby,18,NYK,CLE,True,21713897,pr,starter,"stat_grid:component_convolution_mean_coherent_v1+components[pts:pmf_sim_v1+role_aware_pmf_cal_v1:starter+monotone_pit_cdf_v1,reb:pmf_sim_v1+role_aware_pmf_cal_v1:starter+monotone_pit_cdf_v1]+prior_combo[joint_sampler_v1+joint_combo_pmf_v1+role_aware_pmf_cal_v1:starter+monotone_pit_cdf_v1]+stat_grid_final_component_convolution_mean_coherent_v1",phase8_role_aware_pmf_cal_v1+monotone_inactive_global_v1,pre_close,2026-05-22T11:36:28Z,24dddfd7#phase10c,ace5975d-e7d0-44db-a2bc-3f64f51aa9c3,ok,0.0,high,full,current_phase8,unknown,projected,missing,93,0.0
OG Anunoby,18,NYK,CLE,True,21713897,pr,starter,"stat_grid:component_convolution_mean_coherent_v1+components[pts:pmf_sim_v1+role_aware_pmf_cal_v1:starter+monotone_pit_cdf_v1,reb:pmf_sim_v1+role_aware_pmf_cal_v1:starter+monotone_pit_cdf_v1]+prior_combo[joint_sampler_v1+joint_combo_pmf_v1+role_aware_pmf_cal_v1:starter+monotone_pit_cdf_v1]+stat_grid_final_component_convolution_mean_coherent_v1",phase8_role_aware_pmf_cal_v1+monotone_inactive_global_v1,pre_close,2026-05-22T11:36:28Z,24dddfd7#phase10c,ace5975d-e7d0-44db-a2bc-3f64f51aa9c3,ok,0.0,high,full,current_phase8,unknown,projected,missing,94,0.0
OG Anunoby,18,NYK,CLE,True,21713897,pr,starter,"stat_grid:component_convolution_mean_coherent_v1+components[pts:pmf_sim_v1+role_aware_pmf_cal_v1:starter+monotone_pit_cdf_v1,reb:pmf_sim_v1+role_aware_pmf_cal_v1:starter+monotone_pit_cdf_v1]+prior_combo[joint_sampler_v1+joint_combo_pmf_v1+role_aware_pmf_cal_v1:starter+monotone_pit_cdf_v1]+stat_grid_final_component_convolution_mean_coherent_v1",phase8_role_aware_pmf_cal_v1+monotone_inactive_global_v1,pre_close,2026-05-22T11:36:28Z,24dddfd7#phase10c,ace5975d-e7d0-44db-a2bc-3f64f51aa9c3,ok,0.0,high,full,current_phase8,unknown,projected,missing,95,0.0
OG Anunoby,18,NYK,CLE,True,21713897,pr,starter,"stat_grid:component_convolution_mean_coherent_v1+components[pts:pmf_sim_v1+role_aware_pmf_cal_v1:starter+monotone_pit_cdf_v1,reb:pmf_sim_v1+role_aware_pmf_cal_v1:starter+monotone_pit_cdf_v1]+prior_combo[joint_sampler_v1+joint_combo_pmf_v1+role_aware_pmf_cal_v1:starter+monotone_pit_cdf_v1]+stat_grid_final_component_convolution_mean_coherent_v1",phase8_role_aware_pmf_cal_v1+monotone_inactive_global_v1,pre_close,2026-05-22T11:36:28Z,24dddfd7#phase10c,ace5975d-e7d0-44db-a2bc-3f64f51aa9c3,ok,0.0,high,full,current_phase8,unknown,projected,missing,96,0.0
OG Anunoby,18,NYK,CLE,True,21713897,pr,starter,"stat_grid:component_convolution_mean_coherent_v1+components[pts:pmf_sim_v1+role_aware_pmf_cal_v1:starter+monotone_pit_cdf_v1,reb:pmf_sim_v1+role_aware_pmf_cal_v1:starter+monotone_pit_cdf_v1]+prior_combo[joint_sampler_v1+joint_combo_pmf_v1+role_aware_pmf_cal_v1:starter+monotone_pit_cdf_v1]+stat_grid_final_component_convolution_mean_coherent_v1",phase8_role_aware_pmf_cal_v1+monotone_inactive_global_v1,pre_close,2026-05-22T11:36:28Z,24dddfd7#phase10c,ace5975d-e7d0-44db-a2bc-3f64f51aa9c3,ok,0.0,high,full,current_phase8,unknown,projected,missing,97,0.0
OG Anunoby,18,NYK,CLE,True,21713897,pr,starter,"stat_grid:component_convolution_mean_coherent_v1+components[pts:pmf_sim_v1+role_aware_pmf_cal_v1:starter+monotone_pit_cdf_v1,reb:pmf_sim_v1+role_aware_pmf_cal_v1:starter+monotone_pit_cdf_v1]+prior_combo[joint_sampler_v1+joint_combo_pmf_v1+role_aware_pmf_cal_v1:starter+monotone_pit_cdf_v1]+stat_grid_final_component_convolution_mean_coherent_v1",phase8_role_aware_pmf_cal_v1+monotone_inactive_global_v1,pre_close,2026-05-22T11:36:28Z,24dddfd7#phase10c,ace5975d-e7d0-44db-a2bc-3f64f51aa9c3,ok,0.0,high,full,current_phase8,unknown,projected,missing,98,0.0
OG Anunoby,18,NYK,CLE,True,21713897,pr,starter,"stat_grid:component_convolution_mean_coherent_v1+components[pts:pmf_sim_v1+role_aware_pmf_cal_v1:starter+monotone_pit_cdf_v1,reb:pmf_sim_v1+role_aware_pmf_cal_v1:starter+monotone_pit_cdf_v1]+prior_combo[joint_sampler_v1+joint_combo_pmf_v1+role_aware_pmf_cal_v1:starter+monotone_pit_cdf_v1]+stat_grid_final_component_convolution_mean_coherent_v1",phase8_role_aware_pmf_cal_v1+monotone_inactive_global_v1,pre_close,2026-05-22T11:36:28Z,24dddfd7#phase10c,ace5975d-e7d0-44db-a2bc-3f64f51aa9c3,ok,0.0,high,full,current_phase8,unknown,projected,missing,99,0.0
OG Anunoby,18,NYK,CLE,True,21713897,pr,starter,"stat_grid:component_convolution_mean_coherent_v1+components[pts:pmf_sim_v1+role_aware_pmf_cal_v1:starter+monotone_pit_cdf_v1,reb:pmf_sim_v1+role_aware_pmf_cal_v1:starter+monotone_pit_cdf_v1]+prior_combo[joint_sampler_v1+joint_combo_pmf_v1+role_aware_pmf_cal_v1:starter+monotone_pit_cdf_v1]+stat_grid_final_component_convolution_mean_coherent_v1",phase8_role_aware_pmf_cal_v1+monotone_inactive_global_v1,pre_close,2026-05-22T11:36:28Z,24dddfd7#phase10c,ace5975d-e7d0-44db-a2bc-3f64f51aa9c3,ok,0.0,high,full,current_phase8,unknown,projected,missing,100,0.0
OG Anunoby,18,NYK,CLE,True,21713897,pr,starter,"stat_grid:component_convolution_mean_coherent_v1+components[pts:pmf_sim_v1+role_aware_pmf_cal_v1:starter+monotone_pit_cdf_v1,reb:pmf_sim_v1+role_aware_pmf_cal_v1:starter+monotone_pit_cdf_v1]+prior_combo[joint_sampler_v1+joint_combo_pmf_v1+role_aware_pmf_cal_v1:starter+monotone_pit_cdf_v1]+stat_grid_final_component_convolution_mean_coherent_v1",phase8_role_aware_pmf_cal_v1+monotone_inactive_global_v1,pre_close,2026-05-22T11:36:28Z,24dddfd7#phase10c,ace5975d-e7d0-44db-a2bc-3f64f51aa9c3,ok,0.0,high,full,current_phase8,unknown,projected,missing,101,0.0
OG Anunoby,18,NYK,CLE,True,21713897,pr,starter,"stat_grid:component_convolution_mean_coherent_v1+components[pts:pmf_sim_v1+role_aware_pmf_cal_v1:starter+monotone_pit_cdf_v1,reb:pmf_sim_v1+role_aware_pmf_cal_v1:starter+monotone_pit_cdf_v1]+prior_combo[joint_sampler_v1+joint_combo_pmf_v1+role_aware_pmf_cal_v1:starter+monotone_pit_cdf_v1]+stat_grid_final_component_convolution_mean_coherent_v1",phase8_role_aware_pmf_cal_v1+monotone_inactive_global_v1,pre_close,2026-05-22T11:36:28Z,24dddfd7#phase10c,ace5975d-e7d0-44db-a2bc-3f64f51aa9c3,ok,0.0,high,full,current_phase8,unknown,projected,missing,102,0.0
OG Anunoby,18,NYK,CLE,True,21713897,pr,starter,"stat_grid:component_convolution_mean_coherent_v1+components[pts:pmf_sim_v1+role_aware_pmf_cal_v1:starter+monotone_pit_cdf_v1,reb:pmf_sim_v1+role_aware_pmf_cal_v1:starter+monotone_pit_cdf_v1]+prior_combo[joint_sampler_v1+joint_combo_pmf_v1+role_aware_pmf_cal_v1:starter+monotone_pit_cdf_v1]+stat_grid_final_component_convolution_mean_coherent_v1",phase8_role_aware_pmf_cal_v1+monotone_inactive_global_v1,pre_close,2026-05-22T11:36:28Z,24dddfd7#phase10c,ace5975d-e7d0-44db-a2bc-3f64f51aa9c3,ok,0.0,high,full,current_phase8,unknown,projected,missing,103,0.0
OG Anunoby,18,NYK,CLE,True,21713897,pr,starter,"stat_grid:component_convolution_mean_coherent_v1+components[pts:pmf_sim_v1+role_aware_pmf_cal_v1:starter+monotone_pit_cdf_v1,reb:pmf_sim_v1+role_aware_pmf_cal_v1:starter+monotone_pit_cdf_v1]+prior_combo[joint_sampler_v1+joint_combo_pmf_v1+role_aware_pmf_cal_v1:starter+monotone_pit_cdf_v1]+stat_grid_final_component_convolution_mean_coherent_v1",phase8_role_aware_pmf_cal_v1+monotone_inactive_global_v1,pre_close,2026-05-22T11:36:28Z,24dddfd7#phase10c,ace5975d-e7d0-44db-a2bc-3f64f51aa9c3,ok,0.0,high,full,current_phase8,unknown,projected,missing,104,0.0
OG Anunoby,18,NYK,CLE,True,21713897,pr,starter,"stat_grid:component_convolution_mean_coherent_v1+components[pts:pmf_sim_v1+role_aware_pmf_cal_v1:starter+monotone_pit_cdf_v1,reb:pmf_sim_v1+role_aware_pmf_cal_v1:starter+monotone_pit_cdf_v1]+prior_combo[joint_sampler_v1+joint_combo_pmf_v1+role_aware_pmf_cal_v1:starter+monotone_pit_cdf_v1]+stat_grid_final_component_convolution_mean_coherent_v1",phase8_role_aware_pmf_cal_v1+monotone_inactive_global_v1,pre_close,2026-05-22T11:36:28Z,24dddfd7#phase10c,ace5975d-e7d0-44db-a2bc-3f64f51aa9c3,ok,0.0,high,full,current_phase8,unknown,projected,missing,105,0.0
OG Anunoby,18,NYK,CLE,True,21713897,pr,starter,"stat_grid:component_convolution_mean_coherent_v1+components[pts:pmf_sim_v1+role_aware_pmf_cal_v1:starter+monotone_pit_cdf_v1,reb:pmf_sim_v1+role_aware_pmf_cal_v1:starter+monotone_pit_cdf_v1]+prior_combo[joint_sampler_v1+joint_combo_pmf_v1+role_aware_pmf_cal_v1:starter+monotone_pit_cdf_v1]+stat_grid_final_component_convolution_mean_coherent_v1",phase8_role_aware_pmf_cal_v1+monotone_inactive_global_v1,pre_close,2026-05-22T11:36:28Z,24dddfd7#phase10c,ace5975d-e7d0-44db-a2bc-3f64f51aa9c3,ok,0.0,high,full,current_phase8,unknown,projected,missing,106,0.0
OG Anunoby,18,NYK,CLE,True,21713897,pr,starter,"stat_grid:component_convolution_mean_coherent_v1+components[pts:pmf_sim_v1+role_aware_pmf_cal_v1:starter+monotone_pit_cdf_v1,reb:pmf_sim_v1+role_aware_pmf_cal_v1:starter+monotone_pit_cdf_v1]+prior_combo[joint_sampler_v1+joint_combo_pmf_v1+role_aware_pmf_cal_v1:starter+monotone_pit_cdf_v1]+stat_grid_final_component_convolution_mean_coherent_v1",phase8_role_aware_pmf_cal_v1+monotone_inactive_global_v1,pre_close,2026-05-22T11:36:28Z,24dddfd7#phase10c,ace5975d-e7d0-44db-a2bc-3f64f51aa9c3,ok,0.0,high,full,current_phase8,unknown,projected,missing,107,0.0
OG Anunoby,18,NYK,CLE,True,21713897,pr,starter,"stat_grid:component_convolution_mean_coherent_v1+components[pts:pmf_sim_v1+role_aware_pmf_cal_v1:starter+monotone_pit_cdf_v1,reb:pmf_sim_v1+role_aware_pmf_cal_v1:starter+monotone_pit_cdf_v1]+prior_combo[joint_sampler_v1+joint_combo_pmf_v1+role_aware_pmf_cal_v1:starter+monotone_pit_cdf_v1]+stat_grid_final_component_convolution_mean_coherent_v1",phase8_role_aware_pmf_cal_v1+monotone_inactive_global_v1,pre_close,2026-05-22T11:36:28Z,24dddfd7#phase10c,ace5975d-e7d0-44db-a2bc-3f64f51aa9c3,ok,0.0,high,full,current_phase8,unknown,projected,missing,108,0.0
OG Anunoby,18,NYK,CLE,True,21713897,pr,starter,"stat_grid:component_convolution_mean_coherent_v1+components[pts:pmf_sim_v1+role_aware_pmf_cal_v1:starter+monotone_pit_cdf_v1,reb:pmf_sim_v1+role_aware_pmf_cal_v1:starter+monotone_pit_cdf_v1]+prior_combo[joint_sampler_v1+joint_combo_pmf_v1+role_aware_pmf_cal_v1:starter+monotone_pit_cdf_v1]+stat_grid_final_component_convolution_mean_coherent_v1",phase8_role_aware_pmf_cal_v1+monotone_inactive_global_v1,pre_close,2026-05-22T11:36:28Z,24dddfd7#phase10c,ace5975d-e7d0-44db-a2bc-3f64f51aa9c3,ok,0.0,high,full,current_phase8,unknown,projected,missing,109,0.0
OG Anunoby,18,NYK,CLE,True,21713897,pr,starter,"stat_grid:component_convolution_mean_coherent_v1+components[pts:pmf_sim_v1+role_aware_pmf_cal_v1:starter+monotone_pit_cdf_v1,reb:pmf_sim_v1+role_aware_pmf_cal_v1:starter+monotone_pit_cdf_v1]+prior_combo[joint_sampler_v1+joint_combo_pmf_v1+role_aware_pmf_cal_v1:starter+monotone_pit_cdf_v1]+stat_grid_final_component_convolution_mean_coherent_v1",phase8_role_aware_pmf_cal_v1+monotone_inactive_global_v1,pre_close,2026-05-22T11:36:28Z,24dddfd7#phase10c,ace5975d-e7d0-44db-a2bc-3f64f51aa9c3,ok,0.0,high,full,current_phase8,unknown,projected,missing,110,0.0
OG Anunoby,18,NYK,CLE,True,21713897,ra,starter,"stat_grid:component_convolution_mean_coherent_v1+components[reb:pmf_sim_v1+role_aware_pmf_cal_v1:starter+monotone_pit_cdf_v1,ast:pmf_sim_v1+role_aware_pmf_cal_v1:starter+monotone_pit_cdf_v1]+prior_combo[joint_sampler_v1+joint_combo_pmf_v1+role_aware_pmf_cal_v1:starter+monotone_pit_cdf_v1]+stat_grid_final_component_convolution_mean_coherent_v1",phase8_role_aware_pmf_cal_v1+monotone_inactive_global_v1,pre_close,2026-05-22T11:36:28Z,24dddfd7#phase10c,ace5975d-e7d0-44db-a2bc-3f64f51aa9c3,ok,0.0,high,full,current_phase8,unknown,projected,missing,0,0.0002
OG Anunoby,18,NYK,CLE,True,21713897,ra,starter,"stat_grid:component_convolution_mean_coherent_v1+components[reb:pmf_sim_v1+role_aware_pmf_cal_v1:starter+monotone_pit_cdf_v1,ast:pmf_sim_v1+role_aware_pmf_cal_v1:starter+monotone_pit_cdf_v1]+prior_combo[joint_sampler_v1+joint_combo_pmf_v1+role_aware_pmf_cal_v1:starter+monotone_pit_cdf_v1]+stat_grid_final_component_convolution_mean_coherent_v1",phase8_role_aware_pmf_cal_v1+monotone_inactive_global_v1,pre_close,2026-05-22T11:36:28Z,24dddfd7#phase10c,ace5975d-e7d0-44db-a2bc-3f64f51aa9c3,ok,0.0,high,full,current_phase8,unknown,projected,missing,1,0.0013
OG Anunoby,18,NYK,CLE,True,21713897,ra,starter,"stat_grid:component_convolution_mean_coherent_v1+components[reb:pmf_sim_v1+role_aware_pmf_cal_v1:starter+monotone_pit_cdf_v1,ast:pmf_sim_v1+role_aware_pmf_cal_v1:starter+monotone_pit_cdf_v1]+prior_combo[joint_sampler_v1+joint_combo_pmf_v1+role_aware_pmf_cal_v1:starter+monotone_pit_cdf_v1]+stat_grid_final_component_convolution_mean_coherent_v1",phase8_role_aware_pmf_cal_v1+monotone_inactive_global_v1,pre_close,2026-05-22T11:36:28Z,24dddfd7#phase10c,ace5975d-e7d0-44db-a2bc-3f64f51aa9c3,ok,0.0,high,full,current_phase8,unknown,projected,missing,2,0.0042
OG Anunoby,18,NYK,CLE,True,21713897,ra,starter,"stat_grid:component_convolution_mean_coherent_v1+components[reb:pmf_sim_v1+role_aware_pmf_cal_v1:starter+monotone_pit_cdf_v1,ast:pmf_sim_v1+role_aware_pmf_cal_v1:starter+monotone_pit_cdf_v1]+prior_combo[joint_sampler_v1+joint_combo_pmf_v1+role_aware_pmf_cal_v1:starter+monotone_pit_cdf_v1]+stat_grid_final_component_convolution_mean_coherent_v1",phase8_role_aware_pmf_cal_v1+monotone_inactive_global_v1,pre_close,2026-05-22T11:36:28Z,24dddfd7#phase10c,ace5975d-e7d0-44db-a2bc-3f64f51aa9c3,ok,0.0,high,full,current_phase8,unknown,projected,missing,3,0.0117
OG Anunoby,18,NYK,CLE,True,21713897,ra,starter,"stat_grid:component_convolution_mean_coherent_v1+components[reb:pmf_sim_v1+role_aware_pmf_cal_v1:starter+monotone_pit_cdf_v1,ast:pmf_sim_v1+role_aware_pmf_cal_v1:starter+monotone_pit_cdf_v1]+prior_combo[joint_sampler_v1+joint_combo_pmf_v1+role_aware_pmf_cal_v1:starter+monotone_pit_cdf_v1]+stat_grid_final_component_convolution_mean_coherent_v1",phase8_role_aware_pmf_cal_v1+monotone_inactive_global_v1,pre_close,2026-05-22T11:36:28Z,24dddfd7#phase10c,ace5975d-e7d0-44db-a2bc-3f64f51aa9c3,ok,0.0,high,full,current_phase8,unknown,projected,missing,4,0.0318
OG Anunoby,18,NYK,CLE,True,21713897,ra,starter,"stat_grid:component_convolution_mean_coherent_v1+components[reb:pmf_sim_v1+role_aware_pmf_cal_v1:starter+monotone_pit_cdf_v1,ast:pmf_sim_v1+role_aware_pmf_cal_v1:starter+monotone_pit_cdf_v1]+prior_combo[joint_sampler_v1+joint_combo_pmf_v1+role_aware_pmf_cal_v1:starter+monotone_pit_cdf_v1]+stat_grid_final_component_convolution_mean_coherent_v1",phase8_role_aware_pmf_cal_v1+monotone_inactive_global_v1,pre_close,2026-05-22T11:36:28Z,24dddfd7#phase10c,ace5975d-e7d0-44db-a2bc-3f64f51aa9c3,ok,0.0,high,full,current_phase8,unknown,projected,missing,5,0.0696
OG Anunoby,18,NYK,CLE,True,21713897,ra,starter,"stat_grid:component_convolution_mean_coherent_v1+components[reb:pmf_sim_v1+role_aware_pmf_cal_v1:starter+monotone_pit_cdf_v1,ast:pmf_sim_v1+role_aware_pmf_cal_v1:starter+monotone_pit_cdf_v1]+prior_combo[joint_sampler_v1+joint_combo_pmf_v1+role_aware_pmf_cal_v1:starter+monotone_pit_cdf_v1]+stat_grid_final_component_convolution_mean_coherent_v1",phase8_role_aware_pmf_cal_v1+monotone_inactive_global_v1,pre_close,2026-05-22T11:36:28Z,24dddfd7#phase10c,ace5975d-e7d0-44db-a2bc-3f64f51aa9c3,ok,0.0,high,full,current_phase8,unknown,projected,missing,6,0.1239
OG Anunoby,18,NYK,CLE,True,21713897,ra,starter,"stat_grid:component_convolution_mean_coherent_v1+components[reb:pmf_sim_v1+role_aware_pmf_cal_v1:starter+monotone_pit_cdf_v1,ast:pmf_sim_v1+role_aware_pmf_cal_v1:starter+monotone_pit_cdf_v1]+prior_combo[joint_sampler_v1+joint_combo_pmf_v1+role_aware_pmf_cal_v1:starter+monotone_pit_cdf_v1]+stat_grid_final_component_convolution_mean_coherent_v1",phase8_role_aware_pmf_cal_v1+monotone_inactive_global_v1,pre_close,2026-05-22T11:36:28Z,24dddfd7#phase10c,ace5975d-e7d0-44db-a2bc-3f64f51aa9c3,ok,0.0,high,full,current_phase8,unknown,projected,missing,7,0.1748
OG Anunoby,18,NYK,CLE,True,21713897,ra,starter,"stat_grid:component_convolution_mean_coherent_v1+components[reb:pmf_sim_v1+role_aware_pmf_cal_v1:starter+monotone_pit_cdf_v1,ast:pmf_sim_v1+role_aware_pmf_cal_v1:starter+monotone_pit_cdf_v1]+prior_combo[joint_sampler_v1+joint_combo_pmf_v1+role_aware_pmf_cal_v1:starter+monotone_pit_cdf_v1]+stat_grid_final_component_convolution_mean_coherent_v1",phase8_role_aware_pmf_cal_v1+monotone_inactive_global_v1,pre_close,2026-05-22T11:36:28Z,24dddfd7#phase10c,ace5975d-e7d0-44db-a2bc-3f64f51aa9c3,ok,0.0,high,full,current_phase8,unknown,projected,missing,8,0.1851
OG Anunoby,18,NYK,CLE,True,21713897,ra,starter,"stat_grid:component_convolution_mean_coherent_v1+components[reb:pmf_sim_v1+role_aware_pmf_cal_v1:starter+monotone_pit_cdf_v1,ast:pmf_sim_v1+role_aware_pmf_cal_v1:starter+monotone_pit_cdf_v1]+prior_combo[joint_sampler_v1+joint_combo_pmf_v1+role_aware_pmf_cal_v1:starter+monotone_pit_cdf_v1]+stat_grid_final_component_convolution_mean_coherent_v1",phase8_role_aware_pmf_cal_v1+monotone_inactive_global_v1,pre_close,2026-05-22T11:36:28Z,24dddfd7#phase10c,ace5975d-e7d0-44db-a2bc-3f64f51aa9c3,ok,0.0,high,full,current_phase8,unknown,projected,missing,9,0.1537
OG Anunoby,18,NYK,CLE,True,21713897,ra,starter,"stat_grid:component_convolution_mean_coherent_v1+components[reb:pmf_sim_v1+role_aware_pmf_cal_v1:starter+monotone_pit_cdf_v1,ast:pmf_sim_v1+role_aware_pmf_cal_v1:starter+monotone_pit_cdf_v1]+prior_combo[joint_sampler_v1+joint_combo_pmf_v1+role_aware_pmf_cal_v1:starter+monotone_pit_cdf_v1]+stat_grid_final_component_convolution_mean_coherent_v1",phase8_role_aware_pmf_cal_v1+monotone_inactive_global_v1,pre_close,2026-05-22T11:36:28Z,24dddfd7#phase10c,ace5975d-e7d0-44db-a2bc-3f64f51aa9c3,ok,0.0,high,full,current_phase8,unknown,projected,missing,10,0.1106
OG Anunoby,18,NYK,CLE,True,21713897,ra,starter,"stat_grid:component_convolution_mean_coherent_v1+components[reb:pmf_sim_v1+role_aware_pmf_cal_v1:starter+monotone_pit_cdf_v1,ast:pmf_sim_v1+role_aware_pmf_cal_v1:starter+monotone_pit_cdf_v1]+prior_combo[joint_sampler_v1+joint_combo_pmf_v1+role_aware_pmf_cal_v1:starter+monotone_pit_cdf_v1]+stat_grid_final_component_convolution_mean_coherent_v1",phase8_role_aware_pmf_cal_v1+monotone_inactive_global_v1,pre_close,2026-05-22T11:36:28Z,24dddfd7#phase10c,ace5975d-e7d0-44db-a2bc-3f64f51aa9c3,ok,0.0,high,full,current_phase8,unknown,projected,missing,11,0.0711
OG Anunoby,18,NYK,CLE,True,21713897,ra,starter,"stat_grid:component_convolution_mean_coherent_v1+components[reb:pmf_sim_v1+role_aware_pmf_cal_v1:starter+monotone_pit_cdf_v1,ast:pmf_sim_v1+role_aware_pmf_cal_v1:starter+monotone_pit_cdf_v1]+prior_combo[joint_sampler_v1+joint_combo_pmf_v1+role_aware_pmf_cal_v1:starter+monotone_pit_cdf_v1]+stat_grid_final_component_convolution_mean_coherent_v1",phase8_role_aware_pmf_cal_v1+monotone_inactive_global_v1,pre_close,2026-05-22T11:36:28Z,24dddfd7#phase10c,ace5975d-e7d0-44db-a2bc-3f64f51aa9c3,ok,0.0,high,full,current_phase8,unknown,projected,missing,12,0.038
OG Anunoby,18,NYK,CLE,True,21713897,ra,starter,"stat_grid:component_convolution_mean_coherent_v1+components[reb:pmf_sim_v1+role_aware_pmf_cal_v1:starter+monotone_pit_cdf_v1,ast:pmf_sim_v1+role_aware_pmf_cal_v1:starter+monotone_pit_cdf_v1]+prior_combo[joint_sampler_v1+joint_combo_pmf_v1+role_aware_pmf_cal_v1:starter+monotone_pit_cdf_v1]+stat_grid_final_component_convolution_mean_coherent_v1",phase8_role_aware_pmf_cal_v1+monotone_inactive_global_v1,pre_close,2026-05-22T11:36:28Z,24dddfd7#phase10c,ace5975d-e7d0-44db-a2bc-3f64f51aa9c3,ok,0.0,high,full,current_phase8,unknown,projected,missing,13,0.0159
OG Anunoby,18,NYK,CLE,True,21713897,ra,starter,"stat_grid:component_convolution_mean_coherent_v1+components[reb:pmf_sim_v1+role_aware_pmf_cal_v1:starter+monotone_pit_cdf_v1,ast:pmf_sim_v1+role_aware_pmf_cal_v1:starter+monotone_pit_cdf_v1]+prior_combo[joint_sampler_v1+joint_combo_pmf_v1+role_aware_pmf_cal_v1:starter+monotone_pit_cdf_v1]+stat_grid_final_component_convolution_mean_coherent_v1",phase8_role_aware_pmf_cal_v1+monotone_inactive_global_v1,pre_close,2026-05-22T11:36:28Z,24dddfd7#phase10c,ace5975d-e7d0-44db-a2bc-3f64f51aa9c3,ok,0.0,high,full,current_phase8,unknown,projected,missing,14,0.0055
OG Anunoby,18,NYK,CLE,True,21713897,ra,starter,"stat_grid:component_convolution_mean_coherent_v1+components[reb:pmf_sim_v1+role_aware_pmf_cal_v1:starter+monotone_pit_cdf_v1,ast:pmf_sim_v1+role_aware_pmf_cal_v1:starter+monotone_pit_cdf_v1]+prior_combo[joint_sampler_v1+joint_combo_pmf_v1+role_aware_pmf_cal_v1:starter+monotone_pit_cdf_v1]+stat_grid_final_component_convolution_mean_coherent_v1",phase8_role_aware_pmf_cal_v1+monotone_inactive_global_v1,pre_close,2026-05-22T11:36:28Z,24dddfd7#phase10c,ace5975d-e7d0-44db-a2bc-3f64f51aa9c3,ok,0.0,high,full,current_phase8,unknown,projected,missing,15,0.0019
OG Anunoby,18,NYK,CLE,True,21713897,ra,starter,"stat_grid:component_convolution_mean_coherent_v1+components[reb:pmf_sim_v1+role_aware_pmf_cal_v1:starter+monotone_pit_cdf_v1,ast:pmf_sim_v1+role_aware_pmf_cal_v1:starter+monotone_pit_cdf_v1]+prior_combo[joint_sampler_v1+joint_combo_pmf_v1+role_aware_pmf_cal_v1:starter+monotone_pit_cdf_v1]+stat_grid_final_component_convolution_mean_coherent_v1",phase8_role_aware_pmf_cal_v1+monotone_inactive_global_v1,pre_close,2026-05-22T11:36:28Z,24dddfd7#phase10c,ace5975d-e7d0-44db-a2bc-3f64f51aa9c3,ok,0.0,high,full,current_phase8,unknown,projected,missing,16,0.0006
OG Anunoby,18,NYK,CLE,True,21713897,ra,starter,"stat_grid:component_convolution_mean_coherent_v1+components[reb:pmf_sim_v1+role_aware_pmf_cal_v1:starter+monotone_pit_cdf_v1,ast:pmf_sim_v1+role_aware_pmf_cal_v1:starter+monotone_pit_cdf_v1]+prior_combo[joint_sampler_v1+joint_combo_pmf_v1+role_aware_pmf_cal_v1:starter+monotone_pit_cdf_v1]+stat_grid_final_component_convolution_mean_coherent_v1",phase8_role_aware_pmf_cal_v1+monotone_inactive_global_v1,pre_close,2026-05-22T11:36:28Z,24dddfd7#phase10c,ace5975d-e7d0-44db-a2bc-3f64f51aa9c3,ok,0.0,high,full,current_phase8,unknown,projected,missing,17,0.0002
OG Anunoby,18,NYK,CLE,True,21713897,ra,starter,"stat_grid:component_convolution_mean_coherent_v1+components[reb:pmf_sim_v1+role_aware_pmf_cal_v1:starter+monotone_pit_cdf_v1,ast:pmf_sim_v1+role_aware_pmf_cal_v1:starter+monotone_pit_cdf_v1]+prior_combo[joint_sampler_v1+joint_combo_pmf_v1+role_aware_pmf_cal_v1:starter+monotone_pit_cdf_v1]+stat_grid_final_component_convolution_mean_coherent_v1",phase8_role_aware_pmf_cal_v1+monotone_inactive_global_v1,pre_close,2026-05-22T11:36:28Z,24dddfd7#phase10c,ace5975d-e7d0-44db-a2bc-3f64f51aa9c3,ok,0.0,high,full,current_phase8,unknown,projected,missing,18,0.0
OG Anunoby,18,NYK,CLE,True,21713897,ra,starter,"stat_grid:component_convolution_mean_coherent_v1+components[reb:pmf_sim_v1+role_aware_pmf_cal_v1:starter+monotone_pit_cdf_v1,ast:pmf_sim_v1+role_aware_pmf_cal_v1:starter+monotone_pit_cdf_v1]+prior_combo[joint_sampler_v1+joint_combo_pmf_v1+role_aware_pmf_cal_v1:starter+monotone_pit_cdf_v1]+stat_grid_final_component_convolution_mean_coherent_v1",phase8_role_aware_pmf_cal_v1+monotone_inactive_global_v1,pre_close,2026-05-22T11:36:28Z,24dddfd7#phase10c,ace5975d-e7d0-44db-a2bc-3f64f51aa9c3,ok,0.0,high,full,current_phase8,unknown,projected,missing,19,0.0
OG Anunoby,18,NYK,CLE,True,21713897,ra,starter,"stat_grid:component_convolution_mean_coherent_v1+components[reb:pmf_sim_v1+role_aware_pmf_cal_v1:starter+monotone_pit_cdf_v1,ast:pmf_sim_v1+role_aware_pmf_cal_v1:starter+monotone_pit_cdf_v1]+prior_combo[joint_sampler_v1+joint_combo_pmf_v1+role_aware_pmf_cal_v1:starter+monotone_pit_cdf_v1]+stat_grid_final_component_convolution_mean_coherent_v1",phase8_role_aware_pmf_cal_v1+monotone_inactive_global_v1,pre_close,2026-05-22T11:36:28Z,24dddfd7#phase10c,ace5975d-e7d0-44db-a2bc-3f64f51aa9c3,ok,0.0,high,full,current_phase8,unknown,projected,missing,20,0.0
OG Anunoby,18,NYK,CLE,True,21713897,ra,starter,"stat_grid:component_convolution_mean_coherent_v1+components[reb:pmf_sim_v1+role_aware_pmf_cal_v1:starter+monotone_pit_cdf_v1,ast:pmf_sim_v1+role_aware_pmf_cal_v1:starter+monotone_pit_cdf_v1]+prior_combo[joint_sampler_v1+joint_combo_pmf_v1+role_aware_pmf_cal_v1:starter+monotone_pit_cdf_v1]+stat_grid_final_component_convolution_mean_coherent_v1",phase8_role_aware_pmf_cal_v1+monotone_inactive_global_v1,pre_close,2026-05-22T11:36:28Z,24dddfd7#phase10c,ace5975d-e7d0-44db-a2bc-3f64f51aa9c3,ok,0.0,high,full,current_phase8,unknown,projected,missing,21,0.0
OG Anunoby,18,NYK,CLE,True,21713897,ra,starter,"stat_grid:component_convolution_mean_coherent_v1+components[reb:pmf_sim_v1+role_aware_pmf_cal_v1:starter+monotone_pit_cdf_v1,ast:pmf_sim_v1+role_aware_pmf_cal_v1:starter+monotone_pit_cdf_v1]+prior_combo[joint_sampler_v1+joint_combo_pmf_v1+role_aware_pmf_cal_v1:starter+monotone_pit_cdf_v1]+stat_grid_final_component_convolution_mean_coherent_v1",phase8_role_aware_pmf_cal_v1+monotone_inactive_global_v1,pre_close,2026-05-22T11:36:28Z,24dddfd7#phase10c,ace5975d-e7d0-44db-a2bc-3f64f51aa9c3,ok,0.0,high,full,current_phase8,unknown,projected,missing,22,0.0
OG Anunoby,18,NYK,CLE,True,21713897,ra,starter,"stat_grid:component_convolution_mean_coherent_v1+components[reb:pmf_sim_v1+role_aware_pmf_cal_v1:starter+monotone_pit_cdf_v1,ast:pmf_sim_v1+role_aware_pmf_cal_v1:starter+monotone_pit_cdf_v1]+prior_combo[joint_sampler_v1+joint_combo_pmf_v1+role_aware_pmf_cal_v1:starter+monotone_pit_cdf_v1]+stat_grid_final_component_convolution_mean_coherent_v1",phase8_role_aware_pmf_cal_v1+monotone_inactive_global_v1,pre_close,2026-05-22T11:36:28Z,24dddfd7#phase10c,ace5975d-e7d0-44db-a2bc-3f64f51aa9c3,ok,0.0,high,full,current_phase8,unknown,projected,missing,23,0.0
OG Anunoby,18,NYK,CLE,True,21713897,ra,starter,"stat_grid:component_convolution_mean_coherent_v1+components[reb:pmf_sim_v1+role_aware_pmf_cal_v1:starter+monotone_pit_cdf_v1,ast:pmf_sim_v1+role_aware_pmf_cal_v1:starter+monotone_pit_cdf_v1]+prior_combo[joint_sampler_v1+joint_combo_pmf_v1+role_aware_pmf_cal_v1:starter+monotone_pit_cdf_v1]+stat_grid_final_component_convolution_mean_coherent_v1",phase8_role_aware_pmf_cal_v1+monotone_inactive_global_v1,pre_close,2026-05-22T11:36:28Z,24dddfd7#phase10c,ace5975d-e7d0-44db-a2bc-3f64f51aa9c3,ok,0.0,high,full,current_phase8,unknown,projected,missing,24,0.0
OG Anunoby,18,NYK,CLE,True,21713897,ra,starter,"stat_grid:component_convolution_mean_coherent_v1+components[reb:pmf_sim_v1+role_aware_pmf_cal_v1:starter+monotone_pit_cdf_v1,ast:pmf_sim_v1+role_aware_pmf_cal_v1:starter+monotone_pit_cdf_v1]+prior_combo[joint_sampler_v1+joint_combo_pmf_v1+role_aware_pmf_cal_v1:starter+monotone_pit_cdf_v1]+stat_grid_final_component_convolution_mean_coherent_v1",phase8_role_aware_pmf_cal_v1+monotone_inactive_global_v1,pre_close,2026-05-22T11:36:28Z,24dddfd7#phase10c,ace5975d-e7d0-44db-a2bc-3f64f51aa9c3,ok,0.0,high,full,current_phase8,unknown,projected,missing,25,0.0
OG Anunoby,18,NYK,CLE,True,21713897,ra,starter,"stat_grid:component_convolution_mean_coherent_v1+components[reb:pmf_sim_v1+role_aware_pmf_cal_v1:starter+monotone_pit_cdf_v1,ast:pmf_sim_v1+role_aware_pmf_cal_v1:starter+monotone_pit_cdf_v1]+prior_combo[joint_sampler_v1+joint_combo_pmf_v1+role_aware_pmf_cal_v1:starter+monotone_pit_cdf_v1]+stat_grid_final_component_convolution_mean_coherent_v1",phase8_role_aware_pmf_cal_v1+monotone_inactive_global_v1,pre_close,2026-05-22T11:36:28Z,24dddfd7#phase10c,ace5975d-e7d0-44db-a2bc-3f64f51aa9c3,ok,0.0,high,full,current_phase8,unknown,projected,missing,26,0.0
OG Anunoby,18,NYK,CLE,True,21713897,ra,starter,"stat_grid:component_convolution_mean_coherent_v1+components[reb:pmf_sim_v1+role_aware_pmf_cal_v1:starter+monotone_pit_cdf_v1,ast:pmf_sim_v1+role_aware_pmf_cal_v1:starter+monotone_pit_cdf_v1]+prior_combo[joint_sampler_v1+joint_combo_pmf_v1+role_aware_pmf_cal_v1:starter+monotone_pit_cdf_v1]+stat_grid_final_component_convolution_mean_coherent_v1",phase8_role_aware_pmf_cal_v1+monotone_inactive_global_v1,pre_close,2026-05-22T11:36:28Z,24dddfd7#phase10c,ace5975d-e7d0-44db-a2bc-3f64f51aa9c3,ok,0.0,high,full,current_phase8,unknown,projected,missing,27,0.0
OG Anunoby,18,NYK,CLE,True,21713897,ra,starter,"stat_grid:component_convolution_mean_coherent_v1+components[reb:pmf_sim_v1+role_aware_pmf_cal_v1:starter+monotone_pit_cdf_v1,ast:pmf_sim_v1+role_aware_pmf_cal_v1:starter+monotone_pit_cdf_v1]+prior_combo[joint_sampler_v1+joint_combo_pmf_v1+role_aware_pmf_cal_v1:starter+monotone_pit_cdf_v1]+stat_grid_final_component_convolution_mean_coherent_v1",phase8_role_aware_pmf_cal_v1+monotone_inactive_global_v1,pre_close,2026-05-22T11:36:28Z,24dddfd7#phase10c,ace5975d-e7d0-44db-a2bc-3f64f51aa9c3,ok,0.0,high,full,current_phase8,unknown,projected,missing,28,0.0
OG Anunoby,18,NYK,CLE,True,21713897,ra,starter,"stat_grid:component_convolution_mean_coherent_v1+components[reb:pmf_sim_v1+role_aware_pmf_cal_v1:starter+monotone_pit_cdf_v1,ast:pmf_sim_v1+role_aware_pmf_cal_v1:starter+monotone_pit_cdf_v1]+prior_combo[joint_sampler_v1+joint_combo_pmf_v1+role_aware_pmf_cal_v1:starter+monotone_pit_cdf_v1]+stat_grid_final_component_convolution_mean_coherent_v1",phase8_role_aware_pmf_cal_v1+monotone_inactive_global_v1,pre_close,2026-05-22T11:36:28Z,24dddfd7#phase10c,ace5975d-e7d0-44db-a2bc-3f64f51aa9c3,ok,0.0,high,full,current_phase8,unknown,projected,missing,29,0.0
OG Anunoby,18,NYK,CLE,True,21713897,ra,starter,"stat_grid:component_convolution_mean_coherent_v1+components[reb:pmf_sim_v1+role_aware_pmf_cal_v1:starter+monotone_pit_cdf_v1,ast:pmf_sim_v1+role_aware_pmf_cal_v1:starter+monotone_pit_cdf_v1]+prior_combo[joint_sampler_v1+joint_combo_pmf_v1+role_aware_pmf_cal_v1:starter+monotone_pit_cdf_v1]+stat_grid_final_component_convolution_mean_coherent_v1",phase8_role_aware_pmf_cal_v1+monotone_inactive_global_v1,pre_close,2026-05-22T11:36:28Z,24dddfd7#phase10c,ace5975d-e7d0-44db-a2bc-3f64f51aa9c3,ok,0.0,high,full,current_phase8,unknown,projected,missing,30,0.0
OG Anunoby,18,NYK,CLE,True,21713897,ra,starter,"stat_grid:component_convolution_mean_coherent_v1+components[reb:pmf_sim_v1+role_aware_pmf_cal_v1:starter+monotone_pit_cdf_v1,ast:pmf_sim_v1+role_aware_pmf_cal_v1:starter+monotone_pit_cdf_v1]+prior_combo[joint_sampler_v1+joint_combo_pmf_v1+role_aware_pmf_cal_v1:starter+monotone_pit_cdf_v1]+stat_grid_final_component_convolution_mean_coherent_v1",phase8_role_aware_pmf_cal_v1+monotone_inactive_global_v1,pre_close,2026-05-22T11:36:28Z,24dddfd7#phase10c,ace5975d-e7d0-44db-a2bc-3f64f51aa9c3,ok,0.0,high,full,current_phase8,unknown,projected,missing,31,0.0
OG Anunoby,18,NYK,CLE,True,21713897,ra,starter,"stat_grid:component_convolution_mean_coherent_v1+components[reb:pmf_sim_v1+role_aware_pmf_cal_v1:starter+monotone_pit_cdf_v1,ast:pmf_sim_v1+role_aware_pmf_cal_v1:starter+monotone_pit_cdf_v1]+prior_combo[joint_sampler_v1+joint_combo_pmf_v1+role_aware_pmf_cal_v1:starter+monotone_pit_cdf_v1]+stat_grid_final_component_convolution_mean_coherent_v1",phase8_role_aware_pmf_cal_v1+monotone_inactive_global_v1,pre_close,2026-05-22T11:36:28Z,24dddfd7#phase10c,ace5975d-e7d0-44db-a2bc-3f64f51aa9c3,ok,0.0,high,full,current_phase8,unknown,projected,missing,32,0.0
OG Anunoby,18,NYK,CLE,True,21713897,ra,starter,"stat_grid:component_convolution_mean_coherent_v1+components[reb:pmf_sim_v1+role_aware_pmf_cal_v1:starter+monotone_pit_cdf_v1,ast:pmf_sim_v1+role_aware_pmf_cal_v1:starter+monotone_pit_cdf_v1]+prior_combo[joint_sampler_v1+joint_combo_pmf_v1+role_aware_pmf_cal_v1:starter+monotone_pit_cdf_v1]+stat_grid_final_component_convolution_mean_coherent_v1",phase8_role_aware_pmf_cal_v1+monotone_inactive_global_v1,pre_close,2026-05-22T11:36:28Z,24dddfd7#phase10c,ace5975d-e7d0-44db-a2bc-3f64f51aa9c3,ok,0.0,high,full,current_phase8,unknown,projected,missing,33,0.0
OG Anunoby,18,NYK,CLE,True,21713897,ra,starter,"stat_grid:component_convolution_mean_coherent_v1+components[reb:pmf_sim_v1+role_aware_pmf_cal_v1:starter+monotone_pit_cdf_v1,ast:pmf_sim_v1+role_aware_pmf_cal_v1:starter+monotone_pit_cdf_v1]+prior_combo[joint_sampler_v1+joint_combo_pmf_v1+role_aware_pmf_cal_v1:starter+monotone_pit_cdf_v1]+stat_grid_final_component_convolution_mean_coherent_v1",phase8_role_aware_pmf_cal_v1+monotone_inactive_global_v1,pre_close,2026-05-22T11:36:28Z,24dddfd7#phase10c,ace5975d-e7d0-44db-a2bc-3f64f51aa9c3,ok,0.0,high,full,current_phase8,unknown,projected,missing,34,0.0
OG Anunoby,18,NYK,CLE,True,21713897,ra,starter,"stat_grid:component_convolution_mean_coherent_v1+components[reb:pmf_sim_v1+role_aware_pmf_cal_v1:starter+monotone_pit_cdf_v1,ast:pmf_sim_v1+role_aware_pmf_cal_v1:starter+monotone_pit_cdf_v1]+prior_combo[joint_sampler_v1+joint_combo_pmf_v1+role_aware_pmf_cal_v1:starter+monotone_pit_cdf_v1]+stat_grid_final_component_convolution_mean_coherent_v1",phase8_role_aware_pmf_cal_v1+monotone_inactive_global_v1,pre_close,2026-05-22T11:36:28Z,24dddfd7#phase10c,ace5975d-e7d0-44db-a2bc-3f64f51aa9c3,ok,0.0,high,full,current_phase8,unknown,projected,missing,35,0.0
OG Anunoby,18,NYK,CLE,True,21713897,ra,starter,"stat_grid:component_convolution_mean_coherent_v1+components[reb:pmf_sim_v1+role_aware_pmf_cal_v1:starter+monotone_pit_cdf_v1,ast:pmf_sim_v1+role_aware_pmf_cal_v1:starter+monotone_pit_cdf_v1]+prior_combo[joint_sampler_v1+joint_combo_pmf_v1+role_aware_pmf_cal_v1:starter+monotone_pit_cdf_v1]+stat_grid_final_component_convolution_mean_coherent_v1",phase8_role_aware_pmf_cal_v1+monotone_inactive_global_v1,pre_close,2026-05-22T11:36:28Z,24dddfd7#phase10c,ace5975d-e7d0-44db-a2bc-3f64f51aa9c3,ok,0.0,high,full,current_phase8,unknown,projected,missing,36,0.0
OG Anunoby,18,NYK,CLE,True,21713897,ra,starter,"stat_grid:component_convolution_mean_coherent_v1+components[reb:pmf_sim_v1+role_aware_pmf_cal_v1:starter+monotone_pit_cdf_v1,ast:pmf_sim_v1+role_aware_pmf_cal_v1:starter+monotone_pit_cdf_v1]+prior_combo[joint_sampler_v1+joint_combo_pmf_v1+role_aware_pmf_cal_v1:starter+monotone_pit_cdf_v1]+stat_grid_final_component_convolution_mean_coherent_v1",phase8_role_aware_pmf_cal_v1+monotone_inactive_global_v1,pre_close,2026-05-22T11:36:28Z,24dddfd7#phase10c,ace5975d-e7d0-44db-a2bc-3f64f51aa9c3,ok,0.0,high,full,current_phase8,unknown,projected,missing,37,0.0
OG Anunoby,18,NYK,CLE,True,21713897,ra,starter,"stat_grid:component_convolution_mean_coherent_v1+components[reb:pmf_sim_v1+role_aware_pmf_cal_v1:starter+monotone_pit_cdf_v1,ast:pmf_sim_v1+role_aware_pmf_cal_v1:starter+monotone_pit_cdf_v1]+prior_combo[joint_sampler_v1+joint_combo_pmf_v1+role_aware_pmf_cal_v1:starter+monotone_pit_cdf_v1]+stat_grid_final_component_convolution_mean_coherent_v1",phase8_role_aware_pmf_cal_v1+monotone_inactive_global_v1,pre_close,2026-05-22T11:36:28Z,24dddfd7#phase10c,ace5975d-e7d0-44db-a2bc-3f64f51aa9c3,ok,0.0,high,full,current_phase8,unknown,projected,missing,38,0.0
OG Anunoby,18,NYK,CLE,True,21713897,ra,starter,"stat_grid:component_convolution_mean_coherent_v1+components[reb:pmf_sim_v1+role_aware_pmf_cal_v1:starter+monotone_pit_cdf_v1,ast:pmf_sim_v1+role_aware_pmf_cal_v1:starter+monotone_pit_cdf_v1]+prior_combo[joint_sampler_v1+joint_combo_pmf_v1+role_aware_pmf_cal_v1:starter+monotone_pit_cdf_v1]+stat_grid_final_component_convolution_mean_coherent_v1",phase8_role_aware_pmf_cal_v1+monotone_inactive_global_v1,pre_close,2026-05-22T11:36:28Z,24dddfd7#phase10c,ace5975d-e7d0-44db-a2bc-3f64f51aa9c3,ok,0.0,high,full,current_phase8,unknown,projected,missing,39,0.0
OG Anunoby,18,NYK,CLE,True,21713897,ra,starter,"stat_grid:component_convolution_mean_coherent_v1+components[reb:pmf_sim_v1+role_aware_pmf_cal_v1:starter+monotone_pit_cdf_v1,ast:pmf_sim_v1+role_aware_pmf_cal_v1:starter+monotone_pit_cdf_v1]+prior_combo[joint_sampler_v1+joint_combo_pmf_v1+role_aware_pmf_cal_v1:starter+monotone_pit_cdf_v1]+stat_grid_final_component_convolution_mean_coherent_v1",phase8_role_aware_pmf_cal_v1+monotone_inactive_global_v1,pre_close,2026-05-22T11:36:28Z,24dddfd7#phase10c,ace5975d-e7d0-44db-a2bc-3f64f51aa9c3,ok,0.0,high,full,current_phase8,unknown,projected,missing,40,0.0
OG Anunoby,18,NYK,CLE,True,21713897,ra,starter,"stat_grid:component_convolution_mean_coherent_v1+components[reb:pmf_sim_v1+role_aware_pmf_cal_v1:starter+monotone_pit_cdf_v1,ast:pmf_sim_v1+role_aware_pmf_cal_v1:starter+monotone_pit_cdf_v1]+prior_combo[joint_sampler_v1+joint_combo_pmf_v1+role_aware_pmf_cal_v1:starter+monotone_pit_cdf_v1]+stat_grid_final_component_convolution_mean_coherent_v1",phase8_role_aware_pmf_cal_v1+monotone_inactive_global_v1,pre_close,2026-05-22T11:36:28Z,24dddfd7#phase10c,ace5975d-e7d0-44db-a2bc-3f64f51aa9c3,ok,0.0,high,full,current_phase8,unknown,projected,missing,41,0.0
OG Anunoby,18,NYK,CLE,True,21713897,ra,starter,"stat_grid:component_convolution_mean_coherent_v1+components[reb:pmf_sim_v1+role_aware_pmf_cal_v1:starter+monotone_pit_cdf_v1,ast:pmf_sim_v1+role_aware_pmf_cal_v1:starter+monotone_pit_cdf_v1]+prior_combo[joint_sampler_v1+joint_combo_pmf_v1+role_aware_pmf_cal_v1:starter+monotone_pit_cdf_v1]+stat_grid_final_component_convolution_mean_coherent_v1",phase8_role_aware_pmf_cal_v1+monotone_inactive_global_v1,pre_close,2026-05-22T11:36:28Z,24dddfd7#phase10c,ace5975d-e7d0-44db-a2bc-3f64f51aa9c3,ok,0.0,high,full,current_phase8,unknown,projected,missing,42,0.0
OG Anunoby,18,NYK,CLE,True,21713897,ra,starter,"stat_grid:component_convolution_mean_coherent_v1+components[reb:pmf_sim_v1+role_aware_pmf_cal_v1:starter+monotone_pit_cdf_v1,ast:pmf_sim_v1+role_aware_pmf_cal_v1:starter+monotone_pit_cdf_v1]+prior_combo[joint_sampler_v1+joint_combo_pmf_v1+role_aware_pmf_cal_v1:starter+monotone_pit_cdf_v1]+stat_grid_final_component_convolution_mean_coherent_v1",phase8_role_aware_pmf_cal_v1+monotone_inactive_global_v1,pre_close,2026-05-22T11:36:28Z,24dddfd7#phase10c,ace5975d-e7d0-44db-a2bc-3f64f51aa9c3,ok,0.0,high,full,current_phase8,unknown,projected,missing,43,0.0
OG Anunoby,18,NYK,CLE,True,21713897,ra,starter,"stat_grid:component_convolution_mean_coherent_v1+components[reb:pmf_sim_v1+role_aware_pmf_cal_v1:starter+monotone_pit_cdf_v1,ast:pmf_sim_v1+role_aware_pmf_cal_v1:starter+monotone_pit_cdf_v1]+prior_combo[joint_sampler_v1+joint_combo_pmf_v1+role_aware_pmf_cal_v1:starter+monotone_pit_cdf_v1]+stat_grid_final_component_convolution_mean_coherent_v1",phase8_role_aware_pmf_cal_v1+monotone_inactive_global_v1,pre_close,2026-05-22T11:36:28Z,24dddfd7#phase10c,ace5975d-e7d0-44db-a2bc-3f64f51aa9c3,ok,0.0,high,full,current_phase8,unknown,projected,missing,44,0.0
OG Anunoby,18,NYK,CLE,True,21713897,ra,starter,"stat_grid:component_convolution_mean_coherent_v1+components[reb:pmf_sim_v1+role_aware_pmf_cal_v1:starter+monotone_pit_cdf_v1,ast:pmf_sim_v1+role_aware_pmf_cal_v1:starter+monotone_pit_cdf_v1]+prior_combo[joint_sampler_v1+joint_combo_pmf_v1+role_aware_pmf_cal_v1:starter+monotone_pit_cdf_v1]+stat_grid_final_component_convolution_mean_coherent_v1",phase8_role_aware_pmf_cal_v1+monotone_inactive_global_v1,pre_close,2026-05-22T11:36:28Z,24dddfd7#phase10c,ace5975d-e7d0-44db-a2bc-3f64f51aa9c3,ok,0.0,high,full,current_phase8,unknown,projected,missing,45,0.0
OG Anunoby,18,NYK,CLE,True,21713897,ra,starter,"stat_grid:component_convolution_mean_coherent_v1+components[reb:pmf_sim_v1+role_aware_pmf_cal_v1:starter+monotone_pit_cdf_v1,ast:pmf_sim_v1+role_aware_pmf_cal_v1:starter+monotone_pit_cdf_v1]+prior_combo[joint_sampler_v1+joint_combo_pmf_v1+role_aware_pmf_cal_v1:starter+monotone_pit_cdf_v1]+stat_grid_final_component_convolution_mean_coherent_v1",phase8_role_aware_pmf_cal_v1+monotone_inactive_global_v1,pre_close,2026-05-22T11:36:28Z,24dddfd7#phase10c,ace5975d-e7d0-44db-a2bc-3f64f51aa9c3,ok,0.0,high,full,current_phase8,unknown,projected,missing,46,0.0
OG Anunoby,18,NYK,CLE,True,21713897,ra,starter,"stat_grid:component_convolution_mean_coherent_v1+components[reb:pmf_sim_v1+role_aware_pmf_cal_v1:starter+monotone_pit_cdf_v1,ast:pmf_sim_v1+role_aware_pmf_cal_v1:starter+monotone_pit_cdf_v1]+prior_combo[joint_sampler_v1+joint_combo_pmf_v1+role_aware_pmf_cal_v1:starter+monotone_pit_cdf_v1]+stat_grid_final_component_convolution_mean_coherent_v1",phase8_role_aware_pmf_cal_v1+monotone_inactive_global_v1,pre_close,2026-05-22T11:36:28Z,24dddfd7#phase10c,ace5975d-e7d0-44db-a2bc-3f64f51aa9c3,ok,0.0,high,full,current_phase8,unknown,projected,missing,47,0.0
OG Anunoby,18,NYK,CLE,True,21713897,ra,starter,"stat_grid:component_convolution_mean_coherent_v1+components[reb:pmf_sim_v1+role_aware_pmf_cal_v1:starter+monotone_pit_cdf_v1,ast:pmf_sim_v1+role_aware_pmf_cal_v1:starter+monotone_pit_cdf_v1]+prior_combo[joint_sampler_v1+joint_combo_pmf_v1+role_aware_pmf_cal_v1:starter+monotone_pit_cdf_v1]+stat_grid_final_component_convolution_mean_coherent_v1",phase8_role_aware_pmf_cal_v1+monotone_inactive_global_v1,pre_close,2026-05-22T11:36:28Z,24dddfd7#phase10c,ace5975d-e7d0-44db-a2bc-3f64f51aa9c3,ok,0.0,high,full,current_phase8,unknown,projected,missing,48,0.0
OG Anunoby,18,NYK,CLE,True,21713897,ra,starter,"stat_grid:component_convolution_mean_coherent_v1+components[reb:pmf_sim_v1+role_aware_pmf_cal_v1:starter+monotone_pit_cdf_v1,ast:pmf_sim_v1+role_aware_pmf_cal_v1:starter+monotone_pit_cdf_v1]+prior_combo[joint_sampler_v1+joint_combo_pmf_v1+role_aware_pmf_cal_v1:starter+monotone_pit_cdf_v1]+stat_grid_final_component_convolution_mean_coherent_v1",phase8_role_aware_pmf_cal_v1+monotone_inactive_global_v1,pre_close,2026-05-22T11:36:28Z,24dddfd7#phase10c,ace5975d-e7d0-44db-a2bc-3f64f51aa9c3,ok,0.0,high,full,current_phase8,unknown,projected,missing,49,0.0
OG Anunoby,18,NYK,CLE,True,21713897,ra,starter,"stat_grid:component_convolution_mean_coherent_v1+components[reb:pmf_sim_v1+role_aware_pmf_cal_v1:starter+monotone_pit_cdf_v1,ast:pmf_sim_v1+role_aware_pmf_cal_v1:starter+monotone_pit_cdf_v1]+prior_combo[joint_sampler_v1+joint_combo_pmf_v1+role_aware_pmf_cal_v1:starter+monotone_pit_cdf_v1]+stat_grid_final_component_convolution_mean_coherent_v1",phase8_role_aware_pmf_cal_v1+monotone_inactive_global_v1,pre_close,2026-05-22T11:36:28Z,24dddfd7#phase10c,ace5975d-e7d0-44db-a2bc-3f64f51aa9c3,ok,0.0,high,full,current_phase8,unknown,projected,missing,50,0.0
OG Anunoby,18,NYK,CLE,True,21713897,pra,starter,"stat_grid:component_convolution_mean_coherent_v1+components[pts:pmf_sim_v1+role_aware_pmf_cal_v1:starter+monotone_pit_cdf_v1,reb:pmf_sim_v1+role_aware_pmf_cal_v1:starter+monotone_pit_cdf_v1,ast:pmf_sim_v1+role_aware_pmf_cal_v1:starter+monotone_pit_cdf_v1]+prior_combo[joint_sampler_v1+joint_combo_pmf_v1+role_aware_pmf_cal_v1:starter+monotone_pit_cdf_v1]+stat_grid_final_component_convolution_mean_coherent_v1",phase8_role_aware_pmf_cal_v1+monotone_inactive_global_v1,pre_close,2026-05-22T11:36:28Z,24dddfd7#phase10c,ace5975d-e7d0-44db-a2bc-3f64f51aa9c3,ok,0.0,high,full,current_phase8,unknown,projected,missing,0,0.0
OG Anunoby,18,NYK,CLE,True,21713897,pra,starter,"stat_grid:component_convolution_mean_coherent_v1+components[pts:pmf_sim_v1+role_aware_pmf_cal_v1:starter+monotone_pit_cdf_v1,reb:pmf_sim_v1+role_aware_pmf_cal_v1:starter+monotone_pit_cdf_v1,ast:pmf_sim_v1+role_aware_pmf_cal_v1:starter+monotone_pit_cdf_v1]+prior_combo[joint_sampler_v1+joint_combo_pmf_v1+role_aware_pmf_cal_v1:starter+monotone_pit_cdf_v1]+stat_grid_final_component_convolution_mean_coherent_v1",phase8_role_aware_pmf_cal_v1+monotone_inactive_global_v1,pre_close,2026-05-22T11:36:28Z,24dddfd7#phase10c,ace5975d-e7d0-44db-a2bc-3f64f51aa9c3,ok,0.0,high,full,current_phase8,unknown,projected,missing,1,0.0
OG Anunoby,18,NYK,CLE,True,21713897,pra,starter,"stat_grid:component_convolution_mean_coherent_v1+components[pts:pmf_sim_v1+role_aware_pmf_cal_v1:starter+monotone_pit_cdf_v1,reb:pmf_sim_v1+role_aware_pmf_cal_v1:starter+monotone_pit_cdf_v1,ast:pmf_sim_v1+role_aware_pmf_cal_v1:starter+monotone_pit_cdf_v1]+prior_combo[joint_sampler_v1+joint_combo_pmf_v1+role_aware_pmf_cal_v1:starter+monotone_pit_cdf_v1]+stat_grid_final_component_convolution_mean_coherent_v1",phase8_role_aware_pmf_cal_v1+monotone_inactive_global_v1,pre_close,2026-05-22T11:36:28Z,24dddfd7#phase10c,ace5975d-e7d0-44db-a2bc-3f64f51aa9c3,ok,0.0,high,full,current_phase8,unknown,projected,missing,2,0.0
OG Anunoby,18,NYK,CLE,True,21713897,pra,starter,"stat_grid:component_convolution_mean_coherent_v1+components[pts:pmf_sim_v1+role_aware_pmf_cal_v1:starter+monotone_pit_cdf_v1,reb:pmf_sim_v1+role_aware_pmf_cal_v1:starter+monotone_pit_cdf_v1,ast:pmf_sim_v1+role_aware_pmf_cal_v1:starter+monotone_pit_cdf_v1]+prior_combo[joint_sampler_v1+joint_combo_pmf_v1+role_aware_pmf_cal_v1:starter+monotone_pit_cdf_v1]+stat_grid_final_component_convolution_mean_coherent_v1",phase8_role_aware_pmf_cal_v1+monotone_inactive_global_v1,pre_close,2026-05-22T11:36:28Z,24dddfd7#phase10c,ace5975d-e7d0-44db-a2bc-3f64f51aa9c3,ok,0.0,high,full,current_phase8,unknown,projected,missing,3,0.0
OG Anunoby,18,NYK,CLE,True,21713897,pra,starter,"stat_grid:component_convolution_mean_coherent_v1+components[pts:pmf_sim_v1+role_aware_pmf_cal_v1:starter+monotone_pit_cdf_v1,reb:pmf_sim_v1+role_aware_pmf_cal_v1:starter+monotone_pit_cdf_v1,ast:pmf_sim_v1+role_aware_pmf_cal_v1:starter+monotone_pit_cdf_v1]+prior_combo[joint_sampler_v1+joint_combo_pmf_v1+role_aware_pmf_cal_v1:starter+monotone_pit_cdf_v1]+stat_grid_final_component_convolution_mean_coherent_v1",phase8_role_aware_pmf_cal_v1+monotone_inactive_global_v1,pre_close,2026-05-22T11:36:28Z,24dddfd7#phase10c,ace5975d-e7d0-44db-a2bc-3f64f51aa9c3,ok,0.0,high,full,current_phase8,unknown,projected,missing,4,0.0001
OG Anunoby,18,NYK,CLE,True,21713897,pra,starter,"stat_grid:component_convolution_mean_coherent_v1+components[pts:pmf_sim_v1+role_aware_pmf_cal_v1:starter+monotone_pit_cdf_v1,reb:pmf_sim_v1+role_aware_pmf_cal_v1:starter+monotone_pit_cdf_v1,ast:pmf_sim_v1+role_aware_pmf_cal_v1:starter+monotone_pit_cdf_v1]+prior_combo[joint_sampler_v1+joint_combo_pmf_v1+role_aware_pmf_cal_v1:starter+monotone_pit_cdf_v1]+stat_grid_final_component_convolution_mean_coherent_v1",phase8_role_aware_pmf_cal_v1+monotone_inactive_global_v1,pre_close,2026-05-22T11:36:28Z,24dddfd7#phase10c,ace5975d-e7d0-44db-a2bc-3f64f51aa9c3,ok,0.0,high,full,current_phase8,unknown,projected,missing,5,0.0001
OG Anunoby,18,NYK,CLE,True,21713897,pra,starter,"stat_grid:component_convolution_mean_coherent_v1+components[pts:pmf_sim_v1+role_aware_pmf_cal_v1:starter+monotone_pit_cdf_v1,reb:pmf_sim_v1+role_aware_pmf_cal_v1:starter+monotone_pit_cdf_v1,ast:pmf_sim_v1+role_aware_pmf_cal_v1:starter+monotone_pit_cdf_v1]+prior_combo[joint_sampler_v1+joint_combo_pmf_v1+role_aware_pmf_cal_v1:starter+monotone_pit_cdf_v1]+stat_grid_final_component_convolution_mean_coherent_v1",phase8_role_aware_pmf_cal_v1+monotone_inactive_global_v1,pre_close,2026-05-22T11:36:28Z,24dddfd7#phase10c,ace5975d-e7d0-44db-a2bc-3f64f51aa9c3,ok,0.0,high,full,current_phase8,unknown,projected,missing,6,0.0003
OG Anunoby,18,NYK,CLE,True,21713897,pra,starter,"stat_grid:component_convolution_mean_coherent_v1+components[pts:pmf_sim_v1+role_aware_pmf_cal_v1:starter+monotone_pit_cdf_v1,reb:pmf_sim_v1+role_aware_pmf_cal_v1:starter+monotone_pit_cdf_v1,ast:pmf_sim_v1+role_aware_pmf_cal_v1:starter+monotone_pit_cdf_v1]+prior_combo[joint_sampler_v1+joint_combo_pmf_v1+role_aware_pmf_cal_v1:starter+monotone_pit_cdf_v1]+stat_grid_final_component_convolution_mean_coherent_v1",phase8_role_aware_pmf_cal_v1+monotone_inactive_global_v1,pre_close,2026-05-22T11:36:28Z,24dddfd7#phase10c,ace5975d-e7d0-44db-a2bc-3f64f51aa9c3,ok,0.0,high,full,current_phase8,unknown,projected,missing,7,0.0006
OG Anunoby,18,NYK,CLE,True,21713897,pra,starter,"stat_grid:component_convolution_mean_coherent_v1+components[pts:pmf_sim_v1+role_aware_pmf_cal_v1:starter+monotone_pit_cdf_v1,reb:pmf_sim_v1+role_aware_pmf_cal_v1:starter+monotone_pit_cdf_v1,ast:pmf_sim_v1+role_aware_pmf_cal_v1:starter+monotone_pit_cdf_v1]+prior_combo[joint_sampler_v1+joint_combo_pmf_v1+role_aware_pmf_cal_v1:starter+monotone_pit_cdf_v1]+stat_grid_final_component_convolution_mean_coherent_v1",phase8_role_aware_pmf_cal_v1+monotone_inactive_global_v1,pre_close,2026-05-22T11:36:28Z,24dddfd7#phase10c,ace5975d-e7d0-44db-a2bc-3f64f51aa9c3,ok,0.0,high,full,current_phase8,unknown,projected,missing,8,0.0011
OG Anunoby,18,NYK,CLE,True,21713897,pra,starter,"stat_grid:component_convolution_mean_coherent_v1+components[pts:pmf_sim_v1+role_aware_pmf_cal_v1:starter+monotone_pit_cdf_v1,reb:pmf_sim_v1+role_aware_pmf_cal_v1:starter+monotone_pit_cdf_v1,ast:pmf_sim_v1+role_aware_pmf_cal_v1:starter+monotone_pit_cdf_v1]+prior_combo[joint_sampler_v1+joint_combo_pmf_v1+role_aware_pmf_cal_v1:starter+monotone_pit_cdf_v1]+stat_grid_final_component_convolution_mean_coherent_v1",phase8_role_aware_pmf_cal_v1+monotone_inactive_global_v1,pre_close,2026-05-22T11:36:28Z,24dddfd7#phase10c,ace5975d-e7d0-44db-a2bc-3f64f51aa9c3,ok,0.0,high,full,current_phase8,unknown,projected,missing,9,0.0019
OG Anunoby,18,NYK,CLE,True,21713897,pra,starter,"stat_grid:component_convolution_mean_coherent_v1+components[pts:pmf_sim_v1+role_aware_pmf_cal_v1:starter+monotone_pit_cdf_v1,reb:pmf_sim_v1+role_aware_pmf_cal_v1:starter+monotone_pit_cdf_v1,ast:pmf_sim_v1+role_aware_pmf_cal_v1:starter+monotone_pit_cdf_v1]+prior_combo[joint_sampler_v1+joint_combo_pmf_v1+role_aware_pmf_cal_v1:starter+monotone_pit_cdf_v1]+stat_grid_final_component_convolution_mean_coherent_v1",phase8_role_aware_pmf_cal_v1+monotone_inactive_global_v1,pre_close,2026-05-22T11:36:28Z,24dddfd7#phase10c,ace5975d-e7d0-44db-a2bc-3f64f51aa9c3,ok,0.0,high,full,current_phase8,unknown,projected,missing,10,0.0032
OG Anunoby,18,NYK,CLE,True,21713897,pra,starter,"stat_grid:component_convolution_mean_coherent_v1+components[pts:pmf_sim_v1+role_aware_pmf_cal_v1:starter+monotone_pit_cdf_v1,reb:pmf_sim_v1+role_aware_pmf_cal_v1:starter+monotone_pit_cdf_v1,ast:pmf_sim_v1+role_aware_pmf_cal_v1:starter+monotone_pit_cdf_v1]+prior_combo[joint_sampler_v1+joint_combo_pmf_v1+role_aware_pmf_cal_v1:starter+monotone_pit_cdf_v1]+stat_grid_final_component_convolution_mean_coherent_v1",phase8_role_aware_pmf_cal_v1+monotone_inactive_global_v1,pre_close,2026-05-22T11:36:28Z,24dddfd7#phase10c,ace5975d-e7d0-44db-a2bc-3f64f51aa9c3,ok,0.0,high,full,current_phase8,unknown,projected,missing,11,0.005
OG Anunoby,18,NYK,CLE,True,21713897,pra,starter,"stat_grid:component_convolution_mean_coherent_v1+components[pts:pmf_sim_v1+role_aware_pmf_cal_v1:starter+monotone_pit_cdf_v1,reb:pmf_sim_v1+role_aware_pmf_cal_v1:starter+monotone_pit_cdf_v1,ast:pmf_sim_v1+role_aware_pmf_cal_v1:starter+monotone_pit_cdf_v1]+prior_combo[joint_sampler_v1+joint_combo_pmf_v1+role_aware_pmf_cal_v1:starter+monotone_pit_cdf_v1]+stat_grid_final_component_convolution_mean_coherent_v1",phase8_role_aware_pmf_cal_v1+monotone_inactive_global_v1,pre_close,2026-05-22T11:36:28Z,24dddfd7#phase10c,ace5975d-e7d0-44db-a2bc-3f64f51aa9c3,ok,0.0,high,full,current_phase8,unknown,projected,missing,12,0.0075
OG Anunoby,18,NYK,CLE,True,21713897,pra,starter,"stat_grid:component_convolution_mean_coherent_v1+components[pts:pmf_sim_v1+role_aware_pmf_cal_v1:starter+monotone_pit_cdf_v1,reb:pmf_sim_v1+role_aware_pmf_cal_v1:starter+monotone_pit_cdf_v1,ast:pmf_sim_v1+role_aware_pmf_cal_v1:starter+monotone_pit_cdf_v1]+prior_combo[joint_sampler_v1+joint_combo_pmf_v1+role_aware_pmf_cal_v1:starter+monotone_pit_cdf_v1]+stat_grid_final_component_convolution_mean_coherent_v1",phase8_role_aware_pmf_cal_v1+monotone_inactive_global_v1,pre_close,2026-05-22T11:36:28Z,24dddfd7#phase10c,ace5975d-e7d0-44db-a2bc-3f64f51aa9c3,ok,0.0,high,full,current_phase8,unknown,projected,missing,13,0.0107
OG Anunoby,18,NYK,CLE,True,21713897,pra,starter,"stat_grid:component_convolution_mean_coherent_v1+components[pts:pmf_sim_v1+role_aware_pmf_cal_v1:starter+monotone_pit_cdf_v1,reb:pmf_sim_v1+role_aware_pmf_cal_v1:starter+monotone_pit_cdf_v1,ast:pmf_sim_v1+role_aware_pmf_cal_v1:starter+monotone_pit_cdf_v1]+prior_combo[joint_sampler_v1+joint_combo_pmf_v1+role_aware_pmf_cal_v1:starter+monotone_pit_cdf_v1]+stat_grid_final_component_convolution_mean_coherent_v1",phase8_role_aware_pmf_cal_v1+monotone_inactive_global_v1,pre_close,2026-05-22T11:36:28Z,24dddfd7#phase10c,ace5975d-e7d0-44db-a2bc-3f64f51aa9c3,ok,0.0,high,full,current_phase8,unknown,projected,missing,14,0.0147
OG Anunoby,18,NYK,CLE,True,21713897,pra,starter,"stat_grid:component_convolution_mean_coherent_v1+components[pts:pmf_sim_v1+role_aware_pmf_cal_v1:starter+monotone_pit_cdf_v1,reb:pmf_sim_v1+role_aware_pmf_cal_v1:starter+monotone_pit_cdf_v1,ast:pmf_sim_v1+role_aware_pmf_cal_v1:starter+monotone_pit_cdf_v1]+prior_combo[joint_sampler_v1+joint_combo_pmf_v1+role_aware_pmf_cal_v1:starter+monotone_pit_cdf_v1]+stat_grid_final_component_convolution_mean_coherent_v1",phase8_role_aware_pmf_cal_v1+monotone_inactive_global_v1,pre_close,2026-05-22T11:36:28Z,24dddfd7#phase10c,ace5975d-e7d0-44db-a2bc-3f64f51aa9c3,ok,0.0,high,full,current_phase8,unknown,projected,missing,15,0.0192
OG Anunoby,18,NYK,CLE,True,21713897,pra,starter,"stat_grid:component_convolution_mean_coherent_v1+components[pts:pmf_sim_v1+role_aware_pmf_cal_v1:starter+monotone_pit_cdf_v1,reb:pmf_sim_v1+role_aware_pmf_cal_v1:starter+monotone_pit_cdf_v1,ast:pmf_sim_v1+role_aware_pmf_cal_v1:starter+monotone_pit_cdf_v1]+prior_combo[joint_sampler_v1+joint_combo_pmf_v1+role_aware_pmf_cal_v1:starter+monotone_pit_cdf_v1]+stat_grid_final_component_convolution_mean_coherent_v1",phase8_role_aware_pmf_cal_v1+monotone_inactive_global_v1,pre_close,2026-05-22T11:36:28Z,24dddfd7#phase10c,ace5975d-e7d0-44db-a2bc-3f64f51aa9c3,ok,0.0,high,full,current_phase8,unknown,projected,missing,16,0.0241
OG Anunoby,18,NYK,CLE,True,21713897,pra,starter,"stat_grid:component_convolution_mean_coherent_v1+components[pts:pmf_sim_v1+role_aware_pmf_cal_v1:starter+monotone_pit_cdf_v1,reb:pmf_sim_v1+role_aware_pmf_cal_v1:starter+monotone_pit_cdf_v1,ast:pmf_sim_v1+role_aware_pmf_cal_v1:starter+monotone_pit_cdf_v1]+prior_combo[joint_sampler_v1+joint_combo_pmf_v1+role_aware_pmf_cal_v1:starter+monotone_pit_cdf_v1]+stat_grid_final_component_convolution_mean_coherent_v1",phase8_role_aware_pmf_cal_v1+monotone_inactive_global_v1,pre_close,2026-05-22T11:36:28Z,24dddfd7#phase10c,ace5975d-e7d0-44db-a2bc-3f64f51aa9c3,ok,0.0,high,full,current_phase8,unknown,projected,missing,17,0.0294
OG Anunoby,18,NYK,CLE,True,21713897,pra,starter,"stat_grid:component_convolution_mean_coherent_v1+components[pts:pmf_sim_v1+role_aware_pmf_cal_v1:starter+monotone_pit_cdf_v1,reb:pmf_sim_v1+role_aware_pmf_cal_v1:starter+monotone_pit_cdf_v1,ast:pmf_sim_v1+role_aware_pmf_cal_v1:starter+monotone_pit_cdf_v1]+prior_combo[joint_sampler_v1+joint_combo_pmf_v1+role_aware_pmf_cal_v1:starter+monotone_pit_cdf_v1]+stat_grid_final_component_convolution_mean_coherent_v1",phase8_role_aware_pmf_cal_v1+monotone_inactive_global_v1,pre_close,2026-05-22T11:36:28Z,24dddfd7#phase10c,ace5975d-e7d0-44db-a2bc-3f64f51aa9c3,ok,0.0,high,full,current_phase8,unknown,projected,missing,18,0.0353
OG Anunoby,18,NYK,CLE,True,21713897,pra,starter,"stat_grid:component_convolution_mean_coherent_v1+components[pts:pmf_sim_v1+role_aware_pmf_cal_v1:starter+monotone_pit_cdf_v1,reb:pmf_sim_v1+role_aware_pmf_cal_v1:starter+monotone_pit_cdf_v1,ast:pmf_sim_v1+role_aware_pmf_cal_v1:starter+monotone_pit_cdf_v1]+prior_combo[joint_sampler_v1+joint_combo_pmf_v1+role_aware_pmf_cal_v1:starter+monotone_pit_cdf_v1]+stat_grid_final_component_convolution_mean_coherent_v1",phase8_role_aware_pmf_cal_v1+monotone_inactive_global_v1,pre_close,2026-05-22T11:36:28Z,24dddfd7#phase10c,ace5975d-e7d0-44db-a2bc-3f64f51aa9c3,ok,0.0,high,full,current_phase8,unknown,projected,missing,19,0.0415
OG Anunoby,18,NYK,CLE,True,21713897,pra,starter,"stat_grid:component_convolution_mean_coherent_v1+components[pts:pmf_sim_v1+role_aware_pmf_cal_v1:starter+monotone_pit_cdf_v1,reb:pmf_sim_v1+role_aware_pmf_cal_v1:starter+monotone_pit_cdf_v1,ast:pmf_sim_v1+role_aware_pmf_cal_v1:starter+monotone_pit_cdf_v1]+prior_combo[joint_sampler_v1+joint_combo_pmf_v1+role_aware_pmf_cal_v1:starter+monotone_pit_cdf_v1]+stat_grid_final_component_convolution_mean_coherent_v1",phase8_role_aware_pmf_cal_v1+monotone_inactive_global_v1,pre_close,2026-05-22T11:36:28Z,24dddfd7#phase10c,ace5975d-e7d0-44db-a2bc-3f64f51aa9c3,ok,0.0,high,full,current_phase8,unknown,projected,missing,20,0.0473
OG Anunoby,18,NYK,CLE,True,21713897,pra,starter,"stat_grid:component_convolution_mean_coherent_v1+components[pts:pmf_sim_v1+role_aware_pmf_cal_v1:starter+monotone_pit_cdf_v1,reb:pmf_sim_v1+role_aware_pmf_cal_v1:starter+monotone_pit_cdf_v1,ast:pmf_sim_v1+role_aware_pmf_cal_v1:starter+monotone_pit_cdf_v1]+prior_combo[joint_sampler_v1+joint_combo_pmf_v1+role_aware_pmf_cal_v1:starter+monotone_pit_cdf_v1]+stat_grid_final_component_convolution_mean_coherent_v1",phase8_role_aware_pmf_cal_v1+monotone_inactive_global_v1,pre_close,2026-05-22T11:36:28Z,24dddfd7#phase10c,ace5975d-e7d0-44db-a2bc-3f64f51aa9c3,ok,0.0,high,full,current_phase8,unknown,projected,missing,21,0.0524
OG Anunoby,18,NYK,CLE,True,21713897,pra,starter,"stat_grid:component_convolution_mean_coherent_v1+components[pts:pmf_sim_v1+role_aware_pmf_cal_v1:starter+monotone_pit_cdf_v1,reb:pmf_sim_v1+role_aware_pmf_cal_v1:starter+monotone_pit_cdf_v1,ast:pmf_sim_v1+role_aware_pmf_cal_v1:starter+monotone_pit_cdf_v1]+prior_combo[joint_sampler_v1+joint_combo_pmf_v1+role_aware_pmf_cal_v1:starter+monotone_pit_cdf_v1]+stat_grid_final_component_convolution_mean_coherent_v1",phase8_role_aware_pmf_cal_v1+monotone_inactive_global_v1,pre_close,2026-05-22T11:36:28Z,24dddfd7#phase10c,ace5975d-e7d0-44db-a2bc-3f64f51aa9c3,ok,0.0,high,full,current_phase8,unknown,projected,missing,22,0.0569
OG Anunoby,18,NYK,CLE,True,21713897,pra,starter,"stat_grid:component_convolution_mean_coherent_v1+components[pts:pmf_sim_v1+role_aware_pmf_cal_v1:starter+monotone_pit_cdf_v1,reb:pmf_sim_v1+role_aware_pmf_cal_v1:starter+monotone_pit_cdf_v1,ast:pmf_sim_v1+role_aware_pmf_cal_v1:starter+monotone_pit_cdf_v1]+prior_combo[joint_sampler_v1+joint_combo_pmf_v1+role_aware_pmf_cal_v1:starter+monotone_pit_cdf_v1]+stat_grid_final_component_convolution_mean_coherent_v1",phase8_role_aware_pmf_cal_v1+monotone_inactive_global_v1,pre_close,2026-05-22T11:36:28Z,24dddfd7#phase10c,ace5975d-e7d0-44db-a2bc-3f64f51aa9c3,ok,0.0,high,full,current_phase8,unknown,projected,missing,23,0.0612
OG Anunoby,18,NYK,CLE,True,21713897,pra,starter,"stat_grid:component_convolution_mean_coherent_v1+components[pts:pmf_sim_v1+role_aware_pmf_cal_v1:starter+monotone_pit_cdf_v1,reb:pmf_sim_v1+role_aware_pmf_cal_v1:starter+monotone_pit_cdf_v1,ast:pmf_sim_v1+role_aware_pmf_cal_v1:starter+monotone_pit_cdf_v1]+prior_combo[joint_sampler_v1+joint_combo_pmf_v1+role_aware_pmf_cal_v1:starter+monotone_pit_cdf_v1]+stat_grid_final_component_convolution_mean_coherent_v1",phase8_role_aware_pmf_cal_v1+monotone_inactive_global_v1,pre_close,2026-05-22T11:36:28Z,24dddfd7#phase10c,ace5975d-e7d0-44db-a2bc-3f64f51aa9c3,ok,0.0,high,full,current_phase8,unknown,projected,missing,24,0.0646
OG Anunoby,18,NYK,CLE,True,21713897,pra,starter,"stat_grid:component_convolution_mean_coherent_v1+components[pts:pmf_sim_v1+role_aware_pmf_cal_v1:starter+monotone_pit_cdf_v1,reb:pmf_sim_v1+role_aware_pmf_cal_v1:starter+monotone_pit_cdf_v1,ast:pmf_sim_v1+role_aware_pmf_cal_v1:starter+monotone_pit_cdf_v1]+prior_combo[joint_sampler_v1+joint_combo_pmf_v1+role_aware_pmf_cal_v1:starter+monotone_pit_cdf_v1]+stat_grid_final_component_convolution_mean_coherent_v1",phase8_role_aware_pmf_cal_v1+monotone_inactive_global_v1,pre_close,2026-05-22T11:36:28Z,24dddfd7#phase10c,ace5975d-e7d0-44db-a2bc-3f64f51aa9c3,ok,0.0,high,full,current_phase8,unknown,projected,missing,25,0.0658
OG Anunoby,18,NYK,CLE,True,21713897,pra,starter,"stat_grid:component_convolution_mean_coherent_v1+components[pts:pmf_sim_v1+role_aware_pmf_cal_v1:starter+monotone_pit_cdf_v1,reb:pmf_sim_v1+role_aware_pmf_cal_v1:starter+monotone_pit_cdf_v1,ast:pmf_sim_v1+role_aware_pmf_cal_v1:starter+monotone_pit_cdf_v1]+prior_combo[joint_sampler_v1+joint_combo_pmf_v1+role_aware_pmf_cal_v1:starter+monotone_pit_cdf_v1]+stat_grid_final_component_convolution_mean_coherent_v1",phase8_role_aware_pmf_cal_v1+monotone_inactive_global_v1,pre_close,2026-05-22T11:36:28Z,24dddfd7#phase10c,ace5975d-e7d0-44db-a2bc-3f64f51aa9c3,ok,0.0,high,full,current_phase8,unknown,projected,missing,26,0.0642
OG Anunoby,18,NYK,CLE,True,21713897,pra,starter,"stat_grid:component_convolution_mean_coherent_v1+components[pts:pmf_sim_v1+role_aware_pmf_cal_v1:starter+monotone_pit_cdf_v1,reb:pmf_sim_v1+role_aware_pmf_cal_v1:starter+monotone_pit_cdf_v1,ast:pmf_sim_v1+role_aware_pmf_cal_v1:starter+monotone_pit_cdf_v1]+prior_combo[joint_sampler_v1+joint_combo_pmf_v1+role_aware_pmf_cal_v1:starter+monotone_pit_cdf_v1]+stat_grid_final_component_convolution_mean_coherent_v1",phase8_role_aware_pmf_cal_v1+monotone_inactive_global_v1,pre_close,2026-05-22T11:36:28Z,24dddfd7#phase10c,ace5975d-e7d0-44db-a2bc-3f64f51aa9c3,ok,0.0,high,full,current_phase8,unknown,projected,missing,27,0.0606
OG Anunoby,18,NYK,CLE,True,21713897,pra,starter,"stat_grid:component_convolution_mean_coherent_v1+components[pts:pmf_sim_v1+role_aware_pmf_cal_v1:starter+monotone_pit_cdf_v1,reb:pmf_sim_v1+role_aware_pmf_cal_v1:starter+monotone_pit_cdf_v1,ast:pmf_sim_v1+role_aware_pmf_cal_v1:starter+monotone_pit_cdf_v1]+prior_combo[joint_sampler_v1+joint_combo_pmf_v1+role_aware_pmf_cal_v1:starter+monotone_pit_cdf_v1]+stat_grid_final_component_convolution_mean_coherent_v1",phase8_role_aware_pmf_cal_v1+monotone_inactive_global_v1,pre_close,2026-05-22T11:36:28Z,24dddfd7#phase10c,ace5975d-e7d0-44db-a2bc-3f64f51aa9c3,ok,0.0,high,full,current_phase8,unknown,projected,missing,28,0.0561
OG Anunoby,18,NYK,CLE,True,21713897,pra,starter,"stat_grid:component_convolution_mean_coherent_v1+components[pts:pmf_sim_v1+role_aware_pmf_cal_v1:starter+monotone_pit_cdf_v1,reb:pmf_sim_v1+role_aware_pmf_cal_v1:starter+monotone_pit_cdf_v1,ast:pmf_sim_v1+role_aware_pmf_cal_v1:starter+monotone_pit_cdf_v1]+prior_combo[joint_sampler_v1+joint_combo_pmf_v1+role_aware_pmf_cal_v1:starter+monotone_pit_cdf_v1]+stat_grid_final_component_convolution_mean_coherent_v1",phase8_role_aware_pmf_cal_v1+monotone_inactive_global_v1,pre_close,2026-05-22T11:36:28Z,24dddfd7#phase10c,ace5975d-e7d0-44db-a2bc-3f64f51aa9c3,ok,0.0,high,full,current_phase8,unknown,projected,missing,29,0.0509
OG Anunoby,18,NYK,CLE,True,21713897,pra,starter,"stat_grid:component_convolution_mean_coherent_v1+components[pts:pmf_sim_v1+role_aware_pmf_cal_v1:starter+monotone_pit_cdf_v1,reb:pmf_sim_v1+role_aware_pmf_cal_v1:starter+monotone_pit_cdf_v1,ast:pmf_sim_v1+role_aware_pmf_cal_v1:starter+monotone_pit_cdf_v1]+prior_combo[joint_sampler_v1+joint_combo_pmf_v1+role_aware_pmf_cal_v1:starter+monotone_pit_cdf_v1]+stat_grid_final_component_convolution_mean_coherent_v1",phase8_role_aware_pmf_cal_v1+monotone_inactive_global_v1,pre_close,2026-05-22T11:36:28Z,24dddfd7#phase10c,ace5975d-e7d0-44db-a2bc-3f64f51aa9c3,ok,0.0,high,full,current_phase8,unknown,projected,missing,30,0.0447
OG Anunoby,18,NYK,CLE,True,21713897,pra,starter,"stat_grid:component_convolution_mean_coherent_v1+components[pts:pmf_sim_v1+role_aware_pmf_cal_v1:starter+monotone_pit_cdf_v1,reb:pmf_sim_v1+role_aware_pmf_cal_v1:starter+monotone_pit_cdf_v1,ast:pmf_sim_v1+role_aware_pmf_cal_v1:starter+monotone_pit_cdf_v1]+prior_combo[joint_sampler_v1+joint_combo_pmf_v1+role_aware_pmf_cal_v1:starter+monotone_pit_cdf_v1]+stat_grid_final_component_convolution_mean_coherent_v1",phase8_role_aware_pmf_cal_v1+monotone_inactive_global_v1,pre_close,2026-05-22T11:36:28Z,24dddfd7#phase10c,ace5975d-e7d0-44db-a2bc-3f64f51aa9c3,ok,0.0,high,full,current_phase8,unknown,projected,missing,31,0.0378
OG Anunoby,18,NYK,CLE,True,21713897,pra,starter,"stat_grid:component_convolution_mean_coherent_v1+components[pts:pmf_sim_v1+role_aware_pmf_cal_v1:starter+monotone_pit_cdf_v1,reb:pmf_sim_v1+role_aware_pmf_cal_v1:starter+monotone_pit_cdf_v1,ast:pmf_sim_v1+role_aware_pmf_cal_v1:starter+monotone_pit_cdf_v1]+prior_combo[joint_sampler_v1+joint_combo_pmf_v1+role_aware_pmf_cal_v1:starter+monotone_pit_cdf_v1]+stat_grid_final_component_convolution_mean_coherent_v1",phase8_role_aware_pmf_cal_v1+monotone_inactive_global_v1,pre_close,2026-05-22T11:36:28Z,24dddfd7#phase10c,ace5975d-e7d0-44db-a2bc-3f64f51aa9c3,ok,0.0,high,full,current_phase8,unknown,projected,missing,32,0.0309
OG Anunoby,18,NYK,CLE,True,21713897,pra,starter,"stat_grid:component_convolution_mean_coherent_v1+components[pts:pmf_sim_v1+role_aware_pmf_cal_v1:starter+monotone_pit_cdf_v1,reb:pmf_sim_v1+role_aware_pmf_cal_v1:starter+monotone_pit_cdf_v1,ast:pmf_sim_v1+role_aware_pmf_cal_v1:starter+monotone_pit_cdf_v1]+prior_combo[joint_sampler_v1+joint_combo_pmf_v1+role_aware_pmf_cal_v1:starter+monotone_pit_cdf_v1]+stat_grid_final_component_convolution_mean_coherent_v1",phase8_role_aware_pmf_cal_v1+monotone_inactive_global_v1,pre_close,2026-05-22T11:36:28Z,24dddfd7#phase10c,ace5975d-e7d0-44db-a2bc-3f64f51aa9c3,ok,0.0,high,full,current_phase8,unknown,projected,missing,33,0.0246
OG Anunoby,18,NYK,CLE,True,21713897,pra,starter,"stat_grid:component_convolution_mean_coherent_v1+components[pts:pmf_sim_v1+role_aware_pmf_cal_v1:starter+monotone_pit_cdf_v1,reb:pmf_sim_v1+role_aware_pmf_cal_v1:starter+monotone_pit_cdf_v1,ast:pmf_sim_v1+role_aware_pmf_cal_v1:starter+monotone_pit_cdf_v1]+prior_combo[joint_sampler_v1+joint_combo_pmf_v1+role_aware_pmf_cal_v1:starter+monotone_pit_cdf_v1]+stat_grid_final_component_convolution_mean_coherent_v1",phase8_role_aware_pmf_cal_v1+monotone_inactive_global_v1,pre_close,2026-05-22T11:36:28Z,24dddfd7#phase10c,ace5975d-e7d0-44db-a2bc-3f64f51aa9c3,ok,0.0,high,full,current_phase8,unknown,projected,missing,34,0.0193
OG Anunoby,18,NYK,CLE,True,21713897,pra,starter,"stat_grid:component_convolution_mean_coherent_v1+components[pts:pmf_sim_v1+role_aware_pmf_cal_v1:starter+monotone_pit_cdf_v1,reb:pmf_sim_v1+role_aware_pmf_cal_v1:starter+monotone_pit_cdf_v1,ast:pmf_sim_v1+role_aware_pmf_cal_v1:starter+monotone_pit_cdf_v1]+prior_combo[joint_sampler_v1+joint_combo_pmf_v1+role_aware_pmf_cal_v1:starter+monotone_pit_cdf_v1]+stat_grid_final_component_convolution_mean_coherent_v1",phase8_role_aware_pmf_cal_v1+monotone_inactive_global_v1,pre_close,2026-05-22T11:36:28Z,24dddfd7#phase10c,ace5975d-e7d0-44db-a2bc-3f64f51aa9c3,ok,0.0,high,full,current_phase8,unknown,projected,missing,35,0.015
OG Anunoby,18,NYK,CLE,True,21713897,pra,starter,"stat_grid:component_convolution_mean_coherent_v1+components[pts:pmf_sim_v1+role_aware_pmf_cal_v1:starter+monotone_pit_cdf_v1,reb:pmf_sim_v1+role_aware_pmf_cal_v1:starter+monotone_pit_cdf_v1,ast:pmf_sim_v1+role_aware_pmf_cal_v1:starter+monotone_pit_cdf_v1]+prior_combo[joint_sampler_v1+joint_combo_pmf_v1+role_aware_pmf_cal_v1:starter+monotone_pit_cdf_v1]+stat_grid_final_component_convolution_mean_coherent_v1",phase8_role_aware_pmf_cal_v1+monotone_inactive_global_v1,pre_close,2026-05-22T11:36:28Z,24dddfd7#phase10c,ace5975d-e7d0-44db-a2bc-3f64f51aa9c3,ok,0.0,high,full,current_phase8,unknown,projected,missing,36,0.0117
OG Anunoby,18,NYK,CLE,True,21713897,pra,starter,"stat_grid:component_convolution_mean_coherent_v1+components[pts:pmf_sim_v1+role_aware_pmf_cal_v1:starter+monotone_pit_cdf_v1,reb:pmf_sim_v1+role_aware_pmf_cal_v1:starter+monotone_pit_cdf_v1,ast:pmf_sim_v1+role_aware_pmf_cal_v1:starter+monotone_pit_cdf_v1]+prior_combo[joint_sampler_v1+joint_combo_pmf_v1+role_aware_pmf_cal_v1:starter+monotone_pit_cdf_v1]+stat_grid_final_component_convolution_mean_coherent_v1",phase8_role_aware_pmf_cal_v1+monotone_inactive_global_v1,pre_close,2026-05-22T11:36:28Z,24dddfd7#phase10c,ace5975d-e7d0-44db-a2bc-3f64f51aa9c3,ok,0.0,high,full,current_phase8,unknown,projected,missing,37,0.0092
OG Anunoby,18,NYK,CLE,True,21713897,pra,starter,"stat_grid:component_convolution_mean_coherent_v1+components[pts:pmf_sim_v1+role_aware_pmf_cal_v1:starter+monotone_pit_cdf_v1,reb:pmf_sim_v1+role_aware_pmf_cal_v1:starter+monotone_pit_cdf_v1,ast:pmf_sim_v1+role_aware_pmf_cal_v1:starter+monotone_pit_cdf_v1]+prior_combo[joint_sampler_v1+joint_combo_pmf_v1+role_aware_pmf_cal_v1:starter+monotone_pit_cdf_v1]+stat_grid_final_component_convolution_mean_coherent_v1",phase8_role_aware_pmf_cal_v1+monotone_inactive_global_v1,pre_close,2026-05-22T11:36:28Z,24dddfd7#phase10c,ace5975d-e7d0-44db-a2bc-3f64f51aa9c3,ok,0.0,high,full,current_phase8,unknown,projected,missing,38,0.0075
OG Anunoby,18,NYK,CLE,True,21713897,pra,starter,"stat_grid:component_convolution_mean_coherent_v1+components[pts:pmf_sim_v1+role_aware_pmf_cal_v1:starter+monotone_pit_cdf_v1,reb:pmf_sim_v1+role_aware_pmf_cal_v1:starter+monotone_pit_cdf_v1,ast:pmf_sim_v1+role_aware_pmf_cal_v1:starter+monotone_pit_cdf_v1]+prior_combo[joint_sampler_v1+joint_combo_pmf_v1+role_aware_pmf_cal_v1:starter+monotone_pit_cdf_v1]+stat_grid_final_component_convolution_mean_coherent_v1",phase8_role_aware_pmf_cal_v1+monotone_inactive_global_v1,pre_close,2026-05-22T11:36:28Z,24dddfd7#phase10c,ace5975d-e7d0-44db-a2bc-3f64f51aa9c3,ok,0.0,high,full,current_phase8,unknown,projected,missing,39,0.0061
OG Anunoby,18,NYK,CLE,True,21713897,pra,starter,"stat_grid:component_convolution_mean_coherent_v1+components[pts:pmf_sim_v1+role_aware_pmf_cal_v1:starter+monotone_pit_cdf_v1,reb:pmf_sim_v1+role_aware_pmf_cal_v1:starter+monotone_pit_cdf_v1,ast:pmf_sim_v1+role_aware_pmf_cal_v1:starter+monotone_pit_cdf_v1]+prior_combo[joint_sampler_v1+joint_combo_pmf_v1+role_aware_pmf_cal_v1:starter+monotone_pit_cdf_v1]+stat_grid_final_component_convolution_mean_coherent_v1",phase8_role_aware_pmf_cal_v1+monotone_inactive_global_v1,pre_close,2026-05-22T11:36:28Z,24dddfd7#phase10c,ace5975d-e7d0-44db-a2bc-3f64f51aa9c3,ok,0.0,high,full,current_phase8,unknown,projected,missing,40,0.0049
OG Anunoby,18,NYK,CLE,True,21713897,pra,starter,"stat_grid:component_convolution_mean_coherent_v1+components[pts:pmf_sim_v1+role_aware_pmf_cal_v1:starter+monotone_pit_cdf_v1,reb:pmf_sim_v1+role_aware_pmf_cal_v1:starter+monotone_pit_cdf_v1,ast:pmf_sim_v1+role_aware_pmf_cal_v1:starter+monotone_pit_cdf_v1]+prior_combo[joint_sampler_v1+joint_combo_pmf_v1+role_aware_pmf_cal_v1:starter+monotone_pit_cdf_v1]+stat_grid_final_component_convolution_mean_coherent_v1",phase8_role_aware_pmf_cal_v1+monotone_inactive_global_v1,pre_close,2026-05-22T11:36:28Z,24dddfd7#phase10c,ace5975d-e7d0-44db-a2bc-3f64f51aa9c3,ok,0.0,high,full,current_phase8,unknown,projected,missing,41,0.0039
OG Anunoby,18,NYK,CLE,True,21713897,pra,starter,"stat_grid:component_convolution_mean_coherent_v1+components[pts:pmf_sim_v1+role_aware_pmf_cal_v1:starter+monotone_pit_cdf_v1,reb:pmf_sim_v1+role_aware_pmf_cal_v1:starter+monotone_pit_cdf_v1,ast:pmf_sim_v1+role_aware_pmf_cal_v1:starter+monotone_pit_cdf_v1]+prior_combo[joint_sampler_v1+joint_combo_pmf_v1+role_aware_pmf_cal_v1:starter+monotone_pit_cdf_v1]+stat_grid_final_component_convolution_mean_coherent_v1",phase8_role_aware_pmf_cal_v1+monotone_inactive_global_v1,pre_close,2026-05-22T11:36:28Z,24dddfd7#phase10c,ace5975d-e7d0-44db-a2bc-3f64f51aa9c3,ok,0.0,high,full,current_phase8,unknown,projected,missing,42,0.003
OG Anunoby,18,NYK,CLE,True,21713897,pra,starter,"stat_grid:component_convolution_mean_coherent_v1+components[pts:pmf_sim_v1+role_aware_pmf_cal_v1:starter+monotone_pit_cdf_v1,reb:pmf_sim_v1+role_aware_pmf_cal_v1:starter+monotone_pit_cdf_v1,ast:pmf_sim_v1+role_aware_pmf_cal_v1:starter+monotone_pit_cdf_v1]+prior_combo[joint_sampler_v1+joint_combo_pmf_v1+role_aware_pmf_cal_v1:starter+monotone_pit_cdf_v1]+stat_grid_final_component_convolution_mean_coherent_v1",phase8_role_aware_pmf_cal_v1+monotone_inactive_global_v1,pre_close,2026-05-22T11:36:28Z,24dddfd7#phase10c,ace5975d-e7d0-44db-a2bc-3f64f51aa9c3,ok,0.0,high,full,current_phase8,unknown,projected,missing,43,0.0022
OG Anunoby,18,NYK,CLE,True,21713897,pra,starter,"stat_grid:component_convolution_mean_coherent_v1+components[pts:pmf_sim_v1+role_aware_pmf_cal_v1:starter+monotone_pit_cdf_v1,reb:pmf_sim_v1+role_aware_pmf_cal_v1:starter+monotone_pit_cdf_v1,ast:pmf_sim_v1+role_aware_pmf_cal_v1:starter+monotone_pit_cdf_v1]+prior_combo[joint_sampler_v1+joint_combo_pmf_v1+role_aware_pmf_cal_v1:starter+monotone_pit_cdf_v1]+stat_grid_final_component_convolution_mean_coherent_v1",phase8_role_aware_pmf_cal_v1+monotone_inactive_global_v1,pre_close,2026-05-22T11:36:28Z,24dddfd7#phase10c,ace5975d-e7d0-44db-a2bc-3f64f51aa9c3,ok,0.0,high,full,current_phase8,unknown,projected,missing,44,0.0015
OG Anunoby,18,NYK,CLE,True,21713897,pra,starter,"stat_grid:component_convolution_mean_coherent_v1+components[pts:pmf_sim_v1+role_aware_pmf_cal_v1:starter+monotone_pit_cdf_v1,reb:pmf_sim_v1+role_aware_pmf_cal_v1:starter+monotone_pit_cdf_v1,ast:pmf_sim_v1+role_aware_pmf_cal_v1:starter+monotone_pit_cdf_v1]+prior_combo[joint_sampler_v1+joint_combo_pmf_v1+role_aware_pmf_cal_v1:starter+monotone_pit_cdf_v1]+stat_grid_final_component_convolution_mean_coherent_v1",phase8_role_aware_pmf_cal_v1+monotone_inactive_global_v1,pre_close,2026-05-22T11:36:28Z,24dddfd7#phase10c,ace5975d-e7d0-44db-a2bc-3f64f51aa9c3,ok,0.0,high,full,current_phase8,unknown,projected,missing,45,0.001
OG Anunoby,18,NYK,CLE,True,21713897,pra,starter,"stat_grid:component_convolution_mean_coherent_v1+components[pts:pmf_sim_v1+role_aware_pmf_cal_v1:starter+monotone_pit_cdf_v1,reb:pmf_sim_v1+role_aware_pmf_cal_v1:starter+monotone_pit_cdf_v1,ast:pmf_sim_v1+role_aware_pmf_cal_v1:starter+monotone_pit_cdf_v1]+prior_combo[joint_sampler_v1+joint_combo_pmf_v1+role_aware_pmf_cal_v1:starter+monotone_pit_cdf_v1]+stat_grid_final_component_convolution_mean_coherent_v1",phase8_role_aware_pmf_cal_v1+monotone_inactive_global_v1,pre_close,2026-05-22T11:36:28Z,24dddfd7#phase10c,ace5975d-e7d0-44db-a2bc-3f64f51aa9c3,ok,0.0,high,full,current_phase8,unknown,projected,missing,46,0.0006
OG Anunoby,18,NYK,CLE,True,21713897,pra,starter,"stat_grid:component_convolution_mean_coherent_v1+components[pts:pmf_sim_v1+role_aware_pmf_cal_v1:starter+monotone_pit_cdf_v1,reb:pmf_sim_v1+role_aware_pmf_cal_v1:starter+monotone_pit_cdf_v1,ast:pmf_sim_v1+role_aware_pmf_cal_v1:starter+monotone_pit_cdf_v1]+prior_combo[joint_sampler_v1+joint_combo_pmf_v1+role_aware_pmf_cal_v1:starter+monotone_pit_cdf_v1]+stat_grid_final_component_convolution_mean_coherent_v1",phase8_role_aware_pmf_cal_v1+monotone_inactive_global_v1,pre_close,2026-05-22T11:36:28Z,24dddfd7#phase10c,ace5975d-e7d0-44db-a2bc-3f64f51aa9c3,ok,0.0,high,full,current_phase8,unknown,projected,missing,47,0.0004
OG Anunoby,18,NYK,CLE,True,21713897,pra,starter,"stat_grid:component_convolution_mean_coherent_v1+components[pts:pmf_sim_v1+role_aware_pmf_cal_v1:starter+monotone_pit_cdf_v1,reb:pmf_sim_v1+role_aware_pmf_cal_v1:starter+monotone_pit_cdf_v1,ast:pmf_sim_v1+role_aware_pmf_cal_v1:starter+monotone_pit_cdf_v1]+prior_combo[joint_sampler_v1+joint_combo_pmf_v1+role_aware_pmf_cal_v1:starter+monotone_pit_cdf_v1]+stat_grid_final_component_convolution_mean_coherent_v1",phase8_role_aware_pmf_cal_v1+monotone_inactive_global_v1,pre_close,2026-05-22T11:36:28Z,24dddfd7#phase10c,ace5975d-e7d0-44db-a2bc-3f64f51aa9c3,ok,0.0,high,full,current_phase8,unknown,projected,missing,48,0.0002
OG Anunoby,18,NYK,CLE,True,21713897,pra,starter,"stat_grid:component_convolution_mean_coherent_v1+components[pts:pmf_sim_v1+role_aware_pmf_cal_v1:starter+monotone_pit_cdf_v1,reb:pmf_sim_v1+role_aware_pmf_cal_v1:starter+monotone_pit_cdf_v1,ast:pmf_sim_v1+role_aware_pmf_cal_v1:starter+monotone_pit_cdf_v1]+prior_combo[joint_sampler_v1+joint_combo_pmf_v1+role_aware_pmf_cal_v1:starter+monotone_pit_cdf_v1]+stat_grid_final_component_convolution_mean_coherent_v1",phase8_role_aware_pmf_cal_v1+monotone_inactive_global_v1,pre_close,2026-05-22T11:36:28Z,24dddfd7#phase10c,ace5975d-e7d0-44db-a2bc-3f64f51aa9c3,ok,0.0,high,full,current_phase8,unknown,projected,missing,49,0.0002
OG Anunoby,18,NYK,CLE,True,21713897,pra,starter,"stat_grid:component_convolution_mean_coherent_v1+components[pts:pmf_sim_v1+role_aware_pmf_cal_v1:starter+monotone_pit_cdf_v1,reb:pmf_sim_v1+role_aware_pmf_cal_v1:starter+monotone_pit_cdf_v1,ast:pmf_sim_v1+role_aware_pmf_cal_v1:starter+monotone_pit_cdf_v1]+prior_combo[joint_sampler_v1+joint_combo_pmf_v1+role_aware_pmf_cal_v1:starter+monotone_pit_cdf_v1]+stat_grid_final_component_convolution_mean_coherent_v1",phase8_role_aware_pmf_cal_v1+monotone_inactive_global_v1,pre_close,2026-05-22T11:36:28Z,24dddfd7#phase10c,ace5975d-e7d0-44db-a2bc-3f64f51aa9c3,ok,0.0,high,full,current_phase8,unknown,projected,missing,50,0.0001
OG Anunoby,18,NYK,CLE,True,21713897,pra,starter,"stat_grid:component_convolution_mean_coherent_v1+components[pts:pmf_sim_v1+role_aware_pmf_cal_v1:starter+monotone_pit_cdf_v1,reb:pmf_sim_v1+role_aware_pmf_cal_v1:starter+monotone_pit_cdf_v1,ast:pmf_sim_v1+role_aware_pmf_cal_v1:starter+monotone_pit_cdf_v1]+prior_combo[joint_sampler_v1+joint_combo_pmf_v1+role_aware_pmf_cal_v1:starter+monotone_pit_cdf_v1]+stat_grid_final_component_convolution_mean_coherent_v1",phase8_role_aware_pmf_cal_v1+monotone_inactive_global_v1,pre_close,2026-05-22T11:36:28Z,24dddfd7#phase10c,ace5975d-e7d0-44db-a2bc-3f64f51aa9c3,ok,0.0,high,full,current_phase8,unknown,projected,missing,51,0.0001
OG Anunoby,18,NYK,CLE,True,21713897,pra,starter,"stat_grid:component_convolution_mean_coherent_v1+components[pts:pmf_sim_v1+role_aware_pmf_cal_v1:starter+monotone_pit_cdf_v1,reb:pmf_sim_v1+role_aware_pmf_cal_v1:starter+monotone_pit_cdf_v1,ast:pmf_sim_v1+role_aware_pmf_cal_v1:starter+monotone_pit_cdf_v1]+prior_combo[joint_sampler_v1+joint_combo_pmf_v1+role_aware_pmf_cal_v1:starter+monotone_pit_cdf_v1]+stat_grid_final_component_convolution_mean_coherent_v1",phase8_role_aware_pmf_cal_v1+monotone_inactive_global_v1,pre_close,2026-05-22T11:36:28Z,24dddfd7#phase10c,ace5975d-e7d0-44db-a2bc-3f64f51aa9c3,ok,0.0,high,full,current_phase8,unknown,projected,missing,52,0.0001
OG Anunoby,18,NYK,CLE,True,21713897,pra,starter,"stat_grid:component_convolution_mean_coherent_v1+components[pts:pmf_sim_v1+role_aware_pmf_cal_v1:starter+monotone_pit_cdf_v1,reb:pmf_sim_v1+role_aware_pmf_cal_v1:starter+monotone_pit_cdf_v1,ast:pmf_sim_v1+role_aware_pmf_cal_v1:starter+monotone_pit_cdf_v1]+prior_combo[joint_sampler_v1+joint_combo_pmf_v1+role_aware_pmf_cal_v1:starter+monotone_pit_cdf_v1]+stat_grid_final_component_convolution_mean_coherent_v1",phase8_role_aware_pmf_cal_v1+monotone_inactive_global_v1,pre_close,2026-05-22T11:36:28Z,24dddfd7#phase10c,ace5975d-e7d0-44db-a2bc-3f64f51aa9c3,ok,0.0,high,full,current_phase8,unknown,projected,missing,53,0.0001
OG Anunoby,18,NYK,CLE,True,21713897,pra,starter,"stat_grid:component_convolution_mean_coherent_v1+components[pts:pmf_sim_v1+role_aware_pmf_cal_v1:starter+monotone_pit_cdf_v1,reb:pmf_sim_v1+role_aware_pmf_cal_v1:starter+monotone_pit_cdf_v1,ast:pmf_sim_v1+role_aware_pmf_cal_v1:starter+monotone_pit_cdf_v1]+prior_combo[joint_sampler_v1+joint_combo_pmf_v1+role_aware_pmf_cal_v1:starter+monotone_pit_cdf_v1]+stat_grid_final_component_convolution_mean_coherent_v1",phase8_role_aware_pmf_cal_v1+monotone_inactive_global_v1,pre_close,2026-05-22T11:36:28Z,24dddfd7#phase10c,ace5975d-e7d0-44db-a2bc-3f64f51aa9c3,ok,0.0,high,full,current_phase8,unknown,projected,missing,54,0.0001
OG Anunoby,18,NYK,CLE,True,21713897,pra,starter,"stat_grid:component_convolution_mean_coherent_v1+components[pts:pmf_sim_v1+role_aware_pmf_cal_v1:starter+monotone_pit_cdf_v1,reb:pmf_sim_v1+role_aware_pmf_cal_v1:starter+monotone_pit_cdf_v1,ast:pmf_sim_v1+role_aware_pmf_cal_v1:starter+monotone_pit_cdf_v1]+prior_combo[joint_sampler_v1+joint_combo_pmf_v1+role_aware_pmf_cal_v1:starter+monotone_pit_cdf_v1]+stat_grid_final_component_convolution_mean_coherent_v1",phase8_role_aware_pmf_cal_v1+monotone_inactive_global_v1,pre_close,2026-05-22T11:36:28Z,24dddfd7#phase10c,ace5975d-e7d0-44db-a2bc-3f64f51aa9c3,ok,0.0,high,full,current_phase8,unknown,projected,missing,55,0.0001
OG Anunoby,18,NYK,CLE,True,21713897,pra,starter,"stat_grid:component_convolution_mean_coherent_v1+components[pts:pmf_sim_v1+role_aware_pmf_cal_v1:starter+monotone_pit_cdf_v1,reb:pmf_sim_v1+role_aware_pmf_cal_v1:starter+monotone_pit_cdf_v1,ast:pmf_sim_v1+role_aware_pmf_cal_v1:starter+monotone_pit_cdf_v1]+prior_combo[joint_sampler_v1+joint_combo_pmf_v1+role_aware_pmf_cal_v1:starter+monotone_pit_cdf_v1]+stat_grid_final_component_convolution_mean_coherent_v1",phase8_role_aware_pmf_cal_v1+monotone_inactive_global_v1,pre_close,2026-05-22T11:36:28Z,24dddfd7#phase10c,ace5975d-e7d0-44db-a2bc-3f64f51aa9c3,ok,0.0,high,full,current_phase8,unknown,projected,missing,56,0.0
OG Anunoby,18,NYK,CLE,True,21713897,pra,starter,"stat_grid:component_convolution_mean_coherent_v1+components[pts:pmf_sim_v1+role_aware_pmf_cal_v1:starter+monotone_pit_cdf_v1,reb:pmf_sim_v1+role_aware_pmf_cal_v1:starter+monotone_pit_cdf_v1,ast:pmf_sim_v1+role_aware_pmf_cal_v1:starter+monotone_pit_cdf_v1]+prior_combo[joint_sampler_v1+joint_combo_pmf_v1+role_aware_pmf_cal_v1:starter+monotone_pit_cdf_v1]+stat_grid_final_component_convolution_mean_coherent_v1",phase8_role_aware_pmf_cal_v1+monotone_inactive_global_v1,pre_close,2026-05-22T11:36:28Z,24dddfd7#phase10c,ace5975d-e7d0-44db-a2bc-3f64f51aa9c3,ok,0.0,high,full,current_phase8,unknown,projected,missing,57,0.0
OG Anunoby,18,NYK,CLE,True,21713897,pra,starter,"stat_grid:component_convolution_mean_coherent_v1+components[pts:pmf_sim_v1+role_aware_pmf_cal_v1:starter+monotone_pit_cdf_v1,reb:pmf_sim_v1+role_aware_pmf_cal_v1:starter+monotone_pit_cdf_v1,ast:pmf_sim_v1+role_aware_pmf_cal_v1:starter+monotone_pit_cdf_v1]+prior_combo[joint_sampler_v1+joint_combo_pmf_v1+role_aware_pmf_cal_v1:starter+monotone_pit_cdf_v1]+stat_grid_final_component_convolution_mean_coherent_v1",phase8_role_aware_pmf_cal_v1+monotone_inactive_global_v1,pre_close,2026-05-22T11:36:28Z,24dddfd7#phase10c,ace5975d-e7d0-44db-a2bc-3f64f51aa9c3,ok,0.0,high,full,current_phase8,unknown,projected,missing,58,0.0
OG Anunoby,18,NYK,CLE,True,21713897,pra,starter,"stat_grid:component_convolution_mean_coherent_v1+components[pts:pmf_sim_v1+role_aware_pmf_cal_v1:starter+monotone_pit_cdf_v1,reb:pmf_sim_v1+role_aware_pmf_cal_v1:starter+monotone_pit_cdf_v1,ast:pmf_sim_v1+role_aware_pmf_cal_v1:starter+monotone_pit_cdf_v1]+prior_combo[joint_sampler_v1+joint_combo_pmf_v1+role_aware_pmf_cal_v1:starter+monotone_pit_cdf_v1]+stat_grid_final_component_convolution_mean_coherent_v1",phase8_role_aware_pmf_cal_v1+monotone_inactive_global_v1,pre_close,2026-05-22T11:36:28Z,24dddfd7#phase10c,ace5975d-e7d0-44db-a2bc-3f64f51aa9c3,ok,0.0,high,full,current_phase8,unknown,projected,missing,59,0.0
OG Anunoby,18,NYK,CLE,True,21713897,pra,starter,"stat_grid:component_convolution_mean_coherent_v1+components[pts:pmf_sim_v1+role_aware_pmf_cal_v1:starter+monotone_pit_cdf_v1,reb:pmf_sim_v1+role_aware_pmf_cal_v1:starter+monotone_pit_cdf_v1,ast:pmf_sim_v1+role_aware_pmf_cal_v1:starter+monotone_pit_cdf_v1]+prior_combo[joint_sampler_v1+joint_combo_pmf_v1+role_aware_pmf_cal_v1:starter+monotone_pit_cdf_v1]+stat_grid_final_component_convolution_mean_coherent_v1",phase8_role_aware_pmf_cal_v1+monotone_inactive_global_v1,pre_close,2026-05-22T11:36:28Z,24dddfd7#phase10c,ace5975d-e7d0-44db-a2bc-3f64f51aa9c3,ok,0.0,high,full,current_phase8,unknown,projected,missing,60,0.0
OG Anunoby,18,NYK,CLE,True,21713897,pra,starter,"stat_grid:component_convolution_mean_coherent_v1+components[pts:pmf_sim_v1+role_aware_pmf_cal_v1:starter+monotone_pit_cdf_v1,reb:pmf_sim_v1+role_aware_pmf_cal_v1:starter+monotone_pit_cdf_v1,ast:pmf_sim_v1+role_aware_pmf_cal_v1:starter+monotone_pit_cdf_v1]+prior_combo[joint_sampler_v1+joint_combo_pmf_v1+role_aware_pmf_cal_v1:starter+monotone_pit_cdf_v1]+stat_grid_final_component_convolution_mean_coherent_v1",phase8_role_aware_pmf_cal_v1+monotone_inactive_global_v1,pre_close,2026-05-22T11:36:28Z,24dddfd7#phase10c,ace5975d-e7d0-44db-a2bc-3f64f51aa9c3,ok,0.0,high,full,current_phase8,unknown,projected,missing,61,0.0
OG Anunoby,18,NYK,CLE,True,21713897,pra,starter,"stat_grid:component_convolution_mean_coherent_v1+components[pts:pmf_sim_v1+role_aware_pmf_cal_v1:starter+monotone_pit_cdf_v1,reb:pmf_sim_v1+role_aware_pmf_cal_v1:starter+monotone_pit_cdf_v1,ast:pmf_sim_v1+role_aware_pmf_cal_v1:starter+monotone_pit_cdf_v1]+prior_combo[joint_sampler_v1+joint_combo_pmf_v1+role_aware_pmf_cal_v1:starter+monotone_pit_cdf_v1]+stat_grid_final_component_convolution_mean_coherent_v1",phase8_role_aware_pmf_cal_v1+monotone_inactive_global_v1,pre_close,2026-05-22T11:36:28Z,24dddfd7#phase10c,ace5975d-e7d0-44db-a2bc-3f64f51aa9c3,ok,0.0,high,full,current_phase8,unknown,projected,missing,62,0.0
OG Anunoby,18,NYK,CLE,True,21713897,pra,starter,"stat_grid:component_convolution_mean_coherent_v1+components[pts:pmf_sim_v1+role_aware_pmf_cal_v1:starter+monotone_pit_cdf_v1,reb:pmf_sim_v1+role_aware_pmf_cal_v1:starter+monotone_pit_cdf_v1,ast:pmf_sim_v1+role_aware_pmf_cal_v1:starter+monotone_pit_cdf_v1]+prior_combo[joint_sampler_v1+joint_combo_pmf_v1+role_aware_pmf_cal_v1:starter+monotone_pit_cdf_v1]+stat_grid_final_component_convolution_mean_coherent_v1",phase8_role_aware_pmf_cal_v1+monotone_inactive_global_v1,pre_close,2026-05-22T11:36:28Z,24dddfd7#phase10c,ace5975d-e7d0-44db-a2bc-3f64f51aa9c3,ok,0.0,high,full,current_phase8,unknown,projected,missing,63,0.0
OG Anunoby,18,NYK,CLE,True,21713897,pra,starter,"stat_grid:component_convolution_mean_coherent_v1+components[pts:pmf_sim_v1+role_aware_pmf_cal_v1:starter+monotone_pit_cdf_v1,reb:pmf_sim_v1+role_aware_pmf_cal_v1:starter+monotone_pit_cdf_v1,ast:pmf_sim_v1+role_aware_pmf_cal_v1:starter+monotone_pit_cdf_v1]+prior_combo[joint_sampler_v1+joint_combo_pmf_v1+role_aware_pmf_cal_v1:starter+monotone_pit_cdf_v1]+stat_grid_final_component_convolution_mean_coherent_v1",phase8_role_aware_pmf_cal_v1+monotone_inactive_global_v1,pre_close,2026-05-22T11:36:28Z,24dddfd7#phase10c,ace5975d-e7d0-44db-a2bc-3f64f51aa9c3,ok,0.0,high,full,current_phase8,unknown,projected,missing,64,0.0
OG Anunoby,18,NYK,CLE,True,21713897,pra,starter,"stat_grid:component_convolution_mean_coherent_v1+components[pts:pmf_sim_v1+role_aware_pmf_cal_v1:starter+monotone_pit_cdf_v1,reb:pmf_sim_v1+role_aware_pmf_cal_v1:starter+monotone_pit_cdf_v1,ast:pmf_sim_v1+role_aware_pmf_cal_v1:starter+monotone_pit_cdf_v1]+prior_combo[joint_sampler_v1+joint_combo_pmf_v1+role_aware_pmf_cal_v1:starter+monotone_pit_cdf_v1]+stat_grid_final_component_convolution_mean_coherent_v1",phase8_role_aware_pmf_cal_v1+monotone_inactive_global_v1,pre_close,2026-05-22T11:36:28Z,24dddfd7#phase10c,ace5975d-e7d0-44db-a2bc-3f64f51aa9c3,ok,0.0,high,full,current_phase8,unknown,projected,missing,65,0.0
OG Anunoby,18,NYK,CLE,True,21713897,pra,starter,"stat_grid:component_convolution_mean_coherent_v1+components[pts:pmf_sim_v1+role_aware_pmf_cal_v1:starter+monotone_pit_cdf_v1,reb:pmf_sim_v1+role_aware_pmf_cal_v1:starter+monotone_pit_cdf_v1,ast:pmf_sim_v1+role_aware_pmf_cal_v1:starter+monotone_pit_cdf_v1]+prior_combo[joint_sampler_v1+joint_combo_pmf_v1+role_aware_pmf_cal_v1:starter+monotone_pit_cdf_v1]+stat_grid_final_component_convolution_mean_coherent_v1",phase8_role_aware_pmf_cal_v1+monotone_inactive_global_v1,pre_close,2026-05-22T11:36:28Z,24dddfd7#phase10c,ace5975d-e7d0-44db-a2bc-3f64f51aa9c3,ok,0.0,high,full,current_phase8,unknown,projected,missing,66,0.0
OG Anunoby,18,NYK,CLE,True,21713897,pra,starter,"stat_grid:component_convolution_mean_coherent_v1+components[pts:pmf_sim_v1+role_aware_pmf_cal_v1:starter+monotone_pit_cdf_v1,reb:pmf_sim_v1+role_aware_pmf_cal_v1:starter+monotone_pit_cdf_v1,ast:pmf_sim_v1+role_aware_pmf_cal_v1:starter+monotone_pit_cdf_v1]+prior_combo[joint_sampler_v1+joint_combo_pmf_v1+role_aware_pmf_cal_v1:starter+monotone_pit_cdf_v1]+stat_grid_final_component_convolution_mean_coherent_v1",phase8_role_aware_pmf_cal_v1+monotone_inactive_global_v1,pre_close,2026-05-22T11:36:28Z,24dddfd7#phase10c,ace5975d-e7d0-44db-a2bc-3f64f51aa9c3,ok,0.0,high,full,current_phase8,unknown,projected,missing,67,0.0
OG Anunoby,18,NYK,CLE,True,21713897,pra,starter,"stat_grid:component_convolution_mean_coherent_v1+components[pts:pmf_sim_v1+role_aware_pmf_cal_v1:starter+monotone_pit_cdf_v1,reb:pmf_sim_v1+role_aware_pmf_cal_v1:starter+monotone_pit_cdf_v1,ast:pmf_sim_v1+role_aware_pmf_cal_v1:starter+monotone_pit_cdf_v1]+prior_combo[joint_sampler_v1+joint_combo_pmf_v1+role_aware_pmf_cal_v1:starter+monotone_pit_cdf_v1]+stat_grid_final_component_convolution_mean_coherent_v1",phase8_role_aware_pmf_cal_v1+monotone_inactive_global_v1,pre_close,2026-05-22T11:36:28Z,24dddfd7#phase10c,ace5975d-e7d0-44db-a2bc-3f64f51aa9c3,ok,0.0,high,full,current_phase8,unknown,projected,missing,68,0.0
OG Anunoby,18,NYK,CLE,True,21713897,pra,starter,"stat_grid:component_convolution_mean_coherent_v1+components[pts:pmf_sim_v1+role_aware_pmf_cal_v1:starter+monotone_pit_cdf_v1,reb:pmf_sim_v1+role_aware_pmf_cal_v1:starter+monotone_pit_cdf_v1,ast:pmf_sim_v1+role_aware_pmf_cal_v1:starter+monotone_pit_cdf_v1]+prior_combo[joint_sampler_v1+joint_combo_pmf_v1+role_aware_pmf_cal_v1:starter+monotone_pit_cdf_v1]+stat_grid_final_component_convolution_mean_coherent_v1",phase8_role_aware_pmf_cal_v1+monotone_inactive_global_v1,pre_close,2026-05-22T11:36:28Z,24dddfd7#phase10c,ace5975d-e7d0-44db-a2bc-3f64f51aa9c3,ok,0.0,high,full,current_phase8,unknown,projected,missing,69,0.0
OG Anunoby,18,NYK,CLE,True,21713897,pra,starter,"stat_grid:component_convolution_mean_coherent_v1+components[pts:pmf_sim_v1+role_aware_pmf_cal_v1:starter+monotone_pit_cdf_v1,reb:pmf_sim_v1+role_aware_pmf_cal_v1:starter+monotone_pit_cdf_v1,ast:pmf_sim_v1+role_aware_pmf_cal_v1:starter+monotone_pit_cdf_v1]+prior_combo[joint_sampler_v1+joint_combo_pmf_v1+role_aware_pmf_cal_v1:starter+monotone_pit_cdf_v1]+stat_grid_final_component_convolution_mean_coherent_v1",phase8_role_aware_pmf_cal_v1+monotone_inactive_global_v1,pre_close,2026-05-22T11:36:28Z,24dddfd7#phase10c,ace5975d-e7d0-44db-a2bc-3f64f51aa9c3,ok,0.0,high,full,current_phase8,unknown,projected,missing,70,0.0
OG Anunoby,18,NYK,CLE,True,21713897,pra,starter,"stat_grid:component_convolution_mean_coherent_v1+components[pts:pmf_sim_v1+role_aware_pmf_cal_v1:starter+monotone_pit_cdf_v1,reb:pmf_sim_v1+role_aware_pmf_cal_v1:starter+monotone_pit_cdf_v1,ast:pmf_sim_v1+role_aware_pmf_cal_v1:starter+monotone_pit_cdf_v1]+prior_combo[joint_sampler_v1+joint_combo_pmf_v1+role_aware_pmf_cal_v1:starter+monotone_pit_cdf_v1]+stat_grid_final_component_convolution_mean_coherent_v1",phase8_role_aware_pmf_cal_v1+monotone_inactive_global_v1,pre_close,2026-05-22T11:36:28Z,24dddfd7#phase10c,ace5975d-e7d0-44db-a2bc-3f64f51aa9c3,ok,0.0,high,full,current_phase8,unknown,projected,missing,71,0.0
OG Anunoby,18,NYK,CLE,True,21713897,pra,starter,"stat_grid:component_convolution_mean_coherent_v1+components[pts:pmf_sim_v1+role_aware_pmf_cal_v1:starter+monotone_pit_cdf_v1,reb:pmf_sim_v1+role_aware_pmf_cal_v1:starter+monotone_pit_cdf_v1,ast:pmf_sim_v1+role_aware_pmf_cal_v1:starter+monotone_pit_cdf_v1]+prior_combo[joint_sampler_v1+joint_combo_pmf_v1+role_aware_pmf_cal_v1:starter+monotone_pit_cdf_v1]+stat_grid_final_component_convolution_mean_coherent_v1",phase8_role_aware_pmf_cal_v1+monotone_inactive_global_v1,pre_close,2026-05-22T11:36:28Z,24dddfd7#phase10c,ace5975d-e7d0-44db-a2bc-3f64f51aa9c3,ok,0.0,high,full,current_phase8,unknown,projected,missing,72,0.0
OG Anunoby,18,NYK,CLE,True,21713897,pra,starter,"stat_grid:component_convolution_mean_coherent_v1+components[pts:pmf_sim_v1+role_aware_pmf_cal_v1:starter+monotone_pit_cdf_v1,reb:pmf_sim_v1+role_aware_pmf_cal_v1:starter+monotone_pit_cdf_v1,ast:pmf_sim_v1+role_aware_pmf_cal_v1:starter+monotone_pit_cdf_v1]+prior_combo[joint_sampler_v1+joint_combo_pmf_v1+role_aware_pmf_cal_v1:starter+monotone_pit_cdf_v1]+stat_grid_final_component_convolution_mean_coherent_v1",phase8_role_aware_pmf_cal_v1+monotone_inactive_global_v1,pre_close,2026-05-22T11:36:28Z,24dddfd7#phase10c,ace5975d-e7d0-44db-a2bc-3f64f51aa9c3,ok,0.0,high,full,current_phase8,unknown,projected,missing,73,0.0
OG Anunoby,18,NYK,CLE,True,21713897,pra,starter,"stat_grid:component_convolution_mean_coherent_v1+components[pts:pmf_sim_v1+role_aware_pmf_cal_v1:starter+monotone_pit_cdf_v1,reb:pmf_sim_v1+role_aware_pmf_cal_v1:starter+monotone_pit_cdf_v1,ast:pmf_sim_v1+role_aware_pmf_cal_v1:starter+monotone_pit_cdf_v1]+prior_combo[joint_sampler_v1+joint_combo_pmf_v1+role_aware_pmf_cal_v1:starter+monotone_pit_cdf_v1]+stat_grid_final_component_convolution_mean_coherent_v1",phase8_role_aware_pmf_cal_v1+monotone_inactive_global_v1,pre_close,2026-05-22T11:36:28Z,24dddfd7#phase10c,ace5975d-e7d0-44db-a2bc-3f64f51aa9c3,ok,0.0,high,full,current_phase8,unknown,projected,missing,74,0.0
OG Anunoby,18,NYK,CLE,True,21713897,pra,starter,"stat_grid:component_convolution_mean_coherent_v1+components[pts:pmf_sim_v1+role_aware_pmf_cal_v1:starter+monotone_pit_cdf_v1,reb:pmf_sim_v1+role_aware_pmf_cal_v1:starter+monotone_pit_cdf_v1,ast:pmf_sim_v1+role_aware_pmf_cal_v1:starter+monotone_pit_cdf_v1]+prior_combo[joint_sampler_v1+joint_combo_pmf_v1+role_aware_pmf_cal_v1:starter+monotone_pit_cdf_v1]+stat_grid_final_component_convolution_mean_coherent_v1",phase8_role_aware_pmf_cal_v1+monotone_inactive_global_v1,pre_close,2026-05-22T11:36:28Z,24dddfd7#phase10c,ace5975d-e7d0-44db-a2bc-3f64f51aa9c3,ok,0.0,high,full,current_phase8,unknown,projected,missing,75,0.0
OG Anunoby,18,NYK,CLE,True,21713897,pra,starter,"stat_grid:component_convolution_mean_coherent_v1+components[pts:pmf_sim_v1+role_aware_pmf_cal_v1:starter+monotone_pit_cdf_v1,reb:pmf_sim_v1+role_aware_pmf_cal_v1:starter+monotone_pit_cdf_v1,ast:pmf_sim_v1+role_aware_pmf_cal_v1:starter+monotone_pit_cdf_v1]+prior_combo[joint_sampler_v1+joint_combo_pmf_v1+role_aware_pmf_cal_v1:starter+monotone_pit_cdf_v1]+stat_grid_final_component_convolution_mean_coherent_v1",phase8_role_aware_pmf_cal_v1+monotone_inactive_global_v1,pre_close,2026-05-22T11:36:28Z,24dddfd7#phase10c,ace5975d-e7d0-44db-a2bc-3f64f51aa9c3,ok,0.0,high,full,current_phase8,unknown,projected,missing,76,0.0
OG Anunoby,18,NYK,CLE,True,21713897,pra,starter,"stat_grid:component_convolution_mean_coherent_v1+components[pts:pmf_sim_v1+role_aware_pmf_cal_v1:starter+monotone_pit_cdf_v1,reb:pmf_sim_v1+role_aware_pmf_cal_v1:starter+monotone_pit_cdf_v1,ast:pmf_sim_v1+role_aware_pmf_cal_v1:starter+monotone_pit_cdf_v1]+prior_combo[joint_sampler_v1+joint_combo_pmf_v1+role_aware_pmf_cal_v1:starter+monotone_pit_cdf_v1]+stat_grid_final_component_convolution_mean_coherent_v1",phase8_role_aware_pmf_cal_v1+monotone_inactive_global_v1,pre_close,2026-05-22T11:36:28Z,24dddfd7#phase10c,ace5975d-e7d0-44db-a2bc-3f64f51aa9c3,ok,0.0,high,full,current_phase8,unknown,projected,missing,77,0.0
OG Anunoby,18,NYK,CLE,True,21713897,pra,starter,"stat_grid:component_convolution_mean_coherent_v1+components[pts:pmf_sim_v1+role_aware_pmf_cal_v1:starter+monotone_pit_cdf_v1,reb:pmf_sim_v1+role_aware_pmf_cal_v1:starter+monotone_pit_cdf_v1,ast:pmf_sim_v1+role_aware_pmf_cal_v1:starter+monotone_pit_cdf_v1]+prior_combo[joint_sampler_v1+joint_combo_pmf_v1+role_aware_pmf_cal_v1:starter+monotone_pit_cdf_v1]+stat_grid_final_component_convolution_mean_coherent_v1",phase8_role_aware_pmf_cal_v1+monotone_inactive_global_v1,pre_close,2026-05-22T11:36:28Z,24dddfd7#phase10c,ace5975d-e7d0-44db-a2bc-3f64f51aa9c3,ok,0.0,high,full,current_phase8,unknown,projected,missing,78,0.0
OG Anunoby,18,NYK,CLE,True,21713897,pra,starter,"stat_grid:component_convolution_mean_coherent_v1+components[pts:pmf_sim_v1+role_aware_pmf_cal_v1:starter+monotone_pit_cdf_v1,reb:pmf_sim_v1+role_aware_pmf_cal_v1:starter+monotone_pit_cdf_v1,ast:pmf_sim_v1+role_aware_pmf_cal_v1:starter+monotone_pit_cdf_v1]+prior_combo[joint_sampler_v1+joint_combo_pmf_v1+role_aware_pmf_cal_v1:starter+monotone_pit_cdf_v1]+stat_grid_final_component_convolution_mean_coherent_v1",phase8_role_aware_pmf_cal_v1+monotone_inactive_global_v1,pre_close,2026-05-22T11:36:28Z,24dddfd7#phase10c,ace5975d-e7d0-44db-a2bc-3f64f51aa9c3,ok,0.0,high,full,current_phase8,unknown,projected,missing,79,0.0
OG Anunoby,18,NYK,CLE,True,21713897,pra,starter,"stat_grid:component_convolution_mean_coherent_v1+components[pts:pmf_sim_v1+role_aware_pmf_cal_v1:starter+monotone_pit_cdf_v1,reb:pmf_sim_v1+role_aware_pmf_cal_v1:starter+monotone_pit_cdf_v1,ast:pmf_sim_v1+role_aware_pmf_cal_v1:starter+monotone_pit_cdf_v1]+prior_combo[joint_sampler_v1+joint_combo_pmf_v1+role_aware_pmf_cal_v1:starter+monotone_pit_cdf_v1]+stat_grid_final_component_convolution_mean_coherent_v1",phase8_role_aware_pmf_cal_v1+monotone_inactive_global_v1,pre_close,2026-05-22T11:36:28Z,24dddfd7#phase10c,ace5975d-e7d0-44db-a2bc-3f64f51aa9c3,ok,0.0,high,full,current_phase8,unknown,projected,missing,80,0.0
OG Anunoby,18,NYK,CLE,True,21713897,pra,starter,"stat_grid:component_convolution_mean_coherent_v1+components[pts:pmf_sim_v1+role_aware_pmf_cal_v1:starter+monotone_pit_cdf_v1,reb:pmf_sim_v1+role_aware_pmf_cal_v1:starter+monotone_pit_cdf_v1,ast:pmf_sim_v1+role_aware_pmf_cal_v1:starter+monotone_pit_cdf_v1]+prior_combo[joint_sampler_v1+joint_combo_pmf_v1+role_aware_pmf_cal_v1:starter+monotone_pit_cdf_v1]+stat_grid_final_component_convolution_mean_coherent_v1",phase8_role_aware_pmf_cal_v1+monotone_inactive_global_v1,pre_close,2026-05-22T11:36:28Z,24dddfd7#phase10c,ace5975d-e7d0-44db-a2bc-3f64f51aa9c3,ok,0.0,high,full,current_phase8,unknown,projected,missing,81,0.0
OG Anunoby,18,NYK,CLE,True,21713897,pra,starter,"stat_grid:component_convolution_mean_coherent_v1+components[pts:pmf_sim_v1+role_aware_pmf_cal_v1:starter+monotone_pit_cdf_v1,reb:pmf_sim_v1+role_aware_pmf_cal_v1:starter+monotone_pit_cdf_v1,ast:pmf_sim_v1+role_aware_pmf_cal_v1:starter+monotone_pit_cdf_v1]+prior_combo[joint_sampler_v1+joint_combo_pmf_v1+role_aware_pmf_cal_v1:starter+monotone_pit_cdf_v1]+stat_grid_final_component_convolution_mean_coherent_v1",phase8_role_aware_pmf_cal_v1+monotone_inactive_global_v1,pre_close,2026-05-22T11:36:28Z,24dddfd7#phase10c,ace5975d-e7d0-44db-a2bc-3f64f51aa9c3,ok,0.0,high,full,current_phase8,unknown,projected,missing,82,0.0
OG Anunoby,18,NYK,CLE,True,21713897,pra,starter,"stat_grid:component_convolution_mean_coherent_v1+components[pts:pmf_sim_v1+role_aware_pmf_cal_v1:starter+monotone_pit_cdf_v1,reb:pmf_sim_v1+role_aware_pmf_cal_v1:starter+monotone_pit_cdf_v1,ast:pmf_sim_v1+role_aware_pmf_cal_v1:starter+monotone_pit_cdf_v1]+prior_combo[joint_sampler_v1+joint_combo_pmf_v1+role_aware_pmf_cal_v1:starter+monotone_pit_cdf_v1]+stat_grid_final_component_convolution_mean_coherent_v1",phase8_role_aware_pmf_cal_v1+monotone_inactive_global_v1,pre_close,2026-05-22T11:36:28Z,24dddfd7#phase10c,ace5975d-e7d0-44db-a2bc-3f64f51aa9c3,ok,0.0,high,full,current_phase8,unknown,projected,missing,83,0.0
OG Anunoby,18,NYK,CLE,True,21713897,pra,starter,"stat_grid:component_convolution_mean_coherent_v1+components[pts:pmf_sim_v1+role_aware_pmf_cal_v1:starter+monotone_pit_cdf_v1,reb:pmf_sim_v1+role_aware_pmf_cal_v1:starter+monotone_pit_cdf_v1,ast:pmf_sim_v1+role_aware_pmf_cal_v1:starter+monotone_pit_cdf_v1]+prior_combo[joint_sampler_v1+joint_combo_pmf_v1+role_aware_pmf_cal_v1:starter+monotone_pit_cdf_v1]+stat_grid_final_component_convolution_mean_coherent_v1",phase8_role_aware_pmf_cal_v1+monotone_inactive_global_v1,pre_close,2026-05-22T11:36:28Z,24dddfd7#phase10c,ace5975d-e7d0-44db-a2bc-3f64f51aa9c3,ok,0.0,high,full,current_phase8,unknown,projected,missing,84,0.0
OG Anunoby,18,NYK,CLE,True,21713897,pra,starter,"stat_grid:component_convolution_mean_coherent_v1+components[pts:pmf_sim_v1+role_aware_pmf_cal_v1:starter+monotone_pit_cdf_v1,reb:pmf_sim_v1+role_aware_pmf_cal_v1:starter+monotone_pit_cdf_v1,ast:pmf_sim_v1+role_aware_pmf_cal_v1:starter+monotone_pit_cdf_v1]+prior_combo[joint_sampler_v1+joint_combo_pmf_v1+role_aware_pmf_cal_v1:starter+monotone_pit_cdf_v1]+stat_grid_final_component_convolution_mean_coherent_v1",phase8_role_aware_pmf_cal_v1+monotone_inactive_global_v1,pre_close,2026-05-22T11:36:28Z,24dddfd7#phase10c,ace5975d-e7d0-44db-a2bc-3f64f51aa9c3,ok,0.0,high,full,current_phase8,unknown,projected,missing,85,0.0
OG Anunoby,18,NYK,CLE,True,21713897,pra,starter,"stat_grid:component_convolution_mean_coherent_v1+components[pts:pmf_sim_v1+role_aware_pmf_cal_v1:starter+monotone_pit_cdf_v1,reb:pmf_sim_v1+role_aware_pmf_cal_v1:starter+monotone_pit_cdf_v1,ast:pmf_sim_v1+role_aware_pmf_cal_v1:starter+monotone_pit_cdf_v1]+prior_combo[joint_sampler_v1+joint_combo_pmf_v1+role_aware_pmf_cal_v1:starter+monotone_pit_cdf_v1]+stat_grid_final_component_convolution_mean_coherent_v1",phase8_role_aware_pmf_cal_v1+monotone_inactive_global_v1,pre_close,2026-05-22T11:36:28Z,24dddfd7#phase10c,ace5975d-e7d0-44db-a2bc-3f64f51aa9c3,ok,0.0,high,full,current_phase8,unknown,projected,missing,86,0.0
OG Anunoby,18,NYK,CLE,True,21713897,pra,starter,"stat_grid:component_convolution_mean_coherent_v1+components[pts:pmf_sim_v1+role_aware_pmf_cal_v1:starter+monotone_pit_cdf_v1,reb:pmf_sim_v1+role_aware_pmf_cal_v1:starter+monotone_pit_cdf_v1,ast:pmf_sim_v1+role_aware_pmf_cal_v1:starter+monotone_pit_cdf_v1]+prior_combo[joint_sampler_v1+joint_combo_pmf_v1+role_aware_pmf_cal_v1:starter+monotone_pit_cdf_v1]+stat_grid_final_component_convolution_mean_coherent_v1",phase8_role_aware_pmf_cal_v1+monotone_inactive_global_v1,pre_close,2026-05-22T11:36:28Z,24dddfd7#phase10c,ace5975d-e7d0-44db-a2bc-3f64f51aa9c3,ok,0.0,high,full,current_phase8,unknown,projected,missing,87,0.0
OG Anunoby,18,NYK,CLE,True,21713897,pra,starter,"stat_grid:component_convolution_mean_coherent_v1+components[pts:pmf_sim_v1+role_aware_pmf_cal_v1:starter+monotone_pit_cdf_v1,reb:pmf_sim_v1+role_aware_pmf_cal_v1:starter+monotone_pit_cdf_v1,ast:pmf_sim_v1+role_aware_pmf_cal_v1:starter+monotone_pit_cdf_v1]+prior_combo[joint_sampler_v1+joint_combo_pmf_v1+role_aware_pmf_cal_v1:starter+monotone_pit_cdf_v1]+stat_grid_final_component_convolution_mean_coherent_v1",phase8_role_aware_pmf_cal_v1+monotone_inactive_global_v1,pre_close,2026-05-22T11:36:28Z,24dddfd7#phase10c,ace5975d-e7d0-44db-a2bc-3f64f51aa9c3,ok,0.0,high,full,current_phase8,unknown,projected,missing,88,0.0
OG Anunoby,18,NYK,CLE,True,21713897,pra,starter,"stat_grid:component_convolution_mean_coherent_v1+components[pts:pmf_sim_v1+role_aware_pmf_cal_v1:starter+monotone_pit_cdf_v1,reb:pmf_sim_v1+role_aware_pmf_cal_v1:starter+monotone_pit_cdf_v1,ast:pmf_sim_v1+role_aware_pmf_cal_v1:starter+monotone_pit_cdf_v1]+prior_combo[joint_sampler_v1+joint_combo_pmf_v1+role_aware_pmf_cal_v1:starter+monotone_pit_cdf_v1]+stat_grid_final_component_convolution_mean_coherent_v1",phase8_role_aware_pmf_cal_v1+monotone_inactive_global_v1,pre_close,2026-05-22T11:36:28Z,24dddfd7#phase10c,ace5975d-e7d0-44db-a2bc-3f64f51aa9c3,ok,0.0,high,full,current_phase8,unknown,projected,missing,89,0.0
OG Anunoby,18,NYK,CLE,True,21713897,pra,starter,"stat_grid:component_convolution_mean_coherent_v1+components[pts:pmf_sim_v1+role_aware_pmf_cal_v1:starter+monotone_pit_cdf_v1,reb:pmf_sim_v1+role_aware_pmf_cal_v1:starter+monotone_pit_cdf_v1,ast:pmf_sim_v1+role_aware_pmf_cal_v1:starter+monotone_pit_cdf_v1]+prior_combo[joint_sampler_v1+joint_combo_pmf_v1+role_aware_pmf_cal_v1:starter+monotone_pit_cdf_v1]+stat_grid_final_component_convolution_mean_coherent_v1",phase8_role_aware_pmf_cal_v1+monotone_inactive_global_v1,pre_close,2026-05-22T11:36:28Z,24dddfd7#phase10c,ace5975d-e7d0-44db-a2bc-3f64f51aa9c3,ok,0.0,high,full,current_phase8,unknown,projected,missing,90,0.0
OG Anunoby,18,NYK,CLE,True,21713897,pra,starter,"stat_grid:component_convolution_mean_coherent_v1+components[pts:pmf_sim_v1+role_aware_pmf_cal_v1:starter+monotone_pit_cdf_v1,reb:pmf_sim_v1+role_aware_pmf_cal_v1:starter+monotone_pit_cdf_v1,ast:pmf_sim_v1+role_aware_pmf_cal_v1:starter+monotone_pit_cdf_v1]+prior_combo[joint_sampler_v1+joint_combo_pmf_v1+role_aware_pmf_cal_v1:starter+monotone_pit_cdf_v1]+stat_grid_final_component_convolution_mean_coherent_v1",phase8_role_aware_pmf_cal_v1+monotone_inactive_global_v1,pre_close,2026-05-22T11:36:28Z,24dddfd7#phase10c,ace5975d-e7d0-44db-a2bc-3f64f51aa9c3,ok,0.0,high,full,current_phase8,unknown,projected,missing,91,0.0
OG Anunoby,18,NYK,CLE,True,21713897,pra,starter,"stat_grid:component_convolution_mean_coherent_v1+components[pts:pmf_sim_v1+role_aware_pmf_cal_v1:starter+monotone_pit_cdf_v1,reb:pmf_sim_v1+role_aware_pmf_cal_v1:starter+monotone_pit_cdf_v1,ast:pmf_sim_v1+role_aware_pmf_cal_v1:starter+monotone_pit_cdf_v1]+prior_combo[joint_sampler_v1+joint_combo_pmf_v1+role_aware_pmf_cal_v1:starter+monotone_pit_cdf_v1]+stat_grid_final_component_convolution_mean_coherent_v1",phase8_role_aware_pmf_cal_v1+monotone_inactive_global_v1,pre_close,2026-05-22T11:36:28Z,24dddfd7#phase10c,ace5975d-e7d0-44db-a2bc-3f64f51aa9c3,ok,0.0,high,full,current_phase8,unknown,projected,missing,92,0.0
OG Anunoby,18,NYK,CLE,True,21713897,pra,starter,"stat_grid:component_convolution_mean_coherent_v1+components[pts:pmf_sim_v1+role_aware_pmf_cal_v1:starter+monotone_pit_cdf_v1,reb:pmf_sim_v1+role_aware_pmf_cal_v1:starter+monotone_pit_cdf_v1,ast:pmf_sim_v1+role_aware_pmf_cal_v1:starter+monotone_pit_cdf_v1]+prior_combo[joint_sampler_v1+joint_combo_pmf_v1+role_aware_pmf_cal_v1:starter+monotone_pit_cdf_v1]+stat_grid_final_component_convolution_mean_coherent_v1",phase8_role_aware_pmf_cal_v1+monotone_inactive_global_v1,pre_close,2026-05-22T11:36:28Z,24dddfd7#phase10c,ace5975d-e7d0-44db-a2bc-3f64f51aa9c3,ok,0.0,high,full,current_phase8,unknown,projected,missing,93,0.0
OG Anunoby,18,NYK,CLE,True,21713897,pra,starter,"stat_grid:component_convolution_mean_coherent_v1+components[pts:pmf_sim_v1+role_aware_pmf_cal_v1:starter+monotone_pit_cdf_v1,reb:pmf_sim_v1+role_aware_pmf_cal_v1:starter+monotone_pit_cdf_v1,ast:pmf_sim_v1+role_aware_pmf_cal_v1:starter+monotone_pit_cdf_v1]+prior_combo[joint_sampler_v1+joint_combo_pmf_v1+role_aware_pmf_cal_v1:starter+monotone_pit_cdf_v1]+stat_grid_final_component_convolution_mean_coherent_v1",phase8_role_aware_pmf_cal_v1+monotone_inactive_global_v1,pre_close,2026-05-22T11:36:28Z,24dddfd7#phase10c,ace5975d-e7d0-44db-a2bc-3f64f51aa9c3,ok,0.0,high,full,current_phase8,unknown,projected,missing,94,0.0
OG Anunoby,18,NYK,CLE,True,21713897,pra,starter,"stat_grid:component_convolution_mean_coherent_v1+components[pts:pmf_sim_v1+role_aware_pmf_cal_v1:starter+monotone_pit_cdf_v1,reb:pmf_sim_v1+role_aware_pmf_cal_v1:starter+monotone_pit_cdf_v1,ast:pmf_sim_v1+role_aware_pmf_cal_v1:starter+monotone_pit_cdf_v1]+prior_combo[joint_sampler_v1+joint_combo_pmf_v1+role_aware_pmf_cal_v1:starter+monotone_pit_cdf_v1]+stat_grid_final_component_convolution_mean_coherent_v1",phase8_role_aware_pmf_cal_v1+monotone_inactive_global_v1,pre_close,2026-05-22T11:36:28Z,24dddfd7#phase10c,ace5975d-e7d0-44db-a2bc-3f64f51aa9c3,ok,0.0,high,full,current_phase8,unknown,projected,missing,95,0.0
OG Anunoby,18,NYK,CLE,True,21713897,pra,starter,"stat_grid:component_convolution_mean_coherent_v1+components[pts:pmf_sim_v1+role_aware_pmf_cal_v1:starter+monotone_pit_cdf_v1,reb:pmf_sim_v1+role_aware_pmf_cal_v1:starter+monotone_pit_cdf_v1,ast:pmf_sim_v1+role_aware_pmf_cal_v1:starter+monotone_pit_cdf_v1]+prior_combo[joint_sampler_v1+joint_combo_pmf_v1+role_aware_pmf_cal_v1:starter+monotone_pit_cdf_v1]+stat_grid_final_component_convolution_mean_coherent_v1",phase8_role_aware_pmf_cal_v1+monotone_inactive_global_v1,pre_close,2026-05-22T11:36:28Z,24dddfd7#phase10c,ace5975d-e7d0-44db-a2bc-3f64f51aa9c3,ok,0.0,high,full,current_phase8,unknown,projected,missing,96,0.0
OG Anunoby,18,NYK,CLE,True,21713897,pra,starter,"stat_grid:component_convolution_mean_coherent_v1+components[pts:pmf_sim_v1+role_aware_pmf_cal_v1:starter+monotone_pit_cdf_v1,reb:pmf_sim_v1+role_aware_pmf_cal_v1:starter+monotone_pit_cdf_v1,ast:pmf_sim_v1+role_aware_pmf_cal_v1:starter+monotone_pit_cdf_v1]+prior_combo[joint_sampler_v1+joint_combo_pmf_v1+role_aware_pmf_cal_v1:starter+monotone_pit_cdf_v1]+stat_grid_final_component_convolution_mean_coherent_v1",phase8_role_aware_pmf_cal_v1+monotone_inactive_global_v1,pre_close,2026-05-22T11:36:28Z,24dddfd7#phase10c,ace5975d-e7d0-44db-a2bc-3f64f51aa9c3,ok,0.0,high,full,current_phase8,unknown,projected,missing,97,0.0
OG Anunoby,18,NYK,CLE,True,21713897,pra,starter,"stat_grid:component_convolution_mean_coherent_v1+components[pts:pmf_sim_v1+role_aware_pmf_cal_v1:starter+monotone_pit_cdf_v1,reb:pmf_sim_v1+role_aware_pmf_cal_v1:starter+monotone_pit_cdf_v1,ast:pmf_sim_v1+role_aware_pmf_cal_v1:starter+monotone_pit_cdf_v1]+prior_combo[joint_sampler_v1+joint_combo_pmf_v1+role_aware_pmf_cal_v1:starter+monotone_pit_cdf_v1]+stat_grid_final_component_convolution_mean_coherent_v1",phase8_role_aware_pmf_cal_v1+monotone_inactive_global_v1,pre_close,2026-05-22T11:36:28Z,24dddfd7#phase10c,ace5975d-e7d0-44db-a2bc-3f64f51aa9c3,ok,0.0,high,full,current_phase8,unknown,projected,missing,98,0.0
OG Anunoby,18,NYK,CLE,True,21713897,pra,starter,"stat_grid:component_convolution_mean_coherent_v1+components[pts:pmf_sim_v1+role_aware_pmf_cal_v1:starter+monotone_pit_cdf_v1,reb:pmf_sim_v1+role_aware_pmf_cal_v1:starter+monotone_pit_cdf_v1,ast:pmf_sim_v1+role_aware_pmf_cal_v1:starter+monotone_pit_cdf_v1]+prior_combo[joint_sampler_v1+joint_combo_pmf_v1+role_aware_pmf_cal_v1:starter+monotone_pit_cdf_v1]+stat_grid_final_component_convolution_mean_coherent_v1",phase8_role_aware_pmf_cal_v1+monotone_inactive_global_v1,pre_close,2026-05-22T11:36:28Z,24dddfd7#phase10c,ace5975d-e7d0-44db-a2bc-3f64f51aa9c3,ok,0.0,high,full,current_phase8,unknown,projected,missing,99,0.0
OG Anunoby,18,NYK,CLE,True,21713897,pra,starter,"stat_grid:component_convolution_mean_coherent_v1+components[pts:pmf_sim_v1+role_aware_pmf_cal_v1:starter+monotone_pit_cdf_v1,reb:pmf_sim_v1+role_aware_pmf_cal_v1:starter+monotone_pit_cdf_v1,ast:pmf_sim_v1+role_aware_pmf_cal_v1:starter+monotone_pit_cdf_v1]+prior_combo[joint_sampler_v1+joint_combo_pmf_v1+role_aware_pmf_cal_v1:starter+monotone_pit_cdf_v1]+stat_grid_final_component_convolution_mean_coherent_v1",phase8_role_aware_pmf_cal_v1+monotone_inactive_global_v1,pre_close,2026-05-22T11:36:28Z,24dddfd7#phase10c,ace5975d-e7d0-44db-a2bc-3f64f51aa9c3,ok,0.0,high,full,current_phase8,unknown,projected,missing,100,0.0
OG Anunoby,18,NYK,CLE,True,21713897,pra,starter,"stat_grid:component_convolution_mean_coherent_v1+components[pts:pmf_sim_v1+role_aware_pmf_cal_v1:starter+monotone_pit_cdf_v1,reb:pmf_sim_v1+role_aware_pmf_cal_v1:starter+monotone_pit_cdf_v1,ast:pmf_sim_v1+role_aware_pmf_cal_v1:starter+monotone_pit_cdf_v1]+prior_combo[joint_sampler_v1+joint_combo_pmf_v1+role_aware_pmf_cal_v1:starter+monotone_pit_cdf_v1]+stat_grid_final_component_convolution_mean_coherent_v1",phase8_role_aware_pmf_cal_v1+monotone_inactive_global_v1,pre_close,2026-05-22T11:36:28Z,24dddfd7#phase10c,ace5975d-e7d0-44db-a2bc-3f64f51aa9c3,ok,0.0,high,full,current_phase8,unknown,projected,missing,101,0.0
OG Anunoby,18,NYK,CLE,True,21713897,pra,starter,"stat_grid:component_convolution_mean_coherent_v1+components[pts:pmf_sim_v1+role_aware_pmf_cal_v1:starter+monotone_pit_cdf_v1,reb:pmf_sim_v1+role_aware_pmf_cal_v1:starter+monotone_pit_cdf_v1,ast:pmf_sim_v1+role_aware_pmf_cal_v1:starter+monotone_pit_cdf_v1]+prior_combo[joint_sampler_v1+joint_combo_pmf_v1+role_aware_pmf_cal_v1:starter+monotone_pit_cdf_v1]+stat_grid_final_component_convolution_mean_coherent_v1",phase8_role_aware_pmf_cal_v1+monotone_inactive_global_v1,pre_close,2026-05-22T11:36:28Z,24dddfd7#phase10c,ace5975d-e7d0-44db-a2bc-3f64f51aa9c3,ok,0.0,high,full,current_phase8,unknown,projected,missing,102,0.0
OG Anunoby,18,NYK,CLE,True,21713897,pra,starter,"stat_grid:component_convolution_mean_coherent_v1+components[pts:pmf_sim_v1+role_aware_pmf_cal_v1:starter+monotone_pit_cdf_v1,reb:pmf_sim_v1+role_aware_pmf_cal_v1:starter+monotone_pit_cdf_v1,ast:pmf_sim_v1+role_aware_pmf_cal_v1:starter+monotone_pit_cdf_v1]+prior_combo[joint_sampler_v1+joint_combo_pmf_v1+role_aware_pmf_cal_v1:starter+monotone_pit_cdf_v1]+stat_grid_final_component_convolution_mean_coherent_v1",phase8_role_aware_pmf_cal_v1+monotone_inactive_global_v1,pre_close,2026-05-22T11:36:28Z,24dddfd7#phase10c,ace5975d-e7d0-44db-a2bc-3f64f51aa9c3,ok,0.0,high,full,current_phase8,unknown,projected,missing,103,0.0
OG Anunoby,18,NYK,CLE,True,21713897,pra,starter,"stat_grid:component_convolution_mean_coherent_v1+components[pts:pmf_sim_v1+role_aware_pmf_cal_v1:starter+monotone_pit_cdf_v1,reb:pmf_sim_v1+role_aware_pmf_cal_v1:starter+monotone_pit_cdf_v1,ast:pmf_sim_v1+role_aware_pmf_cal_v1:starter+monotone_pit_cdf_v1]+prior_combo[joint_sampler_v1+joint_combo_pmf_v1+role_aware_pmf_cal_v1:starter+monotone_pit_cdf_v1]+stat_grid_final_component_convolution_mean_coherent_v1",phase8_role_aware_pmf_cal_v1+monotone_inactive_global_v1,pre_close,2026-05-22T11:36:28Z,24dddfd7#phase10c,ace5975d-e7d0-44db-a2bc-3f64f51aa9c3,ok,0.0,high,full,current_phase8,unknown,projected,missing,104,0.0
OG Anunoby,18,NYK,CLE,True,21713897,pra,starter,"stat_grid:component_convolution_mean_coherent_v1+components[pts:pmf_sim_v1+role_aware_pmf_cal_v1:starter+monotone_pit_cdf_v1,reb:pmf_sim_v1+role_aware_pmf_cal_v1:starter+monotone_pit_cdf_v1,ast:pmf_sim_v1+role_aware_pmf_cal_v1:starter+monotone_pit_cdf_v1]+prior_combo[joint_sampler_v1+joint_combo_pmf_v1+role_aware_pmf_cal_v1:starter+monotone_pit_cdf_v1]+stat_grid_final_component_convolution_mean_coherent_v1",phase8_role_aware_pmf_cal_v1+monotone_inactive_global_v1,pre_close,2026-05-22T11:36:28Z,24dddfd7#phase10c,ace5975d-e7d0-44db-a2bc-3f64f51aa9c3,ok,0.0,high,full,current_phase8,unknown,projected,missing,105,0.0
OG Anunoby,18,NYK,CLE,True,21713897,pra,starter,"stat_grid:component_convolution_mean_coherent_v1+components[pts:pmf_sim_v1+role_aware_pmf_cal_v1:starter+monotone_pit_cdf_v1,reb:pmf_sim_v1+role_aware_pmf_cal_v1:starter+monotone_pit_cdf_v1,ast:pmf_sim_v1+role_aware_pmf_cal_v1:starter+monotone_pit_cdf_v1]+prior_combo[joint_sampler_v1+joint_combo_pmf_v1+role_aware_pmf_cal_v1:starter+monotone_pit_cdf_v1]+stat_grid_final_component_convolution_mean_coherent_v1",phase8_role_aware_pmf_cal_v1+monotone_inactive_global_v1,pre_close,2026-05-22T11:36:28Z,24dddfd7#phase10c,ace5975d-e7d0-44db-a2bc-3f64f51aa9c3,ok,0.0,high,full,current_phase8,unknown,projected,missing,106,0.0
OG Anunoby,18,NYK,CLE,True,21713897,pra,starter,"stat_grid:component_convolution_mean_coherent_v1+components[pts:pmf_sim_v1+role_aware_pmf_cal_v1:starter+monotone_pit_cdf_v1,reb:pmf_sim_v1+role_aware_pmf_cal_v1:starter+monotone_pit_cdf_v1,ast:pmf_sim_v1+role_aware_pmf_cal_v1:starter+monotone_pit_cdf_v1]+prior_combo[joint_sampler_v1+joint_combo_pmf_v1+role_aware_pmf_cal_v1:starter+monotone_pit_cdf_v1]+stat_grid_final_component_convolution_mean_coherent_v1",phase8_role_aware_pmf_cal_v1+monotone_inactive_global_v1,pre_close,2026-05-22T11:36:28Z,24dddfd7#phase10c,ace5975d-e7d0-44db-a2bc-3f64f51aa9c3,ok,0.0,high,full,current_phase8,unknown,projected,missing,107,0.0
OG Anunoby,18,NYK,CLE,True,21713897,pra,starter,"stat_grid:component_convolution_mean_coherent_v1+components[pts:pmf_sim_v1+role_aware_pmf_cal_v1:starter+monotone_pit_cdf_v1,reb:pmf_sim_v1+role_aware_pmf_cal_v1:starter+monotone_pit_cdf_v1,ast:pmf_sim_v1+role_aware_pmf_cal_v1:starter+monotone_pit_cdf_v1]+prior_combo[joint_sampler_v1+joint_combo_pmf_v1+role_aware_pmf_cal_v1:starter+monotone_pit_cdf_v1]+stat_grid_final_component_convolution_mean_coherent_v1",phase8_role_aware_pmf_cal_v1+monotone_inactive_global_v1,pre_close,2026-05-22T11:36:28Z,24dddfd7#phase10c,ace5975d-e7d0-44db-a2bc-3f64f51aa9c3,ok,0.0,high,full,current_phase8,unknown,projected,missing,108,0.0
OG Anunoby,18,NYK,CLE,True,21713897,pra,starter,"stat_grid:component_convolution_mean_coherent_v1+components[pts:pmf_sim_v1+role_aware_pmf_cal_v1:starter+monotone_pit_cdf_v1,reb:pmf_sim_v1+role_aware_pmf_cal_v1:starter+monotone_pit_cdf_v1,ast:pmf_sim_v1+role_aware_pmf_cal_v1:starter+monotone_pit_cdf_v1]+prior_combo[joint_sampler_v1+joint_combo_pmf_v1+role_aware_pmf_cal_v1:starter+monotone_pit_cdf_v1]+stat_grid_final_component_convolution_mean_coherent_v1",phase8_role_aware_pmf_cal_v1+monotone_inactive_global_v1,pre_close,2026-05-22T11:36:28Z,24dddfd7#phase10c,ace5975d-e7d0-44db-a2bc-3f64f51aa9c3,ok,0.0,high,full,current_phase8,unknown,projected,missing,109,0.0
OG Anunoby,18,NYK,CLE,True,21713897,pra,starter,"stat_grid:component_convolution_mean_coherent_v1+components[pts:pmf_sim_v1+role_aware_pmf_cal_v1:starter+monotone_pit_cdf_v1,reb:pmf_sim_v1+role_aware_pmf_cal_v1:starter+monotone_pit_cdf_v1,ast:pmf_sim_v1+role_aware_pmf_cal_v1:starter+monotone_pit_cdf_v1]+prior_combo[joint_sampler_v1+joint_combo_pmf_v1+role_aware_pmf_cal_v1:starter+monotone_pit_cdf_v1]+stat_grid_final_component_convolution_mean_coherent_v1",phase8_role_aware_pmf_cal_v1+monotone_inactive_global_v1,pre_close,2026-05-22T11:36:28Z,24dddfd7#phase10c,ace5975d-e7d0-44db-a2bc-3f64f51aa9c3,ok,0.0,high,full,current_phase8,unknown,projected,missing,110,0.0
OG Anunoby,18,NYK,CLE,True,21713897,pra,starter,"stat_grid:component_convolution_mean_coherent_v1+components[pts:pmf_sim_v1+role_aware_pmf_cal_v1:starter+monotone_pit_cdf_v1,reb:pmf_sim_v1+role_aware_pmf_cal_v1:starter+monotone_pit_cdf_v1,ast:pmf_sim_v1+role_aware_pmf_cal_v1:starter+monotone_pit_cdf_v1]+prior_combo[joint_sampler_v1+joint_combo_pmf_v1+role_aware_pmf_cal_v1:starter+monotone_pit_cdf_v1]+stat_grid_final_component_convolution_mean_coherent_v1",phase8_role_aware_pmf_cal_v1+monotone_inactive_global_v1,pre_close,2026-05-22T11:36:28Z,24dddfd7#phase10c,ace5975d-e7d0-44db-a2bc-3f64f51aa9c3,ok,0.0,high,full,current_phase8,unknown,projected,missing,111,0.0
OG Anunoby,18,NYK,CLE,True,21713897,pra,starter,"stat_grid:component_convolution_mean_coherent_v1+components[pts:pmf_sim_v1+role_aware_pmf_cal_v1:starter+monotone_pit_cdf_v1,reb:pmf_sim_v1+role_aware_pmf_cal_v1:starter+monotone_pit_cdf_v1,ast:pmf_sim_v1+role_aware_pmf_cal_v1:starter+monotone_pit_cdf_v1]+prior_combo[joint_sampler_v1+joint_combo_pmf_v1+role_aware_pmf_cal_v1:starter+monotone_pit_cdf_v1]+stat_grid_final_component_convolution_mean_coherent_v1",phase8_role_aware_pmf_cal_v1+monotone_inactive_global_v1,pre_close,2026-05-22T11:36:28Z,24dddfd7#phase10c,ace5975d-e7d0-44db-a2bc-3f64f51aa9c3,ok,0.0,high,full,current_phase8,unknown,projected,missing,112,0.0
OG Anunoby,18,NYK,CLE,True,21713897,pra,starter,"stat_grid:component_convolution_mean_coherent_v1+components[pts:pmf_sim_v1+role_aware_pmf_cal_v1:starter+monotone_pit_cdf_v1,reb:pmf_sim_v1+role_aware_pmf_cal_v1:starter+monotone_pit_cdf_v1,ast:pmf_sim_v1+role_aware_pmf_cal_v1:starter+monotone_pit_cdf_v1]+prior_combo[joint_sampler_v1+joint_combo_pmf_v1+role_aware_pmf_cal_v1:starter+monotone_pit_cdf_v1]+stat_grid_final_component_convolution_mean_coherent_v1",phase8_role_aware_pmf_cal_v1+monotone_inactive_global_v1,pre_close,2026-05-22T11:36:28Z,24dddfd7#phase10c,ace5975d-e7d0-44db-a2bc-3f64f51aa9c3,ok,0.0,high,full,current_phase8,unknown,projected,missing,113,0.0
OG Anunoby,18,NYK,CLE,True,21713897,pra,starter,"stat_grid:component_convolution_mean_coherent_v1+components[pts:pmf_sim_v1+role_aware_pmf_cal_v1:starter+monotone_pit_cdf_v1,reb:pmf_sim_v1+role_aware_pmf_cal_v1:starter+monotone_pit_cdf_v1,ast:pmf_sim_v1+role_aware_pmf_cal_v1:starter+monotone_pit_cdf_v1]+prior_combo[joint_sampler_v1+joint_combo_pmf_v1+role_aware_pmf_cal_v1:starter+monotone_pit_cdf_v1]+stat_grid_final_component_convolution_mean_coherent_v1",phase8_role_aware_pmf_cal_v1+monotone_inactive_global_v1,pre_close,2026-05-22T11:36:28Z,24dddfd7#phase10c,ace5975d-e7d0-44db-a2bc-3f64f51aa9c3,ok,0.0,high,full,current_phase8,unknown,projected,missing,114,0.0
OG Anunoby,18,NYK,CLE,True,21713897,pra,starter,"stat_grid:component_convolution_mean_coherent_v1+components[pts:pmf_sim_v1+role_aware_pmf_cal_v1:starter+monotone_pit_cdf_v1,reb:pmf_sim_v1+role_aware_pmf_cal_v1:starter+monotone_pit_cdf_v1,ast:pmf_sim_v1+role_aware_pmf_cal_v1:starter+monotone_pit_cdf_v1]+prior_combo[joint_sampler_v1+joint_combo_pmf_v1+role_aware_pmf_cal_v1:starter+monotone_pit_cdf_v1]+stat_grid_final_component_convolution_mean_coherent_v1",phase8_role_aware_pmf_cal_v1+monotone_inactive_global_v1,pre_close,2026-05-22T11:36:28Z,24dddfd7#phase10c,ace5975d-e7d0-44db-a2bc-3f64f51aa9c3,ok,0.0,high,full,current_phase8,unknown,projected,missing,115,0.0
OG Anunoby,18,NYK,CLE,True,21713897,pra,starter,"stat_grid:component_convolution_mean_coherent_v1+components[pts:pmf_sim_v1+role_aware_pmf_cal_v1:starter+monotone_pit_cdf_v1,reb:pmf_sim_v1+role_aware_pmf_cal_v1:starter+monotone_pit_cdf_v1,ast:pmf_sim_v1+role_aware_pmf_cal_v1:starter+monotone_pit_cdf_v1]+prior_combo[joint_sampler_v1+joint_combo_pmf_v1+role_aware_pmf_cal_v1:starter+monotone_pit_cdf_v1]+stat_grid_final_component_convolution_mean_coherent_v1",phase8_role_aware_pmf_cal_v1+monotone_inactive_global_v1,pre_close,2026-05-22T11:36:28Z,24dddfd7#phase10c,ace5975d-e7d0-44db-a2bc-3f64f51aa9c3,ok,0.0,high,full,current_phase8,unknown,projected,missing,116,0.0
OG Anunoby,18,NYK,CLE,True,21713897,pra,starter,"stat_grid:component_convolution_mean_coherent_v1+components[pts:pmf_sim_v1+role_aware_pmf_cal_v1:starter+monotone_pit_cdf_v1,reb:pmf_sim_v1+role_aware_pmf_cal_v1:starter+monotone_pit_cdf_v1,ast:pmf_sim_v1+role_aware_pmf_cal_v1:starter+monotone_pit_cdf_v1]+prior_combo[joint_sampler_v1+joint_combo_pmf_v1+role_aware_pmf_cal_v1:starter+monotone_pit_cdf_v1]+stat_grid_final_component_convolution_mean_coherent_v1",phase8_role_aware_pmf_cal_v1+monotone_inactive_global_v1,pre_close,2026-05-22T11:36:28Z,24dddfd7#phase10c,ace5975d-e7d0-44db-a2bc-3f64f51aa9c3,ok,0.0,high,full,current_phase8,unknown,projected,missing,117,0.0
OG Anunoby,18,NYK,CLE,True,21713897,pra,starter,"stat_grid:component_convolution_mean_coherent_v1+components[pts:pmf_sim_v1+role_aware_pmf_cal_v1:starter+monotone_pit_cdf_v1,reb:pmf_sim_v1+role_aware_pmf_cal_v1:starter+monotone_pit_cdf_v1,ast:pmf_sim_v1+role_aware_pmf_cal_v1:starter+monotone_pit_cdf_v1]+prior_combo[joint_sampler_v1+joint_combo_pmf_v1+role_aware_pmf_cal_v1:starter+monotone_pit_cdf_v1]+stat_grid_final_component_convolution_mean_coherent_v1",phase8_role_aware_pmf_cal_v1+monotone_inactive_global_v1,pre_close,2026-05-22T11:36:28Z,24dddfd7#phase10c,ace5975d-e7d0-44db-a2bc-3f64f51aa9c3,ok,0.0,high,full,current_phase8,unknown,projected,missing,118,0.0
OG Anunoby,18,NYK,CLE,True,21713897,pra,starter,"stat_grid:component_convolution_mean_coherent_v1+components[pts:pmf_sim_v1+role_aware_pmf_cal_v1:starter+monotone_pit_cdf_v1,reb:pmf_sim_v1+role_aware_pmf_cal_v1:starter+monotone_pit_cdf_v1,ast:pmf_sim_v1+role_aware_pmf_cal_v1:starter+monotone_pit_cdf_v1]+prior_combo[joint_sampler_v1+joint_combo_pmf_v1+role_aware_pmf_cal_v1:starter+monotone_pit_cdf_v1]+stat_grid_final_component_convolution_mean_coherent_v1",phase8_role_aware_pmf_cal_v1+monotone_inactive_global_v1,pre_close,2026-05-22T11:36:28Z,24dddfd7#phase10c,ace5975d-e7d0-44db-a2bc-3f64f51aa9c3,ok,0.0,high,full,current_phase8,unknown,projected,missing,119,0.0
OG Anunoby,18,NYK,CLE,True,21713897,pra,starter,"stat_grid:component_convolution_mean_coherent_v1+components[pts:pmf_sim_v1+role_aware_pmf_cal_v1:starter+monotone_pit_cdf_v1,reb:pmf_sim_v1+role_aware_pmf_cal_v1:starter+monotone_pit_cdf_v1,ast:pmf_sim_v1+role_aware_pmf_cal_v1:starter+monotone_pit_cdf_v1]+prior_combo[joint_sampler_v1+joint_combo_pmf_v1+role_aware_pmf_cal_v1:starter+monotone_pit_cdf_v1]+stat_grid_final_component_convolution_mean_coherent_v1",phase8_role_aware_pmf_cal_v1+monotone_inactive_global_v1,pre_close,2026-05-22T11:36:28Z,24dddfd7#phase10c,ace5975d-e7d0-44db-a2bc-3f64f51aa9c3,ok,0.0,high,full,current_phase8,unknown,projected,missing,120,0.0
OG Anunoby,18,NYK,CLE,True,21713897,pra,starter,"stat_grid:component_convolution_mean_coherent_v1+components[pts:pmf_sim_v1+role_aware_pmf_cal_v1:starter+monotone_pit_cdf_v1,reb:pmf_sim_v1+role_aware_pmf_cal_v1:starter+monotone_pit_cdf_v1,ast:pmf_sim_v1+role_aware_pmf_cal_v1:starter+monotone_pit_cdf_v1]+prior_combo[joint_sampler_v1+joint_combo_pmf_v1+role_aware_pmf_cal_v1:starter+monotone_pit_cdf_v1]+stat_grid_final_component_convolution_mean_coherent_v1",phase8_role_aware_pmf_cal_v1+monotone_inactive_global_v1,pre_close,2026-05-22T11:36:28Z,24dddfd7#phase10c,ace5975d-e7d0-44db-a2bc-3f64f51aa9c3,ok,0.0,high,full,current_phase8,unknown,projected,missing,121,0.0
OG Anunoby,18,NYK,CLE,True,21713897,pra,starter,"stat_grid:component_convolution_mean_coherent_v1+components[pts:pmf_sim_v1+role_aware_pmf_cal_v1:starter+monotone_pit_cdf_v1,reb:pmf_sim_v1+role_aware_pmf_cal_v1:starter+monotone_pit_cdf_v1,ast:pmf_sim_v1+role_aware_pmf_cal_v1:starter+monotone_pit_cdf_v1]+prior_combo[joint_sampler_v1+joint_combo_pmf_v1+role_aware_pmf_cal_v1:starter+monotone_pit_cdf_v1]+stat_grid_final_component_convolution_mean_coherent_v1",phase8_role_aware_pmf_cal_v1+monotone_inactive_global_v1,pre_close,2026-05-22T11:36:28Z,24dddfd7#phase10c,ace5975d-e7d0-44db-a2bc-3f64f51aa9c3,ok,0.0,high,full,current_phase8,unknown,projected,missing,122,0.0
OG Anunoby,18,NYK,CLE,True,21713897,pra,starter,"stat_grid:component_convolution_mean_coherent_v1+components[pts:pmf_sim_v1+role_aware_pmf_cal_v1:starter+monotone_pit_cdf_v1,reb:pmf_sim_v1+role_aware_pmf_cal_v1:starter+monotone_pit_cdf_v1,ast:pmf_sim_v1+role_aware_pmf_cal_v1:starter+monotone_pit_cdf_v1]+prior_combo[joint_sampler_v1+joint_combo_pmf_v1+role_aware_pmf_cal_v1:starter+monotone_pit_cdf_v1]+stat_grid_final_component_convolution_mean_coherent_v1",phase8_role_aware_pmf_cal_v1+monotone_inactive_global_v1,pre_close,2026-05-22T11:36:28Z,24dddfd7#phase10c,ace5975d-e7d0-44db-a2bc-3f64f51aa9c3,ok,0.0,high,full,current_phase8,unknown,projected,missing,123,0.0
OG Anunoby,18,NYK,CLE,True,21713897,pra,starter,"stat_grid:component_convolution_mean_coherent_v1+components[pts:pmf_sim_v1+role_aware_pmf_cal_v1:starter+monotone_pit_cdf_v1,reb:pmf_sim_v1+role_aware_pmf_cal_v1:starter+monotone_pit_cdf_v1,ast:pmf_sim_v1+role_aware_pmf_cal_v1:starter+monotone_pit_cdf_v1]+prior_combo[joint_sampler_v1+joint_combo_pmf_v1+role_aware_pmf_cal_v1:starter+monotone_pit_cdf_v1]+stat_grid_final_component_convolution_mean_coherent_v1",phase8_role_aware_pmf_cal_v1+monotone_inactive_global_v1,pre_close,2026-05-22T11:36:28Z,24dddfd7#phase10c,ace5975d-e7d0-44db-a2bc-3f64f51aa9c3,ok,0.0,high,full,current_phase8,unknown,projected,missing,124,0.0
OG Anunoby,18,NYK,CLE,True,21713897,pra,starter,"stat_grid:component_convolution_mean_coherent_v1+components[pts:pmf_sim_v1+role_aware_pmf_cal_v1:starter+monotone_pit_cdf_v1,reb:pmf_sim_v1+role_aware_pmf_cal_v1:starter+monotone_pit_cdf_v1,ast:pmf_sim_v1+role_aware_pmf_cal_v1:starter+monotone_pit_cdf_v1]+prior_combo[joint_sampler_v1+joint_combo_pmf_v1+role_aware_pmf_cal_v1:starter+monotone_pit_cdf_v1]+stat_grid_final_component_convolution_mean_coherent_v1",phase8_role_aware_pmf_cal_v1+monotone_inactive_global_v1,pre_close,2026-05-22T11:36:28Z,24dddfd7#phase10c,ace5975d-e7d0-44db-a2bc-3f64f51aa9c3,ok,0.0,high,full,current_phase8,unknown,projected,missing,125,0.0
OG Anunoby,18,NYK,CLE,True,21713897,pra,starter,"stat_grid:component_convolution_mean_coherent_v1+components[pts:pmf_sim_v1+role_aware_pmf_cal_v1:starter+monotone_pit_cdf_v1,reb:pmf_sim_v1+role_aware_pmf_cal_v1:starter+monotone_pit_cdf_v1,ast:pmf_sim_v1+role_aware_pmf_cal_v1:starter+monotone_pit_cdf_v1]+prior_combo[joint_sampler_v1+joint_combo_pmf_v1+role_aware_pmf_cal_v1:starter+monotone_pit_cdf_v1]+stat_grid_final_component_convolution_mean_coherent_v1",phase8_role_aware_pmf_cal_v1+monotone_inactive_global_v1,pre_close,2026-05-22T11:36:28Z,24dddfd7#phase10c,ace5975d-e7d0-44db-a2bc-3f64f51aa9c3,ok,0.0,high,full,current_phase8,unknown,projected,missing,126,0.0
OG Anunoby,18,NYK,CLE,True,21713897,pra,starter,"stat_grid:component_convolution_mean_coherent_v1+components[pts:pmf_sim_v1+role_aware_pmf_cal_v1:starter+monotone_pit_cdf_v1,reb:pmf_sim_v1+role_aware_pmf_cal_v1:starter+monotone_pit_cdf_v1,ast:pmf_sim_v1+role_aware_pmf_cal_v1:starter+monotone_pit_cdf_v1]+prior_combo[joint_sampler_v1+joint_combo_pmf_v1+role_aware_pmf_cal_v1:starter+monotone_pit_cdf_v1]+stat_grid_final_component_convolution_mean_coherent_v1",phase8_role_aware_pmf_cal_v1+monotone_inactive_global_v1,pre_close,2026-05-22T11:36:28Z,24dddfd7#phase10c,ace5975d-e7d0-44db-a2bc-3f64f51aa9c3,ok,0.0,high,full,current_phase8,unknown,projected,missing,127,0.0
OG Anunoby,18,NYK,CLE,True,21713897,pra,starter,"stat_grid:component_convolution_mean_coherent_v1+components[pts:pmf_sim_v1+role_aware_pmf_cal_v1:starter+monotone_pit_cdf_v1,reb:pmf_sim_v1+role_aware_pmf_cal_v1:starter+monotone_pit_cdf_v1,ast:pmf_sim_v1+role_aware_pmf_cal_v1:starter+monotone_pit_cdf_v1]+prior_combo[joint_sampler_v1+joint_combo_pmf_v1+role_aware_pmf_cal_v1:starter+monotone_pit_cdf_v1]+stat_grid_final_component_convolution_mean_coherent_v1",phase8_role_aware_pmf_cal_v1+monotone_inactive_global_v1,pre_close,2026-05-22T11:36:28Z,24dddfd7#phase10c,ace5975d-e7d0-44db-a2bc-3f64f51aa9c3,ok,0.0,high,full,current_phase8,unknown,projected,missing,128,0.0
OG Anunoby,18,NYK,CLE,True,21713897,pra,starter,"stat_grid:component_convolution_mean_coherent_v1+components[pts:pmf_sim_v1+role_aware_pmf_cal_v1:starter+monotone_pit_cdf_v1,reb:pmf_sim_v1+role_aware_pmf_cal_v1:starter+monotone_pit_cdf_v1,ast:pmf_sim_v1+role_aware_pmf_cal_v1:starter+monotone_pit_cdf_v1]+prior_combo[joint_sampler_v1+joint_combo_pmf_v1+role_aware_pmf_cal_v1:starter+monotone_pit_cdf_v1]+stat_grid_final_component_convolution_mean_coherent_v1",phase8_role_aware_pmf_cal_v1+monotone_inactive_global_v1,pre_close,2026-05-22T11:36:28Z,24dddfd7#phase10c,ace5975d-e7d0-44db-a2bc-3f64f51aa9c3,ok,0.0,high,full,current_phase8,unknown,projected,missing,129,0.0
OG Anunoby,18,NYK,CLE,True,21713897,pra,starter,"stat_grid:component_convolution_mean_coherent_v1+components[pts:pmf_sim_v1+role_aware_pmf_cal_v1:starter+monotone_pit_cdf_v1,reb:pmf_sim_v1+role_aware_pmf_cal_v1:starter+monotone_pit_cdf_v1,ast:pmf_sim_v1+role_aware_pmf_cal_v1:starter+monotone_pit_cdf_v1]+prior_combo[joint_sampler_v1+joint_combo_pmf_v1+role_aware_pmf_cal_v1:starter+monotone_pit_cdf_v1]+stat_grid_final_component_convolution_mean_coherent_v1",phase8_role_aware_pmf_cal_v1+monotone_inactive_global_v1,pre_close,2026-05-22T11:36:28Z,24dddfd7#phase10c,ace5975d-e7d0-44db-a2bc-3f64f51aa9c3,ok,0.0,high,full,current_phase8,unknown,projected,missing,130,0.0
Mikal Bridges,61,NYK,CLE,True,21713897,pts,starter,stat_grid:pmf_sim_v1+role_aware_pmf_cal_v1:starter+monotone_pit_cdf_v1,phase8_role_aware_pmf_cal_v1+monotone_inactive_global_v1,pre_close,2026-05-22T11:36:28Z,24dddfd7#phase10c,ace5975d-e7d0-44db-a2bc-3f64f51aa9c3,ok,0.0,high,full,current_phase8,unknown,projected,missing,0,0.0025
Mikal Bridges,61,NYK,CLE,True,21713897,pts,starter,stat_grid:pmf_sim_v1+role_aware_pmf_cal_v1:starter+monotone_pit_cdf_v1,phase8_role_aware_pmf_cal_v1+monotone_inactive_global_v1,pre_close,2026-05-22T11:36:28Z,24dddfd7#phase10c,ace5975d-e7d0-44db-a2bc-3f64f51aa9c3,ok,0.0,high,full,current_phase8,unknown,projected,missing,1,0.0023
Mikal Bridges,61,NYK,CLE,True,21713897,pts,starter,stat_grid:pmf_sim_v1+role_aware_pmf_cal_v1:starter+monotone_pit_cdf_v1,phase8_role_aware_pmf_cal_v1+monotone_inactive_global_v1,pre_close,2026-05-22T11:36:28Z,24dddfd7#phase10c,ace5975d-e7d0-44db-a2bc-3f64f51aa9c3,ok,0.0,high,full,current_phase8,unknown,projected,missing,2,0.0054
Mikal Bridges,61,NYK,CLE,True,21713897,pts,starter,stat_grid:pmf_sim_v1+role_aware_pmf_cal_v1:starter+monotone_pit_cdf_v1,phase8_role_aware_pmf_cal_v1+monotone_inactive_global_v1,pre_close,2026-05-22T11:36:28Z,24dddfd7#phase10c,ace5975d-e7d0-44db-a2bc-3f64f51aa9c3,ok,0.0,high,full,current_phase8,unknown,projected,missing,3,0.0116
Mikal Bridges,61,NYK,CLE,True,21713897,pts,starter,stat_grid:pmf_sim_v1+role_aware_pmf_cal_v1:starter+monotone_pit_cdf_v1,phase8_role_aware_pmf_cal_v1+monotone_inactive_global_v1,pre_close,2026-05-22T11:36:28Z,24dddfd7#phase10c,ace5975d-e7d0-44db-a2bc-3f64f51aa9c3,ok,0.0,high,full,current_phase8,unknown,projected,missing,4,0.019
Mikal Bridges,61,NYK,CLE,True,21713897,pts,starter,stat_grid:pmf_sim_v1+role_aware_pmf_cal_v1:starter+monotone_pit_cdf_v1,phase8_role_aware_pmf_cal_v1+monotone_inactive_global_v1,pre_close,2026-05-22T11:36:28Z,24dddfd7#phase10c,ace5975d-e7d0-44db-a2bc-3f64f51aa9c3,ok,0.0,high,full,current_phase8,unknown,projected,missing,5,0.0265
Mikal Bridges,61,NYK,CLE,True,21713897,pts,starter,stat_grid:pmf_sim_v1+role_aware_pmf_cal_v1:starter+monotone_pit_cdf_v1,phase8_role_aware_pmf_cal_v1+monotone_inactive_global_v1,pre_close,2026-05-22T11:36:28Z,24dddfd7#phase10c,ace5975d-e7d0-44db-a2bc-3f64f51aa9c3,ok,0.0,high,full,current_phase8,unknown,projected,missing,6,0.0381
Mikal Bridges,61,NYK,CLE,True,21713897,pts,starter,stat_grid:pmf_sim_v1+role_aware_pmf_cal_v1:starter+monotone_pit_cdf_v1,phase8_role_aware_pmf_cal_v1+monotone_inactive_global_v1,pre_close,2026-05-22T11:36:28Z,24dddfd7#phase10c,ace5975d-e7d0-44db-a2bc-3f64f51aa9c3,ok,0.0,high,full,current_phase8,unknown,projected,missing,7,0.0431
Mikal Bridges,61,NYK,CLE,True,21713897,pts,starter,stat_grid:pmf_sim_v1+role_aware_pmf_cal_v1:starter+monotone_pit_cdf_v1,phase8_role_aware_pmf_cal_v1+monotone_inactive_global_v1,pre_close,2026-05-22T11:36:28Z,24dddfd7#phase10c,ace5975d-e7d0-44db-a2bc-3f64f51aa9c3,ok,0.0,high,full,current_phase8,unknown,projected,missing,8,0.0459
Mikal Bridges,61,NYK,CLE,True,21713897,pts,starter,stat_grid:pmf_sim_v1+role_aware_pmf_cal_v1:starter+monotone_pit_cdf_v1,phase8_role_aware_pmf_cal_v1+monotone_inactive_global_v1,pre_close,2026-05-22T11:36:28Z,24dddfd7#phase10c,ace5975d-e7d0-44db-a2bc-3f64f51aa9c3,ok,0.0,high,full,current_phase8,unknown,projected,missing,9,0.0603
Mikal Bridges,61,NYK,CLE,True,21713897,pts,starter,stat_grid:pmf_sim_v1+role_aware_pmf_cal_v1:starter+monotone_pit_cdf_v1,phase8_role_aware_pmf_cal_v1+monotone_inactive_global_v1,pre_close,2026-05-22T11:36:28Z,24dddfd7#phase10c,ace5975d-e7d0-44db-a2bc-3f64f51aa9c3,ok,0.0,high,full,current_phase8,unknown,projected,missing,10,0.0701
Mikal Bridges,61,NYK,CLE,True,21713897,pts,starter,stat_grid:pmf_sim_v1+role_aware_pmf_cal_v1:starter+monotone_pit_cdf_v1,phase8_role_aware_pmf_cal_v1+monotone_inactive_global_v1,pre_close,2026-05-22T11:36:28Z,24dddfd7#phase10c,ace5975d-e7d0-44db-a2bc-3f64f51aa9c3,ok,0.0,high,full,current_phase8,unknown,projected,missing,11,0.0625
Mikal Bridges,61,NYK,CLE,True,21713897,pts,starter,stat_grid:pmf_sim_v1+role_aware_pmf_cal_v1:starter+monotone_pit_cdf_v1,phase8_role_aware_pmf_cal_v1+monotone_inactive_global_v1,pre_close,2026-05-22T11:36:28Z,24dddfd7#phase10c,ace5975d-e7d0-44db-a2bc-3f64f51aa9c3,ok,0.0,high,full,current_phase8,unknown,projected,missing,12,0.0603
Mikal Bridges,61,NYK,CLE,True,21713897,pts,starter,stat_grid:pmf_sim_v1+role_aware_pmf_cal_v1:starter+monotone_pit_cdf_v1,phase8_role_aware_pmf_cal_v1+monotone_inactive_global_v1,pre_close,2026-05-22T11:36:28Z,24dddfd7#phase10c,ace5975d-e7d0-44db-a2bc-3f64f51aa9c3,ok,0.0,high,full,current_phase8,unknown,projected,missing,13,0.0764
Mikal Bridges,61,NYK,CLE,True,21713897,pts,starter,stat_grid:pmf_sim_v1+role_aware_pmf_cal_v1:starter+monotone_pit_cdf_v1,phase8_role_aware_pmf_cal_v1+monotone_inactive_global_v1,pre_close,2026-05-22T11:36:28Z,24dddfd7#phase10c,ace5975d-e7d0-44db-a2bc-3f64f51aa9c3,ok,0.0,high,full,current_phase8,unknown,projected,missing,14,0.083
Mikal Bridges,61,NYK,CLE,True,21713897,pts,starter,stat_grid:pmf_sim_v1+role_aware_pmf_cal_v1:starter+monotone_pit_cdf_v1,phase8_role_aware_pmf_cal_v1+monotone_inactive_global_v1,pre_close,2026-05-22T11:36:28Z,24dddfd7#phase10c,ace5975d-e7d0-44db-a2bc-3f64f51aa9c3,ok,0.0,high,full,current_phase8,unknown,projected,missing,15,0.0676
Mikal Bridges,61,NYK,CLE,True,21713897,pts,starter,stat_grid:pmf_sim_v1+role_aware_pmf_cal_v1:starter+monotone_pit_cdf_v1,phase8_role_aware_pmf_cal_v1+monotone_inactive_global_v1,pre_close,2026-05-22T11:36:28Z,24dddfd7#phase10c,ace5975d-e7d0-44db-a2bc-3f64f51aa9c3,ok,0.0,high,full,current_phase8,unknown,projected,missing,16,0.047
